object,trial,arm,grasp_id,confidence,patch_radius,patch_epi_mean,patch_epi_p95,patch_n,sens_lo_radius,patch_epi_mean_sens_lo,sens_hi_radius,patch_epi_mean_sens_hi,duarte_sigma_sum,duarte_box_n,geometry_gate_pass,uq_rejected,chosen,executed,lift_success
021_bleach_cleanser,s1_gate_off_021_bleach_cleanser_t0,complete_only,86,0.889318,0.043811,3.884455e-05,1.497315e-04,2290,0.029208,7.606586e-05,0.058415,2.738658e-05,1.006632e+00,314,1,0,1,1,1
021_bleach_cleanser,s1_gate_off_021_bleach_cleanser_t1,complete_only,91,0.946752,0.053604,9.262689e-05,2.524050e-04,3480,0.035736,8.751271e-05,0.071472,1.088463e-04,4.761727e+00,579,1,0,1,1,0
021_bleach_cleanser,s1_gate_off_021_bleach_cleanser_t2,complete_only,30,0.944438,0.040037,2.020514e-05,7.654429e-05,2002,0.026691,1.823549e-05,0.053382,1.538872e-05,2.681215e-01,136,1,0,1,1,1
021_bleach_cleanser,s1_gate_off_021_bleach_cleanser_t3,complete_only,13,0.949777,0.042780,1.393992e-05,4.728525e-05,3026,0.028520,1.119970e-05,0.057040,1.345240e-05,5.799718e-01,292,1,0,1,1,1
021_bleach_cleanser,s1_gate_off_021_bleach_cleanser_t4,complete_only,371,0.925654,0.043695,1.561856e-05,7.191288e-05,3241,0.029130,2.795235e-05,0.058260,2.438897e-05,6.031659e-01,255,1,0,1,1,1
021_bleach_cleanser,s1_gate_off_021_bleach_cleanser_t5,complete_only,10,0.938055,0.038333,6.460020e-05,5.760756e-04,1247,0.025555,8.832235e-05,0.051110,6.148510e-05,6.230788e-01,72,1,0,1,1,1
021_bleach_cleanser,s1_gate_off_021_bleach_cleanser_t6,complete_only,7,0.952202,0.043124,8.555616e-05,2.780055e-04,2363,0.028749,1.527256e-04,0.057499,5.407915e-05,1.083824e+00,177,1,0,1,1,1
021_bleach_cleanser,s1_gate_off_021_bleach_cleanser_t7,complete_only,102,0.944629,0.042725,2.205899e-05,9.395085e-05,2111,0.028483,5.010923e-05,0.056966,2.195747e-05,6.244471e-01,166,1,0,1,1,1
021_bleach_cleanser,s1_gate_off_021_bleach_cleanser_t8,complete_only,84,0.922751,0.039017,4.943261e-06,1.927499e-05,1298,0.026011,3.815644e-06,0.052023,6.459671e-06,4.455204e-02,103,1,0,1,1,0
021_bleach_cleanser,s1_gate_off_021_bleach_cleanser_t9,complete_only,87,0.918542,0.042102,2.887878e-05,2.189447e-04,1955,0.028068,5.589176e-05,0.056136,2.896987e-05,2.851812e-01,111,1,0,1,1,1
021_bleach_cleanser,s1_gate_off_021_bleach_cleanser_t10,complete_only,38,0.957286,0.035803,2.309755e-05,8.215063e-05,2461,0.023869,3.553707e-05,0.047738,2.033783e-05,6.356312e-01,268,1,0,1,1,0
021_bleach_cleanser,s1_gate_off_021_bleach_cleanser_t11,complete_only,189,0.937490,0.031386,3.432926e-05,2.069135e-04,1787,0.020924,7.848554e-05,0.041848,3.381888e-05,7.670591e-01,232,1,0,1,1,0
021_bleach_cleanser,s1_gate_off_021_bleach_cleanser_t12,complete_only,34,0.903453,0.040658,3.906680e-05,2.216296e-04,943,0.027106,6.985877e-05,0.054211,2.868718e-05,8.059956e-03,75,1,0,1,1,1
021_bleach_cleanser,s1_gate_off_021_bleach_cleanser_t13,complete_only,381,0.878289,0.041969,5.487726e-05,2.462138e-04,1547,0.027979,1.158487e-04,0.055959,4.937239e-05,9.310662e-02,31,1,0,1,1,1
021_bleach_cleanser,s1_gate_off_021_bleach_cleanser_t14,complete_only,8,0.916507,0.043606,2.465792e-05,1.163439e-04,2108,0.029071,4.385109e-05,0.058142,2.166153e-05,2.828456e-02,43,1,0,1,1,1
021_bleach_cleanser,s1_gate_off_021_bleach_cleanser_t15,complete_only,2,0.948683,0.044289,1.717199e-05,6.252429e-05,2997,0.029526,2.448907e-05,0.059051,1.554146e-05,8.113294e-01,254,1,0,1,1,0
005_tomato_soup_can,s0_gate_off_005_tomato_soup_can_t0,complete_only,35,0.860965,0.019010,1.189746e-06,2.592742e-06,468,0.012673,1.243036e-06,0.025346,8.820150e-07,2.766236e-01,687,1,0,1,1,1
005_tomato_soup_can,s0_gate_off_005_tomato_soup_can_t1,complete_only,30,0.874738,0.019014,8.249175e-07,1.561744e-06,668,0.012676,8.247105e-07,0.025352,8.246519e-07,4.588411e-01,870,1,0,1,1,1
005_tomato_soup_can,s0_gate_off_005_tomato_soup_can_t2,complete_only,72,0.867318,0.019120,1.010875e-06,1.812192e-06,568,0.012746,8.589172e-07,0.025493,9.004382e-07,3.491934e-01,763,1,0,1,1,1
005_tomato_soup_can,s0_gate_off_005_tomato_soup_can_t3,complete_only,35,0.880981,0.019048,6.145120e-07,1.560042e-06,568,0.012699,7.695110e-07,0.025397,5.862846e-07,3.150519e-01,713,1,0,1,1,1
005_tomato_soup_can,s0_gate_off_005_tomato_soup_can_t4,complete_only,708,0.542761,0.007114,3.443964e-08,4.506102e-08,2448,0.004743,2.582615e-08,0.009485,1.652411e-07,9.600917e-01,4929,1,0,1,1,0
005_tomato_soup_can,s0_gate_off_005_tomato_soup_can_t5,complete_only,28,0.878056,0.019062,7.861822e-07,1.473016e-06,619,0.012708,7.566810e-07,0.025417,8.050030e-07,4.700074e-01,904,1,0,1,1,0
005_tomato_soup_can,s0_gate_off_005_tomato_soup_can_t6,complete_only,90,0.866190,0.019131,6.953124e-07,1.760143e-06,615,0.012754,6.355790e-07,0.025507,7.035210e-07,3.388209e-01,746,1,0,1,1,1
005_tomato_soup_can,s0_gate_off_005_tomato_soup_can_t8,complete_only,5,0.890637,0.018803,7.699751e-07,1.597934e-06,634,0.012536,7.345425e-07,0.025071,8.056244e-07,4.244960e-01,852,1,0,1,1,1
005_tomato_soup_can,s0_gate_off_005_tomato_soup_can_t9,complete_only,6,0.884666,0.019262,8.109373e-07,1.457316e-06,691,0.012842,7.997527e-07,0.025683,7.952363e-07,4.500859e-01,826,1,0,1,1,1
005_tomato_soup_can,s0_gate_off_005_tomato_soup_can_t10,complete_only,38,0.875480,0.019034,8.037473e-07,1.450029e-06,650,0.012689,8.163194e-07,0.025379,7.995576e-07,4.403113e-01,827,1,0,1,1,1
005_tomato_soup_can,s0_gate_off_005_tomato_soup_can_t11,complete_only,24,0.884111,0.019055,5.345148e-07,1.803728e-06,509,0.012704,6.687102e-07,0.025407,5.258872e-07,3.260571e-01,747,1,0,1,1,1
005_tomato_soup_can,s0_gate_off_005_tomato_soup_can_t12,complete_only,49,0.875653,0.018960,7.606252e-07,2.590347e-06,440,0.012640,7.802898e-07,0.025280,7.686024e-07,2.907198e-01,671,1,0,1,1,1
005_tomato_soup_can,s0_gate_off_005_tomato_soup_can_t13,complete_only,0,0.897699,0.019545,3.675507e-06,5.367476e-06,594,0.013030,3.483288e-06,0.026060,2.608690e-06,6.643044e-01,998,1,0,1,1,1
005_tomato_soup_can,s0_gate_off_005_tomato_soup_can_t15,complete_only,43,0.874258,0.018980,8.006258e-07,1.455465e-06,711,0.012653,7.495905e-07,0.025307,8.045324e-07,4.667270e-01,908,1,0,1,1,1
005_tomato_soup_can,s0_gate_off_005_tomato_soup_can_t16,complete_only,24,0.874813,0.018852,6.510134e-07,1.357173e-06,594,0.012568,5.771629e-07,0.025136,6.677478e-07,3.163085e-01,770,1,0,1,1,1
005_tomato_soup_can,s0_gate_off_005_tomato_soup_can_t17,complete_only,41,0.876424,0.018892,6.111187e-07,1.844436e-06,464,0.012594,4.162277e-07,0.025189,6.936572e-07,2.350893e-01,644,1,0,1,1,1
005_tomato_soup_can,s0_gate_off_005_tomato_soup_can_t18,complete_only,24,0.878341,0.018668,1.216178e-06,1.944788e-06,622,0.012445,1.514322e-06,0.024891,1.013739e-06,3.727703e-01,811,1,0,1,1,0
005_tomato_soup_can,s0_gate_off_005_tomato_soup_can_t19,complete_only,26,0.874767,0.019061,6.599348e-07,1.280069e-06,691,0.012707,6.630581e-07,0.025415,7.045914e-07,3.283150e-01,772,1,0,1,1,1
005_tomato_soup_can,s0_gate_off_005_tomato_soup_can_t21,complete_only,26,0.878605,0.019034,7.768482e-07,1.409099e-06,667,0.012690,7.840850e-07,0.025379,7.958504e-07,4.264723e-01,853,1,0,1,1,1
005_tomato_soup_can,s0_gate_off_005_tomato_soup_can_t22,complete_only,29,0.876103,0.019230,7.291992e-07,1.523939e-06,553,0.012820,7.004522e-07,0.025641,7.502281e-07,3.297827e-01,753,1,0,1,1,1
005_tomato_soup_can,s0_gate_off_005_tomato_soup_can_t23,complete_only,55,0.868340,0.019058,8.237876e-07,1.504599e-06,685,0.012705,8.018109e-07,0.025410,8.139329e-07,4.517986e-01,875,1,0,1,1,1
005_tomato_soup_can,s0_gate_off_005_tomato_soup_can_t24,complete_only,42,0.874156,0.018912,1.054876e-06,1.939539e-06,564,0.012608,9.875171e-07,0.025216,8.721545e-07,3.605463e-01,784,1,0,1,1,1
035_power_drill,s0_gate_off_035_power_drill_t0,complete_only,323,0.882105,0.041577,1.321492e-04,3.610865e-04,816,0.027718,7.422512e-05,0.055436,2.073977e-04,8.244507e-01,233,1,0,1,1,1
035_power_drill,s0_gate_off_035_power_drill_t1,complete_only,559,0.774094,0.038841,3.919548e-06,1.623070e-05,1146,0.025894,3.424253e-06,0.051788,6.841628e-06,0.000000e+00,182,1,0,1,1,0
035_power_drill,s0_gate_off_035_power_drill_t2,complete_only,118,0.902735,0.043599,1.237709e-04,8.016074e-04,864,0.029066,7.618539e-05,0.058132,1.529586e-04,0.000000e+00,131,1,0,1,1,1
035_power_drill,s0_gate_off_035_power_drill_t3,complete_only,225,0.871810,0.040503,1.647420e-06,8.313088e-06,693,0.027002,2.082837e-06,0.054004,7.113260e-06,0.000000e+00,148,1,0,1,1,1
035_power_drill,s0_gate_off_035_power_drill_t4,complete_only,1840,0.279168,0.064850,3.868095e-05,9.765569e-05,8083,0.043233,2.144240e-05,0.086467,5.774183e-05,1.658822e+00,1072,1,0,1,1,0
035_power_drill,s0_gate_off_035_power_drill_t5,complete_only,7,0.967573,0.018796,1.130058e-03,2.747376e-03,723,0.012531,1.731217e-03,0.025062,4.946733e-04,5.115503e+00,1072,1,0,1,1,0
035_power_drill,s0_gate_off_035_power_drill_t6,complete_only,260,0.863793,0.039421,1.429535e-07,0.000000e+00,558,0.026281,0.000000e+00,0.052562,1.810233e-06,0.000000e+00,160,1,0,1,1,1
035_power_drill,s0_gate_off_035_power_drill_t7,complete_only,189,0.906609,0.035834,6.982346e-04,3.266072e-03,926,0.023890,1.206292e-03,0.047779,6.482146e-04,3.201411e+00,215,1,0,1,1,0
035_power_drill,s0_gate_off_035_power_drill_t8,complete_only,8,0.902028,0.048658,7.948323e-04,3.629523e-03,921,0.032438,1.195339e-03,0.064877,5.090852e-04,4.541664e-01,151,1,0,1,1,1
035_power_drill,s0_gate_off_035_power_drill_t9,complete_only,1468,0.556592,0.059058,2.350278e-05,3.599408e-05,7888,0.039372,6.651793e-06,0.078744,3.753535e-05,6.425504e-01,646,1,0,1,1,1
035_power_drill,s0_gate_off_035_power_drill_t10,complete_only,41,0.891845,0.052622,8.571665e-06,3.014873e-05,4728,0.035081,3.766310e-06,0.070162,1.500476e-05,6.062392e-01,413,1,0,1,1,0
035_power_drill,s0_gate_off_035_power_drill_t11,complete_only,815,0.739214,0.042374,3.158032e-04,2.472816e-03,767,0.028250,2.022255e-04,0.056499,4.109497e-04,9.081978e-01,201,1,0,1,1,0
035_power_drill,s0_gate_off_035_power_drill_t12,complete_only,129,0.925438,0.043090,9.295735e-04,3.784819e-03,663,0.028727,1.977865e-03,0.057453,5.061261e-04,5.102237e-01,185,1,0,1,1,1
035_power_drill,s0_gate_off_035_power_drill_t13,complete_only,315,0.894855,0.026880,2.534430e-04,5.745337e-04,1482,0.017920,2.862516e-04,0.035840,2.046120e-04,2.253155e+00,1232,1,0,1,1,0
035_power_drill,s0_gate_off_035_power_drill_t14,complete_only,2,0.919782,0.037032,1.363434e-06,3.698550e-06,757,0.024688,1.018070e-06,0.049376,1.389661e-06,0.000000e+00,133,1,0,1,1,1
035_power_drill,s0_gate_off_035_power_drill_t15,complete_only,283,0.888294,0.042702,4.969373e-06,0.000000e+00,716,0.028468,0.000000e+00,0.056935,1.052597e-05,0.000000e+00,120,1,0,1,1,1
035_power_drill,s0_gate_off_035_power_drill_t16,complete_only,1116,0.674279,0.059799,1.488343e-05,2.271306e-05,5970,0.039866,2.973576e-06,0.079733,5.003759e-05,8.688144e-01,847,1,0,1,1,0
035_power_drill,s0_gate_off_035_power_drill_t17,complete_only,363,0.860559,0.045010,1.446351e-05,6.122273e-05,3700,0.030007,1.325063e-05,0.060013,1.961612e-05,1.104031e+00,543,1,0,1,1,1
035_power_drill,s0_gate_off_035_power_drill_t18,complete_only,595,0.828059,0.040974,1.230013e-06,4.970208e-06,971,0.027316,0.000000e+00,0.054632,1.381774e-06,0.000000e+00,109,1,0,1,1,0
035_power_drill,s0_gate_off_035_power_drill_t19,complete_only,841,0.785109,0.052946,3.524147e-05,7.067927e-05,2256,0.035298,1.738016e-05,0.070595,4.562927e-05,0.000000e+00,253,1,0,1,1,0
035_power_drill,s0_gate_off_035_power_drill_t20,complete_only,158,0.884638,0.039449,9.205234e-06,4.417280e-05,1095,0.026299,7.546066e-06,0.052599,1.671111e-05,4.814084e-02,158,1,0,1,1,1
035_power_drill,s0_gate_off_035_power_drill_t22,complete_only,222,0.829906,0.047539,5.558321e-05,3.971777e-04,1427,0.031692,1.015448e-04,0.063385,5.750998e-05,8.821408e-02,177,1,0,1,1,0
035_power_drill,s0_gate_off_035_power_drill_t23,complete_only,80,0.906930,0.036552,4.274637e-04,1.635430e-03,793,0.024368,1.100034e-03,0.048735,1.567462e-04,1.043687e+00,69,1,0,1,1,0
035_power_drill,s0_gate_off_035_power_drill_t24,complete_only,648,0.817289,0.044823,1.982303e-05,5.078312e-05,2720,0.029882,1.950312e-05,0.059764,2.662349e-05,1.240916e+00,746,1,0,1,1,1
021_bleach_cleanser,s0_gate_020_021_bleach_cleanser_t0,complete_epi,226,0.878076,0.039125,2.019826e-04,7.022229e-04,447,0.026083,1.723323e-04,0.052167,1.662022e-04,4.020181e-02,64,1,0,1,1,0
021_bleach_cleanser,s0_gate_020_021_bleach_cleanser_t1,complete_epi,37,0.932217,0.040072,3.407556e-05,2.257032e-04,805,0.026715,3.131270e-05,0.053430,3.331725e-05,0.000000e+00,104,1,0,1,1,1
021_bleach_cleanser,s0_gate_020_021_bleach_cleanser_t2,complete_epi,0,0.941414,0.020489,1.117151e-06,4.189195e-06,659,0.013659,2.572615e-07,0.027318,2.446617e-06,0.000000e+00,90,0,0,1,1,
021_bleach_cleanser,s0_gate_020_021_bleach_cleanser_t3,complete_epi,6,0.946882,0.040229,1.617633e-04,6.961642e-04,1271,0.026820,1.558188e-04,0.053639,9.359927e-05,9.714833e-02,93,1,0,1,1,1
021_bleach_cleanser,s0_gate_020_021_bleach_cleanser_t4,complete_epi,16,0.921985,0.038913,3.509027e-05,1.664334e-04,947,0.025942,2.379434e-05,0.051884,2.007727e-05,1.653482e-02,118,1,0,1,1,1
021_bleach_cleanser,s0_gate_020_021_bleach_cleanser_t5,complete_epi,28,0.907367,0.040350,1.999523e-05,5.540533e-05,1520,0.026900,1.885740e-05,0.053800,1.541982e-05,1.877761e-01,173,1,0,1,1,1
021_bleach_cleanser,s0_gate_020_021_bleach_cleanser_t6,complete_epi,1155,0.420414,0.052848,2.173983e-05,6.653850e-05,1632,0.035232,2.884906e-05,0.070464,1.735781e-05,4.104903e-01,82,1,0,1,1,0
021_bleach_cleanser,s0_gate_020_021_bleach_cleanser_t7,complete_epi,112,0.929089,0.039576,1.430662e-06,3.824544e-06,1607,0.026384,1.460331e-06,0.052768,1.503913e-06,0.000000e+00,223,1,0,1,1,0
021_bleach_cleanser,s0_gate_020_021_bleach_cleanser_t8,complete_epi,60,0.945012,0.015977,4.593088e-06,1.075132e-05,978,0.010651,3.452319e-06,0.021302,6.837487e-06,3.148994e-01,597,1,0,1,1,0
021_bleach_cleanser,s0_gate_020_021_bleach_cleanser_t9,complete_epi,446,0.681853,0.048457,3.409806e-05,1.010522e-04,2476,0.032304,5.363397e-05,0.064609,2.047308e-05,1.168034e+00,360,1,0,1,1,0
021_bleach_cleanser,s0_gate_020_021_bleach_cleanser_t10,complete_epi,5,0.931744,0.039376,1.166639e-04,5.246665e-04,929,0.026251,9.436968e-05,0.052501,1.005673e-04,5.716646e-01,213,1,0,1,1,1
021_bleach_cleanser,s0_gate_020_021_bleach_cleanser_t11,complete_epi,17,0.946177,0.039141,1.195547e-04,5.266828e-04,902,0.026094,1.336400e-04,0.052188,8.638169e-05,4.097843e-01,169,1,0,1,1,1
021_bleach_cleanser,s0_gate_020_021_bleach_cleanser_t12,complete_epi,144,0.923369,0.040896,4.290335e-05,1.873998e-04,1464,0.027264,5.153703e-05,0.054528,2.399230e-05,1.758196e-01,142,1,0,1,1,1
021_bleach_cleanser,s0_gate_020_021_bleach_cleanser_t14,complete_epi,44,0.925232,0.028202,1.167373e-05,3.017674e-05,1488,0.018801,1.321833e-05,0.037602,1.073597e-05,6.826263e-01,262,1,0,1,1,0
021_bleach_cleanser,s0_gate_020_021_bleach_cleanser_t15,complete_epi,354,0.885029,0.039189,1.529171e-05,6.696256e-05,954,0.026126,2.654446e-05,0.052251,1.542624e-05,6.355857e-03,103,1,0,1,1,1
021_bleach_cleanser,s0_gate_020_021_bleach_cleanser_t16,complete_epi,86,0.926955,0.039492,3.534563e-05,2.152321e-04,1072,0.026328,4.683746e-05,0.052655,2.826070e-05,0.000000e+00,88,1,0,1,1,1
021_bleach_cleanser,s0_gate_020_021_bleach_cleanser_t17,complete_epi,85,0.889947,0.039781,4.120105e-05,9.013600e-05,980,0.026521,8.229178e-05,0.053042,2.455201e-05,1.468168e-01,169,1,0,1,1,0
021_bleach_cleanser,s0_gate_020_021_bleach_cleanser_t18,complete_epi,38,0.929711,0.038708,5.387089e-05,3.741313e-04,654,0.025805,6.200303e-05,0.051610,3.285641e-05,5.777800e-02,122,1,0,1,1,1
021_bleach_cleanser,s0_gate_020_021_bleach_cleanser_t19,complete_epi,5,0.945907,0.039981,6.353244e-05,3.905276e-04,1052,0.026654,5.080144e-05,0.053308,4.987764e-05,0.000000e+00,65,1,0,1,1,0
021_bleach_cleanser,s0_gate_020_021_bleach_cleanser_t20,complete_epi,137,0.904385,0.039518,8.781605e-05,4.962135e-04,1027,0.026346,5.372578e-05,0.052691,5.560081e-05,0.000000e+00,108,1,0,1,1,1
021_bleach_cleanser,s0_gate_020_021_bleach_cleanser_t21,complete_epi,67,0.903594,0.038349,2.478972e-06,5.246937e-06,1557,0.025566,2.569439e-06,0.051132,2.208855e-06,3.190418e-02,186,1,0,1,1,1
021_bleach_cleanser,s0_gate_020_021_bleach_cleanser_t22,complete_epi,1210,0.584826,0.003635,7.218526e-08,6.776700e-08,268,0.002424,4.042548e-09,0.004847,2.482235e-07,4.153500e+00,8172,1,0,1,1,0
021_bleach_cleanser,s0_gate_020_021_bleach_cleanser_t23,complete_epi,275,0.870559,0.039347,1.911666e-05,7.646201e-05,1016,0.026232,2.330570e-05,0.052463,1.716299e-05,2.353840e-02,108,1,0,1,1,0
021_bleach_cleanser,s0_gate_020_021_bleach_cleanser_t24,complete_epi,2,0.928815,0.012974,8.369205e-07,2.756348e-06,399,0.008649,7.737824e-07,0.017299,1.057390e-06,2.825759e-02,496,1,0,1,1,0
061_foam_brick,s0_gate_020_061_foam_brick_t0,complete_epi,658,0.882117,0.016189,3.993816e-05,3.138585e-04,669,0.010793,4.047437e-05,0.021586,3.502972e-05,1.416169e+00,1127,1,0,1,1,1
061_foam_brick,s0_gate_020_061_foam_brick_t1,complete_epi,5,0.967211,0.016524,1.717299e-06,1.298093e-05,571,0.011016,6.836018e-06,0.022033,3.194372e-06,1.272127e+00,1243,1,0,1,1,0
061_foam_brick,s0_gate_020_061_foam_brick_t2,complete_epi,991,0.824367,0.016758,9.391065e-06,3.810934e-05,453,0.011172,5.184063e-06,0.022343,1.355798e-05,1.656974e+00,1336,1,0,1,1,1
061_foam_brick,s0_gate_020_061_foam_brick_t3,complete_epi,1358,0.545329,0.016993,8.668027e-06,5.501678e-05,1419,0.011329,7.224876e-06,0.022658,1.040814e-05,1.346043e+00,1316,1,0,1,1,1
061_foam_brick,s0_gate_020_061_foam_brick_t4,complete_epi,152,0.962748,0.017027,1.012959e-04,6.451667e-04,394,0.011351,2.698703e-04,0.022702,4.078068e-05,7.782767e-01,1020,1,0,1,1,1
061_foam_brick,s0_gate_020_061_foam_brick_t5,complete_epi,1110,0.794264,0.016739,1.184194e-04,5.935638e-04,355,0.011159,1.650964e-04,0.022319,8.106970e-05,8.419389e-01,1105,1,0,1,1,1
061_foam_brick,s0_gate_020_061_foam_brick_t6,complete_epi,2,0.958372,0.016897,1.031957e-06,2.599328e-06,559,0.011265,1.356299e-06,0.022529,1.005638e-05,8.381806e-01,901,1,0,1,1,1
061_foam_brick,s0_gate_020_061_foam_brick_t7,complete_epi,522,0.902531,0.017221,8.258629e-07,1.354364e-06,1139,0.011480,6.500527e-07,0.022961,1.143240e-06,1.665350e+00,2021,1,0,1,1,1
061_foam_brick,s0_gate_020_061_foam_brick_t8,complete_epi,629,0.877457,0.016844,9.964301e-07,1.291876e-06,1471,0.011229,6.187903e-07,0.022458,1.582141e-06,1.275953e+00,1940,1,0,1,1,1
061_foam_brick,s0_gate_020_061_foam_brick_t9,complete_epi,8,0.965309,0.016690,1.438480e-05,2.880733e-06,479,0.011127,1.312777e-06,0.022254,3.216721e-05,1.620689e+00,1021,1,0,1,1,1
061_foam_brick,s0_gate_020_061_foam_brick_t10,complete_epi,1123,0.801309,0.016577,3.326035e-06,1.279342e-05,734,0.011051,1.896153e-06,0.022103,6.958792e-06,1.239208e+00,1258,1,0,1,1,1
061_foam_brick,s0_gate_020_061_foam_brick_t11,complete_epi,981,0.831106,0.015989,2.520109e-06,9.881853e-06,449,0.010660,2.735580e-06,0.021319,3.254016e-06,6.611417e-01,983,1,0,1,1,1
061_foam_brick,s0_gate_020_061_foam_brick_t12,complete_epi,0,0.974544,0.016390,1.313503e-05,7.197496e-05,1030,0.010927,5.698631e-06,0.021853,2.748878e-05,1.720067e+00,1237,1,0,1,1,1
061_foam_brick,s0_gate_020_061_foam_brick_t13,complete_epi,136,0.923080,0.015837,1.421600e-05,5.554712e-05,686,0.010558,2.114988e-05,0.021116,3.339671e-05,1.695509e+00,1080,1,0,1,1,1
061_foam_brick,s0_gate_020_061_foam_brick_t14,complete_epi,1031,0.835047,0.016160,2.297128e-06,4.949339e-06,515,0.010773,2.305151e-06,0.021547,2.407130e-06,8.421896e-01,899,1,0,1,1,1
061_foam_brick,s0_gate_020_061_foam_brick_t15,complete_epi,791,0.888870,0.017145,2.694588e-06,1.016363e-05,972,0.011430,5.317165e-06,0.022859,9.545491e-06,2.842027e+00,1925,1,0,1,1,0
061_foam_brick,s0_gate_020_061_foam_brick_t16,complete_epi,1,0.972512,0.016570,5.316258e-06,4.519050e-06,833,0.011047,1.407104e-06,0.022093,1.255951e-05,1.607246e+00,1028,1,0,1,1,1
061_foam_brick,s0_gate_020_061_foam_brick_t17,complete_epi,502,0.907426,0.017915,5.418437e-07,9.992251e-07,958,0.011944,5.887149e-07,0.023887,5.262151e-07,1.022250e+00,1591,1,0,1,1,1
061_foam_brick,s0_gate_020_061_foam_brick_t18,complete_epi,440,0.954060,0.017277,3.459013e-06,2.762519e-05,804,0.011518,4.288979e-06,0.023036,7.379837e-06,1.144401e+00,948,1,0,1,1,1
061_foam_brick,s0_gate_020_061_foam_brick_t19,complete_epi,101,0.956025,0.016472,1.488542e-06,4.271974e-06,448,0.010982,2.029659e-06,0.021963,1.223159e-05,1.097512e+00,1125,1,0,1,1,1
061_foam_brick,s0_gate_020_061_foam_brick_t20,complete_epi,0,0.971102,0.016637,8.800019e-06,1.836705e-05,576,0.011091,6.885597e-06,0.022183,2.123680e-05,1.268804e+00,953,1,0,1,1,1
061_foam_brick,s0_gate_020_061_foam_brick_t21,complete_epi,655,0.881638,0.017129,4.586349e-07,7.408261e-07,1105,0.011419,4.245056e-07,0.022839,4.682901e-07,1.040131e+00,1722,1,0,1,1,1
061_foam_brick,s0_gate_020_061_foam_brick_t22,complete_epi,183,0.914474,0.016115,2.836848e-05,1.692431e-04,468,0.010743,3.823090e-05,0.021487,2.657828e-05,9.256802e-01,971,1,0,1,1,1
061_foam_brick,s0_gate_020_061_foam_brick_t23,complete_epi,1275,0.699157,0.017310,2.588822e-04,1.105179e-03,191,0.011540,2.658297e-04,0.023080,6.727199e-05,6.123843e-01,874,1,0,1,1,0
061_foam_brick,s0_gate_020_061_foam_brick_t24,complete_epi,716,0.875154,0.017211,5.083874e-07,8.998906e-07,1063,0.011474,4.656308e-07,0.022948,5.029724e-07,1.252560e+00,2040,1,0,1,1,1
010_potted_meat_can,s1_gate_off_010_potted_meat_can_t0,complete_only,122,0.794256,0.021428,3.357362e-06,2.274427e-06,545,0.014286,1.356137e-06,0.028571,4.634167e-06,5.221963e-01,740,1,0,1,1,1
010_potted_meat_can,s1_gate_off_010_potted_meat_can_t1,complete_only,78,0.807854,0.021721,3.929350e-06,1.262467e-05,591,0.014481,3.964620e-06,0.028961,4.240497e-06,4.542316e-01,544,1,0,1,1,0
010_potted_meat_can,s1_gate_off_010_potted_meat_can_t2,complete_only,3,0.837708,0.020766,1.085388e-05,2.519308e-06,671,0.013844,1.226705e-05,0.027688,1.083012e-05,3.880736e-01,636,1,0,1,1,1
010_potted_meat_can,s1_gate_off_010_potted_meat_can_t3,complete_only,11,0.862573,0.020956,7.037005e-06,4.015860e-05,748,0.013971,6.369753e-06,0.027941,6.831302e-06,7.738468e-01,710,1,0,1,1,1
010_potted_meat_can,s1_gate_off_010_potted_meat_can_t4,complete_only,267,0.758119,0.020568,3.057844e-06,8.459353e-06,568,0.013712,3.095502e-06,0.027424,4.304694e-06,8.183242e-01,735,1,0,1,1,1
010_potted_meat_can,s1_gate_off_010_potted_meat_can_t5,complete_only,78,0.853097,0.021107,9.713631e-07,2.511903e-06,824,0.014071,1.147870e-06,0.028143,8.672587e-07,4.967628e-01,717,1,0,1,1,1
010_potted_meat_can,s1_gate_off_010_potted_meat_can_t6,complete_only,399,0.753261,0.020881,2.002860e-06,3.426077e-06,870,0.013920,1.833892e-06,0.027841,2.496253e-06,6.289057e-01,600,1,0,1,1,1
010_potted_meat_can,s1_gate_off_010_potted_meat_can_t7,complete_only,64,0.816150,0.021053,3.038068e-06,2.473697e-06,505,0.014035,1.753687e-06,0.028071,3.699562e-06,3.805022e-01,588,1,0,1,1,1
010_potted_meat_can,s1_gate_off_010_potted_meat_can_t8,complete_only,0,0.950867,0.019728,1.115380e-06,2.887528e-06,656,0.013152,1.377317e-06,0.026304,9.169888e-07,3.479439e-01,666,1,0,1,1,1
010_potted_meat_can,s1_gate_off_010_potted_meat_can_t9,complete_only,0,0.916259,0.021069,1.060243e-06,3.787356e-06,647,0.014046,7.071507e-07,0.028092,8.964392e-07,4.148507e-01,611,1,0,1,1,1
010_potted_meat_can,s1_gate_off_010_potted_meat_can_t10,complete_only,54,0.879871,0.020904,1.633627e-06,5.806924e-06,836,0.013936,1.511457e-06,0.027872,1.800664e-06,5.386579e-01,685,1,0,1,1,1
010_potted_meat_can,s1_gate_off_010_potted_meat_can_t11,complete_only,19,0.867001,0.020460,2.179043e-06,6.559953e-06,760,0.013640,2.023839e-06,0.027280,2.331853e-06,5.312353e-01,660,1,0,1,1,1
010_potted_meat_can,s1_gate_off_010_potted_meat_can_t12,complete_only,80,0.915972,0.019905,8.443624e-07,2.496795e-06,698,0.013270,9.246710e-07,0.026541,7.861871e-07,3.783208e-01,719,1,0,1,1,1
010_potted_meat_can,s1_gate_off_010_potted_meat_can_t13,complete_only,0,0.943023,0.020828,7.313785e-07,1.760524e-06,487,0.013885,2.200478e-07,0.027770,1.164653e-05,4.717191e-01,741,1,0,1,1,1
010_potted_meat_can,s1_gate_off_010_potted_meat_can_t14,complete_only,101,0.828704,0.021261,3.677200e-06,1.187627e-05,848,0.014174,3.973490e-06,0.028348,3.884825e-06,6.814536e-01,758,1,0,1,1,1
010_potted_meat_can,s1_gate_off_010_potted_meat_can_t15,complete_only,0,0.926523,0.021068,9.702535e-06,2.671483e-06,642,0.014046,1.050205e-06,0.028091,1.448415e-05,3.143485e-01,570,1,0,1,1,1
010_potted_meat_can,s1_gate_off_010_potted_meat_can_t16,complete_only,10,0.860872,0.021284,2.452608e-06,1.267249e-05,716,0.014190,2.934541e-06,0.028379,2.196393e-06,4.367539e-01,582,1,0,1,1,1
010_potted_meat_can,s1_gate_off_010_potted_meat_can_t17,complete_only,67,0.795902,0.026225,7.375433e-06,3.918044e-06,1008,0.017483,3.976000e-06,0.034967,8.468681e-06,2.252791e-01,423,1,0,1,1,1
010_potted_meat_can,s1_gate_off_010_potted_meat_can_t18,complete_only,69,0.913464,0.020184,1.005471e-06,2.862993e-06,676,0.013456,1.258828e-06,0.026912,8.500846e-07,4.107442e-01,708,1,0,1,1,1
010_potted_meat_can,s1_gate_off_010_potted_meat_can_t19,complete_only,117,0.936582,0.020846,8.809079e-07,2.485721e-06,798,0.013898,8.674923e-07,0.027795,9.350708e-07,3.687199e-01,665,1,0,1,1,1
010_potted_meat_can,s1_gate_off_010_potted_meat_can_t20,complete_only,210,0.807877,0.020993,1.646860e-06,2.999225e-06,736,0.013995,1.801000e-06,0.027991,2.600964e-06,6.546032e-01,658,1,0,1,1,1
010_potted_meat_can,s1_gate_off_010_potted_meat_can_t21,complete_only,235,0.817979,0.020592,7.524313e-06,4.733832e-05,869,0.013728,4.599614e-06,0.027456,7.615427e-06,9.235917e-01,857,1,0,1,1,1
010_potted_meat_can,s1_gate_off_010_potted_meat_can_t22,complete_only,10,0.866676,0.020509,2.053405e-05,1.189288e-04,730,0.013673,1.626788e-05,0.027346,2.088298e-05,1.014509e+00,707,1,0,1,1,1
010_potted_meat_can,s1_gate_off_010_potted_meat_can_t23,complete_only,120,0.918810,0.019673,7.065023e-07,1.645166e-06,657,0.013115,7.182175e-07,0.026231,1.709267e-06,2.985648e-01,625,1,0,1,1,1
010_potted_meat_can,s1_gate_off_010_potted_meat_can_t24,complete_only,54,0.774417,0.020655,1.686949e-05,1.117194e-04,807,0.013770,8.335106e-06,0.027539,1.822514e-05,7.115822e-01,619,1,0,1,1,1
005_tomato_soup_can,s1_gate_020_005_tomato_soup_can_t0,complete_epi,40,0.876257,0.019058,8.180419e-07,1.627279e-06,738,0.012706,8.087162e-07,0.025411,8.275850e-07,4.418831e-01,846,1,0,1,1,1
005_tomato_soup_can,s1_gate_020_005_tomato_soup_can_t1,complete_epi,60,0.871325,0.019104,8.157830e-07,1.525445e-06,662,0.012736,7.847186e-07,0.025472,8.266267e-07,4.496155e-01,886,1,0,1,1,1
005_tomato_soup_can,s1_gate_020_005_tomato_soup_can_t2,complete_epi,70,0.871609,0.018759,5.888257e-07,1.764217e-06,453,0.012506,4.695758e-07,0.025012,6.840721e-07,2.687957e-01,687,1,0,1,1,1
005_tomato_soup_can,s1_gate_020_005_tomato_soup_can_t3,complete_epi,39,0.869168,0.018837,7.044782e-07,1.570293e-06,630,0.012558,6.276211e-07,0.025116,7.661838e-07,3.882373e-01,804,1,0,1,1,1
005_tomato_soup_can,s1_gate_020_005_tomato_soup_can_t4,complete_epi,66,0.870274,0.019126,6.119929e-07,1.762143e-06,449,0.012751,3.639867e-07,0.025502,6.730641e-07,2.280502e-01,611,1,0,1,1,1
005_tomato_soup_can,s1_gate_020_005_tomato_soup_can_t5,complete_epi,18,0.890051,0.019027,6.987242e-07,1.887035e-06,578,0.012684,6.929957e-07,0.025369,6.740303e-07,3.760974e-01,767,1,0,1,1,1
005_tomato_soup_can,s1_gate_020_005_tomato_soup_can_t6,complete_epi,11,0.891009,0.019009,7.861451e-07,1.513677e-06,732,0.012672,7.404266e-07,0.025345,8.033051e-07,4.727920e-01,877,1,0,1,1,1
005_tomato_soup_can,s1_gate_020_005_tomato_soup_can_t7,complete_epi,106,0.850064,0.019104,9.319111e-07,1.705564e-06,541,0.012736,8.611281e-07,0.025472,7.814645e-07,3.607394e-01,771,1,0,1,1,1
005_tomato_soup_can,s1_gate_020_005_tomato_soup_can_t8,complete_epi,40,0.871526,0.018752,7.406045e-07,1.608477e-06,627,0.012501,7.174097e-07,0.025002,7.683375e-07,3.623326e-01,813,1,0,1,1,1
005_tomato_soup_can,s1_gate_020_005_tomato_soup_can_t9,complete_epi,24,0.883352,0.018760,6.061228e-07,1.321875e-06,590,0.012506,5.356020e-07,0.025013,6.345788e-07,3.379644e-01,799,1,0,1,1,1
005_tomato_soup_can,s1_gate_020_005_tomato_soup_can_t10,complete_epi,5,0.885505,0.018831,8.074324e-07,1.538018e-06,685,0.012554,7.353151e-07,0.025108,8.486774e-07,4.887140e-01,872,1,0,1,1,1
005_tomato_soup_can,s1_gate_020_005_tomato_soup_can_t11,complete_epi,48,0.875116,0.019024,5.897457e-07,2.201603e-06,488,0.012683,5.921826e-07,0.025366,5.855951e-07,3.014775e-01,714,1,0,1,1,1
005_tomato_soup_can,s1_gate_020_005_tomato_soup_can_t12,complete_epi,60,0.862440,0.019123,1.075413e-06,1.645970e-06,846,0.012749,1.463490e-06,0.025497,1.000611e-06,4.815087e-01,917,1,0,1,1,1
005_tomato_soup_can,s1_gate_020_005_tomato_soup_can_t13,complete_epi,30,0.862945,0.019027,7.375819e-07,1.669951e-06,565,0.012685,6.100245e-07,0.025369,6.774766e-07,3.185138e-01,747,1,0,1,1,1
005_tomato_soup_can,s1_gate_020_005_tomato_soup_can_t14,complete_epi,29,0.885903,0.019126,5.457024e-07,1.594384e-06,564,0.012751,5.646024e-07,0.025502,5.750323e-07,3.539348e-01,782,1,0,1,1,1
005_tomato_soup_can,s1_gate_020_005_tomato_soup_can_t15,complete_epi,70,0.872315,0.018963,7.394480e-07,1.498126e-06,573,0.012642,7.066894e-07,0.025284,7.474961e-07,3.017630e-01,709,1,0,1,1,1
005_tomato_soup_can,s1_gate_020_005_tomato_soup_can_t16,complete_epi,41,0.871166,0.019010,7.855013e-07,1.428254e-06,650,0.012673,8.187709e-07,0.025347,7.732978e-07,4.077051e-01,827,1,0,1,1,1
005_tomato_soup_can,s1_gate_020_005_tomato_soup_can_t17,complete_epi,44,0.865111,0.019173,1.134683e-06,2.011699e-06,735,0.012782,1.544401e-06,0.025565,1.071063e-06,4.889444e-01,906,1,0,1,1,1
005_tomato_soup_can,s1_gate_020_005_tomato_soup_can_t18,complete_epi,41,0.870884,0.018882,7.265144e-07,1.535052e-06,613,0.012588,6.984909e-07,0.025175,7.546177e-07,2.962979e-01,725,1,0,1,1,1
005_tomato_soup_can,s1_gate_020_005_tomato_soup_can_t20,complete_epi,46,0.880782,0.019093,8.106794e-07,1.752835e-06,526,0.012728,9.671631e-07,0.025457,7.053367e-07,3.532755e-01,755,1,0,1,1,1
005_tomato_soup_can,s1_gate_020_005_tomato_soup_can_t22,complete_epi,70,0.866962,0.018881,6.909147e-07,1.484218e-06,602,0.012587,6.436928e-07,0.025174,6.951554e-07,3.584386e-01,813,1,0,1,1,1
005_tomato_soup_can,s1_gate_020_005_tomato_soup_can_t23,complete_epi,53,0.871758,0.018998,5.699175e-07,1.657506e-06,443,0.012665,4.328669e-07,0.025331,6.624707e-07,2.451098e-01,646,1,0,1,1,1
005_tomato_soup_can,s1_gate_020_005_tomato_soup_can_t24,complete_epi,3,0.891707,0.018922,8.636064e-07,1.720158e-06,703,0.012614,8.552736e-07,0.025229,8.646714e-07,4.480064e-01,854,1,0,1,1,1
035_power_drill,s1_gate_020_035_power_drill_t0,complete_epi,820,0.732118,0.041747,5.255178e-07,3.253426e-06,658,0.027831,0.000000e+00,0.055663,9.326217e-07,0.000000e+00,152,1,0,1,1,1
035_power_drill,s1_gate_020_035_power_drill_t1,complete_epi,89,0.928746,0.037543,2.242248e-05,0.000000e+00,827,0.025028,0.000000e+00,0.050057,5.036086e-05,0.000000e+00,240,1,0,1,1,0
035_power_drill,s1_gate_020_035_power_drill_t3,complete_epi,73,0.920478,0.046189,1.834916e-04,1.623680e-03,969,0.030793,1.717137e-04,0.061586,2.679352e-04,1.846005e-01,130,1,0,1,1,1
035_power_drill,s1_gate_020_035_power_drill_t4,complete_epi,19,0.950225,0.048686,9.515435e-04,2.969313e-03,1181,0.032458,1.388068e-03,0.064915,6.641013e-04,1.853191e+00,84,1,0,1,1,0
035_power_drill,s1_gate_020_035_power_drill_t5,complete_epi,0,0.970355,0.015430,2.293952e-05,1.089189e-04,1443,0.010286,2.764510e-05,0.020573,2.773948e-05,2.051512e+00,2394,1,0,1,1,0
035_power_drill,s1_gate_020_035_power_drill_t6,complete_epi,160,0.915758,0.041818,5.349497e-07,3.795140e-06,751,0.027879,0.000000e+00,0.055757,2.427228e-06,0.000000e+00,135,1,0,1,1,1
035_power_drill,s1_gate_020_035_power_drill_t7,complete_epi,133,0.891180,0.029704,0.000000e+00,0.000000e+00,571,0.019802,0.000000e+00,0.039605,0.000000e+00,0.000000e+00,216,1,0,1,1,1
035_power_drill,s1_gate_020_035_power_drill_t8,complete_epi,178,0.949539,0.028906,5.235386e-05,2.800943e-04,1910,0.019270,3.833441e-05,0.038541,3.714107e-05,1.755331e+00,975,1,0,1,1,1
035_power_drill,s1_gate_020_035_power_drill_t9,complete_epi,237,0.856165,0.039333,4.409932e-06,1.595293e-05,548,0.026222,4.003052e-06,0.052444,4.356370e-06,0.000000e+00,111,1,0,1,1,0
035_power_drill,s1_gate_020_035_power_drill_t10,complete_epi,125,0.899595,0.048023,9.747567e-05,5.180750e-04,1003,0.032016,8.003910e-05,0.064031,1.721531e-04,2.505752e-01,120,1,0,1,1,1
035_power_drill,s1_gate_020_035_power_drill_t11,complete_epi,318,0.932696,0.025008,5.669580e-06,2.062084e-05,3614,0.016672,6.343924e-06,0.033344,5.549244e-06,1.083115e+00,975,1,0,1,1,1
035_power_drill,s1_gate_020_035_power_drill_t12,complete_epi,731,0.770423,0.044926,2.048262e-05,2.385554e-05,3495,0.029951,2.099113e-05,0.059902,2.558355e-05,8.812713e-01,549,1,0,1,1,1
035_power_drill,s1_gate_020_035_power_drill_t13,complete_epi,243,0.867382,0.039199,2.466274e-06,1.056496e-05,1118,0.026132,2.655916e-06,0.052265,7.089839e-06,2.089939e-01,213,1,0,1,1,1
035_power_drill,s1_gate_020_035_power_drill_t14,complete_epi,1127,0.613910,0.041935,1.238518e-05,3.311145e-05,1282,0.027957,5.782077e-06,0.055914,1.935872e-05,0.000000e+00,171,1,0,1,1,1
035_power_drill,s1_gate_020_035_power_drill_t15,complete_epi,248,0.864698,0.042453,9.519906e-05,5.588721e-04,846,0.028302,4.554682e-05,0.056604,1.398635e-04,4.593367e-02,131,1,0,1,1,0
035_power_drill,s1_gate_020_035_power_drill_t17,complete_epi,21,0.897812,0.046035,1.753132e-04,1.175420e-03,913,0.030690,1.192817e-04,0.061379,2.990867e-04,2.399460e-01,126,1,0,1,1,1
035_power_drill,s1_gate_020_035_power_drill_t19,complete_epi,26,0.912066,0.047950,1.532065e-04,8.579275e-04,990,0.031967,1.127823e-04,0.063934,1.927627e-04,3.833145e-01,140,1,0,1,1,1
035_power_drill,s1_gate_020_035_power_drill_t20,complete_epi,30,0.907380,0.043218,0.000000e+00,0.000000e+00,459,0.028812,0.000000e+00,0.057624,1.991026e-05,0.000000e+00,46,1,0,1,1,1
035_power_drill,s1_gate_020_035_power_drill_t21,complete_epi,182,0.880636,0.044368,8.298326e-05,3.116153e-04,770,0.029579,1.167770e-04,0.059157,2.150955e-04,1.561234e-01,154,1,0,1,1,1
035_power_drill,s1_gate_020_035_power_drill_t22,complete_epi,0,0.955005,0.020136,5.186647e-05,1.484361e-04,1100,0.013424,8.218652e-05,0.026848,5.508026e-05,2.135230e+00,830,1,0,1,1,0
035_power_drill,s1_gate_020_035_power_drill_t23,complete_epi,2,0.976448,0.027960,3.105036e-05,1.067238e-04,1524,0.018640,5.274900e-05,0.037280,2.627126e-05,1.329026e+00,1049,1,0,1,1,0
035_power_drill,s1_gate_020_035_power_drill_t24,complete_epi,65,0.967033,0.012001,2.266007e-04,7.442398e-04,608,0.008000,2.368559e-04,0.016001,1.701767e-04,7.762305e+00,2652,1,0,1,1,0
021_bleach_cleanser,s2_gate_off_021_bleach_cleanser_t0,complete_only,5,0.917689,0.039332,1.339390e-05,4.923999e-05,876,0.026221,1.814767e-06,0.052442,1.520256e-05,0.000000e+00,104,1,0,1,1,1
021_bleach_cleanser,s2_gate_off_021_bleach_cleanser_t2,complete_only,1,0.871739,0.022156,1.175615e-04,2.374066e-04,858,0.014771,1.264197e-04,0.029541,9.871280e-05,1.849932e+00,395,1,0,1,1,0
021_bleach_cleanser,s2_gate_off_021_bleach_cleanser_t3,complete_only,645,0.852425,0.038678,5.201947e-06,0.000000e+00,584,0.025785,0.000000e+00,0.051570,1.640929e-05,0.000000e+00,102,1,0,1,1,1
021_bleach_cleanser,s2_gate_off_021_bleach_cleanser_t4,complete_only,25,0.942472,0.038726,7.957902e-05,7.501902e-04,939,0.025817,1.023843e-04,0.051634,5.894753e-05,3.119297e-01,154,1,0,1,1,1
021_bleach_cleanser,s2_gate_off_021_bleach_cleanser_t5,complete_only,17,0.937875,0.040066,1.134800e-05,2.521216e-05,880,0.026711,3.764408e-06,0.053421,2.440629e-05,0.000000e+00,83,1,0,1,1,0
021_bleach_cleanser,s2_gate_off_021_bleach_cleanser_t6,complete_only,14,0.909692,0.038930,1.379178e-05,4.855957e-05,1248,0.025953,1.967452e-05,0.051907,9.481333e-06,2.554827e-02,133,1,0,1,1,0
021_bleach_cleanser,s2_gate_off_021_bleach_cleanser_t7,complete_only,237,0.888599,0.039022,6.794652e-05,2.888178e-04,1498,0.026015,1.129944e-04,0.052030,4.746005e-05,1.128190e-01,132,1,0,1,1,1
021_bleach_cleanser,s2_gate_off_021_bleach_cleanser_t8,complete_only,30,0.939275,0.038865,6.640730e-05,3.842154e-04,1001,0.025910,6.504304e-05,0.051821,4.477778e-05,2.397959e-01,146,1,0,1,1,1
021_bleach_cleanser,s2_gate_off_021_bleach_cleanser_t9,complete_only,0,0.958034,0.022666,5.986217e-06,2.575146e-05,3035,0.015111,3.237807e-06,0.030221,6.661742e-06,1.715310e+00,1155,1,0,1,1,0
021_bleach_cleanser,s2_gate_off_021_bleach_cleanser_t10,complete_only,475,0.882272,0.039954,1.470209e-04,7.370414e-04,1171,0.026636,2.224627e-04,0.053272,7.460358e-05,3.381993e-01,157,1,0,1,1,1
021_bleach_cleanser,s2_gate_off_021_bleach_cleanser_t12,complete_only,268,0.851771,0.040508,1.305027e-06,0.000000e+00,650,0.027006,0.000000e+00,0.054011,8.598076e-06,0.000000e+00,127,1,0,1,1,1
021_bleach_cleanser,s2_gate_off_021_bleach_cleanser_t13,complete_only,838,0.809943,0.039333,9.756357e-05,4.116860e-04,1062,0.026222,1.793652e-04,0.052444,5.155086e-05,3.098396e-01,130,1,0,1,1,1
021_bleach_cleanser,s2_gate_off_021_bleach_cleanser_t14,complete_only,448,0.906523,0.013758,7.901468e-07,1.521178e-06,1734,0.009172,7.357736e-07,0.018344,8.138968e-07,3.997373e-01,894,1,0,1,1,1
021_bleach_cleanser,s2_gate_off_021_bleach_cleanser_t15,complete_only,26,0.825219,0.038839,3.987923e-06,1.124305e-05,1585,0.025893,4.577645e-06,0.051786,3.764597e-06,7.437071e-02,297,1,0,1,1,0
021_bleach_cleanser,s2_gate_off_021_bleach_cleanser_t16,complete_only,190,0.786939,0.040454,7.329243e-06,2.367376e-05,1710,0.026969,8.446332e-06,0.053938,5.984731e-06,3.283663e-01,347,1,0,1,1,1
021_bleach_cleanser,s2_gate_off_021_bleach_cleanser_t18,complete_only,59,0.901301,0.039773,2.855475e-05,9.438075e-05,941,0.026516,3.120118e-05,0.053031,2.189428e-05,3.724985e-01,131,1,0,1,1,0
021_bleach_cleanser,s2_gate_off_021_bleach_cleanser_t19,complete_only,10,0.930541,0.019833,3.497524e-06,9.828393e-06,1408,0.013222,3.543243e-06,0.026444,3.573879e-06,8.421894e-01,747,1,0,1,1,0
021_bleach_cleanser,s2_gate_off_021_bleach_cleanser_t20,complete_only,44,0.927409,0.039595,5.629829e-06,1.426540e-05,1581,0.026396,6.848239e-06,0.052793,5.344510e-06,1.365048e-01,193,1,0,1,1,1
021_bleach_cleanser,s2_gate_off_021_bleach_cleanser_t22,complete_only,150,0.883816,0.039101,3.661775e-05,1.444349e-04,1442,0.026068,6.403676e-05,0.052135,3.582468e-05,1.377394e-01,132,1,0,1,1,1
021_bleach_cleanser,s2_gate_off_021_bleach_cleanser_t23,complete_only,16,0.948029,0.038755,5.780875e-05,3.153424e-04,1054,0.025837,5.104323e-05,0.051674,3.732475e-05,3.172144e-02,120,1,0,1,1,1
021_bleach_cleanser,s2_gate_off_021_bleach_cleanser_t24,complete_only,111,0.883212,0.040397,3.064850e-05,1.201967e-04,715,0.026931,4.893113e-05,0.053862,3.114509e-05,0.000000e+00,141,1,0,1,1,1
010_potted_meat_can,s2_gate_020_010_potted_meat_can_t0,complete_epi,0,0.925237,0.020054,9.002392e-07,2.066475e-06,625,0.013369,1.010668e-06,0.026738,8.977595e-07,2.545855e-01,588,1,0,1,1,1
010_potted_meat_can,s2_gate_020_010_potted_meat_can_t1,complete_epi,19,0.876991,0.021638,5.053482e-06,3.758561e-06,769,0.014425,1.443533e-06,0.028850,6.903148e-06,5.271240e-01,728,1,0,1,1,1
010_potted_meat_can,s2_gate_020_010_potted_meat_can_t2,complete_epi,184,0.856353,0.020659,1.752107e-06,4.189619e-06,475,0.013773,2.092839e-06,0.027545,4.660431e-06,2.596500e-01,389,1,0,1,1,1
010_potted_meat_can,s2_gate_020_010_potted_meat_can_t3,complete_epi,0,0.962155,0.018848,5.758526e-05,1.653913e-04,1247,0.012566,1.177085e-04,0.025131,1.401866e-05,1.159657e+00,980,1,0,1,1,0
010_potted_meat_can,s2_gate_020_010_potted_meat_can_t4,complete_epi,0,0.931611,0.020549,6.606492e-06,3.143669e-05,640,0.013699,7.820005e-06,0.027398,7.710005e-06,5.424801e-01,702,1,0,1,1,1
010_potted_meat_can,s2_gate_020_010_potted_meat_can_t5,complete_epi,67,0.875437,0.020997,7.300292e-07,2.291270e-06,596,0.013998,7.108072e-07,0.027996,7.963305e-07,3.334622e-01,558,1,0,1,1,1
010_potted_meat_can,s2_gate_020_010_potted_meat_can_t7,complete_epi,26,0.912841,0.020705,1.001824e-06,2.223416e-06,788,0.013803,9.810615e-07,0.027607,1.043013e-06,6.192937e-01,827,1,0,1,1,1
010_potted_meat_can,s2_gate_020_010_potted_meat_can_t8,complete_epi,3,0.893179,0.021443,1.006657e-05,3.080583e-06,706,0.014295,1.574321e-06,0.028591,1.225172e-05,5.033823e-01,654,1,0,1,1,1
010_potted_meat_can,s2_gate_020_010_potted_meat_can_t9,complete_epi,102,0.895850,0.020036,8.973751e-07,2.207339e-06,697,0.013357,1.056750e-06,0.026715,7.967543e-07,2.684448e-01,587,1,0,1,1,1
010_potted_meat_can,s2_gate_020_010_potted_meat_can_t10,complete_epi,823,0.916533,0.013650,4.669303e-07,5.607838e-07,3010,0.009100,2.562772e-07,0.018200,5.596693e-07,1.932666e+00,4425,1,0,1,1,0
010_potted_meat_can,s2_gate_020_010_potted_meat_can_t11,complete_epi,127,0.806197,0.020808,1.920113e-05,1.296147e-04,839,0.013872,1.210450e-05,0.027745,2.174162e-05,8.441457e-01,654,1,0,1,1,0
010_potted_meat_can,s2_gate_020_010_potted_meat_can_t12,complete_epi,70,0.917194,0.019805,1.320231e-06,4.928279e-06,681,0.013203,1.604378e-06,0.026406,1.104470e-06,3.947391e-01,689,1,0,1,1,1
010_potted_meat_can,s2_gate_020_010_potted_meat_can_t13,complete_epi,312,0.794658,0.020833,2.727341e-06,3.144916e-06,721,0.013889,1.941614e-06,0.027778,3.994413e-06,4.722062e-01,563,1,0,1,1,1
010_potted_meat_can,s2_gate_020_010_potted_meat_can_t14,complete_epi,44,0.845346,0.020684,1.397806e-06,2.545108e-06,764,0.013789,1.407550e-06,0.027578,3.154851e-06,5.247957e-01,726,1,0,1,1,1
010_potted_meat_can,s2_gate_020_010_potted_meat_can_t15,complete_epi,0,0.923419,0.020266,4.616376e-06,1.070494e-05,722,0.013511,4.564057e-06,0.027022,3.697210e-06,5.184530e-01,668,1,0,1,1,1
010_potted_meat_can,s2_gate_020_010_potted_meat_can_t16,complete_epi,0,0.895632,0.019655,1.180891e-06,2.123563e-06,698,0.013104,1.237776e-06,0.026207,1.077466e-06,9.812826e-02,299,1,0,1,1,1
010_potted_meat_can,s2_gate_020_010_potted_meat_can_t17,complete_epi,44,0.804324,0.021373,9.126199e-06,6.135017e-05,1204,0.014249,1.097204e-05,0.028497,1.012405e-05,7.570174e-01,845,1,0,1,1,1
010_potted_meat_can,s2_gate_020_010_potted_meat_can_t19,complete_epi,0,0.931303,0.020799,9.046245e-07,2.323054e-06,770,0.013866,8.360826e-07,0.027732,9.602070e-07,4.064043e-01,664,1,0,1,1,1
010_potted_meat_can,s2_gate_020_010_potted_meat_can_t21,complete_epi,231,0.765681,0.021550,1.850767e-06,3.073276e-06,744,0.014367,1.707059e-06,0.028734,3.571291e-06,5.542838e-01,677,1,0,1,1,1
010_potted_meat_can,s2_gate_020_010_potted_meat_can_t22,complete_epi,123,0.830349,0.020650,1.216222e-06,3.084511e-06,852,0.013767,1.060050e-06,0.027533,1.118544e-06,5.653370e-01,783,1,0,1,1,0
010_potted_meat_can,s2_gate_020_010_potted_meat_can_t23,complete_epi,0,0.920199,0.021320,2.506770e-05,3.201329e-06,623,0.014213,2.422276e-05,0.028426,2.311050e-05,5.635115e-01,661,1,0,1,1,1
010_potted_meat_can,s2_gate_020_010_potted_meat_can_t24,complete_epi,84,0.863554,0.020233,5.304339e-06,2.750953e-06,666,0.013488,7.965781e-07,0.026977,9.627300e-06,2.696465e-01,605,1,0,1,1,1
005_tomato_soup_can,s3_gate_off_005_tomato_soup_can_t0,complete_only,27,0.883649,0.018905,8.000690e-07,1.591784e-06,727,0.012603,7.413521e-07,0.025207,8.097710e-07,6.093172e-01,1036,1,0,1,1,1
005_tomato_soup_can,s3_gate_off_005_tomato_soup_can_t1,complete_only,30,0.884966,0.018917,1.113906e-06,1.838882e-06,701,0.012611,1.518439e-06,0.025222,1.068229e-06,5.873410e-01,959,1,0,1,1,1
005_tomato_soup_can,s3_gate_off_005_tomato_soup_can_t2,complete_only,31,0.875580,0.018811,7.343832e-07,1.618913e-06,725,0.012541,7.058592e-07,0.025082,7.669520e-07,4.626901e-01,881,1,0,1,1,1
005_tomato_soup_can,s3_gate_off_005_tomato_soup_can_t3,complete_only,8,0.887058,0.019036,6.079414e-07,1.670179e-06,511,0.012691,4.506258e-07,0.025381,6.920802e-07,2.606058e-01,681,1,0,1,1,1
005_tomato_soup_can,s3_gate_off_005_tomato_soup_can_t4,complete_only,61,0.881828,0.018951,5.566219e-07,1.700779e-06,502,0.012634,6.754401e-07,0.025268,5.149983e-07,3.021233e-01,722,1,0,1,1,1
005_tomato_soup_can,s3_gate_off_005_tomato_soup_can_t5,complete_only,104,0.872983,0.019012,6.035184e-07,1.839107e-06,554,0.012675,6.451306e-07,0.025350,6.552987e-07,3.669237e-01,761,1,0,1,1,1
005_tomato_soup_can,s3_gate_off_005_tomato_soup_can_t6,complete_only,28,0.866228,0.018924,7.436663e-07,1.866081e-06,625,0.012616,6.589662e-07,0.025233,7.593025e-07,3.491774e-01,748,1,0,1,1,1
005_tomato_soup_can,s3_gate_off_005_tomato_soup_can_t8,complete_only,41,0.880321,0.018893,5.922828e-07,1.655853e-06,447,0.012596,5.082644e-07,0.025191,6.746612e-07,2.564632e-01,665,1,0,1,1,1
005_tomato_soup_can,s3_gate_off_005_tomato_soup_can_t9,complete_only,20,0.889672,0.019107,7.738925e-07,1.624000e-06,677,0.012738,7.535939e-07,0.025476,8.001504e-07,3.990174e-01,787,1,0,1,1,1
005_tomato_soup_can,s3_gate_off_005_tomato_soup_can_t11,complete_only,3,0.887035,0.018815,8.162789e-07,1.457639e-06,694,0.012543,7.755028e-07,0.025087,8.229129e-07,4.339788e-01,850,1,0,1,1,1
005_tomato_soup_can,s3_gate_off_005_tomato_soup_can_t12,complete_only,5,0.908277,0.018794,6.719994e-07,1.674440e-06,516,0.012529,6.035932e-07,0.025059,6.526963e-07,3.089484e-01,671,1,0,1,1,1
005_tomato_soup_can,s3_gate_off_005_tomato_soup_can_t13,complete_only,16,0.871765,0.019192,7.912320e-07,1.512655e-06,700,0.012794,8.225857e-07,0.025589,7.878505e-07,4.658056e-01,912,1,0,1,1,1
005_tomato_soup_can,s3_gate_off_005_tomato_soup_can_t14,complete_only,22,0.886222,0.018786,9.430373e-07,1.725495e-06,534,0.012524,8.533907e-07,0.025048,8.294327e-07,3.177259e-01,747,1,0,1,1,1
005_tomato_soup_can,s3_gate_off_005_tomato_soup_can_t15,complete_only,19,0.878124,0.018840,7.160141e-07,1.386959e-06,694,0.012560,6.798495e-07,0.025120,7.432330e-07,2.949762e-01,738,1,0,1,1,1
005_tomato_soup_can,s3_gate_off_005_tomato_soup_can_t16,complete_only,29,0.880618,0.019006,4.956654e-07,1.530372e-06,459,0.012671,5.183091e-07,0.025341,5.354585e-07,3.004727e-01,702,1,0,1,1,1
005_tomato_soup_can,s3_gate_off_005_tomato_soup_can_t17,complete_only,9,0.874341,0.021584,9.664788e-06,1.240933e-05,1305,0.014390,8.533809e-06,0.028779,1.017980e-05,8.520470e-01,923,1,0,1,1,0
005_tomato_soup_can,s3_gate_off_005_tomato_soup_can_t18,complete_only,51,0.860854,0.018790,6.432443e-07,1.629771e-06,524,0.012527,5.873059e-07,0.025053,6.831404e-07,3.670896e-01,770,1,0,1,1,1
005_tomato_soup_can,s3_gate_off_005_tomato_soup_can_t20,complete_only,30,0.866118,0.019043,7.871089e-07,1.494748e-06,661,0.012696,7.933613e-07,0.025391,7.930725e-07,4.270670e-01,814,1,0,1,1,0
005_tomato_soup_can,s3_gate_off_005_tomato_soup_can_t21,complete_only,65,0.871965,0.019074,1.056839e-06,1.738672e-06,755,0.012716,1.393826e-06,0.025433,9.926626e-07,4.768981e-01,902,1,0,1,1,1
005_tomato_soup_can,s3_gate_off_005_tomato_soup_can_t22,complete_only,23,0.886738,0.019016,6.586131e-07,1.751491e-06,532,0.012677,6.565512e-07,0.025354,6.735802e-07,3.905520e-01,783,1,0,1,1,0
005_tomato_soup_can,s3_gate_off_005_tomato_soup_can_t23,complete_only,6,0.906765,0.018918,7.391756e-07,2.501651e-06,579,0.012612,8.646509e-07,0.025224,7.529890e-07,4.441414e-01,838,1,0,1,1,0
005_tomato_soup_can,s3_gate_off_005_tomato_soup_can_t24,complete_only,16,0.894061,0.019001,6.219328e-07,1.926231e-06,474,0.012667,6.516376e-07,0.025334,5.749512e-07,2.975294e-01,698,1,0,1,1,1
035_power_drill,s3_gate_off_035_power_drill_t0,complete_only,138,0.872865,0.045196,8.751996e-05,6.632421e-04,1133,0.030131,6.921301e-05,0.060262,1.012835e-04,4.443732e-01,151,1,0,1,1,1
035_power_drill,s3_gate_off_035_power_drill_t1,complete_only,98,0.914052,0.016589,9.151933e-07,3.512385e-06,1362,0.011059,7.977684e-07,0.022119,1.536132e-06,8.009689e-01,1203,1,0,1,1,0
035_power_drill,s3_gate_off_035_power_drill_t2,complete_only,0,0.757568,0.003871,4.104974e-08,1.044508e-07,3522,0.002581,3.390303e-07,0.005161,3.459498e-08,1.175075e+00,8087,0,0,1,1,
035_power_drill,s3_gate_off_035_power_drill_t3,complete_only,834,0.660226,0.061539,8.115331e-05,2.179148e-04,3146,0.041026,5.612258e-05,0.082053,1.985033e-04,1.512702e+00,585,1,0,1,1,1
035_power_drill,s3_gate_off_035_power_drill_t4,complete_only,320,0.841807,0.042581,0.000000e+00,0.000000e+00,603,0.028387,0.000000e+00,0.056774,5.185996e-07,0.000000e+00,100,1,0,1,1,0
035_power_drill,s3_gate_off_035_power_drill_t5,complete_only,788,0.753580,0.042592,1.052194e-06,4.881843e-06,869,0.028395,0.000000e+00,0.056789,2.040155e-06,0.000000e+00,151,1,0,1,1,0
035_power_drill,s3_gate_off_035_power_drill_t6,complete_only,135,0.912389,0.045142,3.674974e-04,2.900803e-03,1004,0.030094,2.777859e-04,0.060189,3.326188e-04,4.738087e-01,162,1,0,1,1,1
035_power_drill,s3_gate_off_035_power_drill_t7,complete_only,180,0.833979,0.042751,3.334141e-05,9.951211e-05,3442,0.028501,4.175049e-05,0.057001,4.573494e-05,1.068877e+00,520,1,0,1,1,0
035_power_drill,s3_gate_off_035_power_drill_t8,complete_only,117,0.950096,0.021019,5.092620e-05,1.824143e-04,1539,0.014012,8.723404e-05,0.028025,5.525771e-05,2.019116e+00,1723,1,0,1,1,0
035_power_drill,s3_gate_off_035_power_drill_t9,complete_only,673,0.814075,0.043744,8.154592e-05,4.984643e-04,860,0.029163,5.632373e-05,0.058325,1.408519e-04,0.000000e+00,137,1,0,1,1,1
035_power_drill,s3_gate_off_035_power_drill_t10,complete_only,196,0.951663,0.028025,4.192883e-05,2.539766e-04,1344,0.018683,5.737393e-05,0.037367,2.691631e-05,1.772653e+00,1111,1,0,1,1,1
035_power_drill,s3_gate_off_035_power_drill_t11,complete_only,187,0.844943,0.055327,7.594126e-06,5.318711e-05,1954,0.036885,7.800609e-06,0.073770,8.749622e-06,5.866699e-01,384,1,0,1,1,1
035_power_drill,s3_gate_off_035_power_drill_t13,complete_only,562,0.834004,0.043810,3.698252e-05,0.000000e+00,605,0.029207,0.000000e+00,0.058414,1.124837e-04,0.000000e+00,144,1,0,1,1,1
035_power_drill,s3_gate_off_035_power_drill_t14,complete_only,81,0.966745,0.028991,5.393039e-05,2.629725e-04,1107,0.019327,7.453050e-05,0.038655,3.175279e-05,1.998181e+00,1173,1,0,1,1,1
035_power_drill,s3_gate_off_035_power_drill_t15,complete_only,0,0.954806,0.027278,1.027026e-03,2.058755e-03,2261,0.018185,1.044788e-03,0.036370,7.627997e-04,3.935239e+00,1034,1,0,1,1,0
035_power_drill,s3_gate_off_035_power_drill_t16,complete_only,6,0.974280,0.027845,1.965252e-05,6.358472e-05,2448,0.018563,2.621454e-05,0.037126,1.326059e-05,1.306739e+00,1062,1,0,1,1,1
035_power_drill,s3_gate_off_035_power_drill_t17,complete_only,0,0.949428,0.010692,1.141201e-05,3.846023e-05,406,0.007128,6.684743e-06,0.014255,1.438187e-05,5.564847e+00,5560,0,0,1,1,
035_power_drill,s3_gate_off_035_power_drill_t18,complete_only,20,0.919712,0.032546,2.710638e-03,6.290726e-03,260,0.021697,3.623682e-03,0.043394,1.953316e-03,7.800633e+00,217,1,0,1,1,0
035_power_drill,s3_gate_off_035_power_drill_t19,complete_only,333,0.859191,0.041102,1.119278e-07,0.000000e+00,500,0.027401,0.000000e+00,0.054803,2.508611e-06,0.000000e+00,123,1,0,1,1,0
035_power_drill,s3_gate_off_035_power_drill_t21,complete_only,72,0.954023,0.020676,1.568168e-04,7.824795e-04,1562,0.013784,2.435104e-04,0.027568,8.255744e-05,2.124621e+00,1943,1,0,1,1,0
035_power_drill,s3_gate_off_035_power_drill_t22,complete_only,616,0.807807,0.061116,2.074263e-05,9.749093e-05,4231,0.040744,3.206206e-05,0.081488,3.081689e-05,1.253177e-01,200,1,0,1,1,0
035_power_drill,s3_gate_off_035_power_drill_t23,complete_only,420,0.854382,0.041597,3.713406e-05,2.669158e-04,1301,0.027731,3.303464e-05,0.055462,5.225091e-05,1.446984e-02,191,1,0,1,1,1
035_power_drill,s3_gate_off_035_power_drill_t24,complete_only,507,0.859317,0.024392,2.419972e-04,1.307518e-03,1553,0.016262,2.779828e-04,0.032523,1.087247e-04,3.897457e+00,1397,1,0,1,1,0
021_bleach_cleanser,s3_gate_020_021_bleach_cleanser_t0,complete_epi,25,0.928031,0.038890,4.479084e-05,2.002552e-04,1393,0.025926,7.918963e-05,0.051853,3.626859e-05,1.386784e-01,122,1,0,1,1,1
021_bleach_cleanser,s3_gate_020_021_bleach_cleanser_t1,complete_epi,490,0.814297,0.040089,7.652995e-05,2.748547e-04,1184,0.026726,1.418865e-04,0.053452,5.838529e-05,3.534127e-01,47,1,0,1,1,0
021_bleach_cleanser,s3_gate_020_021_bleach_cleanser_t2,complete_epi,13,0.919024,0.038674,3.858548e-05,3.583917e-04,754,0.025783,4.107688e-05,0.051566,3.179835e-05,0.000000e+00,97,1,0,1,1,0
021_bleach_cleanser,s3_gate_020_021_bleach_cleanser_t3,complete_epi,0,0.895453,0.038672,3.972749e-05,1.648523e-04,1306,0.025781,5.953249e-05,0.051563,3.324319e-05,1.657906e-01,149,1,0,1,1,1
021_bleach_cleanser,s3_gate_020_021_bleach_cleanser_t4,complete_epi,17,0.934761,0.039318,7.035992e-05,3.641082e-04,1055,0.026212,6.987661e-05,0.052423,4.632112e-05,1.040583e-01,117,1,0,1,1,1
021_bleach_cleanser,s3_gate_020_021_bleach_cleanser_t5,complete_epi,7,0.930560,0.039350,4.320955e-05,1.055356e-04,829,0.026233,4.253757e-05,0.052467,4.358301e-05,1.139432e-02,101,1,0,1,1,1
021_bleach_cleanser,s3_gate_020_021_bleach_cleanser_t6,complete_epi,297,0.887010,0.039787,8.283440e-05,4.063771e-04,1309,0.026525,1.361792e-04,0.053050,5.827498e-05,6.710150e-01,98,1,0,1,1,0
021_bleach_cleanser,s3_gate_020_021_bleach_cleanser_t7,complete_epi,58,0.909803,0.039739,2.454730e-05,2.154477e-04,1067,0.026493,3.211651e-05,0.052985,1.780564e-05,7.930070e-02,145,1,0,1,1,1
021_bleach_cleanser,s3_gate_020_021_bleach_cleanser_t8,complete_epi,0,0.957612,0.045844,1.117408e-05,3.853023e-05,1907,0.030563,9.063498e-06,0.061125,9.601693e-06,4.365818e-01,165,1,0,1,1,1
021_bleach_cleanser,s3_gate_020_021_bleach_cleanser_t9,complete_epi,16,0.935070,0.039540,2.060855e-05,9.316531e-05,1056,0.026360,3.058713e-05,0.052720,2.023005e-05,1.330325e-01,151,1,0,1,1,1
021_bleach_cleanser,s3_gate_020_021_bleach_cleanser_t10,complete_epi,91,0.898043,0.040037,3.520726e-05,2.778586e-04,967,0.026691,3.914853e-05,0.053383,2.681129e-05,1.527657e-01,188,1,0,1,1,1
021_bleach_cleanser,s3_gate_020_021_bleach_cleanser_t11,complete_epi,13,0.943267,0.039583,5.140948e-05,3.394842e-04,946,0.026389,3.328901e-05,0.052777,4.178773e-05,0.000000e+00,126,1,0,1,1,1
021_bleach_cleanser,s3_gate_020_021_bleach_cleanser_t12,complete_epi,2,0.856759,0.036029,1.175696e-05,4.735076e-05,1243,0.024019,1.270267e-05,0.048038,1.437040e-05,1.529220e-01,148,1,0,1,1,0
021_bleach_cleanser,s3_gate_020_021_bleach_cleanser_t13,complete_epi,285,0.908396,0.011668,2.964828e-07,6.630442e-07,557,0.007779,2.893047e-07,0.015558,3.027622e-07,2.252764e+00,2925,1,0,1,1,0
021_bleach_cleanser,s3_gate_020_021_bleach_cleanser_t14,complete_epi,81,0.889830,0.040450,1.624093e-05,1.330520e-04,1109,0.026967,1.847549e-05,0.053934,1.438322e-05,1.396669e-02,190,1,0,1,1,1
021_bleach_cleanser,s3_gate_020_021_bleach_cleanser_t15,complete_epi,251,0.908396,0.039789,4.888665e-05,3.741067e-04,1072,0.026526,3.454015e-05,0.053052,5.281921e-05,0.000000e+00,127,1,0,1,1,1
021_bleach_cleanser,s3_gate_020_021_bleach_cleanser_t16,complete_epi,123,0.937488,0.039587,1.582067e-06,3.933261e-06,1524,0.026391,1.549951e-06,0.052783,1.490434e-06,0.000000e+00,238,1,0,1,1,1
021_bleach_cleanser,s3_gate_020_021_bleach_cleanser_t18,complete_epi,34,0.926607,0.039717,8.007726e-06,4.438452e-05,873,0.026478,3.936460e-06,0.052956,1.415804e-05,0.000000e+00,63,1,0,1,1,1
021_bleach_cleanser,s3_gate_020_021_bleach_cleanser_t19,complete_epi,88,0.903326,0.039081,1.646766e-04,5.869636e-04,1268,0.026054,1.581166e-04,0.052108,9.846450e-05,9.162295e-02,147,1,0,1,1,1
021_bleach_cleanser,s3_gate_020_021_bleach_cleanser_t20,complete_epi,1,0.937422,0.039704,9.815968e-06,3.601782e-05,1244,0.026470,1.069514e-05,0.052939,9.217776e-06,1.383347e-01,236,1,0,1,1,1
021_bleach_cleanser,s3_gate_020_021_bleach_cleanser_t21,complete_epi,568,0.864316,0.039045,2.752875e-04,1.523529e-03,1189,0.026030,4.700531e-04,0.052060,1.421225e-04,4.997817e-01,126,1,0,1,1,1
021_bleach_cleanser,s3_gate_020_021_bleach_cleanser_t22,complete_epi,0,0.978909,0.018941,5.475395e-05,1.204988e-04,1396,0.012627,6.004144e-05,0.025254,5.249412e-05,2.616245e+00,905,1,0,1,1,0
021_bleach_cleanser,s3_gate_020_021_bleach_cleanser_t24,complete_epi,636,0.848395,0.040361,2.335534e-05,8.964136e-05,1002,0.026907,3.886574e-05,0.053814,1.844138e-05,0.000000e+00,132,1,0,1,1,1
061_foam_brick,s3_gate_020_061_foam_brick_t0,complete_epi,16,0.951860,0.017526,1.540251e-06,7.907995e-06,1326,0.011684,8.474596e-07,0.023368,2.689896e-06,1.005707e+00,1589,1,0,1,1,1
061_foam_brick,s3_gate_020_061_foam_brick_t1,complete_epi,1248,0.679193,0.016819,4.037980e-06,2.402947e-05,1354,0.011213,2.857553e-06,0.022426,7.385673e-06,1.619189e+00,1233,1,0,1,1,1
061_foam_brick,s3_gate_020_061_foam_brick_t2,complete_epi,242,0.950247,0.016944,6.344754e-07,9.156569e-07,662,0.011296,2.816603e-07,0.022591,1.086412e-06,1.053174e+00,1550,1,0,1,1,0
061_foam_brick,s3_gate_020_061_foam_brick_t3,complete_epi,2,0.966106,0.017425,1.829597e-06,3.129690e-06,1229,0.011616,8.573902e-07,0.023233,3.338133e-06,1.457219e+00,1960,1,0,1,1,1
061_foam_brick,s3_gate_020_061_foam_brick_t4,complete_epi,135,0.940363,0.015932,9.747886e-05,1.404036e-04,476,0.010621,7.729215e-05,0.021242,1.099696e-04,9.356213e-01,1103,1,0,1,1,1
061_foam_brick,s3_gate_020_061_foam_brick_t5,complete_epi,966,0.848329,0.015838,2.261203e-04,7.940963e-04,428,0.010558,3.257222e-04,0.021117,1.047011e-04,8.636444e-01,1058,1,0,1,1,1
061_foam_brick,s3_gate_020_061_foam_brick_t6,complete_epi,983,0.777531,0.017741,7.698839e-06,6.086541e-06,1641,0.011827,3.420546e-06,0.023655,1.230693e-05,1.440032e+00,1506,1,0,1,1,1
061_foam_brick,s3_gate_020_061_foam_brick_t7,complete_epi,549,0.919029,0.016810,1.313427e-06,5.053357e-06,1069,0.011206,1.588804e-06,0.022413,1.337555e-06,1.197756e+00,1715,1,0,1,1,1
061_foam_brick,s3_gate_020_061_foam_brick_t8,complete_epi,716,0.886600,0.017781,5.728851e-07,1.238977e-06,550,0.011854,6.739359e-07,0.023708,6.179005e-07,7.635466e-01,1163,1,0,1,1,1
061_foam_brick,s3_gate_020_061_foam_brick_t9,complete_epi,1084,0.773932,0.016947,2.617042e-04,9.347348e-04,239,0.011298,2.906110e-04,0.022596,8.312590e-05,1.112347e+00,1331,1,0,1,1,1
061_foam_brick,s3_gate_020_061_foam_brick_t10,complete_epi,369,0.922613,0.017372,3.957934e-07,8.000810e-07,1177,0.011582,3.358573e-07,0.023163,3.995239e-07,1.197974e+00,2111,1,0,1,1,1
061_foam_brick,s3_gate_020_061_foam_brick_t11,complete_epi,5,0.970449,0.016343,2.275580e-06,1.033240e-05,415,0.010895,1.911149e-06,0.021791,1.108460e-05,1.539811e+00,1245,1,0,1,1,1
061_foam_brick,s3_gate_020_061_foam_brick_t12,complete_epi,175,0.954048,0.017531,2.426634e-06,2.518247e-06,620,0.011687,6.366628e-07,0.023375,5.568256e-06,1.804135e+00,1882,1,0,1,1,1
061_foam_brick,s3_gate_020_061_foam_brick_t13,complete_epi,1094,0.771239,0.016683,5.375840e-06,2.824337e-05,654,0.011122,5.454076e-06,0.022244,8.414867e-06,1.628385e+00,1066,1,0,1,1,1
061_foam_brick,s3_gate_020_061_foam_brick_t14,complete_epi,474,0.903065,0.016802,4.117834e-07,7.866991e-07,1061,0.011201,3.279947e-07,0.022403,1.485934e-06,1.454681e+00,1704,1,0,1,1,1
061_foam_brick,s3_gate_020_061_foam_brick_t15,complete_epi,38,0.951032,0.016581,8.466986e-07,2.355859e-06,876,0.011054,7.826073e-07,0.022108,1.015540e-06,6.376988e-01,922,1,0,1,1,1
061_foam_brick,s3_gate_020_061_foam_brick_t16,complete_epi,169,0.944880,0.017261,4.789786e-07,7.749286e-07,1175,0.011507,4.027320e-07,0.023014,6.245608e-07,1.057430e+00,1836,1,0,1,1,1
061_foam_brick,s3_gate_020_061_foam_brick_t17,complete_epi,772,0.850582,0.016769,6.234364e-07,9.479082e-07,999,0.011179,5.339679e-07,0.022358,9.465912e-07,7.567185e-01,1266,1,0,1,1,1
061_foam_brick,s3_gate_020_061_foam_brick_t18,complete_epi,262,0.917457,0.017279,2.075095e-05,2.959663e-05,1154,0.011519,2.191785e-05,0.023038,1.789128e-05,1.440584e+00,1211,1,0,1,1,1
061_foam_brick,s3_gate_020_061_foam_brick_t19,complete_epi,756,0.858709,0.016036,3.606423e-05,2.077635e-04,784,0.010691,4.485781e-05,0.021382,3.018698e-05,9.113182e-01,947,1,0,1,1,1
061_foam_brick,s3_gate_020_061_foam_brick_t20,complete_epi,411,0.931112,0.018000,9.539955e-06,8.888997e-06,837,0.012000,1.733643e-06,0.024000,6.679453e-06,1.742360e+00,1455,1,0,1,1,1
061_foam_brick,s3_gate_020_061_foam_brick_t21,complete_epi,32,0.947113,0.015999,3.172131e-05,1.213468e-04,700,0.010666,3.035024e-05,0.021332,3.445589e-05,1.431993e+00,963,1,0,1,1,1
061_foam_brick,s3_gate_020_061_foam_brick_t22,complete_epi,247,0.929721,0.017349,1.809867e-06,4.476293e-06,1167,0.011566,2.105654e-06,0.023132,2.292136e-06,2.703298e+00,2311,1,0,1,1,0
061_foam_brick,s3_gate_020_061_foam_brick_t23,complete_epi,16,0.971838,0.017112,1.140508e-05,5.033313e-05,869,0.011408,6.313411e-06,0.022816,1.635639e-05,1.528392e+00,1008,1,0,1,1,1
061_foam_brick,s3_gate_020_061_foam_brick_t24,complete_epi,716,0.898174,0.017345,2.346369e-06,9.220252e-06,1235,0.011563,3.262698e-06,0.023127,4.937834e-06,2.147072e+00,1867,1,0,1,1,0
006_mustard_bottle,s0_gate_off_006_mustard_bottle_t0,complete_only,104,0.826105,0.032858,1.752081e-05,3.576395e-05,2070,0.021906,1.192047e-05,0.043811,2.324525e-05,7.673597e-01,614,1,0,1,1,1
006_mustard_bottle,s0_gate_off_006_mustard_bottle_t1,complete_only,261,0.733921,0.032178,1.066266e-05,3.275645e-05,1994,0.021452,8.814210e-06,0.042904,1.749858e-05,8.030123e-01,736,1,0,1,1,1
006_mustard_bottle,s0_gate_off_006_mustard_bottle_t3,complete_only,0,0.846955,0.032479,6.367351e-06,1.598913e-05,2050,0.021653,6.450839e-06,0.043305,7.464534e-06,6.148044e-01,423,1,0,1,1,1
006_mustard_bottle,s0_gate_off_006_mustard_bottle_t4,complete_only,693,0.875389,0.054689,1.293519e-03,3.384364e-03,786,0.036459,2.130358e-03,0.072919,1.058569e-03,3.013186e+00,91,1,0,1,1,0
006_mustard_bottle,s0_gate_off_006_mustard_bottle_t5,complete_only,6,0.821936,0.032275,4.455638e-06,1.044108e-05,1989,0.021516,4.837867e-06,0.043033,4.704810e-06,1.180417e-01,236,1,0,1,1,1
006_mustard_bottle,s0_gate_off_006_mustard_bottle_t6,complete_only,250,0.774443,0.032679,1.676129e-05,3.011328e-05,2114,0.021786,7.424223e-06,0.043572,2.007853e-05,7.156904e-01,582,1,0,1,1,1
006_mustard_bottle,s0_gate_off_006_mustard_bottle_t8,complete_only,27,0.840313,0.031945,5.335053e-06,9.990320e-06,1894,0.021297,6.155520e-06,0.042593,4.619486e-06,6.488810e-01,457,1,0,1,1,1
006_mustard_bottle,s0_gate_off_006_mustard_bottle_t9,complete_only,196,0.825600,0.032011,4.130175e-05,2.566978e-04,1721,0.021341,4.844296e-05,0.042681,3.619935e-05,1.254664e+00,813,1,0,1,1,1
006_mustard_bottle,s0_gate_off_006_mustard_bottle_t10,complete_only,0,0.936649,0.032808,7.182791e-06,1.896563e-05,1706,0.021872,7.119725e-06,0.043745,6.584830e-06,1.875137e-01,251,1,0,1,1,1
006_mustard_bottle,s0_gate_off_006_mustard_bottle_t11,complete_only,0,0.921249,0.033783,8.668230e-06,1.992469e-05,1977,0.022522,8.484609e-06,0.045044,8.458149e-06,5.122166e-01,361,1,0,1,1,1
006_mustard_bottle,s0_gate_off_006_mustard_bottle_t12,complete_only,904,0.689959,0.049476,1.503723e-04,5.802629e-04,1657,0.032984,1.598612e-04,0.065968,1.315273e-04,1.195987e+00,132,1,0,1,1,0
006_mustard_bottle,s0_gate_off_006_mustard_bottle_t13,complete_only,242,0.757636,0.033117,1.213160e-05,3.514509e-05,2152,0.022078,1.064282e-05,0.044157,1.729235e-05,5.264094e-01,437,1,0,1,1,1
006_mustard_bottle,s0_gate_off_006_mustard_bottle_t14,complete_only,101,0.938564,0.023414,9.452302e-07,0.000000e+00,1083,0.015609,0.000000e+00,0.031218,3.040455e-06,0.000000e+00,359,1,0,1,1,0
006_mustard_bottle,s0_gate_off_006_mustard_bottle_t15,complete_only,0,0.893786,0.031941,6.412192e-06,1.608065e-05,1748,0.021294,7.128852e-06,0.042588,5.676664e-06,9.015682e-01,581,1,0,1,1,1
006_mustard_bottle,s0_gate_off_006_mustard_bottle_t16,complete_only,158,0.791786,0.031812,2.126658e-05,5.649236e-05,1884,0.021208,1.238078e-05,0.042416,3.417168e-05,1.159165e+00,817,1,0,1,1,1
006_mustard_bottle,s0_gate_off_006_mustard_bottle_t17,complete_only,4,0.931604,0.030554,4.891184e-06,1.693449e-05,1590,0.020369,3.500210e-06,0.040738,5.513662e-06,3.315638e-01,522,1,0,1,1,1
006_mustard_bottle,s0_gate_off_006_mustard_bottle_t18,complete_only,49,0.825793,0.031888,7.556081e-06,3.725973e-05,1472,0.021258,1.240306e-05,0.042517,6.868587e-06,2.530764e-01,318,1,0,1,1,1
006_mustard_bottle,s0_gate_off_006_mustard_bottle_t19,complete_only,92,0.821842,0.031859,2.687363e-05,8.118567e-05,1851,0.021239,1.506557e-05,0.042478,3.564213e-05,1.323671e+00,945,1,0,1,1,1
006_mustard_bottle,s0_gate_off_006_mustard_bottle_t20,complete_only,267,0.789949,0.032673,2.853584e-05,6.557445e-05,2001,0.021782,2.035771e-05,0.043564,3.560508e-05,1.127368e+00,743,1,0,1,1,1
006_mustard_bottle,s0_gate_off_006_mustard_bottle_t22,complete_only,0,0.901533,0.032356,1.334653e-05,4.296128e-05,1907,0.021571,1.360354e-05,0.043141,1.359959e-05,5.795529e-01,382,1,0,1,1,1
006_mustard_bottle,s0_gate_off_006_mustard_bottle_t23,complete_only,111,0.744319,0.032880,8.785850e-06,2.270187e-05,1463,0.021920,9.206149e-06,0.043840,8.887471e-06,3.148798e-01,281,1,0,1,1,1
011_banana,s0_gate_off_011_banana_t0,complete_only,964,0.859713,0.032608,1.087619e-04,7.854352e-04,2043,0.021739,9.612865e-05,0.043477,1.015632e-04,4.458123e-01,337,1,0,1,1,0
011_banana,s0_gate_off_011_banana_t1,complete_only,1625,0.512992,0.031833,1.186404e-04,6.965311e-05,1951,0.021222,1.439680e-04,0.042444,1.088456e-04,6.335093e-01,430,1,0,1,1,0
011_banana,s0_gate_off_011_banana_t2,complete_only,1188,0.727348,0.030934,5.225289e-05,6.583855e-05,2708,0.020623,4.615636e-05,0.041246,7.308921e-05,7.510557e-01,721,1,0,1,1,1
011_banana,s0_gate_off_011_banana_t3,complete_only,1454,0.706813,0.032939,2.298049e-04,6.607932e-04,1293,0.021959,3.320093e-04,0.043918,2.008020e-04,7.036302e-01,438,1,0,1,1,1
011_banana,s0_gate_off_011_banana_t4,complete_only,1475,0.598844,0.030856,9.623328e-05,6.115114e-04,1401,0.020571,4.565708e-04,0.041141,5.756406e-05,4.382457e-01,408,1,0,1,1,0
011_banana,s0_gate_off_011_banana_t5,complete_only,823,0.844899,0.032117,7.265631e-05,2.563115e-04,1879,0.021412,1.474037e-04,0.042823,5.650229e-05,9.336517e-01,556,1,0,1,1,0
011_banana,s0_gate_off_011_banana_t6,complete_only,1697,0.441337,0.031653,3.799743e-04,2.225930e-03,1592,0.021102,1.450064e-03,0.042203,2.843463e-04,1.472791e+00,419,1,0,1,1,0
011_banana,s0_gate_off_011_banana_t7,complete_only,895,0.806510,0.031393,1.099562e-04,4.365698e-04,1873,0.020928,1.662712e-04,0.041857,1.114111e-04,1.979859e+00,1101,1,0,1,1,0
011_banana,s0_gate_off_011_banana_t8,complete_only,1818,0.373597,0.031443,2.143010e-05,9.066488e-05,2351,0.020962,1.517045e-05,0.041924,2.756148e-05,9.757527e-01,593,1,0,1,1,1
011_banana,s0_gate_off_011_banana_t9,complete_only,1758,0.356695,0.032560,1.363338e-04,7.826185e-04,3769,0.021706,1.314694e-04,0.043413,2.102345e-04,5.950796e-01,617,1,0,1,1,1
011_banana,s0_gate_off_011_banana_t10,complete_only,1590,0.498825,0.030654,1.240700e-04,6.732446e-04,1601,0.020436,5.123306e-04,0.040872,1.113683e-04,1.271179e+00,491,1,0,1,1,0
011_banana,s0_gate_off_011_banana_t11,complete_only,1565,0.527483,0.030682,4.543515e-05,2.526822e-04,2394,0.020455,5.705726e-05,0.040910,5.118008e-05,1.001392e+00,403,1,0,1,1,0
011_banana,s0_gate_off_011_banana_t12,complete_only,1919,0.114215,0.031038,7.823958e-04,3.393520e-03,1786,0.020692,9.371674e-04,0.041384,6.144038e-04,2.041939e+00,1097,1,0,1,1,0
011_banana,s0_gate_off_011_banana_t13,complete_only,1294,0.724148,0.032394,3.134884e-04,1.973876e-03,1365,0.021596,9.455674e-04,0.043192,2.078805e-04,2.504750e+00,502,1,0,1,1,1
011_banana,s0_gate_off_011_banana_t14,complete_only,1720,0.395142,0.032009,1.546062e-04,9.053687e-04,2479,0.021340,5.196069e-04,0.042679,1.075416e-04,1.336304e+00,733,1,0,1,1,0
011_banana,s0_gate_off_011_banana_t15,complete_only,1324,0.608111,0.032859,1.107683e-03,5.463220e-03,1936,0.021906,2.096524e-03,0.043812,3.215617e-04,2.862124e+00,1026,1,0,1,1,0
011_banana,s0_gate_off_011_banana_t16,complete_only,1584,0.582050,0.031181,9.825036e-05,1.623536e-04,3205,0.020788,9.341478e-05,0.041575,1.387846e-04,4.611075e-01,401,1,0,1,1,0
011_banana,s0_gate_off_011_banana_t17,complete_only,1557,0.558985,0.031975,1.697366e-05,3.633102e-05,1707,0.021317,2.836974e-05,0.042633,1.492403e-05,2.044995e-01,290,1,0,1,1,0
011_banana,s0_gate_off_011_banana_t18,complete_only,1475,0.656030,0.031349,2.619239e-05,6.298163e-05,1525,0.020899,3.136956e-05,0.041798,2.074936e-05,3.089188e-01,341,1,0,1,1,0
011_banana,s0_gate_off_011_banana_t19,complete_only,1533,0.512140,0.032011,2.334640e-04,1.495481e-03,1900,0.021340,1.858533e-03,0.042681,2.307346e-04,9.192007e-01,258,1,0,1,1,0
011_banana,s0_gate_off_011_banana_t20,complete_only,1692,0.479454,0.031356,2.833737e-04,2.226403e-03,1569,0.020904,4.345671e-04,0.041808,2.571992e-04,2.261718e+00,644,1,0,1,1,0
011_banana,s0_gate_off_011_banana_t21,complete_only,898,0.809049,0.032239,2.458672e-05,1.300424e-04,3505,0.021492,3.726032e-05,0.042985,2.577815e-05,7.057781e-01,472,1,0,1,1,0
011_banana,s0_gate_off_011_banana_t22,complete_only,1903,0.115342,0.030829,4.434739e-04,1.435681e-03,1908,0.020552,6.975837e-04,0.041105,2.154275e-04,2.546458e+00,1062,1,0,1,1,1
011_banana,s0_gate_off_011_banana_t23,complete_only,745,0.875094,0.031519,9.761289e-05,1.844913e-04,2221,0.021013,4.948597e-04,0.042026,1.005073e-04,1.026974e+00,779,1,0,1,1,1
011_banana,s0_gate_off_011_banana_t24,complete_only,856,0.812977,0.031956,1.137181e-05,4.282322e-05,2986,0.021304,8.767892e-06,0.042609,1.075904e-05,7.063771e-01,702,1,0,1,1,0
025_mug,s0_gate_020_025_mug_t0,complete_epi,19,0.944621,0.020684,8.714521e-06,4.334570e-05,487,0.013789,6.412056e-05,0.027579,7.426306e-06,3.856566e-01,226,1,0,1,1,1
025_mug,s0_gate_020_025_mug_t1,complete_epi,48,0.939726,0.021061,1.306345e-06,2.167822e-06,729,0.014041,1.288728e-06,0.028081,1.411356e-06,1.060353e-01,163,1,0,1,1,1
025_mug,s0_gate_020_025_mug_t2,complete_epi,28,0.938497,0.020339,4.097029e-06,1.097093e-05,815,0.013560,4.380363e-06,0.027119,4.073546e-06,2.742971e-01,187,1,0,1,1,0
025_mug,s0_gate_020_025_mug_t3,complete_epi,3,0.940700,0.021418,9.832430e-06,5.150401e-05,454,0.014279,5.987944e-06,0.028557,1.444000e-05,1.439166e-01,118,1,0,1,1,1
025_mug,s0_gate_020_025_mug_t4,complete_epi,18,0.940079,0.020062,1.797737e-05,4.688325e-05,622,0.013375,2.181269e-05,0.026750,1.369062e-05,5.070313e-01,193,1,0,1,1,1
025_mug,s0_gate_020_025_mug_t5,complete_epi,69,0.902971,0.020155,2.761026e-06,5.166671e-06,893,0.013437,3.084648e-06,0.026873,2.600107e-06,3.138357e-01,222,1,0,1,1,1
025_mug,s0_gate_020_025_mug_t7,complete_epi,14,0.879710,0.020507,5.090964e-06,2.828524e-05,234,0.013671,5.176008e-06,0.027342,6.555546e-06,1.438667e-01,157,1,0,1,1,1
025_mug,s0_gate_020_025_mug_t8,complete_epi,136,0.890943,0.020435,9.519606e-07,3.164691e-06,481,0.013623,2.219475e-07,0.027246,1.149256e-06,0.000000e+00,93,1,0,1,1,0
025_mug,s0_gate_020_025_mug_t9,complete_epi,58,0.924368,0.020650,1.270923e-06,2.287759e-06,747,0.013766,1.297089e-06,0.027533,1.264719e-06,1.944312e-01,224,1,0,1,1,0
025_mug,s0_gate_020_025_mug_t10,complete_epi,14,0.936892,0.019760,1.368332e-06,3.288897e-06,675,0.013173,1.351975e-06,0.026347,1.506187e-06,1.167594e-01,173,1,0,1,1,0
025_mug,s0_gate_020_025_mug_t11,complete_epi,65,0.911571,0.019894,2.316412e-06,4.988206e-06,973,0.013262,2.002130e-06,0.026525,2.817363e-06,2.036406e-01,193,1,0,1,1,1
025_mug,s0_gate_020_025_mug_t13,complete_epi,38,0.913828,0.020868,2.875983e-06,6.834644e-06,590,0.013912,6.795540e-06,0.027824,4.038978e-06,1.148700e-01,162,1,0,1,1,1
025_mug,s0_gate_020_025_mug_t14,complete_epi,69,0.929782,0.019821,3.457827e-06,7.771993e-06,857,0.013214,3.241791e-06,0.026427,3.268756e-06,3.354825e-01,235,1,0,1,1,1
025_mug,s0_gate_020_025_mug_t15,complete_epi,1,0.951678,0.021473,6.890127e-06,2.810865e-05,507,0.014316,8.607308e-06,0.028631,6.846126e-06,2.696224e-01,148,1,0,1,1,1
025_mug,s0_gate_020_025_mug_t16,complete_epi,51,0.934081,0.020604,9.139098e-06,2.181316e-05,721,0.013736,1.128627e-05,0.027472,8.405077e-06,5.645890e-01,239,1,0,1,1,0
025_mug,s0_gate_020_025_mug_t17,complete_epi,95,0.930748,0.023371,1.481663e-05,7.067144e-05,596,0.015581,1.477683e-05,0.031162,2.067072e-05,3.451485e-01,140,1,0,1,1,1
025_mug,s0_gate_020_025_mug_t18,complete_epi,28,0.941138,0.020297,2.116765e-05,8.362880e-05,426,0.013531,2.105625e-05,0.027063,2.041621e-05,4.674953e-01,126,1,0,1,1,1
025_mug,s0_gate_020_025_mug_t19,complete_epi,47,0.931196,0.020229,1.266671e-06,2.318420e-06,1008,0.013486,1.227200e-06,0.026972,1.206786e-06,2.286829e-01,271,1,0,1,1,1
025_mug,s0_gate_020_025_mug_t20,complete_epi,20,0.934915,0.020887,1.695543e-06,3.847216e-06,882,0.013925,1.996503e-06,0.027849,2.105852e-06,3.149513e-01,284,1,0,1,1,1
025_mug,s0_gate_020_025_mug_t21,complete_epi,341,0.775469,0.022409,3.225482e-06,1.795106e-05,865,0.014939,4.068258e-06,0.029878,3.054539e-06,2.312789e-01,153,1,0,1,1,1
025_mug,s0_gate_020_025_mug_t22,complete_epi,215,0.825207,0.027392,2.064761e-05,1.044895e-04,1283,0.018262,3.217263e-05,0.036523,2.325035e-05,6.398124e-01,446,1,0,1,1,0
025_mug,s0_gate_020_025_mug_t24,complete_epi,444,0.657594,0.020283,1.720206e-06,4.531434e-06,386,0.013522,2.114979e-06,0.027045,1.160739e-05,7.026262e-02,71,1,0,1,1,1
051_large_clamp,s0_gate_020_051_large_clamp_t0,complete_epi,12,0.950009,0.031974,1.395102e-05,0.000000e+00,717,0.021316,1.305447e-05,0.042632,1.934338e-05,0.000000e+00,146,1,0,1,1,1
051_large_clamp,s0_gate_020_051_large_clamp_t1,complete_epi,109,0.924043,0.023645,3.523488e-04,1.201051e-03,1073,0.015763,3.744717e-04,0.031527,3.860640e-04,6.752766e+00,494,1,0,1,1,0
051_large_clamp,s0_gate_020_051_large_clamp_t2,complete_epi,46,0.968037,0.032698,1.171768e-05,1.808649e-05,2786,0.021799,6.660750e-06,0.043597,9.516575e-06,1.350961e+00,986,1,0,1,1,1
051_large_clamp,s0_gate_020_051_large_clamp_t3,complete_epi,15,0.943131,0.031858,1.619430e-07,0.000000e+00,706,0.021239,0.000000e+00,0.042477,1.922731e-06,0.000000e+00,147,1,0,1,1,1
051_large_clamp,s0_gate_020_051_large_clamp_t4,complete_epi,0,0.961078,0.029933,7.330876e-07,4.949664e-06,657,0.019956,9.854341e-07,0.039911,1.046119e-06,0.000000e+00,156,1,0,1,1,0
051_large_clamp,s0_gate_020_051_large_clamp_t5,complete_epi,1,0.968755,0.032366,3.279440e-06,2.248482e-05,793,0.021577,4.409481e-07,0.043155,5.256719e-06,8.782538e-02,224,1,0,1,1,0
051_large_clamp,s0_gate_020_051_large_clamp_t6,complete_epi,51,0.939528,0.032563,9.067876e-07,0.000000e+00,731,0.021708,0.000000e+00,0.043417,4.633995e-06,0.000000e+00,169,1,0,1,1,0
051_large_clamp,s0_gate_020_051_large_clamp_t7,complete_epi,0,0.964085,0.026169,5.476379e-06,2.342890e-05,3816,0.017446,3.427544e-06,0.034892,7.703950e-06,7.246510e-01,783,1,0,1,1,1
051_large_clamp,s0_gate_020_051_large_clamp_t8,complete_epi,111,0.934986,0.031375,0.000000e+00,0.000000e+00,626,0.020917,0.000000e+00,0.041833,8.883317e-09,0.000000e+00,146,1,0,1,1,0
051_large_clamp,s0_gate_020_051_large_clamp_t9,complete_epi,25,0.953034,0.032205,0.000000e+00,0.000000e+00,621,0.021470,0.000000e+00,0.042940,1.274357e-06,0.000000e+00,152,1,0,1,1,0
051_large_clamp,s0_gate_020_051_large_clamp_t10,complete_epi,0,0.972857,0.030213,7.377718e-07,3.194643e-06,828,0.020142,0.000000e+00,0.040284,1.016459e-06,0.000000e+00,150,1,0,1,1,0
051_large_clamp,s0_gate_020_051_large_clamp_t11,complete_epi,2,0.959645,0.029710,6.747113e-07,4.336926e-06,840,0.019807,6.084261e-07,0.039613,9.954526e-07,2.666578e-02,175,1,0,1,1,1
051_large_clamp,s0_gate_020_051_large_clamp_t12,complete_epi,9,0.953922,0.031351,8.724280e-05,3.280461e-04,1646,0.020901,1.526211e-04,0.041802,5.855793e-05,1.317974e+00,643,1,0,1,1,1
051_large_clamp,s0_gate_020_051_large_clamp_t13,complete_epi,25,0.944932,0.031896,9.065198e-05,5.813831e-04,593,0.021264,4.477957e-04,0.042527,4.466903e-05,1.074347e-01,159,1,0,1,1,0
051_large_clamp,s0_gate_020_051_large_clamp_t14,complete_epi,2,0.962013,0.029499,1.105382e-06,3.190127e-06,1353,0.019666,8.174322e-07,0.039332,9.613261e-07,0.000000e+00,164,1,0,1,1,0
051_large_clamp,s0_gate_020_051_large_clamp_t15,complete_epi,10,0.949090,0.031301,7.167713e-06,2.688788e-05,1984,0.020867,1.269260e-05,0.041734,1.416163e-05,1.581110e-01,177,1,0,1,1,1
051_large_clamp,s0_gate_020_051_large_clamp_t16,complete_epi,6,0.958926,0.031801,6.188165e-06,1.890074e-05,1254,0.021200,4.143542e-06,0.042401,1.119102e-05,5.471738e-03,142,1,0,1,1,1
051_large_clamp,s0_gate_020_051_large_clamp_t17,complete_epi,14,0.961471,0.030771,3.423218e-07,2.086971e-06,1227,0.020514,4.203044e-07,0.041028,2.730917e-07,0.000000e+00,231,1,0,1,1,0
051_large_clamp,s0_gate_020_051_large_clamp_t18,complete_epi,0,0.963870,0.029666,0.000000e+00,0.000000e+00,663,0.019778,0.000000e+00,0.039555,3.154407e-07,0.000000e+00,180,1,0,1,1,0
051_large_clamp,s0_gate_020_051_large_clamp_t19,complete_epi,7,0.948668,0.032114,0.000000e+00,0.000000e+00,777,0.021410,0.000000e+00,0.042819,8.140870e-07,0.000000e+00,170,1,0,1,1,0
051_large_clamp,s0_gate_020_051_large_clamp_t20,complete_epi,2,0.965358,0.032643,6.255643e-06,2.399910e-05,851,0.021762,3.138131e-06,0.043524,8.948568e-06,0.000000e+00,153,1,0,1,1,1
051_large_clamp,s0_gate_020_051_large_clamp_t21,complete_epi,4,0.976835,0.031259,2.638010e-06,7.140298e-06,3003,0.020840,9.823770e-07,0.041679,4.323873e-06,1.144018e-01,297,1,0,1,1,0
051_large_clamp,s0_gate_020_051_large_clamp_t22,complete_epi,50,0.938806,0.030905,1.744061e-05,2.755001e-05,1176,0.020604,2.226677e-05,0.041207,2.202740e-05,2.594004e-01,271,1,0,1,1,1
051_large_clamp,s0_gate_020_051_large_clamp_t23,complete_epi,12,0.965052,0.032166,3.168591e-05,1.174592e-04,1022,0.021444,5.764187e-05,0.042888,3.068927e-05,1.885890e-01,222,1,0,1,1,0
051_large_clamp,s0_gate_020_051_large_clamp_t24,complete_epi,14,0.978019,0.028015,3.850498e-06,1.763057e-05,2557,0.018677,3.658164e-06,0.037353,3.907436e-06,4.658440e-02,236,1,0,1,1,1
022_windex_bottle,s1_gate_off_022_windex_bottle_t0,complete_only,1,0.941332,0.044633,5.589000e-06,1.351058e-05,1406,0.029755,2.538453e-06,0.059510,3.112486e-05,0.000000e+00,102,1,0,1,1,0
022_windex_bottle,s1_gate_off_022_windex_bottle_t1,complete_only,0,0.943943,0.039434,2.662766e-05,1.379638e-04,3078,0.026290,4.108547e-05,0.052579,4.040398e-05,8.544760e-01,464,1,0,1,1,0
022_windex_bottle,s1_gate_off_022_windex_bottle_t2,complete_only,35,0.907206,0.040876,3.937184e-06,9.637831e-06,5418,0.027251,2.390233e-06,0.054502,6.548785e-06,5.688454e-01,460,1,0,1,1,0
022_windex_bottle,s1_gate_off_022_windex_bottle_t3,complete_only,0,0.959921,0.042300,2.770979e-05,2.172460e-04,1430,0.028200,1.720170e-05,0.056399,6.713235e-05,5.003124e-01,337,1,0,1,1,0
022_windex_bottle,s1_gate_off_022_windex_bottle_t4,complete_only,0,0.946541,0.042783,1.372886e-04,8.002654e-04,607,0.028522,1.535634e-04,0.057044,1.287793e-04,1.772733e-01,112,1,0,1,1,0
022_windex_bottle,s1_gate_off_022_windex_bottle_t5,complete_only,10,0.938387,0.040957,1.694859e-05,8.851731e-05,948,0.027305,9.910631e-06,0.054610,4.428776e-05,0.000000e+00,112,1,0,1,1,0
022_windex_bottle,s1_gate_off_022_windex_bottle_t6,complete_only,0,0.956985,0.045106,2.122551e-05,3.221753e-05,1954,0.030070,9.286483e-06,0.060141,7.338124e-05,8.663833e-01,518,1,0,1,1,0
022_windex_bottle,s1_gate_off_022_windex_bottle_t7,complete_only,1,0.915120,0.038691,1.870177e-05,5.667038e-05,3370,0.025794,1.899774e-05,0.051588,3.113899e-05,7.389192e-01,398,1,0,1,1,0
022_windex_bottle,s1_gate_off_022_windex_bottle_t8,complete_only,102,0.881749,0.041252,3.992153e-04,1.154978e-03,2358,0.027501,4.628923e-04,0.055002,4.923089e-04,1.038481e+00,47,1,0,1,1,1
022_windex_bottle,s1_gate_off_022_windex_bottle_t9,complete_only,22,0.908041,0.044430,3.599269e-05,1.772415e-04,759,0.029620,1.393862e-05,0.059240,9.099557e-05,2.349509e-01,174,1,0,1,1,0
022_windex_bottle,s1_gate_off_022_windex_bottle_t10,complete_only,0,0.937187,0.045248,2.294004e-05,8.361988e-05,1959,0.030165,1.383398e-05,0.060330,8.748316e-05,8.096108e-01,443,1,0,1,1,0
022_windex_bottle,s1_gate_off_022_windex_bottle_t11,complete_only,28,0.914222,0.029257,2.875048e-06,5.048696e-06,1634,0.019505,2.143885e-06,0.039009,8.185443e-06,4.090317e-01,428,1,0,1,1,1
022_windex_bottle,s1_gate_off_022_windex_bottle_t12,complete_only,722,0.534620,0.033670,7.641216e-06,3.086427e-05,1947,0.022447,2.333744e-06,0.044893,8.761251e-06,8.840476e-02,93,1,0,1,1,0
022_windex_bottle,s1_gate_off_022_windex_bottle_t13,complete_only,251,0.899390,0.044217,1.556136e-04,6.141340e-04,991,0.029478,1.678767e-04,0.058956,1.817757e-04,6.122257e-01,204,1,0,1,1,0
022_windex_bottle,s1_gate_off_022_windex_bottle_t14,complete_only,12,0.945119,0.044677,2.192451e-05,5.939767e-05,1090,0.029785,2.459483e-06,0.059570,7.286439e-05,0.000000e+00,96,1,0,1,1,0
022_windex_bottle,s1_gate_off_022_windex_bottle_t15,complete_only,0,0.957042,0.041686,2.060113e-05,1.196419e-04,927,0.027791,1.641170e-05,0.055582,5.549854e-05,0.000000e+00,146,1,0,1,1,0
022_windex_bottle,s1_gate_off_022_windex_bottle_t16,complete_only,183,0.831854,0.040447,5.686421e-04,3.028396e-03,1923,0.026964,9.875949e-04,0.053929,3.970168e-04,3.361652e+00,1002,1,0,1,1,0
022_windex_bottle,s1_gate_off_022_windex_bottle_t17,complete_only,1,0.949086,0.042198,9.001228e-05,4.701543e-04,1675,0.028132,4.284154e-05,0.056264,1.323867e-04,6.605046e-01,199,1,0,1,1,0
022_windex_bottle,s1_gate_off_022_windex_bottle_t18,complete_only,208,0.906143,0.040218,7.551500e-05,3.634128e-04,2944,0.026812,8.029811e-05,0.053624,5.197157e-05,2.187649e+00,618,1,0,1,1,0
022_windex_bottle,s1_gate_off_022_windex_bottle_t19,complete_only,0,0.951086,0.042224,1.140979e-05,6.380401e-05,1627,0.028149,9.960183e-06,0.056299,4.138413e-05,1.355448e-01,124,1,0,1,1,0
022_windex_bottle,s1_gate_off_022_windex_bottle_t20,complete_only,1,0.955051,0.040269,2.187572e-04,9.717231e-04,1245,0.026846,3.250630e-04,0.053692,1.582251e-04,3.087847e-01,204,1,0,1,1,0
022_windex_bottle,s1_gate_off_022_windex_bottle_t21,complete_only,3,0.947276,0.041647,1.143509e-05,7.251184e-05,1347,0.027764,8.794618e-06,0.055529,5.091182e-05,6.998758e-01,423,1,0,1,1,0
022_windex_bottle,s1_gate_off_022_windex_bottle_t22,complete_only,0,0.952035,0.042429,2.006821e-05,1.451909e-04,1115,0.028286,6.935482e-06,0.056572,6.168043e-05,3.294337e-01,212,1,0,1,1,0
022_windex_bottle,s1_gate_off_022_windex_bottle_t23,complete_only,133,0.869712,0.038755,2.274688e-04,7.815372e-04,1472,0.025837,2.370764e-04,0.051673,2.536636e-04,1.457220e+00,170,1,0,1,1,0
022_windex_bottle,s1_gate_off_022_windex_bottle_t24,complete_only,2,0.943078,0.043822,2.002347e-05,1.137899e-04,1185,0.029214,2.004695e-05,0.058429,4.391786e-05,1.473735e-01,217,1,0,1,1,0
006_mustard_bottle,s1_gate_020_006_mustard_bottle_t0,complete_epi,0,0.874389,0.031806,6.736140e-06,1.805407e-05,1795,0.021204,5.714950e-06,0.042408,8.391740e-06,1.230052e-01,192,1,0,1,1,1
006_mustard_bottle,s1_gate_020_006_mustard_bottle_t1,complete_epi,3,0.830297,0.031798,8.810695e-06,1.909110e-05,1231,0.021199,9.112761e-06,0.042397,8.505119e-06,3.462458e-01,240,1,0,1,1,1
006_mustard_bottle,s1_gate_020_006_mustard_bottle_t2,complete_epi,5,0.972270,0.026584,4.006574e-05,1.339397e-04,1680,0.017722,4.777429e-05,0.035445,3.586045e-05,9.679406e-01,651,1,0,1,1,0
006_mustard_bottle,s1_gate_020_006_mustard_bottle_t3,complete_epi,0,0.861174,0.031684,6.217595e-06,1.279278e-05,1746,0.021122,7.539285e-06,0.042245,5.369827e-06,5.929149e-01,427,1,0,1,1,1
006_mustard_bottle,s1_gate_020_006_mustard_bottle_t4,complete_epi,0,0.832914,0.032506,6.473805e-06,1.264058e-05,1697,0.021671,7.859355e-06,0.043342,5.460907e-06,3.409321e-01,279,1,0,1,1,1
006_mustard_bottle,s1_gate_020_006_mustard_bottle_t5,complete_epi,3,0.979671,0.013352,6.380799e-04,2.004960e-03,725,0.008901,6.181258e-04,0.017803,5.664983e-04,5.404967e+00,1163,1,0,1,1,0
006_mustard_bottle,s1_gate_020_006_mustard_bottle_t6,complete_epi,2,0.918253,0.032150,1.074396e-05,2.124539e-05,2000,0.021433,1.021733e-05,0.042867,1.101328e-05,5.843390e-01,436,1,0,1,1,1
006_mustard_bottle,s1_gate_020_006_mustard_bottle_t7,complete_epi,0,0.856312,0.031661,6.651547e-06,1.475617e-05,1374,0.021107,7.225726e-06,0.042215,5.950739e-06,3.852800e-01,365,1,0,1,1,1
006_mustard_bottle,s1_gate_020_006_mustard_bottle_t8,complete_epi,103,0.932150,0.007314,1.221524e-07,5.878718e-07,1061,0.004876,0.000000e+00,0.009752,5.380124e-07,3.691274e+00,5861,1,0,1,1,0
006_mustard_bottle,s1_gate_020_006_mustard_bottle_t9,complete_epi,197,0.812621,0.032447,1.644884e-05,5.289140e-05,1938,0.021632,1.314042e-05,0.043263,2.191996e-05,6.849842e-01,523,1,0,1,1,1
006_mustard_bottle,s1_gate_020_006_mustard_bottle_t10,complete_epi,27,0.883987,0.032121,4.282855e-06,1.179847e-05,1671,0.021414,4.954408e-06,0.042827,3.705532e-06,4.414210e-01,317,1,0,1,1,1
006_mustard_bottle,s1_gate_020_006_mustard_bottle_t11,complete_epi,74,0.845960,0.046514,5.208572e-04,2.020025e-03,4328,0.031009,8.125411e-04,0.062019,2.784293e-04,3.370516e+00,707,1,0,1,1,1
006_mustard_bottle,s1_gate_020_006_mustard_bottle_t12,complete_epi,0,0.931437,0.031178,3.754249e-06,1.399607e-05,2046,0.020785,2.731614e-06,0.041570,6.484738e-06,7.185130e-01,836,1,0,1,1,1
006_mustard_bottle,s1_gate_020_006_mustard_bottle_t13,complete_epi,498,0.730773,0.032359,3.842472e-05,1.586635e-04,1981,0.021573,2.767360e-05,0.043145,4.343116e-05,1.161209e+00,738,1,0,1,1,1
006_mustard_bottle,s1_gate_020_006_mustard_bottle_t14,complete_epi,0,0.874872,0.031213,6.877363e-06,1.606516e-05,1557,0.020809,6.568795e-06,0.041618,7.472125e-06,1.975778e-01,271,1,0,1,1,1
006_mustard_bottle,s1_gate_020_006_mustard_bottle_t15,complete_epi,358,0.779497,0.032793,2.958674e-05,9.165935e-05,1888,0.021862,1.574714e-05,0.043724,4.362652e-05,8.021913e-01,539,1,0,1,1,1
006_mustard_bottle,s1_gate_020_006_mustard_bottle_t16,complete_epi,2,0.848771,0.031806,8.057942e-06,1.874774e-05,1374,0.021204,1.073022e-05,0.042407,6.873218e-06,5.516078e-01,254,1,0,1,1,1
006_mustard_bottle,s1_gate_020_006_mustard_bottle_t18,complete_epi,5,0.962120,0.029369,2.035275e-06,7.229871e-06,1766,0.019579,1.756410e-06,0.039159,2.124874e-06,4.972167e-02,438,1,0,1,1,1
006_mustard_bottle,s1_gate_020_006_mustard_bottle_t19,complete_epi,10,0.884955,0.031047,4.672558e-06,9.931044e-06,1666,0.020698,5.063769e-06,0.041397,4.331376e-06,6.825947e-01,466,1,0,1,1,0
006_mustard_bottle,s1_gate_020_006_mustard_bottle_t20,complete_epi,0,0.901378,0.032016,5.909682e-06,1.142928e-05,1699,0.021344,6.505858e-06,0.042688,5.525686e-06,3.255047e-01,288,1,0,1,1,1
006_mustard_bottle,s1_gate_020_006_mustard_bottle_t21,complete_epi,0,0.959918,0.020194,3.014141e-04,5.455035e-04,1108,0.013463,3.126631e-04,0.026926,2.053081e-04,2.155715e+00,699,1,0,1,1,0
006_mustard_bottle,s1_gate_020_006_mustard_bottle_t22,complete_epi,21,0.853540,0.033090,6.987859e-06,1.705263e-05,2099,0.022060,7.562301e-06,0.044119,9.362878e-06,3.739852e-01,312,1,0,1,1,1
006_mustard_bottle,s1_gate_020_006_mustard_bottle_t23,complete_epi,117,0.810781,0.037092,4.348871e-06,1.613450e-05,2084,0.024728,3.709821e-06,0.049457,4.979708e-06,6.465247e-01,732,1,0,1,1,0
006_mustard_bottle,s1_gate_020_006_mustard_bottle_t24,complete_epi,0,0.923695,0.033214,1.140010e-05,3.174634e-05,2146,0.022143,1.377355e-05,0.044286,1.160523e-05,6.424100e-01,394,1,0,1,1,1
011_banana,s1_gate_020_011_banana_t0,complete_epi,1468,0.611357,0.032232,6.313151e-05,3.940207e-04,2244,0.021488,2.237286e-04,0.042976,5.887127e-05,1.039968e+00,471,1,0,1,1,0
011_banana,s1_gate_020_011_banana_t1,complete_epi,747,0.867490,0.031758,4.075951e-05,1.118744e-04,2421,0.021172,3.810504e-05,0.042344,5.082068e-05,8.136850e-01,621,1,0,1,1,1
011_banana,s1_gate_020_011_banana_t2,complete_epi,1703,0.380581,0.032555,1.010233e-05,3.639878e-05,2186,0.021703,1.034960e-05,0.043406,1.089846e-05,3.549988e-01,372,1,0,1,1,1
011_banana,s1_gate_020_011_banana_t3,complete_epi,1864,0.243355,0.031632,5.921607e-05,3.372643e-04,2026,0.021088,1.139727e-04,0.042176,6.804326e-05,1.335999e+00,615,1,0,1,1,1
011_banana,s1_gate_020_011_banana_t4,complete_epi,1272,0.736854,0.031173,3.085698e-05,1.993386e-05,2741,0.020782,4.052482e-05,0.041564,4.419479e-05,6.218088e-01,542,1,0,1,1,0
011_banana,s1_gate_020_011_banana_t5,complete_epi,1908,0.072896,0.032058,3.610302e-04,1.602237e-03,1957,0.021372,4.482022e-04,0.042744,2.685436e-04,1.283885e+00,784,1,0,1,1,1
011_banana,s1_gate_020_011_banana_t6,complete_epi,0,0.982249,0.032884,1.726551e-05,9.367128e-05,3749,0.021923,8.844440e-06,0.043845,2.684470e-05,8.537886e-01,724,0,0,1,1,
011_banana,s1_gate_020_011_banana_t7,complete_epi,980,0.814169,0.031245,1.114055e-05,2.468155e-05,2748,0.020830,5.985907e-06,0.041660,2.828195e-05,4.011279e-01,388,1,0,1,1,0
011_banana,s1_gate_020_011_banana_t8,complete_epi,590,0.884553,0.031491,1.335732e-05,4.489474e-05,2251,0.020994,3.032095e-05,0.041988,1.067844e-05,7.542182e-01,641,1,0,1,1,0
011_banana,s1_gate_020_011_banana_t9,complete_epi,1306,0.696916,0.032227,3.534590e-04,1.795282e-03,2000,0.021485,7.840134e-04,0.042970,2.661811e-04,2.135216e+00,600,1,0,1,1,0
011_banana,s1_gate_020_011_banana_t10,complete_epi,1807,0.211179,0.032983,4.039802e-05,2.384536e-04,1625,0.021989,7.049024e-05,0.043977,2.807005e-05,5.141570e-01,335,1,0,1,1,0
011_banana,s1_gate_020_011_banana_t11,complete_epi,89,0.958959,0.020878,2.858699e-05,1.296118e-04,3025,0.013919,1.929891e-05,0.027838,2.025380e-05,2.306275e+00,2049,1,0,1,1,0
011_banana,s1_gate_020_011_banana_t12,complete_epi,1368,0.688632,0.031801,8.354547e-05,6.986416e-05,2811,0.021201,1.078812e-04,0.042402,7.779811e-05,8.364463e-01,735,1,0,1,1,0
011_banana,s1_gate_020_011_banana_t13,complete_epi,604,0.850910,0.031406,2.767010e-05,3.445735e-05,3572,0.020937,8.870598e-06,0.041874,5.759615e-05,3.949287e-01,464,1,0,1,1,0
011_banana,s1_gate_020_011_banana_t14,complete_epi,1015,0.820228,0.032679,7.972056e-05,5.533456e-04,1721,0.021786,1.704998e-04,0.043572,6.582050e-05,1.109476e+00,475,1,0,1,1,0
011_banana,s1_gate_020_011_banana_t15,complete_epi,1897,0.129973,0.030493,8.251868e-05,5.097798e-04,2658,0.020329,9.601797e-05,0.040657,9.769205e-05,7.752324e-01,438,1,0,1,1,0
011_banana,s1_gate_020_011_banana_t16,complete_epi,1041,0.767626,0.032665,4.297232e-05,1.463720e-04,2231,0.021777,4.530114e-05,0.043553,5.154598e-05,1.447337e+00,780,1,0,1,1,1
011_banana,s1_gate_020_011_banana_t17,complete_epi,1922,0.085600,0.031986,2.767482e-04,1.362299e-03,2305,0.021324,3.359066e-04,0.042648,2.022372e-04,1.039656e+00,816,1,0,1,1,0
011_banana,s1_gate_020_011_banana_t18,complete_epi,726,0.866742,0.031162,5.810960e-05,1.912484e-04,2287,0.020775,2.118888e-04,0.041549,2.817100e-05,1.281630e+00,982,1,0,1,1,0
011_banana,s1_gate_020_011_banana_t19,complete_epi,1709,0.464054,0.032145,2.977384e-05,1.473551e-04,1554,0.021430,2.310875e-05,0.042860,2.564494e-05,3.738710e-03,70,1,0,1,1,0
011_banana,s1_gate_020_011_banana_t20,complete_epi,1007,0.799270,0.032590,3.548085e-05,2.406933e-04,3036,0.021726,2.257319e-05,0.043453,5.107877e-05,4.040033e-01,411,1,0,1,1,0
011_banana,s1_gate_020_011_banana_t21,complete_epi,1838,0.288246,0.031901,1.970486e-04,1.003840e-03,1701,0.021267,3.251153e-04,0.042534,1.400437e-04,8.216185e-01,349,1,0,1,1,1
011_banana,s1_gate_020_011_banana_t22,complete_epi,1885,0.212307,0.031833,2.401723e-04,1.077474e-03,1061,0.021222,3.673478e-04,0.042444,1.819390e-04,5.446900e-01,301,1,0,1,1,0
011_banana,s1_gate_020_011_banana_t23,complete_epi,1327,0.653723,0.031698,3.074571e-05,1.652025e-04,2903,0.021132,5.452504e-05,0.042264,2.025784e-05,1.565403e+00,1280,1,0,1,1,1
011_banana,s1_gate_020_011_banana_t24,complete_epi,1930,0.076589,0.031525,7.557906e-05,4.084646e-04,3041,0.021017,9.774061e-05,0.042033,7.658488e-05,1.043340e+00,421,1,0,1,1,1
025_mug,s2_gate_off_025_mug_t0,complete_only,131,0.911061,0.020731,6.367788e-06,2.454448e-05,548,0.013821,6.210206e-06,0.027641,8.384265e-06,2.226526e-01,141,1,0,1,1,1
025_mug,s2_gate_off_025_mug_t1,complete_only,4,0.932441,0.012242,9.355491e-05,4.266185e-04,213,0.008161,3.190555e-04,0.016322,6.204443e-05,2.834547e+00,456,1,0,1,1,0
025_mug,s2_gate_off_025_mug_t2,complete_only,57,0.826074,0.020307,2.258766e-06,8.669770e-06,530,0.013538,2.732747e-06,0.027076,1.894474e-06,4.237753e-02,54,1,0,1,1,0
025_mug,s2_gate_off_025_mug_t3,complete_only,2,0.951162,0.022033,1.980523e-05,4.262392e-05,399,0.014689,3.073658e-05,0.029377,1.351601e-05,2.297360e-01,117,1,0,1,1,1
025_mug,s2_gate_off_025_mug_t5,complete_only,110,0.929533,0.020736,1.077712e-05,4.080171e-05,605,0.013824,1.624006e-05,0.027648,1.000675e-05,5.491833e-01,215,1,0,1,1,1
025_mug,s2_gate_off_025_mug_t6,complete_only,8,0.937794,0.024823,6.146169e-06,2.276841e-05,571,0.016548,7.153944e-06,0.033097,6.015647e-06,2.239848e-01,134,1,0,1,1,1
025_mug,s2_gate_off_025_mug_t7,complete_only,38,0.924134,0.021636,1.308910e-05,3.531785e-05,829,0.014424,1.036438e-05,0.028848,1.854814e-05,6.892507e-01,345,1,0,1,1,1
025_mug,s2_gate_off_025_mug_t8,complete_only,1299,0.527636,0.006110,4.442082e-05,8.673704e-05,2707,0.004074,5.598358e-05,0.008147,2.437305e-05,1.917261e+00,7654,1,0,1,1,0
025_mug,s2_gate_off_025_mug_t9,complete_only,55,0.948673,0.021198,1.129274e-05,2.535155e-05,476,0.014132,1.127023e-05,0.028264,1.113083e-05,2.715673e-01,152,1,0,1,1,1
025_mug,s2_gate_off_025_mug_t10,complete_only,84,0.922485,0.019587,1.838369e-06,4.746363e-06,446,0.013058,2.146159e-06,0.026117,2.191180e-06,8.196429e-02,77,1,0,1,1,0
025_mug,s2_gate_off_025_mug_t11,complete_only,26,0.944082,0.019772,7.367487e-06,1.668758e-05,550,0.013181,7.212369e-06,0.026362,8.406878e-06,3.771881e-01,342,1,0,1,1,1
025_mug,s2_gate_off_025_mug_t12,complete_only,138,0.924678,0.023554,1.616187e-06,2.341291e-06,1017,0.015703,1.678794e-06,0.031405,1.600900e-06,1.273133e-01,162,1,0,1,1,1
025_mug,s2_gate_off_025_mug_t13,complete_only,23,0.925324,0.027612,1.533716e-06,2.696172e-06,2047,0.018408,1.583422e-06,0.036816,1.448551e-06,2.168667e-01,246,1,0,1,1,1
025_mug,s2_gate_off_025_mug_t14,complete_only,46,0.932102,0.020872,3.833632e-05,1.137965e-04,470,0.013914,2.903090e-05,0.027829,3.102789e-05,4.916973e-01,158,1,0,1,1,1
025_mug,s2_gate_off_025_mug_t15,complete_only,331,0.730918,0.020532,1.682575e-06,4.437449e-06,518,0.013688,1.904043e-06,0.027376,1.645135e-06,1.783696e-01,202,1,0,1,1,0
025_mug,s2_gate_off_025_mug_t16,complete_only,264,0.683490,0.020836,1.229494e-05,4.736277e-05,246,0.013890,1.135750e-05,0.027781,1.034267e-05,1.814185e-01,138,1,0,1,1,0
025_mug,s2_gate_off_025_mug_t17,complete_only,94,0.902306,0.019542,2.474570e-06,5.983350e-06,816,0.013028,3.429057e-06,0.026055,2.227603e-06,3.678737e-01,305,1,0,1,1,1
025_mug,s2_gate_off_025_mug_t18,complete_only,57,0.905568,0.020054,2.692033e-06,6.804901e-06,624,0.013369,2.708783e-06,0.026738,2.459874e-06,1.617716e-01,123,1,0,1,1,1
025_mug,s2_gate_off_025_mug_t19,complete_only,68,0.902955,0.020402,1.951277e-05,2.559433e-05,778,0.013601,3.073937e-05,0.027202,1.775216e-05,4.463956e-01,307,1,0,1,1,1
025_mug,s2_gate_off_025_mug_t20,complete_only,189,0.749600,0.020467,3.746347e-06,1.171487e-05,385,0.013644,3.613651e-06,0.027289,8.641504e-06,2.182937e-02,42,1,0,1,1,0
025_mug,s2_gate_off_025_mug_t21,complete_only,14,0.940814,0.020034,1.835385e-05,5.443499e-05,743,0.013356,2.443350e-05,0.026711,2.191551e-05,6.584553e-01,195,1,0,1,1,1
025_mug,s2_gate_off_025_mug_t22,complete_only,86,0.905089,0.022562,3.502275e-05,1.874155e-04,754,0.015042,5.973569e-05,0.030083,2.257257e-05,3.103613e-01,147,1,0,1,1,1
025_mug,s2_gate_off_025_mug_t23,complete_only,31,0.935079,0.019744,4.807817e-05,2.252931e-04,458,0.013163,1.111701e-04,0.026325,3.843021e-05,7.461650e-01,144,1,0,1,1,1
025_mug,s2_gate_off_025_mug_t24,complete_only,149,0.917572,0.022916,5.483446e-05,1.978555e-04,369,0.015277,9.376441e-05,0.030554,4.825235e-05,4.495140e-01,156,1,0,1,1,1
051_large_clamp,s2_gate_off_051_large_clamp_t0,complete_only,0,0.962526,0.030638,0.000000e+00,0.000000e+00,877,0.020425,0.000000e+00,0.040851,1.139020e-07,0.000000e+00,210,1,0,1,1,0
051_large_clamp,s2_gate_off_051_large_clamp_t1,complete_only,0,0.966055,0.029106,0.000000e+00,0.000000e+00,657,0.019404,0.000000e+00,0.038809,0.000000e+00,0.000000e+00,165,1,0,1,1,0
051_large_clamp,s2_gate_off_051_large_clamp_t2,complete_only,3,0.971424,0.033761,3.216327e-06,1.279840e-05,2987,0.022508,2.137913e-06,0.045015,5.858138e-06,1.138710e-01,266,1,0,1,1,0
051_large_clamp,s2_gate_off_051_large_clamp_t3,complete_only,6,0.951528,0.031872,7.799986e-06,2.856289e-05,1743,0.021248,5.402274e-06,0.042496,1.355662e-05,0.000000e+00,147,1,0,1,1,1
051_large_clamp,s2_gate_off_051_large_clamp_t4,complete_only,0,0.969202,0.029836,0.000000e+00,0.000000e+00,820,0.019890,0.000000e+00,0.039781,2.551664e-07,0.000000e+00,197,1,0,1,1,0
051_large_clamp,s2_gate_off_051_large_clamp_t5,complete_only,108,0.931916,0.026524,2.261630e-05,6.454260e-05,5040,0.017683,1.485700e-04,0.035366,3.922270e-05,6.137755e+00,4586,1,0,1,1,0
051_large_clamp,s2_gate_off_051_large_clamp_t6,complete_only,8,0.961756,0.030942,2.146535e-06,3.108480e-06,813,0.020628,0.000000e+00,0.041256,6.809628e-06,0.000000e+00,156,1,0,1,1,0
051_large_clamp,s2_gate_off_051_large_clamp_t7,complete_only,39,0.954597,0.030755,3.101011e-06,1.491332e-05,2269,0.020504,3.219655e-06,0.041007,3.009526e-06,4.560986e-01,398,1,0,1,1,0
051_large_clamp,s2_gate_off_051_large_clamp_t8,complete_only,0,0.966706,0.029306,0.000000e+00,0.000000e+00,723,0.019537,0.000000e+00,0.039074,5.120410e-07,0.000000e+00,166,1,0,1,1,1
051_large_clamp,s2_gate_off_051_large_clamp_t9,complete_only,0,0.950164,0.030596,1.561199e-07,1.316573e-06,1095,0.020397,0.000000e+00,0.040795,4.907854e-07,0.000000e+00,231,1,0,1,1,1
051_large_clamp,s2_gate_off_051_large_clamp_t10,complete_only,50,0.939687,0.031732,0.000000e+00,0.000000e+00,517,0.021155,0.000000e+00,0.042309,3.638826e-08,0.000000e+00,133,1,0,1,1,0
051_large_clamp,s2_gate_off_051_large_clamp_t11,complete_only,45,0.932598,0.031521,0.000000e+00,0.000000e+00,608,0.021014,0.000000e+00,0.042029,1.257320e-08,0.000000e+00,144,1,0,1,1,0
051_large_clamp,s2_gate_off_051_large_clamp_t12,complete_only,0,0.959115,0.031414,1.930489e-07,1.876923e-06,1306,0.020943,0.000000e+00,0.041885,4.355540e-07,0.000000e+00,222,1,0,1,1,1
051_large_clamp,s2_gate_off_051_large_clamp_t13,complete_only,12,0.955653,0.032157,7.684343e-06,1.953244e-05,1455,0.021438,5.502921e-06,0.042877,1.151764e-05,5.601539e-03,143,1,0,1,1,0
051_large_clamp,s2_gate_off_051_large_clamp_t14,complete_only,1,0.966044,0.029267,0.000000e+00,0.000000e+00,771,0.019511,0.000000e+00,0.039023,1.727741e-07,0.000000e+00,193,1,0,1,1,0
051_large_clamp,s2_gate_off_051_large_clamp_t15,complete_only,8,0.966635,0.032915,4.968123e-07,4.384114e-06,1083,0.021944,2.841265e-07,0.043887,1.073131e-06,0.000000e+00,214,1,0,1,1,1
051_large_clamp,s2_gate_off_051_large_clamp_t16,complete_only,0,0.972115,0.031863,3.624057e-06,1.467943e-05,2687,0.021242,1.131554e-06,0.042483,8.089834e-06,5.273420e-01,584,1,0,1,1,0
051_large_clamp,s2_gate_off_051_large_clamp_t17,complete_only,138,0.936468,0.030381,0.000000e+00,0.000000e+00,651,0.020254,0.000000e+00,0.040508,0.000000e+00,0.000000e+00,164,1,0,1,1,0
051_large_clamp,s2_gate_off_051_large_clamp_t18,complete_only,9,0.963961,0.032404,2.023838e-04,1.497766e-03,1326,0.021603,1.450263e-03,0.043206,2.244189e-05,3.925455e-01,282,1,0,1,1,1
051_large_clamp,s2_gate_off_051_large_clamp_t19,complete_only,13,0.969883,0.030444,6.597356e-06,2.068855e-05,2232,0.020296,6.615385e-06,0.040592,7.648921e-06,4.069120e-01,313,1,0,1,1,1
051_large_clamp,s2_gate_off_051_large_clamp_t20,complete_only,0,0.971247,0.033243,1.101235e-05,3.223101e-05,2678,0.022162,1.500536e-05,0.044324,1.909595e-05,1.594095e-01,245,1,0,1,1,1
051_large_clamp,s2_gate_off_051_large_clamp_t21,complete_only,0,0.958180,0.030120,1.225483e-06,3.989958e-06,1119,0.020080,1.488796e-06,0.040160,1.130024e-06,0.000000e+00,142,1,0,1,1,1
051_large_clamp,s2_gate_off_051_large_clamp_t22,complete_only,87,0.937825,0.030723,1.086770e-05,1.222694e-05,3240,0.020482,1.720239e-05,0.040964,1.074360e-05,2.328671e+00,1562,1,0,1,1,1
051_large_clamp,s2_gate_off_051_large_clamp_t23,complete_only,0,0.959141,0.028740,0.000000e+00,0.000000e+00,663,0.019160,0.000000e+00,0.038320,6.846679e-08,0.000000e+00,171,1,0,1,1,0
051_large_clamp,s2_gate_off_051_large_clamp_t24,complete_only,0,0.966308,0.030939,1.897834e-05,6.203698e-05,1294,0.020626,1.159565e-05,0.041253,2.610548e-05,4.601430e-01,309,1,0,1,1,0
022_windex_bottle,s2_gate_020_022_windex_bottle_t0,complete_epi,813,0.633447,0.038365,7.443413e-05,5.338716e-04,2108,0.025577,2.436366e-05,0.051154,1.066206e-04,0.000000e+00,23,1,0,1,1,0
022_windex_bottle,s2_gate_020_022_windex_bottle_t1,complete_epi,17,0.940330,0.045755,1.546606e-05,7.886234e-05,5834,0.030503,2.247267e-05,0.061006,2.447655e-05,5.995878e-01,398,1,0,1,1,0
022_windex_bottle,s2_gate_020_022_windex_bottle_t2,complete_epi,2,0.923709,0.032175,3.699667e-05,2.528329e-04,1149,0.021450,1.932293e-05,0.042901,7.589193e-05,2.082063e-01,285,1,0,1,1,0
022_windex_bottle,s2_gate_020_022_windex_bottle_t3,complete_epi,0,0.960355,0.040599,4.330598e-05,2.424758e-04,1923,0.027066,4.452502e-05,0.054132,6.092440e-05,1.754957e-01,186,1,0,1,1,0
022_windex_bottle,s2_gate_020_022_windex_bottle_t4,complete_epi,227,0.883914,0.041769,4.037027e-06,1.339191e-05,4317,0.027846,3.270888e-06,0.055693,5.763784e-06,1.889569e+00,1199,1,0,1,1,0
022_windex_bottle,s2_gate_020_022_windex_bottle_t5,complete_epi,477,0.804584,0.039749,5.528394e-05,2.981510e-04,1699,0.026499,3.347725e-05,0.052999,1.170344e-04,1.994506e-01,57,1,0,1,1,0
022_windex_bottle,s2_gate_020_022_windex_bottle_t6,complete_epi,103,0.916667,0.029330,1.015692e-04,4.739270e-04,990,0.019553,1.850967e-05,0.039107,7.706230e-05,3.264468e-01,375,1,0,1,1,0
022_windex_bottle,s2_gate_020_022_windex_bottle_t7,complete_epi,0,0.961999,0.041895,3.011148e-05,1.317833e-04,1694,0.027930,1.985133e-05,0.055860,5.543684e-05,3.336065e-01,258,1,0,1,1,0
022_windex_bottle,s2_gate_020_022_windex_bottle_t8,complete_epi,16,0.953111,0.045685,1.070365e-05,3.068483e-05,5174,0.030457,5.929178e-06,0.060914,1.617097e-05,5.171111e-01,384,1,0,1,1,0
022_windex_bottle,s2_gate_020_022_windex_bottle_t9,complete_epi,935,0.584224,0.038640,3.908023e-05,1.637215e-04,2616,0.025760,5.460005e-05,0.051521,4.175923e-05,1.416208e+00,562,1,0,1,1,0
022_windex_bottle,s2_gate_020_022_windex_bottle_t10,complete_epi,0,0.941073,0.045077,4.878534e-05,2.611952e-04,987,0.030051,3.175813e-05,0.060103,1.123781e-04,1.901506e-01,196,1,0,1,1,0
022_windex_bottle,s2_gate_020_022_windex_bottle_t11,complete_epi,5,0.943273,0.042215,1.374140e-05,1.247655e-04,1010,0.028143,8.674154e-06,0.056287,5.178756e-05,1.508973e-01,177,1,0,1,1,0
022_windex_bottle,s2_gate_020_022_windex_bottle_t12,complete_epi,247,0.858738,0.040902,8.609365e-06,2.183264e-05,4966,0.027268,4.922587e-06,0.054536,1.292659e-05,4.879236e-01,439,1,0,1,1,0
022_windex_bottle,s2_gate_020_022_windex_bottle_t13,complete_epi,0,0.928818,0.040876,2.649513e-05,1.011375e-04,2124,0.027251,3.001319e-05,0.054501,5.004762e-05,2.917320e-01,40,1,0,1,1,0
022_windex_bottle,s2_gate_020_022_windex_bottle_t14,complete_epi,116,0.882677,0.041962,4.461721e-06,1.044361e-05,4999,0.027974,3.149465e-06,0.055949,1.159580e-05,8.856923e-01,679,1,0,1,1,0
022_windex_bottle,s2_gate_020_022_windex_bottle_t15,complete_epi,7,0.912050,0.032179,1.197353e-04,4.009889e-04,936,0.021453,5.208095e-05,0.042905,1.361691e-04,1.301355e+00,484,1,0,1,1,1
022_windex_bottle,s2_gate_020_022_windex_bottle_t16,complete_epi,4,0.940111,0.039879,1.590113e-04,9.516929e-04,1025,0.026586,9.900961e-05,0.053171,2.335104e-04,1.102298e+00,325,1,0,1,1,0
022_windex_bottle,s2_gate_020_022_windex_bottle_t17,complete_epi,2,0.945092,0.043782,1.639916e-05,6.599600e-05,1178,0.029188,5.998579e-06,0.058376,4.445639e-05,0.000000e+00,104,1,0,1,1,0
022_windex_bottle,s2_gate_020_022_windex_bottle_t18,complete_epi,1,0.923465,0.039318,6.360413e-05,4.039147e-04,2419,0.026212,4.551622e-05,0.052424,4.596069e-05,1.616704e+00,976,1,0,1,1,1
022_windex_bottle,s2_gate_020_022_windex_bottle_t19,complete_epi,0,0.949715,0.043842,1.319953e-05,5.929198e-05,2106,0.029228,6.215409e-06,0.058456,4.802168e-05,7.677611e-01,473,1,0,1,1,0
022_windex_bottle,s2_gate_020_022_windex_bottle_t20,complete_epi,641,0.674765,0.040756,3.723834e-04,2.191899e-03,1855,0.027171,3.779853e-04,0.054342,3.596663e-04,1.065569e+00,192,1,0,1,1,0
022_windex_bottle,s2_gate_020_022_windex_bottle_t21,complete_epi,112,0.908873,0.045858,1.974737e-05,7.564341e-05,2308,0.030572,1.197380e-05,0.061144,4.170583e-05,1.067823e+00,473,1,0,1,1,0
022_windex_bottle,s2_gate_020_022_windex_bottle_t22,complete_epi,7,0.943380,0.041694,7.158326e-05,6.481326e-04,1377,0.027796,5.871612e-06,0.055593,1.061372e-04,4.151773e-01,342,1,0,1,1,0
022_windex_bottle,s2_gate_020_022_windex_bottle_t23,complete_epi,20,0.937570,0.046163,2.129127e-05,6.702852e-05,5284,0.030775,4.726076e-05,0.061550,2.807822e-05,8.423525e-01,537,1,0,1,1,0
022_windex_bottle,s2_gate_020_022_windex_bottle_t24,complete_epi,27,0.879915,0.038991,4.856687e-06,1.449368e-05,3986,0.025994,2.130453e-06,0.051988,7.619631e-06,1.085164e+00,837,1,0,1,1,0
006_mustard_bottle,s3_gate_off_006_mustard_bottle_t0,complete_only,8,0.873604,0.031558,4.510866e-06,1.162775e-05,1935,0.021039,4.693873e-06,0.042078,4.025129e-06,5.968947e-01,420,1,0,1,1,1
006_mustard_bottle,s3_gate_off_006_mustard_bottle_t1,complete_only,0,0.922838,0.032244,8.246500e-06,1.550223e-05,1472,0.021496,8.522414e-06,0.042992,7.530916e-06,7.807446e-01,525,1,0,1,1,1
006_mustard_bottle,s3_gate_off_006_mustard_bottle_t2,complete_only,0,0.913137,0.031027,4.322841e-06,1.524583e-05,1957,0.020684,3.347881e-06,0.041369,8.720852e-06,6.032393e-01,883,1,0,1,1,1
006_mustard_bottle,s3_gate_off_006_mustard_bottle_t3,complete_only,161,0.895188,0.031599,4.220076e-06,8.098571e-06,1968,0.021066,4.632851e-06,0.042132,3.706696e-06,8.530753e-01,546,1,0,1,1,0
006_mustard_bottle,s3_gate_off_006_mustard_bottle_t4,complete_only,1,0.855602,0.032005,8.573864e-06,1.856831e-05,1660,0.021337,7.615220e-06,0.042674,8.615248e-06,2.939426e-01,310,1,0,1,1,1
006_mustard_bottle,s3_gate_off_006_mustard_bottle_t6,complete_only,0,0.903451,0.031525,6.220075e-06,1.473903e-05,1411,0.021016,6.915954e-06,0.042033,5.747001e-06,7.269960e-01,515,1,0,1,1,1
006_mustard_bottle,s3_gate_off_006_mustard_bottle_t7,complete_only,9,0.894889,0.030743,8.300809e-06,2.839235e-05,1534,0.020495,7.344892e-06,0.040990,8.597042e-06,1.244752e+00,567,1,0,1,1,1
006_mustard_bottle,s3_gate_off_006_mustard_bottle_t8,complete_only,6,0.944297,0.029310,2.205303e-06,6.133988e-06,1789,0.019540,2.073701e-06,0.039080,3.106435e-06,4.736191e-01,645,1,0,1,1,1
006_mustard_bottle,s3_gate_off_006_mustard_bottle_t9,complete_only,0,0.890182,0.032056,7.690423e-06,1.807881e-05,1640,0.021371,8.103652e-06,0.042742,7.434615e-06,3.548786e-01,298,1,0,1,1,1
006_mustard_bottle,s3_gate_off_006_mustard_bottle_t10,complete_only,14,0.959710,0.010043,7.589704e-04,1.339691e-03,1381,0.006695,1.153598e-03,0.013391,4.842302e-04,7.215039e+00,4234,1,0,1,1,0
006_mustard_bottle,s3_gate_off_006_mustard_bottle_t11,complete_only,72,0.804986,0.032468,2.174683e-05,9.207177e-05,2170,0.021645,1.404036e-05,0.043290,3.237801e-05,9.270879e-01,819,1,0,1,1,1
006_mustard_bottle,s3_gate_off_006_mustard_bottle_t13,complete_only,18,0.821502,0.032784,5.485236e-06,1.286182e-05,1536,0.021856,5.935016e-06,0.043712,4.995652e-06,2.465118e-01,228,1,0,1,1,1
006_mustard_bottle,s3_gate_off_006_mustard_bottle_t14,complete_only,161,0.871151,0.028487,3.489530e-06,9.606067e-06,1552,0.018992,3.308567e-06,0.037983,3.798783e-06,6.477790e-01,540,1,0,1,1,1
006_mustard_bottle,s3_gate_off_006_mustard_bottle_t15,complete_only,158,0.809544,0.032382,2.820212e-05,6.586785e-05,2089,0.021588,1.419044e-05,0.043176,4.039834e-05,9.183380e-01,710,1,0,1,1,1
006_mustard_bottle,s3_gate_off_006_mustard_bottle_t17,complete_only,0,0.922160,0.030029,5.554081e-06,1.409067e-05,1541,0.020019,4.527013e-06,0.040038,6.471857e-06,8.460016e-01,450,1,0,1,1,1
006_mustard_bottle,s3_gate_off_006_mustard_bottle_t18,complete_only,269,0.812205,0.032469,1.172599e-05,3.275160e-05,1821,0.021646,1.166463e-05,0.043292,1.223536e-05,5.615266e-01,356,1,0,1,1,0
006_mustard_bottle,s3_gate_off_006_mustard_bottle_t19,complete_only,232,0.828787,0.033123,1.785154e-05,5.242798e-05,2055,0.022082,1.410211e-05,0.044164,2.691687e-05,5.356126e-01,520,1,0,1,1,1
006_mustard_bottle,s3_gate_off_006_mustard_bottle_t20,complete_only,1,0.935164,0.030511,7.491357e-06,1.721991e-05,1650,0.020341,6.159804e-06,0.040681,7.886633e-06,7.148307e-01,324,1,0,1,1,0
006_mustard_bottle,s3_gate_off_006_mustard_bottle_t21,complete_only,224,0.819557,0.032435,1.679905e-05,6.547141e-05,1982,0.021623,1.120698e-05,0.043247,2.577230e-05,1.000055e+00,704,1,0,1,1,1
006_mustard_bottle,s3_gate_off_006_mustard_bottle_t22,complete_only,13,0.881727,0.032067,4.782065e-06,9.276208e-06,1978,0.021378,5.374812e-06,0.042757,4.223136e-06,6.647448e-01,444,1,0,1,1,1
006_mustard_bottle,s3_gate_off_006_mustard_bottle_t23,complete_only,0,0.913955,0.011478,1.391696e-04,3.010133e-04,1197,0.007652,1.694145e-04,0.015304,1.226310e-04,6.405277e+00,5316,1,0,1,1,0
006_mustard_bottle,s3_gate_off_006_mustard_bottle_t24,complete_only,5,0.906758,0.031792,4.573793e-06,9.833117e-06,1787,0.021195,4.681670e-06,0.042389,4.297980e-06,5.261021e-01,409,1,0,1,1,1
011_banana,s3_gate_off_011_banana_t0,complete_only,1559,0.490686,0.032562,1.186429e-04,1.638197e-04,1724,0.021708,6.217585e-05,0.043416,2.039328e-04,8.463454e-01,420,1,0,1,1,0
011_banana,s3_gate_off_011_banana_t1,complete_only,1910,0.087785,0.033226,2.870891e-04,6.806829e-04,3327,0.022151,2.694737e-04,0.044302,2.862607e-04,5.117761e+00,958,1,0,1,1,0
011_banana,s3_gate_off_011_banana_t2,complete_only,1206,0.762969,0.031866,8.938973e-05,4.000165e-05,2352,0.021244,1.537194e-04,0.042488,7.343707e-05,9.095052e-01,744,1,0,1,1,0
011_banana,s3_gate_off_011_banana_t3,complete_only,1618,0.519466,0.032092,8.661035e-06,3.371270e-05,2725,0.021394,7.697519e-06,0.042789,1.127958e-05,3.855764e-01,363,1,0,1,1,0
011_banana,s3_gate_off_011_banana_t4,complete_only,1618,0.505378,0.030286,3.694495e-04,2.111016e-03,1288,0.020191,1.194756e-03,0.040381,1.554835e-04,1.053372e+00,570,1,0,1,1,0
011_banana,s3_gate_off_011_banana_t5,complete_only,1603,0.521974,0.030462,1.447730e-04,9.647736e-04,1821,0.020308,5.074614e-04,0.040616,8.434781e-05,8.934404e-01,403,1,0,1,1,0
011_banana,s3_gate_off_011_banana_t6,complete_only,1883,0.108428,0.033204,3.949531e-05,2.179695e-04,1829,0.022136,4.592532e-05,0.044272,3.990372e-05,4.114729e-01,282,1,0,1,1,1
011_banana,s3_gate_off_011_banana_t7,complete_only,1426,0.657140,0.031837,4.337998e-05,1.860713e-04,1769,0.021225,1.181337e-04,0.042449,2.006758e-05,4.745572e-01,497,1,0,1,1,0
011_banana,s3_gate_off_011_banana_t8,complete_only,1612,0.479063,0.033923,4.400024e-05,2.461770e-04,2181,0.022615,6.494420e-05,0.045230,2.648656e-05,3.698072e-01,310,1,0,1,1,0
011_banana,s3_gate_off_011_banana_t9,complete_only,807,0.842308,0.031325,1.276540e-04,3.697648e-04,2370,0.020883,2.465110e-04,0.041766,1.164864e-04,6.915758e-01,631,1,0,1,1,1
011_banana,s3_gate_off_011_banana_t10,complete_only,766,0.846872,0.031608,3.653642e-05,1.433934e-04,2317,0.021072,1.117726e-04,0.042144,2.392783e-05,1.025273e+00,666,1,0,1,1,1
011_banana,s3_gate_off_011_banana_t11,complete_only,1747,0.367715,0.030901,2.361362e-04,1.746185e-03,1610,0.020601,1.683458e-03,0.041201,2.136118e-04,8.750566e-01,316,1,0,1,1,0
011_banana,s3_gate_off_011_banana_t12,complete_only,29,0.977360,0.019726,1.399873e-05,7.384306e-05,1505,0.013151,1.524453e-05,0.026302,1.437444e-05,1.636613e+00,1762,1,0,1,1,1
011_banana,s3_gate_off_011_banana_t13,complete_only,1460,0.586211,0.031383,5.494737e-05,2.175650e-04,1664,0.020922,7.494382e-05,0.041844,6.684935e-05,8.001309e-01,411,1,0,1,1,0
011_banana,s3_gate_off_011_banana_t14,complete_only,718,0.850696,0.031643,6.327092e-06,2.089973e-05,2414,0.021095,1.815598e-05,0.042191,6.845891e-06,4.257892e-01,479,1,0,1,1,0
011_banana,s3_gate_off_011_banana_t15,complete_only,1742,0.369216,0.032154,3.753034e-04,2.739661e-03,1184,0.021436,1.218827e-03,0.042871,2.908878e-04,7.847874e-01,311,1,0,1,1,0
011_banana,s3_gate_off_011_banana_t16,complete_only,161,0.915182,0.026851,1.071521e-05,4.618032e-05,4029,0.017900,7.031004e-06,0.035801,1.634679e-05,7.263380e-01,969,1,0,1,1,1
011_banana,s3_gate_off_011_banana_t17,complete_only,1650,0.485362,0.031627,2.761593e-04,1.157994e-03,1309,0.021085,7.221957e-04,0.042170,1.911466e-04,1.308621e+00,300,1,0,1,1,1
011_banana,s3_gate_off_011_banana_t18,complete_only,1470,0.584687,0.031940,4.481208e-04,2.868811e-03,1611,0.021293,1.381158e-03,0.042586,3.471835e-04,2.208045e+00,627,1,0,1,1,0
011_banana,s3_gate_off_011_banana_t19,complete_only,1228,0.777640,0.032459,9.835268e-05,9.689713e-04,1614,0.021639,9.080490e-05,0.043279,1.067575e-04,1.521140e-01,210,1,0,1,1,1
011_banana,s3_gate_off_011_banana_t20,complete_only,1138,0.735086,0.032545,3.591001e-05,1.469858e-04,2125,0.021696,4.941866e-05,0.043393,2.994693e-05,9.549320e-01,606,1,0,1,1,1
011_banana,s3_gate_off_011_banana_t21,complete_only,1897,0.118776,0.030335,7.145336e-05,4.349044e-04,2038,0.020224,6.428068e-05,0.040447,8.579598e-05,1.182133e+00,527,1,0,1,1,0
011_banana,s3_gate_off_011_banana_t22,complete_only,1154,0.700664,0.033004,2.470848e-05,5.740741e-05,1975,0.022003,1.876725e-05,0.044005,4.564491e-05,1.337928e-01,189,1,0,1,1,0
011_banana,s3_gate_off_011_banana_t23,complete_only,1850,0.200938,0.033697,1.844035e-04,9.910748e-04,1529,0.022464,4.158739e-04,0.044929,1.203911e-04,5.457082e-01,151,1,0,1,1,0
011_banana,s3_gate_off_011_banana_t24,complete_only,1307,0.620375,0.033092,3.155898e-05,3.567069e-05,1855,0.022062,1.893974e-05,0.044123,5.514458e-05,0.000000e+00,145,1,0,1,1,0
025_mug,s3_gate_020_025_mug_t0,complete_epi,91,0.929503,0.020518,1.002044e-06,1.693719e-06,544,0.013679,9.009484e-07,0.027357,1.097365e-06,1.272644e-03,72,1,0,1,1,1
025_mug,s3_gate_020_025_mug_t1,complete_epi,89,0.913812,0.020145,1.159571e-06,1.978986e-06,502,0.013430,1.489874e-07,0.026860,1.459104e-06,0.000000e+00,98,1,0,1,1,0
025_mug,s3_gate_020_025_mug_t2,complete_epi,83,0.926748,0.022005,1.122478e-05,2.899085e-05,459,0.014670,1.105265e-05,0.029340,1.370816e-05,2.549566e-01,125,1,0,1,1,0
025_mug,s3_gate_020_025_mug_t3,complete_epi,117,0.890484,0.020576,4.373164e-06,9.617332e-06,715,0.013717,4.639210e-06,0.027435,3.988309e-06,2.984445e-01,189,1,0,1,1,1
025_mug,s3_gate_020_025_mug_t4,complete_epi,28,0.929675,0.020027,6.754852e-06,1.719802e-05,804,0.013351,5.200804e-06,0.026702,8.059748e-06,2.471045e-01,153,1,0,1,1,1
025_mug,s3_gate_020_025_mug_t5,complete_epi,7,0.954256,0.019939,9.858321e-06,3.132598e-05,452,0.013292,1.435728e-05,0.026585,7.550817e-06,2.244214e-01,112,1,0,1,1,1
025_mug,s3_gate_020_025_mug_t7,complete_epi,99,0.926259,0.022334,2.600703e-05,1.060998e-04,502,0.014889,1.254380e-05,0.029778,2.653172e-05,3.459102e-01,137,1,0,1,1,1
025_mug,s3_gate_020_025_mug_t8,complete_epi,342,0.671414,0.020964,2.302790e-05,2.137241e-04,529,0.013976,2.568048e-06,0.027952,1.788429e-05,4.248405e-02,58,1,0,1,1,0
025_mug,s3_gate_020_025_mug_t9,complete_epi,111,0.905916,0.020360,2.654007e-06,5.116826e-06,843,0.013573,2.450088e-06,0.027147,2.603252e-06,2.998237e-01,214,1,0,1,1,1
025_mug,s3_gate_020_025_mug_t10,complete_epi,13,0.933309,0.036366,4.163191e-05,2.971519e-04,3012,0.024244,3.675897e-05,0.048488,6.859560e-05,9.667774e-01,364,1,0,1,1,1
025_mug,s3_gate_020_025_mug_t12,complete_epi,492,0.677516,0.020766,2.982462e-06,7.069209e-06,228,0.013844,3.566813e-06,0.027688,2.537318e-06,2.791416e-02,42,1,0,1,1,1
025_mug,s3_gate_020_025_mug_t13,complete_epi,57,0.780728,0.033814,2.878165e-04,1.404123e-03,1949,0.022543,5.165452e-04,0.045086,3.414443e-04,3.016922e+00,335,1,0,1,1,0
025_mug,s3_gate_020_025_mug_t14,complete_epi,115,0.931883,0.024525,3.939643e-05,2.847618e-04,738,0.016350,5.443429e-05,0.032700,2.723558e-05,3.893267e-01,140,1,0,1,1,1
025_mug,s3_gate_020_025_mug_t15,complete_epi,60,0.931003,0.020379,7.831216e-06,2.526893e-05,522,0.013586,5.481986e-06,0.027172,1.073901e-05,3.361756e-01,168,1,0,1,1,1
025_mug,s3_gate_020_025_mug_t16,complete_epi,455,0.671666,0.020594,5.230596e-06,4.189610e-05,433,0.013729,1.035689e-05,0.027458,4.706504e-06,2.304236e-01,176,1,0,1,1,0
025_mug,s3_gate_020_025_mug_t17,complete_epi,21,0.943541,0.021219,2.761178e-05,1.549802e-04,581,0.014146,4.446035e-05,0.028292,2.493340e-05,5.698262e-01,112,1,0,1,1,1
025_mug,s3_gate_020_025_mug_t18,complete_epi,21,0.938771,0.020921,1.350569e-06,2.898570e-06,704,0.013947,1.384175e-06,0.027895,1.307670e-06,2.434238e-01,277,1,0,1,1,1
025_mug,s3_gate_020_025_mug_t19,complete_epi,20,0.940916,0.020781,2.362376e-06,5.319178e-06,266,0.013854,2.348600e-06,0.027708,3.652485e-06,3.045760e-01,242,1,0,1,1,1
025_mug,s3_gate_020_025_mug_t21,complete_epi,46,0.898757,0.019710,2.254319e-06,8.166788e-06,373,0.013140,4.836046e-06,0.026280,2.004788e-06,1.358921e-01,99,1,0,1,1,1
025_mug,s3_gate_020_025_mug_t22,complete_epi,30,0.934035,0.021792,6.911368e-06,1.638664e-05,518,0.014528,8.634024e-06,0.029056,6.652279e-06,2.069134e-01,112,1,0,1,1,1
025_mug,s3_gate_020_025_mug_t23,complete_epi,282,0.720387,0.021090,2.806140e-06,7.657801e-06,174,0.014060,2.675943e-06,0.028119,3.348554e-06,3.202019e-01,227,1,0,1,1,0
025_mug,s3_gate_020_025_mug_t24,complete_epi,177,0.891749,0.023357,1.322980e-05,6.398973e-05,594,0.015572,1.714123e-05,0.031143,1.146453e-05,3.914278e-01,179,1,0,1,1,1
051_large_clamp,s3_gate_020_051_large_clamp_t0,complete_epi,154,0.936533,0.030610,8.197506e-06,2.805678e-05,1719,0.020407,1.152242e-05,0.040814,9.179999e-06,4.908203e-01,313,1,0,1,1,1
051_large_clamp,s3_gate_020_051_large_clamp_t1,complete_epi,2,0.968131,0.030167,7.590743e-07,1.834527e-06,960,0.020112,0.000000e+00,0.040223,1.273222e-06,0.000000e+00,128,1,0,1,1,1
051_large_clamp,s3_gate_020_051_large_clamp_t2,complete_epi,10,0.953665,0.030130,0.000000e+00,0.000000e+00,949,0.020087,0.000000e+00,0.040173,8.355669e-08,0.000000e+00,220,1,0,1,1,1
051_large_clamp,s3_gate_020_051_large_clamp_t3,complete_epi,38,0.966514,0.030389,2.183242e-06,6.181111e-06,2459,0.020259,2.634166e-06,0.040518,3.186563e-06,4.789251e-01,459,1,0,1,1,1
051_large_clamp,s3_gate_020_051_large_clamp_t4,complete_epi,0,0.960186,0.029757,1.165385e-06,4.605070e-06,1125,0.019838,8.394188e-07,0.039676,1.383240e-06,8.591591e-03,164,1,0,1,1,1
051_large_clamp,s3_gate_020_051_large_clamp_t5,complete_epi,14,0.952425,0.029751,1.406132e-06,4.226757e-06,1378,0.019834,1.428514e-06,0.039668,1.292858e-06,1.321343e-01,224,1,0,1,1,1
051_large_clamp,s3_gate_020_051_large_clamp_t6,complete_epi,42,0.968157,0.030029,3.038425e-05,1.624113e-04,1605,0.020019,1.604966e-05,0.040039,3.498667e-05,6.037249e-01,279,1,0,1,1,1
051_large_clamp,s3_gate_020_051_large_clamp_t8,complete_epi,4,0.974997,0.031221,4.731169e-06,8.352943e-06,1831,0.020814,2.175393e-06,0.041629,8.691420e-06,1.245892e-02,201,1,0,1,1,0
051_large_clamp,s3_gate_020_051_large_clamp_t9,complete_epi,8,0.968293,0.032615,1.722235e-06,5.018804e-06,2407,0.021743,2.406988e-06,0.043487,2.117412e-06,2.186464e-02,165,1,0,1,1,1
051_large_clamp,s3_gate_020_051_large_clamp_t10,complete_epi,15,0.975849,0.012423,7.317967e-05,2.642848e-04,1057,0.008282,7.468562e-05,0.016564,6.881099e-05,2.524627e+00,2387,1,0,1,1,0
051_large_clamp,s3_gate_020_051_large_clamp_t11,complete_epi,0,0.957107,0.031424,0.000000e+00,0.000000e+00,694,0.020949,0.000000e+00,0.041898,3.651715e-07,0.000000e+00,183,1,0,1,1,0
051_large_clamp,s3_gate_020_051_large_clamp_t12,complete_epi,0,0.970939,0.031658,1.008481e-06,2.530730e-06,2541,0.021105,1.113684e-06,0.042210,3.483462e-06,2.082651e-01,334,1,0,1,1,0
051_large_clamp,s3_gate_020_051_large_clamp_t13,complete_epi,4,0.967165,0.032770,9.597899e-06,5.200094e-05,836,0.021847,8.369332e-06,0.043694,5.539678e-06,1.113664e-01,232,1,0,1,1,1
051_large_clamp,s3_gate_020_051_large_clamp_t14,complete_epi,2,0.981746,0.012655,4.174571e-05,1.382130e-04,1367,0.008436,4.402458e-05,0.016873,2.924116e-05,3.966259e+00,2737,1,0,1,1,0
051_large_clamp,s3_gate_020_051_large_clamp_t15,complete_epi,1,0.958691,0.031544,2.262058e-06,0.000000e+00,703,0.021029,6.509481e-07,0.042058,5.480756e-06,0.000000e+00,150,1,0,1,1,0
051_large_clamp,s3_gate_020_051_large_clamp_t16,complete_epi,0,0.976112,0.047837,1.270270e-05,3.517676e-05,8850,0.031891,8.770632e-06,0.063782,1.628135e-05,2.102014e+00,1156,1,0,1,1,1
051_large_clamp,s3_gate_020_051_large_clamp_t17,complete_epi,2,0.963101,0.029905,0.000000e+00,0.000000e+00,910,0.019936,0.000000e+00,0.039873,3.236065e-07,0.000000e+00,213,1,0,1,1,1
051_large_clamp,s3_gate_020_051_large_clamp_t18,complete_epi,3,0.961166,0.031854,8.313189e-07,0.000000e+00,817,0.021236,0.000000e+00,0.042472,3.654797e-06,0.000000e+00,157,1,0,1,1,1
051_large_clamp,s3_gate_020_051_large_clamp_t19,complete_epi,115,0.928599,0.032043,2.510291e-04,1.403987e-03,1483,0.021362,5.099128e-04,0.042724,2.448580e-04,8.844310e-01,323,1,0,1,1,1
051_large_clamp,s3_gate_020_051_large_clamp_t20,complete_epi,7,0.971536,0.033238,2.551644e-06,1.498368e-05,2047,0.022159,2.021859e-06,0.044318,4.604703e-06,1.917174e-01,291,1,0,1,1,0
051_large_clamp,s3_gate_020_051_large_clamp_t21,complete_epi,163,0.938050,0.030787,2.057660e-05,1.179432e-04,1574,0.020525,1.932625e-05,0.041050,1.675791e-05,2.447358e-01,184,1,0,1,1,0
051_large_clamp,s3_gate_020_051_large_clamp_t22,complete_epi,1,0.969390,0.031400,3.801736e-06,1.155185e-05,1396,0.020933,3.030338e-06,0.041867,8.062784e-06,2.168385e-02,143,1,0,1,1,0
051_large_clamp,s3_gate_020_051_large_clamp_t23,complete_epi,3,0.965881,0.032528,2.659840e-06,6.519655e-06,2768,0.021685,1.684758e-06,0.043370,7.705069e-06,2.911256e-01,389,1,0,1,1,1
051_large_clamp,s3_gate_020_051_large_clamp_t24,complete_epi,3,0.965191,0.031327,8.220300e-06,4.741719e-05,2661,0.020885,6.718896e-06,0.041770,1.510328e-05,2.305247e-01,249,1,0,1,1,1
021_bleach_cleanser,s0_gate_off_021_bleach_cleanser_t0,complete_only,228,0.873696,0.039125,2.260997e-05,2.181960e-04,566,0.026083,0.000000e+00,0.052167,2.792385e-05,0.000000e+00,55,1,0,1,1,1
021_bleach_cleanser,s0_gate_off_021_bleach_cleanser_t1,complete_only,595,0.757106,0.047403,2.481316e-05,1.034349e-04,1890,0.031602,2.915096e-05,0.063204,1.702495e-05,3.828245e-01,278,1,0,1,1,1
021_bleach_cleanser,s0_gate_off_021_bleach_cleanser_t2,complete_only,153,0.893922,0.039990,2.951064e-05,1.348292e-04,1343,0.026660,3.193065e-05,0.053320,2.175836e-05,1.544877e-01,160,1,0,1,1,1
021_bleach_cleanser,s0_gate_off_021_bleach_cleanser_t3,complete_only,30,0.929469,0.039511,1.201790e-04,5.191372e-04,444,0.026341,1.222319e-04,0.052681,8.488505e-05,3.309330e-02,95,1,0,1,1,1
021_bleach_cleanser,s0_gate_off_021_bleach_cleanser_t5,complete_only,77,0.909821,0.040240,1.142823e-05,3.357868e-05,1318,0.026827,1.262058e-05,0.053653,9.942582e-06,1.243193e-01,119,1,0,1,1,0
021_bleach_cleanser,s0_gate_off_021_bleach_cleanser_t6,complete_only,40,0.941776,0.039133,4.155446e-05,3.424213e-04,469,0.026089,0.000000e+00,0.052178,4.470221e-05,0.000000e+00,117,1,0,1,1,1
021_bleach_cleanser,s0_gate_off_021_bleach_cleanser_t8,complete_only,552,0.823421,0.038852,7.470970e-05,2.685438e-04,1296,0.025902,1.053928e-04,0.051803,4.340640e-05,1.299703e-01,125,1,0,1,1,0
021_bleach_cleanser,s0_gate_off_021_bleach_cleanser_t9,complete_only,51,0.941951,0.039080,6.053211e-05,4.017263e-04,910,0.026054,4.743526e-05,0.052107,5.322815e-05,0.000000e+00,85,1,0,1,1,0
021_bleach_cleanser,s0_gate_off_021_bleach_cleanser_t10,complete_only,27,0.918884,0.039376,1.503055e-04,6.738214e-04,987,0.026251,1.300802e-04,0.052502,9.590145e-05,3.334829e-01,144,1,0,1,1,1
021_bleach_cleanser,s0_gate_off_021_bleach_cleanser_t11,complete_only,21,0.949921,0.039226,7.922467e-05,3.984553e-04,1101,0.026151,8.254460e-05,0.052302,7.590573e-05,2.206005e-01,154,1,0,1,1,1
021_bleach_cleanser,s0_gate_off_021_bleach_cleanser_t12,complete_only,402,0.904635,0.040310,5.432355e-05,2.062558e-04,1229,0.026874,6.249077e-05,0.053747,3.382071e-05,1.699399e-01,151,1,0,1,1,1
021_bleach_cleanser,s0_gate_off_021_bleach_cleanser_t13,complete_only,13,0.942418,0.040173,4.182790e-05,3.359359e-04,955,0.026782,3.917692e-05,0.053564,5.140835e-05,0.000000e+00,70,1,0,1,1,1
021_bleach_cleanser,s0_gate_off_021_bleach_cleanser_t14,complete_only,8,0.934601,0.039951,9.291534e-05,4.264215e-04,665,0.026634,1.074241e-04,0.053268,6.047248e-05,4.269588e-01,142,1,0,1,1,1
021_bleach_cleanser,s0_gate_off_021_bleach_cleanser_t15,complete_only,293,0.930553,0.036000,1.424618e-06,6.766533e-06,1334,0.024000,0.000000e+00,0.048000,3.206345e-06,0.000000e+00,181,1,0,1,1,0
021_bleach_cleanser,s0_gate_off_021_bleach_cleanser_t16,complete_only,42,0.938345,0.039461,8.190449e-06,1.367237e-05,955,0.026307,2.980500e-06,0.052615,1.986502e-05,0.000000e+00,95,1,0,1,1,1
021_bleach_cleanser,s0_gate_off_021_bleach_cleanser_t18,complete_only,41,0.925896,0.038704,4.725275e-05,3.304121e-04,655,0.025803,4.725549e-05,0.051606,3.129668e-05,1.300343e-01,144,1,0,1,1,1
021_bleach_cleanser,s0_gate_off_021_bleach_cleanser_t19,complete_only,20,0.878045,0.055675,1.389589e-04,1.191430e-03,4167,0.037117,3.272138e-04,0.074233,1.272305e-04,3.509372e-01,301,1,0,1,1,1
021_bleach_cleanser,s0_gate_off_021_bleach_cleanser_t20,complete_only,103,0.924873,0.039569,1.707483e-04,7.325519e-04,926,0.026379,1.070736e-04,0.052758,1.315799e-04,1.049613e-01,151,1,0,1,1,1
021_bleach_cleanser,s0_gate_off_021_bleach_cleanser_t22,complete_only,555,0.870051,0.039469,9.619416e-05,5.473071e-04,1263,0.026312,2.682901e-04,0.052625,7.799950e-05,2.147365e-02,139,1,0,1,1,1
021_bleach_cleanser,s0_gate_off_021_bleach_cleanser_t23,complete_only,269,0.864613,0.052398,1.240548e-04,6.978426e-05,2914,0.034932,7.123581e-05,0.069864,2.033520e-04,0.000000e+00,282,1,0,1,1,1
021_bleach_cleanser,s0_gate_off_021_bleach_cleanser_t24,complete_only,1539,0.641981,0.015029,5.883263e-06,2.433704e-05,1777,0.010020,3.959887e-06,0.020039,4.585629e-06,1.581705e+00,1686,1,0,1,1,0
061_foam_brick,s0_gate_off_061_foam_brick_t0,complete_only,618,0.893735,0.016189,2.607983e-04,8.360669e-04,776,0.010793,2.673144e-04,0.021586,1.712774e-04,1.704337e+00,1266,1,0,1,1,1
061_foam_brick,s0_gate_off_061_foam_brick_t1,complete_only,42,0.962875,0.016532,1.714151e-06,4.373788e-06,553,0.011021,8.035287e-06,0.022043,2.902385e-06,1.081881e+00,1410,1,0,1,1,0
061_foam_brick,s0_gate_off_061_foam_brick_t2,complete_only,1070,0.812116,0.016851,3.693398e-04,1.066427e-03,257,0.011234,2.950777e-04,0.022468,2.427851e-04,1.143687e+00,1288,1,0,1,1,1
061_foam_brick,s0_gate_off_061_foam_brick_t3,complete_only,1322,0.559610,0.016971,9.933205e-06,5.706032e-05,1249,0.011314,8.353138e-06,0.022628,1.216640e-05,2.211087e+00,1482,1,0,1,1,1
061_foam_brick,s0_gate_off_061_foam_brick_t4,complete_only,128,0.966291,0.016988,8.423929e-04,2.223768e-03,667,0.011325,9.400133e-04,0.022651,2.347407e-04,8.726553e-01,958,1,0,1,1,1
061_foam_brick,s0_gate_off_061_foam_brick_t5,complete_only,885,0.858118,0.016731,6.050783e-04,1.880921e-03,363,0.011154,5.161836e-04,0.022309,3.780763e-04,1.831973e+00,959,1,0,1,1,1
061_foam_brick,s0_gate_off_061_foam_brick_t6,complete_only,1,0.958915,0.016905,2.248408e-05,4.072672e-05,589,0.011270,8.910086e-06,0.022541,3.945426e-05,9.352020e-01,937,1,0,1,1,1
061_foam_brick,s0_gate_off_061_foam_brick_t7,complete_only,457,0.916677,0.017242,4.960626e-07,7.844342e-07,1083,0.011495,4.778597e-07,0.022989,4.839661e-07,1.134806e+00,1898,1,0,1,1,0
061_foam_brick,s0_gate_off_061_foam_brick_t8,complete_only,335,0.925395,0.016980,4.459737e-06,8.559173e-06,953,0.011320,4.203742e-06,0.022640,7.516404e-06,1.788918e+00,1439,1,0,1,1,1
061_foam_brick,s0_gate_off_061_foam_brick_t9,complete_only,7,0.960822,0.016656,8.027659e-06,2.435464e-06,444,0.011104,1.097407e-06,0.022208,2.141440e-05,1.285623e+00,1098,1,0,1,1,1
061_foam_brick,s0_gate_off_061_foam_brick_t10,complete_only,1153,0.794712,0.016577,1.909348e-04,1.247945e-03,682,0.011051,3.575762e-04,0.022102,1.240328e-04,1.200901e+00,1133,1,0,1,1,1
061_foam_brick,s0_gate_off_061_foam_brick_t11,complete_only,1171,0.776819,0.015991,2.058569e-04,1.103074e-03,437,0.010661,1.284222e-04,0.021322,1.004590e-04,9.293807e-01,1089,1,0,1,1,1
061_foam_brick,s0_gate_off_061_foam_brick_t12,complete_only,1,0.968325,0.016532,1.380964e-05,6.490928e-05,487,0.011021,7.514456e-06,0.022043,2.831922e-05,1.273105e+00,1041,1,0,1,1,1
061_foam_brick,s0_gate_off_061_foam_brick_t13,complete_only,119,0.922507,0.015838,5.146587e-04,1.566460e-03,576,0.010559,4.125315e-04,0.021117,4.496883e-04,1.818827e+00,1030,1,0,1,1,1
061_foam_brick,s0_gate_off_061_foam_brick_t14,complete_only,774,0.876604,0.016165,1.029903e-04,4.145383e-04,349,0.010777,9.324274e-05,0.021554,4.012642e-05,1.066810e+00,991,1,0,1,1,1
061_foam_brick,s0_gate_off_061_foam_brick_t15,complete_only,914,0.875446,0.017160,2.812510e-06,1.039237e-05,836,0.011440,5.371013e-06,0.022880,9.528809e-06,2.977133e+00,1735,1,0,1,1,1
061_foam_brick,s0_gate_off_061_foam_brick_t16,complete_only,0,0.972745,0.017246,2.721828e-05,1.590197e-04,570,0.011498,3.377204e-06,0.022995,5.068130e-05,1.622487e+00,1085,1,0,1,1,1
061_foam_brick,s0_gate_off_061_foam_brick_t17,complete_only,766,0.852176,0.017898,5.563828e-07,9.028521e-07,1072,0.011932,5.499664e-07,0.023864,5.392027e-07,9.850820e-01,1503,1,0,1,1,1
061_foam_brick,s0_gate_off_061_foam_brick_t18,complete_only,291,0.960632,0.017290,3.738473e-06,1.156090e-05,884,0.011527,4.023902e-06,0.023053,1.165716e-05,1.152415e+00,959,1,0,1,1,1
061_foam_brick,s0_gate_off_061_foam_brick_t19,complete_only,75,0.958514,0.016380,1.282481e-05,1.732699e-05,412,0.010920,2.863093e-06,0.021840,1.666763e-05,1.385841e+00,899,1,0,1,1,1
061_foam_brick,s0_gate_off_061_foam_brick_t20,complete_only,0,0.968361,0.016622,6.887729e-06,1.693056e-05,987,0.011082,5.006193e-06,0.022163,2.778614e-05,9.233614e-01,902,1,0,1,1,1
061_foam_brick,s0_gate_off_061_foam_brick_t21,complete_only,289,0.933362,0.017087,4.604609e-07,7.467710e-07,1107,0.011391,3.558734e-07,0.022782,4.625165e-07,1.139674e+00,1904,1,0,1,1,0
061_foam_brick,s0_gate_off_061_foam_brick_t22,complete_only,241,0.890885,0.016103,1.263674e-05,1.369488e-04,514,0.010735,1.790435e-05,0.021470,1.122414e-05,8.816647e-01,1044,1,0,1,1,1
061_foam_brick,s0_gate_off_061_foam_brick_t23,complete_only,1258,0.700779,0.017320,7.317215e-05,2.880964e-04,439,0.011547,7.866256e-05,0.023093,6.067962e-05,1.783221e+00,1162,1,0,1,1,1
061_foam_brick,s0_gate_off_061_foam_brick_t24,complete_only,677,0.892698,0.017224,5.017968e-07,9.063062e-07,1046,0.011483,4.619304e-07,0.022966,4.863081e-07,1.226565e+00,2041,1,0,1,1,1
010_potted_meat_can,s0_gate_020_010_potted_meat_can_t0,complete_epi,18,0.872914,0.021554,9.208963e-07,3.517109e-06,606,0.014369,8.429638e-07,0.028739,2.487150e-06,2.700094e-01,495,1,0,1,1,1
010_potted_meat_can,s0_gate_020_010_potted_meat_can_t1,complete_epi,13,0.910796,0.020951,5.444491e-06,1.762116e-06,806,0.013967,8.301104e-07,0.027934,1.275875e-05,6.372312e-01,664,1,0,1,1,1
010_potted_meat_can,s0_gate_020_010_potted_meat_can_t2,complete_epi,137,0.805843,0.021033,3.470495e-06,2.867510e-06,605,0.014022,2.273394e-06,0.028044,4.020562e-06,4.936749e-01,620,1,0,1,1,1
010_potted_meat_can,s0_gate_020_010_potted_meat_can_t3,complete_epi,50,0.836305,0.020509,5.100008e-06,1.488661e-05,709,0.013673,1.567546e-06,0.027345,5.477373e-06,5.498388e-01,657,1,0,1,1,1
010_potted_meat_can,s0_gate_020_010_potted_meat_can_t4,complete_epi,12,0.771841,0.021262,2.386097e-06,4.188187e-06,707,0.014175,2.411798e-06,0.028350,2.526339e-06,3.208335e-01,289,1,0,1,1,0
010_potted_meat_can,s0_gate_020_010_potted_meat_can_t5,complete_epi,23,0.780844,0.021060,5.103392e-06,6.208685e-05,733,0.014040,5.826948e-06,0.028080,4.801988e-06,5.692314e-01,708,1,0,1,1,1
010_potted_meat_can,s0_gate_020_010_potted_meat_can_t6,complete_epi,0,0.908819,0.020798,1.031152e-06,2.732256e-06,632,0.013865,7.613903e-07,0.027731,9.470628e-07,2.676413e-01,442,1,0,1,1,0
010_potted_meat_can,s0_gate_020_010_potted_meat_can_t7,complete_epi,174,0.911211,0.019793,9.229084e-07,2.713056e-06,611,0.013195,9.930124e-07,0.026391,8.484695e-07,2.599372e-01,572,1,0,1,1,1
010_potted_meat_can,s0_gate_020_010_potted_meat_can_t8,complete_epi,9,0.863301,0.020651,1.363104e-06,5.552009e-06,871,0.013767,1.330383e-06,0.027534,1.571594e-06,5.318278e-01,746,1,0,1,1,0
010_potted_meat_can,s0_gate_020_010_potted_meat_can_t9,complete_epi,0,0.856410,0.021148,2.876244e-06,1.412597e-05,359,0.014099,4.506773e-06,0.028197,2.970676e-06,3.801696e-01,538,1,0,1,1,1
010_potted_meat_can,s0_gate_020_010_potted_meat_can_t10,complete_epi,281,0.769835,0.021302,1.351769e-06,2.655966e-06,938,0.014202,1.502325e-06,0.028403,3.311845e-06,5.095370e-01,646,1,0,1,1,0
010_potted_meat_can,s0_gate_020_010_potted_meat_can_t11,complete_epi,74,0.808053,0.021179,3.960571e-06,1.731073e-05,910,0.014119,4.366475e-06,0.028239,4.170288e-06,7.701556e-01,803,1,0,1,1,1
010_potted_meat_can,s0_gate_020_010_potted_meat_can_t12,complete_epi,2,0.835690,0.020733,1.409307e-06,3.891895e-06,485,0.013822,1.516543e-06,0.027644,1.104925e-05,3.539258e-01,481,1,0,1,1,1
010_potted_meat_can,s0_gate_020_010_potted_meat_can_t13,complete_epi,0,0.881182,0.021014,4.607811e-06,3.594888e-06,625,0.014009,1.101644e-06,0.028018,1.440244e-05,1.731255e-01,411,1,0,1,1,1
010_potted_meat_can,s0_gate_020_010_potted_meat_can_t14,complete_epi,124,0.769390,0.021268,2.906024e-06,2.773088e-06,754,0.014179,1.845189e-06,0.028358,4.259133e-06,5.684141e-01,732,1,0,1,1,1
010_potted_meat_can,s0_gate_020_010_potted_meat_can_t15,complete_epi,71,0.817971,0.020569,2.737792e-06,1.141781e-05,684,0.013713,2.550762e-06,0.027426,3.067020e-06,7.943061e-01,829,1,0,1,1,1
010_potted_meat_can,s0_gate_020_010_potted_meat_can_t16,complete_epi,3,0.838671,0.021092,2.079786e-06,8.143514e-06,399,0.014061,2.121218e-06,0.028123,4.566205e-06,2.266803e-01,276,1,0,1,1,0
010_potted_meat_can,s0_gate_020_010_potted_meat_can_t17,complete_epi,0,0.932599,0.020219,2.130818e-06,8.442925e-06,722,0.013479,3.178454e-06,0.026958,2.212794e-06,5.129384e-01,707,1,0,1,1,1
010_potted_meat_can,s0_gate_020_010_potted_meat_can_t18,complete_epi,0,0.919935,0.021242,1.666429e-05,3.359213e-06,721,0.014161,1.306971e-05,0.028322,1.757427e-05,5.262396e-01,719,1,0,1,1,1
010_potted_meat_can,s0_gate_020_010_potted_meat_can_t19,complete_epi,28,0.893675,0.020825,7.205951e-07,1.696352e-06,600,0.013883,6.989825e-07,0.027766,9.616035e-06,3.693185e-01,620,1,0,1,1,1
010_potted_meat_can,s0_gate_020_010_potted_meat_can_t20,complete_epi,16,0.832252,0.020992,1.375649e-06,4.203888e-06,457,0.013994,1.836844e-06,0.027989,2.510703e-05,2.458313e-01,439,1,0,1,1,1
010_potted_meat_can,s0_gate_020_010_potted_meat_can_t22,complete_epi,4,0.861094,0.020997,1.118682e-06,3.425651e-06,690,0.013998,1.224419e-06,0.027996,4.821503e-06,3.434216e-01,542,1,0,1,1,1
010_potted_meat_can,s0_gate_020_010_potted_meat_can_t23,complete_epi,44,0.825375,0.020887,3.673049e-06,4.827806e-06,492,0.013925,1.907942e-06,0.027849,4.285924e-06,3.642119e-01,589,1,0,1,1,1
010_potted_meat_can,s0_gate_020_010_potted_meat_can_t24,complete_epi,57,0.905148,0.019806,8.678571e-07,2.008900e-06,724,0.013204,9.660189e-07,0.026408,7.994909e-07,3.438995e-01,655,1,0,1,1,1
005_tomato_soup_can,s1_gate_off_005_tomato_soup_can_t0,complete_only,55,0.871851,0.019058,7.330588e-07,1.579314e-06,744,0.012706,6.858150e-07,0.025411,7.426310e-07,2.899390e-01,707,1,0,1,1,1
005_tomato_soup_can,s1_gate_off_005_tomato_soup_can_t1,complete_only,25,0.887989,0.019087,7.986790e-07,1.438169e-06,631,0.012725,7.807598e-07,0.025450,8.086867e-07,4.393591e-01,883,1,0,1,1,1
005_tomato_soup_can,s1_gate_off_005_tomato_soup_can_t3,complete_only,34,0.870460,0.018832,7.407100e-07,2.172334e-06,636,0.012555,9.232317e-07,0.025110,7.642558e-07,3.390856e-01,710,1,0,1,1,1
005_tomato_soup_can,s1_gate_off_005_tomato_soup_can_t4,complete_only,72,0.869626,0.019119,8.013026e-07,1.555797e-06,733,0.012746,7.578441e-07,0.025492,8.063122e-07,5.337482e-01,982,1,0,1,1,1
005_tomato_soup_can,s1_gate_off_005_tomato_soup_can_t5,complete_only,15,0.898050,0.019026,6.504647e-07,1.844762e-06,553,0.012684,6.085211e-07,0.025368,6.313241e-07,3.739344e-01,772,1,0,1,1,1
005_tomato_soup_can,s1_gate_off_005_tomato_soup_can_t6,complete_only,16,0.886023,0.018966,7.732088e-07,1.753287e-06,687,0.012644,7.112386e-07,0.025289,8.156946e-07,3.184466e-01,737,1,0,1,1,1
005_tomato_soup_can,s1_gate_off_005_tomato_soup_can_t8,complete_only,32,0.876495,0.018770,7.043679e-07,1.469349e-06,579,0.012513,6.616867e-07,0.025026,7.375088e-07,3.629027e-01,814,1,0,1,1,1
005_tomato_soup_can,s1_gate_off_005_tomato_soup_can_t9,complete_only,63,0.872285,0.018811,6.410533e-07,1.531511e-06,513,0.012540,5.955629e-07,0.025081,6.149384e-07,3.397031e-01,747,1,0,1,1,1
005_tomato_soup_can,s1_gate_off_005_tomato_soup_can_t10,complete_only,70,0.869584,0.019091,7.336139e-07,1.565679e-06,649,0.012727,6.911079e-07,0.025454,8.071207e-07,4.417150e-01,867,1,0,1,1,1
005_tomato_soup_can,s1_gate_off_005_tomato_soup_can_t11,complete_only,50,0.876318,0.019072,8.936598e-07,1.971866e-06,500,0.012714,8.084571e-07,0.025429,7.510218e-07,3.122969e-01,727,1,0,1,1,1
005_tomato_soup_can,s1_gate_off_005_tomato_soup_can_t12,complete_only,21,0.877287,0.019113,7.254790e-07,1.525511e-06,631,0.012742,6.722219e-07,0.025485,7.614860e-07,3.028205e-01,753,1,0,1,1,1
005_tomato_soup_can,s1_gate_off_005_tomato_soup_can_t13,complete_only,77,0.858689,0.018983,7.053067e-07,1.527447e-06,561,0.012655,5.983979e-07,0.025310,6.666436e-07,3.385196e-01,772,1,0,1,1,1
005_tomato_soup_can,s1_gate_off_005_tomato_soup_can_t14,complete_only,45,0.884158,0.019108,5.470076e-07,1.564500e-06,532,0.012738,5.017243e-07,0.025477,5.734956e-07,3.160008e-01,741,1,0,1,1,1
005_tomato_soup_can,s1_gate_off_005_tomato_soup_can_t15,complete_only,39,0.863209,0.019048,7.920023e-07,1.639473e-06,641,0.012699,7.849947e-07,0.025398,8.009735e-07,3.710946e-01,799,1,0,1,1,1
005_tomato_soup_can,s1_gate_off_005_tomato_soup_can_t16,complete_only,22,0.883850,0.019020,8.433152e-07,1.520360e-06,682,0.012680,8.271874e-07,0.025360,8.340653e-07,4.298642e-01,839,1,0,1,1,0
005_tomato_soup_can,s1_gate_off_005_tomato_soup_can_t17,complete_only,16,0.893751,0.018940,7.766927e-07,1.633339e-06,758,0.012627,7.606782e-07,0.025254,8.013209e-07,4.961019e-01,937,1,0,1,1,1
005_tomato_soup_can,s1_gate_off_005_tomato_soup_can_t18,complete_only,58,0.871894,0.018894,8.958515e-07,1.610284e-06,762,0.012596,8.793550e-07,0.025192,8.837886e-07,4.614935e-01,852,1,0,1,1,1
005_tomato_soup_can,s1_gate_off_005_tomato_soup_can_t19,complete_only,69,0.866589,0.018869,7.762202e-07,1.606153e-06,721,0.012579,7.084287e-07,0.025159,7.882995e-07,5.461427e-01,990,1,0,1,1,1
005_tomato_soup_can,s1_gate_off_005_tomato_soup_can_t20,complete_only,98,0.865871,0.018302,1.290975e-06,1.451634e-06,585,0.012202,1.296262e-06,0.024403,1.074764e-06,4.375189e-01,903,1,0,1,1,0
005_tomato_soup_can,s1_gate_off_005_tomato_soup_can_t21,complete_only,10,0.884360,0.019006,1.151260e-06,1.910730e-06,692,0.012671,1.482272e-06,0.025341,1.091172e-06,4.857888e-01,905,1,0,1,1,1
005_tomato_soup_can,s1_gate_off_005_tomato_soup_can_t22,complete_only,23,0.870689,0.018871,7.000491e-07,1.458722e-06,664,0.012580,6.540431e-07,0.025161,7.203349e-07,3.506457e-01,803,1,0,1,1,1
005_tomato_soup_can,s1_gate_off_005_tomato_soup_can_t23,complete_only,15,0.886598,0.018962,5.638788e-07,1.493949e-06,525,0.012641,5.701914e-07,0.025283,5.866598e-07,2.748773e-01,694,1,0,1,1,1
005_tomato_soup_can,s1_gate_off_005_tomato_soup_can_t24,complete_only,9,0.886693,0.018996,1.282256e-06,1.610112e-06,476,0.012664,1.322225e-06,0.025328,1.068650e-06,3.239117e-01,758,1,0,1,1,1
035_power_drill,s1_gate_off_035_power_drill_t0,complete_only,777,0.770746,0.041747,5.197878e-04,2.471165e-03,872,0.027831,8.160689e-04,0.055663,3.951709e-04,7.544116e-01,183,1,0,1,1,0
035_power_drill,s1_gate_off_035_power_drill_t1,complete_only,519,0.845453,0.044010,1.676440e-04,5.713648e-04,880,0.029340,1.140722e-04,0.058680,1.907726e-04,0.000000e+00,147,1,0,1,1,1
035_power_drill,s1_gate_off_035_power_drill_t2,complete_only,132,0.873466,0.039270,1.248011e-05,2.441212e-05,1458,0.026180,4.830172e-06,0.052360,2.318199e-05,0.000000e+00,205,1,0,1,1,0
035_power_drill,s1_gate_off_035_power_drill_t3,complete_only,0,0.966842,0.023894,2.036654e-04,9.001129e-04,1040,0.015929,9.587864e-05,0.031859,1.655431e-04,1.425650e+00,347,1,0,1,1,0
035_power_drill,s1_gate_off_035_power_drill_t4,complete_only,6,0.904423,0.043082,5.088809e-05,2.620230e-05,510,0.028721,2.962557e-06,0.057443,1.588920e-04,0.000000e+00,129,1,0,1,1,1
035_power_drill,s1_gate_off_035_power_drill_t5,complete_only,662,0.774871,0.041944,1.468954e-04,6.035110e-04,1165,0.027963,1.591139e-04,0.055926,1.192600e-04,5.455494e-01,231,1,0,1,1,1
035_power_drill,s1_gate_off_035_power_drill_t7,complete_only,847,0.789948,0.043569,7.381926e-05,2.875340e-04,1008,0.029046,4.122576e-05,0.058092,1.498830e-04,0.000000e+00,138,1,0,1,1,1
035_power_drill,s1_gate_off_035_power_drill_t9,complete_only,151,0.944518,0.021466,3.075914e-05,1.376243e-04,1944,0.014311,4.422992e-05,0.028621,2.679807e-05,3.074502e+00,2335,1,0,1,1,0
035_power_drill,s1_gate_off_035_power_drill_t10,complete_only,1230,0.511996,0.060973,8.305423e-04,4.441869e-03,886,0.040649,1.047609e-03,0.081298,7.660326e-04,4.246497e-01,26,1,0,1,1,0
035_power_drill,s1_gate_off_035_power_drill_t12,complete_only,816,0.765945,0.044690,1.599738e-05,3.968355e-05,4274,0.029793,1.039367e-05,0.059586,1.589338e-05,1.746015e+00,902,1,0,1,1,1
035_power_drill,s1_gate_off_035_power_drill_t14,complete_only,1512,0.586548,0.061350,2.839231e-04,1.169652e-03,7676,0.040900,9.982130e-04,0.081800,2.271215e-04,3.761212e+00,1012,1,0,1,1,0
035_power_drill,s1_gate_off_035_power_drill_t15,complete_only,364,0.828970,0.042567,1.676719e-04,6.939535e-04,726,0.028378,1.359562e-04,0.056756,2.039163e-04,1.790817e-01,144,1,0,1,1,1
035_power_drill,s1_gate_off_035_power_drill_t16,complete_only,722,0.843212,0.019749,8.620216e-05,4.799432e-04,1267,0.013166,1.842231e-04,0.026332,4.469340e-05,1.746986e+00,1767,1,0,1,1,0
035_power_drill,s1_gate_off_035_power_drill_t17,complete_only,138,0.885395,0.043114,1.628136e-04,7.978967e-04,747,0.028743,7.115283e-05,0.057486,2.173778e-04,1.672293e-01,150,1,0,1,1,1
035_power_drill,s1_gate_off_035_power_drill_t19,complete_only,38,0.906316,0.047754,1.502197e-04,8.684423e-04,979,0.031836,9.785453e-05,0.063673,1.830675e-04,4.108531e-01,151,1,0,1,1,1
035_power_drill,s1_gate_off_035_power_drill_t20,complete_only,10,0.911670,0.043410,6.950030e-06,0.000000e+00,636,0.028940,0.000000e+00,0.057879,9.740073e-05,0.000000e+00,136,1,0,1,1,1
035_power_drill,s1_gate_off_035_power_drill_t21,complete_only,0,0.960095,0.020161,1.444409e-04,5.441556e-04,439,0.013440,3.462268e-04,0.026881,1.025409e-04,2.604185e+00,697,1,0,1,1,0
035_power_drill,s1_gate_off_035_power_drill_t22,complete_only,255,0.877699,0.048226,5.780668e-04,3.958836e-03,732,0.032151,7.769045e-04,0.064302,6.065768e-04,2.541731e-01,126,1,0,1,1,1
035_power_drill,s1_gate_off_035_power_drill_t23,complete_only,9,0.965584,0.027763,6.594638e-06,2.571092e-05,1223,0.018509,7.653559e-06,0.037017,5.559127e-06,8.581850e-01,742,1,0,1,1,1
035_power_drill,s1_gate_off_035_power_drill_t24,complete_only,159,0.869990,0.042953,3.230509e-04,1.501582e-03,634,0.028636,2.607014e-04,0.057271,3.633169e-04,1.614776e-01,125,1,0,1,1,1
021_bleach_cleanser,s1_gate_020_021_bleach_cleanser_t0,complete_epi,15,0.941360,0.038889,1.168488e-04,6.287317e-04,1046,0.025926,8.976012e-05,0.051852,9.190675e-05,2.285783e-01,122,1,0,1,1,1
021_bleach_cleanser,s1_gate_020_021_bleach_cleanser_t1,complete_epi,79,0.899878,0.039507,1.518734e-05,7.244040e-05,1140,0.026338,1.887582e-05,0.052676,1.408622e-05,1.380308e-02,54,1,0,1,1,0
021_bleach_cleanser,s1_gate_020_021_bleach_cleanser_t2,complete_epi,13,0.952891,0.039155,4.649424e-05,4.091287e-04,1024,0.026103,8.269999e-05,0.052206,2.677135e-05,7.885935e-02,133,1,0,1,1,1
021_bleach_cleanser,s1_gate_020_021_bleach_cleanser_t3,complete_epi,604,0.868337,0.039580,5.361387e-05,2.278736e-04,1334,0.026387,1.050296e-04,0.052773,4.790496e-05,1.075080e-01,115,1,0,1,1,1
021_bleach_cleanser,s1_gate_020_021_bleach_cleanser_t4,complete_epi,1190,0.317766,0.053509,1.378456e-04,7.489488e-04,2672,0.035672,1.839026e-04,0.071345,1.246022e-04,1.103930e+00,338,1,0,1,1,1
021_bleach_cleanser,s1_gate_020_021_bleach_cleanser_t5,complete_epi,207,0.917296,0.040636,5.402320e-05,3.507518e-04,1741,0.027091,6.781913e-05,0.054182,3.874219e-05,2.897301e-01,185,1,0,1,1,1
021_bleach_cleanser,s1_gate_020_021_bleach_cleanser_t6,complete_epi,1,0.968226,0.019677,1.095997e-04,5.017548e-04,691,0.013118,9.675982e-05,0.026236,6.296911e-05,5.910692e-01,394,1,0,1,1,0
021_bleach_cleanser,s1_gate_020_021_bleach_cleanser_t7,complete_epi,10,0.918173,0.013589,8.814668e-08,6.273954e-07,473,0.009060,0.000000e+00,0.018119,1.881111e-07,1.303924e-01,508,1,0,1,1,0
021_bleach_cleanser,s1_gate_020_021_bleach_cleanser_t8,complete_epi,92,0.892439,0.040380,1.408167e-05,1.107392e-04,1086,0.026920,1.775679e-05,0.053840,1.128844e-05,0.000000e+00,180,1,0,1,1,1
021_bleach_cleanser,s1_gate_020_021_bleach_cleanser_t9,complete_epi,0,0.961993,0.017372,8.306303e-05,2.231611e-04,2662,0.011582,1.374501e-04,0.023163,1.875758e-05,3.207591e+00,1323,1,0,1,1,0
021_bleach_cleanser,s1_gate_020_021_bleach_cleanser_t10,complete_epi,4,0.858563,0.022006,3.197567e-06,6.873875e-06,1351,0.014671,3.461640e-06,0.029341,3.059347e-06,5.616739e-01,509,1,0,1,1,0
021_bleach_cleanser,s1_gate_020_021_bleach_cleanser_t11,complete_epi,245,0.755600,0.029002,5.360962e-05,1.769031e-04,1379,0.019334,4.792019e-05,0.038669,6.645945e-05,2.372377e+00,515,1,0,1,1,0
021_bleach_cleanser,s1_gate_020_021_bleach_cleanser_t12,complete_epi,46,0.892762,0.039012,1.940471e-06,0.000000e+00,570,0.026008,0.000000e+00,0.052017,1.827074e-05,0.000000e+00,93,1,0,1,1,1
021_bleach_cleanser,s1_gate_020_021_bleach_cleanser_t13,complete_epi,70,0.931636,0.039645,3.923411e-05,3.069030e-04,1210,0.026430,4.752385e-05,0.052859,3.908998e-05,0.000000e+00,71,1,0,1,1,0
021_bleach_cleanser,s1_gate_020_021_bleach_cleanser_t14,complete_epi,14,0.941409,0.039108,1.010279e-04,5.293549e-04,923,0.026072,9.173269e-05,0.052144,6.052870e-05,3.038711e-01,153,1,0,1,1,1
021_bleach_cleanser,s1_gate_020_021_bleach_cleanser_t15,complete_epi,454,0.879495,0.039502,6.073790e-05,2.866647e-04,1203,0.026335,8.016010e-05,0.052669,4.069344e-05,2.443473e-01,145,1,0,1,1,1
021_bleach_cleanser,s1_gate_020_021_bleach_cleanser_t16,complete_epi,18,0.910909,0.039643,1.014774e-05,2.649134e-05,1149,0.026429,1.043098e-05,0.052857,9.538789e-06,1.015323e-01,151,1,0,1,1,1
021_bleach_cleanser,s1_gate_020_021_bleach_cleanser_t17,complete_epi,467,0.872999,0.039756,2.238350e-04,7.180920e-04,891,0.026504,3.455266e-04,0.053008,1.826643e-04,6.273663e-01,127,1,0,1,1,0
021_bleach_cleanser,s1_gate_020_021_bleach_cleanser_t18,complete_epi,139,0.904430,0.040212,9.543490e-06,7.945653e-05,1051,0.026808,8.279643e-06,0.053616,7.973401e-06,6.596236e-02,188,1,0,1,1,1
021_bleach_cleanser,s1_gate_020_021_bleach_cleanser_t19,complete_epi,36,0.878430,0.039112,3.623195e-05,1.252560e-04,1363,0.026075,3.705038e-05,0.052150,2.500007e-05,2.549277e-01,164,1,0,1,1,1
021_bleach_cleanser,s1_gate_020_021_bleach_cleanser_t20,complete_epi,564,0.886971,0.038852,8.456230e-05,3.479486e-04,779,0.025902,1.462214e-04,0.051803,3.088437e-05,1.569492e-01,182,1,0,1,1,0
021_bleach_cleanser,s1_gate_020_021_bleach_cleanser_t21,complete_epi,806,0.820632,0.038938,4.084725e-05,2.159836e-04,780,0.025958,9.892718e-05,0.051917,6.008831e-05,1.850544e-02,94,1,0,1,1,1
021_bleach_cleanser,s1_gate_020_021_bleach_cleanser_t22,complete_epi,8,0.971880,0.015697,5.961416e-08,0.000000e+00,659,0.010465,0.000000e+00,0.020929,4.853372e-07,3.408729e-02,490,1,0,1,1,0
021_bleach_cleanser,s1_gate_020_021_bleach_cleanser_t24,complete_epi,804,0.813736,0.038681,7.760238e-05,4.705821e-04,1069,0.025787,1.229090e-04,0.051574,4.664701e-05,2.158507e-02,113,1,0,1,1,1
061_foam_brick,s1_gate_020_061_foam_brick_t0,complete_epi,1116,0.832135,0.016198,2.177426e-06,8.443120e-06,761,0.010799,1.943598e-06,0.021597,3.088456e-06,6.606076e-01,970,1,0,1,1,1
061_foam_brick,s1_gate_020_061_foam_brick_t1,complete_epi,1112,0.774763,0.016813,8.719377e-06,3.918198e-05,430,0.011209,1.052223e-05,0.022417,9.817685e-06,1.528787e+00,910,1,0,1,1,1
061_foam_brick,s1_gate_020_061_foam_brick_t2,complete_epi,567,0.902504,0.017179,6.294683e-07,1.513351e-06,1211,0.011453,7.071995e-07,0.022905,5.915909e-07,1.066069e+00,1609,1,0,1,1,1
061_foam_brick,s1_gate_020_061_foam_brick_t3,complete_epi,479,0.907291,0.017433,1.778231e-06,1.562086e-06,1600,0.011622,5.777188e-07,0.023243,3.031331e-06,1.785314e+00,2189,1,0,1,1,1
061_foam_brick,s1_gate_020_061_foam_brick_t4,complete_epi,1143,0.706006,0.016638,4.214902e-06,1.605100e-05,772,0.011092,4.552217e-06,0.022184,5.448538e-06,8.937770e-01,999,1,0,1,1,1
061_foam_brick,s1_gate_020_061_foam_brick_t5,complete_epi,0,0.977678,0.016472,2.464643e-06,7.335725e-06,417,0.010981,2.783145e-06,0.021962,1.159061e-05,1.557922e+00,1086,1,0,1,1,1
061_foam_brick,s1_gate_020_061_foam_brick_t6,complete_epi,1019,0.744821,0.017353,1.172526e-06,5.308673e-06,801,0.011569,5.359419e-07,0.023138,1.991670e-06,8.537953e-01,832,1,0,1,1,1
061_foam_brick,s1_gate_020_061_foam_brick_t7,complete_epi,965,0.815684,0.017399,4.399893e-06,9.112907e-06,451,0.011599,2.842649e-06,0.023198,5.163587e-06,1.098642e+00,1424,1,0,1,1,1
061_foam_brick,s1_gate_020_061_foam_brick_t8,complete_epi,470,0.908166,0.017023,3.895652e-07,6.861431e-07,887,0.011349,3.752922e-07,0.022697,4.122861e-07,8.125406e-01,1520,1,0,1,1,1
061_foam_brick,s1_gate_020_061_foam_brick_t9,complete_epi,473,0.899435,0.016171,3.414347e-06,5.972285e-06,996,0.010781,2.107591e-06,0.021562,9.208147e-06,1.496314e+00,1402,1,0,1,1,1
061_foam_brick,s1_gate_020_061_foam_brick_t10,complete_epi,34,0.953116,0.017337,2.456070e-06,7.135612e-06,1375,0.011558,2.670768e-06,0.023117,4.261497e-06,1.944582e+00,1941,1,0,1,1,1
061_foam_brick,s1_gate_020_061_foam_brick_t11,complete_epi,37,0.933891,0.016786,1.285622e-06,6.426918e-06,1336,0.011191,1.398542e-06,0.022381,2.636930e-06,2.063332e+00,2103,1,0,1,1,1
061_foam_brick,s1_gate_020_061_foam_brick_t12,complete_epi,680,0.892101,0.016942,7.356729e-07,1.090874e-06,1055,0.011295,6.517362e-07,0.022589,1.454614e-06,9.516104e-01,1613,1,0,1,1,0
061_foam_brick,s1_gate_020_061_foam_brick_t13,complete_epi,0,0.967099,0.016203,3.459755e-06,1.113252e-05,528,0.010802,3.905304e-06,0.021603,4.964179e-06,8.312420e-01,945,1,0,1,1,1
061_foam_brick,s1_gate_020_061_foam_brick_t14,complete_epi,660,0.877581,0.016181,3.071249e-06,1.090055e-05,635,0.010788,1.876284e-06,0.021575,3.221888e-06,9.129515e-01,1104,1,0,1,1,1
061_foam_brick,s1_gate_020_061_foam_brick_t15,complete_epi,13,0.938955,0.016159,1.025367e-06,3.601339e-06,770,0.010772,2.283901e-06,0.021545,1.777755e-05,1.139197e+00,988,1,0,1,1,1
061_foam_brick,s1_gate_020_061_foam_brick_t16,complete_epi,221,0.958134,0.017451,3.627693e-05,1.196003e-04,729,0.011634,1.444574e-05,0.023269,3.801488e-05,2.198126e+00,1064,1,0,1,1,1
061_foam_brick,s1_gate_020_061_foam_brick_t17,complete_epi,1356,0.538269,0.015867,6.691456e-05,1.428639e-04,620,0.010578,6.803362e-05,0.021156,4.100964e-05,1.548065e+00,1252,1,0,1,1,1
061_foam_brick,s1_gate_020_061_foam_brick_t18,complete_epi,247,0.923696,0.016819,4.357865e-07,6.689268e-07,1189,0.011213,4.407095e-07,0.022425,5.124115e-07,9.874262e-01,1776,1,0,1,1,1
061_foam_brick,s1_gate_020_061_foam_brick_t19,complete_epi,7,0.956904,0.017194,9.131851e-07,1.726894e-06,1435,0.011463,6.877236e-07,0.022925,1.235700e-06,1.605837e+00,2106,1,0,1,1,1
061_foam_brick,s1_gate_020_061_foam_brick_t20,complete_epi,1326,0.617918,0.016493,9.141695e-06,4.509842e-05,1124,0.010995,7.178366e-06,0.021990,1.469338e-05,1.856690e+00,1128,1,0,1,1,1
061_foam_brick,s1_gate_020_061_foam_brick_t21,complete_epi,1279,0.615906,0.015919,1.456427e-04,3.023728e-04,479,0.010613,1.486381e-04,0.021226,1.415877e-04,1.543060e+00,1045,1,0,1,1,1
061_foam_brick,s1_gate_020_061_foam_brick_t22,complete_epi,1323,0.569828,0.015988,1.159179e-05,8.550964e-05,893,0.010658,1.242307e-05,0.021317,1.288960e-05,1.373878e+00,1418,1,0,1,1,1
061_foam_brick,s1_gate_020_061_foam_brick_t23,complete_epi,253,0.932337,0.017062,4.899476e-07,8.757471e-07,996,0.011374,4.845762e-07,0.022749,4.776745e-07,9.722793e-01,1656,1,0,1,1,1
061_foam_brick,s1_gate_020_061_foam_brick_t24,complete_epi,1197,0.703151,0.016063,5.188175e-05,1.178152e-04,602,0.010709,5.288508e-05,0.021418,3.133323e-05,9.428488e-01,959,1,0,1,1,1
010_potted_meat_can,s2_gate_off_010_potted_meat_can_t0,complete_only,0,0.933065,0.020054,8.549915e-07,2.042787e-06,641,0.013369,9.185338e-07,0.026738,8.165304e-07,2.159088e-01,551,1,0,1,1,1
010_potted_meat_can,s2_gate_off_010_potted_meat_can_t1,complete_only,40,0.868518,0.021613,5.180522e-06,3.961218e-06,764,0.014408,1.523614e-06,0.028817,8.179156e-06,4.379562e-01,661,1,0,1,1,1
010_potted_meat_can,s2_gate_off_010_potted_meat_can_t3,complete_only,138,0.756283,0.020989,2.618106e-06,3.985608e-06,643,0.013992,2.440741e-06,0.027985,4.755753e-06,6.147344e-01,656,1,0,1,1,1
010_potted_meat_can,s2_gate_off_010_potted_meat_can_t4,complete_only,0,0.914269,0.020684,1.304658e-06,2.679941e-06,895,0.013790,1.552246e-06,0.027579,1.166541e-06,6.582760e-01,839,1,0,1,1,1
010_potted_meat_can,s2_gate_off_010_potted_meat_can_t5,complete_only,48,0.903899,0.020983,6.496931e-07,1.822258e-06,547,0.013989,6.295758e-07,0.027977,7.644390e-07,2.568201e-01,482,1,0,1,1,1
010_potted_meat_can,s2_gate_off_010_potted_meat_can_t7,complete_only,6,0.936201,0.020749,9.457012e-07,2.599612e-06,683,0.013833,9.434874e-07,0.027666,9.993497e-07,3.416061e-01,585,1,0,1,1,1
010_potted_meat_can,s2_gate_off_010_potted_meat_can_t8,complete_only,87,0.789669,0.021551,4.115991e-06,2.987914e-06,648,0.014367,1.547450e-06,0.028734,7.389956e-06,3.989367e-01,614,1,0,1,1,1
010_potted_meat_can,s2_gate_off_010_potted_meat_can_t9,complete_only,51,0.906060,0.020241,1.100035e-06,3.862612e-06,698,0.013494,1.255135e-06,0.026988,1.008639e-06,3.296183e-01,614,1,0,1,1,1
010_potted_meat_can,s2_gate_off_010_potted_meat_can_t10,complete_only,275,0.795419,0.020853,2.868441e-06,4.245006e-06,775,0.013902,1.726017e-06,0.027804,4.419839e-06,2.559706e-01,443,1,0,1,1,1
010_potted_meat_can,s2_gate_off_010_potted_meat_can_t12,complete_only,21,0.927051,0.019811,1.349343e-06,4.770847e-06,762,0.013208,1.610403e-06,0.026415,1.339717e-06,3.931018e-01,671,1,0,1,1,1
010_potted_meat_can,s2_gate_off_010_potted_meat_can_t13,complete_only,17,0.849128,0.020737,5.778478e-06,4.886573e-06,752,0.013824,5.189590e-06,0.027649,6.998104e-06,7.540992e-01,776,1,0,1,1,1
010_potted_meat_can,s2_gate_off_010_potted_meat_can_t14,complete_only,55,0.804670,0.020701,9.108580e-06,6.990232e-06,684,0.013801,2.279632e-06,0.027602,9.929684e-06,7.079580e-01,823,1,0,1,1,0
010_potted_meat_can,s2_gate_off_010_potted_meat_can_t15,complete_only,0,0.912379,0.020397,1.497937e-06,8.401048e-06,664,0.013598,1.087027e-06,0.027196,1.724992e-06,3.405997e-01,606,1,0,1,1,1
010_potted_meat_can,s2_gate_off_010_potted_meat_can_t16,complete_only,1515,0.636118,0.016628,1.880270e-06,3.138483e-06,1017,0.011086,9.531700e-07,0.022171,1.774706e-06,1.982313e+00,2087,1,0,1,1,1
010_potted_meat_can,s2_gate_off_010_potted_meat_can_t17,complete_only,13,0.768980,0.024250,2.684906e-06,3.183199e-06,998,0.016167,1.151585e-06,0.032333,3.769215e-06,4.539648e-01,632,1,0,1,1,1
010_potted_meat_can,s2_gate_off_010_potted_meat_can_t18,complete_only,221,0.729443,0.021092,3.723203e-06,1.028791e-05,529,0.014061,3.838414e-06,0.028122,4.217385e-06,6.583509e-01,667,1,0,1,1,0
010_potted_meat_can,s2_gate_off_010_potted_meat_can_t19,complete_only,1,0.926909,0.020795,9.365543e-07,2.318094e-06,827,0.013863,8.565647e-07,0.027726,9.777621e-07,4.795015e-01,742,1,0,1,1,1
010_potted_meat_can,s2_gate_off_010_potted_meat_can_t20,complete_only,0,0.932071,0.021342,2.531764e-05,4.284599e-06,528,0.014228,2.483449e-05,0.028456,2.218696e-05,2.078733e-01,277,1,0,1,1,1
010_potted_meat_can,s2_gate_off_010_potted_meat_can_t21,complete_only,42,0.785029,0.021476,3.303529e-06,7.093469e-06,558,0.014317,3.165601e-06,0.028635,3.293071e-06,5.085859e-01,669,1,0,1,1,0
010_potted_meat_can,s2_gate_off_010_potted_meat_can_t23,complete_only,0,0.933283,0.021348,1.237671e-06,3.061811e-06,799,0.014232,1.453689e-06,0.028464,3.264322e-06,5.393808e-01,748,1,0,1,1,1
010_potted_meat_can,s2_gate_off_010_potted_meat_can_t24,complete_only,29,0.847465,0.020010,1.075009e-06,5.901650e-06,680,0.013340,1.120009e-06,0.026680,9.887061e-07,3.897971e-01,682,1,0,1,1,1
005_tomato_soup_can,s2_gate_020_005_tomato_soup_can_t0,complete_epi,66,0.868271,0.018947,7.423674e-07,1.378439e-06,701,0.012632,6.908284e-07,0.025263,7.714308e-07,4.465300e-01,872,1,0,1,1,1
005_tomato_soup_can,s2_gate_020_005_tomato_soup_can_t1,complete_epi,19,0.898827,0.018695,6.764389e-07,2.266287e-06,445,0.012463,6.617746e-07,0.024927,6.756997e-07,2.536784e-01,669,1,0,1,1,1
005_tomato_soup_can,s2_gate_020_005_tomato_soup_can_t2,complete_epi,60,0.870943,0.019085,8.221444e-07,1.533775e-06,645,0.012724,7.797907e-07,0.025447,8.293542e-07,4.475487e-01,874,1,0,1,1,1
005_tomato_soup_can,s2_gate_020_005_tomato_soup_can_t3,complete_epi,66,0.870271,0.019144,6.923843e-07,1.330041e-06,649,0.012763,6.710895e-07,0.025526,7.083165e-07,3.753911e-01,797,1,0,1,1,0
005_tomato_soup_can,s2_gate_020_005_tomato_soup_can_t4,complete_epi,15,0.883653,0.018625,7.657145e-07,1.774162e-06,500,0.012417,8.646643e-07,0.024834,7.337506e-07,2.997446e-01,724,1,0,1,1,1
005_tomato_soup_can,s2_gate_020_005_tomato_soup_can_t5,complete_epi,46,0.872195,0.019043,7.601113e-07,1.401460e-06,641,0.012696,7.672602e-07,0.025391,7.744684e-07,4.164204e-01,814,1,0,1,1,1
005_tomato_soup_can,s2_gate_020_005_tomato_soup_can_t6,complete_epi,11,0.904678,0.018909,5.845390e-07,1.614904e-06,511,0.012606,6.482050e-07,0.025213,5.708034e-07,3.139028e-01,733,1,0,1,1,1
005_tomato_soup_can,s2_gate_020_005_tomato_soup_can_t7,complete_epi,38,0.868548,0.018703,7.848020e-07,1.616368e-06,684,0.012469,7.061517e-07,0.024937,8.043179e-07,5.692814e-01,988,1,0,1,1,1
005_tomato_soup_can,s2_gate_020_005_tomato_soup_can_t8,complete_epi,23,0.883206,0.018607,7.514711e-07,2.109017e-06,566,0.012405,6.801701e-07,0.024809,7.471299e-07,3.172313e-01,733,1,0,1,1,1
005_tomato_soup_can,s2_gate_020_005_tomato_soup_can_t9,complete_epi,116,0.845779,0.018902,7.533588e-07,1.445615e-06,632,0.012601,7.496353e-07,0.025203,7.888273e-07,3.628790e-01,778,1,0,1,1,1
005_tomato_soup_can,s2_gate_020_005_tomato_soup_can_t10,complete_epi,61,0.867772,0.019092,7.698495e-07,1.504216e-06,768,0.012728,7.281665e-07,0.025456,7.698919e-07,4.658583e-01,907,1,0,1,1,1
005_tomato_soup_can,s2_gate_020_005_tomato_soup_can_t11,complete_epi,6,0.892226,0.019047,8.102132e-07,1.557599e-06,644,0.012698,7.993156e-07,0.025396,8.147879e-07,3.861462e-01,807,1,0,1,1,1
005_tomato_soup_can,s2_gate_020_005_tomato_soup_can_t12,complete_epi,13,0.877523,0.018819,9.041352e-07,2.264480e-06,522,0.012546,9.634273e-07,0.025092,7.937357e-07,3.023582e-01,728,1,0,1,1,1
005_tomato_soup_can,s2_gate_020_005_tomato_soup_can_t13,complete_epi,86,0.858402,0.019049,5.924851e-07,1.629947e-06,564,0.012699,6.228485e-07,0.025399,6.229589e-07,4.394081e-01,853,1,0,1,1,1
005_tomato_soup_can,s2_gate_020_005_tomato_soup_can_t14,complete_epi,4,0.905501,0.018713,6.226020e-07,1.773365e-06,549,0.012476,6.898937e-07,0.024951,6.668089e-07,3.252125e-01,748,1,0,1,1,1
005_tomato_soup_can,s2_gate_020_005_tomato_soup_can_t15,complete_epi,42,0.873169,0.019076,7.944055e-07,1.454816e-06,689,0.012717,7.587633e-07,0.025435,7.933546e-07,4.476721e-01,875,1,0,1,1,1
005_tomato_soup_can,s2_gate_020_005_tomato_soup_can_t17,complete_epi,50,0.876380,0.019149,8.222876e-07,1.565952e-06,710,0.012766,7.979792e-07,0.025531,8.356291e-07,4.165499e-01,807,1,0,1,1,1
005_tomato_soup_can,s2_gate_020_005_tomato_soup_can_t18,complete_epi,89,0.864002,0.019009,8.074183e-07,1.492947e-06,808,0.012673,7.432100e-07,0.025346,7.942179e-07,4.363878e-01,866,1,0,1,1,1
005_tomato_soup_can,s2_gate_020_005_tomato_soup_can_t19,complete_epi,72,0.859431,0.018959,1.164673e-06,1.934412e-06,721,0.012640,1.613535e-06,0.025279,1.116893e-06,4.641183e-01,889,1,0,1,1,1
005_tomato_soup_can,s2_gate_020_005_tomato_soup_can_t21,complete_epi,48,0.878776,0.018921,6.001691e-07,1.810466e-06,417,0.012614,4.399979e-07,0.025229,7.157683e-07,2.473730e-01,661,1,0,1,1,1
005_tomato_soup_can,s2_gate_020_005_tomato_soup_can_t22,complete_epi,6,0.883317,0.018708,7.784881e-07,1.488829e-06,703,0.012472,7.246102e-07,0.024944,8.034127e-07,4.216731e-01,842,1,0,1,1,1
005_tomato_soup_can,s2_gate_020_005_tomato_soup_can_t23,complete_epi,11,0.895239,0.018609,5.955592e-07,1.809429e-06,464,0.012406,4.596235e-07,0.024813,6.070733e-07,2.633537e-01,699,1,0,1,1,1
005_tomato_soup_can,s2_gate_020_005_tomato_soup_can_t24,complete_epi,29,0.884506,0.018887,5.262223e-07,1.625581e-06,458,0.012591,6.690752e-07,0.025182,5.039681e-07,2.673690e-01,696,1,0,1,1,1
035_power_drill,s2_gate_020_035_power_drill_t0,complete_epi,278,0.861750,0.039149,4.943191e-06,2.773454e-05,1372,0.026099,4.125695e-06,0.052199,1.202511e-05,1.074730e-01,262,1,0,1,1,0
035_power_drill,s2_gate_020_035_power_drill_t2,complete_epi,1081,0.642610,0.042769,5.640291e-05,2.149523e-04,1392,0.028512,3.547032e-05,0.057025,7.816716e-05,9.683245e-01,493,1,0,1,1,1
035_power_drill,s2_gate_020_035_power_drill_t3,complete_epi,1207,0.509957,0.065437,2.519517e-04,8.775985e-04,2867,0.043625,1.956849e-04,0.087250,3.341854e-04,4.442387e-01,79,1,0,1,1,0
035_power_drill,s2_gate_020_035_power_drill_t4,complete_epi,603,0.822304,0.040245,1.208313e-06,5.223358e-06,1013,0.026830,6.014340e-07,0.053659,2.259435e-06,0.000000e+00,144,1,0,1,1,0
035_power_drill,s2_gate_020_035_power_drill_t5,complete_epi,350,0.808993,0.039546,6.491676e-06,3.098455e-05,1487,0.026364,4.335140e-06,0.052728,1.312810e-05,2.177887e-01,275,1,0,1,1,1
035_power_drill,s2_gate_020_035_power_drill_t6,complete_epi,6,0.926105,0.041530,2.538573e-05,0.000000e+00,536,0.027687,8.717769e-06,0.055374,3.059529e-05,0.000000e+00,125,1,0,1,1,1
035_power_drill,s2_gate_020_035_power_drill_t7,complete_epi,227,0.880102,0.047872,1.294408e-04,7.581170e-04,1129,0.031915,8.830358e-05,0.063829,1.849086e-04,4.145978e-01,137,1,0,1,1,1
035_power_drill,s2_gate_020_035_power_drill_t8,complete_epi,505,0.797737,0.041096,2.079137e-06,5.816494e-06,962,0.027398,2.828041e-06,0.054795,6.449485e-06,0.000000e+00,177,1,0,1,1,1
035_power_drill,s2_gate_020_035_power_drill_t10,complete_epi,1174,0.609850,0.056604,1.089114e-04,5.484303e-04,3137,0.037736,9.825671e-05,0.075471,1.580115e-04,8.522452e-01,307,1,0,1,1,1
035_power_drill,s2_gate_020_035_power_drill_t11,complete_epi,127,0.860798,0.045407,1.311194e-04,7.607187e-04,909,0.030271,7.080384e-05,0.060542,1.978274e-04,1.917630e-01,144,1,0,1,1,1
035_power_drill,s2_gate_020_035_power_drill_t12,complete_epi,275,0.950072,0.028789,4.709600e-05,1.874479e-04,1340,0.019193,4.274917e-05,0.038385,3.188803e-05,1.299453e+00,1011,1,0,1,1,1
035_power_drill,s2_gate_020_035_power_drill_t13,complete_epi,656,0.772459,0.044769,5.704540e-04,2.969565e-03,999,0.029846,2.818210e-04,0.059692,5.206526e-04,4.343979e-01,168,1,0,1,1,1
035_power_drill,s2_gate_020_035_power_drill_t15,complete_epi,28,0.903939,0.040895,3.184495e-05,8.845198e-05,1853,0.027264,1.496829e-05,0.054527,4.366199e-05,1.305845e+00,589,1,0,1,1,0
035_power_drill,s2_gate_020_035_power_drill_t16,complete_epi,335,0.839013,0.036434,5.455230e-05,9.085586e-05,2030,0.024289,4.138234e-05,0.048579,6.159784e-05,1.114549e+00,523,1,0,1,1,0
035_power_drill,s2_gate_020_035_power_drill_t17,complete_epi,713,0.735559,0.047147,3.667323e-06,0.000000e+00,908,0.031431,0.000000e+00,0.062862,1.959327e-05,0.000000e+00,155,1,0,1,1,1
035_power_drill,s2_gate_020_035_power_drill_t19,complete_epi,15,0.934648,0.035732,1.764182e-05,1.180712e-04,1312,0.023821,9.108574e-06,0.047642,2.307866e-05,2.352720e-01,260,1,0,1,1,0
035_power_drill,s2_gate_020_035_power_drill_t21,complete_epi,93,0.969797,0.039358,1.435547e-04,7.636517e-04,3726,0.026239,2.235156e-04,0.052477,2.077987e-04,4.419352e+00,1087,1,0,1,1,0
035_power_drill,s2_gate_020_035_power_drill_t22,complete_epi,41,0.891360,0.048684,3.308306e-04,2.229763e-03,980,0.032456,3.942821e-04,0.064912,3.101679e-04,7.486272e-01,188,1,0,1,1,1
035_power_drill,s2_gate_020_035_power_drill_t23,complete_epi,1318,0.487560,0.053396,1.437908e-05,2.769509e-05,2967,0.035598,6.930543e-06,0.071195,4.276575e-05,7.678373e-01,497,1,0,1,1,0
035_power_drill,s2_gate_020_035_power_drill_t24,complete_epi,408,0.847283,0.046145,2.948549e-05,6.636172e-05,4026,0.030763,2.850911e-05,0.061527,2.641489e-05,2.068411e+00,998,1,0,1,1,1
021_bleach_cleanser,s3_gate_off_021_bleach_cleanser_t0,complete_only,16,0.923492,0.038890,6.001290e-05,2.560226e-04,776,0.025926,7.349509e-05,0.051853,4.433593e-05,3.287461e-01,157,1,0,1,1,1
021_bleach_cleanser,s3_gate_off_021_bleach_cleanser_t1,complete_only,248,0.867766,0.039661,5.695876e-05,2.376835e-04,928,0.026440,1.054855e-04,0.052881,3.968872e-05,5.766480e-02,108,1,0,1,1,1
021_bleach_cleanser,s3_gate_off_021_bleach_cleanser_t2,complete_only,374,0.760807,0.020672,5.132661e-05,1.532231e-04,1112,0.013781,6.987877e-05,0.027563,3.698576e-05,8.021790e-01,518,1,0,1,1,0
021_bleach_cleanser,s3_gate_off_021_bleach_cleanser_t3,complete_only,0,0.894360,0.038669,4.482417e-05,1.686704e-04,1330,0.025780,5.403592e-05,0.051559,3.368405e-05,1.827185e-01,137,1,0,1,1,1
021_bleach_cleanser,s3_gate_off_021_bleach_cleanser_t4,complete_only,9,0.945134,0.039383,8.921252e-05,4.458749e-04,544,0.026255,7.971976e-05,0.052511,5.646888e-05,1.427242e-01,120,1,0,1,1,1
021_bleach_cleanser,s3_gate_off_021_bleach_cleanser_t5,complete_only,5,0.931091,0.039256,7.107264e-05,3.755191e-04,1061,0.026171,8.070233e-05,0.052341,4.024731e-05,2.227490e-01,156,1,0,1,1,1
021_bleach_cleanser,s3_gate_off_021_bleach_cleanser_t6,complete_only,535,0.852854,0.039151,7.052711e-05,3.378030e-04,760,0.026101,1.591731e-04,0.052201,5.791576e-05,1.539932e-01,86,1,0,1,1,0
021_bleach_cleanser,s3_gate_off_021_bleach_cleanser_t7,complete_only,20,0.921826,0.039719,1.818446e-05,1.184386e-04,1142,0.026479,2.474578e-05,0.052958,1.541191e-05,6.021450e-02,141,1,0,1,1,1
021_bleach_cleanser,s3_gate_off_021_bleach_cleanser_t8,complete_only,9,0.893064,0.039078,3.732694e-06,1.285841e-05,1497,0.026052,3.604142e-06,0.052105,3.442166e-06,8.675625e-02,273,1,0,1,1,1
021_bleach_cleanser,s3_gate_off_021_bleach_cleanser_t9,complete_only,379,0.883015,0.040564,1.496153e-05,5.585276e-05,1289,0.027043,1.115775e-05,0.054085,1.989893e-05,6.318848e-02,136,1,0,1,1,1
021_bleach_cleanser,s3_gate_off_021_bleach_cleanser_t10,complete_only,123,0.896885,0.040137,2.226008e-05,1.978745e-04,981,0.026758,3.229401e-05,0.053516,1.557268e-05,4.354695e-02,166,1,0,1,1,1
021_bleach_cleanser,s3_gate_off_021_bleach_cleanser_t11,complete_only,8,0.951187,0.039915,6.894378e-05,4.344412e-04,1283,0.026610,5.821018e-05,0.053221,4.702308e-05,0.000000e+00,131,1,0,1,1,1
021_bleach_cleanser,s3_gate_off_021_bleach_cleanser_t12,complete_only,51,0.958289,0.020035,7.122034e-06,1.770542e-05,1339,0.013357,7.837086e-06,0.026714,6.992799e-06,1.132595e-01,495,1,0,1,1,0
021_bleach_cleanser,s3_gate_off_021_bleach_cleanser_t13,complete_only,203,0.887807,0.039471,1.645273e-05,6.580912e-05,950,0.026314,1.616380e-05,0.052629,1.489500e-05,1.249063e-01,164,1,0,1,1,1
021_bleach_cleanser,s3_gate_off_021_bleach_cleanser_t14,complete_only,0,0.968538,0.021221,4.456854e-06,1.868204e-05,1241,0.014148,3.774247e-06,0.028295,5.417035e-06,2.353676e-01,528,1,0,1,1,0
021_bleach_cleanser,s3_gate_off_021_bleach_cleanser_t15,complete_only,128,0.912585,0.039916,9.921861e-05,4.744786e-04,860,0.026611,7.530801e-05,0.053221,5.926772e-05,2.251695e-02,70,1,0,1,1,0
021_bleach_cleanser,s3_gate_off_021_bleach_cleanser_t16,complete_only,136,0.931415,0.039485,1.530891e-06,3.974601e-06,1534,0.026323,1.481142e-06,0.052647,1.488252e-06,6.484320e-03,231,1,0,1,1,1
021_bleach_cleanser,s3_gate_off_021_bleach_cleanser_t17,complete_only,1,0.944963,0.016555,5.444823e-05,1.075938e-04,2090,0.011037,1.278326e-04,0.022074,3.542280e-05,3.516180e+00,576,1,0,1,1,0
021_bleach_cleanser,s3_gate_off_021_bleach_cleanser_t18,complete_only,12,0.941602,0.039657,8.591789e-06,4.648850e-05,887,0.026438,2.851109e-06,0.052875,1.580075e-05,0.000000e+00,59,1,0,1,1,1
021_bleach_cleanser,s3_gate_off_021_bleach_cleanser_t19,complete_only,88,0.906082,0.039106,2.445195e-04,7.714990e-04,933,0.026070,2.124822e-04,0.052141,1.787382e-04,4.311886e-02,67,1,0,1,1,1
021_bleach_cleanser,s3_gate_off_021_bleach_cleanser_t21,complete_only,582,0.857185,0.039050,5.564116e-04,2.165698e-03,1112,0.026034,1.004498e-03,0.052067,1.817888e-04,6.664103e-01,128,1,0,1,1,1
021_bleach_cleanser,s3_gate_off_021_bleach_cleanser_t22,complete_only,701,0.854522,0.040021,8.651655e-06,8.567251e-05,859,0.026681,4.236881e-07,0.053362,1.948849e-05,0.000000e+00,107,1,0,1,1,1
021_bleach_cleanser,s3_gate_off_021_bleach_cleanser_t23,complete_only,18,0.934646,0.040509,3.176129e-05,1.309346e-04,1774,0.027006,3.686408e-05,0.054012,2.305245e-05,2.203524e-01,200,1,0,1,1,1
021_bleach_cleanser,s3_gate_off_021_bleach_cleanser_t24,complete_only,187,0.908680,0.039614,6.042800e-05,2.356450e-04,1012,0.026409,5.651367e-05,0.052819,4.816037e-05,9.511517e-02,127,1,0,1,1,1
061_foam_brick,s3_gate_off_061_foam_brick_t0,complete_only,31,0.949254,0.017526,2.911307e-06,9.213226e-06,1709,0.011684,1.248833e-06,0.023368,3.313340e-06,1.927370e+00,2036,1,0,1,1,0
061_foam_brick,s3_gate_off_061_foam_brick_t1,complete_only,1180,0.643743,0.017079,6.941263e-07,1.676771e-06,752,0.011386,4.330720e-07,0.022772,2.590353e-06,7.783714e-01,591,1,0,1,1,1
061_foam_brick,s3_gate_off_061_foam_brick_t2,complete_only,170,0.953295,0.016956,5.617210e-07,7.518900e-07,675,0.011304,4.677578e-07,0.022607,1.085913e-06,1.134841e+00,1629,1,0,1,1,0
061_foam_brick,s3_gate_off_061_foam_brick_t3,complete_only,1,0.966862,0.017427,1.409966e-06,4.640900e-06,1098,0.011618,1.469491e-06,0.023235,1.419619e-06,1.346682e+00,1875,1,0,1,1,0
061_foam_brick,s3_gate_off_061_foam_brick_t4,complete_only,169,0.932880,0.015997,7.021785e-05,4.139100e-04,355,0.010664,9.967251e-05,0.021329,1.860950e-05,1.008912e+00,1066,1,0,1,1,1
061_foam_brick,s3_gate_off_061_foam_brick_t5,complete_only,874,0.872129,0.015840,3.930173e-04,1.460348e-03,441,0.010560,7.992702e-04,0.021120,3.082909e-04,9.400301e-01,918,1,0,1,1,1
061_foam_brick,s3_gate_off_061_foam_brick_t6,complete_only,1085,0.713546,0.017769,5.679449e-06,3.871578e-06,1647,0.011846,1.075955e-06,0.023692,1.008881e-05,1.415984e+00,1463,1,0,1,1,0
061_foam_brick,s3_gate_off_061_foam_brick_t7,complete_only,300,0.942541,0.016838,1.173405e-06,3.803999e-06,1092,0.011225,1.185533e-06,0.022450,9.160307e-07,1.194458e+00,1761,1,0,1,1,0
061_foam_brick,s3_gate_off_061_foam_brick_t8,complete_only,774,0.859683,0.017812,2.669983e-06,1.771579e-06,1123,0.011875,3.788861e-07,0.023749,7.248605e-06,1.387010e+00,1537,1,0,1,1,1
061_foam_brick,s3_gate_off_061_foam_brick_t9,complete_only,940,0.833472,0.016918,4.249699e-04,1.181709e-03,381,0.011279,5.132503e-04,0.022557,2.408510e-04,2.327116e+00,930,1,0,1,1,1
061_foam_brick,s3_gate_off_061_foam_brick_t10,complete_only,383,0.920346,0.017660,4.690859e-07,1.525495e-06,1272,0.011774,4.522986e-07,0.023547,4.680028e-07,8.733882e-01,1564,1,0,1,1,0
061_foam_brick,s3_gate_off_061_foam_brick_t11,complete_only,18,0.964142,0.016399,9.318733e-07,2.219323e-06,916,0.010933,9.453716e-07,0.021866,1.174308e-05,1.208059e+00,1156,1,0,1,1,1
061_foam_brick,s3_gate_off_061_foam_brick_t12,complete_only,319,0.955652,0.017550,1.112009e-05,1.608269e-05,677,0.011700,1.051551e-05,0.023400,1.362560e-05,1.960503e+00,1685,1,0,1,1,1
061_foam_brick,s3_gate_off_061_foam_brick_t13,complete_only,1049,0.814469,0.016679,5.653833e-04,1.581933e-03,254,0.011120,4.396107e-04,0.022239,4.517376e-04,1.709376e+00,943,1,0,1,1,1
061_foam_brick,s3_gate_off_061_foam_brick_t14,complete_only,380,0.919291,0.016714,3.544738e-07,6.151996e-07,773,0.011143,3.032672e-07,0.022285,3.999252e-07,1.020542e+00,1944,1,0,1,1,0
061_foam_brick,s3_gate_off_061_foam_brick_t15,complete_only,53,0.951256,0.016582,8.288066e-07,2.245901e-06,980,0.011055,9.778082e-07,0.022109,9.638775e-07,8.961745e-01,1037,1,0,1,1,1
061_foam_brick,s3_gate_off_061_foam_brick_t16,complete_only,483,0.918625,0.017371,5.278293e-07,7.428126e-07,1349,0.011581,4.752615e-07,0.023161,5.554837e-07,1.141796e+00,1920,1,0,1,1,1
061_foam_brick,s3_gate_off_061_foam_brick_t17,complete_only,776,0.879269,0.016756,5.431986e-07,9.285914e-07,1097,0.011170,5.852367e-07,0.022341,5.578748e-07,8.449795e-01,1398,1,0,1,1,1
061_foam_brick,s3_gate_off_061_foam_brick_t18,complete_only,154,0.924933,0.017146,5.965116e-04,1.654682e-03,675,0.011430,6.640608e-04,0.022861,4.683973e-04,1.327224e+00,981,1,0,1,1,1
061_foam_brick,s3_gate_off_061_foam_brick_t19,complete_only,825,0.820534,0.016025,1.074314e-04,4.872586e-04,702,0.010683,2.413969e-04,0.021366,6.310397e-05,9.568208e-01,953,1,0,1,1,1
061_foam_brick,s3_gate_off_061_foam_brick_t20,complete_only,380,0.936199,0.018011,9.674643e-06,9.219441e-06,883,0.012007,1.733644e-06,0.024014,6.887275e-06,8.841950e-01,1132,1,0,1,1,1
061_foam_brick,s3_gate_off_061_foam_brick_t21,complete_only,1,0.953142,0.015955,3.315239e-05,1.463414e-04,707,0.010637,2.440336e-05,0.021273,3.116652e-05,1.361994e+00,1013,1,0,1,1,1
061_foam_brick,s3_gate_off_061_foam_brick_t22,complete_only,441,0.912757,0.017352,1.224348e-06,5.292181e-06,1312,0.011568,1.294468e-06,0.023136,6.237484e-06,2.174643e+00,1616,1,0,1,1,1
061_foam_brick,s3_gate_off_061_foam_brick_t23,complete_only,216,0.951083,0.016708,1.440660e-06,8.197664e-06,877,0.011139,1.314510e-06,0.022277,1.690272e-06,1.285969e+00,1225,1,0,1,1,0
061_foam_brick,s3_gate_off_061_foam_brick_t24,complete_only,594,0.912612,0.017269,2.420281e-06,1.013343e-05,979,0.011513,3.429134e-06,0.023026,4.993453e-06,2.435156e+00,2228,1,0,1,1,1
010_potted_meat_can,s3_gate_020_010_potted_meat_can_t0,complete_epi,2,0.894102,0.020939,1.070414e-06,3.518277e-06,823,0.013959,1.023694e-06,0.027919,1.154448e-06,3.101753e-01,536,1,0,1,1,0
010_potted_meat_can,s3_gate_020_010_potted_meat_can_t1,complete_epi,280,0.747577,0.021101,1.717962e-06,4.574161e-06,656,0.014067,1.640129e-06,0.028134,2.519420e-06,4.104570e-01,510,1,0,1,1,0
010_potted_meat_can,s3_gate_020_010_potted_meat_can_t2,complete_epi,136,0.878365,0.020112,8.369857e-07,2.711939e-06,674,0.013408,8.508242e-07,0.026816,8.098206e-07,3.750570e-01,695,1,0,1,1,1
010_potted_meat_can,s3_gate_020_010_potted_meat_can_t3,complete_epi,2,0.942425,0.020695,8.903984e-07,2.271271e-06,760,0.013796,9.003638e-07,0.027593,9.037741e-07,4.189930e-01,655,1,0,1,1,1
010_potted_meat_can,s3_gate_020_010_potted_meat_can_t4,complete_epi,18,0.829206,0.021079,1.197038e-06,2.302828e-06,857,0.014053,1.312475e-06,0.028105,1.130803e-06,6.464910e-01,814,1,0,1,1,0
010_potted_meat_can,s3_gate_020_010_potted_meat_can_t5,complete_epi,3,0.864065,0.021080,2.078613e-06,6.422545e-06,744,0.014053,2.274775e-06,0.028106,3.019384e-06,7.275386e-01,858,1,0,1,1,1
010_potted_meat_can,s3_gate_020_010_potted_meat_can_t6,complete_epi,361,0.780659,0.021114,3.338269e-06,1.351415e-05,989,0.014076,3.415024e-06,0.028151,4.148097e-06,8.257413e-01,875,1,0,1,1,0
010_potted_meat_can,s3_gate_020_010_potted_meat_can_t7,complete_epi,29,0.794132,0.020415,2.044560e-06,8.035202e-06,729,0.013610,2.419024e-06,0.027219,4.494274e-06,4.165800e-01,632,1,0,1,1,1
010_potted_meat_can,s3_gate_020_010_potted_meat_can_t8,complete_epi,0,0.870399,0.020104,3.172254e-06,1.721302e-05,501,0.013403,3.679603e-06,0.026805,2.950686e-06,3.244500e-01,459,1,0,1,1,1
010_potted_meat_can,s3_gate_020_010_potted_meat_can_t9,complete_epi,196,0.753224,0.021005,3.591495e-06,1.550391e-05,660,0.014003,4.204496e-06,0.028006,4.427644e-06,5.783499e-01,709,1,0,1,1,1
010_potted_meat_can,s3_gate_020_010_potted_meat_can_t10,complete_epi,57,0.892281,0.019905,9.833842e-07,3.256265e-06,688,0.013270,1.031628e-06,0.026540,9.787824e-07,3.778671e-01,678,1,0,1,1,1
010_potted_meat_can,s3_gate_020_010_potted_meat_can_t11,complete_epi,8,0.903580,0.021103,8.714040e-07,2.379901e-06,738,0.014068,7.156644e-07,0.028137,8.878306e-07,4.182408e-01,670,1,0,1,1,1
010_potted_meat_can,s3_gate_020_010_potted_meat_can_t12,complete_epi,13,0.900846,0.031144,7.919098e-07,1.347203e-06,2290,0.020762,8.169132e-07,0.041525,1.508805e-06,6.931535e-01,990,1,0,1,1,1
010_potted_meat_can,s3_gate_020_010_potted_meat_can_t13,complete_epi,29,0.848047,0.021034,5.113672e-06,5.518020e-06,641,0.014023,7.760308e-06,0.028045,4.504517e-06,5.187940e-01,712,1,0,1,1,1
010_potted_meat_can,s3_gate_020_010_potted_meat_can_t14,complete_epi,74,0.892835,0.035944,4.005580e-06,2.168957e-05,4926,0.023963,3.268304e-06,0.047926,7.831150e-06,9.356731e-01,1043,1,0,1,1,1
010_potted_meat_can,s3_gate_020_010_potted_meat_can_t15,complete_epi,0,0.932056,0.020822,3.640353e-06,2.969654e-06,645,0.013881,1.068826e-06,0.027763,1.522080e-05,3.421085e-01,492,1,0,1,1,1
010_potted_meat_can,s3_gate_020_010_potted_meat_can_t16,complete_epi,90,0.871627,0.019549,7.906335e-07,2.108379e-06,585,0.013033,9.749421e-07,0.026065,7.033146e-07,3.578546e-01,636,1,0,1,1,1
010_potted_meat_can,s3_gate_020_010_potted_meat_can_t17,complete_epi,0,0.929276,0.020250,1.380999e-06,3.122978e-06,677,0.013500,1.317915e-06,0.027000,1.424798e-06,4.568114e-01,703,1,0,1,1,1
010_potted_meat_can,s3_gate_020_010_potted_meat_can_t18,complete_epi,0,0.930018,0.021780,4.207930e-06,2.352899e-06,770,0.014520,1.087039e-06,0.029040,1.462518e-05,3.700948e-01,621,1,0,1,1,1
010_potted_meat_can,s3_gate_020_010_potted_meat_can_t19,complete_epi,49,0.844109,0.021495,9.762170e-07,3.287491e-06,599,0.014330,8.674717e-07,0.028660,1.077197e-06,2.153741e-01,429,1,0,1,1,1
010_potted_meat_can,s3_gate_020_010_potted_meat_can_t20,complete_epi,234,0.826227,0.029954,1.019967e-06,2.427499e-06,2384,0.019970,1.133204e-06,0.039939,1.710274e-06,8.835518e-02,135,1,0,1,1,1
010_potted_meat_can,s3_gate_020_010_potted_meat_can_t21,complete_epi,0,0.907275,0.020711,7.734859e-07,2.598788e-06,445,0.013807,7.087856e-07,0.027615,5.067484e-06,3.976399e-01,635,1,0,1,1,1
010_potted_meat_can,s3_gate_020_010_potted_meat_can_t22,complete_epi,37,0.850796,0.020717,2.080175e-06,7.974879e-06,811,0.013812,2.211371e-06,0.027623,2.454145e-06,8.630146e-01,876,1,0,1,1,1
010_potted_meat_can,s3_gate_020_010_potted_meat_can_t23,complete_epi,333,0.837885,0.020921,1.006482e-06,2.614074e-06,773,0.013947,1.097389e-06,0.027894,9.273089e-07,4.250441e-01,666,1,0,1,1,1
010_potted_meat_can,s3_gate_020_010_potted_meat_can_t24,complete_epi,58,0.868552,0.020848,2.168715e-06,7.373331e-06,780,0.013898,2.462208e-06,0.027797,2.366394e-06,5.684917e-01,636,1,0,1,1,1
025_mug,s0_gate_off_025_mug_t0,complete_only,14,0.943333,0.020684,1.159444e-05,5.966951e-05,422,0.013789,6.756308e-05,0.027579,7.970566e-06,3.973970e-01,222,1,0,1,1,1
025_mug,s0_gate_off_025_mug_t1,complete_only,140,0.912664,0.021068,1.835322e-05,5.318914e-05,425,0.014046,2.669726e-05,0.028091,1.492362e-05,2.935726e-01,150,1,0,1,1,1
025_mug,s0_gate_off_025_mug_t3,complete_only,3,0.933595,0.021274,2.345023e-05,9.680601e-05,398,0.014183,1.225962e-05,0.028365,3.621503e-05,2.088125e-01,143,1,0,1,1,1
025_mug,s0_gate_off_025_mug_t4,complete_only,6,0.949608,0.020079,1.929495e-05,5.873721e-05,460,0.013386,2.732450e-05,0.026772,1.751346e-05,5.252976e-01,178,1,0,1,1,1
025_mug,s0_gate_off_025_mug_t5,complete_only,10,0.929042,0.020323,2.616355e-06,5.457451e-06,916,0.013548,2.565619e-06,0.027097,2.758413e-06,1.871784e-01,142,1,0,1,1,0
025_mug,s0_gate_off_025_mug_t6,complete_only,48,0.928014,0.020890,1.192240e-06,2.461604e-06,777,0.013927,1.181704e-06,0.027854,1.287267e-06,1.895535e-01,219,1,0,1,1,1
025_mug,s0_gate_off_025_mug_t7,complete_only,72,0.826403,0.011800,6.296461e-06,3.195495e-05,1056,0.007867,1.129288e-05,0.015733,6.348070e-06,7.280454e+00,7026,1,0,1,1,1
025_mug,s0_gate_off_025_mug_t8,complete_only,43,0.940611,0.020550,2.787100e-06,6.535971e-06,732,0.013700,2.793329e-06,0.027400,5.540650e-06,3.457302e-01,291,1,0,1,1,1
025_mug,s0_gate_off_025_mug_t9,complete_only,38,0.935770,0.020731,1.023482e-05,2.898454e-05,560,0.013821,2.199573e-05,0.027641,9.021557e-06,3.910223e-01,174,1,0,1,1,1
025_mug,s0_gate_off_025_mug_t10,complete_only,11,0.941064,0.019748,2.889596e-06,7.816036e-06,190,0.013166,3.841010e-06,0.026331,2.501160e-06,3.361992e-02,38,1,0,1,1,1
025_mug,s0_gate_off_025_mug_t11,complete_only,36,0.937065,0.019879,3.983792e-06,1.481358e-05,848,0.013253,3.105274e-06,0.026505,4.062825e-06,3.207858e-01,254,1,0,1,1,1
025_mug,s0_gate_off_025_mug_t13,complete_only,53,0.911796,0.020868,6.723101e-06,2.893306e-05,382,0.013912,1.401978e-05,0.027824,6.083735e-06,4.419696e-01,301,1,0,1,1,1
025_mug,s0_gate_off_025_mug_t14,complete_only,24,0.928328,0.019873,4.481137e-06,1.161978e-05,874,0.013248,3.956625e-06,0.026497,4.383887e-06,4.119442e-01,288,1,0,1,1,1
025_mug,s0_gate_off_025_mug_t15,complete_only,29,0.936621,0.023311,5.481288e-06,1.918762e-05,469,0.015540,4.959881e-06,0.031081,5.256808e-06,1.537140e-01,92,1,0,1,1,0
025_mug,s0_gate_off_025_mug_t16,complete_only,53,0.935688,0.021500,1.181908e-06,2.359285e-06,560,0.014333,1.218857e-06,0.028666,1.122440e-06,1.666913e-01,198,1,0,1,1,1
025_mug,s0_gate_off_025_mug_t17,complete_only,77,0.929019,0.023677,1.265543e-06,2.713794e-06,802,0.015785,1.274916e-06,0.031569,1.261122e-06,1.875291e-01,206,1,0,1,1,0
025_mug,s0_gate_off_025_mug_t18,complete_only,7,0.950100,0.021182,3.678831e-05,9.966540e-05,373,0.014121,7.367008e-05,0.028243,2.527973e-05,4.870163e-01,124,1,0,1,1,1
025_mug,s0_gate_off_025_mug_t19,complete_only,54,0.929526,0.020197,1.997874e-05,6.986824e-05,484,0.013465,3.012675e-05,0.026929,1.894068e-05,7.390467e-01,264,1,0,1,1,1
025_mug,s0_gate_off_025_mug_t20,complete_only,49,0.931488,0.020877,8.866593e-06,3.789910e-05,756,0.013918,8.464300e-06,0.027836,8.249941e-06,4.018118e-01,206,1,0,1,1,1
025_mug,s0_gate_off_025_mug_t21,complete_only,211,0.774030,0.020323,5.650209e-06,2.365924e-05,305,0.013548,4.129401e-06,0.027097,5.862515e-06,8.979092e-02,97,1,0,1,1,0
025_mug,s0_gate_off_025_mug_t22,complete_only,24,0.932441,0.019588,2.295122e-06,7.082215e-06,322,0.013059,3.117109e-06,0.026118,2.088334e-06,1.143925e-01,86,1,0,1,1,1
025_mug,s0_gate_off_025_mug_t23,complete_only,0,0.946374,0.020179,4.171512e-06,1.068363e-05,575,0.013453,4.745421e-06,0.026906,3.442002e-06,1.953224e-01,101,1,0,1,1,1
025_mug,s0_gate_off_025_mug_t24,complete_only,24,0.908614,0.021369,0.000000e+00,0.000000e+00,184,0.014246,0.000000e+00,0.028493,0.000000e+00,0.000000e+00,85,1,0,1,1,1
051_large_clamp,s0_gate_off_051_large_clamp_t0,complete_only,113,0.928902,0.031974,6.422724e-05,3.255991e-04,2102,0.021316,1.480922e-04,0.042632,5.836711e-05,5.242905e-01,260,1,0,1,1,1
051_large_clamp,s0_gate_off_051_large_clamp_t1,complete_only,25,0.943812,0.030828,5.512013e-07,2.075607e-06,1121,0.020552,3.397020e-07,0.041104,8.858670e-07,0.000000e+00,182,1,0,1,1,1
051_large_clamp,s0_gate_off_051_large_clamp_t2,complete_only,3,0.973149,0.032575,1.712247e-07,0.000000e+00,600,0.021716,0.000000e+00,0.043433,1.303947e-06,5.650258e-03,186,1,0,1,1,0
051_large_clamp,s0_gate_off_051_large_clamp_t3,complete_only,39,0.940159,0.032179,2.458568e-07,0.000000e+00,682,0.021453,0.000000e+00,0.042906,5.262408e-07,0.000000e+00,138,1,0,1,1,1
051_large_clamp,s0_gate_off_051_large_clamp_t4,complete_only,0,0.972277,0.030649,1.601035e-06,4.259475e-06,700,0.020433,0.000000e+00,0.040866,1.349733e-06,2.155497e-01,227,1,0,1,1,0
051_large_clamp,s0_gate_off_051_large_clamp_t5,complete_only,9,0.963447,0.032321,4.637925e-06,2.239538e-05,1057,0.021547,3.246400e-06,0.043094,3.720678e-06,1.598775e-02,199,1,0,1,1,1
051_large_clamp,s0_gate_off_051_large_clamp_t7,complete_only,0,0.966509,0.026194,3.271553e-06,5.514799e-06,1872,0.017462,1.599352e-06,0.034925,4.980679e-06,1.895433e-01,377,1,0,1,1,1
051_large_clamp,s0_gate_off_051_large_clamp_t8,complete_only,176,0.915645,0.031360,1.387061e-05,5.144841e-05,2635,0.020907,1.369582e-05,0.041814,1.267812e-05,2.245232e+00,1280,1,0,1,1,1
051_large_clamp,s0_gate_off_051_large_clamp_t9,complete_only,822,0.704655,0.010831,2.423491e-05,8.980073e-05,631,0.007221,4.913227e-05,0.014441,5.190722e-06,4.536714e+00,6339,1,0,1,1,0
051_large_clamp,s0_gate_off_051_large_clamp_t10,complete_only,0,0.967087,0.030166,7.388690e-07,3.151860e-06,951,0.020111,0.000000e+00,0.040222,1.040698e-06,0.000000e+00,153,1,0,1,1,0
051_large_clamp,s0_gate_off_051_large_clamp_t11,complete_only,38,0.949903,0.029731,2.472385e-05,1.748904e-04,1197,0.019820,1.459637e-05,0.039641,3.319443e-05,6.694276e-01,272,1,0,1,1,1
051_large_clamp,s0_gate_off_051_large_clamp_t12,complete_only,3,0.957513,0.031385,3.827638e-05,1.781468e-04,1713,0.020923,7.737340e-05,0.041846,4.241503e-05,8.291551e-01,451,1,0,1,1,1
051_large_clamp,s0_gate_off_051_large_clamp_t13,complete_only,8,0.948679,0.031824,8.790280e-06,3.257559e-05,1072,0.021216,1.647744e-05,0.042432,1.006348e-05,2.725571e-02,159,1,0,1,1,1
051_large_clamp,s0_gate_off_051_large_clamp_t14,complete_only,73,0.914779,0.042925,1.550873e-05,1.093611e-05,1488,0.028616,7.434808e-06,0.057233,2.140789e-05,1.535111e-01,192,1,0,1,1,0
051_large_clamp,s0_gate_off_051_large_clamp_t15,complete_only,13,0.950513,0.031301,5.210494e-06,7.740824e-06,1435,0.020867,3.151177e-06,0.041734,1.330979e-05,0.000000e+00,141,1,0,1,1,1
051_large_clamp,s0_gate_off_051_large_clamp_t16,complete_only,14,0.957216,0.031798,1.398068e-06,3.535754e-06,886,0.021199,0.000000e+00,0.042398,4.566452e-06,0.000000e+00,151,1,0,1,1,1
051_large_clamp,s0_gate_off_051_large_clamp_t17,complete_only,0,0.972699,0.030566,7.388823e-05,7.788312e-05,926,0.020378,4.132883e-05,0.040755,9.878237e-05,1.773706e-01,159,1,0,1,1,0
051_large_clamp,s0_gate_off_051_large_clamp_t18,complete_only,0,0.965500,0.029327,4.211616e-07,3.137130e-06,792,0.019551,7.568089e-07,0.039103,2.996605e-07,0.000000e+00,183,1,0,1,1,0
051_large_clamp,s0_gate_off_051_large_clamp_t19,complete_only,15,0.947591,0.031550,2.949350e-06,9.636387e-06,931,0.021033,1.149510e-06,0.042066,4.881571e-06,0.000000e+00,179,1,0,1,1,1
051_large_clamp,s0_gate_off_051_large_clamp_t20,complete_only,15,0.957150,0.032607,4.143785e-06,0.000000e+00,774,0.021738,1.555243e-06,0.043476,7.428356e-06,0.000000e+00,169,1,0,1,1,1
051_large_clamp,s0_gate_off_051_large_clamp_t21,complete_only,6,0.976658,0.026214,6.885326e-06,1.835707e-05,1758,0.017476,1.109007e-05,0.034952,6.547762e-06,3.053744e-01,352,1,0,1,1,1
051_large_clamp,s0_gate_off_051_large_clamp_t22,complete_only,45,0.940084,0.030859,2.012367e-05,3.368237e-05,1654,0.020573,2.251339e-05,0.041146,2.368442e-05,1.844836e-01,223,1,0,1,1,1
051_large_clamp,s0_gate_off_051_large_clamp_t23,complete_only,0,0.972508,0.049454,1.750094e-05,8.222502e-06,3015,0.032969,4.412734e-06,0.065938,3.674680e-05,1.261653e-02,168,1,0,1,1,0
051_large_clamp,s0_gate_off_051_large_clamp_t24,complete_only,19,0.976755,0.028020,3.584246e-06,1.371552e-05,1576,0.018680,5.042306e-06,0.037360,4.030396e-06,1.321179e-01,284,1,0,1,1,0
022_windex_bottle,s0_gate_020_022_windex_bottle_t0,complete_epi,206,0.875203,0.037098,3.874954e-06,6.216203e-06,4784,0.024732,2.122410e-06,0.049463,6.414251e-06,1.553906e+00,1123,1,0,1,1,0
022_windex_bottle,s0_gate_020_022_windex_bottle_t1,complete_epi,76,0.803835,0.039285,7.541058e-05,8.991478e-05,3591,0.026190,7.690107e-05,0.052381,1.076792e-04,2.054203e+00,880,1,0,1,1,0
022_windex_bottle,s0_gate_020_022_windex_bottle_t2,complete_epi,1,0.941441,0.038742,2.237794e-05,8.253003e-05,2892,0.025828,2.606140e-05,0.051656,3.150389e-05,7.479051e-01,342,1,0,1,1,1
022_windex_bottle,s0_gate_020_022_windex_bottle_t3,complete_epi,0,0.806863,0.001774,2.094362e-07,1.336932e-06,624,0.001182,4.223514e-08,0.002365,2.588851e-07,2.612597e+00,8192,0,0,1,1,
022_windex_bottle,s0_gate_020_022_windex_bottle_t4,complete_epi,0,0.945905,0.045323,1.195901e-05,4.014702e-05,1245,0.030215,4.841057e-06,0.060430,2.551098e-05,0.000000e+00,97,1,0,1,1,0
022_windex_bottle,s0_gate_020_022_windex_bottle_t5,complete_epi,409,0.847169,0.039753,2.879473e-05,6.738920e-05,3270,0.026502,4.443735e-05,0.053004,5.643512e-05,1.378174e+00,814,1,0,1,1,0
022_windex_bottle,s0_gate_020_022_windex_bottle_t6,complete_epi,225,0.868099,0.043353,4.091611e-06,6.927547e-06,7306,0.028902,3.039553e-06,0.057804,8.742077e-06,2.941839e+00,1739,1,0,1,1,0
022_windex_bottle,s0_gate_020_022_windex_bottle_t7,complete_epi,414,0.805967,0.038403,1.524628e-04,8.073838e-04,1607,0.025602,1.197848e-04,0.051205,1.847232e-04,8.890190e-01,237,1,0,1,1,0
022_windex_bottle,s0_gate_020_022_windex_bottle_t8,complete_epi,0,0.965097,0.042220,4.963422e-05,2.513359e-04,1641,0.028147,6.262645e-05,0.056294,1.067984e-04,5.251794e-01,228,1,0,1,1,0
022_windex_bottle,s0_gate_020_022_windex_bottle_t9,complete_epi,350,0.831943,0.040791,8.744100e-06,1.267562e-05,5471,0.027194,4.213403e-05,0.054388,1.068056e-05,8.587420e-01,613,1,0,1,1,1
022_windex_bottle,s0_gate_020_022_windex_bottle_t10,complete_epi,14,0.935608,0.044684,1.424699e-05,7.329808e-06,1044,0.029789,3.747079e-06,0.059579,8.452306e-05,3.214494e-02,127,1,0,1,1,0
022_windex_bottle,s0_gate_020_022_windex_bottle_t11,complete_epi,0,0.946184,0.044370,3.827947e-06,6.237462e-06,1043,0.029580,2.462541e-06,0.059160,3.141239e-05,0.000000e+00,85,1,0,1,1,0
022_windex_bottle,s0_gate_020_022_windex_bottle_t12,complete_epi,16,0.952095,0.041272,1.188297e-05,3.580654e-05,877,0.027515,1.308105e-05,0.055029,2.433851e-05,2.215700e-02,148,1,0,1,1,0
022_windex_bottle,s0_gate_020_022_windex_bottle_t13,complete_epi,112,0.869654,0.037109,1.220744e-05,4.198912e-05,2208,0.024739,3.090255e-05,0.049479,1.575792e-05,2.593623e-01,36,1,0,1,1,0
022_windex_bottle,s0_gate_020_022_windex_bottle_t14,complete_epi,32,0.934491,0.044538,1.153528e-05,4.977277e-05,857,0.029692,4.885182e-06,0.059384,5.125173e-05,0.000000e+00,97,1,0,1,1,0
022_windex_bottle,s0_gate_020_022_windex_bottle_t15,complete_epi,147,0.912601,0.030235,7.245024e-05,3.129740e-04,624,0.020157,5.188988e-05,0.040314,6.212601e-05,7.519349e-02,217,1,0,1,1,0
022_windex_bottle,s0_gate_020_022_windex_bottle_t16,complete_epi,131,0.918281,0.040785,4.934252e-06,1.400411e-05,6263,0.027190,3.618730e-06,0.054379,7.635211e-06,1.334976e+00,837,1,0,1,1,1
022_windex_bottle,s0_gate_020_022_windex_bottle_t17,complete_epi,32,0.861088,0.039726,3.229898e-06,9.313243e-06,4304,0.026484,2.353270e-06,0.052968,5.297453e-06,6.621648e-02,170,1,0,1,1,0
022_windex_bottle,s0_gate_020_022_windex_bottle_t18,complete_epi,9,0.944400,0.042521,8.052828e-06,2.730455e-05,5336,0.028348,3.487688e-06,0.056695,1.546133e-05,1.050647e+00,691,1,0,1,1,0
022_windex_bottle,s0_gate_020_022_windex_bottle_t19,complete_epi,652,0.727534,0.039396,4.911839e-04,2.515566e-03,1163,0.026264,1.552790e-03,0.052528,3.328635e-04,3.062481e-01,113,1,0,1,1,0
022_windex_bottle,s0_gate_020_022_windex_bottle_t20,complete_epi,372,0.832359,0.042984,4.910834e-06,9.214062e-06,7453,0.028656,2.620289e-06,0.057311,1.013276e-05,1.960162e+00,1342,1,0,1,1,1
022_windex_bottle,s0_gate_020_022_windex_bottle_t21,complete_epi,5,0.927251,0.031697,1.415491e-04,1.065015e-03,1289,0.021131,7.240893e-05,0.042263,2.253863e-04,1.482411e+00,675,1,0,1,1,0
022_windex_bottle,s0_gate_020_022_windex_bottle_t22,complete_epi,0,0.942964,0.044031,2.115273e-05,8.278078e-05,1041,0.029354,1.427204e-05,0.058708,5.154697e-05,1.521243e-01,200,1,0,1,1,0
022_windex_bottle,s0_gate_020_022_windex_bottle_t23,complete_epi,138,0.862687,0.039372,2.646715e-05,1.227729e-04,2892,0.026248,2.850705e-05,0.052496,4.412059e-05,4.472674e-01,248,1,0,1,1,1
022_windex_bottle,s0_gate_020_022_windex_bottle_t24,complete_epi,3,0.928440,0.032996,1.243828e-04,7.341712e-04,1501,0.021997,3.808034e-05,0.043995,2.612310e-04,1.613715e+00,777,1,0,1,1,0
006_mustard_bottle,s1_gate_off_006_mustard_bottle_t0,complete_only,0,0.876240,0.031806,7.793284e-06,2.100830e-05,1717,0.021204,6.606880e-06,0.042408,9.421121e-06,1.586337e-01,217,1,0,1,1,1
006_mustard_bottle,s1_gate_off_006_mustard_bottle_t1,complete_only,5,0.846427,0.031860,6.904803e-06,1.642789e-05,1502,0.021240,6.905792e-06,0.042480,7.438878e-06,1.924024e-01,277,1,0,1,1,1
006_mustard_bottle,s1_gate_off_006_mustard_bottle_t2,complete_only,48,0.896098,0.007343,1.942830e-04,2.887834e-04,623,0.004896,2.342237e-04,0.009791,1.367860e-04,3.974463e+00,5856,1,0,1,1,0
006_mustard_bottle,s1_gate_off_006_mustard_bottle_t3,complete_only,13,0.833475,0.031659,6.076767e-06,1.304590e-05,1903,0.021106,6.748827e-06,0.042213,5.717704e-06,6.772611e-01,452,1,0,1,1,1
006_mustard_bottle,s1_gate_off_006_mustard_bottle_t4,complete_only,0,0.859821,0.032548,6.912574e-06,1.364061e-05,1702,0.021698,7.020863e-06,0.043397,6.419480e-06,6.458469e-01,457,1,0,1,1,1
006_mustard_bottle,s1_gate_off_006_mustard_bottle_t5,complete_only,42,0.978592,0.013156,1.032553e-03,1.690154e-03,827,0.008770,1.200254e-03,0.017541,8.866128e-04,3.869556e+00,1415,1,0,1,1,0
006_mustard_bottle,s1_gate_off_006_mustard_bottle_t6,complete_only,0,0.923784,0.031859,1.165858e-05,2.070588e-05,1687,0.021240,1.271985e-05,0.042479,1.058073e-05,7.029106e-01,490,1,0,1,1,1
006_mustard_bottle,s1_gate_off_006_mustard_bottle_t7,complete_only,0,0.942483,0.020438,6.993861e-05,2.037805e-04,1612,0.013626,6.280342e-05,0.027251,6.296611e-05,1.294177e+00,1257,1,0,1,1,1
006_mustard_bottle,s1_gate_off_006_mustard_bottle_t8,complete_only,1,0.940881,0.029689,2.391913e-06,6.527736e-06,1737,0.019793,2.370795e-06,0.039586,2.693510e-06,5.129716e-01,660,1,0,1,1,1
006_mustard_bottle,s1_gate_off_006_mustard_bottle_t9,complete_only,383,0.751843,0.032202,2.234136e-05,8.031920e-05,1961,0.021468,1.219075e-05,0.042936,3.059502e-05,1.255753e+00,872,1,0,1,1,1
006_mustard_bottle,s1_gate_off_006_mustard_bottle_t10,complete_only,6,0.884320,0.031784,4.663769e-06,1.069155e-05,1587,0.021189,5.400395e-06,0.042379,4.156306e-06,7.547319e-01,520,1,0,1,1,1
006_mustard_bottle,s1_gate_off_006_mustard_bottle_t11,complete_only,244,0.852827,0.031120,4.012868e-06,6.572435e-06,1642,0.020747,4.215943e-06,0.041493,3.521790e-06,4.876209e-01,421,1,0,1,1,1
006_mustard_bottle,s1_gate_off_006_mustard_bottle_t12,complete_only,0,0.928817,0.030850,4.043094e-06,1.577972e-05,1967,0.020566,2.811273e-06,0.041133,5.078724e-06,3.577426e-01,549,1,0,1,1,1
006_mustard_bottle,s1_gate_off_006_mustard_bottle_t13,complete_only,69,0.943092,0.024737,1.432252e-06,6.092604e-06,897,0.016491,2.690304e-07,0.032982,1.049886e-05,0.000000e+00,171,1,0,1,1,0
006_mustard_bottle,s1_gate_off_006_mustard_bottle_t14,complete_only,0,0.851980,0.031637,1.032042e-05,2.499602e-05,1369,0.021091,9.266367e-06,0.042183,1.071076e-05,4.579969e-01,377,1,0,1,1,1
006_mustard_bottle,s1_gate_off_006_mustard_bottle_t15,complete_only,381,0.791907,0.032724,2.290208e-05,9.764540e-05,2106,0.021816,1.549866e-05,0.043632,3.395373e-05,6.294234e-01,478,1,0,1,1,1
006_mustard_bottle,s1_gate_off_006_mustard_bottle_t16,complete_only,29,0.804299,0.031943,9.750812e-06,2.246389e-05,1613,0.021295,7.987073e-06,0.042591,1.120360e-05,6.597284e-01,295,1,0,1,1,1
006_mustard_bottle,s1_gate_off_006_mustard_bottle_t18,complete_only,9,0.960474,0.029375,1.849870e-06,7.289695e-06,1791,0.019584,1.589372e-06,0.039167,2.056831e-06,1.258401e-01,441,1,0,1,1,1
006_mustard_bottle,s1_gate_off_006_mustard_bottle_t19,complete_only,10,0.858221,0.046113,1.397237e-04,7.605944e-04,4842,0.030742,2.684742e-04,0.061484,7.755124e-05,1.606478e+00,726,1,0,1,1,1
006_mustard_bottle,s1_gate_off_006_mustard_bottle_t20,complete_only,989,0.532018,0.043009,1.662632e-05,6.582211e-05,3248,0.028673,1.782861e-05,0.057346,1.870923e-05,1.743709e+00,376,1,0,1,1,0
006_mustard_bottle,s1_gate_off_006_mustard_bottle_t21,complete_only,390,0.882630,0.018328,6.888925e-06,2.665676e-05,1530,0.012219,2.235290e-05,0.024438,3.079967e-06,4.148367e-01,644,1,0,1,1,0
006_mustard_bottle,s1_gate_off_006_mustard_bottle_t22,complete_only,13,0.853739,0.033101,7.062471e-06,1.746983e-05,2197,0.022068,7.545328e-06,0.044135,9.513285e-06,6.550431e-01,465,1,0,1,1,1
006_mustard_bottle,s1_gate_off_006_mustard_bottle_t23,complete_only,13,0.947630,0.029092,2.399812e-06,6.307313e-06,1670,0.019395,2.045177e-06,0.038789,2.410641e-06,2.498828e-01,541,1,0,1,1,1
006_mustard_bottle,s1_gate_off_006_mustard_bottle_t24,complete_only,1,0.922741,0.033062,1.117086e-05,2.868304e-05,2071,0.022041,1.327216e-05,0.044083,1.146783e-05,3.858023e-01,271,1,0,1,1,1
011_banana,s1_gate_off_011_banana_t0,complete_only,1421,0.653703,0.032232,4.451127e-05,2.970477e-04,2129,0.021488,8.124545e-05,0.042976,4.878462e-05,8.157530e-01,326,1,0,1,1,0
011_banana,s1_gate_off_011_banana_t1,complete_only,1032,0.792829,0.031774,9.451520e-05,4.240216e-04,1976,0.021183,2.060358e-04,0.042365,8.878205e-05,1.107807e+00,681,1,0,1,1,1
011_banana,s1_gate_off_011_banana_t2,complete_only,1414,0.699945,0.031557,1.775904e-05,6.137886e-05,1489,0.021038,3.016349e-05,0.042077,1.640609e-05,2.275045e-01,237,1,0,1,1,0
011_banana,s1_gate_off_011_banana_t3,complete_only,1832,0.319203,0.031631,1.286993e-04,4.589028e-04,1307,0.021087,2.698508e-04,0.042174,9.732150e-05,1.152603e+00,572,1,0,1,1,1
011_banana,s1_gate_off_011_banana_t4,complete_only,1294,0.664543,0.031347,1.584136e-04,1.137915e-03,2245,0.020898,9.597405e-04,0.041796,1.626506e-04,1.247839e+00,772,1,0,1,1,1
011_banana,s1_gate_off_011_banana_t5,complete_only,1931,0.070657,0.031637,4.027774e-04,1.649923e-03,1706,0.021092,5.806495e-04,0.042183,2.590521e-04,1.718721e+00,883,1,0,1,1,0
011_banana,s1_gate_off_011_banana_t6,complete_only,1920,0.073989,0.032864,3.186791e-04,7.651017e-04,2508,0.021909,3.381690e-04,0.043818,2.674984e-04,2.321562e+00,812,1,0,1,1,1
011_banana,s1_gate_off_011_banana_t7,complete_only,534,0.903628,0.031469,5.039664e-05,9.316923e-05,2965,0.020979,4.074296e-05,0.041958,7.045106e-05,9.668900e-01,760,1,0,1,1,1
011_banana,s1_gate_off_011_banana_t8,complete_only,616,0.874068,0.031766,4.354846e-05,1.656427e-04,1936,0.021177,8.056523e-05,0.042354,2.201971e-05,6.696769e-01,553,1,0,1,1,1
011_banana,s1_gate_off_011_banana_t9,complete_only,1204,0.705357,0.032317,5.778317e-04,3.375780e-03,1660,0.021544,1.771279e-03,0.043089,3.680598e-04,2.474187e+00,622,1,0,1,1,1
011_banana,s1_gate_off_011_banana_t10,complete_only,1767,0.320920,0.032932,4.186534e-05,2.717989e-04,1578,0.021954,6.798779e-05,0.043909,2.884127e-05,2.216133e-01,179,1,0,1,1,0
011_banana,s1_gate_off_011_banana_t11,complete_only,276,0.904318,0.032626,4.659816e-05,2.121265e-04,3546,0.021750,6.149549e-05,0.043501,2.073732e-05,3.042207e+00,1675,1,0,1,1,1
011_banana,s1_gate_off_011_banana_t12,complete_only,881,0.818875,0.031965,1.493971e-04,1.239201e-04,1885,0.021310,2.796348e-04,0.042620,1.140473e-04,6.928085e-01,273,1,0,1,1,0
011_banana,s1_gate_off_011_banana_t13,complete_only,765,0.808293,0.031060,5.777877e-05,1.594774e-05,2720,0.020706,2.949153e-05,0.041413,8.271029e-05,1.717417e-01,246,1,0,1,1,1
011_banana,s1_gate_off_011_banana_t14,complete_only,1518,0.566999,0.032825,2.622980e-04,1.559231e-03,1744,0.021883,1.412185e-03,0.043766,1.315803e-04,1.394555e+00,516,1,0,1,1,0
011_banana,s1_gate_off_011_banana_t15,complete_only,1414,0.660469,0.030722,1.136429e-03,4.197978e-03,941,0.020481,1.698894e-03,0.040962,4.129752e-04,6.405179e-01,186,1,0,1,1,0
011_banana,s1_gate_off_011_banana_t16,complete_only,1179,0.721209,0.032635,5.289347e-04,2.407264e-03,1736,0.021757,8.811455e-04,0.043513,3.846689e-04,1.835416e+00,388,1,0,1,1,0
011_banana,s1_gate_off_011_banana_t17,complete_only,1893,0.129633,0.032013,2.745128e-04,1.315610e-03,1584,0.021342,5.210883e-04,0.042685,1.680769e-04,1.555622e+00,965,1,0,1,1,1
011_banana,s1_gate_off_011_banana_t18,complete_only,781,0.865452,0.031148,1.580521e-05,3.172989e-05,3125,0.020766,1.592849e-05,0.041531,1.433040e-05,5.618307e-01,589,1,0,1,1,0
011_banana,s1_gate_off_011_banana_t19,complete_only,1469,0.610460,0.032164,3.334132e-05,1.557938e-04,2283,0.021443,2.028762e-05,0.042886,5.889720e-05,9.270137e-01,714,1,0,1,1,0
011_banana,s1_gate_off_011_banana_t20,complete_only,1262,0.671197,0.032641,1.932185e-04,9.711080e-04,2424,0.021761,7.312959e-04,0.043522,1.363246e-04,1.105826e+00,701,1,0,1,1,0
011_banana,s1_gate_off_011_banana_t21,complete_only,1855,0.263071,0.031900,3.841498e-05,2.133970e-04,1338,0.021266,4.043296e-05,0.042533,4.450754e-05,1.589055e-01,169,1,0,1,1,0
011_banana,s1_gate_off_011_banana_t22,complete_only,1920,0.136520,0.031782,1.902124e-04,1.121154e-03,1420,0.021188,4.066572e-04,0.042376,1.566133e-04,1.174342e+00,403,1,0,1,1,0
011_banana,s1_gate_off_011_banana_t23,complete_only,1223,0.686719,0.031851,6.028079e-05,3.544822e-04,1941,0.021234,2.088432e-04,0.042468,2.094683e-05,6.703289e-01,556,1,0,1,1,0
011_banana,s1_gate_off_011_banana_t24,complete_only,1899,0.135244,0.031668,1.266196e-04,7.202750e-04,2918,0.021112,1.261027e-04,0.042224,1.202130e-04,7.680124e-01,785,1,0,1,1,1
025_mug,s1_gate_020_025_mug_t0,complete_epi,60,0.896095,0.019955,2.594951e-06,5.828039e-06,631,0.013303,2.343425e-06,0.026607,2.681357e-06,2.035470e-01,167,1,0,1,1,1
025_mug,s1_gate_020_025_mug_t1,complete_epi,8,0.948223,0.020177,2.452888e-06,6.544809e-06,969,0.013451,2.069766e-06,0.026903,2.723873e-06,3.979415e-01,327,1,0,1,1,1
025_mug,s1_gate_020_025_mug_t2,complete_epi,15,0.942021,0.032065,2.848866e-06,7.624505e-06,1223,0.021376,3.534926e-06,0.042753,2.629208e-06,2.853073e-01,214,1,0,1,1,1
025_mug,s1_gate_020_025_mug_t4,complete_epi,5,0.941470,0.022137,1.284548e-05,6.643237e-05,410,0.014758,4.692451e-05,0.029516,2.297490e-05,2.677960e-01,136,1,0,1,1,1
025_mug,s1_gate_020_025_mug_t5,complete_epi,60,0.816301,0.020450,4.342390e-06,1.859481e-05,471,0.013633,3.440648e-06,0.027266,3.996819e-06,1.793000e-01,167,1,0,1,1,1
025_mug,s1_gate_020_025_mug_t6,complete_epi,9,0.949342,0.020155,3.459031e-04,6.929390e-04,278,0.013437,4.251697e-04,0.026873,2.228051e-04,1.740235e-01,202,1,0,1,1,1
025_mug,s1_gate_020_025_mug_t7,complete_epi,18,0.962248,0.020780,1.050656e-06,2.229531e-06,721,0.013853,1.097764e-06,0.027707,1.070049e-06,1.222769e-01,164,1,0,1,1,1
025_mug,s1_gate_020_025_mug_t9,complete_epi,158,0.911545,0.020889,1.345736e-06,1.957732e-06,1237,0.013926,1.218789e-06,0.027852,1.304652e-06,4.491186e-01,447,1,0,1,1,1
025_mug,s1_gate_020_025_mug_t10,complete_epi,138,0.681036,0.007587,2.950702e-07,2.049020e-06,933,0.005058,1.434900e-07,0.010116,3.578846e-07,1.555146e+00,4515,1,0,1,1,0
025_mug,s1_gate_020_025_mug_t11,complete_epi,0,0.945381,0.021113,4.825872e-06,1.402099e-05,557,0.014076,5.590621e-06,0.028151,5.346466e-06,1.904480e-01,118,1,0,1,1,1
025_mug,s1_gate_020_025_mug_t12,complete_epi,140,0.927167,0.021585,1.608729e-05,3.653115e-05,484,0.014390,1.388816e-05,0.028780,1.773186e-05,3.107363e-01,177,1,0,1,1,1
025_mug,s1_gate_020_025_mug_t13,complete_epi,81,0.919938,0.020863,3.867854e-06,8.508753e-06,569,0.013909,3.160961e-06,0.027818,4.057221e-06,3.740646e-01,251,1,0,1,1,1
025_mug,s1_gate_020_025_mug_t14,complete_epi,111,0.889030,0.019937,2.380797e-06,5.123496e-06,727,0.013292,2.372464e-06,0.026583,2.338144e-06,2.499452e-01,211,1,0,1,1,1
025_mug,s1_gate_020_025_mug_t16,complete_epi,26,0.837142,0.020046,1.967600e-06,4.303519e-06,525,0.013364,2.002331e-06,0.026728,3.330769e-06,1.008492e-01,90,1,0,1,1,0
025_mug,s1_gate_020_025_mug_t17,complete_epi,58,0.915733,0.019806,2.340757e-06,4.530082e-06,964,0.013204,2.227304e-06,0.026409,2.432183e-06,1.577909e-01,144,1,0,1,1,1
025_mug,s1_gate_020_025_mug_t18,complete_epi,93,0.931483,0.024003,1.160478e-06,2.323829e-06,784,0.016002,9.986438e-07,0.032003,1.241185e-06,1.556534e-01,195,1,0,1,1,1
025_mug,s1_gate_020_025_mug_t19,complete_epi,44,0.919359,0.020597,2.580354e-05,1.222814e-04,855,0.013731,2.286324e-05,0.027462,2.377360e-05,7.897998e-01,342,1,0,1,1,1
025_mug,s1_gate_020_025_mug_t21,complete_epi,107,0.916396,0.020073,8.277046e-06,1.306780e-05,1044,0.013382,1.281985e-05,0.026764,9.400168e-06,5.503860e-01,347,1,0,1,1,1
025_mug,s1_gate_020_025_mug_t22,complete_epi,289,0.843240,0.020117,3.169017e-06,5.324054e-06,989,0.013411,3.246339e-06,0.026823,2.963348e-06,3.236923e-01,242,1,0,1,1,1
025_mug,s1_gate_020_025_mug_t23,complete_epi,411,0.746845,0.028269,1.331038e-06,2.535260e-06,675,0.018846,0.000000e+00,0.037692,4.166116e-06,0.000000e+00,46,1,0,1,1,1
025_mug,s1_gate_020_025_mug_t24,complete_epi,62,0.904623,0.019923,3.309775e-06,9.508473e-06,360,0.013282,4.372041e-06,0.026564,2.811022e-06,1.830623e-01,135,1,0,1,1,1
051_large_clamp,s1_gate_020_051_large_clamp_t0,complete_epi,0,0.964397,0.029898,9.723605e-07,4.144634e-06,1001,0.019932,1.440447e-07,0.039864,1.134042e-06,0.000000e+00,160,1,0,1,1,0
051_large_clamp,s1_gate_020_051_large_clamp_t1,complete_epi,5,0.967405,0.032394,2.466216e-04,1.161174e-03,838,0.021596,3.821294e-04,0.043192,8.055394e-05,4.213190e-01,295,1,0,1,1,1
051_large_clamp,s1_gate_020_051_large_clamp_t3,complete_epi,75,0.936203,0.031443,1.272059e-07,0.000000e+00,712,0.020962,0.000000e+00,0.041924,2.479598e-06,0.000000e+00,136,1,0,1,1,1
051_large_clamp,s1_gate_020_051_large_clamp_t4,complete_epi,33,0.939280,0.031763,6.707746e-06,1.534510e-05,1831,0.021175,2.053084e-05,0.042351,5.107152e-06,2.552220e-01,228,1,0,1,1,1
051_large_clamp,s1_gate_020_051_large_clamp_t5,complete_epi,0,0.964734,0.032580,5.586149e-06,2.736384e-05,2126,0.021720,6.121661e-06,0.043439,9.132183e-06,3.791616e-01,317,1,0,1,1,0
051_large_clamp,s1_gate_020_051_large_clamp_t6,complete_epi,5,0.962460,0.029986,5.331274e-07,1.253031e-06,827,0.019991,0.000000e+00,0.039981,5.753025e-07,0.000000e+00,136,1,0,1,1,0
051_large_clamp,s1_gate_020_051_large_clamp_t7,complete_epi,0,0.978042,0.032487,5.318103e-05,3.223231e-04,1138,0.021658,1.560239e-04,0.043316,1.781069e-05,2.409047e-01,227,1,0,1,1,0
051_large_clamp,s1_gate_020_051_large_clamp_t9,complete_epi,2,0.957713,0.031941,1.444912e-06,0.000000e+00,795,0.021294,0.000000e+00,0.042588,3.098254e-06,0.000000e+00,165,1,0,1,1,1
051_large_clamp,s1_gate_020_051_large_clamp_t10,complete_epi,204,0.936263,0.030207,2.744635e-05,3.749943e-05,1618,0.020138,2.435414e-05,0.040276,3.037344e-05,5.496851e-01,339,1,0,1,1,1
051_large_clamp,s1_gate_020_051_large_clamp_t11,complete_epi,0,0.948888,0.040654,4.654921e-05,2.329330e-04,4801,0.027103,6.635275e-05,0.054205,4.894331e-05,1.842417e+00,957,1,0,1,1,1
051_large_clamp,s1_gate_020_051_large_clamp_t12,complete_epi,36,0.949583,0.030845,1.723871e-07,1.576542e-06,1225,0.020563,0.000000e+00,0.041126,8.404956e-07,0.000000e+00,225,1,0,1,1,1
051_large_clamp,s1_gate_020_051_large_clamp_t13,complete_epi,18,0.945906,0.032052,1.523207e-06,1.899484e-06,852,0.021368,0.000000e+00,0.042736,3.903391e-06,0.000000e+00,157,1,0,1,1,1
051_large_clamp,s1_gate_020_051_large_clamp_t14,complete_epi,33,0.953980,0.029678,1.123641e-06,4.186258e-06,1138,0.019786,1.543137e-06,0.039571,9.739755e-07,1.310807e-01,223,1,0,1,1,1
051_large_clamp,s1_gate_020_051_large_clamp_t15,complete_epi,15,0.964086,0.030225,3.118951e-06,1.159956e-05,1251,0.020150,2.369563e-06,0.040300,6.879938e-06,1.654213e-01,200,1,0,1,1,1
051_large_clamp,s1_gate_020_051_large_clamp_t16,complete_epi,3,0.967764,0.032943,8.683001e-06,4.843046e-05,1851,0.021962,2.144969e-06,0.043924,1.890402e-05,0.000000e+00,169,1,0,1,1,1
051_large_clamp,s1_gate_020_051_large_clamp_t17,complete_epi,193,0.905117,0.032057,0.000000e+00,0.000000e+00,690,0.021371,0.000000e+00,0.042743,1.894880e-06,0.000000e+00,144,1,0,1,1,1
051_large_clamp,s1_gate_020_051_large_clamp_t18,complete_epi,3,0.951900,0.032330,1.243613e-06,2.901747e-06,2300,0.021553,8.430850e-07,0.043106,4.158418e-06,1.778575e-01,325,1,0,1,1,1
051_large_clamp,s1_gate_020_051_large_clamp_t19,complete_epi,4,0.962482,0.030488,2.797204e-06,8.981096e-06,2297,0.020325,3.522803e-06,0.040650,2.146853e-06,5.024416e-01,461,1,0,1,1,1
051_large_clamp,s1_gate_020_051_large_clamp_t20,complete_epi,26,0.942483,0.032210,3.638413e-06,1.146451e-05,2141,0.021474,7.007100e-06,0.042947,5.389506e-06,8.677469e-01,742,1,0,1,1,1
051_large_clamp,s1_gate_020_051_large_clamp_t21,complete_epi,103,0.928222,0.031647,0.000000e+00,0.000000e+00,636,0.021098,0.000000e+00,0.042195,1.243907e-08,0.000000e+00,150,1,0,1,1,0
051_large_clamp,s1_gate_020_051_large_clamp_t22,complete_epi,108,0.925283,0.031533,0.000000e+00,0.000000e+00,686,0.021022,0.000000e+00,0.042043,2.429192e-06,0.000000e+00,137,1,0,1,1,0
051_large_clamp,s1_gate_020_051_large_clamp_t23,complete_epi,0,0.976861,0.026228,8.157151e-06,2.909189e-05,1159,0.017486,2.342123e-06,0.034971,1.043778e-05,1.128970e-02,239,1,0,1,1,0
051_large_clamp,s1_gate_020_051_large_clamp_t24,complete_epi,90,0.930664,0.031612,0.000000e+00,0.000000e+00,599,0.021074,0.000000e+00,0.042149,6.785872e-07,0.000000e+00,149,1,0,1,1,0
022_windex_bottle,s2_gate_off_022_windex_bottle_t0,complete_only,133,0.891137,0.038365,1.568257e-03,4.492324e-03,313,0.025577,1.425874e-03,0.051154,1.895051e-03,7.252566e-01,25,1,0,1,1,1
022_windex_bottle,s2_gate_off_022_windex_bottle_t1,complete_only,216,0.914321,0.045636,1.741644e-05,1.070232e-04,5797,0.030424,1.684013e-05,0.060849,2.774010e-05,1.063186e-01,55,1,0,1,1,0
022_windex_bottle,s2_gate_off_022_windex_bottle_t2,complete_only,2,0.923813,0.032175,4.649294e-05,2.528329e-04,985,0.021450,4.051532e-05,0.042901,7.589193e-05,1.186431e-01,217,1,0,1,1,0
022_windex_bottle,s2_gate_off_022_windex_bottle_t3,complete_only,0,0.959344,0.040599,1.861930e-05,1.476138e-04,2234,0.027066,2.193511e-05,0.054132,3.776504e-05,3.019599e-01,270,1,0,1,1,0
022_windex_bottle,s2_gate_off_022_windex_bottle_t4,complete_only,195,0.888141,0.041767,6.888043e-06,8.944034e-06,4943,0.027845,4.789694e-06,0.055690,1.219581e-05,8.209233e-01,622,1,0,1,1,0
022_windex_bottle,s2_gate_off_022_windex_bottle_t5,complete_only,176,0.885098,0.039748,9.067710e-04,3.589136e-03,368,0.026499,1.108361e-03,0.052997,1.093126e-03,5.323984e-01,28,1,0,1,1,0
022_windex_bottle,s2_gate_off_022_windex_bottle_t6,complete_only,240,0.900811,0.029088,6.046566e-05,3.769431e-04,961,0.019392,1.046649e-04,0.038784,3.117600e-05,1.150056e+00,630,1,0,1,1,0
022_windex_bottle,s2_gate_off_022_windex_bottle_t7,complete_only,2,0.950323,0.041898,2.249967e-05,1.224901e-04,1451,0.027932,1.791216e-05,0.055865,4.849090e-05,3.189079e-01,257,1,0,1,1,0
022_windex_bottle,s2_gate_off_022_windex_bottle_t8,complete_only,12,0.954206,0.045710,1.306343e-05,5.262313e-05,5810,0.030474,1.001023e-05,0.060947,2.234785e-05,3.236043e-01,108,1,0,1,1,0
022_windex_bottle,s2_gate_off_022_windex_bottle_t9,complete_only,20,0.898614,0.038619,2.972705e-03,5.713837e-03,209,0.025746,3.423636e-03,0.051492,2.130834e-03,1.352393e+00,48,1,0,1,1,1
022_windex_bottle,s2_gate_off_022_windex_bottle_t11,complete_only,6,0.937115,0.042256,1.245291e-05,3.384387e-05,1063,0.028171,2.256498e-06,0.056342,4.461620e-05,1.503591e-01,224,1,0,1,1,0
022_windex_bottle,s2_gate_off_022_windex_bottle_t12,complete_only,227,0.867975,0.040902,9.218322e-06,2.386783e-05,5025,0.027268,5.839441e-06,0.054536,1.323618e-05,3.311030e-01,320,1,0,1,1,0
022_windex_bottle,s2_gate_off_022_windex_bottle_t13,complete_only,0,0.939352,0.040940,2.366361e-05,1.018938e-04,2330,0.027293,2.186497e-05,0.054586,5.218766e-05,2.202283e-01,53,1,0,1,1,0
022_windex_bottle,s2_gate_off_022_windex_bottle_t14,complete_only,98,0.885340,0.041962,3.048465e-06,6.574696e-06,4953,0.027974,2.758735e-06,0.055949,6.846933e-06,9.530811e-01,701,1,0,1,1,0
022_windex_bottle,s2_gate_off_022_windex_bottle_t15,complete_only,0,0.918987,0.032186,9.840947e-05,3.354101e-04,995,0.021457,5.133569e-05,0.042914,1.291188e-04,1.144041e+00,485,1,0,1,1,0
022_windex_bottle,s2_gate_off_022_windex_bottle_t16,complete_only,3,0.944928,0.039750,1.744199e-04,9.679502e-04,1052,0.026500,1.051423e-04,0.053001,2.263580e-04,1.105414e+00,298,1,0,1,1,0
022_windex_bottle,s2_gate_off_022_windex_bottle_t17,complete_only,2,0.941317,0.043759,1.939474e-05,1.532377e-04,1051,0.029173,7.280877e-06,0.058345,4.314130e-05,0.000000e+00,158,1,0,1,1,0
022_windex_bottle,s2_gate_off_022_windex_bottle_t18,complete_only,0,0.933913,0.039326,7.934825e-05,5.330386e-04,2424,0.026217,1.298849e-04,0.052434,5.461863e-05,1.833800e+00,1077,1,0,1,1,1
022_windex_bottle,s2_gate_off_022_windex_bottle_t19,complete_only,0,0.947840,0.043725,5.050428e-05,2.622378e-04,1890,0.029150,2.759976e-05,0.058300,1.125962e-04,8.942446e-01,449,1,0,1,1,0
022_windex_bottle,s2_gate_off_022_windex_bottle_t20,complete_only,679,0.675203,0.040756,3.443835e-04,1.900263e-03,1886,0.027171,5.590817e-04,0.054342,3.012853e-04,3.605140e+00,1248,1,0,1,1,0
022_windex_bottle,s2_gate_off_022_windex_bottle_t21,complete_only,153,0.902616,0.045908,2.493248e-05,7.846209e-05,3600,0.030606,1.429672e-05,0.061211,4.690630e-05,6.010463e-01,188,1,0,1,1,0
022_windex_bottle,s2_gate_off_022_windex_bottle_t22,complete_only,2,0.950512,0.041692,4.766439e-05,5.340866e-04,1237,0.027795,1.638435e-05,0.055590,9.094936e-05,2.433097e-01,289,1,0,1,1,0
022_windex_bottle,s2_gate_off_022_windex_bottle_t23,complete_only,14,0.941274,0.046163,2.129127e-05,6.702852e-05,5284,0.030775,4.726076e-05,0.061550,2.807822e-05,4.433702e-01,256,1,0,1,1,0
022_windex_bottle,s2_gate_off_022_windex_bottle_t24,complete_only,21,0.892108,0.038990,5.201676e-06,1.574091e-05,3685,0.025993,2.483745e-06,0.051986,8.004803e-06,1.082003e+00,835,1,0,1,1,0
006_mustard_bottle,s2_gate_020_006_mustard_bottle_t0,complete_epi,0,0.912965,0.032013,1.564728e-05,1.439022e-05,2218,0.021342,8.610552e-06,0.042684,1.929403e-05,4.833715e-01,616,1,0,1,1,1
006_mustard_bottle,s2_gate_020_006_mustard_bottle_t1,complete_epi,892,0.538936,0.050433,1.315227e-04,5.995001e-04,2136,0.033622,2.112547e-04,0.067243,1.105340e-04,1.893814e+00,250,1,0,1,1,0
006_mustard_bottle,s2_gate_020_006_mustard_bottle_t2,complete_epi,5,0.901268,0.030356,8.461549e-06,3.256383e-05,1547,0.020237,6.721675e-06,0.040474,9.506061e-06,6.150336e-01,325,1,0,1,1,1
006_mustard_bottle,s2_gate_020_006_mustard_bottle_t3,complete_epi,0,0.884376,0.032307,8.746124e-06,1.500283e-05,1587,0.021538,1.027078e-05,0.043076,7.036260e-06,5.930281e-01,406,1,0,1,1,1
006_mustard_bottle,s2_gate_020_006_mustard_bottle_t4,complete_epi,25,0.882504,0.030852,1.612334e-05,4.904375e-05,1516,0.020568,1.301356e-05,0.041136,1.711378e-05,1.214356e+00,388,1,0,1,1,0
006_mustard_bottle,s2_gate_020_006_mustard_bottle_t5,complete_epi,483,0.693317,0.031989,1.913302e-05,5.009301e-05,1939,0.021326,8.787867e-06,0.042652,2.948884e-05,8.744693e-01,711,1,0,1,1,1
006_mustard_bottle,s2_gate_020_006_mustard_bottle_t7,complete_epi,1,0.937243,0.016877,7.341196e-06,1.510436e-05,2180,0.011251,1.020127e-05,0.022502,6.938264e-06,2.046781e+00,1908,1,0,1,1,0
006_mustard_bottle,s2_gate_020_006_mustard_bottle_t8,complete_epi,5,0.854165,0.032355,1.616297e-05,4.092881e-05,1504,0.021570,1.456847e-05,0.043140,1.594451e-05,6.457087e-01,246,1,0,1,1,1
006_mustard_bottle,s2_gate_020_006_mustard_bottle_t9,complete_epi,2,0.954952,0.017921,4.571515e-06,3.621699e-05,907,0.011947,5.720108e-06,0.023895,3.907657e-06,2.520826e-01,647,1,0,1,1,0
006_mustard_bottle,s2_gate_020_006_mustard_bottle_t10,complete_epi,257,0.815035,0.033339,1.199671e-05,3.454807e-05,2120,0.022226,1.286387e-05,0.044452,1.183557e-05,7.189077e-01,423,1,0,1,1,1
006_mustard_bottle,s2_gate_020_006_mustard_bottle_t11,complete_epi,726,0.858813,0.033193,4.094976e-05,1.172094e-04,2297,0.022128,5.138583e-05,0.044257,2.406613e-05,1.481986e+00,770,1,0,1,1,0
006_mustard_bottle,s2_gate_020_006_mustard_bottle_t12,complete_epi,6,0.945172,0.029719,2.240497e-06,7.093286e-06,1727,0.019813,1.947181e-06,0.039625,2.530649e-06,2.211057e-01,489,1,0,1,1,1
006_mustard_bottle,s2_gate_020_006_mustard_bottle_t13,complete_epi,23,0.909301,0.022053,9.602386e-05,2.481232e-04,1421,0.014702,1.103828e-04,0.029404,6.890913e-05,1.496293e+00,392,1,0,1,1,0
006_mustard_bottle,s2_gate_020_006_mustard_bottle_t14,complete_epi,20,0.880604,0.031040,1.126739e-05,2.916348e-05,1535,0.020693,9.068834e-06,0.041386,1.265749e-05,1.043799e+00,398,1,0,1,1,0
006_mustard_bottle,s2_gate_020_006_mustard_bottle_t15,complete_epi,14,0.910401,0.030442,8.703847e-06,3.486455e-05,1503,0.020295,7.937698e-06,0.040590,9.678875e-06,4.864341e-01,321,1,0,1,1,1
006_mustard_bottle,s2_gate_020_006_mustard_bottle_t16,complete_epi,13,0.915615,0.029602,4.082050e-06,2.010939e-05,1759,0.019734,3.198497e-06,0.039469,4.253177e-06,3.715419e-01,471,1,0,1,1,0
006_mustard_bottle,s2_gate_020_006_mustard_bottle_t17,complete_epi,61,0.841062,0.032857,9.849651e-06,2.704771e-05,2053,0.021905,9.157500e-06,0.043809,9.133748e-06,9.349507e-01,617,1,0,1,1,1
006_mustard_bottle,s2_gate_020_006_mustard_bottle_t18,complete_epi,13,0.920766,0.034063,1.040772e-05,2.822046e-05,1529,0.022708,1.349403e-05,0.045417,8.874758e-06,2.078974e-01,152,1,0,1,1,1
006_mustard_bottle,s2_gate_020_006_mustard_bottle_t19,complete_epi,128,0.867544,0.031054,3.920171e-06,7.384207e-06,1698,0.020703,3.943481e-06,0.041406,3.645718e-06,7.000490e-01,482,1,0,1,1,1
006_mustard_bottle,s2_gate_020_006_mustard_bottle_t20,complete_epi,10,0.874905,0.031230,1.102872e-05,2.456353e-05,1628,0.020820,8.767293e-06,0.041640,1.219291e-05,7.143475e-01,299,1,0,1,1,1
006_mustard_bottle,s2_gate_020_006_mustard_bottle_t21,complete_epi,18,0.948772,0.021188,1.432887e-04,3.424242e-04,1506,0.014126,1.405384e-04,0.028251,1.502924e-04,5.130991e+00,774,1,0,1,1,0
006_mustard_bottle,s2_gate_020_006_mustard_bottle_t22,complete_epi,281,0.839036,0.031361,3.910860e-06,8.670418e-06,1627,0.020907,4.387699e-06,0.041815,3.302662e-06,3.027937e-01,286,1,0,1,1,1
006_mustard_bottle,s2_gate_020_006_mustard_bottle_t23,complete_epi,15,0.869101,0.031596,9.313291e-06,2.650209e-05,1794,0.021064,8.067755e-06,0.042128,1.139629e-05,6.334646e-01,364,1,0,1,1,1
006_mustard_bottle,s2_gate_020_006_mustard_bottle_t24,complete_epi,4,0.932550,0.029931,4.384511e-06,1.388780e-05,1532,0.019954,3.865147e-06,0.039908,5.124866e-06,1.562761e-01,472,1,0,1,1,1
011_banana,s2_gate_020_011_banana_t0,complete_epi,1550,0.588722,0.032968,2.238859e-04,1.597145e-03,1913,0.021979,6.452785e-04,0.043957,1.732586e-04,9.554157e-01,494,1,0,1,1,1
011_banana,s2_gate_020_011_banana_t1,complete_epi,1262,0.758546,0.032001,3.144040e-05,1.274188e-04,1244,0.021334,8.894125e-05,0.042668,2.112285e-05,2.055211e-01,239,1,0,1,1,0
011_banana,s2_gate_020_011_banana_t2,complete_epi,1127,0.754100,0.032195,7.204158e-05,3.658186e-04,2563,0.021463,9.525850e-05,0.042926,4.548616e-05,1.575396e+00,860,1,0,1,1,1
011_banana,s2_gate_020_011_banana_t3,complete_epi,1171,0.742876,0.032510,4.570565e-05,2.120878e-04,2505,0.021673,3.838961e-05,0.043347,6.295270e-05,5.813636e-01,435,1,0,1,1,0
011_banana,s2_gate_020_011_banana_t4,complete_epi,1151,0.656921,0.030784,1.638754e-05,6.693915e-05,2152,0.020522,1.316171e-05,0.041045,2.162056e-05,3.656770e-01,425,1,0,1,1,0
011_banana,s2_gate_020_011_banana_t5,complete_epi,1723,0.413512,0.031610,2.780773e-05,2.886991e-05,2719,0.021073,1.367477e-05,0.042147,4.374713e-05,3.770964e-01,413,1,0,1,1,0
011_banana,s2_gate_020_011_banana_t6,complete_epi,399,0.893707,0.032352,2.267705e-05,9.135165e-05,4366,0.021568,3.500666e-05,0.043136,1.488319e-05,1.762886e+00,1367,1,0,1,1,1
011_banana,s2_gate_020_011_banana_t8,complete_epi,1518,0.603941,0.031534,4.363984e-05,2.228441e-04,1836,0.021023,1.054167e-04,0.042045,3.363812e-05,5.869387e-01,394,1,0,1,1,1
011_banana,s2_gate_020_011_banana_t9,complete_epi,1041,0.799957,0.031823,1.032165e-04,3.947007e-04,2176,0.021215,2.218728e-04,0.042431,6.289675e-05,8.631363e-01,628,1,0,1,1,1
011_banana,s2_gate_020_011_banana_t10,complete_epi,1841,0.229244,0.030926,2.860628e-04,1.114585e-03,870,0.020618,4.047923e-04,0.041235,1.980423e-04,5.527038e-01,174,1,0,1,1,0
011_banana,s2_gate_020_011_banana_t11,complete_epi,1938,0.062310,0.031383,4.518579e-04,1.472226e-03,1795,0.020922,5.704576e-04,0.041844,2.077766e-04,3.277894e+00,913,1,0,1,1,1
011_banana,s2_gate_020_011_banana_t12,complete_epi,710,0.851112,0.031517,3.847431e-05,1.948861e-04,1919,0.021011,1.344512e-04,0.042022,2.076150e-05,3.207217e-01,238,1,0,1,1,0
011_banana,s2_gate_020_011_banana_t13,complete_epi,703,0.878550,0.032252,5.092010e-05,2.081785e-04,2233,0.021501,7.540538e-05,0.043002,6.108828e-05,6.760989e-01,466,1,0,1,1,0
011_banana,s2_gate_020_011_banana_t14,complete_epi,1114,0.785726,0.030708,8.660177e-05,4.369102e-04,1615,0.020472,1.486825e-04,0.040945,6.558382e-05,2.991961e-01,341,1,0,1,1,0
011_banana,s2_gate_020_011_banana_t15,complete_epi,1157,0.773124,0.032563,2.373683e-05,8.223193e-05,2114,0.021709,2.467535e-05,0.043417,2.635563e-05,5.623902e-01,505,1,0,1,1,1
011_banana,s2_gate_020_011_banana_t16,complete_epi,1694,0.412588,0.033651,9.650434e-05,4.462399e-04,1854,0.022434,2.384486e-04,0.044868,6.033135e-05,1.125667e+00,533,1,0,1,1,0
011_banana,s2_gate_020_011_banana_t17,complete_epi,1829,0.251162,0.030476,2.946762e-04,1.260795e-03,1646,0.020317,3.647874e-04,0.040635,2.088317e-04,1.088318e+00,772,1,0,1,1,0
011_banana,s2_gate_020_011_banana_t18,complete_epi,724,0.860417,0.031464,1.004227e-04,2.731628e-04,1850,0.020976,1.683485e-04,0.041951,8.823845e-05,1.089604e+00,671,1,0,1,1,0
011_banana,s2_gate_020_011_banana_t19,complete_epi,1528,0.562392,0.032489,2.299478e-05,1.065820e-04,1437,0.021660,2.905301e-05,0.043319,2.128327e-05,2.766937e-01,171,1,0,1,1,0
011_banana,s2_gate_020_011_banana_t20,complete_epi,1211,0.727476,0.032176,1.253470e-04,6.595285e-04,1635,0.021451,3.841008e-04,0.042902,6.747585e-05,1.626906e+00,776,1,0,1,1,1
011_banana,s2_gate_020_011_banana_t21,complete_epi,1353,0.742480,0.031237,1.978711e-05,2.052322e-05,1940,0.020825,1.597183e-05,0.041650,2.344418e-05,3.211785e-01,397,1,0,1,1,0
011_banana,s2_gate_020_011_banana_t22,complete_epi,1862,0.250992,0.031166,1.102412e-04,3.708218e-04,1915,0.020777,1.210310e-04,0.041555,7.305416e-05,3.102132e+00,1277,1,0,1,1,1
011_banana,s2_gate_020_011_banana_t23,complete_epi,1363,0.714169,0.031583,6.066775e-05,2.773773e-04,1406,0.021055,1.241570e-04,0.042111,3.320872e-05,3.059824e-01,299,1,0,1,1,0
011_banana,s2_gate_020_011_banana_t24,complete_epi,1246,0.759518,0.032013,4.823654e-05,2.269852e-04,1526,0.021342,1.136743e-04,0.042684,2.280336e-05,5.001026e-01,434,1,0,1,1,0
025_mug,s3_gate_off_025_mug_t0,complete_only,35,0.939315,0.020518,3.402215e-06,7.685447e-06,511,0.013679,3.509670e-06,0.027357,3.245680e-06,2.424104e-01,173,1,0,1,1,1
025_mug,s3_gate_off_025_mug_t1,complete_only,76,0.903696,0.020101,1.976451e-06,4.286179e-06,688,0.013401,1.960051e-06,0.026801,1.985140e-06,1.165874e-02,52,1,0,1,1,1
025_mug,s3_gate_off_025_mug_t2,complete_only,67,0.936222,0.022619,6.672702e-06,2.319432e-05,757,0.015079,8.301020e-06,0.030158,6.145951e-06,2.057181e-01,151,1,0,1,1,1
025_mug,s3_gate_off_025_mug_t3,complete_only,11,0.972919,0.012421,8.317804e-07,1.621074e-06,1297,0.008281,6.792036e-07,0.016562,9.857164e-07,1.357926e+00,2016,1,0,1,1,1
025_mug,s3_gate_off_025_mug_t4,complete_only,27,0.932362,0.020056,1.137991e-05,3.121703e-05,476,0.013370,1.434936e-05,0.026741,1.006393e-05,2.200505e-01,148,1,0,1,1,1
025_mug,s3_gate_off_025_mug_t5,complete_only,25,0.945762,0.019974,1.295887e-06,2.586701e-06,512,0.013316,1.406096e-06,0.026632,1.428745e-06,1.137413e-01,151,1,0,1,1,1
025_mug,s3_gate_off_025_mug_t6,complete_only,33,0.937877,0.020471,3.206174e-05,1.344958e-04,419,0.013647,6.010089e-05,0.027294,3.165344e-05,1.407300e-01,152,1,0,1,1,1
025_mug,s3_gate_off_025_mug_t7,complete_only,99,0.927676,0.022044,5.410246e-05,2.948056e-04,454,0.014696,7.072630e-05,0.029392,3.923667e-05,2.430798e-01,74,1,0,1,1,1
025_mug,s3_gate_off_025_mug_t9,complete_only,1,0.945388,0.020360,6.095671e-06,1.839237e-05,380,0.013574,5.677937e-06,0.027147,4.785830e-06,1.844316e-01,102,1,0,1,1,1
025_mug,s3_gate_off_025_mug_t11,complete_only,95,0.921134,0.020538,2.344948e-06,4.349012e-06,1098,0.013692,1.814748e-06,0.027385,2.293835e-06,3.475518e-01,338,1,0,1,1,1
025_mug,s3_gate_off_025_mug_t12,complete_only,158,0.886435,0.026795,4.766693e-04,1.280386e-03,345,0.017864,4.543860e-04,0.035727,4.098046e-04,3.056778e+00,140,1,0,1,1,0
025_mug,s3_gate_off_025_mug_t13,complete_only,5,0.944662,0.020295,7.648565e-06,2.076720e-05,459,0.013530,2.259031e-05,0.027059,4.990225e-06,2.545410e-01,135,1,0,1,1,1
025_mug,s3_gate_off_025_mug_t14,complete_only,144,0.925035,0.024909,1.513416e-06,2.692820e-06,1151,0.016606,1.548358e-06,0.033211,1.671053e-06,2.971142e-01,299,1,0,1,1,0
025_mug,s3_gate_off_025_mug_t15,complete_only,33,0.935995,0.020380,1.749148e-05,5.128463e-05,503,0.013586,2.486929e-05,0.027173,1.470631e-05,6.057413e-01,242,1,0,1,1,1
025_mug,s3_gate_off_025_mug_t16,complete_only,110,0.855945,0.020735,2.306365e-06,2.000911e-05,347,0.013823,1.712381e-06,0.027646,1.194558e-05,2.402950e-01,193,1,0,1,1,1
025_mug,s3_gate_off_025_mug_t17,complete_only,111,0.903419,0.022069,5.232043e-05,1.436473e-04,471,0.014712,7.666405e-05,0.029425,2.996881e-05,6.612211e-01,140,1,0,1,1,1
025_mug,s3_gate_off_025_mug_t18,complete_only,63,0.927210,0.020798,3.885544e-06,8.721190e-06,909,0.013865,2.682841e-06,0.027730,4.953653e-06,4.254532e-01,313,1,0,1,1,1
025_mug,s3_gate_off_025_mug_t19,complete_only,15,0.939661,0.020790,8.980611e-06,7.195224e-05,593,0.013860,2.242018e-05,0.027720,7.489838e-06,1.261118e-01,146,1,0,1,1,1
025_mug,s3_gate_off_025_mug_t20,complete_only,8,0.917032,0.020412,3.625184e-05,9.716133e-05,137,0.013608,4.356488e-05,0.027217,2.144435e-05,6.417561e-02,38,1,0,1,1,1
025_mug,s3_gate_off_025_mug_t21,complete_only,52,0.905687,0.019712,2.685525e-06,6.427262e-06,971,0.013141,2.273207e-06,0.026283,2.759997e-06,2.513280e-01,209,1,0,1,1,1
025_mug,s3_gate_off_025_mug_t23,complete_only,75,0.774416,0.020490,3.361458e-06,1.564965e-05,257,0.013660,2.731355e-06,0.027319,2.959150e-06,1.921956e-01,182,1,0,1,1,1
025_mug,s3_gate_off_025_mug_t24,complete_only,5,0.946275,0.023293,5.960883e-06,1.548321e-05,512,0.015529,6.097877e-06,0.031057,5.631435e-06,2.662742e-01,162,1,0,1,1,1
051_large_clamp,s3_gate_off_051_large_clamp_t0,complete_only,156,0.934698,0.030610,4.448629e-07,0.000000e+00,612,0.020407,1.764938e-07,0.040814,1.071506e-06,0.000000e+00,146,1,0,1,1,0
051_large_clamp,s3_gate_off_051_large_clamp_t1,complete_only,7,0.965309,0.030200,0.000000e+00,0.000000e+00,583,0.020133,0.000000e+00,0.040266,1.048281e-06,0.000000e+00,144,1,0,1,1,0
051_large_clamp,s3_gate_off_051_large_clamp_t2,complete_only,0,0.960785,0.030326,0.000000e+00,0.000000e+00,947,0.020217,0.000000e+00,0.040435,1.010959e-07,0.000000e+00,231,1,0,1,1,0
051_large_clamp,s3_gate_off_051_large_clamp_t3,complete_only,35,0.967180,0.030541,3.905508e-06,2.647705e-05,2386,0.020361,3.481628e-06,0.040721,4.216226e-06,5.686159e-01,498,1,0,1,1,1
051_large_clamp,s3_gate_off_051_large_clamp_t4,complete_only,6,0.952607,0.029756,1.683080e-06,4.414337e-06,1298,0.019837,1.943383e-06,0.039674,1.547066e-06,1.345589e-01,226,1,0,1,1,1
051_large_clamp,s3_gate_off_051_large_clamp_t6,complete_only,41,0.969277,0.030079,2.939018e-05,1.610958e-04,1551,0.020053,1.696113e-05,0.040105,3.843112e-05,6.398555e-01,315,1,0,1,1,1
051_large_clamp,s3_gate_off_051_large_clamp_t7,complete_only,0,0.964229,0.029713,0.000000e+00,0.000000e+00,852,0.019809,0.000000e+00,0.039618,1.636819e-07,0.000000e+00,213,1,0,1,1,0
051_large_clamp,s3_gate_off_051_large_clamp_t8,complete_only,0,0.976096,0.031213,5.676115e-06,4.166822e-05,1801,0.020808,2.744495e-06,0.041617,1.003715e-05,1.850687e-02,202,1,0,1,1,1
051_large_clamp,s3_gate_off_051_large_clamp_t9,complete_only,2,0.969120,0.032632,1.884770e-06,5.387970e-06,2278,0.021754,2.817965e-06,0.043509,2.203713e-06,2.482240e-02,174,1,0,1,1,1
051_large_clamp,s3_gate_off_051_large_clamp_t10,complete_only,54,0.973295,0.019111,1.038569e-06,4.332207e-06,2461,0.012741,1.108535e-06,0.025482,7.917369e-07,7.532730e-01,1117,1,0,1,1,0
051_large_clamp,s3_gate_off_051_large_clamp_t11,complete_only,22,0.946965,0.031636,8.193046e-07,0.000000e+00,713,0.021091,0.000000e+00,0.042182,2.680865e-06,0.000000e+00,201,1,0,1,1,0
051_large_clamp,s3_gate_off_051_large_clamp_t12,complete_only,4,0.970183,0.031680,1.017668e-06,2.517342e-06,2527,0.021120,1.110367e-06,0.042240,3.467248e-06,2.082165e-01,335,1,0,1,1,0
051_large_clamp,s3_gate_off_051_large_clamp_t13,complete_only,14,0.963404,0.032763,4.878691e-06,3.548051e-05,800,0.021842,2.547378e-06,0.043684,7.274275e-06,4.551337e-02,212,1,0,1,1,1
051_large_clamp,s3_gate_off_051_large_clamp_t14,complete_only,5,0.944616,0.031610,3.369639e-07,2.432186e-06,1423,0.021073,0.000000e+00,0.042146,9.570902e-07,0.000000e+00,231,1,0,1,1,1
051_large_clamp,s3_gate_off_051_large_clamp_t16,complete_only,1,0.974965,0.025958,1.336989e-05,8.538534e-05,2194,0.017306,5.847316e-05,0.034611,8.574161e-06,3.668840e-01,467,1,0,1,1,1
051_large_clamp,s3_gate_off_051_large_clamp_t17,complete_only,8,0.961537,0.029985,8.245061e-08,0.000000e+00,919,0.019990,0.000000e+00,0.039980,2.701901e-07,0.000000e+00,217,1,0,1,1,0
051_large_clamp,s3_gate_off_051_large_clamp_t18,complete_only,2,0.970318,0.031999,3.406235e-06,0.000000e+00,836,0.021333,2.080448e-06,0.042666,4.801514e-06,0.000000e+00,166,1,0,1,1,1
051_large_clamp,s3_gate_off_051_large_clamp_t19,complete_only,9,0.961927,0.032151,4.682249e-07,0.000000e+00,748,0.021434,0.000000e+00,0.042868,5.036176e-06,0.000000e+00,147,1,0,1,1,1
051_large_clamp,s3_gate_off_051_large_clamp_t20,complete_only,10,0.968263,0.033282,1.141297e-05,4.363814e-05,2668,0.022188,9.865762e-06,0.044376,1.209151e-05,3.691365e-01,393,1,0,1,1,0
051_large_clamp,s3_gate_off_051_large_clamp_t21,complete_only,64,0.954590,0.030672,1.991447e-05,1.298302e-04,1532,0.020448,1.788860e-05,0.040895,1.478999e-05,2.045861e-01,179,1,0,1,1,1
051_large_clamp,s3_gate_off_051_large_clamp_t22,complete_only,6,0.953444,0.031510,1.569469e-05,1.036498e-04,2351,0.021007,1.018475e-05,0.042013,2.517071e-05,4.117986e-01,295,1,0,1,1,1
051_large_clamp,s3_gate_off_051_large_clamp_t23,complete_only,2,0.962826,0.032535,3.422825e-06,5.710897e-06,2698,0.021690,1.399257e-06,0.043380,9.355882e-06,2.859304e-01,400,1,0,1,1,1
051_large_clamp,s3_gate_off_051_large_clamp_t24,complete_only,2,0.967461,0.031372,6.319476e-06,2.062978e-05,1463,0.020915,6.835666e-06,0.041829,9.971939e-06,2.573866e-02,163,1,0,1,1,0
022_windex_bottle,s3_gate_020_022_windex_bottle_t0,complete_epi,0,0.919890,0.044826,5.219366e-05,3.671409e-04,2337,0.029884,1.332251e-04,0.059768,1.117831e-04,2.392163e-01,42,1,0,1,1,0
022_windex_bottle,s3_gate_020_022_windex_bottle_t1,complete_epi,0,0.958003,0.045751,2.152082e-05,2.040534e-05,1744,0.030501,4.932908e-06,0.061002,5.071168e-05,1.186636e+00,680,1,0,1,1,0
022_windex_bottle,s3_gate_020_022_windex_bottle_t2,complete_epi,1199,0.516579,0.038496,4.518088e-05,1.625066e-04,2588,0.025664,5.231476e-05,0.051328,6.787897e-05,2.245943e-01,63,1,0,1,1,0
022_windex_bottle,s3_gate_020_022_windex_bottle_t3,complete_epi,0,0.950504,0.042991,1.669717e-05,3.297639e-05,1729,0.028661,1.063953e-05,0.057321,3.598082e-05,6.710036e-02,152,1,0,1,1,0
022_windex_bottle,s3_gate_020_022_windex_bottle_t4,complete_epi,33,0.942592,0.044669,4.485348e-06,1.572153e-05,1302,0.029779,2.278970e-06,0.059558,2.777805e-05,0.000000e+00,93,1,0,1,1,0
022_windex_bottle,s3_gate_020_022_windex_bottle_t5,complete_epi,41,0.914949,0.044739,1.084143e-05,5.595778e-05,1400,0.029826,5.209303e-06,0.059651,5.776010e-05,0.000000e+00,118,1,0,1,1,0
022_windex_bottle,s3_gate_020_022_windex_bottle_t6,complete_epi,0,0.960531,0.044912,2.719090e-05,1.213958e-04,1853,0.029941,1.502761e-05,0.059882,7.482155e-05,1.053070e+00,491,1,0,1,1,0
022_windex_bottle,s3_gate_020_022_windex_bottle_t7,complete_epi,0,0.931063,0.040312,4.325070e-06,1.118084e-05,5200,0.026874,2.472149e-06,0.053749,7.551382e-06,6.160971e-01,507,1,0,1,1,0
022_windex_bottle,s3_gate_020_022_windex_bottle_t8,complete_epi,11,0.936098,0.039365,6.804400e-05,2.976328e-04,1840,0.026243,7.205054e-05,0.052487,1.179739e-04,2.327521e-01,38,1,0,1,1,0
022_windex_bottle,s3_gate_020_022_windex_bottle_t9,complete_epi,0,0.909677,0.039192,2.813293e-05,1.202073e-04,2673,0.026128,6.090716e-05,0.052256,3.651621e-05,1.686071e-02,25,1,0,1,1,1
022_windex_bottle,s3_gate_020_022_windex_bottle_t10,complete_epi,292,0.803149,0.041075,4.565546e-06,1.019981e-05,4542,0.027383,2.655072e-06,0.054766,6.406069e-06,4.950502e-01,446,1,0,1,1,0
022_windex_bottle,s3_gate_020_022_windex_bottle_t11,complete_epi,679,0.715338,0.039588,2.146130e-04,7.488884e-04,4120,0.026392,1.166108e-03,0.052784,2.071457e-04,1.227512e+00,388,1,0,1,1,0
022_windex_bottle,s3_gate_020_022_windex_bottle_t12,complete_epi,53,0.920822,0.039425,1.563624e-04,9.280572e-04,1439,0.026283,1.308803e-04,0.052567,2.284382e-04,1.314026e+00,340,1,0,1,1,0
022_windex_bottle,s3_gate_020_022_windex_bottle_t13,complete_epi,0,0.906608,0.039153,5.299758e-05,3.181934e-04,2429,0.026102,1.527915e-04,0.052205,5.243457e-05,3.817475e-01,162,1,0,1,1,1
022_windex_bottle,s3_gate_020_022_windex_bottle_t15,complete_epi,502,0.779961,0.039712,1.089144e-04,2.515842e-04,3676,0.026475,3.399728e-04,0.052949,1.496874e-04,7.129690e-01,256,1,0,1,1,1
022_windex_bottle,s3_gate_020_022_windex_bottle_t16,complete_epi,307,0.843940,0.038851,1.866465e-04,6.986229e-04,1531,0.025900,1.990150e-04,0.051801,2.578106e-04,1.663351e+00,245,1,0,1,1,0
022_windex_bottle,s3_gate_020_022_windex_bottle_t17,complete_epi,0,0.951869,0.044999,5.728646e-06,2.074266e-05,1411,0.029999,1.838640e-06,0.059999,1.125985e-05,0.000000e+00,99,1,0,1,1,0
022_windex_bottle,s3_gate_020_022_windex_bottle_t18,complete_epi,252,0.863288,0.041313,1.392058e-05,3.642021e-05,2865,0.027542,2.120257e-05,0.055085,1.298361e-05,4.565300e-02,13,1,0,1,1,0
022_windex_bottle,s3_gate_020_022_windex_bottle_t19,complete_epi,170,0.885686,0.036802,5.277599e-06,8.329900e-06,4834,0.024535,1.931726e-05,0.049069,6.414412e-06,1.779210e+00,1260,1,0,1,1,0
022_windex_bottle,s3_gate_020_022_windex_bottle_t20,complete_epi,7,0.920341,0.032339,2.258170e-05,1.103211e-04,1733,0.021559,1.796981e-05,0.043119,4.617899e-05,8.044122e-01,581,1,0,1,1,0
022_windex_bottle,s3_gate_020_022_windex_bottle_t21,complete_epi,3,0.960922,0.042067,1.454342e-05,1.234328e-04,750,0.028045,2.302737e-06,0.056089,3.843288e-05,0.000000e+00,103,1,0,1,1,0
022_windex_bottle,s3_gate_020_022_windex_bottle_t22,complete_epi,148,0.898394,0.029824,9.877511e-05,4.845077e-04,2092,0.019883,1.026814e-04,0.039765,9.580281e-05,6.012324e-01,552,1,0,1,1,0
022_windex_bottle,s3_gate_020_022_windex_bottle_t23,complete_epi,3,0.964347,0.040884,3.334124e-05,1.770242e-04,1888,0.027256,1.504302e-05,0.054512,6.779899e-05,9.058509e-01,422,1,0,1,1,0
022_windex_bottle,s3_gate_020_022_windex_bottle_t24,complete_epi,263,0.899660,0.029970,2.759560e-05,6.929324e-05,1010,0.019980,2.091107e-05,0.039961,3.062889e-05,2.270223e-02,171,1,0,1,1,0
010_potted_meat_can,s0_gate_off_010_potted_meat_can_t0,complete_only,8,0.874111,0.021554,1.406342e-06,4.324614e-06,600,0.014369,1.490959e-06,0.028739,4.128139e-06,2.736159e-01,495,1,0,1,1,1
010_potted_meat_can,s0_gate_off_010_potted_meat_can_t1,complete_only,174,0.835502,0.020700,8.006136e-07,1.685051e-06,781,0.013800,8.809938e-07,0.027599,5.401665e-06,4.416899e-01,709,1,0,1,1,1
010_potted_meat_can,s0_gate_off_010_potted_meat_can_t2,complete_only,57,0.809193,0.021239,3.101294e-06,3.677331e-06,808,0.014159,2.018732e-06,0.028319,4.518447e-06,7.601692e-01,784,1,0,1,1,1
010_potted_meat_can,s0_gate_off_010_potted_meat_can_t3,complete_only,28,0.858404,0.020506,1.221685e-06,3.698439e-06,550,0.013671,9.737496e-07,0.027341,2.701382e-06,3.188652e-01,373,1,0,1,1,1
010_potted_meat_can,s0_gate_off_010_potted_meat_can_t5,complete_only,44,0.775991,0.021051,5.795635e-06,5.993559e-05,661,0.014034,9.790801e-06,0.028068,4.957478e-06,5.915037e-01,721,1,0,1,1,1
010_potted_meat_can,s0_gate_off_010_potted_meat_can_t6,complete_only,0,0.929220,0.020903,9.298728e-06,3.415992e-06,561,0.013936,1.062460e-06,0.027871,1.239589e-05,3.321726e-01,546,1,0,1,1,1
010_potted_meat_can,s0_gate_off_010_potted_meat_can_t7,complete_only,101,0.900304,0.019415,8.021989e-07,1.973497e-06,546,0.012943,9.648338e-07,0.025886,7.531973e-07,3.105110e-01,598,1,0,1,1,1
010_potted_meat_can,s0_gate_off_010_potted_meat_can_t8,complete_only,19,0.908165,0.020563,3.177409e-06,1.162397e-05,1132,0.013709,3.083754e-06,0.027418,3.292184e-06,5.532312e-01,656,1,0,1,1,0
010_potted_meat_can,s0_gate_off_010_potted_meat_can_t9,complete_only,50,0.800840,0.021148,2.858221e-06,1.400933e-05,359,0.014099,4.474069e-06,0.028198,2.949586e-06,3.539945e-01,504,1,0,1,1,1
010_potted_meat_can,s0_gate_off_010_potted_meat_can_t10,complete_only,371,0.743672,0.021245,4.066812e-06,3.655671e-06,713,0.014163,2.902478e-06,0.028327,6.928621e-06,4.766672e-01,667,1,0,1,1,0
010_potted_meat_can,s0_gate_off_010_potted_meat_can_t11,complete_only,6,0.828654,0.021172,3.438892e-06,2.368080e-06,715,0.014115,1.062028e-06,0.028229,4.871952e-06,7.084615e-01,797,1,0,1,1,0
010_potted_meat_can,s0_gate_off_010_potted_meat_can_t12,complete_only,0,0.916406,0.020726,1.171984e-06,3.501419e-06,451,0.013817,2.981033e-07,0.027634,3.825663e-06,3.237131e-01,467,1,0,1,1,1
010_potted_meat_can,s0_gate_off_010_potted_meat_can_t13,complete_only,20,0.859729,0.020854,1.073277e-06,3.098328e-06,645,0.013903,1.021735e-06,0.027805,8.933709e-06,2.006832e-01,441,1,0,1,1,1
010_potted_meat_can,s0_gate_off_010_potted_meat_can_t14,complete_only,0,0.925032,0.027374,4.123288e-05,2.601310e-04,6966,0.018249,4.890840e-04,0.036499,5.253072e-05,1.134993e+01,5220,1,0,1,1,0
010_potted_meat_can,s0_gate_off_010_potted_meat_can_t15,complete_only,55,0.839991,0.020970,2.385881e-06,9.920067e-06,847,0.013980,2.198742e-06,0.027960,3.044299e-06,5.774607e-01,718,1,0,1,1,1
010_potted_meat_can,s0_gate_off_010_potted_meat_can_t16,complete_only,0,0.863778,0.020988,1.630287e-06,6.306713e-06,417,0.013992,1.926229e-06,0.027985,5.927441e-06,1.973668e-01,304,1,0,1,1,0
010_potted_meat_can,s0_gate_off_010_potted_meat_can_t17,complete_only,0,0.942571,0.020263,1.373181e-06,2.428000e-06,652,0.013508,1.330699e-06,0.027017,1.510140e-06,4.350876e-01,685,1,0,1,1,1
010_potted_meat_can,s0_gate_off_010_potted_meat_can_t18,complete_only,60,0.859877,0.021209,7.338181e-06,4.111917e-06,756,0.014140,1.957145e-06,0.028279,9.798826e-06,4.724499e-01,673,1,0,1,1,1
010_potted_meat_can,s0_gate_off_010_potted_meat_can_t19,complete_only,0,0.939509,0.032517,9.652977e-07,2.246486e-06,1864,0.021678,1.019941e-06,0.043356,1.027751e-06,4.040367e-01,587,1,0,1,1,0
010_potted_meat_can,s0_gate_off_010_potted_meat_can_t20,complete_only,0,0.933600,0.020999,5.461059e-06,3.132764e-06,485,0.013999,1.097013e-06,0.027999,1.318128e-05,2.618594e-01,493,1,0,1,1,1
010_potted_meat_can,s0_gate_off_010_potted_meat_can_t21,complete_only,0,0.907659,0.019924,2.103718e-06,2.495707e-06,690,0.013282,8.986867e-07,0.026565,2.101063e-06,3.900211e-01,656,1,0,1,1,1
010_potted_meat_can,s0_gate_off_010_potted_meat_can_t22,complete_only,66,0.810818,0.021271,7.513871e-06,7.423147e-06,794,0.014181,1.807064e-06,0.028361,6.721362e-06,5.067017e-01,660,1,0,1,1,1
010_potted_meat_can,s0_gate_off_010_potted_meat_can_t23,complete_only,1,0.868449,0.020888,1.998891e-06,4.889595e-06,1006,0.013925,1.562530e-06,0.027851,2.147159e-06,8.611514e-01,916,1,0,1,1,0
010_potted_meat_can,s0_gate_off_010_potted_meat_can_t24,complete_only,26,0.928238,0.019815,8.755959e-07,2.079275e-06,710,0.013210,9.667552e-07,0.026420,7.837486e-07,3.299342e-01,637,1,0,1,1,1
035_power_drill,s0_gate_020_035_power_drill_t0,complete_epi,325,0.876045,0.041577,2.712935e-06,0.000000e+00,637,0.027718,9.005307e-07,0.055436,1.410180e-05,0.000000e+00,130,1,0,1,1,0
035_power_drill,s0_gate_020_035_power_drill_t1,complete_epi,386,0.817386,0.038970,4.949412e-05,1.139050e-04,1542,0.025980,3.745615e-05,0.051960,3.940504e-05,6.519605e-01,482,1,0,1,1,1
035_power_drill,s0_gate_020_035_power_drill_t2,complete_epi,654,0.819565,0.043508,1.358590e-04,8.177247e-04,910,0.029006,8.282371e-05,0.058011,1.839122e-04,4.604114e-01,232,1,0,1,1,1
035_power_drill,s0_gate_020_035_power_drill_t3,complete_epi,387,0.863930,0.041005,4.429661e-08,0.000000e+00,581,0.027337,0.000000e+00,0.054674,5.870205e-06,0.000000e+00,124,1,0,1,1,1
035_power_drill,s0_gate_020_035_power_drill_t4,complete_epi,604,0.815530,0.040923,4.218473e-07,2.693422e-06,759,0.027282,6.884083e-07,0.054564,2.468278e-06,0.000000e+00,164,1,0,1,1,0
035_power_drill,s0_gate_020_035_power_drill_t5,complete_epi,417,0.823381,0.054216,1.528151e-04,3.829385e-04,1391,0.036144,3.059987e-04,0.072289,1.408002e-04,1.853476e-01,161,1,0,1,1,0
035_power_drill,s0_gate_020_035_power_drill_t6,complete_epi,166,0.885776,0.039428,3.198918e-06,7.319159e-06,838,0.026285,0.000000e+00,0.052570,5.433147e-06,0.000000e+00,160,1,0,1,1,1
035_power_drill,s0_gate_020_035_power_drill_t8,complete_epi,28,0.891806,0.049017,2.662918e-04,1.861704e-03,1198,0.032678,2.373301e-04,0.065356,3.360974e-04,2.633318e-01,138,1,0,1,1,1
035_power_drill,s0_gate_020_035_power_drill_t10,complete_epi,1046,0.669201,0.042134,0.000000e+00,0.000000e+00,526,0.028089,0.000000e+00,0.056178,1.839310e-06,0.000000e+00,73,1,0,1,1,0
035_power_drill,s0_gate_020_035_power_drill_t11,complete_epi,875,0.732874,0.042851,1.098455e-05,2.111898e-05,1217,0.028567,2.898658e-06,0.057134,2.375512e-05,2.518567e-01,287,1,0,1,1,1
035_power_drill,s0_gate_020_035_power_drill_t12,complete_epi,72,0.830493,0.006733,6.379665e-06,3.003122e-05,1334,0.004489,6.410389e-06,0.008978,7.210320e-06,4.829416e+00,6138,1,0,1,1,0
035_power_drill,s0_gate_020_035_power_drill_t13,complete_epi,427,0.839795,0.040447,7.941797e-06,8.146585e-06,955,0.026964,2.205638e-06,0.053929,2.505580e-05,1.815726e-01,206,1,0,1,1,1
035_power_drill,s0_gate_020_035_power_drill_t14,complete_epi,982,0.681923,0.042310,0.000000e+00,0.000000e+00,682,0.028207,0.000000e+00,0.056414,1.298420e-06,0.000000e+00,160,1,0,1,1,1
035_power_drill,s0_gate_020_035_power_drill_t15,complete_epi,193,0.892395,0.042248,0.000000e+00,0.000000e+00,465,0.028165,0.000000e+00,0.056331,1.219322e-05,0.000000e+00,53,1,0,1,1,0
035_power_drill,s0_gate_020_035_power_drill_t16,complete_epi,19,0.912189,0.038830,1.649261e-05,6.153439e-06,1098,0.025887,4.936465e-06,0.051774,2.519740e-05,1.316041e-01,228,1,0,1,1,1
035_power_drill,s0_gate_020_035_power_drill_t17,complete_epi,0,0.947481,0.056519,2.291880e-05,1.268606e-05,5534,0.037679,1.198080e-06,0.075359,4.376247e-05,0.000000e+00,669,1,0,1,1,1
035_power_drill,s0_gate_020_035_power_drill_t18,complete_epi,518,0.816014,0.040603,2.772770e-06,1.223007e-05,1122,0.027069,2.542666e-06,0.054137,2.893029e-06,0.000000e+00,167,1,0,1,1,0
035_power_drill,s0_gate_020_035_power_drill_t19,complete_epi,143,0.869279,0.039252,4.801173e-06,1.749711e-05,1285,0.026168,4.754942e-06,0.052336,1.116082e-05,4.578503e-01,353,1,0,1,1,1
035_power_drill,s0_gate_020_035_power_drill_t21,complete_epi,6,0.913388,0.042427,2.094811e-05,1.569976e-04,4082,0.028284,1.818484e-05,0.056569,5.169927e-05,3.307255e+00,1760,1,0,1,1,1
035_power_drill,s0_gate_020_035_power_drill_t23,complete_epi,29,0.901319,0.035208,2.863904e-04,1.263907e-03,1252,0.023472,3.482536e-04,0.046943,3.077790e-04,1.319598e+00,113,1,0,1,1,0
035_power_drill,s0_gate_020_035_power_drill_t24,complete_epi,428,0.854466,0.045461,2.552564e-05,4.560577e-05,3489,0.030307,2.818075e-05,0.060614,2.402387e-05,1.048935e+00,667,1,0,1,1,1
021_bleach_cleanser,s1_gate_off_021_bleach_cleanser_t0,complete_only,15,0.931020,0.038889,1.220480e-04,6.660348e-04,512,0.025926,1.146776e-04,0.051852,8.540434e-05,5.872411e-02,105,1,0,1,1,1
021_bleach_cleanser,s1_gate_off_021_bleach_cleanser_t1,complete_only,30,0.954430,0.021852,1.324422e-04,4.117277e-04,922,0.014568,1.271128e-04,0.029136,1.353527e-04,3.363183e+00,455,1,0,1,1,0
021_bleach_cleanser,s1_gate_off_021_bleach_cleanser_t2,complete_only,56,0.929072,0.039184,5.099064e-05,4.386789e-04,613,0.026123,1.248548e-04,0.052245,3.121310e-05,5.306397e-02,138,1,0,1,1,1
021_bleach_cleanser,s1_gate_off_021_bleach_cleanser_t3,complete_only,635,0.837210,0.039686,3.900852e-05,2.382791e-04,1231,0.026457,4.037488e-05,0.052915,4.422538e-05,3.434277e-02,136,1,0,1,1,1
021_bleach_cleanser,s1_gate_off_021_bleach_cleanser_t5,complete_only,75,0.933475,0.040542,1.054156e-04,5.256458e-04,1599,0.027028,1.274446e-04,0.054056,6.522736e-05,4.247607e-01,217,1,0,1,1,1
021_bleach_cleanser,s1_gate_off_021_bleach_cleanser_t7,complete_only,156,0.917748,0.011648,1.702501e-06,3.972916e-06,888,0.007765,1.726306e-06,0.015531,1.650794e-06,2.748263e+00,3325,1,0,1,1,0
021_bleach_cleanser,s1_gate_off_021_bleach_cleanser_t8,complete_only,92,0.887837,0.040378,1.536320e-05,1.124578e-04,918,0.026919,1.751926e-05,0.053837,1.257435e-05,4.770769e-02,197,1,0,1,1,1
021_bleach_cleanser,s1_gate_off_021_bleach_cleanser_t9,complete_only,42,0.929898,0.039846,1.951238e-04,7.736083e-04,831,0.026564,1.350845e-04,0.053128,2.245764e-04,1.051897e-01,73,1,0,1,1,0
021_bleach_cleanser,s1_gate_off_021_bleach_cleanser_t10,complete_only,16,0.832261,0.022069,4.008404e-06,9.441270e-06,1432,0.014713,4.468802e-06,0.029426,3.635433e-06,5.246632e-01,419,1,0,1,1,0
061_foam_brick,s1_gate_off_061_foam_brick_t0,complete_only,811,0.869700,0.016198,1.707240e-04,8.119747e-04,489,0.010799,2.379089e-04,0.021597,1.196799e-04,7.646361e-01,972,1,0,1,1,1
061_foam_brick,s1_gate_off_061_foam_brick_t1,complete_only,1123,0.793401,0.017263,8.362361e-04,2.682859e-03,401,0.011508,7.860322e-04,0.023017,6.074080e-04,1.995096e+00,1058,1,0,1,1,1
061_foam_brick,s1_gate_off_061_foam_brick_t2,complete_only,731,0.887201,0.017402,5.527308e-07,1.016411e-06,1118,0.011601,5.709483e-07,0.023202,5.392869e-07,1.138151e+00,1708,1,0,1,1,0
061_foam_brick,s1_gate_off_061_foam_brick_t3,complete_only,279,0.916096,0.017227,9.133969e-07,4.254390e-06,1429,0.011485,5.300405e-07,0.022970,3.008853e-06,1.725300e+00,2105,1,0,1,1,1
061_foam_brick,s1_gate_off_061_foam_brick_t4,complete_only,1185,0.704289,0.016635,4.271225e-06,1.782940e-05,820,0.011090,4.297787e-06,0.022180,6.049432e-06,9.919493e-01,1067,1,0,1,1,1
061_foam_brick,s1_gate_off_061_foam_brick_t5,complete_only,0,0.979509,0.016491,2.827479e-06,8.139481e-06,430,0.010994,3.168034e-06,0.021988,1.484221e-05,1.644579e+00,1083,1,0,1,1,1
061_foam_brick,s1_gate_off_061_foam_brick_t6,complete_only,994,0.756549,0.017353,7.403664e-06,4.249799e-05,1537,0.011569,6.269687e-06,0.023137,9.557498e-06,8.947575e-01,910,1,0,1,1,1
061_foam_brick,s1_gate_off_061_foam_brick_t7,complete_only,1003,0.807203,0.017399,1.790596e-04,4.895084e-04,275,0.011599,2.774169e-04,0.023198,6.543321e-05,8.822510e-01,940,1,0,1,1,1
061_foam_brick,s1_gate_off_061_foam_brick_t8,complete_only,181,0.929519,0.016908,3.717592e-07,6.955663e-07,886,0.011272,3.379504e-07,0.022544,4.375209e-07,1.126934e+00,1863,1,0,1,1,0
061_foam_brick,s1_gate_off_061_foam_brick_t9,complete_only,267,0.920793,0.016186,4.142364e-04,9.102448e-04,737,0.010790,4.518959e-04,0.021581,4.526064e-04,1.610962e+00,1375,1,0,1,1,1
061_foam_brick,s1_gate_off_061_foam_brick_t10,complete_only,12,0.956212,0.017326,2.534537e-06,6.924326e-06,1537,0.011551,2.710381e-06,0.023102,4.559930e-06,1.995258e+00,2247,1,0,1,1,1
061_foam_brick,s1_gate_off_061_foam_brick_t11,complete_only,106,0.923948,0.016775,1.155127e-06,5.425304e-06,1328,0.011184,1.291842e-06,0.022367,2.421123e-06,2.152941e+00,2175,1,0,1,1,1
061_foam_brick,s1_gate_off_061_foam_brick_t12,complete_only,430,0.932489,0.016957,2.259338e-06,7.033515e-06,1015,0.011305,1.189655e-06,0.022609,5.414213e-06,2.259161e+00,1826,1,0,1,1,1
061_foam_brick,s1_gate_off_061_foam_brick_t13,complete_only,0,0.963988,0.015824,5.396275e-06,1.992707e-05,593,0.010549,3.107773e-06,0.021099,7.182509e-06,1.241169e+00,1050,1,0,1,1,1
061_foam_brick,s1_gate_off_061_foam_brick_t14,complete_only,1057,0.837993,0.016175,2.368625e-04,8.530951e-04,390,0.010783,4.007321e-04,0.021567,1.701369e-04,1.000394e+00,1080,1,0,1,1,1
061_foam_brick,s1_gate_off_061_foam_brick_t15,complete_only,61,0.921585,0.016141,1.825624e-05,5.985506e-06,960,0.010761,1.409847e-06,0.021522,4.420544e-05,1.473276e+00,934,1,0,1,1,1
061_foam_brick,s1_gate_off_061_foam_brick_t16,complete_only,238,0.956074,0.017241,3.670676e-05,1.145516e-04,884,0.011494,1.393642e-05,0.022988,3.747058e-05,1.224246e+00,1046,1,0,1,1,1
061_foam_brick,s1_gate_off_061_foam_brick_t17,complete_only,1285,0.547256,0.015815,1.859790e-05,7.550162e-05,737,0.010543,2.426930e-05,0.021087,1.529381e-05,1.910327e+00,1092,1,0,1,1,1
061_foam_brick,s1_gate_off_061_foam_brick_t18,complete_only,224,0.927828,0.016841,4.283486e-07,6.534428e-07,1116,0.011227,4.345546e-07,0.022455,5.056422e-07,1.289069e+00,1728,1,0,1,1,1
061_foam_brick,s1_gate_off_061_foam_brick_t19,complete_only,10,0.955856,0.017194,1.020608e-06,1.726201e-06,1181,0.011463,7.463770e-07,0.022925,1.367355e-06,1.879136e+00,1994,1,0,1,1,1
061_foam_brick,s1_gate_off_061_foam_brick_t20,complete_only,1282,0.667627,0.016533,7.497398e-06,3.782385e-05,908,0.011022,5.634341e-06,0.022044,1.040229e-05,1.659403e+00,1037,1,0,1,1,1
061_foam_brick,s1_gate_off_061_foam_brick_t21,complete_only,1296,0.646765,0.015948,2.602792e-05,9.604142e-05,643,0.010632,3.863139e-05,0.021263,2.056116e-05,1.046633e+00,904,1,0,1,1,1
061_foam_brick,s1_gate_off_061_foam_brick_t22,complete_only,1260,0.509844,0.015990,4.776997e-05,1.529675e-04,721,0.010660,1.017488e-04,0.021320,3.747135e-05,1.636216e+00,1561,1,0,1,1,1
061_foam_brick,s1_gate_off_061_foam_brick_t23,complete_only,257,0.923411,0.017068,5.387408e-07,8.682436e-07,1129,0.011378,4.141927e-07,0.022757,6.945342e-07,1.416675e+00,1709,1,0,1,1,1
061_foam_brick,s1_gate_off_061_foam_brick_t24,complete_only,1271,0.644518,0.016053,6.349087e-05,1.402230e-04,837,0.010702,6.389357e-05,0.021403,5.737774e-05,1.739394e+00,1261,1,0,1,1,1
010_potted_meat_can,s1_gate_020_010_potted_meat_can_t0,complete_epi,161,0.780397,0.021428,6.117140e-06,3.537824e-05,870,0.014286,5.573321e-06,0.028571,6.594710e-06,5.255505e-01,605,1,0,1,1,1
010_potted_meat_can,s1_gate_020_010_potted_meat_can_t1,complete_epi,56,0.802218,0.020876,2.144315e-06,3.287471e-06,620,0.013918,2.080719e-06,0.027835,2.923408e-06,4.300638e-01,628,1,0,1,1,1
010_potted_meat_can,s1_gate_020_010_potted_meat_can_t2,complete_epi,0,0.895318,0.020786,9.268341e-06,5.040421e-06,720,0.013858,1.944162e-06,0.027715,1.354275e-05,4.613466e-01,655,1,0,1,1,1
010_potted_meat_can,s1_gate_020_010_potted_meat_can_t3,complete_epi,5,0.884738,0.020869,4.497475e-06,1.683401e-05,795,0.013913,3.794673e-06,0.027825,4.698726e-06,5.896235e-01,645,1,0,1,1,1
010_potted_meat_can,s1_gate_020_010_potted_meat_can_t4,complete_epi,368,0.747681,0.020680,3.248853e-06,3.918573e-06,664,0.013787,3.282840e-06,0.027573,4.374692e-06,7.409285e-01,736,1,0,1,1,1
010_potted_meat_can,s1_gate_020_010_potted_meat_can_t5,complete_epi,44,0.868005,0.021116,9.670888e-07,2.614281e-06,803,0.014077,1.151954e-06,0.028154,8.621661e-07,4.002035e-01,643,1,0,1,1,1
010_potted_meat_can,s1_gate_020_010_potted_meat_can_t6,complete_epi,24,0.830713,0.026456,3.643331e-06,2.122119e-05,1776,0.017637,3.063570e-06,0.035275,4.561370e-06,6.886553e-01,762,1,0,1,1,0
010_potted_meat_can,s1_gate_020_010_potted_meat_can_t7,complete_epi,3,0.868365,0.021068,3.476249e-06,9.928274e-06,512,0.014045,2.013157e-06,0.028090,3.944985e-06,3.945338e-01,611,1,0,1,1,1
010_potted_meat_can,s1_gate_020_010_potted_meat_can_t8,complete_epi,7,0.925638,0.020128,8.783251e-07,2.602288e-06,650,0.013419,1.091548e-06,0.026838,7.557066e-07,2.946670e-01,606,1,0,1,1,1
010_potted_meat_can,s1_gate_020_010_potted_meat_can_t9,complete_epi,0,0.914072,0.020897,7.851344e-07,1.788727e-06,530,0.013931,9.669724e-08,0.027863,3.069845e-06,3.263045e-01,625,1,0,1,1,1
010_potted_meat_can,s1_gate_020_010_potted_meat_can_t10,complete_epi,32,0.872493,0.020970,1.439731e-06,3.524960e-06,793,0.013980,1.562282e-06,0.027960,1.396100e-06,7.518303e-01,919,1,0,1,1,1
010_potted_meat_can,s1_gate_020_010_potted_meat_can_t11,complete_epi,61,0.855160,0.020577,2.776092e-06,1.076063e-05,760,0.013718,2.340816e-06,0.027436,3.027127e-06,2.679600e-01,480,1,0,1,1,0
010_potted_meat_can,s1_gate_020_010_potted_meat_can_t12,complete_epi,155,0.910939,0.019939,8.460941e-07,2.348562e-06,709,0.013293,9.104546e-07,0.026586,7.651843e-07,3.494783e-01,686,1,0,1,1,1
010_potted_meat_can,s1_gate_020_010_potted_meat_can_t13,complete_epi,0,0.917733,0.021305,9.388687e-07,2.916508e-06,595,0.014203,5.982193e-07,0.028406,9.797201e-07,3.552183e-01,611,1,0,1,1,1
010_potted_meat_can,s1_gate_020_010_potted_meat_can_t14,complete_epi,76,0.776267,0.021016,2.122927e-06,1.110409e-05,968,0.014011,2.045150e-06,0.028021,2.525750e-06,5.146313e-01,686,1,0,1,1,0
010_potted_meat_can,s1_gate_020_010_potted_meat_can_t15,complete_epi,0,0.925329,0.021053,6.140477e-07,2.094597e-06,457,0.014035,5.022332e-07,0.028071,8.144023e-06,3.062645e-01,569,1,0,1,1,1
010_potted_meat_can,s1_gate_020_010_potted_meat_can_t16,complete_epi,1,0.913245,0.021516,2.445969e-05,4.886060e-06,523,0.014344,3.082538e-05,0.028688,2.381515e-05,3.094490e-01,418,1,0,1,1,1
010_potted_meat_can,s1_gate_020_010_potted_meat_can_t17,complete_epi,4,0.860972,0.020578,2.181819e-05,1.656590e-04,818,0.013719,2.273613e-05,0.027438,2.271810e-05,1.016674e+00,770,1,0,1,1,1
010_potted_meat_can,s1_gate_020_010_potted_meat_can_t18,complete_epi,95,0.903615,0.019776,1.431604e-06,1.026208e-05,621,0.013184,1.794568e-06,0.026367,1.367721e-06,3.024241e-01,595,1,0,1,1,1
010_potted_meat_can,s1_gate_020_010_potted_meat_can_t19,complete_epi,8,0.942434,0.020761,9.296071e-07,2.644831e-06,717,0.013840,9.443808e-07,0.027681,9.709744e-07,3.912702e-01,641,1,0,1,1,1
010_potted_meat_can,s1_gate_020_010_potted_meat_can_t20,complete_epi,30,0.864857,0.022897,4.730032e-06,2.841914e-06,975,0.015265,3.486939e-06,0.030529,5.949544e-06,6.248746e-01,729,1,0,1,1,0
010_potted_meat_can,s1_gate_020_010_potted_meat_can_t21,complete_epi,202,0.834318,0.020660,6.767967e-06,4.565343e-05,821,0.013773,5.597776e-06,0.027547,7.366045e-06,7.014795e-01,784,1,0,1,1,0
010_potted_meat_can,s1_gate_020_010_potted_meat_can_t22,complete_epi,19,0.848903,0.020527,2.652250e-05,1.319992e-04,721,0.013685,2.926449e-05,0.027369,2.470877e-05,9.720665e-01,762,1,0,1,1,1
010_potted_meat_can,s1_gate_020_010_potted_meat_can_t24,complete_epi,38,0.788490,0.020714,1.850084e-06,5.156811e-06,425,0.013810,1.428074e-06,0.027619,1.158251e-05,7.566785e-02,211,1,0,1,1,0
005_tomato_soup_can,s2_gate_off_005_tomato_soup_can_t0,complete_only,117,0.856406,0.018947,7.611710e-07,1.386790e-06,702,0.012632,7.195047e-07,0.025263,7.823527e-07,5.172783e-01,958,1,0,1,1,1
005_tomato_soup_can,s2_gate_off_005_tomato_soup_can_t1,complete_only,6,0.905718,0.018692,1.145624e-06,2.736888e-06,453,0.012461,1.317198e-06,0.024923,8.872126e-07,3.054968e-01,721,1,0,1,1,1
005_tomato_soup_can,s2_gate_off_005_tomato_soup_can_t2,complete_only,34,0.865484,0.019029,8.571506e-07,1.565953e-06,658,0.012686,8.149629e-07,0.025372,8.417692e-07,4.376480e-01,847,1,0,1,1,1
005_tomato_soup_can,s2_gate_off_005_tomato_soup_can_t3,complete_only,42,0.875733,0.019146,6.563114e-07,1.442589e-06,604,0.012764,8.700527e-07,0.025528,6.489580e-07,2.917652e-01,729,1,0,1,1,1
005_tomato_soup_can,s2_gate_off_005_tomato_soup_can_t5,complete_only,32,0.884026,0.018999,7.692280e-07,1.617961e-06,691,0.012666,7.665222e-07,0.025333,7.880845e-07,4.099300e-01,818,1,0,1,1,1
005_tomato_soup_can,s2_gate_off_005_tomato_soup_can_t6,complete_only,31,0.886502,0.019031,6.691459e-07,1.715803e-06,539,0.012687,6.373128e-07,0.025374,6.548611e-07,3.038844e-01,729,1,0,1,1,1
005_tomato_soup_can,s2_gate_off_005_tomato_soup_can_t8,complete_only,56,0.881019,0.018651,1.130244e-06,2.425705e-06,418,0.012434,1.169206e-06,0.024868,9.088455e-07,3.036432e-01,743,1,0,1,1,1
005_tomato_soup_can,s2_gate_off_005_tomato_soup_can_t9,complete_only,13,0.887348,0.018918,7.973935e-07,1.495118e-06,673,0.012612,7.598379e-07,0.025223,7.992466e-07,3.990569e-01,823,1,0,1,1,1
005_tomato_soup_can,s2_gate_off_005_tomato_soup_can_t10,complete_only,5,0.892690,0.019272,7.375524e-07,1.449688e-06,691,0.012848,7.452354e-07,0.025696,7.551221e-07,4.468778e-01,877,1,0,1,1,1
005_tomato_soup_can,s2_gate_off_005_tomato_soup_can_t11,complete_only,11,0.887474,0.019040,8.152909e-07,1.555504e-06,648,0.012694,8.014062e-07,0.025387,8.184468e-07,4.366226e-01,859,1,0,1,1,0
005_tomato_soup_can,s2_gate_off_005_tomato_soup_can_t12,complete_only,13,0.880148,0.018771,7.458770e-07,1.537139e-06,672,0.012514,6.999169e-07,0.025027,7.820338e-07,4.014381e-01,840,1,0,1,1,1
005_tomato_soup_can,s2_gate_off_005_tomato_soup_can_t13,complete_only,106,0.864655,0.019174,7.757507e-07,1.432104e-06,609,0.012783,7.556267e-07,0.025565,7.736383e-07,3.848207e-01,765,1,0,1,1,0
005_tomato_soup_can,s2_gate_off_005_tomato_soup_can_t14,complete_only,13,0.890616,0.018685,6.221587e-07,2.086441e-06,465,0.012457,4.160173e-07,0.024914,7.117776e-07,2.487146e-01,659,1,0,1,1,1
005_tomato_soup_can,s2_gate_off_005_tomato_soup_can_t15,complete_only,41,0.872835,0.019081,7.454843e-07,1.580269e-06,662,0.012721,7.345421e-07,0.025442,7.559108e-07,4.020847e-01,824,1,0,1,1,1
005_tomato_soup_can,s2_gate_off_005_tomato_soup_can_t16,complete_only,31,0.889320,0.019042,1.222500e-06,1.704695e-06,679,0.012694,1.379357e-06,0.025389,1.090622e-06,5.487142e-01,991,1,0,1,1,1
005_tomato_soup_can,s2_gate_off_005_tomato_soup_can_t17,complete_only,124,0.863377,0.019170,7.377085e-07,1.466943e-06,571,0.012780,7.400885e-07,0.025559,7.542486e-07,3.504938e-01,773,1,0,1,1,1
005_tomato_soup_can,s2_gate_off_005_tomato_soup_can_t18,complete_only,78,0.869969,0.019093,7.975801e-07,1.438271e-06,626,0.012729,8.166347e-07,0.025457,8.001702e-07,3.941175e-01,757,1,0,1,1,1
005_tomato_soup_can,s2_gate_off_005_tomato_soup_can_t19,complete_only,49,0.873524,0.018975,8.054777e-07,1.556682e-06,694,0.012650,7.285605e-07,0.025299,8.230970e-07,5.081076e-01,955,1,0,1,1,1
005_tomato_soup_can,s2_gate_off_005_tomato_soup_can_t20,complete_only,0,0.880542,0.027305,3.459110e-05,5.011800e-06,1150,0.018204,2.439801e-06,0.036407,6.276825e-05,7.274032e-01,794,1,0,1,1,1
005_tomato_soup_can,s2_gate_off_005_tomato_soup_can_t21,complete_only,5,0.896623,0.019411,3.703627e-07,1.444170e-06,413,0.012941,3.810537e-07,0.025881,4.782615e-07,1.927379e-01,607,1,0,1,1,1
005_tomato_soup_can,s2_gate_off_005_tomato_soup_can_t22,complete_only,11,0.877466,0.018739,5.641618e-07,1.680956e-06,449,0.012493,2.660967e-07,0.024985,6.794978e-07,2.608827e-01,693,1,0,1,1,1
005_tomato_soup_can,s2_gate_off_005_tomato_soup_can_t23,complete_only,9,0.897633,0.018604,6.222507e-07,1.779060e-06,475,0.012403,5.113806e-07,0.024806,6.125860e-07,2.727754e-01,701,1,0,1,1,1
005_tomato_soup_can,s2_gate_off_005_tomato_soup_can_t24,complete_only,49,0.875972,0.018887,4.675965e-07,1.550212e-06,483,0.012592,5.939021e-07,0.025183,5.475394e-07,3.707562e-01,790,1,0,1,1,1
035_power_drill,s2_gate_off_035_power_drill_t0,complete_only,249,0.868208,0.039149,4.943191e-06,2.773454e-05,1372,0.026099,4.125695e-06,0.052199,1.202511e-05,1.307317e-01,266,1,0,1,1,0
035_power_drill,s2_gate_off_035_power_drill_t1,complete_only,113,0.895732,0.041391,2.152257e-06,8.710047e-06,1002,0.027594,2.411563e-06,0.055188,3.595981e-06,0.000000e+00,169,1,0,1,1,0
035_power_drill,s2_gate_off_035_power_drill_t2,complete_only,5,0.924176,0.012318,0.000000e+00,0.000000e+00,545,0.008212,0.000000e+00,0.016424,1.094009e-07,9.451435e-01,2432,1,0,1,1,0
035_power_drill,s2_gate_off_035_power_drill_t3,complete_only,3,0.960375,0.023433,9.338095e-06,4.669066e-05,3360,0.015622,7.359699e-06,0.031244,1.803679e-05,4.116696e+00,2753,1,0,1,1,1
035_power_drill,s2_gate_off_035_power_drill_t5,complete_only,4,0.975015,0.015142,2.517343e-04,5.803059e-04,990,0.010095,3.211308e-04,0.020189,1.849525e-04,4.221562e+00,2073,1,0,1,1,0
035_power_drill,s2_gate_off_035_power_drill_t6,complete_only,32,0.925588,0.041733,0.000000e+00,0.000000e+00,473,0.027822,0.000000e+00,0.055644,4.901093e-06,0.000000e+00,104,1,0,1,1,1
035_power_drill,s2_gate_off_035_power_drill_t7,complete_only,225,0.859994,0.047234,1.585196e-04,8.839925e-04,1083,0.031489,1.057221e-04,0.062979,1.565621e-04,4.973153e-01,158,1,0,1,1,1
035_power_drill,s2_gate_off_035_power_drill_t8,complete_only,305,0.835688,0.041203,1.849148e-06,6.330956e-06,922,0.027468,0.000000e+00,0.054937,1.741422e-06,0.000000e+00,134,1,0,1,1,0
035_power_drill,s2_gate_off_035_power_drill_t9,complete_only,0,0.942082,0.037268,1.315534e-05,1.081364e-04,1235,0.024845,1.274179e-05,0.049691,1.345538e-05,6.198547e-01,503,1,0,1,1,0
035_power_drill,s2_gate_off_035_power_drill_t10,complete_only,472,0.802867,0.042756,1.692853e-04,5.116174e-04,678,0.028504,1.228590e-04,0.057007,2.315064e-04,1.791647e-01,143,1,0,1,1,1
035_power_drill,s2_gate_off_035_power_drill_t11,complete_only,91,0.868250,0.044872,3.376860e-04,1.973941e-03,699,0.029915,4.558489e-04,0.059830,4.914525e-04,2.326599e-01,126,1,0,1,1,1
035_power_drill,s2_gate_off_035_power_drill_t12,complete_only,148,0.956589,0.028784,2.498751e-05,1.087032e-04,1370,0.019190,2.270719e-05,0.038379,1.766705e-05,1.230774e+00,828,1,0,1,1,1
035_power_drill,s2_gate_off_035_power_drill_t13,complete_only,559,0.838239,0.029390,4.760514e-04,1.635340e-03,1134,0.019593,5.742117e-04,0.039187,2.474687e-04,3.953682e+00,401,1,0,1,1,0
035_power_drill,s2_gate_off_035_power_drill_t14,complete_only,497,0.831815,0.040624,6.175015e-06,1.307325e-05,1365,0.027082,3.364736e-06,0.054165,1.357211e-05,1.595479e-01,251,1,0,1,1,1
035_power_drill,s2_gate_off_035_power_drill_t16,complete_only,27,0.961628,0.019418,1.396856e-04,5.707203e-04,914,0.012946,1.852066e-04,0.025891,1.150682e-04,2.335770e+00,2021,1,0,1,1,0
035_power_drill,s2_gate_off_035_power_drill_t17,complete_only,405,0.800831,0.042490,2.009285e-04,7.533322e-04,692,0.028327,1.631470e-04,0.056653,2.436032e-04,2.922364e-01,140,1,0,1,1,1
035_power_drill,s2_gate_off_035_power_drill_t19,complete_only,101,0.891537,0.045956,1.009565e-04,5.129794e-04,934,0.030637,7.172928e-05,0.061275,1.406876e-04,6.384266e-01,185,1,0,1,1,1
035_power_drill,s2_gate_off_035_power_drill_t20,complete_only,15,0.909471,0.043006,9.567340e-05,3.592407e-04,1374,0.028671,5.965034e-05,0.057341,1.104539e-04,1.055659e+00,444,1,0,1,1,1
035_power_drill,s2_gate_off_035_power_drill_t21,complete_only,790,0.864829,0.016711,7.434204e-05,2.078070e-04,892,0.011140,1.524735e-04,0.022281,5.868027e-05,4.972071e+00,2580,1,0,1,1,1
035_power_drill,s2_gate_off_035_power_drill_t22,complete_only,110,0.869003,0.048434,3.517691e-04,1.474484e-03,988,0.032289,3.163430e-04,0.064578,2.837211e-04,6.559748e-01,149,1,0,1,1,1
035_power_drill,s2_gate_off_035_power_drill_t23,complete_only,32,0.912276,0.036517,1.136090e-05,7.032973e-05,1622,0.024345,6.346614e-06,0.048689,2.102228e-05,0.000000e+00,242,1,0,1,1,0
035_power_drill,s2_gate_off_035_power_drill_t24,complete_only,106,0.920317,0.055048,1.089476e-02,2.267957e-02,767,0.036699,1.304942e-02,0.073398,5.991434e-03,3.403268e+00,37,1,0,1,1,0
021_bleach_cleanser,s2_gate_020_021_bleach_cleanser_t0,complete_epi,7,0.925031,0.039332,4.727805e-05,2.819218e-04,1028,0.026221,4.998334e-05,0.052442,2.688429e-05,0.000000e+00,138,1,0,1,1,1
021_bleach_cleanser,s2_gate_020_021_bleach_cleanser_t1,complete_epi,89,0.909770,0.039196,2.470594e-05,2.513499e-04,655,0.026131,1.055266e-06,0.052262,2.946530e-05,0.000000e+00,81,1,0,1,1,0
021_bleach_cleanser,s2_gate_020_021_bleach_cleanser_t2,complete_epi,2,0.884334,0.022466,1.509529e-04,3.436063e-04,1078,0.014977,1.589283e-04,0.029955,1.331800e-04,1.459561e+00,214,1,0,1,1,0
021_bleach_cleanser,s2_gate_020_021_bleach_cleanser_t3,complete_epi,418,0.877037,0.039144,6.848316e-05,3.070351e-04,829,0.026096,1.237609e-04,0.052193,4.108473e-05,2.270287e-01,142,1,0,1,1,1
021_bleach_cleanser,s2_gate_020_021_bleach_cleanser_t5,complete_epi,50,0.929100,0.040330,7.341218e-05,4.123357e-04,1002,0.026887,5.725472e-05,0.053773,4.824067e-05,1.637917e-02,125,1,0,1,1,1
021_bleach_cleanser,s2_gate_020_021_bleach_cleanser_t7,complete_epi,640,0.919416,0.019225,7.220612e-06,2.507397e-05,1626,0.012816,7.273706e-06,0.025633,6.940251e-06,7.738812e-01,684,1,0,1,1,0
021_bleach_cleanser,s2_gate_020_021_bleach_cleanser_t8,complete_epi,49,0.933595,0.038916,4.261805e-05,3.108385e-04,727,0.025944,4.716848e-05,0.051888,2.936100e-05,1.984104e-01,170,1,0,1,1,1
021_bleach_cleanser,s2_gate_020_021_bleach_cleanser_t10,complete_epi,447,0.869473,0.039999,1.567231e-04,8.820664e-04,1230,0.026666,2.209758e-04,0.053332,7.253630e-05,2.864298e-01,149,1,0,1,1,1
021_bleach_cleanser,s2_gate_020_021_bleach_cleanser_t11,complete_epi,286,0.918228,0.033766,1.228477e-04,3.059090e-04,907,0.022510,1.376151e-04,0.045021,6.946078e-05,4.395985e-01,99,1,0,1,1,0
021_bleach_cleanser,s2_gate_020_021_bleach_cleanser_t12,complete_epi,196,0.870302,0.040514,2.583541e-06,0.000000e+00,691,0.027009,0.000000e+00,0.054018,8.717943e-06,0.000000e+00,126,1,0,1,1,1
021_bleach_cleanser,s2_gate_020_021_bleach_cleanser_t13,complete_epi,3,0.969799,0.020672,2.840286e-04,5.478512e-04,1361,0.013781,2.902336e-04,0.027563,2.729854e-04,4.240681e+00,709,1,0,1,1,0
021_bleach_cleanser,s2_gate_020_021_bleach_cleanser_t14,complete_epi,22,0.937053,0.038850,4.497626e-05,3.822529e-04,855,0.025900,5.127299e-05,0.051800,2.684808e-05,1.926254e-01,156,1,0,1,1,1
021_bleach_cleanser,s2_gate_020_021_bleach_cleanser_t15,complete_epi,342,0.772204,0.038755,5.197107e-06,1.472623e-05,1335,0.025837,5.570359e-06,0.051674,4.071453e-06,1.748812e-01,268,1,0,1,1,1
021_bleach_cleanser,s2_gate_020_021_bleach_cleanser_t16,complete_epi,162,0.920226,0.030101,1.697220e-05,2.422170e-05,1328,0.020068,1.132551e-05,0.040135,2.366779e-05,4.669192e-01,309,1,0,1,1,0
021_bleach_cleanser,s2_gate_020_021_bleach_cleanser_t17,complete_epi,526,0.879828,0.039252,1.336462e-04,8.692424e-04,1117,0.026168,1.363153e-04,0.052336,6.737636e-05,2.861942e-01,155,1,0,1,1,1
021_bleach_cleanser,s2_gate_020_021_bleach_cleanser_t18,complete_epi,69,0.940632,0.038874,1.011821e-06,0.000000e+00,739,0.025916,0.000000e+00,0.051832,7.491063e-06,0.000000e+00,161,1,0,1,1,1
021_bleach_cleanser,s2_gate_020_021_bleach_cleanser_t19,complete_epi,0,0.865327,0.024028,9.452379e-07,2.486920e-06,854,0.016019,9.862047e-07,0.032037,9.596214e-07,5.273010e-02,89,0,0,1,1,
021_bleach_cleanser,s2_gate_020_021_bleach_cleanser_t20,complete_epi,56,0.923512,0.039582,5.109219e-06,1.334646e-05,1526,0.026388,5.867297e-06,0.052776,4.901383e-06,1.364853e-01,188,1,0,1,1,1
021_bleach_cleanser,s2_gate_020_021_bleach_cleanser_t21,complete_epi,0,0.903168,0.021402,1.662417e-06,2.658609e-06,1610,0.014268,1.555396e-06,0.028536,1.796232e-06,7.002478e-01,727,1,0,1,1,0
021_bleach_cleanser,s2_gate_020_021_bleach_cleanser_t22,complete_epi,265,0.855732,0.039092,6.034737e-05,1.866350e-04,1264,0.026061,7.893188e-05,0.052123,4.509936e-05,2.816380e-01,152,1,0,1,1,1
021_bleach_cleanser,s2_gate_020_021_bleach_cleanser_t23,complete_epi,27,0.942906,0.038741,5.659695e-05,3.744877e-04,1097,0.025827,6.537816e-05,0.051654,4.084691e-05,2.775804e-01,166,1,0,1,1,1
021_bleach_cleanser,s2_gate_020_021_bleach_cleanser_t24,complete_epi,99,0.889209,0.040371,2.109668e-05,1.651795e-04,915,0.026914,1.022645e-05,0.053828,2.137240e-05,0.000000e+00,127,1,0,1,1,1
061_foam_brick,s2_gate_020_061_foam_brick_t0,complete_epi,388,0.929491,0.017153,8.733065e-06,7.720639e-07,639,0.011435,2.725766e-05,0.022871,8.662340e-06,1.353846e+00,1565,1,0,1,1,0
061_foam_brick,s2_gate_020_061_foam_brick_t1,complete_epi,324,0.957414,0.016665,5.261451e-06,1.941439e-05,614,0.011110,6.001109e-06,0.022220,8.918456e-06,1.019140e+00,1030,1,0,1,1,1
061_foam_brick,s2_gate_020_061_foam_brick_t2,complete_epi,191,0.962359,0.018071,1.599869e-06,8.088527e-06,1048,0.012047,2.260854e-06,0.024095,7.888168e-06,1.164449e+00,1589,1,0,1,1,1
061_foam_brick,s2_gate_020_061_foam_brick_t3,complete_epi,1358,0.522523,0.016483,8.103001e-06,3.737917e-05,707,0.010989,1.002364e-05,0.021978,7.692255e-06,1.230859e+00,1336,1,0,1,1,1
061_foam_brick,s2_gate_020_061_foam_brick_t4,complete_epi,295,0.959151,0.016488,2.515125e-06,3.285420e-06,860,0.010992,1.381133e-06,0.021983,5.124140e-06,1.572766e+00,1374,1,0,1,1,1
061_foam_brick,s2_gate_020_061_foam_brick_t5,complete_epi,1,0.975648,0.016274,1.203513e-06,4.499027e-06,311,0.010849,2.137533e-06,0.021699,8.717269e-06,1.272554e+00,1018,1,0,1,1,1
061_foam_brick,s2_gate_020_061_foam_brick_t6,complete_epi,69,0.947140,0.017182,1.186884e-06,2.827382e-06,1343,0.011455,9.957371e-07,0.022910,1.769378e-06,1.462728e+00,2047,1,0,1,1,0
061_foam_brick,s2_gate_020_061_foam_brick_t7,complete_epi,28,0.948763,0.017004,8.397461e-07,1.392839e-06,1454,0.011336,7.139701e-07,0.022672,2.727211e-06,1.786839e+00,2161,1,0,1,1,0
061_foam_brick,s2_gate_020_061_foam_brick_t8,complete_epi,349,0.955086,0.016675,8.985799e-06,1.443918e-05,865,0.011116,2.106038e-06,0.022233,1.246080e-05,1.122611e+00,1013,1,0,1,1,1
061_foam_brick,s2_gate_020_061_foam_brick_t9,complete_epi,829,0.881330,0.016801,5.283338e-06,9.628539e-06,775,0.011201,6.060476e-06,0.022402,6.506113e-06,1.727347e+00,1700,1,0,1,1,1
061_foam_brick,s2_gate_020_061_foam_brick_t10,complete_epi,808,0.833238,0.016048,4.107648e-05,2.504886e-04,573,0.010699,7.337324e-05,0.021398,2.705246e-05,9.362417e-01,970,1,0,1,1,1
061_foam_brick,s2_gate_020_061_foam_brick_t11,complete_epi,1168,0.771574,0.015857,4.201201e-05,1.630697e-04,464,0.010571,5.724448e-05,0.021143,3.303300e-05,6.903453e-01,955,1,0,1,1,1
061_foam_brick,s2_gate_020_061_foam_brick_t12,complete_epi,448,0.914895,0.016831,7.984356e-07,2.339297e-06,1085,0.011220,3.379397e-07,0.022441,1.612478e-06,1.295117e+00,1967,1,0,1,1,1
061_foam_brick,s2_gate_020_061_foam_brick_t13,complete_epi,1270,0.639017,0.016491,2.205395e-05,5.676995e-05,604,0.010994,1.869609e-05,0.021988,1.980211e-05,1.394356e+00,1444,1,0,1,1,1
061_foam_brick,s2_gate_020_061_foam_brick_t14,complete_epi,119,0.971866,0.017212,1.255156e-05,4.352121e-05,626,0.011475,7.102043e-06,0.022950,5.948927e-05,1.389643e+00,994,1,0,1,1,1
061_foam_brick,s2_gate_020_061_foam_brick_t15,complete_epi,840,0.872644,0.017066,3.284236e-06,7.847277e-06,1065,0.011378,2.175174e-06,0.022755,4.768608e-06,1.249059e+00,1914,1,0,1,1,1
061_foam_brick,s2_gate_020_061_foam_brick_t16,complete_epi,684,0.910830,0.017958,8.325626e-06,2.510552e-06,1494,0.011972,6.226229e-06,0.023944,1.065934e-05,1.740290e+00,1793,1,0,1,1,1
061_foam_brick,s2_gate_020_061_foam_brick_t17,complete_epi,495,0.880976,0.016453,1.014454e-05,3.075692e-05,811,0.010969,1.489044e-05,0.021937,2.309031e-05,2.185164e+00,1161,1,0,1,1,1
061_foam_brick,s2_gate_020_061_foam_brick_t18,complete_epi,1069,0.797990,0.016959,3.191983e-04,1.304917e-03,270,0.011306,5.061964e-04,0.022612,2.103047e-04,1.858553e+00,1074,1,0,1,1,1
061_foam_brick,s2_gate_020_061_foam_brick_t19,complete_epi,12,0.939576,0.017606,1.273936e-06,4.142811e-06,1305,0.011737,1.466665e-06,0.023475,1.874194e-06,1.642144e+00,1929,1,0,1,1,1
061_foam_brick,s2_gate_020_061_foam_brick_t20,complete_epi,241,0.951112,0.017410,1.068450e-04,4.415299e-04,875,0.011607,2.712561e-04,0.023213,9.936289e-05,1.523128e+00,1121,1,0,1,1,1
061_foam_brick,s2_gate_020_061_foam_brick_t21,complete_epi,503,0.936070,0.016232,8.155887e-06,1.612940e-05,892,0.010821,4.255543e-06,0.021642,1.130959e-05,1.146791e+00,962,1,0,1,1,1
061_foam_brick,s2_gate_020_061_foam_brick_t22,complete_epi,15,0.947730,0.017599,2.154328e-06,3.649879e-06,1732,0.011733,1.533040e-06,0.023466,2.899178e-06,1.610700e+00,1941,1,0,1,1,1
061_foam_brick,s2_gate_020_061_foam_brick_t23,complete_epi,221,0.961710,0.016817,1.134542e-05,8.562072e-06,674,0.011211,2.596311e-06,0.022423,1.063490e-05,9.899050e-01,908,1,0,1,1,1
061_foam_brick,s2_gate_020_061_foam_brick_t24,complete_epi,879,0.830059,0.017623,4.974154e-07,8.495531e-07,1132,0.011749,5.054518e-07,0.023498,4.853498e-07,8.695327e-01,1531,1,0,1,1,1
010_potted_meat_can,s3_gate_off_010_potted_meat_can_t0,complete_only,0,0.900051,0.020939,1.295427e-06,3.550745e-06,869,0.013959,1.282009e-06,0.027919,1.295336e-06,4.589565e-01,704,1,0,1,1,1
010_potted_meat_can,s3_gate_off_010_potted_meat_can_t1,complete_only,208,0.751677,0.021149,2.828834e-06,1.246409e-05,863,0.014099,2.380866e-06,0.028199,3.838218e-06,4.191787e-01,553,1,0,1,1,1
010_potted_meat_can,s3_gate_off_010_potted_meat_can_t2,complete_only,56,0.903781,0.020185,1.304727e-06,4.001242e-06,718,0.013456,1.469862e-06,0.026913,1.278582e-06,1.555666e-01,212,1,0,1,1,1
010_potted_meat_can,s3_gate_off_010_potted_meat_can_t3,complete_only,1,0.929063,0.020709,1.036060e-06,1.875740e-06,863,0.013806,1.017611e-06,0.027613,9.769057e-07,4.906794e-01,740,1,0,1,1,1
010_potted_meat_can,s3_gate_off_010_potted_meat_can_t4,complete_only,5,0.841666,0.021114,3.188116e-06,2.749328e-06,778,0.014076,1.570299e-06,0.028153,3.855182e-06,6.900978e-01,859,1,0,1,1,1
010_potted_meat_can,s3_gate_off_010_potted_meat_can_t5,complete_only,0,0.878010,0.021239,1.952689e-05,1.831712e-04,566,0.014160,4.859118e-05,0.028319,1.439823e-05,5.565344e-01,656,1,0,1,1,1
010_potted_meat_can,s3_gate_off_010_potted_meat_can_t6,complete_only,378,0.761817,0.021115,3.552561e-06,1.494276e-05,876,0.014077,3.679675e-06,0.028153,4.102732e-06,7.663417e-01,780,1,0,1,1,0
010_potted_meat_can,s3_gate_off_010_potted_meat_can_t7,complete_only,31,0.793999,0.020409,1.921903e-06,8.089546e-06,746,0.013606,2.471531e-06,0.027212,5.100787e-06,4.552035e-01,649,1,0,1,1,1
010_potted_meat_can,s3_gate_off_010_potted_meat_can_t8,complete_only,0,0.918928,0.019762,1.005634e-06,3.377833e-06,686,0.013175,1.125585e-06,0.026349,9.436237e-07,3.293913e-01,633,1,0,1,1,1
010_potted_meat_can,s3_gate_off_010_potted_meat_can_t9,complete_only,49,0.783612,0.021074,3.214339e-06,1.185134e-05,622,0.014049,3.652278e-06,0.028098,3.961695e-06,6.393996e-01,764,1,0,1,1,1
010_potted_meat_can,s3_gate_off_010_potted_meat_can_t10,complete_only,12,0.934855,0.019927,1.130644e-06,6.339369e-06,686,0.013285,1.309309e-06,0.026570,1.141853e-06,3.564395e-01,647,1,0,1,1,1
010_potted_meat_can,s3_gate_off_010_potted_meat_can_t11,complete_only,7,0.898487,0.021053,8.404913e-07,2.389292e-06,662,0.014036,5.487681e-07,0.028071,7.733203e-07,4.615890e-01,725,1,0,1,1,1
010_potted_meat_can,s3_gate_off_010_potted_meat_can_t12,complete_only,9,0.898358,0.019763,3.966415e-06,2.403376e-06,626,0.013176,1.145153e-06,0.026351,5.382746e-06,3.404894e-01,627,1,0,1,1,1
010_potted_meat_can,s3_gate_off_010_potted_meat_can_t13,complete_only,58,0.827996,0.021064,6.249629e-06,5.763644e-06,642,0.014042,9.562985e-06,0.028085,5.338520e-06,5.385616e-01,691,1,0,1,1,1
010_potted_meat_can,s3_gate_off_010_potted_meat_can_t14,complete_only,114,0.909332,0.019869,1.057101e-06,3.226316e-06,677,0.013246,1.361605e-06,0.026492,8.928379e-07,3.073430e-01,617,1,0,1,1,1
010_potted_meat_can,s3_gate_off_010_potted_meat_can_t15,complete_only,0,0.929310,0.020793,1.323649e-05,2.429147e-06,637,0.013862,8.805569e-07,0.027725,1.320787e-05,3.248679e-01,522,1,0,1,1,1
010_potted_meat_can,s3_gate_off_010_potted_meat_can_t17,complete_only,0,0.904995,0.020190,1.415055e-06,2.429979e-06,571,0.013460,1.131258e-06,0.026919,1.628284e-06,3.507949e-01,620,1,0,1,1,1
010_potted_meat_can,s3_gate_off_010_potted_meat_can_t18,complete_only,0,0.926285,0.021339,2.925231e-06,2.177903e-06,649,0.014226,8.961575e-07,0.028452,6.095374e-06,4.098140e-01,646,1,0,1,1,1
010_potted_meat_can,s3_gate_off_010_potted_meat_can_t19,complete_only,47,0.831743,0.021450,1.049520e-06,2.158318e-06,495,0.014300,1.131601e-06,0.028600,1.187302e-06,8.158481e-02,263,1,0,1,1,1
010_potted_meat_can,s3_gate_off_010_potted_meat_can_t20,complete_only,33,0.889994,0.030287,3.166263e-06,2.756769e-06,2472,0.020191,9.712294e-07,0.040382,3.692630e-06,7.899057e-01,1054,1,0,1,1,1
010_potted_meat_can,s3_gate_off_010_potted_meat_can_t21,complete_only,0,0.932035,0.020781,8.605338e-07,2.672327e-06,504,0.013854,7.096819e-07,0.027707,4.084909e-06,3.872650e-01,637,1,0,1,1,1
010_potted_meat_can,s3_gate_off_010_potted_meat_can_t22,complete_only,0,0.851807,0.025659,4.717521e-06,2.798374e-05,1508,0.017106,3.428406e-06,0.034212,5.244537e-06,5.161260e-01,662,1,0,1,1,0
010_potted_meat_can,s3_gate_off_010_potted_meat_can_t23,complete_only,480,0.830797,0.020790,8.245765e-07,1.774772e-06,671,0.013860,9.482311e-07,0.027721,8.418219e-07,3.992888e-01,684,1,0,1,1,1
010_potted_meat_can,s3_gate_off_010_potted_meat_can_t24,complete_only,10,0.843699,0.021006,2.933624e-06,1.482065e-05,791,0.014004,2.675596e-06,0.028008,3.411311e-06,5.827900e-01,616,1,0,1,1,1
005_tomato_soup_can,s3_gate_020_005_tomato_soup_can_t0,complete_epi,74,0.867598,0.018905,8.000690e-07,1.591815e-06,747,0.012603,7.413521e-07,0.025207,8.097710e-07,5.871669e-01,975,1,0,1,1,0
005_tomato_soup_can,s3_gate_020_005_tomato_soup_can_t1,complete_epi,39,0.875538,0.018932,6.020224e-07,1.610927e-06,545,0.012621,6.323319e-07,0.025243,6.507876e-07,4.822376e-01,889,1,0,1,1,1
005_tomato_soup_can,s3_gate_020_005_tomato_soup_can_t2,complete_epi,0,0.970201,0.010223,1.900376e-04,3.925538e-04,59,0.006816,1.475778e-04,0.013631,1.739721e-04,5.661773e+00,2119,0,0,1,1,
005_tomato_soup_can,s3_gate_020_005_tomato_soup_can_t3,complete_epi,22,0.877317,0.018930,6.553723e-07,1.505168e-06,694,0.012620,6.183586e-07,0.025240,6.927488e-07,2.974365e-01,757,1,0,1,1,1
005_tomato_soup_can,s3_gate_020_005_tomato_soup_can_t4,complete_epi,29,0.893280,0.018958,5.596933e-07,1.656276e-06,551,0.012639,5.185280e-07,0.025278,5.892654e-07,3.465121e-01,774,1,0,1,1,1
005_tomato_soup_can,s3_gate_020_005_tomato_soup_can_t5,complete_epi,721,0.669036,0.025822,3.567114e-06,1.805147e-05,752,0.017215,4.199546e-06,0.034430,3.858653e-06,7.493127e-01,749,1,0,1,1,1
005_tomato_soup_can,s3_gate_020_005_tomato_soup_can_t6,complete_epi,20,0.876073,0.018951,7.787832e-07,1.560650e-06,650,0.012634,7.334064e-07,0.025268,8.038874e-07,4.956331e-01,902,1,0,1,1,1
005_tomato_soup_can,s3_gate_020_005_tomato_soup_can_t7,complete_epi,27,0.879094,0.018819,7.630272e-07,1.441173e-06,698,0.012546,7.294997e-07,0.025092,7.815850e-07,4.399404e-01,869,1,0,1,1,1
005_tomato_soup_can,s3_gate_020_005_tomato_soup_can_t8,complete_epi,21,0.886241,0.018956,5.938211e-07,1.594921e-06,456,0.012637,3.849094e-07,0.025275,6.862538e-07,2.550913e-01,658,1,0,1,1,1
005_tomato_soup_can,s3_gate_020_005_tomato_soup_can_t9,complete_epi,45,0.877376,0.019106,7.024315e-07,1.610902e-06,614,0.012737,7.965736e-07,0.025475,6.907575e-07,3.480431e-01,765,1,0,1,1,1
005_tomato_soup_can,s3_gate_020_005_tomato_soup_can_t11,complete_epi,6,0.884640,0.018821,7.022159e-07,1.416594e-06,596,0.012547,6.243749e-07,0.025094,7.118349e-07,3.121049e-01,755,1,0,1,1,1
005_tomato_soup_can,s3_gate_020_005_tomato_soup_can_t12,complete_epi,17,0.877674,0.018887,4.625918e-07,1.541197e-06,366,0.012591,6.370287e-08,0.025183,6.272482e-07,1.063601e-01,499,1,0,1,1,1
005_tomato_soup_can,s3_gate_020_005_tomato_soup_can_t13,complete_epi,53,0.873174,0.019119,1.054035e-06,1.704234e-06,706,0.012746,1.339368e-06,0.025491,1.005893e-06,4.563682e-01,868,1,0,1,1,1
005_tomato_soup_can,s3_gate_020_005_tomato_soup_can_t15,complete_epi,62,0.861781,0.018745,7.593237e-07,1.584403e-06,580,0.012497,7.537197e-07,0.024994,7.272166e-07,3.449264e-01,773,1,0,1,1,1
005_tomato_soup_can,s3_gate_020_005_tomato_soup_can_t16,complete_epi,33,0.884728,0.018596,6.954425e-07,1.454309e-06,697,0.012397,6.059291e-07,0.024794,7.074806e-07,3.534276e-01,809,1,0,1,1,1
005_tomato_soup_can,s3_gate_020_005_tomato_soup_can_t18,complete_epi,51,0.865507,0.018791,7.038473e-07,1.502330e-06,566,0.012527,6.458469e-07,0.025054,7.329571e-07,3.083093e-01,737,1,0,1,1,1
005_tomato_soup_can,s3_gate_020_005_tomato_soup_can_t19,complete_epi,10,0.881668,0.018920,7.095815e-07,1.537973e-06,617,0.012613,6.903018e-07,0.025227,7.492811e-07,3.285271e-01,781,1,0,1,1,1
005_tomato_soup_can,s3_gate_020_005_tomato_soup_can_t20,complete_epi,22,0.879570,0.018977,7.786322e-07,1.378901e-06,633,0.012651,8.202657e-07,0.025303,7.868550e-07,4.391475e-01,883,1,0,1,1,1
005_tomato_soup_can,s3_gate_020_005_tomato_soup_can_t21,complete_epi,63,0.875646,0.018982,7.665562e-07,1.428882e-06,689,0.012655,7.523345e-07,0.025310,7.926734e-07,4.265345e-01,815,1,0,1,1,1
005_tomato_soup_can,s3_gate_020_005_tomato_soup_can_t22,complete_epi,38,0.880151,0.018987,7.295554e-07,1.588048e-06,610,0.012658,6.966185e-07,0.025316,7.515137e-07,3.674265e-01,803,1,0,1,1,1
005_tomato_soup_can,s3_gate_020_005_tomato_soup_can_t23,complete_epi,0,0.899507,0.026240,1.159674e-05,6.866094e-05,806,0.017493,1.465756e-05,0.034986,1.332928e-05,2.182717e-01,533,1,0,1,1,1
005_tomato_soup_can,s3_gate_020_005_tomato_soup_can_t24,complete_epi,53,0.875783,0.019056,5.849360e-07,1.529866e-06,513,0.012704,5.629304e-07,0.025409,5.980763e-07,3.375102e-01,763,1,0,1,1,1
035_power_drill,s3_gate_020_035_power_drill_t0,complete_epi,126,0.875876,0.045196,9.064926e-05,5.320371e-04,1005,0.030131,6.978097e-05,0.060262,1.012834e-04,5.300197e-01,173,1,0,1,1,0
035_power_drill,s3_gate_020_035_power_drill_t1,complete_epi,434,0.849006,0.043973,9.920758e-06,2.219300e-05,1076,0.029315,6.062873e-06,0.058630,9.355058e-06,0.000000e+00,144,1,0,1,1,1
035_power_drill,s3_gate_020_035_power_drill_t3,complete_epi,90,0.900399,0.047277,1.615145e-04,9.461403e-04,1216,0.031518,9.654066e-05,0.063035,1.428006e-04,3.392689e-01,149,1,0,1,1,1
035_power_drill,s3_gate_020_035_power_drill_t4,complete_epi,735,0.677129,0.053461,1.885093e-04,1.885900e-04,9434,0.035640,8.559868e-05,0.071281,2.499249e-04,2.477302e+00,864,1,0,1,1,0
035_power_drill,s3_gate_020_035_power_drill_t5,complete_epi,786,0.777034,0.041749,0.000000e+00,0.000000e+00,585,0.027832,0.000000e+00,0.055665,2.183656e-07,0.000000e+00,158,1,0,1,1,0
035_power_drill,s3_gate_020_035_power_drill_t6,complete_epi,343,0.834175,0.045209,0.000000e+00,0.000000e+00,598,0.030139,0.000000e+00,0.060279,8.823571e-06,0.000000e+00,68,1,0,1,1,0
035_power_drill,s3_gate_020_035_power_drill_t7,complete_epi,201,0.835839,0.043534,1.416279e-05,1.281747e-05,3501,0.029022,5.839583e-06,0.058045,2.095394e-05,1.694224e+00,948,1,0,1,1,1
035_power_drill,s3_gate_020_035_power_drill_t8,complete_epi,85,0.887452,0.045160,1.774940e-05,1.462066e-05,4441,0.030107,1.515803e-05,0.060214,1.642353e-05,2.811072e+00,1553,1,0,1,1,1
035_power_drill,s3_gate_020_035_power_drill_t9,complete_epi,4,0.920246,0.035305,7.083953e-05,2.176977e-04,2993,0.023536,4.240387e-05,0.047073,7.823979e-05,2.062538e+00,391,1,0,1,1,0
035_power_drill,s3_gate_020_035_power_drill_t10,complete_epi,537,0.880299,0.019611,3.694641e-05,1.786386e-04,931,0.013074,3.384949e-05,0.026147,3.050864e-05,2.218261e+00,2030,1,0,1,1,0
035_power_drill,s3_gate_020_035_power_drill_t11,complete_epi,0,0.949551,0.038475,1.903606e-06,8.303820e-06,892,0.025650,0.000000e+00,0.051300,2.018780e-06,0.000000e+00,114,1,0,1,1,0
035_power_drill,s3_gate_020_035_power_drill_t12,complete_epi,154,0.868304,0.042478,1.835872e-05,6.185677e-05,3627,0.028319,1.755343e-05,0.056637,2.325696e-05,1.256910e-01,313,1,0,1,1,1
035_power_drill,s3_gate_020_035_power_drill_t13,complete_epi,866,0.745464,0.025833,6.783550e-06,0.000000e+00,622,0.017222,0.000000e+00,0.034444,1.544621e-05,0.000000e+00,186,1,0,1,1,0
035_power_drill,s3_gate_020_035_power_drill_t14,complete_epi,617,0.888686,0.019982,8.448333e-05,2.223253e-04,890,0.013321,5.222825e-05,0.026642,8.569145e-05,2.036916e+00,1815,1,0,1,1,0
035_power_drill,s3_gate_020_035_power_drill_t15,complete_epi,0,0.943095,0.039113,2.972797e-06,1.437251e-05,976,0.026075,2.026710e-06,0.052151,5.948035e-06,0.000000e+00,127,1,0,1,1,0
035_power_drill,s3_gate_020_035_power_drill_t16,complete_epi,2,0.980010,0.027724,1.911616e-05,5.336281e-05,1827,0.018483,2.430422e-05,0.036966,1.505034e-05,1.535486e+00,1257,1,0,1,1,0
035_power_drill,s3_gate_020_035_power_drill_t17,complete_epi,110,0.840560,0.043716,1.185441e-05,4.125308e-05,3670,0.029144,6.955575e-06,0.058288,1.266920e-05,6.486035e-01,517,1,0,1,1,1
035_power_drill,s3_gate_020_035_power_drill_t18,complete_epi,0,0.959800,0.023778,2.457482e-05,1.574795e-04,2265,0.015852,2.999123e-05,0.031704,1.865577e-05,7.381530e-01,657,1,0,1,1,0
035_power_drill,s3_gate_020_035_power_drill_t19,complete_epi,294,0.888761,0.040774,4.880138e-05,1.427719e-04,847,0.027183,4.355887e-05,0.054366,8.831811e-05,4.419678e-01,298,1,0,1,1,1
035_power_drill,s3_gate_020_035_power_drill_t21,complete_epi,22,0.900691,0.040092,1.452877e-05,8.542283e-05,947,0.026728,1.736875e-05,0.053456,1.296616e-05,3.766856e-02,153,1,0,1,1,0
035_power_drill,s3_gate_020_035_power_drill_t22,complete_epi,794,0.768297,0.060728,8.866507e-06,4.578193e-05,4544,0.040486,7.102375e-06,0.080971,1.684861e-05,8.446271e-03,172,1,0,1,1,0
035_power_drill,s3_gate_020_035_power_drill_t23,complete_epi,303,0.861739,0.041204,3.781526e-05,1.978629e-04,1509,0.027469,3.629973e-05,0.054938,4.530985e-05,1.539684e-01,214,1,0,1,1,1
035_power_drill,s3_gate_020_035_power_drill_t24,complete_epi,201,0.900621,0.042455,4.476367e-06,0.000000e+00,568,0.028303,2.659040e-06,0.056606,1.198314e-05,0.000000e+00,135,1,0,1,1,1
022_windex_bottle,s0_gate_off_022_windex_bottle_t0,complete_only,169,0.895214,0.037098,6.062429e-04,4.471800e-03,2305,0.024732,1.120539e-03,0.049463,3.981067e-05,1.266655e+00,936,1,0,1,1,1
022_windex_bottle,s0_gate_off_022_windex_bottle_t1,complete_only,220,0.771707,0.039257,9.001561e-05,1.091661e-04,3571,0.026172,9.076401e-05,0.052343,1.138453e-04,1.831096e+00,754,1,0,1,1,0
022_windex_bottle,s0_gate_off_022_windex_bottle_t2,complete_only,0,0.935279,0.038779,2.224564e-05,8.185737e-05,2936,0.025853,2.282176e-05,0.051705,3.111835e-05,6.873244e-01,339,1,0,1,1,1
022_windex_bottle,s0_gate_off_022_windex_bottle_t3,complete_only,891,0.812344,0.022224,3.068503e-05,9.845662e-05,1853,0.014816,2.512406e-05,0.029632,4.839013e-05,1.927716e+00,1389,1,0,1,1,0
022_windex_bottle,s0_gate_off_022_windex_bottle_t4,complete_only,2,0.940091,0.045280,1.664121e-05,5.219664e-05,1289,0.030187,8.682665e-06,0.060374,4.025099e-05,0.000000e+00,68,1,0,1,1,0
022_windex_bottle,s0_gate_off_022_windex_bottle_t5,complete_only,531,0.829614,0.039753,7.166799e-05,5.713055e-04,2590,0.026502,2.399486e-04,0.053004,9.191753e-05,1.657383e+00,902,1,0,1,1,0
022_windex_bottle,s0_gate_off_022_windex_bottle_t6,complete_only,165,0.887787,0.043350,4.989084e-06,7.486883e-06,7310,0.028900,3.174057e-06,0.057800,1.153002e-05,2.977780e+00,1894,1,0,1,1,0
022_windex_bottle,s0_gate_off_022_windex_bottle_t7,complete_only,275,0.832074,0.038608,5.481568e-04,1.757010e-03,1190,0.025739,5.681486e-04,0.051478,4.642315e-04,2.405567e+00,209,1,0,1,1,1
022_windex_bottle,s0_gate_off_022_windex_bottle_t8,complete_only,5,0.951455,0.042280,6.060897e-05,2.938381e-04,1671,0.028187,7.330204e-05,0.056374,1.215998e-04,3.278165e-01,175,1,0,1,1,0
022_windex_bottle,s0_gate_off_022_windex_bottle_t9,complete_only,152,0.880413,0.040805,3.869723e-05,1.175186e-04,2706,0.027203,1.619167e-04,0.054407,2.405511e-05,8.832823e-01,463,1,0,1,1,1
022_windex_bottle,s0_gate_off_022_windex_bottle_t10,complete_only,1,0.945056,0.044736,1.246023e-05,3.626089e-05,1389,0.029824,1.664659e-06,0.059649,4.865786e-05,0.000000e+00,79,1,0,1,1,0
022_windex_bottle,s0_gate_off_022_windex_bottle_t11,complete_only,0,0.944354,0.044367,5.653352e-06,6.239487e-06,1103,0.029578,2.638909e-06,0.059156,4.429669e-05,1.825465e-01,199,1,0,1,1,0
022_windex_bottle,s0_gate_off_022_windex_bottle_t12,complete_only,33,0.947725,0.041272,1.172990e-05,3.563130e-05,877,0.027515,1.091344e-05,0.055029,2.363761e-05,3.302829e-02,148,1,0,1,1,0
022_windex_bottle,s0_gate_off_022_windex_bottle_t13,complete_only,31,0.934535,0.037220,6.243317e-05,2.631141e-04,466,0.024813,3.462172e-05,0.049627,1.163741e-04,8.759865e-02,127,1,0,1,1,0
022_windex_bottle,s0_gate_off_022_windex_bottle_t14,complete_only,44,0.941487,0.044564,1.615057e-05,4.966901e-05,848,0.029709,3.574771e-06,0.059419,4.557807e-05,0.000000e+00,92,1,0,1,1,0
022_windex_bottle,s0_gate_off_022_windex_bottle_t15,complete_only,106,0.910873,0.030243,7.097431e-05,3.296384e-04,1107,0.020162,7.298980e-05,0.040323,7.501220e-05,3.357402e-01,379,1,0,1,1,0
022_windex_bottle,s0_gate_off_022_windex_bottle_t16,complete_only,162,0.912620,0.040785,5.447085e-06,1.649615e-05,6364,0.027190,3.618730e-06,0.054379,8.215008e-06,1.989277e+00,1325,1,0,1,1,0
022_windex_bottle,s0_gate_off_022_windex_bottle_t17,complete_only,9,0.896672,0.039930,3.255180e-06,6.967358e-06,4488,0.026620,1.990228e-06,0.053240,5.344589e-06,1.454908e-01,200,1,0,1,1,0
022_windex_bottle,s0_gate_off_022_windex_bottle_t18,complete_only,31,0.935269,0.042540,7.919376e-06,2.745541e-05,4853,0.028360,4.274472e-06,0.056720,1.408995e-05,1.402493e+00,853,1,0,1,1,0
022_windex_bottle,s0_gate_off_022_windex_bottle_t19,complete_only,79,0.893113,0.039345,2.397292e-03,6.919311e-03,307,0.026230,3.156320e-03,0.052459,1.953746e-03,6.317409e-01,22,1,0,1,1,0
022_windex_bottle,s0_gate_off_022_windex_bottle_t20,complete_only,323,0.833115,0.042939,4.252724e-06,8.085644e-06,6462,0.028626,2.242773e-06,0.057251,9.157022e-06,1.112625e+00,893,1,0,1,1,0
022_windex_bottle,s0_gate_off_022_windex_bottle_t21,complete_only,3,0.945686,0.031751,1.176472e-04,9.478066e-04,1241,0.021167,5.319049e-05,0.042335,1.936568e-04,1.635729e+00,758,1,0,1,1,1
022_windex_bottle,s0_gate_off_022_windex_bottle_t22,complete_only,0,0.936680,0.044302,1.861133e-05,1.240904e-04,1145,0.029534,7.973550e-06,0.059069,4.713221e-05,1.999898e-02,145,1,0,1,1,0
022_windex_bottle,s0_gate_off_022_windex_bottle_t23,complete_only,105,0.867490,0.039372,1.065615e-04,4.707595e-04,856,0.026248,1.101965e-04,0.052496,5.875944e-05,1.419402e-01,37,1,0,1,1,1
022_windex_bottle,s0_gate_off_022_windex_bottle_t24,complete_only,4,0.912279,0.032483,1.180577e-04,7.834111e-04,1390,0.021655,4.367446e-05,0.043310,2.605424e-04,1.912880e+00,821,1,0,1,1,0
006_mustard_bottle,s0_gate_020_006_mustard_bottle_t0,complete_epi,153,0.811190,0.032858,1.674021e-05,3.783036e-05,2008,0.021906,1.407300e-05,0.043811,2.088660e-05,7.721297e-01,523,1,0,1,1,1
006_mustard_bottle,s0_gate_020_006_mustard_bottle_t1,complete_epi,705,0.761926,0.030031,5.491871e-06,2.277431e-05,1985,0.020021,4.397564e-06,0.040041,6.144749e-06,7.653234e-01,602,1,0,1,1,1
006_mustard_bottle,s0_gate_020_006_mustard_bottle_t2,complete_epi,63,0.931532,0.032629,8.752277e-06,4.191543e-05,1150,0.021753,1.057448e-05,0.043505,8.766624e-06,0.000000e+00,224,1,0,1,1,1
006_mustard_bottle,s0_gate_020_006_mustard_bottle_t3,complete_epi,4,0.819101,0.032694,5.891100e-06,1.311722e-05,1943,0.021796,6.534800e-06,0.043592,5.472673e-06,6.858540e-01,513,1,0,1,1,1
006_mustard_bottle,s0_gate_020_006_mustard_bottle_t4,complete_epi,222,0.781532,0.031649,9.311957e-06,2.256697e-05,1348,0.021100,8.983177e-06,0.042199,9.602233e-06,4.314100e-01,304,1,0,1,1,1
006_mustard_bottle,s0_gate_020_006_mustard_bottle_t5,complete_epi,13,0.839328,0.032339,4.549718e-06,1.225644e-05,1480,0.021559,4.712942e-06,0.043119,4.655255e-06,2.333487e-01,244,1,0,1,1,1
006_mustard_bottle,s0_gate_020_006_mustard_bottle_t6,complete_epi,370,0.744746,0.032497,1.893327e-05,4.433702e-05,1931,0.021665,9.289800e-06,0.043330,2.433063e-05,9.114153e-01,636,1,0,1,1,1
006_mustard_bottle,s0_gate_020_006_mustard_bottle_t7,complete_epi,216,0.715718,0.038545,6.166344e-06,1.490802e-05,1812,0.025697,5.583237e-06,0.051394,6.989501e-06,7.693198e-01,485,1,0,1,1,1
006_mustard_bottle,s0_gate_020_006_mustard_bottle_t8,complete_epi,0,0.880497,0.031754,5.978639e-06,1.170751e-05,1877,0.021170,6.758081e-06,0.042339,5.043625e-06,7.187515e-01,474,1,0,1,1,1
006_mustard_bottle,s0_gate_020_006_mustard_bottle_t9,complete_epi,342,0.742808,0.031826,2.852668e-05,1.807568e-04,1940,0.021218,2.505615e-05,0.042435,3.000575e-05,1.268493e+00,863,1,0,1,1,1
006_mustard_bottle,s0_gate_020_006_mustard_bottle_t10,complete_epi,0,0.887643,0.032469,9.136920e-06,2.011480e-05,1510,0.021646,9.151877e-06,0.043292,8.829645e-06,3.420309e-01,278,1,0,1,1,1
006_mustard_bottle,s0_gate_020_006_mustard_bottle_t11,complete_epi,0,0.880976,0.032348,8.460778e-06,2.089315e-05,1720,0.021565,7.391551e-06,0.043131,9.708252e-06,4.564558e-01,452,1,0,1,1,1
006_mustard_bottle,s0_gate_020_006_mustard_bottle_t12,complete_epi,329,0.813257,0.032256,3.500099e-05,1.360037e-04,1772,0.021504,2.061563e-05,0.043008,4.301467e-05,1.115600e+00,742,1,0,1,1,1
006_mustard_bottle,s0_gate_020_006_mustard_bottle_t13,complete_epi,418,0.750100,0.033368,2.253586e-05,5.916124e-05,2043,0.022245,1.739816e-05,0.044491,3.000413e-05,6.504060e-01,511,1,0,1,1,1
006_mustard_bottle,s0_gate_020_006_mustard_bottle_t14,complete_epi,1,0.961556,0.018353,5.588004e-04,1.306081e-03,959,0.012236,6.972982e-04,0.024471,4.750428e-04,6.037408e+00,1395,1,0,1,1,0
006_mustard_bottle,s0_gate_020_006_mustard_bottle_t15,complete_epi,0,0.899804,0.031919,6.350305e-06,1.648861e-05,1802,0.021279,6.984735e-06,0.042559,5.675086e-06,7.624898e-01,529,1,0,1,1,1
006_mustard_bottle,s0_gate_020_006_mustard_bottle_t16,complete_epi,134,0.793344,0.032091,2.006837e-05,7.202490e-05,1883,0.021394,1.262233e-05,0.042789,2.419531e-05,1.260701e+00,871,1,0,1,1,1
006_mustard_bottle,s0_gate_020_006_mustard_bottle_t17,complete_epi,6,0.922782,0.030375,3.865038e-06,1.469976e-05,1841,0.020250,3.382691e-06,0.040500,4.661463e-06,3.891525e-01,565,1,0,1,1,1
006_mustard_bottle,s0_gate_020_006_mustard_bottle_t18,complete_epi,24,0.857341,0.031558,1.113663e-05,3.284580e-05,1731,0.021038,8.369729e-06,0.042077,1.357777e-05,9.491518e-01,364,1,0,1,1,1
006_mustard_bottle,s0_gate_020_006_mustard_bottle_t19,complete_epi,50,0.813564,0.031886,1.551952e-05,3.939878e-05,2080,0.021258,1.051012e-05,0.042515,2.879514e-05,1.022887e+00,796,1,0,1,1,1
006_mustard_bottle,s0_gate_020_006_mustard_bottle_t20,complete_epi,301,0.820500,0.032238,1.615589e-05,4.439154e-05,1774,0.021492,1.088986e-05,0.042984,2.486789e-05,1.004301e+00,709,1,0,1,1,1
006_mustard_bottle,s0_gate_020_006_mustard_bottle_t21,complete_epi,16,0.930865,0.030115,8.892157e-06,2.785597e-05,1496,0.020077,7.451273e-06,0.040153,1.044790e-05,1.236827e+00,552,1,0,1,1,1
006_mustard_bottle,s0_gate_020_006_mustard_bottle_t23,complete_epi,39,0.815459,0.032635,8.681119e-06,2.403880e-05,1423,0.021757,1.060688e-05,0.043514,7.141939e-06,2.098810e-01,250,1,0,1,1,1
006_mustard_bottle,s0_gate_020_006_mustard_bottle_t24,complete_epi,11,0.937241,0.029840,3.085298e-06,1.066733e-05,1712,0.019894,2.469199e-06,0.039787,3.914566e-06,3.981740e-01,653,1,0,1,1,1
011_banana,s0_gate_020_011_banana_t0,complete_epi,985,0.847277,0.032608,1.087619e-04,7.854352e-04,2043,0.021739,9.612865e-05,0.043477,1.015632e-04,3.677220e-01,288,1,0,1,1,0
011_banana,s0_gate_020_011_banana_t1,complete_epi,1739,0.401444,0.031859,1.229245e-04,7.405706e-05,1928,0.021239,1.594337e-04,0.042478,1.181941e-04,1.003224e+00,553,1,0,1,1,0
011_banana,s0_gate_020_011_banana_t2,complete_epi,1227,0.709809,0.030915,6.007055e-05,7.103036e-05,2690,0.020610,4.797111e-05,0.041220,7.200473e-05,7.027105e-01,715,1,0,1,1,1
011_banana,s0_gate_020_011_banana_t3,complete_epi,1611,0.604573,0.032919,2.087556e-05,8.574933e-05,2967,0.021946,1.983522e-05,0.043892,2.896281e-05,3.878628e-01,247,1,0,1,1,0
011_banana,s0_gate_020_011_banana_t4,complete_epi,1647,0.461400,0.030894,8.722902e-05,5.811381e-04,1762,0.020596,2.799489e-04,0.041191,6.237912e-05,8.602153e-01,587,1,0,1,1,1
011_banana,s0_gate_020_011_banana_t5,complete_epi,1319,0.671771,0.032104,1.026180e-04,3.508727e-04,1875,0.021403,1.612462e-04,0.042805,8.078913e-05,1.191399e+00,764,1,0,1,1,0
011_banana,s0_gate_020_011_banana_t6,complete_epi,1605,0.499450,0.031671,1.654148e-04,7.137616e-04,2406,0.021114,2.603265e-04,0.042228,1.618438e-04,5.142226e-01,480,1,0,1,1,1
011_banana,s0_gate_020_011_banana_t7,complete_epi,1212,0.668216,0.032833,3.365347e-05,1.436424e-04,3092,0.021889,2.614684e-05,0.043777,2.200819e-05,8.953072e-01,718,1,0,1,1,1
011_banana,s0_gate_020_011_banana_t8,complete_epi,1812,0.402073,0.031413,2.848949e-05,1.627817e-04,2087,0.020942,3.804331e-05,0.041883,2.797851e-05,6.923806e-01,551,1,0,1,1,1
011_banana,s0_gate_020_011_banana_t9,complete_epi,1639,0.500623,0.032047,5.187994e-04,2.352117e-03,1477,0.021365,1.669722e-03,0.042729,3.254752e-04,1.901715e+00,411,1,0,1,1,0
011_banana,s0_gate_020_011_banana_t10,complete_epi,1638,0.457128,0.030646,2.056123e-04,1.009082e-03,1416,0.020431,9.465360e-04,0.040862,1.365209e-04,1.058082e+00,342,1,0,1,1,0
011_banana,s0_gate_020_011_banana_t11,complete_epi,1573,0.530152,0.030686,6.209828e-05,3.384794e-04,2090,0.020457,9.117562e-05,0.040915,6.202520e-05,1.035726e+00,512,1,0,1,1,1
011_banana,s0_gate_020_011_banana_t12,complete_epi,1890,0.134261,0.030991,8.732413e-05,6.590336e-04,2763,0.020661,7.057779e-05,0.041321,1.352584e-04,4.415642e-01,552,1,0,1,1,0
011_banana,s0_gate_020_011_banana_t13,complete_epi,809,0.862867,0.032365,3.374252e-04,2.179424e-03,1652,0.021576,9.088810e-04,0.043153,2.190709e-04,2.004377e+00,643,1,0,1,1,0
011_banana,s0_gate_020_011_banana_t14,complete_epi,1688,0.427327,0.032022,1.135746e-04,7.978171e-04,1945,0.021348,4.195912e-04,0.042697,9.398591e-05,6.033799e-01,336,1,0,1,1,0
011_banana,s0_gate_020_011_banana_t15,complete_epi,282,0.888073,0.032916,3.697477e-05,1.370095e-04,3635,0.021944,3.340719e-05,0.043888,5.815346e-05,7.968834e-01,777,1,0,1,1,0
011_banana,s0_gate_020_011_banana_t16,complete_epi,1786,0.314522,0.031160,6.384341e-04,2.661174e-03,1497,0.020773,1.486297e-03,0.041547,3.864800e-04,4.162516e+00,863,1,0,1,1,1
011_banana,s0_gate_020_011_banana_t17,complete_epi,1586,0.595918,0.031955,1.609138e-05,3.495905e-05,1909,0.021303,2.658895e-05,0.042607,1.480526e-05,2.365902e-01,293,1,0,1,1,0
011_banana,s0_gate_020_011_banana_t18,complete_epi,1468,0.665234,0.031366,2.542970e-05,6.479577e-05,1849,0.020910,3.868140e-05,0.041821,2.277428e-05,2.786496e-01,297,1,0,1,1,0
011_banana,s0_gate_020_011_banana_t19,complete_epi,1304,0.682758,0.031962,9.010211e-05,1.202996e-04,2237,0.021308,1.109375e-04,0.042616,1.301946e-04,4.184866e-01,285,1,0,1,1,0
011_banana,s0_gate_020_011_banana_t20,complete_epi,1433,0.671191,0.031422,3.459409e-04,2.543041e-03,1508,0.020948,6.748076e-04,0.041896,2.888995e-04,1.428101e+00,393,1,0,1,1,0
011_banana,s0_gate_020_011_banana_t21,complete_epi,930,0.820970,0.032324,2.425962e-05,1.014462e-04,2174,0.021549,2.414251e-05,0.043098,2.049366e-05,3.261836e-01,457,1,0,1,1,1
011_banana,s0_gate_020_011_banana_t22,complete_epi,1926,0.121401,0.030824,1.682697e-04,6.813435e-04,1179,0.020549,2.704447e-04,0.041098,1.491053e-04,7.088230e-01,229,1,0,1,1,0
011_banana,s0_gate_020_011_banana_t23,complete_epi,623,0.891552,0.031546,9.362861e-05,1.677576e-04,2233,0.021030,4.131214e-04,0.042061,9.204335e-05,7.687572e-01,668,1,0,1,1,1
011_banana,s0_gate_020_011_banana_t24,complete_epi,677,0.848066,0.031947,1.187494e-05,4.676762e-05,2826,0.021298,9.203410e-06,0.042596,1.115844e-05,5.324921e-01,584,1,0,1,1,1
025_mug,s1_gate_off_025_mug_t0,complete_only,13,0.927959,0.019955,2.526661e-06,5.978977e-06,819,0.013303,2.368902e-06,0.026607,2.704845e-06,3.336826e-01,266,1,0,1,1,1
025_mug,s1_gate_off_025_mug_t1,complete_only,3,0.945753,0.020335,2.136231e-06,4.062344e-06,755,0.013557,1.900769e-06,0.027113,2.519868e-06,2.113340e-01,152,1,0,1,1,1
025_mug,s1_gate_off_025_mug_t2,complete_only,22,0.944028,0.021907,3.144883e-05,1.404268e-04,586,0.014605,4.077301e-05,0.029209,2.883791e-05,4.433762e-01,89,1,0,1,1,1
025_mug,s1_gate_off_025_mug_t3,complete_only,14,0.944524,0.021024,1.178934e-06,2.025464e-06,1264,0.014016,1.231065e-06,0.028032,1.174241e-06,9.320897e-02,171,1,0,1,1,0
025_mug,s1_gate_off_025_mug_t4,complete_only,9,0.945892,0.022130,1.216913e-05,5.785531e-05,423,0.014753,3.112911e-05,0.029507,1.955507e-05,2.776942e-01,129,1,0,1,1,1
025_mug,s1_gate_off_025_mug_t5,complete_only,0,0.902069,0.020524,2.928983e-06,6.645264e-06,724,0.013683,2.975984e-06,0.027366,3.263933e-06,1.435009e-01,98,1,0,1,1,1
025_mug,s1_gate_off_025_mug_t6,complete_only,7,0.953206,0.020999,3.959714e-05,1.620902e-04,534,0.013999,1.392463e-04,0.027999,1.578973e-05,4.351355e-01,254,1,0,1,1,1
025_mug,s1_gate_off_025_mug_t7,complete_only,18,0.949695,0.020348,3.345249e-06,8.492563e-06,444,0.013565,3.553963e-06,0.027130,2.970225e-06,2.067226e-01,155,1,0,1,1,1
025_mug,s1_gate_off_025_mug_t8,complete_only,132,0.928709,0.024122,4.664835e-05,2.740420e-04,673,0.016081,5.698176e-05,0.032162,3.713525e-05,3.454276e-01,116,1,0,1,1,1
025_mug,s1_gate_off_025_mug_t9,complete_only,123,0.903014,0.020899,1.305378e-06,1.959318e-06,891,0.013933,1.383013e-06,0.027865,1.344416e-06,3.787230e-01,361,1,0,1,1,1
025_mug,s1_gate_off_025_mug_t11,complete_only,20,0.919365,0.021142,4.834914e-06,1.353247e-05,533,0.014094,5.041919e-06,0.028189,5.300273e-06,1.764306e-01,134,1,0,1,1,1
025_mug,s1_gate_off_025_mug_t12,complete_only,103,0.929825,0.021492,6.777413e-06,1.740863e-05,622,0.014328,7.118021e-06,0.028656,8.450860e-06,1.710262e-01,108,1,0,1,1,1
025_mug,s1_gate_off_025_mug_t13,complete_only,16,0.931603,0.020815,5.965400e-06,1.689834e-05,708,0.013877,8.400812e-06,0.027753,5.407645e-06,3.718380e-01,208,1,0,1,1,1
025_mug,s1_gate_off_025_mug_t14,complete_only,355,0.716440,0.028530,3.286419e-06,1.006497e-05,610,0.019020,3.559582e-06,0.038040,2.700486e-06,0.000000e+00,29,1,0,1,1,1
025_mug,s1_gate_off_025_mug_t15,complete_only,79,0.905034,0.019524,6.687637e-06,1.840963e-05,779,0.013016,5.799702e-06,0.026032,7.067269e-06,3.601285e-01,213,1,0,1,1,1
025_mug,s1_gate_off_025_mug_t16,complete_only,60,0.814178,0.020026,1.848301e-06,6.336528e-06,383,0.013351,1.783843e-06,0.026702,1.793182e-06,2.299627e-01,240,1,0,1,1,0
025_mug,s1_gate_off_025_mug_t17,complete_only,115,0.905107,0.019800,1.621322e-06,3.379699e-06,469,0.013200,1.880726e-06,0.026401,1.722201e-06,4.166619e-01,394,1,0,1,1,1
025_mug,s1_gate_off_025_mug_t18,complete_only,145,0.920490,0.019272,1.752251e-06,5.770000e-06,481,0.012848,1.783161e-06,0.025696,1.824089e-06,2.928454e-01,289,1,0,1,1,0
025_mug,s1_gate_off_025_mug_t19,complete_only,73,0.920017,0.020642,1.578543e-05,8.918690e-05,657,0.013761,8.530003e-06,0.027522,1.684148e-05,8.453465e-01,458,1,0,1,1,1
025_mug,s1_gate_off_025_mug_t20,complete_only,67,0.949950,0.022375,7.976717e-06,4.475458e-05,767,0.014917,1.415868e-05,0.029834,1.010396e-05,1.974360e-01,183,1,0,1,1,0
025_mug,s1_gate_off_025_mug_t21,complete_only,27,0.932132,0.020072,1.310665e-06,2.280840e-06,1323,0.013381,1.327923e-06,0.026762,1.238244e-06,2.069606e-01,251,1,0,1,1,1
025_mug,s1_gate_off_025_mug_t23,complete_only,9,0.887240,0.020555,1.827815e-06,5.945527e-06,962,0.013704,1.759709e-06,0.027407,1.865270e-06,2.536520e-01,255,1,0,1,1,0
025_mug,s1_gate_off_025_mug_t24,complete_only,59,0.915072,0.019949,1.883389e-06,3.911545e-06,664,0.013299,1.834150e-06,0.026598,1.841770e-06,3.979076e-01,306,1,0,1,1,1
051_large_clamp,s1_gate_off_051_large_clamp_t0,complete_only,0,0.963803,0.029898,9.723605e-07,4.149409e-06,986,0.019932,1.440447e-07,0.039864,1.134042e-06,0.000000e+00,157,1,0,1,1,0
051_large_clamp,s1_gate_off_051_large_clamp_t1,complete_only,1,0.970231,0.032599,5.916296e-06,2.413117e-05,1245,0.021733,4.216799e-06,0.043466,9.651696e-06,2.884729e-01,290,1,0,1,1,1
051_large_clamp,s1_gate_off_051_large_clamp_t2,complete_only,0,0.965563,0.029937,0.000000e+00,0.000000e+00,816,0.019958,0.000000e+00,0.039916,1.447231e-07,0.000000e+00,194,1,0,1,1,1
051_large_clamp,s1_gate_off_051_large_clamp_t3,complete_only,124,0.935503,0.031438,5.823580e-05,2.395067e-04,2027,0.020959,4.314085e-05,0.041918,4.551608e-05,2.128118e+00,745,1,0,1,1,1
051_large_clamp,s1_gate_off_051_large_clamp_t4,complete_only,7,0.952117,0.032009,9.140951e-06,2.862115e-05,1675,0.021339,1.987906e-05,0.042678,8.056437e-06,8.864104e-01,643,1,0,1,1,1
051_large_clamp,s1_gate_off_051_large_clamp_t5,complete_only,0,0.961491,0.032683,4.028257e-06,1.419182e-05,1715,0.021789,3.428434e-06,0.043577,6.967436e-06,3.404092e-01,320,1,0,1,1,0
051_large_clamp,s1_gate_off_051_large_clamp_t6,complete_only,0,0.963738,0.029998,7.842584e-07,1.684620e-06,1124,0.019999,7.734595e-07,0.039998,7.739164e-07,0.000000e+00,131,1,0,1,1,1
051_large_clamp,s1_gate_off_051_large_clamp_t7,complete_only,1,0.971665,0.032260,5.903699e-04,2.206040e-03,981,0.021507,1.049619e-03,0.043013,8.746911e-05,5.055886e-01,294,1,0,1,1,1
051_large_clamp,s1_gate_off_051_large_clamp_t8,complete_only,4,0.957488,0.031162,3.462214e-07,2.024769e-06,1508,0.020774,4.211808e-07,0.041549,5.258979e-07,6.831529e-02,275,1,0,1,1,1
051_large_clamp,s1_gate_off_051_large_clamp_t9,complete_only,0,0.964347,0.031938,1.821423e-06,0.000000e+00,837,0.021292,3.557402e-07,0.042583,2.873546e-06,0.000000e+00,162,1,0,1,1,1
051_large_clamp,s1_gate_off_051_large_clamp_t10,complete_only,24,0.952620,0.030023,5.524361e-06,3.435262e-05,560,0.020015,2.016732e-06,0.040030,9.556707e-06,8.705513e-03,121,1,0,1,1,0
051_large_clamp,s1_gate_off_051_large_clamp_t11,complete_only,17,0.948078,0.032164,7.361823e-05,2.231202e-04,848,0.021443,1.523208e-04,0.042885,4.155477e-05,1.319589e-01,146,1,0,1,1,1
051_large_clamp,s1_gate_off_051_large_clamp_t12,complete_only,15,0.959544,0.030793,3.202437e-07,1.591499e-06,1282,0.020529,4.092194e-07,0.041058,7.529214e-07,0.000000e+00,222,1,0,1,1,1
051_large_clamp,s1_gate_off_051_large_clamp_t13,complete_only,5,0.953691,0.032186,0.000000e+00,0.000000e+00,783,0.021457,0.000000e+00,0.042914,0.000000e+00,0.000000e+00,172,1,0,1,1,0
051_large_clamp,s1_gate_off_051_large_clamp_t14,complete_only,0,0.966900,0.029748,1.119986e-06,3.920929e-06,1220,0.019832,8.918689e-08,0.039664,1.075548e-06,1.150500e-01,223,1,0,1,1,1
051_large_clamp,s1_gate_off_051_large_clamp_t15,complete_only,41,0.962742,0.030051,4.838247e-06,1.031571e-05,1261,0.020034,9.694888e-07,0.040068,8.940066e-06,6.258277e-02,176,1,0,1,1,1
051_large_clamp,s1_gate_off_051_large_clamp_t16,complete_only,6,0.966617,0.033067,5.330425e-05,3.315733e-04,1666,0.022045,8.452244e-05,0.044090,1.671405e-05,1.348449e-01,224,1,0,1,1,0
051_large_clamp,s1_gate_off_051_large_clamp_t17,complete_only,102,0.925030,0.031838,0.000000e+00,0.000000e+00,605,0.021225,0.000000e+00,0.042450,0.000000e+00,0.000000e+00,145,1,0,1,1,1
051_large_clamp,s1_gate_off_051_large_clamp_t18,complete_only,0,0.958490,0.032326,2.654993e-07,2.873420e-06,1382,0.021551,5.897148e-07,0.043101,3.397923e-07,1.706997e-03,227,1,0,1,1,0
051_large_clamp,s1_gate_off_051_large_clamp_t19,complete_only,27,0.961475,0.030508,1.954745e-06,5.559127e-06,2492,0.020339,2.077683e-06,0.040678,2.633259e-06,3.901168e-01,396,1,0,1,1,0
051_large_clamp,s1_gate_off_051_large_clamp_t20,complete_only,10,0.951939,0.032041,1.723477e-06,5.405223e-06,2273,0.021361,3.346761e-06,0.042721,2.661249e-06,3.772140e-01,409,1,0,1,1,0
051_large_clamp,s1_gate_off_051_large_clamp_t21,complete_only,23,0.938046,0.031543,0.000000e+00,0.000000e+00,600,0.021028,0.000000e+00,0.042057,2.047686e-07,0.000000e+00,142,1,0,1,1,0
051_large_clamp,s1_gate_off_051_large_clamp_t22,complete_only,42,0.935201,0.031634,0.000000e+00,0.000000e+00,524,0.021090,0.000000e+00,0.042179,0.000000e+00,0.000000e+00,151,1,0,1,1,0
051_large_clamp,s1_gate_off_051_large_clamp_t23,complete_only,0,0.980899,0.026181,9.702514e-06,4.578750e-05,1926,0.017454,1.115121e-05,0.034908,1.174102e-05,4.170705e-01,471,1,0,1,1,1
051_large_clamp,s1_gate_off_051_large_clamp_t24,complete_only,121,0.920253,0.031636,1.957934e-07,0.000000e+00,694,0.021091,0.000000e+00,0.042181,1.531159e-06,0.000000e+00,140,1,0,1,1,0
022_windex_bottle,s1_gate_020_022_windex_bottle_t0,complete_epi,3,0.944815,0.044633,4.039670e-06,1.463156e-05,1442,0.029755,2.598242e-06,0.059510,4.376369e-05,0.000000e+00,82,1,0,1,1,0
022_windex_bottle,s1_gate_020_022_windex_bottle_t1,complete_epi,1,0.934192,0.039436,7.847643e-05,4.531315e-04,2208,0.026291,1.828692e-04,0.052581,5.635374e-05,6.406535e-01,300,1,0,1,1,1
022_windex_bottle,s1_gate_020_022_windex_bottle_t2,complete_epi,44,0.897376,0.040876,3.688879e-06,8.829269e-06,5122,0.027251,2.214034e-06,0.054502,6.756803e-06,7.460146e-01,564,1,0,1,1,0
022_windex_bottle,s1_gate_020_022_windex_bottle_t3,complete_epi,0,0.961441,0.042303,2.662863e-05,1.849154e-04,1426,0.028202,1.064059e-05,0.056404,6.740237e-05,0.000000e+00,82,1,0,1,1,0
022_windex_bottle,s1_gate_020_022_windex_bottle_t4,complete_epi,5,0.942077,0.042783,1.372886e-04,8.002654e-04,1524,0.028522,1.535634e-04,0.057044,7.948077e-05,3.319100e-01,33,1,0,1,1,0
022_windex_bottle,s1_gate_020_022_windex_bottle_t5,complete_epi,15,0.926299,0.040957,9.246769e-06,3.129557e-05,845,0.027305,4.015692e-06,0.054610,4.072161e-05,0.000000e+00,105,1,0,1,1,0
022_windex_bottle,s1_gate_020_022_windex_bottle_t6,complete_epi,0,0.955589,0.045216,4.016356e-05,3.417421e-05,1977,0.030144,1.648403e-05,0.060288,1.152480e-04,1.157500e+00,645,1,0,1,1,0
022_windex_bottle,s1_gate_020_022_windex_bottle_t7,complete_epi,0,0.931371,0.038705,3.224737e-05,1.894859e-04,2394,0.025804,7.019116e-05,0.051607,3.004400e-05,6.186490e-01,335,1,0,1,1,1
022_windex_bottle,s1_gate_020_022_windex_bottle_t8,complete_epi,1209,0.536562,0.048854,1.635375e-06,7.065255e-06,3130,0.032569,1.406542e-06,0.065138,3.189673e-06,2.300602e-01,411,1,0,1,1,0
022_windex_bottle,s1_gate_020_022_windex_bottle_t9,complete_epi,77,0.867664,0.044413,2.270936e-05,1.351616e-04,2701,0.029608,2.042201e-05,0.059217,6.160376e-05,2.744362e-02,8,1,0,1,1,1
022_windex_bottle,s1_gate_020_022_windex_bottle_t10,complete_epi,1,0.923025,0.044983,6.670858e-05,4.854295e-04,2219,0.029988,4.080559e-05,0.059977,1.775345e-04,1.289170e+00,656,1,0,1,1,0
022_windex_bottle,s1_gate_020_022_windex_bottle_t11,complete_epi,1,0.929755,0.029283,3.455520e-06,5.125543e-06,1406,0.019522,1.978296e-06,0.039044,8.350286e-06,3.096477e-01,348,1,0,1,1,0
022_windex_bottle,s1_gate_020_022_windex_bottle_t12,complete_epi,1200,0.499992,0.038250,8.816324e-05,3.072438e-04,2402,0.025500,1.051883e-04,0.051001,6.719316e-05,2.801088e-01,135,1,0,1,1,0
022_windex_bottle,s1_gate_020_022_windex_bottle_t13,complete_epi,249,0.896033,0.044213,5.873395e-05,2.430856e-04,4733,0.029475,1.199282e-04,0.058951,5.168967e-05,3.932273e-01,161,1,0,1,1,0
022_windex_bottle,s1_gate_020_022_windex_bottle_t14,complete_epi,8,0.943115,0.044329,1.715357e-05,3.171696e-05,1287,0.029553,3.129071e-06,0.059105,6.693035e-05,0.000000e+00,87,1,0,1,1,0
022_windex_bottle,s1_gate_020_022_windex_bottle_t15,complete_epi,0,0.959245,0.041693,5.621713e-05,2.101411e-04,1273,0.027795,3.801381e-05,0.055591,1.040202e-04,2.315078e-01,167,1,0,1,1,0
022_windex_bottle,s1_gate_020_022_windex_bottle_t16,complete_epi,42,0.865715,0.040438,3.409695e-04,2.249171e-03,2258,0.026958,6.577803e-04,0.053917,2.768789e-04,2.989189e+00,1105,1,0,1,1,0
022_windex_bottle,s1_gate_020_022_windex_bottle_t17,complete_epi,1,0.952872,0.042215,2.068267e-05,9.785225e-05,1144,0.028144,1.907295e-05,0.056287,4.931249e-05,1.743393e-02,126,1,0,1,1,0
022_windex_bottle,s1_gate_020_022_windex_bottle_t18,complete_epi,670,0.775895,0.040223,3.061813e-05,1.699754e-04,3755,0.026815,2.022661e-05,0.053630,5.225385e-05,2.232972e+00,693,1,0,1,1,0
022_windex_bottle,s1_gate_020_022_windex_bottle_t19,complete_epi,0,0.959759,0.042211,1.276675e-05,7.095403e-05,1894,0.028141,1.021086e-05,0.056282,3.450442e-05,9.731787e-01,479,1,0,1,1,0
022_windex_bottle,s1_gate_020_022_windex_bottle_t20,complete_epi,21,0.933588,0.040266,2.200847e-04,9.332904e-04,1375,0.026844,2.953663e-04,0.053689,1.582082e-04,2.611280e-01,206,1,0,1,1,0
022_windex_bottle,s1_gate_020_022_windex_bottle_t21,complete_epi,4,0.954216,0.041619,1.831359e-05,1.055996e-04,1123,0.027746,2.306662e-05,0.055492,5.493931e-05,3.548381e-01,289,1,0,1,1,0
022_windex_bottle,s1_gate_020_022_windex_bottle_t22,complete_epi,0,0.958811,0.042437,2.576081e-05,1.709895e-04,1087,0.028291,1.394122e-05,0.056582,8.077856e-05,3.323685e-01,281,1,0,1,1,0
022_windex_bottle,s1_gate_020_022_windex_bottle_t23,complete_epi,258,0.846247,0.038768,1.561753e-04,6.585478e-04,1467,0.025845,5.072706e-05,0.051691,1.962086e-04,7.901905e-01,157,1,0,1,1,0
022_windex_bottle,s1_gate_020_022_windex_bottle_t24,complete_epi,0,0.942963,0.043357,1.496522e-05,8.079451e-05,1247,0.028904,1.653432e-05,0.057809,3.915506e-05,1.461751e-01,204,1,0,1,1,0
006_mustard_bottle,s2_gate_off_006_mustard_bottle_t0,complete_only,0,0.906598,0.032013,6.787902e-06,2.507314e-05,2194,0.021342,4.480662e-06,0.042684,1.346604e-05,3.823655e-01,641,1,0,1,1,1
006_mustard_bottle,s2_gate_off_006_mustard_bottle_t1,complete_only,6,0.866388,0.031806,9.436587e-06,3.188033e-05,1716,0.021204,8.736003e-06,0.042409,1.010254e-05,9.624089e-02,340,1,0,1,1,0
006_mustard_bottle,s2_gate_off_006_mustard_bottle_t2,complete_only,4,0.896494,0.030202,8.669113e-06,3.317510e-05,1504,0.020135,6.881147e-06,0.040270,9.701685e-06,8.369552e-01,351,1,0,1,1,1
006_mustard_bottle,s2_gate_off_006_mustard_bottle_t3,complete_only,0,0.922840,0.032131,6.080893e-06,1.114552e-05,1517,0.021421,6.233481e-06,0.042841,5.829215e-06,4.097665e-01,422,1,0,1,1,1
006_mustard_bottle,s2_gate_off_006_mustard_bottle_t4,complete_only,13,0.906183,0.031146,1.247048e-05,3.981478e-05,1596,0.020764,9.710426e-06,0.041529,1.337358e-05,8.650505e-01,312,1,0,1,1,1
006_mustard_bottle,s2_gate_off_006_mustard_bottle_t5,complete_only,277,0.732451,0.032207,2.096833e-05,4.796051e-05,2012,0.021472,1.161277e-05,0.042943,2.691609e-05,8.382265e-01,674,1,0,1,1,1
006_mustard_bottle,s2_gate_off_006_mustard_bottle_t8,complete_only,115,0.818025,0.032549,8.836896e-06,2.879443e-05,2113,0.021699,6.611964e-06,0.043399,8.408702e-06,6.929024e-01,574,1,0,1,1,0
006_mustard_bottle,s2_gate_off_006_mustard_bottle_t9,complete_only,0,0.921810,0.031039,6.716230e-06,2.767147e-05,1920,0.020693,5.172722e-06,0.041386,1.212402e-05,8.125590e-01,825,1,0,1,1,1
006_mustard_bottle,s2_gate_off_006_mustard_bottle_t10,complete_only,118,0.836608,0.033077,1.251974e-05,3.479072e-05,1982,0.022051,1.278742e-05,0.044103,1.355046e-05,6.162671e-01,408,1,0,1,1,1
006_mustard_bottle,s2_gate_off_006_mustard_bottle_t11,complete_only,1,0.910135,0.032770,9.543667e-06,2.585502e-05,2005,0.021847,1.082392e-05,0.043694,8.555984e-06,7.415246e-01,485,1,0,1,1,1
006_mustard_bottle,s2_gate_off_006_mustard_bottle_t12,complete_only,8,0.945061,0.029480,2.175111e-06,5.287218e-06,1682,0.019654,1.892171e-06,0.039307,2.543868e-06,2.235687e-01,509,1,0,1,1,1
006_mustard_bottle,s2_gate_off_006_mustard_bottle_t13,complete_only,0,0.894126,0.031811,6.257178e-06,1.205047e-05,1544,0.021208,6.342228e-06,0.042415,6.094216e-06,2.407410e-01,252,1,0,1,1,1
006_mustard_bottle,s2_gate_off_006_mustard_bottle_t14,complete_only,14,0.882113,0.031004,1.170225e-05,3.161527e-05,1622,0.020669,9.285177e-06,0.041338,1.351663e-05,1.049542e+00,408,1,0,1,1,1
006_mustard_bottle,s2_gate_off_006_mustard_bottle_t15,complete_only,143,0.810276,0.041627,3.237513e-04,1.177397e-03,856,0.027751,4.374506e-04,0.055503,2.746923e-04,2.568323e+00,184,1,0,1,1,0
006_mustard_bottle,s2_gate_off_006_mustard_bottle_t16,complete_only,5,0.919565,0.029968,3.082851e-06,1.511998e-05,1723,0.019979,2.703119e-06,0.039957,3.785004e-06,3.927567e-01,574,1,0,1,1,0
006_mustard_bottle,s2_gate_off_006_mustard_bottle_t17,complete_only,176,0.810614,0.032917,1.448969e-05,4.938041e-05,1980,0.021944,1.400692e-05,0.043889,2.222485e-05,8.758268e-01,591,1,0,1,1,1
006_mustard_bottle,s2_gate_off_006_mustard_bottle_t18,complete_only,17,0.883453,0.032137,1.415196e-05,5.202733e-05,1463,0.021424,1.261003e-05,0.042849,1.562242e-05,7.713653e-01,246,1,0,1,1,1
006_mustard_bottle,s2_gate_off_006_mustard_bottle_t19,complete_only,37,0.890686,0.030967,4.092569e-06,8.068027e-06,1683,0.020645,4.151219e-06,0.041290,3.796459e-06,8.918888e-01,591,1,0,1,1,1
006_mustard_bottle,s2_gate_off_006_mustard_bottle_t20,complete_only,40,0.917369,0.030520,1.484776e-05,7.919998e-05,1125,0.020347,2.377055e-05,0.040694,1.172123e-05,5.305894e-01,218,1,0,1,1,1
006_mustard_bottle,s2_gate_off_006_mustard_bottle_t21,complete_only,90,0.951005,0.021277,3.496662e-05,1.200434e-04,1766,0.014185,9.455225e-05,0.028369,1.465856e-05,5.494541e-01,305,1,0,1,1,0
006_mustard_bottle,s2_gate_off_006_mustard_bottle_t22,complete_only,67,0.879801,0.031343,3.753486e-06,8.702818e-06,1731,0.020895,3.857608e-06,0.041791,3.478732e-06,4.015740e-01,339,1,0,1,1,1
006_mustard_bottle,s2_gate_off_006_mustard_bottle_t23,complete_only,341,0.961061,0.013213,1.716972e-05,2.808437e-05,1641,0.008809,1.810298e-05,0.017617,1.562055e-05,2.078531e+00,1981,1,0,1,1,0
006_mustard_bottle,s2_gate_off_006_mustard_bottle_t24,complete_only,5,0.928065,0.030595,3.595580e-06,1.021045e-05,1604,0.020396,2.937475e-06,0.040793,4.057229e-06,5.648537e-01,626,1,0,1,1,1
011_banana,s2_gate_off_011_banana_t0,complete_only,1478,0.654294,0.032968,5.332835e-05,2.632645e-05,2621,0.021979,6.785295e-05,0.043957,6.353548e-05,1.228633e-01,158,1,0,1,1,0
011_banana,s2_gate_off_011_banana_t1,complete_only,1362,0.697826,0.032124,2.497938e-05,8.752832e-05,1289,0.021416,3.375915e-05,0.042832,2.085047e-05,2.774794e-01,304,1,0,1,1,0
011_banana,s2_gate_off_011_banana_t2,complete_only,898,0.796456,0.032205,1.118227e-03,3.285479e-03,1781,0.021470,1.642847e-03,0.042939,4.979749e-04,1.510920e+00,289,1,0,1,1,0
011_banana,s2_gate_off_011_banana_t3,complete_only,773,0.855052,0.033050,8.384918e-05,4.161909e-04,2432,0.022033,3.992978e-04,0.044067,9.455147e-05,1.177483e+00,664,1,0,1,1,1
011_banana,s2_gate_off_011_banana_t4,complete_only,1339,0.705394,0.030622,8.413698e-05,3.472077e-04,1344,0.020414,1.879007e-04,0.040829,5.965833e-05,1.236767e+00,691,1,0,1,1,1
011_banana,s2_gate_off_011_banana_t5,complete_only,1799,0.349698,0.031637,5.173136e-04,3.307241e-03,2203,0.021091,1.351005e-03,0.042183,3.499565e-04,8.934793e-01,720,1,0,1,1,1
011_banana,s2_gate_off_011_banana_t6,complete_only,83,0.898956,0.033238,3.677606e-06,1.325847e-05,4220,0.022159,3.231346e-06,0.044317,4.503251e-06,1.797180e-01,311,1,0,1,1,0
011_banana,s2_gate_off_011_banana_t7,complete_only,1568,0.551488,0.032170,1.490029e-04,6.776459e-04,1583,0.021447,2.595384e-04,0.042894,8.484580e-05,1.185629e+00,282,1,0,1,1,0
011_banana,s2_gate_off_011_banana_t8,complete_only,1425,0.630078,0.031565,1.074208e-04,4.700066e-04,1182,0.021043,2.956295e-04,0.042086,5.344934e-05,5.691908e-01,371,1,0,1,1,0
011_banana,s2_gate_off_011_banana_t9,complete_only,1054,0.787240,0.031877,8.083682e-05,1.444772e-04,2324,0.021251,8.494154e-05,0.042503,5.719652e-05,9.238005e-01,796,1,0,1,1,1
011_banana,s2_gate_off_011_banana_t10,complete_only,1874,0.197171,0.030919,2.546083e-04,1.126727e-03,1603,0.020613,3.902658e-04,0.041226,1.517043e-04,1.946119e+00,521,1,0,1,1,1
011_banana,s2_gate_off_011_banana_t11,complete_only,1863,0.225581,0.031388,2.225351e-04,1.267464e-03,1164,0.020925,3.707002e-04,0.041851,1.380976e-04,4.809031e-01,311,1,0,1,1,0
011_banana,s2_gate_off_011_banana_t12,complete_only,502,0.884648,0.031276,1.429088e-04,6.294258e-04,1914,0.020851,5.317148e-04,0.041701,8.414394e-05,2.373246e+00,1397,1,0,1,1,1
011_banana,s2_gate_off_011_banana_t13,complete_only,1044,0.798400,0.032367,8.626353e-05,5.400105e-04,2256,0.021578,4.914626e-04,0.043156,9.250924e-05,1.207908e+00,824,1,0,1,1,0
011_banana,s2_gate_off_011_banana_t14,complete_only,1517,0.639366,0.031455,6.067668e-05,2.810134e-04,1813,0.020970,1.291440e-04,0.041940,3.037546e-05,8.221040e-01,595,1,0,1,1,0
011_banana,s2_gate_off_011_banana_t15,complete_only,1167,0.757909,0.032577,2.820678e-05,1.287069e-04,3734,0.021718,2.309348e-05,0.043436,2.787477e-05,8.789057e-01,751,1,0,1,1,0
011_banana,s2_gate_off_011_banana_t16,complete_only,1813,0.261845,0.033728,1.242575e-04,6.884496e-04,2206,0.022485,1.926964e-04,0.044970,6.408513e-05,1.879151e+00,952,1,0,1,1,0
011_banana,s2_gate_off_011_banana_t17,complete_only,1820,0.286542,0.030476,2.761610e-04,1.267507e-03,1556,0.020317,2.917022e-04,0.040635,2.368297e-04,1.113576e+00,830,1,0,1,1,0
011_banana,s2_gate_off_011_banana_t18,complete_only,792,0.846547,0.031446,8.472111e-05,1.912515e-04,2195,0.020964,1.368630e-04,0.041928,7.567787e-05,7.941545e-01,617,1,0,1,1,1
011_banana,s2_gate_off_011_banana_t19,complete_only,1584,0.565349,0.032491,9.623706e-06,2.923615e-05,2941,0.021660,1.005260e-05,0.043321,1.025244e-05,1.026251e+00,753,1,0,1,1,1
011_banana,s2_gate_off_011_banana_t20,complete_only,1212,0.755166,0.032658,1.042169e-03,2.726467e-03,1618,0.021772,1.374712e-03,0.043544,6.728772e-04,2.235285e+00,467,1,0,1,1,0
011_banana,s2_gate_off_011_banana_t21,complete_only,1120,0.820247,0.031094,2.138102e-05,2.665305e-05,2121,0.020729,1.865012e-05,0.041458,1.971458e-05,4.589227e-01,481,1,0,1,1,1
011_banana,s2_gate_off_011_banana_t22,complete_only,1744,0.431648,0.031169,1.529570e-05,5.789560e-05,1765,0.020779,2.010720e-05,0.041559,1.715436e-05,4.976096e-01,466,1,0,1,1,1
011_banana,s2_gate_off_011_banana_t23,complete_only,1521,0.618879,0.031578,3.600531e-05,1.504220e-04,1350,0.021052,6.099197e-05,0.042104,2.610423e-05,1.976143e-01,230,1,0,1,1,0
011_banana,s2_gate_off_011_banana_t24,complete_only,1388,0.692901,0.032014,5.874294e-05,2.225381e-04,1647,0.021343,1.107748e-04,0.042685,2.279233e-05,5.903229e-01,469,1,0,1,1,0
025_mug,s2_gate_020_025_mug_t0,complete_epi,64,0.927810,0.020731,1.070098e-05,2.434878e-05,479,0.013821,1.358366e-05,0.027641,1.059368e-05,2.236782e-01,117,1,0,1,1,1
025_mug,s2_gate_020_025_mug_t1,complete_epi,51,0.935629,0.020094,2.160884e-05,1.133718e-04,462,0.013396,3.653813e-05,0.026793,2.121286e-05,3.888961e-01,111,1,0,1,1,1
025_mug,s2_gate_020_025_mug_t2,complete_epi,1,0.925637,0.020153,4.066075e-06,7.574322e-06,178,0.013435,3.652764e-06,0.026870,3.964896e-06,2.866136e-03,34,1,0,1,1,1
025_mug,s2_gate_020_025_mug_t3,complete_epi,0,0.959527,0.022271,6.286537e-05,3.214972e-04,427,0.014847,1.676475e-04,0.029695,4.437485e-05,2.811405e-01,130,1,0,1,1,1
025_mug,s2_gate_020_025_mug_t4,complete_epi,23,0.932672,0.020339,3.907717e-05,1.743410e-04,350,0.013560,3.559410e-05,0.027119,4.109103e-05,4.784141e-01,144,1,0,1,1,1
025_mug,s2_gate_020_025_mug_t5,complete_epi,52,0.924403,0.020337,1.581821e-05,5.005223e-05,514,0.013558,3.651605e-05,0.027115,1.245164e-05,5.211301e-01,194,1,0,1,1,1
025_mug,s2_gate_020_025_mug_t6,complete_epi,24,0.938577,0.024816,4.194566e-06,1.667018e-05,580,0.016544,3.838174e-06,0.033087,4.812921e-06,2.161222e-01,129,1,0,1,1,1
025_mug,s2_gate_020_025_mug_t7,complete_epi,473,0.659276,0.034554,1.496223e-05,2.195793e-05,3257,0.023036,1.075851e-05,0.046072,2.668967e-05,2.485171e-01,213,1,0,1,1,0
025_mug,s2_gate_020_025_mug_t8,complete_epi,24,0.939560,0.020789,3.177370e-05,1.466119e-04,545,0.013859,4.305046e-05,0.027718,2.554540e-05,5.780754e-01,150,1,0,1,1,1
025_mug,s2_gate_020_025_mug_t9,complete_epi,92,0.936147,0.021164,7.055064e-06,1.884805e-05,488,0.014109,6.874479e-06,0.028218,7.398562e-06,2.713909e-01,148,1,0,1,1,1
025_mug,s2_gate_020_025_mug_t10,complete_epi,28,0.931899,0.019621,2.117454e-06,4.527494e-06,980,0.013081,2.032170e-06,0.026161,2.301541e-06,4.293175e-01,354,1,0,1,1,1
025_mug,s2_gate_020_025_mug_t11,complete_epi,53,0.926350,0.019779,2.997547e-06,7.024876e-06,708,0.013186,2.897708e-06,0.026372,3.157802e-06,2.127939e-01,154,1,0,1,1,1
025_mug,s2_gate_020_025_mug_t12,complete_epi,189,0.922160,0.023549,2.424385e-05,8.770815e-05,686,0.015699,2.709648e-05,0.031398,2.581296e-05,1.972681e-01,101,1,0,1,1,1
025_mug,s2_gate_020_025_mug_t13,complete_epi,13,0.914635,0.025261,1.642772e-06,2.849014e-06,1087,0.016841,1.666488e-06,0.033682,1.773958e-06,2.180783e-01,185,1,0,1,1,1
025_mug,s2_gate_020_025_mug_t14,complete_epi,73,0.887495,0.036375,2.682553e-06,5.021957e-06,2828,0.024250,1.805755e-06,0.048500,2.436282e-05,1.080359e-01,187,1,0,1,1,0
025_mug,s2_gate_020_025_mug_t15,complete_epi,92,0.834169,0.020275,5.522528e-06,1.427323e-05,833,0.013516,6.969174e-06,0.027033,5.310825e-06,2.066760e-01,160,1,0,1,1,1
025_mug,s2_gate_020_025_mug_t16,complete_epi,24,0.931078,0.021094,2.041398e-06,3.036625e-06,942,0.014063,2.265825e-06,0.028125,1.896711e-06,4.188412e-01,359,1,0,1,1,1
025_mug,s2_gate_020_025_mug_t17,complete_epi,131,0.903635,0.019599,1.016544e-06,1.916743e-06,646,0.013066,1.027683e-06,0.026132,1.055128e-06,1.488720e-01,186,1,0,1,1,1
025_mug,s2_gate_020_025_mug_t18,complete_epi,8,0.927510,0.019963,2.154260e-06,3.431310e-06,860,0.013309,2.052077e-06,0.026617,2.287087e-06,2.665849e-01,197,1,0,1,1,1
025_mug,s2_gate_020_025_mug_t19,complete_epi,28,0.927782,0.020938,1.022094e-06,2.296504e-06,495,0.013958,1.921099e-07,0.027917,1.216863e-06,0.000000e+00,99,1,0,1,1,0
025_mug,s2_gate_020_025_mug_t20,complete_epi,272,0.656900,0.019883,2.652654e-06,1.887402e-05,359,0.013255,2.584253e-06,0.026511,2.418464e-06,2.908370e-02,41,1,0,1,1,1
025_mug,s2_gate_020_025_mug_t21,complete_epi,14,0.945040,0.020143,1.580001e-05,6.079859e-05,430,0.013428,1.879169e-05,0.026857,1.725601e-05,4.674229e-01,172,1,0,1,1,1
025_mug,s2_gate_020_025_mug_t22,complete_epi,122,0.903854,0.023593,4.320153e-05,2.125533e-04,928,0.015728,4.591519e-05,0.031457,3.704245e-05,7.362642e-01,418,1,0,1,1,1
025_mug,s2_gate_020_025_mug_t23,complete_epi,29,0.942456,0.020322,1.429568e-06,2.623106e-06,740,0.013548,1.406359e-06,0.027096,1.333128e-06,1.703540e-01,193,1,0,1,1,1
025_mug,s2_gate_020_025_mug_t24,complete_epi,92,0.919808,0.023035,1.362947e-06,2.278824e-06,950,0.015357,1.399477e-06,0.030714,1.373214e-06,2.690228e-01,311,1,0,1,1,1
051_large_clamp,s2_gate_020_051_large_clamp_t0,complete_epi,2,0.958152,0.030638,1.528574e-07,1.283278e-06,995,0.020425,0.000000e+00,0.040851,1.033132e-07,0.000000e+00,205,1,0,1,1,1
051_large_clamp,s2_gate_020_051_large_clamp_t1,complete_epi,0,0.970661,0.029174,0.000000e+00,0.000000e+00,672,0.019449,0.000000e+00,0.038899,0.000000e+00,0.000000e+00,162,1,0,1,1,1
051_large_clamp,s2_gate_020_051_large_clamp_t2,complete_epi,3,0.969979,0.033794,3.874927e-06,1.570723e-05,2297,0.022530,1.874114e-06,0.045059,6.480402e-06,2.238243e-01,338,1,0,1,1,1
051_large_clamp,s2_gate_020_051_large_clamp_t3,complete_epi,7,0.951844,0.031869,4.200753e-05,1.844998e-04,1998,0.021246,4.562300e-05,0.042492,3.793596e-05,1.489869e+00,772,1,0,1,1,1
051_large_clamp,s2_gate_020_051_large_clamp_t4,complete_epi,0,0.952348,0.042122,2.461741e-05,3.335424e-05,6285,0.028081,1.189171e-05,0.056162,4.422693e-05,8.717869e-01,764,1,0,1,1,1
051_large_clamp,s2_gate_020_051_large_clamp_t5,complete_epi,0,0.967897,0.031428,0.000000e+00,0.000000e+00,837,0.020952,0.000000e+00,0.041904,2.493695e-07,0.000000e+00,183,1,0,1,1,0
051_large_clamp,s2_gate_020_051_large_clamp_t6,complete_epi,31,0.951401,0.030935,4.630589e-06,1.162117e-05,2576,0.020623,6.967208e-06,0.041247,6.115020e-06,7.970388e-01,657,1,0,1,1,1
051_large_clamp,s2_gate_020_051_large_clamp_t7,complete_epi,279,0.736907,0.043028,7.990139e-05,3.239415e-04,3143,0.028685,9.017993e-05,0.057370,6.639150e-05,1.870155e+00,805,1,0,1,1,1
051_large_clamp,s2_gate_020_051_large_clamp_t8,complete_epi,0,0.965065,0.029812,0.000000e+00,0.000000e+00,743,0.019874,0.000000e+00,0.039749,0.000000e+00,0.000000e+00,166,1,0,1,1,0
051_large_clamp,s2_gate_020_051_large_clamp_t9,complete_epi,0,0.962645,0.025512,7.119408e-07,1.190879e-06,1998,0.017008,6.829443e-07,0.034015,8.705519e-07,0.000000e+00,264,1,0,1,1,1
051_large_clamp,s2_gate_020_051_large_clamp_t10,complete_epi,0,0.963805,0.039847,9.778963e-07,4.283336e-06,1487,0.026565,1.095905e-06,0.053130,2.112977e-06,0.000000e+00,152,1,0,1,1,1
051_large_clamp,s2_gate_020_051_large_clamp_t11,complete_epi,1,0.951678,0.041708,1.415195e-06,5.845750e-06,1710,0.027806,0.000000e+00,0.055611,2.439158e-06,0.000000e+00,132,1,0,1,1,1
051_large_clamp,s2_gate_020_051_large_clamp_t12,complete_epi,167,0.897552,0.012022,2.260081e-04,1.116719e-03,3737,0.008015,2.860542e-04,0.016029,1.044787e-04,4.849677e+00,2790,1,0,1,1,0
051_large_clamp,s2_gate_020_051_large_clamp_t13,complete_epi,2,0.964348,0.032233,3.337625e-06,6.367167e-06,2667,0.021489,4.882939e-06,0.042978,8.131877e-06,6.911857e-01,601,1,0,1,1,1
051_large_clamp,s2_gate_020_051_large_clamp_t15,complete_epi,1,0.970727,0.033353,3.917359e-06,9.584248e-06,2866,0.022235,2.578423e-06,0.044471,5.783579e-06,3.795132e-01,417,1,0,1,1,1
051_large_clamp,s2_gate_020_051_large_clamp_t16,complete_epi,1,0.977607,0.031714,2.535101e-06,5.450076e-06,2548,0.021143,2.022523e-06,0.042285,6.913610e-06,2.094634e-01,355,1,0,1,1,0
051_large_clamp,s2_gate_020_051_large_clamp_t17,complete_epi,106,0.941726,0.030380,0.000000e+00,0.000000e+00,651,0.020253,0.000000e+00,0.040507,0.000000e+00,0.000000e+00,174,1,0,1,1,0
051_large_clamp,s2_gate_020_051_large_clamp_t18,complete_epi,78,0.956936,0.032398,6.170593e-05,2.724422e-04,1985,0.021599,4.810544e-05,0.043198,1.773540e-05,1.193567e+00,983,1,0,1,1,1
051_large_clamp,s2_gate_020_051_large_clamp_t19,complete_epi,13,0.876587,0.042814,2.136867e-05,6.997765e-05,3451,0.028543,1.550469e-05,0.057086,2.955913e-05,2.260472e+00,1185,1,0,1,1,1
051_large_clamp,s2_gate_020_051_large_clamp_t20,complete_epi,31,0.961897,0.032915,3.194692e-05,1.324918e-04,1105,0.021943,4.708534e-05,0.043887,3.136537e-05,1.918375e-01,233,1,0,1,1,0
051_large_clamp,s2_gate_020_051_large_clamp_t21,complete_epi,0,0.959549,0.030232,1.265956e-06,5.653497e-06,966,0.020155,1.880291e-06,0.040310,1.172439e-06,0.000000e+00,143,1,0,1,1,1
051_large_clamp,s2_gate_020_051_large_clamp_t22,complete_epi,45,0.954347,0.030627,3.264492e-05,1.030026e-04,1307,0.020418,2.866214e-05,0.040835,2.151495e-05,6.370158e-01,310,1,0,1,1,0
051_large_clamp,s2_gate_020_051_large_clamp_t23,complete_epi,0,0.964706,0.028908,4.508369e-07,3.273996e-06,791,0.019272,5.043316e-07,0.038544,3.428491e-07,0.000000e+00,176,1,0,1,1,0
051_large_clamp,s2_gate_020_051_large_clamp_t24,complete_epi,0,0.962984,0.030727,2.440683e-07,2.157403e-06,1190,0.020484,4.542400e-07,0.040969,4.000230e-07,0.000000e+00,232,1,0,1,1,1
022_windex_bottle,s3_gate_off_022_windex_bottle_t0,complete_only,0,0.926591,0.044826,7.537482e-05,4.827253e-04,2367,0.029884,1.006435e-04,0.059768,1.165995e-04,2.542754e-01,40,1,0,1,1,0
022_windex_bottle,s3_gate_off_022_windex_bottle_t1,complete_only,0,0.959930,0.045784,3.238573e-05,3.465894e-05,1758,0.030522,1.499873e-05,0.061045,1.035837e-04,1.106859e+00,656,1,0,1,1,0
022_windex_bottle,s3_gate_off_022_windex_bottle_t2,complete_only,34,0.895875,0.038495,3.389991e-03,5.718668e-03,244,0.025663,3.766875e-03,0.051327,2.385224e-03,1.515435e+00,49,1,0,1,1,0
022_windex_bottle,s3_gate_off_022_windex_bottle_t3,complete_only,0,0.945100,0.043518,3.782803e-05,1.505474e-04,1768,0.029012,1.242322e-05,0.058023,8.119660e-05,4.125488e-01,277,1,0,1,1,0
022_windex_bottle,s3_gate_off_022_windex_bottle_t4,complete_only,15,0.944119,0.045168,2.967594e-06,1.788658e-05,1184,0.030112,1.813620e-06,0.060224,4.961582e-05,0.000000e+00,117,1,0,1,1,0
022_windex_bottle,s3_gate_off_022_windex_bottle_t5,complete_only,11,0.938003,0.044734,7.613520e-06,2.579982e-05,1330,0.029823,4.935199e-06,0.059645,5.826971e-05,0.000000e+00,84,1,0,1,1,0
022_windex_bottle,s3_gate_off_022_windex_bottle_t6,complete_only,0,0.967551,0.044921,2.705655e-05,8.313959e-05,1763,0.029948,2.337111e-05,0.059895,6.559137e-05,1.081552e+00,506,1,0,1,1,0
022_windex_bottle,s3_gate_off_022_windex_bottle_t7,complete_only,0,0.920092,0.040366,3.763804e-06,1.059473e-05,5022,0.026911,2.475929e-06,0.053821,6.085152e-06,5.040905e-01,447,1,0,1,1,1
022_windex_bottle,s3_gate_off_022_windex_bottle_t8,complete_only,1427,0.339863,0.037637,2.421173e-04,3.916449e-04,1199,0.025091,1.750074e-04,0.050182,3.976339e-04,1.240221e+00,119,1,0,1,1,0
022_windex_bottle,s3_gate_off_022_windex_bottle_t9,complete_only,20,0.895066,0.039218,4.113200e-05,2.438235e-04,2623,0.026146,1.141397e-04,0.052291,4.879272e-05,9.417983e-02,77,1,0,1,1,1
022_windex_bottle,s3_gate_off_022_windex_bottle_t11,complete_only,501,0.750684,0.039546,6.051763e-04,3.379493e-03,3725,0.026364,1.328360e-03,0.052728,1.936365e-04,2.256322e+00,879,1,0,1,1,0
022_windex_bottle,s3_gate_off_022_windex_bottle_t12,complete_only,170,0.899632,0.039425,2.256695e-04,1.396948e-03,1613,0.026283,1.465835e-04,0.052567,2.655400e-04,1.536274e+00,364,1,0,1,1,0
022_windex_bottle,s3_gate_off_022_windex_bottle_t13,complete_only,0,0.906196,0.039129,2.581238e-05,1.240097e-04,3009,0.026086,2.289436e-05,0.052171,3.583635e-05,2.143923e-01,122,1,0,1,1,1
022_windex_bottle,s3_gate_off_022_windex_bottle_t14,complete_only,0,0.976636,0.022936,9.375444e-05,6.299523e-04,2866,0.015290,2.888743e-04,0.030581,8.639891e-05,1.953254e+00,1497,1,0,1,1,0
022_windex_bottle,s3_gate_off_022_windex_bottle_t15,complete_only,304,0.832593,0.039708,1.478999e-03,7.526711e-03,365,0.026472,1.026161e-03,0.052944,1.017661e-03,2.960105e-01,75,1,0,1,1,0
022_windex_bottle,s3_gate_off_022_windex_bottle_t16,complete_only,88,0.908290,0.038782,3.331965e-04,1.127690e-03,1476,0.025855,3.060564e-04,0.051709,3.068420e-04,1.280252e+00,129,1,0,1,1,0
022_windex_bottle,s3_gate_off_022_windex_bottle_t17,complete_only,8,0.934646,0.042885,4.152927e-06,9.937581e-06,669,0.028590,0.000000e+00,0.057179,1.094378e-05,0.000000e+00,94,1,0,1,1,0
022_windex_bottle,s3_gate_off_022_windex_bottle_t18,complete_only,101,0.917866,0.041275,8.496234e-05,2.180155e-04,501,0.027517,3.944707e-05,0.055034,7.160804e-05,0.000000e+00,100,1,0,1,1,0
022_windex_bottle,s3_gate_off_022_windex_bottle_t19,complete_only,121,0.897368,0.036799,5.327396e-06,8.424131e-06,4817,0.024533,1.993057e-05,0.049066,6.473551e-06,1.740770e+00,1230,1,0,1,1,0
022_windex_bottle,s3_gate_off_022_windex_bottle_t20,complete_only,3,0.926071,0.032356,3.030384e-05,1.129068e-04,1324,0.021571,1.835932e-05,0.043142,5.215072e-05,9.143541e-01,670,1,0,1,1,0
022_windex_bottle,s3_gate_off_022_windex_bottle_t21,complete_only,0,0.963757,0.042067,1.454342e-05,1.234328e-04,739,0.028045,2.302737e-06,0.056089,3.843288e-05,0.000000e+00,112,1,0,1,1,0
022_windex_bottle,s3_gate_off_022_windex_bottle_t22,complete_only,124,0.904287,0.029824,1.246840e-04,6.208568e-04,1410,0.019883,9.495432e-05,0.039765,1.093976e-04,7.215541e-02,218,1,0,1,1,0
022_windex_bottle,s3_gate_off_022_windex_bottle_t23,complete_only,1,0.967976,0.040893,3.084453e-05,1.505600e-04,1894,0.027262,1.351275e-05,0.054525,6.400574e-05,8.506344e-01,401,1,0,1,1,0
022_windex_bottle,s3_gate_off_022_windex_bottle_t24,complete_only,246,0.899824,0.029970,1.914957e-05,6.448443e-05,815,0.019980,3.287925e-05,0.039961,2.300855e-05,4.403210e-02,173,1,0,1,1,0
006_mustard_bottle,s3_gate_020_006_mustard_bottle_t0,complete_epi,53,0.859145,0.031558,4.382300e-06,1.250885e-05,1724,0.021039,4.535525e-06,0.042078,3.966233e-06,6.414078e-01,455,1,0,1,1,1
006_mustard_bottle,s3_gate_020_006_mustard_bottle_t1,complete_epi,2,0.948713,0.020421,2.221209e-05,5.683470e-05,1577,0.013614,2.144760e-05,0.027228,2.060143e-05,2.073137e+00,1099,1,0,1,1,0
006_mustard_bottle,s3_gate_020_006_mustard_bottle_t3,complete_epi,17,0.869210,0.031669,4.940408e-06,1.249077e-05,1725,0.021113,5.418755e-06,0.042225,4.542816e-06,6.866151e-01,473,1,0,1,1,0
006_mustard_bottle,s3_gate_020_006_mustard_bottle_t4,complete_epi,1,0.838743,0.031852,7.043076e-06,1.607775e-05,1546,0.021235,6.777611e-06,0.042470,6.985872e-06,2.439181e-01,279,1,0,1,1,1
006_mustard_bottle,s3_gate_020_006_mustard_bottle_t5,complete_epi,29,0.808312,0.031937,1.006764e-05,2.147344e-05,1377,0.021292,9.747641e-06,0.042583,9.375416e-06,6.230763e-01,297,1,0,1,1,1
006_mustard_bottle,s3_gate_020_006_mustard_bottle_t6,complete_epi,0,0.888956,0.031663,6.024925e-06,1.029189e-05,1512,0.021109,6.305016e-06,0.042218,5.731128e-06,5.774975e-01,440,1,0,1,1,1
006_mustard_bottle,s3_gate_020_006_mustard_bottle_t7,complete_epi,37,0.957477,0.018940,2.655443e-05,6.484695e-05,542,0.012627,3.249287e-05,0.025254,2.090456e-05,1.193125e+00,878,1,0,1,1,0
006_mustard_bottle,s3_gate_020_006_mustard_bottle_t8,complete_epi,1,0.951373,0.029869,2.481239e-06,5.125134e-06,1756,0.019912,2.163760e-06,0.039825,2.875787e-06,7.640264e-02,443,1,0,1,1,1
006_mustard_bottle,s3_gate_020_006_mustard_bottle_t9,complete_epi,3,0.820581,0.032335,7.426840e-06,1.877705e-05,1684,0.021557,7.789810e-06,0.043113,7.200930e-06,4.020244e-01,398,1,0,1,1,1
006_mustard_bottle,s3_gate_020_006_mustard_bottle_t10,complete_epi,4,0.944204,0.029371,2.475372e-06,7.004860e-06,1552,0.019581,2.016750e-06,0.039161,2.664179e-06,2.943120e-01,539,1,0,1,1,1
006_mustard_bottle,s3_gate_020_006_mustard_bottle_t11,complete_epi,207,0.757962,0.032560,1.760195e-05,6.340527e-05,2075,0.021707,1.270140e-05,0.043413,2.579728e-05,1.312409e+00,977,1,0,1,1,1
006_mustard_bottle,s3_gate_020_006_mustard_bottle_t12,complete_epi,48,0.948489,0.013172,1.606876e-06,3.485977e-06,5013,0.008781,6.978391e-07,0.017562,4.598114e-06,3.386041e+00,5803,1,0,1,1,0
006_mustard_bottle,s3_gate_020_006_mustard_bottle_t13,complete_epi,0,0.861519,0.032823,5.040061e-06,1.249645e-05,1602,0.021882,4.905575e-06,0.043763,5.329579e-06,2.480397e-01,295,1,0,1,1,1
006_mustard_bottle,s3_gate_020_006_mustard_bottle_t14,complete_epi,10,0.934278,0.065124,1.372259e-04,3.169325e-04,12209,0.043416,4.726952e-05,0.086832,2.408803e-04,1.839445e+00,1444,1,0,1,1,1
006_mustard_bottle,s3_gate_020_006_mustard_bottle_t15,complete_epi,390,0.767710,0.032302,3.800344e-05,1.003042e-04,2111,0.021535,2.197115e-05,0.043069,4.309807e-05,1.007336e+00,733,1,0,1,1,1
006_mustard_bottle,s3_gate_020_006_mustard_bottle_t17,complete_epi,4,0.930937,0.029919,4.722368e-06,1.551330e-05,1430,0.019946,3.915876e-06,0.039892,5.784954e-06,9.882551e-01,484,1,0,1,1,0
006_mustard_bottle,s3_gate_020_006_mustard_bottle_t18,complete_epi,371,0.789295,0.032624,1.745152e-05,5.911216e-05,2037,0.021749,1.360174e-05,0.043499,2.510374e-05,8.685129e-01,578,1,0,1,1,1
006_mustard_bottle,s3_gate_020_006_mustard_bottle_t19,complete_epi,89,0.828673,0.033555,8.528420e-06,2.230635e-05,2351,0.022370,9.323322e-06,0.044740,9.797478e-06,6.427635e-01,337,1,0,1,1,1
006_mustard_bottle,s3_gate_020_006_mustard_bottle_t20,complete_epi,0,0.903802,0.030646,1.145878e-05,3.129799e-05,1164,0.020431,1.450791e-05,0.040862,1.057741e-05,6.778744e-01,280,1,0,1,1,1
006_mustard_bottle,s3_gate_020_006_mustard_bottle_t22,complete_epi,9,0.863351,0.031739,4.551588e-06,8.958648e-06,1544,0.021159,4.670270e-06,0.042318,4.250590e-06,6.059464e-01,444,1,0,1,1,1
006_mustard_bottle,s3_gate_020_006_mustard_bottle_t23,complete_epi,281,0.849775,0.019711,9.920478e-05,4.749804e-04,1002,0.013140,8.086934e-05,0.026281,9.850602e-05,1.746324e+00,564,1,0,1,1,0
006_mustard_bottle,s3_gate_020_006_mustard_bottle_t24,complete_epi,1,0.908727,0.031833,4.803015e-06,1.035733e-05,1930,0.021222,5.196740e-06,0.042444,4.126965e-06,6.908372e-01,459,1,0,1,1,1
011_banana,s3_gate_020_011_banana_t0,complete_epi,1529,0.513782,0.032562,9.470703e-05,8.075397e-05,2224,0.021708,8.970595e-05,0.043416,1.184687e-04,7.264461e-01,425,1,0,1,1,1
011_banana,s3_gate_020_011_banana_t1,complete_epi,0,0.980680,0.033197,2.248307e-05,1.485600e-04,3991,0.022131,9.741710e-06,0.044263,4.086928e-05,3.086475e-01,368,0,0,1,1,
011_banana,s3_gate_020_011_banana_t2,complete_epi,981,0.828144,0.031836,1.477564e-04,8.556254e-04,2325,0.021224,2.735051e-04,0.042448,1.119824e-04,1.314266e+00,899,1,0,1,1,1
011_banana,s3_gate_020_011_banana_t3,complete_epi,1682,0.466390,0.032075,1.690597e-05,5.325327e-05,3084,0.021383,1.660920e-05,0.042766,1.684646e-05,8.738372e-01,638,1,0,1,1,1
011_banana,s3_gate_020_011_banana_t4,complete_epi,1764,0.350723,0.030296,3.143261e-04,1.836051e-03,1119,0.020197,1.784021e-03,0.040394,1.507029e-04,3.527686e-01,300,1,0,1,1,0
011_banana,s3_gate_020_011_banana_t5,complete_epi,1438,0.640036,0.030427,8.173997e-05,7.945754e-04,1142,0.020284,3.149943e-04,0.040569,6.768730e-05,3.153563e-01,227,1,0,1,1,0
011_banana,s3_gate_020_011_banana_t6,complete_epi,1902,0.104128,0.033219,2.375262e-05,9.049565e-05,2513,0.022146,2.251507e-05,0.044292,2.753072e-05,5.980650e-01,418,1,0,1,1,0
011_banana,s3_gate_020_011_banana_t7,complete_epi,1315,0.696450,0.031863,5.196566e-05,2.049299e-04,1380,0.021242,1.202796e-04,0.042484,2.090243e-05,2.937895e-01,341,1,0,1,1,1
011_banana,s3_gate_020_011_banana_t8,complete_epi,1587,0.530500,0.033907,4.320557e-05,2.097002e-04,1897,0.022604,1.098087e-04,0.045209,3.496815e-05,6.006016e-01,297,1,0,1,1,0
011_banana,s3_gate_020_011_banana_t9,complete_epi,907,0.822123,0.031325,5.852576e-05,5.461177e-05,1642,0.020883,6.707206e-05,0.041766,8.227009e-05,3.206137e-01,266,1,0,1,1,0
011_banana,s3_gate_020_011_banana_t10,complete_epi,657,0.871858,0.031705,8.920314e-06,3.494842e-05,2413,0.021137,2.061319e-05,0.042274,7.994055e-06,5.088570e-01,448,1,0,1,1,0
011_banana,s3_gate_020_011_banana_t11,complete_epi,1903,0.124467,0.030892,2.261880e-04,1.668474e-03,2216,0.020595,2.508436e-04,0.041189,1.909409e-04,1.490989e+00,835,1,0,1,1,0
011_banana,s3_gate_020_011_banana_t12,complete_epi,1661,0.429176,0.033927,5.755486e-05,2.734169e-04,2273,0.022618,8.374156e-05,0.045236,3.190232e-05,1.150174e+00,855,1,0,1,1,1
011_banana,s3_gate_020_011_banana_t13,complete_epi,1039,0.775343,0.031398,1.192094e-04,4.104941e-04,1931,0.020932,5.506574e-04,0.041864,9.645701e-05,1.023571e+00,756,1,0,1,1,1
011_banana,s3_gate_020_011_banana_t14,complete_epi,473,0.895712,0.031540,1.792534e-05,6.840941e-05,2092,0.021026,4.496777e-05,0.042053,1.627573e-05,4.938080e-01,472,1,0,1,1,0
011_banana,s3_gate_020_011_banana_t15,complete_epi,1707,0.373669,0.032228,8.893539e-05,5.139730e-04,3900,0.021485,8.237694e-05,0.042971,1.362886e-04,4.601567e-01,559,1,0,1,1,1
011_banana,s3_gate_020_011_banana_t16,complete_epi,1106,0.754538,0.031691,3.712907e-05,1.116082e-04,2575,0.021127,6.114552e-05,0.042255,1.993776e-05,1.490953e+00,1121,1,0,1,1,1
011_banana,s3_gate_020_011_banana_t17,complete_epi,1233,0.740467,0.031469,6.856309e-05,2.811489e-04,1582,0.020979,1.400737e-04,0.041959,2.523033e-05,5.098417e-01,426,1,0,1,1,0
011_banana,s3_gate_020_011_banana_t18,complete_epi,1359,0.657416,0.031939,4.317620e-04,2.832919e-03,1506,0.021293,1.358579e-03,0.042586,3.307120e-04,1.768866e+00,449,1,0,1,1,0
011_banana,s3_gate_020_011_banana_t19,complete_epi,944,0.854863,0.032458,8.397513e-05,5.638710e-04,3003,0.021639,7.493960e-05,0.043278,1.070620e-04,5.803741e-01,447,1,0,1,1,0
011_banana,s3_gate_020_011_banana_t20,complete_epi,960,0.812611,0.032633,3.454209e-05,1.538215e-04,2621,0.021755,4.946954e-05,0.043510,3.112052e-05,1.004287e+00,742,1,0,1,1,1
011_banana,s3_gate_020_011_banana_t21,complete_epi,1860,0.184260,0.030403,1.287684e-04,7.404438e-04,1795,0.020269,1.537059e-04,0.040537,1.259498e-04,4.947799e-01,427,1,0,1,1,0
011_banana,s3_gate_020_011_banana_t22,complete_epi,1252,0.630228,0.033029,2.485053e-05,6.158103e-05,1687,0.022019,1.565173e-05,0.044039,4.543316e-05,3.976517e-02,200,1,0,1,1,0
011_banana,s3_gate_020_011_banana_t23,complete_epi,1768,0.327112,0.033743,9.903614e-05,5.764078e-04,1684,0.022496,2.063557e-04,0.044991,9.778737e-05,1.015091e+00,391,1,0,1,1,1
011_banana,s3_gate_020_011_banana_t24,complete_epi,1235,0.684746,0.032997,3.552294e-05,6.235357e-05,2114,0.021998,2.478241e-05,0.043996,5.947589e-05,0.000000e+00,191,1,0,1,1,0
