object,trial,arm,grasp_id,confidence,patch_radius,patch_epi_mean,patch_epi_p95,patch_n,sens_lo_radius,patch_epi_mean_sens_lo,sens_hi_radius,patch_epi_mean_sens_hi,duarte_sigma_sum,duarte_box_n,geometry_gate_pass,uq_rejected,chosen,executed,lift_success
005_tomato_soup_can,s0_gate_off_005_tomato_soup_can_t0,complete_only,26,0.862516,0.019010,5.340759e-07,1.938330e-06,428,0.012673,2.840539e-07,0.025346,6.582746e-07,2.010339e-01,616,1,0,1,1,1
005_tomato_soup_can,s0_gate_off_005_tomato_soup_can_t1,complete_only,73,0.858255,0.019026,8.562836e-07,1.547064e-06,710,0.012684,8.006621e-07,0.025368,8.379787e-07,4.355696e-01,832,1,0,1,1,0
005_tomato_soup_can,s0_gate_off_005_tomato_soup_can_t2,complete_only,65,0.865149,0.019151,8.464968e-07,1.513694e-06,661,0.012767,8.277268e-07,0.025534,8.342289e-07,4.500671e-01,868,1,0,1,1,0
005_tomato_soup_can,s0_gate_off_005_tomato_soup_can_t3,complete_only,31,0.881890,0.019060,7.049890e-07,1.502020e-06,595,0.012707,6.379239e-07,0.025413,7.093273e-07,3.083646e-01,748,1,0,1,1,1
005_tomato_soup_can,s0_gate_off_005_tomato_soup_can_t4,complete_only,53,0.873230,0.018824,5.936809e-07,1.663060e-06,519,0.012549,6.906565e-07,0.025098,5.580534e-07,3.886284e-01,795,1,0,1,1,1
005_tomato_soup_can,s0_gate_off_005_tomato_soup_can_t5,complete_only,50,0.847620,0.018907,7.697284e-07,1.599241e-06,714,0.012604,7.726585e-07,0.025209,7.544549e-07,4.463355e-01,860,1,0,1,1,1
005_tomato_soup_can,s0_gate_off_005_tomato_soup_can_t6,complete_only,25,0.878780,0.019256,6.377556e-07,1.346192e-06,575,0.012837,5.687642e-07,0.025675,6.607321e-07,2.839385e-01,741,1,0,1,1,1
005_tomato_soup_can,s0_gate_off_005_tomato_soup_can_t7,complete_only,44,0.885625,0.018905,5.990430e-07,1.471220e-06,473,0.012603,4.552193e-07,0.025207,6.748495e-07,2.782068e-01,684,1,0,1,1,1
005_tomato_soup_can,s0_gate_off_005_tomato_soup_can_t8,complete_only,24,0.870461,0.018788,8.079645e-07,1.751617e-06,647,0.012525,7.580596e-07,0.025051,8.423441e-07,5.122362e-01,946,1,0,1,1,1
005_tomato_soup_can,s0_gate_off_005_tomato_soup_can_t9,complete_only,9,0.879538,0.019201,7.517503e-07,1.396638e-06,640,0.012801,7.706099e-07,0.025601,7.587216e-07,3.478557e-01,758,1,0,1,1,0
061_foam_brick,s0_gate_off_061_foam_brick_t0,complete_only,644,0.884367,0.016189,3.949664e-05,2.145249e-04,610,0.010793,5.461958e-05,0.021586,3.634389e-05,1.133146e+00,1067,1,0,1,1,1
061_foam_brick,s0_gate_off_061_foam_brick_t1,complete_only,16,0.965432,0.016531,1.138593e-06,1.190439e-06,716,0.011021,2.224569e-06,0.022041,2.253167e-06,1.075964e+00,1222,1,0,1,1,1
061_foam_brick,s0_gate_off_061_foam_brick_t2,complete_only,1041,0.804613,0.016737,2.653078e-04,6.930104e-04,787,0.011158,5.108263e-04,0.022316,1.983469e-04,1.244410e+00,808,1,0,1,1,1
061_foam_brick,s0_gate_off_061_foam_brick_t3,complete_only,1180,0.687104,0.017044,5.349484e-07,4.174027e-06,809,0.011363,4.873928e-07,0.022726,3.014795e-06,1.180333e+00,1316,1,0,1,1,0
061_foam_brick,s0_gate_off_061_foam_brick_t4,complete_only,130,0.966326,0.017040,1.115301e-03,3.232566e-03,564,0.011360,1.634886e-03,0.022720,6.130417e-04,1.257800e+00,876,1,0,1,1,1
061_foam_brick,s0_gate_off_061_foam_brick_t5,complete_only,932,0.846426,0.016740,6.177847e-04,1.920448e-03,350,0.011160,5.175366e-04,0.022320,3.727200e-04,1.486763e+00,921,1,0,1,1,1
061_foam_brick,s0_gate_off_061_foam_brick_t6,complete_only,0,0.951220,0.016902,1.391041e-05,3.828161e-05,680,0.011268,8.085481e-06,0.022535,3.218363e-05,1.288100e+00,912,1,0,1,1,1
061_foam_brick,s0_gate_off_061_foam_brick_t7,complete_only,789,0.853025,0.017469,8.785693e-07,1.138448e-06,1293,0.011646,5.655147e-07,0.023292,1.305304e-06,1.320959e+00,1956,1,0,1,1,1
061_foam_brick,s0_gate_off_061_foam_brick_t8,complete_only,552,0.888106,0.016859,7.694932e-06,1.027526e-06,1213,0.011239,5.863323e-06,0.022479,1.018910e-05,1.609597e+00,1489,1,0,1,1,1
061_foam_brick,s0_gate_off_061_foam_brick_t9,complete_only,29,0.950112,0.016667,1.481696e-05,2.504457e-06,826,0.011111,1.086823e-06,0.022222,3.167332e-05,1.581541e+00,1028,1,0,1,1,1
035_power_drill,s0_gate_fp_030_min_035_power_drill_t0,complete_epi,317,0.879092,0.041577,0.000000e+00,nan,,nan,,nan,,0.000000e+00,99,1,0,1,1,1
035_power_drill,s0_gate_fp_030_min_035_power_drill_t2,complete_epi,399,0.830792,0.043458,0.000000e+00,nan,,nan,,nan,,0.000000e+00,133,1,0,1,1,1
035_power_drill,s0_gate_fp_030_min_035_power_drill_t3,complete_epi,150,0.889710,0.040591,0.000000e+00,nan,,nan,,nan,,0.000000e+00,106,1,0,1,1,0
035_power_drill,s0_gate_fp_030_min_035_power_drill_t5,complete_epi,0,0.963080,0.020380,4.488644e-05,nan,,nan,,nan,,2.515052e+00,563,1,0,1,1,0
035_power_drill,s0_gate_fp_030_min_035_power_drill_t6,complete_epi,258,0.865416,0.039425,0.000000e+00,nan,,nan,,nan,,0.000000e+00,157,1,0,1,1,1
035_power_drill,s0_gate_fp_030_min_035_power_drill_t7,complete_epi,43,0.964710,0.028436,2.173676e-06,nan,,nan,,nan,,1.177886e+00,1030,1,0,1,1,1
035_power_drill,s0_gate_fp_030_min_035_power_drill_t8,complete_epi,250,0.890285,0.032897,5.167143e-06,nan,,nan,,nan,,7.928515e-01,295,1,0,1,1,0
035_power_drill,s0_gate_fp_030_min_035_power_drill_t9,complete_epi,15,0.962696,0.015271,6.021623e-06,nan,,nan,,nan,,5.569501e+00,3198,1,0,1,1,0
021_bleach_cleanser,s0_hetero_patch_fp_030_min_021_bleach_cleanser_t0,hetero_patch,280,0.858365,0.039125,2.210916e-07,nan,,nan,,nan,,2.329448e-01,161,1,0,1,1,1
021_bleach_cleanser,s0_hetero_patch_fp_030_min_021_bleach_cleanser_t2,hetero_patch,175,0.814663,0.067090,8.675320e-06,nan,,nan,,nan,,7.738935e-01,414,1,0,1,1,0
021_bleach_cleanser,s0_hetero_patch_fp_030_min_021_bleach_cleanser_t3,hetero_patch,31,0.934456,0.039538,5.735234e-07,nan,,nan,,nan,,1.049915e-01,142,1,0,1,1,1
021_bleach_cleanser,s0_hetero_patch_fp_030_min_021_bleach_cleanser_t5,hetero_patch,34,0.918808,0.040186,4.982356e-07,nan,,nan,,nan,,2.390864e-01,111,1,0,1,1,0
021_bleach_cleanser,s0_hetero_patch_fp_030_min_021_bleach_cleanser_t6,hetero_patch,679,0.797984,0.039221,0.000000e+00,nan,,nan,,nan,,0.000000e+00,112,1,0,1,1,1
021_bleach_cleanser,s0_hetero_patch_fp_030_min_021_bleach_cleanser_t8,hetero_patch,416,0.842748,0.038804,0.000000e+00,nan,,nan,,nan,,5.472488e-02,131,1,0,1,1,1
021_bleach_cleanser,s0_hetero_patch_fp_030_min_021_bleach_cleanser_t9,hetero_patch,237,0.899652,0.025633,3.575834e-06,nan,,nan,,nan,,5.100053e-01,146,1,0,1,1,0
005_tomato_soup_can,s0_partial_only_005_tomato_soup_can_t0,partial_only,0,0.958824,,,,,,,,,,,1,0,1,1,1
005_tomato_soup_can,s0_partial_only_005_tomato_soup_can_t1,partial_only,0,0.965390,,,,,,,,,,,1,0,1,1,1
005_tomato_soup_can,s0_partial_only_005_tomato_soup_can_t2,partial_only,5,0.949982,,,,,,,,,,,1,0,1,1,1
005_tomato_soup_can,s0_partial_only_005_tomato_soup_can_t3,partial_only,0,0.960824,,,,,,,,,,,1,0,1,1,1
005_tomato_soup_can,s0_partial_only_005_tomato_soup_can_t4,partial_only,8,0.951581,,,,,,,,,,,1,0,1,1,1
005_tomato_soup_can,s0_partial_only_005_tomato_soup_can_t5,partial_only,0,0.940143,,,,,,,,,,,1,0,1,1,1
005_tomato_soup_can,s0_partial_only_005_tomato_soup_can_t6,partial_only,0,0.944946,,,,,,,,,,,1,0,1,1,1
005_tomato_soup_can,s0_partial_only_005_tomato_soup_can_t7,partial_only,0,0.963558,,,,,,,,,,,1,0,1,1,1
005_tomato_soup_can,s0_partial_only_005_tomato_soup_can_t8,partial_only,0,0.959456,,,,,,,,,,,1,0,1,1,1
005_tomato_soup_can,s0_partial_only_005_tomato_soup_can_t9,partial_only,2,0.931594,,,,,,,,,,,1,0,1,1,1
061_foam_brick,s0_partial_only_061_foam_brick_t0,partial_only,543,0.872572,,,,,,,,,,,1,0,1,1,1
061_foam_brick,s0_partial_only_061_foam_brick_t1,partial_only,275,0.947993,,,,,,,,,,,1,0,1,1,0
061_foam_brick,s0_partial_only_061_foam_brick_t2,partial_only,299,0.851489,,,,,,,,,,,1,0,1,1,1
061_foam_brick,s0_partial_only_061_foam_brick_t3,partial_only,911,0.764385,,,,,,,,,,,1,0,1,1,1
061_foam_brick,s0_partial_only_061_foam_brick_t4,partial_only,366,0.947282,,,,,,,,,,,1,0,1,1,1
061_foam_brick,s0_partial_only_061_foam_brick_t5,partial_only,227,0.957898,,,,,,,,,,,1,0,1,1,1
061_foam_brick,s0_partial_only_061_foam_brick_t6,partial_only,87,0.953978,,,,,,,,,,,1,0,1,1,1
061_foam_brick,s0_partial_only_061_foam_brick_t7,partial_only,82,0.928380,,,,,,,,,,,1,0,1,1,1
061_foam_brick,s0_partial_only_061_foam_brick_t8,partial_only,574,0.873287,,,,,,,,,,,1,0,1,1,1
061_foam_brick,s0_partial_only_061_foam_brick_t9,partial_only,43,0.925188,,,,,,,,,,,1,0,1,1,1
035_power_drill,s0_duarte_mcd_035_power_drill_t0,duarte_mcd,34,0.917367,,,,,,,,,0.000000e+00,146,1,0,1,1,1
035_power_drill,s0_duarte_mcd_035_power_drill_t2,duarte_mcd,108,0.887356,,,,,,,,,2.475707e-01,205,1,0,1,1,0
035_power_drill,s0_duarte_mcd_035_power_drill_t3,duarte_mcd,3,0.932401,,,,,,,,,0.000000e+00,100,1,0,1,1,1
035_power_drill,s0_duarte_mcd_035_power_drill_t4,duarte_mcd,13,0.960083,,,,,,,,,0.000000e+00,162,1,0,1,1,1
035_power_drill,s0_duarte_mcd_035_power_drill_t5,duarte_mcd,235,0.870885,,,,,,,,,2.240023e-01,46,1,0,1,1,0
035_power_drill,s0_duarte_mcd_035_power_drill_t6,duarte_mcd,27,0.909270,,,,,,,,,0.000000e+00,123,1,0,1,1,0
035_power_drill,s0_duarte_mcd_035_power_drill_t7,duarte_mcd,17,0.963780,,,,,,,,,4.985753e-01,1004,1,0,1,1,1
035_power_drill,s0_duarte_mcd_035_power_drill_t8,duarte_mcd,228,0.852292,,,,,,,,,0.000000e+00,121,1,0,1,1,1
035_power_drill,s0_duarte_mcd_035_power_drill_t9,duarte_mcd,776,0.909152,,,,,,,,,9.011235e-01,1057,1,0,1,1,0
021_bleach_cleanser,s1_gate_off_021_bleach_cleanser_t0,complete_only,3,0.944391,0.038889,1.168488e-04,6.287317e-04,892,0.025926,8.976012e-05,0.051852,9.190675e-05,3.670587e-02,98,1,0,1,1,1
021_bleach_cleanser,s1_gate_off_021_bleach_cleanser_t1,complete_only,0,0.938772,0.040162,2.125576e-05,6.249878e-05,1345,0.026774,2.349327e-05,0.053549,1.617753e-05,2.193104e-01,168,1,0,1,1,1
021_bleach_cleanser,s1_gate_off_021_bleach_cleanser_t2,complete_only,25,0.949492,0.039010,3.430894e-05,2.063231e-04,919,0.026007,1.900144e-05,0.052013,1.777454e-05,2.917323e-01,206,1,0,1,1,1
021_bleach_cleanser,s1_gate_off_021_bleach_cleanser_t3,complete_only,480,0.819770,0.039450,5.714430e-05,2.554752e-04,1442,0.026300,1.120702e-04,0.052599,5.792944e-05,7.380391e-02,99,1,0,1,1,1
021_bleach_cleanser,s1_gate_off_021_bleach_cleanser_t4,complete_only,841,0.809718,0.039776,5.362447e-05,2.624572e-04,1351,0.026517,1.018663e-04,0.053034,4.883233e-05,5.227746e-01,307,1,0,1,1,1
021_bleach_cleanser,s1_gate_off_021_bleach_cleanser_t5,complete_only,476,0.896520,0.040176,4.762015e-07,0.000000e+00,1224,0.026784,0.000000e+00,0.053568,3.727116e-06,0.000000e+00,218,1,0,1,1,0
021_bleach_cleanser,s1_gate_off_021_bleach_cleanser_t6,complete_only,468,0.839099,0.039550,1.067627e-04,5.608771e-04,689,0.026367,1.093804e-04,0.052733,6.365936e-05,5.504162e-02,65,1,0,1,1,0
021_bleach_cleanser,s1_gate_off_021_bleach_cleanser_t7,complete_only,0,0.933430,0.013249,1.134690e-06,3.184644e-06,1185,0.008833,1.187716e-06,0.017665,1.098000e-06,2.678659e-01,700,1,0,1,1,0
021_bleach_cleanser,s1_gate_off_021_bleach_cleanser_t8,complete_only,105,0.887909,0.040389,1.312304e-05,1.120143e-04,1219,0.026926,1.255945e-05,0.053852,1.194256e-05,0.000000e+00,163,1,0,1,1,1
021_bleach_cleanser,s1_gate_off_021_bleach_cleanser_t9,complete_only,52,0.926943,0.039847,2.290421e-04,7.884236e-04,796,0.026565,1.866482e-04,0.053129,2.619889e-04,1.618993e-01,62,1,0,1,1,0
005_tomato_soup_can,s1_gate_fp_030_min_005_tomato_soup_can_t0,complete_epi,53,0.876895,0.019058,5.725585e-07,nan,,nan,,nan,,3.109248e-01,729,1,0,1,1,1
005_tomato_soup_can,s1_gate_fp_030_min_005_tomato_soup_can_t1,complete_epi,80,0.861614,0.019107,2.701792e-07,nan,,nan,,nan,,4.498895e-01,864,1,0,1,1,1
005_tomato_soup_can,s1_gate_fp_030_min_005_tomato_soup_can_t2,complete_epi,60,0.869759,0.018783,5.435262e-07,nan,,nan,,nan,,3.175585e-01,739,1,0,1,1,1
005_tomato_soup_can,s1_gate_fp_030_min_005_tomato_soup_can_t3,complete_epi,56,0.873391,0.018836,5.768294e-07,nan,,nan,,nan,,3.583585e-01,776,1,0,1,1,1
005_tomato_soup_can,s1_gate_fp_030_min_005_tomato_soup_can_t4,complete_epi,39,0.883710,0.019098,4.731753e-07,nan,,nan,,nan,,4.981252e-01,929,1,0,1,1,0
005_tomato_soup_can,s1_gate_fp_030_min_005_tomato_soup_can_t5,complete_epi,13,0.900203,0.019129,4.098657e-07,nan,,nan,,nan,,2.461116e-01,648,1,0,1,1,1
005_tomato_soup_can,s1_gate_fp_030_min_005_tomato_soup_can_t6,complete_epi,10,0.891117,0.019011,5.108432e-07,nan,,nan,,nan,,5.289890e-01,941,1,0,1,1,1
005_tomato_soup_can,s1_gate_fp_030_min_005_tomato_soup_can_t7,complete_epi,34,0.877306,0.019128,3.713570e-07,nan,,nan,,nan,,4.030562e-01,756,1,0,1,1,0
005_tomato_soup_can,s1_gate_fp_030_min_005_tomato_soup_can_t8,complete_epi,14,0.886873,0.018782,3.906155e-07,nan,,nan,,nan,,3.997723e-01,844,1,0,1,1,1
005_tomato_soup_can,s1_gate_fp_030_min_005_tomato_soup_can_t9,complete_epi,33,0.882588,0.018793,3.201637e-07,nan,,nan,,nan,,2.914875e-01,733,1,0,1,1,1
061_foam_brick,s1_gate_fp_030_min_061_foam_brick_t0,complete_epi,949,0.843932,0.016198,8.271845e-07,nan,,nan,,nan,,8.206757e-01,1067,1,0,1,1,1
061_foam_brick,s1_gate_fp_030_min_061_foam_brick_t1,complete_epi,1157,0.762861,0.016786,2.492563e-06,nan,,nan,,nan,,1.424839e+00,1037,1,0,1,1,1
061_foam_brick,s1_gate_fp_030_min_061_foam_brick_t2,complete_epi,686,0.896870,0.017025,6.876233e-06,nan,,nan,,nan,,1.344192e+00,1657,1,0,1,1,1
061_foam_brick,s1_gate_fp_030_min_061_foam_brick_t3,complete_epi,249,0.924327,0.017035,2.885592e-06,nan,,nan,,nan,,2.199160e+00,2173,1,0,1,1,1
061_foam_brick,s1_gate_fp_030_min_061_foam_brick_t4,complete_epi,1221,0.666351,0.016674,6.869640e-07,nan,,nan,,nan,,1.444787e+00,1595,1,0,1,1,1
061_foam_brick,s1_gate_fp_030_min_061_foam_brick_t5,complete_epi,0,0.981833,0.016332,5.042936e-06,nan,,nan,,nan,,1.315132e+00,1088,1,0,1,1,1
061_foam_brick,s1_gate_fp_030_min_061_foam_brick_t6,complete_epi,1072,0.701556,0.018682,6.813864e-07,nan,,nan,,nan,,1.265969e+00,877,1,0,1,1,0
061_foam_brick,s1_gate_fp_030_min_061_foam_brick_t7,complete_epi,889,0.834442,0.017363,2.784972e-06,nan,,nan,,nan,,1.075462e+00,1334,1,0,1,1,1
061_foam_brick,s1_gate_fp_030_min_061_foam_brick_t8,complete_epi,336,0.913802,0.017035,2.643238e-07,nan,,nan,,nan,,1.041883e+00,1907,1,0,1,1,1
061_foam_brick,s1_gate_fp_030_min_061_foam_brick_t9,complete_epi,342,0.914316,0.016209,8.366206e-07,nan,,nan,,nan,,1.661766e+00,1401,1,0,1,1,1
035_power_drill,s1_hetero_patch_fp_030_min_035_power_drill_t0,hetero_patch,884,0.714084,0.041747,0.000000e+00,nan,,nan,,nan,,0.000000e+00,101,1,0,1,1,0
035_power_drill,s1_hetero_patch_fp_030_min_035_power_drill_t1,hetero_patch,275,0.950472,0.020451,9.334871e-07,nan,,nan,,nan,,1.001522e+00,662,1,0,1,1,0
035_power_drill,s1_hetero_patch_fp_030_min_035_power_drill_t2,hetero_patch,3,0.962712,0.020926,1.022881e-06,nan,,nan,,nan,,1.443627e+00,1405,1,0,1,1,0
035_power_drill,s1_hetero_patch_fp_030_min_035_power_drill_t3,hetero_patch,89,0.895274,0.045335,9.358432e-07,nan,,nan,,nan,,1.132301e-02,148,1,0,1,1,1
035_power_drill,s1_hetero_patch_fp_030_min_035_power_drill_t4,hetero_patch,58,0.864337,0.043419,0.000000e+00,nan,,nan,,nan,,0.000000e+00,120,1,0,1,1,1
035_power_drill,s1_hetero_patch_fp_030_min_035_power_drill_t5,hetero_patch,667,0.775576,0.041995,3.073097e-06,nan,,nan,,nan,,2.488816e-01,208,1,0,1,1,0
035_power_drill,s1_hetero_patch_fp_030_min_035_power_drill_t6,hetero_patch,371,0.853686,0.042599,0.000000e+00,nan,,nan,,nan,,0.000000e+00,133,1,0,1,1,0
035_power_drill,s1_hetero_patch_fp_030_min_035_power_drill_t7,hetero_patch,35,0.923017,0.043466,2.993667e-06,nan,,nan,,nan,,4.724034e-01,263,1,0,1,1,1
035_power_drill,s1_hetero_patch_fp_030_min_035_power_drill_t8,hetero_patch,306,0.936613,0.028883,2.856965e-06,nan,,nan,,nan,,1.444456e+00,1035,1,0,1,1,1
035_power_drill,s1_hetero_patch_fp_030_min_035_power_drill_t9,hetero_patch,172,0.863315,0.035394,0.000000e+00,nan,,nan,,nan,,2.326431e-01,233,1,0,1,1,0
021_bleach_cleanser,s1_partial_only_021_bleach_cleanser_t0,partial_only,3,0.946143,,,,,,,,,,,1,0,1,1,1
021_bleach_cleanser,s1_partial_only_021_bleach_cleanser_t1,partial_only,2,0.968929,,,,,,,,,,,1,0,1,1,0
021_bleach_cleanser,s1_partial_only_021_bleach_cleanser_t2,partial_only,82,0.920838,,,,,,,,,,,1,0,1,1,1
021_bleach_cleanser,s1_partial_only_021_bleach_cleanser_t3,partial_only,2,0.934194,,,,,,,,,,,1,0,1,1,1
021_bleach_cleanser,s1_partial_only_021_bleach_cleanser_t4,partial_only,7,0.942058,,,,,,,,,,,1,0,1,1,1
021_bleach_cleanser,s1_partial_only_021_bleach_cleanser_t5,partial_only,1922,0.129993,,,,,,,,,,,1,0,1,1,0
021_bleach_cleanser,s1_partial_only_021_bleach_cleanser_t6,partial_only,4,0.944055,,,,,,,,,,,1,0,1,1,1
021_bleach_cleanser,s1_partial_only_021_bleach_cleanser_t7,partial_only,2,0.952026,,,,,,,,,,,1,0,1,1,1
021_bleach_cleanser,s1_partial_only_021_bleach_cleanser_t8,partial_only,24,0.917190,,,,,,,,,,,1,0,1,1,1
021_bleach_cleanser,s1_partial_only_021_bleach_cleanser_t9,partial_only,1,0.951258,,,,,,,,,,,1,0,1,1,1
005_tomato_soup_can,s1_duarte_mcd_005_tomato_soup_can_t0,duarte_mcd,226,0.857707,,,,,,,,,1.597877e-01,542,1,0,1,1,1
005_tomato_soup_can,s1_duarte_mcd_005_tomato_soup_can_t1,duarte_mcd,26,0.890179,,,,,,,,,5.413811e-01,881,1,0,1,1,1
005_tomato_soup_can,s1_duarte_mcd_005_tomato_soup_can_t2,duarte_mcd,65,0.875144,,,,,,,,,2.656983e-01,650,1,0,1,1,1
005_tomato_soup_can,s1_duarte_mcd_005_tomato_soup_can_t3,duarte_mcd,14,0.890762,,,,,,,,,5.041127e-01,887,1,0,1,1,1
005_tomato_soup_can,s1_duarte_mcd_005_tomato_soup_can_t4,duarte_mcd,128,0.853230,,,,,,,,,2.152854e-01,538,1,0,1,1,1
005_tomato_soup_can,s1_duarte_mcd_005_tomato_soup_can_t5,duarte_mcd,21,0.898376,,,,,,,,,2.423483e-01,588,1,0,1,1,1
005_tomato_soup_can,s1_duarte_mcd_005_tomato_soup_can_t6,duarte_mcd,171,0.862097,,,,,,,,,1.345708e-01,524,1,0,1,1,1
005_tomato_soup_can,s1_duarte_mcd_005_tomato_soup_can_t7,duarte_mcd,120,0.863413,,,,,,,,,3.303352e-01,648,1,0,1,1,0
005_tomato_soup_can,s1_duarte_mcd_005_tomato_soup_can_t8,duarte_mcd,51,0.873005,,,,,,,,,1.582553e-01,569,1,0,1,1,1
005_tomato_soup_can,s1_duarte_mcd_005_tomato_soup_can_t9,duarte_mcd,131,0.865737,,,,,,,,,2.920641e-01,640,1,0,1,1,1
061_foam_brick,s1_duarte_mcd_061_foam_brick_t0,duarte_mcd,216,0.925336,,,,,,,,,6.815778e-01,1049,1,0,1,1,1
061_foam_brick,s1_duarte_mcd_061_foam_brick_t1,duarte_mcd,726,0.887681,,,,,,,,,5.851756e-01,1075,1,0,1,1,0
061_foam_brick,s1_duarte_mcd_061_foam_brick_t2,duarte_mcd,151,0.959456,,,,,,,,,6.882916e-01,1181,1,0,1,1,1
061_foam_brick,s1_duarte_mcd_061_foam_brick_t3,duarte_mcd,187,0.878558,,,,,,,,,8.305198e-01,1616,1,0,1,1,1
061_foam_brick,s1_duarte_mcd_061_foam_brick_t4,duarte_mcd,1264,0.662751,,,,,,,,,7.116327e-01,961,1,0,1,1,1
061_foam_brick,s1_duarte_mcd_061_foam_brick_t5,duarte_mcd,11,0.968183,,,,,,,,,5.434717e-01,890,1,0,1,1,1
061_foam_brick,s1_duarte_mcd_061_foam_brick_t6,duarte_mcd,1107,0.632015,,,,,,,,,6.971794e-01,1288,1,0,1,1,0
061_foam_brick,s1_duarte_mcd_061_foam_brick_t7,duarte_mcd,706,0.875273,,,,,,,,,8.355266e-01,1485,1,0,1,1,1
061_foam_brick,s1_duarte_mcd_061_foam_brick_t8,duarte_mcd,104,0.880988,,,,,,,,,5.050441e-01,1398,1,0,1,1,0
061_foam_brick,s1_duarte_mcd_061_foam_brick_t9,duarte_mcd,472,0.896604,,,,,,,,,8.134739e-01,1041,1,0,1,1,1
035_power_drill,s2_gate_off_035_power_drill_t0,complete_only,249,0.863147,0.039149,4.943191e-06,2.773454e-05,1408,0.026099,4.125695e-06,0.052199,1.060427e-05,2.140002e-01,303,1,0,1,1,1
035_power_drill,s2_gate_off_035_power_drill_t1,complete_only,474,0.821646,0.040922,1.778111e-06,5.334474e-06,1006,0.027281,2.009796e-06,0.054562,3.499248e-06,0.000000e+00,174,1,0,1,1,1
035_power_drill,s2_gate_off_035_power_drill_t2,complete_only,81,0.901727,0.041608,5.860928e-05,1.255985e-04,1340,0.027738,8.970030e-06,0.055477,8.317144e-05,1.156921e-01,255,1,0,1,1,0
035_power_drill,s2_gate_off_035_power_drill_t3,complete_only,835,0.713205,0.062136,3.195075e-05,1.715635e-04,2901,0.041424,6.660562e-05,0.082848,6.277558e-05,3.249762e-01,149,1,0,1,1,0
035_power_drill,s2_gate_off_035_power_drill_t4,complete_only,380,0.847866,0.039877,3.178756e-06,1.209601e-05,1536,0.026585,3.186392e-06,0.053170,1.063571e-05,1.892161e-01,235,1,0,1,1,1
035_power_drill,s2_gate_off_035_power_drill_t5,complete_only,0,0.944945,0.045761,5.952475e-06,5.316412e-06,3892,0.030507,2.210015e-06,0.061015,1.955675e-05,4.271210e-01,458,1,0,1,1,0
035_power_drill,s2_gate_off_035_power_drill_t6,complete_only,0,0.983720,0.016737,1.111159e-04,2.585321e-04,1258,0.011158,1.132323e-04,0.022316,1.106149e-04,3.728252e+00,937,1,0,1,1,0
035_power_drill,s2_gate_off_035_power_drill_t7,complete_only,179,0.878529,0.047025,2.053585e-04,1.081269e-03,1134,0.031350,1.650039e-04,0.062700,2.022570e-04,5.742378e-01,153,1,0,1,1,1
035_power_drill,s2_gate_off_035_power_drill_t8,complete_only,947,0.856581,0.015696,2.552785e-04,7.407232e-04,918,0.010464,2.269534e-04,0.020928,2.110548e-04,6.134840e+00,1383,1,0,1,1,0
035_power_drill,s2_gate_off_035_power_drill_t9,complete_only,128,0.946170,0.022867,4.041000e-05,1.928382e-04,908,0.015244,3.838869e-05,0.030489,3.483113e-05,1.065570e+00,969,1,0,1,1,0
021_bleach_cleanser,s2_gate_fp_030_min_021_bleach_cleanser_t0,complete_epi,57,0.886870,0.039332,0.000000e+00,nan,,nan,,nan,,0.000000e+00,113,1,0,1,1,1
021_bleach_cleanser,s2_gate_fp_030_min_021_bleach_cleanser_t2,complete_epi,7,0.884123,0.023511,5.230808e-06,nan,,nan,,nan,,1.071364e+00,156,1,0,1,1,0
021_bleach_cleanser,s2_gate_fp_030_min_021_bleach_cleanser_t3,complete_epi,545,0.866648,0.039969,0.000000e+00,nan,,nan,,nan,,1.706668e-01,146,1,0,1,1,1
021_bleach_cleanser,s2_gate_fp_030_min_021_bleach_cleanser_t4,complete_epi,9,0.941102,0.038963,2.807214e-05,nan,,nan,,nan,,1.784099e-01,146,1,0,1,1,1
021_bleach_cleanser,s2_gate_fp_030_min_021_bleach_cleanser_t5,complete_epi,19,0.932848,0.039711,0.000000e+00,nan,,nan,,nan,,0.000000e+00,80,1,0,1,1,0
021_bleach_cleanser,s2_gate_fp_030_min_021_bleach_cleanser_t6,complete_epi,15,0.905407,0.038928,0.000000e+00,nan,,nan,,nan,,1.435698e-01,146,1,0,1,1,1
021_bleach_cleanser,s2_gate_fp_030_min_021_bleach_cleanser_t7,complete_epi,889,0.615362,0.061919,4.450193e-05,nan,,nan,,nan,,7.339412e-01,240,1,0,1,1,1
021_bleach_cleanser,s2_gate_fp_030_min_021_bleach_cleanser_t8,complete_epi,61,0.917670,0.038837,4.062557e-07,nan,,nan,,nan,,1.808116e-02,112,1,0,1,1,0
021_bleach_cleanser,s2_gate_fp_030_min_021_bleach_cleanser_t9,complete_epi,15,0.898937,0.038944,8.554332e-07,nan,,nan,,nan,,1.186037e-01,149,1,0,1,1,1
005_tomato_soup_can,s2_hetero_patch_fp_030_min_005_tomato_soup_can_t0,hetero_patch,29,0.879379,0.018947,3.623060e-07,nan,,nan,,nan,,3.687989e-01,788,1,0,1,1,1
005_tomato_soup_can,s2_hetero_patch_fp_030_min_005_tomato_soup_can_t1,hetero_patch,19,0.871958,0.018796,6.202434e-07,nan,,nan,,nan,,2.343037e-01,574,1,0,1,1,1
005_tomato_soup_can,s2_hetero_patch_fp_030_min_005_tomato_soup_can_t2,hetero_patch,56,0.868445,0.019117,3.885315e-07,nan,,nan,,nan,,4.889228e-01,902,1,0,1,1,1
005_tomato_soup_can,s2_hetero_patch_fp_030_min_005_tomato_soup_can_t3,hetero_patch,52,0.870113,0.019134,4.612763e-07,nan,,nan,,nan,,4.106615e-01,836,1,0,1,1,0
005_tomato_soup_can,s2_hetero_patch_fp_030_min_005_tomato_soup_can_t4,hetero_patch,32,0.878783,0.018628,5.196933e-07,nan,,nan,,nan,,5.602928e-01,958,1,0,1,1,1
005_tomato_soup_can,s2_hetero_patch_fp_030_min_005_tomato_soup_can_t5,hetero_patch,88,0.863101,0.019059,2.691611e-07,nan,,nan,,nan,,3.031273e-01,703,1,0,1,1,1
005_tomato_soup_can,s2_hetero_patch_fp_030_min_005_tomato_soup_can_t6,hetero_patch,9,0.896965,0.018957,4.276503e-07,nan,,nan,,nan,,2.139516e-01,613,1,0,1,1,1
005_tomato_soup_can,s2_hetero_patch_fp_030_min_005_tomato_soup_can_t7,hetero_patch,13,0.879325,0.018675,5.422774e-07,nan,,nan,,nan,,5.488030e-01,947,1,0,1,1,1
005_tomato_soup_can,s2_hetero_patch_fp_030_min_005_tomato_soup_can_t8,hetero_patch,40,0.875274,0.018619,4.411034e-07,nan,,nan,,nan,,3.832177e-01,804,1,0,1,1,1
005_tomato_soup_can,s2_hetero_patch_fp_030_min_005_tomato_soup_can_t9,hetero_patch,82,0.867204,0.018935,4.282951e-07,nan,,nan,,nan,,4.648437e-01,867,1,0,1,1,1
061_foam_brick,s2_hetero_patch_fp_030_min_061_foam_brick_t0,hetero_patch,552,0.910446,0.017153,1.852211e-06,nan,,nan,,nan,,1.209485e+00,1594,1,0,1,1,0
061_foam_brick,s2_hetero_patch_fp_030_min_061_foam_brick_t1,hetero_patch,151,0.969033,0.016702,1.428966e-06,nan,,nan,,nan,,1.286616e+00,1337,1,0,1,1,1
061_foam_brick,s2_hetero_patch_fp_030_min_061_foam_brick_t2,hetero_patch,145,0.969357,0.017975,7.198186e-07,nan,,nan,,nan,,1.127633e+00,1354,1,0,1,1,1
061_foam_brick,s2_hetero_patch_fp_030_min_061_foam_brick_t3,hetero_patch,1360,0.522110,0.016481,5.493112e-07,nan,,nan,,nan,,1.228600e+00,1350,1,0,1,1,1
061_foam_brick,s2_hetero_patch_fp_030_min_061_foam_brick_t4,hetero_patch,852,0.877986,0.016410,8.561598e-07,nan,,nan,,nan,,9.133900e-01,1213,1,0,1,1,1
061_foam_brick,s2_hetero_patch_fp_030_min_061_foam_brick_t5,hetero_patch,4,0.974513,0.016268,9.150876e-07,nan,,nan,,nan,,7.950112e-01,1028,1,0,1,1,1
061_foam_brick,s2_hetero_patch_fp_030_min_061_foam_brick_t6,hetero_patch,31,0.964097,0.017133,5.638603e-07,nan,,nan,,nan,,1.470027e+00,2009,1,0,1,1,1
061_foam_brick,s2_hetero_patch_fp_030_min_061_foam_brick_t7,hetero_patch,13,0.952063,0.016974,8.480567e-07,nan,,nan,,nan,,1.741174e+00,2112,1,0,1,1,0
061_foam_brick,s2_hetero_patch_fp_030_min_061_foam_brick_t8,hetero_patch,114,0.970203,0.016750,7.479370e-07,nan,,nan,,nan,,9.326245e-01,1323,1,0,1,1,1
061_foam_brick,s2_hetero_patch_fp_030_min_061_foam_brick_t9,hetero_patch,805,0.873834,0.016807,7.880535e-07,nan,,nan,,nan,,9.328021e-01,1407,1,0,1,1,0
035_power_drill,s2_partial_only_035_power_drill_t0,partial_only,0,0.945563,,,,,,,,,,,1,0,1,1,1
035_power_drill,s2_partial_only_035_power_drill_t2,partial_only,0,0.952174,,,,,,,,,,,1,0,1,1,1
035_power_drill,s2_partial_only_035_power_drill_t4,partial_only,1,0.939230,,,,,,,,,,,1,0,1,1,1
035_power_drill,s2_partial_only_035_power_drill_t5,partial_only,26,0.967400,,,,,,,,,,,1,0,1,1,0
035_power_drill,s2_partial_only_035_power_drill_t6,partial_only,5,0.943383,,,,,,,,,,,1,0,1,1,1
035_power_drill,s2_partial_only_035_power_drill_t7,partial_only,49,0.950723,,,,,,,,,,,1,0,1,1,1
035_power_drill,s2_partial_only_035_power_drill_t8,partial_only,0,0.956683,,,,,,,,,,,1,0,1,1,1
021_bleach_cleanser,s2_duarte_mcd_021_bleach_cleanser_t0,duarte_mcd,20,0.940502,,,,,,,,,5.434356e-03,94,1,0,1,1,0
021_bleach_cleanser,s2_duarte_mcd_021_bleach_cleanser_t1,duarte_mcd,8,0.955009,,,,,,,,,5.420738e-03,109,1,0,1,1,1
021_bleach_cleanser,s2_duarte_mcd_021_bleach_cleanser_t2,duarte_mcd,80,0.910117,,,,,,,,,4.854384e-02,193,1,0,1,1,1
021_bleach_cleanser,s2_duarte_mcd_021_bleach_cleanser_t3,duarte_mcd,373,0.905361,,,,,,,,,1.766242e-01,228,1,0,1,1,1
021_bleach_cleanser,s2_duarte_mcd_021_bleach_cleanser_t4,duarte_mcd,31,0.951138,,,,,,,,,5.026194e-02,148,1,0,1,1,1
021_bleach_cleanser,s2_duarte_mcd_021_bleach_cleanser_t5,duarte_mcd,20,0.939957,,,,,,,,,1.006418e-01,106,1,0,1,1,0
021_bleach_cleanser,s2_duarte_mcd_021_bleach_cleanser_t6,duarte_mcd,236,0.866784,,,,,,,,,2.010810e-02,135,1,0,1,1,1
021_bleach_cleanser,s2_duarte_mcd_021_bleach_cleanser_t7,duarte_mcd,33,0.968359,,,,,,,,,5.791703e-01,637,1,0,1,1,0
021_bleach_cleanser,s2_duarte_mcd_021_bleach_cleanser_t8,duarte_mcd,16,0.949520,,,,,,,,,1.883024e-02,127,1,0,1,1,1
021_bleach_cleanser,s2_duarte_mcd_021_bleach_cleanser_t9,duarte_mcd,106,0.895442,,,,,,,,,1.129275e-02,99,1,0,1,1,0
006_mustard_bottle,s0_gate_off_006_mustard_bottle_t0,complete_only,151,0.809850,0.032858,1.674021e-05,3.783036e-05,1812,0.021906,1.407300e-05,0.043811,2.088660e-05,9.037243e-01,501,1,0,1,1,1
006_mustard_bottle,s0_gate_off_006_mustard_bottle_t1,complete_only,10,0.804889,0.032273,1.699507e-05,4.716007e-05,1921,0.021516,1.269704e-05,0.043031,2.469772e-05,1.123999e+00,717,1,0,1,1,1
006_mustard_bottle,s0_gate_off_006_mustard_bottle_t3,complete_only,8,0.824321,0.032455,5.943107e-06,1.444291e-05,2001,0.021637,5.911011e-06,0.043273,6.497245e-06,6.609057e-01,452,1,0,1,1,1
006_mustard_bottle,s0_gate_off_006_mustard_bottle_t4,complete_only,26,0.837781,0.031799,1.313344e-05,3.458204e-05,1442,0.021199,1.264508e-05,0.042398,1.353888e-05,4.660373e-01,181,1,0,1,1,1
006_mustard_bottle,s0_gate_off_006_mustard_bottle_t6,complete_only,241,0.798156,0.032706,1.675389e-05,3.150603e-05,1998,0.021804,7.360823e-06,0.043609,2.014412e-05,7.647169e-01,610,1,0,1,1,1
006_mustard_bottle,s0_gate_off_006_mustard_bottle_t7,complete_only,68,0.938569,0.029028,1.951628e-06,8.029864e-06,1133,0.019352,2.090049e-06,0.038704,1.834850e-06,5.885056e-02,301,1,0,1,1,1
006_mustard_bottle,s0_gate_off_006_mustard_bottle_t8,complete_only,0,0.875984,0.031722,5.701399e-06,1.114125e-05,1839,0.021148,6.379963e-06,0.042296,4.871032e-06,7.319072e-01,480,1,0,1,1,1
006_mustard_bottle,s0_gate_off_006_mustard_bottle_t9,complete_only,147,0.844006,0.032309,2.131292e-05,7.533036e-05,2028,0.021539,1.144953e-05,0.043079,3.242631e-05,1.190890e+00,881,1,0,1,1,1
051_large_clamp,s0_gate_off_051_large_clamp_t0,complete_only,3,0.956062,0.031974,1.395102e-05,0.000000e+00,742,0.021316,1.305447e-05,0.042632,1.934338e-05,0.000000e+00,141,1,0,1,1,1
051_large_clamp,s0_gate_off_051_large_clamp_t1,complete_only,0,0.972049,0.034189,0.000000e+00,0.000000e+00,1138,0.022793,0.000000e+00,0.045585,0.000000e+00,0.000000e+00,252,1,0,1,1,0
051_large_clamp,s0_gate_off_051_large_clamp_t2,complete_only,0,0.963293,0.012586,1.858921e-05,8.234676e-05,2712,0.008391,5.819332e-05,0.016781,1.502322e-05,1.020390e+01,3452,0,0,1,1,
051_large_clamp,s0_gate_off_051_large_clamp_t3,complete_only,17,0.950722,0.032242,5.367815e-07,0.000000e+00,692,0.021495,5.235965e-07,0.042990,3.425094e-06,0.000000e+00,142,1,0,1,1,1
051_large_clamp,s0_gate_off_051_large_clamp_t4,complete_only,0,0.970797,0.030092,0.000000e+00,0.000000e+00,633,0.020061,0.000000e+00,0.040122,0.000000e+00,0.000000e+00,156,1,0,1,1,0
051_large_clamp,s0_gate_off_051_large_clamp_t5,complete_only,9,0.965846,0.032343,3.828104e-06,1.819913e-05,1236,0.021562,1.487066e-06,0.043124,4.866173e-06,1.547727e-02,208,1,0,1,1,1
051_large_clamp,s0_gate_off_051_large_clamp_t6,complete_only,30,0.948323,0.032378,2.017500e-06,0.000000e+00,757,0.021586,5.243912e-07,0.043171,6.759638e-06,0.000000e+00,176,1,0,1,1,0
051_large_clamp,s0_gate_off_051_large_clamp_t8,complete_only,159,0.927502,0.031143,1.141774e-07,0.000000e+00,696,0.020762,0.000000e+00,0.041525,8.879054e-07,0.000000e+00,138,1,0,1,1,0
051_large_clamp,s0_gate_off_051_large_clamp_t9,complete_only,6,0.961683,0.032216,4.987953e-06,0.000000e+00,760,0.021477,2.312179e-06,0.042954,7.863135e-06,0.000000e+00,143,1,0,1,1,1
011_banana,s0_gate_fp_030_min_011_banana_t0,complete_epi,1638,0.535068,0.032608,6.036173e-05,nan,,nan,,nan,,1.383494e+00,513,1,0,1,1,1
011_banana,s0_gate_fp_030_min_011_banana_t1,complete_epi,1816,0.277266,0.031896,3.730804e-08,nan,,nan,,nan,,5.339450e-01,614,1,0,1,1,0
011_banana,s0_gate_fp_030_min_011_banana_t2,complete_epi,1241,0.712740,0.030934,7.529022e-07,nan,,nan,,nan,,7.880989e-01,767,1,0,1,1,0
011_banana,s0_gate_fp_030_min_011_banana_t3,complete_epi,1637,0.541024,0.033021,2.823359e-07,nan,,nan,,nan,,1.107506e+00,689,1,0,1,1,0
011_banana,s0_gate_fp_030_min_011_banana_t4,complete_epi,1319,0.703818,0.030914,2.094907e-07,nan,,nan,,nan,,1.764544e-01,263,1,0,1,1,0
011_banana,s0_gate_fp_030_min_011_banana_t5,complete_epi,683,0.863770,0.032104,5.196566e-07,nan,,nan,,nan,,8.472450e-01,683,1,0,1,1,1
011_banana,s0_gate_fp_030_min_011_banana_t6,complete_epi,1488,0.547820,0.031267,8.734270e-07,nan,,nan,,nan,,7.261389e-01,611,1,0,1,1,1
011_banana,s0_gate_fp_030_min_011_banana_t7,complete_epi,432,0.929372,0.024484,8.998346e-07,nan,,nan,,nan,,8.901424e-01,1166,1,0,1,1,1
011_banana,s0_gate_fp_030_min_011_banana_t8,complete_epi,1748,0.473119,0.031470,1.235227e-06,nan,,nan,,nan,,5.516062e-01,467,1,0,1,1,1
011_banana,s0_gate_fp_030_min_011_banana_t9,complete_epi,1593,0.503032,0.032161,2.405381e-07,nan,,nan,,nan,,3.411827e-01,332,1,0,1,1,0
025_mug,s0_hetero_patch_fp_030_min_025_mug_t0,hetero_patch,18,0.942423,0.020684,1.156636e-06,nan,,nan,,nan,,3.609771e-01,318,1,0,1,1,1
025_mug,s0_hetero_patch_fp_030_min_025_mug_t1,hetero_patch,88,0.925096,0.021114,2.562612e-06,nan,,nan,,nan,,4.256184e-01,199,1,0,1,1,1
025_mug,s0_hetero_patch_fp_030_min_025_mug_t2,hetero_patch,36,0.930995,0.020185,2.129451e-06,nan,,nan,,nan,,1.784515e-01,132,1,0,1,1,1
025_mug,s0_hetero_patch_fp_030_min_025_mug_t3,hetero_patch,12,0.922942,0.021039,0.000000e+00,nan,,nan,,nan,,1.859903e-01,125,1,0,1,1,1
025_mug,s0_hetero_patch_fp_030_min_025_mug_t4,hetero_patch,15,0.941361,0.020056,4.759527e-06,nan,,nan,,nan,,5.207183e-01,225,1,0,1,1,1
025_mug,s0_hetero_patch_fp_030_min_025_mug_t5,hetero_patch,149,0.849517,0.020361,1.056562e-06,nan,,nan,,nan,,1.965410e-01,218,1,0,1,1,1
025_mug,s0_hetero_patch_fp_030_min_025_mug_t6,hetero_patch,41,0.938639,0.020114,8.704317e-07,nan,,nan,,nan,,3.731440e-01,468,1,0,1,1,1
025_mug,s0_hetero_patch_fp_030_min_025_mug_t7,hetero_patch,611,0.754518,0.027714,1.762056e-06,nan,,nan,,nan,,4.845388e-01,392,1,0,1,1,1
025_mug,s0_hetero_patch_fp_030_min_025_mug_t8,hetero_patch,36,0.920832,0.022792,1.883458e-06,nan,,nan,,nan,,5.130317e-01,374,1,0,1,1,1
025_mug,s0_hetero_patch_fp_030_min_025_mug_t9,hetero_patch,31,0.937266,0.020718,1.375111e-06,nan,,nan,,nan,,2.779064e-01,274,1,0,1,1,1
006_mustard_bottle,s0_partial_only_006_mustard_bottle_t0,partial_only,31,0.937592,,,,,,,,,,,1,0,1,1,1
006_mustard_bottle,s0_partial_only_006_mustard_bottle_t1,partial_only,155,0.902993,,,,,,,,,,,1,0,1,1,1
006_mustard_bottle,s0_partial_only_006_mustard_bottle_t2,partial_only,1,0.952964,,,,,,,,,,,1,0,1,1,1
006_mustard_bottle,s0_partial_only_006_mustard_bottle_t3,partial_only,0,0.956729,,,,,,,,,,,1,0,1,1,1
006_mustard_bottle,s0_partial_only_006_mustard_bottle_t4,partial_only,45,0.937993,,,,,,,,,,,1,0,1,1,1
006_mustard_bottle,s0_partial_only_006_mustard_bottle_t5,partial_only,18,0.941561,,,,,,,,,,,1,0,1,1,1
006_mustard_bottle,s0_partial_only_006_mustard_bottle_t6,partial_only,31,0.935663,,,,,,,,,,,1,0,1,1,1
006_mustard_bottle,s0_partial_only_006_mustard_bottle_t7,partial_only,230,0.885109,,,,,,,,,,,1,0,1,1,0
006_mustard_bottle,s0_partial_only_006_mustard_bottle_t8,partial_only,8,0.952677,,,,,,,,,,,1,0,1,1,1
006_mustard_bottle,s0_partial_only_006_mustard_bottle_t9,partial_only,17,0.921202,,,,,,,,,,,1,0,1,1,1
051_large_clamp,s0_partial_only_051_large_clamp_t0,partial_only,0,0.963326,,,,,,,,,,,1,0,1,1,1
051_large_clamp,s0_partial_only_051_large_clamp_t1,partial_only,7,0.951111,,,,,,,,,,,1,0,1,1,0
051_large_clamp,s0_partial_only_051_large_clamp_t2,partial_only,15,0.968060,,,,,,,,,,,1,0,1,1,0
051_large_clamp,s0_partial_only_051_large_clamp_t3,partial_only,0,0.968260,,,,,,,,,,,1,0,1,1,1
051_large_clamp,s0_partial_only_051_large_clamp_t5,partial_only,5,0.973329,,,,,,,,,,,1,0,1,1,0
051_large_clamp,s0_partial_only_051_large_clamp_t6,partial_only,12,0.957319,,,,,,,,,,,1,0,1,1,0
051_large_clamp,s0_partial_only_051_large_clamp_t7,partial_only,0,0.980281,,,,,,,,,,,1,0,1,1,1
051_large_clamp,s0_partial_only_051_large_clamp_t8,partial_only,0,0.953552,,,,,,,,,,,1,0,1,1,0
051_large_clamp,s0_partial_only_051_large_clamp_t9,partial_only,223,0.925936,,,,,,,,,,,1,0,1,1,0
011_banana,s0_duarte_mcd_011_banana_t0,duarte_mcd,1819,0.307211,,,,,,,,,6.683555e-01,700,1,0,1,1,1
011_banana,s0_duarte_mcd_011_banana_t1,duarte_mcd,1772,0.319626,,,,,,,,,1.993219e-02,103,1,0,1,1,0
011_banana,s0_duarte_mcd_011_banana_t2,duarte_mcd,1388,0.711426,,,,,,,,,3.629902e-01,389,1,0,1,1,1
011_banana,s0_duarte_mcd_011_banana_t3,duarte_mcd,1588,0.576898,,,,,,,,,3.359926e-01,423,1,0,1,1,0
011_banana,s0_duarte_mcd_011_banana_t4,duarte_mcd,1738,0.325665,,,,,,,,,0.000000e+00,166,1,0,1,1,0
011_banana,s0_duarte_mcd_011_banana_t5,duarte_mcd,1189,0.808868,,,,,,,,,3.395511e-01,483,1,0,1,1,0
011_banana,s0_duarte_mcd_011_banana_t6,duarte_mcd,1589,0.526517,,,,,,,,,2.487817e-01,384,1,0,1,1,0
011_banana,s0_duarte_mcd_011_banana_t7,duarte_mcd,643,0.854136,,,,,,,,,1.042226e+00,1061,1,0,1,1,1
011_banana,s0_duarte_mcd_011_banana_t8,duarte_mcd,1446,0.661512,,,,,,,,,1.907332e-01,283,1,0,1,1,1
011_banana,s0_duarte_mcd_011_banana_t9,duarte_mcd,1892,0.136988,,,,,,,,,2.992609e-01,466,1,0,1,1,0
025_mug,s1_gate_off_025_mug_t0,complete_only,30,0.907686,0.019955,3.722661e-06,1.109697e-05,321,0.013303,5.319356e-06,0.026607,2.992680e-06,1.296857e-01,90,1,0,1,1,1
025_mug,s1_gate_off_025_mug_t1,complete_only,13,0.906342,0.028715,4.585501e-06,1.757444e-05,470,0.019144,5.105716e-06,0.038287,3.855095e-06,1.582488e-01,103,1,0,1,1,0
025_mug,s1_gate_off_025_mug_t2,complete_only,27,0.939593,0.020773,3.320243e-05,1.450821e-04,494,0.013849,2.110861e-05,0.027697,4.453864e-05,5.423804e-01,178,1,0,1,1,1
025_mug,s1_gate_off_025_mug_t3,complete_only,177,0.833228,0.020293,3.689603e-06,8.928640e-06,579,0.013529,3.820588e-06,0.027058,3.548852e-06,3.542713e-01,205,1,0,1,1,1
025_mug,s1_gate_off_025_mug_t4,complete_only,6,0.956391,0.022084,1.237179e-05,6.913455e-05,513,0.014722,1.971034e-05,0.029445,1.191649e-05,2.623209e-01,138,1,0,1,1,1
025_mug,s1_gate_off_025_mug_t5,complete_only,2,0.867529,0.020296,2.806585e-06,1.300308e-05,310,0.013531,2.508998e-06,0.027061,5.333113e-06,2.601336e-01,201,1,0,1,1,1
025_mug,s1_gate_off_025_mug_t7,complete_only,12,0.943247,0.020312,1.119045e-05,3.611192e-05,413,0.013541,2.349369e-05,0.027082,8.016601e-06,3.004901e-01,133,1,0,1,1,1
025_mug,s1_gate_off_025_mug_t8,complete_only,65,0.937914,0.025135,1.273330e-05,5.605028e-05,848,0.016757,1.343244e-05,0.033514,1.643313e-05,3.060798e-01,128,1,0,1,1,1
025_mug,s1_gate_off_025_mug_t9,complete_only,15,0.946447,0.020776,1.323230e-06,2.186086e-06,1134,0.013850,1.397392e-06,0.027701,1.473479e-06,3.190168e-01,328,1,0,1,1,1
006_mustard_bottle,s1_gate_fp_030_min_006_mustard_bottle_t0,complete_epi,0,0.867376,0.031806,3.474477e-07,nan,,nan,,nan,,1.778626e-01,246,1,0,1,1,1
006_mustard_bottle,s1_gate_fp_030_min_006_mustard_bottle_t1,complete_epi,12,0.827856,0.031768,7.849891e-07,nan,,nan,,nan,,1.098893e-01,257,1,0,1,1,1
006_mustard_bottle,s1_gate_fp_030_min_006_mustard_bottle_t2,complete_epi,99,0.889802,0.055481,2.112265e-05,nan,,nan,,nan,,2.031690e+00,444,1,0,1,1,0
006_mustard_bottle,s1_gate_fp_030_min_006_mustard_bottle_t3,complete_epi,2,0.846885,0.031673,1.221939e-06,nan,,nan,,nan,,6.645151e-01,432,1,0,1,1,1
006_mustard_bottle,s1_gate_fp_030_min_006_mustard_bottle_t4,complete_epi,0,0.887858,0.032417,9.976484e-07,nan,,nan,,nan,,6.956910e-01,479,1,0,1,1,1
006_mustard_bottle,s1_gate_fp_030_min_006_mustard_bottle_t5,complete_epi,49,0.873652,0.043308,5.283945e-06,nan,,nan,,nan,,1.269760e+00,696,1,0,1,1,1
006_mustard_bottle,s1_gate_fp_030_min_006_mustard_bottle_t6,complete_epi,0,0.914541,0.031617,1.169772e-06,nan,,nan,,nan,,5.188283e-01,350,1,0,1,1,1
006_mustard_bottle,s1_gate_fp_030_min_006_mustard_bottle_t7,complete_epi,0,0.880317,0.032173,8.676276e-07,nan,,nan,,nan,,2.208442e-01,171,1,0,1,1,1
006_mustard_bottle,s1_gate_fp_030_min_006_mustard_bottle_t8,complete_epi,4,0.948538,0.029402,9.195298e-07,nan,,nan,,nan,,2.929105e-01,545,1,0,1,1,1
006_mustard_bottle,s1_gate_fp_030_min_006_mustard_bottle_t9,complete_epi,336,0.778868,0.032222,1.248782e-06,nan,,nan,,nan,,4.157871e-01,393,1,0,1,1,1
051_large_clamp,s1_gate_fp_030_min_051_large_clamp_t0,complete_epi,0,0.966550,0.029898,0.000000e+00,nan,,nan,,nan,,0.000000e+00,156,1,0,1,1,0
051_large_clamp,s1_gate_fp_030_min_051_large_clamp_t1,complete_epi,128,0.956892,0.032394,4.171558e-06,nan,,nan,,nan,,3.085137e-01,274,1,0,1,1,1
051_large_clamp,s1_gate_fp_030_min_051_large_clamp_t3,complete_epi,93,0.935966,0.031471,0.000000e+00,nan,,nan,,nan,,0.000000e+00,141,1,0,1,1,1
051_large_clamp,s1_gate_fp_030_min_051_large_clamp_t4,complete_epi,2,0.955154,0.031887,0.000000e+00,nan,,nan,,nan,,4.302211e-02,154,1,0,1,1,0
051_large_clamp,s1_gate_fp_030_min_051_large_clamp_t5,complete_epi,0,0.960833,0.032686,4.363485e-07,nan,,nan,,nan,,2.235304e-01,208,1,0,1,1,1
051_large_clamp,s1_gate_fp_030_min_051_large_clamp_t6,complete_epi,1,0.962769,0.030023,0.000000e+00,nan,,nan,,nan,,0.000000e+00,141,1,0,1,1,0
051_large_clamp,s1_gate_fp_030_min_051_large_clamp_t7,complete_epi,72,0.956001,0.032413,5.342613e-06,nan,,nan,,nan,,3.633897e-01,254,1,0,1,1,0
051_large_clamp,s1_gate_fp_030_min_051_large_clamp_t8,complete_epi,6,0.953146,0.031234,0.000000e+00,nan,,nan,,nan,,0.000000e+00,267,1,0,1,1,0
051_large_clamp,s1_gate_fp_030_min_051_large_clamp_t9,complete_epi,14,0.948407,0.031980,0.000000e+00,nan,,nan,,nan,,0.000000e+00,159,1,0,1,1,1
011_banana,s1_hetero_patch_fp_030_min_011_banana_t0,hetero_patch,1519,0.559061,0.032232,7.877882e-07,nan,,nan,,nan,,6.264210e-01,525,1,0,1,1,0
011_banana,s1_hetero_patch_fp_030_min_011_banana_t1,hetero_patch,1183,0.694775,0.031720,8.388937e-07,nan,,nan,,nan,,9.049704e-01,734,1,0,1,1,0
011_banana,s1_hetero_patch_fp_030_min_011_banana_t2,hetero_patch,1532,0.603481,0.031737,5.420454e-07,nan,,nan,,nan,,5.114240e-01,470,1,0,1,1,1
011_banana,s1_hetero_patch_fp_030_min_011_banana_t3,hetero_patch,1872,0.272316,0.031618,1.251427e-06,nan,,nan,,nan,,8.111566e-01,536,1,0,1,1,1
011_banana,s1_hetero_patch_fp_030_min_011_banana_t4,hetero_patch,851,0.838074,0.031496,5.021929e-07,nan,,nan,,nan,,8.066556e-01,674,1,0,1,1,0
011_banana,s1_hetero_patch_fp_030_min_011_banana_t5,hetero_patch,1898,0.109497,0.031624,0.000000e+00,nan,,nan,,nan,,4.359036e-01,484,1,0,1,1,0
011_banana,s1_hetero_patch_fp_030_min_011_banana_t6,hetero_patch,1936,0.061820,0.032886,1.470125e-06,nan,,nan,,nan,,7.732322e-01,444,1,0,1,1,0
011_banana,s1_hetero_patch_fp_030_min_011_banana_t7,hetero_patch,763,0.885707,0.031875,3.343694e-07,nan,,nan,,nan,,6.809406e-01,691,1,0,1,1,0
011_banana,s1_hetero_patch_fp_030_min_011_banana_t8,hetero_patch,785,0.854274,0.031466,4.382830e-07,nan,,nan,,nan,,6.387604e-01,642,1,0,1,1,0
011_banana,s1_hetero_patch_fp_030_min_011_banana_t9,hetero_patch,1620,0.459753,0.032227,1.919859e-06,nan,,nan,,nan,,9.386175e-01,508,1,0,1,1,1
025_mug,s1_partial_only_025_mug_t0,partial_only,135,0.879276,,,,,,,,,,,1,0,1,1,1
025_mug,s1_partial_only_025_mug_t1,partial_only,84,0.910550,,,,,,,,,,,1,0,1,1,1
025_mug,s1_partial_only_025_mug_t2,partial_only,134,0.906876,,,,,,,,,,,1,0,1,1,0
025_mug,s1_partial_only_025_mug_t3,partial_only,52,0.924964,,,,,,,,,,,1,0,1,1,1
025_mug,s1_partial_only_025_mug_t4,partial_only,247,0.864751,,,,,,,,,,,1,0,1,1,0
025_mug,s1_partial_only_025_mug_t5,partial_only,204,0.903519,,,,,,,,,,,1,0,1,1,1
025_mug,s1_partial_only_025_mug_t6,partial_only,48,0.907358,,,,,,,,,,,1,0,1,1,1
025_mug,s1_partial_only_025_mug_t7,partial_only,115,0.868515,,,,,,,,,,,1,0,1,1,1
025_mug,s1_partial_only_025_mug_t8,partial_only,163,0.860877,,,,,,,,,,,1,0,1,1,1
025_mug,s1_partial_only_025_mug_t9,partial_only,182,0.901666,,,,,,,,,,,1,0,1,1,0
006_mustard_bottle,s1_duarte_mcd_006_mustard_bottle_t0,duarte_mcd,439,0.830984,,,,,,,,,1.631829e-01,238,1,0,1,1,1
006_mustard_bottle,s1_duarte_mcd_006_mustard_bottle_t1,duarte_mcd,148,0.856125,,,,,,,,,1.040849e-01,263,1,0,1,1,1
006_mustard_bottle,s1_duarte_mcd_006_mustard_bottle_t2,duarte_mcd,16,0.948693,,,,,,,,,9.231744e-02,335,1,0,1,1,1
006_mustard_bottle,s1_duarte_mcd_006_mustard_bottle_t3,duarte_mcd,0,0.920373,,,,,,,,,2.845809e-01,374,1,0,1,1,1
006_mustard_bottle,s1_duarte_mcd_006_mustard_bottle_t4,duarte_mcd,379,0.810112,,,,,,,,,2.971838e-01,338,1,0,1,1,1
006_mustard_bottle,s1_duarte_mcd_006_mustard_bottle_t5,duarte_mcd,58,0.886452,,,,,,,,,2.639749e-01,421,1,0,1,1,1
006_mustard_bottle,s1_duarte_mcd_006_mustard_bottle_t6,duarte_mcd,69,0.899013,,,,,,,,,2.211243e-01,253,1,0,1,1,1
006_mustard_bottle,s1_duarte_mcd_006_mustard_bottle_t7,duarte_mcd,319,0.843832,,,,,,,,,9.987245e-02,249,1,0,1,1,1
006_mustard_bottle,s1_duarte_mcd_006_mustard_bottle_t8,duarte_mcd,4,0.954889,,,,,,,,,0.000000e+00,296,1,0,1,1,1
006_mustard_bottle,s1_duarte_mcd_006_mustard_bottle_t9,duarte_mcd,10,0.954889,,,,,,,,,4.200652e-03,291,1,0,1,1,0
051_large_clamp,s1_duarte_mcd_051_large_clamp_t0,duarte_mcd,1,0.963201,,,,,,,,,0.000000e+00,165,1,0,1,1,1
051_large_clamp,s1_duarte_mcd_051_large_clamp_t1,duarte_mcd,25,0.957034,,,,,,,,,7.709416e-03,194,1,0,1,1,1
051_large_clamp,s1_duarte_mcd_051_large_clamp_t3,duarte_mcd,18,0.938004,,,,,,,,,0.000000e+00,136,1,0,1,1,1
051_large_clamp,s1_duarte_mcd_051_large_clamp_t4,duarte_mcd,1,0.959701,,,,,,,,,0.000000e+00,139,1,0,1,1,0
051_large_clamp,s1_duarte_mcd_051_large_clamp_t5,duarte_mcd,5,0.965503,,,,,,,,,1.484792e-01,287,1,0,1,1,0
051_large_clamp,s1_duarte_mcd_051_large_clamp_t6,duarte_mcd,1,0.960402,,,,,,,,,0.000000e+00,139,1,0,1,1,0
051_large_clamp,s1_duarte_mcd_051_large_clamp_t7,duarte_mcd,230,0.946030,,,,,,,,,0.000000e+00,165,1,0,1,1,0
051_large_clamp,s1_duarte_mcd_051_large_clamp_t9,duarte_mcd,0,0.968801,,,,,,,,,0.000000e+00,167,1,0,1,1,1
011_banana,s2_gate_off_011_banana_t0,complete_only,1613,0.534442,0.032968,2.238859e-04,1.597145e-03,1909,0.021979,6.452785e-04,0.043957,1.732586e-04,8.692047e-01,290,1,0,1,1,0
011_banana,s2_gate_off_011_banana_t1,complete_only,1200,0.763582,0.032044,5.540302e-05,2.062537e-04,1263,0.021363,1.171187e-04,0.042725,2.669604e-05,2.699603e-01,323,1,0,1,1,0
011_banana,s2_gate_off_011_banana_t2,complete_only,885,0.803530,0.032205,3.714501e-04,1.819306e-03,2486,0.021470,8.474681e-04,0.042939,2.104492e-04,1.971227e+00,451,1,0,1,1,0
011_banana,s2_gate_off_011_banana_t3,complete_only,1275,0.673197,0.031825,4.648464e-05,4.251742e-05,2493,0.021217,2.738341e-05,0.042434,5.932385e-05,1.697971e-01,198,1,0,1,1,0
011_banana,s2_gate_off_011_banana_t4,complete_only,1062,0.693664,0.030766,1.422869e-05,5.540961e-05,1785,0.020511,1.066247e-05,0.041022,2.086776e-05,8.356655e-01,626,1,0,1,1,0
011_banana,s2_gate_off_011_banana_t5,complete_only,1811,0.272084,0.031601,3.127681e-04,2.182731e-03,1396,0.021067,2.155152e-03,0.042134,2.305526e-04,7.177872e-01,215,1,0,1,1,0
011_banana,s2_gate_off_011_banana_t6,complete_only,292,0.887705,0.032368,2.950491e-05,1.116152e-04,3049,0.021579,1.659728e-04,0.043157,2.030430e-05,1.889504e+00,1318,1,0,1,1,1
011_banana,s2_gate_off_011_banana_t7,complete_only,1611,0.485234,0.032335,3.381156e-05,1.929639e-04,2670,0.021557,1.648780e-05,0.043114,6.139905e-05,8.498907e-01,526,1,0,1,1,1
011_banana,s2_gate_off_011_banana_t8,complete_only,1251,0.758606,0.031605,1.872081e-05,9.239108e-05,2395,0.021070,2.915906e-05,0.042140,1.991313e-05,4.218459e-01,399,1,0,1,1,0
011_banana,s2_gate_off_011_banana_t9,complete_only,1333,0.714958,0.031879,5.647845e-05,1.464817e-04,1447,0.021253,1.273702e-04,0.042506,5.655110e-05,6.008080e-01,285,1,0,1,1,0
025_mug,s2_gate_fp_030_min_025_mug_t0,complete_epi,30,0.936175,0.020731,3.473248e-06,nan,,nan,,nan,,1.991930e-01,104,1,0,1,1,1
025_mug,s2_gate_fp_030_min_025_mug_t1,complete_epi,18,0.936991,0.019903,1.290741e-06,nan,,nan,,nan,,2.132078e-01,228,1,0,1,1,0
025_mug,s2_gate_fp_030_min_025_mug_t2,complete_epi,43,0.832950,0.020347,1.397415e-06,nan,,nan,,nan,,1.142113e-01,112,1,0,1,1,1
025_mug,s2_gate_fp_030_min_025_mug_t3,complete_epi,67,0.920002,0.022062,3.771612e-06,nan,,nan,,nan,,1.408650e-01,105,1,0,1,1,0
025_mug,s2_gate_fp_030_min_025_mug_t4,complete_epi,65,0.927629,0.020864,7.037544e-06,nan,,nan,,nan,,3.644843e-01,127,1,0,1,1,1
025_mug,s2_gate_fp_030_min_025_mug_t5,complete_epi,38,0.929566,0.020343,7.017284e-06,nan,,nan,,nan,,4.398708e-01,167,1,0,1,1,1
025_mug,s2_gate_fp_030_min_025_mug_t6,complete_epi,186,0.883469,0.023908,5.475639e-06,nan,,nan,,nan,,2.837910e-01,118,1,0,1,1,1
025_mug,s2_gate_fp_030_min_025_mug_t8,complete_epi,71,0.926144,0.020864,9.861697e-06,nan,,nan,,nan,,5.166176e-01,149,1,0,1,1,1
025_mug,s2_gate_fp_030_min_025_mug_t9,complete_epi,100,0.935446,0.021154,2.440259e-06,nan,,nan,,nan,,2.439639e-01,147,1,0,1,1,1
006_mustard_bottle,s2_hetero_patch_fp_030_min_006_mustard_bottle_t0,hetero_patch,0,0.914142,0.032013,1.572108e-06,nan,,nan,,nan,,7.320030e-01,743,1,0,1,1,1
006_mustard_bottle,s2_hetero_patch_fp_030_min_006_mustard_bottle_t1,hetero_patch,25,0.850761,0.031788,1.469638e-06,nan,,nan,,nan,,4.075435e-01,477,1,0,1,1,1
006_mustard_bottle,s2_hetero_patch_fp_030_min_006_mustard_bottle_t2,hetero_patch,885,0.749822,0.044164,2.418373e-05,nan,,nan,,nan,,9.626179e-01,192,1,0,1,1,0
006_mustard_bottle,s2_hetero_patch_fp_030_min_006_mustard_bottle_t3,hetero_patch,0,0.920081,0.032194,7.247390e-07,nan,,nan,,nan,,2.229986e-01,235,1,0,1,1,1
006_mustard_bottle,s2_hetero_patch_fp_030_min_006_mustard_bottle_t4,hetero_patch,38,0.886938,0.031217,1.816156e-06,nan,,nan,,nan,,5.533874e-01,372,1,0,1,1,1
006_mustard_bottle,s2_hetero_patch_fp_030_min_006_mustard_bottle_t5,hetero_patch,11,0.836157,0.032468,1.513420e-06,nan,,nan,,nan,,5.152478e-01,638,1,0,1,1,1
006_mustard_bottle,s2_hetero_patch_fp_030_min_006_mustard_bottle_t6,hetero_patch,58,0.908451,0.018342,2.485735e-07,nan,,nan,,nan,,3.398822e-01,746,1,0,1,1,1
006_mustard_bottle,s2_hetero_patch_fp_030_min_006_mustard_bottle_t7,hetero_patch,15,0.963805,0.019185,1.856347e-06,nan,,nan,,nan,,1.545202e+00,573,1,0,1,1,0
006_mustard_bottle,s2_hetero_patch_fp_030_min_006_mustard_bottle_t8,hetero_patch,93,0.843190,0.032257,1.532337e-06,nan,,nan,,nan,,4.359571e-01,463,1,0,1,1,1
006_mustard_bottle,s2_hetero_patch_fp_030_min_006_mustard_bottle_t9,hetero_patch,2,0.913019,0.031398,1.862421e-06,nan,,nan,,nan,,8.333444e-01,782,1,0,1,1,1
051_large_clamp,s2_hetero_patch_fp_030_min_051_large_clamp_t0,hetero_patch,8,0.952547,0.030638,0.000000e+00,nan,,nan,,nan,,0.000000e+00,212,1,0,1,1,0
051_large_clamp,s2_hetero_patch_fp_030_min_051_large_clamp_t1,hetero_patch,0,0.964833,0.029112,0.000000e+00,nan,,nan,,nan,,0.000000e+00,165,1,0,1,1,0
051_large_clamp,s2_hetero_patch_fp_030_min_051_large_clamp_t2,hetero_patch,5,0.972334,0.033752,5.967162e-07,nan,,nan,,nan,,1.348031e-01,268,1,0,1,1,0
051_large_clamp,s2_hetero_patch_fp_030_min_051_large_clamp_t3,hetero_patch,6,0.950391,0.031858,0.000000e+00,nan,,nan,,nan,,5.899202e-03,155,1,0,1,1,1
051_large_clamp,s2_hetero_patch_fp_030_min_051_large_clamp_t5,hetero_patch,3,0.958747,0.031815,0.000000e+00,nan,,nan,,nan,,0.000000e+00,171,1,0,1,1,0
051_large_clamp,s2_hetero_patch_fp_030_min_051_large_clamp_t6,hetero_patch,61,0.949199,0.030886,1.038347e-06,nan,,nan,,nan,,7.269708e-01,638,1,0,1,1,1
051_large_clamp,s2_hetero_patch_fp_030_min_051_large_clamp_t7,hetero_patch,2,0.967553,0.030225,8.922180e-07,nan,,nan,,nan,,3.934536e-01,384,1,0,1,1,0
051_large_clamp,s2_hetero_patch_fp_030_min_051_large_clamp_t8,hetero_patch,0,0.967209,0.029476,0.000000e+00,nan,,nan,,nan,,0.000000e+00,174,1,0,1,1,0
051_large_clamp,s2_hetero_patch_fp_030_min_051_large_clamp_t9,hetero_patch,1,0.950715,0.030783,0.000000e+00,nan,,nan,,nan,,0.000000e+00,214,1,0,1,1,1
011_banana,s2_partial_only_011_banana_t0,partial_only,62,0.974203,,,,,,,,,,,1,0,1,1,1
011_banana,s2_partial_only_011_banana_t1,partial_only,227,0.958721,,,,,,,,,,,1,0,1,1,0
011_banana,s2_partial_only_011_banana_t2,partial_only,172,0.963146,,,,,,,,,,,1,0,1,1,1
011_banana,s2_partial_only_011_banana_t3,partial_only,312,0.952656,,,,,,,,,,,1,0,1,1,1
011_banana,s2_partial_only_011_banana_t4,partial_only,159,0.967672,,,,,,,,,,,1,0,1,1,1
011_banana,s2_partial_only_011_banana_t5,partial_only,163,0.964145,,,,,,,,,,,1,0,1,1,1
011_banana,s2_partial_only_011_banana_t6,partial_only,91,0.965614,,,,,,,,,,,1,0,1,1,1
011_banana,s2_partial_only_011_banana_t7,partial_only,12,0.983755,,,,,,,,,,,1,0,1,1,1
011_banana,s2_partial_only_011_banana_t8,partial_only,75,0.967618,,,,,,,,,,,1,0,1,1,0
011_banana,s2_partial_only_011_banana_t9,partial_only,86,0.971897,,,,,,,,,,,1,0,1,1,1
025_mug,s2_duarte_mcd_025_mug_t0,duarte_mcd,50,0.939647,,,,,,,,,1.738344e-01,208,1,0,1,1,1
025_mug,s2_duarte_mcd_025_mug_t1,duarte_mcd,36,0.924544,,,,,,,,,1.967709e-01,159,1,0,1,1,1
025_mug,s2_duarte_mcd_025_mug_t2,duarte_mcd,40,0.851567,,,,,,,,,1.572617e-01,192,1,0,1,1,1
025_mug,s2_duarte_mcd_025_mug_t3,duarte_mcd,28,0.947840,,,,,,,,,1.771621e-01,151,1,0,1,1,1
025_mug,s2_duarte_mcd_025_mug_t4,duarte_mcd,5,0.942620,,,,,,,,,2.051974e-01,177,1,0,1,1,1
025_mug,s2_duarte_mcd_025_mug_t5,duarte_mcd,91,0.926865,,,,,,,,,8.056538e-02,134,1,0,1,1,1
025_mug,s2_duarte_mcd_025_mug_t6,duarte_mcd,21,0.923019,,,,,,,,,2.191663e-01,219,1,0,1,1,1
025_mug,s2_duarte_mcd_025_mug_t7,duarte_mcd,94,0.906321,,,,,,,,,1.237461e-01,200,1,0,1,1,1
025_mug,s2_duarte_mcd_025_mug_t8,duarte_mcd,31,0.938711,,,,,,,,,2.074908e-01,153,1,0,1,1,1
025_mug,s2_duarte_mcd_025_mug_t9,duarte_mcd,111,0.928806,,,,,,,,,1.237962e-01,183,1,0,1,1,1
021_bleach_cleanser,s0_gate_off_021_bleach_cleanser_t0,complete_only,190,0.885721,0.039125,1.469533e-04,6.456432e-04,1102,0.026083,1.335599e-04,0.052167,9.830573e-05,3.532855e-02,101,1,0,1,1,1
021_bleach_cleanser,s0_gate_off_021_bleach_cleanser_t1,complete_only,12,0.945292,0.040091,7.047751e-05,3.605337e-04,1254,0.026727,5.997734e-05,0.053454,4.059475e-05,2.155586e-02,146,1,0,1,1,1
021_bleach_cleanser,s0_gate_off_021_bleach_cleanser_t3,complete_only,4,0.940690,0.040044,2.144569e-04,7.693431e-04,1139,0.026696,1.563275e-04,0.053393,1.615350e-04,2.304841e-01,140,1,0,1,1,1
021_bleach_cleanser,s0_gate_off_021_bleach_cleanser_t5,complete_only,40,0.912643,0.040156,1.701782e-05,6.464560e-05,1172,0.026771,1.949817e-05,0.053542,1.338053e-05,1.949173e-01,132,1,0,1,1,0
021_bleach_cleanser,s0_gate_off_021_bleach_cleanser_t6,complete_only,39,0.935498,0.039135,3.650839e-05,2.797842e-04,1000,0.026090,2.445225e-06,0.052180,3.950256e-05,0.000000e+00,121,1,0,1,1,1
021_bleach_cleanser,s0_gate_off_021_bleach_cleanser_t8,complete_only,163,0.865532,0.038956,4.957070e-05,2.173637e-04,1342,0.025970,8.559440e-05,0.051941,4.331544e-05,1.018332e-01,79,1,0,1,1,1
021_bleach_cleanser,s0_gate_off_021_bleach_cleanser_t9,complete_only,20,0.929754,0.020436,0.000000e+00,0.000000e+00,513,0.013624,0.000000e+00,0.027249,1.066514e-06,0.000000e+00,317,1,0,1,1,0
005_tomato_soup_can,s0_gate_fp_030_min_005_tomato_soup_can_t0,complete_epi,53,0.858440,0.019010,3.463322e-07,nan,,nan,,nan,,1.943954e-01,605,1,0,1,1,1
005_tomato_soup_can,s0_gate_fp_030_min_005_tomato_soup_can_t1,complete_epi,31,0.870832,0.019014,4.527844e-07,nan,,nan,,nan,,4.375145e-01,844,1,0,1,1,1
005_tomato_soup_can,s0_gate_fp_030_min_005_tomato_soup_can_t2,complete_epi,132,0.857241,0.019141,3.361835e-07,nan,,nan,,nan,,4.014262e-01,826,1,0,1,1,1
005_tomato_soup_can,s0_gate_fp_030_min_005_tomato_soup_can_t3,complete_epi,93,0.864691,0.019027,3.717116e-07,nan,,nan,,nan,,3.343904e-01,805,1,0,1,1,1
005_tomato_soup_can,s0_gate_fp_030_min_005_tomato_soup_can_t4,complete_epi,65,0.870501,0.018796,5.756239e-07,nan,,nan,,nan,,4.688385e-01,891,1,0,1,1,0
005_tomato_soup_can,s0_gate_fp_030_min_005_tomato_soup_can_t5,complete_epi,38,0.857243,0.018972,2.597637e-07,nan,,nan,,nan,,2.930141e-01,715,1,0,1,1,1
005_tomato_soup_can,s0_gate_fp_030_min_005_tomato_soup_can_t6,complete_epi,13,0.880962,0.019104,4.847455e-07,nan,,nan,,nan,,3.018848e-01,720,1,0,1,1,1
005_tomato_soup_can,s0_gate_fp_030_min_005_tomato_soup_can_t7,complete_epi,25,0.874887,0.018799,4.360245e-07,nan,,nan,,nan,,2.438336e-01,647,1,0,1,1,1
005_tomato_soup_can,s0_gate_fp_030_min_005_tomato_soup_can_t8,complete_epi,38,0.863216,0.018843,2.671641e-07,nan,,nan,,nan,,3.880080e-01,794,1,0,1,1,0
005_tomato_soup_can,s0_gate_fp_030_min_005_tomato_soup_can_t9,complete_epi,36,0.870085,0.018788,3.480466e-07,nan,,nan,,nan,,2.997700e-01,740,1,0,1,1,1
061_foam_brick,s0_gate_fp_030_min_061_foam_brick_t0,complete_epi,817,0.854703,0.016189,5.325892e-07,nan,,nan,,nan,,1.032455e+00,1105,1,0,1,1,1
061_foam_brick,s0_gate_fp_030_min_061_foam_brick_t1,complete_epi,31,0.960427,0.016526,6.861519e-06,nan,,nan,,nan,,1.372954e+00,1143,1,0,1,1,1
061_foam_brick,s0_gate_fp_030_min_061_foam_brick_t2,complete_epi,1074,0.782762,0.017175,5.546066e-07,nan,,nan,,nan,,9.242263e-01,1290,1,0,1,1,0
061_foam_brick,s0_gate_fp_030_min_061_foam_brick_t3,complete_epi,1378,0.501783,0.016989,6.012302e-07,nan,,nan,,nan,,1.566796e+00,1181,1,0,1,1,1
061_foam_brick,s0_gate_fp_030_min_061_foam_brick_t4,complete_epi,95,0.972879,0.017001,8.974142e-07,nan,,nan,,nan,,9.229532e-01,797,1,0,1,1,1
061_foam_brick,s0_gate_fp_030_min_061_foam_brick_t5,complete_epi,1102,0.804627,0.016749,2.518143e-06,nan,,nan,,nan,,1.258026e+00,1025,1,0,1,1,1
061_foam_brick,s0_gate_fp_030_min_061_foam_brick_t6,complete_epi,2,0.957216,0.016898,7.279401e-07,nan,,nan,,nan,,1.430167e+00,963,1,0,1,1,1
061_foam_brick,s0_gate_fp_030_min_061_foam_brick_t7,complete_epi,401,0.928070,0.017256,4.059014e-06,nan,,nan,,nan,,1.307531e+00,1960,1,0,1,1,1
061_foam_brick,s0_gate_fp_030_min_061_foam_brick_t8,complete_epi,639,0.880116,0.016826,8.433229e-06,nan,,nan,,nan,,1.980727e+00,1681,1,0,1,1,1
061_foam_brick,s0_gate_fp_030_min_061_foam_brick_t9,complete_epi,0,0.971428,0.016657,6.880763e-07,nan,,nan,,nan,,1.548665e+00,1102,1,0,1,1,1
035_power_drill,s0_hetero_patch_fp_030_min_035_power_drill_t0,hetero_patch,337,0.874695,0.041577,0.000000e+00,nan,,nan,,nan,,0.000000e+00,84,1,0,1,1,0
035_power_drill,s0_hetero_patch_fp_030_min_035_power_drill_t1,hetero_patch,561,0.778011,0.039172,0.000000e+00,nan,,nan,,nan,,0.000000e+00,153,1,0,1,1,0
035_power_drill,s0_hetero_patch_fp_030_min_035_power_drill_t2,hetero_patch,308,0.863162,0.043457,0.000000e+00,nan,,nan,,nan,,0.000000e+00,137,1,0,1,1,1
035_power_drill,s0_hetero_patch_fp_030_min_035_power_drill_t3,hetero_patch,136,0.890521,0.040957,0.000000e+00,nan,,nan,,nan,,0.000000e+00,93,1,0,1,1,0
035_power_drill,s0_hetero_patch_fp_030_min_035_power_drill_t4,hetero_patch,1797,0.344633,0.064119,1.530482e-06,nan,,nan,,nan,,1.248221e+00,859,1,0,1,1,0
035_power_drill,s0_hetero_patch_fp_030_min_035_power_drill_t5,hetero_patch,436,0.828949,0.035176,4.793336e-06,nan,,nan,,nan,,1.233922e+00,497,1,0,1,1,1
035_power_drill,s0_hetero_patch_fp_030_min_035_power_drill_t6,hetero_patch,211,0.864410,0.039731,0.000000e+00,nan,,nan,,nan,,0.000000e+00,156,1,0,1,1,1
035_power_drill,s0_hetero_patch_fp_030_min_035_power_drill_t8,hetero_patch,12,0.898521,0.048995,5.499682e-06,nan,,nan,,nan,,1.389308e-01,134,1,0,1,1,1
035_power_drill,s0_hetero_patch_fp_030_min_035_power_drill_t9,hetero_patch,1786,0.376539,0.020482,6.888767e-07,nan,,nan,,nan,,2.486995e+00,1615,1,0,1,1,0
021_bleach_cleanser,s0_partial_only_021_bleach_cleanser_t0,partial_only,16,0.940382,,,,,,,,,,,1,0,1,1,1
021_bleach_cleanser,s0_partial_only_021_bleach_cleanser_t1,partial_only,6,0.951338,,,,,,,,,,,1,0,1,1,1
021_bleach_cleanser,s0_partial_only_021_bleach_cleanser_t2,partial_only,446,0.919960,,,,,,,,,,,1,0,1,1,1
021_bleach_cleanser,s0_partial_only_021_bleach_cleanser_t3,partial_only,9,0.937610,,,,,,,,,,,1,0,1,1,0
021_bleach_cleanser,s0_partial_only_021_bleach_cleanser_t4,partial_only,268,0.873975,,,,,,,,,,,1,0,1,1,0
021_bleach_cleanser,s0_partial_only_021_bleach_cleanser_t5,partial_only,15,0.957939,,,,,,,,,,,1,0,1,1,1
021_bleach_cleanser,s0_partial_only_021_bleach_cleanser_t6,partial_only,2,0.955129,,,,,,,,,,,1,0,1,1,0
021_bleach_cleanser,s0_partial_only_021_bleach_cleanser_t7,partial_only,65,0.930975,,,,,,,,,,,1,0,1,1,0
021_bleach_cleanser,s0_partial_only_021_bleach_cleanser_t8,partial_only,7,0.913199,,,,,,,,,,,1,0,1,1,1
021_bleach_cleanser,s0_partial_only_021_bleach_cleanser_t9,partial_only,2,0.910160,,,,,,,,,,,1,0,1,1,1
005_tomato_soup_can,s0_duarte_mcd_005_tomato_soup_can_t0,duarte_mcd,20,0.891876,,,,,,,,,4.575255e-01,874,1,0,1,1,1
005_tomato_soup_can,s0_duarte_mcd_005_tomato_soup_can_t1,duarte_mcd,31,0.876785,,,,,,,,,4.874317e-01,846,1,0,1,1,1
005_tomato_soup_can,s0_duarte_mcd_005_tomato_soup_can_t2,duarte_mcd,44,0.882383,,,,,,,,,4.281226e-01,870,1,0,1,1,0
005_tomato_soup_can,s0_duarte_mcd_005_tomato_soup_can_t3,duarte_mcd,18,0.889713,,,,,,,,,4.257874e-01,822,1,0,1,1,1
005_tomato_soup_can,s0_duarte_mcd_005_tomato_soup_can_t4,duarte_mcd,49,0.890453,,,,,,,,,2.865892e-01,641,1,0,1,1,1
005_tomato_soup_can,s0_duarte_mcd_005_tomato_soup_can_t5,duarte_mcd,21,0.877522,,,,,,,,,5.339282e-01,900,1,0,1,1,1
005_tomato_soup_can,s0_duarte_mcd_005_tomato_soup_can_t6,duarte_mcd,60,0.875519,,,,,,,,,1.369172e-01,511,1,0,1,1,1
005_tomato_soup_can,s0_duarte_mcd_005_tomato_soup_can_t7,duarte_mcd,60,0.869020,,,,,,,,,1.196410e-01,516,1,0,1,1,1
005_tomato_soup_can,s0_duarte_mcd_005_tomato_soup_can_t8,duarte_mcd,62,0.865929,,,,,,,,,4.680876e-01,895,1,0,1,1,1
005_tomato_soup_can,s0_duarte_mcd_005_tomato_soup_can_t9,duarte_mcd,211,0.837254,,,,,,,,,2.217737e-01,537,1,0,1,1,1
061_foam_brick,s0_duarte_mcd_061_foam_brick_t0,duarte_mcd,1086,0.780525,,,,,,,,,1.084937e+00,1355,1,0,1,1,1
061_foam_brick,s0_duarte_mcd_061_foam_brick_t1,duarte_mcd,140,0.951629,,,,,,,,,4.689430e-01,855,1,0,1,1,1
061_foam_brick,s0_duarte_mcd_061_foam_brick_t2,duarte_mcd,874,0.855450,,,,,,,,,7.143503e-01,1142,1,0,1,1,1
061_foam_brick,s0_duarte_mcd_061_foam_brick_t3,duarte_mcd,1007,0.639125,,,,,,,,,7.263377e-01,1115,1,0,1,1,1
061_foam_brick,s0_duarte_mcd_061_foam_brick_t4,duarte_mcd,365,0.939372,,,,,,,,,5.395510e-01,894,1,0,1,1,1
061_foam_brick,s0_duarte_mcd_061_foam_brick_t5,duarte_mcd,820,0.883490,,,,,,,,,5.410888e-01,1174,1,0,1,1,1
061_foam_brick,s0_duarte_mcd_061_foam_brick_t6,duarte_mcd,109,0.935334,,,,,,,,,5.528929e-01,959,1,0,1,1,1
061_foam_brick,s0_duarte_mcd_061_foam_brick_t7,duarte_mcd,318,0.901234,,,,,,,,,3.657211e-01,967,1,0,1,1,1
061_foam_brick,s0_duarte_mcd_061_foam_brick_t8,duarte_mcd,147,0.917580,,,,,,,,,6.673685e-01,1527,1,0,1,1,1
061_foam_brick,s0_duarte_mcd_061_foam_brick_t9,duarte_mcd,7,0.958842,,,,,,,,,6.178990e-01,1002,1,0,1,1,1
035_power_drill,s1_gate_off_035_power_drill_t0,complete_only,911,0.715058,0.041747,1.845974e-04,1.316412e-03,907,0.027831,1.169738e-04,0.055663,2.269841e-04,9.483478e-01,207,1,0,1,1,1
035_power_drill,s1_gate_off_035_power_drill_t2,complete_only,0,0.967488,0.019937,2.812211e-04,7.452800e-04,703,0.013291,3.053081e-04,0.026582,1.206464e-04,3.450078e+00,1791,1,0,1,1,0
035_power_drill,s1_gate_off_035_power_drill_t3,complete_only,136,0.887146,0.046291,2.066456e-04,1.708364e-03,998,0.030860,1.568550e-04,0.061721,2.343602e-04,3.187010e-01,135,1,0,1,1,1
035_power_drill,s1_gate_off_035_power_drill_t4,complete_only,51,0.893684,0.043179,0.000000e+00,0.000000e+00,483,0.028786,0.000000e+00,0.057572,7.332319e-05,0.000000e+00,74,1,0,1,1,0
035_power_drill,s1_gate_off_035_power_drill_t5,complete_only,638,0.837293,0.055953,9.964677e-06,2.752510e-05,5101,0.037302,3.931684e-06,0.074604,2.819199e-05,6.592283e-01,630,1,0,1,1,0
035_power_drill,s1_gate_off_035_power_drill_t6,complete_only,216,0.893198,0.042510,9.076698e-04,4.382991e-03,683,0.028340,1.836216e-03,0.056680,5.804372e-04,1.095964e+00,165,1,0,1,1,1
035_power_drill,s1_gate_off_035_power_drill_t7,complete_only,765,0.805599,0.043636,8.861061e-05,4.488022e-04,914,0.029090,5.130700e-05,0.058181,1.235505e-04,0.000000e+00,137,1,0,1,1,0
035_power_drill,s1_gate_off_035_power_drill_t8,complete_only,137,0.954260,0.028800,3.809654e-05,2.436034e-04,1606,0.019200,3.850591e-05,0.038400,3.021509e-05,1.558590e+00,800,1,0,1,1,1
035_power_drill,s1_gate_off_035_power_drill_t9,complete_only,258,0.864614,0.039820,9.431697e-06,6.098180e-05,730,0.026546,1.648259e-05,0.053093,1.093598e-05,0.000000e+00,122,1,0,1,1,0
021_bleach_cleanser,s1_gate_fp_030_min_021_bleach_cleanser_t0,complete_epi,2,0.945999,0.038889,6.415568e-06,nan,,nan,,nan,,8.207151e-02,120,1,0,1,1,1
021_bleach_cleanser,s1_gate_fp_030_min_021_bleach_cleanser_t1,complete_epi,111,0.933285,0.055836,2.244260e-05,nan,,nan,,nan,,8.136856e-01,184,1,0,1,1,0
021_bleach_cleanser,s1_gate_fp_030_min_021_bleach_cleanser_t2,complete_epi,43,0.935610,0.039215,1.190162e-05,nan,,nan,,nan,,3.813966e-01,176,1,0,1,1,1
021_bleach_cleanser,s1_gate_fp_030_min_021_bleach_cleanser_t3,complete_epi,696,0.827600,0.039433,0.000000e+00,nan,,nan,,nan,,9.169327e-02,90,1,0,1,1,1
021_bleach_cleanser,s1_gate_fp_030_min_021_bleach_cleanser_t4,complete_epi,256,0.960153,0.013857,2.284729e-06,nan,,nan,,nan,,6.303737e+00,4088,1,0,1,1,0
021_bleach_cleanser,s1_gate_fp_030_min_021_bleach_cleanser_t5,complete_epi,130,0.930361,0.040391,1.294659e-06,nan,,nan,,nan,,5.726048e-01,273,1,0,1,1,1
021_bleach_cleanser,s1_gate_fp_030_min_021_bleach_cleanser_t6,complete_epi,387,0.846256,0.039724,0.000000e+00,nan,,nan,,nan,,0.000000e+00,104,1,0,1,1,1
021_bleach_cleanser,s1_gate_fp_030_min_021_bleach_cleanser_t7,complete_epi,526,0.848716,0.039820,0.000000e+00,nan,,nan,,nan,,1.041444e-01,180,1,0,1,1,0
021_bleach_cleanser,s1_gate_fp_030_min_021_bleach_cleanser_t8,complete_epi,403,0.819670,0.040513,0.000000e+00,nan,,nan,,nan,,0.000000e+00,158,1,0,1,1,1
021_bleach_cleanser,s1_gate_fp_030_min_021_bleach_cleanser_t9,complete_epi,113,0.918676,0.039781,0.000000e+00,nan,,nan,,nan,,8.949479e-02,128,1,0,1,1,1
005_tomato_soup_can,s1_hetero_patch_fp_030_min_005_tomato_soup_can_t0,hetero_patch,18,0.886360,0.019058,5.579312e-07,nan,,nan,,nan,,4.540341e-01,831,1,0,1,1,1
005_tomato_soup_can,s1_hetero_patch_fp_030_min_005_tomato_soup_can_t1,hetero_patch,81,0.860206,0.019086,3.370723e-07,nan,,nan,,nan,,4.043755e-01,758,1,0,1,1,1
005_tomato_soup_can,s1_hetero_patch_fp_030_min_005_tomato_soup_can_t2,hetero_patch,72,0.873668,0.018716,5.790974e-07,nan,,nan,,nan,,3.078594e-01,699,1,0,1,1,1
005_tomato_soup_can,s1_hetero_patch_fp_030_min_005_tomato_soup_can_t3,hetero_patch,10,0.878036,0.018835,3.664096e-07,nan,,nan,,nan,,4.163241e-01,836,1,0,1,1,1
005_tomato_soup_can,s1_hetero_patch_fp_030_min_005_tomato_soup_can_t4,hetero_patch,55,0.874601,0.019119,5.149380e-07,nan,,nan,,nan,,4.625191e-01,876,1,0,1,1,1
005_tomato_soup_can,s1_hetero_patch_fp_030_min_005_tomato_soup_can_t5,hetero_patch,25,0.898076,0.018947,6.311297e-07,nan,,nan,,nan,,2.944874e-01,654,1,0,1,1,1
005_tomato_soup_can,s1_hetero_patch_fp_030_min_005_tomato_soup_can_t6,hetero_patch,24,0.878349,0.018995,3.935157e-07,nan,,nan,,nan,,4.651488e-01,840,1,0,1,1,1
005_tomato_soup_can,s1_hetero_patch_fp_030_min_005_tomato_soup_can_t7,hetero_patch,48,0.872721,0.019116,3.835197e-07,nan,,nan,,nan,,4.358367e-01,805,1,0,1,1,1
005_tomato_soup_can,s1_hetero_patch_fp_030_min_005_tomato_soup_can_t8,hetero_patch,3,0.920685,0.017778,4.642129e-07,nan,,nan,,nan,,5.570104e-01,1022,1,0,1,1,1
005_tomato_soup_can,s1_hetero_patch_fp_030_min_005_tomato_soup_can_t9,hetero_patch,113,0.859715,0.018818,5.680321e-07,nan,,nan,,nan,,3.048368e-01,686,1,0,1,1,1
061_foam_brick,s1_hetero_patch_fp_030_min_061_foam_brick_t0,hetero_patch,851,0.861084,0.016198,7.104136e-07,nan,,nan,,nan,,8.574725e-01,1075,1,0,1,1,1
061_foam_brick,s1_hetero_patch_fp_030_min_061_foam_brick_t1,hetero_patch,997,0.805307,0.016897,8.809806e-07,nan,,nan,,nan,,8.119180e-01,998,1,0,1,1,1
061_foam_brick,s1_hetero_patch_fp_030_min_061_foam_brick_t2,hetero_patch,704,0.890396,0.017428,5.566971e-07,nan,,nan,,nan,,1.384064e+00,1879,1,0,1,1,1
061_foam_brick,s1_hetero_patch_fp_030_min_061_foam_brick_t3,hetero_patch,433,0.897044,0.017006,7.800554e-07,nan,,nan,,nan,,1.074757e+00,1354,1,0,1,1,1
061_foam_brick,s1_hetero_patch_fp_030_min_061_foam_brick_t4,hetero_patch,1288,0.632419,0.016625,7.233298e-07,nan,,nan,,nan,,1.046312e+00,1109,1,0,1,1,1
061_foam_brick,s1_hetero_patch_fp_030_min_061_foam_brick_t5,hetero_patch,0,0.976259,0.016498,1.318449e-06,nan,,nan,,nan,,9.749201e-01,1099,1,0,1,1,1
061_foam_brick,s1_hetero_patch_fp_030_min_061_foam_brick_t6,hetero_patch,1010,0.749118,0.017368,5.989880e-07,nan,,nan,,nan,,1.399922e+00,1344,1,0,1,1,1
061_foam_brick,s1_hetero_patch_fp_030_min_061_foam_brick_t7,hetero_patch,932,0.820711,0.017399,9.075114e-07,nan,,nan,,nan,,7.993585e-01,943,1,0,1,1,1
061_foam_brick,s1_hetero_patch_fp_030_min_061_foam_brick_t8,hetero_patch,261,0.930721,0.016698,3.805607e-07,nan,,nan,,nan,,8.634370e-01,1644,1,0,1,1,1
061_foam_brick,s1_hetero_patch_fp_030_min_061_foam_brick_t9,hetero_patch,333,0.915253,0.016209,8.957195e-07,nan,,nan,,nan,,1.068503e+00,1287,1,0,1,1,1
035_power_drill,s1_partial_only_035_power_drill_t0,partial_only,0,0.964741,,,,,,,,,,,1,0,1,1,1
035_power_drill,s1_partial_only_035_power_drill_t1,partial_only,1,0.944149,,,,,,,,,,,1,0,1,1,1
035_power_drill,s1_partial_only_035_power_drill_t2,partial_only,0,0.928554,,,,,,,,,,,1,0,1,1,1
035_power_drill,s1_partial_only_035_power_drill_t3,partial_only,5,0.938509,,,,,,,,,,,1,0,1,1,1
035_power_drill,s1_partial_only_035_power_drill_t4,partial_only,662,0.873703,,,,,,,,,,,1,0,1,1,0
035_power_drill,s1_partial_only_035_power_drill_t5,partial_only,139,0.910793,,,,,,,,,,,1,0,1,1,0
035_power_drill,s1_partial_only_035_power_drill_t6,partial_only,33,0.948478,,,,,,,,,,,1,0,1,1,1
035_power_drill,s1_partial_only_035_power_drill_t8,partial_only,2,0.959952,,,,,,,,,,,1,0,1,1,0
035_power_drill,s1_partial_only_035_power_drill_t9,partial_only,173,0.903980,,,,,,,,,,,1,0,1,1,0
021_bleach_cleanser,s1_duarte_mcd_021_bleach_cleanser_t0,duarte_mcd,31,0.932551,,,,,,,,,5.496432e-02,76,1,0,1,1,0
021_bleach_cleanser,s1_duarte_mcd_021_bleach_cleanser_t1,duarte_mcd,17,0.951907,,,,,,,,,3.415808e-02,579,1,0,1,1,0
021_bleach_cleanser,s1_duarte_mcd_021_bleach_cleanser_t2,duarte_mcd,21,0.963910,,,,,,,,,2.399939e-02,155,1,0,1,1,1
021_bleach_cleanser,s1_duarte_mcd_021_bleach_cleanser_t3,duarte_mcd,897,0.547473,,,,,,,,,2.025251e-01,160,1,0,1,1,0
021_bleach_cleanser,s1_duarte_mcd_021_bleach_cleanser_t4,duarte_mcd,620,0.865797,,,,,,,,,0.000000e+00,67,1,0,1,1,0
021_bleach_cleanser,s1_duarte_mcd_021_bleach_cleanser_t5,duarte_mcd,144,0.885294,,,,,,,,,9.735374e-02,182,1,0,1,1,1
021_bleach_cleanser,s1_duarte_mcd_021_bleach_cleanser_t6,duarte_mcd,0,0.965606,,,,,,,,,0.000000e+00,195,1,0,1,1,1
021_bleach_cleanser,s1_duarte_mcd_021_bleach_cleanser_t7,duarte_mcd,430,0.894244,,,,,,,,,5.460540e-02,157,1,0,1,1,1
021_bleach_cleanser,s1_duarte_mcd_021_bleach_cleanser_t8,duarte_mcd,166,0.923933,,,,,,,,,2.097064e-02,130,1,0,1,1,1
021_bleach_cleanser,s1_duarte_mcd_021_bleach_cleanser_t9,duarte_mcd,3,0.937598,,,,,,,,,0.000000e+00,100,1,0,1,1,1
005_tomato_soup_can,s2_gate_off_005_tomato_soup_can_t0,complete_only,25,0.879988,0.018947,7.611710e-07,1.386790e-06,685,0.012632,7.195047e-07,0.025263,7.823527e-07,4.562349e-01,878,1,0,1,1,1
005_tomato_soup_can,s2_gate_off_005_tomato_soup_can_t1,complete_only,3,0.908520,0.018675,1.173319e-06,2.694724e-06,437,0.012450,1.188669e-06,0.024900,9.525099e-07,3.473509e-01,763,1,0,1,1,1
005_tomato_soup_can,s2_gate_off_005_tomato_soup_can_t2,complete_only,27,0.873972,0.019129,8.082670e-07,1.467335e-06,630,0.012753,8.418231e-07,0.025505,7.983944e-07,4.619580e-01,851,1,0,1,1,1
005_tomato_soup_can,s2_gate_off_005_tomato_soup_can_t3,complete_only,28,0.878941,0.019141,6.237557e-07,1.423248e-06,599,0.012761,6.131769e-07,0.025522,5.876662e-07,3.228013e-01,773,1,0,1,1,1
005_tomato_soup_can,s2_gate_off_005_tomato_soup_can_t4,complete_only,16,0.891859,0.018662,4.662946e-07,1.746258e-06,421,0.012441,4.550102e-07,0.024883,5.270262e-07,2.995594e-01,721,1,0,1,1,1
005_tomato_soup_can,s2_gate_off_005_tomato_soup_can_t5,complete_only,52,0.876107,0.019026,7.806577e-07,1.425366e-06,663,0.012684,7.420442e-07,0.025368,7.980454e-07,3.911241e-01,809,1,0,1,1,1
005_tomato_soup_can,s2_gate_off_005_tomato_soup_can_t6,complete_only,51,0.878658,0.019034,5.751710e-07,1.889913e-06,475,0.012689,6.346381e-07,0.025379,5.750868e-07,2.731951e-01,681,1,0,1,1,1
005_tomato_soup_can,s2_gate_off_005_tomato_soup_can_t7,complete_only,63,0.864454,0.018706,8.203169e-07,1.681127e-06,713,0.012471,7.640472e-07,0.024942,8.324499e-07,5.273128e-01,948,1,0,1,1,0
005_tomato_soup_can,s2_gate_off_005_tomato_soup_can_t8,complete_only,21,0.887085,0.018679,6.761003e-07,2.237816e-06,506,0.012452,6.975453e-07,0.024905,6.066953e-07,2.912030e-01,711,1,0,1,1,1
005_tomato_soup_can,s2_gate_off_005_tomato_soup_can_t9,complete_only,54,0.866652,0.018861,7.865122e-07,1.494532e-06,690,0.012574,7.492905e-07,0.025148,7.947346e-07,4.330361e-01,855,1,0,1,1,1
061_foam_brick,s2_gate_off_061_foam_brick_t0,complete_only,339,0.932106,0.017153,3.050089e-06,8.738730e-07,842,0.011435,4.097282e-07,0.022871,4.226362e-06,1.039451e+00,1383,1,0,1,1,1
061_foam_brick,s2_gate_off_061_foam_brick_t1,complete_only,107,0.972876,0.016697,9.713494e-06,4.763317e-05,762,0.011131,1.228334e-05,0.022263,1.510396e-05,1.937636e+00,1005,1,0,1,1,1
061_foam_brick,s2_gate_off_061_foam_brick_t2,complete_only,212,0.964012,0.018049,2.858006e-06,2.020485e-05,1040,0.012033,7.141440e-06,0.024065,5.689811e-06,1.326185e+00,1760,1,0,1,1,0
061_foam_brick,s2_gate_off_061_foam_brick_t3,complete_only,1316,0.518695,0.016480,9.902777e-06,4.350503e-05,782,0.010986,1.082720e-05,0.021973,9.356444e-06,1.737184e+00,1615,1,0,1,1,1
061_foam_brick,s2_gate_off_061_foam_brick_t4,complete_only,309,0.959932,0.016491,2.392186e-06,2.930192e-06,779,0.010994,1.389144e-06,0.021988,4.881798e-06,9.511334e-01,1165,1,0,1,1,1
061_foam_brick,s2_gate_off_061_foam_brick_t5,complete_only,1,0.971091,0.016881,6.812704e-06,6.082923e-06,671,0.011254,2.857043e-06,0.022508,3.253438e-05,9.480615e-01,951,1,0,1,1,1
061_foam_brick,s2_gate_off_061_foam_brick_t6,complete_only,14,0.957660,0.017186,1.190182e-06,2.749037e-06,1225,0.011457,1.004944e-06,0.022915,1.770331e-06,1.652908e+00,2191,1,0,1,1,0
061_foam_brick,s2_gate_off_061_foam_brick_t7,complete_only,9,0.958819,0.016981,7.960265e-07,1.462676e-06,1339,0.011321,7.081647e-07,0.022642,2.629783e-06,1.709394e+00,2201,1,0,1,1,0
061_foam_brick,s2_gate_off_061_foam_brick_t8,complete_only,89,0.974295,0.016675,6.169252e-06,7.688676e-06,834,0.011117,1.860614e-05,0.022233,9.407532e-06,1.546373e+00,957,1,0,1,1,1
061_foam_brick,s2_gate_off_061_foam_brick_t9,complete_only,798,0.878955,0.016798,5.944084e-06,2.046456e-05,760,0.011199,6.291879e-06,0.022398,6.926296e-06,1.590096e+00,1761,1,0,1,1,0
035_power_drill,s2_gate_fp_030_min_035_power_drill_t0,complete_epi,259,0.859158,0.039149,0.000000e+00,nan,,nan,,nan,,5.437769e-02,226,1,0,1,1,1
035_power_drill,s2_gate_fp_030_min_035_power_drill_t1,complete_epi,416,0.814214,0.040553,0.000000e+00,nan,,nan,,nan,,0.000000e+00,69,1,0,1,1,0
035_power_drill,s2_gate_fp_030_min_035_power_drill_t4,complete_epi,1313,0.543463,0.054327,0.000000e+00,nan,,nan,,nan,,3.124533e-01,290,1,0,1,1,0
035_power_drill,s2_gate_fp_030_min_035_power_drill_t5,complete_epi,194,0.850103,0.039042,4.732623e-07,nan,,nan,,nan,,4.344756e-01,376,1,0,1,1,1
035_power_drill,s2_gate_fp_030_min_035_power_drill_t7,complete_epi,732,0.773415,0.049510,0.000000e+00,nan,,nan,,nan,,0.000000e+00,118,1,0,1,1,0
035_power_drill,s2_gate_fp_030_min_035_power_drill_t8,complete_epi,479,0.806001,0.040797,1.693330e-07,nan,,nan,,nan,,2.517995e-01,311,1,0,1,1,1
035_power_drill,s2_gate_fp_030_min_035_power_drill_t9,complete_epi,767,0.739682,0.044595,2.158585e-06,nan,,nan,,nan,,1.101394e+00,692,1,0,1,1,0
021_bleach_cleanser,s2_hetero_patch_fp_030_min_021_bleach_cleanser_t0,hetero_patch,123,0.873548,0.039332,0.000000e+00,nan,,nan,,nan,,1.497042e-02,168,1,0,1,1,1
021_bleach_cleanser,s2_hetero_patch_fp_030_min_021_bleach_cleanser_t1,hetero_patch,108,0.927273,0.017993,3.993691e-07,nan,,nan,,nan,,1.031641e+00,1305,1,0,1,1,0
021_bleach_cleanser,s2_hetero_patch_fp_030_min_021_bleach_cleanser_t2,hetero_patch,4,0.875032,0.022023,2.192234e-06,nan,,nan,,nan,,8.073713e-01,294,1,0,1,1,0
021_bleach_cleanser,s2_hetero_patch_fp_030_min_021_bleach_cleanser_t3,hetero_patch,797,0.826985,0.039103,0.000000e+00,nan,,nan,,nan,,1.929201e-02,93,1,0,1,1,1
021_bleach_cleanser,s2_hetero_patch_fp_030_min_021_bleach_cleanser_t4,hetero_patch,34,0.939472,0.038996,2.862824e-06,nan,,nan,,nan,,7.955067e-02,164,1,0,1,1,1
021_bleach_cleanser,s2_hetero_patch_fp_030_min_021_bleach_cleanser_t5,hetero_patch,647,0.861116,0.039925,0.000000e+00,nan,,nan,,nan,,0.000000e+00,89,1,0,1,1,1
021_bleach_cleanser,s2_hetero_patch_fp_030_min_021_bleach_cleanser_t8,hetero_patch,703,0.719405,0.049817,3.739729e-06,nan,,nan,,nan,,5.078017e-01,304,1,0,1,1,1
021_bleach_cleanser,s2_hetero_patch_fp_030_min_021_bleach_cleanser_t9,hetero_patch,13,0.910591,0.038861,8.004135e-07,nan,,nan,,nan,,6.851948e-02,144,1,0,1,1,1
005_tomato_soup_can,s2_partial_only_005_tomato_soup_can_t0,partial_only,0,0.953338,,,,,,,,,,,1,0,1,1,0
005_tomato_soup_can,s2_partial_only_005_tomato_soup_can_t1,partial_only,30,0.948973,,,,,,,,,,,1,0,1,1,0
005_tomato_soup_can,s2_partial_only_005_tomato_soup_can_t2,partial_only,0,0.951538,,,,,,,,,,,1,0,1,1,1
005_tomato_soup_can,s2_partial_only_005_tomato_soup_can_t3,partial_only,0,0.953818,,,,,,,,,,,1,0,1,1,1
005_tomato_soup_can,s2_partial_only_005_tomato_soup_can_t4,partial_only,2,0.962806,,,,,,,,,,,1,0,1,1,0
005_tomato_soup_can,s2_partial_only_005_tomato_soup_can_t5,partial_only,0,0.945374,,,,,,,,,,,1,0,1,1,1
005_tomato_soup_can,s2_partial_only_005_tomato_soup_can_t6,partial_only,2,0.959124,,,,,,,,,,,1,0,1,1,1
005_tomato_soup_can,s2_partial_only_005_tomato_soup_can_t7,partial_only,0,0.948482,,,,,,,,,,,1,0,1,1,1
005_tomato_soup_can,s2_partial_only_005_tomato_soup_can_t8,partial_only,5,0.947773,,,,,,,,,,,1,0,1,1,1
005_tomato_soup_can,s2_partial_only_005_tomato_soup_can_t9,partial_only,2,0.952913,,,,,,,,,,,1,0,1,1,1
061_foam_brick,s2_partial_only_061_foam_brick_t0,partial_only,287,0.924096,,,,,,,,,,,1,0,1,1,0
061_foam_brick,s2_partial_only_061_foam_brick_t1,partial_only,74,0.958377,,,,,,,,,,,1,0,1,1,1
061_foam_brick,s2_partial_only_061_foam_brick_t2,partial_only,252,0.913933,,,,,,,,,,,1,0,1,1,1
061_foam_brick,s2_partial_only_061_foam_brick_t3,partial_only,775,0.784704,,,,,,,,,,,1,0,1,1,1
061_foam_brick,s2_partial_only_061_foam_brick_t4,partial_only,575,0.924877,,,,,,,,,,,1,0,1,1,1
061_foam_brick,s2_partial_only_061_foam_brick_t5,partial_only,319,0.949055,,,,,,,,,,,1,0,1,1,1
061_foam_brick,s2_partial_only_061_foam_brick_t6,partial_only,415,0.866878,,,,,,,,,,,1,0,1,1,1
061_foam_brick,s2_partial_only_061_foam_brick_t7,partial_only,414,0.911510,,,,,,,,,,,1,0,1,1,0
061_foam_brick,s2_partial_only_061_foam_brick_t8,partial_only,284,0.944474,,,,,,,,,,,1,0,1,1,0
061_foam_brick,s2_partial_only_061_foam_brick_t9,partial_only,233,0.913323,,,,,,,,,,,1,0,1,1,0
035_power_drill,s2_duarte_mcd_035_power_drill_t0,duarte_mcd,276,0.824372,,,,,,,,,8.256633e-01,545,1,0,1,1,1
035_power_drill,s2_duarte_mcd_035_power_drill_t1,duarte_mcd,9,0.907702,,,,,,,,,2.759841e-03,182,1,0,1,1,1
035_power_drill,s2_duarte_mcd_035_power_drill_t3,duarte_mcd,758,0.816997,,,,,,,,,3.959793e-01,408,1,0,1,1,0
035_power_drill,s2_duarte_mcd_035_power_drill_t4,duarte_mcd,65,0.864998,,,,,,,,,0.000000e+00,195,1,0,1,1,0
035_power_drill,s2_duarte_mcd_035_power_drill_t5,duarte_mcd,1281,0.557324,,,,,,,,,0.000000e+00,194,1,0,1,1,0
035_power_drill,s2_duarte_mcd_035_power_drill_t6,duarte_mcd,106,0.913323,,,,,,,,,0.000000e+00,107,1,0,1,1,0
035_power_drill,s2_duarte_mcd_035_power_drill_t7,duarte_mcd,4,0.948889,,,,,,,,,4.718828e-01,499,1,0,1,1,0
035_power_drill,s2_duarte_mcd_035_power_drill_t8,duarte_mcd,238,0.800726,,,,,,,,,4.202495e-02,188,1,0,1,1,1
035_power_drill,s2_duarte_mcd_035_power_drill_t9,duarte_mcd,207,0.909400,,,,,,,,,6.259228e-01,1101,1,0,1,1,0
025_mug,s0_gate_off_025_mug_t0,complete_only,43,0.938612,0.020684,1.159444e-05,5.966951e-05,413,0.013789,6.756308e-05,0.027579,7.970566e-06,3.396095e-01,197,1,0,1,1,1
025_mug,s0_gate_off_025_mug_t1,complete_only,53,0.932566,0.021121,1.959571e-05,5.250591e-05,440,0.014081,2.563746e-05,0.028161,1.482781e-05,4.185582e-01,163,1,0,1,1,1
025_mug,s0_gate_off_025_mug_t2,complete_only,5,0.896982,0.028531,3.636054e-06,9.475021e-06,455,0.019020,8.729969e-06,0.038041,2.841528e-06,1.150130e-01,80,1,0,1,1,1
025_mug,s0_gate_off_025_mug_t3,complete_only,4,0.932344,0.021115,1.038940e-05,4.430640e-05,442,0.014077,1.172749e-05,0.028154,1.346124e-05,1.893046e-01,118,1,0,1,1,1
025_mug,s0_gate_off_025_mug_t4,complete_only,34,0.934190,0.020066,2.358683e-05,8.364534e-05,494,0.013377,3.377694e-05,0.026754,1.987014e-05,5.401147e-01,155,1,0,1,1,1
025_mug,s0_gate_off_025_mug_t5,complete_only,4,0.924827,0.020300,2.466657e-06,4.174655e-06,892,0.013533,2.473114e-06,0.027067,2.551719e-06,2.909770e-01,205,1,0,1,1,1
025_mug,s0_gate_off_025_mug_t6,complete_only,15,0.938556,0.020966,8.522854e-06,5.162337e-05,735,0.013977,6.162777e-06,0.027955,8.653304e-06,3.933177e-01,229,1,0,1,1,1
025_mug,s0_gate_off_025_mug_t7,complete_only,103,0.826399,0.028186,0.000000e+00,0.000000e+00,170,0.018791,0.000000e+00,0.037582,0.000000e+00,0.000000e+00,36,1,0,1,1,1
025_mug,s0_gate_off_025_mug_t8,complete_only,86,0.895591,0.020384,3.251455e-07,2.146289e-06,259,0.013590,9.984095e-08,0.027179,4.119240e-07,0.000000e+00,74,1,0,1,1,1
025_mug,s0_gate_off_025_mug_t9,complete_only,39,0.937840,0.020714,9.360115e-06,2.124082e-05,621,0.013809,1.404466e-05,0.027618,7.281604e-06,4.822324e-01,234,1,0,1,1,1
006_mustard_bottle,s0_gate_fp_030_min_006_mustard_bottle_t0,complete_epi,70,0.837080,0.032858,1.648116e-06,nan,,nan,,nan,,8.227924e-01,563,1,0,1,1,1
006_mustard_bottle,s0_gate_fp_030_min_006_mustard_bottle_t1,complete_epi,28,0.795470,0.032424,1.435388e-06,nan,,nan,,nan,,7.103143e-01,807,1,0,1,1,1
006_mustard_bottle,s0_gate_fp_030_min_006_mustard_bottle_t3,complete_epi,18,0.826034,0.032501,1.442269e-06,nan,,nan,,nan,,7.483979e-01,539,1,0,1,1,1
006_mustard_bottle,s0_gate_fp_030_min_006_mustard_bottle_t4,complete_epi,74,0.908390,0.022578,1.595321e-06,nan,,nan,,nan,,1.294029e+00,737,1,0,1,1,0
006_mustard_bottle,s0_gate_fp_030_min_006_mustard_bottle_t5,complete_epi,112,0.911441,0.013284,5.480312e-06,nan,,nan,,nan,,7.384512e+00,4167,1,0,1,1,0
006_mustard_bottle,s0_gate_fp_030_min_006_mustard_bottle_t6,complete_epi,275,0.808576,0.032704,1.534980e-06,nan,,nan,,nan,,6.722285e-01,553,1,0,1,1,1
006_mustard_bottle,s0_gate_fp_030_min_006_mustard_bottle_t8,complete_epi,1,0.869522,0.031880,1.658509e-06,nan,,nan,,nan,,7.951058e-01,517,1,0,1,1,1
006_mustard_bottle,s0_gate_fp_030_min_006_mustard_bottle_t9,complete_epi,729,0.655376,0.032659,1.876153e-06,nan,,nan,,nan,,1.001327e+00,719,1,0,1,1,1
051_large_clamp,s0_gate_fp_030_min_051_large_clamp_t0,complete_epi,19,0.943218,0.031974,0.000000e+00,nan,,nan,,nan,,0.000000e+00,151,1,0,1,1,1
051_large_clamp,s0_gate_fp_030_min_051_large_clamp_t2,complete_epi,30,0.970006,0.032688,2.457874e-06,nan,,nan,,nan,,1.013396e+00,823,1,0,1,1,1
051_large_clamp,s0_gate_fp_030_min_051_large_clamp_t4,complete_epi,0,0.969221,0.030186,0.000000e+00,nan,,nan,,nan,,0.000000e+00,154,1,0,1,1,1
051_large_clamp,s0_gate_fp_030_min_051_large_clamp_t5,complete_epi,5,0.966420,0.032703,4.838275e-07,nan,,nan,,nan,,2.412947e-02,201,1,0,1,1,1
051_large_clamp,s0_gate_fp_030_min_051_large_clamp_t6,complete_epi,7,0.963568,0.032383,0.000000e+00,nan,,nan,,nan,,0.000000e+00,163,1,0,1,1,1
051_large_clamp,s0_gate_fp_030_min_051_large_clamp_t7,complete_epi,6,0.960834,0.039725,2.470848e-06,nan,,nan,,nan,,2.072008e+00,1560,1,0,1,1,1
051_large_clamp,s0_gate_fp_030_min_051_large_clamp_t8,complete_epi,186,0.918867,0.031367,0.000000e+00,nan,,nan,,nan,,0.000000e+00,145,1,0,1,1,0
051_large_clamp,s0_gate_fp_030_min_051_large_clamp_t9,complete_epi,15,0.958883,0.032147,0.000000e+00,nan,,nan,,nan,,0.000000e+00,158,1,0,1,1,0
011_banana,s0_hetero_patch_fp_030_min_011_banana_t0,hetero_patch,1606,0.547423,0.032608,1.923945e-06,nan,,nan,,nan,,3.417715e-01,304,1,0,1,1,0
011_banana,s0_hetero_patch_fp_030_min_011_banana_t1,hetero_patch,1583,0.574377,0.031925,0.000000e+00,nan,,nan,,nan,,3.191570e-01,265,1,0,1,1,0
011_banana,s0_hetero_patch_fp_030_min_011_banana_t2,hetero_patch,1308,0.642402,0.030936,7.070252e-07,nan,,nan,,nan,,7.682823e-01,746,1,0,1,1,1
011_banana,s0_hetero_patch_fp_030_min_011_banana_t3,hetero_patch,1644,0.556197,0.032969,0.000000e+00,nan,,nan,,nan,,4.097188e-01,295,1,0,1,1,0
011_banana,s0_hetero_patch_fp_030_min_011_banana_t4,hetero_patch,1536,0.562121,0.030869,3.176225e-07,nan,,nan,,nan,,7.492833e-01,681,1,0,1,1,1
011_banana,s0_hetero_patch_fp_030_min_011_banana_t5,hetero_patch,1092,0.777710,0.032093,7.245759e-07,nan,,nan,,nan,,9.760497e-01,769,1,0,1,1,1
011_banana,s0_hetero_patch_fp_030_min_011_banana_t6,hetero_patch,1560,0.484502,0.031767,1.657330e-06,nan,,nan,,nan,,1.583663e+00,744,1,0,1,1,0
011_banana,s0_hetero_patch_fp_030_min_011_banana_t7,hetero_patch,1271,0.700751,0.031234,1.883274e-06,nan,,nan,,nan,,1.375595e+00,1061,1,0,1,1,0
011_banana,s0_hetero_patch_fp_030_min_011_banana_t8,hetero_patch,1807,0.350098,0.031434,0.000000e+00,nan,,nan,,nan,,1.839637e-01,254,1,0,1,1,1
011_banana,s0_hetero_patch_fp_030_min_011_banana_t9,hetero_patch,1608,0.500695,0.032141,8.074454e-07,nan,,nan,,nan,,9.228156e-01,477,1,0,1,1,1
025_mug,s0_partial_only_025_mug_t0,partial_only,118,0.854577,,,,,,,,,,,1,0,1,1,1
025_mug,s0_partial_only_025_mug_t1,partial_only,299,0.831729,,,,,,,,,,,1,0,1,1,1
025_mug,s0_partial_only_025_mug_t2,partial_only,184,0.860559,,,,,,,,,,,1,0,1,1,0
025_mug,s0_partial_only_025_mug_t3,partial_only,149,0.862962,,,,,,,,,,,1,0,1,1,1
025_mug,s0_partial_only_025_mug_t4,partial_only,192,0.848256,,,,,,,,,,,1,0,1,1,0
025_mug,s0_partial_only_025_mug_t5,partial_only,151,0.897880,,,,,,,,,,,1,0,1,1,1
025_mug,s0_partial_only_025_mug_t7,partial_only,93,0.920064,,,,,,,,,,,1,0,1,1,1
025_mug,s0_partial_only_025_mug_t8,partial_only,127,0.889950,,,,,,,,,,,1,0,1,1,1
025_mug,s0_partial_only_025_mug_t9,partial_only,120,0.883461,,,,,,,,,,,1,0,1,1,1
006_mustard_bottle,s0_duarte_mcd_006_mustard_bottle_t0,duarte_mcd,11,0.864204,,,,,,,,,1.214561e-01,262,1,0,1,1,1
006_mustard_bottle,s0_duarte_mcd_006_mustard_bottle_t1,duarte_mcd,0,0.899962,,,,,,,,,2.701913e-01,460,1,0,1,1,1
006_mustard_bottle,s0_duarte_mcd_006_mustard_bottle_t2,duarte_mcd,215,0.860616,,,,,,,,,1.224058e-01,169,1,0,1,1,1
006_mustard_bottle,s0_duarte_mcd_006_mustard_bottle_t3,duarte_mcd,0,0.871066,,,,,,,,,2.547365e-01,333,1,0,1,1,1
006_mustard_bottle,s0_duarte_mcd_006_mustard_bottle_t4,duarte_mcd,322,0.866437,,,,,,,,,2.279361e-01,390,1,0,1,1,1
006_mustard_bottle,s0_duarte_mcd_006_mustard_bottle_t5,duarte_mcd,27,0.879001,,,,,,,,,1.774637e-01,321,1,0,1,1,1
006_mustard_bottle,s0_duarte_mcd_006_mustard_bottle_t6,duarte_mcd,204,0.848426,,,,,,,,,3.135362e-01,504,1,0,1,1,1
006_mustard_bottle,s0_duarte_mcd_006_mustard_bottle_t8,duarte_mcd,35,0.863285,,,,,,,,,3.582841e-01,355,1,0,1,1,1
006_mustard_bottle,s0_duarte_mcd_006_mustard_bottle_t9,duarte_mcd,18,0.876728,,,,,,,,,4.836816e-01,504,1,0,1,1,1
051_large_clamp,s0_duarte_mcd_051_large_clamp_t0,duarte_mcd,7,0.962575,,,,,,,,,0.000000e+00,143,1,0,1,1,1
051_large_clamp,s0_duarte_mcd_051_large_clamp_t1,duarte_mcd,1,0.943231,,,,,,,,,0.000000e+00,186,1,0,1,1,1
051_large_clamp,s0_duarte_mcd_051_large_clamp_t2,duarte_mcd,0,0.973812,,,,,,,,,6.763959e-03,186,1,0,1,1,0
051_large_clamp,s0_duarte_mcd_051_large_clamp_t3,duarte_mcd,53,0.949420,,,,,,,,,1.026590e-01,247,1,0,1,1,1
051_large_clamp,s0_duarte_mcd_051_large_clamp_t4,duarte_mcd,1,0.955637,,,,,,,,,0.000000e+00,138,1,0,1,1,0
051_large_clamp,s0_duarte_mcd_051_large_clamp_t5,duarte_mcd,1,0.965350,,,,,,,,,2.541199e-02,200,1,0,1,1,0
051_large_clamp,s0_duarte_mcd_051_large_clamp_t6,duarte_mcd,3,0.962094,,,,,,,,,0.000000e+00,171,1,0,1,1,0
051_large_clamp,s0_duarte_mcd_051_large_clamp_t7,duarte_mcd,4,0.970963,,,,,,,,,0.000000e+00,209,1,0,1,1,0
051_large_clamp,s0_duarte_mcd_051_large_clamp_t8,duarte_mcd,48,0.926329,,,,,,,,,0.000000e+00,143,1,0,1,1,1
051_large_clamp,s0_duarte_mcd_051_large_clamp_t9,duarte_mcd,29,0.958256,,,,,,,,,0.000000e+00,140,1,0,1,1,1
011_banana,s1_gate_off_011_banana_t0,complete_only,1377,0.663643,0.032232,6.313151e-05,3.940207e-04,2562,0.021488,2.237286e-04,0.042976,5.887127e-05,1.044137e+00,491,1,0,1,1,1
011_banana,s1_gate_off_011_banana_t1,complete_only,984,0.800011,0.031769,4.021819e-05,1.090571e-04,2497,0.021180,3.484170e-05,0.042359,5.097322e-05,8.845484e-01,630,1,0,1,1,0
011_banana,s1_gate_off_011_banana_t2,complete_only,1375,0.698967,0.031871,2.335386e-05,8.941757e-05,1611,0.021248,4.557015e-05,0.042495,2.020002e-05,3.003359e-01,320,1,0,1,1,0
011_banana,s1_gate_off_011_banana_t3,complete_only,1873,0.219901,0.031612,8.072815e-04,2.106806e-03,2114,0.021075,1.181726e-03,0.042150,4.790338e-04,3.254362e+00,1071,1,0,1,1,0
011_banana,s1_gate_off_011_banana_t4,complete_only,975,0.815270,0.032493,5.237980e-05,7.335296e-05,2960,0.021662,3.926919e-05,0.043324,8.624364e-05,7.761797e-01,586,1,0,1,1,0
011_banana,s1_gate_off_011_banana_t5,complete_only,1951,0.056456,0.031593,1.541545e-04,9.208627e-04,2304,0.021062,1.610861e-04,0.042124,1.475293e-04,1.180058e+00,703,1,0,1,1,1
011_banana,s1_gate_off_011_banana_t6,complete_only,1674,0.370404,0.033191,7.305335e-04,2.672297e-03,2436,0.022127,1.782805e-03,0.044255,6.372782e-04,3.330539e+00,804,1,0,1,1,0
011_banana,s1_gate_off_011_banana_t7,complete_only,859,0.865138,0.029014,1.255428e-05,4.704710e-05,2526,0.019343,8.354598e-06,0.038685,2.058346e-05,6.771896e-01,774,1,0,1,1,1
011_banana,s1_gate_off_011_banana_t8,complete_only,471,0.890477,0.031656,1.005996e-05,2.829447e-05,2186,0.021104,3.687276e-05,0.042207,9.415695e-06,5.216671e-01,508,1,0,1,1,0
011_banana,s1_gate_off_011_banana_t9,complete_only,1455,0.586742,0.032242,8.688841e-04,4.115068e-03,1626,0.021494,1.918048e-03,0.042989,5.395438e-04,2.273952e+00,672,1,0,1,1,0
025_mug,s1_gate_fp_030_min_025_mug_t0,complete_epi,75,0.889037,0.019955,2.283562e-06,nan,,nan,,nan,,3.294442e-01,223,1,0,1,1,1
025_mug,s1_gate_fp_030_min_025_mug_t1,complete_epi,3,0.940792,0.020271,1.849402e-06,nan,,nan,,nan,,3.149357e-01,235,1,0,1,1,1
025_mug,s1_gate_fp_030_min_025_mug_t2,complete_epi,65,0.930394,0.021616,1.105035e-05,nan,,nan,,nan,,2.938948e-01,110,1,0,1,1,1
025_mug,s1_gate_fp_030_min_025_mug_t3,complete_epi,109,0.894434,0.020396,9.042798e-07,nan,,nan,,nan,,8.596795e-01,814,1,0,1,1,0
025_mug,s1_gate_fp_030_min_025_mug_t4,complete_epi,9,0.948414,0.022130,6.832386e-06,nan,,nan,,nan,,3.212073e-01,145,1,0,1,1,1
025_mug,s1_gate_fp_030_min_025_mug_t5,complete_epi,16,0.942474,0.027224,0.000000e+00,nan,,nan,,nan,,9.497173e-02,78,1,0,1,1,1
025_mug,s1_gate_fp_030_min_025_mug_t6,complete_epi,18,0.945006,0.020404,2.325661e-06,nan,,nan,,nan,,3.052621e-01,275,1,0,1,1,1
025_mug,s1_gate_fp_030_min_025_mug_t7,complete_epi,127,0.911445,0.020286,8.896636e-07,nan,,nan,,nan,,3.645541e-01,320,1,0,1,1,0
025_mug,s1_gate_fp_030_min_025_mug_t8,complete_epi,147,0.918307,0.024849,8.443367e-06,nan,,nan,,nan,,4.119709e-01,162,1,0,1,1,1
025_mug,s1_gate_fp_030_min_025_mug_t9,complete_epi,13,0.938411,0.020849,2.539725e-06,nan,,nan,,nan,,3.207098e-01,217,1,0,1,1,1
006_mustard_bottle,s1_hetero_patch_fp_030_min_006_mustard_bottle_t0,hetero_patch,0,0.868494,0.031806,0.000000e+00,nan,,nan,,nan,,1.077436e-01,221,1,0,1,1,1
006_mustard_bottle,s1_hetero_patch_fp_030_min_006_mustard_bottle_t1,hetero_patch,1,0.972603,0.021840,8.484134e-07,nan,,nan,,nan,,3.568522e-01,255,1,0,1,1,0
006_mustard_bottle,s1_hetero_patch_fp_030_min_006_mustard_bottle_t2,hetero_patch,31,0.915972,0.030513,1.644957e-06,nan,,nan,,nan,,5.680487e-01,357,1,0,1,1,1
006_mustard_bottle,s1_hetero_patch_fp_030_min_006_mustard_bottle_t3,hetero_patch,1,0.839500,0.031558,1.226525e-06,nan,,nan,,nan,,5.112617e-01,396,1,0,1,1,1
006_mustard_bottle,s1_hetero_patch_fp_030_min_006_mustard_bottle_t4,hetero_patch,0,0.874108,0.031912,1.120450e-06,nan,,nan,,nan,,4.602769e-01,387,1,0,1,1,1
006_mustard_bottle,s1_hetero_patch_fp_030_min_006_mustard_bottle_t5,hetero_patch,23,0.812670,0.032339,1.779810e-06,nan,,nan,,nan,,1.041912e+00,838,1,0,1,1,1
006_mustard_bottle,s1_hetero_patch_fp_030_min_006_mustard_bottle_t6,hetero_patch,2,0.918385,0.032054,1.374255e-06,nan,,nan,,nan,,4.433544e-01,331,1,0,1,1,1
006_mustard_bottle,s1_hetero_patch_fp_030_min_006_mustard_bottle_t7,hetero_patch,0,0.898675,0.032217,6.965702e-07,nan,,nan,,nan,,2.456236e-01,211,1,0,1,1,1
006_mustard_bottle,s1_hetero_patch_fp_030_min_006_mustard_bottle_t8,hetero_patch,1,0.909035,0.066392,4.919384e-06,nan,,nan,,nan,,5.674224e+00,2480,1,0,1,1,1
006_mustard_bottle,s1_hetero_patch_fp_030_min_006_mustard_bottle_t9,hetero_patch,333,0.754716,0.032555,1.728608e-06,nan,,nan,,nan,,4.631230e-01,326,1,0,1,1,1
051_large_clamp,s1_hetero_patch_fp_030_min_051_large_clamp_t0,hetero_patch,1,0.958147,0.029898,0.000000e+00,nan,,nan,,nan,,1.481296e-01,224,1,0,1,1,1
051_large_clamp,s1_hetero_patch_fp_030_min_051_large_clamp_t1,hetero_patch,0,0.972767,0.044911,0.000000e+00,nan,,nan,,nan,,2.901319e-03,169,1,0,1,1,1
051_large_clamp,s1_hetero_patch_fp_030_min_051_large_clamp_t3,hetero_patch,108,0.932471,0.031441,0.000000e+00,nan,,nan,,nan,,0.000000e+00,139,1,0,1,1,0
051_large_clamp,s1_hetero_patch_fp_030_min_051_large_clamp_t4,hetero_patch,17,0.954855,0.032012,0.000000e+00,nan,,nan,,nan,,3.431466e-02,153,1,0,1,1,1
051_large_clamp,s1_hetero_patch_fp_030_min_051_large_clamp_t5,hetero_patch,0,0.965832,0.032430,3.263368e-08,nan,,nan,,nan,,3.575430e-01,345,1,0,1,1,0
051_large_clamp,s1_hetero_patch_fp_030_min_051_large_clamp_t6,hetero_patch,19,0.963995,0.029938,0.000000e+00,nan,,nan,,nan,,0.000000e+00,132,1,0,1,1,0
051_large_clamp,s1_hetero_patch_fp_030_min_051_large_clamp_t7,hetero_patch,1,0.974692,0.032434,3.555187e-06,nan,,nan,,nan,,4.227017e-01,293,1,0,1,1,1
051_large_clamp,s1_hetero_patch_fp_030_min_051_large_clamp_t8,hetero_patch,5,0.959523,0.031265,0.000000e+00,nan,,nan,,nan,,0.000000e+00,233,1,0,1,1,0
051_large_clamp,s1_hetero_patch_fp_030_min_051_large_clamp_t9,hetero_patch,7,0.957243,0.032262,0.000000e+00,nan,,nan,,nan,,0.000000e+00,161,1,0,1,1,1
011_banana,s1_partial_only_011_banana_t0,partial_only,16,0.970081,,,,,,,,,,,1,0,1,1,1
011_banana,s1_partial_only_011_banana_t1,partial_only,143,0.953321,,,,,,,,,,,1,0,1,1,0
011_banana,s1_partial_only_011_banana_t2,partial_only,252,0.957563,,,,,,,,,,,1,0,1,1,1
011_banana,s1_partial_only_011_banana_t3,partial_only,4,0.985405,,,,,,,,,,,1,0,1,1,1
011_banana,s1_partial_only_011_banana_t4,partial_only,461,0.937783,,,,,,,,,,,1,0,1,1,0
011_banana,s1_partial_only_011_banana_t5,partial_only,370,0.941133,,,,,,,,,,,1,0,1,1,0
011_banana,s1_partial_only_011_banana_t6,partial_only,33,0.976751,,,,,,,,,,,1,0,1,1,1
011_banana,s1_partial_only_011_banana_t7,partial_only,259,0.944988,,,,,,,,,,,1,0,1,1,1
011_banana,s1_partial_only_011_banana_t8,partial_only,19,0.973080,,,,,,,,,,,1,0,1,1,1
011_banana,s1_partial_only_011_banana_t9,partial_only,175,0.972552,,,,,,,,,,,1,0,1,1,1
025_mug,s1_duarte_mcd_025_mug_t0,duarte_mcd,42,0.931704,,,,,,,,,1.302655e-01,123,1,0,1,1,1
025_mug,s1_duarte_mcd_025_mug_t2,duarte_mcd,10,0.933735,,,,,,,,,2.495424e-01,234,1,0,1,1,1
025_mug,s1_duarte_mcd_025_mug_t3,duarte_mcd,195,0.889235,,,,,,,,,0.000000e+00,47,1,0,1,1,1
025_mug,s1_duarte_mcd_025_mug_t4,duarte_mcd,19,0.954567,,,,,,,,,2.052540e-01,164,1,0,1,1,1
025_mug,s1_duarte_mcd_025_mug_t5,duarte_mcd,33,0.883530,,,,,,,,,4.491207e-02,77,1,0,1,1,1
025_mug,s1_duarte_mcd_025_mug_t6,duarte_mcd,56,0.923302,,,,,,,,,1.912311e-01,263,1,0,1,1,1
025_mug,s1_duarte_mcd_025_mug_t8,duarte_mcd,69,0.931127,,,,,,,,,1.359342e-01,132,1,0,1,1,1
025_mug,s1_duarte_mcd_025_mug_t9,duarte_mcd,146,0.890870,,,,,,,,,1.301731e-01,177,1,0,1,1,1
006_mustard_bottle,s2_gate_off_006_mustard_bottle_t0,complete_only,0,0.893073,0.032013,1.775306e-05,2.439753e-05,2147,0.021342,4.508662e-06,0.042684,2.451948e-05,7.505451e-01,786,1,0,1,1,1
006_mustard_bottle,s2_gate_off_006_mustard_bottle_t1,complete_only,4,0.870234,0.031590,1.650441e-05,3.901942e-05,1543,0.021060,1.457998e-05,0.042120,1.825580e-05,8.404303e-01,326,1,0,1,1,1
006_mustard_bottle,s2_gate_off_006_mustard_bottle_t2,complete_only,2,0.915970,0.030067,7.047079e-06,3.940034e-05,1230,0.020045,1.157419e-05,0.040089,5.668658e-06,5.324063e-01,258,1,0,1,1,1
006_mustard_bottle,s2_gate_off_006_mustard_bottle_t3,complete_only,0,0.905125,0.032265,5.909464e-06,1.182554e-05,1667,0.021510,5.703362e-06,0.043020,5.756554e-06,4.908981e-01,386,1,0,1,1,1
006_mustard_bottle,s2_gate_off_006_mustard_bottle_t4,complete_only,24,0.887548,0.031263,9.020516e-06,3.144149e-05,1924,0.020842,6.217548e-06,0.041684,9.717926e-06,4.754929e-01,524,1,0,1,1,1
006_mustard_bottle,s2_gate_off_006_mustard_bottle_t5,complete_only,113,0.805726,0.032008,2.050849e-05,6.302801e-05,1812,0.021339,1.061596e-05,0.042677,3.103995e-05,9.500352e-01,753,1,0,1,1,1
006_mustard_bottle,s2_gate_off_006_mustard_bottle_t6,complete_only,0,0.945108,0.019759,1.915134e-06,2.793849e-06,2009,0.013173,1.866519e-06,0.026346,1.753539e-06,7.727235e-01,992,1,0,1,1,1
006_mustard_bottle,s2_gate_off_006_mustard_bottle_t7,complete_only,23,0.887721,0.030970,5.704845e-06,1.386306e-05,1629,0.020647,5.876193e-06,0.041294,5.329961e-06,8.394324e-01,533,1,0,1,1,1
006_mustard_bottle,s2_gate_off_006_mustard_bottle_t8,complete_only,67,0.845924,0.031938,1.303449e-05,3.074995e-05,1566,0.021292,1.170732e-05,0.042584,1.374891e-05,5.140572e-01,203,1,0,1,1,1
006_mustard_bottle,s2_gate_off_006_mustard_bottle_t9,complete_only,0,0.924231,0.030767,5.239734e-06,1.514981e-05,1920,0.020511,3.909857e-06,0.041023,6.975328e-06,4.413215e-01,700,1,0,1,1,0
051_large_clamp,s2_gate_off_051_large_clamp_t0,complete_only,6,0.954715,0.030638,0.000000e+00,0.000000e+00,871,0.020425,0.000000e+00,0.040851,0.000000e+00,0.000000e+00,208,1,0,1,1,1
051_large_clamp,s2_gate_off_051_large_clamp_t1,complete_only,0,0.965188,0.028826,0.000000e+00,0.000000e+00,735,0.019217,0.000000e+00,0.038434,0.000000e+00,0.000000e+00,169,1,0,1,1,0
051_large_clamp,s2_gate_off_051_large_clamp_t2,complete_only,1,0.968449,0.033760,4.292046e-06,1.464515e-05,2199,0.022507,1.723921e-06,0.045014,5.856052e-06,1.942457e-01,314,1,0,1,1,1
051_large_clamp,s2_gate_off_051_large_clamp_t3,complete_only,11,0.949955,0.031870,4.190299e-05,1.853136e-04,1995,0.021247,4.842443e-05,0.042493,3.784576e-05,1.295064e+00,746,1,0,1,1,1
051_large_clamp,s2_gate_off_051_large_clamp_t5,complete_only,4,0.959663,0.031822,0.000000e+00,0.000000e+00,688,0.021214,0.000000e+00,0.042429,1.028656e-06,0.000000e+00,175,1,0,1,1,0
051_large_clamp,s2_gate_off_051_large_clamp_t6,complete_only,44,0.953804,0.030887,1.259906e-05,4.929205e-05,2556,0.020591,1.776220e-05,0.041183,1.112926e-05,8.496138e-01,688,1,0,1,1,1
051_large_clamp,s2_gate_off_051_large_clamp_t7,complete_only,42,0.956783,0.030761,3.004768e-06,1.414419e-05,2774,0.020507,2.370849e-06,0.041014,3.263007e-06,5.145833e-01,497,1,0,1,1,1
051_large_clamp,s2_gate_off_051_large_clamp_t8,complete_only,0,0.981700,0.024125,1.146123e-06,5.921215e-06,2104,0.016084,5.234638e-07,0.032167,1.776047e-06,0.000000e+00,573,1,0,1,1,1
051_large_clamp,s2_gate_off_051_large_clamp_t9,complete_only,169,0.923943,0.028297,8.004032e-05,1.583966e-04,449,0.018865,9.127687e-05,0.037729,2.007748e-05,3.477040e-01,99,1,0,1,1,0
011_banana,s2_gate_fp_030_min_011_banana_t0,complete_epi,1275,0.740573,0.032968,8.522978e-07,nan,,nan,,nan,,1.010983e+00,874,1,0,1,1,1
011_banana,s2_gate_fp_030_min_011_banana_t1,complete_epi,1425,0.681105,0.031904,2.335055e-07,nan,,nan,,nan,,4.160277e-01,374,1,0,1,1,0
011_banana,s2_gate_fp_030_min_011_banana_t2,complete_epi,959,0.800426,0.032186,3.079255e-07,nan,,nan,,nan,,1.673862e+00,898,1,0,1,1,1
011_banana,s2_gate_fp_030_min_011_banana_t3,complete_epi,1450,0.576793,0.032837,5.831428e-07,nan,,nan,,nan,,4.846109e-01,332,1,0,1,1,0
011_banana,s2_gate_fp_030_min_011_banana_t4,complete_epi,1522,0.620339,0.031795,2.361384e-07,nan,,nan,,nan,,3.936465e-01,345,1,0,1,1,1
011_banana,s2_gate_fp_030_min_011_banana_t5,complete_epi,1720,0.385889,0.031601,5.451012e-07,nan,,nan,,nan,,7.426537e-01,642,1,0,1,1,0
011_banana,s2_gate_fp_030_min_011_banana_t6,complete_epi,101,0.930836,0.032391,9.204637e-07,nan,,nan,,nan,,1.402460e+00,1061,1,0,1,1,1
011_banana,s2_gate_fp_030_min_011_banana_t7,complete_epi,1674,0.487089,0.031876,9.322226e-07,nan,,nan,,nan,,3.803942e-01,382,1,0,1,1,1
011_banana,s2_gate_fp_030_min_011_banana_t8,complete_epi,1584,0.555933,0.031520,1.170649e-07,nan,,nan,,nan,,5.159394e-01,334,1,0,1,1,0
011_banana,s2_gate_fp_030_min_011_banana_t9,complete_epi,1249,0.727476,0.031817,3.496263e-08,nan,,nan,,nan,,1.346160e+00,1026,1,0,1,1,0
025_mug,s2_hetero_patch_fp_030_min_025_mug_t0,hetero_patch,91,0.913680,0.020731,2.231481e-06,nan,,nan,,nan,,3.890913e-01,230,1,0,1,1,1
025_mug,s2_hetero_patch_fp_030_min_025_mug_t1,hetero_patch,125,0.913302,0.019764,5.675200e-06,nan,,nan,,nan,,2.913672e-01,133,1,0,1,1,1
025_mug,s2_hetero_patch_fp_030_min_025_mug_t3,hetero_patch,76,0.930269,0.022059,3.698792e-06,nan,,nan,,nan,,2.765455e-01,152,1,0,1,1,1
025_mug,s2_hetero_patch_fp_030_min_025_mug_t5,hetero_patch,121,0.927520,0.020714,3.449214e-06,nan,,nan,,nan,,5.124613e-01,243,1,0,1,1,1
025_mug,s2_hetero_patch_fp_030_min_025_mug_t6,hetero_patch,186,0.878719,0.022825,1.638154e-06,nan,,nan,,nan,,4.109799e-01,372,1,0,1,1,0
025_mug,s2_hetero_patch_fp_030_min_025_mug_t7,hetero_patch,100,0.916287,0.021867,1.647788e-06,nan,,nan,,nan,,2.899247e-01,268,1,0,1,1,1
025_mug,s2_hetero_patch_fp_030_min_025_mug_t8,hetero_patch,73,0.921912,0.020681,6.240467e-06,nan,,nan,,nan,,5.352065e-01,212,1,0,1,1,1
025_mug,s2_hetero_patch_fp_030_min_025_mug_t9,hetero_patch,124,0.930215,0.021151,1.111617e-06,nan,,nan,,nan,,5.593449e-02,118,1,0,1,1,1
006_mustard_bottle,s2_partial_only_006_mustard_bottle_t0,partial_only,330,0.875522,,,,,,,,,,,1,0,1,1,1
006_mustard_bottle,s2_partial_only_006_mustard_bottle_t1,partial_only,40,0.940160,,,,,,,,,,,1,0,1,1,1
006_mustard_bottle,s2_partial_only_006_mustard_bottle_t2,partial_only,14,0.920554,,,,,,,,,,,1,0,1,1,0
006_mustard_bottle,s2_partial_only_006_mustard_bottle_t3,partial_only,4,0.948244,,,,,,,,,,,1,0,1,1,1
006_mustard_bottle,s2_partial_only_006_mustard_bottle_t4,partial_only,208,0.908770,,,,,,,,,,,1,0,1,1,0
006_mustard_bottle,s2_partial_only_006_mustard_bottle_t5,partial_only,242,0.893406,,,,,,,,,,,1,0,1,1,1
006_mustard_bottle,s2_partial_only_006_mustard_bottle_t6,partial_only,6,0.937129,,,,,,,,,,,1,0,1,1,1
006_mustard_bottle,s2_partial_only_006_mustard_bottle_t7,partial_only,6,0.955406,,,,,,,,,,,1,0,1,1,1
006_mustard_bottle,s2_partial_only_006_mustard_bottle_t8,partial_only,8,0.949678,,,,,,,,,,,1,0,1,1,1
006_mustard_bottle,s2_partial_only_006_mustard_bottle_t9,partial_only,47,0.961511,,,,,,,,,,,1,0,1,1,0
051_large_clamp,s2_partial_only_051_large_clamp_t0,partial_only,2,0.956904,,,,,,,,,,,1,0,1,1,0
051_large_clamp,s2_partial_only_051_large_clamp_t1,partial_only,959,0.830368,,,,,,,,,,,1,0,1,1,0
051_large_clamp,s2_partial_only_051_large_clamp_t2,partial_only,0,0.981831,,,,,,,,,,,1,0,1,1,0
051_large_clamp,s2_partial_only_051_large_clamp_t3,partial_only,3,0.967287,,,,,,,,,,,1,0,1,1,0
051_large_clamp,s2_partial_only_051_large_clamp_t4,partial_only,0,0.968904,,,,,,,,,,,1,0,1,1,1
051_large_clamp,s2_partial_only_051_large_clamp_t5,partial_only,0,0.965737,,,,,,,,,,,1,0,1,1,0
051_large_clamp,s2_partial_only_051_large_clamp_t6,partial_only,0,0.981173,,,,,,,,,,,1,0,1,1,1
051_large_clamp,s2_partial_only_051_large_clamp_t7,partial_only,0,0.962821,,,,,,,,,,,1,0,1,1,0
051_large_clamp,s2_partial_only_051_large_clamp_t8,partial_only,0,0.969746,,,,,,,,,,,1,0,1,1,1
051_large_clamp,s2_partial_only_051_large_clamp_t9,partial_only,70,0.930155,,,,,,,,,,,1,0,1,1,0
011_banana,s2_duarte_mcd_011_banana_t0,duarte_mcd,1234,0.734683,,,,,,,,,2.791691e-01,384,1,0,1,1,1
011_banana,s2_duarte_mcd_011_banana_t1,duarte_mcd,1288,0.726523,,,,,,,,,2.497368e-01,374,1,0,1,1,0
011_banana,s2_duarte_mcd_011_banana_t2,duarte_mcd,1078,0.817773,,,,,,,,,4.475417e-01,701,1,0,1,1,1
011_banana,s2_duarte_mcd_011_banana_t3,duarte_mcd,1808,0.244368,,,,,,,,,3.968212e-01,529,1,0,1,1,0
011_banana,s2_duarte_mcd_011_banana_t4,duarte_mcd,883,0.845582,,,,,,,,,5.610984e-01,817,1,0,1,1,1
011_banana,s2_duarte_mcd_011_banana_t5,duarte_mcd,1907,0.103991,,,,,,,,,5.526292e-01,769,1,0,1,1,1
011_banana,s2_duarte_mcd_011_banana_t6,duarte_mcd,643,0.868838,,,,,,,,,8.293216e-01,858,1,0,1,1,1
011_banana,s2_duarte_mcd_011_banana_t7,duarte_mcd,1492,0.615034,,,,,,,,,1.698071e-01,341,1,0,1,1,1
011_banana,s2_duarte_mcd_011_banana_t8,duarte_mcd,1331,0.713237,,,,,,,,,1.526709e-01,279,1,0,1,1,0
011_banana,s2_duarte_mcd_011_banana_t9,duarte_mcd,1211,0.751926,,,,,,,,,2.297725e-01,265,1,0,1,1,0
035_power_drill,s0_gate_off_035_power_drill_t0,complete_only,346,0.873232,0.041577,1.415619e-04,3.439721e-04,1068,0.027718,2.878588e-05,0.055436,2.248765e-04,5.796926e-01,285,1,0,1,1,1
035_power_drill,s0_gate_off_035_power_drill_t1,complete_only,0,0.938876,0.023207,8.474133e-06,3.099191e-05,2328,0.015471,7.917197e-06,0.030943,1.507745e-05,1.519194e+00,1449,1,0,1,1,0
035_power_drill,s0_gate_off_035_power_drill_t2,complete_only,254,0.869058,0.043458,1.115028e-04,1.786873e-04,935,0.028972,6.201236e-05,0.057944,1.100144e-04,6.872607e-02,135,1,0,1,1,1
035_power_drill,s0_gate_off_035_power_drill_t4,complete_only,41,0.916083,0.041436,1.125932e-06,6.977527e-06,966,0.027624,0.000000e+00,0.055248,1.352805e-06,0.000000e+00,164,1,0,1,1,1
035_power_drill,s0_gate_off_035_power_drill_t6,complete_only,220,0.858563,0.039417,8.777907e-07,6.158927e-06,601,0.026278,0.000000e+00,0.052556,1.806149e-06,0.000000e+00,161,1,0,1,1,1
035_power_drill,s0_gate_off_035_power_drill_t7,complete_only,43,0.965891,0.028436,1.035436e-05,4.722932e-05,2373,0.018957,1.619195e-05,0.037915,8.540546e-06,1.310722e+00,967,1,0,1,1,1
035_power_drill,s0_gate_off_035_power_drill_t9,complete_only,26,0.902645,0.039402,9.544362e-07,3.485772e-06,718,0.026268,0.000000e+00,0.052536,7.330712e-07,0.000000e+00,173,1,0,1,1,1
021_bleach_cleanser,s0_gate_fp_030_min_021_bleach_cleanser_t0,complete_epi,205,0.882517,0.039125,0.000000e+00,nan,,nan,,nan,,1.881939e-01,132,1,0,1,1,1
021_bleach_cleanser,s0_gate_fp_030_min_021_bleach_cleanser_t2,complete_epi,138,0.906660,0.039861,0.000000e+00,nan,,nan,,nan,,1.337797e-01,97,1,0,1,1,0
021_bleach_cleanser,s0_gate_fp_030_min_021_bleach_cleanser_t3,complete_epi,43,0.926019,0.040132,4.961779e-06,nan,,nan,,nan,,1.009184e-01,80,1,0,1,1,1
021_bleach_cleanser,s0_gate_fp_030_min_021_bleach_cleanser_t4,complete_epi,9,0.952054,0.020483,0.000000e+00,nan,,nan,,nan,,3.960346e-03,466,1,0,1,1,0
021_bleach_cleanser,s0_gate_fp_030_min_021_bleach_cleanser_t5,complete_epi,45,0.908090,0.040092,0.000000e+00,nan,,nan,,nan,,1.671636e-01,104,1,0,1,1,0
021_bleach_cleanser,s0_gate_fp_030_min_021_bleach_cleanser_t6,complete_epi,177,0.904297,0.039325,0.000000e+00,nan,,nan,,nan,,1.219360e-01,114,1,0,1,1,1
021_bleach_cleanser,s0_gate_fp_030_min_021_bleach_cleanser_t8,complete_epi,669,0.818409,0.038868,0.000000e+00,nan,,nan,,nan,,1.269136e-01,126,1,0,1,1,1
021_bleach_cleanser,s0_gate_fp_030_min_021_bleach_cleanser_t9,complete_epi,60,0.856013,0.063351,0.000000e+00,nan,,nan,,nan,,4.153372e-01,390,1,0,1,1,0
005_tomato_soup_can,s0_hetero_patch_fp_030_min_005_tomato_soup_can_t0,hetero_patch,21,0.865741,0.019010,4.283858e-07,nan,,nan,,nan,,2.467909e-01,621,1,0,1,1,1
005_tomato_soup_can,s0_hetero_patch_fp_030_min_005_tomato_soup_can_t1,hetero_patch,173,0.833925,0.019025,4.985253e-07,nan,,nan,,nan,,2.453490e-01,629,1,0,1,1,1
005_tomato_soup_can,s0_hetero_patch_fp_030_min_005_tomato_soup_can_t2,hetero_patch,29,0.887883,0.019119,4.896256e-07,nan,,nan,,nan,,4.751396e-01,882,1,0,1,1,0
005_tomato_soup_can,s0_hetero_patch_fp_030_min_005_tomato_soup_can_t3,hetero_patch,90,0.862692,0.019005,4.201794e-07,nan,,nan,,nan,,5.040334e-01,886,1,0,1,1,0
005_tomato_soup_can,s0_hetero_patch_fp_030_min_005_tomato_soup_can_t4,hetero_patch,41,0.880009,0.018785,5.238993e-07,nan,,nan,,nan,,3.005231e-01,684,1,0,1,1,1
005_tomato_soup_can,s0_hetero_patch_fp_030_min_005_tomato_soup_can_t5,hetero_patch,45,0.868959,0.018970,3.129637e-07,nan,,nan,,nan,,3.338120e-01,736,1,0,1,1,0
005_tomato_soup_can,s0_hetero_patch_fp_030_min_005_tomato_soup_can_t6,hetero_patch,19,0.889593,0.019126,4.861056e-07,nan,,nan,,nan,,3.474182e-01,754,1,0,1,1,1
005_tomato_soup_can,s0_hetero_patch_fp_030_min_005_tomato_soup_can_t7,hetero_patch,5,0.880475,0.024033,6.445917e-07,nan,,nan,,nan,,5.071140e-01,864,1,0,1,1,1
005_tomato_soup_can,s0_hetero_patch_fp_030_min_005_tomato_soup_can_t8,hetero_patch,17,0.872880,0.018802,5.037670e-07,nan,,nan,,nan,,5.694645e-01,927,1,0,1,1,1
005_tomato_soup_can,s0_hetero_patch_fp_030_min_005_tomato_soup_can_t9,hetero_patch,17,0.883164,0.019193,3.812377e-07,nan,,nan,,nan,,4.018850e-01,798,1,0,1,1,0
061_foam_brick,s0_hetero_patch_fp_030_min_061_foam_brick_t0,hetero_patch,681,0.887506,0.016189,7.166106e-07,nan,,nan,,nan,,1.158978e+00,1282,1,0,1,1,1
061_foam_brick,s0_hetero_patch_fp_030_min_061_foam_brick_t1,hetero_patch,22,0.965917,0.016534,1.285279e-06,nan,,nan,,nan,,8.738836e-01,1085,1,0,1,1,1
061_foam_brick,s0_hetero_patch_fp_030_min_061_foam_brick_t2,hetero_patch,1126,0.763044,0.016741,7.348142e-07,nan,,nan,,nan,,1.014921e+00,1297,1,0,1,1,1
061_foam_brick,s0_hetero_patch_fp_030_min_061_foam_brick_t3,hetero_patch,1285,0.618852,0.017003,7.887030e-07,nan,,nan,,nan,,1.339261e+00,1321,1,0,1,1,1
061_foam_brick,s0_hetero_patch_fp_030_min_061_foam_brick_t4,hetero_patch,45,0.971486,0.016781,6.098563e-07,nan,,nan,,nan,,7.472944e-01,911,1,0,1,1,1
061_foam_brick,s0_hetero_patch_fp_030_min_061_foam_brick_t5,hetero_patch,941,0.843989,0.016749,6.988984e-07,nan,,nan,,nan,,8.844532e-01,1135,1,0,1,1,1
061_foam_brick,s0_hetero_patch_fp_030_min_061_foam_brick_t6,hetero_patch,4,0.957302,0.016836,8.143585e-07,nan,,nan,,nan,,6.297459e-01,921,1,0,1,1,1
061_foam_brick,s0_hetero_patch_fp_030_min_061_foam_brick_t7,hetero_patch,555,0.904353,0.017238,2.871032e-07,nan,,nan,,nan,,9.067462e-01,1609,1,0,1,1,0
061_foam_brick,s0_hetero_patch_fp_030_min_061_foam_brick_t8,hetero_patch,380,0.918427,0.016991,7.526731e-07,nan,,nan,,nan,,1.188307e+00,1731,1,0,1,1,1
061_foam_brick,s0_hetero_patch_fp_030_min_061_foam_brick_t9,hetero_patch,0,0.968580,0.016724,7.532763e-07,nan,,nan,,nan,,9.254463e-01,1119,1,0,1,1,1
035_power_drill,s0_partial_only_035_power_drill_t0,partial_only,51,0.933932,,,,,,,,,,,1,0,1,1,1
035_power_drill,s0_partial_only_035_power_drill_t1,partial_only,2,0.925571,,,,,,,,,,,1,0,1,1,1
035_power_drill,s0_partial_only_035_power_drill_t2,partial_only,2,0.962959,,,,,,,,,,,1,0,1,1,1
035_power_drill,s0_partial_only_035_power_drill_t3,partial_only,43,0.950737,,,,,,,,,,,1,0,1,1,0
035_power_drill,s0_partial_only_035_power_drill_t4,partial_only,1,0.925940,,,,,,,,,,,1,0,1,1,0
035_power_drill,s0_partial_only_035_power_drill_t5,partial_only,421,0.930032,,,,,,,,,,,1,0,1,1,0
035_power_drill,s0_partial_only_035_power_drill_t6,partial_only,0,0.944327,,,,,,,,,,,1,0,1,1,1
035_power_drill,s0_partial_only_035_power_drill_t7,partial_only,711,0.941751,,,,,,,,,,,1,0,1,1,0
035_power_drill,s0_partial_only_035_power_drill_t8,partial_only,42,0.940956,,,,,,,,,,,1,0,1,1,1
035_power_drill,s0_partial_only_035_power_drill_t9,partial_only,289,0.905765,,,,,,,,,,,1,0,1,1,0
021_bleach_cleanser,s0_duarte_mcd_021_bleach_cleanser_t0,duarte_mcd,9,0.940300,,,,,,,,,0.000000e+00,79,1,0,1,1,1
021_bleach_cleanser,s0_duarte_mcd_021_bleach_cleanser_t1,duarte_mcd,30,0.911270,,,,,,,,,1.133205e-02,112,1,0,1,1,0
021_bleach_cleanser,s0_duarte_mcd_021_bleach_cleanser_t2,duarte_mcd,76,0.931051,,,,,,,,,1.023840e-01,441,1,0,1,1,0
021_bleach_cleanser,s0_duarte_mcd_021_bleach_cleanser_t3,duarte_mcd,26,0.945694,,,,,,,,,2.904077e-02,108,1,0,1,1,1
021_bleach_cleanser,s0_duarte_mcd_021_bleach_cleanser_t4,duarte_mcd,47,0.937647,,,,,,,,,2.904111e-02,134,1,0,1,1,0
021_bleach_cleanser,s0_duarte_mcd_021_bleach_cleanser_t5,duarte_mcd,123,0.914539,,,,,,,,,8.806160e-02,487,1,0,1,1,0
021_bleach_cleanser,s0_duarte_mcd_021_bleach_cleanser_t6,duarte_mcd,6,0.942784,,,,,,,,,4.118227e-02,105,1,0,1,1,1
021_bleach_cleanser,s0_duarte_mcd_021_bleach_cleanser_t7,duarte_mcd,257,0.931059,,,,,,,,,4.367098e-01,716,1,0,1,1,0
021_bleach_cleanser,s0_duarte_mcd_021_bleach_cleanser_t8,duarte_mcd,27,0.931099,,,,,,,,,2.011445e-02,125,1,0,1,1,1
021_bleach_cleanser,s0_duarte_mcd_021_bleach_cleanser_t9,duarte_mcd,38,0.951496,,,,,,,,,0.000000e+00,153,1,0,1,1,0
005_tomato_soup_can,s1_gate_off_005_tomato_soup_can_t0,complete_only,58,0.871451,0.019058,5.458702e-07,1.655340e-06,559,0.012706,6.255467e-07,0.025411,5.502291e-07,3.148922e-01,739,1,0,1,1,1
005_tomato_soup_can,s1_gate_off_005_tomato_soup_can_t1,complete_only,104,0.854653,0.019095,7.972581e-07,1.457178e-06,671,0.012730,8.038131e-07,0.025459,8.163059e-07,4.340060e-01,844,1,0,1,1,0
005_tomato_soup_can,s1_gate_off_005_tomato_soup_can_t2,complete_only,27,0.874957,0.018663,5.600790e-07,1.882501e-06,413,0.012442,3.411744e-07,0.024884,6.717635e-07,2.676814e-01,672,1,0,1,1,1
005_tomato_soup_can,s1_gate_off_005_tomato_soup_can_t3,complete_only,60,0.867786,0.018831,8.329704e-07,1.664847e-06,735,0.012554,7.891080e-07,0.025108,8.420464e-07,5.488530e-01,991,1,0,1,1,1
005_tomato_soup_can,s1_gate_off_005_tomato_soup_can_t4,complete_only,28,0.890414,0.019087,7.924494e-07,1.482580e-06,726,0.012724,7.541393e-07,0.025449,7.910787e-07,4.903980e-01,943,1,0,1,1,1
005_tomato_soup_can,s1_gate_off_005_tomato_soup_can_t5,complete_only,23,0.891765,0.018940,7.191207e-07,1.733106e-06,522,0.012627,6.780517e-07,0.025254,6.934946e-07,2.834229e-01,668,1,0,1,1,1
005_tomato_soup_can,s1_gate_off_005_tomato_soup_can_t6,complete_only,33,0.871103,0.018964,1.039612e-06,1.642691e-06,858,0.012642,1.389321e-06,0.025285,9.994295e-07,5.469567e-01,982,1,0,1,1,1
005_tomato_soup_can,s1_gate_off_005_tomato_soup_can_t7,complete_only,772,0.546540,0.027321,3.871759e-06,5.333625e-06,1320,0.018214,1.670752e-06,0.036428,1.236670e-05,4.931767e-01,654,1,0,1,1,0
005_tomato_soup_can,s1_gate_off_005_tomato_soup_can_t8,complete_only,22,0.885692,0.018775,7.082579e-07,1.477516e-06,580,0.012517,6.622673e-07,0.025033,7.394949e-07,3.382380e-01,779,1,0,1,1,1
061_foam_brick,s1_gate_off_061_foam_brick_t0,complete_only,820,0.865222,0.016198,1.974097e-06,6.611890e-06,513,0.010799,2.644179e-06,0.021597,2.517976e-06,8.150537e-01,1178,1,0,1,1,1
061_foam_brick,s1_gate_off_061_foam_brick_t1,complete_only,1203,0.715681,0.016605,6.801680e-05,3.808998e-04,333,0.011070,5.914679e-05,0.022140,3.054109e-05,7.598132e-01,1106,1,0,1,1,1
061_foam_brick,s1_gate_off_061_foam_brick_t2,complete_only,539,0.919464,0.017430,5.575056e-07,1.011295e-06,974,0.011620,5.892628e-07,0.023239,5.560289e-07,1.349107e+00,1960,1,0,1,1,0
061_foam_brick,s1_gate_off_061_foam_brick_t3,complete_only,123,0.938337,0.017384,6.615522e-06,6.283813e-06,1323,0.011590,6.672834e-06,0.023179,1.021503e-05,2.230692e+00,1614,1,0,1,1,1
061_foam_brick,s1_gate_off_061_foam_brick_t4,complete_only,1232,0.666325,0.016626,5.303075e-06,2.072402e-05,875,0.011084,5.187142e-06,0.022167,7.647601e-06,9.759870e-01,1091,1,0,1,1,1
061_foam_brick,s1_gate_off_061_foam_brick_t5,complete_only,0,0.975795,0.016521,1.406762e-06,5.076552e-06,552,0.011014,1.953865e-06,0.022028,1.173833e-05,1.995311e+00,1186,1,0,1,1,1
061_foam_brick,s1_gate_off_061_foam_brick_t6,complete_only,1079,0.736024,0.017350,1.270022e-05,5.715892e-05,1171,0.011567,1.697388e-05,0.023134,1.338015e-05,1.223996e+00,872,1,0,1,1,1
061_foam_brick,s1_gate_off_061_foam_brick_t7,complete_only,879,0.842417,0.017410,1.796260e-04,4.914081e-04,274,0.011606,2.774432e-04,0.023213,6.602919e-05,9.616093e-01,927,1,0,1,1,1
061_foam_brick,s1_gate_off_061_foam_brick_t8,complete_only,336,0.917118,0.016734,3.490936e-07,6.891730e-07,832,0.011156,2.961160e-07,0.022312,3.701318e-07,9.983772e-01,1870,1,0,1,1,1
061_foam_brick,s1_gate_off_061_foam_brick_t9,complete_only,350,0.906460,0.016207,2.378749e-06,7.343826e-06,411,0.010805,3.748331e-06,0.021609,6.451584e-06,1.112125e+00,1237,1,0,1,1,1
035_power_drill,s1_gate_fp_030_min_035_power_drill_t0,complete_epi,993,0.700906,0.041747,0.000000e+00,nan,,nan,,nan,,0.000000e+00,160,1,0,1,1,1
035_power_drill,s1_gate_fp_030_min_035_power_drill_t1,complete_epi,189,0.923327,0.026350,6.806139e-07,nan,,nan,,nan,,1.165439e+00,1265,1,0,1,1,0
035_power_drill,s1_gate_fp_030_min_035_power_drill_t2,complete_epi,481,0.890573,0.020263,1.858888e-06,nan,,nan,,nan,,3.016419e+00,2340,1,0,1,1,0
035_power_drill,s1_gate_fp_030_min_035_power_drill_t3,complete_epi,59,0.911340,0.045530,1.654454e-05,nan,,nan,,nan,,3.206344e-02,133,1,0,1,1,1
035_power_drill,s1_gate_fp_030_min_035_power_drill_t4,complete_epi,13,0.907197,0.043144,0.000000e+00,nan,,nan,,nan,,0.000000e+00,131,1,0,1,1,1
035_power_drill,s1_gate_fp_030_min_035_power_drill_t5,complete_epi,430,0.839275,0.041958,0.000000e+00,nan,,nan,,nan,,2.222665e-02,182,1,0,1,1,0
035_power_drill,s1_gate_fp_030_min_035_power_drill_t6,complete_epi,388,0.854421,0.042436,0.000000e+00,nan,,nan,,nan,,0.000000e+00,137,1,0,1,1,1
035_power_drill,s1_gate_fp_030_min_035_power_drill_t7,complete_epi,247,0.883524,0.032254,6.110283e-07,nan,,nan,,nan,,3.937651e-01,869,1,0,1,1,0
035_power_drill,s1_gate_fp_030_min_035_power_drill_t8,complete_epi,5,0.912059,0.058841,8.586574e-06,nan,,nan,,nan,,4.936620e+00,1888,1,0,1,1,0
035_power_drill,s1_gate_fp_030_min_035_power_drill_t9,complete_epi,7,0.972714,0.016812,1.591734e-06,nan,,nan,,nan,,4.864799e+00,2052,1,0,1,1,0
021_bleach_cleanser,s1_hetero_patch_fp_030_min_021_bleach_cleanser_t0,hetero_patch,12,0.932273,0.038889,7.966837e-07,nan,,nan,,nan,,1.281239e-01,121,1,0,1,1,1
021_bleach_cleanser,s1_hetero_patch_fp_030_min_021_bleach_cleanser_t1,hetero_patch,217,0.892737,0.040654,3.836478e-07,nan,,nan,,nan,,1.378037e-01,76,1,0,1,1,0
021_bleach_cleanser,s1_hetero_patch_fp_030_min_021_bleach_cleanser_t2,hetero_patch,58,0.929687,0.039154,1.267049e-06,nan,,nan,,nan,,1.628496e-02,118,1,0,1,1,1
021_bleach_cleanser,s1_hetero_patch_fp_030_min_021_bleach_cleanser_t3,hetero_patch,665,0.848934,0.039583,0.000000e+00,nan,,nan,,nan,,6.107460e-02,101,1,0,1,1,1
021_bleach_cleanser,s1_hetero_patch_fp_030_min_021_bleach_cleanser_t4,hetero_patch,893,0.797956,0.039547,0.000000e+00,nan,,nan,,nan,,6.754379e-02,137,1,0,1,1,1
021_bleach_cleanser,s1_hetero_patch_fp_030_min_021_bleach_cleanser_t5,hetero_patch,61,0.938358,0.039813,2.395889e-07,nan,,nan,,nan,,8.004903e-02,145,1,0,1,1,1
021_bleach_cleanser,s1_hetero_patch_fp_030_min_021_bleach_cleanser_t6,hetero_patch,230,0.890514,0.039296,7.468033e-07,nan,,nan,,nan,,9.387374e-03,94,1,0,1,1,1
021_bleach_cleanser,s1_hetero_patch_fp_030_min_021_bleach_cleanser_t7,hetero_patch,63,0.919960,0.039591,0.000000e+00,nan,,nan,,nan,,1.041729e-01,139,1,0,1,1,0
021_bleach_cleanser,s1_hetero_patch_fp_030_min_021_bleach_cleanser_t8,hetero_patch,23,0.946973,0.024238,2.619385e-07,nan,,nan,,nan,,1.269314e-02,489,1,0,1,1,0
021_bleach_cleanser,s1_hetero_patch_fp_030_min_021_bleach_cleanser_t9,hetero_patch,47,0.917840,0.040007,0.000000e+00,nan,,nan,,nan,,4.420995e-02,67,1,0,1,1,1
005_tomato_soup_can,s1_partial_only_005_tomato_soup_can_t0,partial_only,0,0.963266,,,,,,,,,,,1,0,1,1,1
005_tomato_soup_can,s1_partial_only_005_tomato_soup_can_t2,partial_only,7,0.951172,,,,,,,,,,,1,0,1,1,1
005_tomato_soup_can,s1_partial_only_005_tomato_soup_can_t3,partial_only,6,0.944517,,,,,,,,,,,1,0,1,1,1
005_tomato_soup_can,s1_partial_only_005_tomato_soup_can_t4,partial_only,0,0.938135,,,,,,,,,,,1,0,1,1,1
005_tomato_soup_can,s1_partial_only_005_tomato_soup_can_t5,partial_only,0,0.957710,,,,,,,,,,,1,0,1,1,1
005_tomato_soup_can,s1_partial_only_005_tomato_soup_can_t6,partial_only,0,0.962297,,,,,,,,,,,1,0,1,1,1
005_tomato_soup_can,s1_partial_only_005_tomato_soup_can_t7,partial_only,2,0.939360,,,,,,,,,,,1,0,1,1,1
005_tomato_soup_can,s1_partial_only_005_tomato_soup_can_t8,partial_only,0,0.959498,,,,,,,,,,,1,0,1,1,1
005_tomato_soup_can,s1_partial_only_005_tomato_soup_can_t9,partial_only,0,0.957421,,,,,,,,,,,1,0,1,1,1
061_foam_brick,s1_partial_only_061_foam_brick_t0,partial_only,108,0.956753,,,,,,,,,,,1,0,1,1,1
061_foam_brick,s1_partial_only_061_foam_brick_t1,partial_only,129,0.957868,,,,,,,,,,,1,0,1,1,1
061_foam_brick,s1_partial_only_061_foam_brick_t2,partial_only,684,0.891317,,,,,,,,,,,1,0,1,1,1
061_foam_brick,s1_partial_only_061_foam_brick_t3,partial_only,608,0.847655,,,,,,,,,,,1,0,1,1,1
061_foam_brick,s1_partial_only_061_foam_brick_t4,partial_only,739,0.779842,,,,,,,,,,,1,0,1,1,1
061_foam_brick,s1_partial_only_061_foam_brick_t5,partial_only,30,0.958011,,,,,,,,,,,1,0,1,1,0
061_foam_brick,s1_partial_only_061_foam_brick_t6,partial_only,770,0.870745,,,,,,,,,,,1,0,1,1,1
061_foam_brick,s1_partial_only_061_foam_brick_t7,partial_only,317,0.930995,,,,,,,,,,,1,0,1,1,1
061_foam_brick,s1_partial_only_061_foam_brick_t8,partial_only,775,0.811275,,,,,,,,,,,1,0,1,1,1
061_foam_brick,s1_partial_only_061_foam_brick_t9,partial_only,442,0.910857,,,,,,,,,,,1,0,1,1,1
035_power_drill,s1_duarte_mcd_035_power_drill_t0,duarte_mcd,192,0.884192,,,,,,,,,0.000000e+00,157,1,0,1,1,1
035_power_drill,s1_duarte_mcd_035_power_drill_t1,duarte_mcd,386,0.869394,,,,,,,,,4.969534e-01,164,1,0,1,1,0
035_power_drill,s1_duarte_mcd_035_power_drill_t3,duarte_mcd,287,0.864881,,,,,,,,,2.678899e-01,217,1,0,1,1,1
035_power_drill,s1_duarte_mcd_035_power_drill_t4,duarte_mcd,1123,0.606856,,,,,,,,,3.155877e-01,283,1,0,1,1,1
035_power_drill,s1_duarte_mcd_035_power_drill_t5,duarte_mcd,262,0.860862,,,,,,,,,1.692252e-02,167,1,0,1,1,0
035_power_drill,s1_duarte_mcd_035_power_drill_t6,duarte_mcd,177,0.914609,,,,,,,,,0.000000e+00,133,1,0,1,1,1
035_power_drill,s1_duarte_mcd_035_power_drill_t7,duarte_mcd,1,0.982851,,,,,,,,,4.183361e-01,247,1,0,1,1,0
035_power_drill,s1_duarte_mcd_035_power_drill_t8,duarte_mcd,455,0.904976,,,,,,,,,2.668109e-01,741,1,0,1,1,0
021_bleach_cleanser,s2_gate_off_021_bleach_cleanser_t0,complete_only,6,0.919747,0.039332,3.286833e-05,2.320738e-04,1007,0.026221,3.663651e-05,0.052442,2.541787e-05,0.000000e+00,122,1,0,1,1,1
021_bleach_cleanser,s2_gate_off_021_bleach_cleanser_t1,complete_only,0,0.949833,0.052301,9.002856e-05,3.832243e-04,1874,0.034867,1.372168e-04,0.069735,8.949288e-05,1.266015e+00,119,1,0,1,1,0
021_bleach_cleanser,s2_gate_off_021_bleach_cleanser_t2,complete_only,1,0.915083,0.023088,1.924192e-04,3.193051e-04,965,0.015392,2.263183e-04,0.030784,1.602113e-04,1.203582e+00,141,1,0,1,1,0
021_bleach_cleanser,s2_gate_off_021_bleach_cleanser_t3,complete_only,718,0.828085,0.039244,5.108675e-06,6.205854e-05,518,0.026163,0.000000e+00,0.052326,1.293055e-05,0.000000e+00,94,1,0,1,1,0
021_bleach_cleanser,s2_gate_off_021_bleach_cleanser_t4,complete_only,14,0.941969,0.038742,6.007164e-05,6.288315e-04,1148,0.025828,6.136132e-05,0.051656,4.699937e-05,2.313137e-01,149,1,0,1,1,1
021_bleach_cleanser,s2_gate_off_021_bleach_cleanser_t5,complete_only,21,0.938884,0.040045,5.498636e-05,3.300018e-04,529,0.026697,6.180721e-05,0.053393,4.112499e-05,0.000000e+00,94,1,0,1,1,1
021_bleach_cleanser,s2_gate_off_021_bleach_cleanser_t7,complete_only,194,0.895624,0.029159,5.051325e-06,2.739995e-05,941,0.019439,1.028911e-05,0.038879,6.405667e-06,6.102901e-02,157,1,0,1,1,0
021_bleach_cleanser,s2_gate_off_021_bleach_cleanser_t8,complete_only,27,0.926286,0.038741,5.487842e-05,2.403200e-04,486,0.025827,4.245418e-05,0.051654,4.122532e-05,1.893914e-01,143,1,0,1,1,1
021_bleach_cleanser,s2_gate_off_021_bleach_cleanser_t9,complete_only,2,0.960258,0.025238,0.000000e+00,0.000000e+00,656,0.016825,0.000000e+00,0.033651,1.442977e-06,0.000000e+00,291,1,0,1,1,0
005_tomato_soup_can,s2_gate_fp_030_min_005_tomato_soup_can_t0,complete_epi,114,0.856181,0.018947,3.737430e-07,nan,,nan,,nan,,3.206462e-01,761,1,0,1,1,1
005_tomato_soup_can,s2_gate_fp_030_min_005_tomato_soup_can_t1,complete_epi,0,0.927452,0.025786,2.410485e-06,nan,,nan,,nan,,7.908148e-01,664,1,0,1,1,0
005_tomato_soup_can,s2_gate_fp_030_min_005_tomato_soup_can_t2,complete_epi,40,0.860866,0.019028,3.593557e-07,nan,,nan,,nan,,1.822139e-01,585,1,0,1,1,1
005_tomato_soup_can,s2_gate_fp_030_min_005_tomato_soup_can_t3,complete_epi,51,0.877387,0.019145,3.647338e-07,nan,,nan,,nan,,2.736427e-01,731,1,0,1,1,1
005_tomato_soup_can,s2_gate_fp_030_min_005_tomato_soup_can_t4,complete_epi,38,0.874397,0.018643,5.057420e-07,nan,,nan,,nan,,2.989857e-01,718,1,0,1,1,1
005_tomato_soup_can,s2_gate_fp_030_min_005_tomato_soup_can_t5,complete_epi,42,0.869259,0.019042,3.984356e-07,nan,,nan,,nan,,4.874559e-01,917,1,0,1,1,1
005_tomato_soup_can,s2_gate_fp_030_min_005_tomato_soup_can_t6,complete_epi,39,0.882186,0.019080,5.127525e-07,nan,,nan,,nan,,4.003555e-01,844,1,0,1,1,0
005_tomato_soup_can,s2_gate_fp_030_min_005_tomato_soup_can_t7,complete_epi,51,0.862497,0.019024,3.519864e-07,nan,,nan,,nan,,2.895418e-01,724,1,0,1,1,0
005_tomato_soup_can,s2_gate_fp_030_min_005_tomato_soup_can_t8,complete_epi,47,0.876644,0.018592,4.266597e-07,nan,,nan,,nan,,4.509238e-01,851,1,0,1,1,1
005_tomato_soup_can,s2_gate_fp_030_min_005_tomato_soup_can_t9,complete_epi,44,0.874530,0.019021,4.729926e-07,nan,,nan,,nan,,4.531072e-01,843,1,0,1,1,1
061_foam_brick,s2_gate_fp_030_min_061_foam_brick_t0,complete_epi,514,0.914789,0.017153,6.808097e-06,nan,,nan,,nan,,1.168709e+00,1553,1,0,1,1,0
061_foam_brick,s2_gate_fp_030_min_061_foam_brick_t1,complete_epi,234,0.960415,0.016699,5.861838e-06,nan,,nan,,nan,,1.712157e+00,1173,1,0,1,1,1
061_foam_brick,s2_gate_fp_030_min_061_foam_brick_t2,complete_epi,200,0.963435,0.018022,1.076201e-05,nan,,nan,,nan,,1.509952e+00,1280,1,0,1,1,1
061_foam_brick,s2_gate_fp_030_min_061_foam_brick_t3,complete_epi,1324,0.550356,0.016480,5.586007e-07,nan,,nan,,nan,,1.282747e+00,1397,1,0,1,1,0
061_foam_brick,s2_gate_fp_030_min_061_foam_brick_t4,complete_epi,596,0.914954,0.016788,7.314366e-06,nan,,nan,,nan,,1.147126e+00,1135,1,0,1,1,1
061_foam_brick,s2_gate_fp_030_min_061_foam_brick_t5,complete_epi,0,0.975688,0.016244,7.779707e-06,nan,,nan,,nan,,1.248203e+00,921,1,0,1,1,1
061_foam_brick,s2_gate_fp_030_min_061_foam_brick_t6,complete_epi,21,0.958923,0.017187,5.010326e-07,nan,,nan,,nan,,1.628869e+00,1972,1,0,1,1,1
061_foam_brick,s2_gate_fp_030_min_061_foam_brick_t7,complete_epi,24,0.959637,0.017484,6.800111e-07,nan,,nan,,nan,,1.634257e+00,1916,1,0,1,1,1
061_foam_brick,s2_gate_fp_030_min_061_foam_brick_t8,complete_epi,403,0.950829,0.016596,1.532426e-06,nan,,nan,,nan,,1.102758e+00,985,1,0,1,1,1
061_foam_brick,s2_gate_fp_030_min_061_foam_brick_t9,complete_epi,868,0.852756,0.016806,1.830193e-06,nan,,nan,,nan,,1.076318e+00,1657,1,0,1,1,0
035_power_drill,s2_hetero_patch_fp_030_min_035_power_drill_t0,hetero_patch,224,0.875719,0.039149,1.250557e-06,nan,,nan,,nan,,3.239758e-01,308,1,0,1,1,1
035_power_drill,s2_hetero_patch_fp_030_min_035_power_drill_t1,hetero_patch,0,0.937803,0.039997,6.956098e-07,nan,,nan,,nan,,3.090905e-01,285,1,0,1,1,1
035_power_drill,s2_hetero_patch_fp_030_min_035_power_drill_t2,hetero_patch,71,0.913251,0.040826,4.726085e-06,nan,,nan,,nan,,3.949219e-01,311,1,0,1,1,0
035_power_drill,s2_hetero_patch_fp_030_min_035_power_drill_t3,hetero_patch,63,0.895348,0.043379,0.000000e+00,nan,,nan,,nan,,0.000000e+00,135,1,0,1,1,1
035_power_drill,s2_hetero_patch_fp_030_min_035_power_drill_t4,hetero_patch,109,0.877813,0.040126,2.623237e-06,nan,,nan,,nan,,2.820390e-01,324,1,0,1,1,1
035_power_drill,s2_hetero_patch_fp_030_min_035_power_drill_t5,hetero_patch,139,0.942593,0.023608,8.711465e-07,nan,,nan,,nan,,1.624436e+00,1540,1,0,1,1,0
035_power_drill,s2_hetero_patch_fp_030_min_035_power_drill_t6,hetero_patch,48,0.922247,0.041719,0.000000e+00,nan,,nan,,nan,,0.000000e+00,120,1,0,1,1,1
035_power_drill,s2_hetero_patch_fp_030_min_035_power_drill_t7,hetero_patch,0,0.965362,0.020343,1.462034e-06,nan,,nan,,nan,,6.205825e-01,553,1,0,1,1,0
035_power_drill,s2_hetero_patch_fp_030_min_035_power_drill_t8,hetero_patch,1604,0.377889,0.054034,4.008289e-06,nan,,nan,,nan,,3.081485e-01,256,1,0,1,1,1
035_power_drill,s2_hetero_patch_fp_030_min_035_power_drill_t9,hetero_patch,541,0.772110,0.045334,9.921651e-07,nan,,nan,,nan,,2.594025e-01,362,1,0,1,1,0
021_bleach_cleanser,s2_partial_only_021_bleach_cleanser_t0,partial_only,20,0.944175,,,,,,,,,,,1,0,1,1,1
021_bleach_cleanser,s2_partial_only_021_bleach_cleanser_t2,partial_only,12,0.949402,,,,,,,,,,,1,0,1,1,0
021_bleach_cleanser,s2_partial_only_021_bleach_cleanser_t3,partial_only,3,0.947480,,,,,,,,,,,1,0,1,1,1
021_bleach_cleanser,s2_partial_only_021_bleach_cleanser_t4,partial_only,46,0.938101,,,,,,,,,,,1,0,1,1,1
021_bleach_cleanser,s2_partial_only_021_bleach_cleanser_t5,partial_only,154,0.908070,,,,,,,,,,,1,0,1,1,1
021_bleach_cleanser,s2_partial_only_021_bleach_cleanser_t6,partial_only,27,0.926489,,,,,,,,,,,1,0,1,1,1
021_bleach_cleanser,s2_partial_only_021_bleach_cleanser_t7,partial_only,308,0.868864,,,,,,,,,,,1,0,1,1,0
021_bleach_cleanser,s2_partial_only_021_bleach_cleanser_t8,partial_only,9,0.935754,,,,,,,,,,,1,0,1,1,1
021_bleach_cleanser,s2_partial_only_021_bleach_cleanser_t9,partial_only,15,0.962109,,,,,,,,,,,1,0,1,1,0
005_tomato_soup_can,s2_duarte_mcd_005_tomato_soup_can_t0,duarte_mcd,126,0.850851,,,,,,,,,1.201743e-01,506,1,0,1,1,1
005_tomato_soup_can,s2_duarte_mcd_005_tomato_soup_can_t1,duarte_mcd,8,0.904357,,,,,,,,,2.811357e-01,589,1,0,1,1,1
005_tomato_soup_can,s2_duarte_mcd_005_tomato_soup_can_t2,duarte_mcd,52,0.876343,,,,,,,,,4.251340e-01,849,1,0,1,1,1
005_tomato_soup_can,s2_duarte_mcd_005_tomato_soup_can_t3,duarte_mcd,665,0.671514,,,,,,,,,0.000000e+00,184,1,0,1,1,0
005_tomato_soup_can,s2_duarte_mcd_005_tomato_soup_can_t4,duarte_mcd,44,0.893166,,,,,,,,,2.626136e-01,603,1,0,1,1,1
005_tomato_soup_can,s2_duarte_mcd_005_tomato_soup_can_t5,duarte_mcd,35,0.880348,,,,,,,,,4.237801e-01,840,1,0,1,1,1
005_tomato_soup_can,s2_duarte_mcd_005_tomato_soup_can_t6,duarte_mcd,108,0.861493,,,,,,,,,1.207971e-01,497,1,0,1,1,1
005_tomato_soup_can,s2_duarte_mcd_005_tomato_soup_can_t7,duarte_mcd,7,0.894844,,,,,,,,,4.019681e-01,828,1,0,1,1,1
005_tomato_soup_can,s2_duarte_mcd_005_tomato_soup_can_t8,duarte_mcd,31,0.888220,,,,,,,,,2.040226e-01,585,1,0,1,1,1
005_tomato_soup_can,s2_duarte_mcd_005_tomato_soup_can_t9,duarte_mcd,33,0.879860,,,,,,,,,4.405456e-01,864,1,0,1,1,1
061_foam_brick,s2_duarte_mcd_061_foam_brick_t0,duarte_mcd,408,0.921772,,,,,,,,,3.474783e-01,1026,1,0,1,1,0
061_foam_brick,s2_duarte_mcd_061_foam_brick_t1,duarte_mcd,45,0.957184,,,,,,,,,5.149117e-01,860,1,0,1,1,1
061_foam_brick,s2_duarte_mcd_061_foam_brick_t2,duarte_mcd,591,0.924889,,,,,,,,,4.033695e-01,951,1,0,1,1,1
061_foam_brick,s2_duarte_mcd_061_foam_brick_t3,duarte_mcd,1194,0.724926,,,,,,,,,7.270856e-01,1226,1,0,1,1,1
061_foam_brick,s2_duarte_mcd_061_foam_brick_t4,duarte_mcd,355,0.934844,,,,,,,,,5.858394e-01,1039,1,0,1,1,1
061_foam_brick,s2_duarte_mcd_061_foam_brick_t5,duarte_mcd,8,0.967559,,,,,,,,,7.517875e-01,962,1,0,1,1,1
061_foam_brick,s2_duarte_mcd_061_foam_brick_t6,duarte_mcd,131,0.928496,,,,,,,,,7.588379e-01,1717,1,0,1,1,1
061_foam_brick,s2_duarte_mcd_061_foam_brick_t7,duarte_mcd,223,0.934554,,,,,,,,,4.804910e-01,1268,1,0,1,1,1
061_foam_brick,s2_duarte_mcd_061_foam_brick_t8,duarte_mcd,460,0.934162,,,,,,,,,5.432381e-01,706,1,0,1,1,1
061_foam_brick,s2_duarte_mcd_061_foam_brick_t9,duarte_mcd,898,0.822116,,,,,,,,,4.133018e-01,1007,1,0,1,1,0
011_banana,s0_gate_off_011_banana_t0,complete_only,1160,0.809122,0.032608,2.336386e-04,1.152187e-03,1594,0.021739,4.621346e-04,0.043477,1.920468e-04,1.081252e+00,366,1,0,1,1,0
011_banana,s0_gate_off_011_banana_t1,complete_only,1667,0.455124,0.031859,4.144996e-04,3.351860e-03,1646,0.021239,2.390540e-03,0.042478,2.721197e-04,1.711769e+00,1017,1,0,1,1,0
011_banana,s0_gate_off_011_banana_t2,complete_only,1370,0.588324,0.030930,6.394188e-05,7.382357e-05,2222,0.020620,3.806870e-05,0.041241,6.760547e-05,6.181119e-01,522,1,0,1,1,0
011_banana,s0_gate_off_011_banana_t3,complete_only,1546,0.635859,0.032911,5.893667e-05,1.999844e-04,1892,0.021941,1.437854e-04,0.043881,6.026764e-05,6.174709e-01,291,1,0,1,1,0
011_banana,s0_gate_off_011_banana_t4,complete_only,1330,0.685165,0.030875,9.418444e-05,6.022079e-04,1368,0.020583,4.715090e-04,0.041167,5.773050e-05,3.375015e-01,401,1,0,1,1,0
011_banana,s0_gate_off_011_banana_t5,complete_only,1077,0.759324,0.032089,1.432812e-05,6.528313e-05,3038,0.021392,1.094455e-05,0.042785,2.739250e-05,6.711986e-01,610,1,0,1,1,1
011_banana,s0_gate_off_011_banana_t6,complete_only,1791,0.374962,0.031142,2.524634e-04,1.218343e-03,1857,0.020761,5.750845e-04,0.041522,2.436322e-04,2.440336e+00,608,1,0,1,1,1
011_banana,s0_gate_off_011_banana_t7,complete_only,842,0.821477,0.031407,1.273610e-05,1.128217e-05,3998,0.020938,1.258871e-05,0.041876,1.518057e-05,1.489810e+00,1238,1,0,1,1,1
011_banana,s0_gate_off_011_banana_t8,complete_only,1805,0.342010,0.031451,2.844359e-05,1.165187e-04,2194,0.020967,2.103336e-05,0.041934,3.086397e-05,8.571064e-01,669,1,0,1,1,0
011_banana,s0_gate_off_011_banana_t9,complete_only,1562,0.543716,0.031363,5.349670e-04,2.721942e-03,1594,0.020909,1.692371e-03,0.041818,3.794588e-04,2.244284e+00,578,1,0,1,1,0
025_mug,s0_gate_fp_030_min_025_mug_t0,complete_epi,24,0.942328,0.020684,1.907563e-06,nan,,nan,,nan,,1.564918e-01,135,1,0,1,1,1
025_mug,s0_gate_fp_030_min_025_mug_t1,complete_epi,65,0.925173,0.021161,5.725026e-06,nan,,nan,,nan,,4.127672e-01,154,1,0,1,1,1
025_mug,s0_gate_fp_030_min_025_mug_t2,complete_epi,15,0.859905,0.028298,1.806884e-06,nan,,nan,,nan,,1.744528e-01,128,1,0,1,1,1
025_mug,s0_gate_fp_030_min_025_mug_t3,complete_epi,48,0.897538,0.021609,3.113441e-06,nan,,nan,,nan,,2.744885e-01,171,1,0,1,1,1
025_mug,s0_gate_fp_030_min_025_mug_t4,complete_epi,16,0.942033,0.020330,6.534988e-06,nan,,nan,,nan,,3.692606e-01,125,1,0,1,1,1
025_mug,s0_gate_fp_030_min_025_mug_t5,complete_epi,277,0.871380,0.020293,0.000000e+00,nan,,nan,,nan,,1.301448e-01,234,1,0,1,1,1
025_mug,s0_gate_fp_030_min_025_mug_t6,complete_epi,59,0.917292,0.044807,5.161499e-06,nan,,nan,,nan,,1.231506e+00,613,1,0,1,1,1
025_mug,s0_gate_fp_030_min_025_mug_t7,complete_epi,13,0.842963,0.020678,0.000000e+00,nan,,nan,,nan,,3.174571e-02,38,1,0,1,1,0
025_mug,s0_gate_fp_030_min_025_mug_t8,complete_epi,78,0.894131,0.020409,0.000000e+00,nan,,nan,,nan,,0.000000e+00,90,1,0,1,1,1
025_mug,s0_gate_fp_030_min_025_mug_t9,complete_epi,66,0.931956,0.020606,2.931817e-06,nan,,nan,,nan,,1.739630e-01,118,1,0,1,1,1
006_mustard_bottle,s0_hetero_patch_fp_030_min_006_mustard_bottle_t0,hetero_patch,245,0.775692,0.032858,1.399384e-06,nan,,nan,,nan,,6.966144e-01,592,1,0,1,1,1
006_mustard_bottle,s0_hetero_patch_fp_030_min_006_mustard_bottle_t1,hetero_patch,374,0.926784,0.018338,2.520658e-06,nan,,nan,,nan,,2.594553e+00,1236,1,0,1,1,0
006_mustard_bottle,s0_hetero_patch_fp_030_min_006_mustard_bottle_t2,hetero_patch,0,0.915976,0.032157,1.032864e-06,nan,,nan,,nan,,2.106902e-01,287,1,0,1,1,1
006_mustard_bottle,s0_hetero_patch_fp_030_min_006_mustard_bottle_t3,hetero_patch,144,0.773003,0.032775,1.393542e-06,nan,,nan,,nan,,6.946095e-01,505,1,0,1,1,1
006_mustard_bottle,s0_hetero_patch_fp_030_min_006_mustard_bottle_t4,hetero_patch,831,0.811008,0.049925,2.440597e-06,nan,,nan,,nan,,7.267128e-01,498,1,0,1,1,1
006_mustard_bottle,s0_hetero_patch_fp_030_min_006_mustard_bottle_t5,hetero_patch,32,0.831230,0.032318,9.615625e-07,nan,,nan,,nan,,2.308314e-01,191,1,0,1,1,1
006_mustard_bottle,s0_hetero_patch_fp_030_min_006_mustard_bottle_t6,hetero_patch,297,0.785557,0.032589,1.327239e-06,nan,,nan,,nan,,5.011159e-01,417,1,0,1,1,1
006_mustard_bottle,s0_hetero_patch_fp_030_min_006_mustard_bottle_t8,hetero_patch,52,0.836567,0.031917,1.465204e-06,nan,,nan,,nan,,8.385989e-01,545,1,0,1,1,1
006_mustard_bottle,s0_hetero_patch_fp_030_min_006_mustard_bottle_t9,hetero_patch,577,0.849234,0.022133,5.329935e-07,nan,,nan,,nan,,4.078027e-01,980,1,0,1,1,0
051_large_clamp,s0_hetero_patch_fp_030_min_051_large_clamp_t0,hetero_patch,14,0.945029,0.031974,0.000000e+00,nan,,nan,,nan,,1.080593e-02,138,1,0,1,1,1
051_large_clamp,s0_hetero_patch_fp_030_min_051_large_clamp_t1,hetero_patch,11,0.942851,0.030813,0.000000e+00,nan,,nan,,nan,,1.055638e-02,160,1,0,1,1,1
051_large_clamp,s0_hetero_patch_fp_030_min_051_large_clamp_t3,hetero_patch,41,0.936598,0.032192,0.000000e+00,nan,,nan,,nan,,0.000000e+00,138,1,0,1,1,1
051_large_clamp,s0_hetero_patch_fp_030_min_051_large_clamp_t4,hetero_patch,0,0.965991,0.030297,0.000000e+00,nan,,nan,,nan,,0.000000e+00,152,1,0,1,1,0
051_large_clamp,s0_hetero_patch_fp_030_min_051_large_clamp_t5,hetero_patch,24,0.957159,0.032453,3.383430e-06,nan,,nan,,nan,,9.327462e-01,622,1,0,1,1,0
051_large_clamp,s0_hetero_patch_fp_030_min_051_large_clamp_t6,hetero_patch,21,0.957562,0.030973,5.281699e-08,nan,,nan,,nan,,4.664974e-03,147,1,0,1,1,1
051_large_clamp,s0_hetero_patch_fp_030_min_051_large_clamp_t7,hetero_patch,0,0.968732,0.026261,1.579094e-06,nan,,nan,,nan,,1.444020e-01,326,1,0,1,1,1
051_large_clamp,s0_hetero_patch_fp_030_min_051_large_clamp_t8,hetero_patch,97,0.927480,0.031367,0.000000e+00,nan,,nan,,nan,,0.000000e+00,142,1,0,1,1,1
051_large_clamp,s0_hetero_patch_fp_030_min_051_large_clamp_t9,hetero_patch,12,0.961767,0.031976,0.000000e+00,nan,,nan,,nan,,0.000000e+00,156,1,0,1,1,0
011_banana,s0_partial_only_011_banana_t0,partial_only,166,0.965258,,,,,,,,,,,1,0,1,1,0
011_banana,s0_partial_only_011_banana_t1,partial_only,115,0.975736,,,,,,,,,,,1,0,1,1,0
011_banana,s0_partial_only_011_banana_t2,partial_only,303,0.949148,,,,,,,,,,,1,0,1,1,1
011_banana,s0_partial_only_011_banana_t3,partial_only,428,0.942505,,,,,,,,,,,1,0,1,1,1
011_banana,s0_partial_only_011_banana_t4,partial_only,75,0.960989,,,,,,,,,,,1,0,1,1,1
011_banana,s0_partial_only_011_banana_t5,partial_only,300,0.953622,,,,,,,,,,,1,0,1,1,1
011_banana,s0_partial_only_011_banana_t6,partial_only,245,0.953571,,,,,,,,,,,1,0,1,1,1
011_banana,s0_partial_only_011_banana_t7,partial_only,27,0.969523,,,,,,,,,,,1,0,1,1,0
011_banana,s0_partial_only_011_banana_t8,partial_only,4,0.984689,,,,,,,,,,,1,0,1,1,1
011_banana,s0_partial_only_011_banana_t9,partial_only,145,0.967173,,,,,,,,,,,1,0,1,1,0
025_mug,s0_duarte_mcd_025_mug_t0,duarte_mcd,18,0.936023,,,,,,,,,1.892127e-01,179,1,0,1,1,1
025_mug,s0_duarte_mcd_025_mug_t1,duarte_mcd,68,0.933679,,,,,,,,,1.058264e-01,144,1,0,1,1,1
025_mug,s0_duarte_mcd_025_mug_t2,duarte_mcd,21,0.938861,,,,,,,,,1.841920e-01,160,1,0,1,1,0
025_mug,s0_duarte_mcd_025_mug_t3,duarte_mcd,44,0.946208,,,,,,,,,1.273677e-01,193,1,0,1,1,0
025_mug,s0_duarte_mcd_025_mug_t4,duarte_mcd,43,0.935005,,,,,,,,,2.050507e-01,154,1,0,1,1,1
025_mug,s0_duarte_mcd_025_mug_t5,duarte_mcd,20,0.922239,,,,,,,,,1.921535e-01,218,1,0,1,1,1
025_mug,s0_duarte_mcd_025_mug_t6,duarte_mcd,11,0.937312,,,,,,,,,1.643540e-01,126,1,0,1,1,1
025_mug,s0_duarte_mcd_025_mug_t7,duarte_mcd,12,0.930704,,,,,,,,,7.205551e-02,84,1,0,1,1,0
025_mug,s0_duarte_mcd_025_mug_t8,duarte_mcd,107,0.858476,,,,,,,,,1.519666e-01,150,1,0,1,1,1
025_mug,s0_duarte_mcd_025_mug_t9,duarte_mcd,71,0.935486,,,,,,,,,1.435550e-01,229,1,0,1,1,0
006_mustard_bottle,s1_gate_off_006_mustard_bottle_t0,complete_only,0,0.870135,0.031806,8.587280e-06,2.106258e-05,1341,0.021204,9.280047e-06,0.042408,8.051285e-06,2.073392e-01,196,1,0,1,1,1
006_mustard_bottle,s1_gate_off_006_mustard_bottle_t1,complete_only,0,0.875461,0.032142,6.251317e-06,1.848008e-05,1342,0.021428,7.960919e-06,0.042856,5.708744e-06,1.512301e-01,236,1,0,1,1,1
006_mustard_bottle,s1_gate_off_006_mustard_bottle_t2,complete_only,42,0.935465,0.014829,2.245948e-05,5.689628e-05,2598,0.009886,2.304894e-05,0.019772,4.040023e-05,1.210349e-01,1123,1,0,1,1,1
006_mustard_bottle,s1_gate_off_006_mustard_bottle_t3,complete_only,6,0.841648,0.031843,7.046528e-06,1.569629e-05,1779,0.021229,7.821099e-06,0.042457,6.755278e-06,7.937800e-01,502,1,0,1,1,0
006_mustard_bottle,s1_gate_off_006_mustard_bottle_t4,complete_only,0,0.894162,0.034401,8.001173e-06,1.611571e-05,1685,0.022934,7.606449e-06,0.045867,8.074226e-06,5.518048e-01,479,1,0,1,1,1
006_mustard_bottle,s1_gate_off_006_mustard_bottle_t5,complete_only,7,0.848816,0.032418,1.693737e-05,3.469166e-05,2081,0.021612,8.550642e-06,0.043223,2.331160e-05,4.961322e-01,511,1,0,1,1,1
006_mustard_bottle,s1_gate_off_006_mustard_bottle_t7,complete_only,0,0.854732,0.032529,5.921278e-06,1.511643e-05,1445,0.021686,7.866061e-06,0.043373,5.190805e-06,8.177350e-02,168,1,0,1,1,1
006_mustard_bottle,s1_gate_off_006_mustard_bottle_t8,complete_only,25,0.943558,0.029731,2.131421e-06,7.885273e-06,1791,0.019821,1.790737e-06,0.039642,2.490477e-06,5.333334e-02,390,1,0,1,1,1
006_mustard_bottle,s1_gate_off_006_mustard_bottle_t9,complete_only,324,0.756737,0.032309,3.640903e-05,1.447581e-04,1933,0.021539,2.331466e-05,0.043078,4.021456e-05,1.062741e+00,724,1,0,1,1,1
051_large_clamp,s1_gate_off_051_large_clamp_t0,complete_only,5,0.958122,0.029898,7.248946e-07,4.147034e-06,688,0.019932,0.000000e+00,0.039864,9.297862e-07,0.000000e+00,155,1,0,1,1,0
051_large_clamp,s1_gate_off_051_large_clamp_t1,complete_only,2,0.969325,0.032394,7.693481e-05,4.582877e-04,933,0.021596,2.615554e-04,0.043193,4.291608e-05,2.524382e-01,242,1,0,1,1,0
051_large_clamp,s1_gate_off_051_large_clamp_t3,complete_only,90,0.936787,0.031472,2.067260e-04,8.426395e-04,1291,0.020982,5.386383e-04,0.041963,5.600181e-05,1.062428e+00,331,1,0,1,1,1
051_large_clamp,s1_gate_off_051_large_clamp_t4,complete_only,3,0.955486,0.032189,1.576573e-05,7.837464e-05,1250,0.021459,3.449504e-05,0.042919,1.374367e-05,2.839899e-02,151,1,0,1,1,0
051_large_clamp,s1_gate_off_051_large_clamp_t5,complete_only,0,0.963508,0.033070,3.964939e-06,1.218011e-05,1684,0.022047,5.940510e-06,0.044093,7.464786e-06,5.163879e-01,414,1,0,1,1,1
051_large_clamp,s1_gate_off_051_large_clamp_t6,complete_only,10,0.960250,0.030029,5.942947e-07,1.209875e-06,1057,0.020019,0.000000e+00,0.040039,9.871303e-07,0.000000e+00,137,1,0,1,1,1
051_large_clamp,s1_gate_off_051_large_clamp_t7,complete_only,0,0.975312,0.032498,3.114343e-04,1.434837e-03,875,0.021666,1.045061e-03,0.043331,1.167410e-04,1.525236e-01,210,1,0,1,1,0
051_large_clamp,s1_gate_off_051_large_clamp_t8,complete_only,4,0.959562,0.031253,1.985531e-07,2.137040e-06,1182,0.020835,0.000000e+00,0.041671,2.630715e-07,0.000000e+00,261,1,0,1,1,0
051_large_clamp,s1_gate_off_051_large_clamp_t9,complete_only,19,0.952124,0.032068,0.000000e+00,0.000000e+00,722,0.021379,0.000000e+00,0.042757,1.524221e-07,0.000000e+00,171,1,0,1,1,1
011_banana,s1_gate_fp_030_min_011_banana_t0,complete_epi,1521,0.584710,0.032232,1.732298e-06,nan,,nan,,nan,,1.042407e+00,479,1,0,1,1,0
011_banana,s1_gate_fp_030_min_011_banana_t1,complete_epi,852,0.834421,0.031774,1.344898e-06,nan,,nan,,nan,,7.106283e-01,557,1,0,1,1,0
011_banana,s1_gate_fp_030_min_011_banana_t2,complete_epi,1524,0.601627,0.031744,4.907953e-07,nan,,nan,,nan,,7.718475e-01,581,1,0,1,1,1
011_banana,s1_gate_fp_030_min_011_banana_t3,complete_epi,1875,0.231028,0.031616,2.402955e-06,nan,,nan,,nan,,8.638045e-01,527,1,0,1,1,1
011_banana,s1_gate_fp_030_min_011_banana_t4,complete_epi,862,0.830621,0.032727,1.042925e-06,nan,,nan,,nan,,1.339084e+00,785,1,0,1,1,0
011_banana,s1_gate_fp_030_min_011_banana_t5,complete_epi,1970,0.034937,0.031804,7.639758e-07,nan,,nan,,nan,,2.407270e+00,983,1,0,1,1,1
011_banana,s1_gate_fp_030_min_011_banana_t6,complete_epi,1910,0.073700,0.032946,2.546168e-06,nan,,nan,,nan,,2.635153e+00,859,1,0,1,1,1
011_banana,s1_gate_fp_030_min_011_banana_t7,complete_epi,1219,0.751236,0.031534,2.497279e-06,nan,,nan,,nan,,1.033518e+00,745,1,0,1,1,1
011_banana,s1_gate_fp_030_min_011_banana_t8,complete_epi,536,0.880724,0.031451,4.952749e-07,nan,,nan,,nan,,4.683008e-01,472,1,0,1,1,0
011_banana,s1_gate_fp_030_min_011_banana_t9,complete_epi,1121,0.769751,0.032227,2.271016e-08,nan,,nan,,nan,,5.176961e-01,448,1,0,1,1,0
025_mug,s1_hetero_patch_fp_030_min_025_mug_t0,hetero_patch,107,0.875101,0.019955,2.364606e-06,nan,,nan,,nan,,3.832788e-01,262,1,0,1,1,1
025_mug,s1_hetero_patch_fp_030_min_025_mug_t1,hetero_patch,13,0.935898,0.020351,1.339601e-06,nan,,nan,,nan,,3.818306e-01,264,1,0,1,1,1
025_mug,s1_hetero_patch_fp_030_min_025_mug_t2,hetero_patch,68,0.896751,0.035647,2.000937e-06,nan,,nan,,nan,,3.743374e-01,288,1,0,1,1,1
025_mug,s1_hetero_patch_fp_030_min_025_mug_t3,hetero_patch,30,0.929698,0.020308,2.747153e-06,nan,,nan,,nan,,5.309018e-01,316,1,0,1,1,1
025_mug,s1_hetero_patch_fp_030_min_025_mug_t5,hetero_patch,6,0.876143,0.020319,0.000000e+00,nan,,nan,,nan,,2.123022e-01,208,1,0,1,1,1
025_mug,s1_hetero_patch_fp_030_min_025_mug_t6,hetero_patch,73,0.933031,0.020888,1.756528e-06,nan,,nan,,nan,,2.223246e-01,205,1,0,1,1,0
025_mug,s1_hetero_patch_fp_030_min_025_mug_t7,hetero_patch,14,0.944072,0.020269,2.487010e-06,nan,,nan,,nan,,5.099437e-01,279,1,0,1,1,1
025_mug,s1_hetero_patch_fp_030_min_025_mug_t8,hetero_patch,170,0.902226,0.020966,1.339626e-06,nan,,nan,,nan,,2.573733e-01,261,1,0,1,1,1
025_mug,s1_hetero_patch_fp_030_min_025_mug_t9,hetero_patch,92,0.925696,0.020719,1.046105e-06,nan,,nan,,nan,,1.591157e-01,188,1,0,1,1,1
006_mustard_bottle,s1_partial_only_006_mustard_bottle_t0,partial_only,1,0.966828,,,,,,,,,,,1,0,1,1,1
006_mustard_bottle,s1_partial_only_006_mustard_bottle_t1,partial_only,1,0.963541,,,,,,,,,,,1,0,1,1,1
006_mustard_bottle,s1_partial_only_006_mustard_bottle_t2,partial_only,278,0.910046,,,,,,,,,,,1,0,1,1,1
006_mustard_bottle,s1_partial_only_006_mustard_bottle_t3,partial_only,2,0.957646,,,,,,,,,,,1,0,1,1,1
006_mustard_bottle,s1_partial_only_006_mustard_bottle_t4,partial_only,10,0.944228,,,,,,,,,,,1,0,1,1,1
006_mustard_bottle,s1_partial_only_006_mustard_bottle_t5,partial_only,190,0.903464,,,,,,,,,,,1,0,1,1,1
006_mustard_bottle,s1_partial_only_006_mustard_bottle_t6,partial_only,5,0.950394,,,,,,,,,,,1,0,1,1,1
006_mustard_bottle,s1_partial_only_006_mustard_bottle_t7,partial_only,21,0.946751,,,,,,,,,,,1,0,1,1,1
006_mustard_bottle,s1_partial_only_006_mustard_bottle_t8,partial_only,263,0.882454,,,,,,,,,,,1,0,1,1,1
006_mustard_bottle,s1_partial_only_006_mustard_bottle_t9,partial_only,36,0.892969,,,,,,,,,,,1,0,1,1,1
051_large_clamp,s1_partial_only_051_large_clamp_t0,partial_only,3,0.968875,,,,,,,,,,,1,0,1,1,1
051_large_clamp,s1_partial_only_051_large_clamp_t1,partial_only,12,0.968924,,,,,,,,,,,1,0,1,1,1
051_large_clamp,s1_partial_only_051_large_clamp_t2,partial_only,0,0.969618,,,,,,,,,,,1,0,1,1,0
051_large_clamp,s1_partial_only_051_large_clamp_t3,partial_only,0,0.951369,,,,,,,,,,,1,0,1,1,0
051_large_clamp,s1_partial_only_051_large_clamp_t4,partial_only,10,0.962590,,,,,,,,,,,1,0,1,1,0
051_large_clamp,s1_partial_only_051_large_clamp_t5,partial_only,1,0.969453,,,,,,,,,,,1,0,1,1,1
051_large_clamp,s1_partial_only_051_large_clamp_t6,partial_only,1,0.967092,,,,,,,,,,,1,0,1,1,0
051_large_clamp,s1_partial_only_051_large_clamp_t7,partial_only,0,0.973762,,,,,,,,,,,1,0,1,1,1
051_large_clamp,s1_partial_only_051_large_clamp_t9,partial_only,0,0.969673,,,,,,,,,,,1,0,1,1,1
011_banana,s1_duarte_mcd_011_banana_t0,duarte_mcd,1818,0.264931,,,,,,,,,1.315995e-01,339,1,0,1,1,0
011_banana,s1_duarte_mcd_011_banana_t1,duarte_mcd,1073,0.834173,,,,,,,,,4.012543e-01,574,1,0,1,1,0
011_banana,s1_duarte_mcd_011_banana_t2,duarte_mcd,1318,0.738249,,,,,,,,,3.098157e-01,398,1,0,1,1,1
011_banana,s1_duarte_mcd_011_banana_t3,duarte_mcd,1705,0.424173,,,,,,,,,6.509539e-02,232,1,0,1,1,1
011_banana,s1_duarte_mcd_011_banana_t4,duarte_mcd,1630,0.543199,,,,,,,,,3.082586e-01,431,1,0,1,1,1
011_banana,s1_duarte_mcd_011_banana_t5,duarte_mcd,1494,0.693144,,,,,,,,,3.388331e-01,277,1,0,1,1,0
011_banana,s1_duarte_mcd_011_banana_t6,duarte_mcd,1894,0.103320,,,,,,,,,1.461309e-01,261,1,0,1,1,0
011_banana,s1_duarte_mcd_011_banana_t7,duarte_mcd,1003,0.787635,,,,,,,,,3.297592e-01,513,1,0,1,1,1
011_banana,s1_duarte_mcd_011_banana_t8,duarte_mcd,579,0.889134,,,,,,,,,1.798510e-01,395,1,0,1,1,0
011_banana,s1_duarte_mcd_011_banana_t9,duarte_mcd,1089,0.785117,,,,,,,,,3.754309e-01,512,1,0,1,1,0
025_mug,s2_gate_off_025_mug_t0,complete_only,36,0.928681,0.020731,1.246140e-05,2.448250e-05,439,0.013821,1.754734e-05,0.027641,1.057583e-05,2.517937e-01,123,1,0,1,1,1
025_mug,s2_gate_off_025_mug_t1,complete_only,15,0.946381,0.019833,1.270514e-06,2.071385e-06,790,0.013222,1.156661e-06,0.026444,1.225892e-06,1.492502e-01,187,1,0,1,1,1
025_mug,s2_gate_off_025_mug_t2,complete_only,73,0.913644,0.023586,1.786455e-04,1.061875e-03,4425,0.015724,8.570327e-04,0.031448,2.472462e-05,1.398641e+00,1568,1,0,1,1,0
025_mug,s2_gate_off_025_mug_t3,complete_only,38,0.943133,0.022023,2.079140e-05,1.810009e-04,478,0.014682,2.828355e-05,0.029365,1.630225e-05,2.170573e-01,121,1,0,1,1,1
025_mug,s2_gate_off_025_mug_t4,complete_only,68,0.922171,0.021383,1.805428e-05,5.624842e-05,529,0.014255,2.550954e-05,0.028511,1.459242e-05,2.616799e-01,93,1,0,1,1,1
025_mug,s2_gate_off_025_mug_t5,complete_only,65,0.935764,0.020714,1.985622e-05,6.046850e-05,595,0.013810,3.086258e-05,0.027619,1.528109e-05,5.979130e-01,228,1,0,1,1,1
025_mug,s2_gate_off_025_mug_t6,complete_only,245,0.916285,0.020016,0.000000e+00,0.000000e+00,381,0.013344,0.000000e+00,0.026688,0.000000e+00,0.000000e+00,180,1,0,1,1,1
025_mug,s2_gate_off_025_mug_t7,complete_only,122,0.881219,0.023105,7.541614e-05,5.411644e-04,515,0.015403,5.339864e-04,0.030807,4.263390e-05,9.470166e-01,385,1,0,1,1,1
025_mug,s2_gate_off_025_mug_t8,complete_only,15,0.943022,0.020715,3.063985e-05,8.448505e-05,589,0.013810,4.011473e-05,0.027620,2.695637e-05,9.097881e-01,202,1,0,1,1,1
025_mug,s2_gate_off_025_mug_t9,complete_only,126,0.927290,0.021186,1.347589e-05,2.929522e-05,592,0.014124,1.695446e-05,0.028248,1.508607e-05,2.448894e-01,120,1,0,1,1,1
006_mustard_bottle,s2_gate_fp_030_min_006_mustard_bottle_t0,complete_epi,0,0.899199,0.032013,1.315089e-06,nan,,nan,,nan,,4.492951e-01,707,1,0,1,1,1
006_mustard_bottle,s2_gate_fp_030_min_006_mustard_bottle_t1,complete_epi,95,0.837828,0.031833,1.719936e-06,nan,,nan,,nan,,6.695420e-01,579,1,0,1,1,1
006_mustard_bottle,s2_gate_fp_030_min_006_mustard_bottle_t2,complete_epi,41,0.873251,0.030929,0.000000e+00,nan,,nan,,nan,,7.579119e-02,404,1,0,1,1,1
006_mustard_bottle,s2_gate_fp_030_min_006_mustard_bottle_t3,complete_epi,2,0.892628,0.032312,1.246153e-06,nan,,nan,,nan,,2.256750e-01,236,1,0,1,1,1
006_mustard_bottle,s2_gate_fp_030_min_006_mustard_bottle_t4,complete_epi,23,0.907440,0.031228,1.506551e-06,nan,,nan,,nan,,4.333030e-01,521,1,0,1,1,1
006_mustard_bottle,s2_gate_fp_030_min_006_mustard_bottle_t5,complete_epi,208,0.788038,0.031899,1.535572e-06,nan,,nan,,nan,,7.790779e-01,699,1,0,1,1,1
006_mustard_bottle,s2_gate_fp_030_min_006_mustard_bottle_t7,complete_epi,15,0.970005,0.017567,3.275875e-06,nan,,nan,,nan,,2.010938e+00,1943,1,0,1,1,0
006_mustard_bottle,s2_gate_fp_030_min_006_mustard_bottle_t8,complete_epi,40,0.849839,0.032353,1.809163e-06,nan,,nan,,nan,,5.536271e-01,507,1,0,1,1,1
006_mustard_bottle,s2_gate_fp_030_min_006_mustard_bottle_t9,complete_epi,1,0.907997,0.031138,1.808634e-06,nan,,nan,,nan,,9.412020e-01,882,1,0,1,1,1
051_large_clamp,s2_gate_fp_030_min_051_large_clamp_t0,complete_epi,7,0.953608,0.030638,0.000000e+00,nan,,nan,,nan,,0.000000e+00,212,1,0,1,1,0
051_large_clamp,s2_gate_fp_030_min_051_large_clamp_t1,complete_epi,0,0.966209,0.029109,0.000000e+00,nan,,nan,,nan,,0.000000e+00,166,1,0,1,1,0
051_large_clamp,s2_gate_fp_030_min_051_large_clamp_t2,complete_epi,10,0.970700,0.033752,2.113871e-07,nan,,nan,,nan,,1.132008e-01,265,1,0,1,1,0
051_large_clamp,s2_gate_fp_030_min_051_large_clamp_t3,complete_epi,13,0.947481,0.031858,4.038892e-06,nan,,nan,,nan,,1.088156e+00,737,1,0,1,1,1
051_large_clamp,s2_gate_fp_030_min_051_large_clamp_t4,complete_epi,5,0.937997,0.039877,0.000000e+00,nan,,nan,,nan,,1.606468e-01,254,1,0,1,1,0
051_large_clamp,s2_gate_fp_030_min_051_large_clamp_t5,complete_epi,3,0.964961,0.031818,0.000000e+00,nan,,nan,,nan,,0.000000e+00,154,1,0,1,1,1
051_large_clamp,s2_gate_fp_030_min_051_large_clamp_t6,complete_epi,12,0.960853,0.030711,0.000000e+00,nan,,nan,,nan,,0.000000e+00,150,1,0,1,1,1
051_large_clamp,s2_gate_fp_030_min_051_large_clamp_t7,complete_epi,84,0.960689,0.030615,9.225393e-07,nan,,nan,,nan,,4.417969e-01,440,1,0,1,1,1
051_large_clamp,s2_gate_fp_030_min_051_large_clamp_t8,complete_epi,0,0.967443,0.029343,0.000000e+00,nan,,nan,,nan,,0.000000e+00,167,1,0,1,1,0
051_large_clamp,s2_gate_fp_030_min_051_large_clamp_t9,complete_epi,0,0.960290,0.048793,0.000000e+00,nan,,nan,,nan,,0.000000e+00,175,1,0,1,1,0
011_banana,s2_hetero_patch_fp_030_min_011_banana_t0,hetero_patch,1705,0.466049,0.032968,5.447068e-07,nan,,nan,,nan,,1.156835e+00,950,1,0,1,1,1
011_banana,s2_hetero_patch_fp_030_min_011_banana_t1,hetero_patch,1312,0.730408,0.032033,1.706201e-07,nan,,nan,,nan,,1.875084e-01,312,1,0,1,1,0
011_banana,s2_hetero_patch_fp_030_min_011_banana_t2,hetero_patch,1009,0.796969,0.032192,2.679764e-07,nan,,nan,,nan,,4.646973e-01,499,1,0,1,1,1
011_banana,s2_hetero_patch_fp_030_min_011_banana_t3,hetero_patch,1442,0.625632,0.032822,2.257358e-07,nan,,nan,,nan,,3.604785e-01,323,1,0,1,1,0
011_banana,s2_hetero_patch_fp_030_min_011_banana_t4,hetero_patch,1409,0.669321,0.031776,0.000000e+00,nan,,nan,,nan,,1.540270e-01,244,1,0,1,1,0
011_banana,s2_hetero_patch_fp_030_min_011_banana_t5,hetero_patch,1815,0.250015,0.031582,7.349514e-08,nan,,nan,,nan,,9.139815e-01,890,1,0,1,1,1
011_banana,s2_hetero_patch_fp_030_min_011_banana_t6,hetero_patch,673,0.837774,0.032351,2.579954e-07,nan,,nan,,nan,,1.536354e+00,1204,1,0,1,1,1
011_banana,s2_hetero_patch_fp_030_min_011_banana_t7,hetero_patch,1808,0.302994,0.031895,8.803473e-07,nan,,nan,,nan,,1.298104e+00,931,1,0,1,1,0
011_banana,s2_hetero_patch_fp_030_min_011_banana_t8,hetero_patch,1672,0.486227,0.031566,1.381795e-07,nan,,nan,,nan,,2.973635e-01,311,1,0,1,1,0
011_banana,s2_hetero_patch_fp_030_min_011_banana_t9,hetero_patch,1150,0.780584,0.031819,7.326748e-07,nan,,nan,,nan,,1.304531e+00,1027,1,0,1,1,1
025_mug,s2_partial_only_025_mug_t0,partial_only,199,0.861868,,,,,,,,,,,1,0,1,1,1
025_mug,s2_partial_only_025_mug_t1,partial_only,107,0.867291,,,,,,,,,,,1,0,1,1,1
025_mug,s2_partial_only_025_mug_t2,partial_only,204,0.853848,,,,,,,,,,,1,0,1,1,1
025_mug,s2_partial_only_025_mug_t3,partial_only,26,0.894419,,,,,,,,,,,1,0,1,1,0
025_mug,s2_partial_only_025_mug_t4,partial_only,114,0.863582,,,,,,,,,,,1,0,1,1,1
025_mug,s2_partial_only_025_mug_t5,partial_only,45,0.922967,,,,,,,,,,,1,0,1,1,1
025_mug,s2_partial_only_025_mug_t6,partial_only,106,0.864505,,,,,,,,,,,1,0,1,1,1
025_mug,s2_partial_only_025_mug_t7,partial_only,144,0.893440,,,,,,,,,,,1,0,1,1,1
025_mug,s2_partial_only_025_mug_t8,partial_only,44,0.880456,,,,,,,,,,,1,0,1,1,0
025_mug,s2_partial_only_025_mug_t9,partial_only,177,0.862421,,,,,,,,,,,1,0,1,1,1
006_mustard_bottle,s2_duarte_mcd_006_mustard_bottle_t0,duarte_mcd,0,0.941780,,,,,,,,,6.465657e-01,684,1,0,1,1,1
006_mustard_bottle,s2_duarte_mcd_006_mustard_bottle_t1,duarte_mcd,13,0.929492,,,,,,,,,2.571665e-01,206,1,0,1,1,1
006_mustard_bottle,s2_duarte_mcd_006_mustard_bottle_t2,duarte_mcd,30,0.925741,,,,,,,,,3.917123e-02,150,1,0,1,1,1
006_mustard_bottle,s2_duarte_mcd_006_mustard_bottle_t3,duarte_mcd,222,0.865777,,,,,,,,,1.626494e-01,255,1,0,1,1,1
006_mustard_bottle,s2_duarte_mcd_006_mustard_bottle_t4,duarte_mcd,35,0.945951,,,,,,,,,1.454314e-01,170,1,0,1,1,1
006_mustard_bottle,s2_duarte_mcd_006_mustard_bottle_t5,duarte_mcd,0,0.896148,,,,,,,,,4.353754e-01,502,1,0,1,1,1
006_mustard_bottle,s2_duarte_mcd_006_mustard_bottle_t6,duarte_mcd,1028,0.639909,,,,,,,,,2.147427e-01,68,1,0,1,1,0
006_mustard_bottle,s2_duarte_mcd_006_mustard_bottle_t7,duarte_mcd,4,0.952458,,,,,,,,,6.081354e-01,646,1,0,1,1,0
006_mustard_bottle,s2_duarte_mcd_006_mustard_bottle_t8,duarte_mcd,107,0.920918,,,,,,,,,1.740582e-01,353,1,0,1,1,1
006_mustard_bottle,s2_duarte_mcd_006_mustard_bottle_t9,duarte_mcd,201,0.844763,,,,,,,,,7.252259e-01,621,1,0,1,1,1
051_large_clamp,s2_duarte_mcd_051_large_clamp_t0,duarte_mcd,6,0.946030,,,,,,,,,0.000000e+00,214,1,0,1,1,0
051_large_clamp,s2_duarte_mcd_051_large_clamp_t1,duarte_mcd,0,0.965861,,,,,,,,,0.000000e+00,171,1,0,1,1,1
051_large_clamp,s2_duarte_mcd_051_large_clamp_t2,duarte_mcd,69,0.962345,,,,,,,,,0.000000e+00,194,1,0,1,1,1
051_large_clamp,s2_duarte_mcd_051_large_clamp_t3,duarte_mcd,85,0.937266,,,,,,,,,0.000000e+00,147,1,0,1,1,0
051_large_clamp,s2_duarte_mcd_051_large_clamp_t4,duarte_mcd,0,0.965714,,,,,,,,,0.000000e+00,188,1,0,1,1,1
051_large_clamp,s2_duarte_mcd_051_large_clamp_t5,duarte_mcd,478,0.922587,,,,,,,,,6.288550e-01,1036,1,0,1,1,0
051_large_clamp,s2_duarte_mcd_051_large_clamp_t6,duarte_mcd,28,0.961047,,,,,,,,,3.016803e-03,151,1,0,1,1,1
051_large_clamp,s2_duarte_mcd_051_large_clamp_t7,duarte_mcd,86,0.961812,,,,,,,,,1.638766e-01,268,1,0,1,1,0
051_large_clamp,s2_duarte_mcd_051_large_clamp_t8,duarte_mcd,0,0.966235,,,,,,,,,0.000000e+00,168,1,0,1,1,1
