object,trial,arm,grasp_id,confidence,patch_radius,patch_epi_mean,patch_epi_p95,patch_n,sens_lo_radius,patch_epi_mean_sens_lo,sens_hi_radius,patch_epi_mean_sens_hi,duarte_sigma_sum,duarte_box_n,geometry_gate_pass,uq_rejected,chosen,executed,lift_success,support_d_obs_mm
005_tomato_soup_can,s0_complete_v2_005_tomato_soup_can_t0,complete_only,17,0.880147,0.018693,9.026742e-07,1.886490e-06,662,0.012462,8.324266e-07,0.024924,9.581314e-07,3.274496e-01,476,1,0,1,1,1,
005_tomato_soup_can,s0_complete_v2_005_tomato_soup_can_t1,complete_only,6,0.877475,0.018803,8.793693e-07,1.784160e-06,752,0.012535,8.267340e-07,0.025071,9.706496e-07,3.937138e-01,545,1,0,1,1,0,
005_tomato_soup_can,s0_complete_v2_005_tomato_soup_can_t2,complete_only,10,0.885933,0.018902,9.211579e-07,1.647514e-06,792,0.012601,8.269419e-07,0.025203,9.687659e-07,4.188534e-01,586,1,0,1,1,1,
005_tomato_soup_can,s0_complete_v2_005_tomato_soup_can_t3,complete_only,15,0.883925,0.018823,8.703907e-07,1.618940e-06,772,0.012549,8.186443e-07,0.025097,9.155198e-07,3.767676e-01,558,1,0,1,1,1,
005_tomato_soup_can,s0_complete_v2_005_tomato_soup_can_t4,complete_only,4,0.900435,0.018528,9.071031e-07,2.033747e-06,476,0.012352,8.786023e-07,0.024704,9.420212e-07,3.642127e-01,534,1,0,1,1,1,
005_tomato_soup_can,s0_complete_v2_005_tomato_soup_can_t5,complete_only,13,0.878327,0.018881,9.048270e-07,1.519700e-06,769,0.012587,8.768574e-07,0.025174,9.408213e-07,3.410788e-01,501,1,0,1,1,0,
005_tomato_soup_can,s0_complete_v2_005_tomato_soup_can_t6,complete_only,6,0.894016,0.018659,6.869076e-07,1.345453e-06,642,0.012440,6.274353e-07,0.024879,7.781397e-07,2.520564e-01,454,1,0,1,1,1,
005_tomato_soup_can,s0_complete_v2_005_tomato_soup_can_t7,complete_only,11,0.892368,0.019014,8.761713e-07,2.585053e-06,675,0.012676,7.537181e-07,0.025352,9.822469e-07,3.661384e-01,517,1,0,1,1,1,
005_tomato_soup_can,s0_complete_v2_005_tomato_soup_can_t8,complete_only,21,0.875587,0.019294,1.220904e-06,1.512162e-06,691,0.012863,8.363802e-07,0.025726,1.254547e-06,3.464177e-01,488,1,0,1,1,1,
005_tomato_soup_can,s0_complete_v2_005_tomato_soup_can_t9,complete_only,13,0.875754,0.018719,9.346599e-07,2.163832e-06,705,0.012479,8.324725e-07,0.024959,1.032769e-06,3.542791e-01,510,1,0,1,1,1,
005_tomato_soup_can,s0_complete_v2_005_tomato_soup_can_t10,complete_only,7,0.886937,0.018870,8.923516e-07,2.572034e-06,628,0.012580,7.820432e-07,0.025159,9.485688e-07,3.485588e-01,527,1,0,1,1,1,
005_tomato_soup_can,s0_complete_v2_005_tomato_soup_can_t11,complete_only,5,0.894730,0.018863,9.318193e-07,2.707063e-06,676,0.012575,9.016385e-07,0.025151,9.273318e-07,3.277761e-01,507,1,0,1,1,1,
005_tomato_soup_can,s0_complete_v2_005_tomato_soup_can_t12,complete_only,12,0.889348,0.018598,1.131536e-06,1.386775e-06,892,0.012399,1.167416e-06,0.024798,1.091208e-06,4.463966e-01,633,1,0,1,1,1,
005_tomato_soup_can,s0_complete_v2_005_tomato_soup_can_t13,complete_only,18,0.877675,0.018763,8.384563e-07,1.919015e-06,709,0.012509,7.558729e-07,0.025018,9.288333e-07,4.133516e-01,594,1,0,1,1,1,
005_tomato_soup_can,s0_complete_v2_005_tomato_soup_can_t14,complete_only,0,0.909436,0.018832,8.547120e-07,1.541061e-06,701,0.012555,8.628137e-07,0.025110,8.817471e-07,3.624022e-01,556,1,0,1,1,1,
005_tomato_soup_can,s0_complete_v2_005_tomato_soup_can_t16,complete_only,7,0.876416,0.018851,1.189034e-06,2.122859e-06,610,0.012567,1.173075e-06,0.025135,1.102375e-06,4.644108e-01,649,1,0,1,1,1,
005_tomato_soup_can,s0_complete_v2_005_tomato_soup_can_t17,complete_only,2,0.904056,0.018821,9.134284e-07,2.036426e-06,831,0.012547,8.898528e-07,0.025094,9.415199e-07,3.825370e-01,570,1,0,1,1,1,
005_tomato_soup_can,s0_complete_v2_005_tomato_soup_can_t18,complete_only,2,0.898850,0.018809,8.249938e-07,2.230188e-06,677,0.012539,7.353428e-07,0.025079,8.431075e-07,3.647924e-01,551,1,0,1,1,1,
005_tomato_soup_can,s0_complete_v2_005_tomato_soup_can_t19,complete_only,9,0.882519,0.018755,9.491456e-07,2.376069e-06,742,0.012504,8.681903e-07,0.025007,1.044745e-06,3.825469e-01,547,1,0,1,1,1,
005_tomato_soup_can,s0_complete_v2_005_tomato_soup_can_t20,complete_only,12,0.874287,0.018682,9.609293e-07,2.356014e-06,657,0.012455,8.792579e-07,0.024909,9.605944e-07,3.723456e-01,524,1,0,1,1,1,
005_tomato_soup_can,s0_complete_v2_005_tomato_soup_can_t21,complete_only,6,0.897689,0.019121,8.796436e-07,1.495976e-06,722,0.012748,9.038502e-07,0.025495,8.475291e-07,2.747992e-01,480,1,0,1,1,1,
005_tomato_soup_can,s0_complete_v2_005_tomato_soup_can_t22,complete_only,16,0.880232,0.018898,8.251727e-07,1.438018e-06,693,0.012599,8.400350e-07,0.025198,8.448630e-07,2.995576e-01,481,1,0,1,1,1,
005_tomato_soup_can,s0_complete_v2_005_tomato_soup_can_t23,complete_only,17,0.886565,0.018636,9.738887e-07,1.333384e-06,459,0.012424,1.018880e-06,0.024848,9.271412e-07,2.804748e-01,428,1,0,1,1,1,
005_tomato_soup_can,s0_complete_v2_005_tomato_soup_can_t24,complete_only,3,0.891694,0.019036,9.967706e-07,1.653203e-06,507,0.012691,8.654630e-07,0.025381,9.962610e-07,3.286024e-01,485,1,0,1,1,1,
005_tomato_soup_can,s0_complete_v2_005_tomato_soup_can_t25,complete_only,13,0.884085,0.018705,7.170777e-07,1.605258e-06,313,0.012470,6.545382e-07,0.024940,7.026770e-07,2.400800e-01,432,1,0,1,1,1,
005_tomato_soup_can,s0_complete_v2_005_tomato_soup_can_t26,complete_only,3,0.900165,0.018771,8.608847e-07,1.615113e-06,739,0.012514,8.467644e-07,0.025028,9.013715e-07,3.994156e-01,556,1,0,1,1,1,
005_tomato_soup_can,s0_complete_v2_005_tomato_soup_can_t27,complete_only,2,0.896052,0.018808,9.187761e-07,1.903600e-06,497,0.012539,8.963058e-07,0.025078,9.273997e-07,3.636858e-01,559,1,0,1,1,1,
005_tomato_soup_can,s0_complete_v2_005_tomato_soup_can_t28,complete_only,15,0.878035,0.018989,8.613390e-07,1.760943e-06,784,0.012659,7.889810e-07,0.025319,9.185359e-07,3.676007e-01,537,1,0,1,1,1,
005_tomato_soup_can,s0_complete_v2_005_tomato_soup_can_t29,complete_only,17,0.877243,0.019130,1.200102e-06,1.998355e-06,622,0.012754,1.127306e-06,0.025507,1.214671e-06,4.412608e-01,564,1,0,1,1,1,
005_tomato_soup_can,s0_complete_v2_005_tomato_soup_can_t30,complete_only,12,0.885827,0.019048,9.290130e-07,1.339707e-06,830,0.012699,9.869515e-07,0.025397,9.611186e-07,4.290927e-01,615,1,0,1,1,0,
005_tomato_soup_can,s0_complete_v2_005_tomato_soup_can_t31,complete_only,18,0.874343,0.018812,8.788098e-07,1.733915e-06,793,0.012542,8.538936e-07,0.025083,9.008998e-07,4.127214e-01,612,1,0,1,1,1,
005_tomato_soup_can,s0_complete_v2_005_tomato_soup_can_t32,complete_only,12,0.881545,0.018868,1.061046e-06,2.038083e-06,748,0.012578,1.077209e-06,0.025157,1.044693e-06,4.542700e-01,574,1,0,1,1,1,
005_tomato_soup_can,s0_complete_v2_005_tomato_soup_can_t33,complete_only,24,0.873329,0.018948,1.331872e-06,1.706697e-06,649,0.012632,1.221107e-06,0.025264,1.429701e-06,6.208326e-01,691,1,0,1,1,1,
005_tomato_soup_can,s0_complete_v2_005_tomato_soup_can_t34,complete_only,22,0.883089,0.018862,8.647882e-07,1.256899e-06,493,0.012575,8.376224e-07,0.025149,9.066702e-07,3.034640e-01,487,1,0,1,1,0,
005_tomato_soup_can,s0_complete_v2_005_tomato_soup_can_t35,complete_only,6,0.886052,0.018820,9.719025e-07,2.486725e-06,706,0.012547,9.526718e-07,0.025094,9.482370e-07,3.242387e-01,482,1,0,1,1,1,
005_tomato_soup_can,s0_complete_v2_005_tomato_soup_can_t36,complete_only,10,0.893836,0.018760,9.330655e-07,1.989058e-06,422,0.012507,6.621287e-07,0.025014,1.056802e-06,3.532745e-01,508,1,0,1,1,1,
005_tomato_soup_can,s0_complete_v2_005_tomato_soup_can_t37,complete_only,14,0.888694,0.019318,1.066751e-06,1.833027e-06,645,0.012879,1.012083e-06,0.025758,1.077567e-06,5.355568e-01,728,1,0,1,1,1,
005_tomato_soup_can,s0_complete_v2_005_tomato_soup_can_t38,complete_only,22,0.878512,0.019092,8.946420e-07,1.727318e-06,805,0.012728,8.206984e-07,0.025456,9.783485e-07,4.025558e-01,586,1,0,1,1,1,
005_tomato_soup_can,s0_complete_v2_005_tomato_soup_can_t39,complete_only,11,0.881455,0.018903,9.907001e-07,2.779154e-06,737,0.012602,9.634360e-07,0.025204,1.036206e-06,3.812319e-01,524,1,0,1,1,1,
005_tomato_soup_can,s0_complete_v2_005_tomato_soup_can_t40,complete_only,15,0.883066,0.019114,1.183290e-06,2.520770e-06,674,0.012743,1.117300e-06,0.025485,1.188886e-06,5.925809e-01,772,1,0,1,1,1,
005_tomato_soup_can,s0_complete_v2_005_tomato_soup_can_t41,complete_only,13,0.879444,0.018674,8.755740e-07,1.761211e-06,661,0.012449,8.077685e-07,0.024898,9.510404e-07,3.261745e-01,454,1,0,1,1,1,
005_tomato_soup_can,s0_complete_v2_005_tomato_soup_can_t42,complete_only,21,0.877142,0.019164,1.197329e-06,1.493775e-06,686,0.012776,8.407791e-07,0.025552,1.382299e-06,4.996204e-01,633,1,0,1,1,1,
005_tomato_soup_can,s0_complete_v2_005_tomato_soup_can_t43,complete_only,17,0.876534,0.018987,8.372884e-07,1.315187e-06,749,0.012658,8.771456e-07,0.025316,8.684317e-07,2.676500e-01,435,1,0,1,1,1,
005_tomato_soup_can,s0_complete_v2_005_tomato_soup_can_t44,complete_only,20,0.884476,0.018997,1.118784e-06,2.019131e-06,671,0.012665,1.080533e-06,0.025330,1.139018e-06,5.353435e-01,708,1,0,1,1,1,
005_tomato_soup_can,s0_complete_v2_005_tomato_soup_can_t45,complete_only,5,0.892431,0.018913,8.216203e-07,1.666508e-06,417,0.012609,8.695376e-07,0.025218,8.047738e-07,2.708394e-01,478,1,0,1,1,1,
005_tomato_soup_can,s0_complete_v2_005_tomato_soup_can_t46,complete_only,18,0.889758,0.019236,8.958181e-07,1.460553e-06,822,0.012824,8.970821e-07,0.025648,8.791791e-07,3.033111e-01,486,1,0,1,1,1,
005_tomato_soup_can,s0_complete_v2_005_tomato_soup_can_t47,complete_only,20,0.874332,0.018823,8.586105e-07,1.725581e-06,786,0.012548,8.619457e-07,0.025097,8.919474e-07,3.768569e-01,547,1,0,1,1,1,
005_tomato_soup_can,s0_complete_v2_005_tomato_soup_can_t48,complete_only,11,0.892798,0.019129,9.274161e-07,1.757142e-06,789,0.012752,8.930744e-07,0.025505,9.943121e-07,3.624393e-01,534,1,0,1,1,1,
005_tomato_soup_can,s0_complete_v2_005_tomato_soup_can_t49,complete_only,21,0.878502,0.018752,1.226182e-06,1.828921e-06,532,0.012501,1.239008e-06,0.025003,1.201597e-06,6.111919e-01,776,1,0,1,1,1,
035_power_drill,s0_complete_v2_035_power_drill_t0,complete_only,0,0.958207,0.036335,5.706585e-06,1.029472e-05,1472,0.024223,3.926188e-06,0.048447,9.402586e-06,4.500257e-01,297,1,0,1,1,1,
035_power_drill,s0_complete_v2_035_power_drill_t1,complete_only,183,0.876221,0.046864,8.730149e-05,2.841022e-05,6264,0.031243,1.024102e-04,0.062485,1.010497e-04,4.509963e-01,286,1,0,1,1,0,
035_power_drill,s0_complete_v2_035_power_drill_t2,complete_only,11,0.951802,0.036265,2.034865e-05,9.005164e-05,940,0.024177,1.422962e-05,0.048354,2.687431e-05,3.360287e-03,93,1,0,1,1,1,
035_power_drill,s0_complete_v2_035_power_drill_t4,complete_only,30,0.951252,0.040442,2.187894e-06,5.940999e-06,1212,0.026961,6.877945e-07,0.053923,3.651695e-06,0.000000e+00,105,1,0,1,1,0,
035_power_drill,s0_complete_v2_035_power_drill_t5,complete_only,42,0.938097,0.035213,2.068617e-05,8.987538e-05,1157,0.023475,3.599980e-05,0.046951,2.193552e-05,3.569811e-01,211,1,0,1,1,1,
035_power_drill,s0_complete_v2_035_power_drill_t7,complete_only,69,0.910602,0.043856,4.959076e-05,0.000000e+00,736,0.029238,5.094266e-05,0.058475,4.860900e-05,0.000000e+00,55,1,0,1,1,1,
035_power_drill,s0_complete_v2_035_power_drill_t8,complete_only,17,0.908071,0.050400,1.292488e-05,7.718023e-05,1265,0.033600,9.985088e-06,0.067200,1.527136e-05,2.210596e-01,162,1,0,1,1,0,
035_power_drill,s0_complete_v2_035_power_drill_t9,complete_only,0,0.968734,0.037149,7.162857e-06,8.450501e-06,1666,0.024766,2.842616e-06,0.049532,1.166616e-05,2.030522e-01,174,1,0,1,1,1,
035_power_drill,s0_complete_v2_035_power_drill_t10,complete_only,49,0.915154,0.044270,1.415729e-04,3.287883e-04,1430,0.029514,6.353547e-05,0.059027,3.799767e-04,1.789847e-01,184,1,0,1,1,0,
035_power_drill,s0_complete_v2_035_power_drill_t11,complete_only,0,0.961087,0.038339,3.108586e-06,7.151109e-06,1859,0.025559,2.791616e-06,0.051118,3.092161e-06,5.952601e-01,410,1,0,1,1,1,
035_power_drill,s0_complete_v2_035_power_drill_t13,complete_only,0,0.943622,0.036280,4.453494e-06,1.153335e-05,1855,0.024187,3.629302e-06,0.048374,7.142433e-06,2.588939e-01,177,1,0,1,1,0,
035_power_drill,s0_complete_v2_035_power_drill_t14,complete_only,10,0.905246,0.039804,2.921956e-06,7.632074e-06,1712,0.026536,3.033554e-06,0.053073,3.206502e-06,3.304523e-01,247,1,0,1,1,0,
035_power_drill,s0_complete_v2_035_power_drill_t15,complete_only,19,0.922765,0.038424,6.027941e-05,2.493459e-04,1692,0.025616,4.151730e-05,0.051232,7.536431e-05,3.025571e-02,75,1,0,1,1,0,
035_power_drill,s0_complete_v2_035_power_drill_t16,complete_only,0,0.961702,0.037365,1.032243e-05,4.574769e-05,1705,0.024910,6.794132e-06,0.049820,1.018584e-05,6.500756e-01,393,1,0,1,1,1,
035_power_drill,s0_complete_v2_035_power_drill_t17,complete_only,4,0.928839,0.038312,6.504248e-06,6.784014e-06,1336,0.025541,3.847298e-06,0.051082,6.393557e-06,0.000000e+00,91,1,0,1,1,0,
035_power_drill,s0_complete_v2_035_power_drill_t18,complete_only,0,0.948037,0.039001,6.045277e-06,1.358842e-05,1557,0.026001,6.895846e-06,0.052002,6.496266e-06,1.794689e-01,170,1,0,1,1,1,
035_power_drill,s0_complete_v2_035_power_drill_t19,complete_only,0,0.968397,0.036620,2.710186e-06,6.884149e-06,1269,0.024413,2.559853e-06,0.048827,5.085427e-06,1.679136e-01,151,1,0,1,1,0,
035_power_drill,s0_complete_v2_035_power_drill_t20,complete_only,0,0.951409,0.036359,8.336825e-06,1.884180e-05,1353,0.024239,6.682473e-06,0.048479,1.187202e-05,1.134477e-01,142,1,0,1,1,1,
035_power_drill,s0_complete_v2_035_power_drill_t23,complete_only,4,0.959973,0.043866,1.653827e-05,8.839948e-05,952,0.029244,1.451124e-05,0.058488,3.926530e-05,0.000000e+00,129,1,0,1,1,0,
035_power_drill,s0_complete_v2_035_power_drill_t24,complete_only,3,0.938166,0.037443,4.094718e-06,2.332775e-05,803,0.024962,3.213174e-06,0.049924,4.509537e-06,0.000000e+00,52,1,0,1,1,1,
035_power_drill,s0_complete_v2_035_power_drill_t25,complete_only,37,0.956860,0.037187,4.666597e-06,1.073115e-05,971,0.024791,3.270048e-06,0.049582,5.004139e-06,2.563001e-01,153,1,0,1,1,1,
035_power_drill,s0_complete_v2_035_power_drill_t26,complete_only,859,0.812790,0.058151,4.452833e-04,1.751384e-03,2491,0.038767,3.048507e-04,0.077534,6.715361e-04,9.469753e+00,929,1,0,1,1,0,
035_power_drill,s0_complete_v2_035_power_drill_t27,complete_only,0,0.949957,0.038378,2.866309e-06,6.731450e-06,1891,0.025585,2.519262e-06,0.051171,3.175439e-06,2.290155e-01,225,1,0,1,1,1,
035_power_drill,s0_complete_v2_035_power_drill_t28,complete_only,12,0.963334,0.039772,2.031557e-03,7.332552e-03,999,0.026515,6.075079e-03,0.053030,3.755194e-04,5.391528e-01,88,1,0,1,1,1,
035_power_drill,s0_complete_v2_035_power_drill_t29,complete_only,40,0.909800,0.043026,1.415696e-04,8.584904e-04,873,0.028684,1.412838e-04,0.057368,9.305527e-05,2.302702e-01,78,1,0,1,1,1,
035_power_drill,s0_complete_v2_035_power_drill_t30,complete_only,0,0.945378,0.037817,7.913792e-04,2.538377e-03,1275,0.025211,7.877573e-04,0.050423,5.205866e-04,1.292492e+00,382,1,0,1,1,1,
035_power_drill,s0_complete_v2_035_power_drill_t31,complete_only,0,0.966698,0.036514,1.995911e-05,4.280040e-05,1928,0.024343,1.784887e-05,0.048685,2.914333e-05,3.385326e-01,257,1,0,1,1,1,
035_power_drill,s0_complete_v2_035_power_drill_t32,complete_only,32,0.936551,0.036528,8.741331e-05,3.470907e-04,506,0.024352,1.534961e-04,0.048704,9.629224e-05,3.661223e-02,89,1,0,1,1,0,
035_power_drill,s0_complete_v2_035_power_drill_t33,complete_only,46,0.929226,0.043739,3.115352e-04,1.602805e-03,911,0.029159,1.220018e-03,0.058319,2.526098e-04,1.871155e-01,89,1,0,1,1,1,
035_power_drill,s0_complete_v2_035_power_drill_t34,complete_only,7,0.925336,0.040913,1.279696e-03,2.123913e-03,680,0.027275,1.507835e-03,0.054550,8.437523e-04,3.489554e-01,93,1,0,1,1,0,
035_power_drill,s0_complete_v2_035_power_drill_t35,complete_only,0,0.961262,0.036929,3.476382e-06,8.741742e-06,1297,0.024619,1.649509e-06,0.049239,4.515906e-06,2.336298e-01,212,1,0,1,1,1,
035_power_drill,s0_complete_v2_035_power_drill_t36,complete_only,6,0.970088,0.040703,2.922145e-05,9.333214e-05,1473,0.027135,3.395596e-04,0.054271,1.434698e-05,1.780534e-01,89,1,0,1,1,1,
035_power_drill,s0_complete_v2_035_power_drill_t38,complete_only,7,0.910535,0.040401,1.248706e-04,7.990421e-04,1231,0.026934,3.044255e-04,0.053867,8.203706e-05,5.950726e-01,204,1,0,1,1,0,
035_power_drill,s0_complete_v2_035_power_drill_t39,complete_only,1,0.940089,0.038007,6.981282e-04,2.499989e-03,539,0.025338,5.153300e-04,0.050676,3.171353e-04,4.636848e-01,118,1,0,1,1,1,
035_power_drill,s0_complete_v2_035_power_drill_t40,complete_only,125,0.888682,0.029856,0.000000e+00,0.000000e+00,481,0.019904,0.000000e+00,0.039808,6.841883e-07,0.000000e+00,96,1,0,1,1,0,
035_power_drill,s0_complete_v2_035_power_drill_t42,complete_only,1,0.924939,0.033858,1.784433e-03,4.761218e-03,652,0.022572,1.844083e-03,0.045144,1.566568e-03,1.068494e+00,288,1,0,1,1,0,
035_power_drill,s0_complete_v2_035_power_drill_t43,complete_only,62,0.953577,0.040793,6.201194e-05,1.162525e-04,1683,0.027195,7.574672e-05,0.054390,5.410369e-05,2.004678e-01,136,1,0,1,1,1,
035_power_drill,s0_complete_v2_035_power_drill_t44,complete_only,11,0.953037,0.038767,1.654547e-06,7.574791e-06,719,0.025844,0.000000e+00,0.051689,4.555014e-06,0.000000e+00,108,1,0,1,1,0,
035_power_drill,s0_complete_v2_035_power_drill_t45,complete_only,81,0.928462,0.040859,2.937831e-05,0.000000e+00,647,0.027239,7.830554e-05,0.054479,4.178512e-05,0.000000e+00,96,1,0,1,1,1,
035_power_drill,s0_complete_v2_035_power_drill_t46,complete_only,64,0.881647,0.046689,1.043185e-05,0.000000e+00,563,0.031126,0.000000e+00,0.062252,6.990661e-05,0.000000e+00,29,1,0,1,1,0,
035_power_drill,s0_complete_v2_035_power_drill_t47,complete_only,0,0.955559,0.035108,5.340789e-06,1.616150e-05,1757,0.023405,5.099432e-06,0.046810,9.079561e-06,3.557376e-01,251,1,0,1,1,1,
035_power_drill,s0_complete_v2_035_power_drill_t48,complete_only,0,0.949052,0.035509,3.926500e-04,2.594738e-03,667,0.023673,1.170558e-03,0.047346,6.520982e-05,3.256679e-01,188,1,0,1,1,1,
004_sugar_box,s0_complete_v2_004_sugar_box_t0,complete_only,55,0.947701,0.032827,9.288579e-04,3.091766e-03,753,0.021884,1.372956e-03,0.043769,6.913816e-04,6.172620e-01,158,1,0,1,1,1,
004_sugar_box,s0_complete_v2_004_sugar_box_t1,complete_only,43,0.852272,0.031777,8.268618e-05,2.638940e-04,691,0.021184,1.389666e-04,0.042369,6.378739e-05,5.202233e-01,156,1,0,1,1,1,
004_sugar_box,s0_complete_v2_004_sugar_box_t2,complete_only,0,0.967600,0.042719,1.322608e-03,4.060805e-03,596,0.028479,1.383277e-03,0.056958,1.361734e-03,2.747257e+00,94,1,0,1,1,0,
004_sugar_box,s0_complete_v2_004_sugar_box_t3,complete_only,23,0.943221,0.030419,1.437467e-04,4.155788e-04,515,0.020279,1.506125e-04,0.040559,1.203146e-04,2.926928e-01,95,1,0,1,1,1,
004_sugar_box,s0_complete_v2_004_sugar_box_t4,complete_only,13,0.918717,0.033154,4.907432e-04,1.092261e-03,295,0.022102,5.146365e-04,0.044205,3.635859e-04,9.021648e-01,107,1,0,1,1,1,
004_sugar_box,s0_complete_v2_004_sugar_box_t5,complete_only,35,0.883934,0.032453,2.679859e-04,5.742079e-04,685,0.021635,2.994148e-04,0.043271,2.355663e-04,1.295762e+00,159,1,0,1,1,0,
004_sugar_box,s0_complete_v2_004_sugar_box_t6,complete_only,138,0.892630,0.031381,8.161371e-04,2.503418e-03,493,0.020921,9.326411e-04,0.041841,6.626551e-04,5.369883e-01,76,1,0,1,1,1,
004_sugar_box,s0_complete_v2_004_sugar_box_t7,complete_only,718,0.870827,0.031432,1.467719e-05,4.326985e-05,119,0.020955,1.536765e-05,0.041910,3.815020e-06,4.509117e-02,10,1,0,1,1,1,
004_sugar_box,s0_complete_v2_004_sugar_box_t8,complete_only,5,0.873183,0.032759,3.582329e-03,7.198013e-03,524,0.021839,5.391089e-03,0.043678,1.624880e-04,3.442032e-01,72,1,0,1,1,1,
004_sugar_box,s0_complete_v2_004_sugar_box_t9,complete_only,104,0.874658,0.031916,9.665372e-04,2.634048e-03,551,0.021278,1.035779e-03,0.042555,5.833568e-04,2.997430e-01,75,1,0,1,1,0,
004_sugar_box,s0_complete_v2_004_sugar_box_t10,complete_only,17,0.919398,0.033071,1.239075e-04,4.874664e-04,816,0.022047,2.045396e-04,0.044094,1.310456e-04,4.972012e-01,99,1,0,1,1,0,
004_sugar_box,s0_complete_v2_004_sugar_box_t11,complete_only,8,0.930670,0.032409,6.573181e-04,1.282810e-03,420,0.021606,8.035264e-04,0.043212,5.087199e-04,6.767264e-01,88,1,0,1,1,1,
004_sugar_box,s0_complete_v2_004_sugar_box_t12,complete_only,163,0.821388,0.032037,1.245334e-03,3.802368e-03,733,0.021358,1.866724e-03,0.042716,5.290381e-04,7.027412e-01,160,1,0,1,1,1,
004_sugar_box,s0_complete_v2_004_sugar_box_t13,complete_only,55,0.930790,0.032217,7.569986e-04,2.647970e-03,699,0.021478,8.406144e-04,0.042956,4.791476e-04,1.439245e+00,275,1,0,1,1,0,
004_sugar_box,s0_complete_v2_004_sugar_box_t14,complete_only,5,0.909688,0.032721,8.556396e-04,2.193380e-03,326,0.021814,9.697448e-04,0.043628,6.836101e-04,9.923221e-01,101,1,0,1,1,1,
004_sugar_box,s0_complete_v2_004_sugar_box_t15,complete_only,7,0.869010,0.033542,9.167514e-05,4.566074e-04,321,0.022361,9.312814e-05,0.044723,6.425973e-05,4.118317e-01,183,1,0,1,1,0,
004_sugar_box,s0_complete_v2_004_sugar_box_t16,complete_only,182,0.848797,0.031690,4.989748e-04,1.728086e-03,495,0.021126,1.088368e-03,0.042253,2.321938e-04,4.507024e-01,78,1,0,1,1,1,
004_sugar_box,s0_complete_v2_004_sugar_box_t17,complete_only,218,0.758594,0.031112,1.110350e-04,4.122542e-04,369,0.020741,1.320016e-04,0.041482,6.035792e-05,1.959638e-01,66,1,0,1,1,0,
004_sugar_box,s0_complete_v2_004_sugar_box_t18,complete_only,0,0.929213,0.032035,4.783718e-05,9.603465e-05,552,0.021357,4.823039e-05,0.042713,4.183969e-05,2.841661e-01,109,1,0,1,1,0,
004_sugar_box,s0_complete_v2_004_sugar_box_t19,complete_only,0,0.918687,0.032496,1.556650e-04,4.505560e-04,686,0.021664,2.011223e-04,0.043328,8.710037e-05,4.031938e-01,100,1,0,1,1,1,
004_sugar_box,s0_complete_v2_004_sugar_box_t20,complete_only,45,0.914217,0.031754,6.799983e-04,2.950143e-03,706,0.021170,1.076573e-03,0.042339,3.804995e-04,5.314800e-01,88,1,0,1,1,1,
004_sugar_box,s0_complete_v2_004_sugar_box_t21,complete_only,144,0.823871,0.030536,3.752134e-05,2.168576e-04,313,0.020358,7.222928e-05,0.040715,2.712447e-05,1.567370e-01,62,1,0,1,1,1,
004_sugar_box,s0_complete_v2_004_sugar_box_t22,complete_only,31,0.914835,0.032452,1.267027e-03,3.090755e-03,607,0.021634,1.804143e-03,0.043269,9.765168e-04,5.958322e-01,66,1,0,1,1,1,
004_sugar_box,s0_complete_v2_004_sugar_box_t23,complete_only,5,0.853649,0.032519,3.472461e-05,1.716525e-04,627,0.021679,5.362479e-05,0.043358,3.906938e-05,3.804285e-01,157,1,0,1,1,1,
004_sugar_box,s0_complete_v2_004_sugar_box_t24,complete_only,460,0.839336,0.031035,9.419558e-06,1.073446e-05,838,0.020690,7.340446e-06,0.041381,1.077208e-05,8.457366e-02,114,1,0,1,1,1,
004_sugar_box,s0_complete_v2_004_sugar_box_t25,complete_only,367,0.783574,0.031164,1.707981e-06,4.002706e-06,636,0.020776,1.920623e-06,0.041552,2.518158e-06,1.369673e-01,133,1,0,1,1,1,
004_sugar_box,s0_complete_v2_004_sugar_box_t26,complete_only,3,0.889129,0.033011,6.103038e-04,1.419431e-03,347,0.022007,8.180725e-04,0.044014,4.551217e-04,1.165655e+00,140,1,0,1,1,1,
004_sugar_box,s0_complete_v2_004_sugar_box_t27,complete_only,17,0.910515,0.032246,5.434515e-05,3.021078e-04,667,0.021498,9.930158e-05,0.042995,4.577575e-05,8.044006e-01,445,1,0,1,1,1,
004_sugar_box,s0_complete_v2_004_sugar_box_t28,complete_only,26,0.855462,0.027228,3.146523e-04,2.441489e-03,722,0.018152,7.424665e-04,0.036304,1.961344e-04,7.918301e-01,195,1,0,1,1,0,
004_sugar_box,s0_complete_v2_004_sugar_box_t29,complete_only,1603,0.731371,0.031318,3.807265e-07,1.188459e-06,708,0.020879,2.510249e-07,0.041757,5.060837e-07,0.000000e+00,87,1,0,1,1,1,
004_sugar_box,s0_complete_v2_004_sugar_box_t30,complete_only,386,0.862794,0.030794,2.658115e-04,7.072996e-04,721,0.020529,2.300568e-04,0.041058,2.291124e-04,8.386488e-01,159,1,0,1,1,1,
004_sugar_box,s0_complete_v2_004_sugar_box_t31,complete_only,0,0.942562,0.031918,1.315490e-04,4.434532e-04,605,0.021278,2.047814e-04,0.042557,8.044351e-05,3.775794e-01,102,1,0,1,1,1,
004_sugar_box,s0_complete_v2_004_sugar_box_t32,complete_only,78,0.890657,0.032189,4.245443e-04,7.995385e-04,619,0.021459,3.841031e-04,0.042919,3.845366e-04,5.199960e-01,75,1,0,1,1,1,
004_sugar_box,s0_complete_v2_004_sugar_box_t33,complete_only,1,0.935201,0.027301,5.304815e-03,8.671023e-03,451,0.018201,6.109265e-03,0.036401,6.150648e-04,5.078498e-01,137,1,0,1,1,0,
004_sugar_box,s0_complete_v2_004_sugar_box_t34,complete_only,1273,0.851037,0.029933,1.270934e-06,3.306417e-06,1261,0.019955,1.334657e-06,0.039910,1.237903e-06,1.662895e-01,212,1,0,1,1,1,
004_sugar_box,s0_complete_v2_004_sugar_box_t35,complete_only,60,0.922051,0.032926,3.729617e-04,1.679502e-03,744,0.021951,4.542205e-04,0.043901,2.972734e-04,1.472727e+00,284,1,0,1,1,1,
004_sugar_box,s0_complete_v2_004_sugar_box_t36,complete_only,35,0.879976,0.032184,1.965749e-03,3.295924e-03,409,0.021456,2.120084e-03,0.042912,5.732929e-04,3.135673e-01,53,1,0,1,1,1,
004_sugar_box,s0_complete_v2_004_sugar_box_t37,complete_only,0,0.932707,0.031065,4.426154e-05,7.346584e-05,373,0.020710,5.167399e-05,0.041420,3.171156e-05,1.856318e-01,78,1,0,1,1,1,
004_sugar_box,s0_complete_v2_004_sugar_box_t38,complete_only,1436,0.858107,0.030074,2.021954e-06,5.502558e-06,1152,0.020049,1.918374e-06,0.040099,1.912334e-06,1.788751e-01,170,1,0,1,1,1,
004_sugar_box,s0_complete_v2_004_sugar_box_t39,complete_only,40,0.945001,0.029831,4.858925e-04,1.092311e-03,448,0.019887,4.547638e-04,0.039774,2.740541e-04,2.960319e-01,112,1,0,1,1,1,
004_sugar_box,s0_complete_v2_004_sugar_box_t40,complete_only,0,0.909888,0.032116,7.451488e-05,1.393546e-04,434,0.021410,8.764156e-05,0.042821,6.167266e-05,3.568846e-01,48,1,0,1,1,1,
004_sugar_box,s0_complete_v2_004_sugar_box_t41,complete_only,58,0.942347,0.032762,4.537493e-04,2.331645e-03,743,0.021842,5.893521e-04,0.043683,3.595086e-04,5.292105e-01,103,1,0,1,1,1,
004_sugar_box,s0_complete_v2_004_sugar_box_t42,complete_only,43,0.872456,0.031753,5.811119e-04,3.374621e-03,863,0.021168,9.522364e-04,0.042337,1.125082e-04,7.386674e-01,307,1,0,1,1,1,
004_sugar_box,s0_complete_v2_004_sugar_box_t43,complete_only,37,0.925845,0.032341,1.328484e-03,2.918636e-03,588,0.021560,1.615171e-03,0.043121,1.042757e-03,1.189751e+00,175,1,0,1,1,1,
004_sugar_box,s0_complete_v2_004_sugar_box_t44,complete_only,31,0.852885,0.032016,1.363723e-04,3.143011e-04,547,0.021344,1.496706e-04,0.042688,1.155717e-04,6.947830e-01,115,1,0,1,1,1,
004_sugar_box,s0_complete_v2_004_sugar_box_t45,complete_only,126,0.932169,0.025688,8.923218e-07,6.572897e-06,1475,0.017125,1.040346e-06,0.034250,8.781119e-07,1.342090e-03,147,1,0,1,1,0,
004_sugar_box,s0_complete_v2_004_sugar_box_t46,complete_only,513,0.832991,0.030773,1.773030e-05,9.664963e-05,612,0.020515,1.148527e-04,0.041030,1.572846e-05,8.953887e-02,68,1,0,1,1,1,
004_sugar_box,s0_complete_v2_004_sugar_box_t47,complete_only,42,0.920024,0.030984,4.510148e-05,1.852980e-04,709,0.020656,7.649540e-05,0.041311,2.577495e-05,2.706189e-01,119,1,0,1,1,1,
004_sugar_box,s0_complete_v2_004_sugar_box_t48,complete_only,0,0.936107,0.030465,8.802506e-04,1.868421e-03,741,0.020310,1.111548e-03,0.040620,7.164019e-04,1.081691e+00,132,1,0,1,1,0,
004_sugar_box,s0_complete_v2_004_sugar_box_t49,complete_only,33,0.946275,0.031699,4.687041e-04,2.714353e-03,867,0.021133,7.337871e-04,0.042265,2.775582e-04,6.026976e-01,193,1,0,1,1,1,
036_wood_block,s0_complete_v2_036_wood_block_t0,complete_only,179,0.891353,0.038742,9.832262e-06,1.359375e-05,385,0.025828,1.139881e-05,0.051656,8.717777e-06,9.217263e-02,29,1,0,1,1,0,
036_wood_block,s0_complete_v2_036_wood_block_t1,complete_only,20,0.937581,0.039421,2.109515e-05,5.484355e-05,456,0.026281,2.376505e-05,0.052561,2.265522e-05,1.876499e-01,40,1,0,1,1,0,
036_wood_block,s0_complete_v2_036_wood_block_t2,complete_only,160,0.883345,0.038854,1.415604e-05,2.763004e-05,479,0.025903,1.659992e-05,0.051806,1.038643e-05,1.009357e-01,23,1,0,1,1,0,
036_wood_block,s0_complete_v2_036_wood_block_t3,complete_only,0,0.972661,0.038764,1.133305e-05,2.422638e-05,523,0.025843,1.401083e-05,0.051686,1.225548e-05,9.347856e-02,29,1,0,1,1,0,
036_wood_block,s0_complete_v2_036_wood_block_t4,complete_only,218,0.885882,0.038863,1.556890e-05,2.510827e-05,378,0.025909,1.685592e-05,0.051817,1.308347e-05,1.592733e-01,37,1,0,1,1,0,
036_wood_block,s0_complete_v2_036_wood_block_t5,complete_only,119,0.905300,0.038536,1.371411e-05,2.095902e-05,441,0.025691,1.559151e-05,0.051382,1.227709e-05,1.325302e-01,32,1,0,1,1,0,
036_wood_block,s0_complete_v2_036_wood_block_t6,complete_only,60,0.900648,0.030966,2.933335e-05,1.687614e-04,730,0.020644,4.255886e-05,0.041288,2.978427e-05,3.432018e-01,53,1,0,1,1,0,
036_wood_block,s0_complete_v2_036_wood_block_t7,complete_only,0,0.971306,0.034401,5.539746e-07,2.148144e-06,474,0.022934,1.850030e-07,0.045867,7.443011e-07,1.554200e-02,77,0,0,1,1,,
036_wood_block,s0_complete_v2_036_wood_block_t8,complete_only,143,0.922090,0.038289,1.429258e-04,1.312235e-03,1107,0.025526,1.231693e-03,0.051052,1.313666e-04,7.519727e-01,181,1,0,1,1,0,
036_wood_block,s0_complete_v2_036_wood_block_t9,complete_only,618,0.917391,0.023924,8.644928e-04,2.332498e-03,1929,0.015949,1.173647e-03,0.031898,2.419779e-04,1.429503e+00,498,1,0,1,1,0,
036_wood_block,s0_complete_v2_036_wood_block_t10,complete_only,125,0.905930,0.039373,1.969381e-05,3.977710e-05,540,0.026248,2.396442e-05,0.052497,1.429134e-05,1.589085e-01,33,1,0,1,1,0,
036_wood_block,s0_complete_v2_036_wood_block_t13,complete_only,59,0.924151,0.037343,2.679568e-05,4.384510e-05,355,0.024895,3.048746e-05,0.049790,2.471289e-05,1.658619e-01,29,1,0,1,1,0,
036_wood_block,s0_complete_v2_036_wood_block_t14,complete_only,0,0.958624,0.030273,2.785159e-05,9.583753e-05,651,0.020182,3.275897e-05,0.040364,2.309795e-05,3.007040e-01,73,1,0,1,1,0,
036_wood_block,s0_complete_v2_036_wood_block_t15,complete_only,380,0.758525,0.039984,2.875389e-05,1.114381e-04,951,0.026656,4.922207e-05,0.053312,2.343672e-05,2.836714e-01,89,1,0,1,1,0,
036_wood_block,s0_complete_v2_036_wood_block_t16,complete_only,46,0.922137,0.039540,3.123758e-05,6.382660e-05,378,0.026360,3.878975e-05,0.052720,2.169321e-05,2.038908e-01,31,1,0,1,1,0,
036_wood_block,s0_complete_v2_036_wood_block_t17,complete_only,100,0.861413,0.038434,3.942761e-05,1.851992e-04,882,0.025623,1.148778e-04,0.051245,3.811276e-05,4.683276e-01,210,1,0,1,1,0,
036_wood_block,s0_complete_v2_036_wood_block_t18,complete_only,9,0.957921,0.039616,1.105895e-05,2.229035e-05,580,0.026411,1.460416e-05,0.052822,1.067702e-05,1.057043e-01,27,1,0,1,1,0,
036_wood_block,s0_complete_v2_036_wood_block_t19,complete_only,2,0.933647,0.039446,3.113229e-05,8.434521e-05,432,0.026297,3.936524e-05,0.052595,2.747622e-05,1.118838e-01,15,1,0,1,1,0,
036_wood_block,s0_complete_v2_036_wood_block_t20,complete_only,5,0.950837,0.037454,5.388578e-05,1.578790e-04,388,0.024970,7.127599e-05,0.049939,3.556038e-05,2.156306e-01,25,1,0,1,1,0,
036_wood_block,s0_complete_v2_036_wood_block_t21,complete_only,92,0.903151,0.039803,1.152982e-03,4.349853e-03,929,0.026535,2.863666e-03,0.053070,2.344504e-04,2.405266e-01,111,1,0,1,1,0,
036_wood_block,s0_complete_v2_036_wood_block_t22,complete_only,9,0.936681,0.036568,5.515649e-05,9.558318e-05,401,0.024379,6.027997e-05,0.048758,4.328291e-05,2.545788e-01,37,1,0,1,1,0,
036_wood_block,s0_complete_v2_036_wood_block_t23,complete_only,147,0.896701,0.038480,4.528146e-06,8.931529e-06,725,0.025653,4.555791e-06,0.051307,4.525275e-06,4.371972e-02,58,1,0,1,1,0,
036_wood_block,s0_complete_v2_036_wood_block_t24,complete_only,122,0.871029,0.038852,7.364406e-05,2.544032e-04,1276,0.025901,7.970757e-04,0.051803,7.874661e-05,3.816330e-01,199,1,0,1,1,0,
036_wood_block,s0_complete_v2_036_wood_block_t25,complete_only,22,0.827221,0.036472,2.935366e-04,7.714538e-04,590,0.024315,3.665206e-04,0.048629,1.516730e-04,1.916113e-01,73,1,0,1,1,0,
036_wood_block,s0_complete_v2_036_wood_block_t27,complete_only,289,0.877716,0.039041,4.250112e-06,8.675603e-06,651,0.026027,4.120205e-06,0.052054,4.526578e-06,2.446862e-02,41,1,0,1,1,0,
036_wood_block,s0_complete_v2_036_wood_block_t28,complete_only,254,0.870301,0.039121,6.005580e-06,1.114551e-05,679,0.026080,5.468937e-06,0.052161,6.303292e-06,1.374340e-01,78,1,0,1,1,0,
036_wood_block,s0_complete_v2_036_wood_block_t29,complete_only,1896,0.114287,0.033838,9.294477e-07,1.700912e-06,1506,0.022559,9.064471e-07,0.045117,9.526649e-07,6.439174e-01,721,1,0,1,1,0,
036_wood_block,s0_complete_v2_036_wood_block_t30,complete_only,770,0.599156,0.038139,2.855685e-06,7.008090e-06,1143,0.025426,2.684746e-06,0.050852,3.528353e-06,2.602033e-01,233,1,0,1,1,0,
036_wood_block,s0_complete_v2_036_wood_block_t31,complete_only,12,0.965374,0.020834,1.907076e-05,1.447563e-04,2148,0.013889,4.094899e-05,0.027779,1.947025e-05,7.560858e-01,692,1,0,1,1,0,
036_wood_block,s0_complete_v2_036_wood_block_t32,complete_only,25,0.918956,0.039385,4.103068e-05,1.171671e-04,539,0.026257,5.607513e-05,0.052514,3.607890e-05,1.880361e-01,25,1,0,1,1,0,
036_wood_block,s0_complete_v2_036_wood_block_t33,complete_only,29,0.954191,0.040312,2.038173e-05,5.594124e-05,522,0.026875,2.181767e-05,0.053749,2.432109e-05,6.271530e-02,33,1,0,1,1,0,
036_wood_block,s0_complete_v2_036_wood_block_t34,complete_only,1946,0.063946,0.034112,1.127920e-06,2.560374e-06,2233,0.022741,1.182330e-06,0.045483,1.107518e-06,1.823054e-01,207,1,0,1,1,0,
036_wood_block,s0_complete_v2_036_wood_block_t35,complete_only,192,0.885829,0.039061,1.291453e-05,1.855297e-05,450,0.026041,1.357528e-05,0.052081,1.124395e-05,1.265613e-01,34,1,0,1,1,0,
036_wood_block,s0_complete_v2_036_wood_block_t36,complete_only,8,0.937923,0.039357,2.450457e-05,5.632406e-05,406,0.026238,3.383127e-05,0.052476,2.205615e-05,9.422214e-02,15,1,0,1,1,0,
036_wood_block,s0_complete_v2_036_wood_block_t37,complete_only,9,0.962137,0.039864,1.477869e-05,4.594246e-05,514,0.026576,1.614105e-05,0.053152,1.686695e-05,7.320173e-02,42,1,0,1,1,0,
036_wood_block,s0_complete_v2_036_wood_block_t38,complete_only,1688,0.579689,0.027590,4.264981e-06,1.457338e-05,967,0.018393,1.217299e-05,0.036787,2.741240e-06,2.995035e-01,141,1,0,1,1,0,
036_wood_block,s0_complete_v2_036_wood_block_t39,complete_only,86,0.871186,0.031057,2.085217e-04,1.153174e-03,859,0.020705,8.123718e-04,0.041409,8.495433e-05,7.817854e-01,324,1,0,1,1,0,
036_wood_block,s0_complete_v2_036_wood_block_t41,complete_only,10,0.938300,0.037465,9.314477e-06,1.660708e-05,467,0.024977,1.168545e-05,0.049953,8.480998e-06,1.539190e-01,61,1,0,1,1,0,
036_wood_block,s0_complete_v2_036_wood_block_t42,complete_only,321,0.860744,0.035955,1.343325e-06,4.245019e-06,1557,0.023970,1.261785e-06,0.047941,1.342766e-06,2.436134e-01,257,1,0,1,1,0,
036_wood_block,s0_complete_v2_036_wood_block_t43,complete_only,61,0.908357,0.038683,6.960613e-06,1.030216e-05,369,0.025789,8.000027e-06,0.051577,5.856684e-06,9.428529e-02,35,1,0,1,1,0,
036_wood_block,s0_complete_v2_036_wood_block_t44,complete_only,86,0.911696,0.035554,1.298879e-05,1.744411e-05,378,0.023702,1.476780e-05,0.047405,1.146734e-05,1.223730e-01,32,1,0,1,1,0,
036_wood_block,s0_complete_v2_036_wood_block_t45,complete_only,0,0.974973,0.034434,3.675774e-07,1.465576e-06,461,0.022956,1.552939e-07,0.045912,5.619605e-07,0.000000e+00,70,0,0,1,1,,
036_wood_block,s0_complete_v2_036_wood_block_t46,complete_only,335,0.784997,0.036992,1.474759e-03,2.364698e-03,582,0.024661,1.814383e-03,0.049322,3.973261e-04,1.053199e+00,327,1,0,1,1,0,
036_wood_block,s0_complete_v2_036_wood_block_t47,complete_only,73,0.917882,0.040954,1.530688e-04,1.426468e-03,618,0.027303,5.205387e-04,0.054605,1.164671e-04,6.291094e-02,67,1,0,1,1,0,
036_wood_block,s0_complete_v2_036_wood_block_t48,complete_only,11,0.924152,0.038738,3.529477e-05,1.418532e-04,585,0.025826,1.671124e-04,0.051651,3.627424e-05,2.851941e-02,26,1,0,1,1,0,
036_wood_block,s0_complete_v2_036_wood_block_t49,complete_only,0,0.969095,0.039216,1.621533e-05,3.653262e-05,499,0.026144,1.833728e-05,0.052288,1.559469e-05,1.325412e-01,57,1,0,1,1,0,
006_mustard_bottle,s0_complete_v2_006_mustard_bottle_t0,complete_only,715,0.583245,0.033894,3.587909e-05,7.070244e-05,950,0.022596,4.061954e-05,0.045192,3.087710e-05,3.470821e-01,179,1,0,1,1,1,
006_mustard_bottle,s0_complete_v2_006_mustard_bottle_t1,complete_only,203,0.687976,0.034217,3.140242e-06,6.413480e-06,1337,0.022812,3.335375e-06,0.045623,3.028076e-06,1.108481e-01,235,1,0,1,1,1,
006_mustard_bottle,s0_complete_v2_006_mustard_bottle_t2,complete_only,13,0.824269,0.034028,1.778238e-05,6.988646e-05,916,0.022686,2.184601e-05,0.045371,1.710493e-05,3.143847e-01,257,1,0,1,1,1,
006_mustard_bottle,s0_complete_v2_006_mustard_bottle_t3,complete_only,76,0.781916,0.033754,3.037774e-05,8.208502e-05,1004,0.022503,3.478943e-05,0.045005,2.083896e-05,2.753331e-01,137,1,0,1,1,1,
006_mustard_bottle,s0_complete_v2_006_mustard_bottle_t4,complete_only,49,0.814341,0.035056,4.541830e-06,1.315021e-05,1030,0.023371,4.241777e-06,0.046741,4.454174e-06,3.470848e-02,154,1,0,1,1,0,
006_mustard_bottle,s0_complete_v2_006_mustard_bottle_t5,complete_only,125,0.757314,0.034195,1.243376e-05,3.496928e-05,915,0.022797,1.361452e-05,0.045594,1.102121e-05,2.057524e-01,231,1,0,1,1,1,
006_mustard_bottle,s0_complete_v2_006_mustard_bottle_t6,complete_only,310,0.730438,0.033447,1.230402e-05,3.256980e-05,1216,0.022298,1.400316e-05,0.044596,1.147563e-05,4.478327e-01,327,1,0,1,1,1,
006_mustard_bottle,s0_complete_v2_006_mustard_bottle_t7,complete_only,383,0.920647,0.034114,1.301154e-06,2.871331e-06,1599,0.022742,1.255048e-06,0.045485,1.316868e-06,1.079374e-01,324,1,0,1,1,1,
006_mustard_bottle,s0_complete_v2_006_mustard_bottle_t8,complete_only,122,0.812188,0.034367,8.287389e-06,1.923346e-05,992,0.022911,1.149778e-05,0.045822,4.509365e-06,1.682707e-01,167,1,0,1,1,1,
006_mustard_bottle,s0_complete_v2_006_mustard_bottle_t9,complete_only,92,0.790273,0.033985,1.075637e-05,3.469442e-05,1143,0.022657,1.260204e-05,0.045313,9.125906e-06,4.108622e-01,323,1,0,1,1,1,
006_mustard_bottle,s0_complete_v2_006_mustard_bottle_t10,complete_only,97,0.756840,0.034527,1.567005e-05,4.273702e-05,919,0.023018,1.817393e-05,0.046036,1.385798e-05,2.432431e-01,229,1,0,1,1,1,
006_mustard_bottle,s0_complete_v2_006_mustard_bottle_t11,complete_only,12,0.858968,0.034719,2.331550e-05,7.657753e-05,881,0.023146,2.669381e-05,0.046292,2.060097e-05,3.028098e-01,255,1,0,1,1,1,
006_mustard_bottle,s0_complete_v2_006_mustard_bottle_t12,complete_only,213,0.758809,0.034103,1.323065e-05,3.285183e-05,1113,0.022736,1.545865e-05,0.045471,1.174782e-05,5.737077e-01,403,1,0,1,1,1,
006_mustard_bottle,s0_complete_v2_006_mustard_bottle_t13,complete_only,35,0.824538,0.033332,4.334596e-05,1.010776e-04,887,0.022221,5.261966e-05,0.044442,3.299081e-05,5.716604e-01,298,1,0,1,1,1,
006_mustard_bottle,s0_complete_v2_006_mustard_bottle_t14,complete_only,71,0.817587,0.034755,1.537792e-05,5.035393e-05,967,0.023170,1.889808e-05,0.046340,1.379724e-05,2.421545e-01,255,1,0,1,1,1,
006_mustard_bottle,s0_complete_v2_006_mustard_bottle_t15,complete_only,689,0.780450,0.033880,5.545137e-06,7.075865e-06,1327,0.022587,5.510320e-06,0.045173,5.415128e-06,5.456481e-01,349,1,0,1,1,1,
006_mustard_bottle,s0_complete_v2_006_mustard_bottle_t16,complete_only,624,0.662995,0.034043,1.431099e-05,4.533624e-05,1041,0.022696,1.682579e-05,0.045391,1.178744e-05,4.229640e-01,314,1,0,1,1,1,
006_mustard_bottle,s0_complete_v2_006_mustard_bottle_t17,complete_only,53,0.929891,0.034000,1.834226e-06,3.645227e-06,1376,0.022666,1.867766e-06,0.045333,1.800935e-06,8.664873e-02,286,1,0,1,1,1,
006_mustard_bottle,s0_complete_v2_006_mustard_bottle_t18,complete_only,121,0.840373,0.034727,4.178734e-06,1.394312e-05,1237,0.023152,4.387291e-06,0.046303,3.619740e-06,1.790960e-01,254,1,0,1,1,1,
006_mustard_bottle,s0_complete_v2_006_mustard_bottle_t19,complete_only,99,0.698756,0.034326,4.949077e-06,1.309656e-05,1405,0.022884,5.544644e-06,0.045768,5.032231e-06,3.408535e-01,327,1,0,1,1,1,
006_mustard_bottle,s0_complete_v2_006_mustard_bottle_t20,complete_only,51,0.802711,0.033496,2.171677e-05,6.502569e-05,1022,0.022330,2.532934e-05,0.044661,1.701736e-05,6.792995e-01,411,1,0,1,1,1,
006_mustard_bottle,s0_complete_v2_006_mustard_bottle_t21,complete_only,213,0.914046,0.034313,1.903744e-06,3.313366e-06,1553,0.022875,2.021471e-06,0.045750,1.809594e-06,1.469308e-01,326,1,0,1,1,0,
006_mustard_bottle,s0_complete_v2_006_mustard_bottle_t22,complete_only,40,0.823086,0.033918,3.530202e-05,1.220125e-04,1201,0.022612,3.446702e-05,0.045224,3.200797e-05,6.616374e-01,415,1,0,1,1,1,
006_mustard_bottle,s0_complete_v2_006_mustard_bottle_t23,complete_only,9,0.820347,0.033873,1.252063e-05,3.655934e-05,898,0.022582,1.384722e-05,0.045164,1.172506e-05,2.056431e-01,248,1,0,1,1,0,
006_mustard_bottle,s0_complete_v2_006_mustard_bottle_t24,complete_only,427,0.907101,0.034321,1.579791e-06,2.752657e-06,1436,0.022881,1.673530e-06,0.045761,1.541646e-06,1.356182e-01,333,1,0,1,1,0,
006_mustard_bottle,s0_complete_v2_006_mustard_bottle_t25,complete_only,260,0.891816,0.034008,1.483127e-06,4.291878e-06,1529,0.022672,1.398402e-06,0.045344,1.558850e-06,4.459562e-03,204,1,0,1,1,0,
006_mustard_bottle,s0_complete_v2_006_mustard_bottle_t26,complete_only,71,0.818470,0.034560,1.743292e-05,6.457596e-05,957,0.023040,2.016965e-05,0.046080,1.526707e-05,2.858289e-01,254,1,0,1,1,1,
006_mustard_bottle,s0_complete_v2_006_mustard_bottle_t27,complete_only,103,0.787006,0.034789,1.739995e-05,5.383693e-05,1030,0.023193,2.085111e-05,0.046385,1.471327e-05,3.725785e-01,276,1,0,1,1,1,
006_mustard_bottle,s0_complete_v2_006_mustard_bottle_t28,complete_only,3,0.730272,0.034079,3.678225e-05,8.431840e-05,1007,0.022719,5.076482e-05,0.045438,2.347426e-05,3.888359e-01,230,1,0,1,1,1,
006_mustard_bottle,s0_complete_v2_006_mustard_bottle_t29,complete_only,529,0.834436,0.034037,5.354148e-06,1.308652e-05,1154,0.022691,5.306976e-06,0.045382,5.226750e-06,4.739089e-01,324,1,0,1,1,0,
006_mustard_bottle,s0_complete_v2_006_mustard_bottle_t30,complete_only,650,0.778257,0.033855,6.250662e-06,1.676217e-05,1194,0.022570,6.662421e-06,0.045140,5.920239e-06,5.880584e-01,374,1,0,1,1,1,
006_mustard_bottle,s0_complete_v2_006_mustard_bottle_t31,complete_only,428,0.609880,0.033925,3.877564e-06,9.361390e-06,1460,0.022617,3.956151e-06,0.045234,3.648989e-06,3.383250e-01,374,1,0,1,1,1,
006_mustard_bottle,s0_complete_v2_006_mustard_bottle_t32,complete_only,43,0.768453,0.034453,1.213491e-05,3.638763e-05,1100,0.022968,1.249982e-05,0.045937,1.112536e-05,9.683383e-02,188,1,0,1,1,0,
006_mustard_bottle,s0_complete_v2_006_mustard_bottle_t33,complete_only,287,0.759962,0.034358,1.173587e-05,2.572668e-05,1110,0.022906,1.472371e-05,0.045811,8.335514e-06,2.826330e-01,252,1,0,1,1,1,
006_mustard_bottle,s0_complete_v2_006_mustard_bottle_t34,complete_only,529,0.833109,0.033822,6.690720e-06,1.426994e-05,1025,0.022548,6.793597e-06,0.045095,5.291729e-06,3.074305e-01,271,1,0,1,1,1,
006_mustard_bottle,s0_complete_v2_006_mustard_bottle_t35,complete_only,201,0.783385,0.033660,2.645080e-05,1.031801e-04,1098,0.022440,2.409785e-05,0.044880,2.565735e-05,7.074252e-01,428,1,0,1,1,1,
006_mustard_bottle,s0_complete_v2_006_mustard_bottle_t37,complete_only,76,0.863503,0.034719,2.790509e-06,4.675071e-06,1106,0.023146,2.900584e-06,0.046292,2.623113e-06,1.554302e-01,170,1,0,1,1,1,
006_mustard_bottle,s0_complete_v2_006_mustard_bottle_t38,complete_only,806,0.775651,0.033475,6.404481e-06,1.872540e-05,1202,0.022316,6.476854e-06,0.044633,6.000702e-06,4.617802e-01,294,1,0,1,1,1,
006_mustard_bottle,s0_complete_v2_006_mustard_bottle_t39,complete_only,72,0.892515,0.030027,1.237248e-05,3.131162e-05,948,0.020018,1.250301e-05,0.040036,1.146555e-05,3.997550e-01,286,1,0,1,1,0,
006_mustard_bottle,s0_complete_v2_006_mustard_bottle_t40,complete_only,8,0.825422,0.034543,3.344007e-06,1.373714e-05,1286,0.023029,3.267340e-06,0.046058,3.293033e-06,1.141095e-01,199,1,0,1,1,0,
006_mustard_bottle,s0_complete_v2_006_mustard_bottle_t41,complete_only,1018,0.416681,0.033739,2.949465e-05,6.748811e-05,1097,0.022493,3.568151e-05,0.044986,2.368389e-05,5.117973e-01,257,1,0,1,1,1,
006_mustard_bottle,s0_complete_v2_006_mustard_bottle_t42,complete_only,669,0.743534,0.034282,9.368578e-06,2.748308e-05,1192,0.022855,1.026452e-05,0.045710,7.931878e-06,4.348107e-01,266,1,0,1,1,1,
006_mustard_bottle,s0_complete_v2_006_mustard_bottle_t43,complete_only,76,0.832355,0.034153,5.575336e-05,1.374823e-04,1045,0.022769,7.555443e-05,0.045538,4.324462e-05,5.920293e-01,189,1,0,1,1,1,
006_mustard_bottle,s0_complete_v2_006_mustard_bottle_t44,complete_only,95,0.822428,0.034221,1.444388e-05,3.386475e-05,880,0.022814,1.492705e-05,0.045629,1.341587e-05,3.760301e-01,180,1,0,1,1,1,
006_mustard_bottle,s0_complete_v2_006_mustard_bottle_t45,complete_only,658,0.779599,0.040532,2.495019e-06,1.090370e-05,1685,0.027022,9.314951e-07,0.054043,3.705210e-06,0.000000e+00,37,1,0,1,1,1,
006_mustard_bottle,s0_complete_v2_006_mustard_bottle_t46,complete_only,268,0.899594,0.034329,1.743519e-06,2.980300e-06,1550,0.022886,1.815850e-06,0.045772,1.645101e-06,1.407802e-01,293,1,0,1,1,0,
006_mustard_bottle,s0_complete_v2_006_mustard_bottle_t47,complete_only,190,0.846487,0.034242,1.930011e-06,5.060317e-06,1560,0.022828,1.825001e-06,0.045657,1.939073e-06,5.980838e-02,247,1,0,1,1,1,
006_mustard_bottle,s0_complete_v2_006_mustard_bottle_t48,complete_only,180,0.748589,0.034228,6.061668e-06,1.650385e-05,1100,0.022819,6.386403e-06,0.045637,5.652561e-06,2.772786e-01,276,1,0,1,1,1,
006_mustard_bottle,s0_complete_v2_006_mustard_bottle_t49,complete_only,105,0.704442,0.034003,4.401019e-05,9.928253e-05,1026,0.022669,5.668943e-05,0.045338,3.317536e-05,3.777840e-01,204,1,0,1,1,1,
011_banana,s0_complete_v2_011_banana_t0,complete_only,397,0.880798,0.037847,3.826585e-06,1.888517e-05,2982,0.025231,1.934091e-06,0.050462,6.472048e-06,1.536189e-01,294,1,0,1,1,0,
011_banana,s0_complete_v2_011_banana_t1,complete_only,712,0.864160,0.033159,1.565668e-05,8.280425e-05,2153,0.022106,6.936346e-06,0.044212,1.504607e-05,5.015322e-03,194,1,0,1,1,1,
011_banana,s0_complete_v2_011_banana_t2,complete_only,121,0.953495,0.038013,1.246252e-07,1.365366e-06,1169,0.025342,1.048458e-08,0.050683,1.067745e-06,0.000000e+00,151,1,0,1,1,1,
011_banana,s0_complete_v2_011_banana_t3,complete_only,460,0.867696,0.033682,1.891725e-06,5.052440e-06,3200,0.022454,1.660114e-06,0.044909,2.425966e-06,3.318485e-01,474,1,0,1,1,1,
011_banana,s0_complete_v2_011_banana_t4,complete_only,67,0.951111,0.034948,8.612467e-07,2.523763e-06,2378,0.023299,1.068958e-06,0.046598,1.036024e-06,7.311138e-02,306,1,0,1,1,1,
011_banana,s0_complete_v2_011_banana_t5,complete_only,36,0.952817,0.036774,9.133380e-07,3.456684e-06,1471,0.024516,6.325885e-07,0.049032,3.781904e-06,0.000000e+00,124,1,0,1,1,1,
011_banana,s0_complete_v2_011_banana_t6,complete_only,40,0.951969,0.037146,2.278318e-06,8.048685e-06,1840,0.024764,5.766683e-07,0.049528,6.445848e-06,0.000000e+00,155,1,0,1,1,1,
011_banana,s0_complete_v2_011_banana_t7,complete_only,411,0.862623,0.033134,2.075242e-06,1.935458e-06,4559,0.022089,1.672945e-06,0.044179,2.693461e-06,5.782318e-01,827,1,0,1,1,1,
011_banana,s0_complete_v2_011_banana_t8,complete_only,195,0.905236,0.037542,0.000000e+00,0.000000e+00,1145,0.025028,0.000000e+00,0.050057,7.393455e-07,0.000000e+00,123,1,0,1,1,1,
011_banana,s0_complete_v2_011_banana_t9,complete_only,399,0.907278,0.034437,1.210481e-06,1.670013e-06,954,0.022958,0.000000e+00,0.045915,2.579071e-06,0.000000e+00,143,1,0,1,1,1,
011_banana,s0_complete_v2_011_banana_t10,complete_only,97,0.925296,0.034566,1.073216e-06,2.160389e-06,3412,0.023044,1.165224e-06,0.046088,1.008039e-06,6.236167e-01,730,1,0,1,1,1,
011_banana,s0_complete_v2_011_banana_t11,complete_only,115,0.949325,0.034755,1.059152e-06,2.548799e-06,3012,0.023170,1.115234e-06,0.046340,1.023701e-06,2.602737e-01,398,1,0,1,1,0,
011_banana,s0_complete_v2_011_banana_t12,complete_only,276,0.896731,0.036029,5.846263e-06,1.636670e-05,2069,0.024019,1.409056e-07,0.048039,8.261809e-06,0.000000e+00,193,1,0,1,1,0,
011_banana,s0_complete_v2_011_banana_t13,complete_only,397,0.896043,0.037506,1.646650e-06,7.762582e-06,1797,0.025004,9.268196e-07,0.050007,5.176698e-06,0.000000e+00,138,1,0,1,1,0,
011_banana,s0_complete_v2_011_banana_t14,complete_only,299,0.925808,0.034741,6.831290e-07,1.711780e-06,2249,0.023161,3.519298e-07,0.046322,7.405750e-07,8.003646e-02,277,1,0,1,1,0,
011_banana,s0_complete_v2_011_banana_t15,complete_only,1136,0.702983,0.037407,2.514523e-06,1.672295e-05,1452,0.024938,6.143740e-07,0.049876,6.711466e-06,0.000000e+00,191,1,0,1,1,0,
011_banana,s0_complete_v2_011_banana_t16,complete_only,144,0.932100,0.034578,2.178386e-06,2.008582e-06,1500,0.023052,3.905340e-07,0.046103,5.203503e-06,0.000000e+00,179,1,0,1,1,1,
011_banana,s0_complete_v2_011_banana_t17,complete_only,24,0.977404,0.032620,9.447815e-07,2.885634e-06,2360,0.021746,9.058180e-07,0.043493,9.043975e-07,1.816383e-01,355,1,0,1,1,1,
011_banana,s0_complete_v2_011_banana_t18,complete_only,97,0.941958,0.033944,8.185007e-07,2.626276e-06,1934,0.022629,9.621717e-07,0.045259,8.889527e-07,2.042249e-01,422,1,0,1,1,1,
011_banana,s0_complete_v2_011_banana_t19,complete_only,377,0.909799,0.034305,3.865547e-06,3.965122e-05,1628,0.022870,5.723902e-07,0.045740,6.669591e-06,0.000000e+00,166,1,0,1,1,1,
011_banana,s0_complete_v2_011_banana_t20,complete_only,276,0.914975,0.036546,5.259112e-07,2.637144e-06,1029,0.024364,0.000000e+00,0.048727,4.075543e-06,0.000000e+00,164,1,0,1,1,1,
011_banana,s0_complete_v2_011_banana_t21,complete_only,1423,0.593175,0.034435,7.476749e-07,1.987639e-06,1856,0.022957,4.467976e-07,0.045913,1.803837e-06,2.989589e-03,129,1,0,1,1,0,
011_banana,s0_complete_v2_011_banana_t22,complete_only,4,0.957662,0.038712,4.175901e-06,1.570314e-05,2173,0.025808,3.019836e-06,0.051616,1.318700e-05,1.042400e-02,172,1,0,1,1,0,
011_banana,s0_complete_v2_011_banana_t23,complete_only,30,0.957547,0.037695,1.422051e-07,1.423749e-06,1189,0.025130,3.870943e-09,0.050259,1.424137e-06,0.000000e+00,132,1,0,1,1,1,
011_banana,s0_complete_v2_011_banana_t24,complete_only,594,0.787409,0.034008,2.546108e-06,3.438304e-06,2986,0.022672,1.632703e-06,0.045344,3.229422e-06,1.521387e-01,306,1,0,1,1,1,
011_banana,s0_complete_v2_011_banana_t25,complete_only,430,0.876112,0.031653,2.303946e-04,7.224305e-04,1589,0.021102,5.995836e-04,0.042204,1.603678e-04,9.953960e-01,808,1,0,1,1,1,
011_banana,s0_complete_v2_011_banana_t26,complete_only,241,0.927180,0.034724,8.905147e-07,2.034657e-06,4150,0.023149,1.076661e-06,0.046299,9.156414e-07,6.174630e-01,746,1,0,1,1,1,
011_banana,s0_complete_v2_011_banana_t27,complete_only,350,0.902549,0.034554,6.276302e-07,1.897242e-06,2091,0.023036,6.299860e-07,0.046072,8.187749e-07,0.000000e+00,243,1,0,1,1,0,
011_banana,s0_complete_v2_011_banana_t28,complete_only,71,0.945402,0.038834,4.448821e-06,2.240612e-05,4097,0.025889,3.488059e-06,0.051779,8.711533e-06,3.045692e-01,314,1,0,1,1,1,
011_banana,s0_complete_v2_011_banana_t29,complete_only,8,0.963396,0.038007,5.486611e-07,1.537221e-06,1836,0.025338,0.000000e+00,0.050676,7.366381e-07,0.000000e+00,144,1,0,1,1,1,
011_banana,s0_complete_v2_011_banana_t30,complete_only,847,0.802354,0.037328,4.964348e-05,1.970506e-04,1224,0.024885,7.712089e-05,0.049770,2.562296e-05,7.719737e-02,171,1,0,1,1,1,
011_banana,s0_complete_v2_011_banana_t31,complete_only,29,0.953038,0.036449,9.568531e-07,3.175028e-06,2714,0.024300,9.522621e-07,0.048599,1.351473e-06,1.675071e-01,388,1,0,1,1,1,
011_banana,s0_complete_v2_011_banana_t32,complete_only,66,0.960852,0.037137,1.748591e-06,7.491135e-06,1635,0.024758,1.464839e-06,0.049517,2.011891e-06,7.347721e-02,233,1,0,1,1,1,
011_banana,s0_complete_v2_011_banana_t33,complete_only,25,0.947576,0.037949,4.106225e-06,1.723059e-05,9617,0.025299,5.107811e-06,0.050599,3.534200e-06,1.091395e+00,906,1,0,1,1,0,
011_banana,s0_complete_v2_011_banana_t34,complete_only,1394,0.583198,0.033394,7.772285e-06,1.536285e-05,2521,0.022263,3.123389e-06,0.044525,1.023704e-05,1.504078e-01,290,1,0,1,1,0,
011_banana,s0_complete_v2_011_banana_t35,complete_only,258,0.913799,0.036881,2.133101e-06,1.003880e-05,1986,0.024587,1.090859e-06,0.049175,5.210882e-06,2.438545e-01,342,1,0,1,1,1,
011_banana,s0_complete_v2_011_banana_t36,complete_only,162,0.889357,0.043559,1.434944e-06,4.627801e-06,5433,0.029039,1.156408e-06,0.058078,2.471690e-06,0.000000e+00,254,1,0,1,1,1,
011_banana,s0_complete_v2_011_banana_t37,complete_only,434,0.865216,0.035501,7.691348e-06,6.827399e-06,2608,0.023667,7.529347e-06,0.047335,6.328277e-06,4.112839e-01,453,1,0,1,1,1,
011_banana,s0_complete_v2_011_banana_t38,complete_only,103,0.947848,0.037550,9.666966e-07,2.720396e-06,2545,0.025033,8.659436e-08,0.050066,1.481359e-06,0.000000e+00,214,1,0,1,1,1,
011_banana,s0_complete_v2_011_banana_t39,complete_only,1053,0.728056,0.032792,1.147170e-05,5.407260e-05,2489,0.021861,1.128855e-05,0.043723,1.432900e-05,2.276130e-01,349,1,0,1,1,1,
011_banana,s0_complete_v2_011_banana_t40,complete_only,508,0.856416,0.038088,3.320788e-06,7.371588e-06,2325,0.025392,1.025530e-06,0.050784,4.873446e-06,0.000000e+00,168,1,0,1,1,1,
011_banana,s0_complete_v2_011_banana_t41,complete_only,244,0.906145,0.038253,2.523972e-06,5.256191e-06,3670,0.025502,1.194805e-06,0.051005,4.054289e-06,2.656208e-01,465,1,0,1,1,0,
011_banana,s0_complete_v2_011_banana_t42,complete_only,159,0.906119,0.037808,0.000000e+00,0.000000e+00,946,0.025206,0.000000e+00,0.050411,0.000000e+00,0.000000e+00,91,1,0,1,1,1,
011_banana,s0_complete_v2_011_banana_t43,complete_only,32,0.951916,0.039970,1.337284e-05,2.594302e-05,4478,0.026647,4.604075e-06,0.053293,2.422922e-05,1.694506e-01,273,1,0,1,1,1,
011_banana,s0_complete_v2_011_banana_t44,complete_only,271,0.919290,0.036541,3.599492e-08,0.000000e+00,981,0.024360,0.000000e+00,0.048721,5.776800e-07,0.000000e+00,116,1,0,1,1,0,
011_banana,s0_complete_v2_011_banana_t45,complete_only,236,0.905613,0.034977,1.920972e-06,2.346161e-06,3055,0.023318,6.998385e-07,0.046637,2.950470e-06,9.812745e-02,309,1,0,1,1,0,
011_banana,s0_complete_v2_011_banana_t46,complete_only,767,0.773670,0.034607,1.415956e-04,9.310705e-04,861,0.023071,5.338818e-04,0.046142,2.756372e-05,4.221415e-01,358,1,0,1,1,1,
011_banana,s0_complete_v2_011_banana_t47,complete_only,107,0.945981,0.033651,1.389951e-06,2.857100e-06,2068,0.022434,9.722719e-07,0.044867,2.371439e-06,1.048998e-01,324,1,0,1,1,0,
011_banana,s0_complete_v2_011_banana_t48,complete_only,297,0.916685,0.036423,2.965635e-07,1.733120e-06,1179,0.024282,2.927359e-08,0.048564,1.930456e-06,0.000000e+00,136,1,0,1,1,1,
011_banana,s0_complete_v2_011_banana_t49,complete_only,322,0.896238,0.033243,1.582877e-06,3.951061e-06,3585,0.022162,1.641255e-06,0.044324,2.191422e-06,6.592990e-02,279,1,0,1,1,0,
007_tuna_fish_can,s0_complete_v2_007_tuna_fish_can_t0,complete_only,1613,0.207032,0.014299,5.167894e-07,8.981861e-07,1135,0.009533,5.559291e-07,0.019066,5.035230e-07,3.076565e-01,557,1,0,1,1,0,
007_tuna_fish_can,s0_complete_v2_007_tuna_fish_can_t1,complete_only,1639,0.158117,0.014294,9.318879e-07,1.285065e-06,1082,0.009529,1.129801e-06,0.019058,8.550803e-07,6.931962e-01,1028,1,0,1,1,0,
007_tuna_fish_can,s0_complete_v2_007_tuna_fish_can_t2,complete_only,1728,0.148869,0.014336,1.030865e-06,1.655866e-06,905,0.009557,1.106465e-06,0.019115,8.493878e-07,6.539724e-01,1083,1,0,1,1,0,
007_tuna_fish_can,s0_complete_v2_007_tuna_fish_can_t3,complete_only,1626,0.195128,0.014406,6.357441e-07,9.279017e-07,1091,0.009604,6.465124e-07,0.019208,6.229986e-07,6.834657e-01,1150,1,0,1,1,0,
007_tuna_fish_can,s0_complete_v2_007_tuna_fish_can_t4,complete_only,1693,0.158281,0.014308,6.447931e-07,1.324610e-06,738,0.009539,7.071686e-07,0.019077,6.596211e-07,8.034307e-01,1136,1,0,1,1,0,
007_tuna_fish_can,s0_complete_v2_007_tuna_fish_can_t5,complete_only,1711,0.135830,0.014484,6.454118e-07,1.954675e-06,717,0.009656,5.253506e-07,0.019312,6.978189e-07,4.071239e-01,814,1,0,1,1,0,
007_tuna_fish_can,s0_complete_v2_007_tuna_fish_can_t6,complete_only,1620,0.149581,0.014335,7.533309e-07,1.116567e-06,1119,0.009557,8.901708e-07,0.019114,7.273427e-07,5.372455e-01,834,1,0,1,1,0,
007_tuna_fish_can,s0_complete_v2_007_tuna_fish_can_t7,complete_only,1630,0.162415,0.014474,6.313364e-07,9.462035e-07,1223,0.009649,6.638017e-07,0.019298,6.190559e-07,3.489670e-01,598,1,0,1,1,0,
007_tuna_fish_can,s0_complete_v2_007_tuna_fish_can_t8,complete_only,1675,0.139903,0.014609,4.365771e-07,7.622913e-07,1093,0.009740,4.293507e-07,0.019479,4.156313e-07,1.558630e-01,273,1,0,1,1,0,
007_tuna_fish_can,s0_complete_v2_007_tuna_fish_can_t9,complete_only,1642,0.281139,0.014321,7.566990e-07,1.087051e-06,1196,0.009547,8.513292e-07,0.019095,7.295208e-07,3.413565e-01,530,1,0,1,1,0,
007_tuna_fish_can,s0_complete_v2_007_tuna_fish_can_t10,complete_only,1630,0.175358,0.014381,9.191100e-07,1.751188e-06,837,0.009587,1.059772e-06,0.019174,7.434401e-07,2.697496e-01,525,1,0,1,1,0,
007_tuna_fish_can,s0_complete_v2_007_tuna_fish_can_t11,complete_only,1717,0.144934,0.014345,1.370755e-06,1.989489e-06,1063,0.009563,1.567604e-06,0.019126,9.901993e-07,8.214890e-01,1205,1,0,1,1,0,
007_tuna_fish_can,s0_complete_v2_007_tuna_fish_can_t12,complete_only,1628,0.159448,0.014454,5.743096e-07,9.569272e-07,1167,0.009636,5.842832e-07,0.019272,5.602682e-07,5.232445e-01,892,1,0,1,1,0,
007_tuna_fish_can,s0_complete_v2_007_tuna_fish_can_t13,complete_only,1694,0.136899,0.014361,9.500839e-07,1.286752e-06,818,0.009574,9.993715e-07,0.019149,8.138846e-07,8.466379e-01,1256,1,0,1,1,0,
007_tuna_fish_can,s0_complete_v2_007_tuna_fish_can_t14,complete_only,1660,0.181921,0.014605,6.289756e-07,1.761663e-06,751,0.009737,6.592188e-07,0.019473,6.872995e-07,6.881753e-01,1327,1,0,1,1,0,
007_tuna_fish_can,s0_complete_v2_007_tuna_fish_can_t15,complete_only,1638,0.159666,0.014334,7.090999e-07,1.044697e-06,1251,0.009556,7.692727e-07,0.019112,6.710558e-07,3.445645e-01,540,1,0,1,1,0,
007_tuna_fish_can,s0_complete_v2_007_tuna_fish_can_t16,complete_only,1626,0.184907,0.014314,6.402638e-07,9.854033e-07,1189,0.009542,6.673949e-07,0.019085,6.152644e-07,3.335264e-01,525,1,0,1,1,0,
007_tuna_fish_can,s0_complete_v2_007_tuna_fish_can_t17,complete_only,1619,0.193820,0.014390,6.656147e-07,9.933168e-07,1159,0.009594,6.688209e-07,0.019187,6.558306e-07,5.172243e-01,808,1,0,1,1,0,
007_tuna_fish_can,s0_complete_v2_007_tuna_fish_can_t18,complete_only,1686,0.145264,0.014358,6.662171e-07,1.302693e-06,844,0.009572,6.058960e-07,0.019144,6.838610e-07,7.000288e-01,1076,1,0,1,1,0,
007_tuna_fish_can,s0_complete_v2_007_tuna_fish_can_t19,complete_only,1597,0.188289,0.014297,4.378940e-07,8.174544e-07,963,0.009532,4.636276e-07,0.019063,4.509915e-07,4.262542e-01,837,1,0,1,1,0,
007_tuna_fish_can,s0_complete_v2_007_tuna_fish_can_t20,complete_only,1625,0.224437,0.014499,7.152033e-07,1.119520e-06,1034,0.009666,7.706611e-07,0.019332,6.773687e-07,3.369688e-01,527,1,0,1,1,0,
007_tuna_fish_can,s0_complete_v2_007_tuna_fish_can_t21,complete_only,1662,0.203586,0.014494,7.859455e-07,1.433375e-06,1158,0.009663,8.334280e-07,0.019326,6.432833e-07,8.854546e-01,1547,1,0,1,1,0,
007_tuna_fish_can,s0_complete_v2_007_tuna_fish_can_t22,complete_only,1753,0.147137,0.014480,7.995610e-07,1.188773e-06,1113,0.009654,9.355769e-07,0.019307,7.533330e-07,6.818047e-01,967,1,0,1,1,0,
007_tuna_fish_can,s0_complete_v2_007_tuna_fish_can_t23,complete_only,1678,0.128736,0.014350,7.501217e-07,1.061354e-06,1048,0.009567,8.495249e-07,0.019134,7.158070e-07,6.341009e-01,1054,1,0,1,1,0,
007_tuna_fish_can,s0_complete_v2_007_tuna_fish_can_t24,complete_only,1689,0.134940,0.014343,8.105957e-07,1.474805e-06,1039,0.009562,9.210181e-07,0.019124,7.113308e-07,2.798401e-01,517,1,0,1,1,0,
007_tuna_fish_can,s0_complete_v2_007_tuna_fish_can_t25,complete_only,1623,0.175077,0.014369,9.372245e-07,1.224467e-06,916,0.009579,9.145123e-07,0.019158,8.373191e-07,6.077500e-01,929,1,0,1,1,0,
007_tuna_fish_can,s0_complete_v2_007_tuna_fish_can_t26,complete_only,1723,0.154031,0.014531,5.341933e-07,1.307963e-06,1138,0.009688,4.796268e-07,0.019375,5.506551e-07,8.999112e-01,1323,1,0,1,1,0,
007_tuna_fish_can,s0_complete_v2_007_tuna_fish_can_t27,complete_only,1701,0.175384,0.014355,8.046574e-07,1.287463e-06,1092,0.009570,9.776048e-07,0.019140,7.358358e-07,6.247246e-01,955,1,0,1,1,0,
007_tuna_fish_can,s0_complete_v2_007_tuna_fish_can_t28,complete_only,1669,0.154331,0.014480,7.288406e-07,1.334764e-06,982,0.009654,7.851973e-07,0.019307,6.837629e-07,6.226394e-01,1142,1,0,1,1,0,
007_tuna_fish_can,s0_complete_v2_007_tuna_fish_can_t29,complete_only,1717,0.158193,0.014347,6.972299e-07,1.085118e-06,1045,0.009565,6.935822e-07,0.019130,6.926918e-07,5.167854e-01,776,1,0,1,1,0,
007_tuna_fish_can,s0_complete_v2_007_tuna_fish_can_t30,complete_only,1695,0.109416,0.014322,1.080514e-06,1.412522e-06,943,0.009548,1.060844e-06,0.019096,9.191769e-07,7.661805e-01,1145,1,0,1,1,0,
007_tuna_fish_can,s0_complete_v2_007_tuna_fish_can_t31,complete_only,1701,0.171817,0.014276,5.996709e-07,8.932555e-07,1088,0.009517,6.201046e-07,0.019035,5.894163e-07,6.439246e-01,1088,1,0,1,1,0,
007_tuna_fish_can,s0_complete_v2_007_tuna_fish_can_t32,complete_only,1690,0.165439,0.014434,9.716148e-07,1.296792e-06,956,0.009623,9.497976e-07,0.019246,8.111016e-07,6.987094e-01,1102,1,0,1,1,0,
007_tuna_fish_can,s0_complete_v2_007_tuna_fish_can_t33,complete_only,1625,0.140807,0.014405,5.732870e-07,9.848367e-07,1046,0.009603,5.833988e-07,0.019207,5.699280e-07,9.907953e-01,1596,1,0,1,1,0,
007_tuna_fish_can,s0_complete_v2_007_tuna_fish_can_t34,complete_only,1658,0.143270,0.014643,1.010293e-06,1.356980e-06,991,0.009762,9.934722e-07,0.019524,8.330094e-07,5.910560e-01,908,1,0,1,1,0,
007_tuna_fish_can,s0_complete_v2_007_tuna_fish_can_t35,complete_only,1671,0.169304,0.014368,5.922457e-07,9.017868e-07,1120,0.009578,5.722247e-07,0.019157,5.996399e-07,5.094621e-01,846,1,0,1,1,0,
007_tuna_fish_can,s0_complete_v2_007_tuna_fish_can_t36,complete_only,1724,0.152584,0.014389,8.218113e-07,1.426088e-06,1001,0.009592,9.678637e-07,0.019185,7.258733e-07,2.776008e-01,483,1,0,1,1,0,
007_tuna_fish_can,s0_complete_v2_007_tuna_fish_can_t37,complete_only,1715,0.160387,0.014340,8.029943e-07,1.427142e-06,952,0.009560,8.741260e-07,0.019120,6.802394e-07,7.145684e-01,1209,1,0,1,1,0,
007_tuna_fish_can,s0_complete_v2_007_tuna_fish_can_t38,complete_only,1648,0.151660,0.014320,6.189243e-07,1.232914e-06,934,0.009546,6.551292e-07,0.019093,5.928787e-07,7.612477e-01,1215,1,0,1,1,0,
007_tuna_fish_can,s0_complete_v2_007_tuna_fish_can_t39,complete_only,1692,0.115883,0.014514,7.465002e-07,1.303329e-06,1156,0.009676,7.733596e-07,0.019351,7.271108e-07,5.021287e-01,743,1,0,1,1,0,
007_tuna_fish_can,s0_complete_v2_007_tuna_fish_can_t40,complete_only,1650,0.170778,0.014355,1.005026e-06,1.309511e-06,871,0.009570,9.992628e-07,0.019140,8.555693e-07,8.463801e-01,1361,1,0,1,1,0,
007_tuna_fish_can,s0_complete_v2_007_tuna_fish_can_t41,complete_only,1623,0.192573,0.014360,6.474264e-07,1.349832e-06,944,0.009574,6.483197e-07,0.019147,6.388802e-07,8.938706e-01,1421,1,0,1,1,1,
007_tuna_fish_can,s0_complete_v2_007_tuna_fish_can_t42,complete_only,1617,0.156161,0.014388,7.616076e-07,1.381300e-06,1080,0.009592,8.857306e-07,0.019184,7.249324e-07,4.197944e-01,647,1,0,1,1,0,
007_tuna_fish_can,s0_complete_v2_007_tuna_fish_can_t43,complete_only,1671,0.155277,0.014542,5.547137e-07,1.541387e-06,900,0.009695,5.188785e-07,0.019390,5.593748e-07,1.965245e-01,375,1,0,1,1,0,
007_tuna_fish_can,s0_complete_v2_007_tuna_fish_can_t44,complete_only,1677,0.172415,0.014401,1.056842e-06,1.396685e-06,870,0.009600,1.043319e-06,0.019201,9.159212e-07,8.713955e-01,1407,1,0,1,1,0,
007_tuna_fish_can,s0_complete_v2_007_tuna_fish_can_t45,complete_only,1687,0.175521,0.014433,5.899556e-07,8.654545e-07,1071,0.009622,5.926836e-07,0.019245,5.846430e-07,7.752380e-01,1235,1,0,1,1,0,
007_tuna_fish_can,s0_complete_v2_007_tuna_fish_can_t46,complete_only,1660,0.177117,0.014402,4.585438e-07,7.874565e-07,1057,0.009602,5.017486e-07,0.019203,4.417700e-07,5.159073e-01,1002,1,0,1,1,0,
007_tuna_fish_can,s0_complete_v2_007_tuna_fish_can_t47,complete_only,1622,0.180299,0.014414,7.105599e-07,1.101693e-06,1087,0.009609,8.603533e-07,0.019219,6.563390e-07,7.582280e-01,1292,1,0,1,1,0,
007_tuna_fish_can,s0_complete_v2_007_tuna_fish_can_t48,complete_only,1654,0.151730,0.014458,9.715462e-07,1.589634e-06,895,0.009639,1.027377e-06,0.019277,8.326425e-07,6.779926e-01,1165,1,0,1,1,0,
007_tuna_fish_can,s0_complete_v2_007_tuna_fish_can_t49,complete_only,1645,0.206947,0.014428,7.701768e-07,1.418059e-06,871,0.009618,8.850857e-07,0.019237,7.198433e-07,6.770372e-01,982,1,0,1,1,0,
037_scissors,s0_complete_v2_037_scissors_t0,complete_only,1511,0.530155,0.040101,3.167456e-04,1.979805e-03,471,0.026734,5.906097e-04,0.053468,2.212978e-04,4.853420e-02,44,1,0,1,1,0,
037_scissors,s0_complete_v2_037_scissors_t1,complete_only,997,0.790554,0.037859,5.462483e-06,3.056429e-05,8431,0.025239,1.559652e-05,0.050478,4.632611e-06,1.462652e+00,1185,1,0,1,1,0,
037_scissors,s0_complete_v2_037_scissors_t2,complete_only,1714,0.358923,0.039157,1.211904e-05,5.139745e-05,4140,0.026104,1.203050e-05,0.052209,9.968588e-06,1.098042e+00,658,1,0,1,1,0,
037_scissors,s0_complete_v2_037_scissors_t3,complete_only,1659,0.465604,0.040168,1.872396e-05,1.114157e-04,920,0.026779,1.833665e-05,0.053558,2.146153e-05,3.758077e-02,55,1,0,1,1,0,
037_scissors,s0_complete_v2_037_scissors_t4,complete_only,1664,0.333560,0.042531,1.997491e-06,6.225005e-06,4340,0.028354,4.136876e-06,0.056708,1.663667e-06,3.293312e-02,129,1,0,1,1,0,
037_scissors,s0_complete_v2_037_scissors_t5,complete_only,1963,0.045667,0.042014,7.654108e-06,3.606899e-05,6091,0.028009,5.362281e-06,0.056018,8.765318e-06,9.871026e-01,888,1,0,1,1,0,
037_scissors,s0_complete_v2_037_scissors_t6,complete_only,1456,0.636984,0.041520,1.838931e-06,4.578758e-06,925,0.027680,1.603401e-06,0.055360,2.702119e-06,3.983470e-02,65,1,0,1,1,0,
037_scissors,s0_complete_v2_037_scissors_t7,complete_only,1954,0.051696,0.041308,4.198929e-06,1.648321e-05,7423,0.027539,3.624066e-06,0.055077,5.159510e-06,2.036973e-01,307,1,0,1,1,0,
037_scissors,s0_complete_v2_037_scissors_t8,complete_only,0,0.993418,0.040109,2.457856e-06,4.674446e-06,3032,0.026739,1.449012e-06,0.053479,3.929662e-06,2.048491e-01,307,0,0,1,1,,
037_scissors,s0_complete_v2_037_scissors_t9,complete_only,0,0.989271,0.041163,3.722312e-06,1.443720e-05,1868,0.027442,2.704970e-06,0.054885,5.536163e-06,9.449893e-02,131,0,0,1,1,,
037_scissors,s0_complete_v2_037_scissors_t10,complete_only,1877,0.149267,0.038650,7.503003e-07,2.728353e-06,1728,0.025767,1.325522e-08,0.051533,1.001824e-06,0.000000e+00,14,1,0,1,1,0,
037_scissors,s0_complete_v2_037_scissors_t11,complete_only,1875,0.162864,0.038586,8.521929e-07,2.522517e-06,2223,0.025724,4.264084e-07,0.051448,9.605435e-07,0.000000e+00,54,1,0,1,1,0,
037_scissors,s0_complete_v2_037_scissors_t12,complete_only,1828,0.169839,0.040311,3.551636e-06,1.999703e-05,4045,0.026874,4.530523e-06,0.053748,3.571056e-06,4.435941e-01,374,1,0,1,1,0,
037_scissors,s0_complete_v2_037_scissors_t13,complete_only,1722,0.349243,0.040449,1.044415e-05,3.547859e-05,7310,0.026966,7.352696e-06,0.053932,1.089030e-05,2.960697e-01,410,1,0,1,1,0,
037_scissors,s0_complete_v2_037_scissors_t14,complete_only,1255,0.753982,0.039435,5.469331e-07,1.263316e-06,1523,0.026290,3.698941e-07,0.052579,6.159148e-07,0.000000e+00,84,1,0,1,1,0,
037_scissors,s0_complete_v2_037_scissors_t15,complete_only,0,0.985339,0.038021,3.213685e-05,7.874432e-05,3068,0.025347,2.018205e-05,0.050695,3.466243e-05,3.979641e-01,268,0,0,1,1,,
037_scissors,s0_complete_v2_037_scissors_t16,complete_only,1253,0.695959,0.041807,4.604463e-06,2.149091e-05,2265,0.027871,2.407443e-06,0.055742,7.221625e-06,1.593915e-01,185,1,0,1,1,0,
037_scissors,s0_complete_v2_037_scissors_t17,complete_only,1826,0.172592,0.038229,1.472591e-05,8.102743e-05,7051,0.025486,2.306211e-05,0.050972,1.011675e-05,2.505869e-01,231,1,0,1,1,1,
037_scissors,s0_complete_v2_037_scissors_t18,complete_only,1943,0.068128,0.040473,2.504633e-06,9.621489e-06,3778,0.026982,2.185124e-06,0.053963,3.419293e-06,5.005719e-02,118,1,0,1,1,0,
037_scissors,s0_complete_v2_037_scissors_t19,complete_only,1324,0.646251,0.040594,5.852379e-06,2.064398e-05,7187,0.027063,1.301173e-05,0.054126,5.125103e-06,1.109463e+00,890,1,0,1,1,1,
037_scissors,s0_complete_v2_037_scissors_t20,complete_only,1739,0.307389,0.041538,2.887258e-06,1.430457e-05,539,0.027692,3.601014e-06,0.055384,2.588629e-06,1.355367e-02,33,1,0,1,1,0,
037_scissors,s0_complete_v2_037_scissors_t21,complete_only,1799,0.264681,0.043126,4.244045e-06,1.916012e-05,5269,0.028751,4.560303e-06,0.057501,3.780557e-06,1.456178e+00,982,1,0,1,1,1,
037_scissors,s0_complete_v2_037_scissors_t22,complete_only,1739,0.206661,0.042601,2.582556e-06,1.157613e-05,4956,0.028401,2.255328e-06,0.056802,3.180594e-06,2.533825e-01,312,1,0,1,1,0,
037_scissors,s0_complete_v2_037_scissors_t23,complete_only,1931,0.083989,0.041475,5.440879e-06,2.169730e-05,4554,0.027650,3.439878e-06,0.055300,7.103885e-06,1.065015e+00,1115,1,0,1,1,0,
037_scissors,s0_complete_v2_037_scissors_t24,complete_only,1930,0.057890,0.042909,2.941589e-06,1.144456e-05,6914,0.028606,3.789920e-06,0.057212,2.434984e-06,7.777947e-01,708,1,0,1,1,0,
037_scissors,s0_complete_v2_037_scissors_t25,complete_only,1861,0.203934,0.037712,1.120044e-05,4.611970e-05,4568,0.025142,2.636568e-05,0.050283,1.378618e-05,7.853034e-01,555,1,0,1,1,1,
037_scissors,s0_complete_v2_037_scissors_t26,complete_only,1887,0.124259,0.040064,2.294588e-06,5.915463e-06,4079,0.026709,2.002002e-06,0.053419,2.025683e-06,0.000000e+00,46,1,0,1,1,1,
037_scissors,s0_complete_v2_037_scissors_t27,complete_only,1699,0.296006,0.039100,9.205832e-07,1.706834e-06,3128,0.026067,7.823902e-07,0.052133,1.204860e-06,8.337823e-02,239,1,0,1,1,1,
037_scissors,s0_complete_v2_037_scissors_t28,complete_only,1914,0.070271,0.041757,5.637534e-06,3.107761e-05,4653,0.027838,4.417533e-06,0.055676,4.993539e-06,1.073620e-01,183,1,0,1,1,0,
037_scissors,s0_complete_v2_037_scissors_t29,complete_only,1944,0.078614,0.039429,6.145000e-06,2.812902e-05,3596,0.026286,6.223014e-06,0.052573,6.879905e-06,1.166066e+00,1179,1,0,1,1,0,
037_scissors,s0_complete_v2_037_scissors_t30,complete_only,0,0.983804,0.038099,1.600415e-04,5.706165e-04,2678,0.025399,1.523975e-03,0.050798,8.870194e-05,1.202116e+00,579,0,0,1,1,,
037_scissors,s0_complete_v2_037_scissors_t31,complete_only,1421,0.598221,0.039478,5.911864e-06,2.966639e-05,7429,0.026319,6.170587e-06,0.052637,5.248331e-06,1.080477e+00,833,1,0,1,1,0,
037_scissors,s0_complete_v2_037_scissors_t32,complete_only,0,0.989276,0.033912,6.929922e-06,1.772133e-05,3962,0.022608,7.368056e-06,0.045216,7.255961e-06,1.003755e+00,623,0,0,1,1,,
037_scissors,s0_complete_v2_037_scissors_t33,complete_only,1916,0.071577,0.040732,4.189458e-06,1.711531e-05,4965,0.027155,3.814854e-06,0.054309,4.720942e-06,1.322614e-01,95,1,0,1,1,0,
037_scissors,s0_complete_v2_037_scissors_t34,complete_only,1866,0.166470,0.038532,1.013423e-05,6.285352e-06,3487,0.025688,4.983412e-06,0.051376,9.578862e-06,4.869184e-01,521,1,0,1,1,0,
037_scissors,s0_complete_v2_037_scissors_t35,complete_only,1708,0.323308,0.041332,3.018991e-05,1.985324e-04,326,0.027555,6.622429e-05,0.055110,2.244342e-05,4.461204e-02,30,1,0,1,1,0,
037_scissors,s0_complete_v2_037_scissors_t36,complete_only,1942,0.089213,0.037808,4.638693e-06,2.744290e-05,3012,0.025205,4.354273e-06,0.050411,4.519166e-06,9.738928e-01,1082,1,0,1,1,1,
037_scissors,s0_complete_v2_037_scissors_t37,complete_only,1828,0.179929,0.042174,2.017352e-06,9.165710e-06,9321,0.028116,1.813340e-06,0.056232,2.177420e-06,1.501586e+00,1695,1,0,1,1,0,
037_scissors,s0_complete_v2_037_scissors_t38,complete_only,1934,0.089256,0.039817,4.148876e-06,1.607798e-05,3407,0.026545,8.703816e-06,0.053090,5.927407e-06,0.000000e+00,6,1,0,1,1,0,
037_scissors,s0_complete_v2_037_scissors_t39,complete_only,1898,0.110093,0.039769,1.914282e-05,4.191940e-05,6942,0.026513,2.382035e-05,0.053026,2.230011e-05,1.350814e+00,1315,1,0,1,1,0,
037_scissors,s0_complete_v2_037_scissors_t40,complete_only,0,0.984313,0.042668,2.335922e-06,2.356817e-05,977,0.028445,1.511654e-06,0.056891,3.421876e-06,0.000000e+00,84,0,0,1,1,,
037_scissors,s0_complete_v2_037_scissors_t41,complete_only,1670,0.391633,0.040012,1.584175e-05,6.816879e-05,6040,0.026675,3.093166e-05,0.053349,1.766853e-05,1.132465e+00,699,1,0,1,1,0,
037_scissors,s0_complete_v2_037_scissors_t42,complete_only,0,0.987337,0.040500,1.192110e-06,5.231281e-06,2499,0.027000,8.864782e-07,0.053999,1.654813e-06,2.110964e-01,316,0,0,1,1,,
037_scissors,s0_complete_v2_037_scissors_t43,complete_only,1826,0.165633,0.043046,2.947423e-06,1.211330e-05,2242,0.028697,1.629794e-06,0.057395,3.197634e-06,0.000000e+00,16,1,0,1,1,0,
037_scissors,s0_complete_v2_037_scissors_t44,complete_only,1976,0.023085,0.042437,4.305208e-06,2.327734e-05,3359,0.028292,4.822200e-06,0.056583,5.135444e-06,4.235989e-01,466,1,0,1,1,0,
037_scissors,s0_complete_v2_037_scissors_t45,complete_only,1883,0.197852,0.038095,3.929351e-06,1.909444e-05,3870,0.025396,3.727205e-06,0.050793,4.186051e-06,9.012047e-01,995,1,0,1,1,0,
037_scissors,s0_complete_v2_037_scissors_t46,complete_only,1962,0.033409,0.042704,3.168644e-06,1.438757e-05,5485,0.028469,3.325081e-06,0.056939,2.337803e-06,7.519020e-01,709,1,0,1,1,1,
037_scissors,s0_complete_v2_037_scissors_t47,complete_only,1291,0.657094,0.039105,2.428856e-06,7.956094e-06,2557,0.026070,1.379950e-06,0.052140,3.248762e-06,6.500938e-02,91,1,0,1,1,0,
037_scissors,s0_complete_v2_037_scissors_t48,complete_only,1958,0.050895,0.042761,5.804269e-06,2.243085e-05,5864,0.028507,5.105911e-06,0.057014,7.190054e-06,1.277137e+00,1118,1,0,1,1,0,
037_scissors,s0_complete_v2_037_scissors_t49,complete_only,1848,0.212209,0.039764,1.997697e-05,1.015141e-04,8744,0.026509,8.043883e-05,0.053019,2.060857e-05,1.435104e+00,1067,1,0,1,1,0,
021_bleach_cleanser,s0_complete_v2_021_bleach_cleanser_t0,complete_only,831,0.586417,0.044401,2.727494e-06,1.688331e-05,847,0.029600,2.153853e-06,0.059201,3.959681e-06,1.015377e-02,92,1,0,1,1,1,
021_bleach_cleanser,s0_complete_v2_021_bleach_cleanser_t1,complete_only,733,0.788673,0.047412,1.695686e-06,9.054780e-06,857,0.031608,6.351189e-07,0.063215,2.286563e-06,0.000000e+00,106,1,0,1,1,1,
021_bleach_cleanser,s0_complete_v2_021_bleach_cleanser_t2,complete_only,38,0.888026,0.039447,2.356526e-05,1.214720e-04,672,0.026298,1.481849e-05,0.052596,3.146443e-05,0.000000e+00,61,1,0,1,1,0,
021_bleach_cleanser,s0_complete_v2_021_bleach_cleanser_t3,complete_only,930,0.624834,0.045084,1.239608e-06,1.287279e-05,803,0.030056,8.543244e-07,0.060112,2.987978e-06,0.000000e+00,90,1,0,1,1,0,
021_bleach_cleanser,s0_complete_v2_021_bleach_cleanser_t4,complete_only,768,0.783300,0.046461,1.286331e-06,8.881842e-06,858,0.030974,2.785520e-07,0.061948,1.888945e-06,0.000000e+00,102,1,0,1,1,1,
021_bleach_cleanser,s0_complete_v2_021_bleach_cleanser_t5,complete_only,747,0.637307,0.045507,1.450074e-05,5.149299e-05,818,0.030338,3.402917e-05,0.060677,8.813362e-06,5.290127e-02,104,1,0,1,1,0,
021_bleach_cleanser,s0_complete_v2_021_bleach_cleanser_t6,complete_only,997,0.568875,0.045592,2.589878e-06,1.490658e-05,878,0.030395,9.646470e-07,0.060790,3.482830e-06,0.000000e+00,112,1,0,1,1,1,
021_bleach_cleanser,s0_complete_v2_021_bleach_cleanser_t7,complete_only,290,0.834308,0.045534,2.534711e-06,5.568721e-06,1351,0.030356,3.248955e-06,0.060713,1.760984e-06,1.004529e-02,71,1,0,1,1,0,
021_bleach_cleanser,s0_complete_v2_021_bleach_cleanser_t8,complete_only,263,0.789964,0.044649,2.415173e-05,7.937740e-05,1367,0.029766,3.796375e-05,0.059532,1.406582e-05,2.279050e-01,154,1,0,1,1,1,
021_bleach_cleanser,s0_complete_v2_021_bleach_cleanser_t9,complete_only,894,0.622392,0.046224,3.062884e-06,1.748462e-05,705,0.030816,1.531450e-06,0.061632,3.505608e-06,0.000000e+00,85,1,0,1,1,1,
021_bleach_cleanser,s0_complete_v2_021_bleach_cleanser_t10,complete_only,892,0.645833,0.044913,7.325974e-06,1.482796e-05,980,0.029942,1.086306e-05,0.059883,4.885870e-06,4.297491e-02,109,1,0,1,1,1,
021_bleach_cleanser,s0_complete_v2_021_bleach_cleanser_t11,complete_only,841,0.642452,0.045624,5.846519e-06,1.936427e-05,957,0.030416,7.480597e-06,0.060832,4.664605e-06,2.725122e-02,113,1,0,1,1,1,
021_bleach_cleanser,s0_complete_v2_021_bleach_cleanser_t12,complete_only,557,0.770715,0.042976,2.766153e-05,5.640189e-05,1153,0.028651,3.967816e-05,0.057301,1.719772e-05,2.433813e-01,150,1,0,1,1,1,
021_bleach_cleanser,s0_complete_v2_021_bleach_cleanser_t13,complete_only,907,0.576772,0.044703,4.965759e-06,1.482074e-05,1005,0.029802,5.029677e-06,0.059605,4.277587e-06,7.350089e-03,96,1,0,1,1,1,
021_bleach_cleanser,s0_complete_v2_021_bleach_cleanser_t14,complete_only,859,0.654169,0.045757,6.096415e-06,1.908719e-05,1098,0.030504,8.204178e-06,0.061009,4.506822e-06,1.934802e-02,79,1,0,1,1,1,
021_bleach_cleanser,s0_complete_v2_021_bleach_cleanser_t15,complete_only,324,0.824010,0.028761,1.680177e-04,4.852181e-04,463,0.019174,1.845312e-04,0.038349,1.225382e-04,1.963797e-01,56,1,0,1,1,0,
021_bleach_cleanser,s0_complete_v2_021_bleach_cleanser_t16,complete_only,826,0.632369,0.045844,3.578548e-06,1.646510e-05,635,0.030562,2.363069e-06,0.061125,3.881189e-06,0.000000e+00,118,1,0,1,1,1,
021_bleach_cleanser,s0_complete_v2_021_bleach_cleanser_t17,complete_only,585,0.810502,0.048069,8.667349e-07,5.425544e-06,1041,0.032046,4.097525e-07,0.064092,1.328439e-06,0.000000e+00,129,1,0,1,1,1,
021_bleach_cleanser,s0_complete_v2_021_bleach_cleanser_t18,complete_only,714,0.829040,0.047390,8.536295e-07,7.553069e-06,842,0.031594,3.754952e-07,0.063187,1.614733e-06,0.000000e+00,90,1,0,1,1,1,
021_bleach_cleanser,s0_complete_v2_021_bleach_cleanser_t19,complete_only,993,0.656998,0.046705,1.030150e-06,1.156336e-05,610,0.031137,0.000000e+00,0.062273,2.327310e-06,0.000000e+00,84,1,0,1,1,1,
021_bleach_cleanser,s0_complete_v2_021_bleach_cleanser_t20,complete_only,729,0.802335,0.039136,3.942274e-06,2.136534e-05,519,0.026091,4.008132e-06,0.052181,4.803192e-06,0.000000e+00,23,1,0,1,1,1,
021_bleach_cleanser,s0_complete_v2_021_bleach_cleanser_t21,complete_only,376,0.772256,0.043850,1.824174e-06,5.645915e-06,1126,0.029233,1.705648e-06,0.058467,2.127138e-06,0.000000e+00,165,1,0,1,1,0,
021_bleach_cleanser,s0_complete_v2_021_bleach_cleanser_t22,complete_only,79,0.861321,0.043055,2.212094e-04,5.064778e-04,873,0.028703,2.875905e-04,0.057406,9.616176e-05,5.272188e-01,93,1,0,1,1,1,
021_bleach_cleanser,s0_complete_v2_021_bleach_cleanser_t23,complete_only,486,0.729205,0.045465,1.387859e-05,4.379543e-05,882,0.030310,3.111538e-05,0.060620,8.563660e-06,8.473622e-02,129,1,0,1,1,1,
021_bleach_cleanser,s0_complete_v2_021_bleach_cleanser_t24,complete_only,85,0.836618,0.044053,2.550886e-06,5.615789e-06,1183,0.029368,3.125453e-06,0.058737,2.309979e-06,9.057418e-03,91,1,0,1,1,1,
021_bleach_cleanser,s0_complete_v2_021_bleach_cleanser_t26,complete_only,845,0.628998,0.045626,4.773156e-06,1.513833e-05,861,0.030417,8.877762e-06,0.060834,3.800141e-06,3.845599e-03,116,1,0,1,1,1,
021_bleach_cleanser,s0_complete_v2_021_bleach_cleanser_t27,complete_only,880,0.582077,0.045568,5.500738e-06,1.586557e-05,1049,0.030378,7.227870e-06,0.060757,4.048814e-06,1.870095e-02,128,1,0,1,1,1,
021_bleach_cleanser,s0_complete_v2_021_bleach_cleanser_t28,complete_only,320,0.832340,0.042797,9.664804e-05,2.465966e-04,1081,0.028531,1.485620e-04,0.057062,3.970381e-05,4.614723e-01,135,1,0,1,1,1,
021_bleach_cleanser,s0_complete_v2_021_bleach_cleanser_t30,complete_only,661,0.734696,0.045456,7.475738e-06,1.975277e-05,1049,0.030304,1.544200e-05,0.060608,4.267516e-06,1.417767e-02,89,1,0,1,1,1,
021_bleach_cleanser,s0_complete_v2_021_bleach_cleanser_t31,complete_only,1005,0.667648,0.046712,1.942442e-06,1.351188e-05,787,0.031142,1.438646e-06,0.062283,2.641979e-06,0.000000e+00,107,1,0,1,1,1,
021_bleach_cleanser,s0_complete_v2_021_bleach_cleanser_t32,complete_only,49,0.904307,0.037450,1.612249e-04,3.954713e-04,655,0.024967,2.596833e-04,0.049934,8.248436e-05,2.847857e-01,64,1,0,1,1,0,
021_bleach_cleanser,s0_complete_v2_021_bleach_cleanser_t33,complete_only,735,0.660051,0.044617,5.799184e-05,1.844459e-04,1132,0.029745,8.324079e-05,0.059489,2.493840e-05,2.541581e-01,89,1,0,1,1,1,
021_bleach_cleanser,s0_complete_v2_021_bleach_cleanser_t34,complete_only,178,0.852569,0.046158,7.823152e-07,3.170268e-06,717,0.030772,1.776030e-07,0.061544,2.648425e-06,0.000000e+00,69,1,0,1,1,1,
021_bleach_cleanser,s0_complete_v2_021_bleach_cleanser_t35,complete_only,732,0.757554,0.042294,5.298153e-06,1.805470e-05,779,0.028196,5.176694e-06,0.056391,4.884600e-06,9.203491e-03,77,1,0,1,1,1,
021_bleach_cleanser,s0_complete_v2_021_bleach_cleanser_t36,complete_only,640,0.737748,0.041978,1.223174e-05,3.530660e-05,1061,0.027985,1.562307e-05,0.055971,9.742419e-06,2.532837e-01,149,1,0,1,1,1,
021_bleach_cleanser,s0_complete_v2_021_bleach_cleanser_t37,complete_only,751,0.625212,0.044586,4.349891e-06,7.953779e-06,996,0.029724,6.145790e-06,0.059448,3.224582e-06,2.318481e-02,97,1,0,1,1,1,
021_bleach_cleanser,s0_complete_v2_021_bleach_cleanser_t39,complete_only,83,0.875037,0.047151,1.419953e-06,4.198225e-06,591,0.031434,0.000000e+00,0.062868,2.693262e-06,0.000000e+00,37,1,0,1,1,1,
021_bleach_cleanser,s0_complete_v2_021_bleach_cleanser_t40,complete_only,762,0.667106,0.045343,4.269978e-06,1.199107e-05,978,0.030229,6.472575e-06,0.060457,3.476338e-06,2.643286e-02,121,1,0,1,1,1,
021_bleach_cleanser,s0_complete_v2_021_bleach_cleanser_t41,complete_only,894,0.593469,0.044588,2.685038e-06,1.495500e-05,732,0.029725,1.369744e-06,0.059451,3.612981e-06,0.000000e+00,34,1,0,1,1,0,
021_bleach_cleanser,s0_complete_v2_021_bleach_cleanser_t42,complete_only,23,0.783427,0.039707,8.625442e-04,2.713816e-03,582,0.026471,1.788583e-03,0.052943,2.009325e-04,1.532523e-01,68,1,0,1,1,0,
021_bleach_cleanser,s0_complete_v2_021_bleach_cleanser_t43,complete_only,677,0.668551,0.042758,4.493362e-05,1.013617e-04,1183,0.028505,6.604972e-05,0.057011,2.785660e-05,3.985924e-01,216,1,0,1,1,1,
021_bleach_cleanser,s0_complete_v2_021_bleach_cleanser_t44,complete_only,647,0.703786,0.045510,6.965663e-06,4.398132e-05,1138,0.030340,1.189243e-05,0.060680,7.012563e-06,2.240586e-02,87,1,0,1,1,0,
021_bleach_cleanser,s0_complete_v2_021_bleach_cleanser_t46,complete_only,316,0.780068,0.043856,2.116043e-06,5.881786e-06,1182,0.029237,2.103044e-06,0.058475,2.371647e-06,0.000000e+00,135,1,0,1,1,1,
021_bleach_cleanser,s0_complete_v2_021_bleach_cleanser_t47,complete_only,340,0.889515,0.030562,1.607730e-05,5.701707e-05,3938,0.020374,5.858516e-05,0.040749,9.154913e-06,1.252964e+00,903,1,0,1,1,0,
021_bleach_cleanser,s0_complete_v2_021_bleach_cleanser_t48,complete_only,751,0.627406,0.045515,1.062647e-05,2.813045e-05,811,0.030344,1.864059e-05,0.060687,6.113864e-06,8.060024e-02,130,1,0,1,1,1,
021_bleach_cleanser,s0_complete_v2_021_bleach_cleanser_t49,complete_only,866,0.607137,0.044434,2.670952e-06,1.504015e-05,486,0.029622,4.325424e-07,0.059245,3.939966e-06,0.000000e+00,25,1,0,1,1,0,
061_foam_brick,s0_complete_v2_061_foam_brick_t0,complete_only,97,0.952282,0.016244,5.673315e-04,1.570351e-03,374,0.010830,4.991106e-04,0.021659,5.547351e-04,1.165705e+00,903,1,0,1,1,1,
061_foam_brick,s0_complete_v2_061_foam_brick_t1,complete_only,77,0.959467,0.017729,1.101837e-03,4.304618e-03,369,0.011820,2.900229e-03,0.023639,3.624233e-04,2.712701e+00,1455,1,0,1,1,1,
061_foam_brick,s0_complete_v2_061_foam_brick_t2,complete_only,1001,0.600826,0.017506,2.187803e-06,6.808416e-06,821,0.011671,2.003400e-06,0.023341,2.622330e-06,1.365472e+00,1493,1,0,1,1,1,
061_foam_brick,s0_complete_v2_061_foam_brick_t3,complete_only,1146,0.706841,0.016830,2.535784e-04,6.097910e-04,643,0.011220,2.775172e-04,0.022440,1.406335e-04,2.564254e+00,1410,1,0,1,1,1,
061_foam_brick,s0_complete_v2_061_foam_brick_t4,complete_only,626,0.870515,0.017206,1.031859e-05,3.344773e-05,1106,0.011470,1.176770e-05,0.022941,1.012176e-05,1.564318e+00,1347,1,0,1,1,1,
061_foam_brick,s0_complete_v2_061_foam_brick_t5,complete_only,612,0.848411,0.017860,3.985596e-05,1.298964e-04,567,0.011906,3.139906e-05,0.023813,2.206053e-05,1.533975e+00,1315,1,0,1,1,1,
061_foam_brick,s0_complete_v2_061_foam_brick_t6,complete_only,89,0.910305,0.018034,1.954258e-05,9.476333e-05,787,0.012023,2.454019e-05,0.024045,2.379226e-05,1.257112e+00,1102,1,0,1,1,1,
061_foam_brick,s0_complete_v2_061_foam_brick_t7,complete_only,7,0.962333,0.018645,3.631082e-07,5.168673e-07,1215,0.012430,3.684254e-07,0.024860,3.889237e-07,1.047623e+00,1840,1,0,1,1,0,
061_foam_brick,s0_complete_v2_061_foam_brick_t8,complete_only,254,0.913179,0.018142,3.146232e-05,1.785264e-04,1037,0.012094,1.687715e-05,0.024189,3.119190e-05,3.392380e+00,1976,1,0,1,1,1,
061_foam_brick,s0_complete_v2_061_foam_brick_t9,complete_only,61,0.933446,0.018404,3.831983e-05,3.052440e-04,1183,0.012269,4.979459e-05,0.024538,3.347477e-05,2.721332e+00,1396,1,0,1,1,1,
061_foam_brick,s0_complete_v2_061_foam_brick_t10,complete_only,683,0.850722,0.017652,3.875035e-06,1.939304e-05,813,0.011768,3.452796e-06,0.023536,4.382777e-06,1.162146e+00,1150,1,0,1,1,1,
061_foam_brick,s0_complete_v2_061_foam_brick_t11,complete_only,793,0.828126,0.017633,2.124719e-05,9.184743e-05,725,0.011755,2.969131e-05,0.023511,2.179737e-05,1.452223e+00,1202,1,0,1,1,1,
061_foam_brick,s0_complete_v2_061_foam_brick_t12,complete_only,99,0.935550,0.018434,1.670441e-04,6.191007e-04,647,0.012289,2.908567e-04,0.024578,9.812099e-05,1.552944e+00,1099,1,0,1,1,1,
061_foam_brick,s0_complete_v2_061_foam_brick_t13,complete_only,37,0.957627,0.017280,1.363639e-05,4.217741e-05,721,0.011520,2.063863e-05,0.023041,2.298846e-05,1.259898e+00,1075,1,0,1,1,1,
061_foam_brick,s0_complete_v2_061_foam_brick_t14,complete_only,718,0.871813,0.017609,7.134335e-06,3.931862e-05,706,0.011739,9.252318e-06,0.023479,6.984798e-06,1.226959e+00,1192,1,0,1,1,1,
061_foam_brick,s0_complete_v2_061_foam_brick_t15,complete_only,336,0.925030,0.018783,2.855723e-05,1.013079e-04,1496,0.012522,3.824787e-05,0.025044,3.264426e-05,2.432509e+00,1521,1,0,1,1,1,
061_foam_brick,s0_complete_v2_061_foam_brick_t16,complete_only,145,0.907453,0.018410,1.629714e-04,7.822930e-04,600,0.012273,2.545339e-04,0.024547,1.003945e-04,2.340422e+00,1322,1,0,1,1,1,
061_foam_brick,s0_complete_v2_061_foam_brick_t17,complete_only,147,0.938439,0.018571,5.300423e-07,1.119080e-06,1095,0.012381,3.819283e-07,0.024762,5.735499e-07,8.809074e-01,1561,1,0,1,1,0,
061_foam_brick,s0_complete_v2_061_foam_brick_t18,complete_only,363,0.936811,0.018448,7.399605e-05,3.005129e-04,957,0.012299,1.450162e-04,0.024598,3.007895e-05,1.761049e+00,1510,1,0,1,1,1,
061_foam_brick,s0_complete_v2_061_foam_brick_t19,complete_only,793,0.880219,0.017834,7.139832e-04,1.909171e-03,1033,0.011889,9.342774e-04,0.023779,3.571488e-04,1.940504e+00,1515,1,0,1,1,1,
061_foam_brick,s0_complete_v2_061_foam_brick_t20,complete_only,135,0.905083,0.018272,1.042468e-04,6.919410e-04,767,0.012182,2.377572e-04,0.024363,7.079941e-05,2.145567e+00,1395,1,0,1,1,1,
061_foam_brick,s0_complete_v2_061_foam_brick_t21,complete_only,2,0.966213,0.018514,5.622997e-07,1.311937e-06,1266,0.012343,4.674700e-07,0.024685,6.595191e-07,9.785365e-01,1591,1,0,1,1,0,
061_foam_brick,s0_complete_v2_061_foam_brick_t22,complete_only,18,0.966180,0.016632,1.033977e-04,5.559804e-04,712,0.011088,1.311285e-04,0.022177,8.063560e-05,2.010130e+00,1113,1,0,1,1,1,
061_foam_brick,s0_complete_v2_061_foam_brick_t23,complete_only,725,0.791046,0.017877,4.463091e-05,1.556761e-04,680,0.011918,4.678247e-05,0.023835,3.142465e-05,1.259546e+00,1207,1,0,1,1,1,
061_foam_brick,s0_complete_v2_061_foam_brick_t24,complete_only,43,0.957316,0.018848,1.140654e-06,8.044389e-07,1087,0.012565,5.048964e-07,0.025130,1.179926e-06,9.193333e-01,1584,1,0,1,1,1,
061_foam_brick,s0_complete_v2_061_foam_brick_t25,complete_only,49,0.949052,0.018291,8.026160e-07,2.586629e-06,894,0.012194,1.088791e-06,0.024388,7.990496e-07,1.025491e+00,1535,1,0,1,1,0,
061_foam_brick,s0_complete_v2_061_foam_brick_t26,complete_only,807,0.797721,0.017376,1.156551e-05,3.649978e-05,536,0.011584,1.519032e-05,0.023168,1.008089e-05,1.116702e+00,1116,1,0,1,1,1,
061_foam_brick,s0_complete_v2_061_foam_brick_t27,complete_only,598,0.858644,0.017595,3.587672e-06,1.398506e-05,823,0.011730,2.913671e-06,0.023460,4.060920e-06,1.363689e+00,1355,1,0,1,1,1,
061_foam_brick,s0_complete_v2_061_foam_brick_t28,complete_only,221,0.940237,0.016604,2.535746e-04,7.124671e-04,495,0.011069,2.655642e-04,0.022139,1.669734e-04,1.683323e+00,909,1,0,1,1,1,
061_foam_brick,s0_complete_v2_061_foam_brick_t29,complete_only,5,0.955812,0.018913,2.510350e-05,8.299807e-05,1372,0.012609,2.406129e-05,0.025218,1.913648e-05,2.429776e+00,1836,1,0,1,1,0,
061_foam_brick,s0_complete_v2_061_foam_brick_t30,complete_only,194,0.938192,0.018693,6.763554e-06,3.192628e-05,1590,0.012462,5.876379e-06,0.024924,8.872714e-06,2.103345e+00,1538,1,0,1,1,1,
061_foam_brick,s0_complete_v2_061_foam_brick_t31,complete_only,632,0.900081,0.017864,7.298482e-04,2.132094e-03,874,0.011909,1.034820e-03,0.023818,3.368487e-04,1.622705e+00,1318,1,0,1,1,1,
061_foam_brick,s0_complete_v2_061_foam_brick_t32,complete_only,952,0.612184,0.018036,6.454916e-06,1.793888e-05,891,0.012024,8.809404e-06,0.024048,6.178440e-06,9.776679e-01,1052,1,0,1,1,1,
061_foam_brick,s0_complete_v2_061_foam_brick_t33,complete_only,1019,0.774217,0.017597,3.776985e-04,7.554272e-04,552,0.011731,4.332305e-04,0.023462,4.025377e-04,4.038006e+00,1798,1,0,1,1,1,
061_foam_brick,s0_complete_v2_061_foam_brick_t34,complete_only,0,0.962587,0.017666,2.412719e-06,1.122243e-05,1539,0.011777,1.784598e-06,0.023555,3.149432e-06,1.807983e+00,1845,1,0,1,1,1,
061_foam_brick,s0_complete_v2_061_foam_brick_t35,complete_only,24,0.954500,0.017654,1.909343e-05,1.241091e-04,800,0.011769,2.800774e-05,0.023539,2.602143e-05,1.305106e+00,1103,1,0,1,1,1,
061_foam_brick,s0_complete_v2_061_foam_brick_t36,complete_only,338,0.926506,0.018221,1.469312e-03,3.449981e-03,525,0.012147,2.364587e-03,0.024294,5.742674e-04,1.912394e+00,1351,1,0,1,1,1,
061_foam_brick,s0_complete_v2_061_foam_brick_t37,complete_only,234,0.932075,0.018636,9.803907e-07,3.113647e-06,1337,0.012424,8.799312e-07,0.024849,8.745538e-07,1.035792e+00,1569,1,0,1,1,1,
061_foam_brick,s0_complete_v2_061_foam_brick_t38,complete_only,19,0.951795,0.020183,1.420179e-05,6.936583e-05,1853,0.013456,2.001591e-05,0.026911,1.607763e-05,2.545603e+00,2249,1,0,1,1,0,
061_foam_brick,s0_complete_v2_061_foam_brick_t39,complete_only,8,0.951642,0.017692,3.673073e-05,1.318206e-04,1252,0.011795,5.042319e-05,0.023590,3.221719e-05,2.393047e+00,1930,1,0,1,1,1,
061_foam_brick,s0_complete_v2_061_foam_brick_t40,complete_only,349,0.914729,0.017619,7.866541e-05,3.905092e-04,1085,0.011746,1.413623e-04,0.023492,5.661453e-05,1.888883e+00,1384,1,0,1,1,1,
061_foam_brick,s0_complete_v2_061_foam_brick_t41,complete_only,48,0.957515,0.016430,3.161600e-05,1.827788e-04,680,0.010953,3.619427e-05,0.021907,3.548450e-05,1.260266e+00,802,1,0,1,1,1,
061_foam_brick,s0_complete_v2_061_foam_brick_t42,complete_only,33,0.929073,0.017997,1.288341e-04,3.621453e-04,918,0.011998,1.216475e-04,0.023996,6.411608e-05,2.972020e+00,1884,1,0,1,1,1,
061_foam_brick,s0_complete_v2_061_foam_brick_t43,complete_only,18,0.961665,0.017746,6.019753e-04,1.773993e-03,645,0.011831,7.286320e-04,0.023662,3.933668e-04,1.691809e+00,1160,1,0,1,1,1,
061_foam_brick,s0_complete_v2_061_foam_brick_t44,complete_only,724,0.804446,0.017729,3.167148e-05,1.271503e-04,627,0.011820,3.214606e-05,0.023639,2.275760e-05,1.658897e+00,1453,1,0,1,1,1,
061_foam_brick,s0_complete_v2_061_foam_brick_t45,complete_only,354,0.921803,0.019236,3.773704e-07,6.315054e-07,1496,0.012824,3.875749e-07,0.025648,3.627564e-07,9.341546e-01,1745,1,0,1,1,0,
061_foam_brick,s0_complete_v2_061_foam_brick_t46,complete_only,115,0.946936,0.018279,9.271336e-07,1.756439e-06,1114,0.012186,1.065724e-06,0.024372,1.055735e-06,1.090716e+00,1605,1,0,1,1,0,
061_foam_brick,s0_complete_v2_061_foam_brick_t47,complete_only,257,0.934207,0.018056,8.592941e-07,3.826003e-06,933,0.012037,2.103195e-06,0.024075,8.030963e-07,9.030724e-01,1502,1,0,1,1,0,
061_foam_brick,s0_complete_v2_061_foam_brick_t48,complete_only,888,0.742213,0.017840,2.668078e-05,7.318507e-05,824,0.011894,2.245404e-05,0.023787,2.505487e-05,2.054925e+00,1584,1,0,1,1,1,
061_foam_brick,s0_complete_v2_061_foam_brick_t49,complete_only,890,0.851648,0.016282,4.415816e-05,2.443677e-04,530,0.010855,5.488976e-05,0.021710,3.672339e-05,1.256389e+00,943,1,0,1,1,1,
008_pudding_box,s0_complete_v2_008_pudding_box_t0,complete_only,34,0.918288,0.022547,1.716911e-04,1.030628e-03,832,0.015031,4.296165e-05,0.030063,1.567783e-04,1.556113e+00,544,1,0,1,1,1,
008_pudding_box,s0_complete_v2_008_pudding_box_t1,complete_only,0,0.960899,0.022396,2.578895e-06,3.557044e-06,907,0.014930,3.015463e-06,0.029861,3.144689e-06,3.733554e-01,484,1,0,1,1,1,
008_pudding_box,s0_complete_v2_008_pudding_box_t2,complete_only,465,0.840868,0.024460,4.595418e-05,1.951323e-04,865,0.016307,4.668661e-05,0.032613,7.394240e-05,1.236301e+00,399,1,0,1,1,1,
008_pudding_box,s0_complete_v2_008_pudding_box_t3,complete_only,0,0.954740,0.022364,7.179826e-05,7.136488e-04,559,0.014910,2.700247e-05,0.029819,7.043245e-05,1.258224e+00,467,1,0,1,1,1,
008_pudding_box,s0_complete_v2_008_pudding_box_t4,complete_only,263,0.862481,0.023834,2.253877e-05,9.955247e-05,773,0.015890,3.762577e-05,0.031779,3.699470e-05,7.013009e-01,405,1,0,1,1,1,
008_pudding_box,s0_complete_v2_008_pudding_box_t5,complete_only,733,0.830081,0.024325,1.241691e-05,2.915375e-05,844,0.016217,1.040248e-05,0.032433,2.308559e-05,5.390418e-01,394,1,0,1,1,1,
008_pudding_box,s0_complete_v2_008_pudding_box_t6,complete_only,352,0.833469,0.022487,7.840501e-06,2.906517e-05,727,0.014991,1.038914e-05,0.029983,7.459134e-06,7.025097e-01,510,1,0,1,1,1,
008_pudding_box,s0_complete_v2_008_pudding_box_t7,complete_only,0,0.973076,0.025813,1.198469e-05,5.654866e-05,1683,0.017209,3.234662e-05,0.034417,1.375426e-05,7.087692e-01,544,1,0,1,1,1,
008_pudding_box,s0_complete_v2_008_pudding_box_t8,complete_only,2,0.955250,0.021712,2.552123e-04,1.028519e-03,499,0.014475,3.093398e-04,0.028950,9.521635e-05,9.390690e-01,559,1,0,1,1,1,
008_pudding_box,s0_complete_v2_008_pudding_box_t9,complete_only,733,0.755584,0.023113,6.638973e-04,3.146799e-03,338,0.015408,1.520644e-03,0.030817,1.943425e-04,9.554094e-01,598,1,0,1,1,1,
008_pudding_box,s0_complete_v2_008_pudding_box_t10,complete_only,148,0.877960,0.024184,3.649985e-05,1.240762e-04,633,0.016122,3.311439e-05,0.032245,6.111684e-05,1.248746e+00,524,1,0,1,1,1,
008_pudding_box,s0_complete_v2_008_pudding_box_t11,complete_only,496,0.850709,0.024364,8.728678e-05,4.381411e-04,534,0.016243,7.442662e-05,0.032486,1.106446e-04,1.452865e+00,511,1,0,1,1,1,
008_pudding_box,s0_complete_v2_008_pudding_box_t12,complete_only,542,0.808896,0.022692,6.750984e-04,2.343370e-03,488,0.015128,7.746829e-04,0.030256,3.819316e-04,5.599870e-01,162,1,0,1,1,1,
008_pudding_box,s0_complete_v2_008_pudding_box_t13,complete_only,170,0.898546,0.022421,1.465606e-05,3.145406e-05,504,0.014947,1.207278e-05,0.029894,4.294969e-05,4.704836e-01,336,1,0,1,1,1,
008_pudding_box,s0_complete_v2_008_pudding_box_t14,complete_only,526,0.817949,0.024575,9.329117e-06,2.521907e-05,998,0.016384,1.275171e-05,0.032767,6.082275e-06,1.019880e+00,894,1,0,1,1,1,
008_pudding_box,s0_complete_v2_008_pudding_box_t15,complete_only,61,0.947156,0.023806,7.624221e-05,3.309821e-04,1042,0.015871,7.196072e-05,0.031741,8.824325e-05,1.158655e+00,419,1,0,1,1,1,
008_pudding_box,s0_complete_v2_008_pudding_box_t16,complete_only,377,0.818826,0.023192,3.676664e-05,6.637965e-05,470,0.015461,1.740232e-04,0.030922,5.669733e-05,6.857316e-01,568,1,0,1,1,1,
008_pudding_box,s0_complete_v2_008_pudding_box_t17,complete_only,23,0.960186,0.023558,7.080686e-07,1.872835e-06,804,0.015705,6.184231e-07,0.031410,8.234196e-07,3.571261e-01,675,1,0,1,1,1,
008_pudding_box,s0_complete_v2_008_pudding_box_t18,complete_only,24,0.915560,0.023360,8.066890e-04,2.402136e-03,461,0.015573,1.005918e-03,0.031147,1.092529e-05,4.378944e-01,470,1,0,1,1,1,
008_pudding_box,s0_complete_v2_008_pudding_box_t19,complete_only,0,0.955125,0.023231,8.070587e-06,3.294654e-05,705,0.015488,7.060829e-06,0.030975,6.229858e-06,3.530656e-01,395,1,0,1,1,1,
008_pudding_box,s0_complete_v2_008_pudding_box_t20,complete_only,76,0.900449,0.022545,4.642309e-06,1.183959e-05,695,0.015030,7.281070e-06,0.030060,7.882461e-06,7.716864e-01,607,1,0,1,1,1,
008_pudding_box,s0_complete_v2_008_pudding_box_t21,complete_only,5,0.952651,0.023715,9.454640e-07,2.068313e-06,1147,0.015810,1.027736e-06,0.031620,1.098378e-06,4.000872e-01,537,1,0,1,1,1,
008_pudding_box,s0_complete_v2_008_pudding_box_t22,complete_only,27,0.892858,0.022847,1.775552e-05,5.706245e-05,632,0.015231,2.458524e-05,0.030462,1.716933e-05,9.310545e-01,570,1,0,1,1,1,
008_pudding_box,s0_complete_v2_008_pudding_box_t23,complete_only,720,0.813261,0.024755,1.974986e-05,8.973050e-05,765,0.016504,1.516730e-05,0.033007,3.772928e-05,9.404395e-01,453,1,0,1,1,1,
008_pudding_box,s0_complete_v2_008_pudding_box_t24,complete_only,4,0.965298,0.023410,8.725120e-07,2.800120e-06,1170,0.015606,9.209508e-07,0.031213,2.538297e-06,4.740949e-01,640,1,0,1,1,1,
008_pudding_box,s0_complete_v2_008_pudding_box_t25,complete_only,0,0.967412,0.024664,7.899717e-07,2.092500e-06,1425,0.016443,9.289095e-07,0.032886,2.836616e-06,3.471590e-01,549,1,0,1,1,0,
008_pudding_box,s0_complete_v2_008_pudding_box_t26,complete_only,758,0.791515,0.024252,2.334950e-06,5.707783e-06,1617,0.016168,2.576259e-06,0.032336,2.373440e-06,1.018411e+00,879,1,0,1,1,1,
008_pudding_box,s0_complete_v2_008_pudding_box_t27,complete_only,389,0.843016,0.024182,4.743113e-05,2.619145e-04,816,0.016121,5.385638e-05,0.032242,7.230372e-05,1.560205e+00,538,1,0,1,1,1,
008_pudding_box,s0_complete_v2_008_pudding_box_t28,complete_only,0,0.916261,0.022483,1.632782e-05,7.811627e-05,472,0.014989,3.127621e-05,0.029978,1.326991e-05,5.968319e-01,474,1,0,1,1,1,
008_pudding_box,s0_complete_v2_008_pudding_box_t29,complete_only,15,0.961382,0.021984,1.557537e-06,2.698450e-06,1057,0.014656,1.407479e-06,0.029312,1.672922e-06,5.758540e-01,611,1,0,1,1,1,
008_pudding_box,s0_complete_v2_008_pudding_box_t30,complete_only,73,0.938363,0.023690,6.842038e-05,3.203912e-04,1100,0.015793,6.193922e-05,0.031587,8.245796e-05,1.042725e+00,425,1,0,1,1,1,
008_pudding_box,s0_complete_v2_008_pudding_box_t31,complete_only,29,0.920314,0.022647,6.766772e-06,2.259898e-05,686,0.015098,1.257902e-05,0.030196,9.900784e-06,4.208060e-01,401,1,0,1,1,1,
008_pudding_box,s0_complete_v2_008_pudding_box_t32,complete_only,84,0.897147,0.024738,1.793525e-04,7.190761e-04,672,0.016492,2.841141e-04,0.032984,1.583952e-04,9.292304e-01,354,1,0,1,1,1,
008_pudding_box,s0_complete_v2_008_pudding_box_t33,complete_only,9,0.951929,0.021611,5.367312e-04,1.943865e-03,563,0.014407,1.062399e-03,0.028814,2.310426e-04,1.012625e+00,493,1,0,1,1,1,
008_pudding_box,s0_complete_v2_008_pudding_box_t34,complete_only,0,0.966932,0.025283,1.131222e-04,4.544948e-04,1412,0.016855,1.058692e-04,0.033711,9.317986e-05,1.193105e+00,628,1,0,1,1,0,
008_pudding_box,s0_complete_v2_008_pudding_box_t35,complete_only,217,0.806781,0.022245,1.072290e-05,2.378143e-05,704,0.014830,1.094393e-05,0.029660,1.214427e-05,6.700473e-01,507,1,0,1,1,1,
008_pudding_box,s0_complete_v2_008_pudding_box_t36,complete_only,0,0.960167,0.023683,7.200992e-06,1.409213e-05,1071,0.015788,4.623706e-06,0.031577,6.565805e-06,5.124880e-01,546,1,0,1,1,1,
008_pudding_box,s0_complete_v2_008_pudding_box_t37,complete_only,0,0.941609,0.023657,7.896682e-06,2.112001e-05,1105,0.015771,4.404628e-06,0.031542,1.262118e-05,4.406776e-01,444,1,0,1,1,1,
008_pudding_box,s0_complete_v2_008_pudding_box_t38,complete_only,127,0.952571,0.023260,1.216238e-05,5.394833e-05,983,0.015506,1.144687e-05,0.031013,1.269261e-05,1.098601e+00,577,1,0,1,1,1,
008_pudding_box,s0_complete_v2_008_pudding_box_t39,complete_only,2,0.955587,0.022928,1.958524e-04,6.211849e-04,1026,0.015286,2.021027e-04,0.030571,1.133202e-04,1.136739e+00,586,1,0,1,1,1,
008_pudding_box,s0_complete_v2_008_pudding_box_t40,complete_only,226,0.891114,0.024038,3.064678e-05,1.180734e-04,939,0.016025,5.295103e-05,0.032050,2.487845e-05,7.323167e-01,504,1,0,1,1,1,
008_pudding_box,s0_complete_v2_008_pudding_box_t41,complete_only,6,0.918921,0.022560,1.845728e-04,1.104082e-03,654,0.015040,1.784138e-04,0.030080,1.451348e-04,1.437556e+00,543,1,0,1,1,1,
008_pudding_box,s0_complete_v2_008_pudding_box_t42,complete_only,5,0.963203,0.021584,6.016169e-04,2.498716e-03,476,0.014389,6.019344e-04,0.028779,2.439920e-04,7.372791e-01,505,1,0,1,1,1,
008_pudding_box,s0_complete_v2_008_pudding_box_t43,complete_only,278,0.841374,0.022560,1.471834e-05,4.210213e-05,604,0.015040,1.726532e-05,0.030080,1.582660e-05,6.230400e-01,443,1,0,1,1,1,
008_pudding_box,s0_complete_v2_008_pudding_box_t44,complete_only,395,0.851742,0.024385,2.497416e-05,1.014428e-04,766,0.016257,2.455267e-05,0.032514,4.020902e-05,7.808427e-01,438,1,0,1,1,1,
008_pudding_box,s0_complete_v2_008_pudding_box_t45,complete_only,0,0.970982,0.025986,2.770111e-05,1.516735e-05,1273,0.017324,1.806199e-04,0.034648,2.112247e-05,3.369351e-01,472,1,0,1,1,1,
008_pudding_box,s0_complete_v2_008_pudding_box_t46,complete_only,4,0.956763,0.023822,1.091666e-06,3.488386e-06,1169,0.015881,1.176506e-06,0.031763,1.043541e-06,4.148563e-01,556,1,0,1,1,1,
008_pudding_box,s0_complete_v2_008_pudding_box_t47,complete_only,0,0.962918,0.022701,2.132997e-05,1.409278e-04,698,0.015134,2.591261e-05,0.030269,1.407922e-05,1.288929e+00,750,1,0,1,1,1,
008_pudding_box,s0_complete_v2_008_pudding_box_t48,complete_only,408,0.860809,0.024327,1.979633e-05,8.925388e-05,768,0.016218,1.634992e-05,0.032436,2.660102e-05,5.917390e-01,379,1,0,1,1,1,
008_pudding_box,s0_complete_v2_008_pudding_box_t49,complete_only,0,0.947263,0.022467,1.097895e-04,1.174448e-03,606,0.014978,1.290379e-05,0.029956,8.770269e-05,1.066170e+00,410,1,0,1,1,1,
040_large_marker,s0_complete_v2_040_large_marker_t0,complete_only,1461,0.768612,0.018272,3.630123e-05,1.366701e-04,2151,0.012181,9.044813e-05,0.024363,2.199918e-05,1.240906e+00,1352,1,0,1,1,1,
040_large_marker,s0_complete_v2_040_large_marker_t1,complete_only,1559,0.766966,0.020695,7.595989e-07,2.183779e-06,3694,0.013797,6.787738e-07,0.027594,1.513982e-06,1.076745e-01,459,1,0,1,1,1,
040_large_marker,s0_complete_v2_040_large_marker_t2,complete_only,1899,0.224282,0.018684,9.642073e-06,2.808442e-05,779,0.012456,9.483995e-06,0.024913,1.594044e-05,9.500468e-02,203,1,0,1,1,0,
040_large_marker,s0_complete_v2_040_large_marker_t3,complete_only,1267,0.853395,0.018040,4.158277e-05,1.183288e-04,971,0.012027,1.403567e-04,0.024054,1.174964e-05,9.341253e-01,1007,1,0,1,1,1,
040_large_marker,s0_complete_v2_040_large_marker_t4,complete_only,1610,0.708764,0.018441,7.793047e-06,5.391229e-05,3096,0.012294,5.482394e-06,0.024588,6.123648e-06,6.535054e-01,730,1,0,1,1,1,
040_large_marker,s0_complete_v2_040_large_marker_t5,complete_only,1710,0.652529,0.018835,1.064011e-05,3.719606e-05,508,0.012557,1.862402e-05,0.025113,5.782895e-06,1.986781e-01,372,1,0,1,1,0,
040_large_marker,s0_complete_v2_040_large_marker_t6,complete_only,1688,0.608301,0.019978,2.279334e-05,8.732031e-05,3659,0.013319,4.369541e-05,0.026638,1.741847e-05,1.670489e+00,2138,1,0,1,1,1,
040_large_marker,s0_complete_v2_040_large_marker_t7,complete_only,1634,0.808288,0.018913,8.885144e-07,2.828034e-06,1345,0.012608,1.798415e-06,0.025217,7.753365e-07,1.353039e-01,295,1,0,1,1,0,
040_large_marker,s0_complete_v2_040_large_marker_t8,complete_only,246,0.937414,0.018402,4.723406e-06,2.993834e-05,2944,0.012268,6.576555e-06,0.024536,5.243343e-06,6.082492e-01,1068,1,0,1,1,1,
040_large_marker,s0_complete_v2_040_large_marker_t9,complete_only,1624,0.643483,0.019965,1.516424e-05,7.218697e-05,2499,0.013310,1.450308e-05,0.026620,1.089564e-05,1.041725e+00,1381,1,0,1,1,1,
040_large_marker,s0_complete_v2_040_large_marker_t10,complete_only,1139,0.856741,0.018402,5.083357e-06,1.886365e-05,3545,0.012268,1.170099e-05,0.024536,4.844900e-06,1.052808e+00,1488,1,0,1,1,1,
040_large_marker,s0_complete_v2_040_large_marker_t11,complete_only,1079,0.888766,0.018273,6.857593e-05,2.506865e-04,2306,0.012182,2.033757e-04,0.024363,1.782044e-05,1.280989e+00,1824,1,0,1,1,0,
040_large_marker,s0_complete_v2_040_large_marker_t12,complete_only,1130,0.869735,0.018847,1.521011e-05,4.646557e-05,3142,0.012564,2.527048e-05,0.025129,6.620058e-06,1.301813e+00,1990,1,0,1,1,1,
040_large_marker,s0_complete_v2_040_large_marker_t13,complete_only,1255,0.787633,0.018434,3.217211e-06,5.554975e-06,3360,0.012289,5.931286e-06,0.024578,5.590115e-06,1.155899e+00,2029,1,0,1,1,1,
040_large_marker,s0_complete_v2_040_large_marker_t14,complete_only,1816,0.422560,0.018566,3.126849e-05,1.563809e-04,1978,0.012377,2.829516e-05,0.024755,1.367752e-05,2.317254e-01,334,1,0,1,1,1,
040_large_marker,s0_complete_v2_040_large_marker_t15,complete_only,840,0.906178,0.018663,4.333152e-06,1.343036e-05,4464,0.012442,4.966181e-06,0.024884,4.161476e-06,1.632434e+00,2022,1,0,1,1,1,
040_large_marker,s0_complete_v2_040_large_marker_t16,complete_only,1895,0.256778,0.019844,1.314598e-06,4.896416e-06,1766,0.013230,1.745323e-06,0.026459,2.307853e-06,2.741261e-01,547,1,0,1,1,1,
040_large_marker,s0_complete_v2_040_large_marker_t17,complete_only,1653,0.648934,0.018600,1.458290e-05,7.820552e-05,3808,0.012400,2.617313e-05,0.024800,1.023074e-05,1.391617e+00,1219,1,0,1,1,1,
040_large_marker,s0_complete_v2_040_large_marker_t18,complete_only,1816,0.507013,0.018204,1.166618e-04,3.123648e-04,933,0.012136,1.984778e-04,0.024272,5.367566e-05,3.984750e-01,413,1,0,1,1,0,
040_large_marker,s0_complete_v2_040_large_marker_t19,complete_only,1074,0.869207,0.020522,6.779088e-06,3.047373e-05,3373,0.013681,7.919357e-06,0.027362,4.210553e-06,1.311073e+00,1799,1,0,1,1,1,
040_large_marker,s0_complete_v2_040_large_marker_t20,complete_only,1806,0.574585,0.019893,1.514796e-06,2.461036e-06,2142,0.013262,2.344254e-06,0.026524,1.121836e-06,6.387438e-01,949,1,0,1,1,0,
040_large_marker,s0_complete_v2_040_large_marker_t21,complete_only,1909,0.241021,0.019981,9.936676e-06,3.537515e-05,3036,0.013321,1.031598e-05,0.026642,7.099569e-06,8.108797e-01,958,1,0,1,1,1,
040_large_marker,s0_complete_v2_040_large_marker_t22,complete_only,1170,0.848075,0.018689,6.959666e-06,3.955657e-05,3305,0.012459,4.047321e-06,0.024919,9.955282e-06,9.940449e-01,1416,1,0,1,1,1,
040_large_marker,s0_complete_v2_040_large_marker_t23,complete_only,1152,0.885612,0.018902,6.950751e-06,1.903412e-05,1507,0.012602,1.284281e-05,0.025203,3.504336e-06,9.044234e-01,1359,1,0,1,1,1,
040_large_marker,s0_complete_v2_040_large_marker_t24,complete_only,1409,0.795425,0.019984,1.374113e-05,1.033749e-04,2662,0.013323,3.169911e-05,0.026645,6.552257e-06,1.294184e+00,1277,1,0,1,1,0,
040_large_marker,s0_complete_v2_040_large_marker_t25,complete_only,1650,0.561725,0.018478,9.985612e-07,4.691595e-06,1643,0.012318,8.116126e-07,0.024637,9.923872e-07,6.580957e-02,383,1,0,1,1,1,
040_large_marker,s0_complete_v2_040_large_marker_t26,complete_only,1218,0.877743,0.018461,1.122859e-05,3.026869e-05,3113,0.012307,8.470008e-06,0.024614,5.474684e-06,1.300126e+00,1779,1,0,1,1,0,
040_large_marker,s0_complete_v2_040_large_marker_t27,complete_only,1175,0.853473,0.018684,9.029999e-05,2.597671e-04,1132,0.012456,1.682889e-04,0.024913,1.753945e-05,6.463642e-01,1013,1,0,1,1,0,
040_large_marker,s0_complete_v2_040_large_marker_t28,complete_only,1399,0.795915,0.018908,3.408605e-05,1.196036e-04,1307,0.012606,6.890868e-05,0.025211,1.399821e-05,9.139620e-01,1292,1,0,1,1,1,
040_large_marker,s0_complete_v2_040_large_marker_t29,complete_only,843,0.932174,0.018713,2.068654e-06,2.571872e-06,2345,0.012476,4.893611e-07,0.024951,4.024212e-06,1.016242e-01,546,1,0,1,1,0,
040_large_marker,s0_complete_v2_040_large_marker_t30,complete_only,1350,0.778284,0.018301,1.074976e-06,2.332160e-06,2714,0.012200,1.064331e-06,0.024401,1.842642e-06,5.173349e-01,1023,1,0,1,1,1,
040_large_marker,s0_complete_v2_040_large_marker_t31,complete_only,1835,0.516625,0.020601,3.167188e-04,2.201575e-03,2244,0.013734,7.225961e-04,0.027468,6.249744e-05,1.140501e+00,946,1,0,1,1,0,
040_large_marker,s0_complete_v2_040_large_marker_t32,complete_only,1395,0.785099,0.017933,8.000066e-06,3.042671e-05,4348,0.011955,1.502863e-05,0.023911,5.819008e-06,1.646967e+00,1956,1,0,1,1,1,
040_large_marker,s0_complete_v2_040_large_marker_t33,complete_only,486,0.921811,0.018107,4.327383e-06,1.338588e-06,4286,0.012071,3.434641e-06,0.024142,8.794051e-06,7.583963e-01,1463,1,0,1,1,1,
040_large_marker,s0_complete_v2_040_large_marker_t34,complete_only,805,0.941328,0.018150,1.783721e-06,1.003184e-06,2582,0.012100,1.387686e-06,0.024199,4.018655e-06,2.624801e-01,820,1,0,1,1,0,
040_large_marker,s0_complete_v2_040_large_marker_t35,complete_only,1656,0.603612,0.019687,3.395153e-06,1.467383e-05,2611,0.013125,1.443842e-05,0.026250,1.784746e-06,3.861217e-01,694,1,0,1,1,0,
040_large_marker,s0_complete_v2_040_large_marker_t36,complete_only,1456,0.813619,0.019311,2.837781e-06,1.210788e-05,3829,0.012874,5.359076e-06,0.025748,4.330882e-06,8.244921e-01,1409,1,0,1,1,1,
040_large_marker,s0_complete_v2_040_large_marker_t37,complete_only,1570,0.749438,0.019700,3.103659e-06,2.533665e-05,6032,0.013133,3.656416e-06,0.026266,3.600351e-06,1.067383e+00,1728,1,0,1,1,1,
040_large_marker,s0_complete_v2_040_large_marker_t38,complete_only,1022,0.888473,0.018346,2.016657e-06,3.308984e-06,2616,0.012231,6.859119e-07,0.024462,3.789051e-06,1.846752e-01,592,1,0,1,1,0,
040_large_marker,s0_complete_v2_040_large_marker_t39,complete_only,828,0.895930,0.017686,2.866942e-06,6.129805e-06,4257,0.011791,1.726344e-06,0.023581,4.115367e-06,8.321946e-01,1404,1,0,1,1,1,
040_large_marker,s0_complete_v2_040_large_marker_t40,complete_only,1255,0.864615,0.019162,6.410075e-05,2.164104e-04,2101,0.012775,1.338046e-04,0.025550,2.513618e-05,1.402688e+00,1312,1,0,1,1,0,
040_large_marker,s0_complete_v2_040_large_marker_t41,complete_only,1443,0.738186,0.018556,5.973214e-05,2.395144e-04,943,0.012371,1.285199e-04,0.024742,3.833767e-05,9.209178e-01,1112,1,0,1,1,1,
040_large_marker,s0_complete_v2_040_large_marker_t42,complete_only,1722,0.520099,0.018212,2.686296e-07,1.773592e-06,2074,0.012141,3.883122e-07,0.024282,3.730722e-07,1.403054e-01,684,1,0,1,1,0,
040_large_marker,s0_complete_v2_040_large_marker_t43,complete_only,1577,0.687484,0.018726,1.197512e-05,4.403072e-05,2919,0.012484,1.092390e-05,0.024968,1.369855e-05,1.346627e+00,1787,1,0,1,1,1,
040_large_marker,s0_complete_v2_040_large_marker_t44,complete_only,1511,0.769253,0.018769,3.064062e-05,2.120692e-04,831,0.012512,3.477146e-05,0.025025,1.542177e-05,4.337016e-01,597,1,0,1,1,0,
040_large_marker,s0_complete_v2_040_large_marker_t45,complete_only,0,0.992761,0.018644,4.784742e-06,6.476051e-06,4950,0.012430,7.357811e-06,0.024859,3.521850e-06,1.672616e+00,2271,0,0,1,1,,
040_large_marker,s0_complete_v2_040_large_marker_t46,complete_only,1112,0.862048,0.019668,7.657303e-06,3.581982e-05,4143,0.013112,9.021712e-06,0.026224,6.205324e-06,1.468603e+00,1436,1,0,1,1,0,
040_large_marker,s0_complete_v2_040_large_marker_t47,complete_only,1816,0.420835,0.020994,2.788260e-05,1.632058e-04,2094,0.013996,9.310784e-05,0.027992,1.450768e-05,1.376658e+00,977,1,0,1,1,0,
040_large_marker,s0_complete_v2_040_large_marker_t48,complete_only,724,0.947926,0.019071,5.024129e-05,3.214090e-04,3444,0.012714,2.805681e-05,0.025429,2.712450e-05,1.548230e+00,1983,1,0,1,1,0,
040_large_marker,s0_complete_v2_040_large_marker_t49,complete_only,1511,0.756112,0.018341,2.845948e-05,9.217296e-05,2251,0.012227,3.866817e-05,0.024455,1.861325e-05,1.279947e+00,1470,1,0,1,1,1,
025_mug,s0_complete_v2_025_mug_t0,complete_only,8,0.947757,0.020451,1.369746e-06,2.031613e-06,534,0.013634,1.486320e-06,0.027268,1.364556e-06,1.628378e-01,207,1,0,1,1,1,
025_mug,s0_complete_v2_025_mug_t1,complete_only,81,0.924754,0.021172,1.638376e-06,4.057866e-06,484,0.014115,1.944925e-06,0.028229,1.843912e-06,2.867042e-01,251,1,0,1,1,0,
025_mug,s0_complete_v2_025_mug_t2,complete_only,8,0.965440,0.021124,8.145304e-07,1.602298e-06,655,0.014082,8.828990e-07,0.028165,8.250657e-07,2.771619e-02,120,1,0,1,1,1,
025_mug,s0_complete_v2_025_mug_t3,complete_only,5,0.958878,0.020721,9.663565e-07,3.370773e-06,343,0.013814,1.018911e-06,0.027628,1.333115e-06,0.000000e+00,89,1,0,1,1,1,
025_mug,s0_complete_v2_025_mug_t4,complete_only,22,0.914624,0.021103,5.547545e-06,1.552094e-05,1056,0.014068,5.860592e-06,0.028137,9.358690e-06,2.121840e-01,212,1,0,1,1,1,
025_mug,s0_complete_v2_025_mug_t5,complete_only,27,0.943583,0.021421,3.873427e-06,1.074999e-05,612,0.014280,3.633872e-06,0.028561,4.051094e-06,2.689584e-01,245,1,0,1,1,1,
025_mug,s0_complete_v2_025_mug_t6,complete_only,20,0.926260,0.021014,2.705682e-06,1.099112e-05,435,0.014009,2.376496e-06,0.028018,3.454237e-06,1.499724e-01,154,1,0,1,1,0,
025_mug,s0_complete_v2_025_mug_t7,complete_only,199,0.934462,0.019779,5.584503e-07,1.232372e-06,547,0.013186,4.556589e-07,0.026371,6.439043e-07,5.891399e-02,132,1,0,1,1,1,
025_mug,s0_complete_v2_025_mug_t8,complete_only,18,0.921384,0.020305,1.600244e-06,3.866042e-06,331,0.013537,1.304709e-06,0.027074,2.576892e-06,1.853528e-01,210,1,0,1,1,1,
025_mug,s0_complete_v2_025_mug_t9,complete_only,17,0.942429,0.021308,2.149361e-05,8.657503e-05,445,0.014205,3.706387e-05,0.028410,1.989211e-05,3.222821e-01,145,1,0,1,1,1,
025_mug,s0_complete_v2_025_mug_t10,complete_only,76,0.932500,0.020431,1.529350e-06,2.587656e-06,792,0.013621,1.211586e-06,0.027242,1.372083e-06,2.141422e-01,208,1,0,1,1,1,
025_mug,s0_complete_v2_025_mug_t11,complete_only,17,0.942355,0.020473,1.255112e-06,2.790921e-06,679,0.013649,1.449358e-06,0.027297,1.121572e-06,7.900801e-02,132,1,0,1,1,1,
025_mug,s0_complete_v2_025_mug_t12,complete_only,49,0.956099,0.019849,6.308643e-07,1.232283e-06,596,0.013233,6.203779e-07,0.026466,6.376466e-07,4.463848e-02,112,1,0,1,1,0,
025_mug,s0_complete_v2_025_mug_t13,complete_only,26,0.940629,0.020290,1.067581e-06,2.992144e-06,596,0.013527,8.781246e-07,0.027053,8.611938e-07,1.077363e-01,184,1,0,1,1,1,
025_mug,s0_complete_v2_025_mug_t14,complete_only,1,0.955883,0.020501,6.564888e-05,1.993210e-04,494,0.013667,9.776633e-05,0.027334,3.501480e-05,5.875837e-01,180,1,0,1,1,0,
025_mug,s0_complete_v2_025_mug_t15,complete_only,87,0.940646,0.020929,1.149172e-06,2.048380e-06,556,0.013953,1.067779e-06,0.027905,1.224742e-06,1.214273e-01,187,1,0,1,1,1,
025_mug,s0_complete_v2_025_mug_t16,complete_only,21,0.921018,0.021247,1.596262e-05,5.616334e-05,687,0.014165,3.846070e-05,0.028329,1.643245e-05,2.938500e-01,201,1,0,1,1,1,
025_mug,s0_complete_v2_025_mug_t17,complete_only,72,0.939851,0.021339,1.584167e-06,4.508943e-06,535,0.014226,1.927946e-06,0.028452,1.612390e-06,3.012434e-01,292,1,0,1,1,1,
025_mug,s0_complete_v2_025_mug_t18,complete_only,24,0.938892,0.020933,3.505834e-06,1.087277e-05,797,0.013956,2.661123e-06,0.027911,4.884951e-06,1.836542e-01,211,1,0,1,1,1,
025_mug,s0_complete_v2_025_mug_t19,complete_only,49,0.940589,0.021189,1.219988e-05,7.364103e-05,443,0.014126,1.163774e-05,0.028252,1.343588e-05,2.379863e-01,136,1,0,1,1,1,
025_mug,s0_complete_v2_025_mug_t20,complete_only,26,0.936107,0.021006,8.790990e-07,2.003672e-06,535,0.014004,6.666215e-07,0.028009,8.073509e-07,4.458639e-02,136,1,0,1,1,1,
025_mug,s0_complete_v2_025_mug_t21,complete_only,71,0.958387,0.019785,6.445593e-07,1.133641e-06,649,0.013190,6.014390e-07,0.026381,6.206096e-07,9.635078e-02,184,1,0,1,1,0,
025_mug,s0_complete_v2_025_mug_t22,complete_only,29,0.933807,0.019970,1.283411e-06,2.816782e-06,557,0.013313,1.405138e-06,0.026626,1.215981e-06,8.401378e-02,123,1,0,1,1,1,
025_mug,s0_complete_v2_025_mug_t23,complete_only,9,0.969130,0.021412,8.260250e-07,2.102930e-06,550,0.014275,9.637880e-07,0.028549,9.781932e-07,9.148358e-03,87,1,0,1,1,0,
025_mug,s0_complete_v2_025_mug_t24,complete_only,193,0.938442,0.019891,9.739865e-07,1.701535e-06,655,0.013261,1.031410e-06,0.026522,9.397668e-07,1.577252e-01,248,1,0,1,1,1,
025_mug,s0_complete_v2_025_mug_t25,complete_only,16,0.967380,0.019808,6.175843e-07,1.119516e-06,575,0.013206,6.448605e-07,0.026411,6.066035e-07,5.969375e-02,140,1,0,1,1,0,
025_mug,s0_complete_v2_025_mug_t26,complete_only,74,0.937116,0.020783,5.774193e-05,2.785433e-04,641,0.013855,9.160197e-05,0.027710,4.476448e-05,4.010780e-01,166,1,0,1,1,1,
025_mug,s0_complete_v2_025_mug_t27,complete_only,14,0.947638,0.020374,6.061704e-05,2.206477e-04,478,0.013583,9.692236e-05,0.027166,3.990437e-05,8.734221e-01,241,1,0,1,1,1,
025_mug,s0_complete_v2_025_mug_t28,complete_only,34,0.937337,0.020082,3.541848e-06,1.163925e-05,506,0.013388,3.930821e-06,0.026775,3.916890e-06,2.203390e-01,179,1,0,1,1,0,
025_mug,s0_complete_v2_025_mug_t29,complete_only,53,0.905896,0.020346,8.289153e-07,1.640950e-06,527,0.013564,5.984432e-07,0.027128,8.393795e-07,8.830647e-02,175,1,0,1,1,1,
025_mug,s0_complete_v2_025_mug_t30,complete_only,107,0.941998,0.021074,1.447543e-06,2.061515e-06,683,0.014049,1.597019e-06,0.028098,1.308983e-06,1.580279e-01,178,1,0,1,1,1,
025_mug,s0_complete_v2_025_mug_t31,complete_only,16,0.940822,0.021172,1.976079e-06,5.033731e-06,813,0.014115,2.883455e-06,0.028229,1.545692e-06,1.710741e-01,150,1,0,1,1,1,
025_mug,s0_complete_v2_025_mug_t32,complete_only,86,0.945544,0.020936,8.574188e-07,1.505768e-06,630,0.013957,8.090125e-07,0.027915,8.141200e-07,6.831293e-02,130,1,0,1,1,1,
025_mug,s0_complete_v2_025_mug_t33,complete_only,12,0.947558,0.020275,9.194577e-07,1.530972e-06,692,0.013517,9.522219e-07,0.027033,8.646776e-07,7.555181e-02,153,1,0,1,1,1,
025_mug,s0_complete_v2_025_mug_t34,complete_only,27,0.952457,0.021698,8.672373e-07,1.562921e-06,824,0.014465,8.838520e-07,0.028931,8.441686e-07,1.473009e-01,227,1,0,1,1,1,
025_mug,s0_complete_v2_025_mug_t35,complete_only,5,0.945419,0.020465,7.506345e-07,1.980168e-06,394,0.013644,8.668243e-07,0.027287,6.434211e-07,7.982456e-03,81,1,0,1,1,1,
025_mug,s0_complete_v2_025_mug_t36,complete_only,91,0.950781,0.019996,6.466423e-07,1.230049e-06,612,0.013331,7.104024e-07,0.026661,6.002013e-07,7.249462e-02,183,1,0,1,1,1,
025_mug,s0_complete_v2_025_mug_t37,complete_only,267,0.929929,0.019704,1.033392e-06,1.839931e-06,524,0.013136,1.106606e-06,0.026272,9.940856e-07,1.357650e-01,209,1,0,1,1,1,
025_mug,s0_complete_v2_025_mug_t38,complete_only,57,0.912948,0.020258,2.825018e-06,7.696340e-06,504,0.013505,8.364134e-07,0.027010,4.112222e-06,2.020475e-01,264,1,0,1,1,1,
025_mug,s0_complete_v2_025_mug_t39,complete_only,149,0.923925,0.022502,1.156058e-06,2.163323e-06,649,0.015001,7.360467e-07,0.030003,1.130958e-06,1.190253e-01,138,1,0,1,1,1,
025_mug,s0_complete_v2_025_mug_t40,complete_only,37,0.960354,0.019979,6.509184e-07,1.164223e-06,660,0.013319,6.149459e-07,0.026639,6.262447e-07,8.206009e-02,157,1,0,1,1,1,
025_mug,s0_complete_v2_025_mug_t41,complete_only,4,0.954842,0.020379,7.372568e-07,2.191217e-06,469,0.013586,8.843900e-07,0.027172,7.407567e-07,1.096224e-01,255,1,0,1,1,0,
025_mug,s0_complete_v2_025_mug_t42,complete_only,13,0.931716,0.020354,1.334827e-06,3.061284e-06,434,0.013569,8.418807e-07,0.027138,1.498656e-06,9.538819e-02,129,1,0,1,1,1,
025_mug,s0_complete_v2_025_mug_t43,complete_only,49,0.914947,0.020077,1.221261e-05,4.095336e-05,388,0.013385,1.153687e-05,0.026770,1.481313e-05,2.045130e-01,161,1,0,1,1,1,
025_mug,s0_complete_v2_025_mug_t44,complete_only,207,0.879923,0.021016,3.497508e-06,1.066785e-05,817,0.014010,2.508544e-06,0.028021,3.687855e-06,1.535035e-01,207,1,0,1,1,1,
025_mug,s0_complete_v2_025_mug_t45,complete_only,117,0.949935,0.019883,7.558736e-07,1.853139e-06,430,0.013255,8.860019e-07,0.026510,7.602257e-07,3.514812e-02,81,1,0,1,1,1,
025_mug,s0_complete_v2_025_mug_t46,complete_only,215,0.935309,0.019957,1.014574e-06,1.857694e-06,601,0.013305,1.112548e-06,0.026610,9.579347e-07,1.797777e-01,239,1,0,1,1,1,
025_mug,s0_complete_v2_025_mug_t47,complete_only,20,0.942727,0.021212,2.709259e-06,5.563436e-06,789,0.014141,1.644248e-06,0.028283,3.572129e-06,1.111299e-01,144,1,0,1,1,0,
025_mug,s0_complete_v2_025_mug_t48,complete_only,14,0.965185,0.019907,6.380756e-07,1.358439e-06,549,0.013271,6.754735e-07,0.026542,6.616451e-07,3.966046e-02,125,1,0,1,1,1,
051_large_clamp,s0_complete_v2_051_large_clamp_t0,complete_only,14,0.942454,0.034074,0.000000e+00,0.000000e+00,812,0.022716,0.000000e+00,0.045432,0.000000e+00,0.000000e+00,67,1,0,1,1,1,
051_large_clamp,s0_complete_v2_051_large_clamp_t1,complete_only,148,0.906814,0.029057,2.583485e-05,7.860507e-05,531,0.019371,1.880835e-05,0.038743,1.446253e-05,5.954036e-02,117,1,0,1,1,0,
051_large_clamp,s0_complete_v2_051_large_clamp_t2,complete_only,0,0.971636,0.034284,1.075962e-03,3.803171e-03,1136,0.022856,1.423776e-03,0.045712,5.052142e-04,2.846634e+00,181,1,0,1,1,0,
051_large_clamp,s0_complete_v2_051_large_clamp_t3,complete_only,2,0.958887,0.034712,8.360164e-05,3.193367e-04,1442,0.023141,1.100026e-04,0.046283,1.003171e-04,1.948894e+00,384,1,0,1,1,0,
051_large_clamp,s0_complete_v2_051_large_clamp_t4,complete_only,124,0.940207,0.034951,1.576761e-04,5.991089e-04,1506,0.023300,1.740094e-04,0.046601,8.546515e-05,1.852192e+00,416,1,0,1,1,0,
051_large_clamp,s0_complete_v2_051_large_clamp_t5,complete_only,0,0.969058,0.032681,3.156294e-04,1.801165e-03,1098,0.021788,6.337028e-04,0.043575,1.823435e-04,2.274113e+00,605,1,0,1,1,0,
051_large_clamp,s0_complete_v2_051_large_clamp_t6,complete_only,123,0.940064,0.031875,0.000000e+00,0.000000e+00,562,0.021250,0.000000e+00,0.042500,0.000000e+00,0.000000e+00,72,1,0,1,1,1,
051_large_clamp,s0_complete_v2_051_large_clamp_t7,complete_only,0,0.976960,0.043597,5.125909e-04,2.073840e-03,1066,0.029065,4.664047e-04,0.058129,6.031723e-04,2.619339e+00,167,1,0,1,1,0,
051_large_clamp,s0_complete_v2_051_large_clamp_t8,complete_only,0,0.972209,0.038354,7.387287e-05,3.195678e-04,2999,0.025569,1.082838e-04,0.051139,7.583369e-05,2.152146e+00,465,1,0,1,1,0,
051_large_clamp,s0_complete_v2_051_large_clamp_t9,complete_only,88,0.948848,0.031758,2.248271e-04,7.641939e-04,821,0.021172,2.678517e-04,0.042343,1.375180e-04,5.544333e-01,198,1,0,1,1,0,
051_large_clamp,s0_complete_v2_051_large_clamp_t10,complete_only,0,0.966051,0.040544,5.011456e-04,2.379074e-03,1959,0.027030,1.858969e-03,0.054059,4.109333e-04,2.710861e+00,661,1,0,1,1,0,
051_large_clamp,s0_complete_v2_051_large_clamp_t11,complete_only,0,0.962550,0.038257,4.565919e-04,1.796924e-03,2082,0.025504,1.360459e-03,0.051009,3.974292e-04,2.430447e+00,582,1,0,1,1,0,
051_large_clamp,s0_complete_v2_051_large_clamp_t12,complete_only,7,0.957020,0.031775,9.900754e-07,3.555444e-06,1102,0.021183,0.000000e+00,0.042367,2.059713e-06,0.000000e+00,158,1,0,1,1,0,
051_large_clamp,s0_complete_v2_051_large_clamp_t13,complete_only,10,0.943391,0.032763,3.276631e-04,1.062438e-03,851,0.021842,4.941217e-04,0.043684,1.704986e-04,1.221727e+00,282,1,0,1,1,0,
051_large_clamp,s0_complete_v2_051_large_clamp_t14,complete_only,0,0.962747,0.038186,9.571958e-04,4.371665e-03,1685,0.025457,1.646240e-03,0.050915,5.409701e-04,2.542288e+00,492,1,0,1,1,0,
051_large_clamp,s0_complete_v2_051_large_clamp_t15,complete_only,0,0.968404,0.037509,4.800169e-04,2.024306e-03,2142,0.025006,7.056413e-04,0.050012,4.179770e-04,1.883890e+00,223,1,0,1,1,0,
051_large_clamp,s0_complete_v2_051_large_clamp_t16,complete_only,27,0.953444,0.032454,2.318978e-04,8.210132e-04,970,0.021636,2.686792e-04,0.043272,1.276246e-04,4.436892e-01,155,1,0,1,1,0,
051_large_clamp,s0_complete_v2_051_large_clamp_t17,complete_only,7,0.945029,0.029210,2.600739e-06,1.663141e-05,706,0.019473,3.878417e-06,0.038946,2.682426e-06,0.000000e+00,106,1,0,1,1,1,
051_large_clamp,s0_complete_v2_051_large_clamp_t18,complete_only,1,0.951765,0.032132,1.488841e-05,5.633718e-05,1804,0.021421,2.886964e-05,0.042842,1.711013e-05,1.095709e+00,458,1,0,1,1,0,
051_large_clamp,s0_complete_v2_051_large_clamp_t19,complete_only,27,0.936613,0.031187,1.658053e-04,5.591386e-04,662,0.020791,1.823565e-04,0.041583,1.595138e-04,6.891088e-01,217,1,0,1,1,0,
051_large_clamp,s0_complete_v2_051_large_clamp_t20,complete_only,46,0.948047,0.031979,2.273930e-04,8.464369e-04,644,0.021320,2.342561e-04,0.042639,1.195288e-04,1.387959e+00,255,1,0,1,1,0,
051_large_clamp,s0_complete_v2_051_large_clamp_t21,complete_only,0,0.972692,0.046135,8.812683e-05,2.174313e-04,949,0.030756,1.531211e-04,0.061513,7.968947e-05,1.041231e+00,108,1,0,1,1,0,
051_large_clamp,s0_complete_v2_051_large_clamp_t22,complete_only,0,0.974079,0.033690,1.478577e-04,4.548870e-04,1800,0.022460,1.888490e-04,0.044920,6.842680e-05,2.337074e+00,676,1,0,1,1,0,
051_large_clamp,s0_complete_v2_051_large_clamp_t23,complete_only,0,0.968458,0.032899,9.432312e-04,3.300572e-03,839,0.021933,1.423611e-03,0.043866,2.005895e-04,1.991214e+00,258,1,0,1,1,0,
051_large_clamp,s0_complete_v2_051_large_clamp_t24,complete_only,0,0.960068,0.045952,7.522737e-05,1.869658e-04,1685,0.030635,6.017591e-05,0.061269,9.417649e-05,1.562485e+00,225,1,0,1,1,0,
051_large_clamp,s0_complete_v2_051_large_clamp_t25,complete_only,0,0.973316,0.042099,2.126816e-04,7.304062e-04,1002,0.028066,2.094180e-04,0.056132,2.278707e-04,1.240716e+00,109,1,0,1,1,0,
051_large_clamp,s0_complete_v2_051_large_clamp_t26,complete_only,1,0.954130,0.035766,2.696024e-06,1.333727e-05,1726,0.023844,0.000000e+00,0.047688,7.260350e-06,0.000000e+00,114,1,0,1,1,1,
051_large_clamp,s0_complete_v2_051_large_clamp_t27,complete_only,0,0.959198,0.040526,3.086382e-04,1.161237e-03,2239,0.027018,9.152728e-04,0.054035,2.820985e-04,2.630686e+00,574,1,0,1,1,0,
051_large_clamp,s0_complete_v2_051_large_clamp_t28,complete_only,2,0.970841,0.034596,8.931180e-05,2.891401e-04,1794,0.023064,1.686583e-04,0.046128,4.382817e-05,2.483827e+00,754,1,0,1,1,0,
051_large_clamp,s0_complete_v2_051_large_clamp_t29,complete_only,0,0.967663,0.041107,1.471163e-05,6.452815e-05,3739,0.027405,1.703493e-05,0.054809,1.939257e-05,9.636601e-01,279,1,0,1,1,0,
051_large_clamp,s0_complete_v2_051_large_clamp_t30,complete_only,0,0.969929,0.037732,9.074959e-04,2.320976e-03,1023,0.025154,1.089739e-03,0.050309,5.315570e-04,1.749886e+00,143,1,0,1,1,0,
051_large_clamp,s0_complete_v2_051_large_clamp_t31,complete_only,26,0.929030,0.030846,4.000683e-04,1.686144e-03,484,0.020564,4.485274e-04,0.041128,2.396194e-04,6.380893e-01,158,1,0,1,1,0,
051_large_clamp,s0_complete_v2_051_large_clamp_t32,complete_only,0,0.973319,0.033418,8.089436e-05,5.219335e-04,2850,0.022278,7.419119e-05,0.044557,1.179770e-04,2.304092e+00,517,1,0,1,1,0,
051_large_clamp,s0_complete_v2_051_large_clamp_t33,complete_only,0,0.973230,0.036477,2.814164e-04,9.446562e-04,1133,0.024318,2.803179e-04,0.048636,1.511707e-04,1.807805e+00,149,1,0,1,1,0,
051_large_clamp,s0_complete_v2_051_large_clamp_t34,complete_only,0,0.976416,0.037921,2.976897e-05,1.364270e-04,2525,0.025281,2.348924e-05,0.050562,3.418761e-05,1.700545e+00,444,1,0,1,1,0,
051_large_clamp,s0_complete_v2_051_large_clamp_t35,complete_only,55,0.947752,0.033049,0.000000e+00,0.000000e+00,706,0.022032,0.000000e+00,0.044065,1.610877e-07,0.000000e+00,63,1,0,1,1,1,
051_large_clamp,s0_complete_v2_051_large_clamp_t36,complete_only,0,0.972788,0.032771,2.166701e-07,2.256068e-06,904,0.021847,0.000000e+00,0.043695,2.725712e-07,0.000000e+00,166,1,0,1,1,1,
051_large_clamp,s0_complete_v2_051_large_clamp_t37,complete_only,0,0.963505,0.040907,2.841677e-04,8.946100e-04,831,0.027272,3.302777e-04,0.054543,2.776572e-04,2.221285e+00,165,1,0,1,1,0,
051_large_clamp,s0_complete_v2_051_large_clamp_t38,complete_only,0,0.967030,0.045368,2.430860e-05,1.083433e-04,5009,0.030245,2.349669e-05,0.060491,3.523734e-05,2.690876e+00,983,1,0,1,1,0,
051_large_clamp,s0_complete_v2_051_large_clamp_t39,complete_only,0,0.963696,0.038688,1.026885e-04,5.590494e-04,1785,0.025792,1.081757e-04,0.051583,1.218656e-04,1.327665e+00,318,1,0,1,1,0,
051_large_clamp,s0_complete_v2_051_large_clamp_t40,complete_only,0,0.969910,0.033986,1.498344e-04,7.048849e-04,1036,0.022658,2.481798e-04,0.045315,1.111542e-04,1.275627e+00,176,1,0,1,1,0,
051_large_clamp,s0_complete_v2_051_large_clamp_t41,complete_only,18,0.946177,0.033249,4.404423e-04,1.585302e-03,482,0.022166,5.143621e-04,0.044332,2.967273e-04,2.224878e+00,223,1,0,1,1,0,
051_large_clamp,s0_complete_v2_051_large_clamp_t42,complete_only,0,0.977135,0.038914,7.291600e-05,3.010772e-04,2693,0.025942,1.329799e-04,0.051885,7.744700e-05,1.480945e+00,161,1,0,1,1,0,
051_large_clamp,s0_complete_v2_051_large_clamp_t43,complete_only,2,0.959238,0.032659,0.000000e+00,0.000000e+00,858,0.021773,0.000000e+00,0.043545,0.000000e+00,0.000000e+00,154,1,0,1,1,1,
051_large_clamp,s0_complete_v2_051_large_clamp_t44,complete_only,0,0.973452,0.032370,7.023414e-04,2.794284e-03,969,0.021580,1.259783e-03,0.043160,3.096915e-04,1.219163e+00,146,1,0,1,1,0,
051_large_clamp,s0_complete_v2_051_large_clamp_t45,complete_only,0,0.961223,0.045604,3.951302e-04,1.634960e-03,1043,0.030402,4.010850e-04,0.060805,3.594304e-04,1.847639e+00,115,1,0,1,1,0,
051_large_clamp,s0_complete_v2_051_large_clamp_t46,complete_only,0,0.970130,0.045962,1.287841e-04,3.115290e-04,1334,0.030642,1.197895e-04,0.061283,1.361343e-04,1.991893e+00,210,1,0,1,1,0,
051_large_clamp,s0_complete_v2_051_large_clamp_t47,complete_only,64,0.913785,0.029554,0.000000e+00,0.000000e+00,432,0.019703,0.000000e+00,0.039405,3.782395e-08,0.000000e+00,132,1,0,1,1,0,
051_large_clamp,s0_complete_v2_051_large_clamp_t48,complete_only,0,0.974199,0.033022,2.603554e-04,1.310206e-03,1101,0.022015,4.100631e-04,0.044029,1.443470e-04,1.381042e+00,230,1,0,1,1,0,
051_large_clamp,s0_complete_v2_051_large_clamp_t49,complete_only,0,0.954443,0.033556,1.074103e-04,5.713979e-04,1598,0.022370,1.821293e-04,0.044741,1.297441e-04,1.753489e+00,437,1,0,1,1,0,
009_gelatin_box,s0_complete_v2_009_gelatin_box_t0,complete_only,113,0.948067,0.018148,7.885691e-06,2.691862e-05,512,0.012098,1.135654e-05,0.024197,7.670714e-06,5.941985e-01,595,1,0,1,1,1,
009_gelatin_box,s0_complete_v2_009_gelatin_box_t1,complete_only,7,0.960174,0.018512,1.264410e-05,7.957307e-05,788,0.012342,9.589131e-06,0.024683,1.064087e-05,6.922802e-01,805,1,0,1,1,1,
009_gelatin_box,s0_complete_v2_009_gelatin_box_t2,complete_only,382,0.881448,0.019595,7.011241e-06,4.056138e-05,690,0.013064,9.555424e-06,0.026127,1.314528e-05,1.022467e+00,585,1,0,1,1,1,
009_gelatin_box,s0_complete_v2_009_gelatin_box_t3,complete_only,62,0.960319,0.017525,9.650599e-05,4.306805e-04,439,0.011683,2.159453e-04,0.023366,6.285453e-05,1.270855e+00,770,1,0,1,1,1,
009_gelatin_box,s0_complete_v2_009_gelatin_box_t4,complete_only,139,0.916744,0.019236,1.445024e-05,1.594054e-05,640,0.012824,6.994657e-06,0.025648,1.821992e-05,8.257068e-01,628,1,0,1,1,1,
009_gelatin_box,s0_complete_v2_009_gelatin_box_t5,complete_only,74,0.901910,0.020162,8.301722e-06,2.373441e-05,854,0.013442,9.049497e-06,0.026883,1.338405e-05,9.517809e-01,821,1,0,1,1,1,
009_gelatin_box,s0_complete_v2_009_gelatin_box_t6,complete_only,1,0.958265,0.018288,7.459844e-04,1.495618e-03,491,0.012192,1.075466e-03,0.024384,4.243261e-04,1.211582e+00,754,1,0,1,1,1,
009_gelatin_box,s0_complete_v2_009_gelatin_box_t7,complete_only,15,0.983882,0.020525,7.754229e-07,9.465227e-07,1369,0.013683,4.315861e-07,0.027367,9.335793e-07,2.358754e-01,450,1,0,1,1,1,
009_gelatin_box,s0_complete_v2_009_gelatin_box_t8,complete_only,3,0.957445,0.018284,8.980785e-06,1.520071e-05,1205,0.012189,3.736941e-06,0.024378,1.470732e-05,1.396499e+00,1017,1,0,1,1,1,
009_gelatin_box,s0_complete_v2_009_gelatin_box_t9,complete_only,0,0.959104,0.018276,2.640324e-04,1.478014e-03,524,0.012184,7.584827e-04,0.024368,1.205913e-04,9.372444e-01,558,1,0,1,1,1,
009_gelatin_box,s0_complete_v2_009_gelatin_box_t10,complete_only,98,0.922815,0.019781,1.150361e-05,3.329402e-05,717,0.013187,1.018358e-05,0.026374,9.608090e-06,7.465020e-01,735,1,0,1,1,1,
009_gelatin_box,s0_complete_v2_009_gelatin_box_t11,complete_only,131,0.922711,0.020159,5.803114e-06,1.419111e-05,915,0.013440,5.551224e-06,0.026879,7.660958e-06,7.290364e-01,737,1,0,1,1,1,
009_gelatin_box,s0_complete_v2_009_gelatin_box_t12,complete_only,45,0.948845,0.018050,8.947074e-06,8.987400e-06,645,0.012033,7.226117e-06,0.024067,6.097895e-06,5.885915e-01,545,1,0,1,1,1,
009_gelatin_box,s0_complete_v2_009_gelatin_box_t13,complete_only,6,0.965931,0.018128,4.364265e-06,1.344798e-05,771,0.012085,4.862848e-06,0.024171,5.139164e-06,6.445917e-01,707,1,0,1,1,0,
009_gelatin_box,s0_complete_v2_009_gelatin_box_t14,complete_only,102,0.917710,0.020097,5.389683e-05,3.140423e-04,773,0.013398,4.918327e-05,0.026797,5.349018e-05,1.774016e+00,666,1,0,1,1,1,
009_gelatin_box,s0_complete_v2_009_gelatin_box_t15,complete_only,2,0.965297,0.019050,1.412068e-05,6.907466e-05,1122,0.012700,1.372322e-05,0.025400,1.349512e-05,1.550160e+00,892,1,0,1,1,1,
009_gelatin_box,s0_complete_v2_009_gelatin_box_t16,complete_only,0,0.968511,0.018459,2.449688e-04,1.405595e-03,503,0.012306,8.996778e-04,0.024612,1.171633e-04,9.724183e-01,495,1,0,1,1,1,
009_gelatin_box,s0_complete_v2_009_gelatin_box_t17,complete_only,5,0.950023,0.018351,8.655040e-07,1.880499e-06,835,0.012234,9.492031e-07,0.024468,7.588149e-07,3.031738e-01,484,1,0,1,1,1,
009_gelatin_box,s0_complete_v2_009_gelatin_box_t18,complete_only,66,0.936156,0.018815,1.189875e-06,1.711282e-06,1324,0.012543,1.284105e-06,0.025087,1.583852e-06,4.843096e-01,676,1,0,1,1,1,
009_gelatin_box,s0_complete_v2_009_gelatin_box_t19,complete_only,0,0.958408,0.018290,3.927196e-06,6.391604e-06,666,0.012193,4.185764e-06,0.024387,3.929601e-06,6.731679e-01,758,1,0,1,1,1,
009_gelatin_box,s0_complete_v2_009_gelatin_box_t20,complete_only,2,0.954769,0.017682,1.332900e-04,6.005568e-04,315,0.011788,8.110383e-05,0.023576,7.130746e-05,6.770115e-01,588,1,0,1,1,1,
009_gelatin_box,s0_complete_v2_009_gelatin_box_t21,complete_only,3,0.931009,0.019374,1.334439e-06,3.708450e-06,984,0.012916,1.450174e-06,0.025832,4.547700e-06,5.013123e-01,557,1,0,1,1,1,
009_gelatin_box,s0_complete_v2_009_gelatin_box_t22,complete_only,2,0.957139,0.017776,4.587574e-06,4.578544e-06,477,0.011851,3.763445e-06,0.023701,4.780966e-06,3.943917e-01,571,1,0,1,1,1,
009_gelatin_box,s0_complete_v2_009_gelatin_box_t23,complete_only,36,0.921724,0.019710,5.509492e-06,1.284101e-05,724,0.013140,6.033145e-06,0.026280,4.563346e-06,8.497807e-01,835,1,0,1,1,1,
009_gelatin_box,s0_complete_v2_009_gelatin_box_t24,complete_only,31,0.938929,0.018628,1.334815e-06,4.545636e-06,1004,0.012419,2.275018e-06,0.024837,9.565262e-07,4.974247e-01,1062,1,0,1,1,1,
009_gelatin_box,s0_complete_v2_009_gelatin_box_t25,complete_only,5,0.947073,0.018155,2.661625e-05,7.989223e-05,664,0.012103,3.417300e-05,0.024207,2.373577e-05,1.593709e+00,686,1,0,1,1,1,
009_gelatin_box,s0_complete_v2_009_gelatin_box_t26,complete_only,333,0.883350,0.020096,9.921045e-06,3.843582e-05,828,0.013397,1.181240e-05,0.026795,1.606105e-05,1.068135e+00,614,1,0,1,1,1,
009_gelatin_box,s0_complete_v2_009_gelatin_box_t27,complete_only,123,0.916946,0.019758,6.921981e-06,1.699929e-05,947,0.013172,5.818633e-06,0.026344,7.953296e-06,6.885680e-01,699,1,0,1,1,1,
009_gelatin_box,s0_complete_v2_009_gelatin_box_t28,complete_only,115,0.949041,0.017567,5.008045e-06,5.877802e-06,411,0.011711,4.625148e-06,0.023423,5.020362e-06,4.136373e-01,566,1,0,1,1,1,
009_gelatin_box,s0_complete_v2_009_gelatin_box_t29,complete_only,2,0.966887,0.018010,3.414297e-06,6.201514e-06,860,0.012006,3.832083e-06,0.024013,3.006833e-06,8.012082e-01,793,1,0,1,1,1,
009_gelatin_box,s0_complete_v2_009_gelatin_box_t30,complete_only,0,0.969229,0.019140,1.880446e-05,8.438210e-05,1090,0.012760,2.653878e-05,0.025521,1.891667e-05,1.483665e+00,927,1,0,1,1,1,
009_gelatin_box,s0_complete_v2_009_gelatin_box_t31,complete_only,0,0.954926,0.018138,6.917837e-06,6.058928e-06,802,0.012092,3.088912e-06,0.024184,8.900309e-06,5.678219e-01,678,1,0,1,1,1,
009_gelatin_box,s0_complete_v2_009_gelatin_box_t32,complete_only,0,0.973786,0.019687,1.707223e-04,6.584787e-04,715,0.013125,2.749578e-04,0.026249,1.367513e-04,1.295534e+00,988,1,0,1,1,1,
009_gelatin_box,s0_complete_v2_009_gelatin_box_t33,complete_only,5,0.967857,0.017449,5.470079e-04,1.285470e-03,491,0.011633,4.112140e-04,0.023265,5.771696e-04,1.845937e+00,829,1,0,1,1,1,
009_gelatin_box,s0_complete_v2_009_gelatin_box_t34,complete_only,7,0.967221,0.018339,8.742174e-06,4.829227e-05,1150,0.012226,2.515427e-06,0.024452,1.334904e-05,1.063882e+00,637,1,0,1,1,0,
009_gelatin_box,s0_complete_v2_009_gelatin_box_t35,complete_only,39,0.962573,0.018306,5.938331e-05,3.420685e-04,820,0.012204,1.288958e-04,0.024408,4.677939e-05,1.012507e+00,782,1,0,1,1,1,
009_gelatin_box,s0_complete_v2_009_gelatin_box_t36,complete_only,0,0.927828,0.018567,4.900815e-06,3.652030e-05,871,0.012378,5.280739e-06,0.024756,5.163076e-06,2.621826e-01,389,1,0,1,1,1,
009_gelatin_box,s0_complete_v2_009_gelatin_box_t37,complete_only,29,0.955332,0.019034,9.459765e-07,2.082830e-06,1366,0.012689,9.783077e-07,0.025379,9.626323e-07,5.236867e-01,823,1,0,1,1,1,
009_gelatin_box,s0_complete_v2_009_gelatin_box_t38,complete_only,10,0.959302,0.019104,1.224462e-05,4.850177e-05,1096,0.012736,1.878595e-05,0.025472,1.158560e-05,1.311882e+00,894,1,0,1,1,1,
009_gelatin_box,s0_complete_v2_009_gelatin_box_t39,complete_only,0,0.965773,0.019101,9.117128e-06,7.622779e-05,1347,0.012734,7.968186e-06,0.025468,1.633152e-05,1.502700e+00,978,1,0,1,1,1,
009_gelatin_box,s0_complete_v2_009_gelatin_box_t40,complete_only,104,0.936005,0.019181,2.236669e-04,1.056871e-03,700,0.012787,4.697914e-04,0.025575,8.324858e-05,9.718325e-01,690,1,0,1,1,1,
009_gelatin_box,s0_complete_v2_009_gelatin_box_t41,complete_only,61,0.941885,0.018227,7.701877e-06,2.961949e-05,539,0.012151,8.862696e-06,0.024302,5.711191e-06,5.546928e-01,594,1,0,1,1,1,
009_gelatin_box,s0_complete_v2_009_gelatin_box_t42,complete_only,22,0.967036,0.017592,4.015669e-05,2.613399e-04,709,0.011728,7.719359e-05,0.023456,3.634188e-05,8.524160e-01,707,1,0,1,1,0,
009_gelatin_box,s0_complete_v2_009_gelatin_box_t43,complete_only,86,0.945052,0.017598,1.644162e-05,1.178033e-04,535,0.011732,1.233753e-05,0.023464,1.402881e-05,5.551922e-01,556,1,0,1,1,1,
009_gelatin_box,s0_complete_v2_009_gelatin_box_t44,complete_only,23,0.927114,0.019325,1.955981e-05,7.188479e-05,802,0.012883,1.827147e-05,0.025766,1.544127e-05,9.168250e-01,683,1,0,1,1,1,
009_gelatin_box,s0_complete_v2_009_gelatin_box_t45,complete_only,44,0.967020,0.018966,1.028270e-06,2.373793e-06,1099,0.012644,9.071556e-07,0.025288,2.740137e-06,1.497526e+00,853,1,0,1,1,1,
009_gelatin_box,s0_complete_v2_009_gelatin_box_t46,complete_only,6,0.954623,0.018780,5.849634e-06,3.221068e-06,1016,0.012520,6.569666e-06,0.025040,5.522897e-06,6.809298e-01,1285,1,0,1,1,1,
009_gelatin_box,s0_complete_v2_009_gelatin_box_t47,complete_only,2,0.972459,0.018442,2.015284e-06,5.982770e-06,689,0.012295,1.691687e-06,0.024590,1.667402e-06,4.752491e-01,856,1,0,1,1,1,
009_gelatin_box,s0_complete_v2_009_gelatin_box_t48,complete_only,5,0.949544,0.019797,4.475048e-05,1.388110e-04,828,0.013198,4.614258e-05,0.026395,3.772291e-05,1.032333e+00,540,1,0,1,1,1,
009_gelatin_box,s0_complete_v2_009_gelatin_box_t49,complete_only,209,0.912008,0.017788,4.719568e-05,1.662917e-04,834,0.011859,6.175245e-05,0.023717,4.175682e-05,9.177167e-01,694,1,0,1,1,1,
052_extra_large_clamp,s0_complete_v2_052_extra_large_clamp_t0,complete_only,44,0.945590,0.040435,1.881584e-04,6.123867e-04,1362,0.026957,2.249065e-04,0.053914,1.279087e-04,1.338050e+00,202,1,0,1,1,0,
052_extra_large_clamp,s0_complete_v2_052_extra_large_clamp_t1,complete_only,0,0.936240,0.038048,2.348450e-05,9.938040e-05,952,0.025365,2.444564e-05,0.050731,2.774714e-05,5.433284e-02,117,1,0,1,1,0,
052_extra_large_clamp,s0_complete_v2_052_extra_large_clamp_t2,complete_only,8,0.961211,0.039267,1.038712e-04,5.481698e-04,2541,0.026178,7.154254e-05,0.052355,1.192671e-04,1.815514e+00,281,1,0,1,1,0,
052_extra_large_clamp,s0_complete_v2_052_extra_large_clamp_t3,complete_only,1,0.965029,0.046285,7.590403e-04,2.717921e-03,1108,0.030857,9.635095e-04,0.061713,3.226056e-04,2.774189e+00,192,1,0,1,1,0,
052_extra_large_clamp,s0_complete_v2_052_extra_large_clamp_t4,complete_only,5,0.954118,0.044548,9.113160e-05,2.196727e-04,2803,0.029698,5.139303e-05,0.059397,1.483592e-04,1.800122e+00,515,1,0,1,1,0,
052_extra_large_clamp,s0_complete_v2_052_extra_large_clamp_t5,complete_only,2,0.966637,0.038787,1.689929e-04,9.414651e-04,1569,0.025858,1.896403e-04,0.051715,2.237896e-04,1.375860e+00,308,1,0,1,1,0,
052_extra_large_clamp,s0_complete_v2_052_extra_large_clamp_t6,complete_only,0,0.962418,0.039052,0.000000e+00,0.000000e+00,612,0.026035,0.000000e+00,0.052069,7.210031e-07,0.000000e+00,51,1,0,1,1,0,
052_extra_large_clamp,s0_complete_v2_052_extra_large_clamp_t7,complete_only,0,0.983555,0.035545,1.290432e-04,6.894404e-04,1235,0.023697,4.929749e-04,0.047394,1.507661e-04,7.258181e-01,242,1,0,1,1,0,
052_extra_large_clamp,s0_complete_v2_052_extra_large_clamp_t8,complete_only,0,0.968414,0.049197,7.437649e-05,3.790334e-04,2748,0.032798,5.477109e-05,0.065596,1.095943e-04,1.266743e+00,258,1,0,1,1,0,
052_extra_large_clamp,s0_complete_v2_052_extra_large_clamp_t9,complete_only,7,0.955412,0.038847,0.000000e+00,0.000000e+00,598,0.025898,0.000000e+00,0.051796,0.000000e+00,0.000000e+00,45,1,0,1,1,0,
052_extra_large_clamp,s0_complete_v2_052_extra_large_clamp_t10,complete_only,0,0.950122,0.045793,2.298625e-04,9.179275e-04,2748,0.030529,6.344246e-04,0.061057,3.019208e-04,3.008815e+00,786,1,0,1,1,0,
052_extra_large_clamp,s0_complete_v2_052_extra_large_clamp_t11,complete_only,0,0.954165,0.045406,5.478043e-05,1.522765e-04,4115,0.030271,2.067704e-05,0.060542,1.096389e-04,2.021462e+00,586,1,0,1,1,0,
052_extra_large_clamp,s0_complete_v2_052_extra_large_clamp_t12,complete_only,0,0.950969,0.040685,0.000000e+00,0.000000e+00,961,0.027123,0.000000e+00,0.054247,5.067047e-07,0.000000e+00,117,1,0,1,1,0,
052_extra_large_clamp,s0_complete_v2_052_extra_large_clamp_t13,complete_only,2,0.954135,0.039475,0.000000e+00,0.000000e+00,696,0.026317,0.000000e+00,0.052633,0.000000e+00,0.000000e+00,54,1,0,1,1,0,
052_extra_large_clamp,s0_complete_v2_052_extra_large_clamp_t14,complete_only,0,0.949484,0.044862,2.244953e-04,8.384838e-04,1946,0.029908,3.056224e-04,0.059816,3.472989e-04,2.522801e+00,509,1,0,1,1,0,
052_extra_large_clamp,s0_complete_v2_052_extra_large_clamp_t15,complete_only,1,0.961675,0.033465,0.000000e+00,0.000000e+00,769,0.022310,0.000000e+00,0.044620,3.426623e-07,0.000000e+00,111,1,0,1,1,1,
052_extra_large_clamp,s0_complete_v2_052_extra_large_clamp_t16,complete_only,3,0.951392,0.039590,0.000000e+00,0.000000e+00,611,0.026393,0.000000e+00,0.052787,7.071525e-07,0.000000e+00,57,1,0,1,1,0,
052_extra_large_clamp,s0_complete_v2_052_extra_large_clamp_t17,complete_only,58,0.930758,0.037949,4.557218e-06,7.492941e-06,1552,0.025299,4.222311e-06,0.050599,8.515192e-06,5.573724e-03,122,1,0,1,1,0,
052_extra_large_clamp,s0_complete_v2_052_extra_large_clamp_t18,complete_only,1,0.946139,0.040419,6.087721e-05,1.620365e-04,2077,0.026946,7.629387e-04,0.053892,4.695284e-05,9.467700e-01,357,1,0,1,1,0,
052_extra_large_clamp,s0_complete_v2_052_extra_large_clamp_t19,complete_only,16,0.928276,0.036538,2.715415e-04,1.424675e-03,789,0.024358,2.833782e-04,0.048717,2.231249e-04,4.010634e-01,167,1,0,1,1,0,
052_extra_large_clamp,s0_complete_v2_052_extra_large_clamp_t20,complete_only,15,0.957075,0.039190,0.000000e+00,0.000000e+00,648,0.026127,0.000000e+00,0.052254,0.000000e+00,0.000000e+00,58,1,0,1,1,1,
052_extra_large_clamp,s0_complete_v2_052_extra_large_clamp_t21,complete_only,0,0.940222,0.057265,1.329891e-06,6.066130e-06,2254,0.038177,6.280955e-07,0.076354,1.857238e-06,0.000000e+00,160,1,0,1,1,0,
052_extra_large_clamp,s0_complete_v2_052_extra_large_clamp_t23,complete_only,4,0.967472,0.038725,1.101647e-04,5.177603e-04,2227,0.025817,2.798486e-04,0.051633,1.353301e-04,9.809429e-01,180,1,0,1,1,0,
052_extra_large_clamp,s0_complete_v2_052_extra_large_clamp_t24,complete_only,10,0.937156,0.060193,1.190467e-03,3.788452e-03,901,0.040129,1.175069e-03,0.080257,1.156851e-03,2.153973e+00,76,1,0,1,1,0,
052_extra_large_clamp,s0_complete_v2_052_extra_large_clamp_t25,complete_only,21,0.956123,0.049898,9.647402e-05,4.449876e-04,4132,0.033266,1.526141e-04,0.066531,7.509619e-05,8.786144e-01,51,1,0,1,1,0,
052_extra_large_clamp,s0_complete_v2_052_extra_large_clamp_t26,complete_only,0,0.951951,0.044641,2.265269e-04,1.166314e-03,1850,0.029760,5.109462e-04,0.059521,2.502074e-04,1.805227e+00,437,1,0,1,1,0,
052_extra_large_clamp,s0_complete_v2_052_extra_large_clamp_t27,complete_only,0,0.945514,0.044893,1.485509e-04,7.014909e-04,2680,0.029929,2.329604e-04,0.059858,1.869737e-04,2.259825e+00,543,1,0,1,1,0,
052_extra_large_clamp,s0_complete_v2_052_extra_large_clamp_t28,complete_only,1,0.969943,0.041539,5.135573e-05,2.065970e-04,3171,0.027692,1.102812e-04,0.055385,5.941692e-05,2.704669e+00,687,1,0,1,1,0,
052_extra_large_clamp,s0_complete_v2_052_extra_large_clamp_t29,complete_only,0,0.961136,0.053749,1.218413e-05,3.950439e-05,5553,0.035833,1.030037e-05,0.071665,1.439654e-05,6.924764e-01,379,1,0,1,1,0,
052_extra_large_clamp,s0_complete_v2_052_extra_large_clamp_t30,complete_only,1,0.963986,0.044692,3.217543e-04,1.626545e-03,2425,0.029795,2.778593e-04,0.059589,2.920299e-04,1.577460e+00,196,1,0,1,1,0,
052_extra_large_clamp,s0_complete_v2_052_extra_large_clamp_t31,complete_only,38,0.940562,0.039040,0.000000e+00,0.000000e+00,504,0.026027,0.000000e+00,0.052054,0.000000e+00,0.000000e+00,47,1,0,1,1,1,
052_extra_large_clamp,s0_complete_v2_052_extra_large_clamp_t32,complete_only,0,0.969348,0.040984,3.467701e-04,1.245884e-03,1917,0.027323,6.021915e-04,0.054645,2.980560e-04,2.180830e+00,352,1,0,1,1,0,
052_extra_large_clamp,s0_complete_v2_052_extra_large_clamp_t33,complete_only,1,0.966960,0.043979,9.268230e-05,4.803834e-04,3244,0.029319,1.501565e-04,0.058638,1.238302e-04,1.930220e+00,494,1,0,1,1,0,
052_extra_large_clamp,s0_complete_v2_052_extra_large_clamp_t34,complete_only,0,0.974779,0.047031,8.186172e-05,3.812741e-04,2493,0.031354,1.212325e-04,0.062707,7.266662e-05,1.353719e+00,307,1,0,1,1,0,
052_extra_large_clamp,s0_complete_v2_052_extra_large_clamp_t35,complete_only,12,0.951701,0.039472,0.000000e+00,0.000000e+00,735,0.026315,0.000000e+00,0.052629,5.509982e-07,0.000000e+00,57,1,0,1,1,0,
052_extra_large_clamp,s0_complete_v2_052_extra_large_clamp_t36,complete_only,0,0.958868,0.040266,0.000000e+00,0.000000e+00,827,0.026844,0.000000e+00,0.053688,0.000000e+00,0.000000e+00,110,1,0,1,1,1,
052_extra_large_clamp,s0_complete_v2_052_extra_large_clamp_t37,complete_only,14,0.949513,0.048162,7.643883e-05,3.063733e-04,3352,0.032108,8.958531e-05,0.064216,8.269251e-05,9.673520e-01,139,1,0,1,1,0,
052_extra_large_clamp,s0_complete_v2_052_extra_large_clamp_t38,complete_only,24,0.945713,0.056557,2.605807e-05,1.002367e-04,5728,0.037705,2.400028e-05,0.075410,3.328508e-05,9.798172e-01,350,1,0,1,1,0,
052_extra_large_clamp,s0_complete_v2_052_extra_large_clamp_t39,complete_only,0,0.967241,0.048148,3.750125e-04,1.920064e-03,2159,0.032099,1.069284e-03,0.064197,3.035894e-04,1.796851e+00,244,1,0,1,1,0,
052_extra_large_clamp,s0_complete_v2_052_extra_large_clamp_t40,complete_only,0,0.971920,0.040356,1.633512e-04,9.963413e-04,1972,0.026904,3.258770e-04,0.053808,1.048519e-04,8.080724e-01,306,1,0,1,1,0,
052_extra_large_clamp,s0_complete_v2_052_extra_large_clamp_t41,complete_only,3,0.956600,0.040779,1.225054e-04,5.444340e-04,1527,0.027186,1.883819e-04,0.054372,1.301659e-04,1.442822e+00,226,1,0,1,1,0,
052_extra_large_clamp,s0_complete_v2_052_extra_large_clamp_t42,complete_only,0,0.969062,0.048060,8.072098e-05,4.273547e-04,3133,0.032040,4.871584e-05,0.064080,1.190533e-04,9.673949e-01,91,1,0,1,1,0,
052_extra_large_clamp,s0_complete_v2_052_extra_large_clamp_t43,complete_only,28,0.954790,0.040483,3.159471e-05,1.125034e-04,2886,0.026988,8.104586e-05,0.053977,3.127963e-05,1.778867e+00,609,1,0,1,1,0,
052_extra_large_clamp,s0_complete_v2_052_extra_large_clamp_t44,complete_only,0,0.969927,0.038416,1.710075e-04,8.341684e-04,1137,0.025611,1.707810e-04,0.051222,1.873379e-04,1.031101e+00,188,1,0,1,1,0,
052_extra_large_clamp,s0_complete_v2_052_extra_large_clamp_t45,complete_only,0,0.957101,0.059185,4.961924e-04,2.242762e-03,1311,0.039457,3.781097e-04,0.078913,5.794983e-04,1.860669e+00,136,1,0,1,1,0,
052_extra_large_clamp,s0_complete_v2_052_extra_large_clamp_t46,complete_only,11,0.945924,0.056915,5.834977e-04,1.801412e-03,841,0.037944,6.568759e-04,0.075887,4.793381e-04,2.007051e+00,88,1,0,1,1,0,
052_extra_large_clamp,s0_complete_v2_052_extra_large_clamp_t47,complete_only,40,0.926023,0.035832,9.498200e-06,3.595954e-06,702,0.023888,4.577833e-06,0.047776,1.194018e-05,0.000000e+00,136,1,0,1,1,0,
052_extra_large_clamp,s0_complete_v2_052_extra_large_clamp_t48,complete_only,2,0.972711,0.039230,4.682473e-04,1.879073e-03,925,0.026153,7.255396e-04,0.052307,2.606283e-04,9.718810e-01,166,1,0,1,1,0,
052_extra_large_clamp,s0_complete_v2_052_extra_large_clamp_t49,complete_only,9,0.957708,0.041449,3.868378e-04,1.363429e-03,1379,0.027633,4.978659e-04,0.055266,2.151460e-04,1.859373e+00,241,1,0,1,1,0,
010_potted_meat_can,s0_complete_v2_010_potted_meat_can_t0,complete_only,0,0.839725,0.020568,1.477577e-05,3.705725e-05,819,0.013712,9.997700e-06,0.027425,2.132517e-05,8.163319e-01,589,1,0,1,1,1,
010_potted_meat_can,s0_complete_v2_010_potted_meat_can_t1,complete_only,19,0.905635,0.020597,1.943322e-04,1.220871e-03,441,0.013732,4.163067e-04,0.027463,1.026644e-04,1.632327e+00,923,1,0,1,1,1,
010_potted_meat_can,s0_complete_v2_010_potted_meat_can_t2,complete_only,0,0.755046,0.020892,6.517174e-06,2.193882e-05,748,0.013928,7.034143e-06,0.027856,6.572192e-06,1.383462e+00,830,1,0,1,1,1,
010_potted_meat_can,s0_complete_v2_010_potted_meat_can_t3,complete_only,0,0.852481,0.019995,2.704135e-05,1.010776e-04,663,0.013330,2.706520e-05,0.026659,3.016558e-05,1.158962e+00,583,1,0,1,1,1,
010_potted_meat_can,s0_complete_v2_010_potted_meat_can_t4,complete_only,0,0.800974,0.020951,4.776154e-06,1.701238e-05,685,0.013967,4.922783e-06,0.027934,4.988561e-06,1.544203e+00,1017,1,0,1,1,0,
010_potted_meat_can,s0_complete_v2_010_potted_meat_can_t5,complete_only,169,0.788534,0.020691,5.268747e-06,1.382114e-05,596,0.013794,6.121971e-06,0.027588,4.636898e-06,8.012261e-01,611,1,0,1,1,0,
010_potted_meat_can,s0_complete_v2_010_potted_meat_can_t6,complete_only,14,0.928307,0.020737,5.133293e-05,2.492000e-04,652,0.013825,9.385958e-05,0.027649,4.236294e-05,1.151750e+00,681,1,0,1,1,0,
010_potted_meat_can,s0_complete_v2_010_potted_meat_can_t7,complete_only,0,0.938303,0.024730,1.179980e-06,2.958688e-06,1505,0.016486,1.355713e-06,0.032973,1.084211e-06,7.745088e-01,944,1,0,1,1,1,
010_potted_meat_can,s0_complete_v2_010_potted_meat_can_t8,complete_only,0,0.909101,0.019798,2.738373e-05,5.335779e-05,502,0.013199,2.942288e-05,0.026398,1.913399e-05,8.501715e-01,605,1,0,1,1,0,
010_potted_meat_can,s0_complete_v2_010_potted_meat_can_t9,complete_only,0,0.914696,0.020732,1.677425e-05,8.545235e-05,713,0.013821,2.059445e-05,0.027642,1.683598e-05,1.130778e+00,753,1,0,1,1,0,
010_potted_meat_can,s0_complete_v2_010_potted_meat_can_t10,complete_only,47,0.808313,0.021427,1.624171e-05,7.771686e-05,731,0.014285,1.873387e-05,0.028570,1.464679e-05,8.014423e-01,572,1,0,1,1,1,
010_potted_meat_can,s0_complete_v2_010_potted_meat_can_t11,complete_only,10,0.745961,0.021263,4.836424e-05,1.533851e-04,421,0.014176,4.457314e-05,0.028351,2.908372e-05,5.852125e-01,485,1,0,1,1,1,
010_potted_meat_can,s0_complete_v2_010_potted_meat_can_t12,complete_only,2,0.894869,0.020805,4.854384e-05,1.555276e-04,774,0.013870,1.026191e-04,0.027741,3.975831e-05,1.907749e+00,1037,1,0,1,1,0,
010_potted_meat_can,s0_complete_v2_010_potted_meat_can_t13,complete_only,0,0.836638,0.020641,6.089685e-05,2.835809e-04,635,0.013761,8.487168e-05,0.027521,5.178277e-05,8.109040e-01,537,1,0,1,1,1,
010_potted_meat_can,s0_complete_v2_010_potted_meat_can_t14,complete_only,3,0.777014,0.021088,1.043208e-05,3.448620e-05,718,0.014059,1.274997e-05,0.028117,9.904205e-06,1.156228e+00,794,1,0,1,1,1,
010_potted_meat_can,s0_complete_v2_010_potted_meat_can_t15,complete_only,0,0.857091,0.020516,5.749644e-06,1.640016e-05,891,0.013677,5.718577e-06,0.027355,5.828678e-06,8.034839e-01,705,1,0,1,1,0,
010_potted_meat_can,s0_complete_v2_010_potted_meat_can_t16,complete_only,0,0.925029,0.021068,2.113657e-05,1.146743e-04,769,0.014045,2.268955e-05,0.028091,2.201431e-05,1.157649e+00,639,1,0,1,1,0,
010_potted_meat_can,s0_complete_v2_010_potted_meat_can_t17,complete_only,0,0.934188,0.021150,1.802240e-05,7.257788e-05,598,0.014100,8.376502e-06,0.028200,2.150792e-05,4.194040e-01,432,1,0,1,1,1,
010_potted_meat_can,s0_complete_v2_010_potted_meat_can_t18,complete_only,58,0.859804,0.019951,5.428749e-06,2.135769e-05,728,0.013301,6.329679e-06,0.026601,4.896888e-06,7.471215e-01,589,1,0,1,1,0,
010_potted_meat_can,s0_complete_v2_010_potted_meat_can_t19,complete_only,3,0.933611,0.020567,2.555399e-05,1.057022e-04,626,0.013711,4.356546e-05,0.027422,2.231530e-05,1.626324e+00,894,1,0,1,1,1,
010_potted_meat_can,s0_complete_v2_010_potted_meat_can_t20,complete_only,4,0.897482,0.021208,1.364148e-05,7.972603e-05,568,0.014139,5.473820e-05,0.028278,1.744743e-05,7.227122e-01,745,1,0,1,1,1,
010_potted_meat_can,s0_complete_v2_010_potted_meat_can_t21,complete_only,0,0.876312,0.021448,5.132729e-06,2.262012e-05,678,0.014298,5.510062e-06,0.028597,7.052990e-06,8.613890e-01,667,1,0,1,1,1,
010_potted_meat_can,s0_complete_v2_010_potted_meat_can_t22,complete_only,1,0.842919,0.020598,1.396751e-05,8.641606e-06,616,0.013732,2.299987e-06,0.027464,2.336866e-05,5.720849e-01,619,1,0,1,1,1,
010_potted_meat_can,s0_complete_v2_010_potted_meat_can_t23,complete_only,0,0.815054,0.021039,4.128677e-06,1.324521e-05,664,0.014026,4.451078e-06,0.028051,4.131302e-06,1.126559e+00,834,1,0,1,1,0,
010_potted_meat_can,s0_complete_v2_010_potted_meat_can_t24,complete_only,12,0.899637,0.020938,3.077298e-06,3.197810e-05,872,0.013959,2.603886e-06,0.027917,3.199895e-06,4.305563e-01,631,1,0,1,1,0,
010_potted_meat_can,s0_complete_v2_010_potted_meat_can_t25,complete_only,17,0.921731,0.020571,1.229985e-06,2.410739e-06,572,0.013714,1.329149e-06,0.027428,1.210567e-06,3.432310e-01,451,1,0,1,1,1,
010_potted_meat_can,s0_complete_v2_010_potted_meat_can_t26,complete_only,20,0.717066,0.021037,5.533188e-06,1.854187e-05,754,0.014024,4.371837e-06,0.028049,7.155747e-06,4.976775e-01,412,1,0,1,1,0,
010_potted_meat_can,s0_complete_v2_010_potted_meat_can_t27,complete_only,0,0.813582,0.021164,6.558322e-06,1.839759e-05,670,0.014109,6.488390e-06,0.028219,8.675016e-06,5.333386e-01,456,1,0,1,1,1,
010_potted_meat_can,s0_complete_v2_010_potted_meat_can_t28,complete_only,0,0.865545,0.020708,2.384139e-06,7.330141e-06,569,0.013805,2.416586e-06,0.027611,1.500941e-05,4.934902e-01,547,1,0,1,1,1,
010_potted_meat_can,s0_complete_v2_010_potted_meat_can_t29,complete_only,0,0.965561,0.019899,1.491927e-06,2.667265e-06,887,0.013266,1.435921e-06,0.026531,1.475732e-06,6.237909e-01,696,1,0,1,1,0,
010_potted_meat_can,s0_complete_v2_010_potted_meat_can_t30,complete_only,1,0.822367,0.020519,1.525317e-05,2.828226e-05,762,0.013679,1.770968e-05,0.027358,1.085879e-05,1.132583e+00,716,1,0,1,1,1,
010_potted_meat_can,s0_complete_v2_010_potted_meat_can_t31,complete_only,11,0.919951,0.020439,1.816187e-05,7.825684e-05,699,0.013626,2.205757e-05,0.027253,2.414766e-05,1.362670e+00,945,1,0,1,1,1,
010_potted_meat_can,s0_complete_v2_010_potted_meat_can_t32,complete_only,0,0.791344,0.021102,6.705218e-06,2.269873e-05,758,0.014068,6.625381e-06,0.028136,7.873345e-06,1.019204e+00,711,1,0,1,1,1,
010_potted_meat_can,s0_complete_v2_010_potted_meat_can_t33,complete_only,0,0.906717,0.019854,3.386149e-05,1.276370e-04,613,0.013236,4.612647e-05,0.026472,3.029956e-05,1.253327e+00,684,1,0,1,1,1,
010_potted_meat_can,s0_complete_v2_010_potted_meat_can_t34,complete_only,0,0.949194,0.019949,1.285754e-06,2.260735e-06,595,0.013299,1.140864e-06,0.026598,1.361819e-06,4.774128e-01,591,1,0,1,1,1,
010_potted_meat_can,s0_complete_v2_010_potted_meat_can_t35,complete_only,13,0.863175,0.020791,4.573435e-06,6.636647e-06,552,0.013861,2.415945e-06,0.027722,1.186497e-05,2.285840e-01,354,1,0,1,1,1,
010_potted_meat_can,s0_complete_v2_010_potted_meat_can_t36,complete_only,1,0.925887,0.020607,8.828567e-06,3.688186e-05,685,0.013738,9.142325e-06,0.027476,1.193592e-05,1.528368e+00,966,1,0,1,1,1,
010_potted_meat_can,s0_complete_v2_010_potted_meat_can_t37,complete_only,0,0.877633,0.020547,1.040354e-05,9.890921e-05,696,0.013698,9.289650e-06,0.027396,1.213422e-05,4.915850e-01,540,1,0,1,1,1,
010_potted_meat_can,s0_complete_v2_010_potted_meat_can_t38,complete_only,0,0.894285,0.020322,2.684500e-06,6.910308e-06,654,0.013548,2.361607e-06,0.027096,3.161334e-06,7.204414e-01,643,1,0,1,1,1,
010_potted_meat_can,s0_complete_v2_010_potted_meat_can_t39,complete_only,0,0.927261,0.019890,3.330661e-06,8.189421e-06,598,0.013260,3.247196e-06,0.026521,3.485588e-06,6.481855e-01,543,1,0,1,1,1,
010_potted_meat_can,s0_complete_v2_010_potted_meat_can_t40,complete_only,189,0.822766,0.019997,6.541668e-06,2.125804e-05,677,0.013331,8.468472e-06,0.026663,5.603250e-06,6.830755e-01,502,1,0,1,1,0,
010_potted_meat_can,s0_complete_v2_010_potted_meat_can_t41,complete_only,0,0.828697,0.020642,2.050610e-05,3.506188e-05,925,0.013761,2.208330e-05,0.027523,2.799697e-05,6.227306e-01,545,1,0,1,1,1,
010_potted_meat_can,s0_complete_v2_010_potted_meat_can_t42,complete_only,0,0.916061,0.019753,7.930083e-05,1.709037e-04,431,0.013168,8.273364e-05,0.026337,5.528539e-05,1.060843e+00,596,1,0,1,1,1,
010_potted_meat_can,s0_complete_v2_010_potted_meat_can_t43,complete_only,16,0.829139,0.020992,4.104806e-05,8.455171e-05,553,0.013995,3.162957e-05,0.027989,3.504107e-05,5.558526e-01,545,1,0,1,1,1,
010_potted_meat_can,s0_complete_v2_010_potted_meat_can_t44,complete_only,36,0.802279,0.020512,4.908456e-06,1.556572e-05,668,0.013675,5.201823e-06,0.027349,4.697226e-06,7.733900e-01,532,1,0,1,1,0,
010_potted_meat_can,s0_complete_v2_010_potted_meat_can_t45,complete_only,0,0.943050,0.024782,1.425174e-06,3.858619e-06,1322,0.016522,1.343313e-06,0.033043,1.614034e-06,8.085005e-01,893,1,0,1,1,1,
010_potted_meat_can,s0_complete_v2_010_potted_meat_can_t46,complete_only,0,0.901773,0.021485,2.628096e-05,1.629888e-04,716,0.014323,2.154535e-05,0.028646,2.783558e-05,6.863581e-01,592,1,0,1,1,1,
010_potted_meat_can,s0_complete_v2_010_potted_meat_can_t47,complete_only,47,0.868617,0.020452,9.562349e-07,2.159523e-06,566,0.013635,1.052652e-06,0.027270,1.233361e-05,3.358396e-01,506,1,0,1,1,0,
010_potted_meat_can,s0_complete_v2_010_potted_meat_can_t48,complete_only,6,0.773394,0.020545,3.666226e-06,1.018367e-05,615,0.013697,3.752271e-06,0.027394,3.942794e-06,1.500324e+00,971,1,0,1,1,1,
010_potted_meat_can,s0_complete_v2_010_potted_meat_can_t49,complete_only,0,0.846593,0.020391,3.234313e-05,5.065475e-05,654,0.013594,2.790885e-05,0.027188,3.930088e-05,7.352139e-01,594,1,0,1,1,0,
002_master_chef_can,s0_complete_v2_002_master_chef_can_t0,complete_only,643,0.752416,0.028561,1.666634e-06,3.840079e-06,794,0.019040,1.518180e-06,0.038081,1.703753e-06,1.532808e-01,191,1,0,1,1,0,
002_master_chef_can,s0_complete_v2_002_master_chef_can_t1,complete_only,587,0.775553,0.028294,1.767422e-06,4.323087e-06,545,0.018863,1.630011e-06,0.037725,1.833182e-06,1.348397e-01,149,1,0,1,1,0,
002_master_chef_can,s0_complete_v2_002_master_chef_can_t2,complete_only,592,0.764448,0.028242,2.398700e-06,4.629656e-06,584,0.018828,2.335372e-06,0.037656,2.405622e-06,2.790080e-01,205,1,0,1,1,0,
002_master_chef_can,s0_complete_v2_002_master_chef_can_t3,complete_only,660,0.749236,0.028157,2.322011e-06,4.130054e-06,588,0.018771,2.337910e-06,0.037542,2.326517e-06,2.356475e-01,177,1,0,1,1,0,
002_master_chef_can,s0_complete_v2_002_master_chef_can_t4,complete_only,529,0.801360,0.028273,1.932451e-06,3.953343e-06,728,0.018849,1.922705e-06,0.037698,1.897566e-06,1.365676e-01,169,1,0,1,1,0,
002_master_chef_can,s0_complete_v2_002_master_chef_can_t5,complete_only,663,0.746166,0.028545,2.393937e-06,4.052544e-06,645,0.019030,2.362364e-06,0.038059,2.410355e-06,2.511687e-01,184,1,0,1,1,0,
002_master_chef_can,s0_complete_v2_002_master_chef_can_t6,complete_only,625,0.766526,0.028221,1.637463e-06,3.857427e-06,718,0.018814,1.497178e-06,0.037627,1.723957e-06,9.804624e-02,133,1,0,1,1,0,
002_master_chef_can,s0_complete_v2_002_master_chef_can_t7,complete_only,643,0.765532,0.028227,1.833415e-06,4.684972e-06,531,0.018818,1.614225e-06,0.037635,1.941212e-06,1.456146e-01,176,1,0,1,1,0,
002_master_chef_can,s0_complete_v2_002_master_chef_can_t8,complete_only,608,0.775412,0.028256,1.912858e-06,4.008453e-06,526,0.018838,1.794463e-06,0.037675,1.775158e-06,1.239852e-01,142,1,0,1,1,0,
002_master_chef_can,s0_complete_v2_002_master_chef_can_t9,complete_only,623,0.760267,0.028297,1.828127e-06,3.959867e-06,583,0.018865,1.898996e-06,0.037730,1.751183e-06,9.294718e-02,126,1,0,1,1,0,
002_master_chef_can,s0_complete_v2_002_master_chef_can_t10,complete_only,668,0.730508,0.028339,2.268155e-06,4.592918e-06,585,0.018892,2.225574e-06,0.037785,2.304360e-06,2.068248e-01,159,1,0,1,1,0,
002_master_chef_can,s0_complete_v2_002_master_chef_can_t11,complete_only,658,0.741626,0.028222,2.091211e-06,4.820467e-06,467,0.018814,2.145952e-06,0.037629,2.046617e-06,1.279885e-01,162,1,0,1,1,0,
002_master_chef_can,s0_complete_v2_002_master_chef_can_t12,complete_only,636,0.750168,0.028385,1.646647e-06,3.855370e-06,823,0.018923,1.526211e-06,0.037847,1.622454e-06,1.492231e-01,185,1,0,1,1,0,
002_master_chef_can,s0_complete_v2_002_master_chef_can_t13,complete_only,634,0.759300,0.028196,2.323138e-06,4.032519e-06,582,0.018798,2.277336e-06,0.037595,2.317177e-06,2.669789e-01,197,1,0,1,1,0,
002_master_chef_can,s0_complete_v2_002_master_chef_can_t14,complete_only,554,0.811969,0.028569,2.161204e-06,5.083306e-06,560,0.019046,2.048351e-06,0.038092,2.101949e-06,1.145757e-01,143,1,0,1,1,0,
002_master_chef_can,s0_complete_v2_002_master_chef_can_t15,complete_only,638,0.749862,0.028443,1.329209e-06,4.331492e-06,517,0.018962,1.252438e-06,0.037924,1.471442e-06,1.017454e-01,145,1,0,1,1,0,
002_master_chef_can,s0_complete_v2_002_master_chef_can_t16,complete_only,550,0.787691,0.028286,1.899120e-06,4.225343e-06,746,0.018857,2.122245e-06,0.037714,1.879032e-06,1.409327e-01,163,1,0,1,1,0,
002_master_chef_can,s0_complete_v2_002_master_chef_can_t17,complete_only,750,0.704624,0.028347,1.942919e-06,4.401084e-06,541,0.018898,1.759984e-06,0.037796,2.044872e-06,1.333287e-01,165,1,0,1,1,0,
002_master_chef_can,s0_complete_v2_002_master_chef_can_t18,complete_only,625,0.781802,0.028376,1.917993e-06,4.768950e-06,575,0.018917,1.985056e-06,0.037834,1.915520e-06,1.135554e-01,148,1,0,1,1,0,
002_master_chef_can,s0_complete_v2_002_master_chef_can_t19,complete_only,525,0.816338,0.028484,1.761852e-06,4.262530e-06,714,0.018989,1.482157e-06,0.037979,1.684671e-06,1.062744e-01,140,1,0,1,1,0,
002_master_chef_can,s0_complete_v2_002_master_chef_can_t20,complete_only,611,0.772464,0.028235,1.810608e-06,4.113717e-06,696,0.018823,1.510662e-06,0.037647,1.823074e-06,8.839866e-02,122,1,0,1,1,0,
002_master_chef_can,s0_complete_v2_002_master_chef_can_t21,complete_only,643,0.738457,0.028397,2.397916e-06,4.315388e-06,618,0.018931,2.320883e-06,0.037863,2.420191e-06,2.618246e-01,194,1,0,1,1,0,
002_master_chef_can,s0_complete_v2_002_master_chef_can_t22,complete_only,606,0.773183,0.028180,1.912706e-06,4.211112e-06,482,0.018787,1.729021e-06,0.037574,1.936999e-06,1.350289e-01,157,1,0,1,1,0,
002_master_chef_can,s0_complete_v2_002_master_chef_can_t23,complete_only,618,0.759856,0.028291,1.956149e-06,4.548611e-06,717,0.018860,1.971008e-06,0.037721,1.944982e-06,1.312790e-01,158,1,0,1,1,0,
002_master_chef_can,s0_complete_v2_002_master_chef_can_t24,complete_only,703,0.756071,0.028437,1.308804e-06,4.099939e-06,766,0.018958,1.386001e-06,0.037916,1.442688e-06,1.124817e-01,161,1,0,1,1,0,
002_master_chef_can,s0_complete_v2_002_master_chef_can_t25,complete_only,617,0.766477,0.028211,1.965011e-06,4.348540e-06,741,0.018807,1.972908e-06,0.037615,1.901694e-06,1.142017e-01,147,1,0,1,1,0,
002_master_chef_can,s0_complete_v2_002_master_chef_can_t26,complete_only,614,0.761796,0.028339,1.845470e-06,4.250795e-06,463,0.018893,1.779768e-06,0.037785,1.793578e-06,1.101186e-01,145,1,0,1,1,0,
002_master_chef_can,s0_complete_v2_002_master_chef_can_t27,complete_only,573,0.787472,0.028364,1.865894e-06,4.789052e-06,580,0.018909,1.852578e-06,0.037819,1.908126e-06,1.008800e-01,134,1,0,1,1,0,
002_master_chef_can,s0_complete_v2_002_master_chef_can_t28,complete_only,593,0.772377,0.028165,1.633923e-06,3.568520e-06,514,0.018777,1.651954e-06,0.037554,1.601493e-06,1.286574e-01,162,1,0,1,1,0,
002_master_chef_can,s0_complete_v2_002_master_chef_can_t29,complete_only,613,0.741531,0.028337,2.347158e-06,4.547954e-06,556,0.018891,2.355299e-06,0.037783,2.353604e-06,2.527579e-01,186,1,0,1,1,0,
002_master_chef_can,s0_complete_v2_002_master_chef_can_t30,complete_only,538,0.803837,0.028538,1.642820e-06,4.263368e-06,608,0.019026,1.838667e-06,0.038051,1.511018e-06,1.144070e-01,152,1,0,1,1,0,
002_master_chef_can,s0_complete_v2_002_master_chef_can_t31,complete_only,645,0.743088,0.028030,1.675558e-06,3.941701e-06,721,0.018687,1.483121e-06,0.037373,1.746268e-06,1.526125e-01,189,1,0,1,1,0,
002_master_chef_can,s0_complete_v2_002_master_chef_can_t32,complete_only,648,0.746967,0.028390,1.746107e-06,4.401826e-06,521,0.018926,1.554777e-06,0.037853,1.724998e-06,1.008258e-01,131,1,0,1,1,0,
002_master_chef_can,s0_complete_v2_002_master_chef_can_t33,complete_only,590,0.779955,0.028487,1.953134e-06,4.603813e-06,513,0.018992,1.796058e-06,0.037983,2.063996e-06,1.098449e-01,143,1,0,1,1,0,
002_master_chef_can,s0_complete_v2_002_master_chef_can_t34,complete_only,580,0.786195,0.028320,1.852005e-06,4.122465e-06,722,0.018880,1.877277e-06,0.037760,1.880995e-06,1.254504e-01,157,1,0,1,1,0,
002_master_chef_can,s0_complete_v2_002_master_chef_can_t35,complete_only,583,0.771088,0.028241,2.418513e-06,3.873053e-06,611,0.018828,2.401077e-06,0.037655,2.410907e-06,2.499579e-01,182,1,0,1,1,0,
002_master_chef_can,s0_complete_v2_002_master_chef_can_t36,complete_only,653,0.753167,0.028185,1.356787e-06,4.360088e-06,747,0.018790,1.316643e-06,0.037580,1.524831e-06,1.245066e-01,165,1,0,1,1,0,
002_master_chef_can,s0_complete_v2_002_master_chef_can_t37,complete_only,612,0.783696,0.028324,1.731862e-06,4.442081e-06,733,0.018883,1.827304e-06,0.037766,1.723515e-06,1.372378e-01,175,1,0,1,1,0,
002_master_chef_can,s0_complete_v2_002_master_chef_can_t38,complete_only,564,0.800252,0.028323,1.858702e-06,4.432955e-06,506,0.018882,1.717629e-06,0.037764,1.850430e-06,1.236221e-01,160,1,0,1,1,0,
002_master_chef_can,s0_complete_v2_002_master_chef_can_t39,complete_only,535,0.800168,0.028216,1.809788e-06,5.699660e-06,701,0.018811,1.988430e-06,0.037622,1.668989e-06,1.306101e-01,163,1,0,1,1,0,
002_master_chef_can,s0_complete_v2_002_master_chef_can_t40,complete_only,652,0.760031,0.028288,1.563923e-06,3.828850e-06,543,0.018859,1.402573e-06,0.037717,1.573395e-06,1.401785e-01,170,1,0,1,1,0,
002_master_chef_can,s0_complete_v2_002_master_chef_can_t41,complete_only,590,0.768696,0.028345,1.671377e-06,3.796966e-06,532,0.018897,1.596250e-06,0.037793,1.702902e-06,8.026798e-02,116,1,0,1,1,0,
002_master_chef_can,s0_complete_v2_002_master_chef_can_t42,complete_only,587,0.781616,0.028349,1.767308e-06,4.081297e-06,514,0.018899,1.508639e-06,0.037799,1.701012e-06,1.064123e-01,135,1,0,1,1,0,
002_master_chef_can,s0_complete_v2_002_master_chef_can_t43,complete_only,631,0.752361,0.028206,1.760731e-06,3.917561e-06,774,0.018804,1.566417e-06,0.037608,1.853319e-06,1.603950e-01,191,1,0,1,1,0,
002_master_chef_can,s0_complete_v2_002_master_chef_can_t44,complete_only,677,0.734702,0.028393,1.587552e-06,3.690776e-06,755,0.018928,1.639980e-06,0.037857,1.652566e-06,1.377597e-01,174,1,0,1,1,0,
002_master_chef_can,s0_complete_v2_002_master_chef_can_t45,complete_only,571,0.784741,0.028142,1.774730e-06,4.096164e-06,558,0.018762,1.688376e-06,0.037523,1.814319e-06,1.267107e-01,165,1,0,1,1,0,
002_master_chef_can,s0_complete_v2_002_master_chef_can_t46,complete_only,568,0.774563,0.028393,1.874350e-06,4.312239e-06,805,0.018929,1.940763e-06,0.037858,1.790031e-06,1.640840e-01,201,1,0,1,1,0,
002_master_chef_can,s0_complete_v2_002_master_chef_can_t47,complete_only,613,0.771358,0.028456,1.579430e-06,3.718542e-06,771,0.018971,1.456967e-06,0.037941,1.473763e-06,1.268462e-01,173,1,0,1,1,0,
002_master_chef_can,s0_complete_v2_002_master_chef_can_t48,complete_only,666,0.747428,0.028551,1.798679e-06,4.142434e-06,572,0.019034,1.867719e-06,0.038069,1.830707e-06,9.305355e-02,128,1,0,1,1,0,
002_master_chef_can,s0_complete_v2_002_master_chef_can_t49,complete_only,575,0.779826,0.028282,2.509084e-06,4.272816e-06,630,0.018854,2.520889e-06,0.037709,2.486189e-06,2.374863e-01,173,1,0,1,1,0,
019_pitcher_base,s0_complete_v2_019_pitcher_base_t0,complete_only,10,0.944913,0.041848,5.790426e-05,1.335210e-04,399,0.027898,7.244882e-05,0.055797,5.430388e-05,1.731285e-01,20,1,0,1,1,0,
019_pitcher_base,s0_complete_v2_019_pitcher_base_t1,complete_only,0,0.920635,0.042974,9.697739e-04,2.927874e-03,259,0.028650,1.405193e-03,0.057299,6.438981e-04,4.583558e-01,15,1,0,1,1,0,
019_pitcher_base,s0_complete_v2_019_pitcher_base_t3,complete_only,12,0.941497,0.046684,1.845021e-04,6.343806e-04,485,0.031122,1.118747e-04,0.062245,2.218356e-04,4.202218e-01,39,1,0,1,1,0,
019_pitcher_base,s0_complete_v2_019_pitcher_base_t5,complete_only,0,0.969142,0.040718,1.246540e-05,2.561127e-05,607,0.027146,1.822509e-05,0.054291,1.057871e-05,2.009560e-01,67,1,0,1,1,0,
019_pitcher_base,s0_complete_v2_019_pitcher_base_t6,complete_only,0,0.965878,0.040692,1.118205e-04,3.258033e-04,454,0.027128,1.286861e-04,0.054255,1.009955e-04,2.658024e-01,27,1,0,1,1,0,
019_pitcher_base,s0_complete_v2_019_pitcher_base_t7,complete_only,1371,0.689661,0.035250,1.789490e-06,3.908541e-06,839,0.023500,1.964183e-06,0.047000,1.680630e-06,1.672991e-01,156,1,0,1,1,0,
019_pitcher_base,s0_complete_v2_019_pitcher_base_t8,complete_only,101,0.941028,0.044118,1.229660e-05,5.603954e-05,609,0.029412,1.081855e-05,0.058824,1.115480e-05,3.041381e-02,39,1,0,1,1,0,
019_pitcher_base,s0_complete_v2_019_pitcher_base_t9,complete_only,9,0.937891,0.035386,6.912453e-04,4.635551e-03,795,0.023591,1.197596e-03,0.047181,3.085259e-04,6.698727e-01,172,1,0,1,1,0,
019_pitcher_base,s0_complete_v2_019_pitcher_base_t10,complete_only,22,0.939087,0.019756,9.166872e-06,3.496614e-05,6219,0.013170,1.243403e-04,0.026341,8.296147e-06,3.684631e+00,3133,1,0,1,1,0,
019_pitcher_base,s0_complete_v2_019_pitcher_base_t11,complete_only,130,0.905792,0.041460,8.044198e-05,1.690700e-04,382,0.027640,9.124422e-05,0.055280,7.611356e-05,1.547381e-01,17,1,0,1,1,0,
019_pitcher_base,s0_complete_v2_019_pitcher_base_t12,complete_only,7,0.947698,0.042274,2.244804e-06,5.687207e-06,592,0.028182,2.290855e-06,0.056365,2.164351e-06,4.674088e-03,27,1,0,1,1,0,
019_pitcher_base,s0_complete_v2_019_pitcher_base_t13,complete_only,114,0.949768,0.042629,0.000000e+00,0.000000e+00,275,0.028419,0.000000e+00,0.056838,0.000000e+00,0.000000e+00,44,1,0,1,1,0,
019_pitcher_base,s0_complete_v2_019_pitcher_base_t14,complete_only,30,0.932048,0.039179,5.821652e-05,3.685443e-04,715,0.026119,5.645937e-05,0.052239,8.103146e-05,3.054110e-01,67,1,0,1,1,0,
019_pitcher_base,s0_complete_v2_019_pitcher_base_t15,complete_only,131,0.921411,0.043811,5.336694e-06,1.624732e-05,654,0.029208,5.368099e-06,0.058415,5.131600e-06,3.155554e-03,20,1,0,1,1,0,
019_pitcher_base,s0_complete_v2_019_pitcher_base_t16,complete_only,0,0.942357,0.041403,2.992698e-04,1.048409e-03,276,0.027602,6.520523e-04,0.055204,1.690866e-04,3.385227e-01,31,1,0,1,1,0,
019_pitcher_base,s0_complete_v2_019_pitcher_base_t21,complete_only,219,0.872313,0.070945,2.074861e-05,1.074966e-04,14702,0.047297,1.315391e-05,0.094594,3.124592e-05,1.374094e+00,677,1,0,1,1,0,
019_pitcher_base,s0_complete_v2_019_pitcher_base_t23,complete_only,132,0.933167,0.046201,2.407907e-05,5.345412e-05,394,0.030801,3.310595e-05,0.061601,1.913700e-05,8.822996e-02,14,1,0,1,1,0,
019_pitcher_base,s0_complete_v2_019_pitcher_base_t26,complete_only,142,0.886766,0.042933,5.398870e-05,2.270533e-04,1323,0.028622,8.176057e-05,0.057243,5.258725e-05,6.048430e-01,70,1,0,1,1,0,
019_pitcher_base,s0_complete_v2_019_pitcher_base_t27,complete_only,312,0.884461,0.041843,5.247599e-06,1.566991e-05,635,0.027895,4.284101e-06,0.055791,7.863949e-06,1.618485e-01,86,1,0,1,1,0,
019_pitcher_base,s0_complete_v2_019_pitcher_base_t28,complete_only,458,0.845704,0.046951,2.175497e-04,4.638075e-04,645,0.031301,1.662733e-04,0.062602,2.355136e-04,3.134830e-01,49,1,0,1,1,0,
019_pitcher_base,s0_complete_v2_019_pitcher_base_t30,complete_only,115,0.929047,0.043550,5.726500e-06,1.633375e-05,509,0.029033,6.111946e-06,0.058066,5.318029e-06,1.660766e-02,26,1,0,1,1,0,
019_pitcher_base,s0_complete_v2_019_pitcher_base_t31,complete_only,56,0.852383,0.043724,5.328242e-06,2.690833e-05,737,0.029149,4.705070e-06,0.058298,1.307006e-05,0.000000e+00,46,1,0,1,1,0,
019_pitcher_base,s0_complete_v2_019_pitcher_base_t34,complete_only,133,0.920259,0.044154,7.200687e-06,2.172230e-05,663,0.029436,7.765602e-06,0.058872,6.657649e-06,1.889236e-02,27,1,0,1,1,0,
019_pitcher_base,s0_complete_v2_019_pitcher_base_t35,complete_only,0,0.963762,0.040533,7.821147e-05,1.460589e-04,471,0.027022,8.809807e-05,0.054044,7.459888e-05,2.700572e-01,32,1,0,1,1,0,
019_pitcher_base,s0_complete_v2_019_pitcher_base_t36,complete_only,59,0.868305,0.026685,1.861714e-06,6.661249e-06,1008,0.017790,1.438159e-06,0.035580,2.232611e-06,3.231752e-02,133,1,0,1,1,0,
019_pitcher_base,s0_complete_v2_019_pitcher_base_t37,complete_only,22,0.957125,0.041655,8.040123e-06,1.657278e-05,480,0.027770,8.309098e-06,0.055540,8.592159e-06,8.577899e-02,35,1,0,1,1,0,
019_pitcher_base,s0_complete_v2_019_pitcher_base_t38,complete_only,3,0.939824,0.042421,2.956772e-04,2.925845e-04,607,0.028281,1.060347e-04,0.056561,3.067344e-04,3.896622e-01,68,1,0,1,1,0,
019_pitcher_base,s0_complete_v2_019_pitcher_base_t39,complete_only,7,0.918509,0.046745,6.817239e-06,6.250614e-05,357,0.031163,2.333287e-06,0.062326,1.212211e-05,0.000000e+00,49,1,0,1,1,0,
019_pitcher_base,s0_complete_v2_019_pitcher_base_t41,complete_only,22,0.935335,0.041661,4.116133e-05,6.836966e-05,284,0.027774,4.913924e-05,0.055548,3.455119e-05,1.281000e-01,17,1,0,1,1,0,
019_pitcher_base,s0_complete_v2_019_pitcher_base_t42,complete_only,6,0.960181,0.043970,2.415271e-05,6.994848e-05,554,0.029313,3.728173e-05,0.058627,1.634435e-05,2.229220e-01,33,1,0,1,1,0,
019_pitcher_base,s0_complete_v2_019_pitcher_base_t43,complete_only,27,0.962659,0.045170,2.662756e-06,6.767591e-06,898,0.030113,2.871484e-06,0.060226,2.626512e-06,5.334346e-03,64,1,0,1,1,0,
019_pitcher_base,s0_complete_v2_019_pitcher_base_t44,complete_only,1579,0.421669,0.015234,3.686281e-04,7.837560e-04,6161,0.010156,3.492059e-04,0.020312,3.617633e-04,2.891400e+00,3859,1,0,1,1,0,
019_pitcher_base,s0_complete_v2_019_pitcher_base_t46,complete_only,12,0.954780,0.041524,1.133548e-05,3.055969e-05,535,0.027682,1.285602e-05,0.055365,1.078359e-05,1.219028e-01,35,1,0,1,1,0,
019_pitcher_base,s0_complete_v2_019_pitcher_base_t47,complete_only,0,0.978289,0.041139,5.456395e-05,2.019972e-04,555,0.027426,7.170793e-05,0.054852,8.017645e-05,7.680697e-02,34,1,0,1,1,0,
019_pitcher_base,s0_complete_v2_019_pitcher_base_t49,complete_only,0,0.957396,0.045230,1.305468e-04,3.570271e-04,473,0.030153,1.249988e-04,0.060307,1.614125e-04,2.308265e-01,24,1,0,1,1,0,
022_windex_bottle,s0_complete_v2_022_windex_bottle_t0,complete_only,4,0.902883,0.051487,0.000000e+00,0.000000e+00,793,0.034325,0.000000e+00,0.068649,1.039019e-06,0.000000e+00,63,1,0,1,1,1,
022_windex_bottle,s0_complete_v2_022_windex_bottle_t1,complete_only,13,0.915934,0.048903,1.001545e-05,8.767874e-06,794,0.032602,0.000000e+00,0.065204,2.124435e-05,0.000000e+00,76,1,0,1,1,1,
022_windex_bottle,s0_complete_v2_022_windex_bottle_t2,complete_only,0,0.934926,0.050110,0.000000e+00,0.000000e+00,585,0.033407,0.000000e+00,0.066814,2.362608e-07,0.000000e+00,63,1,0,1,1,1,
022_windex_bottle,s0_complete_v2_022_windex_bottle_t3,complete_only,4,0.901984,0.051788,0.000000e+00,0.000000e+00,529,0.034525,0.000000e+00,0.069050,0.000000e+00,0.000000e+00,51,1,0,1,1,1,
022_windex_bottle,s0_complete_v2_022_windex_bottle_t4,complete_only,40,0.928138,0.049696,3.168659e-04,3.833140e-03,518,0.033131,1.179091e-04,0.066262,3.907276e-04,0.000000e+00,70,1,0,1,1,1,
022_windex_bottle,s0_complete_v2_022_windex_bottle_t5,complete_only,1,0.931676,0.048426,0.000000e+00,0.000000e+00,638,0.032284,0.000000e+00,0.064568,1.100134e-06,0.000000e+00,60,1,0,1,1,1,
022_windex_bottle,s0_complete_v2_022_windex_bottle_t6,complete_only,25,0.900326,0.050117,1.720490e-05,7.239605e-05,829,0.033411,0.000000e+00,0.066822,2.538262e-05,0.000000e+00,103,1,0,1,1,0,
022_windex_bottle,s0_complete_v2_022_windex_bottle_t7,complete_only,2,0.960695,0.048994,8.292517e-05,4.983329e-04,1034,0.032663,8.618734e-05,0.065325,8.203562e-05,2.070219e-02,64,1,0,1,1,1,
022_windex_bottle,s0_complete_v2_022_windex_bottle_t8,complete_only,5,0.946559,0.046368,1.458109e-05,1.373300e-04,627,0.030912,1.083661e-05,0.061824,1.248621e-05,0.000000e+00,92,1,0,1,1,1,
022_windex_bottle,s0_complete_v2_022_windex_bottle_t9,complete_only,46,0.892985,0.050165,4.716858e-06,0.000000e+00,703,0.033443,0.000000e+00,0.066886,8.725288e-06,0.000000e+00,82,1,0,1,1,0,
022_windex_bottle,s0_complete_v2_022_windex_bottle_t10,complete_only,29,0.918501,0.050640,1.938114e-04,2.130012e-03,543,0.033760,9.580414e-05,0.067520,2.113196e-04,0.000000e+00,68,1,0,1,1,1,
022_windex_bottle,s0_complete_v2_022_windex_bottle_t11,complete_only,5,0.930145,0.050131,8.709995e-05,0.000000e+00,582,0.033421,2.417971e-05,0.066841,1.238116e-04,0.000000e+00,82,1,0,1,1,1,
022_windex_bottle,s0_complete_v2_022_windex_bottle_t12,complete_only,0,0.946579,0.051558,2.707844e-06,3.088201e-05,568,0.034372,0.000000e+00,0.068744,1.773921e-05,0.000000e+00,77,1,0,1,1,1,
022_windex_bottle,s0_complete_v2_022_windex_bottle_t13,complete_only,7,0.921453,0.051002,0.000000e+00,0.000000e+00,823,0.034001,0.000000e+00,0.068003,8.183262e-07,0.000000e+00,80,1,0,1,1,0,
022_windex_bottle,s0_complete_v2_022_windex_bottle_t14,complete_only,12,0.928585,0.050232,1.735208e-04,1.054473e-03,699,0.033488,1.344965e-04,0.066976,2.483398e-04,0.000000e+00,36,1,0,1,1,1,
022_windex_bottle,s0_complete_v2_022_windex_bottle_t15,complete_only,3,0.935691,0.050488,0.000000e+00,0.000000e+00,666,0.033659,0.000000e+00,0.067317,3.468255e-06,0.000000e+00,62,1,0,1,1,1,
022_windex_bottle,s0_complete_v2_022_windex_bottle_t16,complete_only,16,0.903551,0.050040,0.000000e+00,0.000000e+00,756,0.033360,0.000000e+00,0.066720,1.897451e-06,0.000000e+00,72,1,0,1,1,0,
022_windex_bottle,s0_complete_v2_022_windex_bottle_t18,complete_only,33,0.912107,0.047588,9.923147e-05,1.001359e-03,633,0.031726,1.116301e-05,0.063451,9.915688e-05,0.000000e+00,57,1,0,1,1,1,
022_windex_bottle,s0_complete_v2_022_windex_bottle_t19,complete_only,17,0.899168,0.049962,4.790880e-06,0.000000e+00,666,0.033308,0.000000e+00,0.066616,1.281007e-05,0.000000e+00,60,1,0,1,1,0,
022_windex_bottle,s0_complete_v2_022_windex_bottle_t20,complete_only,16,0.911526,0.050109,1.743961e-06,0.000000e+00,868,0.033406,0.000000e+00,0.066813,7.453545e-06,0.000000e+00,99,1,0,1,1,0,
022_windex_bottle,s0_complete_v2_022_windex_bottle_t21,complete_only,0,0.940476,0.049025,1.786922e-05,1.326641e-04,776,0.032683,6.584146e-06,0.065366,2.294445e-05,0.000000e+00,75,1,0,1,1,1,
022_windex_bottle,s0_complete_v2_022_windex_bottle_t22,complete_only,111,0.650067,0.026562,1.336517e-05,3.610358e-05,465,0.017708,1.529788e-05,0.035416,1.117206e-05,1.509716e-01,27,1,0,1,1,0,
022_windex_bottle,s0_complete_v2_022_windex_bottle_t23,complete_only,0,0.926978,0.049868,0.000000e+00,0.000000e+00,634,0.033245,0.000000e+00,0.066491,2.442842e-07,0.000000e+00,69,1,0,1,1,1,
022_windex_bottle,s0_complete_v2_022_windex_bottle_t24,complete_only,0,0.954173,0.049114,2.220769e-05,1.288578e-04,740,0.032742,1.176260e-05,0.065485,3.220447e-05,0.000000e+00,62,1,0,1,1,1,
022_windex_bottle,s0_complete_v2_022_windex_bottle_t25,complete_only,1,0.958122,0.048803,1.149577e-04,4.811584e-04,981,0.032535,2.816049e-04,0.065071,9.006985e-05,1.852524e-01,68,1,0,1,1,1,
022_windex_bottle,s0_complete_v2_022_windex_bottle_t26,complete_only,3,0.931655,0.050154,1.281172e-04,3.774445e-04,641,0.033436,7.337748e-05,0.066872,1.610317e-04,0.000000e+00,74,1,0,1,1,1,
022_windex_bottle,s0_complete_v2_022_windex_bottle_t27,complete_only,366,0.954173,0.030535,0.000000e+00,0.000000e+00,439,0.020356,0.000000e+00,0.040713,0.000000e+00,0.000000e+00,78,1,0,1,1,0,
022_windex_bottle,s0_complete_v2_022_windex_bottle_t28,complete_only,15,0.920892,0.051648,9.270086e-07,1.305039e-05,622,0.034432,0.000000e+00,0.068865,6.913065e-06,0.000000e+00,92,1,0,1,1,1,
022_windex_bottle,s0_complete_v2_022_windex_bottle_t29,complete_only,7,0.916811,0.049213,2.932434e-05,1.384949e-04,761,0.032809,0.000000e+00,0.065618,7.183620e-05,0.000000e+00,47,1,0,1,1,1,
022_windex_bottle,s0_complete_v2_022_windex_bottle_t30,complete_only,1,0.934250,0.050598,0.000000e+00,0.000000e+00,669,0.033732,0.000000e+00,0.067464,2.860330e-06,0.000000e+00,56,1,0,1,1,0,
022_windex_bottle,s0_complete_v2_022_windex_bottle_t31,complete_only,25,0.897715,0.048709,6.420191e-07,0.000000e+00,398,0.032473,0.000000e+00,0.064945,1.657578e-05,0.000000e+00,48,1,0,1,1,1,
022_windex_bottle,s0_complete_v2_022_windex_bottle_t32,complete_only,1,0.932514,0.050498,3.936401e-07,0.000000e+00,745,0.033665,0.000000e+00,0.067331,2.593656e-06,0.000000e+00,89,1,0,1,1,1,
022_windex_bottle,s0_complete_v2_022_windex_bottle_t33,complete_only,0,0.915399,0.025768,3.951238e-06,1.810152e-05,558,0.017179,2.384165e-06,0.034358,4.994459e-06,0.000000e+00,69,1,0,1,1,0,
022_windex_bottle,s0_complete_v2_022_windex_bottle_t34,complete_only,13,0.919105,0.050433,5.903814e-07,0.000000e+00,662,0.033622,0.000000e+00,0.067243,2.597877e-06,0.000000e+00,51,1,0,1,1,0,
022_windex_bottle,s0_complete_v2_022_windex_bottle_t35,complete_only,2,0.924614,0.050653,3.509146e-07,0.000000e+00,766,0.033769,0.000000e+00,0.067537,4.837552e-06,0.000000e+00,74,1,0,1,1,0,
022_windex_bottle,s0_complete_v2_022_windex_bottle_t36,complete_only,1,0.933311,0.051084,1.131367e-04,5.350686e-04,892,0.034056,1.172020e-04,0.068113,1.012993e-04,0.000000e+00,58,1,0,1,1,1,
022_windex_bottle,s0_complete_v2_022_windex_bottle_t37,complete_only,30,0.935371,0.049122,1.299647e-05,7.202617e-05,582,0.032748,7.276650e-06,0.065495,1.664740e-05,0.000000e+00,62,1,0,1,1,1,
022_windex_bottle,s0_complete_v2_022_windex_bottle_t38,complete_only,77,0.873158,0.052036,6.300450e-06,1.221277e-05,815,0.034690,4.073098e-08,0.069381,2.916683e-05,0.000000e+00,12,1,0,1,1,1,
022_windex_bottle,s0_complete_v2_022_windex_bottle_t39,complete_only,17,0.915777,0.049238,1.315009e-06,0.000000e+00,642,0.032825,0.000000e+00,0.065651,4.791845e-06,0.000000e+00,37,1,0,1,1,0,
022_windex_bottle,s0_complete_v2_022_windex_bottle_t40,complete_only,22,0.932561,0.049211,0.000000e+00,0.000000e+00,504,0.032807,0.000000e+00,0.065615,5.631114e-07,0.000000e+00,48,1,0,1,1,1,
022_windex_bottle,s0_complete_v2_022_windex_bottle_t41,complete_only,26,0.914341,0.049850,0.000000e+00,0.000000e+00,623,0.033233,0.000000e+00,0.066467,1.291740e-06,0.000000e+00,61,1,0,1,1,0,
022_windex_bottle,s0_complete_v2_022_windex_bottle_t42,complete_only,0,0.946421,0.046630,0.000000e+00,0.000000e+00,534,0.031087,0.000000e+00,0.062174,1.820805e-07,0.000000e+00,107,1,0,1,1,1,
022_windex_bottle,s0_complete_v2_022_windex_bottle_t43,complete_only,10,0.903684,0.027816,8.774357e-06,1.589361e-05,648,0.018544,3.579486e-07,0.037088,2.118737e-05,0.000000e+00,131,1,0,1,1,0,
022_windex_bottle,s0_complete_v2_022_windex_bottle_t44,complete_only,5,0.920361,0.048828,9.113965e-07,6.724920e-06,851,0.032552,0.000000e+00,0.065104,1.912635e-06,0.000000e+00,78,1,0,1,1,1,
022_windex_bottle,s0_complete_v2_022_windex_bottle_t45,complete_only,0,0.959617,0.048332,9.643473e-05,4.553607e-04,974,0.032222,2.370029e-04,0.064443,8.315582e-05,4.830150e-02,52,1,0,1,1,1,
022_windex_bottle,s0_complete_v2_022_windex_bottle_t46,complete_only,1,0.930564,0.048796,1.494336e-05,1.064749e-04,792,0.032530,6.935309e-06,0.065061,1.988798e-05,0.000000e+00,70,1,0,1,1,1,
022_windex_bottle,s0_complete_v2_022_windex_bottle_t47,complete_only,29,0.916768,0.049039,1.664700e-05,1.771170e-04,838,0.032693,1.244709e-06,0.065385,2.072394e-05,0.000000e+00,69,1,0,1,1,1,
022_windex_bottle,s0_complete_v2_022_windex_bottle_t48,complete_only,181,0.929332,0.022999,5.411067e-05,2.331352e-04,1245,0.015333,1.474141e-04,0.030665,4.255071e-05,2.833078e-01,234,1,0,1,1,0,
022_windex_bottle,s0_complete_v2_022_windex_bottle_t49,complete_only,28,0.897889,0.052020,0.000000e+00,0.000000e+00,756,0.034680,0.000000e+00,0.069360,5.828821e-07,0.000000e+00,42,1,0,1,1,0,
003_cracker_box,s0_complete_v2_003_cracker_box_t0,complete_only,50,0.930106,0.041615,1.648073e-03,4.967409e-03,422,0.027743,2.098718e-03,0.055486,5.576310e-04,4.263494e-01,94,1,0,1,1,0,
003_cracker_box,s0_complete_v2_003_cracker_box_t1,complete_only,225,0.820134,0.045886,1.474983e-04,9.028832e-04,1231,0.030591,3.328202e-05,0.061182,2.198393e-04,3.745190e-01,156,1,0,1,1,0,
003_cracker_box,s0_complete_v2_003_cracker_box_t2,complete_only,140,0.931057,0.046731,1.006403e-03,4.580760e-03,585,0.031154,1.465106e-03,0.062308,7.157829e-04,3.136628e-01,34,1,0,1,1,0,
003_cracker_box,s0_complete_v2_003_cracker_box_t3,complete_only,0,0.948700,0.041290,3.106865e-04,1.226243e-03,775,0.027527,2.990235e-04,0.055053,1.223781e-04,5.457791e-01,74,1,0,1,1,0,
003_cracker_box,s0_complete_v2_003_cracker_box_t4,complete_only,125,0.914060,0.048198,3.304910e-04,2.329981e-03,739,0.032132,1.125199e-03,0.064265,3.780617e-04,1.269567e-01,37,1,0,1,1,0,
003_cracker_box,s0_complete_v2_003_cracker_box_t5,complete_only,156,0.887718,0.043301,5.545773e-04,3.301012e-03,343,0.028867,1.029353e-03,0.057735,7.284524e-04,7.010771e-02,31,1,0,1,1,0,
003_cracker_box,s0_complete_v2_003_cracker_box_t6,complete_only,0,0.942678,0.045064,7.981090e-04,6.696553e-03,788,0.030042,4.454023e-03,0.060085,5.270199e-04,2.113016e-01,36,1,0,1,1,0,
003_cracker_box,s0_complete_v2_003_cracker_box_t7,complete_only,590,0.742631,0.037085,2.795135e-04,8.710883e-04,468,0.024723,3.417026e-04,0.049446,1.397902e-04,2.409880e-01,103,1,0,1,1,0,
003_cracker_box,s0_complete_v2_003_cracker_box_t8,complete_only,1719,0.360950,0.040213,3.971328e-06,9.103985e-06,1454,0.026808,4.081706e-06,0.053617,3.761365e-06,3.351707e-02,22,1,0,1,1,0,
003_cracker_box,s0_complete_v2_003_cracker_box_t9,complete_only,198,0.933910,0.039090,1.035550e-05,3.772715e-05,824,0.026060,1.417266e-05,0.052120,9.092043e-06,1.758523e-01,69,1,0,1,1,0,
003_cracker_box,s0_complete_v2_003_cracker_box_t10,complete_only,0,0.940185,0.045900,1.627504e-03,4.071830e-03,544,0.030600,1.621270e-03,0.061200,9.289759e-04,6.267134e-01,57,1,0,1,1,1,
003_cracker_box,s0_complete_v2_003_cracker_box_t12,complete_only,39,0.849464,0.044896,2.873080e-04,4.714887e-04,1008,0.029930,2.221639e-04,0.059861,3.637861e-04,1.447391e-01,37,1,0,1,1,1,
003_cracker_box,s0_complete_v2_003_cracker_box_t13,complete_only,109,0.899139,0.042082,1.955571e-03,6.914592e-03,482,0.028054,2.881969e-03,0.056109,5.354614e-04,3.332175e-01,48,1,0,1,1,0,
003_cracker_box,s0_complete_v2_003_cracker_box_t14,complete_only,82,0.934905,0.045678,1.607956e-03,4.779617e-03,497,0.030452,2.012688e-03,0.060903,1.139171e-03,1.158063e+00,93,1,0,1,1,1,
003_cracker_box,s0_complete_v2_003_cracker_box_t15,complete_only,0,0.971622,0.040979,4.942613e-06,1.238463e-05,1921,0.027320,5.034576e-06,0.054639,4.563873e-06,3.668799e-01,198,1,0,1,1,0,
003_cracker_box,s0_complete_v2_003_cracker_box_t16,complete_only,81,0.876333,0.044363,1.750527e-03,1.378623e-02,772,0.029575,2.788111e-03,0.059151,5.671509e-04,8.531432e-01,154,1,0,1,1,0,
003_cracker_box,s0_complete_v2_003_cracker_box_t17,complete_only,162,0.926291,0.045140,1.012871e-03,6.881461e-03,328,0.030094,1.392096e-03,0.060187,8.840876e-04,4.671849e-01,23,1,0,1,1,0,
003_cracker_box,s0_complete_v2_003_cracker_box_t18,complete_only,131,0.910640,0.048605,2.235023e-04,1.394385e-03,854,0.032403,8.839426e-04,0.064806,1.660760e-04,9.758048e-01,136,1,0,1,1,0,
003_cracker_box,s0_complete_v2_003_cracker_box_t20,complete_only,2,0.885975,0.043774,9.936889e-04,6.905283e-03,581,0.029183,4.260966e-03,0.058365,7.162129e-04,3.303261e-01,35,1,0,1,1,0,
003_cracker_box,s0_complete_v2_003_cracker_box_t21,complete_only,14,0.957715,0.044290,4.681652e-05,1.664066e-04,966,0.029527,3.675229e-05,0.059054,6.049494e-05,6.613351e-01,213,1,0,1,1,0,
003_cracker_box,s0_complete_v2_003_cracker_box_t22,complete_only,0,0.922159,0.042136,7.809877e-04,7.158059e-03,417,0.028091,3.484475e-03,0.056182,4.708012e-04,2.841595e-01,86,1,0,1,1,1,
003_cracker_box,s0_complete_v2_003_cracker_box_t23,complete_only,111,0.933160,0.047299,1.978776e-03,6.804398e-03,512,0.031532,4.156469e-03,0.063065,1.063397e-03,2.426319e-01,39,1,0,1,1,0,
003_cracker_box,s0_complete_v2_003_cracker_box_t24,complete_only,57,0.929859,0.044096,2.121458e-04,1.416938e-04,926,0.029398,3.096946e-04,0.058795,2.736643e-04,7.450420e-01,177,1,0,1,1,0,
003_cracker_box,s0_complete_v2_003_cracker_box_t26,complete_only,229,0.869321,0.042973,5.997247e-04,2.774399e-03,664,0.028649,1.640702e-03,0.057297,6.453781e-04,9.208548e-02,47,1,0,1,1,0,
003_cracker_box,s0_complete_v2_003_cracker_box_t28,complete_only,45,0.948550,0.041448,1.346337e-03,9.357092e-03,485,0.027632,2.005227e-03,0.055264,6.531785e-04,3.356416e-01,37,1,0,1,1,1,
003_cracker_box,s0_complete_v2_003_cracker_box_t29,complete_only,1907,0.131072,0.041070,1.627596e-06,5.029175e-06,807,0.027380,1.468116e-06,0.054760,1.773888e-06,2.390818e-02,60,1,0,1,1,0,
003_cracker_box,s0_complete_v2_003_cracker_box_t30,complete_only,96,0.960811,0.041552,4.258090e-06,9.599963e-06,2077,0.027701,4.966890e-06,0.055402,4.172159e-06,2.723612e-01,151,1,0,1,1,0,
003_cracker_box,s0_complete_v2_003_cracker_box_t31,complete_only,437,0.802007,0.044040,4.464421e-05,3.222738e-04,1669,0.029360,5.692197e-05,0.058720,6.192232e-05,5.508831e-02,40,1,0,1,1,0,
003_cracker_box,s0_complete_v2_003_cracker_box_t32,complete_only,0,0.958251,0.048787,1.220362e-03,2.949305e-03,497,0.032525,1.545488e-03,0.065049,7.998791e-04,4.328275e-01,46,1,0,1,1,0,
003_cracker_box,s0_complete_v2_003_cracker_box_t33,complete_only,4,0.970346,0.040432,1.412917e-05,6.399123e-05,796,0.026955,1.158193e-05,0.053910,1.121248e-05,1.582517e-01,69,1,0,1,1,1,
003_cracker_box,s0_complete_v2_003_cracker_box_t34,complete_only,999,0.933041,0.032330,1.477048e-06,3.295621e-06,793,0.021553,1.380716e-06,0.043106,1.608231e-06,2.329356e-03,63,1,0,1,1,0,
003_cracker_box,s0_complete_v2_003_cracker_box_t35,complete_only,54,0.907744,0.043671,5.364094e-04,3.520935e-03,532,0.029114,1.405514e-03,0.058228,4.977070e-04,1.745205e-01,47,1,0,1,1,0,
003_cracker_box,s0_complete_v2_003_cracker_box_t37,complete_only,203,0.908760,0.045506,1.797621e-04,9.512552e-04,1001,0.030338,1.031579e-03,0.060675,2.193542e-04,1.155202e+00,230,1,0,1,1,0,
003_cracker_box,s0_complete_v2_003_cracker_box_t38,complete_only,701,0.951296,0.040612,2.489897e-06,5.625383e-06,1828,0.027075,2.573500e-06,0.054149,2.526736e-06,1.280770e-01,106,1,0,1,1,0,
003_cracker_box,s0_complete_v2_003_cracker_box_t39,complete_only,1816,0.231629,0.040052,3.514066e-06,7.012815e-06,1187,0.026701,3.681641e-06,0.053403,3.388261e-06,3.268159e-01,233,1,0,1,1,0,
003_cracker_box,s0_complete_v2_003_cracker_box_t40,complete_only,161,0.889829,0.049176,9.259312e-05,5.823429e-04,441,0.032784,9.565182e-05,0.065569,3.088450e-04,7.429170e-02,29,1,0,1,1,0,
003_cracker_box,s0_complete_v2_003_cracker_box_t41,complete_only,15,0.934627,0.041563,9.282206e-04,4.879266e-03,712,0.027709,9.063920e-04,0.055417,5.730872e-04,5.814654e-01,79,1,0,1,1,0,
003_cracker_box,s0_complete_v2_003_cracker_box_t42,complete_only,831,0.911324,0.040048,3.617598e-06,9.479462e-06,1298,0.026698,3.667873e-06,0.053397,3.588670e-06,1.273269e-01,92,1,0,1,1,1,
003_cracker_box,s0_complete_v2_003_cracker_box_t43,complete_only,13,0.930978,0.042841,7.949252e-04,4.644051e-03,545,0.028561,3.054347e-03,0.057122,4.108140e-04,2.233439e-01,34,1,0,1,1,1,
003_cracker_box,s0_complete_v2_003_cracker_box_t44,complete_only,135,0.918067,0.049041,1.110802e-04,5.376298e-04,668,0.032694,9.957976e-05,0.065388,1.858594e-04,9.454654e-02,49,1,0,1,1,0,
003_cracker_box,s0_complete_v2_003_cracker_box_t45,complete_only,287,0.892776,0.037124,3.270326e-05,1.268827e-04,875,0.024750,4.271446e-05,0.049499,2.128971e-05,2.662907e-01,154,1,0,1,1,0,
003_cracker_box,s0_complete_v2_003_cracker_box_t46,complete_only,20,0.951370,0.044258,5.082394e-05,1.499886e-04,957,0.029505,5.784846e-05,0.059010,5.500131e-05,4.374684e-01,106,1,0,1,1,0,
003_cracker_box,s0_complete_v2_003_cracker_box_t47,complete_only,241,0.851749,0.031905,2.099256e-03,5.519119e-03,411,0.021270,2.914420e-03,0.042540,1.329069e-03,2.036594e+00,78,1,0,1,1,0,
003_cracker_box,s0_complete_v2_003_cracker_box_t48,complete_only,522,0.822398,0.042989,3.402615e-04,1.684986e-03,1275,0.028659,1.290010e-03,0.057318,2.355390e-04,6.769963e-01,21,1,0,1,1,0,
003_cracker_box,s0_complete_v2_003_cracker_box_t49,complete_only,55,0.921413,0.041059,1.949178e-03,1.169348e-02,389,0.027372,1.615013e-03,0.054745,6.198793e-04,3.254464e-01,82,1,0,1,1,0,
024_bowl,s0_complete_v2_024_bowl_t0,complete_only,1359,0.772223,0.025798,1.827266e-06,3.196192e-06,901,0.017198,2.023408e-06,0.034397,1.758450e-06,1.901564e-01,169,1,0,1,1,0,
024_bowl,s0_complete_v2_024_bowl_t1,complete_only,1181,0.860971,0.025886,1.319538e-06,2.367043e-06,898,0.017257,1.318464e-06,0.034515,1.395873e-06,2.283585e-01,247,1,0,1,1,0,
024_bowl,s0_complete_v2_024_bowl_t2,complete_only,1452,0.674186,0.025765,1.844002e-06,3.446078e-06,866,0.017177,1.929970e-06,0.034354,1.816236e-06,2.371420e-01,195,1,0,1,1,0,
024_bowl,s0_complete_v2_024_bowl_t3,complete_only,0,0.985436,0.025793,1.225610e-06,2.430506e-06,737,0.017195,1.186283e-06,0.034391,1.277807e-06,1.528076e-01,184,0,0,1,1,,
024_bowl,s0_complete_v2_024_bowl_t4,complete_only,916,0.917173,0.025629,1.275459e-06,2.380798e-06,851,0.017086,1.256496e-06,0.034173,1.239683e-06,1.340079e-01,141,1,0,1,1,0,
024_bowl,s0_complete_v2_024_bowl_t5,complete_only,1234,0.850247,0.025719,1.244984e-06,2.521928e-06,894,0.017146,1.387333e-06,0.034292,1.178747e-06,1.635259e-01,160,1,0,1,1,0,
024_bowl,s0_complete_v2_024_bowl_t6,complete_only,1383,0.745708,0.025870,1.791976e-06,3.090787e-06,832,0.017246,1.903433e-06,0.034493,1.757180e-06,2.282232e-01,218,1,0,1,1,0,
024_bowl,s0_complete_v2_024_bowl_t7,complete_only,0,0.984322,0.025720,1.153751e-06,2.271282e-06,876,0.017146,1.288301e-06,0.034293,1.199288e-06,1.656428e-01,195,0,0,1,1,,
024_bowl,s0_complete_v2_024_bowl_t8,complete_only,1086,0.873256,0.025718,1.892379e-06,3.505807e-06,919,0.017145,2.136343e-06,0.034290,1.789416e-06,1.938057e-01,174,1,0,1,1,0,
024_bowl,s0_complete_v2_024_bowl_t9,complete_only,1348,0.756316,0.025897,1.529739e-06,2.327801e-06,754,0.017265,1.684571e-06,0.034530,1.535390e-06,1.521515e-01,150,1,0,1,1,0,
024_bowl,s0_complete_v2_024_bowl_t10,complete_only,0,0.984382,0.025787,1.248855e-06,2.340955e-06,835,0.017191,1.392112e-06,0.034382,1.264021e-06,1.469083e-01,171,0,0,1,1,,
024_bowl,s0_complete_v2_024_bowl_t11,complete_only,0,0.985068,0.025675,1.272617e-06,2.402765e-06,610,0.017116,1.304704e-06,0.034233,1.237652e-06,1.276878e-01,150,0,0,1,1,,
024_bowl,s0_complete_v2_024_bowl_t12,complete_only,1365,0.781334,0.025779,1.991792e-06,4.456947e-06,763,0.017186,2.076416e-06,0.034371,1.913795e-06,1.749757e-01,141,1,0,1,1,0,
024_bowl,s0_complete_v2_024_bowl_t13,complete_only,0,0.985976,0.025786,1.284248e-06,2.274191e-06,854,0.017191,1.255828e-06,0.034381,1.325379e-06,1.680853e-01,203,0,0,1,1,,
024_bowl,s0_complete_v2_024_bowl_t14,complete_only,1294,0.814888,0.025663,1.413503e-06,2.320028e-06,917,0.017109,1.484715e-06,0.034218,1.365062e-06,1.741533e-01,173,1,0,1,1,0,
024_bowl,s0_complete_v2_024_bowl_t15,complete_only,840,0.923994,0.025786,1.290765e-06,2.272210e-06,857,0.017191,1.237729e-06,0.034382,1.333657e-06,1.350092e-01,145,1,0,1,1,0,
024_bowl,s0_complete_v2_024_bowl_t16,complete_only,0,0.985410,0.025828,1.272427e-06,2.552506e-06,668,0.017219,1.416755e-06,0.034437,1.296899e-06,1.414941e-01,167,0,0,1,1,,
024_bowl,s0_complete_v2_024_bowl_t17,complete_only,1395,0.727579,0.025647,1.337683e-06,2.150630e-06,796,0.017098,1.279226e-06,0.034196,1.353087e-06,1.213643e-01,129,1,0,1,1,0,
024_bowl,s0_complete_v2_024_bowl_t18,complete_only,0,0.984985,0.025697,1.228190e-06,2.419970e-06,844,0.017131,1.375239e-06,0.034262,1.266387e-06,1.808544e-01,204,0,0,1,1,,
024_bowl,s0_complete_v2_024_bowl_t19,complete_only,0,0.985204,0.025782,1.278904e-06,2.383147e-06,844,0.017188,1.355873e-06,0.034376,1.281470e-06,1.736838e-01,191,0,0,1,1,,
024_bowl,s0_complete_v2_024_bowl_t20,complete_only,0,0.986419,0.025663,1.224392e-06,2.216837e-06,682,0.017109,1.308884e-06,0.034218,1.169454e-06,1.513822e-01,180,0,0,1,1,,
024_bowl,s0_complete_v2_024_bowl_t21,complete_only,0,0.984223,0.025727,1.360586e-06,2.108958e-06,802,0.017151,1.328094e-06,0.034303,1.388898e-06,1.893663e-01,210,0,0,1,1,,
024_bowl,s0_complete_v2_024_bowl_t22,complete_only,0,0.985524,0.025772,1.176936e-06,2.253637e-06,730,0.017181,1.186582e-06,0.034362,1.229242e-06,1.498020e-01,178,0,0,1,1,,
024_bowl,s0_complete_v2_024_bowl_t23,complete_only,0,0.984386,0.025779,1.256317e-06,2.392620e-06,666,0.017186,1.373888e-06,0.034371,1.193259e-06,1.768600e-01,196,0,0,1,1,,
024_bowl,s0_complete_v2_024_bowl_t24,complete_only,0,0.983846,0.025720,1.177378e-06,2.307681e-06,673,0.017146,1.138741e-06,0.034293,1.247194e-06,1.529175e-01,184,0,0,1,1,,
024_bowl,s0_complete_v2_024_bowl_t25,complete_only,1528,0.580430,0.025730,1.896887e-06,3.698617e-06,772,0.017154,2.155278e-06,0.034307,1.776801e-06,2.832897e-01,254,1,0,1,1,0,
024_bowl,s0_complete_v2_024_bowl_t26,complete_only,1529,0.636662,0.025833,1.654157e-06,3.007202e-06,944,0.017222,1.888374e-06,0.034445,1.615909e-06,2.703140e-01,257,1,0,1,1,0,
024_bowl,s0_complete_v2_024_bowl_t27,complete_only,1784,0.114772,0.025741,1.623518e-06,2.515278e-06,869,0.017161,1.787194e-06,0.034321,1.696238e-06,4.576533e-01,441,1,0,1,1,0,
024_bowl,s0_complete_v2_024_bowl_t28,complete_only,0,0.985044,0.025701,1.291304e-06,2.448645e-06,860,0.017134,1.288588e-06,0.034268,1.261949e-06,1.422540e-01,173,0,0,1,1,,
024_bowl,s0_complete_v2_024_bowl_t29,complete_only,1661,0.308690,0.025754,1.404900e-06,2.654642e-06,883,0.017169,1.253327e-06,0.034339,1.328231e-06,2.045956e-01,238,1,0,1,1,0,
024_bowl,s0_complete_v2_024_bowl_t30,complete_only,0,0.985182,0.025819,1.233014e-06,2.340231e-06,833,0.017213,1.328111e-06,0.034425,1.271945e-06,1.576774e-01,189,0,0,1,1,,
024_bowl,s0_complete_v2_024_bowl_t31,complete_only,1284,0.803237,0.025783,1.794195e-06,3.099940e-06,914,0.017189,1.919334e-06,0.034378,1.665289e-06,1.781815e-01,154,1,0,1,1,0,
024_bowl,s0_complete_v2_024_bowl_t32,complete_only,1352,0.773971,0.025837,1.270860e-06,1.960896e-06,806,0.017225,1.229202e-06,0.034449,1.272710e-06,1.572111e-01,169,1,0,1,1,0,
024_bowl,s0_complete_v2_024_bowl_t33,complete_only,1283,0.804824,0.025696,1.266354e-06,2.485719e-06,878,0.017131,1.211342e-06,0.034262,1.289814e-06,1.828134e-01,203,1,0,1,1,0,
024_bowl,s0_complete_v2_024_bowl_t34,complete_only,1188,0.851371,0.025741,1.368065e-06,2.097718e-06,730,0.017161,1.376122e-06,0.034322,1.386611e-06,1.326862e-01,138,1,0,1,1,0,
024_bowl,s0_complete_v2_024_bowl_t35,complete_only,0,0.984734,0.025734,1.320940e-06,2.320769e-06,819,0.017156,1.328266e-06,0.034312,1.357015e-06,1.777051e-01,208,0,0,1,1,,
024_bowl,s0_complete_v2_024_bowl_t36,complete_only,1227,0.856628,0.025791,1.749034e-06,2.953558e-06,933,0.017194,1.846949e-06,0.034389,1.598570e-06,1.511230e-01,156,1,0,1,1,1,
024_bowl,s0_complete_v2_024_bowl_t37,complete_only,1490,0.641806,0.025844,1.454859e-06,2.665562e-06,909,0.017229,1.488615e-06,0.034458,1.426454e-06,1.536445e-01,139,1,0,1,1,0,
024_bowl,s0_complete_v2_024_bowl_t38,complete_only,1498,0.575304,0.025670,1.300335e-06,2.520595e-06,814,0.017114,1.418542e-06,0.034227,1.291143e-06,1.775373e-01,197,1,0,1,1,0,
024_bowl,s0_complete_v2_024_bowl_t39,complete_only,0,0.984483,0.025760,1.210805e-06,2.393274e-06,659,0.017174,1.347955e-06,0.034347,1.168664e-06,1.557141e-01,177,0,0,1,1,,
024_bowl,s0_complete_v2_024_bowl_t40,complete_only,0,0.985886,0.025856,1.213850e-06,2.440047e-06,817,0.017237,1.330963e-06,0.034474,1.272053e-06,1.578770e-01,199,0,0,1,1,,
024_bowl,s0_complete_v2_024_bowl_t41,complete_only,0,0.984910,0.025809,1.182922e-06,2.266227e-06,892,0.017206,1.298497e-06,0.034412,1.210935e-06,1.378024e-01,166,0,0,1,1,,
024_bowl,s0_complete_v2_024_bowl_t42,complete_only,895,0.919185,0.025693,1.956025e-06,3.648517e-06,974,0.017129,2.163082e-06,0.034257,1.821074e-06,1.956125e-01,178,1,0,1,1,1,
024_bowl,s0_complete_v2_024_bowl_t43,complete_only,0,0.984777,0.025827,1.369643e-06,2.332043e-06,817,0.017218,1.327376e-06,0.034435,1.388692e-06,1.465754e-01,173,0,0,1,1,,
024_bowl,s0_complete_v2_024_bowl_t44,complete_only,0,0.987521,0.025698,1.272568e-06,2.297831e-06,829,0.017132,1.271486e-06,0.034264,1.265720e-06,1.649417e-01,196,0,0,1,1,,
024_bowl,s0_complete_v2_024_bowl_t45,complete_only,0,0.985209,0.025762,1.232967e-06,2.398293e-06,734,0.017175,1.200782e-06,0.034350,1.248107e-06,1.637876e-01,185,0,0,1,1,,
024_bowl,s0_complete_v2_024_bowl_t46,complete_only,1161,0.864297,0.025766,1.781976e-06,3.092846e-06,971,0.017177,1.965508e-06,0.034355,1.642653e-06,2.130672e-01,201,1,0,1,1,0,
024_bowl,s0_complete_v2_024_bowl_t47,complete_only,1049,0.901315,0.025815,1.248463e-06,2.353229e-06,918,0.017210,1.417236e-06,0.034419,1.204543e-06,1.313783e-01,142,1,0,1,1,0,
024_bowl,s0_complete_v2_024_bowl_t48,complete_only,1431,0.711616,0.025716,1.223929e-06,2.381047e-06,896,0.017144,1.169100e-06,0.034288,1.211321e-06,1.419688e-01,155,1,0,1,1,0,
024_bowl,s0_complete_v2_024_bowl_t49,complete_only,0,0.985668,0.025834,1.275209e-06,2.509215e-06,728,0.017223,1.271437e-06,0.034446,1.307191e-06,1.442329e-01,177,0,0,1,1,,
