object,trial,arm,grasp_id,confidence,patch_radius,patch_epi_mean,patch_epi_p95,patch_n,sens_lo_radius,patch_epi_mean_sens_lo,sens_hi_radius,patch_epi_mean_sens_hi,duarte_sigma_sum,duarte_box_n,geometry_gate_pass,uq_rejected,chosen,executed,lift_success,support_d_obs_mm
005_tomato_soup_can,s0_complete_v3b_005_tomato_soup_can_t0,complete_only,14,0.864530,0.019368,1.262904e-06,1.379773e-06,580,0.012912,1.241853e-06,0.025824,1.218447e-06,4.055626e-01,540,1,0,1,1,1,
005_tomato_soup_can,s0_complete_v3b_005_tomato_soup_can_t1,complete_only,23,0.874282,0.019020,8.622510e-07,1.418339e-06,759,0.012680,9.519372e-07,0.025360,8.358819e-07,2.733601e-01,521,1,0,1,1,1,
005_tomato_soup_can,s0_complete_v3b_005_tomato_soup_can_t2,complete_only,12,0.878512,0.019010,9.180994e-07,2.984807e-06,578,0.012673,8.752494e-07,0.025347,9.975430e-07,2.843101e-01,456,1,0,1,1,0,
005_tomato_soup_can,s0_complete_v3b_005_tomato_soup_can_t3,complete_only,18,0.867259,0.019158,1.074222e-06,2.350045e-06,769,0.012772,1.072651e-06,0.025543,1.095252e-06,5.243296e-01,718,1,0,1,1,1,
005_tomato_soup_can,s0_complete_v3b_005_tomato_soup_can_t4,complete_only,8,0.882865,0.019121,8.186083e-07,2.038921e-06,368,0.012748,9.183347e-07,0.025495,7.833853e-07,2.710057e-01,470,1,0,1,1,0,
005_tomato_soup_can,s0_complete_v3b_005_tomato_soup_can_t5,complete_only,24,0.856204,0.019190,1.086072e-06,2.567661e-06,829,0.012793,1.050664e-06,0.025587,1.094284e-06,3.998098e-01,604,1,0,1,1,1,
005_tomato_soup_can,s0_complete_v3b_005_tomato_soup_can_t6,complete_only,12,0.877827,0.019152,9.287701e-07,1.412576e-06,684,0.012768,1.120835e-06,0.025536,8.418160e-07,2.356795e-01,447,1,0,1,1,0,
005_tomato_soup_can,s0_complete_v3b_005_tomato_soup_can_t7,complete_only,11,0.878334,0.019134,7.304369e-07,1.493642e-06,600,0.012756,7.214325e-07,0.025512,7.712931e-07,1.798298e-01,386,1,0,1,1,1,
005_tomato_soup_can,s0_complete_v3b_005_tomato_soup_can_t8,complete_only,11,0.886127,0.018889,1.011719e-06,1.486857e-06,586,0.012592,9.575496e-07,0.025185,9.686352e-07,3.492516e-01,541,1,0,1,1,1,
005_tomato_soup_can,s0_complete_v3b_005_tomato_soup_can_t9,complete_only,16,0.877219,0.019292,9.350946e-07,1.575532e-06,557,0.012861,7.828072e-07,0.025723,1.101636e-06,3.333701e-01,499,1,0,1,1,0,
005_tomato_soup_can,s0_complete_v3b_005_tomato_soup_can_t10,complete_only,1,0.896534,0.019161,7.403822e-07,1.480825e-06,575,0.012774,7.391888e-07,0.025548,7.774584e-07,2.633270e-01,451,1,0,1,1,1,
005_tomato_soup_can,s0_complete_v3b_005_tomato_soup_can_t11,complete_only,4,0.888933,0.019219,7.596638e-07,2.052581e-06,341,0.012813,6.401909e-07,0.025626,8.752154e-07,2.646725e-01,451,1,0,1,1,1,
005_tomato_soup_can,s0_complete_v3b_005_tomato_soup_can_t12,complete_only,2,0.905222,0.019179,6.786071e-07,1.405679e-06,616,0.012786,6.582453e-07,0.025572,7.302065e-07,2.755128e-01,479,1,0,1,1,1,
005_tomato_soup_can,s0_complete_v3b_005_tomato_soup_can_t13,complete_only,24,0.861521,0.019160,9.149273e-07,2.135462e-06,647,0.012773,6.647113e-07,0.025547,1.051956e-06,3.682662e-01,531,1,0,1,1,1,
005_tomato_soup_can,s0_complete_v3b_005_tomato_soup_can_t14,complete_only,5,0.899499,0.019230,8.940637e-07,1.436172e-06,616,0.012820,7.213256e-07,0.025639,9.381683e-07,2.369236e-01,426,1,0,1,1,1,
005_tomato_soup_can,s0_complete_v3b_005_tomato_soup_can_t15,complete_only,13,0.875841,0.019116,1.128016e-06,1.949028e-06,591,0.012744,9.641331e-07,0.025488,1.291091e-06,4.930976e-01,666,1,0,1,1,1,
005_tomato_soup_can,s0_complete_v3b_005_tomato_soup_can_t16,complete_only,17,0.873218,0.019251,9.218169e-07,1.314316e-06,650,0.012834,1.111517e-06,0.025668,9.045595e-07,2.798855e-01,488,1,0,1,1,1,
005_tomato_soup_can,s0_complete_v3b_005_tomato_soup_can_t17,complete_only,12,0.880935,0.019171,7.322221e-07,1.379230e-06,596,0.012781,7.032190e-07,0.025562,7.929742e-07,1.973278e-01,409,1,0,1,1,1,
005_tomato_soup_can,s0_complete_v3b_005_tomato_soup_can_t18,complete_only,5,0.898609,0.019107,6.831696e-07,1.355292e-06,624,0.012738,6.592588e-07,0.025476,7.403885e-07,2.471076e-01,466,1,0,1,1,0,
005_tomato_soup_can,s0_complete_v3b_005_tomato_soup_can_t19,complete_only,14,0.879859,0.019191,9.531037e-07,1.777753e-06,797,0.012794,1.139345e-06,0.025587,8.921982e-07,2.561175e-01,472,1,0,1,1,1,
005_tomato_soup_can,s0_complete_v3b_005_tomato_soup_can_t20,complete_only,20,0.878624,0.019247,8.456899e-07,1.464499e-06,605,0.012831,6.884748e-07,0.025663,1.058453e-06,3.711215e-01,539,1,0,1,1,1,
005_tomato_soup_can,s0_complete_v3b_005_tomato_soup_can_t21,complete_only,14,0.877883,0.018949,9.380543e-07,2.161406e-06,475,0.012633,1.116552e-06,0.025265,9.866333e-07,2.110090e-01,383,1,0,1,1,1,
005_tomato_soup_can,s0_complete_v3b_005_tomato_soup_can_t22,complete_only,4,0.880559,0.019114,1.207072e-06,1.395466e-06,637,0.012743,1.209711e-06,0.025485,1.107746e-06,3.784282e-01,567,1,0,1,1,1,
005_tomato_soup_can,s0_complete_v3b_005_tomato_soup_can_t23,complete_only,14,0.875500,0.019274,9.920121e-07,1.721047e-06,737,0.012849,8.770088e-07,0.025698,1.014514e-06,3.019889e-01,474,1,0,1,1,1,
005_tomato_soup_can,s0_complete_v3b_005_tomato_soup_can_t24,complete_only,25,0.867446,0.019093,9.644877e-07,1.664067e-06,485,0.012729,1.174440e-06,0.025458,8.903184e-07,1.816709e-01,387,1,0,1,1,1,
005_tomato_soup_can,s0_complete_v3b_005_tomato_soup_can_t25,complete_only,22,0.870508,0.019136,9.163314e-07,1.512004e-06,756,0.012757,1.164314e-06,0.025514,1.258930e-06,3.374500e-01,515,1,0,1,1,1,
005_tomato_soup_can,s0_complete_v3b_005_tomato_soup_can_t26,complete_only,1,0.887180,0.019129,9.603693e-07,1.413344e-06,578,0.012753,7.185963e-07,0.025505,1.076394e-06,3.069349e-01,486,1,0,1,1,0,
005_tomato_soup_can,s0_complete_v3b_005_tomato_soup_can_t27,complete_only,5,0.894301,0.019257,8.723893e-07,1.674127e-06,364,0.012838,6.862138e-07,0.025676,9.541880e-07,2.493847e-01,411,1,0,1,1,1,
005_tomato_soup_can,s0_complete_v3b_005_tomato_soup_can_t28,complete_only,22,0.863936,0.019058,1.757273e-06,1.574292e-06,763,0.012705,1.002335e-06,0.025410,1.848296e-06,3.330006e-01,441,1,0,1,1,1,
005_tomato_soup_can,s0_complete_v3b_005_tomato_soup_can_t29,complete_only,12,0.870132,0.019036,1.233480e-06,1.439953e-06,633,0.012691,1.237033e-06,0.025382,1.190139e-06,4.432845e-01,601,1,0,1,1,1,
005_tomato_soup_can,s0_complete_v3b_005_tomato_soup_can_t30,complete_only,25,0.863444,0.019067,9.707153e-07,1.494258e-06,755,0.012712,1.074629e-06,0.025423,9.867238e-07,3.116023e-01,479,1,0,1,1,1,
005_tomato_soup_can,s0_complete_v3b_005_tomato_soup_can_t31,complete_only,9,0.879553,0.019160,8.812919e-07,1.517086e-06,665,0.012774,6.504737e-07,0.025547,9.941405e-07,2.845245e-01,451,1,0,1,1,1,
005_tomato_soup_can,s0_complete_v3b_005_tomato_soup_can_t32,complete_only,19,0.875908,0.019097,1.179446e-06,1.433454e-06,623,0.012731,1.179635e-06,0.025462,1.164696e-06,4.974991e-01,655,1,0,1,1,1,
005_tomato_soup_can,s0_complete_v3b_005_tomato_soup_can_t33,complete_only,5,0.887905,0.019117,1.131079e-06,1.512950e-06,557,0.012745,8.818144e-07,0.025489,1.308819e-06,4.141628e-01,532,1,0,1,1,0,
005_tomato_soup_can,s0_complete_v3b_005_tomato_soup_can_t34,complete_only,7,0.883237,0.019104,9.423456e-07,1.305555e-06,575,0.012736,6.355290e-07,0.025472,1.001187e-06,2.757719e-01,442,1,0,1,1,1,
005_tomato_soup_can,s0_complete_v3b_005_tomato_soup_can_t35,complete_only,13,0.872083,0.019123,8.971250e-07,1.605739e-06,650,0.012748,8.153276e-07,0.025497,9.370177e-07,2.397004e-01,386,1,0,1,1,1,
005_tomato_soup_can,s0_complete_v3b_005_tomato_soup_can_t36,complete_only,5,0.896893,0.019265,9.562349e-07,1.631301e-06,282,0.012844,6.781829e-07,0.025687,1.078929e-06,2.499112e-01,403,1,0,1,1,0,
005_tomato_soup_can,s0_complete_v3b_005_tomato_soup_can_t37,complete_only,19,0.879828,0.018777,7.566314e-07,1.446908e-06,671,0.012518,7.108279e-07,0.025036,8.340216e-07,3.060661e-01,498,1,0,1,1,1,
005_tomato_soup_can,s0_complete_v3b_005_tomato_soup_can_t38,complete_only,17,0.880597,0.018888,8.963793e-07,1.691967e-06,498,0.012592,1.036266e-06,0.025184,8.328132e-07,2.304393e-01,477,1,0,1,1,1,
005_tomato_soup_can,s0_complete_v3b_005_tomato_soup_can_t39,complete_only,20,0.871690,0.019158,1.213486e-06,1.353990e-06,729,0.012772,1.231735e-06,0.025544,1.208593e-06,5.252612e-01,715,1,0,1,1,1,
005_tomato_soup_can,s0_complete_v3b_005_tomato_soup_can_t40,complete_only,27,0.874330,0.019009,1.236722e-06,2.655127e-06,576,0.012673,1.076636e-06,0.025345,1.365302e-06,4.983279e-01,676,1,0,1,1,1,
005_tomato_soup_can,s0_complete_v3b_005_tomato_soup_can_t41,complete_only,26,0.862294,0.019294,1.219569e-06,1.730122e-06,675,0.012863,1.270846e-06,0.025725,1.224348e-06,3.834680e-01,512,1,0,1,1,1,
005_tomato_soup_can,s0_complete_v3b_005_tomato_soup_can_t42,complete_only,9,0.889290,0.019011,9.159987e-07,1.403699e-06,579,0.012674,8.681062e-07,0.025348,8.996178e-07,3.058874e-01,495,1,0,1,1,1,
005_tomato_soup_can,s0_complete_v3b_005_tomato_soup_can_t43,complete_only,11,0.885010,0.018973,9.990753e-07,1.319187e-06,495,0.012649,9.839802e-07,0.025297,9.535900e-07,2.978783e-01,487,1,0,1,1,1,
005_tomato_soup_can,s0_complete_v3b_005_tomato_soup_can_t44,complete_only,11,0.877145,0.018954,8.975219e-07,1.330128e-06,743,0.012636,1.038181e-06,0.025272,9.147384e-07,2.527506e-01,432,1,0,1,1,1,
005_tomato_soup_can,s0_complete_v3b_005_tomato_soup_can_t45,complete_only,23,0.874979,0.019029,8.986418e-07,1.635635e-06,560,0.012686,7.846095e-07,0.025372,9.888698e-07,3.290693e-01,501,1,0,1,1,1,
005_tomato_soup_can,s0_complete_v3b_005_tomato_soup_can_t46,complete_only,20,0.871148,0.018995,8.943472e-07,2.349404e-06,417,0.012664,6.096253e-07,0.025327,9.187375e-07,2.029948e-01,375,1,0,1,1,0,
005_tomato_soup_can,s0_complete_v3b_005_tomato_soup_can_t47,complete_only,9,0.876541,0.019124,9.417571e-07,1.820512e-06,596,0.012749,8.043589e-07,0.025499,9.742383e-07,3.638242e-01,552,1,0,1,1,1,
005_tomato_soup_can,s0_complete_v3b_005_tomato_soup_can_t48,complete_only,13,0.871825,0.019053,1.153245e-06,2.626478e-06,615,0.012702,1.148935e-06,0.025404,1.199178e-06,5.247394e-01,722,1,0,1,1,1,
005_tomato_soup_can,s0_complete_v3b_005_tomato_soup_can_t49,complete_only,7,0.879878,0.019204,8.365816e-07,1.439432e-06,368,0.012802,7.610728e-07,0.025605,8.350961e-07,2.575008e-01,425,1,0,1,1,1,
035_power_drill,s0_complete_v3b_035_power_drill_t0,complete_only,0,0.957619,0.035742,3.676770e-06,1.306997e-05,1338,0.023828,3.677217e-06,0.047656,4.216870e-06,1.372937e-01,158,1,0,1,1,1,
035_power_drill,s0_complete_v3b_035_power_drill_t1,complete_only,179,0.912531,0.045422,6.179021e-04,4.582223e-03,1144,0.030281,1.510299e-03,0.060562,7.377338e-04,2.342131e+00,220,1,0,1,1,0,
035_power_drill,s0_complete_v3b_035_power_drill_t2,complete_only,3,0.952838,0.037614,3.868257e-04,1.900068e-03,727,0.025076,5.567849e-04,0.050152,2.588090e-04,2.824979e-01,161,1,0,1,1,1,
035_power_drill,s0_complete_v3b_035_power_drill_t3,complete_only,0,0.941878,0.034575,3.581562e-06,6.767569e-06,1028,0.023050,2.458831e-06,0.046100,7.201444e-06,0.000000e+00,71,1,0,1,1,0,
035_power_drill,s0_complete_v3b_035_power_drill_t4,complete_only,0,0.953472,0.032720,2.578186e-04,6.735412e-04,611,0.021814,3.977301e-04,0.043627,1.038201e-04,2.305684e+00,302,1,0,1,1,0,
035_power_drill,s0_complete_v3b_035_power_drill_t5,complete_only,0,0.961770,0.042838,1.918585e-05,7.665412e-05,1256,0.028559,1.637885e-05,0.057118,2.385289e-05,0.000000e+00,115,1,0,1,1,0,
035_power_drill,s0_complete_v3b_035_power_drill_t6,complete_only,0,0.965492,0.037598,2.133644e-05,7.470003e-05,2449,0.025065,4.053876e-05,0.050130,2.491130e-05,2.247132e-01,170,1,0,1,1,1,
035_power_drill,s0_complete_v3b_035_power_drill_t8,complete_only,77,0.912048,0.045355,1.083184e-05,3.172131e-05,2105,0.030237,8.616283e-06,0.060473,1.143887e-05,1.613423e-01,165,1,0,1,1,1,
035_power_drill,s0_complete_v3b_035_power_drill_t9,complete_only,0,0.965210,0.037922,3.272362e-06,9.023711e-06,1397,0.025281,3.890687e-06,0.050563,3.420483e-06,2.450948e-01,198,1,0,1,1,0,
035_power_drill,s0_complete_v3b_035_power_drill_t10,complete_only,0,0.957062,0.037391,3.212232e-06,8.178645e-06,1822,0.024927,2.706152e-06,0.049854,2.661631e-06,4.013924e-01,269,1,0,1,1,0,
035_power_drill,s0_complete_v3b_035_power_drill_t11,complete_only,27,0.945172,0.041978,2.963491e-04,1.146567e-03,1197,0.027985,3.655903e-04,0.055971,2.089302e-04,7.083596e-01,124,1,0,1,1,0,
035_power_drill,s0_complete_v3b_035_power_drill_t12,complete_only,44,0.950338,0.039685,2.646533e-05,5.087646e-05,812,0.026456,1.778205e-05,0.052913,3.551168e-05,0.000000e+00,78,1,0,1,1,1,
035_power_drill,s0_complete_v3b_035_power_drill_t13,complete_only,10,0.932834,0.043151,7.360273e-06,2.875760e-05,1963,0.028767,6.194607e-06,0.057534,3.919700e-05,3.914359e-01,289,1,0,1,1,0,
035_power_drill,s0_complete_v3b_035_power_drill_t14,complete_only,1,0.945888,0.037794,3.343189e-04,9.171843e-04,1115,0.025196,4.146725e-04,0.050393,1.904803e-04,3.602432e-01,96,1,0,1,1,0,
035_power_drill,s0_complete_v3b_035_power_drill_t15,complete_only,8,0.940305,0.037372,2.418999e-04,7.530433e-04,766,0.024915,6.000837e-04,0.049830,6.691596e-05,3.629044e-01,105,1,0,1,1,0,
035_power_drill,s0_complete_v3b_035_power_drill_t16,complete_only,0,0.963250,0.037688,3.351462e-06,8.341303e-06,1642,0.025125,3.459325e-06,0.050250,4.148104e-06,4.861038e-01,273,1,0,1,1,1,
035_power_drill,s0_complete_v3b_035_power_drill_t18,complete_only,1,0.949386,0.038834,2.283256e-05,1.016168e-04,1165,0.025889,3.113738e-05,0.051779,2.640322e-05,2.943951e-01,155,1,0,1,1,1,
035_power_drill,s0_complete_v3b_035_power_drill_t19,complete_only,0,0.958135,0.036442,3.896517e-06,9.409927e-06,1572,0.024294,4.489849e-06,0.048589,3.782251e-06,4.159608e-01,263,1,0,1,1,1,
035_power_drill,s0_complete_v3b_035_power_drill_t20,complete_only,47,0.972808,0.041197,3.442824e-04,2.514999e-03,1307,0.027465,3.886420e-04,0.054929,4.965749e-04,7.362109e-01,235,1,0,1,1,0,
035_power_drill,s0_complete_v3b_035_power_drill_t21,complete_only,0,0.952197,0.038164,1.076644e-05,7.290938e-05,941,0.025442,1.841449e-05,0.050885,8.491761e-06,0.000000e+00,72,1,0,1,1,1,
035_power_drill,s0_complete_v3b_035_power_drill_t22,complete_only,11,0.918707,0.043287,9.312660e-05,4.330006e-04,1491,0.028858,1.416822e-04,0.057716,5.502795e-05,1.052561e-01,80,1,0,1,1,0,
035_power_drill,s0_complete_v3b_035_power_drill_t23,complete_only,3,0.934679,0.036319,2.562821e-04,1.470078e-03,974,0.024212,4.056779e-04,0.048425,2.248583e-04,3.588524e-01,196,1,0,1,1,0,
035_power_drill,s0_complete_v3b_035_power_drill_t24,complete_only,0,0.950847,0.041718,2.369194e-05,6.267772e-06,993,0.027812,1.995617e-06,0.055624,1.398990e-05,0.000000e+00,68,1,0,1,1,1,
035_power_drill,s0_complete_v3b_035_power_drill_t26,complete_only,0,0.947385,0.037197,4.381800e-06,1.382373e-05,2254,0.024798,3.266599e-06,0.049597,7.423813e-06,4.808524e-01,325,1,0,1,1,1,
035_power_drill,s0_complete_v3b_035_power_drill_t27,complete_only,0,0.964703,0.043094,3.733025e-06,1.124649e-05,2312,0.028729,4.039139e-06,0.057459,5.805197e-06,1.198129e-01,158,1,0,1,1,0,
035_power_drill,s0_complete_v3b_035_power_drill_t28,complete_only,73,0.909968,0.044543,6.416671e-06,0.000000e+00,839,0.029695,0.000000e+00,0.059390,3.563244e-05,0.000000e+00,86,1,0,1,1,1,
035_power_drill,s0_complete_v3b_035_power_drill_t29,complete_only,4,0.918848,0.037150,4.283820e-05,8.450973e-05,1463,0.024766,1.234628e-03,0.049533,4.238785e-05,6.016353e-02,160,1,0,1,1,0,
035_power_drill,s0_complete_v3b_035_power_drill_t30,complete_only,1,0.944018,0.037475,1.547880e-04,4.644578e-04,952,0.024983,1.543653e-04,0.049967,8.921986e-05,7.412896e-01,240,1,0,1,1,1,
035_power_drill,s0_complete_v3b_035_power_drill_t31,complete_only,0,0.969138,0.036228,3.498250e-06,8.414766e-06,1509,0.024152,4.784873e-06,0.048303,4.292996e-06,2.300744e-01,211,1,0,1,1,1,
035_power_drill,s0_complete_v3b_035_power_drill_t32,complete_only,13,0.877061,0.073493,8.487223e-04,5.745173e-03,4839,0.048996,4.347850e-04,0.097991,1.313047e-03,1.381126e+00,464,1,0,1,1,0,
035_power_drill,s0_complete_v3b_035_power_drill_t33,complete_only,32,0.909617,0.045771,1.817142e-05,2.157660e-04,929,0.030514,6.731444e-06,0.061028,3.020489e-05,0.000000e+00,73,1,0,1,1,0,
035_power_drill,s0_complete_v3b_035_power_drill_t34,complete_only,0,0.945076,0.035817,1.412436e-05,5.322288e-05,863,0.023878,2.103863e-05,0.047756,1.094626e-05,1.844582e-01,86,1,0,1,1,0,
035_power_drill,s0_complete_v3b_035_power_drill_t35,complete_only,0,0.960584,0.036286,4.569211e-06,1.769827e-05,1470,0.024191,2.852790e-06,0.048382,4.624274e-06,2.516144e-01,206,1,0,1,1,1,
035_power_drill,s0_complete_v3b_035_power_drill_t37,complete_only,0,0.948287,0.037165,5.834208e-04,1.638450e-03,643,0.024776,6.371456e-04,0.049553,3.805823e-04,1.373877e+00,144,1,0,1,1,0,
035_power_drill,s0_complete_v3b_035_power_drill_t38,complete_only,33,0.930334,0.040040,1.022888e-04,3.404764e-04,1171,0.026694,1.339215e-04,0.053387,6.786094e-05,6.539147e-01,161,1,0,1,1,1,
035_power_drill,s0_complete_v3b_035_power_drill_t39,complete_only,1,0.941225,0.035251,3.761950e-04,1.115162e-03,622,0.023501,8.035035e-04,0.047001,1.325394e-04,7.961046e-02,94,1,0,1,1,1,
035_power_drill,s0_complete_v3b_035_power_drill_t40,complete_only,0,0.959303,0.037851,2.896268e-06,1.082051e-05,943,0.025234,3.753637e-06,0.050468,3.651975e-06,0.000000e+00,93,1,0,1,1,1,
035_power_drill,s0_complete_v3b_035_power_drill_t42,complete_only,0,0.970787,0.049116,5.081093e-05,2.501505e-04,1891,0.032744,4.389421e-05,0.065488,6.033840e-05,9.821513e-02,127,1,0,1,1,0,
035_power_drill,s0_complete_v3b_035_power_drill_t43,complete_only,48,0.908761,0.041837,1.436114e-06,9.112305e-06,825,0.027891,0.000000e+00,0.055782,7.549202e-06,0.000000e+00,78,1,0,1,1,1,
035_power_drill,s0_complete_v3b_035_power_drill_t44,complete_only,0,0.953766,0.037293,4.739523e-04,3.391237e-03,999,0.024862,7.233814e-04,0.049724,4.632457e-04,4.049728e-01,183,1,0,1,1,1,
035_power_drill,s0_complete_v3b_035_power_drill_t45,complete_only,126,0.923991,0.043603,1.356168e-07,0.000000e+00,803,0.029068,0.000000e+00,0.058137,2.608814e-06,0.000000e+00,184,1,0,1,1,0,
035_power_drill,s0_complete_v3b_035_power_drill_t46,complete_only,0,0.939831,0.038501,4.080435e-06,2.533475e-05,760,0.025667,7.693190e-06,0.051334,5.636590e-06,1.846489e-01,181,1,0,1,1,1,
035_power_drill,s0_complete_v3b_035_power_drill_t47,complete_only,651,0.876650,0.020501,7.137496e-05,1.544801e-04,1636,0.013667,7.578933e-05,0.027334,6.160537e-05,3.378112e+00,1332,1,0,1,1,0,
035_power_drill,s0_complete_v3b_035_power_drill_t48,complete_only,0,0.935009,0.037337,5.534625e-06,1.208266e-05,972,0.024891,4.920865e-06,0.049782,9.882932e-06,1.693991e-01,158,1,0,1,1,0,
008_pudding_box,s0_complete_v3b_008_pudding_box_t0,complete_only,3,0.919523,0.022967,2.084898e-04,1.356219e-03,595,0.015311,7.736305e-05,0.030623,1.778015e-04,1.333985e+00,512,1,0,1,1,1,
008_pudding_box,s0_complete_v3b_008_pudding_box_t1,complete_only,7,0.953623,0.022389,1.810162e-04,1.248653e-03,462,0.014926,9.680459e-04,0.029852,6.283119e-05,4.520639e-01,368,1,0,1,1,1,
008_pudding_box,s0_complete_v3b_008_pudding_box_t2,complete_only,414,0.844915,0.024084,4.740650e-06,1.400774e-05,1506,0.016056,4.305104e-06,0.032113,5.312617e-06,7.495672e-01,642,1,0,1,1,0,
008_pudding_box,s0_complete_v3b_008_pudding_box_t3,complete_only,1,0.958440,0.022363,3.019269e-04,1.921336e-03,695,0.014908,6.138809e-04,0.029817,2.128341e-04,2.082123e+00,600,1,0,1,1,1,
008_pudding_box,s0_complete_v3b_008_pudding_box_t4,complete_only,347,0.862368,0.023885,6.835271e-05,8.426536e-05,721,0.015924,1.314359e-04,0.031847,7.660679e-05,7.860229e-01,431,1,0,1,1,1,
008_pudding_box,s0_complete_v3b_008_pudding_box_t5,complete_only,478,0.862207,0.023915,2.386468e-05,1.285607e-04,832,0.015943,2.404781e-05,0.031886,2.885399e-05,6.917470e-01,419,1,0,1,1,1,
008_pudding_box,s0_complete_v3b_008_pudding_box_t6,complete_only,596,0.796235,0.021948,4.635811e-06,1.372218e-05,632,0.014632,5.605270e-06,0.029264,4.103880e-06,4.441839e-01,458,1,0,1,1,0,
008_pudding_box,s0_complete_v3b_008_pudding_box_t7,complete_only,0,0.972489,0.024049,1.623209e-06,6.755945e-06,1104,0.016033,1.401140e-06,0.032066,2.643603e-06,3.648015e-01,688,1,0,1,1,0,
008_pudding_box,s0_complete_v3b_008_pudding_box_t8,complete_only,15,0.960140,0.021830,1.890991e-05,3.424945e-05,657,0.014553,6.796451e-06,0.029107,1.844797e-05,5.016461e-01,395,1,0,1,1,1,
008_pudding_box,s0_complete_v3b_008_pudding_box_t9,complete_only,628,0.755221,0.022625,2.374500e-06,7.916179e-06,667,0.015083,2.631288e-06,0.030167,2.326549e-06,3.874219e-01,444,1,0,1,1,1,
008_pudding_box,s0_complete_v3b_008_pudding_box_t10,complete_only,302,0.852133,0.024349,3.691420e-05,1.780090e-04,856,0.016233,5.156854e-05,0.032465,4.456811e-05,7.264934e-01,569,1,0,1,1,1,
008_pudding_box,s0_complete_v3b_008_pudding_box_t11,complete_only,530,0.840124,0.024695,3.181674e-05,1.386696e-04,842,0.016463,2.481053e-05,0.032926,3.883492e-05,8.501060e-01,373,1,0,1,1,1,
008_pudding_box,s0_complete_v3b_008_pudding_box_t12,complete_only,344,0.871067,0.023004,3.084956e-06,9.026849e-06,602,0.015336,3.778712e-06,0.030672,3.100745e-06,4.333233e-01,458,1,0,1,1,1,
008_pudding_box,s0_complete_v3b_008_pudding_box_t13,complete_only,64,0.896579,0.022647,8.926169e-06,2.814594e-05,515,0.015098,1.387707e-05,0.030197,1.187455e-05,3.253966e-01,278,1,0,1,1,1,
008_pudding_box,s0_complete_v3b_008_pudding_box_t14,complete_only,413,0.832938,0.024629,3.018029e-05,1.542246e-04,862,0.016420,2.755113e-05,0.032839,3.996963e-05,6.816124e-01,392,1,0,1,1,1,
008_pudding_box,s0_complete_v3b_008_pudding_box_t15,complete_only,64,0.945350,0.023915,1.174840e-04,5.401611e-04,968,0.015943,1.802689e-04,0.031886,1.182216e-04,1.213233e+00,438,1,0,1,1,1,
008_pudding_box,s0_complete_v3b_008_pudding_box_t16,complete_only,638,0.771582,0.022683,3.483538e-06,8.110231e-06,860,0.015122,4.578330e-06,0.030243,2.902379e-06,6.094673e-01,566,1,0,1,1,1,
008_pudding_box,s0_complete_v3b_008_pudding_box_t17,complete_only,36,0.951162,0.023350,1.242124e-06,2.616632e-06,845,0.015567,1.349624e-06,0.031134,1.050886e-06,1.741929e-01,306,1,0,1,1,1,
008_pudding_box,s0_complete_v3b_008_pudding_box_t18,complete_only,25,0.920362,0.023625,2.621437e-06,4.814151e-06,1006,0.015750,2.519800e-06,0.031500,2.220089e-06,3.314188e-01,395,1,0,1,1,1,
008_pudding_box,s0_complete_v3b_008_pudding_box_t19,complete_only,1,0.933531,0.022668,3.722119e-06,8.234995e-06,677,0.015112,4.836027e-06,0.030224,3.377216e-06,4.868658e-01,448,1,0,1,1,1,
008_pudding_box,s0_complete_v3b_008_pudding_box_t20,complete_only,240,0.827657,0.022313,7.314561e-06,1.950186e-05,438,0.014875,1.025464e-05,0.029751,5.625511e-06,3.454998e-01,346,1,0,1,1,1,
008_pudding_box,s0_complete_v3b_008_pudding_box_t21,complete_only,0,0.958129,0.023262,3.947957e-06,3.152996e-06,904,0.015508,3.579193e-06,0.031016,3.595809e-06,3.323629e-01,472,1,0,1,1,1,
008_pudding_box,s0_complete_v3b_008_pudding_box_t22,complete_only,222,0.835734,0.022001,1.171642e-04,5.427640e-04,724,0.014667,1.538747e-04,0.029335,7.864806e-05,1.062316e+00,493,1,0,1,1,1,
008_pudding_box,s0_complete_v3b_008_pudding_box_t23,complete_only,825,0.805797,0.023987,5.573363e-05,3.740617e-04,637,0.015991,5.757872e-05,0.031983,6.678803e-05,1.293532e+00,447,1,0,1,1,1,
008_pudding_box,s0_complete_v3b_008_pudding_box_t24,complete_only,13,0.967903,0.022762,1.080867e-06,3.235226e-06,813,0.015174,1.152466e-06,0.030349,1.101783e-06,1.693240e-01,324,1,0,1,1,1,
008_pudding_box,s0_complete_v3b_008_pudding_box_t25,complete_only,4,0.955956,0.023702,8.411130e-07,1.792850e-06,969,0.015802,8.846706e-07,0.031603,2.688366e-06,2.608205e-01,427,1,0,1,1,1,
008_pudding_box,s0_complete_v3b_008_pudding_box_t26,complete_only,560,0.852497,0.024505,4.285458e-06,1.737872e-05,1472,0.016337,5.537075e-06,0.032673,4.448442e-06,1.048911e+00,886,1,0,1,1,1,
008_pudding_box,s0_complete_v3b_008_pudding_box_t27,complete_only,639,0.824246,0.024410,4.607897e-05,3.616541e-04,786,0.016273,4.062477e-05,0.032547,4.783617e-05,1.250718e+00,480,1,0,1,1,1,
008_pudding_box,s0_complete_v3b_008_pudding_box_t28,complete_only,0,0.924745,0.022765,4.695687e-05,2.379656e-04,540,0.015177,6.596658e-05,0.030354,3.436141e-05,6.532724e-01,359,1,0,1,1,1,
008_pudding_box,s0_complete_v3b_008_pudding_box_t29,complete_only,18,0.953793,0.022100,2.052805e-06,4.444824e-06,963,0.014733,2.002109e-06,0.029466,2.046584e-06,6.058288e-01,658,1,0,1,1,1,
008_pudding_box,s0_complete_v3b_008_pudding_box_t30,complete_only,118,0.929272,0.023936,1.701406e-04,5.873715e-04,907,0.015957,3.178908e-04,0.031915,8.321161e-05,1.229974e+00,637,1,0,1,1,1,
008_pudding_box,s0_complete_v3b_008_pudding_box_t31,complete_only,12,0.933772,0.022301,2.628983e-05,9.445302e-06,720,0.014867,2.957763e-05,0.029735,2.296022e-05,8.211206e-01,492,1,0,1,1,1,
008_pudding_box,s0_complete_v3b_008_pudding_box_t32,complete_only,375,0.876661,0.024471,2.025933e-04,8.233248e-04,908,0.016314,2.625495e-04,0.032628,1.460477e-04,9.087243e-01,537,1,0,1,1,0,
008_pudding_box,s0_complete_v3b_008_pudding_box_t33,complete_only,0,0.961065,0.022458,1.018450e-03,4.100524e-03,413,0.014972,1.938991e-03,0.029944,2.623763e-04,6.453352e-01,501,1,0,1,1,1,
008_pudding_box,s0_complete_v3b_008_pudding_box_t34,complete_only,1,0.959968,0.024601,3.877279e-05,1.505762e-04,1412,0.016401,3.632457e-05,0.032802,3.785277e-05,1.229818e+00,762,1,0,1,1,0,
008_pudding_box,s0_complete_v3b_008_pudding_box_t35,complete_only,412,0.756116,0.022299,1.113123e-05,2.331775e-05,464,0.014866,1.175937e-05,0.029732,1.491340e-05,5.257965e-01,431,1,0,1,1,1,
008_pudding_box,s0_complete_v3b_008_pudding_box_t36,complete_only,34,0.913276,0.022997,1.111365e-05,1.173250e-05,994,0.015331,1.019629e-05,0.030662,1.691482e-05,7.372097e-01,504,1,0,1,1,1,
008_pudding_box,s0_complete_v3b_008_pudding_box_t37,complete_only,587,0.891857,0.023213,7.987895e-06,4.226444e-06,752,0.015475,1.924464e-05,0.030951,5.822772e-06,3.876451e-01,429,1,0,1,1,1,
008_pudding_box,s0_complete_v3b_008_pudding_box_t38,complete_only,23,0.946771,0.023344,1.647297e-05,6.528376e-05,898,0.015562,2.577831e-05,0.031125,1.437571e-05,8.206251e-01,548,1,0,1,1,1,
008_pudding_box,s0_complete_v3b_008_pudding_box_t39,complete_only,2,0.975088,0.022608,7.668638e-05,4.659998e-04,696,0.015072,1.220848e-04,0.030145,7.494170e-05,6.002376e-01,334,1,0,1,1,1,
008_pudding_box,s0_complete_v3b_008_pudding_box_t40,complete_only,32,0.930879,0.023588,1.011892e-04,4.872970e-04,450,0.015725,3.487541e-04,0.031451,5.066785e-05,5.794514e-01,495,1,0,1,1,1,
008_pudding_box,s0_complete_v3b_008_pudding_box_t41,complete_only,113,0.909911,0.023061,2.654375e-05,1.235763e-04,677,0.015374,2.121754e-05,0.030748,7.492415e-05,6.838897e-01,367,1,0,1,1,1,
008_pudding_box,s0_complete_v3b_008_pudding_box_t42,complete_only,0,0.972419,0.022180,5.702021e-04,2.852383e-03,496,0.014786,8.639952e-04,0.029573,2.305280e-04,7.309992e-01,476,1,0,1,1,1,
008_pudding_box,s0_complete_v3b_008_pudding_box_t43,complete_only,243,0.870135,0.022088,2.428293e-05,8.362889e-05,535,0.014725,2.857965e-05,0.029450,2.377629e-05,4.605170e-01,353,1,0,1,1,1,
008_pudding_box,s0_complete_v3b_008_pudding_box_t44,complete_only,345,0.860297,0.024238,3.068508e-05,1.252707e-04,775,0.016158,3.169891e-05,0.032317,3.369258e-05,8.758884e-01,413,1,0,1,1,1,
008_pudding_box,s0_complete_v3b_008_pudding_box_t45,complete_only,0,0.985555,0.023667,7.599399e-05,1.402435e-05,674,0.015778,6.216284e-04,0.031556,3.229717e-05,4.463162e-01,392,1,0,1,1,1,
008_pudding_box,s0_complete_v3b_008_pudding_box_t46,complete_only,31,0.931860,0.023006,1.152887e-06,3.483269e-06,989,0.015338,1.360746e-06,0.030675,1.095930e-06,3.605509e-01,502,1,0,1,1,1,
008_pudding_box,s0_complete_v3b_008_pudding_box_t47,complete_only,1,0.964805,0.022124,1.745739e-05,8.960021e-05,572,0.014749,1.951433e-05,0.029498,1.915798e-05,1.301037e+00,670,1,0,1,1,1,
008_pudding_box,s0_complete_v3b_008_pudding_box_t48,complete_only,393,0.851863,0.024213,2.312148e-05,1.067544e-04,608,0.016142,2.330673e-05,0.032285,2.801931e-05,9.770753e-01,440,1,0,1,1,1,
008_pudding_box,s0_complete_v3b_008_pudding_box_t49,complete_only,0,0.953876,0.023799,3.260021e-04,2.631340e-03,749,0.015866,5.620610e-04,0.031732,2.190025e-04,8.613899e-01,458,1,0,1,1,1,
006_mustard_bottle,s0_complete_v3b_006_mustard_bottle_t0,complete_only,9,0.791909,0.032716,1.051619e-04,2.271035e-04,908,0.021811,1.188256e-04,0.043621,7.566755e-05,5.280472e-01,113,1,0,1,1,1,
006_mustard_bottle,s0_complete_v3b_006_mustard_bottle_t1,complete_only,160,0.735666,0.031622,1.192654e-05,4.562530e-05,1386,0.021082,1.222054e-05,0.042163,1.199982e-05,6.530906e-01,566,1,0,1,1,1,
006_mustard_bottle,s0_complete_v3b_006_mustard_bottle_t2,complete_only,815,0.799302,0.038849,3.532085e-06,9.614708e-06,1968,0.025899,2.210195e-06,0.051799,4.136295e-06,2.778360e-03,123,1,0,1,1,1,
006_mustard_bottle,s0_complete_v3b_006_mustard_bottle_t3,complete_only,3,0.807543,0.032586,9.049503e-05,2.022370e-04,956,0.021724,1.144068e-04,0.043448,6.228299e-05,6.974729e-01,268,1,0,1,1,1,
006_mustard_bottle,s0_complete_v3b_006_mustard_bottle_t4,complete_only,82,0.811435,0.034779,3.868318e-06,9.451704e-06,1035,0.023186,4.062823e-06,0.046372,3.828835e-06,2.197306e-02,154,1,0,1,1,1,
006_mustard_bottle,s0_complete_v3b_006_mustard_bottle_t6,complete_only,5,0.860701,0.031899,5.607078e-05,2.021772e-04,1050,0.021266,8.554910e-05,0.042532,4.928735e-05,9.644025e-01,505,1,0,1,1,1,
006_mustard_bottle,s0_complete_v3b_006_mustard_bottle_t7,complete_only,17,0.959310,0.032062,1.541961e-06,3.070439e-06,1614,0.021375,1.593269e-06,0.042750,1.479462e-06,2.922280e-01,432,1,0,1,1,0,
006_mustard_bottle,s0_complete_v3b_006_mustard_bottle_t8,complete_only,218,0.815642,0.033157,1.100042e-05,3.553120e-05,1124,0.022104,1.259232e-05,0.044209,8.807765e-06,3.584776e-01,225,1,0,1,1,1,
006_mustard_bottle,s0_complete_v3b_006_mustard_bottle_t9,complete_only,10,0.839538,0.030078,4.782263e-05,2.393536e-04,1039,0.020052,6.479471e-05,0.040104,4.094701e-05,9.999088e-01,553,1,0,1,1,0,
006_mustard_bottle,s0_complete_v3b_006_mustard_bottle_t10,complete_only,820,0.610979,0.034042,1.583009e-05,4.602160e-05,1047,0.022695,1.496094e-05,0.045389,1.470307e-05,2.584303e-01,274,1,0,1,1,0,
006_mustard_bottle,s0_complete_v3b_006_mustard_bottle_t11,complete_only,45,0.818813,0.034083,5.666153e-05,9.434805e-05,758,0.022722,5.672894e-05,0.045444,5.138730e-05,5.152083e-01,172,1,0,1,1,0,
006_mustard_bottle,s0_complete_v3b_006_mustard_bottle_t12,complete_only,10,0.859367,0.031964,2.288989e-05,6.193056e-05,1097,0.021309,2.485052e-05,0.042619,2.102835e-05,7.937477e-01,497,1,0,1,1,1,
006_mustard_bottle,s0_complete_v3b_006_mustard_bottle_t13,complete_only,2,0.884437,0.032623,6.527086e-05,2.361119e-04,863,0.021749,7.760501e-05,0.043498,5.162178e-05,6.512924e-01,189,1,0,1,1,1,
006_mustard_bottle,s0_complete_v3b_006_mustard_bottle_t14,complete_only,820,0.888144,0.017002,3.587939e-06,1.813530e-05,6782,0.011334,2.371819e-05,0.022669,2.119355e-06,4.327627e+00,4881,1,0,1,1,0,
006_mustard_bottle,s0_complete_v3b_006_mustard_bottle_t15,complete_only,635,0.773876,0.032887,3.975588e-06,6.694274e-06,1410,0.021925,3.784611e-06,0.043850,4.127790e-06,5.619754e-01,407,1,0,1,1,1,
006_mustard_bottle,s0_complete_v3b_006_mustard_bottle_t16,complete_only,7,0.868591,0.032012,2.015580e-05,7.580739e-05,1191,0.021341,2.081784e-05,0.042682,2.041745e-05,7.115185e-01,431,1,0,1,1,1,
006_mustard_bottle,s0_complete_v3b_006_mustard_bottle_t17,complete_only,143,0.912609,0.032447,1.917970e-06,3.465094e-06,1404,0.021632,1.982082e-06,0.043263,1.812624e-06,7.507416e-02,236,1,0,1,1,1,
006_mustard_bottle,s0_complete_v3b_006_mustard_bottle_t18,complete_only,149,0.806718,0.033599,4.401781e-06,7.904255e-06,1064,0.022399,4.607705e-06,0.044799,4.307807e-06,2.758806e-01,191,1,0,1,1,0,
006_mustard_bottle,s0_complete_v3b_006_mustard_bottle_t19,complete_only,212,0.773967,0.031841,1.006946e-05,3.288585e-05,1386,0.021227,1.044950e-05,0.042454,1.012229e-05,6.557101e-01,509,1,0,1,1,1,
006_mustard_bottle,s0_complete_v3b_006_mustard_bottle_t20,complete_only,20,0.850344,0.031573,5.319348e-05,2.124788e-04,1035,0.021048,4.668887e-05,0.042097,5.427138e-05,7.929616e-01,458,1,0,1,1,1,
006_mustard_bottle,s0_complete_v3b_006_mustard_bottle_t21,complete_only,92,0.916110,0.053687,4.411376e-04,1.965799e-03,2279,0.035791,3.259353e-04,0.071582,5.544609e-04,1.270351e+00,71,1,0,1,1,0,
006_mustard_bottle,s0_complete_v3b_006_mustard_bottle_t22,complete_only,36,0.858842,0.032300,2.108240e-04,5.493103e-04,831,0.021533,2.662964e-04,0.043067,1.251474e-04,8.710764e-01,250,1,0,1,1,1,
006_mustard_bottle,s0_complete_v3b_006_mustard_bottle_t23,complete_only,25,0.817852,0.033657,2.454499e-05,8.140843e-05,822,0.022438,2.865227e-05,0.044876,2.260794e-05,4.514354e-01,179,1,0,1,1,1,
006_mustard_bottle,s0_complete_v3b_006_mustard_bottle_t24,complete_only,151,0.923509,0.032069,1.754949e-06,3.574164e-06,1548,0.021380,1.789114e-06,0.042759,1.653217e-06,9.784046e-02,317,1,0,1,1,1,
006_mustard_bottle,s0_complete_v3b_006_mustard_bottle_t25,complete_only,65,0.901285,0.032083,1.725199e-06,3.330548e-06,1670,0.021388,1.705190e-06,0.042777,1.711201e-06,2.576771e-01,386,1,0,1,1,1,
006_mustard_bottle,s0_complete_v3b_006_mustard_bottle_t26,complete_only,28,0.835378,0.034141,4.394704e-05,1.389696e-04,850,0.022761,5.951845e-05,0.045521,3.318565e-05,3.928620e-01,308,1,0,1,1,1,
006_mustard_bottle,s0_complete_v3b_006_mustard_bottle_t27,complete_only,179,0.732069,0.034260,2.136140e-05,6.147606e-05,948,0.022840,2.211420e-05,0.045680,2.001882e-05,2.920294e-01,285,1,0,1,1,0,
006_mustard_bottle,s0_complete_v3b_006_mustard_bottle_t28,complete_only,4,0.836092,0.032638,1.464444e-04,2.654453e-04,841,0.021759,1.759031e-04,0.043518,9.044163e-05,8.576953e-01,259,1,0,1,1,1,
006_mustard_bottle,s0_complete_v3b_006_mustard_bottle_t29,complete_only,442,0.838326,0.032672,5.535088e-06,1.667270e-05,1176,0.021781,5.079544e-06,0.043563,5.501369e-06,5.471812e-01,342,1,0,1,1,0,
006_mustard_bottle,s0_complete_v3b_006_mustard_bottle_t30,complete_only,344,0.803934,0.032829,4.595373e-06,8.295690e-06,1364,0.021886,4.378059e-06,0.043772,4.675474e-06,6.872116e-01,469,1,0,1,1,1,
006_mustard_bottle,s0_complete_v3b_006_mustard_bottle_t31,complete_only,410,0.726748,0.031768,9.324021e-06,3.916326e-05,1375,0.021179,8.682645e-06,0.042358,9.411608e-06,6.411203e-01,505,1,0,1,1,1,
006_mustard_bottle,s0_complete_v3b_006_mustard_bottle_t32,complete_only,928,0.463417,0.033786,3.926211e-06,1.199204e-05,1213,0.022524,3.615056e-06,0.045048,4.004594e-06,2.039427e-01,288,1,0,1,1,0,
006_mustard_bottle,s0_complete_v3b_006_mustard_bottle_t33,complete_only,226,0.783510,0.032940,2.442132e-05,5.589489e-05,1091,0.021960,2.983396e-05,0.043920,1.871570e-05,3.038506e-01,155,1,0,1,1,1,
006_mustard_bottle,s0_complete_v3b_006_mustard_bottle_t34,complete_only,297,0.857743,0.032508,4.953757e-06,1.069524e-05,1190,0.021672,4.762860e-06,0.043344,4.625870e-06,4.481878e-01,308,1,0,1,1,0,
006_mustard_bottle,s0_complete_v3b_006_mustard_bottle_t35,complete_only,12,0.849750,0.032456,6.787789e-05,1.938832e-04,1059,0.021638,8.707838e-05,0.043275,5.267255e-05,9.014418e-01,288,1,0,1,1,1,
006_mustard_bottle,s0_complete_v3b_006_mustard_bottle_t36,complete_only,26,0.865699,0.031575,1.635833e-05,6.232660e-05,1386,0.021050,1.853801e-05,0.042100,1.585042e-05,8.157482e-01,601,1,0,1,1,1,
006_mustard_bottle,s0_complete_v3b_006_mustard_bottle_t37,complete_only,16,0.862762,0.033323,2.309347e-06,3.883859e-06,1413,0.022216,2.286480e-06,0.044431,2.281767e-06,2.079064e-01,342,1,0,1,1,1,
006_mustard_bottle,s0_complete_v3b_006_mustard_bottle_t38,complete_only,604,0.832777,0.032736,4.194425e-06,8.374001e-06,1154,0.021824,3.935797e-06,0.043647,4.231918e-06,3.829921e-01,297,1,0,1,1,1,
006_mustard_bottle,s0_complete_v3b_006_mustard_bottle_t39,complete_only,36,0.795942,0.026879,1.017514e-04,3.884518e-04,620,0.017919,1.073959e-04,0.035838,8.949015e-05,8.563985e-01,279,1,0,1,1,0,
006_mustard_bottle,s0_complete_v3b_006_mustard_bottle_t40,complete_only,58,0.796735,0.033844,2.613146e-06,7.982369e-06,1247,0.022562,2.488527e-06,0.045125,2.626644e-06,3.523673e-02,187,1,0,1,1,1,
006_mustard_bottle,s0_complete_v3b_006_mustard_bottle_t41,complete_only,6,0.800188,0.032545,1.172616e-04,2.742888e-04,1047,0.021697,1.327822e-04,0.043393,8.736533e-05,8.341157e-01,247,1,0,1,1,1,
006_mustard_bottle,s0_complete_v3b_006_mustard_bottle_t42,complete_only,158,0.827216,0.033159,1.734648e-05,5.226121e-05,1108,0.022106,2.411542e-05,0.044212,9.578844e-06,2.387406e-01,167,1,0,1,1,1,
006_mustard_bottle,s0_complete_v3b_006_mustard_bottle_t43,complete_only,1,0.879501,0.032425,8.853309e-05,2.679294e-04,901,0.021617,1.053509e-04,0.043233,7.533942e-05,9.416332e-01,197,1,0,1,1,1,
006_mustard_bottle,s0_complete_v3b_006_mustard_bottle_t44,complete_only,37,0.877813,0.034039,2.800555e-05,6.983967e-05,832,0.022693,2.659775e-05,0.045386,2.667566e-05,6.812715e-01,250,1,0,1,1,0,
006_mustard_bottle,s0_complete_v3b_006_mustard_bottle_t45,complete_only,305,0.896774,0.032030,1.635923e-06,2.901029e-06,1504,0.021353,1.714215e-06,0.042706,1.552457e-06,7.034188e-02,191,1,0,1,1,1,
006_mustard_bottle,s0_complete_v3b_006_mustard_bottle_t46,complete_only,112,0.915098,0.032094,1.601033e-06,4.203595e-06,1619,0.021396,1.616165e-06,0.042792,1.550807e-06,8.731000e-02,274,1,0,1,1,0,
006_mustard_bottle,s0_complete_v3b_006_mustard_bottle_t47,complete_only,35,0.883661,0.032105,3.005266e-06,6.314470e-06,1648,0.021403,2.657837e-06,0.042806,3.057393e-06,3.002018e-01,424,1,0,1,1,1,
006_mustard_bottle,s0_complete_v3b_006_mustard_bottle_t48,complete_only,95,0.804697,0.034134,7.752537e-06,2.302020e-05,1018,0.022756,8.753257e-06,0.045512,7.045358e-06,3.521654e-01,314,1,0,1,1,1,
006_mustard_bottle,s0_complete_v3b_006_mustard_bottle_t49,complete_only,0,0.856799,0.032579,1.217910e-04,3.173669e-04,947,0.021720,1.512442e-04,0.043439,8.121455e-05,7.068140e-01,240,1,0,1,1,1,
011_banana,s0_complete_v3b_011_banana_t0,complete_only,417,0.920116,0.034216,7.292016e-06,1.101841e-05,2438,0.022810,2.483371e-06,0.045621,1.140569e-05,0.000000e+00,182,1,0,1,1,0,
011_banana,s0_complete_v3b_011_banana_t1,complete_only,294,0.928307,0.033022,6.306611e-06,4.406367e-06,2749,0.022014,1.520640e-06,0.044029,1.638873e-05,3.727204e-01,562,1,0,1,1,0,
011_banana,s0_complete_v3b_011_banana_t2,complete_only,2,0.982080,0.037243,7.103467e-06,1.934249e-05,2350,0.024828,1.865399e-06,0.049657,1.340195e-05,8.680057e-02,179,1,0,1,1,1,
011_banana,s0_complete_v3b_011_banana_t3,complete_only,516,0.862865,0.032609,2.103947e-06,4.943739e-06,2831,0.021739,2.094672e-06,0.043478,5.147461e-06,8.402479e-01,774,1,0,1,1,1,
011_banana,s0_complete_v3b_011_banana_t4,complete_only,8,0.969104,0.032452,1.099866e-06,2.477650e-06,3704,0.021635,1.076727e-06,0.043270,1.084357e-06,2.884626e-01,473,1,0,1,1,1,
011_banana,s0_complete_v3b_011_banana_t5,complete_only,30,0.959000,0.035747,2.143439e-06,1.144508e-05,1472,0.023831,2.508586e-07,0.047662,6.284527e-06,0.000000e+00,116,1,0,1,1,1,
011_banana,s0_complete_v3b_011_banana_t6,complete_only,284,0.916071,0.034323,5.377856e-07,1.574503e-06,965,0.022882,2.220970e-08,0.045765,2.557634e-06,0.000000e+00,120,1,0,1,1,0,
011_banana,s0_complete_v3b_011_banana_t7,complete_only,621,0.843951,0.032787,4.700397e-05,2.617950e-04,2796,0.021858,1.202833e-04,0.043715,2.366911e-05,1.715772e+00,1151,1,0,1,1,1,
011_banana,s0_complete_v3b_011_banana_t8,complete_only,9,0.973500,0.035566,6.674455e-06,3.963175e-05,6763,0.023710,1.375142e-05,0.047421,4.827407e-06,1.923001e+00,1229,1,0,1,1,1,
011_banana,s0_complete_v3b_011_banana_t9,complete_only,234,0.928849,0.034430,7.442619e-07,0.000000e+00,825,0.022953,0.000000e+00,0.045906,4.377409e-06,0.000000e+00,119,1,0,1,1,1,
011_banana,s0_complete_v3b_011_banana_t10,complete_only,80,0.947344,0.033650,1.258702e-06,2.707476e-06,5324,0.022433,1.176112e-06,0.044867,1.653568e-06,1.125560e+00,1278,1,0,1,1,0,
011_banana,s0_complete_v3b_011_banana_t11,complete_only,36,0.953593,0.033573,1.125859e-06,2.169771e-06,2741,0.022382,1.183321e-06,0.044763,1.054417e-06,1.797307e-01,377,1,0,1,1,0,
011_banana,s0_complete_v3b_011_banana_t12,complete_only,141,0.941739,0.032680,7.329389e-06,3.967596e-05,4358,0.021787,6.175719e-06,0.043574,9.079283e-06,1.210321e+00,976,1,0,1,1,1,
011_banana,s0_complete_v3b_011_banana_t13,complete_only,375,0.907961,0.034723,1.042631e-06,0.000000e+00,797,0.023149,0.000000e+00,0.046298,2.969692e-06,0.000000e+00,87,1,0,1,1,0,
011_banana,s0_complete_v3b_011_banana_t14,complete_only,37,0.960573,0.033376,1.191197e-06,2.253050e-06,3565,0.022250,1.257112e-06,0.044501,1.150725e-06,5.125711e-01,627,1,0,1,1,1,
011_banana,s0_complete_v3b_011_banana_t15,complete_only,72,0.946951,0.034757,2.335941e-05,4.093358e-05,1217,0.023172,2.407798e-05,0.046343,1.188715e-05,4.330649e-01,330,1,0,1,1,1,
011_banana,s0_complete_v3b_011_banana_t16,complete_only,188,0.925705,0.034166,5.965049e-06,3.689721e-06,1070,0.022777,2.152216e-06,0.045555,9.486428e-06,0.000000e+00,125,1,0,1,1,1,
011_banana,s0_complete_v3b_011_banana_t17,complete_only,39,0.974483,0.031907,1.629217e-06,8.132978e-06,3223,0.021271,1.772301e-06,0.042543,1.644856e-06,4.203444e-01,590,1,0,1,1,1,
011_banana,s0_complete_v3b_011_banana_t18,complete_only,10,0.973675,0.032803,1.942961e-06,9.662958e-06,2570,0.021869,1.514864e-06,0.043737,2.708087e-06,2.042039e-01,400,1,0,1,1,1,
011_banana,s0_complete_v3b_011_banana_t19,complete_only,130,0.940579,0.033570,1.654129e-05,2.570947e-05,1393,0.022380,9.234972e-06,0.044760,2.203382e-05,0.000000e+00,144,1,0,1,1,0,
011_banana,s0_complete_v3b_011_banana_t20,complete_only,250,0.921826,0.034780,1.818283e-05,1.643099e-04,1954,0.023187,2.289317e-05,0.046374,1.250391e-05,0.000000e+00,164,1,0,1,1,0,
011_banana,s0_complete_v3b_011_banana_t21,complete_only,724,0.794441,0.033691,8.388897e-06,8.406790e-06,2560,0.022460,2.135298e-06,0.044921,1.358967e-05,1.488372e-01,262,1,0,1,1,1,
011_banana,s0_complete_v3b_011_banana_t22,complete_only,12,0.954818,0.032889,1.297378e-05,4.911301e-05,5651,0.021926,1.000073e-05,0.043852,1.476779e-05,1.183921e+00,836,1,0,1,1,1,
011_banana,s0_complete_v3b_011_banana_t23,complete_only,6,0.972679,0.036770,1.408937e-05,3.484426e-05,2148,0.024513,1.539532e-05,0.049027,2.525499e-05,8.491775e-02,202,1,0,1,1,1,
011_banana,s0_complete_v3b_011_banana_t25,complete_only,173,0.914738,0.030604,2.448885e-06,7.701299e-06,3353,0.020402,3.377834e-06,0.040805,2.740442e-06,1.158409e+00,1167,1,0,1,1,1,
011_banana,s0_complete_v3b_011_banana_t26,complete_only,10,0.962904,0.032820,1.088770e-06,2.455103e-06,2725,0.021880,9.221066e-07,0.043760,1.058618e-06,4.526680e-03,208,1,0,1,1,0,
011_banana,s0_complete_v3b_011_banana_t27,complete_only,44,0.955418,0.033027,1.063590e-06,2.290466e-06,4166,0.022018,1.263564e-06,0.044036,1.109675e-06,5.810723e-01,643,1,0,1,1,1,
011_banana,s0_complete_v3b_011_banana_t28,complete_only,11,0.955579,0.033610,1.361612e-05,3.313237e-05,5019,0.022407,1.600837e-05,0.044813,1.302416e-05,9.238450e-01,649,1,0,1,1,1,
011_banana,s0_complete_v3b_011_banana_t29,complete_only,21,0.963906,0.034612,1.216729e-05,6.971580e-05,4892,0.023074,1.200461e-05,0.046149,8.661104e-06,2.390751e+00,1213,1,0,1,1,1,
011_banana,s0_complete_v3b_011_banana_t30,complete_only,59,0.950349,0.034699,2.599739e-05,5.424676e-05,1530,0.023133,4.010568e-05,0.046266,2.616945e-05,1.844738e-01,191,1,0,1,1,1,
011_banana,s0_complete_v3b_011_banana_t31,complete_only,358,0.920719,0.033619,1.800262e-05,1.027580e-05,1294,0.022412,1.301361e-05,0.044825,2.522271e-05,0.000000e+00,145,1,0,1,1,1,
011_banana,s0_complete_v3b_011_banana_t32,complete_only,3,0.984427,0.036334,2.060136e-06,1.116399e-05,1807,0.024223,1.416874e-06,0.048446,2.444799e-06,9.615587e-02,211,1,0,1,1,0,
011_banana,s0_complete_v3b_011_banana_t33,complete_only,10,0.974977,0.036029,8.524495e-06,4.711033e-05,5886,0.024020,1.290564e-05,0.048039,5.028761e-06,1.496123e+00,981,1,0,1,1,1,
011_banana,s0_complete_v3b_011_banana_t34,complete_only,978,0.761580,0.032479,1.007763e-04,1.915729e-04,2264,0.021653,1.008602e-04,0.043305,3.291544e-05,9.878830e-01,718,1,0,1,1,0,
011_banana,s0_complete_v3b_011_banana_t35,complete_only,357,0.913853,0.034909,9.095759e-07,1.448842e-06,955,0.023272,0.000000e+00,0.046545,3.690537e-06,0.000000e+00,141,1,0,1,1,1,
011_banana,s0_complete_v3b_011_banana_t36,complete_only,265,0.935728,0.030970,2.152655e-06,5.485185e-06,3411,0.020647,2.597662e-06,0.041293,2.241435e-06,4.847660e-01,454,1,0,1,1,1,
011_banana,s0_complete_v3b_011_banana_t37,complete_only,471,0.877636,0.034223,1.974624e-05,1.431703e-05,3662,0.022816,1.931704e-05,0.045631,2.063625e-05,3.825283e-01,423,1,0,1,1,1,
011_banana,s0_complete_v3b_011_banana_t38,complete_only,225,0.936388,0.034422,9.923377e-07,2.500351e-06,3032,0.022948,1.023880e-06,0.045896,1.083073e-06,1.782830e-02,221,1,0,1,1,1,
011_banana,s0_complete_v3b_011_banana_t39,complete_only,767,0.813596,0.031530,3.747434e-05,1.289983e-04,2137,0.021020,7.885215e-05,0.042041,2.142185e-05,5.113896e-01,485,1,0,1,1,1,
011_banana,s0_complete_v3b_011_banana_t40,complete_only,827,0.793984,0.034074,1.855869e-05,6.817466e-05,2850,0.022716,1.773930e-05,0.045432,1.510556e-05,2.008911e-03,197,1,0,1,1,0,
011_banana,s0_complete_v3b_011_banana_t41,complete_only,141,0.949605,0.034341,7.737157e-06,5.773095e-06,2202,0.022894,2.815582e-06,0.045787,1.557823e-05,0.000000e+00,171,1,0,1,1,1,
011_banana,s0_complete_v3b_011_banana_t42,complete_only,82,0.950332,0.035875,1.076765e-06,2.189635e-06,1292,0.023917,6.098696e-08,0.047833,2.078780e-06,0.000000e+00,142,1,0,1,1,1,
011_banana,s0_complete_v3b_011_banana_t43,complete_only,33,0.950313,0.032891,1.213833e-05,5.321817e-05,4084,0.021927,1.159549e-05,0.043855,1.356588e-05,1.672747e+00,948,1,0,1,1,1,
011_banana,s0_complete_v3b_011_banana_t44,complete_only,14,0.961786,0.035185,2.531823e-05,2.462381e-05,2143,0.023457,3.526344e-05,0.046913,2.863931e-05,6.889477e-02,163,1,0,1,1,0,
011_banana,s0_complete_v3b_011_banana_t45,complete_only,543,0.873506,0.031604,4.974643e-05,1.202189e-04,2759,0.021070,2.363120e-04,0.042139,2.057657e-05,1.411829e+00,1096,1,0,1,1,1,
011_banana,s0_complete_v3b_011_banana_t46,complete_only,748,0.786152,0.034030,5.564031e-05,4.080254e-04,2748,0.022687,2.299974e-04,0.045373,3.826720e-05,8.020577e-01,566,1,0,1,1,1,
011_banana,s0_complete_v3b_011_banana_t47,complete_only,284,0.916062,0.031942,7.983377e-06,3.553211e-06,2026,0.021295,4.612199e-06,0.042590,1.413652e-05,1.952041e-01,405,1,0,1,1,0,
011_banana,s0_complete_v3b_011_banana_t48,complete_only,442,0.884067,0.034987,6.421389e-06,7.582178e-06,4480,0.023325,5.496520e-06,0.046649,1.130583e-05,9.390240e-02,286,1,0,1,1,0,
011_banana,s0_complete_v3b_011_banana_t49,complete_only,367,0.910911,0.034064,9.205079e-06,6.986126e-06,1882,0.022710,7.299437e-07,0.045419,2.338077e-05,0.000000e+00,181,1,0,1,1,1,
009_gelatin_box,s0_complete_v3b_009_gelatin_box_t0,complete_only,39,0.961919,0.018035,5.329786e-04,9.784342e-04,511,0.012024,2.575933e-04,0.024047,2.851655e-04,6.931648e-01,645,1,0,1,1,1,
009_gelatin_box,s0_complete_v3b_009_gelatin_box_t1,complete_only,0,0.960673,0.017749,6.776094e-07,1.721897e-06,1003,0.011832,7.342544e-07,0.023665,6.866303e-07,2.945860e-01,498,1,0,1,1,1,
009_gelatin_box,s0_complete_v3b_009_gelatin_box_t2,complete_only,54,0.925844,0.019202,1.196824e-05,2.736749e-05,655,0.012802,8.752738e-06,0.025603,1.509426e-05,8.999640e-01,608,1,0,1,1,1,
009_gelatin_box,s0_complete_v3b_009_gelatin_box_t3,complete_only,43,0.960319,0.018598,5.579707e-06,1.557693e-05,853,0.012398,6.173075e-06,0.024797,2.915570e-05,9.100245e-01,762,1,0,1,1,1,
009_gelatin_box,s0_complete_v3b_009_gelatin_box_t4,complete_only,250,0.900112,0.019035,1.311745e-03,2.890691e-03,498,0.012690,1.104689e-03,0.025380,9.902164e-04,1.042599e+00,720,1,0,1,1,1,
009_gelatin_box,s0_complete_v3b_009_gelatin_box_t5,complete_only,73,0.922386,0.019560,1.460593e-05,1.046160e-04,825,0.013040,1.751791e-05,0.026080,1.359773e-05,1.050929e+00,826,1,0,1,1,1,
009_gelatin_box,s0_complete_v3b_009_gelatin_box_t6,complete_only,199,0.910551,0.017754,6.727915e-05,3.810649e-04,499,0.011836,4.580729e-05,0.023672,7.938716e-05,6.883508e-01,545,1,0,1,1,1,
009_gelatin_box,s0_complete_v3b_009_gelatin_box_t7,complete_only,4,0.977416,0.019386,4.633607e-06,1.405326e-06,1079,0.012924,8.023728e-06,0.025847,6.216352e-06,3.925516e-01,765,1,0,1,1,1,
009_gelatin_box,s0_complete_v3b_009_gelatin_box_t8,complete_only,5,0.958270,0.017968,7.552490e-04,1.773311e-03,533,0.011979,7.110181e-04,0.023958,6.631972e-04,1.355259e+00,832,1,0,1,1,1,
009_gelatin_box,s0_complete_v3b_009_gelatin_box_t9,complete_only,219,0.916753,0.017910,9.993527e-06,2.465958e-05,406,0.011940,7.633272e-06,0.023880,1.275565e-05,3.562358e-01,411,1,0,1,1,1,
009_gelatin_box,s0_complete_v3b_009_gelatin_box_t10,complete_only,236,0.910604,0.019362,1.648445e-05,1.245590e-04,548,0.012908,1.319709e-05,0.025816,2.327691e-05,1.144135e+00,656,1,0,1,1,1,
009_gelatin_box,s0_complete_v3b_009_gelatin_box_t11,complete_only,155,0.921658,0.019635,5.781832e-04,1.617857e-03,726,0.013090,6.326733e-04,0.026180,4.607088e-04,8.818173e-01,696,1,0,1,1,1,
009_gelatin_box,s0_complete_v3b_009_gelatin_box_t12,complete_only,92,0.947477,0.017716,7.125905e-04,1.778658e-03,342,0.011811,6.864396e-04,0.023622,1.450051e-04,4.689948e-01,481,1,0,1,1,1,
009_gelatin_box,s0_complete_v3b_009_gelatin_box_t13,complete_only,30,0.939345,0.017816,4.657167e-06,1.437549e-05,564,0.011877,4.098357e-06,0.023755,4.690853e-06,4.388220e-01,559,1,0,1,1,1,
009_gelatin_box,s0_complete_v3b_009_gelatin_box_t14,complete_only,68,0.927603,0.019554,6.729898e-06,2.109029e-05,908,0.013036,7.829727e-06,0.026072,6.821715e-06,5.679716e-01,646,1,0,1,1,1,
009_gelatin_box,s0_complete_v3b_009_gelatin_box_t15,complete_only,0,0.971814,0.018883,2.171433e-05,1.283948e-04,954,0.012588,2.924864e-05,0.025177,2.135076e-05,1.454777e+00,759,1,0,1,1,1,
009_gelatin_box,s0_complete_v3b_009_gelatin_box_t16,complete_only,138,0.933842,0.017831,2.159397e-03,2.792311e-03,238,0.011887,1.335309e-03,0.023774,8.910717e-04,4.376448e-01,463,1,0,1,1,1,
009_gelatin_box,s0_complete_v3b_009_gelatin_box_t17,complete_only,13,0.970440,0.017987,5.177101e-06,2.789255e-05,629,0.011991,7.452073e-06,0.023982,4.123742e-06,3.532374e-01,474,1,0,1,1,1,
009_gelatin_box,s0_complete_v3b_009_gelatin_box_t18,complete_only,145,0.919132,0.019075,1.124607e-06,2.486423e-06,1177,0.012717,1.142037e-06,0.025434,9.396002e-07,4.568108e-01,659,1,0,1,1,1,
009_gelatin_box,s0_complete_v3b_009_gelatin_box_t19,complete_only,1,0.921271,0.017955,7.214762e-06,3.012948e-05,824,0.011970,8.354783e-06,0.023940,7.217640e-06,6.036277e-01,686,1,0,1,1,1,
009_gelatin_box,s0_complete_v3b_009_gelatin_box_t20,complete_only,226,0.916171,0.017578,4.758865e-05,2.344261e-04,435,0.011719,1.367808e-04,0.023438,6.797966e-05,4.555031e-01,405,1,0,1,1,1,
009_gelatin_box,s0_complete_v3b_009_gelatin_box_t21,complete_only,0,0.946056,0.018581,6.460712e-07,2.764433e-06,971,0.012387,1.509427e-06,0.024775,1.172559e-06,2.920191e-01,424,1,0,1,1,1,
009_gelatin_box,s0_complete_v3b_009_gelatin_box_t22,complete_only,0,0.959689,0.017927,9.911144e-06,5.990103e-05,513,0.011952,1.036482e-05,0.023903,9.098872e-06,4.740987e-01,507,1,0,1,1,1,
009_gelatin_box,s0_complete_v3b_009_gelatin_box_t23,complete_only,413,0.878420,0.019091,1.029013e-03,3.089819e-03,597,0.012727,6.367998e-04,0.025454,3.881220e-04,8.005319e-01,735,1,0,1,1,1,
009_gelatin_box,s0_complete_v3b_009_gelatin_box_t24,complete_only,29,0.946474,0.018201,1.042075e-06,2.377290e-06,861,0.012134,1.164372e-06,0.024268,1.616177e-06,4.941447e-01,1074,1,0,1,1,1,
009_gelatin_box,s0_complete_v3b_009_gelatin_box_t25,complete_only,35,0.942551,0.017827,1.543384e-05,4.699988e-05,561,0.011884,1.290175e-05,0.023769,1.456993e-05,1.390014e+00,825,1,0,1,1,1,
009_gelatin_box,s0_complete_v3b_009_gelatin_box_t26,complete_only,260,0.893070,0.019299,4.895114e-06,1.500051e-05,861,0.012866,5.964573e-06,0.025732,3.921780e-06,8.248312e-01,821,1,0,1,1,1,
009_gelatin_box,s0_complete_v3b_009_gelatin_box_t27,complete_only,101,0.930543,0.019259,6.372741e-06,2.505909e-05,979,0.012840,8.632483e-06,0.025679,7.454186e-06,6.255956e-01,632,1,0,1,1,1,
009_gelatin_box,s0_complete_v3b_009_gelatin_box_t28,complete_only,22,0.954461,0.017302,5.424271e-05,5.539814e-04,377,0.011534,7.996293e-05,0.023069,3.465414e-05,6.394391e-01,573,1,0,1,1,1,
009_gelatin_box,s0_complete_v3b_009_gelatin_box_t29,complete_only,0,0.988958,0.017826,2.331857e-06,3.548241e-06,833,0.011884,2.456384e-06,0.023768,2.128504e-06,7.011303e-01,779,1,0,1,1,1,
009_gelatin_box,s0_complete_v3b_009_gelatin_box_t30,complete_only,1,0.970803,0.018954,2.403464e-05,1.187813e-04,943,0.012636,3.109743e-05,0.025272,2.452486e-05,1.743383e+00,854,1,0,1,1,1,
009_gelatin_box,s0_complete_v3b_009_gelatin_box_t31,complete_only,0,0.964087,0.017420,4.490898e-06,3.120247e-05,757,0.011613,3.553202e-06,0.023227,5.248531e-06,2.556854e-01,446,1,0,1,1,1,
009_gelatin_box,s0_complete_v3b_009_gelatin_box_t32,complete_only,0,0.971194,0.019495,4.677942e-04,1.147019e-03,663,0.012996,4.955123e-04,0.025993,2.876154e-04,1.046314e+00,566,1,0,1,1,1,
009_gelatin_box,s0_complete_v3b_009_gelatin_box_t33,complete_only,12,0.965642,0.017233,1.180057e-04,6.736848e-04,763,0.011489,4.498898e-04,0.022977,7.920573e-05,1.202803e+00,710,1,0,1,1,1,
009_gelatin_box,s0_complete_v3b_009_gelatin_box_t34,complete_only,3,0.966480,0.018011,3.289664e-06,1.053428e-05,948,0.012007,2.738514e-06,0.024015,3.604751e-06,7.535607e-01,748,1,0,1,1,1,
009_gelatin_box,s0_complete_v3b_009_gelatin_box_t35,complete_only,96,0.940462,0.017610,2.666451e-06,1.177759e-05,553,0.011740,3.553651e-06,0.023479,2.924766e-06,5.042665e-01,617,1,0,1,1,1,
009_gelatin_box,s0_complete_v3b_009_gelatin_box_t36,complete_only,0,0.967574,0.017717,3.957099e-05,2.861421e-04,535,0.011811,1.282345e-04,0.023622,1.476790e-05,2.778277e-01,437,1,0,1,1,1,
009_gelatin_box,s0_complete_v3b_009_gelatin_box_t37,complete_only,34,0.945924,0.018658,1.162038e-06,2.333586e-06,1047,0.012439,1.287487e-06,0.024878,1.126738e-06,4.941298e-01,722,1,0,1,1,1,
009_gelatin_box,s0_complete_v3b_009_gelatin_box_t38,complete_only,7,0.966704,0.019475,1.642202e-05,6.527732e-05,1061,0.012983,2.267027e-05,0.025967,1.455464e-05,1.338843e+00,899,1,0,1,1,1,
009_gelatin_box,s0_complete_v3b_009_gelatin_box_t39,complete_only,7,0.964887,0.018591,9.600036e-05,5.233932e-04,682,0.012394,2.794656e-04,0.024788,6.787250e-05,7.800680e-01,599,1,0,1,1,1,
009_gelatin_box,s0_complete_v3b_009_gelatin_box_t40,complete_only,173,0.909165,0.018706,4.445392e-06,1.370263e-05,1123,0.012471,3.751696e-06,0.024941,7.519779e-06,7.374765e-01,787,1,0,1,1,1,
009_gelatin_box,s0_complete_v3b_009_gelatin_box_t41,complete_only,6,0.957135,0.017920,9.883232e-05,5.741425e-04,648,0.011947,3.779043e-05,0.023894,4.711375e-05,5.278173e-01,526,1,0,1,1,1,
009_gelatin_box,s0_complete_v3b_009_gelatin_box_t42,complete_only,29,0.958834,0.017392,3.042387e-05,2.069708e-04,762,0.011595,7.675667e-05,0.023190,3.368254e-05,1.344873e+00,965,1,0,1,1,0,
009_gelatin_box,s0_complete_v3b_009_gelatin_box_t43,complete_only,32,0.955099,0.017840,3.342453e-06,1.114340e-05,520,0.011893,3.726695e-06,0.023787,3.114249e-06,4.328139e-01,551,1,0,1,1,1,
009_gelatin_box,s0_complete_v3b_009_gelatin_box_t44,complete_only,14,0.937283,0.019210,3.960435e-05,1.712472e-04,587,0.012807,5.707978e-05,0.025613,2.554347e-05,8.695236e-01,571,1,0,1,1,1,
009_gelatin_box,s0_complete_v3b_009_gelatin_box_t45,complete_only,59,0.951594,0.019015,2.584597e-05,1.426633e-04,1077,0.012677,6.193737e-05,0.025353,2.728663e-05,1.660299e+00,903,1,0,1,1,1,
009_gelatin_box,s0_complete_v3b_009_gelatin_box_t46,complete_only,11,0.953039,0.018209,8.580267e-06,5.667450e-05,979,0.012139,6.084709e-06,0.024278,8.857469e-06,2.837575e-01,520,1,0,1,1,1,
009_gelatin_box,s0_complete_v3b_009_gelatin_box_t47,complete_only,26,0.962478,0.017891,9.745477e-07,4.180962e-06,756,0.011927,1.173092e-06,0.023855,9.059270e-07,3.939226e-01,695,1,0,1,1,1,
009_gelatin_box,s0_complete_v3b_009_gelatin_box_t48,complete_only,10,0.954644,0.019474,2.842699e-05,1.993488e-04,787,0.012983,4.781498e-05,0.025965,2.734560e-05,1.156922e+00,613,1,0,1,1,1,
009_gelatin_box,s0_complete_v3b_009_gelatin_box_t49,complete_only,11,0.950477,0.017623,5.689199e-04,1.491592e-03,647,0.011749,5.865539e-04,0.023498,1.616289e-04,8.358391e-01,647,1,0,1,1,1,
021_bleach_cleanser,s0_complete_v3b_021_bleach_cleanser_t0,complete_only,940,0.617347,0.044451,4.348181e-06,1.507165e-05,1091,0.029634,4.672668e-06,0.059268,4.174996e-06,3.562456e-02,116,1,0,1,1,0,
021_bleach_cleanser,s0_complete_v3b_021_bleach_cleanser_t1,complete_only,756,0.743613,0.045488,2.978503e-06,1.175297e-05,1071,0.030325,2.165505e-06,0.060651,2.940058e-06,0.000000e+00,108,1,0,1,1,1,
021_bleach_cleanser,s0_complete_v3b_021_bleach_cleanser_t2,complete_only,743,0.632094,0.045364,7.814093e-06,2.961830e-05,1545,0.030243,8.027008e-06,0.060485,7.878625e-06,0.000000e+00,49,1,0,1,1,0,
021_bleach_cleanser,s0_complete_v3b_021_bleach_cleanser_t3,complete_only,870,0.621558,0.044288,1.183908e-05,1.805386e-05,954,0.029525,1.486180e-05,0.059050,5.239442e-06,2.634940e-02,64,1,0,1,1,1,
021_bleach_cleanser,s0_complete_v3b_021_bleach_cleanser_t4,complete_only,822,0.731570,0.045157,5.248693e-06,1.369967e-05,1041,0.030105,8.402762e-06,0.060210,3.697178e-06,1.079913e-02,106,1,0,1,1,1,
021_bleach_cleanser,s0_complete_v3b_021_bleach_cleanser_t5,complete_only,535,0.767025,0.044251,1.684384e-05,1.693398e-04,666,0.029501,7.859491e-06,0.059001,1.930936e-05,0.000000e+00,74,1,0,1,1,0,
021_bleach_cleanser,s0_complete_v3b_021_bleach_cleanser_t7,complete_only,142,0.858976,0.044091,2.796045e-06,5.786162e-06,1328,0.029394,3.866134e-06,0.058788,2.086792e-06,1.422114e-02,151,1,0,1,1,1,
021_bleach_cleanser,s0_complete_v3b_021_bleach_cleanser_t8,complete_only,76,0.786839,0.042651,4.464407e-05,2.019305e-04,1427,0.028434,7.617519e-05,0.056868,2.744089e-05,5.406720e-01,150,1,0,1,1,0,
021_bleach_cleanser,s0_complete_v3b_021_bleach_cleanser_t9,complete_only,890,0.620085,0.045398,2.851793e-06,1.324403e-05,929,0.030265,2.451897e-06,0.060531,3.154753e-06,0.000000e+00,85,1,0,1,1,1,
021_bleach_cleanser,s0_complete_v3b_021_bleach_cleanser_t10,complete_only,962,0.512765,0.044075,1.257942e-05,2.933508e-05,896,0.029383,2.186402e-05,0.058766,7.865630e-06,3.440495e-02,77,1,0,1,1,1,
021_bleach_cleanser,s0_complete_v3b_021_bleach_cleanser_t11,complete_only,898,0.498566,0.044786,1.605794e-05,3.717018e-05,921,0.029857,2.602553e-05,0.059715,9.879660e-06,5.616158e-02,69,1,0,1,1,1,
021_bleach_cleanser,s0_complete_v3b_021_bleach_cleanser_t12,complete_only,77,0.930418,0.042729,1.661118e-04,6.447550e-04,1161,0.028486,2.890928e-04,0.056972,6.982882e-05,6.043504e-01,105,1,0,1,1,1,
021_bleach_cleanser,s0_complete_v3b_021_bleach_cleanser_t13,complete_only,907,0.611056,0.044562,2.672023e-06,1.082135e-05,986,0.029708,2.666626e-06,0.059415,3.404194e-06,0.000000e+00,73,1,0,1,1,1,
021_bleach_cleanser,s0_complete_v3b_021_bleach_cleanser_t14,complete_only,960,0.553310,0.044873,1.491807e-05,4.795591e-05,995,0.029915,3.056572e-05,0.059830,9.897357e-06,9.508487e-02,73,1,0,1,1,1,
021_bleach_cleanser,s0_complete_v3b_021_bleach_cleanser_t15,complete_only,0,0.904749,0.030494,1.875038e-05,3.230208e-05,620,0.020329,2.015560e-05,0.040658,1.272654e-05,1.567162e-01,96,1,0,1,1,0,
021_bleach_cleanser,s0_complete_v3b_021_bleach_cleanser_t16,complete_only,892,0.598304,0.045067,4.663647e-06,1.816053e-05,848,0.030044,7.226422e-06,0.060089,3.888786e-06,9.732500e-03,95,1,0,1,1,1,
021_bleach_cleanser,s0_complete_v3b_021_bleach_cleanser_t17,complete_only,521,0.837534,0.045566,2.001383e-06,9.483834e-06,1140,0.030378,1.725777e-06,0.060755,2.258501e-06,0.000000e+00,121,1,0,1,1,1,
021_bleach_cleanser,s0_complete_v3b_021_bleach_cleanser_t18,complete_only,611,0.857294,0.045797,1.777236e-06,1.002182e-05,932,0.030531,9.218871e-07,0.061063,2.439391e-06,0.000000e+00,99,1,0,1,1,1,
021_bleach_cleanser,s0_complete_v3b_021_bleach_cleanser_t19,complete_only,961,0.633332,0.045361,2.465624e-06,1.631209e-05,1039,0.030241,1.904721e-06,0.060482,2.791758e-06,0.000000e+00,102,1,0,1,1,1,
021_bleach_cleanser,s0_complete_v3b_021_bleach_cleanser_t20,complete_only,948,0.571834,0.045361,2.443076e-06,1.239308e-05,868,0.030241,1.743280e-06,0.060482,2.869880e-06,0.000000e+00,83,1,0,1,1,1,
021_bleach_cleanser,s0_complete_v3b_021_bleach_cleanser_t21,complete_only,181,0.816368,0.043931,3.052312e-06,6.585424e-06,1146,0.029287,4.391991e-06,0.058574,2.537220e-06,2.661327e-02,112,1,0,1,1,1,
021_bleach_cleanser,s0_complete_v3b_021_bleach_cleanser_t23,complete_only,708,0.661288,0.045480,4.957395e-06,1.927998e-05,1611,0.030320,5.166610e-06,0.060639,5.499460e-06,1.995253e-03,57,1,0,1,1,0,
021_bleach_cleanser,s0_complete_v3b_021_bleach_cleanser_t25,complete_only,112,0.869551,0.041061,1.525693e-05,2.816249e-05,1024,0.027374,1.989813e-05,0.054749,1.182607e-05,3.981580e-01,97,1,0,1,1,1,
021_bleach_cleanser,s0_complete_v3b_021_bleach_cleanser_t27,complete_only,968,0.463954,0.044642,1.115523e-05,2.338513e-05,969,0.029761,1.579582e-05,0.059523,7.757940e-06,4.557775e-02,95,1,0,1,1,1,
021_bleach_cleanser,s0_complete_v3b_021_bleach_cleanser_t28,complete_only,213,0.913307,0.042000,1.994970e-04,7.738126e-04,1083,0.028000,4.191808e-04,0.056001,7.972207e-05,4.929158e-01,91,1,0,1,1,1,
021_bleach_cleanser,s0_complete_v3b_021_bleach_cleanser_t29,complete_only,368,0.812091,0.043235,2.029329e-05,6.319285e-05,1325,0.028823,3.311726e-05,0.057647,9.962123e-06,2.056966e-01,131,1,0,1,1,1,
021_bleach_cleanser,s0_complete_v3b_021_bleach_cleanser_t30,complete_only,619,0.764264,0.044140,9.531503e-06,1.684085e-05,1161,0.029427,1.108831e-05,0.058853,4.681073e-06,8.046497e-02,118,1,0,1,1,1,
021_bleach_cleanser,s0_complete_v3b_021_bleach_cleanser_t31,complete_only,913,0.703901,0.045345,2.319065e-06,1.523355e-05,1062,0.030230,1.990193e-06,0.060460,2.956139e-06,0.000000e+00,115,1,0,1,1,1,
021_bleach_cleanser,s0_complete_v3b_021_bleach_cleanser_t32,complete_only,816,0.559696,0.044980,1.148384e-05,4.940121e-05,1183,0.029986,2.798454e-05,0.059973,9.198613e-06,5.316398e-02,110,1,0,1,1,1,
021_bleach_cleanser,s0_complete_v3b_021_bleach_cleanser_t33,complete_only,18,0.860536,0.042744,1.867845e-04,4.431253e-04,1100,0.028496,3.002974e-04,0.056992,4.750932e-05,3.230865e-01,150,1,0,1,1,1,
021_bleach_cleanser,s0_complete_v3b_021_bleach_cleanser_t34,complete_only,168,0.839263,0.045011,8.524294e-06,1.679400e-05,1123,0.030007,1.145118e-05,0.060014,3.718923e-06,3.294032e-02,58,1,0,1,1,1,
021_bleach_cleanser,s0_complete_v3b_021_bleach_cleanser_t35,complete_only,900,0.635229,0.044678,3.376843e-06,1.181260e-05,970,0.029785,2.757988e-06,0.059571,4.586035e-06,0.000000e+00,122,1,0,1,1,1,
021_bleach_cleanser,s0_complete_v3b_021_bleach_cleanser_t36,complete_only,17,0.916946,0.026862,6.099469e-05,3.096643e-04,1217,0.017908,3.780903e-05,0.035817,6.920358e-05,1.016828e-01,126,1,0,1,1,0,
021_bleach_cleanser,s0_complete_v3b_021_bleach_cleanser_t38,complete_only,592,0.766318,0.042426,9.416714e-06,1.971638e-05,1346,0.028284,1.385125e-05,0.056568,5.796184e-06,2.009918e-01,170,1,0,1,1,1,
021_bleach_cleanser,s0_complete_v3b_021_bleach_cleanser_t39,complete_only,170,0.854115,0.044922,1.971975e-06,1.655231e-05,834,0.029948,7.477248e-07,0.059895,3.483527e-06,0.000000e+00,63,1,0,1,1,1,
021_bleach_cleanser,s0_complete_v3b_021_bleach_cleanser_t40,complete_only,785,0.627236,0.045148,4.953436e-06,1.550406e-05,973,0.030098,8.334264e-06,0.060197,3.990996e-06,5.220041e-03,127,1,0,1,1,1,
021_bleach_cleanser,s0_complete_v3b_021_bleach_cleanser_t41,complete_only,36,0.873132,0.044446,1.357252e-05,4.676621e-05,1892,0.029630,2.467812e-05,0.059261,8.595526e-06,2.822352e-01,134,1,0,1,1,0,
021_bleach_cleanser,s0_complete_v3b_021_bleach_cleanser_t42,complete_only,70,0.890419,0.038746,6.447033e-05,2.942033e-04,557,0.025830,7.506036e-05,0.051661,4.595762e-05,9.231953e-02,44,1,0,1,1,0,
021_bleach_cleanser,s0_complete_v3b_021_bleach_cleanser_t43,complete_only,22,0.917551,0.042619,1.656520e-04,5.302399e-04,1129,0.028413,2.704255e-04,0.056825,6.369959e-05,5.528140e-01,113,1,0,1,1,1,
021_bleach_cleanser,s0_complete_v3b_021_bleach_cleanser_t44,complete_only,728,0.643832,0.045654,1.197511e-05,8.151460e-05,1283,0.030436,2.382121e-05,0.060872,9.975592e-06,3.419946e-02,63,1,0,1,1,0,
021_bleach_cleanser,s0_complete_v3b_021_bleach_cleanser_t45,complete_only,66,0.856073,0.043313,1.867125e-06,5.425901e-06,1351,0.028875,1.977530e-06,0.057751,1.985460e-06,2.809072e-02,160,1,0,1,1,1,
021_bleach_cleanser,s0_complete_v3b_021_bleach_cleanser_t46,complete_only,393,0.801613,0.044013,2.009056e-06,5.520111e-06,1310,0.029342,2.182122e-06,0.058684,2.064836e-06,1.780517e-02,154,1,0,1,1,1,
021_bleach_cleanser,s0_complete_v3b_021_bleach_cleanser_t47,complete_only,134,0.790854,0.028484,3.655893e-05,1.274621e-04,968,0.018989,4.661953e-05,0.037978,2.323981e-05,2.128178e-01,98,1,0,1,1,0,
021_bleach_cleanser,s0_complete_v3b_021_bleach_cleanser_t49,complete_only,910,0.537737,0.044036,3.237109e-06,1.739147e-05,670,0.029358,1.409753e-06,0.058715,5.172094e-06,0.000000e+00,94,1,0,1,1,1,
061_foam_brick,s0_complete_v3b_061_foam_brick_t0,complete_only,164,0.943376,0.016291,3.736409e-05,2.194166e-05,542,0.010861,1.313930e-05,0.021721,4.464172e-05,1.060119e+00,800,1,0,1,1,1,
061_foam_brick,s0_complete_v3b_061_foam_brick_t1,complete_only,0,0.981817,0.016901,6.201322e-05,3.622886e-05,660,0.011267,5.704485e-05,0.022535,6.660288e-05,1.907968e+00,1251,1,0,1,1,1,
061_foam_brick,s0_complete_v3b_061_foam_brick_t2,complete_only,861,0.738566,0.017103,2.363672e-06,5.360389e-06,927,0.011402,1.798513e-06,0.022803,2.545802e-06,1.319640e+00,1324,1,0,1,1,1,
061_foam_brick,s0_complete_v3b_061_foam_brick_t3,complete_only,928,0.828642,0.017174,3.518508e-04,9.172030e-04,757,0.011449,3.910301e-04,0.022899,1.876217e-04,1.379193e+00,1025,1,0,1,1,1,
061_foam_brick,s0_complete_v3b_061_foam_brick_t4,complete_only,643,0.865932,0.016723,3.082704e-05,7.347360e-05,713,0.011148,3.209150e-05,0.022297,2.601393e-05,1.302865e+00,1145,1,0,1,1,1,
061_foam_brick,s0_complete_v3b_061_foam_brick_t5,complete_only,763,0.803870,0.016920,1.842340e-05,2.912580e-05,718,0.011280,1.889161e-05,0.022560,2.575854e-05,1.444129e+00,1231,1,0,1,1,1,
061_foam_brick,s0_complete_v3b_061_foam_brick_t6,complete_only,31,0.942307,0.017800,1.802653e-05,6.371118e-05,1231,0.011867,2.965783e-05,0.023734,1.797672e-05,1.593114e+00,1121,1,0,1,1,1,
061_foam_brick,s0_complete_v3b_061_foam_brick_t7,complete_only,6,0.940779,0.018044,3.925567e-07,7.863623e-07,1184,0.012029,3.626450e-07,0.024058,3.701666e-07,9.041127e-01,1640,1,0,1,1,0,
061_foam_brick,s0_complete_v3b_061_foam_brick_t8,complete_only,114,0.926816,0.018715,3.515491e-05,2.077558e-04,1720,0.012476,2.290208e-05,0.024953,3.291398e-05,2.691640e+00,1881,1,0,1,1,0,
061_foam_brick,s0_complete_v3b_061_foam_brick_t9,complete_only,149,0.932925,0.018132,5.372286e-05,1.531997e-04,847,0.012088,3.114445e-05,0.024175,4.569056e-05,2.499250e+00,1280,1,0,1,1,1,
061_foam_brick,s0_complete_v3b_061_foam_brick_t10,complete_only,936,0.814351,0.016961,3.468043e-05,1.340578e-04,606,0.011307,2.662482e-05,0.022614,1.532696e-05,1.168582e+00,1118,1,0,1,1,1,
061_foam_brick,s0_complete_v3b_061_foam_brick_t11,complete_only,859,0.838861,0.017106,4.375005e-05,9.672193e-05,585,0.011404,5.055507e-05,0.022807,3.722860e-05,1.031069e+00,1077,1,0,1,1,1,
061_foam_brick,s0_complete_v3b_061_foam_brick_t12,complete_only,7,0.955577,0.017451,3.966911e-05,2.283005e-04,705,0.011634,6.859362e-05,0.023268,3.694816e-05,1.860125e+00,1215,1,0,1,1,1,
061_foam_brick,s0_complete_v3b_061_foam_brick_t13,complete_only,10,0.967432,0.016703,5.581657e-04,1.315140e-03,352,0.011135,6.844433e-04,0.022270,4.467477e-04,1.852931e+00,1217,1,0,1,1,1,
061_foam_brick,s0_complete_v3b_061_foam_brick_t14,complete_only,777,0.851361,0.016969,1.204104e-05,3.089277e-05,718,0.011313,1.919401e-05,0.022626,7.394244e-06,1.086536e+00,1093,1,0,1,1,1,
061_foam_brick,s0_complete_v3b_061_foam_brick_t15,complete_only,216,0.941943,0.018535,5.668061e-05,1.953818e-04,1089,0.012357,4.994832e-05,0.024714,4.564895e-05,2.553292e+00,1426,1,0,1,1,1,
061_foam_brick,s0_complete_v3b_061_foam_brick_t16,complete_only,54,0.946083,0.017888,4.230358e-05,1.447790e-04,934,0.011926,7.430355e-05,0.023851,3.113433e-05,1.815473e+00,1294,1,0,1,1,1,
061_foam_brick,s0_complete_v3b_061_foam_brick_t17,complete_only,270,0.930419,0.017472,7.273433e-07,1.767975e-06,1097,0.011648,3.952742e-07,0.023295,7.732849e-07,9.793213e-01,1544,1,0,1,1,0,
061_foam_brick,s0_complete_v3b_061_foam_brick_t18,complete_only,531,0.939260,0.017573,4.096277e-05,1.577407e-04,850,0.011716,7.679715e-05,0.023431,3.675854e-05,1.646395e+00,1200,1,0,1,1,1,
061_foam_brick,s0_complete_v3b_061_foam_brick_t19,complete_only,68,0.939777,0.017858,2.283640e-04,1.116595e-03,866,0.011905,3.346106e-04,0.023810,1.138439e-04,2.043017e+00,1331,1,0,1,1,1,
061_foam_brick,s0_complete_v3b_061_foam_brick_t20,complete_only,56,0.944733,0.017840,3.173209e-05,1.238841e-04,650,0.011894,4.805651e-05,0.023787,2.504789e-05,1.637461e+00,1248,1,0,1,1,1,
061_foam_brick,s0_complete_v3b_061_foam_brick_t21,complete_only,43,0.963804,0.017757,6.262273e-07,8.893286e-07,1102,0.011838,6.400511e-07,0.023676,6.098773e-07,1.074952e+00,1675,1,0,1,1,0,
061_foam_brick,s0_complete_v3b_061_foam_brick_t22,complete_only,1,0.969325,0.016709,4.619121e-05,2.638893e-04,769,0.011139,4.912919e-05,0.022278,5.028206e-05,1.725165e+00,1021,1,0,1,1,1,
061_foam_brick,s0_complete_v3b_061_foam_brick_t23,complete_only,740,0.829930,0.017111,1.600654e-05,3.918444e-05,627,0.011407,2.120945e-05,0.022815,1.203761e-05,1.232169e+00,1182,1,0,1,1,1,
061_foam_brick,s0_complete_v3b_061_foam_brick_t24,complete_only,67,0.942219,0.018228,5.540664e-07,1.037647e-06,1190,0.012152,5.876062e-07,0.024303,6.939432e-07,9.681700e-01,1596,1,0,1,1,0,
061_foam_brick,s0_complete_v3b_061_foam_brick_t25,complete_only,281,0.940883,0.018410,6.419712e-07,1.254761e-06,1226,0.012274,7.488959e-07,0.024547,7.185272e-07,9.677841e-01,1487,1,0,1,1,0,
061_foam_brick,s0_complete_v3b_061_foam_brick_t26,complete_only,786,0.852049,0.016820,2.142674e-05,7.424096e-05,561,0.011213,3.095633e-05,0.022427,1.227779e-05,9.804414e-01,924,1,0,1,1,1,
061_foam_brick,s0_complete_v3b_061_foam_brick_t27,complete_only,817,0.836223,0.017037,2.069051e-05,6.267282e-05,740,0.011358,2.680967e-05,0.022716,2.022974e-05,1.174735e+00,1187,1,0,1,1,1,
061_foam_brick,s0_complete_v3b_061_foam_brick_t28,complete_only,300,0.927709,0.016728,4.896398e-05,4.244399e-04,709,0.011152,6.626536e-05,0.022304,4.587777e-05,1.828503e+00,1094,1,0,1,1,1,
061_foam_brick,s0_complete_v3b_061_foam_brick_t29,complete_only,5,0.956661,0.018503,2.151844e-05,8.422290e-05,1297,0.012335,1.892181e-05,0.024671,2.006145e-05,1.736309e+00,1747,1,0,1,1,1,
061_foam_brick,s0_complete_v3b_061_foam_brick_t30,complete_only,175,0.945410,0.018378,3.494414e-05,1.276186e-04,1301,0.012252,5.045966e-05,0.024504,3.408466e-05,2.215911e+00,1436,1,0,1,1,1,
061_foam_brick,s0_complete_v3b_061_foam_brick_t31,complete_only,680,0.893788,0.017296,1.328505e-04,6.709851e-04,485,0.011531,2.198662e-04,0.023061,8.086996e-05,1.708319e+00,1200,1,0,1,1,1,
061_foam_brick,s0_complete_v3b_061_foam_brick_t32,complete_only,951,0.656849,0.017312,8.017415e-06,2.606992e-05,791,0.011541,9.447375e-06,0.023082,6.972465e-06,1.310729e+00,1184,1,0,1,1,1,
061_foam_brick,s0_complete_v3b_061_foam_brick_t33,complete_only,744,0.819012,0.017647,4.882273e-05,3.629390e-04,1331,0.011765,7.851777e-05,0.023529,3.745620e-05,2.422401e+00,1465,1,0,1,1,1,
061_foam_brick,s0_complete_v3b_061_foam_brick_t34,complete_only,3,0.957348,0.017693,4.555704e-06,1.508569e-05,1445,0.011795,3.211207e-06,0.023591,5.238902e-06,2.191749e+00,1946,1,0,1,1,1,
061_foam_brick,s0_complete_v3b_061_foam_brick_t35,complete_only,5,0.967502,0.017145,2.733727e-05,2.283454e-04,792,0.011430,4.686859e-05,0.022860,2.354790e-05,1.259146e+00,1084,1,0,1,1,1,
061_foam_brick,s0_complete_v3b_061_foam_brick_t36,complete_only,220,0.939710,0.017690,6.774715e-05,3.188586e-04,988,0.011793,1.064917e-04,0.023587,6.851067e-05,1.543616e+00,1098,1,0,1,1,1,
061_foam_brick,s0_complete_v3b_061_foam_brick_t37,complete_only,471,0.892032,0.017720,7.616612e-07,3.117858e-06,828,0.011813,7.969415e-07,0.023627,6.775558e-07,9.320244e-01,1448,1,0,1,1,0,
061_foam_brick,s0_complete_v3b_061_foam_brick_t38,complete_only,174,0.925684,0.019873,4.176455e-05,1.083082e-04,1013,0.013248,4.678122e-05,0.026497,4.054673e-05,2.737042e+00,1989,1,0,1,1,1,
061_foam_brick,s0_complete_v3b_061_foam_brick_t39,complete_only,9,0.957678,0.017636,1.105217e-05,6.650134e-05,1243,0.011758,1.525693e-05,0.023515,1.005316e-05,1.956176e+00,1964,1,0,1,1,1,
061_foam_brick,s0_complete_v3b_061_foam_brick_t40,complete_only,454,0.936555,0.017663,1.911041e-04,5.330975e-04,821,0.011775,2.439909e-04,0.023551,1.088368e-04,1.199224e+00,925,1,0,1,1,1,
061_foam_brick,s0_complete_v3b_061_foam_brick_t41,complete_only,2,0.973003,0.016362,2.611545e-05,7.852298e-05,628,0.010908,2.769754e-05,0.021815,3.380822e-05,1.116888e+00,814,1,0,1,1,1,
061_foam_brick,s0_complete_v3b_061_foam_brick_t42,complete_only,7,0.956261,0.018363,2.695876e-04,1.046891e-03,952,0.012242,2.289861e-04,0.024484,2.382585e-04,2.269446e+00,1708,1,0,1,1,1,
061_foam_brick,s0_complete_v3b_061_foam_brick_t43,complete_only,59,0.954306,0.017882,5.105521e-04,9.372577e-04,642,0.011921,5.851922e-04,0.023842,4.344159e-04,2.132873e+00,1269,1,0,1,1,1,
061_foam_brick,s0_complete_v3b_061_foam_brick_t44,complete_only,879,0.786587,0.016676,2.088845e-05,5.110822e-05,638,0.011118,2.163675e-05,0.022235,2.256564e-05,1.362131e+00,1174,1,0,1,1,1,
061_foam_brick,s0_complete_v3b_061_foam_brick_t45,complete_only,118,0.939406,0.018813,3.555104e-07,6.649757e-07,1319,0.012542,3.634319e-07,0.025084,3.624769e-07,8.944406e-01,1699,1,0,1,1,0,
061_foam_brick,s0_complete_v3b_061_foam_brick_t46,complete_only,199,0.930876,0.017926,5.498516e-07,2.823183e-06,1122,0.011951,6.043945e-07,0.023902,6.620475e-07,8.052417e-01,1453,1,0,1,1,1,
061_foam_brick,s0_complete_v3b_061_foam_brick_t47,complete_only,424,0.945643,0.017932,4.009454e-05,8.260272e-06,762,0.011954,3.665586e-06,0.023909,4.698287e-05,1.287620e+00,1050,1,0,1,1,1,
061_foam_brick,s0_complete_v3b_061_foam_brick_t48,complete_only,843,0.752358,0.017323,2.135909e-05,7.548722e-05,746,0.011548,1.920929e-05,0.023097,3.011518e-05,1.350583e+00,1196,1,0,1,1,1,
061_foam_brick,s0_complete_v3b_061_foam_brick_t49,complete_only,978,0.822426,0.016535,3.753722e-05,2.165618e-04,675,0.011024,4.319961e-05,0.022047,3.872829e-05,1.743625e+00,1194,1,0,1,1,1,
019_pitcher_base,s0_complete_v3b_019_pitcher_base_t0,complete_only,2,0.948283,0.042935,8.168800e-05,1.925069e-04,284,0.028623,8.187698e-05,0.057246,8.293349e-05,1.634682e-01,21,1,0,1,1,0,
019_pitcher_base,s0_complete_v3b_019_pitcher_base_t1,complete_only,0,0.929393,0.046155,9.321138e-04,2.152650e-03,278,0.030770,1.402423e-03,0.061540,7.932282e-04,8.809977e-01,27,1,0,1,1,0,
019_pitcher_base,s0_complete_v3b_019_pitcher_base_t3,complete_only,0,0.970350,0.044505,2.962710e-05,5.915357e-05,449,0.029670,3.094519e-05,0.059340,3.332012e-05,1.338719e-01,22,1,0,1,1,0,
019_pitcher_base,s0_complete_v3b_019_pitcher_base_t5,complete_only,264,0.928256,0.037372,1.391366e-05,3.865681e-05,438,0.024915,1.667634e-05,0.049830,1.233687e-05,1.570473e-01,44,1,0,1,1,0,
019_pitcher_base,s0_complete_v3b_019_pitcher_base_t6,complete_only,0,0.959326,0.042251,1.527265e-04,4.381661e-04,394,0.028167,1.561082e-04,0.056335,1.340081e-04,3.204395e-01,37,1,0,1,1,0,
019_pitcher_base,s0_complete_v3b_019_pitcher_base_t7,complete_only,96,0.931746,0.044191,2.953219e-06,8.061798e-06,836,0.029461,4.431490e-06,0.058921,2.730185e-06,1.260806e-01,86,1,0,1,1,0,
019_pitcher_base,s0_complete_v3b_019_pitcher_base_t8,complete_only,76,0.936973,0.043269,9.578677e-06,4.216486e-05,559,0.028846,8.282361e-06,0.057691,9.326506e-06,0.000000e+00,37,1,0,1,1,0,
019_pitcher_base,s0_complete_v3b_019_pitcher_base_t9,complete_only,0,0.950176,0.041887,6.346553e-05,2.127232e-04,799,0.027925,4.390691e-05,0.055849,1.022670e-04,2.740645e-01,66,1,0,1,1,0,
019_pitcher_base,s0_complete_v3b_019_pitcher_base_t11,complete_only,1,0.953991,0.043223,6.904373e-05,1.920534e-04,593,0.028815,8.325706e-05,0.057630,7.128966e-05,2.548547e-01,44,1,0,1,1,0,
019_pitcher_base,s0_complete_v3b_019_pitcher_base_t12,complete_only,1,0.963551,0.043571,2.203624e-06,5.637724e-06,597,0.029047,2.576789e-06,0.058094,2.319918e-06,2.231029e-03,35,1,0,1,1,0,
019_pitcher_base,s0_complete_v3b_019_pitcher_base_t13,complete_only,0,0.957498,0.043001,1.145112e-04,2.020938e-04,411,0.028667,1.197178e-04,0.057334,1.036740e-04,2.655087e-01,26,1,0,1,1,0,
019_pitcher_base,s0_complete_v3b_019_pitcher_base_t14,complete_only,9,0.930545,0.043835,4.856309e-05,2.339241e-04,622,0.029223,5.138079e-05,0.058446,6.621964e-05,8.134852e-02,40,1,0,1,1,0,
019_pitcher_base,s0_complete_v3b_019_pitcher_base_t16,complete_only,9,0.927865,0.043567,5.415696e-05,2.059858e-04,634,0.029045,5.501928e-05,0.058089,7.051231e-05,1.744169e-01,30,1,0,1,1,0,
019_pitcher_base,s0_complete_v3b_019_pitcher_base_t17,complete_only,2,0.968549,0.041882,9.837953e-04,5.021178e-03,436,0.027921,3.706541e-03,0.055843,3.543706e-04,2.827154e-01,59,1,0,1,1,0,
019_pitcher_base,s0_complete_v3b_019_pitcher_base_t18,complete_only,508,0.907795,0.020790,8.776738e-06,4.616891e-05,2105,0.013860,2.059867e-04,0.027720,1.017663e-05,5.186774e-01,790,1,0,1,1,0,
019_pitcher_base,s0_complete_v3b_019_pitcher_base_t20,complete_only,18,0.940149,0.041866,4.126010e-05,9.836659e-05,496,0.027911,4.977479e-05,0.055822,3.449752e-05,1.877338e-01,28,1,0,1,1,0,
019_pitcher_base,s0_complete_v3b_019_pitcher_base_t21,complete_only,44,0.949847,0.044770,3.069898e-05,9.943472e-05,425,0.029846,3.641391e-05,0.059693,2.580634e-05,1.255129e-01,22,1,0,1,1,0,
019_pitcher_base,s0_complete_v3b_019_pitcher_base_t22,complete_only,15,0.959937,0.043830,3.055391e-06,5.955379e-06,730,0.029220,1.431979e-06,0.058440,5.291424e-06,8.747652e-03,41,1,0,1,1,0,
019_pitcher_base,s0_complete_v3b_019_pitcher_base_t26,complete_only,146,0.878463,0.040778,1.478516e-06,3.799621e-06,505,0.027185,1.386759e-06,0.054371,5.739116e-06,0.000000e+00,62,1,0,1,1,0,
019_pitcher_base,s0_complete_v3b_019_pitcher_base_t27,complete_only,10,0.943148,0.043448,1.352805e-04,3.530952e-04,664,0.028965,1.682215e-04,0.057930,1.156238e-04,7.023233e-01,51,1,0,1,1,0,
019_pitcher_base,s0_complete_v3b_019_pitcher_base_t28,complete_only,60,0.931771,0.043247,6.563303e-06,4.492195e-05,602,0.028832,2.562004e-06,0.057663,9.229234e-06,6.186305e-02,74,1,0,1,1,0,
019_pitcher_base,s0_complete_v3b_019_pitcher_base_t29,complete_only,11,0.960071,0.044797,1.897983e-05,5.136402e-05,526,0.029865,2.338868e-05,0.059730,1.597375e-05,1.716169e-01,40,1,0,1,1,0,
019_pitcher_base,s0_complete_v3b_019_pitcher_base_t30,complete_only,70,0.935860,0.024101,4.116971e-05,1.884610e-04,3172,0.016068,3.536799e-05,0.032135,4.193408e-05,1.807899e+00,1019,1,0,1,1,0,
019_pitcher_base,s0_complete_v3b_019_pitcher_base_t31,complete_only,113,0.842615,0.049231,1.459027e-06,6.136943e-06,628,0.032821,0.000000e+00,0.065642,3.014700e-06,0.000000e+00,40,1,0,1,1,0,
019_pitcher_base,s0_complete_v3b_019_pitcher_base_t33,complete_only,1,0.953132,0.042401,4.855131e-06,2.264823e-05,558,0.028267,2.424666e-06,0.056534,5.685362e-06,1.102940e-02,48,1,0,1,1,0,
019_pitcher_base,s0_complete_v3b_019_pitcher_base_t34,complete_only,204,0.908128,0.044589,7.735175e-06,2.101012e-05,515,0.029726,9.039142e-06,0.059452,7.297327e-06,9.840071e-02,32,1,0,1,1,0,
019_pitcher_base,s0_complete_v3b_019_pitcher_base_t35,complete_only,0,0.966474,0.042376,1.003569e-04,2.391153e-04,561,0.028251,9.719731e-05,0.056502,7.385123e-05,2.271568e-01,31,1,0,1,1,0,
019_pitcher_base,s0_complete_v3b_019_pitcher_base_t36,complete_only,1242,0.728212,0.035774,1.811624e-06,4.183560e-06,889,0.023849,2.145433e-06,0.047698,1.700710e-06,1.186304e-01,121,1,0,1,1,0,
019_pitcher_base,s0_complete_v3b_019_pitcher_base_t37,complete_only,541,0.909078,0.038340,5.680767e-06,8.714299e-06,498,0.025560,6.721214e-06,0.051120,5.381557e-06,1.598507e-01,62,1,0,1,1,0,
019_pitcher_base,s0_complete_v3b_019_pitcher_base_t38,complete_only,1391,0.665670,0.033498,1.007990e-06,8.602482e-06,348,0.022332,2.828329e-07,0.044664,1.933880e-06,0.000000e+00,42,1,0,1,1,0,
019_pitcher_base,s0_complete_v3b_019_pitcher_base_t39,complete_only,27,0.917414,0.044847,1.219565e-04,1.073830e-04,603,0.029898,2.146621e-04,0.059796,1.300985e-04,1.835863e-01,26,1,0,1,1,0,
019_pitcher_base,s0_complete_v3b_019_pitcher_base_t41,complete_only,12,0.935427,0.042861,4.160427e-05,7.685325e-05,417,0.028574,5.203226e-05,0.057148,3.549704e-05,1.195284e-01,17,1,0,1,1,0,
019_pitcher_base,s0_complete_v3b_019_pitcher_base_t42,complete_only,5,0.945096,0.041987,2.743713e-04,9.626336e-04,492,0.027991,4.007063e-04,0.055983,1.415268e-04,8.092108e-01,52,1,0,1,1,0,
019_pitcher_base,s0_complete_v3b_019_pitcher_base_t43,complete_only,30,0.949858,0.043783,2.279421e-06,6.013997e-06,613,0.029188,1.914913e-06,0.058377,3.737635e-06,2.028348e-02,59,1,0,1,1,0,
019_pitcher_base,s0_complete_v3b_019_pitcher_base_t46,complete_only,84,0.927592,0.044258,3.603566e-06,8.678697e-06,719,0.029505,4.376707e-06,0.059010,3.423937e-06,1.676624e-01,88,1,0,1,1,0,
019_pitcher_base,s0_complete_v3b_019_pitcher_base_t48,complete_only,72,0.936786,0.044379,2.921553e-05,9.728345e-05,413,0.029586,4.433426e-05,0.059172,2.188749e-05,1.178397e-01,15,1,0,1,1,0,
019_pitcher_base,s0_complete_v3b_019_pitcher_base_t49,complete_only,98,0.918600,0.043364,2.898394e-06,5.956389e-06,679,0.028909,2.669090e-06,0.057818,5.303539e-06,0.000000e+00,28,1,0,1,1,0,
025_mug,s0_complete_v3b_025_mug_t0,complete_only,0,0.964603,0.020270,8.129328e-07,3.107009e-06,346,0.013513,1.207776e-06,0.027027,7.898990e-07,1.097448e-01,221,1,0,1,1,0,
025_mug,s0_complete_v3b_025_mug_t1,complete_only,19,0.949219,0.020733,3.684075e-06,8.726618e-06,890,0.013822,2.623231e-06,0.027644,6.876486e-06,3.175556e-01,293,1,0,1,1,1,
025_mug,s0_complete_v3b_025_mug_t2,complete_only,65,0.945860,0.021053,8.626484e-07,1.651007e-06,619,0.014036,6.935557e-07,0.028071,9.012748e-07,1.174892e-01,176,1,0,1,1,1,
025_mug,s0_complete_v3b_025_mug_t4,complete_only,44,0.919862,0.021045,2.739471e-06,8.042706e-06,872,0.014030,1.437578e-06,0.028060,4.022676e-06,2.819633e-01,267,1,0,1,1,1,
025_mug,s0_complete_v3b_025_mug_t5,complete_only,90,0.929423,0.021199,2.583195e-06,4.681410e-06,644,0.014133,2.911625e-06,0.028266,2.242250e-06,2.184891e-01,261,1,0,1,1,1,
025_mug,s0_complete_v3b_025_mug_t6,complete_only,18,0.934309,0.021007,1.683133e-05,5.753063e-05,369,0.014005,3.462807e-05,0.028009,1.450973e-05,2.223099e-01,104,1,0,1,1,1,
025_mug,s0_complete_v3b_025_mug_t7,complete_only,290,0.909718,0.019678,8.900168e-07,1.871611e-06,641,0.013118,6.783221e-07,0.026237,8.707060e-07,1.718024e-01,232,1,0,1,1,0,
025_mug,s0_complete_v3b_025_mug_t8,complete_only,12,0.905563,0.019942,1.186252e-06,4.246097e-06,345,0.013295,1.160404e-06,0.026590,3.019853e-06,1.630949e-02,96,1,0,1,1,1,
025_mug,s0_complete_v3b_025_mug_t9,complete_only,2,0.948988,0.021058,4.439718e-06,1.355708e-05,969,0.014039,3.324528e-06,0.028077,6.543078e-06,4.236702e-01,338,1,0,1,1,1,
025_mug,s0_complete_v3b_025_mug_t10,complete_only,115,0.914888,0.020600,3.538649e-05,1.079240e-04,499,0.013733,4.593026e-05,0.027466,2.367321e-05,7.032949e-01,216,1,0,1,1,1,
025_mug,s0_complete_v3b_025_mug_t11,complete_only,34,0.939393,0.020567,8.953446e-06,2.117242e-05,559,0.013711,9.435361e-06,0.027422,8.766005e-06,2.320445e-01,161,1,0,1,1,1,
025_mug,s0_complete_v3b_025_mug_t12,complete_only,289,0.915316,0.019791,9.438389e-07,1.635406e-06,592,0.013194,1.003183e-06,0.026388,8.880505e-07,1.324325e-01,177,1,0,1,1,1,
025_mug,s0_complete_v3b_025_mug_t13,complete_only,9,0.947991,0.020707,8.947120e-07,3.060464e-06,507,0.013805,7.710747e-07,0.027609,9.434592e-07,1.202413e-01,236,1,0,1,1,1,
025_mug,s0_complete_v3b_025_mug_t14,complete_only,3,0.967324,0.020641,2.588757e-05,1.366747e-04,651,0.013761,3.691650e-05,0.027521,2.665752e-05,4.721544e-01,182,1,0,1,1,1,
025_mug,s0_complete_v3b_025_mug_t15,complete_only,18,0.949949,0.020942,9.865193e-07,1.653041e-06,603,0.013961,9.857206e-07,0.027923,1.030435e-06,6.827171e-02,157,1,0,1,1,0,
025_mug,s0_complete_v3b_025_mug_t16,complete_only,67,0.916259,0.021038,1.655207e-05,6.739054e-05,801,0.014025,1.810275e-05,0.028051,1.914865e-05,5.297020e-01,223,1,0,1,1,1,
025_mug,s0_complete_v3b_025_mug_t17,complete_only,56,0.948175,0.020592,5.619796e-06,1.609275e-05,1148,0.013728,5.097989e-06,0.027455,6.381099e-06,2.821674e-01,253,1,0,1,1,1,
025_mug,s0_complete_v3b_025_mug_t18,complete_only,34,0.939005,0.020611,2.712749e-06,5.382490e-06,884,0.013741,2.286987e-06,0.027482,5.134129e-06,1.001922e-01,160,1,0,1,1,1,
025_mug,s0_complete_v3b_025_mug_t19,complete_only,22,0.956536,0.021008,4.681507e-05,1.794674e-04,684,0.014005,3.236844e-05,0.028011,4.132563e-05,3.928499e-01,221,1,0,1,1,1,
025_mug,s0_complete_v3b_025_mug_t20,complete_only,27,0.936285,0.020919,9.186317e-07,2.705969e-06,548,0.013946,1.015980e-06,0.027893,1.022706e-06,1.035645e-01,217,1,0,1,1,1,
025_mug,s0_complete_v3b_025_mug_t21,complete_only,74,0.950923,0.019706,6.282028e-07,1.188879e-06,622,0.013137,6.310959e-07,0.026274,6.622688e-07,1.156919e-01,190,1,0,1,1,0,
025_mug,s0_complete_v3b_025_mug_t22,complete_only,47,0.937264,0.020241,8.490997e-06,1.274632e-05,404,0.013494,4.066682e-06,0.026988,9.432282e-06,2.961336e-01,241,1,0,1,1,1,
025_mug,s0_complete_v3b_025_mug_t23,complete_only,29,0.954506,0.021075,8.766162e-07,1.758892e-06,699,0.014050,9.673247e-07,0.028099,8.348590e-07,3.168062e-02,139,1,0,1,1,1,
025_mug,s0_complete_v3b_025_mug_t24,complete_only,101,0.946258,0.019788,6.882267e-07,1.233656e-06,661,0.013192,7.268751e-07,0.026384,6.686852e-07,1.330905e-01,230,1,0,1,1,1,
025_mug,s0_complete_v3b_025_mug_t25,complete_only,194,0.935234,0.019699,7.454348e-07,1.373695e-06,879,0.013133,7.047960e-07,0.026265,7.753355e-07,9.038301e-02,176,1,0,1,1,1,
025_mug,s0_complete_v3b_025_mug_t26,complete_only,11,0.953194,0.020836,6.537366e-05,2.776388e-04,461,0.013891,1.393596e-04,0.027781,4.666053e-05,5.042082e-01,176,1,0,1,1,1,
025_mug,s0_complete_v3b_025_mug_t27,complete_only,3,0.966818,0.020509,1.429068e-05,6.353044e-05,576,0.013672,1.655915e-05,0.027345,1.634109e-05,5.089254e-01,196,1,0,1,1,1,
025_mug,s0_complete_v3b_025_mug_t28,complete_only,9,0.947952,0.020241,3.364762e-06,2.225661e-05,502,0.013494,2.683059e-06,0.026987,3.739450e-06,1.239162e-01,144,1,0,1,1,1,
025_mug,s0_complete_v3b_025_mug_t29,complete_only,68,0.884619,0.020024,9.319729e-07,2.005222e-06,392,0.013349,7.852351e-07,0.026699,2.191389e-06,9.424146e-02,154,1,0,1,1,1,
025_mug,s0_complete_v3b_025_mug_t30,complete_only,43,0.951372,0.020952,8.224297e-07,1.451055e-06,1149,0.013968,8.695273e-07,0.027936,7.930450e-07,1.875754e-01,278,1,0,1,1,1,
025_mug,s0_complete_v3b_025_mug_t31,complete_only,42,0.933016,0.020840,8.767557e-06,4.106884e-05,1121,0.013893,8.260479e-06,0.027786,9.785884e-06,5.839877e-01,418,1,0,1,1,1,
025_mug,s0_complete_v3b_025_mug_t32,complete_only,92,0.945134,0.021376,1.331762e-06,2.172805e-06,580,0.014251,1.480667e-06,0.028502,1.242674e-06,1.772709e-01,214,1,0,1,1,1,
025_mug,s0_complete_v3b_025_mug_t33,complete_only,44,0.940196,0.020167,1.104107e-06,2.655439e-06,356,0.013445,5.316049e-07,0.026890,1.372228e-06,3.778484e-02,92,1,0,1,1,1,
025_mug,s0_complete_v3b_025_mug_t34,complete_only,124,0.933113,0.020850,8.669967e-07,1.531293e-06,804,0.013900,7.698294e-07,0.027800,8.257009e-07,1.057000e-01,168,1,0,1,1,0,
025_mug,s0_complete_v3b_025_mug_t35,complete_only,22,0.935807,0.020801,9.822060e-07,2.586257e-06,582,0.013867,1.165202e-06,0.027735,9.417966e-07,1.018435e-01,171,1,0,1,1,1,
025_mug,s0_complete_v3b_025_mug_t36,complete_only,193,0.911371,0.019890,5.338012e-07,1.318294e-06,682,0.013260,5.167469e-07,0.026521,6.348414e-07,1.160528e-01,233,1,0,1,1,0,
025_mug,s0_complete_v3b_025_mug_t37,complete_only,145,0.936490,0.019650,6.135870e-07,1.252754e-06,574,0.013100,7.058910e-07,0.026199,6.104504e-07,1.129880e-01,215,1,0,1,1,1,
025_mug,s0_complete_v3b_025_mug_t38,complete_only,60,0.896992,0.020025,7.742619e-07,1.753254e-06,596,0.013350,8.108732e-07,0.026700,7.542376e-07,5.448986e-02,125,1,0,1,1,1,
025_mug,s0_complete_v3b_025_mug_t39,complete_only,52,0.943833,0.020907,1.595059e-06,2.680477e-06,479,0.013938,1.819624e-06,0.027876,1.309191e-06,1.246876e-01,232,1,0,1,1,1,
025_mug,s0_complete_v3b_025_mug_t40,complete_only,69,0.955204,0.019804,6.553356e-07,1.149016e-06,663,0.013203,6.420112e-07,0.026406,6.444465e-07,1.021367e-01,178,1,0,1,1,1,
025_mug,s0_complete_v3b_025_mug_t41,complete_only,5,0.957662,0.020278,2.923469e-06,9.759785e-06,437,0.013518,2.561747e-06,0.027037,3.155853e-06,8.357206e-02,180,1,0,1,1,1,
025_mug,s0_complete_v3b_025_mug_t42,complete_only,193,0.879243,0.020291,1.392650e-04,6.833817e-04,1170,0.013527,1.711005e-04,0.027055,1.262450e-04,8.838315e-01,336,1,0,1,1,0,
025_mug,s0_complete_v3b_025_mug_t43,complete_only,50,0.907741,0.020399,8.556953e-06,2.615490e-05,361,0.013599,6.682162e-06,0.027199,1.126154e-05,3.230821e-01,216,1,0,1,1,1,
025_mug,s0_complete_v3b_025_mug_t44,complete_only,469,0.860794,0.020835,3.146705e-06,4.830451e-06,589,0.013890,3.478165e-06,0.027780,2.770255e-06,1.437103e-01,137,1,0,1,1,1,
025_mug,s0_complete_v3b_025_mug_t45,complete_only,40,0.956107,0.019793,6.798582e-07,1.238247e-06,622,0.013195,7.637830e-07,0.026390,6.473946e-07,1.229274e-01,221,1,0,1,1,1,
025_mug,s0_complete_v3b_025_mug_t46,complete_only,45,0.954336,0.019911,8.156313e-07,2.080762e-06,478,0.013274,7.277099e-07,0.026548,7.780205e-07,8.452103e-02,129,1,0,1,1,0,
025_mug,s0_complete_v3b_025_mug_t47,complete_only,98,0.930976,0.020752,1.402846e-06,3.358784e-06,536,0.013835,1.362219e-06,0.027669,1.234949e-06,1.210890e-01,202,1,0,1,1,1,
025_mug,s0_complete_v3b_025_mug_t48,complete_only,205,0.932349,0.019805,7.090025e-07,1.456339e-06,603,0.013203,6.621559e-07,0.026406,7.348332e-07,1.176578e-01,182,1,0,1,1,1,
025_mug,s0_complete_v3b_025_mug_t49,complete_only,19,0.948345,0.020328,7.691684e-07,1.791598e-06,649,0.013552,7.088321e-07,0.027105,8.549063e-07,2.959726e-02,109,1,0,1,1,1,
051_large_clamp,s0_complete_v3b_051_large_clamp_t0,complete_only,3,0.951484,0.035286,0.000000e+00,0.000000e+00,679,0.023524,0.000000e+00,0.047048,5.968335e-07,0.000000e+00,70,1,0,1,1,1,
051_large_clamp,s0_complete_v3b_051_large_clamp_t1,complete_only,74,0.899035,0.028305,7.542939e-05,4.107380e-04,357,0.018870,2.730110e-04,0.037740,6.366072e-05,1.913172e-01,120,1,0,1,1,1,
051_large_clamp,s0_complete_v3b_051_large_clamp_t2,complete_only,0,0.970097,0.040704,2.061760e-06,3.907819e-06,1668,0.027136,9.881373e-08,0.054273,2.496959e-06,0.000000e+00,160,1,0,1,1,1,
051_large_clamp,s0_complete_v3b_051_large_clamp_t3,complete_only,1,0.963385,0.040488,3.416480e-04,1.600638e-03,1594,0.026992,7.831985e-04,0.053983,2.627312e-04,1.957226e+00,248,1,0,1,1,0,
051_large_clamp,s0_complete_v3b_051_large_clamp_t4,complete_only,0,0.947375,0.031503,1.935847e-04,7.303446e-04,624,0.021002,3.494749e-04,0.042004,1.593315e-04,6.064729e-01,157,1,0,1,1,0,
051_large_clamp,s0_complete_v3b_051_large_clamp_t5,complete_only,0,0.975625,0.040689,1.866442e-06,6.647521e-06,2318,0.027126,1.857805e-06,0.054253,7.523203e-06,1.618286e-01,218,1,0,1,1,1,
051_large_clamp,s0_complete_v3b_051_large_clamp_t6,complete_only,13,0.946477,0.034840,1.797780e-04,7.603262e-04,1341,0.023227,2.714940e-04,0.046453,1.344179e-04,6.974478e-01,206,1,0,1,1,0,
051_large_clamp,s0_complete_v3b_051_large_clamp_t7,complete_only,0,0.983899,0.034995,2.192437e-04,1.541342e-03,3065,0.023330,1.370037e-03,0.046661,1.242029e-04,1.209620e+00,185,1,0,1,1,0,
051_large_clamp,s0_complete_v3b_051_large_clamp_t8,complete_only,0,0.961992,0.037193,2.032926e-04,5.978543e-04,1540,0.024795,2.599822e-04,0.049590,1.034963e-04,1.983881e+00,569,1,0,1,1,0,
051_large_clamp,s0_complete_v3b_051_large_clamp_t9,complete_only,5,0.953752,0.033831,1.946280e-04,7.086582e-04,1302,0.022554,2.510560e-04,0.045108,1.449129e-04,9.121856e-01,230,1,0,1,1,0,
051_large_clamp,s0_complete_v3b_051_large_clamp_t10,complete_only,0,0.954981,0.032992,2.586981e-04,9.137129e-04,922,0.021995,2.884751e-04,0.043989,1.251851e-04,1.365363e+00,236,1,0,1,1,0,
051_large_clamp,s0_complete_v3b_051_large_clamp_t11,complete_only,0,0.968161,0.033157,6.146694e-04,2.466786e-03,873,0.022105,7.980444e-04,0.044209,2.162479e-04,1.025793e+00,241,1,0,1,1,1,
051_large_clamp,s0_complete_v3b_051_large_clamp_t12,complete_only,0,0.962659,0.037819,1.725010e-06,8.610766e-06,1228,0.025213,9.204775e-07,0.050425,1.864180e-06,0.000000e+00,148,1,0,1,1,1,
051_large_clamp,s0_complete_v3b_051_large_clamp_t13,complete_only,8,0.941997,0.033973,0.000000e+00,0.000000e+00,768,0.022649,0.000000e+00,0.045297,0.000000e+00,0.000000e+00,76,1,0,1,1,1,
051_large_clamp,s0_complete_v3b_051_large_clamp_t14,complete_only,0,0.956798,0.034049,4.793144e-04,1.949404e-03,828,0.022699,8.392209e-04,0.045398,2.842677e-04,1.126483e+00,245,1,0,1,1,0,
051_large_clamp,s0_complete_v3b_051_large_clamp_t15,complete_only,0,0.971488,0.042942,9.028618e-05,5.543035e-04,3273,0.028628,7.606340e-05,0.057256,1.524655e-04,2.926592e+00,724,1,0,1,1,0,
051_large_clamp,s0_complete_v3b_051_large_clamp_t16,complete_only,10,0.961367,0.033833,1.951463e-04,8.853468e-04,1099,0.022555,2.200026e-04,0.045111,1.274141e-04,6.860052e-01,204,1,0,1,1,0,
051_large_clamp,s0_complete_v3b_051_large_clamp_t17,complete_only,37,0.950568,0.030658,1.613196e-03,2.598319e-03,517,0.020439,2.310143e-03,0.040877,4.677730e-04,8.532504e-01,184,1,0,1,1,0,
051_large_clamp,s0_complete_v3b_051_large_clamp_t18,complete_only,0,0.951464,0.029272,3.789660e-05,1.046232e-04,439,0.019515,2.966944e-05,0.039029,3.674508e-05,1.688965e-01,131,1,0,1,1,1,
051_large_clamp,s0_complete_v3b_051_large_clamp_t19,complete_only,15,0.949538,0.031217,3.763015e-04,1.676902e-03,638,0.020811,5.452357e-04,0.041623,3.913801e-04,1.728358e+00,278,1,0,1,1,0,
051_large_clamp,s0_complete_v3b_051_large_clamp_t20,complete_only,31,0.945574,0.035052,2.879914e-04,1.135532e-03,971,0.023368,3.782969e-04,0.046736,1.552033e-04,4.767145e-01,254,1,0,1,1,0,
051_large_clamp,s0_complete_v3b_051_large_clamp_t21,complete_only,0,0.974574,0.050848,1.824440e-04,5.420085e-04,1240,0.033899,1.583677e-04,0.067797,2.042155e-04,1.397819e+00,142,1,0,1,1,0,
051_large_clamp,s0_complete_v3b_051_large_clamp_t22,complete_only,0,0.965054,0.037030,1.223617e-06,7.949884e-06,1203,0.024686,5.231948e-07,0.049373,1.387853e-06,0.000000e+00,164,1,0,1,1,1,
051_large_clamp,s0_complete_v3b_051_large_clamp_t23,complete_only,0,0.975857,0.039782,2.291609e-06,1.709172e-05,2021,0.026521,3.460770e-06,0.053042,6.114815e-06,2.651589e-02,163,1,0,1,1,1,
051_large_clamp,s0_complete_v3b_051_large_clamp_t24,complete_only,0,0.974648,0.050446,1.370695e-04,4.504292e-04,1417,0.033630,1.166824e-04,0.067261,1.496280e-04,1.526709e+00,154,1,0,1,1,0,
051_large_clamp,s0_complete_v3b_051_large_clamp_t25,complete_only,9,0.967100,0.049553,6.415327e-04,1.981514e-03,762,0.033035,5.603863e-04,0.066071,6.091819e-04,1.308804e+00,72,1,0,1,1,0,
051_large_clamp,s0_complete_v3b_051_large_clamp_t26,complete_only,0,0.948073,0.032953,2.034051e-04,8.141736e-04,539,0.021969,2.372777e-04,0.043938,1.238541e-04,8.747568e-01,182,1,0,1,1,0,
051_large_clamp,s0_complete_v3b_051_large_clamp_t27,complete_only,0,0.964829,0.033284,4.370332e-04,1.289032e-03,1056,0.022190,5.916670e-04,0.044379,2.801042e-04,7.853544e-01,155,1,0,1,1,1,
051_large_clamp,s0_complete_v3b_051_large_clamp_t28,complete_only,0,0.962642,0.035488,1.980407e-06,6.734661e-06,1547,0.023659,1.887591e-06,0.047318,2.180741e-06,0.000000e+00,151,1,0,1,1,1,
051_large_clamp,s0_complete_v3b_051_large_clamp_t29,complete_only,0,0.980415,0.034400,1.463976e-05,5.047101e-05,3011,0.022934,1.524247e-05,0.045867,1.537327e-05,1.155561e+00,604,1,0,1,1,1,
051_large_clamp,s0_complete_v3b_051_large_clamp_t30,complete_only,0,0.967287,0.043734,3.770218e-04,2.081072e-03,2265,0.029156,6.403061e-04,0.058312,3.704728e-04,1.758628e+00,167,1,0,1,1,0,
051_large_clamp,s0_complete_v3b_051_large_clamp_t31,complete_only,69,0.922976,0.030916,0.000000e+00,0.000000e+00,441,0.020611,0.000000e+00,0.041221,1.168788e-07,0.000000e+00,67,1,0,1,1,0,
051_large_clamp,s0_complete_v3b_051_large_clamp_t32,complete_only,0,0.969357,0.039379,4.166989e-04,2.260012e-03,1810,0.026253,7.111738e-04,0.052505,3.024527e-04,2.722499e+00,415,1,0,1,1,0,
051_large_clamp,s0_complete_v3b_051_large_clamp_t33,complete_only,29,0.954252,0.035588,2.435152e-04,8.068670e-04,1218,0.023725,3.152658e-04,0.047450,1.149474e-04,1.957203e+00,465,1,0,1,1,0,
051_large_clamp,s0_complete_v3b_051_large_clamp_t34,complete_only,0,0.971160,0.047899,7.363090e-05,4.078278e-04,2598,0.031933,1.022934e-04,0.063865,5.692897e-05,1.503981e+00,352,1,0,1,1,0,
051_large_clamp,s0_complete_v3b_051_large_clamp_t35,complete_only,5,0.949962,0.033049,0.000000e+00,0.000000e+00,754,0.022033,0.000000e+00,0.044065,0.000000e+00,0.000000e+00,61,1,0,1,1,1,
051_large_clamp,s0_complete_v3b_051_large_clamp_t36,complete_only,2,0.961213,0.039330,4.180333e-05,2.105498e-04,5169,0.026220,1.396700e-04,0.052440,7.282417e-05,2.842820e+00,958,1,0,1,1,0,
051_large_clamp,s0_complete_v3b_051_large_clamp_t37,complete_only,4,0.948682,0.048035,3.997658e-05,2.317797e-04,6044,0.032023,5.768310e-05,0.064047,5.652270e-05,2.547046e+00,1163,1,0,1,1,1,
051_large_clamp,s0_complete_v3b_051_large_clamp_t38,complete_only,0,0.972674,0.034995,1.045249e-04,3.983052e-04,1693,0.023330,1.752467e-04,0.046660,5.928219e-05,1.717199e+00,547,1,0,1,1,0,
051_large_clamp,s0_complete_v3b_051_large_clamp_t39,complete_only,0,0.970750,0.047055,9.977007e-05,5.654376e-04,2622,0.031370,1.380560e-04,0.062740,1.257736e-04,1.195922e+00,306,1,0,1,1,0,
051_large_clamp,s0_complete_v3b_051_large_clamp_t40,complete_only,2,0.965319,0.043963,5.116647e-04,2.188157e-03,1071,0.029308,1.226475e-03,0.058617,3.031972e-04,2.214686e+00,83,1,0,1,1,0,
051_large_clamp,s0_complete_v3b_051_large_clamp_t41,complete_only,1,0.950490,0.034646,2.591232e-04,1.087769e-03,991,0.023097,6.713206e-04,0.046194,1.103615e-04,7.089786e-01,181,1,0,1,1,0,
051_large_clamp,s0_complete_v3b_051_large_clamp_t42,complete_only,9,0.969242,0.037589,2.296293e-04,6.936569e-04,1416,0.025059,2.526442e-04,0.050119,1.068332e-04,1.629374e+00,412,1,0,1,1,0,
051_large_clamp,s0_complete_v3b_051_large_clamp_t43,complete_only,0,0.964590,0.038952,6.617300e-07,2.312986e-06,1250,0.025968,0.000000e+00,0.051936,1.721025e-06,0.000000e+00,158,1,0,1,1,1,
051_large_clamp,s0_complete_v3b_051_large_clamp_t44,complete_only,3,0.972115,0.040435,2.543872e-06,1.288890e-05,1881,0.026957,2.933354e-06,0.053913,2.302067e-06,2.636464e-01,242,1,0,1,1,1,
051_large_clamp,s0_complete_v3b_051_large_clamp_t45,complete_only,0,0.975039,0.046849,4.910817e-04,1.619652e-03,868,0.031232,5.898478e-04,0.062465,4.389379e-04,1.888420e+00,105,1,0,1,1,0,
051_large_clamp,s0_complete_v3b_051_large_clamp_t46,complete_only,0,0.976920,0.051013,2.321398e-04,5.707615e-04,1192,0.034009,2.546902e-04,0.068018,2.416540e-04,1.629633e+00,121,1,0,1,1,0,
051_large_clamp,s0_complete_v3b_051_large_clamp_t47,complete_only,118,0.928819,0.029998,0.000000e+00,0.000000e+00,482,0.019999,0.000000e+00,0.039998,2.660687e-07,0.000000e+00,94,1,0,1,1,1,
051_large_clamp,s0_complete_v3b_051_large_clamp_t48,complete_only,0,0.968406,0.041453,7.094157e-04,4.071714e-03,1929,0.027636,1.281859e-03,0.055271,4.274255e-04,2.855452e+00,620,1,0,1,1,0,
051_large_clamp,s0_complete_v3b_051_large_clamp_t49,complete_only,0,0.951596,0.035979,1.286097e-04,6.471825e-04,1577,0.023986,2.273786e-04,0.047972,1.608788e-04,2.060663e+00,330,1,0,1,1,0,
052_extra_large_clamp,s0_complete_v3b_052_extra_large_clamp_t0,complete_only,107,0.955013,0.041841,1.200964e-04,6.609166e-04,1863,0.027894,2.645906e-04,0.055787,1.392848e-04,7.244324e-01,173,1,0,1,1,0,
052_extra_large_clamp,s0_complete_v3b_052_extra_large_clamp_t1,complete_only,107,0.905213,0.037602,4.671347e-08,0.000000e+00,413,0.025068,0.000000e+00,0.050137,1.181107e-06,0.000000e+00,41,1,0,1,1,0,
052_extra_large_clamp,s0_complete_v3b_052_extra_large_clamp_t2,complete_only,15,0.954702,0.052138,1.381873e-06,8.344330e-06,1604,0.034758,1.443359e-06,0.069517,2.563946e-06,0.000000e+00,120,1,0,1,1,1,
052_extra_large_clamp,s0_complete_v3b_052_extra_large_clamp_t3,complete_only,0,0.967232,0.058318,3.488228e-04,1.914412e-03,2416,0.038879,7.462231e-04,0.077758,3.279898e-04,2.481731e+00,351,1,0,1,1,0,
052_extra_large_clamp,s0_complete_v3b_052_extra_large_clamp_t4,complete_only,0,0.956303,0.040821,2.533338e-04,1.268853e-03,856,0.027214,7.800669e-04,0.054428,1.364051e-04,7.364539e-01,173,1,0,1,1,0,
052_extra_large_clamp,s0_complete_v3b_052_extra_large_clamp_t5,complete_only,0,0.971209,0.049872,2.828741e-06,1.639676e-05,2090,0.033248,2.834002e-06,0.066496,1.230422e-05,1.719612e-02,114,1,0,1,1,0,
052_extra_large_clamp,s0_complete_v3b_052_extra_large_clamp_t6,complete_only,33,0.949740,0.040950,0.000000e+00,0.000000e+00,653,0.027300,0.000000e+00,0.054599,2.015209e-08,0.000000e+00,58,1,0,1,1,1,
052_extra_large_clamp,s0_complete_v3b_052_extra_large_clamp_t7,complete_only,0,0.978581,0.037770,3.160553e-04,1.544032e-03,1559,0.025180,6.727346e-04,0.050360,2.034443e-04,7.002138e-01,93,1,0,1,1,0,
052_extra_large_clamp,s0_complete_v3b_052_extra_large_clamp_t8,complete_only,41,0.948342,0.041797,7.484626e-05,3.953791e-04,1876,0.027865,7.220058e-05,0.055730,7.482156e-05,1.110023e+00,350,1,0,1,1,0,
052_extra_large_clamp,s0_complete_v3b_052_extra_large_clamp_t9,complete_only,36,0.940719,0.041211,0.000000e+00,0.000000e+00,732,0.027474,0.000000e+00,0.054948,0.000000e+00,0.000000e+00,58,1,0,1,1,1,
052_extra_large_clamp,s0_complete_v3b_052_extra_large_clamp_t10,complete_only,0,0.960125,0.041988,1.040670e-03,3.415765e-03,820,0.027992,1.369600e-03,0.055984,2.352879e-04,9.227145e-01,269,1,0,1,1,0,
052_extra_large_clamp,s0_complete_v3b_052_extra_large_clamp_t11,complete_only,0,0.963908,0.041389,1.345610e-04,5.881981e-04,1981,0.027593,3.530081e-04,0.055185,1.974599e-04,1.205422e+00,307,1,0,1,1,0,
052_extra_large_clamp,s0_complete_v3b_052_extra_large_clamp_t12,complete_only,7,0.963004,0.053242,2.322443e-04,1.609773e-03,4081,0.035494,1.297492e-04,0.070989,2.757642e-04,4.085377e+00,975,1,0,1,1,0,
052_extra_large_clamp,s0_complete_v3b_052_extra_large_clamp_t13,complete_only,18,0.951416,0.041260,1.581036e-04,8.161005e-04,1756,0.027507,2.409037e-04,0.055013,1.516670e-04,6.375066e-01,164,1,0,1,1,0,
052_extra_large_clamp,s0_complete_v3b_052_extra_large_clamp_t14,complete_only,2,0.953786,0.039025,4.781148e-04,2.286293e-03,776,0.026016,9.679090e-04,0.052033,2.338248e-04,6.381699e-01,193,1,0,1,1,0,
052_extra_large_clamp,s0_complete_v3b_052_extra_large_clamp_t15,complete_only,27,0.962870,0.052865,1.842496e-04,1.278722e-03,3694,0.035243,9.674135e-05,0.070487,2.930024e-04,2.422545e+00,399,1,0,1,1,0,
052_extra_large_clamp,s0_complete_v3b_052_extra_large_clamp_t16,complete_only,24,0.948923,0.041139,0.000000e+00,0.000000e+00,661,0.027426,0.000000e+00,0.054852,1.633866e-07,0.000000e+00,59,1,0,1,1,1,
052_extra_large_clamp,s0_complete_v3b_052_extra_large_clamp_t17,complete_only,0,0.948043,0.040341,0.000000e+00,0.000000e+00,749,0.026894,0.000000e+00,0.053788,5.880734e-07,0.000000e+00,139,1,0,1,1,0,
052_extra_large_clamp,s0_complete_v3b_052_extra_large_clamp_t18,complete_only,7,0.950414,0.036350,4.216450e-06,2.478917e-05,651,0.024233,2.594309e-06,0.048466,5.398152e-06,0.000000e+00,88,1,0,1,1,0,
052_extra_large_clamp,s0_complete_v3b_052_extra_large_clamp_t19,complete_only,26,0.918356,0.038068,4.144257e-04,2.196310e-03,940,0.025378,6.551531e-04,0.050757,3.966172e-04,4.707778e-01,160,1,0,1,1,0,
052_extra_large_clamp,s0_complete_v3b_052_extra_large_clamp_t20,complete_only,20,0.948503,0.040582,2.573855e-04,1.398659e-03,1385,0.027055,2.801736e-04,0.054110,3.425797e-04,9.739858e-01,209,1,0,1,1,0,
052_extra_large_clamp,s0_complete_v3b_052_extra_large_clamp_t21,complete_only,7,0.943590,0.063257,2.344365e-06,7.864850e-06,3131,0.042171,2.218307e-06,0.084343,2.993214e-06,2.615667e-01,264,1,0,1,1,0,
052_extra_large_clamp,s0_complete_v3b_052_extra_large_clamp_t22,complete_only,0,0.972310,0.048355,6.335599e-05,4.040510e-04,3826,0.032237,3.580399e-05,0.064473,9.338168e-05,3.360917e+00,1146,1,0,1,1,0,
052_extra_large_clamp,s0_complete_v3b_052_extra_large_clamp_t23,complete_only,1,0.971918,0.049898,1.579821e-06,1.081438e-05,1270,0.033265,0.000000e+00,0.066530,1.618004e-06,0.000000e+00,116,1,0,1,1,1,
052_extra_large_clamp,s0_complete_v3b_052_extra_large_clamp_t24,complete_only,0,0.949046,0.065525,7.158419e-04,2.470687e-03,1068,0.043683,5.381508e-04,0.087366,8.144193e-04,1.916070e+00,98,1,0,1,1,0,
052_extra_large_clamp,s0_complete_v3b_052_extra_large_clamp_t25,complete_only,7,0.955169,0.062185,2.078825e-06,1.094322e-05,2852,0.041457,2.414539e-06,0.082913,3.348029e-06,0.000000e+00,157,1,0,1,1,0,
052_extra_large_clamp,s0_complete_v3b_052_extra_large_clamp_t26,complete_only,7,0.956170,0.041001,3.345888e-05,9.711993e-05,2181,0.027334,6.773059e-05,0.054669,4.971077e-05,7.075081e-01,253,1,0,1,1,0,
052_extra_large_clamp,s0_complete_v3b_052_extra_large_clamp_t27,complete_only,1,0.950975,0.041612,2.284206e-04,1.155924e-03,1659,0.027741,4.859938e-04,0.055482,1.961867e-04,6.964914e-01,287,1,0,1,1,0,
052_extra_large_clamp,s0_complete_v3b_052_extra_large_clamp_t28,complete_only,1,0.939380,0.046911,6.771756e-05,3.518271e-04,3250,0.031274,3.405387e-04,0.062548,5.742909e-05,1.985919e+00,556,1,0,1,1,0,
052_extra_large_clamp,s0_complete_v3b_052_extra_large_clamp_t29,complete_only,4,0.970433,0.040757,2.130377e-05,5.772882e-05,1879,0.027172,1.592663e-05,0.054343,2.500610e-05,9.742087e-01,346,1,0,1,1,0,
052_extra_large_clamp,s0_complete_v3b_052_extra_large_clamp_t30,complete_only,6,0.960644,0.053070,1.361733e-04,9.611292e-04,3757,0.035380,7.571319e-05,0.070760,2.115318e-04,2.606039e+00,545,1,0,1,1,0,
052_extra_large_clamp,s0_complete_v3b_052_extra_large_clamp_t31,complete_only,95,0.921591,0.039457,0.000000e+00,0.000000e+00,540,0.026305,0.000000e+00,0.052609,0.000000e+00,0.000000e+00,48,1,0,1,1,0,
052_extra_large_clamp,s0_complete_v3b_052_extra_large_clamp_t32,complete_only,18,0.941780,0.049475,3.037805e-04,1.526774e-03,2234,0.032983,4.800039e-04,0.065966,3.935668e-04,2.281436e+00,383,1,0,1,1,0,
052_extra_large_clamp,s0_complete_v3b_052_extra_large_clamp_t33,complete_only,4,0.952973,0.041470,5.192006e-05,2.729493e-04,1954,0.027647,9.274068e-05,0.055293,6.584693e-05,1.150667e+00,256,1,0,1,1,0,
052_extra_large_clamp,s0_complete_v3b_052_extra_large_clamp_t34,complete_only,17,0.944553,0.061567,5.487486e-05,3.050190e-04,3882,0.041044,3.993588e-05,0.082089,5.996656e-05,1.326298e+00,317,1,0,1,1,0,
052_extra_large_clamp,s0_complete_v3b_052_extra_large_clamp_t35,complete_only,66,0.944159,0.041291,0.000000e+00,0.000000e+00,673,0.027527,0.000000e+00,0.055055,0.000000e+00,0.000000e+00,55,1,0,1,1,1,
052_extra_large_clamp,s0_complete_v3b_052_extra_large_clamp_t36,complete_only,7,0.967174,0.048840,1.693892e-06,1.042639e-05,1428,0.032560,0.000000e+00,0.065120,3.847201e-06,0.000000e+00,111,1,0,1,1,1,
052_extra_large_clamp,s0_complete_v3b_052_extra_large_clamp_t37,complete_only,0,0.963146,0.057198,1.825824e-06,8.415472e-06,2539,0.038132,1.832941e-06,0.076264,2.132353e-06,1.863869e-01,205,1,0,1,1,1,
052_extra_large_clamp,s0_complete_v3b_052_extra_large_clamp_t38,complete_only,6,0.966155,0.043004,2.992783e-05,1.378916e-04,2852,0.028670,2.942862e-05,0.057339,2.933962e-05,9.915010e-01,348,1,0,1,1,0,
052_extra_large_clamp,s0_complete_v3b_052_extra_large_clamp_t39,complete_only,2,0.955239,0.060305,2.084023e-04,1.157874e-03,3060,0.040204,5.495159e-04,0.080407,2.486791e-04,1.259330e+00,275,1,0,1,1,1,
052_extra_large_clamp,s0_complete_v3b_052_extra_large_clamp_t40,complete_only,0,0.969959,0.055755,1.814321e-04,1.094911e-03,3645,0.037170,1.051904e-04,0.074340,2.752570e-04,1.675271e+00,381,1,0,1,1,0,
052_extra_large_clamp,s0_complete_v3b_052_extra_large_clamp_t41,complete_only,132,0.949914,0.041950,1.961971e-04,9.311093e-04,1490,0.027967,2.739980e-04,0.055934,1.789506e-04,1.224800e+00,177,1,0,1,1,0,
052_extra_large_clamp,s0_complete_v3b_052_extra_large_clamp_t42,complete_only,58,0.945868,0.041446,9.701560e-05,5.637358e-04,1538,0.027631,1.963618e-04,0.055261,9.946888e-05,8.524594e-01,211,1,0,1,1,0,
052_extra_large_clamp,s0_complete_v3b_052_extra_large_clamp_t43,complete_only,0,0.976986,0.046278,5.619362e-05,3.692430e-04,4143,0.030852,3.361301e-05,0.061704,8.302402e-05,3.207661e+00,1088,1,0,1,1,0,
052_extra_large_clamp,s0_complete_v3b_052_extra_large_clamp_t44,complete_only,0,0.971602,0.048973,2.317417e-06,1.519086e-05,1638,0.032649,2.773368e-06,0.065297,3.265730e-06,4.172604e-03,124,1,0,1,1,1,
052_extra_large_clamp,s0_complete_v3b_052_extra_large_clamp_t45,complete_only,6,0.926338,0.069174,1.555096e-05,4.941199e-05,3839,0.046116,3.798033e-06,0.092232,2.896992e-05,4.782206e-01,372,1,0,1,1,1,
052_extra_large_clamp,s0_complete_v3b_052_extra_large_clamp_t46,complete_only,9,0.917059,0.062916,2.370207e-06,9.020755e-06,2975,0.041944,2.222228e-06,0.083888,2.731961e-06,0.000000e+00,154,1,0,1,1,1,
052_extra_large_clamp,s0_complete_v3b_052_extra_large_clamp_t48,complete_only,0,0.971060,0.050084,1.948480e-06,1.376934e-05,1437,0.033389,2.312157e-06,0.066778,2.527632e-06,3.948406e-03,110,1,0,1,1,0,
052_extra_large_clamp,s0_complete_v3b_052_extra_large_clamp_t49,complete_only,52,0.949856,0.050621,2.968176e-04,1.382187e-03,1524,0.033748,4.850385e-04,0.067495,2.421076e-04,2.096899e+00,306,1,0,1,1,0,
010_potted_meat_can,s0_complete_v3b_010_potted_meat_can_t0,complete_only,5,0.857910,0.020733,1.777971e-05,1.024943e-04,606,0.013822,2.204017e-05,0.027644,2.309838e-05,5.827524e-01,445,1,0,1,1,1,
010_potted_meat_can,s0_complete_v3b_010_potted_meat_can_t1,complete_only,10,0.883225,0.020670,1.039109e-05,5.475378e-05,751,0.013780,1.264405e-05,0.027560,1.090555e-05,1.498368e+00,905,1,0,1,1,1,
010_potted_meat_can,s0_complete_v3b_010_potted_meat_can_t2,complete_only,61,0.776475,0.021424,4.168601e-05,1.279334e-04,407,0.014283,6.171548e-05,0.028566,2.260343e-05,3.682185e-01,400,1,0,1,1,1,
010_potted_meat_can,s0_complete_v3b_010_potted_meat_can_t3,complete_only,0,0.826597,0.020254,1.925955e-05,6.731454e-05,786,0.013503,1.432590e-05,0.027006,2.446333e-05,6.697655e-01,460,1,0,1,1,1,
010_potted_meat_can,s0_complete_v3b_010_potted_meat_can_t4,complete_only,1,0.870764,0.021665,5.464161e-06,2.179793e-05,762,0.014443,6.472288e-06,0.028886,6.450206e-06,9.055492e-01,713,1,0,1,1,0,
010_potted_meat_can,s0_complete_v3b_010_potted_meat_can_t5,complete_only,0,0.827681,0.021314,6.292518e-06,2.758212e-05,678,0.014209,6.562585e-06,0.028418,5.813570e-06,7.292605e-01,583,1,0,1,1,0,
010_potted_meat_can,s0_complete_v3b_010_potted_meat_can_t6,complete_only,0,0.853089,0.020836,1.246997e-05,9.083995e-06,435,0.013891,2.277008e-05,0.027782,1.306331e-05,1.575963e-01,294,1,0,1,1,1,
010_potted_meat_can,s0_complete_v3b_010_potted_meat_can_t7,complete_only,0,0.949534,0.022427,9.218423e-06,2.535232e-05,839,0.014951,5.307108e-06,0.029902,1.299266e-05,5.574594e-01,533,1,0,1,1,1,
010_potted_meat_can,s0_complete_v3b_010_potted_meat_can_t8,complete_only,0,0.933368,0.019963,9.917329e-06,3.942561e-05,719,0.013308,9.216972e-06,0.026617,1.090796e-05,7.565898e-01,556,1,0,1,1,1,
010_potted_meat_can,s0_complete_v3b_010_potted_meat_can_t9,complete_only,22,0.835508,0.020769,9.939066e-06,2.502592e-05,426,0.013846,9.307349e-06,0.027692,7.668485e-06,3.930246e-01,442,1,0,1,1,1,
010_potted_meat_can,s0_complete_v3b_010_potted_meat_can_t10,complete_only,155,0.793309,0.022010,4.699174e-06,1.076376e-05,601,0.014673,3.383655e-06,0.029347,6.592508e-06,3.754052e-01,388,1,0,1,1,1,
010_potted_meat_can,s0_complete_v3b_010_potted_meat_can_t11,complete_only,117,0.774578,0.021773,5.450845e-06,1.347408e-05,613,0.014515,5.168963e-06,0.029030,8.665836e-06,5.716499e-01,436,1,0,1,1,1,
010_potted_meat_can,s0_complete_v3b_010_potted_meat_can_t12,complete_only,31,0.851583,0.020329,1.327097e-05,4.311287e-06,596,0.013553,1.489031e-06,0.027105,1.441420e-05,3.600679e-01,478,1,0,1,1,1,
010_potted_meat_can,s0_complete_v3b_010_potted_meat_can_t13,complete_only,11,0.862070,0.020842,3.521974e-05,3.004920e-04,430,0.013895,4.121245e-05,0.027789,3.114575e-05,6.494522e-01,468,1,0,1,1,1,
010_potted_meat_can,s0_complete_v3b_010_potted_meat_can_t14,complete_only,90,0.775222,0.021709,4.467232e-05,1.773291e-04,542,0.014473,6.691815e-05,0.028945,2.781970e-05,4.923794e-01,434,1,0,1,1,1,
010_potted_meat_can,s0_complete_v3b_010_potted_meat_can_t15,complete_only,0,0.855222,0.020642,1.373051e-05,2.723754e-05,615,0.013761,1.553131e-05,0.027522,1.066805e-05,8.808808e-01,603,1,0,1,1,1,
010_potted_meat_can,s0_complete_v3b_010_potted_meat_can_t16,complete_only,4,0.856851,0.020749,1.322522e-05,7.038712e-05,848,0.013833,1.599451e-05,0.027666,1.341079e-05,1.478593e+00,878,1,0,1,1,1,
010_potted_meat_can,s0_complete_v3b_010_potted_meat_can_t17,complete_only,0,0.942188,0.021171,1.688012e-05,1.232451e-04,609,0.014114,1.450597e-05,0.028228,2.488490e-05,3.989721e-01,413,1,0,1,1,1,
010_potted_meat_can,s0_complete_v3b_010_potted_meat_can_t18,complete_only,0,0.861431,0.020678,8.611368e-06,4.082110e-05,521,0.013785,9.720911e-06,0.027570,8.029095e-06,6.927032e-01,528,1,0,1,1,0,
010_potted_meat_can,s0_complete_v3b_010_potted_meat_can_t19,complete_only,1,0.900539,0.020618,2.726311e-05,1.088833e-04,694,0.013745,5.006692e-05,0.027490,2.104364e-05,1.338637e+00,748,1,0,1,1,0,
010_potted_meat_can,s0_complete_v3b_010_potted_meat_can_t20,complete_only,1,0.874723,0.020762,1.095770e-05,1.145651e-05,446,0.013841,1.485524e-05,0.027683,1.100758e-05,2.151060e-01,339,1,0,1,1,1,
010_potted_meat_can,s0_complete_v3b_010_potted_meat_can_t21,complete_only,0,0.919388,0.021199,1.749418e-05,6.676961e-05,691,0.014132,1.695095e-05,0.028265,2.512864e-05,5.801261e-01,452,1,0,1,1,1,
010_potted_meat_can,s0_complete_v3b_010_potted_meat_can_t22,complete_only,68,0.850137,0.020724,1.734432e-05,2.900141e-05,799,0.013816,1.579535e-05,0.027633,2.254598e-05,6.113041e-01,545,1,0,1,1,1,
010_potted_meat_can,s0_complete_v3b_010_potted_meat_can_t23,complete_only,2,0.773277,0.021548,4.688868e-06,1.124371e-05,730,0.014365,4.713300e-06,0.028731,5.602681e-06,1.137480e+00,812,1,0,1,1,0,
010_potted_meat_can,s0_complete_v3b_010_potted_meat_can_t24,complete_only,1,0.892722,0.020862,3.558163e-06,1.569384e-05,699,0.013908,4.980646e-06,0.027817,6.752514e-06,4.408830e-01,461,1,0,1,1,1,
010_potted_meat_can,s0_complete_v3b_010_potted_meat_can_t25,complete_only,2,0.940895,0.020476,9.709459e-07,5.758907e-06,412,0.013651,6.805448e-07,0.027301,1.179537e-06,1.519077e-01,308,1,0,1,1,1,
010_potted_meat_can,s0_complete_v3b_010_potted_meat_can_t26,complete_only,129,0.750709,0.021598,1.004749e-05,4.251153e-05,571,0.014399,9.252922e-06,0.028798,1.174986e-05,4.870239e-01,443,1,0,1,1,1,
010_potted_meat_can,s0_complete_v3b_010_potted_meat_can_t27,complete_only,53,0.825839,0.021821,7.527729e-06,3.118885e-05,694,0.014547,8.340581e-06,0.029095,1.091570e-05,6.185114e-01,481,1,0,1,1,1,
010_potted_meat_can,s0_complete_v3b_010_potted_meat_can_t28,complete_only,0,0.844258,0.020429,2.861917e-05,5.673844e-05,520,0.013619,1.293857e-05,0.027239,3.920544e-05,5.113668e-01,523,1,0,1,1,0,
010_potted_meat_can,s0_complete_v3b_010_potted_meat_can_t29,complete_only,1,0.956403,0.020192,1.544998e-06,2.881195e-06,800,0.013461,1.567293e-06,0.026922,1.482236e-06,6.912356e-01,768,1,0,1,1,1,
010_potted_meat_can,s0_complete_v3b_010_potted_meat_can_t30,complete_only,0,0.841417,0.020658,5.969908e-06,1.540093e-05,803,0.013772,6.254091e-06,0.027543,6.022411e-06,1.103485e+00,864,1,0,1,1,1,
010_potted_meat_can,s0_complete_v3b_010_potted_meat_can_t31,complete_only,4,0.879306,0.020584,2.199894e-05,1.035750e-04,693,0.013723,3.873151e-05,0.027446,1.768422e-05,1.114870e+00,619,1,0,1,1,0,
010_potted_meat_can,s0_complete_v3b_010_potted_meat_can_t32,complete_only,3,0.787938,0.021487,5.439747e-06,1.185723e-05,705,0.014325,3.808409e-06,0.028650,6.619737e-06,4.793932e-01,529,1,0,1,1,1,
010_potted_meat_can,s0_complete_v3b_010_potted_meat_can_t33,complete_only,0,0.927057,0.019905,2.141616e-05,9.422104e-05,643,0.013270,2.735144e-05,0.026540,2.350254e-05,8.575254e-01,543,1,0,1,1,1,
010_potted_meat_can,s0_complete_v3b_010_potted_meat_can_t34,complete_only,0,0.923611,0.020151,1.379102e-06,2.410471e-06,661,0.013434,1.214825e-06,0.026868,1.446686e-06,4.131925e-01,524,1,0,1,1,0,
010_potted_meat_can,s0_complete_v3b_010_potted_meat_can_t35,complete_only,0,0.851607,0.020984,3.999858e-05,2.357977e-04,507,0.013990,4.366315e-05,0.027979,4.947335e-05,6.718770e-01,489,1,0,1,1,1,
010_potted_meat_can,s0_complete_v3b_010_potted_meat_can_t36,complete_only,14,0.870929,0.020508,9.430745e-06,5.483683e-06,624,0.013672,2.178613e-06,0.027344,7.594575e-06,2.700836e-01,372,1,0,1,1,1,
010_potted_meat_can,s0_complete_v3b_010_potted_meat_can_t37,complete_only,0,0.897529,0.020814,1.554309e-05,1.683367e-04,673,0.013876,1.714114e-05,0.027752,1.909015e-05,6.507896e-01,568,1,0,1,1,1,
010_potted_meat_can,s0_complete_v3b_010_potted_meat_can_t38,complete_only,0,0.900264,0.020588,2.966237e-06,7.344771e-06,870,0.013725,2.648228e-06,0.027451,3.534822e-06,7.759004e-01,651,1,0,1,1,1,
010_potted_meat_can,s0_complete_v3b_010_potted_meat_can_t39,complete_only,2,0.927325,0.020004,2.164830e-06,6.054266e-06,523,0.013336,1.963410e-06,0.026672,2.662466e-06,7.550860e-01,680,1,0,1,1,1,
010_potted_meat_can,s0_complete_v3b_010_potted_meat_can_t40,complete_only,0,0.889599,0.020840,1.007117e-05,4.696541e-05,727,0.013893,1.242429e-05,0.027787,9.049517e-06,6.261877e-01,454,1,0,1,1,0,
010_potted_meat_can,s0_complete_v3b_010_potted_meat_can_t41,complete_only,1,0.884574,0.020606,2.447283e-05,6.265455e-05,777,0.013737,1.387779e-05,0.027475,2.818233e-05,7.003542e-01,495,1,0,1,1,0,
010_potted_meat_can,s0_complete_v3b_010_potted_meat_can_t42,complete_only,0,0.935844,0.019939,1.609168e-05,8.718376e-05,625,0.013293,1.320917e-05,0.026585,1.733558e-05,1.049757e+00,581,1,0,1,1,1,
010_potted_meat_can,s0_complete_v3b_010_potted_meat_can_t43,complete_only,9,0.886360,0.020840,2.025467e-06,5.392350e-06,520,0.013893,2.035721e-06,0.027786,8.399958e-06,4.301193e-01,494,1,0,1,1,1,
010_potted_meat_can,s0_complete_v3b_010_potted_meat_can_t44,complete_only,2,0.830691,0.021154,4.755426e-06,1.926029e-05,681,0.014103,5.393272e-06,0.028206,5.300524e-06,1.388528e+00,866,1,0,1,1,0,
010_potted_meat_can,s0_complete_v3b_010_potted_meat_can_t45,complete_only,17,0.889041,0.022329,6.871527e-06,6.137120e-06,763,0.014886,1.283749e-06,0.029773,2.123039e-05,7.216194e-01,540,1,0,1,1,1,
010_potted_meat_can,s0_complete_v3b_010_potted_meat_can_t46,complete_only,0,0.942197,0.021364,2.279618e-05,1.565151e-04,639,0.014242,1.418383e-05,0.028485,2.926420e-05,7.843232e-01,525,1,0,1,1,1,
010_potted_meat_can,s0_complete_v3b_010_potted_meat_can_t47,complete_only,1,0.929284,0.020583,9.736618e-06,2.412372e-06,581,0.013722,1.266547e-06,0.027444,2.668096e-05,4.994622e-01,473,1,0,1,1,0,
010_potted_meat_can,s0_complete_v3b_010_potted_meat_can_t48,complete_only,9,0.789361,0.021279,3.061296e-06,7.196925e-06,589,0.014186,2.944066e-06,0.028372,3.520795e-06,5.394911e-01,538,1,0,1,1,1,
010_potted_meat_can,s0_complete_v3b_010_potted_meat_can_t49,complete_only,12,0.898414,0.020740,2.675414e-05,2.802903e-05,461,0.013827,1.262185e-05,0.027653,3.319693e-05,4.595785e-01,428,1,0,1,1,1,
003_cracker_box,s0_complete_v3b_003_cracker_box_t0,complete_only,11,0.929707,0.042309,1.867986e-03,6.077840e-03,437,0.028206,2.772505e-03,0.056412,5.139732e-04,1.544113e-01,32,1,0,1,1,0,
003_cracker_box,s0_complete_v3b_003_cracker_box_t1,complete_only,115,0.828964,0.042794,1.305294e-04,8.026279e-04,882,0.028529,2.514350e-03,0.057059,1.542472e-04,2.564646e-01,109,1,0,1,1,0,
003_cracker_box,s0_complete_v3b_003_cracker_box_t2,complete_only,5,0.933140,0.049704,1.360024e-03,6.488370e-03,878,0.033136,2.321783e-03,0.066272,1.067437e-03,1.334468e-01,39,1,0,1,1,0,
003_cracker_box,s0_complete_v3b_003_cracker_box_t3,complete_only,3,0.913128,0.043482,5.515727e-04,2.562796e-03,778,0.028988,7.293988e-04,0.057976,1.500536e-04,3.283120e-01,45,1,0,1,1,0,
003_cracker_box,s0_complete_v3b_003_cracker_box_t4,complete_only,68,0.934823,0.051966,9.612130e-05,4.565199e-04,930,0.034644,2.238522e-04,0.069288,1.815303e-04,2.545576e-02,37,1,0,1,1,0,
003_cracker_box,s0_complete_v3b_003_cracker_box_t5,complete_only,226,0.876915,0.046084,1.565566e-05,8.059558e-05,807,0.030723,1.355252e-05,0.061446,2.164918e-05,5.611781e-02,27,1,0,1,1,0,
003_cracker_box,s0_complete_v3b_003_cracker_box_t6,complete_only,181,0.772521,0.043630,5.034206e-05,3.113516e-04,1158,0.029087,6.854706e-05,0.058174,6.373012e-05,1.399813e-01,55,1,0,1,1,0,
003_cracker_box,s0_complete_v3b_003_cracker_box_t7,complete_only,37,0.861501,0.038817,4.940071e-04,1.951287e-03,478,0.025878,1.894989e-03,0.051757,1.044602e-04,9.465856e-02,69,1,0,1,1,0,
003_cracker_box,s0_complete_v3b_003_cracker_box_t8,complete_only,624,0.937811,0.040061,2.900021e-06,6.797604e-06,1206,0.026708,3.066607e-06,0.053415,2.847521e-06,2.622294e-01,169,1,0,1,1,0,
003_cracker_box,s0_complete_v3b_003_cracker_box_t9,complete_only,78,0.859527,0.042837,7.154979e-05,2.667630e-04,1437,0.028558,8.773548e-05,0.057116,8.639243e-05,4.289671e-02,25,1,0,1,1,0,
003_cracker_box,s0_complete_v3b_003_cracker_box_t10,complete_only,163,0.913680,0.048655,1.108681e-03,5.147978e-03,748,0.032437,2.831256e-03,0.064874,1.035648e-03,2.712263e-01,94,1,0,1,1,1,
003_cracker_box,s0_complete_v3b_003_cracker_box_t11,complete_only,67,0.915782,0.048862,3.795217e-04,1.394234e-03,880,0.032575,2.813455e-04,0.065150,5.739313e-04,2.411016e-02,28,1,0,1,1,1,
003_cracker_box,s0_complete_v3b_003_cracker_box_t12,complete_only,32,0.838130,0.043841,4.565158e-05,1.936609e-04,1498,0.029227,6.113913e-05,0.058454,6.020366e-05,3.576447e-01,117,1,0,1,1,1,
003_cracker_box,s0_complete_v3b_003_cracker_box_t13,complete_only,160,0.939294,0.047719,1.606047e-05,5.559704e-05,2118,0.031813,1.403871e-05,0.063626,1.782401e-05,1.501126e-01,59,1,0,1,1,0,
003_cracker_box,s0_complete_v3b_003_cracker_box_t14,complete_only,274,0.852954,0.037393,1.085761e-03,2.578472e-03,1285,0.024929,1.151935e-03,0.049858,3.270746e-04,1.804325e+00,331,1,0,1,1,0,
003_cracker_box,s0_complete_v3b_003_cracker_box_t15,complete_only,78,0.969101,0.033783,5.272320e-06,2.067266e-05,2656,0.022522,4.992053e-06,0.045044,5.572690e-06,7.546731e-01,361,1,0,1,1,0,
003_cracker_box,s0_complete_v3b_003_cracker_box_t16,complete_only,92,0.854596,0.043227,7.825351e-05,5.400890e-04,1310,0.028818,2.204593e-04,0.057636,1.015126e-04,3.155884e-01,100,1,0,1,1,0,
003_cracker_box,s0_complete_v3b_003_cracker_box_t17,complete_only,506,0.875793,0.044857,1.897187e-04,1.049671e-03,620,0.029905,1.987586e-04,0.059810,1.676899e-04,1.101678e-01,33,1,0,1,1,1,
003_cracker_box,s0_complete_v3b_003_cracker_box_t18,complete_only,745,0.856967,0.012747,1.639459e-05,6.911945e-05,1168,0.008498,1.612340e-05,0.016996,1.659463e-05,1.454824e+00,732,1,0,1,1,0,
003_cracker_box,s0_complete_v3b_003_cracker_box_t19,complete_only,29,0.862042,0.043836,5.771683e-05,1.871436e-05,1081,0.029224,1.910378e-04,0.058448,7.700100e-05,1.267968e-01,64,1,0,1,1,0,
003_cracker_box,s0_complete_v3b_003_cracker_box_t20,complete_only,577,0.647381,0.043556,4.825036e-04,1.471064e-03,666,0.029037,5.528906e-04,0.058075,1.975592e-04,2.143489e-01,47,1,0,1,1,0,
003_cracker_box,s0_complete_v3b_003_cracker_box_t21,complete_only,646,0.845287,0.043409,2.578334e-04,7.919110e-04,374,0.028939,1.890902e-04,0.057879,2.207458e-04,1.785109e-01,15,1,0,1,1,0,
003_cracker_box,s0_complete_v3b_003_cracker_box_t22,complete_only,1,0.961009,0.038872,4.525261e-05,9.700207e-05,10172,0.025915,3.108267e-05,0.051830,7.130658e-05,2.506366e+00,1458,1,0,1,1,0,
003_cracker_box,s0_complete_v3b_003_cracker_box_t23,complete_only,22,0.942864,0.050422,1.975071e-03,7.464295e-03,905,0.033615,2.793853e-03,0.067229,1.360711e-03,5.850234e-01,44,1,0,1,1,0,
003_cracker_box,s0_complete_v3b_003_cracker_box_t24,complete_only,321,0.887544,0.043130,2.937485e-05,1.740984e-04,971,0.028753,3.771171e-05,0.057506,3.815788e-05,6.926074e-01,151,1,0,1,1,0,
003_cracker_box,s0_complete_v3b_003_cracker_box_t26,complete_only,552,0.786742,0.046404,3.481280e-05,2.270269e-04,238,0.030936,2.242153e-05,0.061872,7.909598e-05,1.333139e-01,106,1,0,1,1,0,
003_cracker_box,s0_complete_v3b_003_cracker_box_t27,complete_only,348,0.834895,0.045354,2.181909e-04,1.393835e-04,1287,0.030236,3.369626e-04,0.060471,2.597498e-04,9.513250e-01,224,1,0,1,1,0,
003_cracker_box,s0_complete_v3b_003_cracker_box_t28,complete_only,182,0.860979,0.043297,4.460423e-04,1.292293e-03,664,0.028865,3.872592e-04,0.057729,1.964713e-04,3.625516e-01,56,1,0,1,1,1,
003_cracker_box,s0_complete_v3b_003_cracker_box_t29,complete_only,1470,0.774342,0.040530,1.553995e-06,2.469350e-06,1483,0.027020,1.595578e-06,0.054040,1.596668e-06,1.234692e-01,148,1,0,1,1,0,
003_cracker_box,s0_complete_v3b_003_cracker_box_t30,complete_only,32,0.957329,0.040755,5.506607e-06,1.375263e-05,1475,0.027170,5.609593e-06,0.054340,5.262734e-06,1.475756e-01,82,1,0,1,1,0,
003_cracker_box,s0_complete_v3b_003_cracker_box_t31,complete_only,326,0.875973,0.042656,7.367129e-05,2.135971e-04,1441,0.028437,6.038770e-05,0.056875,6.957278e-05,3.006529e-01,67,1,0,1,1,0,
003_cracker_box,s0_complete_v3b_003_cracker_box_t32,complete_only,0,0.950965,0.047745,1.502781e-03,3.883334e-03,534,0.031830,1.582301e-03,0.063660,8.521059e-04,3.621888e-01,30,1,0,1,1,0,
003_cracker_box,s0_complete_v3b_003_cracker_box_t33,complete_only,2,0.969757,0.041563,1.672894e-05,6.678567e-05,1225,0.027709,8.433065e-05,0.055418,1.448381e-05,2.815005e-01,110,1,0,1,1,1,
003_cracker_box,s0_complete_v3b_003_cracker_box_t34,complete_only,214,0.967715,0.040234,2.512180e-06,4.919805e-06,2025,0.026823,2.527454e-06,0.053645,2.421138e-06,2.600561e-01,190,1,0,1,1,0,
003_cracker_box,s0_complete_v3b_003_cracker_box_t35,complete_only,63,0.854821,0.043372,1.200767e-03,4.444343e-03,556,0.028915,1.514406e-03,0.057830,3.810770e-04,2.096101e-01,29,1,0,1,1,0,
003_cracker_box,s0_complete_v3b_003_cracker_box_t37,complete_only,398,0.832142,0.044771,1.046367e-04,4.113477e-04,786,0.029847,7.200425e-04,0.059694,1.343387e-04,1.326390e+00,314,1,0,1,1,0,
003_cracker_box,s0_complete_v3b_003_cracker_box_t38,complete_only,841,0.945214,0.040999,2.178104e-06,5.157615e-06,837,0.027332,2.218399e-06,0.054665,2.410879e-06,3.697032e-02,58,1,0,1,1,0,
003_cracker_box,s0_complete_v3b_003_cracker_box_t39,complete_only,0,0.974798,0.033414,5.141744e-05,2.968920e-04,454,0.022276,2.498081e-04,0.044552,3.148108e-05,2.210012e-01,81,1,0,1,1,0,
003_cracker_box,s0_complete_v3b_003_cracker_box_t40,complete_only,50,0.947369,0.047107,3.455956e-04,1.729879e-03,830,0.031405,6.216232e-04,0.062809,4.247337e-04,1.183883e-01,31,1,0,1,1,0,
003_cracker_box,s0_complete_v3b_003_cracker_box_t41,complete_only,45,0.945735,0.042796,5.866440e-04,2.360508e-03,683,0.028531,5.358599e-04,0.057062,2.246822e-04,5.756420e-01,124,1,0,1,1,0,
003_cracker_box,s0_complete_v3b_003_cracker_box_t42,complete_only,246,0.958751,0.039813,3.377097e-06,7.980466e-06,1611,0.026542,3.451517e-06,0.053083,3.306762e-06,8.251644e-02,68,1,0,1,1,1,
003_cracker_box,s0_complete_v3b_003_cracker_box_t43,complete_only,45,0.921200,0.042558,2.750259e-04,1.076097e-03,619,0.028372,4.080818e-04,0.056744,1.483713e-04,1.527521e-01,32,1,0,1,1,1,
003_cracker_box,s0_complete_v3b_003_cracker_box_t44,complete_only,10,0.954061,0.049777,1.344422e-03,4.702798e-03,652,0.033185,1.618120e-03,0.066369,7.617288e-04,3.113841e-01,45,1,0,1,1,0,
003_cracker_box,s0_complete_v3b_003_cracker_box_t45,complete_only,411,0.901337,0.037855,1.964909e-05,1.454383e-04,1231,0.025237,1.097056e-04,0.050474,1.597670e-05,1.890018e-01,135,1,0,1,1,0,
003_cracker_box,s0_complete_v3b_003_cracker_box_t46,complete_only,211,0.915404,0.044833,2.944440e-05,1.528395e-04,1062,0.029889,5.457571e-05,0.059777,2.361575e-05,6.003217e-01,145,1,0,1,1,0,
003_cracker_box,s0_complete_v3b_003_cracker_box_t47,complete_only,502,0.860602,0.039503,2.414157e-06,5.993905e-06,761,0.026335,2.863491e-06,0.052670,2.549135e-06,4.514243e-02,61,1,0,1,1,0,
003_cracker_box,s0_complete_v3b_003_cracker_box_t48,complete_only,41,0.947974,0.046896,2.983791e-03,1.349454e-02,350,0.031264,4.893009e-03,0.062528,1.842630e-03,7.774550e-01,49,1,0,1,1,0,
003_cracker_box,s0_complete_v3b_003_cracker_box_t49,complete_only,176,0.926899,0.042165,3.863995e-04,1.926470e-03,767,0.028110,4.559194e-04,0.056220,2.126144e-04,8.085197e-01,111,1,0,1,1,0,
022_windex_bottle,s0_complete_v3b_022_windex_bottle_t0,complete_only,35,0.880076,0.049368,4.681467e-06,1.845760e-05,908,0.032912,0.000000e+00,0.065824,1.026636e-05,0.000000e+00,69,1,0,1,1,0,
022_windex_bottle,s0_complete_v3b_022_windex_bottle_t1,complete_only,32,0.892259,0.047720,7.433809e-05,4.935801e-04,351,0.031813,1.374290e-05,0.063626,7.002426e-05,0.000000e+00,45,1,0,1,1,1,
022_windex_bottle,s0_complete_v3b_022_windex_bottle_t2,complete_only,4,0.939901,0.047460,0.000000e+00,0.000000e+00,578,0.031640,0.000000e+00,0.063280,2.603307e-06,0.000000e+00,65,1,0,1,1,0,
022_windex_bottle,s0_complete_v3b_022_windex_bottle_t3,complete_only,23,0.867906,0.049417,1.868682e-06,4.674423e-06,716,0.032945,0.000000e+00,0.065890,8.177055e-06,0.000000e+00,68,1,0,1,1,1,
022_windex_bottle,s0_complete_v3b_022_windex_bottle_t4,complete_only,53,0.916732,0.049305,2.447055e-04,2.771838e-03,525,0.032870,1.492416e-04,0.065740,2.908123e-04,0.000000e+00,60,1,0,1,1,1,
022_windex_bottle,s0_complete_v3b_022_windex_bottle_t6,complete_only,35,0.900948,0.047327,3.268788e-05,1.108906e-04,990,0.031551,1.400289e-05,0.063103,7.683667e-05,0.000000e+00,108,1,0,1,1,0,
022_windex_bottle,s0_complete_v3b_022_windex_bottle_t7,complete_only,0,0.957292,0.047621,2.736107e-05,1.744548e-04,850,0.031747,7.897147e-06,0.063495,4.587007e-05,6.526508e-02,72,1,0,1,1,1,
022_windex_bottle,s0_complete_v3b_022_windex_bottle_t8,complete_only,20,0.944832,0.045702,2.240008e-05,1.000954e-04,634,0.030468,1.639365e-05,0.060936,2.554878e-05,3.934219e-02,83,1,0,1,1,1,
022_windex_bottle,s0_complete_v3b_022_windex_bottle_t9,complete_only,29,0.898569,0.047233,2.787716e-05,4.536650e-05,901,0.031489,0.000000e+00,0.062978,5.936784e-05,0.000000e+00,77,1,0,1,1,1,
022_windex_bottle,s0_complete_v3b_022_windex_bottle_t10,complete_only,51,0.891094,0.049310,1.709271e-04,7.952943e-04,657,0.032873,5.841458e-06,0.065747,2.250737e-04,0.000000e+00,30,1,0,1,1,1,
022_windex_bottle,s0_complete_v3b_022_windex_bottle_t11,complete_only,3,0.935704,0.048725,1.219541e-04,3.342741e-04,844,0.032484,5.002093e-05,0.064967,1.305999e-04,0.000000e+00,65,1,0,1,1,0,
022_windex_bottle,s0_complete_v3b_022_windex_bottle_t12,complete_only,8,0.932715,0.050819,1.104740e-06,0.000000e+00,528,0.033879,0.000000e+00,0.067759,1.083002e-05,0.000000e+00,72,1,0,1,1,1,
022_windex_bottle,s0_complete_v3b_022_windex_bottle_t13,complete_only,28,0.902687,0.048607,1.317863e-05,7.135804e-05,706,0.032405,0.000000e+00,0.064809,3.518015e-05,0.000000e+00,47,1,0,1,1,0,
022_windex_bottle,s0_complete_v3b_022_windex_bottle_t14,complete_only,24,0.897152,0.049080,1.080328e-04,8.995606e-04,730,0.032720,4.408586e-05,0.065440,1.143756e-04,0.000000e+00,66,1,0,1,1,1,
022_windex_bottle,s0_complete_v3b_022_windex_bottle_t15,complete_only,2,0.899716,0.047232,8.833548e-06,1.025951e-04,552,0.031488,0.000000e+00,0.062975,1.371559e-05,0.000000e+00,70,1,0,1,1,0,
022_windex_bottle,s0_complete_v3b_022_windex_bottle_t16,complete_only,31,0.880122,0.047085,1.419840e-05,3.229167e-05,970,0.031390,5.274578e-07,0.062779,4.259656e-05,0.000000e+00,89,1,0,1,1,1,
022_windex_bottle,s0_complete_v3b_022_windex_bottle_t18,complete_only,53,0.913368,0.046671,3.804809e-04,1.547579e-03,635,0.031114,1.089888e-03,0.062228,2.125191e-04,3.591877e-01,97,1,0,1,1,0,
022_windex_bottle,s0_complete_v3b_022_windex_bottle_t19,complete_only,65,0.863493,0.047668,2.365253e-05,5.091164e-05,860,0.031779,3.022639e-06,0.063557,5.654112e-05,0.000000e+00,109,1,0,1,1,1,
022_windex_bottle,s0_complete_v3b_022_windex_bottle_t20,complete_only,58,0.898903,0.047339,1.486061e-05,1.186699e-04,1007,0.031559,1.072304e-06,0.063118,3.624643e-05,0.000000e+00,66,1,0,1,1,0,
022_windex_bottle,s0_complete_v3b_022_windex_bottle_t21,complete_only,0,0.936250,0.047567,6.774892e-05,5.979859e-04,1431,0.031711,1.470242e-04,0.063423,8.508356e-05,2.948694e-02,65,1,0,1,1,1,
022_windex_bottle,s0_complete_v3b_022_windex_bottle_t22,complete_only,15,0.932989,0.050737,2.248550e-07,0.000000e+00,564,0.033825,0.000000e+00,0.067650,8.669504e-06,0.000000e+00,73,1,0,1,1,1,
022_windex_bottle,s0_complete_v3b_022_windex_bottle_t24,complete_only,5,0.934501,0.047542,3.279242e-05,1.280985e-04,822,0.031695,5.315612e-05,0.063390,5.186278e-05,1.106433e-01,103,1,0,1,1,1,
022_windex_bottle,s0_complete_v3b_022_windex_bottle_t25,complete_only,27,0.959254,0.047582,1.952871e-05,9.929584e-05,910,0.031721,9.396316e-06,0.063443,3.179712e-05,3.189540e-02,77,1,0,1,1,1,
022_windex_bottle,s0_complete_v3b_022_windex_bottle_t27,complete_only,12,0.913748,0.049714,1.054135e-04,1.510949e-04,594,0.033143,4.362904e-05,0.066286,1.225819e-04,0.000000e+00,37,1,0,1,1,1,
022_windex_bottle,s0_complete_v3b_022_windex_bottle_t28,complete_only,46,0.922411,0.050453,2.145500e-06,1.133116e-05,634,0.033636,0.000000e+00,0.067271,9.743124e-06,0.000000e+00,87,1,0,1,1,1,
022_windex_bottle,s0_complete_v3b_022_windex_bottle_t29,complete_only,0,0.919061,0.047719,2.683489e-06,6.570687e-06,641,0.031813,0.000000e+00,0.063625,3.838669e-05,0.000000e+00,37,1,0,1,1,1,
022_windex_bottle,s0_complete_v3b_022_windex_bottle_t30,complete_only,4,0.918502,0.048619,1.912353e-06,1.602263e-05,582,0.032413,0.000000e+00,0.064825,5.421032e-06,0.000000e+00,52,1,0,1,1,0,
022_windex_bottle,s0_complete_v3b_022_windex_bottle_t31,complete_only,57,0.881328,0.046953,0.000000e+00,0.000000e+00,441,0.031302,0.000000e+00,0.062604,1.235155e-05,0.000000e+00,32,1,0,1,1,1,
022_windex_bottle,s0_complete_v3b_022_windex_bottle_t32,complete_only,1231,0.252078,0.030398,9.158343e-06,4.065341e-05,1256,0.020265,4.937140e-06,0.040531,1.386805e-05,3.614136e-01,143,1,0,1,1,0,
022_windex_bottle,s0_complete_v3b_022_windex_bottle_t33,complete_only,10,0.957969,0.045299,7.334680e-06,8.422921e-05,589,0.030199,4.433089e-06,0.060399,1.131461e-05,0.000000e+00,84,1,0,1,1,0,
022_windex_bottle,s0_complete_v3b_022_windex_bottle_t34,complete_only,11,0.916131,0.048831,1.172322e-05,1.582342e-04,675,0.032554,0.000000e+00,0.065108,1.621309e-05,0.000000e+00,41,1,0,1,1,0,
022_windex_bottle,s0_complete_v3b_022_windex_bottle_t35,complete_only,32,0.906222,0.048052,1.096183e-05,1.125870e-04,1027,0.032035,5.496797e-07,0.064070,2.581848e-05,0.000000e+00,67,1,0,1,1,0,
022_windex_bottle,s0_complete_v3b_022_windex_bottle_t36,complete_only,2,0.940964,0.050588,2.162179e-04,7.856581e-04,708,0.033725,4.109448e-04,0.067451,1.215988e-04,3.169293e-02,58,1,0,1,1,1,
022_windex_bottle,s0_complete_v3b_022_windex_bottle_t37,complete_only,6,0.942058,0.047090,6.542872e-05,3.795993e-04,688,0.031393,4.349859e-05,0.062786,8.315491e-05,3.667045e-02,73,1,0,1,1,1,
022_windex_bottle,s0_complete_v3b_022_windex_bottle_t38,complete_only,22,0.928502,0.026058,1.576859e-03,2.916907e-03,170,0.017372,2.139874e-03,0.034744,4.440039e-04,5.420199e-02,119,1,0,1,1,0,
022_windex_bottle,s0_complete_v3b_022_windex_bottle_t39,complete_only,59,0.894584,0.048801,1.467793e-05,2.088785e-04,775,0.032534,0.000000e+00,0.065069,1.976921e-05,0.000000e+00,77,1,0,1,1,0,
022_windex_bottle,s0_complete_v3b_022_windex_bottle_t40,complete_only,38,0.914867,0.046930,3.427802e-05,1.550687e-04,1185,0.031287,2.421059e-05,0.062573,3.962470e-05,0.000000e+00,59,1,0,1,1,1,
022_windex_bottle,s0_complete_v3b_022_windex_bottle_t41,complete_only,28,0.895241,0.049061,9.199092e-06,1.650993e-05,762,0.032708,0.000000e+00,0.065415,1.968813e-05,0.000000e+00,53,1,0,1,1,0,
022_windex_bottle,s0_complete_v3b_022_windex_bottle_t42,complete_only,16,0.948352,0.045875,2.797966e-05,2.632890e-04,740,0.030583,3.699919e-05,0.061166,2.628066e-05,7.400378e-02,58,1,0,1,1,1,
022_windex_bottle,s0_complete_v3b_022_windex_bottle_t43,complete_only,31,0.933395,0.050783,2.624861e-06,8.894145e-06,641,0.033855,0.000000e+00,0.067710,1.198427e-05,0.000000e+00,58,1,0,1,1,0,
022_windex_bottle,s0_complete_v3b_022_windex_bottle_t44,complete_only,5,0.916401,0.047098,3.558156e-05,2.467124e-04,1077,0.031399,1.602937e-05,0.062798,3.865180e-05,0.000000e+00,70,1,0,1,1,1,
022_windex_bottle,s0_complete_v3b_022_windex_bottle_t45,complete_only,0,0.956188,0.047364,1.476468e-04,5.315690e-04,947,0.031576,3.283239e-04,0.063152,1.063090e-04,2.834240e-02,66,1,0,1,1,0,
022_windex_bottle,s0_complete_v3b_022_windex_bottle_t46,complete_only,2,0.916216,0.047223,1.025556e-04,6.674537e-04,857,0.031482,2.517032e-04,0.062964,7.681911e-05,5.420060e-02,77,1,0,1,1,1,
022_windex_bottle,s0_complete_v3b_022_windex_bottle_t47,complete_only,33,0.957039,0.027744,2.524255e-06,1.240245e-05,304,0.018496,0.000000e+00,0.036993,9.315528e-06,1.614442e-01,131,1,0,1,1,0,
022_windex_bottle,s0_complete_v3b_022_windex_bottle_t48,complete_only,37,0.923795,0.046884,2.691503e-05,2.372964e-04,965,0.031256,9.874934e-06,0.062512,3.473494e-05,0.000000e+00,71,1,0,1,1,0,
022_windex_bottle,s0_complete_v3b_022_windex_bottle_t49,complete_only,65,0.886050,0.049987,1.901109e-06,0.000000e+00,730,0.033324,0.000000e+00,0.066649,5.366604e-06,0.000000e+00,50,1,0,1,1,0,
004_sugar_box,s0_complete_v3b_004_sugar_box_t0,complete_only,166,0.927282,0.033189,6.739375e-04,3.369520e-03,757,0.022126,4.838737e-04,0.044253,4.158637e-04,7.780447e-01,156,1,0,1,1,1,
004_sugar_box,s0_complete_v3b_004_sugar_box_t1,complete_only,147,0.923490,0.031270,2.032269e-04,7.052328e-04,629,0.020847,2.567662e-04,0.041693,1.424772e-04,4.005014e-01,116,1,0,1,1,1,
004_sugar_box,s0_complete_v3b_004_sugar_box_t2,complete_only,24,0.918671,0.034494,6.366071e-05,3.541457e-04,992,0.022996,8.945472e-05,0.045992,8.034169e-05,8.598820e-01,366,1,0,1,1,0,
004_sugar_box,s0_complete_v3b_004_sugar_box_t3,complete_only,8,0.928019,0.030907,8.746944e-05,3.257345e-04,594,0.020605,1.057685e-04,0.041210,6.942337e-05,2.869745e-01,75,1,0,1,1,1,
004_sugar_box,s0_complete_v3b_004_sugar_box_t4,complete_only,31,0.942949,0.034232,6.879532e-04,2.178272e-03,402,0.022822,9.920087e-04,0.045643,2.213705e-04,5.039210e-01,79,1,0,1,1,1,
004_sugar_box,s0_complete_v3b_004_sugar_box_t5,complete_only,23,0.941246,0.034772,6.488187e-04,1.783178e-03,415,0.023181,5.754136e-04,0.046363,5.093560e-04,6.350389e-01,93,1,0,1,1,1,
004_sugar_box,s0_complete_v3b_004_sugar_box_t6,complete_only,25,0.926146,0.031592,9.339942e-04,3.213687e-03,440,0.021061,1.207299e-03,0.042122,7.931466e-04,5.191555e-01,81,1,0,1,1,1,
004_sugar_box,s0_complete_v3b_004_sugar_box_t7,complete_only,719,0.859721,0.031157,1.463779e-05,4.017531e-05,140,0.020771,1.844140e-05,0.041543,3.594445e-06,4.400826e-02,8,1,0,1,1,1,
004_sugar_box,s0_complete_v3b_004_sugar_box_t8,complete_only,39,0.916564,0.033439,1.041983e-03,9.589897e-03,871,0.022293,1.082836e-02,0.044585,9.961078e-05,2.497092e-01,116,1,0,1,1,1,
004_sugar_box,s0_complete_v3b_004_sugar_box_t9,complete_only,14,0.922691,0.031638,1.917885e-03,3.935141e-03,360,0.021092,3.007202e-03,0.042184,1.207853e-03,3.636105e-01,70,1,0,1,1,1,
004_sugar_box,s0_complete_v3b_004_sugar_box_t10,complete_only,12,0.922397,0.032505,5.109966e-04,1.347573e-03,457,0.021670,5.637661e-04,0.043340,2.710891e-04,6.378043e-01,225,1,0,1,1,1,
004_sugar_box,s0_complete_v3b_004_sugar_box_t11,complete_only,0,0.942942,0.033943,5.104139e-04,1.802061e-03,670,0.022628,7.824977e-04,0.045257,2.057310e-04,3.057732e-01,67,1,0,1,1,1,
004_sugar_box,s0_complete_v3b_004_sugar_box_t12,complete_only,5,0.881175,0.031141,4.450934e-04,1.172652e-03,819,0.020761,5.601209e-04,0.041522,1.912506e-04,4.811191e-01,137,1,0,1,1,1,
004_sugar_box,s0_complete_v3b_004_sugar_box_t13,complete_only,0,0.895067,0.029404,2.436311e-04,9.927592e-04,759,0.019603,3.566440e-04,0.039205,6.495678e-05,6.284945e-02,50,1,0,1,1,0,
004_sugar_box,s0_complete_v3b_004_sugar_box_t14,complete_only,43,0.937599,0.034655,1.185937e-04,6.843103e-04,1053,0.023104,3.667710e-04,0.046207,1.302956e-04,6.331454e-01,202,1,0,1,1,1,
004_sugar_box,s0_complete_v3b_004_sugar_box_t15,complete_only,34,0.922483,0.031900,3.658428e-03,7.692917e-03,582,0.021267,6.448308e-03,0.042534,7.969380e-04,4.017060e-01,85,1,0,1,1,0,
004_sugar_box,s0_complete_v3b_004_sugar_box_t16,complete_only,18,0.912023,0.031567,4.219291e-04,2.325938e-03,739,0.021045,6.044154e-04,0.042089,3.075421e-04,6.343370e-01,138,1,0,1,1,1,
004_sugar_box,s0_complete_v3b_004_sugar_box_t17,complete_only,18,0.950544,0.031074,4.513895e-05,2.581303e-04,248,0.020716,5.745473e-05,0.041432,3.996219e-05,1.592480e-01,48,1,0,1,1,1,
004_sugar_box,s0_complete_v3b_004_sugar_box_t18,complete_only,5,0.926216,0.032267,1.003831e-04,2.046688e-04,418,0.021511,1.384702e-04,0.043022,8.462238e-05,2.046212e-01,80,1,0,1,1,1,
004_sugar_box,s0_complete_v3b_004_sugar_box_t19,complete_only,7,0.936465,0.032735,8.258340e-04,2.060004e-03,434,0.021823,9.978934e-04,0.043646,5.876049e-04,5.901319e-01,67,1,0,1,1,1,
004_sugar_box,s0_complete_v3b_004_sugar_box_t20,complete_only,94,0.892425,0.031214,1.107885e-03,3.278927e-03,479,0.020809,1.424897e-03,0.041618,8.899805e-04,5.650034e-01,85,1,0,1,1,1,
004_sugar_box,s0_complete_v3b_004_sugar_box_t21,complete_only,108,0.931279,0.030672,6.565579e-06,6.529809e-06,1010,0.020448,8.226844e-06,0.040896,7.110604e-06,1.125736e-01,142,1,0,1,1,1,
004_sugar_box,s0_complete_v3b_004_sugar_box_t22,complete_only,55,0.899873,0.032944,8.545745e-04,1.939588e-03,591,0.021963,1.088601e-03,0.043925,6.498836e-04,1.180816e+00,245,1,0,1,1,1,
004_sugar_box,s0_complete_v3b_004_sugar_box_t23,complete_only,66,0.933998,0.034559,6.296437e-05,4.396149e-04,1074,0.023040,1.289339e-04,0.046079,7.657235e-05,3.733905e-01,181,1,0,1,1,1,
004_sugar_box,s0_complete_v3b_004_sugar_box_t24,complete_only,53,0.941510,0.031129,2.353371e-06,7.629114e-06,666,0.020753,2.081940e-06,0.041506,2.128612e-06,0.000000e+00,104,1,0,1,1,1,
004_sugar_box,s0_complete_v3b_004_sugar_box_t25,complete_only,341,0.909076,0.029872,1.100940e-06,3.284684e-06,778,0.019915,1.008195e-06,0.039830,1.170160e-06,2.401542e-01,368,1,0,1,1,0,
004_sugar_box,s0_complete_v3b_004_sugar_box_t26,complete_only,64,0.917479,0.034387,1.412899e-04,1.177773e-03,707,0.022925,4.881226e-04,0.045850,1.480322e-04,4.765625e-01,145,1,0,1,1,1,
004_sugar_box,s0_complete_v3b_004_sugar_box_t27,complete_only,0,0.935606,0.034157,4.001085e-04,2.359218e-03,888,0.022771,8.916759e-04,0.045542,2.137247e-04,5.704729e-01,146,1,0,1,1,1,
004_sugar_box,s0_complete_v3b_004_sugar_box_t28,complete_only,136,0.897156,0.032918,1.101886e-03,3.291682e-03,641,0.021945,1.263483e-03,0.043891,7.236698e-04,6.267744e-01,128,1,0,1,1,1,
004_sugar_box,s0_complete_v3b_004_sugar_box_t29,complete_only,1982,0.025624,0.030781,1.149670e-06,1.842315e-06,3126,0.020521,1.161678e-06,0.041041,1.141457e-06,4.856588e-01,554,1,0,1,1,0,
004_sugar_box,s0_complete_v3b_004_sugar_box_t30,complete_only,60,0.814106,0.031615,1.228092e-03,2.908238e-03,723,0.021076,1.231119e-03,0.042153,1.099368e-03,1.549861e+00,192,1,0,1,1,1,
004_sugar_box,s0_complete_v3b_004_sugar_box_t31,complete_only,11,0.944818,0.032518,2.426911e-04,1.333145e-03,734,0.021678,2.981322e-04,0.043357,1.236993e-04,3.394891e-01,123,1,0,1,1,1,
004_sugar_box,s0_complete_v3b_004_sugar_box_t32,complete_only,0,0.972599,0.030777,1.196325e-04,6.770099e-04,1282,0.020518,2.575330e-04,0.041036,1.100200e-04,4.671662e-01,110,1,0,1,1,0,
004_sugar_box,s0_complete_v3b_004_sugar_box_t33,complete_only,54,0.913831,0.031219,9.589281e-04,2.042883e-03,767,0.020813,1.374001e-03,0.041626,2.567159e-04,5.360149e-01,199,1,0,1,1,1,
004_sugar_box,s0_complete_v3b_004_sugar_box_t34,complete_only,646,0.939541,0.029456,1.247776e-06,3.112054e-06,1308,0.019637,1.264316e-06,0.039274,1.216277e-06,1.801500e-01,209,1,0,1,1,0,
004_sugar_box,s0_complete_v3b_004_sugar_box_t35,complete_only,13,0.918411,0.031465,1.390138e-03,4.921754e-03,438,0.020977,2.151314e-03,0.041953,1.106762e-03,5.547344e-01,57,1,0,1,1,1,
004_sugar_box,s0_complete_v3b_004_sugar_box_t36,complete_only,27,0.908360,0.031134,2.460840e-06,5.605974e-06,597,0.020756,2.285674e-06,0.041511,5.023566e-06,2.474940e-01,206,1,0,1,1,1,
004_sugar_box,s0_complete_v3b_004_sugar_box_t37,complete_only,64,0.916425,0.032838,2.239105e-05,9.779835e-05,615,0.021892,2.639941e-05,0.043784,2.434838e-05,1.395892e-01,60,1,0,1,1,1,
004_sugar_box,s0_complete_v3b_004_sugar_box_t38,complete_only,1377,0.886561,0.029947,2.975301e-06,1.274174e-05,1700,0.019965,3.099786e-06,0.039930,2.919930e-06,2.212716e-01,170,1,0,1,1,1,
004_sugar_box,s0_complete_v3b_004_sugar_box_t39,complete_only,59,0.906554,0.030295,1.685811e-04,6.372998e-04,522,0.020196,2.005756e-04,0.040393,9.747391e-05,2.746086e-01,86,1,0,1,1,0,
004_sugar_box,s0_complete_v3b_004_sugar_box_t40,complete_only,15,0.941323,0.033398,4.268023e-04,9.654275e-04,544,0.022265,5.052695e-04,0.044531,3.003791e-04,8.999625e-01,113,1,0,1,1,1,
004_sugar_box,s0_complete_v3b_004_sugar_box_t41,complete_only,104,0.936457,0.032927,5.649478e-04,1.921368e-03,684,0.021951,5.618934e-04,0.043902,3.727276e-04,5.159988e-01,91,1,0,1,1,1,
004_sugar_box,s0_complete_v3b_004_sugar_box_t42,complete_only,26,0.899540,0.031950,2.293634e-03,5.823110e-03,856,0.021300,3.405532e-03,0.042601,1.807143e-04,4.080510e-01,126,1,0,1,1,1,
004_sugar_box,s0_complete_v3b_004_sugar_box_t43,complete_only,37,0.899381,0.031748,7.204543e-04,2.487059e-03,587,0.021166,9.110526e-04,0.042331,4.981351e-04,8.743608e-01,107,1,0,1,1,1,
004_sugar_box,s0_complete_v3b_004_sugar_box_t44,complete_only,89,0.927491,0.034199,5.265732e-04,1.345955e-03,415,0.022800,5.272287e-04,0.045599,2.799407e-04,7.826951e-01,95,1,0,1,1,1,
004_sugar_box,s0_complete_v3b_004_sugar_box_t45,complete_only,381,0.927894,0.031656,2.089542e-05,2.776782e-06,610,0.021104,8.779432e-06,0.042209,2.374880e-05,9.336541e-02,139,1,0,1,1,1,
004_sugar_box,s0_complete_v3b_004_sugar_box_t46,complete_only,22,0.936258,0.030611,8.472830e-06,1.060484e-05,951,0.020407,8.645466e-06,0.040814,9.293166e-06,4.178691e-03,61,1,0,1,1,1,
004_sugar_box,s0_complete_v3b_004_sugar_box_t47,complete_only,62,0.937216,0.030711,2.403502e-05,2.887024e-05,616,0.020474,1.500121e-05,0.040948,1.667619e-05,9.689063e-02,101,1,0,1,1,1,
004_sugar_box,s0_complete_v3b_004_sugar_box_t48,complete_only,6,0.942653,0.032160,1.411720e-03,4.021527e-03,535,0.021440,1.719521e-03,0.042880,1.099733e-03,1.086591e+00,105,1,0,1,1,0,
004_sugar_box,s0_complete_v3b_004_sugar_box_t49,complete_only,60,0.948766,0.032401,1.676447e-04,4.356915e-04,695,0.021601,2.406487e-04,0.043201,7.204790e-05,7.097387e-01,285,1,0,1,1,0,
