object,trial,arm,grasp_id,confidence,patch_radius,patch_epi_mean,patch_epi_p95,patch_n,sens_lo_radius,patch_epi_mean_sens_lo,sens_hi_radius,patch_epi_mean_sens_hi,duarte_sigma_sum,duarte_box_n,geometry_gate_pass,uq_rejected,chosen,executed,lift_success,support_d_obs_mm
005_tomato_soup_can,s0_complete_hgate_005_tomato_soup_can_t0,complete_only,1,0.953727,0.019032,2.681753e-05,8.078046e-05,543,0.012688,3.298300e-05,0.025376,1.780366e-05,5.115224e-01,348,1,0,1,1,1,
005_tomato_soup_can,s0_complete_hgate_005_tomato_soup_can_t1,complete_only,0,0.966889,0.019450,1.914955e-05,8.001253e-05,677,0.012967,2.559796e-05,0.025933,1.641175e-05,5.280164e-01,339,1,0,1,1,1,
005_tomato_soup_can,s0_complete_hgate_005_tomato_soup_can_t2,complete_only,0,0.964587,0.019245,7.790221e-06,2.333182e-05,407,0.012830,8.311814e-06,0.025660,5.044629e-06,2.955531e-01,258,1,0,1,1,1,
005_tomato_soup_can,s0_complete_hgate_005_tomato_soup_can_t3,complete_only,0,0.958148,0.018907,1.432457e-05,4.957653e-05,529,0.012604,1.622075e-05,0.025209,9.477176e-06,4.567252e-01,373,1,0,1,1,1,
005_tomato_soup_can,s0_complete_hgate_005_tomato_soup_can_t4,complete_only,0,0.961386,0.018911,2.773547e-05,6.685435e-05,413,0.012607,3.486030e-05,0.025215,1.993804e-05,4.165765e-01,343,1,0,1,1,1,
005_tomato_soup_can,s0_complete_hgate_005_tomato_soup_can_t5,complete_only,0,0.964319,0.019215,1.014788e-05,2.406951e-05,527,0.012810,1.185945e-05,0.025620,7.483539e-06,3.444687e-01,303,1,0,1,1,1,
005_tomato_soup_can,s0_complete_hgate_005_tomato_soup_can_t6,complete_only,0,0.957213,0.018845,3.360249e-05,8.324027e-05,366,0.012563,4.086317e-05,0.025126,2.623639e-05,4.440430e-01,289,1,0,1,1,0,
005_tomato_soup_can,s0_complete_hgate_005_tomato_soup_can_t7,complete_only,0,0.955944,0.019228,1.718021e-05,5.879363e-05,538,0.012819,1.935525e-05,0.025637,1.093636e-05,3.438802e-01,241,1,0,1,1,1,
005_tomato_soup_can,s0_complete_hgate_005_tomato_soup_can_t8,complete_only,0,0.967711,0.019190,1.435547e-05,3.628515e-05,370,0.012793,1.763404e-05,0.025586,8.539147e-06,3.234998e-01,263,1,0,1,1,1,
005_tomato_soup_can,s0_complete_hgate_005_tomato_soup_can_t9,complete_only,0,0.963030,0.019111,1.141945e-05,5.177988e-05,527,0.012741,1.424553e-05,0.025481,7.625637e-06,5.223168e-01,387,1,0,1,1,1,
005_tomato_soup_can,s0_complete_hgate_005_tomato_soup_can_t10,complete_only,0,0.942020,0.019724,2.940953e-05,9.481817e-05,534,0.013149,3.025437e-05,0.026299,2.236005e-05,5.664553e-01,362,1,0,1,1,1,
005_tomato_soup_can,s0_complete_hgate_005_tomato_soup_can_t11,complete_only,0,0.944574,0.019143,2.398820e-05,7.661865e-05,522,0.012762,2.534222e-05,0.025524,1.964828e-05,6.340121e-01,368,1,0,1,1,1,
005_tomato_soup_can,s0_complete_hgate_005_tomato_soup_can_t12,complete_only,0,0.956829,0.018895,9.186815e-06,2.694901e-05,389,0.012597,1.009363e-05,0.025193,6.344487e-06,3.224621e-01,248,1,0,1,1,1,
005_tomato_soup_can,s0_complete_hgate_005_tomato_soup_can_t13,complete_only,0,0.962222,0.018848,1.150462e-05,3.342673e-05,427,0.012566,1.241825e-05,0.025131,8.157416e-06,3.204651e-01,278,1,0,1,1,1,
005_tomato_soup_can,s0_complete_hgate_005_tomato_soup_can_t14,complete_only,0,0.954641,0.019262,2.210037e-05,8.172943e-05,598,0.012842,2.517115e-05,0.025683,1.511062e-05,5.085574e-01,355,1,0,1,1,1,
005_tomato_soup_can,s0_complete_hgate_005_tomato_soup_can_t15,complete_only,0,0.962464,0.019339,9.454328e-06,2.961141e-05,408,0.012892,1.088898e-05,0.025785,7.100128e-06,3.585176e-01,282,1,0,1,1,1,
005_tomato_soup_can,s0_complete_hgate_005_tomato_soup_can_t16,complete_only,0,0.959638,0.019131,2.940886e-05,8.509461e-05,401,0.012754,3.420762e-05,0.025508,2.288967e-05,5.337867e-01,403,1,0,1,1,1,
005_tomato_soup_can,s0_complete_hgate_005_tomato_soup_can_t17,complete_only,0,0.977100,0.019117,4.748630e-05,1.201331e-04,267,0.012745,5.770735e-05,0.025490,2.970271e-05,2.232969e-01,215,1,0,1,1,1,
005_tomato_soup_can,s0_complete_hgate_005_tomato_soup_can_t18,complete_only,0,0.963759,0.019158,4.900430e-05,1.748602e-04,288,0.012772,6.560395e-05,0.025544,3.702795e-05,3.538105e-01,296,1,0,1,1,1,
005_tomato_soup_can,s0_complete_hgate_005_tomato_soup_can_t19,complete_only,0,0.960463,0.019028,3.615379e-05,1.104295e-04,391,0.012685,4.122639e-05,0.025371,2.340812e-05,5.505591e-01,287,1,0,1,1,1,
005_tomato_soup_can,s0_complete_hgate_005_tomato_soup_can_t20,complete_only,0,0.962887,0.018929,3.705335e-05,9.156317e-05,369,0.012619,4.826626e-05,0.025239,2.879569e-05,5.788692e-01,340,1,0,1,1,1,
005_tomato_soup_can,s0_complete_hgate_005_tomato_soup_can_t21,complete_only,0,0.952462,0.019100,1.345032e-05,3.409936e-05,360,0.012733,1.422739e-05,0.025467,9.644328e-06,4.346629e-01,295,1,0,1,1,1,
005_tomato_soup_can,s0_complete_hgate_005_tomato_soup_can_t22,complete_only,1,0.957056,0.019187,6.426870e-06,1.971987e-05,552,0.012791,7.149356e-06,0.025582,4.523778e-06,2.501361e-01,252,1,0,1,1,1,
005_tomato_soup_can,s0_complete_hgate_005_tomato_soup_can_t23,complete_only,0,0.966930,0.019081,1.724347e-05,5.702969e-05,481,0.012721,2.179576e-05,0.025442,1.322944e-05,2.863218e-01,257,1,0,1,1,1,
005_tomato_soup_can,s0_complete_hgate_005_tomato_soup_can_t24,complete_only,0,0.956954,0.019109,8.216282e-06,2.020528e-05,415,0.012740,1.063099e-05,0.025479,4.572286e-06,3.866889e-01,294,1,0,1,1,1,
005_tomato_soup_can,s0_complete_hgate_005_tomato_soup_can_t25,complete_only,0,0.967668,0.019219,1.099981e-05,3.298840e-05,435,0.012813,1.111530e-05,0.025625,7.777026e-06,3.053604e-01,260,1,0,1,1,1,
005_tomato_soup_can,s0_complete_hgate_005_tomato_soup_can_t26,complete_only,1,0.942020,0.019175,1.823574e-05,5.427120e-05,377,0.012783,1.880676e-05,0.025567,1.793967e-05,3.913845e-01,285,1,0,1,1,0,
005_tomato_soup_can,s0_complete_hgate_005_tomato_soup_can_t27,complete_only,0,0.943276,0.019300,1.722751e-05,7.353387e-05,668,0.012867,1.638770e-05,0.025734,1.327770e-05,6.613876e-01,408,1,0,1,1,1,
005_tomato_soup_can,s0_complete_hgate_005_tomato_soup_can_t28,complete_only,0,0.951486,0.018978,5.340743e-06,1.672595e-05,471,0.012652,5.706806e-06,0.025304,4.690916e-06,3.848015e-01,333,1,0,1,1,1,
005_tomato_soup_can,s0_complete_hgate_005_tomato_soup_can_t29,complete_only,0,0.963513,0.019145,1.377830e-05,3.812531e-05,542,0.012763,1.649440e-05,0.025526,8.096768e-06,1.863433e-01,200,1,0,1,1,1,
005_tomato_soup_can,s0_complete_hgate_005_tomato_soup_can_t30,complete_only,0,0.963254,0.019285,9.015429e-06,2.834262e-05,535,0.012856,1.060943e-05,0.025713,8.905417e-06,2.487592e-01,241,1,0,1,1,1,
005_tomato_soup_can,s0_complete_hgate_005_tomato_soup_can_t31,complete_only,0,0.962234,0.019355,1.449617e-05,6.020414e-05,550,0.012903,1.700593e-05,0.025806,9.967335e-06,5.120575e-01,311,1,0,1,1,1,
005_tomato_soup_can,s0_complete_hgate_005_tomato_soup_can_t32,complete_only,0,0.969793,0.019019,2.645282e-05,7.829393e-05,373,0.012679,3.209124e-05,0.025359,1.608966e-05,4.704412e-01,291,1,0,1,1,1,
005_tomato_soup_can,s0_complete_hgate_005_tomato_soup_can_t33,complete_only,2,0.959530,0.019191,9.653866e-06,2.896360e-05,423,0.012794,1.144412e-05,0.025588,6.727779e-06,2.943307e-01,251,1,0,1,1,1,
005_tomato_soup_can,s0_complete_hgate_005_tomato_soup_can_t34,complete_only,0,0.972208,0.019138,3.595570e-05,8.295351e-05,381,0.012759,4.023294e-05,0.025518,2.856792e-05,5.519466e-01,323,1,0,1,1,1,
005_tomato_soup_can,s0_complete_hgate_005_tomato_soup_can_t35,complete_only,1,0.949987,0.018946,1.663676e-05,5.098038e-05,505,0.012631,1.533108e-05,0.025261,1.465785e-05,5.007183e-01,350,1,0,1,1,1,
005_tomato_soup_can,s0_complete_hgate_005_tomato_soup_can_t36,complete_only,0,0.969254,0.019020,2.593116e-05,7.972142e-05,465,0.012680,3.459690e-05,0.025360,2.411022e-05,4.037770e-01,257,1,0,1,1,1,
005_tomato_soup_can,s0_complete_hgate_005_tomato_soup_can_t37,complete_only,2,0.961246,0.018817,1.214839e-05,3.708948e-05,558,0.012545,1.322894e-05,0.025090,8.083067e-06,3.701214e-01,291,1,0,1,1,1,
005_tomato_soup_can,s0_complete_hgate_005_tomato_soup_can_t38,complete_only,2,0.952199,0.019299,9.360395e-06,1.805750e-05,440,0.012866,1.113369e-05,0.025732,7.346314e-06,3.736289e-01,292,1,0,1,1,1,
005_tomato_soup_can,s0_complete_hgate_005_tomato_soup_can_t39,complete_only,0,0.972454,0.019357,1.123885e-05,3.532173e-05,520,0.012904,1.908153e-05,0.025809,7.220355e-06,3.545051e-01,276,1,0,1,1,1,
005_tomato_soup_can,s0_complete_hgate_005_tomato_soup_can_t40,complete_only,3,0.950618,0.019007,7.277480e-06,1.793239e-05,528,0.012671,8.255618e-06,0.025342,5.060707e-06,2.594674e-01,280,1,0,1,1,1,
005_tomato_soup_can,s0_complete_hgate_005_tomato_soup_can_t41,complete_only,0,0.955333,0.018979,2.689823e-05,8.005286e-05,447,0.012653,3.397263e-05,0.025306,1.938261e-05,5.900428e-01,287,1,0,1,1,1,
005_tomato_soup_can,s0_complete_hgate_005_tomato_soup_can_t42,complete_only,0,0.968059,0.019220,2.971158e-05,9.074579e-05,367,0.012813,3.394420e-05,0.025626,1.877718e-05,3.655318e-01,257,1,0,1,1,1,
005_tomato_soup_can,s0_complete_hgate_005_tomato_soup_can_t43,complete_only,2,0.942682,0.018955,1.228752e-05,2.787138e-05,356,0.012637,1.632724e-05,0.025274,8.430427e-06,2.971001e-01,258,1,0,1,1,1,
005_tomato_soup_can,s0_complete_hgate_005_tomato_soup_can_t44,complete_only,0,0.952966,0.019010,8.673363e-06,2.013543e-05,487,0.012673,1.030690e-05,0.025347,6.838466e-06,5.079022e-01,431,1,0,1,1,1,
005_tomato_soup_can,s0_complete_hgate_005_tomato_soup_can_t45,complete_only,2,0.956648,0.019132,1.205715e-05,3.515097e-05,547,0.012755,1.337120e-05,0.025510,7.214596e-06,3.924835e-01,303,1,0,1,1,1,
005_tomato_soup_can,s0_complete_hgate_005_tomato_soup_can_t46,complete_only,0,0.961898,0.019114,1.155450e-05,3.557617e-05,373,0.012742,1.220250e-05,0.025485,7.954351e-06,3.541770e-01,264,1,0,1,1,1,
005_tomato_soup_can,s0_complete_hgate_005_tomato_soup_can_t47,complete_only,0,0.963641,0.019595,7.510695e-06,3.459511e-05,674,0.013063,1.266719e-05,0.026127,7.808561e-06,5.625852e-01,416,1,0,1,1,1,
005_tomato_soup_can,s0_complete_hgate_005_tomato_soup_can_t48,complete_only,0,0.965952,0.019293,7.397953e-06,1.665035e-05,411,0.012862,9.469643e-06,0.025723,5.833557e-06,2.909790e-01,280,1,0,1,1,1,
005_tomato_soup_can,s0_complete_hgate_005_tomato_soup_can_t49,complete_only,0,0.955695,0.018910,1.191784e-05,3.565570e-05,390,0.012607,1.116171e-05,0.025214,8.164355e-06,4.650318e-01,352,1,0,1,1,1,
035_power_drill,s0_complete_hgate_035_power_drill_t0,complete_only,144,0.908413,0.032487,5.805665e-06,4.473547e-06,1664,0.021658,1.178235e-06,0.043316,2.054427e-05,2.390854e-01,302,1,0,1,1,1,
035_power_drill,s0_complete_hgate_035_power_drill_t1,complete_only,19,0.951852,0.035985,5.971569e-05,4.629595e-04,2610,0.023990,5.284372e-05,0.047980,4.698930e-05,7.389675e-01,447,1,0,1,1,0,
035_power_drill,s0_complete_hgate_035_power_drill_t2,complete_only,0,0.959859,0.036785,1.562259e-04,5.589582e-04,1390,0.024524,1.745108e-04,0.049047,1.205772e-04,1.450590e+00,302,1,0,1,1,1,
035_power_drill,s0_complete_hgate_035_power_drill_t3,complete_only,81,0.920519,0.031279,3.688522e-06,5.103418e-06,1261,0.020852,9.935180e-07,0.041705,2.638182e-05,9.318583e-02,233,1,0,1,1,1,
035_power_drill,s0_complete_hgate_035_power_drill_t4,complete_only,0,0.967433,0.035825,1.862730e-06,5.784865e-06,1680,0.023883,1.401377e-06,0.047766,6.101000e-06,1.745521e-01,256,1,0,1,1,1,
035_power_drill,s0_complete_hgate_035_power_drill_t5,complete_only,0,0.964252,0.036051,2.581898e-04,8.467421e-04,1463,0.024034,3.517439e-04,0.048067,2.339792e-04,1.683324e+00,378,1,0,1,1,0,
035_power_drill,s0_complete_hgate_035_power_drill_t6,complete_only,707,0.844832,0.035778,2.142440e-04,7.910013e-04,2172,0.023852,3.350616e-04,0.047705,1.020809e-04,1.446701e+00,530,1,0,1,1,1,
035_power_drill,s0_complete_hgate_035_power_drill_t7,complete_only,171,0.893342,0.039744,1.711855e-04,1.057254e-03,407,0.026496,1.675411e-04,0.052992,1.234891e-04,2.007525e-01,33,1,0,1,1,1,
035_power_drill,s0_complete_hgate_035_power_drill_t8,complete_only,52,0.911661,0.039748,9.847848e-08,0.000000e+00,1039,0.026499,0.000000e+00,0.052998,1.995020e-05,0.000000e+00,163,1,0,1,1,1,
035_power_drill,s0_complete_hgate_035_power_drill_t9,complete_only,305,0.937106,0.021148,7.428644e-06,7.087626e-05,1391,0.014098,1.239051e-05,0.028197,6.548503e-06,7.704615e-01,521,1,0,1,1,0,
035_power_drill,s0_complete_hgate_035_power_drill_t10,complete_only,96,0.934107,0.037806,4.640160e-04,2.082321e-03,1219,0.025204,4.058556e-04,0.050408,3.983403e-04,1.553173e+00,225,1,0,1,1,1,
035_power_drill,s0_complete_hgate_035_power_drill_t11,complete_only,89,0.929462,0.037242,1.867561e-03,8.329940e-03,530,0.024828,3.823437e-03,0.049655,6.380038e-04,4.723177e-01,118,1,0,1,1,1,
035_power_drill,s0_complete_hgate_035_power_drill_t12,complete_only,114,0.930640,0.034174,4.167334e-03,9.511324e-03,1510,0.022783,5.799758e-03,0.045565,2.521272e-03,2.991596e+00,384,1,0,1,1,1,
035_power_drill,s0_complete_hgate_035_power_drill_t13,complete_only,356,0.892880,0.011638,4.182190e-04,7.661328e-04,1329,0.007758,5.255619e-04,0.015517,2.604765e-04,5.123814e+00,2044,1,0,1,1,0,
035_power_drill,s0_complete_hgate_035_power_drill_t14,complete_only,163,0.901270,0.037042,6.778502e-04,2.819380e-03,1133,0.024695,1.249280e-03,0.049390,5.930359e-04,3.991732e-01,104,1,0,1,1,1,
035_power_drill,s0_complete_hgate_035_power_drill_t15,complete_only,6,0.924880,0.032097,8.479554e-07,4.528797e-06,657,0.021398,0.000000e+00,0.042796,5.411794e-06,0.000000e+00,143,1,0,1,1,0,
035_power_drill,s0_complete_hgate_035_power_drill_t16,complete_only,706,0.832231,0.036800,4.808523e-05,2.594792e-04,2458,0.024534,8.759947e-05,0.049067,2.678127e-05,1.207324e+00,474,1,0,1,1,1,
035_power_drill,s0_complete_hgate_035_power_drill_t17,complete_only,1,0.976660,0.034758,1.352374e-04,3.776344e-04,742,0.023172,1.843223e-04,0.046344,1.079193e-04,1.352881e+00,138,1,0,1,1,0,
035_power_drill,s0_complete_hgate_035_power_drill_t18,complete_only,1,0.969174,0.035603,6.704292e-06,1.658685e-05,2271,0.023735,4.088116e-06,0.047471,8.980825e-06,3.992777e-01,236,1,0,1,1,1,
035_power_drill,s0_complete_hgate_035_power_drill_t19,complete_only,40,0.923158,0.035625,1.840405e-04,5.479858e-04,1364,0.023750,2.813040e-04,0.047500,1.001993e-04,2.850940e+00,694,1,0,1,1,0,
035_power_drill,s0_complete_hgate_035_power_drill_t20,complete_only,698,0.842091,0.036318,9.713077e-05,3.909358e-04,2296,0.024212,1.733326e-04,0.048424,4.336220e-05,1.403543e+00,449,1,0,1,1,1,
035_power_drill,s0_complete_hgate_035_power_drill_t21,complete_only,0,0.955210,0.036933,2.188489e-04,4.312776e-04,507,0.024622,2.968184e-04,0.049244,1.639703e-04,9.079844e-01,65,1,0,1,1,1,
035_power_drill,s0_complete_hgate_035_power_drill_t22,complete_only,411,0.896674,0.034592,2.856948e-07,1.829060e-06,767,0.023061,0.000000e+00,0.046123,9.360084e-07,0.000000e+00,170,1,0,1,1,0,
035_power_drill,s0_complete_hgate_035_power_drill_t23,complete_only,126,0.955485,0.037874,1.286725e-05,6.273151e-05,1506,0.025249,9.765709e-06,0.050499,2.112377e-05,0.000000e+00,131,1,0,1,1,0,
035_power_drill,s0_complete_hgate_035_power_drill_t24,complete_only,3,0.920068,0.040571,1.407981e-05,8.297969e-05,954,0.027047,3.051612e-06,0.054094,1.994442e-05,0.000000e+00,81,1,0,1,1,1,
035_power_drill,s0_complete_hgate_035_power_drill_t25,complete_only,120,0.906755,0.038517,1.941480e-05,0.000000e+00,1042,0.025678,0.000000e+00,0.051357,4.458245e-05,0.000000e+00,69,1,0,1,1,1,
035_power_drill,s0_complete_hgate_035_power_drill_t26,complete_only,0,0.937994,0.062955,5.030862e-03,2.040232e-02,1758,0.041970,9.554516e-03,0.083940,4.452637e-03,5.291375e+00,97,1,0,1,1,0,
035_power_drill,s0_complete_hgate_035_power_drill_t27,complete_only,83,0.926019,0.038026,9.037019e-04,3.719688e-03,1165,0.025351,8.679912e-04,0.050702,5.518943e-04,6.310850e-01,117,1,0,1,1,1,
035_power_drill,s0_complete_hgate_035_power_drill_t28,complete_only,121,0.886322,0.036728,3.070152e-03,6.962684e-03,1330,0.024485,3.690018e-03,0.048970,1.901179e-03,1.150608e+00,223,1,0,1,1,1,
035_power_drill,s0_complete_hgate_035_power_drill_t29,complete_only,78,0.930681,0.037420,9.972538e-07,5.066457e-06,1203,0.024947,0.000000e+00,0.049893,1.360124e-05,0.000000e+00,118,1,0,1,1,1,
035_power_drill,s0_complete_hgate_035_power_drill_t30,complete_only,0,0.949868,0.033455,2.380772e-06,1.335468e-05,1102,0.022303,2.366947e-06,0.044606,7.243963e-06,0.000000e+00,139,1,0,1,1,0,
035_power_drill,s0_complete_hgate_035_power_drill_t31,complete_only,118,0.922121,0.035950,2.438888e-04,9.795904e-04,2347,0.023967,5.699458e-04,0.047933,1.478503e-04,3.144203e+00,744,1,0,1,1,1,
035_power_drill,s0_complete_hgate_035_power_drill_t32,complete_only,0,0.730577,0.003016,5.042819e-06,1.513697e-05,783,0.002011,7.668793e-06,0.004022,1.638379e-06,3.213440e+00,8165,0,0,1,1,,
035_power_drill,s0_complete_hgate_035_power_drill_t33,complete_only,248,0.846973,0.039167,5.606365e-04,1.992616e-03,924,0.026112,5.568215e-04,0.052223,4.535658e-04,6.005088e-01,222,1,0,1,1,0,
035_power_drill,s0_complete_hgate_035_power_drill_t34,complete_only,0,0.950501,0.034908,1.351157e-06,6.265514e-06,1273,0.023272,1.665361e-06,0.046544,3.638011e-06,0.000000e+00,155,1,0,1,1,1,
035_power_drill,s0_complete_hgate_035_power_drill_t36,complete_only,158,0.917169,0.033194,2.175331e-03,8.764885e-03,1045,0.022129,4.095471e-03,0.044258,9.441052e-04,7.271288e-01,343,1,0,1,1,1,
035_power_drill,s0_complete_hgate_035_power_drill_t37,complete_only,7,0.958469,0.046205,1.876405e-05,5.846662e-05,11819,0.030803,6.688991e-05,0.061606,1.348603e-05,4.308114e+00,1424,1,0,1,1,0,
035_power_drill,s0_complete_hgate_035_power_drill_t38,complete_only,129,0.929719,0.036784,0.000000e+00,0.000000e+00,912,0.024523,0.000000e+00,0.049045,9.169062e-06,0.000000e+00,120,1,0,1,1,1,
035_power_drill,s0_complete_hgate_035_power_drill_t39,complete_only,24,0.890622,0.033119,1.426556e-06,4.850578e-06,1125,0.022080,9.309799e-07,0.044159,5.101159e-06,0.000000e+00,152,1,0,1,1,0,
035_power_drill,s0_complete_hgate_035_power_drill_t40,complete_only,1,0.947632,0.034345,2.157613e-03,5.136329e-03,631,0.022897,3.036735e-03,0.045793,1.482753e-03,4.799403e-01,98,1,0,1,1,1,
035_power_drill,s0_complete_hgate_035_power_drill_t41,complete_only,160,0.838586,0.039937,3.131815e-06,0.000000e+00,171,0.026625,0.000000e+00,0.053249,6.288948e-05,0.000000e+00,43,1,0,1,1,0,
035_power_drill,s0_complete_hgate_035_power_drill_t42,complete_only,100,0.930359,0.040421,3.893671e-05,1.299891e-04,2560,0.026947,6.509731e-05,0.053894,3.275852e-05,6.214759e-01,351,1,0,1,1,0,
035_power_drill,s0_complete_hgate_035_power_drill_t43,complete_only,85,0.893880,0.033614,3.587156e-03,1.012215e-02,992,0.022409,4.005774e-03,0.044819,2.554024e-03,2.067076e+00,288,1,0,1,1,1,
035_power_drill,s0_complete_hgate_035_power_drill_t44,complete_only,0,0.959293,0.034973,5.325152e-06,3.967901e-05,621,0.023315,0.000000e+00,0.046631,1.614071e-05,0.000000e+00,100,1,0,1,1,1,
035_power_drill,s0_complete_hgate_035_power_drill_t45,complete_only,114,0.907475,0.040096,6.036822e-05,0.000000e+00,698,0.026730,1.796728e-05,0.053461,1.130939e-04,0.000000e+00,25,1,0,1,1,1,
035_power_drill,s0_complete_hgate_035_power_drill_t46,complete_only,0,0.956187,0.037937,2.528826e-04,5.961558e-04,755,0.025291,2.589094e-04,0.050583,2.620997e-04,8.457945e-01,58,1,0,1,1,1,
035_power_drill,s0_complete_hgate_035_power_drill_t47,complete_only,103,0.807792,0.007676,5.801729e-06,1.615662e-05,1956,0.005118,8.102959e-06,0.010235,5.474948e-06,4.341475e+00,5923,1,0,1,1,0,
035_power_drill,s0_complete_hgate_035_power_drill_t48,complete_only,0,0.957761,0.036387,3.495014e-06,0.000000e+00,579,0.024258,0.000000e+00,0.048516,1.678907e-05,0.000000e+00,103,1,0,1,1,0,
035_power_drill,s0_complete_hgate_035_power_drill_t49,complete_only,57,0.928752,0.031737,4.968569e-06,4.956340e-06,1326,0.021158,1.517648e-06,0.042316,2.092581e-05,2.238050e-01,327,1,0,1,1,0,
008_pudding_box,s0_complete_hgate_008_pudding_box_t0,complete_only,0,0.950742,0.021988,2.155617e-04,8.683710e-04,770,0.014658,3.956569e-04,0.029317,1.115001e-04,1.014966e+00,691,1,0,1,1,1,
008_pudding_box,s0_complete_hgate_008_pudding_box_t1,complete_only,1,0.950878,0.026052,6.840837e-07,1.966638e-06,2677,0.017368,7.645471e-07,0.034736,6.640756e-07,6.969321e-01,1014,1,0,1,1,1,
008_pudding_box,s0_complete_hgate_008_pudding_box_t2,complete_only,40,0.856885,0.023957,7.080926e-05,2.223922e-04,1505,0.015971,1.016466e-04,0.031943,6.263117e-05,6.700554e-01,483,1,0,1,1,1,
008_pudding_box,s0_complete_hgate_008_pudding_box_t3,complete_only,8,0.903138,0.019538,7.869570e-05,3.332165e-04,581,0.013026,1.310064e-04,0.026051,5.456056e-05,8.686718e-01,705,1,0,1,1,1,
008_pudding_box,s0_complete_hgate_008_pudding_box_t4,complete_only,1371,0.593507,0.027370,1.759105e-03,6.635558e-03,1698,0.018246,3.172556e-03,0.036493,1.038132e-03,2.302021e+00,617,1,0,1,1,1,
008_pudding_box,s0_complete_hgate_008_pudding_box_t5,complete_only,877,0.665754,0.027646,1.253718e-05,3.287475e-05,1123,0.018431,1.311106e-05,0.036861,2.386588e-05,3.142379e-01,224,1,0,1,1,1,
008_pudding_box,s0_complete_hgate_008_pudding_box_t6,complete_only,0,0.918922,0.023037,1.035210e-05,5.307404e-05,1266,0.015358,1.186504e-05,0.030716,1.009524e-05,1.461423e+00,1265,1,0,1,1,1,
008_pudding_box,s0_complete_hgate_008_pudding_box_t7,complete_only,0,0.977037,0.026481,1.666043e-05,1.257469e-06,2768,0.017654,1.669149e-05,0.035307,1.700248e-05,2.826813e-01,495,1,0,1,1,1,
008_pudding_box,s0_complete_hgate_008_pudding_box_t8,complete_only,12,0.946422,0.018501,1.028222e-05,5.368330e-05,781,0.012334,1.115423e-05,0.024668,1.096802e-05,1.047950e+00,826,1,0,1,1,1,
008_pudding_box,s0_complete_hgate_008_pudding_box_t9,complete_only,0,0.929206,0.023508,1.513167e-05,8.169775e-05,945,0.015672,4.601994e-05,0.031344,1.184664e-05,9.534237e-01,814,1,0,1,1,0,
008_pudding_box,s0_complete_hgate_008_pudding_box_t10,complete_only,18,0.867568,0.023403,8.940489e-04,3.926446e-03,1054,0.015602,7.797745e-04,0.031204,2.000909e-04,1.171922e+00,819,1,0,1,1,1,
008_pudding_box,s0_complete_hgate_008_pudding_box_t11,complete_only,0,0.885347,0.022128,7.505837e-05,3.388943e-04,502,0.014752,1.403996e-04,0.029504,8.836263e-05,1.003314e-01,139,1,0,1,1,0,
008_pudding_box,s0_complete_hgate_008_pudding_box_t12,complete_only,0,0.964436,0.025455,1.679870e-06,3.518390e-06,1933,0.016970,1.621512e-06,0.033941,1.044859e-05,9.265378e-01,1112,1,0,1,1,1,
008_pudding_box,s0_complete_hgate_008_pudding_box_t13,complete_only,0,0.935607,0.022121,5.705277e-04,2.318531e-03,724,0.014747,1.483685e-03,0.029494,2.011507e-04,1.601758e+00,827,1,0,1,1,0,
008_pudding_box,s0_complete_hgate_008_pudding_box_t14,complete_only,95,0.855917,0.025884,3.111430e-05,1.082277e-04,568,0.017256,3.410009e-05,0.034512,3.273646e-05,8.524843e-01,466,1,0,1,1,1,
008_pudding_box,s0_complete_hgate_008_pudding_box_t15,complete_only,15,0.955170,0.018546,2.533093e-05,1.172128e-04,1089,0.012364,4.148537e-05,0.024727,1.987701e-05,1.383871e+00,855,1,0,1,1,1,
008_pudding_box,s0_complete_hgate_008_pudding_box_t16,complete_only,0,0.921792,0.023408,6.140221e-06,1.636366e-05,1240,0.015605,3.472077e-06,0.031210,4.304758e-06,1.249645e+00,1320,1,0,1,1,1,
008_pudding_box,s0_complete_hgate_008_pudding_box_t17,complete_only,0,0.951594,0.024913,7.866807e-07,2.261936e-06,1482,0.016609,8.762854e-07,0.033217,7.823225e-07,1.737845e-01,313,1,0,1,1,1,
008_pudding_box,s0_complete_hgate_008_pudding_box_t18,complete_only,396,0.847026,0.027930,1.372914e-03,6.644682e-03,1220,0.018620,1.976420e-03,0.037240,7.159215e-04,7.860713e-01,455,1,0,1,1,1,
008_pudding_box,s0_complete_hgate_008_pudding_box_t19,complete_only,0,0.955608,0.024880,5.442109e-06,2.072550e-05,1128,0.016586,9.551552e-06,0.033173,2.729137e-06,1.029152e+00,1212,1,0,1,1,1,
008_pudding_box,s0_complete_hgate_008_pudding_box_t20,complete_only,0,0.913025,0.022721,2.420951e-05,1.605783e-04,890,0.015147,2.701997e-05,0.030295,4.101248e-05,1.060148e+00,535,1,0,1,1,1,
008_pudding_box,s0_complete_hgate_008_pudding_box_t21,complete_only,0,0.976947,0.022979,1.869565e-06,6.834469e-06,1026,0.015319,2.149053e-06,0.030638,2.612504e-06,3.549505e-01,409,1,0,1,1,1,
008_pudding_box,s0_complete_hgate_008_pudding_box_t22,complete_only,0,0.921136,0.022291,8.218686e-04,3.443190e-03,642,0.014861,2.330165e-03,0.029722,1.791479e-04,1.285780e+00,884,1,0,1,1,1,
008_pudding_box,s0_complete_hgate_008_pudding_box_t23,complete_only,944,0.728091,0.024389,1.141296e-03,4.510776e-03,1583,0.016259,2.270928e-03,0.032518,4.837181e-04,7.650913e-01,284,1,0,1,1,1,
008_pudding_box,s0_complete_hgate_008_pudding_box_t24,complete_only,0,0.970587,0.023201,1.103807e-06,2.281786e-06,1336,0.015467,1.139315e-06,0.030935,1.185277e-06,3.421295e-01,410,1,0,1,1,1,
008_pudding_box,s0_complete_hgate_008_pudding_box_t25,complete_only,0,0.978860,0.027748,3.648209e-07,6.795348e-07,3949,0.018499,4.113961e-07,0.036997,3.487481e-07,3.239749e-01,582,1,0,1,1,1,
008_pudding_box,s0_complete_hgate_008_pudding_box_t26,complete_only,59,0.861186,0.025393,3.544953e-05,6.070415e-05,470,0.016929,2.022300e-05,0.033857,5.945605e-05,1.905477e-02,63,1,0,1,1,0,
008_pudding_box,s0_complete_hgate_008_pudding_box_t27,complete_only,57,0.823468,0.022494,1.949948e-05,9.076357e-05,512,0.014996,2.158554e-05,0.029992,2.807362e-05,1.266696e-01,211,1,0,1,1,1,
008_pudding_box,s0_complete_hgate_008_pudding_box_t28,complete_only,0,0.941005,0.021489,3.689594e-04,1.601455e-03,788,0.014326,8.354712e-04,0.028652,1.690969e-04,1.374444e+00,930,1,0,1,1,1,
008_pudding_box,s0_complete_hgate_008_pudding_box_t29,complete_only,34,0.958689,0.017627,1.308161e-06,2.689402e-06,1006,0.011751,1.290083e-06,0.023502,3.225374e-06,7.480639e-01,881,1,0,1,1,1,
008_pudding_box,s0_complete_hgate_008_pudding_box_t30,complete_only,35,0.947430,0.018584,1.821487e-05,8.251358e-05,1338,0.012390,1.835186e-05,0.024779,1.616057e-05,1.136781e+00,740,1,0,1,1,1,
008_pudding_box,s0_complete_hgate_008_pudding_box_t31,complete_only,5,0.929697,0.025236,2.746805e-06,2.771221e-06,1950,0.016824,7.616226e-06,0.033648,1.772515e-06,1.089839e+00,1314,1,0,1,1,1,
008_pudding_box,s0_complete_hgate_008_pudding_box_t32,complete_only,3,0.876547,0.021650,1.376433e-05,5.847811e-05,1524,0.014433,3.279361e-05,0.028866,8.021755e-06,6.597655e-01,584,1,0,1,1,1,
008_pudding_box,s0_complete_hgate_008_pudding_box_t33,complete_only,16,0.908041,0.019349,4.493291e-05,1.827155e-04,896,0.012899,6.225696e-05,0.025798,3.655357e-05,1.291496e+00,876,1,0,1,1,1,
008_pudding_box,s0_complete_hgate_008_pudding_box_t34,complete_only,0,0.970544,0.017739,6.311105e-06,1.689677e-05,763,0.011826,6.776919e-06,0.023652,4.721491e-06,8.164282e-01,853,1,0,1,1,0,
008_pudding_box,s0_complete_hgate_008_pudding_box_t35,complete_only,0,0.942536,0.022277,2.007848e-03,3.890546e-03,589,0.014851,2.335451e-03,0.029703,4.487282e-04,1.244124e+00,861,1,0,1,1,1,
008_pudding_box,s0_complete_hgate_008_pudding_box_t36,complete_only,0,0.951880,0.024941,8.504479e-07,1.422293e-06,2982,0.016628,9.152497e-07,0.033255,9.125764e-07,7.096957e-01,899,1,0,1,1,1,
008_pudding_box,s0_complete_hgate_008_pudding_box_t37,complete_only,3,0.973928,0.025438,9.043779e-07,1.900594e-06,2018,0.016959,9.821504e-07,0.033918,9.554335e-07,2.396644e-01,383,1,0,1,1,1,
008_pudding_box,s0_complete_hgate_008_pudding_box_t38,complete_only,6,0.957167,0.018912,1.624138e-05,7.443335e-05,1097,0.012608,2.482772e-05,0.025216,1.400571e-05,1.196869e+00,823,1,0,1,1,1,
008_pudding_box,s0_complete_hgate_008_pudding_box_t39,complete_only,3,0.960800,0.018320,4.024237e-06,1.283778e-05,742,0.012214,3.364780e-06,0.024427,4.572316e-06,4.675128e-01,508,1,0,1,1,1,
008_pudding_box,s0_complete_hgate_008_pudding_box_t40,complete_only,443,0.850985,0.025317,3.014833e-03,1.033847e-02,1515,0.016878,4.139793e-03,0.033755,2.342413e-03,8.700986e-01,389,1,0,1,1,1,
008_pudding_box,s0_complete_hgate_008_pudding_box_t41,complete_only,0,0.951797,0.022463,2.194969e-05,1.349687e-04,917,0.014976,2.424315e-05,0.029951,2.736577e-05,1.467161e+00,913,1,0,1,1,1,
008_pudding_box,s0_complete_hgate_008_pudding_box_t42,complete_only,22,0.929686,0.018589,2.339343e-06,1.275510e-05,624,0.012392,1.581847e-06,0.024785,2.968037e-06,6.050809e-01,843,1,0,1,1,0,
008_pudding_box,s0_complete_hgate_008_pudding_box_t43,complete_only,0,0.947744,0.022838,3.159430e-03,6.407245e-03,597,0.015225,3.808565e-03,0.030451,8.820967e-04,1.734102e+00,983,1,0,1,1,1,
008_pudding_box,s0_complete_hgate_008_pudding_box_t44,complete_only,571,0.755495,0.021156,7.798156e-06,3.483469e-05,1190,0.014104,2.210389e-05,0.028208,4.751384e-06,3.573531e-01,382,1,0,1,1,1,
008_pudding_box,s0_complete_hgate_008_pudding_box_t45,complete_only,0,0.971631,0.027740,3.460794e-07,5.232140e-07,4239,0.018493,3.411415e-07,0.036987,3.534064e-07,3.734101e-01,735,1,0,1,1,1,
008_pudding_box,s0_complete_hgate_008_pudding_box_t46,complete_only,0,0.979124,0.023111,3.059473e-06,9.164147e-06,1074,0.015407,3.897352e-06,0.030814,2.737401e-06,3.597087e-01,412,1,0,1,1,1,
008_pudding_box,s0_complete_hgate_008_pudding_box_t47,complete_only,0,0.974269,0.028772,4.677887e-07,8.093057e-07,4385,0.019181,5.247904e-07,0.038363,4.367567e-07,5.050192e-01,793,1,0,1,1,1,
008_pudding_box,s0_complete_hgate_008_pudding_box_t48,complete_only,1153,0.640807,0.027422,2.113238e-03,5.532821e-03,1730,0.018281,2.781815e-03,0.036562,8.621256e-04,1.673118e+00,682,1,0,1,1,0,
008_pudding_box,s0_complete_hgate_008_pudding_box_t49,complete_only,14,0.872190,0.020607,4.059693e-05,2.626817e-04,858,0.013738,5.780385e-05,0.027475,3.451924e-05,1.062139e+00,802,1,0,1,1,0,
006_mustard_bottle,s0_complete_hgate_006_mustard_bottle_t0,complete_only,431,0.806472,0.032324,1.821594e-05,4.109210e-05,1772,0.021549,2.427529e-05,0.043098,1.393974e-05,7.541894e-01,562,1,0,1,1,1,
006_mustard_bottle,s0_complete_hgate_006_mustard_bottle_t1,complete_only,1103,0.669400,0.029872,8.881199e-06,1.735189e-05,2354,0.019915,9.165834e-06,0.039830,9.279307e-06,1.584451e+00,1027,1,0,1,1,0,
006_mustard_bottle,s0_complete_hgate_006_mustard_bottle_t2,complete_only,23,0.925237,0.032736,2.425293e-05,6.291755e-05,1454,0.021824,2.709846e-05,0.043648,1.911887e-05,7.431976e-01,290,1,0,1,1,1,
006_mustard_bottle,s0_complete_hgate_006_mustard_bottle_t3,complete_only,52,0.950062,0.032911,6.735459e-06,1.601107e-05,1652,0.021941,7.292053e-06,0.043881,6.799255e-06,5.019522e-01,439,1,0,1,1,1,
006_mustard_bottle,s0_complete_hgate_006_mustard_bottle_t4,complete_only,11,0.921572,0.032403,4.158942e-05,1.108466e-04,1575,0.021602,3.893285e-05,0.043204,3.305137e-05,3.284741e-01,231,1,0,1,1,1,
006_mustard_bottle,s0_complete_hgate_006_mustard_bottle_t5,complete_only,24,0.918106,0.032282,1.685209e-05,4.942724e-05,1326,0.021522,1.715736e-05,0.043043,1.270236e-05,2.868203e-01,161,1,0,1,1,1,
006_mustard_bottle,s0_complete_hgate_006_mustard_bottle_t6,complete_only,813,0.736787,0.031412,9.452720e-06,2.791856e-05,1781,0.020941,1.237986e-05,0.041883,7.329363e-06,1.310744e+00,587,1,0,1,1,0,
006_mustard_bottle,s0_complete_hgate_006_mustard_bottle_t7,complete_only,244,0.950674,0.030718,3.114301e-06,5.627102e-06,1770,0.020479,3.111766e-06,0.040957,2.786977e-06,7.402679e-01,564,1,0,1,1,0,
006_mustard_bottle,s0_complete_hgate_006_mustard_bottle_t8,complete_only,50,0.949875,0.032681,6.197414e-06,1.547148e-05,1749,0.021788,5.757555e-06,0.043575,8.286833e-06,4.382167e-01,413,1,0,1,1,1,
006_mustard_bottle,s0_complete_hgate_006_mustard_bottle_t9,complete_only,148,0.908463,0.031316,6.732851e-06,1.265450e-05,1891,0.020877,8.054989e-06,0.041755,4.790977e-06,9.042752e-01,684,1,0,1,1,0,
006_mustard_bottle,s0_complete_hgate_006_mustard_bottle_t10,complete_only,3,0.936774,0.032665,2.472520e-05,5.714534e-05,1399,0.021777,2.744243e-05,0.043554,1.448204e-05,5.181374e-01,226,1,0,1,1,1,
006_mustard_bottle,s0_complete_hgate_006_mustard_bottle_t11,complete_only,30,0.911877,0.032646,2.264561e-05,4.420422e-05,1544,0.021764,2.213569e-05,0.043527,1.519821e-05,4.000700e-01,237,1,0,1,1,1,
006_mustard_bottle,s0_complete_hgate_006_mustard_bottle_t12,complete_only,450,0.790385,0.030979,1.415377e-05,2.665601e-05,2112,0.020652,1.564204e-05,0.041305,1.252213e-05,1.065765e+00,755,1,0,1,1,0,
006_mustard_bottle,s0_complete_hgate_006_mustard_bottle_t13,complete_only,340,0.803155,0.031287,2.323641e-05,5.157732e-05,1606,0.020858,2.908102e-05,0.041716,1.513816e-05,1.375147e+00,552,1,0,1,1,0,
006_mustard_bottle,s0_complete_hgate_006_mustard_bottle_t14,complete_only,38,0.913800,0.032656,2.359926e-05,6.231333e-05,1461,0.021770,2.809575e-05,0.043541,1.568835e-05,7.927752e-01,364,1,0,1,1,1,
006_mustard_bottle,s0_complete_hgate_006_mustard_bottle_t15,complete_only,173,0.941333,0.031797,3.254960e-05,8.072148e-05,1880,0.021198,3.798949e-05,0.042396,2.684004e-05,7.479810e-01,423,1,0,1,1,1,
006_mustard_bottle,s0_complete_hgate_006_mustard_bottle_t16,complete_only,1059,0.680363,0.031102,9.559204e-06,1.692492e-05,1882,0.020734,1.013518e-05,0.041469,8.345493e-06,8.658730e-01,696,1,0,1,1,0,
006_mustard_bottle,s0_complete_hgate_006_mustard_bottle_t17,complete_only,34,0.948496,0.032307,5.603531e-06,1.843246e-05,1726,0.021538,7.154854e-06,0.043076,4.066404e-06,5.688942e-01,524,1,0,1,1,1,
006_mustard_bottle,s0_complete_hgate_006_mustard_bottle_t18,complete_only,10,0.953562,0.032745,1.471178e-05,6.564806e-05,1447,0.021830,2.136732e-05,0.043660,1.365877e-05,5.770752e-01,388,1,0,1,1,1,
006_mustard_bottle,s0_complete_hgate_006_mustard_bottle_t19,complete_only,745,0.716911,0.030143,1.580449e-05,3.635713e-05,1799,0.020095,1.563956e-05,0.040191,1.514878e-05,1.130027e+00,726,1,0,1,1,0,
006_mustard_bottle,s0_complete_hgate_006_mustard_bottle_t20,complete_only,234,0.856468,0.031095,1.125616e-05,2.151081e-05,1802,0.020730,1.344202e-05,0.041460,7.245940e-06,1.027161e+00,690,1,0,1,1,0,
006_mustard_bottle,s0_complete_hgate_006_mustard_bottle_t21,complete_only,247,0.943553,0.031578,4.106527e-06,7.277622e-06,1607,0.021052,3.933417e-06,0.042104,3.631746e-06,5.446959e-01,442,1,0,1,1,0,
006_mustard_bottle,s0_complete_hgate_006_mustard_bottle_t22,complete_only,831,0.781857,0.032910,1.450190e-05,3.457489e-05,1744,0.021940,1.805506e-05,0.043880,1.330638e-05,9.328737e-01,645,1,0,1,1,1,
006_mustard_bottle,s0_complete_hgate_006_mustard_bottle_t23,complete_only,21,0.912679,0.032574,3.426869e-05,1.351791e-04,1332,0.021716,3.386892e-05,0.043432,2.824414e-05,6.984169e-01,269,1,0,1,1,1,
006_mustard_bottle,s0_complete_hgate_006_mustard_bottle_t24,complete_only,93,0.955497,0.031679,2.397905e-06,4.950979e-06,1810,0.021119,2.591605e-06,0.042238,2.081589e-06,6.445963e-01,425,1,0,1,1,0,
006_mustard_bottle,s0_complete_hgate_006_mustard_bottle_t25,complete_only,202,0.928505,0.029521,4.390010e-06,1.478764e-05,2101,0.019680,5.345826e-06,0.039361,3.697420e-06,7.130393e-01,678,1,0,1,1,1,
006_mustard_bottle,s0_complete_hgate_006_mustard_bottle_t26,complete_only,40,0.927424,0.032758,7.332445e-05,1.878071e-04,1242,0.021839,7.865331e-05,0.043678,5.284803e-05,6.448661e-01,256,1,0,1,1,1,
006_mustard_bottle,s0_complete_hgate_006_mustard_bottle_t27,complete_only,49,0.887348,0.032812,1.601465e-05,3.070130e-05,1217,0.021875,1.524987e-05,0.043749,9.642373e-06,2.492596e-01,190,1,0,1,1,1,
006_mustard_bottle,s0_complete_hgate_006_mustard_bottle_t28,complete_only,128,0.914293,0.032676,1.355658e-05,3.643902e-05,1780,0.021784,1.590908e-05,0.043567,1.248325e-05,6.794569e-01,509,1,0,1,1,1,
006_mustard_bottle,s0_complete_hgate_006_mustard_bottle_t29,complete_only,21,0.962876,0.032133,6.538007e-05,2.088998e-04,1303,0.021422,7.083276e-05,0.042844,5.286129e-05,7.046718e-01,400,1,0,1,1,1,
006_mustard_bottle,s0_complete_hgate_006_mustard_bottle_t30,complete_only,22,0.953971,0.031659,2.139894e-05,6.946843e-05,1611,0.021106,2.377885e-05,0.042212,1.770541e-05,5.301132e-01,366,1,0,1,1,1,
006_mustard_bottle,s0_complete_hgate_006_mustard_bottle_t31,complete_only,624,0.728792,0.030194,9.126413e-06,2.082037e-05,2056,0.020130,8.866586e-06,0.040259,9.147197e-06,1.239478e+00,908,1,0,1,1,0,
006_mustard_bottle,s0_complete_hgate_006_mustard_bottle_t32,complete_only,35,0.919641,0.032044,3.868352e-05,8.601402e-05,1466,0.021363,3.843343e-05,0.042726,3.581171e-05,8.591204e-01,431,1,0,1,1,1,
006_mustard_bottle,s0_complete_hgate_006_mustard_bottle_t33,complete_only,86,0.926619,0.032567,6.700639e-06,1.400216e-05,1770,0.021711,6.744058e-06,0.043423,7.001711e-06,4.919929e-01,439,1,0,1,1,1,
006_mustard_bottle,s0_complete_hgate_006_mustard_bottle_t34,complete_only,134,0.938811,0.032153,1.123154e-05,2.643316e-05,1626,0.021435,1.199230e-05,0.042870,1.128331e-05,4.647940e-01,370,1,0,1,1,1,
006_mustard_bottle,s0_complete_hgate_006_mustard_bottle_t35,complete_only,248,0.862229,0.031949,8.978567e-06,2.559488e-05,1915,0.021300,1.364791e-05,0.042599,7.296322e-06,1.089614e+00,565,1,0,1,1,0,
006_mustard_bottle,s0_complete_hgate_006_mustard_bottle_t36,complete_only,1349,0.506214,0.029870,6.132649e-06,1.276377e-05,2325,0.019913,5.577654e-06,0.039827,6.112906e-06,1.172878e+00,985,1,0,1,1,0,
006_mustard_bottle,s0_complete_hgate_006_mustard_bottle_t37,complete_only,8,0.946393,0.033163,5.039640e-06,1.709235e-05,1428,0.022108,5.606931e-06,0.044217,4.153997e-06,3.767508e-01,442,1,0,1,1,1,
006_mustard_bottle,s0_complete_hgate_006_mustard_bottle_t38,complete_only,134,0.944476,0.032264,2.770834e-05,7.298993e-05,1450,0.021509,2.919326e-05,0.043018,1.658079e-05,5.100133e-01,335,1,0,1,1,1,
006_mustard_bottle,s0_complete_hgate_006_mustard_bottle_t39,complete_only,321,0.906315,0.023542,2.110697e-04,8.829945e-04,779,0.015695,3.542573e-04,0.031390,1.519386e-04,1.559489e-01,181,1,0,1,1,0,
006_mustard_bottle,s0_complete_hgate_006_mustard_bottle_t40,complete_only,8,0.953943,0.032265,2.254288e-05,5.824338e-05,1254,0.021510,2.378434e-05,0.043020,2.005350e-05,3.894927e-01,219,1,0,1,1,1,
006_mustard_bottle,s0_complete_hgate_006_mustard_bottle_t41,complete_only,743,0.803423,0.032583,3.832972e-05,7.680395e-05,1623,0.021722,5.024968e-05,0.043444,2.155548e-05,1.343767e+00,466,1,0,1,1,0,
006_mustard_bottle,s0_complete_hgate_006_mustard_bottle_t42,complete_only,70,0.941101,0.032826,5.206211e-06,1.583602e-05,1586,0.021884,5.071621e-06,0.043769,5.668639e-06,5.178388e-01,458,1,0,1,1,1,
006_mustard_bottle,s0_complete_hgate_006_mustard_bottle_t43,complete_only,166,0.889476,0.032610,2.999641e-05,5.998910e-05,1844,0.021740,3.758548e-05,0.043481,1.536605e-05,8.649733e-01,527,1,0,1,1,0,
006_mustard_bottle,s0_complete_hgate_006_mustard_bottle_t44,complete_only,2,0.932825,0.032474,2.269876e-05,6.865004e-05,1412,0.021649,2.685497e-05,0.043298,2.040431e-05,4.844778e-01,331,1,0,1,1,1,
006_mustard_bottle,s0_complete_hgate_006_mustard_bottle_t45,complete_only,65,0.957534,0.029725,4.771944e-06,1.026188e-05,1851,0.019816,4.310256e-06,0.039633,4.610413e-06,7.682570e-01,701,1,0,1,1,1,
006_mustard_bottle,s0_complete_hgate_006_mustard_bottle_t46,complete_only,67,0.954316,0.031583,4.495928e-06,1.039311e-05,1483,0.021055,4.939533e-06,0.042110,3.709867e-06,6.549540e-01,413,1,0,1,1,0,
006_mustard_bottle,s0_complete_hgate_006_mustard_bottle_t47,complete_only,270,0.899863,0.030194,5.212803e-06,1.922608e-05,2207,0.020130,7.781377e-06,0.040259,4.601174e-06,9.342469e-01,942,1,0,1,1,1,
006_mustard_bottle,s0_complete_hgate_006_mustard_bottle_t49,complete_only,61,0.929743,0.033172,1.529984e-05,3.601565e-05,1646,0.022114,1.464732e-05,0.044229,1.077816e-05,6.001274e-01,441,1,0,1,1,0,
011_banana,s0_complete_hgate_011_banana_t0,complete_only,142,0.956061,0.019053,5.962057e-05,3.030384e-04,1399,0.012702,1.353088e-04,0.025404,3.394994e-05,1.769409e+00,1496,1,0,1,1,1,
011_banana,s0_complete_hgate_011_banana_t1,complete_only,2,0.980081,0.023191,2.154397e-05,7.794186e-05,1523,0.015461,4.433081e-05,0.030922,1.317519e-05,2.225986e+00,1438,1,0,1,1,1,
011_banana,s0_complete_hgate_011_banana_t2,complete_only,64,0.963093,0.025951,1.679977e-06,7.158127e-06,1663,0.017300,1.137538e-06,0.034601,2.302806e-06,6.570697e-02,251,1,0,1,1,1,
011_banana,s0_complete_hgate_011_banana_t3,complete_only,785,0.852043,0.020551,1.287650e-04,7.448611e-04,2056,0.013701,3.597245e-04,0.027402,6.070031e-05,1.435429e+00,1434,1,0,1,1,1,
011_banana,s0_complete_hgate_011_banana_t4,complete_only,674,0.884100,0.029021,3.680925e-06,6.133036e-06,3709,0.019347,2.103859e-06,0.038695,4.173054e-06,6.458196e-01,868,1,0,1,1,0,
011_banana,s0_complete_hgate_011_banana_t5,complete_only,52,0.946988,0.026744,1.684178e-06,4.834431e-06,2084,0.017829,1.864139e-06,0.035659,2.823942e-06,1.150680e-01,250,1,0,1,1,1,
011_banana,s0_complete_hgate_011_banana_t6,complete_only,265,0.958570,0.020629,7.718822e-05,4.065799e-04,1292,0.013753,1.473313e-04,0.027505,5.385403e-05,3.238056e+00,2303,1,0,1,1,1,
011_banana,s0_complete_hgate_011_banana_t7,complete_only,81,0.954917,0.033009,3.323411e-03,1.160149e-02,2227,0.022006,3.937119e-03,0.044012,2.028562e-04,1.583826e+00,869,1,0,1,1,1,
011_banana,s0_complete_hgate_011_banana_t8,complete_only,717,0.929508,0.021306,6.127645e-06,1.298388e-05,1820,0.014204,4.262954e-06,0.028408,7.529288e-06,1.283450e+00,1478,1,0,1,1,1,
011_banana,s0_complete_hgate_011_banana_t9,complete_only,84,0.960006,0.020832,2.326769e-04,6.489537e-04,2395,0.013888,6.625477e-04,0.027775,1.211587e-04,3.572568e+00,2437,1,0,1,1,1,
011_banana,s0_complete_hgate_011_banana_t10,complete_only,1133,0.757778,0.026418,1.977612e-06,1.108013e-05,2985,0.017612,9.548962e-07,0.035224,1.954722e-06,4.339122e-01,768,1,0,1,1,1,
011_banana,s0_complete_hgate_011_banana_t11,complete_only,824,0.810230,0.026753,1.229357e-06,3.851753e-06,2773,0.017835,1.003836e-06,0.035671,1.513483e-06,1.905026e-01,501,1,0,1,1,1,
011_banana,s0_complete_hgate_011_banana_t12,complete_only,636,0.936594,0.017295,3.646101e-05,7.041418e-05,1432,0.011530,4.210970e-05,0.023060,2.804227e-05,2.936093e+00,2166,1,0,1,1,1,
011_banana,s0_complete_hgate_011_banana_t13,complete_only,317,0.943484,0.018814,9.686503e-05,3.569724e-04,1673,0.012542,1.588232e-04,0.025085,6.713747e-05,2.598134e+00,1783,1,0,1,1,0,
011_banana,s0_complete_hgate_011_banana_t14,complete_only,1028,0.799388,0.027662,2.517316e-06,1.124798e-05,3614,0.018441,1.584335e-06,0.036883,2.125188e-06,4.617408e-01,809,1,0,1,1,0,
011_banana,s0_complete_hgate_011_banana_t15,complete_only,260,0.959257,0.024254,3.538503e-05,1.132907e-04,2552,0.016169,4.227098e-05,0.032339,3.045735e-05,1.734878e+00,969,1,0,1,1,1,
011_banana,s0_complete_hgate_011_banana_t16,complete_only,21,0.975529,0.020632,1.370054e-04,5.677558e-04,795,0.013754,1.943039e-04,0.027509,7.657692e-05,3.781910e+00,2856,1,0,1,1,1,
011_banana,s0_complete_hgate_011_banana_t17,complete_only,182,0.942229,0.027360,1.279000e-05,6.063253e-05,2558,0.018240,7.735926e-06,0.036480,2.307016e-05,1.282888e+00,1123,1,0,1,1,1,
011_banana,s0_complete_hgate_011_banana_t18,complete_only,1161,0.806998,0.028185,3.230288e-06,1.712026e-05,3225,0.018790,2.276098e-06,0.037580,5.404461e-06,5.992346e-01,822,1,0,1,1,1,
011_banana,s0_complete_hgate_011_banana_t19,complete_only,118,0.950900,0.021925,3.575355e-06,5.500315e-06,3055,0.014617,5.161560e-06,0.029233,2.963795e-06,1.949007e+00,2249,1,0,1,1,1,
011_banana,s0_complete_hgate_011_banana_t20,complete_only,76,0.957185,0.020445,2.065562e-04,7.195869e-04,2158,0.013630,3.928727e-04,0.027259,1.103336e-04,3.868207e+00,2591,1,0,1,1,1,
011_banana,s0_complete_hgate_011_banana_t21,complete_only,73,0.948386,0.036128,2.123987e-06,3.998512e-06,1361,0.024086,1.003939e-06,0.048171,2.784458e-06,0.000000e+00,161,1,0,1,1,0,
011_banana,s0_complete_hgate_011_banana_t22,complete_only,1270,0.768350,0.020014,1.346538e-05,4.643898e-05,1740,0.013342,1.713300e-05,0.026685,1.404110e-05,2.196992e+00,1770,1,0,1,1,0,
011_banana,s0_complete_hgate_011_banana_t23,complete_only,85,0.951476,0.025698,1.892067e-06,6.401386e-06,1914,0.017132,1.758428e-06,0.034264,2.337236e-06,1.070871e-01,267,1,0,1,1,0,
011_banana,s0_complete_hgate_011_banana_t24,complete_only,141,0.921881,0.035783,1.590436e-06,2.528715e-06,1430,0.023855,7.074137e-07,0.047710,3.894623e-06,2.930368e-03,182,1,0,1,1,1,
011_banana,s0_complete_hgate_011_banana_t25,complete_only,2,0.978399,0.030712,5.634510e-04,2.875266e-03,1809,0.020475,1.787082e-03,0.040949,8.893084e-05,1.681137e+00,694,1,0,1,1,1,
011_banana,s0_complete_hgate_011_banana_t26,complete_only,992,0.773454,0.027419,2.568889e-06,1.279437e-05,3582,0.018280,1.202235e-06,0.036559,2.587566e-06,6.096323e-01,953,1,0,1,1,1,
011_banana,s0_complete_hgate_011_banana_t27,complete_only,722,0.838032,0.026728,2.142656e-06,1.088086e-05,2942,0.017819,1.690246e-06,0.035637,1.945158e-06,8.848740e-01,1268,1,0,1,1,0,
011_banana,s0_complete_hgate_011_banana_t28,complete_only,1302,0.814968,0.019589,1.369543e-06,1.868643e-06,1773,0.013059,1.315645e-06,0.026118,1.455370e-06,9.732659e-01,1494,1,0,1,1,1,
011_banana,s0_complete_hgate_011_banana_t29,complete_only,1574,0.526964,0.023055,2.250665e-04,8.307058e-04,1749,0.015370,3.546212e-04,0.030740,1.720140e-04,2.408532e+00,1073,1,0,1,1,1,
011_banana,s0_complete_hgate_011_banana_t30,complete_only,563,0.946867,0.024378,1.016388e-04,3.315562e-04,1491,0.016252,1.594355e-04,0.032504,5.303281e-05,1.475564e+00,924,1,0,1,1,1,
011_banana,s0_complete_hgate_011_banana_t31,complete_only,15,0.981518,0.022114,2.355288e-05,8.681612e-05,1178,0.014743,1.039873e-04,0.029486,1.029137e-05,1.994760e+00,1543,1,0,1,1,1,
011_banana,s0_complete_hgate_011_banana_t32,complete_only,80,0.961082,0.025167,2.403139e-06,5.948910e-06,3472,0.016778,3.009330e-06,0.033556,2.288960e-06,4.786424e-01,607,1,0,1,1,1,
011_banana,s0_complete_hgate_011_banana_t33,complete_only,695,0.946990,0.021039,2.265911e-06,4.006606e-06,2088,0.014026,2.260310e-06,0.028052,2.386484e-06,1.145782e+00,1546,1,0,1,1,1,
011_banana,s0_complete_hgate_011_banana_t34,complete_only,489,0.941779,0.023798,3.233243e-05,1.753701e-04,1399,0.015865,6.230749e-05,0.031730,2.002015e-05,7.984134e-01,961,1,0,1,1,0,
011_banana,s0_complete_hgate_011_banana_t35,complete_only,214,0.957184,0.018788,9.995066e-06,3.393700e-05,1922,0.012526,7.942068e-06,0.025051,1.282826e-05,1.110221e+00,1665,1,0,1,1,1,
011_banana,s0_complete_hgate_011_banana_t36,complete_only,219,0.948119,0.018100,5.610281e-04,1.338476e-03,1726,0.012067,7.869610e-04,0.024133,3.245529e-04,2.828115e+00,1824,1,0,1,1,1,
011_banana,s0_complete_hgate_011_banana_t37,complete_only,56,0.927486,0.038683,2.416766e-06,3.814339e-06,1412,0.025789,1.355688e-06,0.051577,2.931562e-06,8.319128e-02,190,1,0,1,1,1,
011_banana,s0_complete_hgate_011_banana_t38,complete_only,1615,0.527178,0.024387,9.969942e-05,4.774141e-04,1723,0.016258,1.466050e-04,0.032515,7.341481e-05,1.980010e+00,1146,1,0,1,1,1,
011_banana,s0_complete_hgate_011_banana_t39,complete_only,670,0.915053,0.023493,9.890699e-06,4.422757e-05,2468,0.015662,1.312049e-05,0.031323,6.697023e-06,8.426214e-01,1108,1,0,1,1,1,
011_banana,s0_complete_hgate_011_banana_t40,complete_only,54,0.917740,0.041874,1.340128e-05,5.238637e-05,8252,0.027916,6.122804e-06,0.055833,1.575014e-05,3.384476e-01,594,1,0,1,1,1,
011_banana,s0_complete_hgate_011_banana_t41,complete_only,304,0.923217,0.019192,1.028482e-04,5.487711e-04,1934,0.012795,2.244571e-04,0.025590,5.497992e-05,1.848548e+00,1629,1,0,1,1,1,
011_banana,s0_complete_hgate_011_banana_t42,complete_only,526,0.947211,0.021268,2.909532e-06,6.031049e-06,2004,0.014179,2.752914e-06,0.028358,3.771969e-06,1.155581e+00,1428,1,0,1,1,1,
011_banana,s0_complete_hgate_011_banana_t43,complete_only,1364,0.712801,0.019384,1.409453e-05,2.657186e-05,1859,0.012923,1.532582e-05,0.025846,1.290676e-05,2.655371e+00,1867,1,0,1,1,1,
011_banana,s0_complete_hgate_011_banana_t44,complete_only,30,0.971278,0.044515,9.480213e-06,5.114289e-05,5188,0.029677,1.852487e-06,0.059353,2.184555e-05,2.295085e-03,198,1,0,1,1,0,
011_banana,s0_complete_hgate_011_banana_t45,complete_only,49,0.972049,0.032243,8.076873e-05,2.843366e-04,3705,0.021495,1.243925e-03,0.042990,6.155817e-05,1.526568e+00,1001,1,0,1,1,1,
011_banana,s0_complete_hgate_011_banana_t46,complete_only,49,0.936868,0.035374,4.762070e-06,6.040526e-06,2055,0.023582,3.826838e-06,0.047165,5.995385e-06,2.508346e-01,250,1,0,1,1,1,
011_banana,s0_complete_hgate_011_banana_t47,complete_only,249,0.955477,0.026178,2.266202e-03,1.286221e-02,649,0.017452,5.023549e-03,0.034904,6.017976e-04,2.213740e+00,1145,1,0,1,1,1,
011_banana,s0_complete_hgate_011_banana_t48,complete_only,26,0.976148,0.045174,2.256881e-05,1.220429e-04,9520,0.030116,2.122691e-05,0.060233,2.263253e-05,4.781087e-02,238,1,0,1,1,1,
011_banana,s0_complete_hgate_011_banana_t49,complete_only,1286,0.747194,0.019575,9.103459e-05,3.702715e-04,2413,0.013050,1.396432e-04,0.026099,6.477061e-05,2.326508e+00,1650,1,0,1,1,1,
009_gelatin_box,s0_complete_hgate_009_gelatin_box_t0,complete_only,0,0.971038,0.017225,1.352723e-05,8.490768e-05,922,0.011483,1.307957e-05,0.022967,1.106455e-05,1.205371e+00,1078,1,0,1,1,1,
009_gelatin_box,s0_complete_hgate_009_gelatin_box_t1,complete_only,0,0.992003,0.020288,2.107733e-05,2.668290e-05,2409,0.013525,1.053281e-04,0.027050,2.098892e-05,2.679309e+00,1503,1,0,1,1,0,
009_gelatin_box,s0_complete_hgate_009_gelatin_box_t2,complete_only,62,0.871727,0.019386,3.826399e-04,1.667309e-03,1485,0.012924,5.593549e-04,0.025847,1.148392e-04,5.118471e-01,309,1,0,1,1,1,
009_gelatin_box,s0_complete_hgate_009_gelatin_box_t3,complete_only,0,0.979825,0.015800,1.038407e-05,4.568957e-05,832,0.010534,1.026234e-05,0.021067,1.303437e-05,1.933608e+00,1291,1,0,1,1,0,
009_gelatin_box,s0_complete_hgate_009_gelatin_box_t4,complete_only,412,0.832199,0.018857,9.886578e-05,3.474031e-04,952,0.012571,1.153282e-04,0.025143,8.469659e-05,2.425967e+00,1257,1,0,1,1,1,
009_gelatin_box,s0_complete_hgate_009_gelatin_box_t5,complete_only,225,0.859018,0.019241,2.988601e-05,8.504438e-05,1054,0.012828,3.566267e-05,0.025655,3.006908e-05,2.922095e+00,1346,1,0,1,1,1,
009_gelatin_box,s0_complete_hgate_009_gelatin_box_t6,complete_only,3,0.951690,0.018123,5.978251e-06,2.581579e-05,962,0.012082,1.132228e-05,0.024164,1.179101e-05,1.192632e+00,554,1,0,1,1,0,
009_gelatin_box,s0_complete_hgate_009_gelatin_box_t7,complete_only,0,0.989950,0.018561,1.956702e-06,4.858968e-06,2242,0.012374,1.743858e-06,0.024748,2.567156e-06,1.027378e+00,946,1,0,1,1,1,
009_gelatin_box,s0_complete_hgate_009_gelatin_box_t8,complete_only,1,0.985495,0.015206,3.322696e-05,1.569482e-04,686,0.010138,5.135179e-05,0.020275,2.663245e-05,9.421280e-01,911,1,0,1,1,1,
009_gelatin_box,s0_complete_hgate_009_gelatin_box_t9,complete_only,0,0.962134,0.018225,1.149974e-03,3.358593e-03,580,0.012150,1.633618e-03,0.024300,1.862665e-04,1.254796e+00,682,1,0,1,1,1,
009_gelatin_box,s0_complete_hgate_009_gelatin_box_t10,complete_only,196,0.829482,0.019151,8.032739e-06,2.250014e-05,1250,0.012767,6.381821e-06,0.025535,2.243593e-05,1.303788e+00,1035,1,0,1,1,1,
009_gelatin_box,s0_complete_hgate_009_gelatin_box_t11,complete_only,89,0.847675,0.018885,3.481853e-04,1.982730e-03,1233,0.012590,6.019044e-04,0.025180,9.153768e-05,8.539564e-01,811,1,0,1,1,1,
009_gelatin_box,s0_complete_hgate_009_gelatin_box_t12,complete_only,0,0.961924,0.018265,6.042341e-05,4.258445e-05,896,0.012177,1.086799e-04,0.024354,6.665908e-05,1.099277e+00,802,1,0,1,1,1,
009_gelatin_box,s0_complete_hgate_009_gelatin_box_t13,complete_only,0,0.979161,0.018421,3.846242e-05,2.474257e-04,838,0.012281,4.508438e-05,0.024562,3.499740e-05,1.516159e+00,1073,1,0,1,1,0,
009_gelatin_box,s0_complete_hgate_009_gelatin_box_t14,complete_only,78,0.902384,0.019180,2.008301e-05,1.815561e-05,1684,0.012787,7.412102e-06,0.025574,3.630096e-05,1.710928e+00,1288,1,0,1,1,1,
009_gelatin_box,s0_complete_hgate_009_gelatin_box_t15,complete_only,5,0.971657,0.015017,2.456345e-05,7.735107e-05,752,0.010011,3.170336e-05,0.020022,1.841202e-05,1.825806e+00,1229,1,0,1,1,1,
009_gelatin_box,s0_complete_hgate_009_gelatin_box_t16,complete_only,0,0.951852,0.018823,2.309906e-03,3.746649e-03,525,0.012548,2.770299e-03,0.025097,1.518588e-03,1.121809e+00,865,1,0,1,1,1,
009_gelatin_box,s0_complete_hgate_009_gelatin_box_t17,complete_only,0,0.960324,0.018595,2.080259e-06,7.709891e-06,939,0.012396,2.077665e-06,0.024793,1.912907e-06,3.505236e-01,417,1,0,1,1,1,
009_gelatin_box,s0_complete_hgate_009_gelatin_box_t18,complete_only,209,0.936054,0.018576,4.258074e-04,1.922194e-03,570,0.012384,9.114591e-04,0.024768,1.562912e-04,2.079334e+00,1156,1,0,1,1,1,
009_gelatin_box,s0_complete_hgate_009_gelatin_box_t19,complete_only,0,0.973916,0.018825,2.722847e-05,9.234302e-05,921,0.012550,3.173053e-05,0.025100,1.805377e-05,2.676414e+00,1419,1,0,1,1,1,
009_gelatin_box,s0_complete_hgate_009_gelatin_box_t20,complete_only,0,0.946755,0.018240,7.455939e-05,6.889332e-04,821,0.012160,2.236181e-04,0.024320,7.811521e-05,1.117637e+00,1086,1,0,1,1,1,
009_gelatin_box,s0_complete_hgate_009_gelatin_box_t21,complete_only,0,0.966966,0.017765,7.302847e-07,1.713452e-06,1074,0.011843,7.672219e-07,0.023687,7.550977e-07,3.113273e-01,425,1,0,1,1,1,
009_gelatin_box,s0_complete_hgate_009_gelatin_box_t22,complete_only,0,0.974823,0.017593,2.787095e-05,1.812647e-04,1071,0.011728,2.969776e-05,0.023457,1.864226e-05,1.196529e+00,965,1,0,1,1,1,
009_gelatin_box,s0_complete_hgate_009_gelatin_box_t23,complete_only,28,0.915101,0.019218,8.983287e-06,3.786122e-05,1872,0.012812,1.453355e-05,0.025624,1.727066e-05,7.620371e-01,873,1,0,1,1,1,
009_gelatin_box,s0_complete_hgate_009_gelatin_box_t24,complete_only,0,0.977058,0.018109,9.531129e-07,2.996268e-06,823,0.012072,1.275666e-06,0.024145,7.286747e-07,1.290173e-01,314,1,0,1,1,1,
009_gelatin_box,s0_complete_hgate_009_gelatin_box_t25,complete_only,0,0.976332,0.021929,1.596445e-05,2.213217e-05,2508,0.014619,2.137553e-05,0.029238,1.369831e-05,1.583546e+00,1293,1,0,1,1,1,
009_gelatin_box,s0_complete_hgate_009_gelatin_box_t26,complete_only,34,0.903579,0.018678,2.519273e-05,1.570869e-04,1525,0.012452,6.676019e-05,0.024904,2.747993e-05,1.468835e+00,1155,1,0,1,1,1,
009_gelatin_box,s0_complete_hgate_009_gelatin_box_t27,complete_only,13,0.909455,0.018931,9.809444e-05,4.214830e-04,1059,0.012621,8.041576e-05,0.025241,9.857981e-05,2.412401e+00,795,1,0,1,1,1,
009_gelatin_box,s0_complete_hgate_009_gelatin_box_t28,complete_only,0,0.972233,0.017407,5.253949e-05,3.168235e-04,787,0.011605,6.843496e-05,0.023210,4.106591e-05,1.091397e+00,888,1,0,1,1,1,
009_gelatin_box,s0_complete_hgate_009_gelatin_box_t29,complete_only,2,0.987132,0.014238,9.662490e-07,2.133546e-06,845,0.009492,9.741633e-07,0.018984,1.062245e-06,4.953936e-01,845,1,0,1,1,1,
009_gelatin_box,s0_complete_hgate_009_gelatin_box_t30,complete_only,2,0.974806,0.015012,2.414241e-05,6.929173e-05,986,0.010008,2.736357e-05,0.020016,1.847175e-05,1.815168e+00,1448,1,0,1,1,1,
009_gelatin_box,s0_complete_hgate_009_gelatin_box_t31,complete_only,14,0.975900,0.018854,1.348963e-05,4.526706e-05,1632,0.012569,1.455178e-05,0.025138,1.965305e-05,4.427803e+00,1436,1,0,1,1,1,
009_gelatin_box,s0_complete_hgate_009_gelatin_box_t32,complete_only,120,0.895296,0.017904,4.057576e-05,2.471957e-04,779,0.011936,3.869424e-05,0.023872,4.767157e-05,2.728167e+00,708,1,0,1,1,0,
009_gelatin_box,s0_complete_hgate_009_gelatin_box_t33,complete_only,0,0.981010,0.015022,2.829371e-05,1.158283e-04,648,0.010014,3.271881e-05,0.020029,2.435284e-05,9.767513e-01,932,1,0,1,1,1,
009_gelatin_box,s0_complete_hgate_009_gelatin_box_t34,complete_only,2,0.988084,0.014475,5.092394e-06,1.076770e-05,704,0.009650,5.948945e-06,0.019300,4.627650e-06,6.129015e-01,892,1,0,1,1,0,
009_gelatin_box,s0_complete_hgate_009_gelatin_box_t35,complete_only,0,0.964118,0.017688,2.215532e-05,1.762108e-04,1033,0.011792,1.736896e-05,0.023584,2.159064e-05,1.359509e+00,1063,1,0,1,1,1,
009_gelatin_box,s0_complete_hgate_009_gelatin_box_t36,complete_only,0,0.981498,0.019262,3.445283e-05,1.336390e-04,988,0.012841,4.058369e-05,0.025682,2.900032e-05,3.482335e+00,1422,1,0,1,1,1,
009_gelatin_box,s0_complete_hgate_009_gelatin_box_t37,complete_only,65,0.950499,0.018414,4.057873e-06,4.701647e-06,1374,0.012276,2.713564e-06,0.024552,6.361580e-06,3.654059e-01,504,1,0,1,1,1,
009_gelatin_box,s0_complete_hgate_009_gelatin_box_t38,complete_only,1,0.974637,0.014974,1.289138e-05,4.617874e-05,987,0.009982,1.759817e-05,0.019965,1.204325e-05,1.308118e+00,998,1,0,1,1,1,
009_gelatin_box,s0_complete_hgate_009_gelatin_box_t39,complete_only,1,0.987257,0.014430,3.809007e-06,1.352428e-05,872,0.009620,3.468656e-06,0.019240,4.220740e-06,6.817517e-01,857,1,0,1,1,1,
009_gelatin_box,s0_complete_hgate_009_gelatin_box_t40,complete_only,340,0.903179,0.021932,3.938115e-05,1.972684e-05,2025,0.014622,1.677220e-04,0.029243,4.083374e-05,4.025476e-01,456,1,0,1,1,1,
009_gelatin_box,s0_complete_hgate_009_gelatin_box_t41,complete_only,0,0.973068,0.017547,1.759477e-05,1.067019e-04,952,0.011698,2.117976e-05,0.023395,1.690474e-05,1.411600e+00,1157,1,0,1,1,1,
009_gelatin_box,s0_complete_hgate_009_gelatin_box_t42,complete_only,0,0.989433,0.015148,3.051073e-05,1.373762e-04,686,0.010099,3.833867e-05,0.020197,2.435230e-05,8.251007e-01,756,1,0,1,1,1,
009_gelatin_box,s0_complete_hgate_009_gelatin_box_t43,complete_only,0,0.978154,0.017886,1.012146e-04,4.018949e-04,836,0.011924,2.364701e-04,0.023848,5.432198e-05,1.317320e+00,979,1,0,1,1,1,
009_gelatin_box,s0_complete_hgate_009_gelatin_box_t44,complete_only,32,0.923183,0.019690,8.943419e-06,1.076699e-05,1777,0.013127,1.181448e-05,0.026254,1.943418e-05,1.003370e+00,1057,1,0,1,1,1,
009_gelatin_box,s0_complete_hgate_009_gelatin_box_t45,complete_only,2,0.970700,0.021923,5.602864e-06,1.787449e-06,3500,0.014615,5.264084e-06,0.029231,6.213621e-06,1.387286e+00,1346,1,0,1,1,1,
009_gelatin_box,s0_complete_hgate_009_gelatin_box_t46,complete_only,8,0.975543,0.017765,7.842121e-07,1.528014e-06,871,0.011843,7.880211e-07,0.023686,7.013336e-07,1.968649e-01,502,1,0,1,1,1,
009_gelatin_box,s0_complete_hgate_009_gelatin_box_t47,complete_only,0,0.981656,0.023232,7.129130e-05,2.838570e-04,1691,0.015488,7.744179e-05,0.030976,3.425426e-05,3.151009e+00,577,1,0,1,1,1,
009_gelatin_box,s0_complete_hgate_009_gelatin_box_t48,complete_only,167,0.890821,0.018826,4.084941e-04,1.978601e-03,1123,0.012551,8.534565e-04,0.025101,9.633373e-05,9.935633e-01,935,1,0,1,1,1,
009_gelatin_box,s0_complete_hgate_009_gelatin_box_t49,complete_only,1,0.959455,0.016102,4.909214e-05,2.203641e-04,843,0.010735,7.092925e-05,0.021469,3.660756e-05,7.467108e-01,797,1,0,1,1,1,
021_bleach_cleanser,s0_complete_hgate_021_bleach_cleanser_t0,complete_only,395,0.896968,0.045620,1.221643e-06,6.828310e-06,945,0.030413,0.000000e+00,0.060826,1.785585e-06,0.000000e+00,86,1,0,1,1,0,
021_bleach_cleanser,s0_complete_hgate_021_bleach_cleanser_t1,complete_only,103,0.936849,0.045048,3.832870e-06,2.511708e-05,803,0.030032,9.313020e-07,0.060064,4.639266e-06,0.000000e+00,114,1,0,1,1,0,
021_bleach_cleanser,s0_complete_hgate_021_bleach_cleanser_t2,complete_only,318,0.910601,0.045024,5.165014e-05,8.581016e-05,985,0.030016,2.009044e-05,0.060032,4.513865e-05,0.000000e+00,59,1,0,1,1,0,
021_bleach_cleanser,s0_complete_hgate_021_bleach_cleanser_t3,complete_only,314,0.903611,0.045313,5.971432e-07,6.342745e-06,578,0.030208,0.000000e+00,0.060417,1.328856e-06,0.000000e+00,68,1,0,1,1,1,
021_bleach_cleanser,s0_complete_hgate_021_bleach_cleanser_t4,complete_only,49,0.931301,0.043094,2.110378e-05,1.351552e-04,895,0.028730,2.560395e-05,0.057459,1.944533e-05,1.579642e-02,99,1,0,1,1,1,
021_bleach_cleanser,s0_complete_hgate_021_bleach_cleanser_t5,complete_only,433,0.938532,0.040159,1.935735e-05,1.568271e-04,976,0.026773,8.444684e-06,0.053545,2.226660e-05,0.000000e+00,78,1,0,1,1,1,
021_bleach_cleanser,s0_complete_hgate_021_bleach_cleanser_t6,complete_only,217,0.918362,0.045115,1.794359e-06,9.339647e-06,959,0.030077,4.041623e-07,0.060153,2.810891e-06,0.000000e+00,96,1,0,1,1,0,
021_bleach_cleanser,s0_complete_hgate_021_bleach_cleanser_t7,complete_only,8,0.928016,0.042781,9.723549e-06,3.526701e-05,1635,0.028521,1.668994e-05,0.057042,6.803078e-06,1.918911e-01,57,1,0,1,1,0,
021_bleach_cleanser,s0_complete_hgate_021_bleach_cleanser_t8,complete_only,168,0.911718,0.040758,8.514278e-06,5.503735e-05,1343,0.027172,1.983098e-05,0.054344,6.987164e-06,1.618143e-02,142,1,0,1,1,1,
021_bleach_cleanser,s0_complete_hgate_021_bleach_cleanser_t10,complete_only,624,0.907048,0.042008,1.513590e-05,1.360075e-04,761,0.028005,2.221276e-06,0.056010,1.953998e-05,0.000000e+00,68,1,0,1,1,0,
021_bleach_cleanser,s0_complete_hgate_021_bleach_cleanser_t11,complete_only,620,0.918461,0.041712,5.077996e-05,3.295223e-04,1178,0.027808,1.090794e-04,0.055616,4.279415e-05,1.707111e-02,79,1,0,1,1,0,
021_bleach_cleanser,s0_complete_hgate_021_bleach_cleanser_t12,complete_only,804,0.792162,0.041232,3.437963e-06,1.072009e-05,2069,0.027488,5.044186e-06,0.054977,3.194221e-06,1.403973e-01,267,1,0,1,1,0,
021_bleach_cleanser,s0_complete_hgate_021_bleach_cleanser_t13,complete_only,295,0.917200,0.045736,1.697722e-06,8.933460e-06,921,0.030491,7.505519e-07,0.060981,2.217373e-06,0.000000e+00,105,1,0,1,1,0,
021_bleach_cleanser,s0_complete_hgate_021_bleach_cleanser_t14,complete_only,669,0.899473,0.041977,4.647235e-05,2.961771e-04,1198,0.027984,7.232449e-05,0.055969,3.824171e-05,9.641533e-02,73,1,0,1,1,1,
021_bleach_cleanser,s0_complete_hgate_021_bleach_cleanser_t15,complete_only,440,0.942510,0.033110,3.359058e-05,2.145091e-04,1521,0.022073,6.082982e-05,0.044146,2.736977e-05,2.204311e-01,76,1,0,1,1,0,
021_bleach_cleanser,s0_complete_hgate_021_bleach_cleanser_t16,complete_only,146,0.915072,0.044183,1.727032e-06,8.873010e-06,903,0.029455,3.709173e-07,0.058910,2.927183e-06,0.000000e+00,115,1,0,1,1,0,
021_bleach_cleanser,s0_complete_hgate_021_bleach_cleanser_t17,complete_only,177,0.841993,0.044982,2.031604e-06,1.583367e-05,1177,0.029988,1.173804e-06,0.059976,2.716348e-06,0.000000e+00,148,1,0,1,1,1,
021_bleach_cleanser,s0_complete_hgate_021_bleach_cleanser_t18,complete_only,28,0.921381,0.044303,2.098453e-06,1.348106e-05,674,0.029535,3.477418e-08,0.059070,3.515607e-06,0.000000e+00,93,1,0,1,1,0,
021_bleach_cleanser,s0_complete_hgate_021_bleach_cleanser_t19,complete_only,37,0.918656,0.044347,2.739744e-06,1.930101e-05,981,0.029565,8.218030e-07,0.059129,3.719555e-06,0.000000e+00,121,1,0,1,1,0,
021_bleach_cleanser,s0_complete_hgate_021_bleach_cleanser_t20,complete_only,324,0.895971,0.045222,1.728016e-06,1.008514e-05,1072,0.030148,7.543192e-07,0.060295,2.276629e-06,0.000000e+00,88,1,0,1,1,0,
021_bleach_cleanser,s0_complete_hgate_021_bleach_cleanser_t21,complete_only,89,0.887990,0.042536,4.635008e-05,1.627120e-04,1312,0.028357,4.325272e-05,0.056715,4.152769e-05,7.514852e-01,150,1,0,1,1,0,
021_bleach_cleanser,s0_complete_hgate_021_bleach_cleanser_t22,complete_only,415,0.825477,0.041994,3.202852e-06,9.764435e-06,1488,0.027996,6.954058e-06,0.055992,2.683414e-06,3.256791e-02,169,1,0,1,1,1,
021_bleach_cleanser,s0_complete_hgate_021_bleach_cleanser_t23,complete_only,44,0.944315,0.028058,3.044772e-04,9.304266e-04,1172,0.018706,5.382063e-04,0.037411,1.458441e-04,5.945606e-01,167,1,0,1,1,0,
021_bleach_cleanser,s0_complete_hgate_021_bleach_cleanser_t25,complete_only,806,0.913264,0.040831,3.140013e-06,1.153499e-05,2101,0.027221,5.339815e-06,0.054441,2.955480e-06,8.239897e-02,221,1,0,1,1,0,
021_bleach_cleanser,s0_complete_hgate_021_bleach_cleanser_t26,complete_only,548,0.921284,0.042549,5.306837e-05,3.963021e-04,981,0.028366,8.565715e-05,0.056732,4.649172e-05,1.438380e-01,116,1,0,1,1,0,
021_bleach_cleanser,s0_complete_hgate_021_bleach_cleanser_t27,complete_only,586,0.916762,0.042148,3.915939e-05,3.025723e-04,1227,0.028098,6.911313e-05,0.056197,3.812461e-05,3.580045e-02,76,1,0,1,1,1,
021_bleach_cleanser,s0_complete_hgate_021_bleach_cleanser_t28,complete_only,1843,0.384639,0.009232,1.677763e-07,5.630558e-07,1900,0.006155,2.184500e-07,0.012310,1.190074e-07,1.782501e+00,7313,1,0,1,1,0,
021_bleach_cleanser,s0_complete_hgate_021_bleach_cleanser_t29,complete_only,60,0.955135,0.040684,2.225534e-05,1.083470e-04,1869,0.027123,1.217593e-04,0.054246,1.417287e-05,1.484571e-01,142,1,0,1,1,1,
021_bleach_cleanser,s0_complete_hgate_021_bleach_cleanser_t30,complete_only,137,0.945786,0.044266,1.148512e-05,2.581936e-05,947,0.029510,8.608727e-07,0.059021,1.532039e-05,0.000000e+00,86,1,0,1,1,1,
021_bleach_cleanser,s0_complete_hgate_021_bleach_cleanser_t31,complete_only,109,0.920992,0.044137,2.889033e-06,2.312826e-05,931,0.029425,8.044383e-07,0.058850,4.549102e-06,0.000000e+00,100,1,0,1,1,0,
021_bleach_cleanser,s0_complete_hgate_021_bleach_cleanser_t32,complete_only,230,0.909013,0.044396,3.184609e-05,2.389895e-04,1343,0.029597,2.158242e-04,0.059195,2.901732e-05,6.893547e-02,94,1,0,1,1,1,
021_bleach_cleanser,s0_complete_hgate_021_bleach_cleanser_t33,complete_only,261,0.896292,0.041539,1.570255e-05,4.528498e-05,1451,0.027693,2.285464e-05,0.055386,6.861755e-06,1.644223e-01,143,1,0,1,1,0,
021_bleach_cleanser,s0_complete_hgate_021_bleach_cleanser_t34,complete_only,59,0.953407,0.044906,2.893687e-06,1.249608e-05,918,0.029938,7.700632e-07,0.059875,4.080891e-06,0.000000e+00,96,1,0,1,1,1,
021_bleach_cleanser,s0_complete_hgate_021_bleach_cleanser_t35,complete_only,369,0.907524,0.045555,1.001023e-06,6.388895e-06,779,0.030370,1.054385e-07,0.060740,1.759988e-06,0.000000e+00,105,1,0,1,1,0,
021_bleach_cleanser,s0_complete_hgate_021_bleach_cleanser_t36,complete_only,1055,0.804958,0.041120,2.859570e-06,1.044802e-05,1774,0.027413,3.938514e-06,0.054826,2.669757e-06,4.379950e-02,162,1,0,1,1,1,
021_bleach_cleanser,s0_complete_hgate_021_bleach_cleanser_t37,complete_only,0,0.919113,0.044424,4.135245e-06,4.002673e-06,848,0.029616,0.000000e+00,0.059233,9.926448e-06,0.000000e+00,77,1,0,1,1,1,
021_bleach_cleanser,s0_complete_hgate_021_bleach_cleanser_t38,complete_only,130,0.960808,0.040548,2.836097e-05,1.552581e-04,2228,0.027032,9.197760e-05,0.054063,2.223722e-05,7.056961e-02,110,1,0,1,1,0,
021_bleach_cleanser,s0_complete_hgate_021_bleach_cleanser_t39,complete_only,64,0.941768,0.045266,3.001734e-06,0.000000e+00,530,0.030177,0.000000e+00,0.060355,5.223643e-06,0.000000e+00,80,1,0,1,1,1,
021_bleach_cleanser,s0_complete_hgate_021_bleach_cleanser_t40,complete_only,70,0.894677,0.046371,1.976592e-05,2.977840e-05,744,0.030914,0.000000e+00,0.061829,3.325596e-05,0.000000e+00,88,1,0,1,1,1,
021_bleach_cleanser,s0_complete_hgate_021_bleach_cleanser_t41,complete_only,419,0.889525,0.045890,1.274412e-06,6.582429e-06,970,0.030593,8.856290e-08,0.061186,1.768459e-06,0.000000e+00,111,1,0,1,1,1,
021_bleach_cleanser,s0_complete_hgate_021_bleach_cleanser_t42,complete_only,187,0.918693,0.040828,1.024941e-05,6.286293e-05,1405,0.027219,2.529366e-05,0.054438,8.026746e-06,7.305057e-02,89,1,0,1,1,1,
021_bleach_cleanser,s0_complete_hgate_021_bleach_cleanser_t43,complete_only,228,0.915710,0.039093,5.460688e-06,2.048580e-05,1121,0.026062,1.039797e-05,0.052124,4.229839e-06,3.084469e-02,82,1,0,1,1,1,
021_bleach_cleanser,s0_complete_hgate_021_bleach_cleanser_t44,complete_only,215,0.910598,0.045937,3.385227e-05,1.282324e-04,652,0.030625,1.102583e-05,0.061249,3.990886e-05,0.000000e+00,81,1,0,1,1,1,
021_bleach_cleanser,s0_complete_hgate_021_bleach_cleanser_t45,complete_only,242,0.952377,0.042442,1.887048e-06,6.699381e-06,2564,0.028295,2.102090e-06,0.056589,2.007301e-06,2.202664e-03,143,1,0,1,1,1,
021_bleach_cleanser,s0_complete_hgate_021_bleach_cleanser_t46,complete_only,11,0.891550,0.042886,1.295838e-04,5.357253e-04,763,0.028590,1.393389e-04,0.057181,7.438409e-05,7.373090e-01,71,1,0,1,1,0,
021_bleach_cleanser,s0_complete_hgate_021_bleach_cleanser_t47,complete_only,247,0.932582,0.039296,5.221825e-07,0.000000e+00,655,0.026197,0.000000e+00,0.052395,2.919809e-06,0.000000e+00,131,1,0,1,1,0,
021_bleach_cleanser,s0_complete_hgate_021_bleach_cleanser_t48,complete_only,131,0.929314,0.046220,3.488966e-05,1.284502e-04,689,0.030813,1.131921e-05,0.061626,3.852430e-05,0.000000e+00,85,1,0,1,1,1,
021_bleach_cleanser,s0_complete_hgate_021_bleach_cleanser_t49,complete_only,157,0.924782,0.045533,1.234378e-06,7.053399e-06,594,0.030355,0.000000e+00,0.060711,2.216058e-06,0.000000e+00,83,1,0,1,1,1,
061_foam_brick,s0_complete_hgate_061_foam_brick_t0,complete_only,0,0.963040,0.021300,1.718689e-04,1.535389e-03,1484,0.014200,6.504784e-04,0.028400,5.094328e-05,3.066561e+00,1455,1,0,1,1,0,
061_foam_brick,s0_complete_hgate_061_foam_brick_t1,complete_only,17,0.984087,0.019729,4.999474e-06,1.401826e-05,1308,0.013153,4.495765e-06,0.026305,1.129764e-05,1.321086e+00,1297,1,0,1,1,1,
061_foam_brick,s0_complete_hgate_061_foam_brick_t2,complete_only,93,0.900784,0.017107,9.344936e-07,4.981126e-06,2207,0.011404,1.186339e-06,0.022809,9.652942e-07,6.778430e-01,1044,1,0,1,1,0,
061_foam_brick,s0_complete_hgate_061_foam_brick_t3,complete_only,2,0.980193,0.018101,8.155667e-04,1.661852e-03,653,0.012068,1.604690e-03,0.024135,3.034941e-04,6.321449e+00,1365,1,0,1,1,0,
061_foam_brick,s0_complete_hgate_061_foam_brick_t4,complete_only,112,0.937206,0.016671,9.156624e-07,8.918618e-07,1831,0.011114,6.762144e-07,0.022228,9.881510e-07,6.682841e-01,1139,1,0,1,1,1,
061_foam_brick,s0_complete_hgate_061_foam_brick_t5,complete_only,164,0.909720,0.017064,1.014838e-06,9.253595e-07,1860,0.011376,5.335327e-07,0.022752,1.106792e-06,6.535663e-01,1058,1,0,1,1,1,
061_foam_brick,s0_complete_hgate_061_foam_brick_t6,complete_only,0,0.976738,0.024492,2.117422e-03,7.339845e-03,667,0.016328,3.790433e-03,0.032656,5.621271e-04,3.236455e+00,183,1,0,1,1,0,
061_foam_brick,s0_complete_hgate_061_foam_brick_t7,complete_only,6,0.985908,0.018445,7.880845e-05,4.449424e-04,1724,0.012297,2.245069e-05,0.024594,3.586583e-05,3.331594e+00,2366,1,0,1,1,1,
061_foam_brick,s0_complete_hgate_061_foam_brick_t8,complete_only,0,0.979515,0.016439,7.017356e-06,2.205769e-05,1901,0.010959,8.409217e-06,0.021919,7.934897e-06,1.571727e+00,1968,1,0,1,1,1,
061_foam_brick,s0_complete_hgate_061_foam_brick_t9,complete_only,0,0.974075,0.024622,6.034950e-04,3.680243e-03,835,0.016415,8.104847e-04,0.032830,2.487143e-04,2.749168e+00,1033,1,0,1,1,1,
061_foam_brick,s0_complete_hgate_061_foam_brick_t10,complete_only,332,0.912715,0.016104,3.200237e-06,1.229853e-05,859,0.010736,1.996893e-06,0.021472,5.251997e-06,2.626821e+00,1692,1,0,1,1,0,
061_foam_brick,s0_complete_hgate_061_foam_brick_t11,complete_only,226,0.904995,0.016303,3.070048e-06,8.030524e-06,1240,0.010868,1.332629e-06,0.021737,5.197294e-06,2.644332e+00,1830,1,0,1,1,0,
061_foam_brick,s0_complete_hgate_061_foam_brick_t12,complete_only,0,0.976406,0.024504,4.736578e-04,2.395374e-03,614,0.016336,6.912368e-04,0.032672,1.299620e-04,2.107684e+00,1033,1,0,1,1,1,
061_foam_brick,s0_complete_hgate_061_foam_brick_t13,complete_only,1,0.968919,0.022692,7.759071e-04,2.772496e-03,696,0.015128,1.081042e-03,0.030256,4.011080e-04,6.301007e+00,611,1,0,1,1,0,
061_foam_brick,s0_complete_hgate_061_foam_brick_t14,complete_only,76,0.929047,0.016556,1.558753e-06,7.009880e-06,1022,0.011037,1.426578e-06,0.022074,2.113143e-06,1.685630e+00,1802,1,0,1,1,1,
061_foam_brick,s0_complete_hgate_061_foam_brick_t15,complete_only,5,0.979084,0.016688,9.194361e-06,5.018732e-05,1598,0.011125,1.157118e-05,0.022251,8.589723e-06,2.189067e+00,2756,1,0,1,1,0,
061_foam_brick,s0_complete_hgate_061_foam_brick_t16,complete_only,0,0.977320,0.024235,8.127852e-05,2.931642e-04,1021,0.016157,1.537263e-04,0.032313,5.161842e-05,2.244058e+00,1166,1,0,1,1,1,
061_foam_brick,s0_complete_hgate_061_foam_brick_t17,complete_only,21,0.966972,0.017059,2.630137e-06,4.932703e-06,931,0.011373,1.303487e-06,0.022745,2.497191e-06,6.601015e-01,897,1,0,1,1,1,
061_foam_brick,s0_complete_hgate_061_foam_brick_t18,complete_only,1101,0.736783,0.022924,6.817788e-05,3.996835e-04,1498,0.015283,6.418057e-05,0.030565,7.197987e-05,4.798607e-01,765,1,0,1,1,0,
061_foam_brick,s0_complete_hgate_061_foam_brick_t19,complete_only,0,0.975817,0.022248,4.988820e-07,1.026232e-06,2207,0.014832,4.903554e-07,0.029664,5.681581e-07,7.162496e-01,1200,1,0,1,1,0,
061_foam_brick,s0_complete_hgate_061_foam_brick_t20,complete_only,0,0.977362,0.024898,1.605379e-03,5.818349e-03,482,0.016599,3.124748e-03,0.033197,7.587369e-04,3.330805e+00,145,1,0,1,1,0,
061_foam_brick,s0_complete_hgate_061_foam_brick_t21,complete_only,71,0.964842,0.016435,5.909471e-06,2.557523e-05,1511,0.010957,4.655178e-06,0.021913,1.077785e-05,2.533877e+00,1975,1,0,1,1,1,
061_foam_brick,s0_complete_hgate_061_foam_brick_t22,complete_only,0,0.975121,0.022161,5.378174e-05,2.539500e-05,2034,0.014774,6.906950e-05,0.029548,4.903912e-05,2.347767e+00,1317,1,0,1,1,0,
061_foam_brick,s0_complete_hgate_061_foam_brick_t23,complete_only,99,0.926691,0.017432,6.497793e-07,9.191213e-07,1756,0.011622,6.543932e-07,0.023243,7.051960e-07,6.614230e-01,1066,1,0,1,1,0,
061_foam_brick,s0_complete_hgate_061_foam_brick_t24,complete_only,99,0.957941,0.016738,1.472621e-05,7.041094e-05,1369,0.011159,2.015227e-05,0.022317,1.911645e-05,2.900162e+00,2274,1,0,1,1,1,
061_foam_brick,s0_complete_hgate_061_foam_brick_t25,complete_only,0,0.988511,0.018263,5.998670e-06,2.907147e-05,2115,0.012175,1.202040e-05,0.024351,5.581194e-06,2.057321e+00,1029,1,0,1,1,0,
061_foam_brick,s0_complete_hgate_061_foam_brick_t26,complete_only,44,0.926562,0.016781,1.101128e-06,1.179705e-06,1398,0.011187,7.243980e-07,0.022375,1.059520e-06,8.493957e-01,1327,1,0,1,1,0,
061_foam_brick,s0_complete_hgate_061_foam_brick_t27,complete_only,202,0.914832,0.016222,9.981583e-07,1.059928e-06,1552,0.010814,6.469061e-07,0.021629,1.196391e-06,7.701699e-01,1142,1,0,1,1,0,
061_foam_brick,s0_complete_hgate_061_foam_brick_t28,complete_only,0,0.971672,0.020613,1.398200e-04,1.027501e-03,1421,0.013742,8.330370e-04,0.027484,1.206616e-04,4.850314e+00,1721,1,0,1,1,0,
061_foam_brick,s0_complete_hgate_061_foam_brick_t29,complete_only,0,0.981651,0.015597,3.996825e-07,7.382981e-07,1054,0.010398,3.493263e-07,0.020796,1.379744e-06,7.364148e-01,1325,1,0,1,1,0,
061_foam_brick,s0_complete_hgate_061_foam_brick_t30,complete_only,9,0.981448,0.016686,3.315243e-06,5.278765e-07,1225,0.011124,3.504839e-07,0.022248,3.808669e-06,1.429004e+00,1931,1,0,1,1,0,
061_foam_brick,s0_complete_hgate_061_foam_brick_t31,complete_only,18,0.977637,0.021423,5.496824e-07,9.515322e-07,2282,0.014282,5.439045e-07,0.028563,5.761205e-07,7.262182e-01,1118,1,0,1,1,0,
061_foam_brick,s0_complete_hgate_061_foam_brick_t32,complete_only,122,0.966041,0.015903,7.782015e-06,3.586648e-05,955,0.010602,3.161869e-06,0.021204,8.975330e-06,2.221024e+00,1762,1,0,1,1,0,
061_foam_brick,s0_complete_hgate_061_foam_brick_t33,complete_only,0,0.974713,0.016253,2.309213e-06,1.846401e-06,920,0.010835,4.603944e-07,0.021670,2.320163e-06,8.897010e-01,1519,1,0,1,1,0,
061_foam_brick,s0_complete_hgate_061_foam_brick_t34,complete_only,3,0.977714,0.015994,1.335174e-06,9.129758e-07,1218,0.010663,4.006103e-07,0.021326,1.867259e-06,1.410489e+00,1920,1,0,1,1,0,
061_foam_brick,s0_complete_hgate_061_foam_brick_t35,complete_only,0,0.975502,0.023229,1.174310e-04,6.730175e-04,1218,0.015486,3.430167e-04,0.030973,1.049847e-04,4.289442e+00,372,1,0,1,1,0,
061_foam_brick,s0_complete_hgate_061_foam_brick_t36,complete_only,0,0.980659,0.023450,4.259094e-03,1.174398e-02,1913,0.015633,6.928829e-03,0.031266,2.042081e-03,5.918088e+00,1389,1,0,1,1,1,
061_foam_brick,s0_complete_hgate_061_foam_brick_t37,complete_only,520,0.910396,0.019686,1.270093e-06,3.802283e-06,1366,0.013124,1.762433e-06,0.026248,2.183589e-06,5.867879e-01,934,1,0,1,1,0,
061_foam_brick,s0_complete_hgate_061_foam_brick_t38,complete_only,0,0.981432,0.015996,4.668645e-07,8.493874e-07,1198,0.010664,4.133676e-07,0.021328,6.557766e-07,1.481126e+00,2051,1,0,1,1,1,
061_foam_brick,s0_complete_hgate_061_foam_brick_t39,complete_only,0,0.971920,0.016222,1.433690e-05,1.966465e-05,1613,0.010814,8.070462e-06,0.021629,1.644636e-05,1.313302e+00,1626,1,0,1,1,0,
061_foam_brick,s0_complete_hgate_061_foam_brick_t40,complete_only,972,0.783275,0.025625,9.477035e-04,2.511044e-03,1112,0.017083,7.496194e-04,0.034166,3.403280e-04,2.124822e+00,958,1,0,1,1,0,
061_foam_brick,s0_complete_hgate_061_foam_brick_t41,complete_only,0,0.975501,0.021642,3.866899e-05,4.514742e-05,2104,0.014428,3.419153e-05,0.028856,4.262381e-05,3.599562e+00,1675,1,0,1,1,0,
061_foam_brick,s0_complete_hgate_061_foam_brick_t42,complete_only,0,0.972972,0.016594,4.447796e-06,2.902970e-05,1828,0.011062,4.237216e-06,0.022125,6.256245e-06,1.412803e+00,1893,1,0,1,1,0,
061_foam_brick,s0_complete_hgate_061_foam_brick_t43,complete_only,0,0.977548,0.022658,3.186145e-05,1.040638e-04,2095,0.015105,2.818176e-05,0.030210,5.191910e-05,3.499862e+00,1610,1,0,1,1,0,
061_foam_brick,s0_complete_hgate_061_foam_brick_t44,complete_only,107,0.933382,0.016599,7.245921e-07,1.227293e-06,1751,0.011066,6.849622e-07,0.022132,7.266537e-07,7.624300e-01,1172,1,0,1,1,0,
061_foam_brick,s0_complete_hgate_061_foam_brick_t45,complete_only,0,0.978661,0.018317,5.380272e-06,1.838862e-05,3222,0.012211,2.358853e-06,0.024422,7.157639e-06,3.011522e+00,2217,1,0,1,1,1,
061_foam_brick,s0_complete_hgate_061_foam_brick_t46,complete_only,67,0.952188,0.016714,1.091250e-05,3.019698e-05,1524,0.011143,1.022326e-05,0.022286,1.185213e-05,2.221047e+00,1922,1,0,1,1,1,
061_foam_brick,s0_complete_hgate_061_foam_brick_t47,complete_only,0,0.990906,0.018659,7.156544e-06,4.648980e-05,1823,0.012439,1.666520e-05,0.024879,5.469589e-06,1.561006e+00,738,1,0,1,1,0,
061_foam_brick,s0_complete_hgate_061_foam_brick_t48,complete_only,77,0.932123,0.016487,7.823259e-07,1.379619e-06,1745,0.010991,7.681215e-07,0.021982,1.694898e-06,9.312223e-01,1298,1,0,1,1,0,
061_foam_brick,s0_complete_hgate_061_foam_brick_t49,complete_only,3,0.961871,0.019755,9.127553e-05,8.002530e-04,1470,0.013170,4.264410e-04,0.026340,8.058668e-05,3.510290e+00,1695,1,0,1,1,0,
019_pitcher_base,s0_complete_hgate_019_pitcher_base_t0,complete_only,107,0.941716,0.045158,2.594397e-04,1.701373e-03,1786,0.030106,8.657367e-04,0.060211,2.274841e-04,9.816108e-01,228,1,0,1,1,1,
019_pitcher_base,s0_complete_hgate_019_pitcher_base_t1,complete_only,382,0.844254,0.045726,1.943781e-04,1.070365e-03,966,0.030484,9.167941e-05,0.060969,3.520121e-04,5.886826e-01,118,1,0,1,1,1,
019_pitcher_base,s0_complete_hgate_019_pitcher_base_t2,complete_only,294,0.832912,0.042167,2.151419e-06,5.054863e-06,962,0.028112,1.156279e-06,0.056223,1.928244e-06,9.505247e-02,133,1,0,1,1,0,
019_pitcher_base,s0_complete_hgate_019_pitcher_base_t3,complete_only,26,0.957673,0.045460,7.901190e-05,5.330428e-04,1420,0.030307,7.463019e-04,0.060614,6.319183e-05,2.352534e-01,72,1,0,1,1,1,
019_pitcher_base,s0_complete_hgate_019_pitcher_base_t4,complete_only,186,0.850812,0.041267,2.888420e-06,7.557351e-06,1060,0.027511,1.098814e-06,0.055023,1.190194e-05,0.000000e+00,83,1,0,1,1,0,
019_pitcher_base,s0_complete_hgate_019_pitcher_base_t6,complete_only,120,0.909171,0.037799,0.000000e+00,0.000000e+00,483,0.025200,0.000000e+00,0.050399,0.000000e+00,0.000000e+00,83,1,0,1,1,0,
019_pitcher_base,s0_complete_hgate_019_pitcher_base_t9,complete_only,323,0.879562,0.029263,1.990617e-03,6.686287e-03,190,0.019509,3.446371e-03,0.039017,3.632843e-04,4.684614e-01,91,1,0,1,1,0,
019_pitcher_base,s0_complete_hgate_019_pitcher_base_t10,complete_only,163,0.857578,0.040187,1.050378e-05,8.313171e-06,808,0.026791,7.725199e-07,0.053583,2.085415e-05,0.000000e+00,66,1,0,1,1,0,
019_pitcher_base,s0_complete_hgate_019_pitcher_base_t11,complete_only,29,0.891458,0.034949,9.217642e-05,3.199313e-04,492,0.023299,1.142832e-04,0.046599,7.667889e-05,1.707374e-01,28,1,0,1,1,0,
019_pitcher_base,s0_complete_hgate_019_pitcher_base_t12,complete_only,233,0.807524,0.038487,6.877516e-06,3.288718e-06,575,0.025658,0.000000e+00,0.051316,2.517385e-05,0.000000e+00,85,1,0,1,1,0,
019_pitcher_base,s0_complete_hgate_019_pitcher_base_t13,complete_only,180,0.919921,0.044574,2.447882e-04,1.319172e-03,1275,0.029716,3.025562e-03,0.059432,1.761071e-04,5.544332e-01,120,1,0,1,1,0,
019_pitcher_base,s0_complete_hgate_019_pitcher_base_t14,complete_only,126,0.856436,0.039920,1.336112e-04,3.245752e-04,667,0.026614,1.724241e-04,0.053227,1.141768e-04,2.802954e-01,51,1,0,1,1,0,
019_pitcher_base,s0_complete_hgate_019_pitcher_base_t15,complete_only,65,0.902758,0.043328,7.175424e-04,4.805826e-03,1034,0.028885,2.167245e-03,0.057770,5.457884e-04,5.987646e-01,111,1,0,1,1,0,
019_pitcher_base,s0_complete_hgate_019_pitcher_base_t17,complete_only,641,0.899392,0.035867,5.431434e-05,4.265098e-04,886,0.023911,8.937567e-04,0.047822,4.346923e-05,1.527723e-01,69,1,0,1,1,0,
019_pitcher_base,s0_complete_hgate_019_pitcher_base_t21,complete_only,48,0.897853,0.038648,2.124616e-03,4.117121e-03,230,0.025766,2.901013e-03,0.051531,2.959615e-04,2.162746e-01,59,1,0,1,1,0,
019_pitcher_base,s0_complete_hgate_019_pitcher_base_t23,complete_only,119,0.920070,0.046650,1.478754e-04,3.113060e-04,300,0.031100,1.895782e-04,0.062200,1.428995e-04,3.430598e-01,31,1,0,1,1,0,
019_pitcher_base,s0_complete_hgate_019_pitcher_base_t26,complete_only,73,0.897021,0.028127,3.966224e-04,1.016485e-03,577,0.018751,7.894802e-04,0.037502,1.046521e-04,9.347729e-01,85,1,0,1,1,0,
019_pitcher_base,s0_complete_hgate_019_pitcher_base_t27,complete_only,132,0.863411,0.040828,4.842548e-05,1.794421e-04,420,0.027219,9.196763e-05,0.054437,3.762231e-05,1.228050e-01,28,1,0,1,1,0,
019_pitcher_base,s0_complete_hgate_019_pitcher_base_t28,complete_only,287,0.851481,0.038960,5.433606e-06,5.191005e-06,871,0.025974,2.608489e-07,0.051947,1.358684e-05,0.000000e+00,67,1,0,1,1,0,
019_pitcher_base,s0_complete_hgate_019_pitcher_base_t30,complete_only,108,0.914224,0.051080,1.189058e-04,3.718963e-04,2014,0.034054,8.235334e-05,0.068107,2.056850e-04,3.940999e-01,203,1,0,1,1,0,
019_pitcher_base,s0_complete_hgate_019_pitcher_base_t31,complete_only,232,0.880564,0.044806,5.166852e-04,1.719566e-03,600,0.029871,7.785984e-04,0.059741,6.724025e-04,1.353522e+00,95,1,0,1,1,0,
019_pitcher_base,s0_complete_hgate_019_pitcher_base_t32,complete_only,362,0.924337,0.064982,4.711738e-04,4.493665e-04,4715,0.043322,3.299606e-04,0.086643,6.943187e-04,1.765360e+00,562,1,0,1,1,0,
019_pitcher_base,s0_complete_hgate_019_pitcher_base_t33,complete_only,347,0.904625,0.009369,3.117001e-05,1.301083e-04,758,0.006246,3.066410e-05,0.012492,1.564847e-05,3.995806e+00,4045,1,0,1,1,0,
019_pitcher_base,s0_complete_hgate_019_pitcher_base_t34,complete_only,95,0.941713,0.047517,1.940902e-04,1.347486e-03,1818,0.031678,1.933665e-04,0.063356,1.856526e-04,2.128380e-01,68,1,0,1,1,1,
019_pitcher_base,s0_complete_hgate_019_pitcher_base_t35,complete_only,163,0.905263,0.037881,0.000000e+00,0.000000e+00,514,0.025254,0.000000e+00,0.050508,3.588051e-07,0.000000e+00,82,1,0,1,1,0,
019_pitcher_base,s0_complete_hgate_019_pitcher_base_t36,complete_only,31,0.950512,0.019984,6.955155e-04,1.672361e-03,606,0.013323,9.615173e-04,0.026646,5.833569e-04,6.497026e-01,130,1,0,1,1,0,
019_pitcher_base,s0_complete_hgate_019_pitcher_base_t37,complete_only,56,0.959617,0.035500,1.588147e-04,9.842378e-04,1285,0.023667,4.843161e-04,0.047333,2.122368e-04,1.076702e+00,314,1,0,1,1,0,
019_pitcher_base,s0_complete_hgate_019_pitcher_base_t41,complete_only,65,0.949833,0.045577,3.051821e-04,2.022922e-03,1482,0.030385,2.652181e-03,0.060769,2.174018e-04,1.287083e+00,221,1,0,1,1,1,
019_pitcher_base,s0_complete_hgate_019_pitcher_base_t42,complete_only,5,0.944171,0.041082,5.624183e-05,1.742595e-04,428,0.027388,2.066452e-04,0.054776,6.762906e-05,4.291640e-02,43,1,0,1,1,0,
019_pitcher_base,s0_complete_hgate_019_pitcher_base_t43,complete_only,126,0.876355,0.038978,2.560848e-04,1.752968e-03,449,0.025986,1.545046e-03,0.051971,1.092306e-04,9.177892e-02,77,1,0,1,1,0,
019_pitcher_base,s0_complete_hgate_019_pitcher_base_t44,complete_only,173,0.836274,0.039528,4.660830e-05,1.729429e-04,616,0.026352,1.104429e-04,0.052705,3.509405e-05,1.132714e-01,64,1,0,1,1,0,
019_pitcher_base,s0_complete_hgate_019_pitcher_base_t46,complete_only,20,0.915009,0.038783,2.437197e-05,6.951653e-06,768,0.025855,0.000000e+00,0.051711,4.819656e-05,0.000000e+00,48,1,0,1,1,0,
019_pitcher_base,s0_complete_hgate_019_pitcher_base_t47,complete_only,138,0.938639,0.033740,2.461150e-04,1.426194e-03,340,0.022494,2.887530e-04,0.044987,2.291250e-04,2.589822e-01,68,1,0,1,1,0,
019_pitcher_base,s0_complete_hgate_019_pitcher_base_t48,complete_only,5,0.885916,0.039239,3.176780e-06,5.439031e-06,891,0.026159,5.052728e-07,0.052318,5.610490e-06,0.000000e+00,72,1,0,1,1,0,
019_pitcher_base,s0_complete_hgate_019_pitcher_base_t49,complete_only,68,0.957508,0.046555,3.047588e-04,1.946132e-03,1554,0.031036,2.662312e-03,0.062073,2.024719e-04,1.038944e+00,200,1,0,1,1,1,
025_mug,s0_complete_hgate_025_mug_t0,complete_only,0,0.970181,0.021361,2.172262e-07,8.993042e-07,559,0.014241,0.000000e+00,0.028481,3.923882e-07,6.058228e-02,225,1,0,1,1,1,
025_mug,s0_complete_hgate_025_mug_t1,complete_only,0,0.963266,0.027470,2.299581e-03,4.908035e-03,1384,0.018313,2.385238e-03,0.036627,1.310597e-03,2.540172e+00,490,1,0,1,1,1,
025_mug,s0_complete_hgate_025_mug_t2,complete_only,21,0.921780,0.021699,6.545921e-04,9.414354e-04,117,0.014466,8.196890e-04,0.028933,5.734455e-04,9.723096e-01,40,1,0,1,1,1,
025_mug,s0_complete_hgate_025_mug_t3,complete_only,88,0.948476,0.021791,2.616157e-07,9.286767e-07,713,0.014527,0.000000e+00,0.029054,5.328193e-07,6.146576e-02,254,1,0,1,1,0,
025_mug,s0_complete_hgate_025_mug_t4,complete_only,14,0.897892,0.020906,7.739497e-04,1.914701e-03,111,0.013938,9.686773e-04,0.027875,6.193660e-04,7.216052e-01,32,1,0,1,1,1,
025_mug,s0_complete_hgate_025_mug_t5,complete_only,62,0.891657,0.020281,6.759720e-07,1.734389e-06,929,0.013521,6.677048e-07,0.027042,8.370197e-07,0.000000e+00,82,1,0,1,1,0,
025_mug,s0_complete_hgate_025_mug_t6,complete_only,0,0.949450,0.024828,3.014441e-03,4.986024e-03,1742,0.016552,3.280240e-03,0.033104,2.526251e-03,2.553978e+00,401,1,0,1,1,0,
025_mug,s0_complete_hgate_025_mug_t7,complete_only,34,0.897873,0.020395,5.368616e-04,1.516093e-03,150,0.013596,7.177493e-04,0.027193,4.079066e-04,9.332278e-01,57,1,0,1,1,1,
025_mug,s0_complete_hgate_025_mug_t8,complete_only,11,0.891528,0.019753,6.304252e-04,1.065871e-03,100,0.013169,7.507909e-04,0.026338,5.738500e-04,5.308714e-01,23,1,0,1,1,1,
025_mug,s0_complete_hgate_025_mug_t9,complete_only,3,0.919363,0.022911,2.800959e-03,4.360217e-03,874,0.015274,2.622266e-03,0.030549,2.444324e-03,3.296173e+00,148,1,0,1,1,0,
025_mug,s0_complete_hgate_025_mug_t10,complete_only,59,0.902495,0.019935,3.379573e-04,9.916315e-04,117,0.013290,4.194873e-04,0.026580,2.568969e-04,8.206663e-01,63,1,0,1,1,1,
025_mug,s0_complete_hgate_025_mug_t11,complete_only,5,0.926881,0.021037,4.947793e-04,1.131644e-03,160,0.014024,7.282203e-04,0.028049,3.796065e-04,7.822127e-01,39,1,0,1,1,1,
025_mug,s0_complete_hgate_025_mug_t12,complete_only,0,0.933159,0.020315,1.145421e-04,5.290023e-04,1106,0.013543,1.755040e-04,0.027086,6.023642e-05,4.833290e-01,181,1,0,1,1,0,
025_mug,s0_complete_hgate_025_mug_t13,complete_only,0,0.956126,0.025890,1.913613e-03,3.740334e-03,1116,0.017260,2.353755e-03,0.034520,2.610634e-04,1.979978e+00,445,1,0,1,1,0,
025_mug,s0_complete_hgate_025_mug_t14,complete_only,7,0.940442,0.020173,2.284900e-04,8.229849e-04,182,0.013449,2.829532e-04,0.026897,1.836462e-04,4.838266e-01,33,1,0,1,1,1,
025_mug,s0_complete_hgate_025_mug_t15,complete_only,0,0.943771,0.022086,4.631732e-07,1.347918e-06,935,0.014724,4.922965e-07,0.029448,5.297048e-07,1.364053e-01,309,1,0,1,1,0,
025_mug,s0_complete_hgate_025_mug_t16,complete_only,3,0.954519,0.022747,2.391811e-03,3.942986e-03,1277,0.015164,2.722137e-03,0.030329,2.111853e-03,3.916224e+00,1339,1,0,1,1,0,
025_mug,s0_complete_hgate_025_mug_t17,complete_only,7,0.950607,0.028550,3.945282e-03,6.727683e-03,2013,0.019033,4.380574e-03,0.038067,2.378058e-03,3.264294e+00,1358,1,0,1,1,1,
025_mug,s0_complete_hgate_025_mug_t18,complete_only,20,0.877634,0.020494,7.804816e-04,2.025004e-03,82,0.013662,1.078058e-03,0.027325,6.664563e-04,4.118755e-01,18,1,0,1,1,1,
025_mug,s0_complete_hgate_025_mug_t19,complete_only,0,0.973175,0.028112,8.462403e-04,2.440732e-03,2332,0.018741,1.237391e-03,0.037482,1.070577e-04,2.234938e+00,869,1,0,1,1,0,
025_mug,s0_complete_hgate_025_mug_t20,complete_only,8,0.928687,0.024301,3.448182e-03,4.429917e-03,1387,0.016200,3.435502e-03,0.032401,2.444525e-03,2.679583e+00,1304,1,0,1,1,1,
025_mug,s0_complete_hgate_025_mug_t21,complete_only,22,0.904322,0.020238,6.915142e-04,1.348498e-03,83,0.013492,9.040722e-04,0.026984,5.292294e-04,9.995725e-01,54,1,0,1,1,1,
025_mug,s0_complete_hgate_025_mug_t22,complete_only,8,0.936062,0.020551,6.002567e-04,1.340556e-03,364,0.013701,6.480023e-04,0.027402,3.990285e-04,8.328129e-01,43,1,0,1,1,1,
025_mug,s0_complete_hgate_025_mug_t23,complete_only,7,0.933612,0.020779,1.121608e-03,2.132054e-03,156,0.013853,1.465984e-03,0.027705,9.026469e-04,3.366194e-01,14,1,0,1,1,1,
025_mug,s0_complete_hgate_025_mug_t24,complete_only,1,0.935648,0.020467,6.445468e-04,1.339649e-03,140,0.013645,6.804984e-04,0.027290,5.528458e-04,7.399130e-01,30,1,0,1,1,0,
025_mug,s0_complete_hgate_025_mug_t25,complete_only,13,0.902828,0.020904,1.465895e-03,2.204926e-03,212,0.013936,1.681831e-03,0.027873,9.605981e-04,8.372466e-01,25,1,0,1,1,0,
025_mug,s0_complete_hgate_025_mug_t26,complete_only,27,0.905341,0.020495,7.893342e-04,1.671013e-03,301,0.013663,1.181282e-03,0.027327,4.974889e-04,8.189005e-01,38,1,0,1,1,1,
025_mug,s0_complete_hgate_025_mug_t27,complete_only,6,0.932373,0.020824,4.309759e-04,1.090849e-03,190,0.013883,5.735513e-04,0.027765,3.136154e-04,8.362072e-01,48,1,0,1,1,1,
025_mug,s0_complete_hgate_025_mug_t28,complete_only,31,0.876541,0.019988,4.393449e-04,7.933477e-04,169,0.013325,5.986129e-04,0.026650,3.906246e-04,7.509759e-01,40,1,0,1,1,1,
025_mug,s0_complete_hgate_025_mug_t29,complete_only,92,0.865310,0.019526,7.426522e-04,2.204827e-03,125,0.013017,1.208021e-03,0.026034,4.869188e-04,9.072993e-01,45,1,0,1,1,1,
025_mug,s0_complete_hgate_025_mug_t30,complete_only,23,0.892978,0.022282,4.487459e-07,1.246792e-06,996,0.014855,4.151832e-07,0.029709,5.659682e-07,0.000000e+00,132,1,0,1,1,1,
025_mug,s0_complete_hgate_025_mug_t31,complete_only,0,0.972287,0.028286,1.530437e-03,3.727449e-03,1893,0.018857,1.938140e-03,0.037714,1.260102e-03,1.906760e+00,110,1,0,1,1,0,
025_mug,s0_complete_hgate_025_mug_t32,complete_only,6,0.888302,0.021817,4.211864e-07,1.045784e-06,669,0.014545,0.000000e+00,0.029089,5.513078e-07,0.000000e+00,171,1,0,1,1,0,
025_mug,s0_complete_hgate_025_mug_t33,complete_only,41,0.897328,0.020162,3.412208e-04,6.932109e-04,188,0.013441,4.427262e-04,0.026882,2.865774e-04,8.084885e-01,51,1,0,1,1,1,
025_mug,s0_complete_hgate_025_mug_t34,complete_only,2,0.930134,0.021752,1.402349e-08,0.000000e+00,386,0.014501,0.000000e+00,0.029002,5.240403e-07,0.000000e+00,125,1,0,1,1,1,
025_mug,s0_complete_hgate_025_mug_t35,complete_only,0,0.949345,0.023841,4.035058e-05,1.611639e-04,2746,0.015894,4.680984e-05,0.031788,5.371747e-05,2.137899e+00,1350,1,0,1,1,0,
025_mug,s0_complete_hgate_025_mug_t36,complete_only,25,0.917567,0.020108,1.106274e-03,2.897775e-03,113,0.013405,1.979699e-03,0.026811,6.737337e-04,6.717789e-01,21,1,0,1,1,1,
025_mug,s0_complete_hgate_025_mug_t37,complete_only,8,0.933308,0.020068,5.577966e-04,1.000092e-03,93,0.013378,6.950608e-04,0.026757,4.430440e-04,6.078352e-01,30,1,0,1,1,1,
025_mug,s0_complete_hgate_025_mug_t38,complete_only,61,0.903568,0.019575,1.802452e-04,4.668331e-04,363,0.013050,1.906935e-04,0.026100,1.696557e-04,8.138691e-01,53,1,0,1,1,1,
025_mug,s0_complete_hgate_025_mug_t39,complete_only,78,0.944811,0.021687,2.156878e-06,9.017758e-06,1800,0.014458,1.707472e-06,0.028917,3.063318e-06,7.406537e-01,774,1,0,1,1,0,
025_mug,s0_complete_hgate_025_mug_t40,complete_only,23,0.928503,0.020714,1.959136e-04,5.919670e-04,1210,0.013810,3.158048e-04,0.027619,9.224316e-05,5.952341e-01,180,1,0,1,1,1,
025_mug,s0_complete_hgate_025_mug_t41,complete_only,4,0.927618,0.026734,2.546118e-03,5.203758e-03,1414,0.017822,3.397400e-03,0.035645,1.207426e-03,3.105890e+00,1216,1,0,1,1,1,
025_mug,s0_complete_hgate_025_mug_t42,complete_only,12,0.916656,0.019736,6.227496e-06,1.640172e-05,1408,0.013158,3.903596e-06,0.026315,9.386540e-06,3.116800e-01,497,1,0,1,1,0,
025_mug,s0_complete_hgate_025_mug_t43,complete_only,1,0.945636,0.020861,1.426962e-04,3.850653e-04,969,0.013907,1.470783e-04,0.027814,9.947460e-05,3.896799e-01,80,1,0,1,1,1,
025_mug,s0_complete_hgate_025_mug_t44,complete_only,84,0.916404,0.020230,4.886015e-05,2.518249e-04,1471,0.013486,1.121822e-04,0.026973,3.463375e-05,8.861173e-01,582,1,0,1,1,1,
025_mug,s0_complete_hgate_025_mug_t45,complete_only,11,0.903085,0.020940,2.250206e-04,6.380699e-04,1366,0.013960,3.620223e-04,0.027920,1.248930e-04,9.587041e-01,306,1,0,1,1,1,
051_large_clamp,s0_complete_hgate_051_large_clamp_t0,complete_only,11,0.949353,0.023625,1.399597e-04,5.001049e-04,1140,0.015750,1.169659e-04,0.031500,6.578477e-05,1.885518e+00,914,1,0,1,1,1,
051_large_clamp,s0_complete_hgate_051_large_clamp_t1,complete_only,61,0.925860,0.022587,8.673121e-05,5.252380e-04,1018,0.015058,3.215768e-04,0.030116,9.684158e-05,1.267554e+00,626,1,0,1,1,0,
051_large_clamp,s0_complete_hgate_051_large_clamp_t2,complete_only,1,0.961412,0.025465,3.898238e-04,1.849542e-03,620,0.016976,9.155131e-04,0.033953,2.078605e-04,1.134716e+00,284,1,0,1,1,1,
051_large_clamp,s0_complete_hgate_051_large_clamp_t3,complete_only,36,0.952126,0.023339,2.668219e-04,7.291277e-04,1415,0.015560,2.926050e-04,0.031119,1.767467e-04,2.512046e+00,608,1,0,1,1,0,
051_large_clamp,s0_complete_hgate_051_large_clamp_t4,complete_only,0,0.966877,0.020986,2.470450e-04,6.365593e-04,1257,0.013990,2.659997e-04,0.027981,1.939153e-04,1.771607e+00,302,1,0,1,1,1,
051_large_clamp,s0_complete_hgate_051_large_clamp_t5,complete_only,4,0.951989,0.026148,5.603588e-05,3.257432e-04,1393,0.017432,2.569765e-04,0.034863,3.086895e-05,1.205050e+00,895,1,0,1,1,1,
051_large_clamp,s0_complete_hgate_051_large_clamp_t6,complete_only,95,0.912177,0.022311,8.668047e-04,2.222509e-03,1380,0.014874,1.349062e-03,0.029748,4.743867e-04,2.923116e+00,478,1,0,1,1,0,
051_large_clamp,s0_complete_hgate_051_large_clamp_t7,complete_only,41,0.948178,0.028136,2.185496e-06,8.438972e-06,2221,0.018757,2.538146e-06,0.037515,2.586324e-06,3.463246e-01,538,1,0,1,1,1,
051_large_clamp,s0_complete_hgate_051_large_clamp_t8,complete_only,0,0.974340,0.017402,3.302746e-05,7.562610e-05,1684,0.011602,3.222818e-05,0.023203,2.997764e-05,3.214039e+00,1467,1,0,1,1,1,
051_large_clamp,s0_complete_hgate_051_large_clamp_t9,complete_only,54,0.920993,0.022330,8.897699e-04,2.540228e-03,2112,0.014887,1.219764e-03,0.029773,5.797965e-04,3.363468e+00,845,1,0,1,1,0,
051_large_clamp,s0_complete_hgate_051_large_clamp_t10,complete_only,1,0.957410,0.020165,1.913788e-04,1.234454e-03,1203,0.013443,8.693048e-04,0.026886,5.558803e-05,2.695067e+00,766,1,0,1,1,1,
051_large_clamp,s0_complete_hgate_051_large_clamp_t11,complete_only,7,0.953292,0.020027,2.331848e-04,1.026713e-03,684,0.013351,5.640220e-04,0.026702,6.456272e-05,3.214521e+00,870,1,0,1,1,1,
051_large_clamp,s0_complete_hgate_051_large_clamp_t12,complete_only,0,0.956564,0.017899,1.021331e-04,2.930846e-04,1342,0.011933,7.912307e-05,0.023866,1.004356e-04,2.192496e+00,1435,1,0,1,1,0,
051_large_clamp,s0_complete_hgate_051_large_clamp_t13,complete_only,185,0.932276,0.023244,6.084722e-04,1.312871e-03,1482,0.015496,4.477358e-04,0.030992,4.714455e-04,2.094197e+00,782,1,0,1,1,1,
051_large_clamp,s0_complete_hgate_051_large_clamp_t14,complete_only,4,0.959246,0.017714,1.455432e-03,2.773406e-03,1038,0.011809,2.492698e-03,0.023619,8.384273e-04,3.369531e+00,1011,1,0,1,1,0,
051_large_clamp,s0_complete_hgate_051_large_clamp_t15,complete_only,5,0.961515,0.022614,1.991018e-04,5.983523e-04,665,0.015076,2.000347e-04,0.030152,1.300328e-04,3.614349e+00,1010,1,0,1,1,0,
051_large_clamp,s0_complete_hgate_051_large_clamp_t16,complete_only,153,0.907564,0.022738,1.009944e-03,3.392153e-03,1765,0.015159,1.462579e-03,0.030317,5.312152e-04,2.829410e+00,709,1,0,1,1,0,
051_large_clamp,s0_complete_hgate_051_large_clamp_t17,complete_only,0,0.974370,0.028593,4.527220e-04,1.800720e-03,238,0.019062,1.224166e-03,0.038124,2.285870e-04,7.139974e-01,59,1,0,1,1,1,
051_large_clamp,s0_complete_hgate_051_large_clamp_t18,complete_only,1,0.956747,0.026035,3.292625e-05,1.678499e-04,1570,0.017357,7.532466e-05,0.034713,2.712977e-05,1.062676e+00,456,1,0,1,1,1,
051_large_clamp,s0_complete_hgate_051_large_clamp_t19,complete_only,422,0.873457,0.022060,3.738665e-04,9.280216e-04,1942,0.014707,4.794719e-04,0.029413,1.670900e-04,8.661974e-01,709,1,0,1,1,0,
051_large_clamp,s0_complete_hgate_051_large_clamp_t20,complete_only,431,0.866755,0.022666,1.063659e-03,2.456161e-03,1364,0.015110,1.548757e-03,0.030221,7.648421e-04,4.242814e+00,837,1,0,1,1,1,
051_large_clamp,s0_complete_hgate_051_large_clamp_t21,complete_only,0,0.975555,0.030836,1.484459e-06,2.810028e-06,1437,0.020557,1.233434e-07,0.041115,4.021173e-06,5.727943e-03,311,1,0,1,1,1,
051_large_clamp,s0_complete_hgate_051_large_clamp_t22,complete_only,0,0.961888,0.015426,1.052261e-03,1.857146e-03,790,0.010284,1.358451e-03,0.020567,6.636623e-04,5.810175e-01,745,1,0,1,1,1,
051_large_clamp,s0_complete_hgate_051_large_clamp_t23,complete_only,1,0.955713,0.025769,4.479790e-05,2.353543e-04,1272,0.017179,3.811270e-05,0.034358,3.615697e-05,4.968360e-01,239,1,0,1,1,0,
051_large_clamp,s0_complete_hgate_051_large_clamp_t24,complete_only,0,0.967510,0.031547,6.653190e-07,5.850621e-06,1401,0.021031,2.074933e-07,0.042062,9.911624e-07,1.662450e-02,325,1,0,1,1,1,
051_large_clamp,s0_complete_hgate_051_large_clamp_t25,complete_only,0,0.960726,0.027925,2.034082e-05,7.230112e-05,2889,0.018617,2.589260e-05,0.037234,2.539558e-05,3.512899e-01,126,1,0,1,1,1,
051_large_clamp,s0_complete_hgate_051_large_clamp_t26,complete_only,2,0.949750,0.020478,3.505589e-04,1.581367e-03,786,0.013652,6.677912e-04,0.027303,8.416196e-05,3.199291e+00,1108,1,0,1,1,1,
051_large_clamp,s0_complete_hgate_051_large_clamp_t27,complete_only,2,0.962416,0.019772,1.616724e-04,7.998536e-04,277,0.013181,3.730371e-04,0.026362,5.449438e-05,2.393305e+00,403,1,0,1,1,0,
051_large_clamp,s0_complete_hgate_051_large_clamp_t28,complete_only,0,0.969756,0.015689,6.620606e-04,1.472066e-03,1060,0.010459,7.857414e-04,0.020918,4.619771e-04,3.492727e+00,1333,1,0,1,1,0,
051_large_clamp,s0_complete_hgate_051_large_clamp_t29,complete_only,0,0.977871,0.016951,7.562851e-05,3.202452e-04,1243,0.011301,1.256682e-04,0.022601,2.742636e-05,3.437883e+00,1013,1,0,1,1,1,
051_large_clamp,s0_complete_hgate_051_large_clamp_t30,complete_only,4,0.967053,0.022520,2.868883e-04,8.739078e-04,1594,0.015014,3.050200e-04,0.030027,2.132460e-04,3.777981e+00,831,1,0,1,1,0,
051_large_clamp,s0_complete_hgate_051_large_clamp_t31,complete_only,367,0.885598,0.022150,2.969740e-04,7.478747e-04,1467,0.014767,3.298496e-04,0.029533,9.654856e-05,9.868289e-01,648,1,0,1,1,0,
051_large_clamp,s0_complete_hgate_051_large_clamp_t32,complete_only,8,0.951898,0.023482,2.954779e-05,1.845166e-04,1512,0.015655,5.787539e-05,0.031310,3.677689e-05,1.823282e+00,548,1,0,1,1,1,
051_large_clamp,s0_complete_hgate_051_large_clamp_t33,complete_only,3,0.976594,0.016956,1.370725e-04,3.679178e-04,1131,0.011304,1.342435e-04,0.022608,1.064460e-04,2.296394e+00,1230,1,0,1,1,1,
051_large_clamp,s0_complete_hgate_051_large_clamp_t34,complete_only,0,0.961787,0.022692,6.893720e-05,3.289156e-04,1324,0.015128,1.043125e-04,0.030256,8.794421e-05,3.899728e+00,1191,1,0,1,1,1,
051_large_clamp,s0_complete_hgate_051_large_clamp_t35,complete_only,180,0.920956,0.023374,4.187230e-04,1.083567e-03,1785,0.015583,5.313331e-04,0.031165,3.405286e-04,2.686897e+00,812,1,0,1,1,1,
051_large_clamp,s0_complete_hgate_051_large_clamp_t36,complete_only,0,0.959387,0.026156,1.376588e-05,3.282213e-05,3760,0.017438,6.868545e-06,0.034875,1.629911e-05,1.483863e+00,1188,1,0,1,1,1,
051_large_clamp,s0_complete_hgate_051_large_clamp_t37,complete_only,2,0.958198,0.029562,9.528512e-07,2.691834e-06,1215,0.019708,2.292173e-07,0.039417,1.622986e-06,0.000000e+00,234,1,0,1,1,1,
051_large_clamp,s0_complete_hgate_051_large_clamp_t38,complete_only,0,0.975380,0.017550,1.977587e-04,4.019917e-04,424,0.011700,2.219865e-04,0.023400,1.949731e-05,2.571939e+00,712,1,0,1,1,0,
051_large_clamp,s0_complete_hgate_051_large_clamp_t39,complete_only,0,0.966405,0.022986,2.095650e-04,7.586921e-04,1730,0.015324,2.715699e-04,0.030648,1.461506e-04,5.353453e+00,1164,1,0,1,1,1,
051_large_clamp,s0_complete_hgate_051_large_clamp_t40,complete_only,0,0.955508,0.027053,2.178016e-04,5.621551e-04,825,0.018035,2.939133e-04,0.036071,1.047463e-04,5.920791e-01,241,1,0,1,1,1,
051_large_clamp,s0_complete_hgate_051_large_clamp_t41,complete_only,12,0.953608,0.023574,4.002875e-04,1.017178e-03,772,0.015716,5.375849e-04,0.031432,2.762934e-04,3.179527e+00,605,1,0,1,1,0,
051_large_clamp,s0_complete_hgate_051_large_clamp_t42,complete_only,5,0.966158,0.017005,1.708119e-04,4.674504e-04,776,0.011337,2.531753e-04,0.022674,5.453227e-05,2.353812e+00,1136,1,0,1,1,1,
051_large_clamp,s0_complete_hgate_051_large_clamp_t43,complete_only,1,0.970730,0.016281,3.318709e-04,9.395718e-04,736,0.010854,3.209847e-04,0.021709,2.946435e-04,1.818733e+00,969,1,0,1,1,1,
051_large_clamp,s0_complete_hgate_051_large_clamp_t44,complete_only,1,0.954940,0.025961,1.890013e-04,8.761458e-04,838,0.017307,3.739786e-04,0.034615,8.498932e-05,1.049160e+00,265,1,0,1,1,1,
051_large_clamp,s0_complete_hgate_051_large_clamp_t45,complete_only,0,0.949474,0.027952,1.754630e-05,1.815380e-05,4046,0.018634,6.374163e-06,0.037269,3.644596e-05,3.123845e-01,128,1,0,1,1,1,
051_large_clamp,s0_complete_hgate_051_large_clamp_t46,complete_only,24,0.960110,0.031090,6.679623e-07,7.665590e-06,1308,0.020727,1.886261e-07,0.041453,1.793060e-06,0.000000e+00,314,1,0,1,1,0,
051_large_clamp,s0_complete_hgate_051_large_clamp_t47,complete_only,77,0.952908,0.026692,5.507772e-05,2.931318e-04,809,0.017795,5.364148e-05,0.035590,2.604662e-05,8.792929e-01,179,1,0,1,1,0,
051_large_clamp,s0_complete_hgate_051_large_clamp_t48,complete_only,3,0.943742,0.026970,9.831046e-05,4.788170e-04,1124,0.017980,1.673187e-04,0.035960,4.470660e-05,7.524904e-01,249,1,0,1,1,1,
051_large_clamp,s0_complete_hgate_051_large_clamp_t49,complete_only,9,0.947417,0.023765,2.218149e-04,5.087147e-04,1439,0.015843,2.070059e-04,0.031687,8.867603e-05,1.787933e+00,943,1,0,1,1,1,
052_extra_large_clamp,s0_complete_hgate_052_extra_large_clamp_t0,complete_only,29,0.942689,0.030619,4.644322e-04,1.495778e-03,1601,0.020413,4.728704e-04,0.040825,1.580275e-04,2.293468e+00,649,1,0,1,1,1,
052_extra_large_clamp,s0_complete_hgate_052_extra_large_clamp_t1,complete_only,8,0.947492,0.028710,3.199465e-05,1.396130e-04,1734,0.019140,2.017681e-05,0.038280,2.843605e-05,1.151108e+00,491,1,0,1,1,0,
052_extra_large_clamp,s0_complete_hgate_052_extra_large_clamp_t2,complete_only,0,0.966439,0.033461,8.751759e-05,6.074438e-04,1288,0.022308,1.122320e-04,0.044615,7.059177e-05,5.030103e-01,144,1,0,1,1,0,
052_extra_large_clamp,s0_complete_hgate_052_extra_large_clamp_t3,complete_only,0,0.949771,0.031073,1.045776e-03,2.553792e-03,1542,0.020715,1.336618e-03,0.041431,8.537311e-04,2.294278e+00,494,1,0,1,1,1,
052_extra_large_clamp,s0_complete_hgate_052_extra_large_clamp_t4,complete_only,0,0.960074,0.029296,1.102452e-04,4.128535e-04,1300,0.019531,2.519680e-04,0.039062,3.608172e-05,2.164511e+00,786,1,0,1,1,1,
052_extra_large_clamp,s0_complete_hgate_052_extra_large_clamp_t5,complete_only,0,0.968141,0.030920,6.021196e-05,3.671304e-04,1668,0.020613,4.585904e-05,0.041226,5.528450e-05,1.109648e+00,320,1,0,1,1,0,
052_extra_large_clamp,s0_complete_hgate_052_extra_large_clamp_t6,complete_only,33,0.929645,0.029530,1.919287e-04,6.979056e-04,1288,0.019687,3.468432e-04,0.039373,1.786015e-04,1.651971e+00,381,1,0,1,1,0,
052_extra_large_clamp,s0_complete_hgate_052_extra_large_clamp_t7,complete_only,1,0.969860,0.034780,8.308107e-07,4.365950e-06,1545,0.023186,1.960545e-07,0.046373,3.218517e-06,0.000000e+00,252,1,0,1,1,0,
052_extra_large_clamp,s0_complete_hgate_052_extra_large_clamp_t8,complete_only,1,0.939104,0.022582,1.151863e-03,2.609860e-03,701,0.015054,1.469804e-03,0.030109,7.292905e-04,1.568164e+00,617,1,0,1,1,0,
052_extra_large_clamp,s0_complete_hgate_052_extra_large_clamp_t9,complete_only,3,0.964182,0.029152,1.097612e-04,3.379501e-04,1059,0.019435,1.994110e-04,0.038869,8.968052e-05,5.253546e-01,195,1,0,1,1,0,
052_extra_large_clamp,s0_complete_hgate_052_extra_large_clamp_t10,complete_only,2,0.968223,0.025468,4.222748e-05,1.707457e-04,664,0.016979,7.368881e-05,0.033957,3.046916e-05,2.129546e+00,386,1,0,1,1,1,
052_extra_large_clamp,s0_complete_hgate_052_extra_large_clamp_t11,complete_only,3,0.967124,0.025615,4.468230e-05,2.162071e-04,927,0.017077,8.125933e-05,0.034153,2.105061e-05,1.562666e+00,417,1,0,1,1,0,
052_extra_large_clamp,s0_complete_hgate_052_extra_large_clamp_t12,complete_only,56,0.938826,0.020924,4.031053e-05,1.931734e-04,1913,0.013949,3.984884e-05,0.027898,5.240181e-05,1.180231e+00,945,1,0,1,1,0,
052_extra_large_clamp,s0_complete_hgate_052_extra_large_clamp_t13,complete_only,42,0.934577,0.029713,3.290455e-04,1.289290e-03,1806,0.019809,3.420979e-04,0.039618,1.483193e-04,1.681314e+00,630,1,0,1,1,1,
052_extra_large_clamp,s0_complete_hgate_052_extra_large_clamp_t14,complete_only,8,0.969694,0.025814,6.544005e-05,3.383018e-04,1322,0.017209,6.840634e-05,0.034419,6.317478e-05,1.997465e+00,413,1,0,1,1,0,
052_extra_large_clamp,s0_complete_hgate_052_extra_large_clamp_t15,complete_only,0,0.966837,0.029838,1.310154e-04,9.516907e-04,1842,0.019892,3.879616e-04,0.039784,1.257109e-04,8.873605e-01,241,1,0,1,1,0,
052_extra_large_clamp,s0_complete_hgate_052_extra_large_clamp_t16,complete_only,59,0.938928,0.029950,1.758317e-04,7.396415e-04,1532,0.019967,3.396988e-04,0.039933,1.583900e-04,2.054444e+00,389,1,0,1,1,0,
052_extra_large_clamp,s0_complete_hgate_052_extra_large_clamp_t17,complete_only,0,0.975419,0.038115,2.637605e-04,1.018044e-03,646,0.025410,1.091165e-03,0.050821,1.086121e-04,4.499435e-01,50,1,0,1,1,0,
052_extra_large_clamp,s0_complete_hgate_052_extra_large_clamp_t18,complete_only,2,0.975048,0.032545,9.049989e-05,3.422016e-04,782,0.021697,2.420897e-04,0.043394,4.993371e-05,4.937871e-01,136,1,0,1,1,0,
052_extra_large_clamp,s0_complete_hgate_052_extra_large_clamp_t19,complete_only,441,0.849972,0.028654,1.819888e-04,7.754343e-04,1696,0.019102,4.385771e-04,0.038205,1.464231e-04,2.678334e+00,616,1,0,1,1,0,
052_extra_large_clamp,s0_complete_hgate_052_extra_large_clamp_t20,complete_only,19,0.953163,0.029850,1.624979e-04,5.716036e-04,2091,0.019900,3.079220e-04,0.039801,1.401940e-04,2.498934e+00,603,1,0,1,1,0,
052_extra_large_clamp,s0_complete_hgate_052_extra_large_clamp_t21,complete_only,0,0.974605,0.039520,4.692642e-06,2.318464e-05,1989,0.026347,3.928078e-06,0.052693,4.699103e-06,1.714907e-01,160,1,0,1,1,1,
052_extra_large_clamp,s0_complete_hgate_052_extra_large_clamp_t22,complete_only,8,0.961533,0.019495,1.292998e-04,7.063058e-04,970,0.012997,2.414371e-04,0.025993,1.076052e-04,1.226261e+00,773,1,0,1,1,0,
052_extra_large_clamp,s0_complete_hgate_052_extra_large_clamp_t23,complete_only,4,0.971081,0.033518,2.393446e-04,1.412560e-03,852,0.022345,2.113620e-04,0.044690,1.868915e-04,7.214747e-01,168,1,0,1,1,1,
052_extra_large_clamp,s0_complete_hgate_052_extra_large_clamp_t24,complete_only,3,0.973847,0.038917,0.000000e+00,0.000000e+00,1074,0.025945,0.000000e+00,0.051890,0.000000e+00,0.000000e+00,228,1,0,1,1,0,
052_extra_large_clamp,s0_complete_hgate_052_extra_large_clamp_t25,complete_only,0,0.967652,0.031752,7.159410e-06,1.518781e-05,4919,0.021168,7.117423e-06,0.042335,9.771833e-06,1.120412e+00,972,1,0,1,1,0,
052_extra_large_clamp,s0_complete_hgate_052_extra_large_clamp_t26,complete_only,0,0.971448,0.026671,3.367594e-05,1.443376e-04,838,0.017781,9.999958e-05,0.035562,2.265232e-05,1.920159e+00,379,1,0,1,1,0,
052_extra_large_clamp,s0_complete_hgate_052_extra_large_clamp_t27,complete_only,0,0.973875,0.025558,4.450193e-05,1.569590e-04,853,0.017039,4.847956e-05,0.034077,2.897871e-05,1.764279e+00,361,1,0,1,1,0,
052_extra_large_clamp,s0_complete_hgate_052_extra_large_clamp_t28,complete_only,0,0.966372,0.020021,3.031579e-05,6.236531e-05,1255,0.013347,2.990522e-05,0.026695,4.216561e-05,1.817291e+00,788,1,0,1,1,0,
052_extra_large_clamp,s0_complete_hgate_052_extra_large_clamp_t29,complete_only,0,0.958457,0.021202,6.198774e-05,2.771348e-04,1398,0.014135,1.422216e-04,0.028269,4.735222e-05,3.691050e+00,826,1,0,1,1,1,
052_extra_large_clamp,s0_complete_hgate_052_extra_large_clamp_t30,complete_only,9,0.964651,0.030159,1.353776e-04,1.060824e-03,2153,0.020106,4.791880e-04,0.040212,1.346042e-04,1.196467e+00,373,1,0,1,1,0,
052_extra_large_clamp,s0_complete_hgate_052_extra_large_clamp_t31,complete_only,17,0.927575,0.028712,1.234495e-04,4.683374e-04,1672,0.019141,2.216624e-04,0.038282,1.230535e-04,1.918263e+00,606,1,0,1,1,0,
052_extra_large_clamp,s0_complete_hgate_052_extra_large_clamp_t32,complete_only,0,0.966379,0.031826,8.699273e-05,6.135581e-04,1444,0.021217,8.082970e-05,0.042434,8.739688e-05,8.611097e-01,228,1,0,1,1,0,
052_extra_large_clamp,s0_complete_hgate_052_extra_large_clamp_t33,complete_only,0,0.962649,0.020647,4.052076e-05,1.437185e-04,1058,0.013764,3.559024e-05,0.027529,4.318312e-05,8.472708e-01,426,1,0,1,1,1,
052_extra_large_clamp,s0_complete_hgate_052_extra_large_clamp_t34,complete_only,0,0.972957,0.029692,3.328730e-04,1.258985e-03,1556,0.019795,3.687666e-04,0.039590,1.996752e-04,2.892262e+00,421,1,0,1,1,0,
052_extra_large_clamp,s0_complete_hgate_052_extra_large_clamp_t35,complete_only,28,0.939377,0.029987,4.019756e-04,1.412315e-03,1892,0.019991,6.788289e-04,0.039982,3.204906e-04,3.057121e+00,703,1,0,1,1,0,
052_extra_large_clamp,s0_complete_hgate_052_extra_large_clamp_t36,complete_only,0,0.965902,0.024497,1.362199e-06,4.397013e-06,1874,0.016331,1.856238e-06,0.032662,3.035864e-06,5.114424e-01,702,1,0,1,1,1,
052_extra_large_clamp,s0_complete_hgate_052_extra_large_clamp_t37,complete_only,2,0.956393,0.036872,1.192324e-06,5.546407e-06,992,0.024581,7.787850e-07,0.049162,2.914502e-06,3.807194e-03,143,1,0,1,1,0,
052_extra_large_clamp,s0_complete_hgate_052_extra_large_clamp_t38,complete_only,5,0.971998,0.021775,2.455181e-04,5.872127e-04,1089,0.014517,3.450092e-04,0.029034,1.256570e-04,1.887779e+00,597,1,0,1,1,0,
052_extra_large_clamp,s0_complete_hgate_052_extra_large_clamp_t39,complete_only,20,0.941716,0.029972,5.535213e-04,1.566624e-03,2131,0.019981,7.118543e-04,0.039963,2.470597e-04,3.499201e+00,797,1,0,1,1,1,
052_extra_large_clamp,s0_complete_hgate_052_extra_large_clamp_t41,complete_only,13,0.955204,0.030423,9.921978e-05,5.434015e-04,2932,0.020282,1.898264e-04,0.040564,1.072914e-04,1.882636e+00,687,1,0,1,1,1,
052_extra_large_clamp,s0_complete_hgate_052_extra_large_clamp_t42,complete_only,0,0.974768,0.020551,4.457475e-06,2.009041e-05,1075,0.013700,6.187014e-06,0.027401,8.926159e-06,5.112474e-01,452,1,0,1,1,0,
052_extra_large_clamp,s0_complete_hgate_052_extra_large_clamp_t43,complete_only,12,0.957076,0.019526,1.068621e-03,2.049892e-03,779,0.013017,1.495735e-03,0.026034,2.436572e-04,1.118796e+00,748,1,0,1,1,0,
052_extra_large_clamp,s0_complete_hgate_052_extra_large_clamp_t44,complete_only,2,0.964658,0.033996,1.129547e-04,6.424056e-04,1776,0.022664,1.720707e-04,0.045329,1.228786e-04,1.054678e+00,196,1,0,1,1,1,
052_extra_large_clamp,s0_complete_hgate_052_extra_large_clamp_t45,complete_only,0,0.954442,0.035267,4.097884e-05,2.678002e-05,6600,0.023512,1.411162e-05,0.047023,6.807053e-05,2.907727e+00,1946,1,0,1,1,1,
052_extra_large_clamp,s0_complete_hgate_052_extra_large_clamp_t46,complete_only,27,0.971166,0.039248,3.864349e-07,4.383933e-06,1220,0.026166,0.000000e+00,0.052331,6.864338e-07,0.000000e+00,216,1,0,1,1,0,
052_extra_large_clamp,s0_complete_hgate_052_extra_large_clamp_t47,complete_only,1,0.979394,0.031602,1.143974e-04,4.212664e-04,1689,0.021068,1.267704e-03,0.042135,9.581502e-05,2.498904e+00,603,1,0,1,1,0,
052_extra_large_clamp,s0_complete_hgate_052_extra_large_clamp_t48,complete_only,6,0.967300,0.034015,4.811194e-05,2.200983e-04,1178,0.022677,3.063789e-05,0.045354,3.571117e-05,6.051650e-01,228,1,0,1,1,0,
052_extra_large_clamp,s0_complete_hgate_052_extra_large_clamp_t49,complete_only,19,0.952327,0.030516,4.459874e-04,1.578395e-03,1408,0.020344,4.326028e-04,0.040687,1.833352e-04,1.781452e+00,437,1,0,1,1,1,
025_mug,s0_complete_hgate_025_mug_t0,complete_only,51,0.947249,0.021360,3.453196e-07,8.983848e-07,590,0.014240,0.000000e+00,0.028480,4.408636e-07,6.056763e-02,263,1,0,1,1,1,
025_mug,s0_complete_hgate_025_mug_t1,complete_only,0,0.960808,0.027463,1.045406e-03,2.483271e-03,1901,0.018309,1.621888e-03,0.036617,9.392457e-05,2.689480e+00,1228,1,0,1,1,1,
025_mug,s0_complete_hgate_025_mug_t2,complete_only,21,0.927613,0.021662,5.491527e-04,7.712043e-04,127,0.014441,5.676038e-04,0.028883,4.744597e-04,8.276846e-01,34,1,0,1,1,1,
025_mug,s0_complete_hgate_025_mug_t3,complete_only,70,0.952194,0.021788,3.034102e-07,1.072247e-06,742,0.014525,0.000000e+00,0.029050,5.622471e-07,6.130521e-02,246,1,0,1,1,1,
025_mug,s0_complete_hgate_025_mug_t4,complete_only,23,0.875568,0.020919,1.081971e-03,2.006241e-03,119,0.013946,1.474870e-03,0.027892,6.613188e-04,5.775446e-01,19,1,0,1,1,1,
025_mug,s0_complete_hgate_025_mug_t5,complete_only,49,0.901069,0.020260,5.151827e-04,1.643667e-03,281,0.013506,7.719983e-04,0.027013,3.911841e-04,3.252877e-01,18,1,0,1,1,0,
025_mug,s0_complete_hgate_025_mug_t6,complete_only,0,0.941496,0.024820,2.997901e-03,4.997464e-03,1746,0.016547,3.332361e-03,0.033094,2.519065e-03,3.123555e+00,894,1,0,1,1,0,
025_mug,s0_complete_hgate_025_mug_t7,complete_only,22,0.904862,0.020396,7.504011e-04,1.781512e-03,130,0.013598,1.011347e-03,0.027195,5.991875e-04,6.685300e-01,31,1,0,1,1,1,
025_mug,s0_complete_hgate_025_mug_t8,complete_only,28,0.880123,0.019798,6.309596e-04,1.060766e-03,95,0.013199,7.551449e-04,0.026398,5.846221e-04,5.036380e-01,20,1,0,1,1,1,
025_mug,s0_complete_hgate_025_mug_t9,complete_only,4,0.910750,0.022836,3.472693e-03,5.767777e-03,1889,0.015224,3.955890e-03,0.030448,3.023561e-03,4.035884e+00,697,1,0,1,1,0,
025_mug,s0_complete_hgate_025_mug_t10,complete_only,29,0.914496,0.019918,7.260125e-07,1.752088e-06,1143,0.013279,6.009855e-07,0.026558,7.961914e-07,1.894803e-01,396,1,0,1,1,1,
025_mug,s0_complete_hgate_025_mug_t11,complete_only,0,0.944943,0.021041,7.961231e-05,3.717961e-04,719,0.014027,9.897610e-05,0.028054,5.056772e-05,1.757935e-01,75,1,0,1,1,1,
025_mug,s0_complete_hgate_025_mug_t12,complete_only,36,0.899049,0.020335,5.136109e-04,1.027304e-03,235,0.013557,6.729004e-04,0.027113,4.842935e-04,1.068708e+00,41,1,0,1,1,1,
025_mug,s0_complete_hgate_025_mug_t13,complete_only,1,0.948579,0.025849,2.195063e-03,3.811803e-03,1284,0.017233,2.607414e-03,0.034466,6.510059e-04,2.054529e+00,388,1,0,1,1,1,
025_mug,s0_complete_hgate_025_mug_t14,complete_only,26,0.916558,0.020177,2.252883e-04,8.377362e-04,200,0.013451,2.772703e-04,0.026902,1.753957e-04,5.765164e-01,52,1,0,1,1,1,
025_mug,s0_complete_hgate_025_mug_t15,complete_only,42,0.927230,0.022087,5.443298e-07,1.347135e-06,991,0.014725,3.980273e-07,0.029450,5.466081e-07,7.527031e-02,219,1,0,1,1,0,
025_mug,s0_complete_hgate_025_mug_t16,complete_only,3,0.942778,0.022726,3.169885e-03,4.714805e-03,2025,0.015150,3.602455e-03,0.030301,2.689979e-03,4.014224e+00,902,1,0,1,1,0,
025_mug,s0_complete_hgate_025_mug_t17,complete_only,2,0.954546,0.028557,4.065893e-03,6.743863e-03,1543,0.019038,4.517083e-03,0.038076,2.541919e-03,3.621410e+00,835,1,0,1,1,1,
025_mug,s0_complete_hgate_025_mug_t18,complete_only,18,0.877532,0.020472,6.698698e-04,1.540691e-03,206,0.013648,7.987354e-04,0.027297,4.161170e-04,8.312464e-01,35,1,0,1,1,0,
025_mug,s0_complete_hgate_025_mug_t19,complete_only,0,0.975663,0.028121,2.136628e-03,4.992431e-03,1428,0.018748,2.498003e-03,0.037495,1.469151e-03,2.242557e+00,468,1,0,1,1,0,
025_mug,s0_complete_hgate_025_mug_t20,complete_only,3,0.950127,0.024291,2.968650e-03,4.794725e-03,1534,0.016194,3.500082e-03,0.032388,1.990814e-03,2.638922e+00,1337,1,0,1,1,0,
025_mug,s0_complete_hgate_025_mug_t21,complete_only,1,0.927521,0.020258,6.598145e-04,1.318209e-03,86,0.013506,8.879779e-04,0.027011,5.130062e-04,5.322592e-01,23,1,0,1,1,1,
025_mug,s0_complete_hgate_025_mug_t22,complete_only,0,0.945649,0.020538,2.940254e-04,7.854980e-04,167,0.013692,3.221561e-04,0.027384,2.393026e-04,4.701437e-01,31,1,0,1,1,1,
025_mug,s0_complete_hgate_025_mug_t23,complete_only,13,0.934897,0.020824,1.150814e-03,2.217205e-03,1045,0.013882,1.504639e-03,0.027765,9.227778e-04,6.303793e-01,46,1,0,1,1,0,
025_mug,s0_complete_hgate_025_mug_t24,complete_only,1,0.924632,0.020472,6.487683e-04,1.362863e-03,130,0.013648,7.068799e-04,0.027296,5.574431e-04,6.482163e-01,27,1,0,1,1,0,
025_mug,s0_complete_hgate_025_mug_t25,complete_only,39,0.890164,0.020773,7.410601e-04,2.042303e-03,147,0.013849,9.834399e-04,0.027697,5.566190e-04,6.226474e-01,31,1,0,1,1,1,
025_mug,s0_complete_hgate_025_mug_t26,complete_only,32,0.892798,0.020345,3.681226e-04,1.855471e-03,209,0.013563,4.385016e-04,0.027126,2.765820e-04,7.403122e-01,47,1,0,1,1,1,
025_mug,s0_complete_hgate_025_mug_t27,complete_only,20,0.918528,0.020832,3.814430e-04,9.866269e-04,138,0.013888,4.470129e-04,0.027776,2.867713e-04,6.344244e-01,40,1,0,1,1,1,
025_mug,s0_complete_hgate_025_mug_t28,complete_only,45,0.871361,0.019959,4.338264e-04,8.204144e-04,98,0.013306,4.853875e-04,0.026612,3.865564e-04,6.825467e-01,43,1,0,1,1,1,
025_mug,s0_complete_hgate_025_mug_t29,complete_only,11,0.908677,0.019491,7.347110e-04,2.205020e-03,86,0.012994,1.140066e-03,0.025989,4.787496e-04,4.921377e-01,21,1,0,1,1,1,
025_mug,s0_complete_hgate_025_mug_t30,complete_only,3,0.910922,0.022285,3.406515e-07,1.253641e-06,554,0.014857,0.000000e+00,0.029713,5.486298e-07,1.145323e-01,296,1,0,1,1,0,
025_mug,s0_complete_hgate_025_mug_t31,complete_only,0,0.972098,0.028272,1.801839e-03,3.837045e-03,1814,0.018848,1.954101e-03,0.037696,1.269338e-03,2.236972e+00,268,1,0,1,1,0,
025_mug,s0_complete_hgate_025_mug_t32,complete_only,11,0.859245,0.021817,3.558952e-07,1.075447e-06,765,0.014545,0.000000e+00,0.029090,4.701078e-07,1.258428e-01,292,1,0,1,1,0,
025_mug,s0_complete_hgate_025_mug_t33,complete_only,43,0.888307,0.020172,1.895738e-04,3.812292e-04,189,0.013448,2.052372e-04,0.026896,1.571831e-04,1.087411e+00,74,1,0,1,1,1,
025_mug,s0_complete_hgate_025_mug_t34,complete_only,0,0.921971,0.021744,6.684600e-09,0.000000e+00,402,0.014496,0.000000e+00,0.028993,4.891894e-07,0.000000e+00,167,1,0,1,1,0,
025_mug,s0_complete_hgate_025_mug_t35,complete_only,0,0.954241,0.023847,2.284798e-03,3.716733e-03,1552,0.015898,2.590194e-03,0.031796,1.869004e-03,2.557119e+00,273,1,0,1,1,0,
025_mug,s0_complete_hgate_025_mug_t36,complete_only,9,0.920003,0.020159,6.662446e-04,1.409144e-03,92,0.013439,8.426432e-04,0.026878,5.604959e-04,9.273367e-01,44,1,0,1,1,1,
025_mug,s0_complete_hgate_025_mug_t37,complete_only,1,0.949417,0.020078,5.596856e-04,9.916931e-04,93,0.013385,6.984044e-04,0.026771,4.425158e-04,5.950339e-01,29,1,0,1,1,1,
025_mug,s0_complete_hgate_025_mug_t38,complete_only,152,0.885773,0.019598,3.304238e-04,8.022784e-04,311,0.013065,3.705716e-04,0.026131,2.638396e-04,5.090184e-01,30,1,0,1,1,1,
025_mug,s0_complete_hgate_025_mug_t39,complete_only,1,0.964897,0.021689,3.181012e-07,1.139680e-06,544,0.014459,0.000000e+00,0.028918,5.018690e-07,0.000000e+00,172,1,0,1,1,1,
025_mug,s0_complete_hgate_025_mug_t40,complete_only,20,0.923932,0.020693,1.490284e-03,3.297218e-03,79,0.013795,2.011011e-03,0.027591,1.024648e-03,4.688952e-01,13,1,0,1,1,1,
025_mug,s0_complete_hgate_025_mug_t41,complete_only,3,0.932711,0.027188,1.966474e-03,5.043562e-03,1877,0.018125,2.840690e-03,0.036250,3.315465e-04,3.093519e+00,1240,1,0,1,1,0,
025_mug,s0_complete_hgate_025_mug_t42,complete_only,38,0.896765,0.019578,1.197220e-04,3.509888e-04,1033,0.013052,1.675030e-04,0.026104,5.982217e-05,4.994589e-01,106,1,0,1,1,1,
025_mug,s0_complete_hgate_025_mug_t43,complete_only,20,0.923531,0.020861,3.393680e-04,6.499595e-04,305,0.013907,3.610798e-04,0.027815,3.374762e-04,8.997069e-01,39,1,0,1,1,1,
025_mug,s0_complete_hgate_025_mug_t44,complete_only,59,0.909364,0.020229,4.896578e-05,2.516508e-04,1039,0.013486,1.134528e-04,0.026973,3.471041e-05,5.478315e-01,498,1,0,1,1,1,
025_mug,s0_complete_hgate_025_mug_t45,complete_only,1,0.927980,0.020230,8.211223e-04,1.568716e-03,87,0.013486,1.039956e-03,0.026973,6.399421e-04,6.992094e-01,32,1,0,1,1,0,
025_mug,s0_complete_hgate_025_mug_t46,complete_only,15,0.905408,0.019878,6.741205e-04,1.398124e-03,86,0.013252,9.735368e-04,0.026504,6.033324e-04,9.267767e-01,42,1,0,1,1,1,
025_mug,s0_complete_hgate_025_mug_t47,complete_only,0,0.943866,0.014628,4.832936e-04,1.218423e-03,76,0.009752,7.719715e-04,0.019505,2.017778e-04,3.946135e+00,892,1,0,1,1,0,
025_mug,s0_complete_hgate_025_mug_t48,complete_only,1,0.929919,0.020890,7.146659e-04,1.491816e-03,139,0.013927,9.232174e-04,0.027854,5.673335e-04,1.011672e+00,53,1,0,1,1,1,
025_mug,s0_complete_hgate_025_mug_t49,complete_only,64,0.951708,0.021570,5.029733e-07,1.174346e-06,897,0.014380,0.000000e+00,0.028760,8.068524e-07,5.656697e-02,249,1,0,1,1,1,
010_potted_meat_can,s0_complete_hgate_010_potted_meat_can_t0,complete_only,0,0.937561,0.023382,3.883354e-04,1.525348e-03,236,0.015588,6.882307e-04,0.031177,1.716660e-04,2.361427e+00,853,1,0,1,1,0,
010_potted_meat_can,s0_complete_hgate_010_potted_meat_can_t1,complete_only,0,0.966348,0.026638,7.426031e-07,1.196997e-06,2540,0.017758,8.016178e-07,0.035517,7.384965e-07,7.889706e-01,1043,1,0,1,1,0,
010_potted_meat_can,s0_complete_hgate_010_potted_meat_can_t2,complete_only,1217,0.566321,0.028154,5.331596e-06,1.172991e-05,2186,0.018769,3.468530e-06,0.037539,2.135476e-05,2.437337e-02,284,1,0,1,1,1,
010_potted_meat_can,s0_complete_hgate_010_potted_meat_can_t3,complete_only,7,0.903939,0.022546,2.220294e-05,1.308264e-04,952,0.015031,4.290476e-05,0.030061,2.909191e-05,1.633876e+00,915,1,0,1,1,0,
010_potted_meat_can,s0_complete_hgate_010_potted_meat_can_t4,complete_only,1110,0.691357,0.028464,2.933685e-06,4.941521e-06,1528,0.018976,1.427369e-06,0.037951,4.402474e-06,0.000000e+00,107,1,0,1,1,0,
010_potted_meat_can,s0_complete_hgate_010_potted_meat_can_t5,complete_only,1336,0.501952,0.030309,1.779509e-05,2.172411e-05,1912,0.020206,4.541840e-06,0.040413,3.655364e-05,1.295001e+00,1094,1,0,1,1,1,
010_potted_meat_can,s0_complete_hgate_010_potted_meat_can_t6,complete_only,1,0.957489,0.027461,2.838386e-05,2.597015e-06,2291,0.018307,1.308958e-06,0.036614,2.872300e-05,1.076870e+00,1093,1,0,1,1,0,
010_potted_meat_can,s0_complete_hgate_010_potted_meat_can_t7,complete_only,5,0.978146,0.024560,1.468091e-06,6.814349e-06,1811,0.016373,2.373831e-06,0.032747,1.857952e-06,7.469260e-01,1330,1,0,1,1,0,
010_potted_meat_can,s0_complete_hgate_010_potted_meat_can_t8,complete_only,1,0.899940,0.020179,5.479215e-05,3.009010e-04,551,0.013453,1.937654e-04,0.026906,2.591015e-05,7.327245e-01,714,1,0,1,1,0,
010_potted_meat_can,s0_complete_hgate_010_potted_meat_can_t9,complete_only,0,0.964710,0.027505,2.915395e-05,5.259746e-06,3007,0.018336,2.769609e-05,0.036673,2.796341e-05,1.009691e+00,1011,1,0,1,1,0,
010_potted_meat_can,s0_complete_hgate_010_potted_meat_can_t10,complete_only,951,0.744632,0.028788,3.535007e-06,5.130175e-06,1862,0.019192,2.554578e-06,0.038383,1.690673e-05,1.743138e-01,413,1,0,1,1,1,
010_potted_meat_can,s0_complete_hgate_010_potted_meat_can_t11,complete_only,1082,0.739141,0.028636,9.197671e-07,2.464993e-06,1160,0.019091,1.123170e-07,0.038182,1.612687e-05,0.000000e+00,82,1,0,1,1,0,
010_potted_meat_can,s0_complete_hgate_010_potted_meat_can_t12,complete_only,0,0.957266,0.027250,1.960202e-05,2.701330e-06,2607,0.018167,2.131966e-05,0.036334,1.604134e-05,8.719009e-01,991,1,0,1,1,0,
010_potted_meat_can,s0_complete_hgate_010_potted_meat_can_t13,complete_only,4,0.937754,0.024571,7.559469e-05,6.216458e-05,1425,0.016381,7.685278e-05,0.032762,8.019053e-05,1.146874e+00,757,1,0,1,1,0,
010_potted_meat_can,s0_complete_hgate_010_potted_meat_can_t14,complete_only,1222,0.678707,0.028955,1.690174e-06,3.843912e-06,1506,0.019303,1.186615e-06,0.038606,1.642428e-06,0.000000e+00,126,1,0,1,1,0,
010_potted_meat_can,s0_complete_hgate_010_potted_meat_can_t15,complete_only,1,0.941870,0.021729,8.591601e-05,6.861965e-04,580,0.014486,4.983706e-04,0.028973,1.048399e-04,1.244366e+00,814,1,0,1,1,0,
010_potted_meat_can,s0_complete_hgate_010_potted_meat_can_t16,complete_only,0,0.961435,0.027723,1.785072e-05,8.345794e-06,2956,0.018482,1.781385e-05,0.036964,1.471771e-05,9.704215e-01,1055,1,0,1,1,0,
010_potted_meat_can,s0_complete_hgate_010_potted_meat_can_t17,complete_only,0,0.898294,0.023626,3.270664e-04,9.051800e-04,522,0.015751,3.159538e-04,0.031501,3.264770e-04,1.130003e+00,586,1,0,1,1,1,
010_potted_meat_can,s0_complete_hgate_010_potted_meat_can_t18,complete_only,357,0.739821,0.024459,8.312641e-04,2.974041e-03,703,0.016306,1.405149e-03,0.032613,6.691500e-04,8.677081e-01,485,1,0,1,1,1,
010_potted_meat_can,s0_complete_hgate_010_potted_meat_can_t19,complete_only,1,0.957457,0.028160,2.272111e-05,2.900579e-05,3462,0.018773,2.580586e-05,0.037546,2.950511e-05,1.163946e+00,951,1,0,1,1,0,
010_potted_meat_can,s0_complete_hgate_010_potted_meat_can_t20,complete_only,0,0.965351,0.027405,8.798812e-07,1.785512e-06,2845,0.018270,8.294295e-07,0.036540,5.164952e-06,9.310013e-01,1090,1,0,1,1,0,
010_potted_meat_can,s0_complete_hgate_010_potted_meat_can_t21,complete_only,99,0.884752,0.022080,1.094297e-05,5.968635e-05,871,0.014720,2.396898e-05,0.029439,1.223358e-05,1.774889e+00,1122,1,0,1,1,0,
010_potted_meat_can,s0_complete_hgate_010_potted_meat_can_t22,complete_only,1,0.932270,0.023682,4.835241e-05,2.008112e-04,1046,0.015788,1.057690e-04,0.031576,4.170844e-05,1.831359e+00,896,1,0,1,1,0,
010_potted_meat_can,s0_complete_hgate_010_potted_meat_can_t23,complete_only,663,0.803925,0.021130,4.028004e-06,1.111602e-05,821,0.014087,3.085137e-06,0.028174,5.520737e-06,5.874328e-01,712,1,0,1,1,1,
010_potted_meat_can,s0_complete_hgate_010_potted_meat_can_t24,complete_only,74,0.918000,0.021561,9.872520e-07,2.894275e-06,1226,0.014374,8.873279e-07,0.028748,8.377578e-07,5.258805e-01,873,1,0,1,1,0,
010_potted_meat_can,s0_complete_hgate_010_potted_meat_can_t25,complete_only,3,0.953752,0.025328,5.586110e-07,4.389583e-06,1805,0.016885,7.418966e-07,0.033771,5.533216e-07,7.177907e-01,1390,1,0,1,1,0,
010_potted_meat_can,s0_complete_hgate_010_potted_meat_can_t26,complete_only,1211,0.630283,0.030163,7.372907e-06,6.692388e-06,2395,0.020109,2.632980e-06,0.040217,3.524708e-05,2.468354e-01,434,1,0,1,1,0,
010_potted_meat_can,s0_complete_hgate_010_potted_meat_can_t27,complete_only,950,0.775562,0.028731,1.871835e-06,5.444374e-06,1767,0.019154,1.308434e-06,0.038308,4.115456e-06,0.000000e+00,233,1,0,1,1,1,
010_potted_meat_can,s0_complete_hgate_010_potted_meat_can_t28,complete_only,54,0.861804,0.023480,5.352034e-05,2.519798e-04,885,0.015653,2.211868e-04,0.031306,6.195149e-05,2.447427e+00,1120,1,0,1,1,0,
010_potted_meat_can,s0_complete_hgate_010_potted_meat_can_t29,complete_only,5,0.949864,0.019362,3.203021e-06,1.187958e-05,1604,0.012908,2.318230e-06,0.025816,4.198137e-06,1.058085e+00,1203,1,0,1,1,0,
010_potted_meat_can,s0_complete_hgate_010_potted_meat_can_t30,complete_only,0,0.941960,0.021820,1.379618e-04,1.043322e-03,686,0.014546,4.834936e-04,0.029093,5.085086e-05,1.599873e+00,896,1,0,1,1,0,
010_potted_meat_can,s0_complete_hgate_010_potted_meat_can_t31,complete_only,0,0.967173,0.028943,1.231663e-05,5.618168e-06,3333,0.019295,6.335308e-06,0.038591,2.238711e-05,8.974570e-01,938,1,0,1,1,0,
010_potted_meat_can,s0_complete_hgate_010_potted_meat_can_t32,complete_only,1105,0.570986,0.024669,1.482512e-06,5.908839e-06,771,0.016446,6.229356e-07,0.032892,3.082234e-06,0.000000e+00,204,1,0,1,1,0,
010_potted_meat_can,s0_complete_hgate_010_potted_meat_can_t33,complete_only,0,0.936002,0.021339,1.583164e-05,1.434000e-04,968,0.014226,2.126799e-05,0.028453,1.867587e-05,1.180017e+00,900,1,0,1,1,0,
010_potted_meat_can,s0_complete_hgate_010_potted_meat_can_t34,complete_only,11,0.947930,0.018808,2.416248e-06,8.340089e-06,1145,0.012539,2.048641e-06,0.025077,2.858382e-06,9.547364e-01,1108,1,0,1,1,1,
010_potted_meat_can,s0_complete_hgate_010_potted_meat_can_t35,complete_only,0,0.941789,0.025597,6.433248e-05,2.051902e-05,857,0.017065,2.944934e-04,0.034130,5.836692e-05,1.537139e+00,1061,1,0,1,1,0,
010_potted_meat_can,s0_complete_hgate_010_potted_meat_can_t36,complete_only,0,0.969749,0.026375,1.462467e-05,9.831854e-06,2903,0.017583,9.012401e-06,0.035167,1.503455e-05,1.076829e+00,1026,1,0,1,1,0,
010_potted_meat_can,s0_complete_hgate_010_potted_meat_can_t37,complete_only,76,0.827531,0.023113,2.885043e-04,1.507204e-03,619,0.015409,2.049031e-04,0.030817,2.192744e-04,4.630392e-01,378,1,0,1,1,0,
010_potted_meat_can,s0_complete_hgate_010_potted_meat_can_t38,complete_only,0,0.940911,0.021853,3.014621e-05,4.941894e-05,1086,0.014568,6.513890e-05,0.029137,4.092623e-05,1.655667e+00,911,1,0,1,1,0,
010_potted_meat_can,s0_complete_hgate_010_potted_meat_can_t39,complete_only,3,0.923821,0.019793,1.859985e-05,5.784354e-05,1004,0.013195,3.154559e-05,0.026391,1.198859e-05,1.340767e+00,1241,1,0,1,1,0,
010_potted_meat_can,s0_complete_hgate_010_potted_meat_can_t40,complete_only,889,0.544661,0.024448,1.150268e-03,2.908638e-03,1067,0.016299,1.045901e-03,0.032598,7.707815e-04,1.341486e+00,558,1,0,1,1,0,
010_potted_meat_can,s0_complete_hgate_010_potted_meat_can_t41,complete_only,2,0.919922,0.023261,5.397486e-04,1.632382e-03,431,0.015508,8.267386e-04,0.031015,1.919964e-04,2.019430e+00,841,1,0,1,1,0,
010_potted_meat_can,s0_complete_hgate_010_potted_meat_can_t42,complete_only,0,0.896420,0.020151,3.987863e-06,1.611840e-05,836,0.013434,1.604568e-06,0.026868,1.062144e-05,1.142762e+00,1111,1,0,1,1,0,
010_potted_meat_can,s0_complete_hgate_010_potted_meat_can_t43,complete_only,0,0.943092,0.024226,2.039576e-03,4.193117e-03,360,0.016150,2.466303e-03,0.032301,3.000861e-04,1.593515e+00,868,1,0,1,1,0,
010_potted_meat_can,s0_complete_hgate_010_potted_meat_can_t44,complete_only,1313,0.543106,0.029672,1.343886e-05,1.744404e-05,1962,0.019782,4.026464e-06,0.039563,2.911763e-05,2.671056e-01,356,1,0,1,1,1,
010_potted_meat_can,s0_complete_hgate_010_potted_meat_can_t45,complete_only,0,0.985721,0.024690,1.776762e-05,8.237563e-05,1405,0.016460,4.866364e-05,0.032920,1.630127e-05,1.010354e+00,409,1,0,1,1,0,
010_potted_meat_can,s0_complete_hgate_010_potted_meat_can_t46,complete_only,59,0.887688,0.021854,1.668914e-05,7.131061e-05,650,0.014569,2.924885e-05,0.029138,1.918472e-05,1.937848e+00,1036,1,0,1,1,0,
010_potted_meat_can,s0_complete_hgate_010_potted_meat_can_t47,complete_only,0,0.984195,0.026228,6.401704e-07,1.270013e-06,2152,0.017485,7.308478e-07,0.034970,6.238667e-07,2.677885e-01,517,1,0,1,1,0,
010_potted_meat_can,s0_complete_hgate_010_potted_meat_can_t48,complete_only,1194,0.627176,0.027635,1.003500e-05,2.875143e-05,1689,0.018423,7.414166e-06,0.036847,2.268873e-05,2.803749e-02,160,1,0,1,1,0,
010_potted_meat_can,s0_complete_hgate_010_potted_meat_can_t49,complete_only,0,0.925202,0.022347,6.823793e-05,4.233876e-04,1103,0.014898,6.801360e-05,0.029795,7.193550e-05,2.265011e+00,938,1,0,1,1,0,
003_cracker_box,s0_complete_hgate_003_cracker_box_t0,complete_only,19,0.921985,0.037644,4.263030e-05,7.815166e-05,571,0.025096,4.076442e-05,0.050192,4.612979e-05,3.523749e-01,73,1,0,1,1,0,
003_cracker_box,s0_complete_hgate_003_cracker_box_t1,complete_only,767,0.928639,0.033414,8.615866e-07,4.490892e-06,670,0.022276,1.757494e-07,0.044552,1.725564e-06,0.000000e+00,116,1,0,1,1,0,
003_cracker_box,s0_complete_hgate_003_cracker_box_t2,complete_only,143,0.914875,0.021168,3.590311e-04,9.039187e-04,2735,0.014112,6.550037e-04,0.028224,1.683182e-04,4.336986e+00,452,1,0,1,1,0,
003_cracker_box,s0_complete_hgate_003_cracker_box_t3,complete_only,71,0.916720,0.038999,8.382537e-05,6.350787e-04,986,0.025999,2.075297e-04,0.051998,1.120935e-04,8.342456e-01,276,1,0,1,1,0,
003_cracker_box,s0_complete_hgate_003_cracker_box_t4,complete_only,1843,0.163607,0.040486,3.449297e-05,1.289946e-04,1844,0.026990,3.843348e-05,0.053981,3.192752e-05,7.292823e-01,151,1,0,1,1,0,
003_cracker_box,s0_complete_hgate_003_cracker_box_t5,complete_only,29,0.972030,0.034409,5.434364e-04,2.557213e-03,1596,0.022939,1.407106e-03,0.045879,1.731735e-04,1.683556e+00,160,1,0,1,1,0,
003_cracker_box,s0_complete_hgate_003_cracker_box_t6,complete_only,3,0.920709,0.037124,3.073015e-05,1.125939e-04,604,0.024749,5.138842e-05,0.049499,2.713033e-05,2.239597e-01,50,1,0,1,1,0,
003_cracker_box,s0_complete_hgate_003_cracker_box_t7,complete_only,295,0.935660,0.038082,1.512790e-05,1.149523e-04,904,0.025388,2.696217e-05,0.050776,1.601203e-05,8.744686e-02,69,1,0,1,1,0,
003_cracker_box,s0_complete_hgate_003_cracker_box_t8,complete_only,0,0.979408,0.035330,2.634816e-06,7.210468e-06,2459,0.023554,2.859269e-06,0.047107,2.521879e-06,1.429868e-01,138,0,0,1,1,,
003_cracker_box,s0_complete_hgate_003_cracker_box_t9,complete_only,365,0.682362,0.024909,1.815549e-04,8.549724e-04,480,0.016606,1.919531e-04,0.033212,1.972409e-04,2.118439e+00,232,1,0,1,1,0,
003_cracker_box,s0_complete_hgate_003_cracker_box_t10,complete_only,511,0.918403,0.037591,4.824297e-06,1.963858e-05,1348,0.025061,5.998958e-06,0.050122,6.487809e-06,4.139603e-01,186,1,0,1,1,0,
003_cracker_box,s0_complete_hgate_003_cracker_box_t11,complete_only,465,0.933976,0.039180,1.084041e-05,4.203651e-05,844,0.026120,9.975793e-06,0.052240,1.241977e-05,5.883043e-03,45,1,0,1,1,0,
003_cracker_box,s0_complete_hgate_003_cracker_box_t12,complete_only,28,0.872297,0.034170,1.667724e-04,5.790774e-04,755,0.022780,6.064098e-04,0.045560,1.532883e-04,1.271424e-01,78,1,0,1,1,0,
003_cracker_box,s0_complete_hgate_003_cracker_box_t13,complete_only,4,0.961394,0.036726,1.792810e-05,2.391720e-05,1049,0.024484,1.205887e-05,0.048968,3.358330e-05,2.142008e-01,122,1,0,1,1,0,
003_cracker_box,s0_complete_hgate_003_cracker_box_t14,complete_only,385,0.947880,0.038540,4.012137e-06,1.281253e-05,1057,0.025693,3.791546e-06,0.051386,4.577864e-06,1.505961e-01,98,1,0,1,1,0,
003_cracker_box,s0_complete_hgate_003_cracker_box_t15,complete_only,293,0.923647,0.035209,2.450745e-06,7.637867e-06,1531,0.023472,2.712869e-06,0.046945,2.279842e-06,2.868290e-01,199,1,0,1,1,0,
003_cracker_box,s0_complete_hgate_003_cracker_box_t16,complete_only,25,0.839050,0.035919,3.068959e-04,7.193170e-04,671,0.023946,3.181603e-04,0.047893,2.830886e-04,4.873363e-01,95,1,0,1,1,0,
003_cracker_box,s0_complete_hgate_003_cracker_box_t17,complete_only,31,0.933829,0.042460,1.088422e-05,3.559251e-05,931,0.028307,1.091263e-05,0.056614,1.179210e-05,4.139257e-02,44,1,0,1,1,0,
003_cracker_box,s0_complete_hgate_003_cracker_box_t18,complete_only,0,0.964259,0.041646,3.505643e-04,1.136140e-03,614,0.027764,5.421284e-04,0.055528,9.041267e-05,3.467281e-01,43,1,0,1,1,0,
003_cracker_box,s0_complete_hgate_003_cracker_box_t19,complete_only,231,0.956524,0.033431,6.234303e-06,3.343093e-05,1413,0.022287,6.548159e-06,0.044575,8.387367e-06,6.762429e-03,97,1,0,1,1,0,
003_cracker_box,s0_complete_hgate_003_cracker_box_t20,complete_only,82,0.868234,0.036596,4.452855e-05,2.095931e-04,775,0.024397,5.219757e-05,0.048794,3.864382e-05,3.409045e-01,84,1,0,1,1,0,
003_cracker_box,s0_complete_hgate_003_cracker_box_t21,complete_only,105,0.936037,0.042156,1.125253e-05,6.105977e-05,1505,0.028104,9.855117e-06,0.056209,1.515183e-05,8.642801e-02,62,1,0,1,1,0,
003_cracker_box,s0_complete_hgate_003_cracker_box_t22,complete_only,39,0.904292,0.038202,2.965568e-05,5.277926e-05,563,0.025468,3.986459e-05,0.050936,2.708231e-05,2.292081e-01,43,1,0,1,1,0,
003_cracker_box,s0_complete_hgate_003_cracker_box_t23,complete_only,1378,0.646502,0.041355,2.923479e-05,1.438429e-04,718,0.027570,2.178596e-05,0.055140,2.612072e-05,2.072662e-01,78,1,0,1,1,0,
003_cracker_box,s0_complete_hgate_003_cracker_box_t24,complete_only,6,0.936273,0.042223,2.253913e-05,1.601858e-04,1015,0.028149,4.366625e-05,0.056297,1.830895e-05,7.939223e-02,37,1,0,1,1,0,
003_cracker_box,s0_complete_hgate_003_cracker_box_t25,complete_only,1448,0.827750,0.032075,3.493708e-07,1.162241e-06,752,0.021383,1.776580e-07,0.042766,4.454934e-07,3.947054e-03,168,1,0,1,1,0,
003_cracker_box,s0_complete_hgate_003_cracker_box_t26,complete_only,2,0.980678,0.036130,2.769148e-05,1.542038e-04,904,0.024086,3.613177e-05,0.048173,2.232096e-05,4.301527e-01,148,1,0,1,1,0,
003_cracker_box,s0_complete_hgate_003_cracker_box_t27,complete_only,300,0.934611,0.031147,4.309327e-04,1.022545e-03,1044,0.020764,6.035177e-04,0.041529,2.037354e-04,2.473576e+00,145,1,0,1,1,0,
003_cracker_box,s0_complete_hgate_003_cracker_box_t28,complete_only,8,0.931648,0.037686,1.591265e-05,4.253582e-05,741,0.025124,1.792146e-05,0.050249,1.417323e-05,2.242367e-01,53,1,0,1,1,0,
003_cracker_box,s0_complete_hgate_003_cracker_box_t29,complete_only,1682,0.577546,0.035577,1.322829e-06,2.299828e-06,2410,0.023718,1.351808e-06,0.047436,1.302900e-06,1.168607e-01,130,1,0,1,1,0,
003_cracker_box,s0_complete_hgate_003_cracker_box_t30,complete_only,1958,0.138286,0.035211,2.112549e-06,6.340862e-06,638,0.023474,1.857981e-06,0.046948,2.044485e-06,0.000000e+00,58,1,0,1,1,0,
003_cracker_box,s0_complete_hgate_003_cracker_box_t31,complete_only,486,0.940059,0.029167,2.565291e-05,1.330196e-04,1636,0.019445,3.524133e-05,0.038889,3.012313e-05,1.915010e-01,159,1,0,1,1,0,
003_cracker_box,s0_complete_hgate_003_cracker_box_t32,complete_only,891,0.918353,0.037359,3.002547e-06,1.319318e-05,839,0.024906,2.594599e-06,0.049812,4.599406e-06,0.000000e+00,57,1,0,1,1,0,
003_cracker_box,s0_complete_hgate_003_cracker_box_t33,complete_only,1394,0.768481,0.030025,3.028450e-06,6.411946e-06,1285,0.020017,3.230285e-06,0.040033,3.170026e-06,4.974706e-02,87,1,0,1,1,0,
003_cracker_box,s0_complete_hgate_003_cracker_box_t34,complete_only,1322,0.857720,0.035715,1.427162e-06,3.090369e-06,1226,0.023810,1.339444e-06,0.047619,1.461491e-06,4.468394e-02,81,1,0,1,1,0,
003_cracker_box,s0_complete_hgate_003_cracker_box_t35,complete_only,29,0.899777,0.037317,2.909717e-05,5.211470e-05,471,0.024878,3.481309e-05,0.049756,2.662611e-05,2.485251e-01,50,1,0,1,1,0,
003_cracker_box,s0_complete_hgate_003_cracker_box_t37,complete_only,106,0.920195,0.042645,2.641090e-05,6.404166e-05,1301,0.028430,8.150290e-05,0.056860,2.724602e-05,5.084815e-02,49,1,0,1,1,0,
003_cracker_box,s0_complete_hgate_003_cracker_box_t38,complete_only,1903,0.185945,0.026013,1.495445e-06,3.417226e-06,1194,0.017342,1.337391e-06,0.034685,1.488084e-06,3.872114e-02,56,1,0,1,1,0,
003_cracker_box,s0_complete_hgate_003_cracker_box_t39,complete_only,1340,0.890273,0.030554,1.790427e-06,3.650396e-06,1497,0.020369,1.773649e-06,0.040739,1.857546e-06,3.340973e-01,309,1,0,1,1,0,
003_cracker_box,s0_complete_hgate_003_cracker_box_t40,complete_only,87,0.963877,0.040445,2.214304e-04,7.750137e-04,623,0.026963,3.135928e-04,0.053927,6.745299e-05,3.074079e-01,52,1,0,1,1,0,
003_cracker_box,s0_complete_hgate_003_cracker_box_t41,complete_only,20,0.895341,0.038089,2.360441e-05,5.961520e-05,708,0.025392,2.739853e-05,0.050785,2.143816e-05,2.120208e-01,58,1,0,1,1,0,
003_cracker_box,s0_complete_hgate_003_cracker_box_t42,complete_only,1232,0.900340,0.034857,2.116262e-06,4.932681e-06,1272,0.023238,1.990042e-06,0.046476,2.260368e-06,2.069158e-02,85,1,0,1,1,0,
003_cracker_box,s0_complete_hgate_003_cracker_box_t43,complete_only,17,0.892700,0.037920,1.971890e-05,3.499363e-05,618,0.025280,2.533403e-05,0.050559,1.497380e-05,2.178365e-01,51,1,0,1,1,0,
003_cracker_box,s0_complete_hgate_003_cracker_box_t44,complete_only,281,0.948316,0.037353,1.890165e-05,1.000124e-04,837,0.024902,1.711210e-05,0.049804,2.383566e-05,0.000000e+00,35,1,0,1,1,0,
003_cracker_box,s0_complete_hgate_003_cracker_box_t46,complete_only,312,0.859314,0.042633,1.359246e-05,4.759793e-05,1222,0.028422,1.219253e-05,0.056844,1.382466e-05,1.459213e-01,83,1,0,1,1,0,
003_cracker_box,s0_complete_hgate_003_cracker_box_t47,complete_only,1266,0.704140,0.025395,8.904715e-07,1.925870e-06,1794,0.016930,9.389335e-07,0.033860,8.651924e-07,4.211244e-01,772,1,0,1,1,0,
003_cracker_box,s0_complete_hgate_003_cracker_box_t48,complete_only,121,0.948226,0.046477,2.019326e-05,7.743848e-05,1062,0.030985,1.869095e-05,0.061969,2.166639e-05,2.155395e-01,72,1,0,1,1,0,
003_cracker_box,s0_complete_hgate_003_cracker_box_t49,complete_only,15,0.933034,0.036946,2.911009e-05,1.243192e-04,453,0.024631,9.235723e-05,0.049262,2.911877e-05,1.600706e-01,73,1,0,1,1,0,
022_windex_bottle,s0_complete_hgate_022_windex_bottle_t0,complete_only,387,0.856861,0.044315,1.363380e-05,7.622426e-05,721,0.029543,8.303578e-07,0.059087,4.244558e-05,0.000000e+00,90,1,0,1,1,1,
022_windex_bottle,s0_complete_hgate_022_windex_bottle_t1,complete_only,231,0.885352,0.043450,2.359666e-05,1.932199e-05,1156,0.028967,0.000000e+00,0.057934,4.292218e-05,0.000000e+00,111,1,0,1,1,0,
022_windex_bottle,s0_complete_hgate_022_windex_bottle_t2,complete_only,18,0.953767,0.040057,0.000000e+00,0.000000e+00,834,0.026705,0.000000e+00,0.053410,4.814232e-06,0.000000e+00,110,1,0,1,1,0,
022_windex_bottle,s0_complete_hgate_022_windex_bottle_t3,complete_only,304,0.857014,0.046621,1.833281e-05,1.684872e-04,670,0.031081,7.800706e-07,0.062162,3.523419e-05,0.000000e+00,17,1,0,1,1,1,
022_windex_bottle,s0_complete_hgate_022_windex_bottle_t4,complete_only,153,0.939541,0.027937,0.000000e+00,0.000000e+00,545,0.018625,0.000000e+00,0.037250,2.071636e-06,0.000000e+00,152,1,0,1,1,0,
022_windex_bottle,s0_complete_hgate_022_windex_bottle_t6,complete_only,71,0.930646,0.044002,1.410287e-05,1.305762e-05,970,0.029335,8.045703e-07,0.058669,2.596546e-05,0.000000e+00,104,1,0,1,1,1,
022_windex_bottle,s0_complete_hgate_022_windex_bottle_t7,complete_only,136,0.917345,0.015446,1.271980e-03,2.778311e-03,2317,0.010297,1.405986e-03,0.020594,8.480330e-04,5.688162e+00,2094,1,0,1,1,0,
022_windex_bottle,s0_complete_hgate_022_windex_bottle_t8,complete_only,398,0.885714,0.045008,4.993154e-07,4.588396e-06,674,0.030005,0.000000e+00,0.060010,2.053174e-06,0.000000e+00,113,1,0,1,1,0,
022_windex_bottle,s0_complete_hgate_022_windex_bottle_t9,complete_only,155,0.880671,0.043421,8.754443e-06,8.648956e-06,765,0.028947,0.000000e+00,0.057894,2.036597e-05,0.000000e+00,95,1,0,1,1,0,
022_windex_bottle,s0_complete_hgate_022_windex_bottle_t10,complete_only,694,0.855315,0.043538,1.923922e-05,1.432817e-04,1212,0.029025,1.508246e-05,0.058051,1.664310e-05,0.000000e+00,97,1,0,1,1,0,
022_windex_bottle,s0_complete_hgate_022_windex_bottle_t11,complete_only,314,0.905561,0.042842,1.332980e-07,0.000000e+00,594,0.028561,0.000000e+00,0.057122,6.925890e-06,0.000000e+00,108,1,0,1,1,0,
022_windex_bottle,s0_complete_hgate_022_windex_bottle_t12,complete_only,217,0.901847,0.049599,2.339172e-05,1.625948e-04,1211,0.033066,2.202520e-05,0.066132,3.211566e-05,0.000000e+00,101,1,0,1,1,1,
022_windex_bottle,s0_complete_hgate_022_windex_bottle_t13,complete_only,161,0.897952,0.044834,3.482856e-05,1.967642e-04,964,0.029889,4.161838e-06,0.059779,4.591834e-05,0.000000e+00,83,1,0,1,1,0,
022_windex_bottle,s0_complete_hgate_022_windex_bottle_t14,complete_only,432,0.882495,0.043869,2.910702e-06,2.630552e-05,877,0.029246,0.000000e+00,0.058493,7.120895e-06,0.000000e+00,135,1,0,1,1,0,
022_windex_bottle,s0_complete_hgate_022_windex_bottle_t15,complete_only,87,0.912388,0.045743,0.000000e+00,0.000000e+00,734,0.030495,0.000000e+00,0.060991,2.460813e-06,0.000000e+00,99,1,0,1,1,0,
022_windex_bottle,s0_complete_hgate_022_windex_bottle_t16,complete_only,131,0.905249,0.043372,5.077340e-05,3.731730e-04,596,0.028915,1.576955e-05,0.057830,4.510711e-05,0.000000e+00,85,1,0,1,1,0,
022_windex_bottle,s0_complete_hgate_022_windex_bottle_t18,complete_only,423,0.917106,0.046404,2.216960e-06,2.657284e-05,768,0.030936,0.000000e+00,0.061872,5.170973e-06,0.000000e+00,150,1,0,1,1,1,
022_windex_bottle,s0_complete_hgate_022_windex_bottle_t19,complete_only,44,0.932440,0.042640,1.112407e-05,8.953404e-06,1079,0.028427,0.000000e+00,0.056854,2.777685e-05,0.000000e+00,124,1,0,1,1,0,
022_windex_bottle,s0_complete_hgate_022_windex_bottle_t20,complete_only,45,0.930318,0.043197,6.999769e-06,1.300232e-05,1278,0.028798,9.514395e-07,0.057596,1.837852e-05,0.000000e+00,108,1,0,1,1,0,
022_windex_bottle,s0_complete_hgate_022_windex_bottle_t21,complete_only,410,0.904845,0.047666,2.456254e-05,0.000000e+00,929,0.031777,0.000000e+00,0.063555,4.823879e-05,0.000000e+00,82,1,0,1,1,1,
022_windex_bottle,s0_complete_hgate_022_windex_bottle_t22,complete_only,80,0.911649,0.047192,2.114251e-05,7.875710e-05,963,0.031461,2.450588e-05,0.062923,2.215209e-05,9.055869e-02,44,1,0,1,1,0,
022_windex_bottle,s0_complete_hgate_022_windex_bottle_t23,complete_only,18,0.950055,0.040888,4.363266e-06,2.170977e-05,981,0.027258,0.000000e+00,0.054517,1.092598e-05,0.000000e+00,145,1,0,1,1,1,
022_windex_bottle,s0_complete_hgate_022_windex_bottle_t24,complete_only,492,0.893348,0.047803,1.269053e-05,1.047524e-04,1087,0.031869,7.739375e-07,0.063737,2.860471e-05,0.000000e+00,92,1,0,1,1,1,
022_windex_bottle,s0_complete_hgate_022_windex_bottle_t25,complete_only,6,0.946473,0.049923,7.682244e-06,0.000000e+00,931,0.033282,0.000000e+00,0.066564,3.387104e-05,0.000000e+00,86,1,0,1,1,1,
022_windex_bottle,s0_complete_hgate_022_windex_bottle_t26,complete_only,159,0.842374,0.010304,3.150923e-04,4.937471e-04,292,0.006869,2.993803e-04,0.013738,3.249158e-04,8.454628e+00,4719,1,0,1,1,0,
022_windex_bottle,s0_complete_hgate_022_windex_bottle_t27,complete_only,372,0.890311,0.042792,0.000000e+00,0.000000e+00,591,0.028528,0.000000e+00,0.057056,6.187529e-06,0.000000e+00,110,1,0,1,1,1,
022_windex_bottle,s0_complete_hgate_022_windex_bottle_t28,complete_only,218,0.890696,0.048448,1.012464e-05,4.376937e-05,856,0.032299,1.440459e-05,0.064597,1.035642e-05,4.505124e-02,42,1,0,1,1,0,
022_windex_bottle,s0_complete_hgate_022_windex_bottle_t29,complete_only,899,0.825761,0.042160,5.424444e-06,7.104144e-06,667,0.028107,0.000000e+00,0.056214,2.167308e-05,0.000000e+00,142,1,0,1,1,0,
022_windex_bottle,s0_complete_hgate_022_windex_bottle_t30,complete_only,83,0.917347,0.045969,0.000000e+00,0.000000e+00,803,0.030646,0.000000e+00,0.061291,1.113014e-05,0.000000e+00,130,1,0,1,1,0,
022_windex_bottle,s0_complete_hgate_022_windex_bottle_t31,complete_only,155,0.911603,0.043956,6.635604e-06,2.047780e-05,1042,0.029304,0.000000e+00,0.058608,3.283030e-05,0.000000e+00,122,1,0,1,1,0,
022_windex_bottle,s0_complete_hgate_022_windex_bottle_t32,complete_only,24,0.926190,0.043338,1.105815e-06,0.000000e+00,887,0.028892,0.000000e+00,0.057784,1.198107e-05,0.000000e+00,137,1,0,1,1,0,
022_windex_bottle,s0_complete_hgate_022_windex_bottle_t33,complete_only,494,0.838819,0.045286,1.168145e-06,8.731913e-06,764,0.030191,0.000000e+00,0.060382,2.229818e-06,0.000000e+00,143,1,0,1,1,0,
022_windex_bottle,s0_complete_hgate_022_windex_bottle_t34,complete_only,131,0.887536,0.045247,1.474662e-07,0.000000e+00,715,0.030165,0.000000e+00,0.060330,6.445283e-07,0.000000e+00,164,1,0,1,1,0,
022_windex_bottle,s0_complete_hgate_022_windex_bottle_t35,complete_only,56,0.927601,0.043768,1.622747e-05,1.222407e-04,1147,0.029179,1.979744e-06,0.058357,2.340090e-05,0.000000e+00,82,1,0,1,1,0,
022_windex_bottle,s0_complete_hgate_022_windex_bottle_t36,complete_only,79,0.904675,0.050286,6.548084e-05,6.689521e-04,1118,0.033524,4.625172e-05,0.067048,8.765162e-05,0.000000e+00,102,1,0,1,1,1,
022_windex_bottle,s0_complete_hgate_022_windex_bottle_t37,complete_only,518,0.897363,0.047052,2.058970e-05,1.758101e-04,957,0.031368,0.000000e+00,0.062736,4.981739e-05,0.000000e+00,76,1,0,1,1,1,
022_windex_bottle,s0_complete_hgate_022_windex_bottle_t38,complete_only,1238,0.688263,0.042132,3.564323e-06,0.000000e+00,628,0.028088,0.000000e+00,0.056176,1.015600e-05,0.000000e+00,171,1,0,1,1,0,
022_windex_bottle,s0_complete_hgate_022_windex_bottle_t39,complete_only,153,0.887620,0.045785,2.234730e-06,0.000000e+00,646,0.030523,0.000000e+00,0.061047,5.363466e-06,0.000000e+00,99,1,0,1,1,1,
022_windex_bottle,s0_complete_hgate_022_windex_bottle_t40,complete_only,390,0.896908,0.046498,1.857028e-05,1.850284e-04,995,0.030999,0.000000e+00,0.061998,4.196938e-05,0.000000e+00,96,1,0,1,1,1,
022_windex_bottle,s0_complete_hgate_022_windex_bottle_t41,complete_only,250,0.879328,0.044153,2.498668e-05,1.469020e-04,972,0.029435,4.115570e-06,0.058870,2.730126e-05,0.000000e+00,103,1,0,1,1,1,
022_windex_bottle,s0_complete_hgate_022_windex_bottle_t42,complete_only,496,0.871476,0.044976,3.370261e-07,0.000000e+00,632,0.029984,0.000000e+00,0.059968,2.710098e-06,0.000000e+00,108,1,0,1,1,0,
022_windex_bottle,s0_complete_hgate_022_windex_bottle_t43,complete_only,464,0.863473,0.049131,4.354102e-05,2.065415e-04,539,0.032754,8.552691e-05,0.065508,2.734708e-05,2.438697e-01,31,1,0,1,1,0,
022_windex_bottle,s0_complete_hgate_022_windex_bottle_t44,complete_only,56,0.934930,0.043458,8.646301e-06,0.000000e+00,776,0.028972,0.000000e+00,0.057944,2.461254e-05,0.000000e+00,128,1,0,1,1,1,
022_windex_bottle,s0_complete_hgate_022_windex_bottle_t45,complete_only,307,0.924963,0.049163,8.934929e-06,0.000000e+00,905,0.032775,0.000000e+00,0.065551,4.539571e-05,0.000000e+00,123,1,0,1,1,0,
022_windex_bottle,s0_complete_hgate_022_windex_bottle_t46,complete_only,347,0.915129,0.047918,1.687931e-05,0.000000e+00,947,0.031945,0.000000e+00,0.063891,4.333919e-05,0.000000e+00,85,1,0,1,1,1,
022_windex_bottle,s0_complete_hgate_022_windex_bottle_t47,complete_only,124,0.907306,0.042710,1.143291e-05,0.000000e+00,552,0.028473,0.000000e+00,0.056946,4.798477e-05,0.000000e+00,82,1,0,1,1,0,
022_windex_bottle,s0_complete_hgate_022_windex_bottle_t48,complete_only,38,0.929509,0.044006,2.310335e-05,2.450402e-04,1064,0.029337,1.540584e-06,0.058675,5.061841e-05,0.000000e+00,136,1,0,1,1,1,
022_windex_bottle,s0_complete_hgate_022_windex_bottle_t49,complete_only,369,0.872579,0.044447,2.143189e-05,1.509457e-04,1006,0.029631,4.141334e-06,0.059263,3.748635e-05,0.000000e+00,66,1,0,1,1,0,
004_sugar_box,s0_complete_hgate_004_sugar_box_t0,complete_only,5,0.921182,0.029346,9.465417e-06,2.613202e-05,857,0.019564,1.034857e-05,0.039128,7.618561e-06,4.440944e-01,219,1,0,1,1,0,
004_sugar_box,s0_complete_hgate_004_sugar_box_t1,complete_only,1064,0.872097,0.027541,2.837109e-06,9.983027e-06,1524,0.018361,2.129859e-06,0.036722,3.972466e-06,0.000000e+00,207,1,0,1,1,0,
004_sugar_box,s0_complete_hgate_004_sugar_box_t2,complete_only,160,0.960631,0.029663,6.116214e-06,2.584926e-05,976,0.019775,6.153324e-06,0.039551,5.987053e-06,1.650512e-01,124,1,0,1,1,1,
004_sugar_box,s0_complete_hgate_004_sugar_box_t3,complete_only,4,0.912682,0.029629,1.842721e-05,1.232523e-04,898,0.019753,2.139672e-05,0.039505,1.872303e-05,6.818630e-01,435,1,0,1,1,0,
004_sugar_box,s0_complete_hgate_004_sugar_box_t4,complete_only,1411,0.788486,0.030866,2.817067e-06,5.315088e-06,1869,0.020577,1.868835e-06,0.041155,4.027983e-06,3.691846e-01,374,1,0,1,1,0,
004_sugar_box,s0_complete_hgate_004_sugar_box_t5,complete_only,210,0.946255,0.029588,2.425677e-06,7.541391e-06,1762,0.019725,2.540453e-06,0.039450,2.676053e-06,2.226471e-01,210,1,0,1,1,0,
004_sugar_box,s0_complete_hgate_004_sugar_box_t6,complete_only,27,0.977617,0.028926,7.959262e-06,2.575416e-05,816,0.019284,8.853668e-06,0.038568,8.112070e-06,3.175715e-01,238,1,0,1,1,0,
004_sugar_box,s0_complete_hgate_004_sugar_box_t7,complete_only,954,0.883624,0.030728,5.703035e-05,1.854456e-04,185,0.020486,6.816326e-05,0.040971,1.256632e-05,1.101940e-01,13,1,0,1,1,0,
004_sugar_box,s0_complete_hgate_004_sugar_box_t8,complete_only,369,0.838243,0.031378,1.824857e-05,1.089725e-05,1017,0.020919,1.203193e-05,0.041837,2.805467e-05,1.414300e-02,198,1,0,1,1,0,
004_sugar_box,s0_complete_hgate_004_sugar_box_t9,complete_only,175,0.968950,0.028965,8.062408e-06,2.318143e-05,894,0.019310,1.238440e-05,0.038619,7.237175e-06,2.553856e-01,318,1,0,1,1,0,
004_sugar_box,s0_complete_hgate_004_sugar_box_t10,complete_only,425,0.939003,0.029917,8.376830e-06,4.568288e-05,1507,0.019945,7.750394e-06,0.039889,9.298744e-06,2.205436e-01,180,1,0,1,1,1,
004_sugar_box,s0_complete_hgate_004_sugar_box_t11,complete_only,887,0.920714,0.029889,4.301105e-06,2.294420e-05,1462,0.019926,3.474415e-06,0.039852,5.353038e-06,2.477832e-01,233,1,0,1,1,1,
004_sugar_box,s0_complete_hgate_004_sugar_box_t12,complete_only,71,0.959173,0.029273,3.677535e-05,1.266436e-04,734,0.019515,5.146069e-05,0.039031,2.515416e-05,3.423543e-01,206,1,0,1,1,0,
004_sugar_box,s0_complete_hgate_004_sugar_box_t13,complete_only,1,0.939587,0.029087,9.283104e-06,2.365992e-05,869,0.019391,1.149908e-05,0.038783,7.797810e-06,4.285020e-01,223,1,0,1,1,1,
004_sugar_box,s0_complete_hgate_004_sugar_box_t14,complete_only,1201,0.872838,0.030059,4.868596e-06,2.436016e-05,1180,0.020039,3.757449e-06,0.040079,5.320186e-06,3.447048e-01,291,1,0,1,1,0,
004_sugar_box,s0_complete_hgate_004_sugar_box_t15,complete_only,1558,0.657170,0.023122,9.843160e-07,2.095316e-06,1343,0.015415,9.711422e-07,0.030830,1.058262e-06,5.386365e-01,1018,1,0,1,1,0,
004_sugar_box,s0_complete_hgate_004_sugar_box_t16,complete_only,255,0.967219,0.029032,8.792753e-06,5.244397e-05,796,0.019355,8.304455e-06,0.038709,8.429529e-06,2.948317e-01,252,1,0,1,1,0,
004_sugar_box,s0_complete_hgate_004_sugar_box_t17,complete_only,305,0.919902,0.031547,1.641657e-06,3.223012e-06,1115,0.021031,1.298393e-06,0.042062,1.932140e-06,1.083238e-01,138,1,0,1,1,1,
004_sugar_box,s0_complete_hgate_004_sugar_box_t18,complete_only,46,0.965860,0.031056,2.438931e-06,3.743883e-06,1415,0.020704,1.400125e-06,0.041409,8.524303e-06,2.623882e-02,87,1,0,1,1,1,
004_sugar_box,s0_complete_hgate_004_sugar_box_t19,complete_only,423,0.889801,0.027583,3.894999e-05,1.840555e-04,1528,0.018388,9.863374e-05,0.036777,2.021413e-05,2.918205e-01,283,1,0,1,1,0,
004_sugar_box,s0_complete_hgate_004_sugar_box_t20,complete_only,64,0.973719,0.028963,6.850860e-06,1.750273e-05,792,0.019309,8.002082e-06,0.038618,6.324123e-06,2.260272e-01,212,1,0,1,1,0,
004_sugar_box,s0_complete_hgate_004_sugar_box_t21,complete_only,228,0.908277,0.030964,5.586543e-06,1.095981e-05,888,0.020642,7.258533e-06,0.041285,4.956553e-06,7.437596e-02,68,1,0,1,1,0,
004_sugar_box,s0_complete_hgate_004_sugar_box_t22,complete_only,4,0.941887,0.028897,4.408494e-06,7.705930e-06,953,0.019264,5.253918e-06,0.038529,3.519606e-06,2.809347e-01,283,1,0,1,1,1,
004_sugar_box,s0_complete_hgate_004_sugar_box_t23,complete_only,393,0.936310,0.029866,1.624176e-06,4.340107e-06,1141,0.019911,2.015773e-06,0.039821,1.950655e-06,0.000000e+00,81,1,0,1,1,0,
004_sugar_box,s0_complete_hgate_004_sugar_box_t24,complete_only,125,0.909218,0.030539,6.507521e-06,1.632372e-05,384,0.020359,7.570356e-06,0.040719,6.241756e-06,3.884361e-02,34,1,0,1,1,0,
004_sugar_box,s0_complete_hgate_004_sugar_box_t25,complete_only,1276,0.822671,0.029807,5.156686e-07,7.854912e-07,6167,0.019871,4.939076e-07,0.039743,4.996169e-07,1.362873e+00,2095,1,0,1,1,0,
004_sugar_box,s0_complete_hgate_004_sugar_box_t26,complete_only,498,0.924565,0.030154,5.417006e-06,2.050863e-05,1590,0.020103,5.303247e-06,0.040206,5.819676e-06,3.153523e-01,238,1,0,1,1,1,
004_sugar_box,s0_complete_hgate_004_sugar_box_t27,complete_only,460,0.928382,0.029707,5.151619e-06,2.342571e-05,1444,0.019805,4.570708e-06,0.039609,5.377566e-06,2.362510e-01,213,1,0,1,1,1,
004_sugar_box,s0_complete_hgate_004_sugar_box_t28,complete_only,12,0.935768,0.028367,5.442705e-05,1.487200e-04,566,0.018911,6.444368e-05,0.037823,3.324855e-05,2.390389e-01,143,1,0,1,1,0,
004_sugar_box,s0_complete_hgate_004_sugar_box_t29,complete_only,1888,0.232876,0.028256,7.240469e-07,1.285336e-06,2320,0.018837,7.433379e-07,0.037674,7.186876e-07,1.063447e+00,1466,1,0,1,1,0,
004_sugar_box,s0_complete_hgate_004_sugar_box_t30,complete_only,669,0.947621,0.028385,2.012705e-06,4.390714e-06,1961,0.018923,1.908685e-06,0.037846,2.138034e-06,4.288941e-01,400,1,0,1,1,0,
004_sugar_box,s0_complete_hgate_004_sugar_box_t31,complete_only,740,0.867372,0.027383,3.366195e-05,2.067094e-04,1662,0.018255,1.552298e-04,0.036511,1.746098e-05,1.379622e-01,237,1,0,1,1,0,
004_sugar_box,s0_complete_hgate_004_sugar_box_t32,complete_only,383,0.955267,0.028833,2.354567e-06,8.658490e-06,1257,0.019222,1.971971e-06,0.038444,2.951648e-06,2.558909e-01,278,1,0,1,1,0,
004_sugar_box,s0_complete_hgate_004_sugar_box_t33,complete_only,124,0.886858,0.025304,1.475154e-05,8.220312e-05,597,0.016869,2.439416e-05,0.033738,1.648986e-05,7.414148e-01,624,1,0,1,1,0,
004_sugar_box,s0_complete_hgate_004_sugar_box_t34,complete_only,608,0.948083,0.028069,8.712689e-07,2.520689e-06,626,0.018713,6.325366e-07,0.037426,9.838268e-07,5.866137e-02,142,1,0,1,1,1,
004_sugar_box,s0_complete_hgate_004_sugar_box_t35,complete_only,0,0.963085,0.029208,5.679862e-06,1.288498e-05,812,0.019472,6.409272e-06,0.038944,4.724471e-06,3.658918e-01,252,1,0,1,1,0,
004_sugar_box,s0_complete_hgate_004_sugar_box_t36,complete_only,573,0.910128,0.027272,5.733034e-06,2.775853e-05,1396,0.018181,3.182952e-05,0.036362,4.275505e-06,6.101654e-02,174,1,0,1,1,0,
004_sugar_box,s0_complete_hgate_004_sugar_box_t37,complete_only,310,0.934980,0.031093,1.760390e-05,8.294670e-05,768,0.020729,2.751232e-05,0.041457,1.327858e-05,1.088916e-01,107,1,0,1,1,0,
004_sugar_box,s0_complete_hgate_004_sugar_box_t38,complete_only,1377,0.861452,0.028196,7.092335e-07,1.357465e-06,1388,0.018798,7.428234e-07,0.037595,7.389587e-07,7.090997e-02,200,1,0,1,1,1,
004_sugar_box,s0_complete_hgate_004_sugar_box_t39,complete_only,500,0.905544,0.024356,9.227270e-05,2.715578e-04,948,0.016237,1.212513e-04,0.032474,4.842935e-05,2.674175e-01,201,1,0,1,1,0,
004_sugar_box,s0_complete_hgate_004_sugar_box_t40,complete_only,98,0.972868,0.030173,2.717740e-04,5.090923e-04,512,0.020116,6.459016e-04,0.040231,2.892202e-05,5.446910e-01,208,1,0,1,1,0,
004_sugar_box,s0_complete_hgate_004_sugar_box_t41,complete_only,0,0.932400,0.029184,7.316238e-06,1.738626e-05,787,0.019456,7.929942e-06,0.038912,6.403263e-06,3.789466e-01,224,1,0,1,1,0,
004_sugar_box,s0_complete_hgate_004_sugar_box_t42,complete_only,424,0.824299,0.031342,1.948015e-05,1.381574e-04,911,0.020895,2.619736e-05,0.041790,4.835848e-05,1.886274e-01,338,1,0,1,1,0,
004_sugar_box,s0_complete_hgate_004_sugar_box_t43,complete_only,17,0.903577,0.029397,1.071388e-05,5.240257e-05,959,0.019598,1.651369e-05,0.039196,9.830085e-06,3.813728e-01,200,1,0,1,1,0,
004_sugar_box,s0_complete_hgate_004_sugar_box_t44,complete_only,381,0.947504,0.029222,5.428882e-06,3.014923e-05,891,0.019481,7.397511e-06,0.038962,4.558595e-06,1.095625e-01,101,1,0,1,1,0,
004_sugar_box,s0_complete_hgate_004_sugar_box_t45,complete_only,1322,0.817505,0.029342,2.013520e-07,5.301755e-07,1215,0.019561,9.302334e-08,0.039123,2.369694e-07,0.000000e+00,227,1,0,1,1,0,
004_sugar_box,s0_complete_hgate_004_sugar_box_t46,complete_only,104,0.911239,0.030223,5.872762e-06,1.498481e-05,564,0.020148,6.999695e-06,0.040297,5.889421e-06,7.152939e-02,56,1,0,1,1,0,
004_sugar_box,s0_complete_hgate_004_sugar_box_t47,complete_only,1054,0.911607,0.027571,1.019284e-06,2.721034e-06,1256,0.018380,1.869558e-07,0.036761,1.785832e-06,0.000000e+00,237,1,0,1,1,0,
004_sugar_box,s0_complete_hgate_004_sugar_box_t48,complete_only,218,0.964742,0.029459,4.167551e-06,1.793890e-05,1243,0.019639,5.437420e-06,0.039279,3.818058e-06,1.663849e-01,127,1,0,1,1,0,
004_sugar_box,s0_complete_hgate_004_sugar_box_t49,complete_only,0,0.916878,0.028675,1.224532e-05,4.381807e-05,883,0.019117,1.217493e-05,0.038233,1.174142e-05,5.046670e-01,247,1,0,1,1,0,
