object,trial,arm,grasp_id,confidence,patch_radius,patch_epi_mean,patch_epi_p95,patch_n,sens_lo_radius,patch_epi_mean_sens_lo,sens_hi_radius,patch_epi_mean_sens_hi,duarte_sigma_sum,duarte_box_n,geometry_gate_pass,uq_rejected,chosen,executed,lift_success
001_chips_can,s0_partial_only_001_chips_can_t0,partial_only,46,0.897643,,,,,,,,,,,1,0,1,1,0
001_chips_can,s0_partial_only_001_chips_can_t1,partial_only,193,0.805283,,,,,,,,,,,1,0,1,1,0
001_chips_can,s0_partial_only_001_chips_can_t2,partial_only,27,0.869755,,,,,,,,,,,1,0,1,1,0
001_chips_can,s0_partial_only_001_chips_can_t3,partial_only,168,0.836005,,,,,,,,,,,1,0,1,1,0
001_chips_can,s0_partial_only_001_chips_can_t4,partial_only,22,0.894897,,,,,,,,,,,1,0,1,1,0
001_chips_can,s0_partial_only_001_chips_can_t5,partial_only,72,0.846066,,,,,,,,,,,1,0,1,1,0
001_chips_can,s0_partial_only_001_chips_can_t6,partial_only,134,0.835799,,,,,,,,,,,1,0,1,1,0
001_chips_can,s0_partial_only_001_chips_can_t7,partial_only,438,0.719267,,,,,,,,,,,1,0,1,1,0
001_chips_can,s0_partial_only_001_chips_can_t8,partial_only,136,0.835173,,,,,,,,,,,1,0,1,1,0
001_chips_can,s0_partial_only_001_chips_can_t9,partial_only,106,0.885879,,,,,,,,,,,1,0,1,1,0
011_banana,s0_partial_only_011_banana_t0,partial_only,0,0.985891,,,,,,,,,,,0,0,1,1,
011_banana,s0_partial_only_011_banana_t1,partial_only,0,0.986141,,,,,,,,,,,0,0,1,1,
011_banana,s0_partial_only_011_banana_t2,partial_only,909,0.335307,,,,,,,,,,,1,0,1,1,0
011_banana,s0_partial_only_011_banana_t3,partial_only,0,0.981664,,,,,,,,,,,0,0,1,1,
011_banana,s0_partial_only_011_banana_t4,partial_only,0,0.974013,,,,,,,,,,,0,0,1,1,
011_banana,s0_partial_only_011_banana_t5,partial_only,900,0.351517,,,,,,,,,,,1,0,1,1,0
011_banana,s0_partial_only_011_banana_t6,partial_only,953,0.167104,,,,,,,,,,,1,0,1,1,0
011_banana,s0_partial_only_011_banana_t7,partial_only,0,0.977596,,,,,,,,,,,0,0,1,1,
011_banana,s0_partial_only_011_banana_t8,partial_only,800,0.607597,,,,,,,,,,,1,0,1,1,0
011_banana,s0_partial_only_011_banana_t9,partial_only,423,0.906111,,,,,,,,,,,1,0,1,1,0
025_mug,s0_complete_only_025_mug_t0,complete_only,1,0.943272,0.020684,1.718390e-06,3.987455e-06,1056,0.013789,1.771267e-06,0.027579,1.813113e-06,4.686176e-01,454,1,0,1,1,0
025_mug,s0_complete_only_025_mug_t1,complete_only,3,0.931613,0.020981,3.470772e-06,1.099564e-05,905,0.013988,3.776913e-06,0.027975,3.299293e-06,5.142223e-01,492,1,0,1,1,0
025_mug,s0_complete_only_025_mug_t2,complete_only,0,0.937094,0.020176,2.529155e-06,5.063542e-06,425,0.013451,2.293212e-06,0.026901,2.986556e-06,6.308875e-01,349,1,0,1,1,0
025_mug,s0_complete_only_025_mug_t3,complete_only,2,0.926668,0.021421,1.328743e-05,5.617870e-05,592,0.014281,9.580748e-06,0.028562,1.633061e-05,6.224904e-01,464,1,0,1,1,0
025_mug,s0_complete_only_025_mug_t4,complete_only,0,0.945631,0.020141,1.309055e-05,5.811774e-05,644,0.013428,2.061014e-05,0.026855,1.511784e-05,8.202220e-01,669,1,0,1,1,0
025_mug,s0_complete_only_025_mug_t5,complete_only,0,0.922632,0.020262,1.213639e-06,2.036968e-06,686,0.013508,1.324464e-06,0.027016,1.197331e-06,4.664967e-01,559,1,0,1,1,0
025_mug,s0_complete_only_025_mug_t6,complete_only,0,0.944888,0.020919,1.704149e-06,3.082391e-06,959,0.013946,1.725746e-06,0.027893,1.712679e-06,7.582905e-01,804,1,0,1,1,0
025_mug,s0_complete_only_025_mug_t7,complete_only,376,0.632578,0.020496,1.876275e-05,4.977819e-05,246,0.013664,2.515207e-05,0.027328,1.634158e-05,1.471985e-01,90,1,0,1,1,0
025_mug,s0_complete_only_025_mug_t8,complete_only,375,0.482768,0.020409,2.278795e-06,6.208844e-06,280,0.013606,2.285192e-06,0.027212,2.375288e-06,1.008825e-01,145,1,0,1,1,0
025_mug,s0_complete_only_025_mug_t9,complete_only,0,0.958121,0.020691,1.366216e-06,2.657225e-06,900,0.013794,1.260641e-06,0.027588,1.475245e-06,6.394332e-01,731,1,0,1,1,0
006_mustard_bottle,s0_complete_epi_006_mustard_bottle_t0,complete_epi,28,0.863065,0.032858,4.450444e-06,1.982337e-05,1151,0.021906,6.993150e-06,0.043811,4.191732e-06,1.396324e-02,111,1,0,1,1,1
006_mustard_bottle,s0_complete_epi_006_mustard_bottle_t1,complete_epi,1,0.913557,0.031930,6.147513e-06,2.369005e-05,1839,0.021287,1.148280e-05,0.042574,5.997347e-06,0.000000e+00,183,1,0,1,1,1
006_mustard_bottle,s0_complete_epi_006_mustard_bottle_t2,complete_epi,12,0.877569,0.032586,3.195985e-06,1.823095e-05,1391,0.021724,1.979473e-06,0.043448,4.619289e-06,4.571059e-03,155,1,0,1,1,1
006_mustard_bottle,s0_complete_epi_006_mustard_bottle_t4,complete_epi,1,0.856366,0.031902,4.604878e-06,2.144441e-05,1248,0.021268,2.158022e-06,0.042536,5.746041e-06,5.012036e-03,142,1,0,1,1,1
006_mustard_bottle,s0_complete_epi_006_mustard_bottle_t5,complete_epi,78,0.933446,0.022129,6.455575e-05,2.529870e-04,980,0.014753,6.843365e-05,0.029505,4.923170e-05,4.497529e+00,397,1,0,1,1,0
006_mustard_bottle,s0_complete_epi_006_mustard_bottle_t6,complete_epi,221,0.771862,0.032699,5.077243e-06,1.260829e-05,2579,0.021799,3.701350e-06,0.043598,7.028858e-06,4.631221e-01,453,1,0,1,1,1
006_mustard_bottle,s0_complete_epi_006_mustard_bottle_t8,complete_epi,10,0.908859,0.031877,2.807367e-06,9.623872e-06,1832,0.021251,2.385627e-06,0.042502,2.928821e-06,8.884191e-02,173,1,0,1,1,1
006_mustard_bottle,s0_complete_epi_006_mustard_bottle_t9,complete_epi,416,0.739099,0.029928,1.914988e-06,1.451560e-05,2126,0.019952,2.025704e-06,0.039904,2.293588e-06,0.000000e+00,445,1,0,1,1,1
001_chips_can,s0_epi_score_001_chips_can_t0,epi_score,321,0.690482,0.058928,5.678382e-05,2.060452e-04,2705,0.039286,5.048646e-05,0.078571,8.475085e-05,5.721706e-01,338,1,0,1,1,0
001_chips_can,s0_epi_score_001_chips_can_t1,epi_score,91,0.842485,0.039787,8.868842e-07,4.929562e-06,782,0.026525,3.907084e-07,0.053049,1.175991e-06,0.000000e+00,79,1,0,1,1,0
001_chips_can,s0_epi_score_001_chips_can_t2,epi_score,95,0.833637,0.040552,1.532612e-06,6.432490e-06,714,0.027035,1.374942e-06,0.054069,1.578213e-06,3.255368e-02,165,1,0,1,1,0
001_chips_can,s0_epi_score_001_chips_can_t3,epi_score,90,0.818881,0.040585,1.032607e-06,5.412305e-06,767,0.027057,7.567026e-07,0.054113,1.336106e-06,9.628238e-03,157,1,0,1,1,0
001_chips_can,s0_epi_score_001_chips_can_t4,epi_score,189,0.657806,0.040119,5.348434e-07,2.949237e-06,947,0.026746,2.073090e-07,0.053492,8.797704e-07,0.000000e+00,59,1,0,1,1,0
001_chips_can,s0_epi_score_001_chips_can_t5,epi_score,606,0.485476,0.040563,5.596268e-07,3.710600e-06,828,0.027042,3.981897e-07,0.054084,9.956429e-07,7.851824e-03,162,1,0,1,1,0
001_chips_can,s0_epi_score_001_chips_can_t6,epi_score,191,0.757838,0.042958,1.176066e-05,5.872095e-05,969,0.028639,5.404029e-06,0.057278,1.563580e-05,1.427028e-01,224,1,0,1,1,0
001_chips_can,s0_epi_score_001_chips_can_t7,epi_score,302,0.597849,0.040237,5.680216e-07,2.732989e-06,931,0.026824,1.147536e-07,0.053649,9.589025e-07,1.629527e-03,285,1,0,1,1,0
001_chips_can,s0_epi_score_001_chips_can_t8,epi_score,104,0.719787,0.040140,1.096617e-06,4.572229e-06,926,0.026760,7.802213e-07,0.053519,1.376804e-06,0.000000e+00,188,1,0,1,1,0
001_chips_can,s0_epi_score_001_chips_can_t9,epi_score,122,0.832637,0.040121,1.967165e-06,5.469295e-06,810,0.026747,1.940747e-06,0.053495,1.845791e-06,5.098382e-02,147,1,0,1,1,0
011_banana,s0_epi_score_011_banana_t0,epi_score,475,0.827556,0.032608,7.935815e-05,6.164749e-05,2670,0.021739,1.075102e-04,0.043477,9.780057e-05,1.457391e+00,1507,1,0,1,1,0
011_banana,s0_epi_score_011_banana_t1,epi_score,941,0.172182,0.031962,1.216598e-06,2.787525e-06,2853,0.021308,8.430006e-07,0.042616,9.242946e-06,5.751819e-02,129,1,0,1,1,0
011_banana,s0_epi_score_011_banana_t2,epi_score,52,0.948560,0.030921,6.758878e-05,3.075317e-04,2514,0.020614,5.233175e-05,0.041229,7.554402e-05,1.135605e+00,1161,1,0,1,1,0
011_banana,s0_epi_score_011_banana_t3,epi_score,393,0.859480,0.032921,1.848514e-05,9.582368e-05,3318,0.021947,1.573805e-05,0.043895,2.036990e-05,1.373451e+00,1510,1,0,1,1,0
011_banana,s0_epi_score_011_banana_t4,epi_score,447,0.788416,0.030899,9.538418e-06,2.658248e-05,2862,0.020599,5.139695e-06,0.041199,1.575910e-05,1.188356e+00,1068,1,0,1,1,0
011_banana,s0_epi_score_011_banana_t5,epi_score,916,0.397633,0.032115,2.819997e-05,1.706159e-04,3478,0.021410,2.097220e-05,0.042820,5.127716e-05,1.275072e+00,1253,1,0,1,1,0
011_banana,s0_epi_score_011_banana_t6,epi_score,571,0.692565,0.031653,9.110623e-06,6.151372e-06,2632,0.021102,4.998681e-06,0.042204,3.462242e-05,3.144049e-01,535,1,0,1,1,0
011_banana,s0_epi_score_011_banana_t7,epi_score,962,0.117854,0.031356,3.272596e-06,6.365627e-06,2847,0.020904,1.750685e-06,0.041808,1.059848e-05,4.759079e-01,616,1,0,1,1,0
011_banana,s0_epi_score_011_banana_t8,epi_score,931,0.257961,0.031453,9.647561e-06,5.141062e-05,2780,0.020969,6.469223e-06,0.041937,1.503922e-05,4.930111e-01,513,1,0,1,1,0
011_banana,s0_epi_score_011_banana_t9,epi_score,293,0.848531,0.031296,1.426599e-05,3.764136e-05,2933,0.020864,2.156005e-05,0.041728,2.717008e-05,2.912598e-01,502,1,0,1,1,0
025_mug,s0_patch_only_025_mug_t0,patch_only,22,0.911790,0.020684,1.178222e-06,2.258917e-06,739,0.013789,1.295359e-06,0.027579,1.587290e-06,5.743630e-01,622,1,0,1,1,0
025_mug,s0_patch_only_025_mug_t1,patch_only,150,0.822299,0.020974,1.224462e-06,2.082144e-06,987,0.013983,1.152761e-06,0.027965,1.259398e-06,6.821684e-01,775,1,0,1,1,0
025_mug,s0_patch_only_025_mug_t2,patch_only,158,0.866279,0.020186,9.469344e-07,1.836699e-06,851,0.013457,1.037040e-06,0.026915,1.203757e-06,5.205302e-02,106,1,0,1,1,0
025_mug,s0_patch_only_025_mug_t3,patch_only,82,0.887785,0.021450,1.286879e-06,2.368793e-06,656,0.014300,1.395330e-06,0.028600,1.373499e-06,7.599161e-01,785,1,0,1,1,0
025_mug,s0_patch_only_025_mug_t4,patch_only,4,0.948866,0.020183,9.502077e-07,1.991102e-06,547,0.013455,1.057775e-06,0.026911,1.256252e-06,6.416532e-01,752,1,0,1,1,0
025_mug,s0_patch_only_025_mug_t5,patch_only,382,0.744628,0.020255,1.084938e-06,2.251864e-06,650,0.013503,1.083307e-06,0.027006,1.097887e-06,1.180235e-01,157,1,0,1,1,0
025_mug,s0_patch_only_025_mug_t6,patch_only,83,0.902902,0.020912,1.249432e-06,3.107689e-06,707,0.013942,1.171411e-06,0.027883,1.376709e-06,4.491525e-01,522,1,0,1,1,0
025_mug,s0_patch_only_025_mug_t7,patch_only,291,0.663026,0.020493,9.693442e-06,3.135935e-05,261,0.013662,1.238323e-05,0.027324,9.316990e-06,9.196372e-02,67,1,0,1,1,0
025_mug,s0_patch_only_025_mug_t8,patch_only,345,0.468376,0.020403,1.459073e-06,2.994913e-06,227,0.013602,8.830886e-07,0.027205,1.226476e-06,0.000000e+00,51,1,0,1,1,0
025_mug,s0_patch_only_025_mug_t9,patch_only,562,0.652821,0.020640,1.091783e-06,2.208643e-06,573,0.013760,1.137278e-06,0.027519,1.206373e-06,1.272654e-01,144,1,0,1,1,0
006_mustard_bottle,s0_duarte_mcd_006_mustard_bottle_t0,duarte_mcd,105,0.859398,,,,,,,,,1.115884e-02,158,1,0,1,1,1
006_mustard_bottle,s0_duarte_mcd_006_mustard_bottle_t1,duarte_mcd,10,0.932820,,,,,,,,,1.717928e-02,183,1,0,1,1,1
006_mustard_bottle,s0_duarte_mcd_006_mustard_bottle_t3,duarte_mcd,3,0.943808,,,,,,,,,0.000000e+00,147,1,0,1,1,1
006_mustard_bottle,s0_duarte_mcd_006_mustard_bottle_t4,duarte_mcd,150,0.688280,,,,,,,,,0.000000e+00,158,1,0,1,1,1
006_mustard_bottle,s0_duarte_mcd_006_mustard_bottle_t5,duarte_mcd,110,0.859233,,,,,,,,,0.000000e+00,70,1,0,1,1,1
006_mustard_bottle,s0_duarte_mcd_006_mustard_bottle_t6,duarte_mcd,247,0.784088,,,,,,,,,0.000000e+00,71,1,0,1,1,0
006_mustard_bottle,s0_duarte_mcd_006_mustard_bottle_t7,duarte_mcd,220,0.893002,,,,,,,,,2.905452e-03,313,1,0,1,1,1
006_mustard_bottle,s0_duarte_mcd_006_mustard_bottle_t9,duarte_mcd,207,0.809915,,,,,,,,,3.103245e-01,468,1,0,1,1,0
001_chips_can,s1_partial_only_001_chips_can_t0,partial_only,11,0.908889,,,,,,,,,,,1,0,1,1,0
001_chips_can,s1_partial_only_001_chips_can_t1,partial_only,27,0.897685,,,,,,,,,,,1,0,1,1,0
001_chips_can,s1_partial_only_001_chips_can_t2,partial_only,80,0.865541,,,,,,,,,,,1,0,1,1,0
001_chips_can,s1_partial_only_001_chips_can_t3,partial_only,234,0.799326,,,,,,,,,,,1,0,1,1,0
001_chips_can,s1_partial_only_001_chips_can_t4,partial_only,2,0.953921,,,,,,,,,,,1,0,1,1,0
001_chips_can,s1_partial_only_001_chips_can_t5,partial_only,29,0.892749,,,,,,,,,,,1,0,1,1,0
001_chips_can,s1_partial_only_001_chips_can_t6,partial_only,193,0.857198,,,,,,,,,,,1,0,1,1,0
001_chips_can,s1_partial_only_001_chips_can_t7,partial_only,91,0.844044,,,,,,,,,,,1,0,1,1,0
001_chips_can,s1_partial_only_001_chips_can_t8,partial_only,42,0.863464,,,,,,,,,,,1,0,1,1,0
001_chips_can,s1_partial_only_001_chips_can_t9,partial_only,155,0.834652,,,,,,,,,,,1,0,1,1,1
011_banana,s1_partial_only_011_banana_t0,partial_only,928,0.204014,,,,,,,,,,,1,0,1,1,0
011_banana,s1_partial_only_011_banana_t1,partial_only,976,0.050716,,,,,,,,,,,1,0,1,1,0
011_banana,s1_partial_only_011_banana_t2,partial_only,888,0.411872,,,,,,,,,,,1,0,1,1,0
011_banana,s1_partial_only_011_banana_t3,partial_only,935,0.155331,,,,,,,,,,,1,0,1,1,0
011_banana,s1_partial_only_011_banana_t4,partial_only,950,0.167143,,,,,,,,,,,1,0,1,1,0
011_banana,s1_partial_only_011_banana_t5,partial_only,966,0.087070,,,,,,,,,,,1,0,1,1,0
011_banana,s1_partial_only_011_banana_t6,partial_only,965,0.055694,,,,,,,,,,,1,0,1,1,0
011_banana,s1_partial_only_011_banana_t7,partial_only,386,0.896789,,,,,,,,,,,1,0,1,1,0
011_banana,s1_partial_only_011_banana_t8,partial_only,0,0.978682,,,,,,,,,,,0,0,1,1,
011_banana,s1_partial_only_011_banana_t9,partial_only,761,0.731087,,,,,,,,,,,1,0,1,1,0
025_mug,s1_complete_only_025_mug_t0,complete_only,0,0.939771,0.019955,3.656812e-06,1.099616e-05,359,0.013303,2.609513e-06,0.026607,3.011112e-06,5.104515e-01,528,1,0,1,1,0
025_mug,s1_complete_only_025_mug_t1,complete_only,0,0.948531,0.020060,2.803342e-06,6.277681e-06,751,0.013373,2.384022e-06,0.026746,2.965245e-06,3.519165e-01,266,1,0,1,1,0
025_mug,s1_complete_only_025_mug_t2,complete_only,0,0.946207,0.022358,1.237292e-06,2.164418e-06,846,0.014905,1.342267e-06,0.029810,1.251571e-06,3.667619e-01,438,1,0,1,1,0
025_mug,s1_complete_only_025_mug_t3,complete_only,0,0.913949,0.020288,2.149719e-06,4.614134e-06,395,0.013525,1.772317e-06,0.027051,2.226046e-06,1.353712e-01,188,1,0,1,1,0
025_mug,s1_complete_only_025_mug_t4,complete_only,0,0.940027,0.022134,3.055343e-05,2.134262e-04,694,0.014756,2.788164e-05,0.029512,3.387222e-05,9.645376e-01,474,1,0,1,1,0
025_mug,s1_complete_only_025_mug_t5,complete_only,0,0.880455,0.020327,2.733586e-06,1.209193e-05,629,0.013551,2.147773e-06,0.027103,2.613220e-06,5.012632e-01,436,1,0,1,1,0
025_mug,s1_complete_only_025_mug_t6,complete_only,0,0.857622,0.020179,1.430852e-06,2.329572e-06,1193,0.013453,1.485930e-06,0.026906,1.430811e-06,4.362482e-01,515,1,0,1,1,0
025_mug,s1_complete_only_025_mug_t7,complete_only,1,0.931845,0.020316,1.934471e-06,3.897694e-06,1205,0.013544,2.141179e-06,0.027088,1.995062e-06,8.343832e-01,499,1,0,1,1,0
025_mug,s1_complete_only_025_mug_t8,complete_only,0,0.938800,0.024641,1.212462e-06,2.341218e-06,917,0.016428,1.157524e-06,0.032855,1.516103e-06,3.381610e-01,474,1,0,1,1,0
025_mug,s1_complete_only_025_mug_t9,complete_only,0,0.954504,0.020903,3.592145e-06,9.350216e-06,891,0.013935,4.071352e-06,0.027871,3.624365e-06,8.730890e-01,846,1,0,1,1,0
006_mustard_bottle,s1_complete_epi_006_mustard_bottle_t0,complete_epi,0,0.858305,0.031806,2.651262e-06,1.514149e-05,1199,0.021204,1.386821e-06,0.042408,4.298525e-06,3.933722e-03,166,1,0,1,1,1
006_mustard_bottle,s1_complete_epi_006_mustard_bottle_t1,complete_epi,313,0.740743,0.041722,1.704740e-05,4.123539e-05,1893,0.027814,2.387098e-05,0.055629,1.220994e-05,3.202240e-01,148,1,0,1,1,0
006_mustard_bottle,s1_complete_epi_006_mustard_bottle_t2,complete_epi,8,0.944807,0.030810,5.325612e-06,2.751472e-05,858,0.020540,2.692571e-06,0.041079,5.825130e-06,0.000000e+00,117,1,0,1,1,1
006_mustard_bottle,s1_complete_epi_006_mustard_bottle_t3,complete_epi,0,0.913377,0.031968,2.935205e-06,9.367793e-06,1798,0.021312,2.437367e-06,0.042624,3.418020e-06,4.552925e-01,570,1,0,1,1,0
006_mustard_bottle,s1_complete_epi_006_mustard_bottle_t4,complete_epi,194,0.738909,0.032133,2.380788e-06,5.803931e-06,2001,0.021422,1.695220e-06,0.042843,2.804458e-06,2.403757e-02,197,1,0,1,1,1
006_mustard_bottle,s1_complete_epi_006_mustard_bottle_t5,complete_epi,101,0.840461,0.032392,2.140305e-06,1.533599e-05,893,0.021595,8.216238e-07,0.043189,3.590291e-06,0.000000e+00,85,1,0,1,1,1
006_mustard_bottle,s1_complete_epi_006_mustard_bottle_t7,complete_epi,131,0.754865,0.032465,3.147668e-06,1.416819e-05,1582,0.021643,2.211847e-06,0.043287,3.449552e-06,6.931880e-02,104,1,0,1,1,1
006_mustard_bottle,s1_complete_epi_006_mustard_bottle_t8,complete_epi,172,0.847729,0.037301,4.435174e-06,8.378262e-06,2540,0.024868,5.661094e-06,0.049735,3.721649e-06,4.073575e-01,451,1,0,1,1,1
006_mustard_bottle,s1_complete_epi_006_mustard_bottle_t9,complete_epi,117,0.789135,0.032638,7.865315e-06,2.609363e-05,3045,0.021759,5.790195e-06,0.043517,1.055183e-05,6.273918e-01,485,1,0,1,1,0
001_chips_can,s1_epi_score_001_chips_can_t0,epi_score,423,0.564156,0.040029,7.494671e-07,5.373868e-06,780,0.026686,4.511956e-07,0.053372,1.217333e-06,0.000000e+00,163,1,0,1,1,1
001_chips_can,s1_epi_score_001_chips_can_t1,epi_score,348,0.900510,0.018053,3.272697e-06,1.221021e-05,1713,0.012035,2.499993e-06,0.024071,3.500962e-06,9.160968e-01,824,1,0,1,1,0
001_chips_can,s1_epi_score_001_chips_can_t2,epi_score,500,0.500636,0.040075,5.285839e-07,4.044375e-06,842,0.026717,0.000000e+00,0.053433,1.053697e-06,6.759287e-03,162,1,0,1,1,0
001_chips_can,s1_epi_score_001_chips_can_t3,epi_score,89,0.864158,0.039744,1.056827e-06,5.724784e-06,695,0.026496,8.155153e-07,0.052992,1.321533e-06,2.058831e-02,141,1,0,1,1,0
001_chips_can,s1_epi_score_001_chips_can_t4,epi_score,149,0.713326,0.040565,8.556711e-07,5.039623e-06,755,0.027043,3.506033e-07,0.054086,1.192377e-06,0.000000e+00,157,1,0,1,1,0
001_chips_can,s1_epi_score_001_chips_can_t5,epi_score,295,0.600271,0.040224,2.935465e-07,2.743495e-06,1051,0.026816,0.000000e+00,0.053632,1.007104e-06,0.000000e+00,35,1,0,1,1,0
001_chips_can,s1_epi_score_001_chips_can_t6,epi_score,88,0.818760,0.039950,4.324483e-07,3.259144e-06,820,0.026633,1.073531e-07,0.053267,8.737531e-07,0.000000e+00,119,1,0,1,1,1
001_chips_can,s1_epi_score_001_chips_can_t7,epi_score,0,0.851189,0.509553,1.502721e-02,3.993686e-02,3300,0.339702,8.654721e-03,0.679405,2.456265e-02,2.382721e+00,121,0,0,1,1,
001_chips_can,s1_epi_score_001_chips_can_t8,epi_score,71,0.766721,0.040177,6.342521e-07,4.933682e-06,840,0.026785,8.514224e-08,0.053570,1.111153e-06,2.912349e-02,201,1,0,1,1,0
001_chips_can,s1_epi_score_001_chips_can_t9,epi_score,681,0.508693,0.057770,1.283613e-05,3.295311e-05,2984,0.038513,7.920007e-06,0.077026,2.590968e-05,4.963531e-01,394,1,0,1,1,0
011_banana,s1_epi_score_011_banana_t0,epi_score,944,0.150050,0.032232,1.188206e-05,4.393780e-05,2389,0.021488,6.894391e-06,0.042976,1.477334e-05,8.933725e-01,764,1,0,1,1,0
011_banana,s1_epi_score_011_banana_t1,epi_score,719,0.702700,0.031788,8.665456e-06,4.856878e-05,2402,0.021192,5.135574e-06,0.042385,1.729980e-05,1.536888e+00,1270,1,0,1,1,0
011_banana,s1_epi_score_011_banana_t2,epi_score,27,0.932149,0.031785,3.064697e-06,2.055959e-05,1584,0.021190,3.541831e-06,0.042380,5.091500e-06,4.612111e-01,703,1,0,1,1,0
011_banana,s1_epi_score_011_banana_t3,epi_score,579,0.735871,0.031663,4.663312e-05,2.630690e-04,3009,0.021109,4.263615e-05,0.042218,5.941900e-05,2.063666e+00,958,1,0,1,1,0
011_banana,s1_epi_score_011_banana_t4,epi_score,967,0.108357,0.032506,3.579026e-05,5.298799e-05,2953,0.021671,5.360459e-06,0.043341,6.212585e-05,7.186506e-01,605,1,0,1,1,0
011_banana,s1_epi_score_011_banana_t5,epi_score,969,0.088773,0.031660,1.325572e-05,2.225004e-05,3133,0.021106,4.197651e-06,0.042213,3.043984e-05,3.149720e-01,404,1,0,1,1,0
011_banana,s1_epi_score_011_banana_t6,epi_score,709,0.429884,0.032865,1.410942e-05,8.043780e-05,3375,0.021910,1.359412e-05,0.043820,2.421355e-05,2.698564e+00,1616,1,0,1,1,0
011_banana,s1_epi_score_011_banana_t7,epi_score,974,0.045635,0.031251,1.071816e-05,3.818394e-05,3144,0.020834,7.048019e-06,0.041668,1.682416e-05,4.801613e-02,164,1,0,1,1,0
011_banana,s1_epi_score_011_banana_t8,epi_score,704,0.721597,0.031468,4.114275e-06,1.844199e-05,4275,0.020979,1.674186e-06,0.041958,6.907873e-06,1.795766e+00,1999,1,0,1,1,0
011_banana,s1_epi_score_011_banana_t9,epi_score,975,0.079643,0.032122,3.386920e-05,1.121413e-04,2679,0.021415,2.367098e-05,0.042830,6.722942e-05,5.762188e-01,448,1,0,1,1,0
025_mug,s1_patch_only_025_mug_t0,patch_only,295,0.771864,0.019955,1.104931e-06,2.282475e-06,672,0.013303,1.083380e-06,0.026607,1.225180e-06,2.615804e-01,311,1,0,1,1,0
025_mug,s1_patch_only_025_mug_t1,patch_only,86,0.878386,0.020060,1.059598e-06,1.862212e-06,677,0.013374,1.044165e-06,0.026747,1.408332e-06,3.139211e-01,308,1,0,1,1,0
025_mug,s1_patch_only_025_mug_t2,patch_only,193,0.825113,0.022337,1.161545e-06,1.995219e-06,624,0.014891,1.293800e-06,0.029783,1.164453e-06,1.655205e-01,208,1,0,1,1,0
025_mug,s1_patch_only_025_mug_t3,patch_only,61,0.896792,0.020288,1.612234e-07,1.831305e-06,184,0.013526,0.000000e+00,0.027051,4.526713e-07,0.000000e+00,117,1,0,1,1,0
025_mug,s1_patch_only_025_mug_t4,patch_only,76,0.882640,0.022141,1.113647e-06,1.895295e-06,754,0.014761,1.187748e-06,0.029522,1.215708e-06,5.415415e-01,548,1,0,1,1,0
025_mug,s1_patch_only_025_mug_t5,patch_only,682,0.524437,0.020296,1.020209e-06,4.182772e-06,186,0.013531,4.726522e-07,0.027062,1.259403e-06,0.000000e+00,101,1,0,1,1,0
025_mug,s1_patch_only_025_mug_t6,patch_only,66,0.857906,0.020194,4.151649e-07,2.676500e-06,177,0.013463,1.178002e-07,0.026926,5.718936e-07,5.676724e-03,147,1,0,1,1,0
025_mug,s1_patch_only_025_mug_t7,patch_only,147,0.854541,0.020324,9.971772e-07,3.505429e-06,339,0.013549,1.104593e-06,0.027098,1.314013e-06,5.304717e-01,596,1,0,1,1,1
025_mug,s1_patch_only_025_mug_t8,patch_only,117,0.860096,0.020342,1.233117e-06,2.637552e-06,716,0.013562,1.386959e-06,0.027123,1.420329e-06,2.176328e-01,233,1,0,1,1,0
025_mug,s1_patch_only_025_mug_t9,patch_only,378,0.725144,0.020883,1.143973e-06,1.916372e-06,1033,0.013922,1.224113e-06,0.027845,1.206831e-06,7.544128e-01,822,1,0,1,1,0
006_mustard_bottle,s1_duarte_mcd_006_mustard_bottle_t0,duarte_mcd,535,0.677150,,,,,,,,,2.619127e-01,321,1,0,1,1,1
006_mustard_bottle,s1_duarte_mcd_006_mustard_bottle_t2,duarte_mcd,1,0.944393,,,,,,,,,0.000000e+00,114,1,0,1,1,1
006_mustard_bottle,s1_duarte_mcd_006_mustard_bottle_t3,duarte_mcd,140,0.855368,,,,,,,,,2.406384e-02,175,1,0,1,1,1
006_mustard_bottle,s1_duarte_mcd_006_mustard_bottle_t4,duarte_mcd,187,0.803505,,,,,,,,,4.144560e-02,184,1,0,1,1,1
006_mustard_bottle,s1_duarte_mcd_006_mustard_bottle_t6,duarte_mcd,247,0.837895,,,,,,,,,2.574138e-02,240,1,0,1,1,1
006_mustard_bottle,s1_duarte_mcd_006_mustard_bottle_t7,duarte_mcd,185,0.840256,,,,,,,,,0.000000e+00,41,1,0,1,1,0
006_mustard_bottle,s1_duarte_mcd_006_mustard_bottle_t8,duarte_mcd,12,0.933600,,,,,,,,,0.000000e+00,253,1,0,1,1,1
006_mustard_bottle,s1_duarte_mcd_006_mustard_bottle_t9,duarte_mcd,191,0.809328,,,,,,,,,0.000000e+00,107,1,0,1,1,0
001_chips_can,s2_partial_only_001_chips_can_t0,partial_only,86,0.881872,,,,,,,,,,,1,0,1,1,0
001_chips_can,s2_partial_only_001_chips_can_t1,partial_only,44,0.887680,,,,,,,,,,,1,0,1,1,0
001_chips_can,s2_partial_only_001_chips_can_t2,partial_only,98,0.887460,,,,,,,,,,,1,0,1,1,0
001_chips_can,s2_partial_only_001_chips_can_t3,partial_only,81,0.864968,,,,,,,,,,,1,0,1,1,0
001_chips_can,s2_partial_only_001_chips_can_t4,partial_only,73,0.870664,,,,,,,,,,,1,0,1,1,0
001_chips_can,s2_partial_only_001_chips_can_t5,partial_only,153,0.855441,,,,,,,,,,,1,0,1,1,1
001_chips_can,s2_partial_only_001_chips_can_t6,partial_only,94,0.866239,,,,,,,,,,,1,0,1,1,0
001_chips_can,s2_partial_only_001_chips_can_t7,partial_only,175,0.848025,,,,,,,,,,,1,0,1,1,0
001_chips_can,s2_partial_only_001_chips_can_t8,partial_only,68,0.898047,,,,,,,,,,,1,0,1,1,0
001_chips_can,s2_partial_only_001_chips_can_t9,partial_only,74,0.875914,,,,,,,,,,,1,0,1,1,1
011_banana,s2_partial_only_011_banana_t0,partial_only,889,0.465027,,,,,,,,,,,1,0,1,1,0
011_banana,s2_partial_only_011_banana_t1,partial_only,0,0.979475,,,,,,,,,,,0,0,1,1,
011_banana,s2_partial_only_011_banana_t2,partial_only,0,0.986821,,,,,,,,,,,0,0,1,1,
011_banana,s2_partial_only_011_banana_t3,partial_only,679,0.748828,,,,,,,,,,,1,0,1,1,0
011_banana,s2_partial_only_011_banana_t4,partial_only,394,0.920725,,,,,,,,,,,1,0,1,1,0
011_banana,s2_partial_only_011_banana_t5,partial_only,977,0.048589,,,,,,,,,,,1,0,1,1,0
011_banana,s2_partial_only_011_banana_t6,partial_only,954,0.089904,,,,,,,,,,,1,0,1,1,0
011_banana,s2_partial_only_011_banana_t7,partial_only,675,0.785190,,,,,,,,,,,1,0,1,1,0
011_banana,s2_partial_only_011_banana_t8,partial_only,972,0.044153,,,,,,,,,,,1,0,1,1,0
011_banana,s2_partial_only_011_banana_t9,partial_only,967,0.150979,,,,,,,,,,,1,0,1,1,0
025_mug,s2_complete_only_025_mug_t0,complete_only,0,0.938693,0.020731,1.223664e-06,1.987583e-06,578,0.013821,1.271895e-06,0.027641,1.230871e-06,3.436945e-01,445,1,0,1,1,0
025_mug,s2_complete_only_025_mug_t1,complete_only,0,0.951282,0.019891,3.578327e-06,1.227943e-05,541,0.013261,3.204527e-06,0.026521,2.586759e-06,6.087882e-01,614,1,0,1,1,0
025_mug,s2_complete_only_025_mug_t2,complete_only,886,0.324804,0.020364,2.962553e-06,7.171371e-06,355,0.013576,1.757208e-06,0.027152,2.694576e-06,1.316788e-01,124,1,0,1,1,0
025_mug,s2_complete_only_025_mug_t3,complete_only,0,0.941228,0.022031,2.832383e-05,2.071795e-04,687,0.014687,3.521376e-05,0.029374,3.214709e-05,9.660059e-01,422,1,0,1,1,0
025_mug,s2_complete_only_025_mug_t4,complete_only,2,0.939055,0.020710,2.170102e-06,5.130936e-06,757,0.013807,1.904308e-06,0.027614,2.209523e-06,5.087775e-01,555,1,0,1,1,0
025_mug,s2_complete_only_025_mug_t5,complete_only,0,0.965281,0.020736,1.122512e-06,1.874032e-06,817,0.013824,1.228992e-06,0.027648,1.149518e-06,3.762318e-01,487,1,0,1,1,0
025_mug,s2_complete_only_025_mug_t6,complete_only,1,0.917527,0.025293,3.788309e-06,1.747441e-05,1303,0.016862,2.697644e-06,0.033724,5.136514e-06,2.387505e-01,325,1,0,1,1,0
025_mug,s2_complete_only_025_mug_t7,complete_only,0,0.944988,0.021716,1.475306e-06,3.790084e-06,260,0.014477,1.267818e-06,0.028955,1.744283e-06,8.489763e-02,159,1,0,1,1,0
025_mug,s2_complete_only_025_mug_t8,complete_only,0,0.953877,0.020824,1.448359e-06,2.381013e-06,880,0.013883,1.189536e-06,0.027765,1.436014e-06,5.678732e-01,644,1,0,1,1,0
025_mug,s2_complete_only_025_mug_t9,complete_only,0,0.942964,0.021192,1.257123e-06,1.908558e-06,752,0.014128,1.309005e-06,0.028256,1.200220e-06,2.576425e-01,337,1,0,1,1,0
006_mustard_bottle,s2_complete_epi_006_mustard_bottle_t0,complete_epi,0,0.962685,0.032013,3.808408e-06,2.642248e-05,954,0.021342,1.825348e-06,0.042684,4.411663e-06,0.000000e+00,124,1,0,1,1,1
006_mustard_bottle,s2_complete_epi_006_mustard_bottle_t1,complete_epi,144,0.795987,0.031773,7.966878e-06,3.138887e-05,2486,0.021182,1.764101e-05,0.042365,6.651680e-06,7.425989e-01,579,1,0,1,1,0
006_mustard_bottle,s2_complete_epi_006_mustard_bottle_t2,complete_epi,13,0.882893,0.030243,5.512925e-06,3.701125e-05,1179,0.020162,1.273041e-06,0.040324,6.913274e-06,2.700204e-02,168,1,0,1,1,1
006_mustard_bottle,s2_complete_epi_006_mustard_bottle_t3,complete_epi,4,0.895920,0.032072,3.462347e-06,8.764958e-06,2294,0.021381,3.015385e-06,0.042763,4.089495e-06,2.284126e-01,327,1,0,1,1,1
006_mustard_bottle,s2_complete_epi_006_mustard_bottle_t4,complete_epi,1,0.935406,0.030871,6.704457e-06,3.987061e-05,1145,0.020581,1.533538e-06,0.041161,8.402052e-06,5.539005e-03,173,1,0,1,1,0
006_mustard_bottle,s2_complete_epi_006_mustard_bottle_t5,complete_epi,2,0.918578,0.032068,4.598856e-06,1.750542e-05,1272,0.021379,7.749263e-06,0.042757,4.503334e-06,0.000000e+00,118,1,0,1,1,1
006_mustard_bottle,s2_complete_epi_006_mustard_bottle_t6,complete_epi,7,0.925193,0.018498,6.956448e-07,1.573884e-06,2675,0.012332,6.780574e-07,0.024664,6.507269e-07,5.564987e-01,1103,1,0,1,1,1
006_mustard_bottle,s2_complete_epi_006_mustard_bottle_t7,complete_epi,471,0.538094,0.040661,1.175893e-05,3.405547e-05,2077,0.027107,2.085507e-05,0.054214,7.925786e-06,6.128709e-01,188,1,0,1,1,1
006_mustard_bottle,s2_complete_epi_006_mustard_bottle_t8,complete_epi,46,0.857792,0.031790,6.173399e-06,3.343779e-05,781,0.021193,5.473963e-06,0.042386,5.355333e-06,0.000000e+00,74,1,0,1,1,1
006_mustard_bottle,s2_complete_epi_006_mustard_bottle_t9,complete_epi,130,0.924029,0.012739,3.957655e-07,8.442586e-07,2121,0.008493,3.397310e-07,0.016985,4.607293e-07,9.235360e-01,2074,1,0,1,1,1
001_chips_can,s2_epi_score_001_chips_can_t0,epi_score,94,0.772352,0.039952,1.220175e-06,5.240096e-06,754,0.026635,1.055781e-06,0.053269,1.286834e-06,3.099142e-02,138,1,0,1,1,0
001_chips_can,s2_epi_score_001_chips_can_t1,epi_score,89,0.756247,0.040019,1.213258e-06,6.233192e-06,982,0.026679,1.253062e-06,0.053359,1.254976e-06,5.048062e-03,184,1,0,1,1,0
001_chips_can,s2_epi_score_001_chips_can_t2,epi_score,10,0.817179,0.040519,9.889162e-07,4.841768e-06,834,0.027013,8.623006e-07,0.054025,1.287557e-06,0.000000e+00,177,1,0,1,1,0
001_chips_can,s2_epi_score_001_chips_can_t3,epi_score,152,0.638705,0.040543,6.935442e-07,3.302940e-06,1181,0.027029,4.887225e-07,0.054057,9.409920e-07,0.000000e+00,49,1,0,1,1,0
001_chips_can,s2_epi_score_001_chips_can_t4,epi_score,85,0.818252,0.039985,7.145081e-07,2.928502e-06,989,0.026657,4.826551e-07,0.053313,1.036830e-06,4.486336e-02,280,1,0,1,1,0
001_chips_can,s2_epi_score_001_chips_can_t5,epi_score,57,0.891252,0.039836,1.450116e-06,4.653685e-06,673,0.026558,1.492595e-06,0.053115,1.514484e-06,4.942314e-02,120,1,0,1,1,0
001_chips_can,s2_epi_score_001_chips_can_t6,epi_score,0,0.834201,0.242646,2.036983e-03,2.963735e-03,10291,0.161764,7.746836e-04,0.323528,4.061321e-03,9.818705e+00,1319,0,0,1,1,
001_chips_can,s2_epi_score_001_chips_can_t7,epi_score,195,0.700272,0.039861,7.641085e-07,4.190427e-06,772,0.026574,1.106679e-07,0.053148,1.164099e-06,0.000000e+00,130,1,0,1,1,0
001_chips_can,s2_epi_score_001_chips_can_t8,epi_score,14,0.813052,0.040113,5.902975e-07,3.080545e-06,952,0.026742,1.696909e-07,0.053484,9.483287e-07,0.000000e+00,149,1,0,1,1,0
001_chips_can,s2_epi_score_001_chips_can_t9,epi_score,74,0.837823,0.039891,1.675843e-06,5.260073e-06,668,0.026594,1.540492e-06,0.053188,1.714046e-06,5.845598e-02,149,1,0,1,1,0
011_banana,s2_epi_score_011_banana_t0,epi_score,969,0.139726,0.032968,1.284359e-05,4.828167e-05,4433,0.021979,1.508543e-06,0.043957,4.433131e-05,5.144734e-01,638,1,0,1,1,0
011_banana,s2_epi_score_011_banana_t1,epi_score,951,0.203923,0.032066,7.035333e-06,3.744875e-05,2011,0.021377,4.073206e-06,0.042755,1.128503e-05,1.570742e-01,298,1,0,1,1,0
011_banana,s2_epi_score_011_banana_t2,epi_score,953,0.210284,0.032195,1.228766e-05,4.600512e-05,4247,0.021463,4.561192e-06,0.042927,2.426946e-05,6.425780e-01,776,1,0,1,1,0
011_banana,s2_epi_score_011_banana_t3,epi_score,583,0.634974,0.033054,6.233796e-06,1.848188e-05,2417,0.022036,2.753580e-06,0.044072,1.210378e-05,5.025036e-01,529,1,0,1,1,0
011_banana,s2_epi_score_011_banana_t4,epi_score,498,0.765185,0.030786,6.564180e-06,3.401361e-05,2690,0.020524,1.841647e-06,0.041047,1.288107e-05,9.888664e-01,1127,1,0,1,1,0
011_banana,s2_epi_score_011_banana_t5,epi_score,175,0.911919,0.031609,2.024971e-05,1.215296e-05,2708,0.021073,7.423120e-06,0.042145,3.433893e-05,6.653476e-02,192,1,0,1,1,0
011_banana,s2_epi_score_011_banana_t6,epi_score,602,0.755791,0.032354,7.661029e-06,3.816282e-05,4403,0.021569,5.222242e-06,0.043139,9.867621e-06,1.604767e+00,1553,1,0,1,1,0
011_banana,s2_epi_score_011_banana_t7,epi_score,743,0.542790,0.032167,6.883441e-06,3.611334e-05,3308,0.021444,3.649225e-06,0.042889,1.080468e-05,1.238003e+00,859,1,0,1,1,0
011_banana,s2_epi_score_011_banana_t8,epi_score,935,0.204529,0.031533,1.623192e-05,5.846284e-05,2934,0.021022,7.240012e-06,0.042044,2.632785e-05,1.126561e+00,1196,1,0,1,1,0
011_banana,s2_epi_score_011_banana_t9,epi_score,965,0.200789,0.031879,1.566794e-05,9.113262e-05,4397,0.021253,1.124983e-05,0.042505,2.369587e-05,1.216914e+00,1328,1,0,1,1,0
025_mug,s2_patch_only_025_mug_t0,patch_only,416,0.739254,0.020731,1.002824e-06,1.806517e-06,631,0.013821,1.050537e-06,0.027641,1.082030e-06,1.347893e-01,168,1,0,1,1,1
025_mug,s2_patch_only_025_mug_t1,patch_only,8,0.944587,0.019671,1.069453e-06,2.097698e-06,559,0.013114,1.037511e-06,0.026228,1.338620e-06,3.239455e-01,404,1,0,1,1,0
025_mug,s2_patch_only_025_mug_t2,patch_only,653,0.497304,0.020369,4.998604e-06,1.111516e-05,479,0.013579,7.123565e-06,0.027159,4.181445e-06,1.600477e-02,25,1,0,1,1,0
025_mug,s2_patch_only_025_mug_t3,patch_only,31,0.907862,0.022036,1.142646e-06,2.199019e-06,718,0.014691,1.233287e-06,0.029382,1.127089e-06,3.626900e-01,403,1,0,1,1,0
025_mug,s2_patch_only_025_mug_t4,patch_only,412,0.681248,0.020868,1.101692e-06,2.757553e-06,614,0.013912,1.013744e-06,0.027824,1.234509e-06,7.217070e-01,867,1,0,1,1,0
025_mug,s2_patch_only_025_mug_t5,patch_only,63,0.906211,0.020730,1.051132e-06,1.754039e-06,719,0.013820,1.047176e-06,0.027639,1.114057e-06,3.153253e-01,371,1,0,1,1,0
025_mug,s2_patch_only_025_mug_t6,patch_only,122,0.827849,0.024907,1.335568e-06,2.888906e-06,1330,0.016605,1.326943e-06,0.033209,1.475758e-06,2.013416e-01,290,1,0,1,1,0
025_mug,s2_patch_only_025_mug_t7,patch_only,365,0.630070,0.021663,0.000000e+00,0.000000e+00,260,0.014442,0.000000e+00,0.028884,6.191039e-07,0.000000e+00,79,1,0,1,1,0
025_mug,s2_patch_only_025_mug_t8,patch_only,0,0.951290,0.020827,1.187672e-06,2.104519e-06,646,0.013885,1.240575e-06,0.027770,1.295966e-06,4.141078e-01,507,1,0,1,1,0
025_mug,s2_patch_only_025_mug_t9,patch_only,66,0.885273,0.021175,1.014770e-06,2.276053e-06,558,0.014116,1.275280e-06,0.028233,1.434011e-06,4.032864e-01,578,1,0,1,1,0
006_mustard_bottle,s2_duarte_mcd_006_mustard_bottle_t0,duarte_mcd,0,0.956304,,,,,,,,,0.000000e+00,174,1,0,1,1,1
006_mustard_bottle,s2_duarte_mcd_006_mustard_bottle_t1,duarte_mcd,347,0.790046,,,,,,,,,1.350875e-02,159,1,0,1,1,1
006_mustard_bottle,s2_duarte_mcd_006_mustard_bottle_t2,duarte_mcd,146,0.809139,,,,,,,,,1.020643e-02,222,1,0,1,1,1
006_mustard_bottle,s2_duarte_mcd_006_mustard_bottle_t3,duarte_mcd,525,0.647843,,,,,,,,,2.179993e-01,384,1,0,1,1,1
006_mustard_bottle,s2_duarte_mcd_006_mustard_bottle_t4,duarte_mcd,23,0.928854,,,,,,,,,8.698680e-03,434,1,0,1,1,1
006_mustard_bottle,s2_duarte_mcd_006_mustard_bottle_t5,duarte_mcd,35,0.954226,,,,,,,,,2.993659e-01,521,1,0,1,1,0
006_mustard_bottle,s2_duarte_mcd_006_mustard_bottle_t6,duarte_mcd,16,0.926671,,,,,,,,,2.397477e-01,236,1,0,1,1,1
006_mustard_bottle,s2_duarte_mcd_006_mustard_bottle_t7,duarte_mcd,38,0.904607,,,,,,,,,1.160973e+00,1269,1,0,1,1,0
006_mustard_bottle,s2_duarte_mcd_006_mustard_bottle_t8,duarte_mcd,365,0.793857,,,,,,,,,0.000000e+00,133,1,0,1,1,1
006_mustard_bottle,s2_duarte_mcd_006_mustard_bottle_t9,duarte_mcd,727,0.274900,,,,,,,,,1.943139e-01,24,1,0,1,1,0
005_tomato_soup_can,s0_partial_only_005_tomato_soup_can_t0,partial_only,3,0.952047,,,,,,,,,,,1,0,1,1,0
005_tomato_soup_can,s0_partial_only_005_tomato_soup_can_t1,partial_only,2,0.949697,,,,,,,,,,,1,0,1,1,0
005_tomato_soup_can,s0_partial_only_005_tomato_soup_can_t2,partial_only,6,0.944483,,,,,,,,,,,1,0,1,1,0
005_tomato_soup_can,s0_partial_only_005_tomato_soup_can_t3,partial_only,1,0.943835,,,,,,,,,,,1,0,1,1,1
005_tomato_soup_can,s0_partial_only_005_tomato_soup_can_t5,partial_only,2,0.944560,,,,,,,,,,,1,0,1,1,0
005_tomato_soup_can,s0_partial_only_005_tomato_soup_can_t6,partial_only,1,0.944490,,,,,,,,,,,1,0,1,1,0
005_tomato_soup_can,s0_partial_only_005_tomato_soup_can_t7,partial_only,1,0.949354,,,,,,,,,,,1,0,1,1,0
005_tomato_soup_can,s0_partial_only_005_tomato_soup_can_t8,partial_only,0,0.951415,,,,,,,,,,,1,0,1,1,1
005_tomato_soup_can,s0_partial_only_005_tomato_soup_can_t9,partial_only,9,0.930509,,,,,,,,,,,1,0,1,1,0
061_foam_brick,s0_partial_only_061_foam_brick_t0,partial_only,235,0.888005,,,,,,,,,,,1,0,1,1,0
061_foam_brick,s0_partial_only_061_foam_brick_t1,partial_only,324,0.914106,,,,,,,,,,,1,0,1,1,0
061_foam_brick,s0_partial_only_061_foam_brick_t2,partial_only,38,0.913132,,,,,,,,,,,1,0,1,1,1
061_foam_brick,s0_partial_only_061_foam_brick_t3,partial_only,176,0.906184,,,,,,,,,,,1,0,1,1,0
061_foam_brick,s0_partial_only_061_foam_brick_t4,partial_only,245,0.932405,,,,,,,,,,,1,0,1,1,1
061_foam_brick,s0_partial_only_061_foam_brick_t5,partial_only,71,0.964671,,,,,,,,,,,1,0,1,1,0
061_foam_brick,s0_partial_only_061_foam_brick_t6,partial_only,163,0.932414,,,,,,,,,,,1,0,1,1,1
061_foam_brick,s0_partial_only_061_foam_brick_t7,partial_only,216,0.855828,,,,,,,,,,,1,0,1,1,0
061_foam_brick,s0_partial_only_061_foam_brick_t8,partial_only,379,0.818507,,,,,,,,,,,1,0,1,1,0
061_foam_brick,s0_partial_only_061_foam_brick_t9,partial_only,30,0.944912,,,,,,,,,,,1,0,1,1,1
035_power_drill,s0_complete_only_035_power_drill_t0,complete_only,522,0.648989,0.041577,2.197247e-05,1.259127e-04,1577,0.027718,8.451555e-06,0.055436,4.794795e-05,7.337270e-01,436,1,0,1,1,0
035_power_drill,s0_complete_only_035_power_drill_t1,complete_only,264,0.832260,0.038973,6.851558e-06,2.788492e-05,1604,0.025982,6.245874e-06,0.051964,9.948340e-06,3.824047e-01,381,1,0,1,1,0
035_power_drill,s0_complete_only_035_power_drill_t2,complete_only,367,0.664501,0.043457,7.131881e-05,1.139436e-04,1054,0.028971,2.147291e-05,0.057943,1.116068e-04,1.076555e-02,127,1,0,1,1,0
035_power_drill,s0_complete_only_035_power_drill_t3,complete_only,344,0.798341,0.048543,1.076646e-04,4.496256e-04,2512,0.032362,5.619436e-05,0.064725,1.885862e-04,1.521699e+00,583,1,0,1,1,0
035_power_drill,s0_complete_only_035_power_drill_t4,complete_only,434,0.672117,0.140997,0.000000e+00,0.000000e+00,2544,0.093998,0.000000e+00,0.187996,2.615179e-05,0.000000e+00,210,1,0,1,1,0
035_power_drill,s0_complete_only_035_power_drill_t5,complete_only,515,0.860907,0.026392,8.924943e-06,6.194695e-06,4933,0.017595,4.567381e-06,0.035189,1.933127e-05,1.414699e+00,2119,1,0,1,1,0
035_power_drill,s0_complete_only_035_power_drill_t6,complete_only,116,0.849716,0.039366,5.561594e-05,1.234951e-04,1419,0.026244,1.845823e-05,0.052488,1.181071e-04,5.038760e-01,304,1,0,1,1,0
035_power_drill,s0_complete_only_035_power_drill_t7,complete_only,288,0.920221,0.028433,2.164295e-06,4.486865e-06,2816,0.018955,1.294527e-06,0.037910,3.377520e-06,1.160046e+00,1316,1,0,1,1,0
035_power_drill,s0_complete_only_035_power_drill_t8,complete_only,159,0.778691,0.050686,1.158682e-04,1.194232e-04,1576,0.033791,1.687963e-04,0.067582,1.213306e-04,5.065207e-01,174,1,0,1,1,0
035_power_drill,s0_complete_only_035_power_drill_t9,complete_only,6,0.890526,0.039537,7.512477e-06,5.858661e-06,1154,0.026358,1.563097e-06,0.052715,2.351413e-05,2.429621e-01,326,1,0,1,1,0
005_tomato_soup_can,s0_epi_score_005_tomato_soup_can_t0,epi_score,385,0.802145,0.019010,5.806017e-07,1.684412e-06,458,0.012673,3.580403e-07,0.025346,6.949170e-07,2.442216e-01,591,1,0,1,1,1
005_tomato_soup_can,s0_epi_score_005_tomato_soup_can_t1,epi_score,558,0.797957,0.019006,5.940660e-07,1.634521e-06,462,0.012671,3.568966e-07,0.025341,6.680612e-07,2.296511e-01,570,1,0,1,1,1
005_tomato_soup_can,s0_epi_score_005_tomato_soup_can_t2,epi_score,301,0.844370,0.019135,8.693207e-07,1.524533e-06,795,0.012757,8.469003e-07,0.025513,8.452836e-07,4.845113e-01,881,1,0,1,1,1
005_tomato_soup_can,s0_epi_score_005_tomato_soup_can_t3,epi_score,301,0.815974,0.019028,4.697281e-07,1.572997e-06,450,0.012686,4.630171e-07,0.025371,5.484602e-07,2.505999e-01,612,1,0,1,1,
005_tomato_soup_can,s0_epi_score_005_tomato_soup_can_t0,epi_score,536,0.769549,0.019010,5.013931e-07,1.946443e-06,424,0.012673,3.334765e-07,0.025346,6.382339e-07,1.792563e-01,532,1,0,1,1,1
005_tomato_soup_can,s0_epi_score_005_tomato_soup_can_t1,epi_score,612,0.770930,0.018981,5.932714e-07,1.596485e-06,568,0.012654,6.046049e-07,0.025308,6.298842e-07,2.689782e-01,615,1,0,1,1,0
005_tomato_soup_can,s0_epi_score_005_tomato_soup_can_t2,epi_score,432,0.819337,0.019153,6.485235e-07,1.579290e-06,491,0.012769,6.381657e-07,0.025537,6.801052e-07,3.101988e-01,675,1,0,1,1,1
005_tomato_soup_can,s0_epi_score_005_tomato_soup_can_t3,epi_score,224,0.844920,0.019051,5.327117e-07,1.431687e-06,463,0.012701,4.166443e-07,0.025402,6.150633e-07,2.102875e-01,567,1,0,1,1,0
005_tomato_soup_can,s0_epi_score_005_tomato_soup_can_t4,epi_score,509,0.768537,0.018781,5.977502e-07,1.774410e-06,423,0.012521,4.235461e-07,0.025042,7.155635e-07,2.328165e-01,592,1,0,1,1,1
005_tomato_soup_can,s0_epi_score_005_tomato_soup_can_t5,epi_score,64,0.862610,0.018929,8.228496e-07,1.496981e-06,735,0.012620,8.150479e-07,0.025239,8.231464e-07,4.649702e-01,815,1,0,1,1,1
005_tomato_soup_can,s0_epi_score_005_tomato_soup_can_t6,epi_score,564,0.792338,0.019233,6.628175e-07,1.591523e-06,530,0.012822,7.716861e-07,0.025644,6.020472e-07,3.066144e-01,646,1,0,1,1,1
005_tomato_soup_can,s0_epi_score_005_tomato_soup_can_t7,epi_score,460,0.785673,0.018817,4.507783e-07,1.638033e-06,382,0.012545,2.036203e-07,0.025090,6.142016e-07,1.848516e-01,541,1,0,1,1,1
005_tomato_soup_can,s0_epi_score_005_tomato_soup_can_t8,epi_score,259,0.827962,0.018670,6.014187e-07,1.650422e-06,532,0.012446,5.469186e-07,0.024893,6.503686e-07,3.129593e-01,679,1,0,1,1,0
005_tomato_soup_can,s0_epi_score_005_tomato_soup_can_t9,epi_score,483,0.805171,0.018789,5.779082e-07,1.526904e-06,554,0.012526,6.452628e-07,0.025052,6.081595e-07,2.357133e-01,596,1,0,1,1,1
005_tomato_soup_can,s1_partial_only_005_tomato_soup_can_t0,partial_only,0,0.958702,,,,,,,,,,,1,0,1,1,1
005_tomato_soup_can,s1_partial_only_005_tomato_soup_can_t1,partial_only,6,0.912662,,,,,,,,,,,1,0,1,1,1
005_tomato_soup_can,s1_partial_only_005_tomato_soup_can_t3,partial_only,3,0.929842,,,,,,,,,,,1,0,1,1,1
005_tomato_soup_can,s1_partial_only_005_tomato_soup_can_t5,partial_only,9,0.953457,,,,,,,,,,,1,0,1,1,1
005_tomato_soup_can,s1_partial_only_005_tomato_soup_can_t6,partial_only,0,0.948474,,,,,,,,,,,1,0,1,1,0
005_tomato_soup_can,s1_partial_only_005_tomato_soup_can_t7,partial_only,0,0.957083,,,,,,,,,,,1,0,1,1,0
005_tomato_soup_can,s1_partial_only_005_tomato_soup_can_t8,partial_only,0,0.960445,,,,,,,,,,,1,0,1,1,0
005_tomato_soup_can,s1_partial_only_005_tomato_soup_can_t9,partial_only,1,0.941044,,,,,,,,,,,1,0,1,1,1
005_tomato_soup_can,s1_epi_score_005_tomato_soup_can_t0,epi_score,685,0.732401,0.019058,5.458702e-07,1.655340e-06,559,0.012706,6.255467e-07,0.025411,5.502291e-07,2.948868e-01,663,1,0,1,1,1
005_tomato_soup_can,s1_epi_score_005_tomato_soup_can_t1,epi_score,454,0.782953,0.018909,6.682275e-07,1.295663e-06,741,0.012606,6.122880e-07,0.025212,7.101750e-07,4.105741e-01,816,1,0,1,1,0
005_tomato_soup_can,s1_epi_score_005_tomato_soup_can_t2,epi_score,150,0.837138,0.018662,7.769257e-07,1.715837e-06,636,0.012441,7.268318e-07,0.024882,8.438558e-07,4.688467e-01,858,1,0,1,1,1
005_tomato_soup_can,s1_epi_score_005_tomato_soup_can_t3,epi_score,430,0.797685,0.018840,5.135411e-07,1.888163e-06,450,0.012560,3.727012e-07,0.025120,6.706750e-07,2.313468e-01,609,1,0,1,1,1
005_tomato_soup_can,s1_epi_score_005_tomato_soup_can_t4,epi_score,485,0.811276,0.019115,6.286830e-07,1.717419e-06,469,0.012743,6.005540e-07,0.025487,6.956306e-07,2.496030e-01,617,1,0,1,1,1
005_tomato_soup_can,s1_epi_score_005_tomato_soup_can_t5,epi_score,79,0.859368,0.021589,6.524491e-07,1.749384e-06,666,0.014393,7.684379e-07,0.028786,6.525929e-07,3.692726e-01,715,1,0,1,1,1
005_tomato_soup_can,s1_epi_score_005_tomato_soup_can_t6,epi_score,615,0.743345,0.019025,5.554191e-07,1.720509e-06,411,0.012684,2.954830e-07,0.025367,6.493462e-07,3.286064e-01,665,1,0,1,1,1
005_tomato_soup_can,s1_epi_score_005_tomato_soup_can_t7,epi_score,375,0.827820,0.018986,7.872761e-07,1.584634e-06,594,0.012658,7.520083e-07,0.025315,8.295778e-07,4.088008e-01,792,1,0,1,1,0
005_tomato_soup_can,s1_epi_score_005_tomato_soup_can_t8,epi_score,175,0.845652,0.018781,7.704608e-07,1.633979e-06,771,0.012521,6.868482e-07,0.025041,7.936700e-07,4.658615e-01,867,1,0,1,1,0
005_tomato_soup_can,s1_epi_score_005_tomato_soup_can_t9,epi_score,654,0.742723,0.018803,5.678236e-07,1.573302e-06,432,0.012535,3.228656e-07,0.025071,6.571842e-07,2.835000e-01,634,1,0,1,1,1
005_tomato_soup_can,s2_partial_only_005_tomato_soup_can_t0,partial_only,1,0.955430,,,,,,,,,,,1,0,1,1,1
005_tomato_soup_can,s2_partial_only_005_tomato_soup_can_t1,partial_only,40,0.928914,,,,,,,,,,,1,0,1,1,1
005_tomato_soup_can,s2_partial_only_005_tomato_soup_can_t2,partial_only,4,0.926317,,,,,,,,,,,1,0,1,1,1
005_tomato_soup_can,s2_partial_only_005_tomato_soup_can_t3,partial_only,3,0.951147,,,,,,,,,,,1,0,1,1,0
005_tomato_soup_can,s2_partial_only_005_tomato_soup_can_t4,partial_only,13,0.948496,,,,,,,,,,,1,0,1,1,0
005_tomato_soup_can,s2_partial_only_005_tomato_soup_can_t5,partial_only,0,0.951355,,,,,,,,,,,1,0,1,1,1
005_tomato_soup_can,s2_partial_only_005_tomato_soup_can_t6,partial_only,3,0.952869,,,,,,,,,,,1,0,1,1,1
005_tomato_soup_can,s2_partial_only_005_tomato_soup_can_t7,partial_only,5,0.939916,,,,,,,,,,,1,0,1,1,1
005_tomato_soup_can,s2_partial_only_005_tomato_soup_can_t8,partial_only,8,0.949294,,,,,,,,,,,1,0,1,1,0
005_tomato_soup_can,s2_partial_only_005_tomato_soup_can_t9,partial_only,0,0.931110,,,,,,,,,,,1,0,1,1,0
005_tomato_soup_can,s2_epi_score_005_tomato_soup_can_t0,epi_score,617,0.765759,0.018947,5.726815e-07,1.587934e-06,487,0.012632,2.884850e-07,0.025263,6.652168e-07,2.390590e-01,569,1,0,1,1,0
005_tomato_soup_can,s2_epi_score_005_tomato_soup_can_t1,epi_score,303,0.799359,0.018775,6.828027e-07,2.478739e-06,436,0.012517,4.763289e-07,0.025034,7.707862e-07,2.750259e-01,601,1,0,1,1,1
005_tomato_soup_can,s2_epi_score_005_tomato_soup_can_t2,epi_score,425,0.787050,0.019053,7.338570e-07,1.552910e-06,662,0.012702,7.381408e-07,0.025403,7.545256e-07,4.966488e-01,903,1,0,1,1,0
005_tomato_soup_can,s2_epi_score_005_tomato_soup_can_t3,epi_score,582,0.784701,0.019139,5.091017e-07,1.340301e-06,451,0.012759,1.761087e-07,0.025519,6.110571e-07,1.491904e-01,487,1,0,1,1,0
005_tomato_soup_can,s2_epi_score_005_tomato_soup_can_t4,epi_score,333,0.798418,0.018632,5.533083e-07,1.575295e-06,440,0.012421,3.225330e-07,0.024842,6.477335e-07,2.588033e-01,616,1,0,1,1,1
005_tomato_soup_can,s2_epi_score_005_tomato_soup_can_t5,epi_score,689,0.750976,0.019151,5.715187e-07,1.579825e-06,461,0.012767,3.275777e-07,0.025535,6.452449e-07,2.596100e-01,609,1,0,1,1,1
005_tomato_soup_can,s2_epi_score_005_tomato_soup_can_t6,epi_score,430,0.810423,0.018986,6.003621e-07,1.810254e-06,424,0.012657,3.433992e-07,0.025314,6.974035e-07,2.480366e-01,601,1,0,1,1,0
005_tomato_soup_can,s2_epi_score_005_tomato_soup_can_t7,epi_score,206,0.870998,0.018989,5.515757e-07,1.658022e-06,481,0.012660,4.695171e-07,0.025319,5.643961e-07,2.372860e-01,609,1,0,1,1,1
005_tomato_soup_can,s2_epi_score_005_tomato_soup_can_t8,epi_score,271,0.842954,0.018552,8.298056e-07,1.767140e-06,670,0.012368,7.554211e-07,0.024736,8.936653e-07,4.467768e-01,825,1,0,1,1,1
005_tomato_soup_can,s2_epi_score_005_tomato_soup_can_t9,epi_score,247,0.854559,0.018907,7.817802e-07,1.520710e-06,772,0.012605,7.504311e-07,0.025209,7.859807e-07,5.347824e-01,957,1,0,1,1,1
006_mustard_bottle,s0_partial_only_006_mustard_bottle_t0,partial_only,8,0.935706,,,,,,,,,,,1,0,1,1,1
006_mustard_bottle,s0_partial_only_006_mustard_bottle_t1,partial_only,163,0.881233,,,,,,,,,,,1,0,1,1,1
006_mustard_bottle,s0_partial_only_006_mustard_bottle_t2,partial_only,7,0.949208,,,,,,,,,,,1,0,1,1,1
006_mustard_bottle,s0_partial_only_006_mustard_bottle_t3,partial_only,12,0.936573,,,,,,,,,,,1,0,1,1,1
006_mustard_bottle,s0_partial_only_006_mustard_bottle_t5,partial_only,61,0.920666,,,,,,,,,,,1,0,1,1,1
006_mustard_bottle,s0_partial_only_006_mustard_bottle_t6,partial_only,139,0.864289,,,,,,,,,,,1,0,1,1,1
006_mustard_bottle,s0_partial_only_006_mustard_bottle_t7,partial_only,226,0.859792,,,,,,,,,,,1,0,1,1,1
006_mustard_bottle,s0_partial_only_006_mustard_bottle_t8,partial_only,37,0.930513,,,,,,,,,,,1,0,1,1,1
001_chips_can,s0_complete_only_001_chips_can_t0,complete_only,216,0.755533,0.058928,8.590936e-05,3.302542e-04,2584,0.039286,5.356454e-05,0.078571,1.581424e-04,2.041453e+00,703,1,0,1,1,0
001_chips_can,s0_complete_only_001_chips_can_t1,complete_only,55,0.745859,0.039850,1.954612e-06,5.242235e-06,719,0.026567,1.955929e-06,0.053133,1.813332e-06,5.691996e-02,111,1,0,1,1,1
001_chips_can,s0_complete_only_001_chips_can_t2,complete_only,45,0.856097,0.040507,1.505916e-06,6.079790e-06,909,0.027004,1.270261e-06,0.054009,1.538214e-06,3.432538e-02,135,1,0,1,1,0
001_chips_can,s0_complete_only_001_chips_can_t3,complete_only,97,0.834109,0.040588,7.508321e-07,5.684007e-06,722,0.027059,4.458980e-07,0.054117,1.064152e-06,0.000000e+00,154,1,0,1,1,0
001_chips_can,s0_complete_only_001_chips_can_t4,complete_only,18,0.810855,0.040119,9.562846e-07,5.397965e-06,823,0.026746,6.237634e-07,0.053492,1.126353e-06,0.000000e+00,151,1,0,1,1,0
001_chips_can,s0_complete_only_001_chips_can_t5,complete_only,107,0.837009,0.040578,2.025851e-06,6.045674e-06,723,0.027052,2.100014e-06,0.054104,1.818315e-06,5.795048e-02,148,1,0,1,1,0
001_chips_can,s0_complete_only_001_chips_can_t6,complete_only,82,0.856779,0.039954,1.623621e-06,4.885814e-06,682,0.026636,1.770995e-06,0.053273,1.597700e-06,4.332492e-02,107,1,0,1,1,0
001_chips_can,s0_complete_only_001_chips_can_t7,complete_only,2,0.800660,0.040241,1.685103e-06,7.403501e-06,847,0.026827,1.829254e-06,0.053654,1.591706e-06,1.291173e-02,122,1,0,1,1,0
001_chips_can,s0_complete_only_001_chips_can_t8,complete_only,33,0.821929,0.040180,2.035382e-06,5.917281e-06,665,0.026787,2.320449e-06,0.053574,1.945010e-06,1.807765e-01,130,1,0,1,1,0
001_chips_can,s0_complete_only_001_chips_can_t9,complete_only,162,0.816192,0.040109,1.844253e-06,5.388503e-06,749,0.026739,1.904274e-06,0.053479,1.790229e-06,6.245775e-02,118,1,0,1,1,0
011_banana,s0_complete_only_011_banana_t0,complete_only,83,0.938101,0.032608,1.599789e-04,1.501163e-03,3791,0.021739,1.666813e-04,0.043477,1.136036e-04,2.311896e+00,1771,1,0,1,1,0
011_banana,s0_complete_only_011_banana_t1,complete_only,816,0.442232,0.031821,6.337288e-05,2.672771e-05,2272,0.021214,3.693247e-06,0.042428,8.127819e-05,7.375649e-02,95,1,0,1,1,0
011_banana,s0_complete_only_011_banana_t2,complete_only,637,0.765772,0.030938,2.509824e-05,2.630143e-05,2717,0.020625,9.737009e-06,0.041250,4.733554e-05,1.130280e+00,1205,1,0,1,1,0
011_banana,s0_complete_only_011_banana_t3,complete_only,419,0.857498,0.032927,9.624553e-06,6.274125e-05,3257,0.021951,5.083244e-06,0.043903,1.376760e-05,1.517740e+00,1660,1,0,1,1,0
011_banana,s0_complete_only_011_banana_t4,complete_only,779,0.580518,0.030994,4.338666e-06,1.275775e-05,2329,0.020663,2.368433e-06,0.041325,7.797948e-06,5.298918e-01,545,1,0,1,1,0
011_banana,s0_complete_only_011_banana_t5,complete_only,957,0.224407,0.032095,1.907098e-05,1.197910e-04,2989,0.021397,1.346332e-05,0.042794,4.121579e-05,4.921246e-01,677,1,0,1,1,0
011_banana,s0_complete_only_011_banana_t6,complete_only,108,0.931462,0.031721,3.497817e-05,7.430606e-05,1940,0.021147,1.188643e-05,0.042295,5.480891e-05,5.139918e-01,730,1,0,1,1,0
011_banana,s0_complete_only_011_banana_t7,complete_only,982,0.053009,0.031372,5.347069e-06,7.847513e-06,5846,0.020915,1.912388e-06,0.041829,1.197320e-05,1.499127e+00,1605,1,0,1,1,0
011_banana,s0_complete_only_011_banana_t8,complete_only,820,0.521995,0.031449,2.863568e-05,1.515936e-04,2879,0.020966,7.514094e-06,0.041932,4.014536e-05,1.787950e+00,1581,1,0,1,1,0
011_banana,s0_complete_only_011_banana_t9,complete_only,228,0.885192,0.031363,1.714340e-05,6.868669e-05,2105,0.020909,2.825426e-05,0.041817,3.224691e-05,4.465290e-01,610,1,0,1,1,0
025_mug,s0_complete_epi_025_mug_t0,complete_epi,0,0.953040,0.020684,2.694647e-06,6.060676e-06,906,0.013789,2.403266e-06,0.027579,2.248974e-06,5.570734e-01,548,1,0,1,1,0
025_mug,s0_complete_epi_025_mug_t1,complete_epi,1,0.917609,0.021012,9.794934e-06,3.238056e-05,619,0.014008,8.588098e-06,0.028016,1.300209e-05,6.650028e-01,589,1,0,1,1,0
025_mug,s0_complete_epi_025_mug_t2,complete_epi,0,0.917628,0.020178,2.531126e-06,4.217359e-06,446,0.013452,2.295328e-06,0.026904,2.964908e-06,7.608406e-01,487,1,0,1,1,0
025_mug,s0_complete_epi_025_mug_t3,complete_epi,1,0.936220,0.021452,1.939182e-06,2.797270e-06,780,0.014301,1.629848e-06,0.028602,1.736837e-06,8.417646e-01,826,1,0,1,1,0
025_mug,s0_complete_epi_025_mug_t4,complete_epi,0,0.953556,0.020182,1.249658e-06,2.181622e-06,712,0.013455,1.183832e-06,0.026910,1.263554e-06,4.451831e-01,497,1,0,1,1,0
025_mug,s0_complete_epi_025_mug_t5,complete_epi,0,0.924483,0.020253,1.942595e-06,2.835345e-06,895,0.013502,1.765630e-06,0.027004,2.818910e-06,2.527264e-01,171,1,0,1,1,0
025_mug,s0_complete_epi_025_mug_t6,complete_epi,0,0.948483,0.020920,1.728057e-06,3.877336e-06,886,0.013947,1.699965e-06,0.027893,1.934679e-06,5.185648e-01,574,1,0,1,1,0
025_mug,s0_complete_epi_025_mug_t7,complete_epi,577,0.486729,0.020508,1.223866e-05,3.588835e-05,268,0.013672,1.441243e-05,0.027344,1.155884e-05,1.742831e-01,91,1,0,1,1,0
025_mug,s0_complete_epi_025_mug_t8,complete_epi,109,0.597725,0.020404,1.581354e-06,2.968721e-06,223,0.013603,1.642801e-06,0.027206,1.715866e-06,9.496683e-02,143,1,0,1,1,0
025_mug,s0_complete_epi_025_mug_t9,complete_epi,1,0.945009,0.020655,1.345994e-06,2.363180e-06,903,0.013770,1.388808e-06,0.027540,1.342010e-06,4.991601e-01,541,1,0,1,1,0
006_mustard_bottle,s0_epi_score_006_mustard_bottle_t0,epi_score,13,0.889312,0.032858,3.478237e-06,1.982337e-05,739,0.021906,2.741549e-06,0.043811,3.592302e-06,0.000000e+00,71,1,0,1,1,1
006_mustard_bottle,s0_epi_score_006_mustard_bottle_t1,epi_score,109,0.766144,0.032061,2.716520e-06,1.802708e-05,1526,0.021374,1.182966e-06,0.042749,5.238664e-06,0.000000e+00,140,1,0,1,1,1
006_mustard_bottle,s0_epi_score_006_mustard_bottle_t3,epi_score,0,0.930346,0.032509,2.704475e-06,1.302477e-05,1470,0.021673,2.620000e-06,0.043346,2.863722e-06,1.473213e-02,176,1,0,1,1,1
006_mustard_bottle,s0_epi_score_006_mustard_bottle_t4,epi_score,366,0.691615,0.032227,4.342698e-06,2.112231e-05,1307,0.021485,1.886910e-06,0.042969,5.343537e-06,5.404256e-02,125,1,0,1,1,1
006_mustard_bottle,s0_epi_score_006_mustard_bottle_t5,epi_score,342,0.641951,0.032131,4.965531e-06,2.079805e-05,2492,0.021420,7.118850e-06,0.042841,5.403411e-06,3.470040e-01,285,1,0,1,1,1
006_mustard_bottle,s0_epi_score_006_mustard_bottle_t6,epi_score,6,0.929390,0.032799,4.453989e-06,2.278634e-05,1193,0.021866,3.787481e-06,0.043732,4.169852e-06,0.000000e+00,71,1,0,1,1,1
006_mustard_bottle,s0_epi_score_006_mustard_bottle_t7,epi_score,395,0.825454,0.029332,1.847673e-06,1.442715e-05,1246,0.019554,0.000000e+00,0.039109,2.755470e-06,0.000000e+00,239,1,0,1,1,1
006_mustard_bottle,s0_epi_score_006_mustard_bottle_t8,epi_score,16,0.898234,0.031534,3.201843e-06,9.049773e-06,1927,0.021023,2.659581e-06,0.042046,3.690367e-06,4.069325e-01,489,1,0,1,1,1
006_mustard_bottle,s0_epi_score_006_mustard_bottle_t9,epi_score,247,0.854337,0.056020,1.045553e-04,3.454457e-04,12331,0.037346,4.067788e-05,0.074693,1.707953e-04,1.701472e-01,1393,1,0,1,1,1
001_chips_can,s0_patch_only_001_chips_can_t0,patch_only,946,0.246769,0.058928,1.940063e-05,7.414869e-05,3352,0.039286,8.061410e-06,0.078571,3.952007e-05,0.000000e+00,13,1,0,1,1,0
001_chips_can,s0_patch_only_001_chips_can_t1,patch_only,63,0.839695,0.039785,4.027660e-07,4.780323e-06,774,0.026524,1.189667e-07,0.053047,9.498270e-07,0.000000e+00,116,1,0,1,1,0
001_chips_can,s0_patch_only_001_chips_can_t2,patch_only,713,0.456382,0.040491,5.194989e-07,4.384499e-06,1081,0.026994,1.182851e-07,0.053988,1.201898e-06,0.000000e+00,137,1,0,1,1,0
001_chips_can,s0_patch_only_001_chips_can_t3,patch_only,652,0.526440,0.062155,1.313213e-05,5.197945e-05,4548,0.041437,1.066173e-05,0.082873,3.682965e-05,2.595930e-01,290,1,0,1,1,0
001_chips_can,s0_patch_only_001_chips_can_t4,patch_only,122,0.752476,0.039991,6.527945e-07,4.170990e-06,783,0.026661,1.775801e-07,0.053321,1.214284e-06,0.000000e+00,132,1,0,1,1,0
001_chips_can,s0_patch_only_001_chips_can_t5,patch_only,583,0.524220,0.040553,9.554936e-07,3.941455e-06,925,0.027035,6.308408e-07,0.054071,1.233627e-06,0.000000e+00,232,1,0,1,1,0
001_chips_can,s0_patch_only_001_chips_can_t6,patch_only,890,0.278008,0.042930,1.060324e-05,4.746303e-05,1031,0.028620,9.911640e-06,0.057240,1.714640e-05,6.894100e-02,160,1,0,1,1,0
001_chips_can,s0_patch_only_001_chips_can_t7,patch_only,455,0.565509,0.040379,5.908169e-07,4.468047e-06,872,0.026919,2.581753e-07,0.053838,1.070738e-06,0.000000e+00,109,1,0,1,1,0
001_chips_can,s0_patch_only_001_chips_can_t8,patch_only,235,0.660997,0.040138,5.022638e-07,4.232544e-06,770,0.026758,9.610629e-08,0.053517,9.874275e-07,0.000000e+00,114,1,0,1,1,0
001_chips_can,s0_patch_only_001_chips_can_t9,patch_only,727,0.430152,0.040114,6.687173e-07,3.033016e-06,833,0.026743,2.405957e-07,0.053486,9.545328e-07,0.000000e+00,132,1,0,1,1,0
011_banana,s0_patch_only_011_banana_t0,patch_only,761,0.583767,0.032608,5.958226e-05,7.585395e-05,4086,0.021739,5.890900e-05,0.043477,8.259101e-05,1.559962e+00,1564,1,0,1,1,0
011_banana,s0_patch_only_011_banana_t1,patch_only,358,0.844030,0.031817,3.301022e-05,9.059306e-05,3391,0.021211,1.443199e-05,0.042423,5.660032e-05,1.133191e+00,1255,1,0,1,1,0
011_banana,s0_patch_only_011_banana_t2,patch_only,904,0.406982,0.030930,8.963885e-06,1.944947e-05,2983,0.020620,2.143792e-06,0.041240,2.848426e-05,7.951099e-01,874,1,0,1,1,0
011_banana,s0_patch_only_011_banana_t3,patch_only,906,0.403022,0.032927,1.123754e-05,6.297163e-05,3058,0.021951,7.128682e-06,0.043903,1.290984e-05,3.005563e-01,411,1,0,1,1,0
011_banana,s0_patch_only_011_banana_t4,patch_only,965,0.088514,0.030837,1.475385e-05,5.866117e-05,4003,0.020558,1.026772e-05,0.041116,2.377627e-05,1.441029e+00,1058,1,0,1,1,0
011_banana,s0_patch_only_011_banana_t5,patch_only,826,0.605949,0.032104,1.628514e-05,1.017296e-04,3855,0.021403,8.499164e-06,0.042805,3.239335e-05,1.327750e+00,1388,1,0,1,1,0
011_banana,s0_patch_only_011_banana_t6,patch_only,912,0.257871,0.031724,5.998596e-06,1.228680e-05,3499,0.021150,1.870036e-06,0.042299,2.142068e-05,1.117416e+00,1331,1,0,1,1,0
011_banana,s0_patch_only_011_banana_t7,patch_only,720,0.723815,0.031352,2.331049e-06,5.354190e-06,3008,0.020901,1.539279e-06,0.041802,8.447508e-06,1.444700e+00,1499,1,0,1,1,0
011_banana,s0_patch_only_011_banana_t8,patch_only,924,0.291772,0.031433,5.416050e-05,2.999386e-04,2500,0.020955,1.770556e-05,0.041910,7.728066e-05,2.041286e+00,1269,1,0,1,1,0
011_banana,s0_patch_only_011_banana_t9,patch_only,148,0.916082,0.031361,1.964264e-05,1.181059e-04,3062,0.020907,2.976902e-05,0.041814,3.395564e-05,1.250926e+00,1323,1,0,1,1,0
025_mug,s0_duarte_mcd_025_mug_t0,duarte_mcd,0,0.942304,,,,,,,,,4.593181e-01,515,1,0,1,1,0
025_mug,s0_duarte_mcd_025_mug_t1,duarte_mcd,7,0.917323,,,,,,,,,1.338708e-01,294,1,0,1,1,0
025_mug,s0_duarte_mcd_025_mug_t2,duarte_mcd,1,0.933980,,,,,,,,,4.164516e-01,391,1,0,1,1,0
025_mug,s0_duarte_mcd_025_mug_t3,duarte_mcd,8,0.932824,,,,,,,,,7.910785e-02,148,1,0,1,1,0
025_mug,s0_duarte_mcd_025_mug_t4,duarte_mcd,0,0.958582,,,,,,,,,3.595312e-01,526,1,0,1,1,0
025_mug,s0_duarte_mcd_025_mug_t5,duarte_mcd,3,0.898197,,,,,,,,,3.121624e-01,452,1,0,1,1,0
025_mug,s0_duarte_mcd_025_mug_t6,duarte_mcd,1,0.933748,,,,,,,,,2.376735e-01,369,1,0,1,1,0
025_mug,s0_duarte_mcd_025_mug_t7,duarte_mcd,5,0.870487,,,,,,,,,9.684573e-02,159,1,0,1,1,0
025_mug,s0_duarte_mcd_025_mug_t8,duarte_mcd,0,0.931190,,,,,,,,,5.162522e-01,569,1,0,1,1,0
025_mug,s0_duarte_mcd_025_mug_t9,duarte_mcd,18,0.922194,,,,,,,,,6.340052e-02,119,1,0,1,1,0
006_mustard_bottle,s1_partial_only_006_mustard_bottle_t0,partial_only,0,0.961207,,,,,,,,,,,1,0,1,1,1
006_mustard_bottle,s1_partial_only_006_mustard_bottle_t1,partial_only,26,0.924432,,,,,,,,,,,1,0,1,1,0
006_mustard_bottle,s1_partial_only_006_mustard_bottle_t2,partial_only,284,0.862509,,,,,,,,,,,1,0,1,1,1
006_mustard_bottle,s1_partial_only_006_mustard_bottle_t3,partial_only,8,0.948062,,,,,,,,,,,1,0,1,1,1
006_mustard_bottle,s1_partial_only_006_mustard_bottle_t5,partial_only,6,0.936766,,,,,,,,,,,1,0,1,1,1
006_mustard_bottle,s1_partial_only_006_mustard_bottle_t6,partial_only,5,0.931302,,,,,,,,,,,1,0,1,1,0
006_mustard_bottle,s1_partial_only_006_mustard_bottle_t7,partial_only,2,0.957190,,,,,,,,,,,1,0,1,1,1
006_mustard_bottle,s1_partial_only_006_mustard_bottle_t8,partial_only,136,0.877799,,,,,,,,,,,1,0,1,1,1
006_mustard_bottle,s1_partial_only_006_mustard_bottle_t9,partial_only,212,0.864622,,,,,,,,,,,1,0,1,1,0
001_chips_can,s1_complete_only_001_chips_can_t0,complete_only,114,0.828570,0.040029,1.249174e-06,5.341087e-06,763,0.026686,1.191275e-06,0.053372,1.384453e-06,3.870903e-02,141,1,0,1,1,0
001_chips_can,s1_complete_only_001_chips_can_t1,complete_only,151,0.720973,0.040484,1.992538e-06,6.042103e-06,693,0.026989,2.063666e-06,0.053979,1.946575e-06,1.053770e-01,166,1,0,1,1,0
001_chips_can,s1_complete_only_001_chips_can_t2,complete_only,130,0.866612,0.040135,1.883208e-06,6.281379e-06,623,0.026756,2.194050e-06,0.053513,1.722791e-06,6.254699e-02,138,1,0,1,1,0
001_chips_can,s1_complete_only_001_chips_can_t3,complete_only,45,0.855467,0.039828,1.615061e-06,6.009730e-06,828,0.026552,1.659355e-06,0.053104,1.544718e-06,2.042159e-02,102,1,0,1,1,0
001_chips_can,s1_complete_only_001_chips_can_t4,complete_only,153,0.772320,0.040586,1.905783e-06,5.834950e-06,630,0.027057,1.967930e-06,0.054114,1.837593e-06,9.230731e-02,127,1,0,1,1,0
001_chips_can,s1_complete_only_001_chips_can_t5,complete_only,29,0.807423,0.040211,1.103072e-06,2.884708e-06,1107,0.026807,1.148337e-06,0.053614,1.133899e-06,0.000000e+00,203,1,0,1,1,0
001_chips_can,s1_complete_only_001_chips_can_t6,complete_only,50,0.813570,0.039748,1.990312e-06,6.341944e-06,752,0.026499,2.277430e-06,0.052998,1.917147e-06,4.439865e-02,139,1,0,1,1,0
001_chips_can,s1_complete_only_001_chips_can_t7,complete_only,111,0.793802,0.040468,2.124964e-06,5.698746e-06,706,0.026979,2.156271e-06,0.053957,2.069799e-06,8.701941e-02,145,1,0,1,1,0
001_chips_can,s1_complete_only_001_chips_can_t8,complete_only,27,0.752896,0.040073,1.089930e-06,4.299777e-06,998,0.026716,6.200345e-07,0.053431,1.301197e-06,0.000000e+00,153,1,0,1,1,0
001_chips_can,s1_complete_only_001_chips_can_t9,complete_only,102,0.724082,0.057835,4.427469e-05,8.277443e-05,3054,0.038556,2.723806e-05,0.077113,7.311417e-05,5.291093e-01,380,1,0,1,1,0
011_banana,s1_complete_only_011_banana_t0,complete_only,946,0.119165,0.032232,1.193828e-05,5.315781e-05,2878,0.021488,7.245846e-06,0.042976,1.733772e-05,8.622180e-01,748,1,0,1,1,0
011_banana,s1_complete_only_011_banana_t1,complete_only,843,0.575701,0.031788,2.073923e-05,1.308452e-04,3762,0.021192,1.528682e-05,0.042385,3.352234e-05,5.075082e-01,797,1,0,1,1,0
011_banana,s1_complete_only_011_banana_t2,complete_only,869,0.406839,0.031774,8.785446e-06,4.505937e-05,2918,0.021183,5.052961e-06,0.042366,1.516066e-05,7.542173e-01,917,1,0,1,1,0
011_banana,s1_complete_only_011_banana_t3,complete_only,579,0.731917,0.031595,1.251395e-05,8.133083e-05,2742,0.021063,6.767254e-06,0.042126,1.994424e-05,9.315667e-01,623,1,0,1,1,0
011_banana,s1_complete_only_011_banana_t4,complete_only,730,0.631100,0.032488,2.796361e-05,2.628373e-05,2964,0.021659,6.981850e-06,0.043317,6.482471e-05,1.466114e+00,1328,1,0,1,1,0
011_banana,s1_complete_only_011_banana_t5,complete_only,957,0.155653,0.031660,2.897595e-04,1.404287e-03,2537,0.021106,6.107676e-04,0.042213,2.031264e-04,3.551039e+00,134,1,0,1,1,0
011_banana,s1_complete_only_011_banana_t6,complete_only,413,0.717123,0.032865,1.765437e-05,1.005976e-04,3384,0.021910,1.396126e-05,0.043820,2.837465e-05,2.787930e+00,1377,1,0,1,1,0
011_banana,s1_complete_only_011_banana_t7,complete_only,871,0.542109,0.031288,7.074523e-06,2.757922e-05,2651,0.020859,3.856962e-06,0.041717,2.296123e-05,1.133817e+00,1193,1,0,1,1,0
011_banana,s1_complete_only_011_banana_t8,complete_only,713,0.738232,0.031494,4.208817e-06,1.346658e-05,3694,0.020996,2.773233e-06,0.041993,5.841665e-06,1.011988e+00,1278,1,0,1,1,0
011_banana,s1_complete_only_011_banana_t9,complete_only,456,0.816127,0.031937,3.426208e-05,1.240353e-05,2605,0.021291,3.342959e-06,0.042583,5.564578e-05,4.019893e-01,584,1,0,1,1,0
025_mug,s1_complete_epi_025_mug_t0,complete_epi,2,0.934585,0.019955,2.907751e-06,1.011163e-05,700,0.013303,2.975969e-06,0.026607,2.950965e-06,7.330847e-01,717,1,0,1,1,0
025_mug,s1_complete_epi_025_mug_t1,complete_epi,1,0.938940,0.020060,2.424426e-06,4.559480e-06,477,0.013373,2.301106e-06,0.026746,2.685693e-06,5.430498e-01,485,1,0,1,1,0
025_mug,s1_complete_epi_025_mug_t2,complete_epi,0,0.953107,0.022299,1.256787e-06,2.181782e-06,854,0.014866,1.269706e-06,0.029732,1.218199e-06,2.818216e-01,350,1,0,1,1,0
025_mug,s1_complete_epi_025_mug_t3,complete_epi,0,0.940765,0.020286,2.036142e-06,4.099456e-06,276,0.013524,1.785876e-06,0.027048,2.208512e-06,1.119360e-01,163,1,0,1,1,0
025_mug,s1_complete_epi_025_mug_t4,complete_epi,6,0.925164,0.022134,1.984782e-06,3.669146e-06,737,0.014756,2.197030e-06,0.029512,1.838262e-06,6.153480e-01,628,1,0,1,1,0
025_mug,s1_complete_epi_025_mug_t5,complete_epi,1,0.919117,0.020347,3.586770e-06,1.572564e-05,1027,0.013564,4.367943e-06,0.027129,3.439165e-06,4.066071e-01,382,1,0,1,1,0
025_mug,s1_complete_epi_025_mug_t6,complete_epi,1,0.889015,0.020148,1.352069e-06,3.053491e-06,217,0.013432,1.538296e-06,0.026864,1.527276e-06,2.942167e-02,163,1,0,1,1,0
025_mug,s1_complete_epi_025_mug_t7,complete_epi,1,0.918010,0.020322,1.605500e-06,2.749219e-06,1108,0.013548,1.502811e-06,0.027096,1.603496e-06,6.234312e-01,696,1,0,1,1,0
025_mug,s1_complete_epi_025_mug_t8,complete_epi,0,0.946442,0.024628,1.260803e-06,2.556033e-06,1068,0.016418,1.239052e-06,0.032837,1.376306e-06,3.020710e-01,403,1,0,1,1,0
025_mug,s1_complete_epi_025_mug_t9,complete_epi,1,0.948296,0.020904,4.162033e-06,1.202785e-05,565,0.013936,5.979205e-06,0.027872,5.157195e-06,7.430624e-01,500,1,0,1,1,0
006_mustard_bottle,s1_epi_score_006_mustard_bottle_t0,epi_score,4,0.849382,0.031806,2.651262e-06,1.514149e-05,1185,0.021204,8.907383e-07,0.042408,4.298525e-06,8.339187e-03,171,1,0,1,1,1
006_mustard_bottle,s1_epi_score_006_mustard_bottle_t1,epi_score,536,0.559168,0.032743,2.572474e-06,1.004854e-05,1867,0.021829,2.030124e-06,0.043657,3.038300e-06,1.052761e-01,268,1,0,1,1,1
006_mustard_bottle,s1_epi_score_006_mustard_bottle_t2,epi_score,622,0.710564,0.021672,3.079061e-06,9.082156e-06,1918,0.014448,2.499153e-06,0.028896,4.125988e-06,8.350238e-01,533,1,0,1,1,0
006_mustard_bottle,s1_epi_score_006_mustard_bottle_t3,epi_score,171,0.834829,0.031682,2.433640e-06,6.180681e-06,2178,0.021121,2.138025e-06,0.042242,3.314077e-06,4.632606e-01,575,1,0,1,1,0
006_mustard_bottle,s1_epi_score_006_mustard_bottle_t4,epi_score,198,0.750089,0.032126,2.671786e-06,1.278017e-05,1140,0.021418,1.902997e-06,0.042835,3.019034e-06,0.000000e+00,173,1,0,1,1,1
006_mustard_bottle,s1_epi_score_006_mustard_bottle_t6,epi_score,313,0.776856,0.032135,2.534551e-06,1.721385e-05,1073,0.021423,1.643110e-06,0.042846,4.831666e-06,5.519317e-03,165,1,0,1,1,1
006_mustard_bottle,s1_epi_score_006_mustard_bottle_t7,epi_score,572,0.516590,0.030640,6.894002e-07,9.501770e-06,633,0.020427,0.000000e+00,0.040853,1.892420e-06,0.000000e+00,72,1,0,1,1,0
006_mustard_bottle,s1_epi_score_006_mustard_bottle_t8,epi_score,13,0.933538,0.029735,6.936352e-07,2.307261e-06,1110,0.019823,0.000000e+00,0.039647,1.242904e-06,0.000000e+00,161,1,0,1,1,1
006_mustard_bottle,s1_epi_score_006_mustard_bottle_t9,epi_score,121,0.816474,0.032404,1.948733e-06,1.038931e-05,1035,0.021603,4.697274e-07,0.043206,3.063508e-06,0.000000e+00,90,1,0,1,1,0
001_chips_can,s1_patch_only_001_chips_can_t0,patch_only,492,0.533346,0.040029,6.950776e-07,4.025986e-06,997,0.026686,5.343550e-07,0.053372,1.206484e-06,0.000000e+00,132,1,0,1,1,0
001_chips_can,s1_patch_only_001_chips_can_t1,patch_only,914,0.310153,0.040439,1.046496e-06,4.536471e-06,905,0.026960,6.955185e-07,0.053919,1.298623e-06,7.698277e-02,200,1,0,1,1,0
001_chips_can,s1_patch_only_001_chips_can_t2,patch_only,245,0.634956,0.040153,8.429142e-07,4.044276e-06,791,0.026769,2.558469e-07,0.053537,1.192192e-06,0.000000e+00,166,1,0,1,1,0
001_chips_can,s1_patch_only_001_chips_can_t3,patch_only,203,0.679723,0.039723,1.299015e-06,4.171529e-06,803,0.026482,1.294433e-06,0.052963,1.497038e-06,6.582803e-03,193,1,0,1,1,0
001_chips_can,s1_patch_only_001_chips_can_t4,patch_only,605,0.505448,0.040573,7.218943e-07,5.502265e-06,883,0.027049,1.476468e-07,0.054097,1.125565e-06,0.000000e+00,124,1,0,1,1,0
001_chips_can,s1_patch_only_001_chips_can_t5,patch_only,211,0.658326,0.040209,5.015778e-07,2.819547e-06,1009,0.026806,1.239283e-07,0.053612,9.708931e-07,0.000000e+00,106,1,0,1,1,0
001_chips_can,s1_patch_only_001_chips_can_t6,patch_only,438,0.543692,0.039733,1.128006e-06,3.438285e-06,991,0.026489,1.028921e-06,0.052978,1.250673e-06,5.193001e-02,235,1,0,1,1,1
001_chips_can,s1_patch_only_001_chips_can_t8,patch_only,197,0.623578,0.040055,8.272103e-07,4.566131e-06,988,0.026703,5.972791e-07,0.053407,1.181929e-06,0.000000e+00,136,1,0,1,1,0
001_chips_can,s1_patch_only_001_chips_can_t9,patch_only,321,0.608419,0.039958,5.967635e-07,4.814186e-06,811,0.026639,4.118883e-07,0.053278,9.768695e-07,0.000000e+00,103,1,0,1,1,0
011_banana,s1_patch_only_011_banana_t0,patch_only,827,0.419165,0.032232,7.360363e-06,1.801700e-05,3916,0.021488,4.346393e-06,0.042976,1.355777e-05,8.009920e-01,994,1,0,1,1,0
011_banana,s1_patch_only_011_banana_t1,patch_only,952,0.226210,0.031788,3.384310e-05,2.317814e-04,3417,0.021192,2.644058e-05,0.042385,4.790684e-05,1.206789e+00,1214,1,0,1,1,0
011_banana,s1_patch_only_011_banana_t2,patch_only,981,0.035061,0.031779,1.034367e-04,4.530782e-04,1706,0.021186,1.540250e-04,0.042372,6.881018e-05,2.081266e+00,261,1,0,1,1,0
011_banana,s1_patch_only_011_banana_t3,patch_only,715,0.638237,0.031622,1.621511e-05,5.572105e-05,4355,0.021082,4.316752e-06,0.042163,4.660746e-05,2.520895e+00,1964,1,0,1,1,0
011_banana,s1_patch_only_011_banana_t4,patch_only,966,0.122330,0.032510,2.357561e-05,1.987123e-04,3738,0.021674,1.101322e-05,0.043347,4.100845e-05,7.286881e-01,693,1,0,1,1,0
011_banana,s1_patch_only_011_banana_t5,patch_only,901,0.278006,0.031585,2.128127e-05,1.343139e-04,3154,0.021056,1.748627e-05,0.042113,2.953094e-05,9.984879e-01,966,1,0,1,1,0
011_banana,s1_patch_only_011_banana_t6,patch_only,897,0.201388,0.032881,9.351608e-06,4.598030e-05,3459,0.021921,6.110981e-06,0.043842,1.486768e-05,2.086972e+00,1652,1,0,1,1,0
011_banana,s1_patch_only_011_banana_t7,patch_only,583,0.804411,0.031238,2.758292e-05,1.579840e-04,3522,0.020825,2.133676e-05,0.041651,3.596826e-05,1.213193e+00,1041,1,0,1,1,0
011_banana,s1_patch_only_011_banana_t8,patch_only,742,0.667996,0.031478,7.390728e-06,3.632857e-05,2579,0.020986,5.728969e-06,0.041971,7.307088e-06,1.096931e+00,1277,1,0,1,1,0
011_banana,s1_patch_only_011_banana_t9,patch_only,106,0.931309,0.031863,1.266367e-05,1.112557e-05,2868,0.021242,1.497773e-06,0.042484,3.397275e-05,9.324253e-02,277,1,0,1,1,0
025_mug,s1_duarte_mcd_025_mug_t0,duarte_mcd,1,0.921567,,,,,,,,,1.744592e-01,188,1,0,1,1,0
025_mug,s1_duarte_mcd_025_mug_t1,duarte_mcd,19,0.910301,,,,,,,,,1.360318e-01,253,1,0,1,1,0
025_mug,s1_duarte_mcd_025_mug_t2,duarte_mcd,2,0.946723,,,,,,,,,2.462456e-01,419,1,0,1,1,0
025_mug,s1_duarte_mcd_025_mug_t3,duarte_mcd,17,0.888414,,,,,,,,,4.180011e-01,509,1,0,1,1,0
025_mug,s1_duarte_mcd_025_mug_t4,duarte_mcd,1,0.929730,,,,,,,,,3.628752e-01,313,1,0,1,1,1
025_mug,s1_duarte_mcd_025_mug_t5,duarte_mcd,10,0.866711,,,,,,,,,1.715421e-02,63,1,0,1,1,0
025_mug,s1_duarte_mcd_025_mug_t6,duarte_mcd,2,0.959897,,,,,,,,,3.377113e-01,293,1,0,1,1,0
025_mug,s1_duarte_mcd_025_mug_t7,duarte_mcd,1,0.937921,,,,,,,,,4.634588e-01,415,1,0,1,1,0
025_mug,s1_duarte_mcd_025_mug_t8,duarte_mcd,0,0.924161,,,,,,,,,3.163038e-01,490,1,0,1,1,0
025_mug,s1_duarte_mcd_025_mug_t9,duarte_mcd,7,0.927517,,,,,,,,,2.672457e-01,377,1,0,1,1,0
006_mustard_bottle,s2_partial_only_006_mustard_bottle_t0,partial_only,70,0.917805,,,,,,,,,,,1,0,1,1,1
006_mustard_bottle,s2_partial_only_006_mustard_bottle_t1,partial_only,31,0.933155,,,,,,,,,,,1,0,1,1,1
006_mustard_bottle,s2_partial_only_006_mustard_bottle_t2,partial_only,265,0.814375,,,,,,,,,,,1,0,1,1,1
006_mustard_bottle,s2_partial_only_006_mustard_bottle_t3,partial_only,3,0.931337,,,,,,,,,,,1,0,1,1,1
006_mustard_bottle,s2_partial_only_006_mustard_bottle_t4,partial_only,118,0.892163,,,,,,,,,,,1,0,1,1,1
006_mustard_bottle,s2_partial_only_006_mustard_bottle_t5,partial_only,271,0.846968,,,,,,,,,,,1,0,1,1,1
006_mustard_bottle,s2_partial_only_006_mustard_bottle_t6,partial_only,434,0.808955,,,,,,,,,,,1,0,1,1,1
006_mustard_bottle,s2_partial_only_006_mustard_bottle_t7,partial_only,279,0.859915,,,,,,,,,,,1,0,1,1,0
006_mustard_bottle,s2_partial_only_006_mustard_bottle_t8,partial_only,6,0.946889,,,,,,,,,,,1,0,1,1,1
006_mustard_bottle,s2_partial_only_006_mustard_bottle_t9,partial_only,96,0.893901,,,,,,,,,,,1,0,1,1,0
001_chips_can,s2_complete_only_001_chips_can_t0,complete_only,65,0.820991,0.039952,1.854588e-06,5.295847e-06,752,0.026635,2.097205e-06,0.053269,1.803016e-06,3.323967e-02,164,1,0,1,1,0
001_chips_can,s2_complete_only_001_chips_can_t1,complete_only,15,0.783615,0.039988,1.431316e-06,4.427785e-06,710,0.026659,1.118319e-06,0.053317,1.660331e-06,0.000000e+00,147,1,0,1,1,0
001_chips_can,s2_complete_only_001_chips_can_t2,complete_only,14,0.804938,0.040186,1.474859e-06,5.292660e-06,799,0.026791,1.256081e-06,0.053582,1.544910e-06,0.000000e+00,214,1,0,1,1,0
001_chips_can,s2_complete_only_001_chips_can_t3,complete_only,110,0.862230,0.040655,2.068877e-06,6.177053e-06,717,0.027103,2.233322e-06,0.054206,1.964909e-06,7.001062e-02,154,1,0,1,1,0
001_chips_can,s2_complete_only_001_chips_can_t4,complete_only,121,0.853572,0.040228,1.453967e-06,6.162172e-06,566,0.026819,1.679898e-06,0.053637,1.416230e-06,9.009011e-02,125,1,0,1,1,0
001_chips_can,s2_complete_only_001_chips_can_t5,complete_only,75,0.846718,0.039857,1.861207e-06,4.707060e-06,818,0.026572,1.842244e-06,0.053143,1.745870e-06,3.308423e-02,135,1,0,1,1,0
001_chips_can,s2_complete_only_001_chips_can_t6,complete_only,625,0.557947,0.144722,0.000000e+00,0.000000e+00,3054,0.096481,0.000000e+00,0.192963,0.000000e+00,0.000000e+00,267,1,0,1,1,0
001_chips_can,s2_complete_only_001_chips_can_t7,complete_only,1,0.870509,0.039506,1.330670e-06,4.482930e-06,974,0.026338,1.329492e-06,0.052675,1.493368e-06,1.198802e-02,205,1,0,1,1,1
001_chips_can,s2_complete_only_001_chips_can_t8,complete_only,86,0.849127,0.040140,1.964670e-06,6.413361e-06,709,0.026760,1.931335e-06,0.053520,1.850080e-06,6.067741e-02,150,1,0,1,1,0
001_chips_can,s2_complete_only_001_chips_can_t9,complete_only,56,0.855088,0.039973,1.258374e-06,5.056011e-06,704,0.026649,9.308847e-07,0.053298,1.454329e-06,1.140659e-02,187,1,0,1,1,0
011_banana,s2_complete_only_011_banana_t0,complete_only,849,0.499371,0.032968,5.000245e-05,2.859865e-04,3455,0.021979,2.193442e-05,0.043957,6.971164e-05,4.157188e+00,1886,1,0,1,1,0
011_banana,s2_complete_only_011_banana_t1,complete_only,821,0.507955,0.032033,8.509289e-06,4.130624e-05,3572,0.021356,5.715401e-06,0.042711,1.376336e-05,1.286996e+00,1275,1,0,1,1,0
011_banana,s2_complete_only_011_banana_t2,complete_only,973,0.038928,0.032202,1.605789e-05,7.334228e-05,4044,0.021468,4.331831e-06,0.042936,3.822324e-05,9.357492e-01,1086,1,0,1,1,0
011_banana,s2_complete_only_011_banana_t3,complete_only,759,0.495564,0.033012,1.434662e-04,5.669496e-04,2427,0.022008,3.207162e-06,0.044016,3.670578e-04,9.736071e-01,872,1,0,1,1,0
011_banana,s2_complete_only_011_banana_t4,complete_only,334,0.870122,0.030774,9.551715e-06,4.626336e-05,1575,0.020516,4.220273e-06,0.041032,1.900266e-05,6.627417e-01,805,1,0,1,1,0
011_banana,s2_complete_only_011_banana_t5,complete_only,133,0.924463,0.031669,1.946203e-05,1.153216e-05,2362,0.021113,7.121434e-06,0.042226,3.099038e-05,7.680014e-01,1003,1,0,1,1,0
011_banana,s2_complete_only_011_banana_t6,complete_only,985,0.032960,0.032430,2.390557e-06,5.520761e-06,3476,0.021620,1.313919e-06,0.043240,4.913876e-06,2.765028e-02,78,1,0,1,1,0
011_banana,s2_complete_only_011_banana_t7,complete_only,801,0.465394,0.032167,3.137721e-05,9.384130e-05,2618,0.021445,1.259494e-05,0.042889,4.101648e-05,1.622156e+00,1330,1,0,1,1,0
011_banana,s2_complete_only_011_banana_t8,complete_only,829,0.454762,0.031544,1.617344e-04,8.222490e-04,1521,0.021029,1.783410e-04,0.042058,1.283993e-04,3.706342e+00,367,1,0,1,1,0
011_banana,s2_complete_only_011_banana_t9,complete_only,928,0.340753,0.031877,9.520406e-06,5.217491e-05,3849,0.021251,4.029069e-06,0.042503,1.574057e-05,8.769440e-01,1154,1,0,1,1,0
025_mug,s2_complete_epi_025_mug_t0,complete_epi,0,0.938274,0.020731,1.451143e-06,2.168390e-06,1011,0.013821,1.463472e-06,0.027641,1.526768e-06,5.022866e-01,543,1,0,1,1,0
025_mug,s2_complete_epi_025_mug_t1,complete_epi,1,0.957289,0.019818,1.195290e-06,2.194675e-06,760,0.013212,1.282696e-06,0.026425,1.216110e-06,4.114309e-01,477,1,0,1,1,0
025_mug,s2_complete_epi_025_mug_t2,complete_epi,0,0.897424,0.020368,1.747674e-04,7.112473e-04,216,0.013579,3.675854e-04,0.027157,2.111029e-05,1.962069e+00,1236,0,0,1,1,
025_mug,s2_complete_epi_025_mug_t3,complete_epi,0,0.933002,0.022043,2.259895e-06,3.618878e-06,1300,0.014696,2.353314e-06,0.029391,2.159248e-06,7.524967e-01,733,1,0,1,1,0
025_mug,s2_complete_epi_025_mug_t4,complete_epi,1,0.947380,0.020887,1.251045e-06,2.608841e-06,759,0.013925,9.447113e-07,0.027849,1.244036e-06,5.489971e-01,619,1,0,1,1,0
025_mug,s2_complete_epi_025_mug_t5,complete_epi,0,0.961092,0.020754,1.134464e-06,1.811544e-06,844,0.013836,1.253057e-06,0.027672,1.158247e-06,2.156020e-01,281,1,0,1,1,0
025_mug,s2_complete_epi_025_mug_t6,complete_epi,4,0.903346,0.024986,1.701566e-06,4.590521e-06,1301,0.016658,1.458120e-06,0.033315,1.855608e-06,2.961141e-01,359,1,0,1,1,0
025_mug,s2_complete_epi_025_mug_t7,complete_epi,20,0.874532,0.021720,1.172901e-06,2.356593e-06,303,0.014480,1.239549e-06,0.028960,1.586720e-06,6.672759e-02,112,1,0,1,1,0
025_mug,s2_complete_epi_025_mug_t8,complete_epi,0,0.953783,0.020827,1.209120e-06,2.327279e-06,751,0.013885,1.214318e-06,0.027770,1.322206e-06,3.749456e-01,456,1,0,1,1,0
025_mug,s2_complete_epi_025_mug_t9,complete_epi,0,0.937243,0.021173,1.187172e-06,2.067299e-06,708,0.014115,1.016002e-06,0.028230,1.201119e-06,3.253176e-01,438,1,0,1,1,0
006_mustard_bottle,s2_epi_score_006_mustard_bottle_t0,epi_score,8,0.942546,0.032013,3.545641e-06,2.583529e-05,1569,0.021342,5.704646e-06,0.042684,3.612915e-06,0.000000e+00,129,1,0,1,1,1
006_mustard_bottle,s2_epi_score_006_mustard_bottle_t1,epi_score,0,0.914621,0.031987,5.332960e-06,2.309260e-05,908,0.021325,2.949922e-06,0.042650,5.914364e-06,0.000000e+00,104,1,0,1,1,1
006_mustard_bottle,s2_epi_score_006_mustard_bottle_t2,epi_score,35,0.906148,0.029988,4.426176e-06,3.455885e-05,1034,0.019992,1.759503e-06,0.039985,6.505539e-06,0.000000e+00,165,1,0,1,1,1
006_mustard_bottle,s2_epi_score_006_mustard_bottle_t3,epi_score,56,0.907721,0.034844,1.037598e-05,5.687941e-05,3793,0.023229,1.073082e-05,0.046458,1.984351e-05,1.943643e+00,1222,1,0,1,1,0
006_mustard_bottle,s2_epi_score_006_mustard_bottle_t4,epi_score,9,0.949318,0.031393,5.515125e-06,2.902682e-05,1282,0.020928,2.458192e-06,0.041857,6.414682e-06,0.000000e+00,175,1,0,1,1,1
006_mustard_bottle,s2_epi_score_006_mustard_bottle_t5,epi_score,3,0.927261,0.032141,2.796841e-06,2.152139e-05,605,0.021427,0.000000e+00,0.042854,4.385723e-06,0.000000e+00,52,1,0,1,1,0
006_mustard_bottle,s2_epi_score_006_mustard_bottle_t6,epi_score,105,0.879117,0.031967,2.295909e-06,6.717734e-06,1788,0.021311,2.021410e-06,0.042623,2.403550e-06,1.395431e-01,226,1,0,1,1,1
006_mustard_bottle,s2_epi_score_006_mustard_bottle_t7,epi_score,129,0.886259,0.019576,9.963561e-06,5.291925e-05,1520,0.013051,9.232834e-06,0.026102,1.209163e-05,4.372774e+00,2435,1,0,1,1,0
006_mustard_bottle,s2_epi_score_006_mustard_bottle_t8,epi_score,69,0.821098,0.032253,6.578074e-06,3.162473e-05,986,0.021502,2.766434e-06,0.043004,8.167658e-06,0.000000e+00,108,1,0,1,1,1
006_mustard_bottle,s2_epi_score_006_mustard_bottle_t9,epi_score,0,0.934649,0.030950,2.702476e-06,2.843089e-05,1347,0.020633,6.097466e-07,0.041266,4.953602e-06,0.000000e+00,201,1,0,1,1,1
001_chips_can,s2_patch_only_001_chips_can_t0,patch_only,729,0.443951,0.039952,8.138139e-07,4.866480e-06,802,0.026635,3.641425e-07,0.053269,1.046583e-06,6.712949e-03,195,1,0,1,1,0
001_chips_can,s2_patch_only_001_chips_can_t1,patch_only,3,0.836720,0.039988,7.130026e-07,4.062528e-06,763,0.026659,1.703249e-07,0.053317,1.093046e-06,0.000000e+00,215,1,0,1,1,0
001_chips_can,s2_patch_only_001_chips_can_t2,patch_only,235,0.652802,0.040523,5.576680e-07,5.441395e-06,890,0.027015,4.360762e-07,0.054030,9.929132e-07,0.000000e+00,138,1,0,1,1,0
001_chips_can,s2_patch_only_001_chips_can_t3,patch_only,619,0.502868,0.040460,4.595089e-07,3.071993e-06,1025,0.026973,0.000000e+00,0.053947,7.810568e-07,0.000000e+00,36,1,0,1,1,0
001_chips_can,s2_patch_only_001_chips_can_t4,patch_only,604,0.566449,0.042506,3.915845e-06,2.825554e-05,911,0.028338,1.997513e-06,0.056675,6.578021e-06,0.000000e+00,108,1,0,1,1,0
001_chips_can,s2_patch_only_001_chips_can_t5,patch_only,504,0.507509,0.039836,8.450243e-07,4.461867e-06,932,0.026558,5.430136e-07,0.053115,1.038751e-06,0.000000e+00,140,1,0,1,1,0
001_chips_can,s2_patch_only_001_chips_can_t6,patch_only,851,0.191168,0.141597,0.000000e+00,0.000000e+00,2646,0.094398,0.000000e+00,0.188796,0.000000e+00,0.000000e+00,177,1,0,1,1,0
001_chips_can,s2_patch_only_001_chips_can_t7,patch_only,66,0.764048,0.039520,3.789958e-07,3.786472e-06,734,0.026347,4.620514e-08,0.052693,8.512964e-07,0.000000e+00,166,1,0,1,1,0
001_chips_can,s2_patch_only_001_chips_can_t8,patch_only,93,0.756085,0.040092,4.730035e-07,3.014674e-06,942,0.026728,2.013234e-07,0.053456,9.867595e-07,0.000000e+00,120,1,0,1,1,0
001_chips_can,s2_patch_only_001_chips_can_t9,patch_only,122,0.730424,0.039959,7.189796e-07,3.021311e-06,986,0.026640,2.989871e-07,0.053279,9.748836e-07,0.000000e+00,81,1,0,1,1,0
011_banana,s2_patch_only_011_banana_t0,patch_only,886,0.445665,0.032968,5.111160e-06,1.459820e-05,3124,0.021979,1.889594e-06,0.043957,2.070742e-05,7.370422e-01,956,1,0,1,1,0
011_banana,s2_patch_only_011_banana_t1,patch_only,448,0.824032,0.031988,5.397088e-06,2.494819e-05,3213,0.021326,3.066954e-06,0.042651,9.416656e-06,1.471736e+00,1374,1,0,1,1,0
011_banana,s2_patch_only_011_banana_t2,patch_only,930,0.325887,0.032203,6.952302e-06,1.232385e-05,1936,0.021469,1.766329e-06,0.042937,1.939783e-05,2.651861e-01,414,1,0,1,1,0
011_banana,s2_patch_only_011_banana_t3,patch_only,179,0.892445,0.032839,5.071508e-05,3.881570e-04,2711,0.021893,2.113108e-05,0.043786,7.750537e-05,2.166267e+00,1230,1,0,1,1,0
011_banana,s2_patch_only_011_banana_t4,patch_only,851,0.493096,0.030786,5.907040e-06,3.037353e-05,2035,0.020524,1.530662e-06,0.041047,1.239084e-05,5.098634e-01,628,1,0,1,1,0
011_banana,s2_patch_only_011_banana_t5,patch_only,253,0.873214,0.031626,8.302022e-06,1.675538e-05,3219,0.021084,1.809934e-06,0.042167,3.047596e-05,3.704421e-01,659,1,0,1,1,0
011_banana,s2_patch_only_011_banana_t6,patch_only,976,0.072178,0.032354,3.167204e-06,1.503513e-05,2670,0.021570,1.749497e-06,0.043139,5.754806e-06,1.392161e-01,267,1,0,1,1,0
011_banana,s2_patch_only_011_banana_t7,patch_only,720,0.562760,0.032165,1.561442e-05,6.797038e-05,2534,0.021443,1.682271e-05,0.042887,1.708350e-05,1.225999e+00,819,1,0,1,1,0
011_banana,s2_patch_only_011_banana_t8,patch_only,669,0.664172,0.031541,7.831411e-06,4.449021e-05,3111,0.021027,3.742248e-06,0.042054,1.473051e-05,1.735423e+00,1692,1,0,1,1,0
011_banana,s2_patch_only_011_banana_t9,patch_only,905,0.385467,0.031820,8.453048e-06,4.224525e-05,2603,0.021213,8.452185e-06,0.042426,1.384903e-05,7.309626e-01,922,1,0,1,1,0
025_mug,s2_duarte_mcd_025_mug_t0,duarte_mcd,5,0.936375,,,,,,,,,2.028093e-01,408,1,0,1,1,0
025_mug,s2_duarte_mcd_025_mug_t1,duarte_mcd,3,0.941624,,,,,,,,,9.257745e-02,209,1,0,1,1,0
025_mug,s2_duarte_mcd_025_mug_t2,duarte_mcd,1,0.887622,,,,,,,,,2.828570e-01,256,1,0,1,1,0
025_mug,s2_duarte_mcd_025_mug_t3,duarte_mcd,5,0.914787,,,,,,,,,1.872243e-01,247,1,0,1,1,0
025_mug,s2_duarte_mcd_025_mug_t4,duarte_mcd,6,0.923403,,,,,,,,,2.837734e-01,377,1,0,1,1,0
025_mug,s2_duarte_mcd_025_mug_t5,duarte_mcd,1,0.948559,,,,,,,,,3.169471e-01,441,1,0,1,1,0
025_mug,s2_duarte_mcd_025_mug_t6,duarte_mcd,7,0.936671,,,,,,,,,1.212929e-01,193,1,0,1,1,0
025_mug,s2_duarte_mcd_025_mug_t7,duarte_mcd,3,0.947089,,,,,,,,,3.851806e-01,510,1,0,1,1,0
025_mug,s2_duarte_mcd_025_mug_t8,duarte_mcd,2,0.933020,,,,,,,,,4.506345e-01,563,1,0,1,1,0
025_mug,s2_duarte_mcd_025_mug_t9,duarte_mcd,0,0.950047,,,,,,,,,2.156444e-01,455,1,0,1,1,0
021_bleach_cleanser,s0_partial_only_021_bleach_cleanser_t0,partial_only,86,0.904268,,,,,,,,,,,1,0,1,1,1
021_bleach_cleanser,s0_partial_only_021_bleach_cleanser_t1,partial_only,86,0.906707,,,,,,,,,,,1,0,1,1,1
021_bleach_cleanser,s0_partial_only_021_bleach_cleanser_t2,partial_only,4,0.969090,,,,,,,,,,,1,0,1,1,0
021_bleach_cleanser,s0_partial_only_021_bleach_cleanser_t3,partial_only,5,0.957851,,,,,,,,,,,1,0,1,1,1
021_bleach_cleanser,s0_partial_only_021_bleach_cleanser_t4,partial_only,11,0.936459,,,,,,,,,,,1,0,1,1,1
021_bleach_cleanser,s0_partial_only_021_bleach_cleanser_t5,partial_only,24,0.942892,,,,,,,,,,,1,0,1,1,1
021_bleach_cleanser,s0_partial_only_021_bleach_cleanser_t7,partial_only,73,0.922028,,,,,,,,,,,1,0,1,1,1
021_bleach_cleanser,s0_partial_only_021_bleach_cleanser_t8,partial_only,13,0.979722,,,,,,,,,,,1,0,1,1,0
021_bleach_cleanser,s0_partial_only_021_bleach_cleanser_t9,partial_only,207,0.831751,,,,,,,,,,,1,0,1,1,0
005_tomato_soup_can,s0_complete_only_005_tomato_soup_can_t0,complete_only,94,0.866533,0.019010,1.057807e-06,1.697745e-06,793,0.012673,1.363497e-06,0.025346,9.859648e-07,5.964958e-01,982,1,0,1,1,1
005_tomato_soup_can,s0_complete_only_005_tomato_soup_can_t1,complete_only,323,0.837510,0.018997,8.620037e-07,1.675654e-06,658,0.012665,8.270834e-07,0.025329,8.615060e-07,4.168421e-01,771,1,0,1,1,1
005_tomato_soup_can,s0_complete_only_005_tomato_soup_can_t2,complete_only,219,0.877641,0.019130,1.007019e-06,1.546810e-06,568,0.012753,9.769696e-07,0.025506,9.375566e-07,2.389767e-01,596,1,0,1,1,0
005_tomato_soup_can,s0_complete_only_005_tomato_soup_can_t3,complete_only,282,0.833827,0.019059,1.068065e-06,1.578239e-06,642,0.012706,1.381350e-06,0.025412,9.776091e-07,4.752826e-01,870,1,0,1,1,1
005_tomato_soup_can,s0_complete_only_005_tomato_soup_can_t4,complete_only,179,0.857063,0.018805,7.638416e-07,1.533784e-06,782,0.012537,6.876049e-07,0.025073,7.932669e-07,4.397722e-01,852,1,0,1,1,1
005_tomato_soup_can,s0_complete_only_005_tomato_soup_can_t5,complete_only,268,0.825480,0.019011,8.141337e-07,1.523117e-06,669,0.012674,7.667808e-07,0.025348,8.035139e-07,4.578686e-01,847,1,0,1,1,1
005_tomato_soup_can,s0_complete_only_005_tomato_soup_can_t7,complete_only,196,0.843403,0.018809,8.372723e-07,1.510898e-06,686,0.012540,7.682807e-07,0.025079,8.317329e-07,5.512553e-01,949,1,0,1,1,1
005_tomato_soup_can,s0_complete_only_005_tomato_soup_can_t8,complete_only,171,0.857060,0.018776,8.201530e-07,1.739066e-06,818,0.012518,7.655798e-07,0.025035,8.245925e-07,4.627637e-01,850,1,0,1,1,1
005_tomato_soup_can,s0_complete_only_005_tomato_soup_can_t9,complete_only,420,0.829531,0.019145,7.513213e-07,1.625106e-06,562,0.012764,7.608450e-07,0.025527,8.062456e-07,2.711725e-01,638,1,0,1,1,1
061_foam_brick,s0_complete_only_061_foam_brick_t0,complete_only,475,0.704871,0.016189,1.616274e-06,6.734460e-06,737,0.010793,9.047986e-07,0.021586,3.172807e-06,1.494031e+00,993,1,0,1,1,1
061_foam_brick,s0_complete_only_061_foam_brick_t1,complete_only,622,0.675804,0.016532,2.263463e-05,9.428943e-05,1727,0.011021,6.611340e-05,0.022043,1.628157e-05,1.712353e+00,1473,1,0,1,1,0
061_foam_brick,s0_complete_only_061_foam_brick_t2,complete_only,637,0.705435,0.017217,3.329117e-06,7.438160e-06,1205,0.011478,3.507227e-06,0.022956,4.158954e-06,1.516881e+00,935,1,0,1,1,1
061_foam_brick,s0_complete_only_061_foam_brick_t3,complete_only,522,0.804813,0.017003,2.361202e-04,9.784957e-04,389,0.011335,2.452275e-04,0.022670,2.875986e-04,1.205717e+00,821,1,0,1,1,1
061_foam_brick,s0_complete_only_061_foam_brick_t4,complete_only,358,0.894072,0.016957,1.433782e-06,8.314521e-06,1123,0.011305,8.301031e-07,0.022609,1.868006e-06,1.504092e+00,1017,1,0,1,1,1
061_foam_brick,s0_complete_only_061_foam_brick_t5,complete_only,598,0.581962,0.016747,2.218189e-06,5.649430e-06,1374,0.011164,1.575363e-06,0.022329,3.980888e-06,1.685282e+00,1318,1,0,1,1,1
061_foam_brick,s0_complete_only_061_foam_brick_t6,complete_only,329,0.901174,0.016664,8.267489e-07,3.148382e-06,1076,0.011109,9.427534e-07,0.022219,1.149743e-06,1.671150e+00,1427,1,0,1,1,1
061_foam_brick,s0_complete_only_061_foam_brick_t7,complete_only,193,0.916308,0.017107,2.566042e-06,1.221417e-05,1915,0.011405,1.558546e-06,0.022810,3.490958e-06,2.922637e+00,2260,1,0,1,1,0
061_foam_brick,s0_complete_only_061_foam_brick_t8,complete_only,137,0.923740,0.016985,2.864307e-06,1.751656e-05,1724,0.011324,2.191039e-06,0.022647,4.136354e-06,3.113058e+00,2085,1,0,1,1,1
061_foam_brick,s0_complete_only_061_foam_brick_t9,complete_only,166,0.950065,0.016682,1.819537e-06,8.951786e-06,1254,0.011121,1.418692e-06,0.022242,5.998230e-06,1.803287e+00,1321,1,0,1,1,1
035_power_drill,s0_complete_epi_035_power_drill_t0,complete_epi,780,0.464829,0.041577,2.293486e-05,1.211236e-04,1724,0.027718,9.039878e-06,0.055436,5.555389e-05,3.003209e-01,250,1,0,1,1,0
035_power_drill,s0_complete_epi_035_power_drill_t1,complete_epi,441,0.770047,0.038695,6.453505e-06,9.309867e-06,1727,0.025797,3.845145e-06,0.051594,1.229404e-05,1.413663e-01,294,1,0,1,1,0
035_power_drill,s0_complete_epi_035_power_drill_t2,complete_epi,218,0.766672,0.043435,1.105316e-04,1.717865e-04,1365,0.028957,1.744615e-05,0.057913,1.275548e-04,1.323408e-01,86,1,0,1,1,0
035_power_drill,s0_complete_epi_035_power_drill_t3,complete_epi,316,0.778208,0.040472,2.086917e-06,1.015786e-05,926,0.026981,1.885786e-06,0.053962,7.519246e-06,0.000000e+00,138,1,0,1,1,0
035_power_drill,s0_complete_epi_035_power_drill_t4,complete_epi,3,0.896412,0.240411,7.667672e-03,1.826514e-02,9918,0.160274,2.869255e-03,0.320548,1.330819e-02,0.000000e+00,929,1,0,1,1,0
035_power_drill,s0_complete_epi_035_power_drill_t6,complete_epi,252,0.810142,0.039343,6.421905e-05,1.828059e-04,1774,0.026229,4.873916e-05,0.052457,8.781160e-05,2.443936e-01,236,1,0,1,1,0
035_power_drill,s0_complete_epi_035_power_drill_t7,complete_epi,355,0.877257,0.020885,3.131696e-06,1.264676e-05,2192,0.013924,1.535437e-06,0.027847,4.807791e-06,1.063277e+00,1617,1,0,1,1,0
035_power_drill,s0_complete_epi_035_power_drill_t8,complete_epi,35,0.881089,0.056084,1.081433e-04,2.422430e-04,3731,0.037389,7.109443e-05,0.074779,2.117604e-04,8.575207e-01,357,1,0,1,1,0
035_power_drill,s0_complete_epi_035_power_drill_t9,complete_epi,166,0.815581,0.039353,3.610948e-05,3.386401e-05,1725,0.026235,9.751535e-06,0.052470,5.328785e-05,2.281928e-01,344,1,0,1,1,0
021_bleach_cleanser,s0_epi_score_021_bleach_cleanser_t0,epi_score,491,0.708523,0.039125,1.515688e-05,7.000817e-05,1366,0.026083,7.216033e-06,0.052167,2.994030e-05,2.652815e-01,343,1,0,1,1,0
021_bleach_cleanser,s0_epi_score_021_bleach_cleanser_t1,epi_score,110,0.856175,0.040055,1.991117e-05,9.053358e-05,2116,0.026703,1.644034e-05,0.053407,1.934095e-05,5.305921e-01,385,1,0,1,1,0
021_bleach_cleanser,s0_epi_score_021_bleach_cleanser_t2,epi_score,575,0.673327,0.040009,4.171469e-06,2.839422e-05,1612,0.026672,3.863879e-06,0.053345,7.615994e-06,6.215709e-01,540,1,0,1,1,0
021_bleach_cleanser,s0_epi_score_021_bleach_cleanser_t3,epi_score,473,0.731355,0.040078,1.838719e-05,1.020747e-04,1244,0.026718,1.210360e-05,0.053437,2.666437e-05,3.297540e-01,260,1,0,1,1,0
021_bleach_cleanser,s0_epi_score_021_bleach_cleanser_t4,epi_score,202,0.815744,0.039119,2.126974e-05,1.304865e-04,964,0.026079,7.108505e-06,0.052158,2.460018e-05,3.155155e-01,364,1,0,1,1,1
021_bleach_cleanser,s0_epi_score_021_bleach_cleanser_t6,epi_score,185,0.862651,0.039209,1.972363e-05,1.087207e-04,946,0.026140,3.769669e-06,0.052279,3.119787e-05,5.531617e-01,428,1,0,1,1,0
021_bleach_cleanser,s0_epi_score_021_bleach_cleanser_t7,epi_score,367,0.789023,0.039474,3.141610e-07,3.394954e-06,779,0.026316,0.000000e+00,0.052632,9.651503e-07,0.000000e+00,117,1,0,1,1,1
021_bleach_cleanser,s0_epi_score_021_bleach_cleanser_t8,epi_score,413,0.756616,0.038980,1.263920e-05,1.171200e-04,831,0.025987,2.305509e-06,0.051974,2.285896e-05,0.000000e+00,63,1,0,1,1,0
021_bleach_cleanser,s0_epi_score_021_bleach_cleanser_t9,epi_score,187,0.874659,0.039095,3.054045e-05,2.565858e-04,1279,0.026064,2.074211e-05,0.052127,5.908842e-05,6.618619e-01,435,1,0,1,1,0
005_tomato_soup_can,s0_patch_only_005_tomato_soup_can_t0,patch_only,364,0.803944,0.019010,5.013931e-07,1.946443e-06,407,0.012673,2.138314e-07,0.025346,6.382339e-07,2.087903e-01,557,1,0,1,1,0
005_tomato_soup_can,s0_patch_only_005_tomato_soup_can_t1,patch_only,778,0.695457,0.018971,5.548824e-07,1.577092e-06,622,0.012647,5.945744e-07,0.025295,5.751271e-07,2.214118e-01,528,1,0,1,1,0
005_tomato_soup_can,s0_patch_only_005_tomato_soup_can_t2,patch_only,433,0.820887,0.019150,5.817599e-07,1.606656e-06,464,0.012767,3.947278e-07,0.025533,6.412579e-07,2.662553e-01,618,1,0,1,1,1
005_tomato_soup_can,s0_patch_only_005_tomato_soup_can_t3,patch_only,926,0.505448,0.018978,4.351232e-07,1.373547e-06,446,0.012652,4.200180e-07,0.025304,4.659693e-07,2.944547e-01,643,1,0,1,1,1
005_tomato_soup_can,s0_patch_only_005_tomato_soup_can_t4,patch_only,633,0.710614,0.018764,5.678094e-07,1.588793e-06,488,0.012509,6.371589e-07,0.025018,5.508628e-07,3.009943e-01,653,1,0,1,1,1
005_tomato_soup_can,s0_patch_only_005_tomato_soup_can_t5,patch_only,945,0.355691,0.005849,0.000000e+00,0.000000e+00,253,0.003899,0.000000e+00,0.007799,5.406021e-08,9.405219e-01,1043,1,0,1,1,0
005_tomato_soup_can,s0_patch_only_005_tomato_soup_can_t6,patch_only,640,0.749667,0.019133,4.307098e-07,1.396597e-06,432,0.012755,4.043377e-07,0.025511,5.063289e-07,1.873529e-01,536,1,0,1,1,0
005_tomato_soup_can,s0_patch_only_005_tomato_soup_can_t7,patch_only,293,0.821489,0.018806,5.173152e-07,1.502038e-06,436,0.012538,4.562350e-07,0.025075,5.331034e-07,3.908543e-01,709,1,0,1,1,0
005_tomato_soup_can,s0_patch_only_005_tomato_soup_can_t8,patch_only,833,0.646162,0.018797,5.634113e-07,1.665257e-06,670,0.012531,5.506412e-07,0.025062,6.014660e-07,2.259910e-01,557,1,0,1,1,0
005_tomato_soup_can,s0_patch_only_005_tomato_soup_can_t9,patch_only,991,0.010950,0.018795,5.029488e-07,1.309098e-06,478,0.012530,4.890413e-07,0.025060,5.336665e-07,4.475810e-01,818,1,0,1,1,0
061_foam_brick,s0_patch_only_061_foam_brick_t0,patch_only,891,0.283576,0.016189,5.614477e-07,1.174937e-06,827,0.010793,5.050567e-07,0.021586,2.847791e-06,1.202728e+00,1164,1,0,1,1,0
061_foam_brick,s0_patch_only_061_foam_brick_t1,patch_only,655,0.603589,0.016540,6.706707e-07,1.354768e-06,1669,0.011026,5.881043e-07,0.022053,2.824357e-06,1.404361e+00,1984,1,0,1,1,0
061_foam_brick,s0_patch_only_061_foam_brick_t2,patch_only,871,0.218689,0.016791,8.497372e-07,1.285215e-06,1433,0.011194,8.680058e-07,0.022388,3.487100e-06,5.125785e-01,732,1,0,1,1,0
061_foam_brick,s0_patch_only_061_foam_brick_t3,patch_only,767,0.503098,0.017004,5.564650e-07,1.470976e-06,961,0.011336,5.760592e-07,0.022672,8.321988e-07,1.197095e+00,1352,1,0,1,1,0
061_foam_brick,s0_patch_only_061_foam_brick_t4,patch_only,713,0.491073,0.017011,6.524827e-07,1.401528e-06,919,0.011341,8.165093e-07,0.022682,7.052934e-07,6.207125e-01,939,1,0,1,1,0
061_foam_brick,s0_patch_only_061_foam_brick_t5,patch_only,569,0.676045,0.016750,6.809577e-07,2.385330e-06,961,0.011166,6.475545e-07,0.022333,7.764253e-07,7.494293e-01,895,1,0,1,1,1
061_foam_brick,s0_patch_only_061_foam_brick_t6,patch_only,906,0.244025,0.016895,7.540917e-07,1.621697e-06,1140,0.011263,7.129251e-07,0.022527,1.453016e-06,6.590360e-01,947,1,0,1,1,0
061_foam_brick,s0_patch_only_061_foam_brick_t7,patch_only,778,0.424167,0.017211,4.725582e-07,7.593471e-07,1214,0.011474,4.994829e-07,0.022949,4.917246e-07,1.024929e+00,1750,1,0,1,1,1
061_foam_brick,s0_patch_only_061_foam_brick_t8,patch_only,851,0.341342,0.016970,4.988446e-07,1.061258e-06,1065,0.011313,4.930603e-07,0.022626,5.239461e-07,6.682521e-01,1126,1,0,1,1,0
061_foam_brick,s0_patch_only_061_foam_brick_t9,patch_only,425,0.852659,0.016688,8.556499e-07,1.831756e-06,1491,0.011125,9.744001e-07,0.022251,1.754244e-06,7.116712e-01,1104,1,0,1,1,0
035_power_drill,s0_duarte_mcd_035_power_drill_t0,duarte_mcd,348,0.750687,,,,,,,,,0.000000e+00,161,1,0,1,1,0
035_power_drill,s0_duarte_mcd_035_power_drill_t1,duarte_mcd,208,0.798371,,,,,,,,,7.915838e-01,504,1,0,1,1,0
035_power_drill,s0_duarte_mcd_035_power_drill_t2,duarte_mcd,300,0.764547,,,,,,,,,8.319254e-01,481,1,0,1,1,0
035_power_drill,s0_duarte_mcd_035_power_drill_t3,duarte_mcd,257,0.821566,,,,,,,,,1.031189e+00,484,1,0,1,1,0
035_power_drill,s0_duarte_mcd_035_power_drill_t4,duarte_mcd,0,0.874025,,,,,,,,,0.000000e+00,0,0,0,1,1,
035_power_drill,s0_duarte_mcd_035_power_drill_t5,duarte_mcd,14,0.962668,,,,,,,,,0.000000e+00,173,1,0,1,1,0
035_power_drill,s0_duarte_mcd_035_power_drill_t6,duarte_mcd,522,0.688966,,,,,,,,,0.000000e+00,211,1,0,1,1,0
035_power_drill,s0_duarte_mcd_035_power_drill_t7,duarte_mcd,130,0.946162,,,,,,,,,3.737035e-01,797,1,0,1,1,0
035_power_drill,s0_duarte_mcd_035_power_drill_t8,duarte_mcd,508,0.741915,,,,,,,,,3.206333e-02,181,1,0,1,1,0
035_power_drill,s0_duarte_mcd_035_power_drill_t9,duarte_mcd,306,0.757974,,,,,,,,,2.092718e-03,190,1,0,1,1,0
021_bleach_cleanser,s1_partial_only_021_bleach_cleanser_t0,partial_only,2,0.946116,,,,,,,,,,,1,0,1,1,1
021_bleach_cleanser,s1_partial_only_021_bleach_cleanser_t1,partial_only,130,0.908700,,,,,,,,,,,1,0,1,1,1
021_bleach_cleanser,s1_partial_only_021_bleach_cleanser_t2,partial_only,70,0.923242,,,,,,,,,,,1,0,1,1,0
021_bleach_cleanser,s1_partial_only_021_bleach_cleanser_t3,partial_only,5,0.929153,,,,,,,,,,,1,0,1,1,0
021_bleach_cleanser,s1_partial_only_021_bleach_cleanser_t4,partial_only,4,0.926295,,,,,,,,,,,1,0,1,1,1
021_bleach_cleanser,s1_partial_only_021_bleach_cleanser_t5,partial_only,1,0.935139,,,,,,,,,,,1,0,1,1,1
021_bleach_cleanser,s1_partial_only_021_bleach_cleanser_t6,partial_only,31,0.933757,,,,,,,,,,,1,0,1,1,0
021_bleach_cleanser,s1_partial_only_021_bleach_cleanser_t7,partial_only,7,0.923567,,,,,,,,,,,1,0,1,1,0
021_bleach_cleanser,s1_partial_only_021_bleach_cleanser_t8,partial_only,3,0.953589,,,,,,,,,,,1,0,1,1,1
021_bleach_cleanser,s1_partial_only_021_bleach_cleanser_t9,partial_only,2,0.951530,,,,,,,,,,,1,0,1,1,1
005_tomato_soup_can,s1_complete_only_005_tomato_soup_can_t0,complete_only,283,0.828878,0.019058,8.449264e-07,1.629839e-06,718,0.012706,8.008528e-07,0.025411,8.350318e-07,4.852049e-01,849,1,0,1,1,1
005_tomato_soup_can,s1_complete_only_005_tomato_soup_can_t2,complete_only,172,0.839251,0.018665,1.747605e-06,2.122769e-06,376,0.012443,1.773145e-06,0.024887,1.338096e-06,2.894971e-01,659,1,0,1,1,1
005_tomato_soup_can,s1_complete_only_005_tomato_soup_can_t3,complete_only,137,0.863996,0.018784,1.153119e-06,1.783640e-06,430,0.012523,1.647372e-06,0.025046,9.606119e-07,2.372114e-01,607,1,0,1,1,1
005_tomato_soup_can,s1_complete_only_005_tomato_soup_can_t4,complete_only,332,0.846795,0.019096,1.167691e-06,2.123543e-06,553,0.012731,1.103165e-06,0.025462,8.854591e-07,3.067226e-01,676,1,0,1,1,1
005_tomato_soup_can,s1_complete_only_005_tomato_soup_can_t5,complete_only,85,0.876269,0.018898,8.363916e-07,1.617879e-06,684,0.012599,7.954370e-07,0.025198,8.289452e-07,5.570328e-01,944,1,0,1,1,1
005_tomato_soup_can,s1_complete_only_005_tomato_soup_can_t6,complete_only,128,0.851605,0.018958,1.301471e-06,2.057349e-06,489,0.012638,1.464192e-06,0.025277,1.224558e-06,2.867531e-01,623,1,0,1,1,1
005_tomato_soup_can,s1_complete_only_005_tomato_soup_can_t7,complete_only,324,0.854759,0.019104,7.830866e-07,1.844350e-06,547,0.012736,7.819398e-07,0.025471,8.513275e-07,2.723799e-01,647,1,0,1,1,1
005_tomato_soup_can,s1_complete_only_005_tomato_soup_can_t8,complete_only,153,0.848622,0.018730,1.188985e-06,1.883727e-06,418,0.012487,1.313306e-06,0.024973,1.013811e-06,2.575595e-01,633,1,0,1,1,1
005_tomato_soup_can,s1_complete_only_005_tomato_soup_can_t9,complete_only,316,0.856705,0.018814,8.513477e-07,1.596579e-06,497,0.012542,8.294912e-07,0.025085,7.134820e-07,2.555564e-01,598,1,0,1,1,0
061_foam_brick,s1_complete_only_061_foam_brick_t0,complete_only,586,0.614593,0.016198,9.098368e-07,1.809539e-06,1098,0.010799,7.794312e-07,0.021597,1.384225e-06,8.341426e-01,1161,1,0,1,1,1
061_foam_brick,s1_complete_only_061_foam_brick_t1,complete_only,534,0.762355,0.017241,6.999059e-07,2.678858e-06,974,0.011494,8.000320e-07,0.022988,9.530694e-07,9.715761e-01,905,1,0,1,1,1
061_foam_brick,s1_complete_only_061_foam_brick_t2,complete_only,392,0.817695,0.017423,7.659935e-06,5.616451e-06,2815,0.011615,1.029873e-05,0.023230,7.930219e-06,1.452827e+00,1701,1,0,1,1,1
061_foam_brick,s1_complete_only_061_foam_brick_t3,complete_only,3,0.836483,0.012022,0.000000e+00,0.000000e+00,636,0.008015,0.000000e+00,0.016029,2.746693e-06,4.965243e+00,8021,1,0,1,1,0
061_foam_brick,s1_complete_only_061_foam_brick_t4,complete_only,470,0.655946,0.016644,2.808427e-06,7.286921e-06,939,0.011096,1.698058e-06,0.022192,3.677155e-06,1.090103e+00,1003,1,0,1,1,1
061_foam_brick,s1_complete_only_061_foam_brick_t5,complete_only,61,0.956211,0.016387,9.206541e-07,2.144638e-06,1716,0.010925,9.112624e-07,0.021849,3.045425e-06,1.561045e+00,1537,1,0,1,1,0
061_foam_brick,s1_complete_only_061_foam_brick_t6,complete_only,405,0.800326,0.017280,1.988983e-06,7.607298e-06,1120,0.011520,8.115930e-07,0.023040,2.494342e-06,2.560793e+00,1562,1,0,1,1,1
061_foam_brick,s1_complete_only_061_foam_brick_t7,complete_only,616,0.732565,0.017367,3.252184e-06,8.665192e-06,1409,0.011578,1.804076e-06,0.023156,4.515922e-06,9.847987e-01,938,1,0,1,1,1
061_foam_brick,s1_complete_only_061_foam_brick_t8,complete_only,65,0.946249,0.017043,2.242816e-06,5.091980e-06,2326,0.011362,7.458823e-07,0.022723,2.399749e-06,2.992934e+00,2718,1,0,1,1,1
061_foam_brick,s1_complete_only_061_foam_brick_t9,complete_only,579,0.758545,0.016208,1.869555e-06,3.972832e-06,1104,0.010805,1.963001e-06,0.021611,5.101342e-06,9.731883e-01,1207,1,0,1,1,1
035_power_drill,s1_complete_epi_035_power_drill_t0,complete_epi,210,0.848650,0.041747,1.235468e-06,7.085008e-06,982,0.027831,6.503282e-07,0.055663,1.473801e-06,0.000000e+00,163,1,0,1,1,0
035_power_drill,s1_complete_epi_035_power_drill_t1,complete_epi,47,0.835614,0.044178,2.771461e-05,7.494200e-05,886,0.029452,3.431598e-06,0.058904,6.486832e-05,0.000000e+00,165,1,0,1,1,0
035_power_drill,s1_complete_epi_035_power_drill_t2,complete_epi,641,0.686277,0.038928,5.818407e-06,1.216844e-05,1858,0.025952,3.986579e-06,0.051904,1.712910e-05,1.453827e-01,290,1,0,1,1,0
035_power_drill,s1_complete_epi_035_power_drill_t3,complete_epi,215,0.804160,0.049548,8.951973e-05,2.717618e-04,2078,0.033032,7.844845e-05,0.066064,1.110177e-04,2.042783e+00,745,1,0,1,1,0
035_power_drill,s1_complete_epi_035_power_drill_t4,complete_epi,259,0.758930,0.043075,4.860860e-05,1.101179e-04,1479,0.028717,8.465948e-06,0.057434,1.114795e-04,2.622755e-03,110,1,0,1,1,0
035_power_drill,s1_complete_epi_035_power_drill_t5,complete_epi,571,0.699742,0.041877,4.138169e-05,1.959010e-04,1670,0.027918,2.884935e-05,0.055836,7.325976e-05,3.301226e-01,217,1,0,1,1,0
035_power_drill,s1_complete_epi_035_power_drill_t6,complete_epi,617,0.655994,0.043585,2.265584e-05,4.104718e-05,1812,0.029056,9.092994e-06,0.058113,4.168203e-05,1.577768e-01,172,1,0,1,1,0
035_power_drill,s1_complete_epi_035_power_drill_t7,complete_epi,288,0.676309,0.043643,1.769086e-04,8.635425e-04,1230,0.029096,6.226772e-05,0.058191,2.634551e-04,1.008789e+00,262,1,0,1,1,0
035_power_drill,s1_complete_epi_035_power_drill_t8,complete_epi,67,0.955520,0.022790,1.185318e-06,1.804620e-06,2414,0.015194,8.949142e-07,0.030387,2.064819e-06,1.282550e+00,1633,1,0,1,1,0
035_power_drill,s1_complete_epi_035_power_drill_t9,complete_epi,119,0.826474,0.042761,1.150841e-05,2.708375e-05,1321,0.028508,5.749655e-06,0.057015,3.195858e-05,0.000000e+00,164,1,0,1,1,0
021_bleach_cleanser,s1_epi_score_021_bleach_cleanser_t0,epi_score,385,0.758916,0.038889,2.321973e-05,1.909882e-04,2275,0.025926,1.817333e-05,0.051852,2.775113e-05,5.565013e-01,331,1,0,1,1,0
021_bleach_cleanser,s1_epi_score_021_bleach_cleanser_t1,epi_score,967,0.193526,0.013160,3.078648e-09,0.000000e+00,345,0.008773,0.000000e+00,0.017547,3.336876e-07,0.000000e+00,166,1,0,1,1,0
021_bleach_cleanser,s1_epi_score_021_bleach_cleanser_t2,epi_score,33,0.904146,0.039195,2.691582e-05,2.679080e-04,1598,0.026130,2.693831e-05,0.052260,2.036626e-05,4.521510e-01,389,1,0,1,1,0
021_bleach_cleanser,s1_epi_score_021_bleach_cleanser_t3,epi_score,737,0.445493,0.046800,8.567658e-06,2.644291e-05,2244,0.031200,6.061227e-06,0.062400,9.539822e-06,1.522526e-01,223,1,0,1,1,1
021_bleach_cleanser,s1_epi_score_021_bleach_cleanser_t4,epi_score,0,0.859743,0.258015,nan,nan,0,0.172010,nan,0.344020,nan,0.000000e+00,0,0,0,1,1,
021_bleach_cleanser,s1_epi_score_021_bleach_cleanser_t5,epi_score,617,0.736104,0.040595,1.434743e-05,6.741060e-05,1543,0.027064,3.416745e-06,0.054127,2.692192e-05,3.600468e-01,340,1,0,1,1,1
021_bleach_cleanser,s1_epi_score_021_bleach_cleanser_t6,epi_score,641,0.571853,0.039409,1.346007e-05,1.029847e-04,977,0.026273,2.009569e-06,0.052546,2.966536e-05,0.000000e+00,73,1,0,1,1,0
021_bleach_cleanser,s1_epi_score_021_bleach_cleanser_t7,epi_score,551,0.630122,0.039440,9.748737e-06,4.543640e-05,1262,0.026293,2.382570e-06,0.052586,1.636204e-05,9.697610e-02,173,1,0,1,1,1
021_bleach_cleanser,s1_epi_score_021_bleach_cleanser_t8,epi_score,959,0.120741,0.040399,5.393586e-07,0.000000e+00,708,0.026933,0.000000e+00,0.053866,6.362577e-06,0.000000e+00,61,1,0,1,1,0
021_bleach_cleanser,s1_epi_score_021_bleach_cleanser_t9,epi_score,439,0.719034,0.040007,1.145064e-05,5.338849e-05,1033,0.026671,7.950987e-06,0.053343,2.328851e-05,0.000000e+00,137,1,0,1,1,0
005_tomato_soup_can,s1_patch_only_005_tomato_soup_can_t0,patch_only,978,0.265387,0.019058,5.642720e-07,1.584569e-06,782,0.012706,6.178549e-07,0.025411,6.475647e-07,1.963498e-01,424,1,0,1,1,0
005_tomato_soup_can,s1_patch_only_005_tomato_soup_can_t1,patch_only,635,0.721240,0.019051,5.117690e-07,1.431583e-06,535,0.012700,3.303441e-07,0.025401,5.932420e-07,1.995725e-01,513,1,0,1,1,0
005_tomato_soup_can,s1_patch_only_005_tomato_soup_can_t2,patch_only,270,0.814077,0.018663,5.742274e-07,1.882632e-06,412,0.012442,3.083807e-07,0.024884,7.011612e-07,2.085285e-01,573,1,0,1,1,1
005_tomato_soup_can,s1_patch_only_005_tomato_soup_can_t3,patch_only,301,0.831620,0.018812,5.850263e-07,1.605051e-06,489,0.012542,6.056753e-07,0.025083,6.010101e-07,2.733047e-01,636,1,0,1,1,1
005_tomato_soup_can,s1_patch_only_005_tomato_soup_can_t4,patch_only,968,0.256016,0.019103,4.953541e-07,1.640103e-06,673,0.012735,4.495304e-07,0.025470,5.358106e-07,1.590899e-01,412,1,0,1,1,0
005_tomato_soup_can,s1_patch_only_005_tomato_soup_can_t5,patch_only,966,0.230557,0.019138,6.012945e-07,1.666042e-06,488,0.012759,6.593094e-07,0.025518,5.845878e-07,3.869424e-01,860,1,0,1,1,1
005_tomato_soup_can,s1_patch_only_005_tomato_soup_can_t6,patch_only,901,0.538275,0.019008,6.030344e-07,2.063386e-06,425,0.012672,5.113130e-07,0.025344,6.406912e-07,2.092799e-01,520,1,0,1,1,1
005_tomato_soup_can,s1_patch_only_005_tomato_soup_can_t8,patch_only,549,0.745344,0.018775,6.047183e-07,1.723461e-06,461,0.012516,7.426008e-07,0.025033,5.975110e-07,2.441199e-01,601,1,0,1,1,1
005_tomato_soup_can,s1_patch_only_005_tomato_soup_can_t9,patch_only,490,0.796516,0.018780,4.916750e-07,1.436778e-06,441,0.012520,4.779771e-07,0.025040,5.152552e-07,2.965990e-01,644,1,0,1,1,1
061_foam_brick,s1_patch_only_061_foam_brick_t0,patch_only,896,0.224216,0.016198,8.283331e-07,2.144846e-06,918,0.010799,4.915162e-07,0.021597,1.255579e-06,3.611137e-01,672,1,0,1,1,0
061_foam_brick,s1_patch_only_061_foam_brick_t1,patch_only,625,0.711198,0.017274,6.981315e-07,2.574878e-06,1137,0.011516,8.499141e-07,0.023031,9.767041e-07,9.101034e-01,971,1,0,1,1,0
061_foam_brick,s1_patch_only_061_foam_brick_t2,patch_only,951,0.171623,0.017269,5.674363e-07,1.535870e-06,1212,0.011513,5.864027e-07,0.023026,3.445481e-06,2.331152e+00,2182,1,0,1,1,0
061_foam_brick,s1_patch_only_061_foam_brick_t3,patch_only,653,0.734887,0.016402,5.976405e-07,1.305866e-06,1623,0.010934,5.471891e-07,0.021869,1.597227e-06,1.453044e+00,1492,1,0,1,1,0
061_foam_brick,s1_patch_only_061_foam_brick_t4,patch_only,806,0.347895,0.016641,7.322663e-07,2.598419e-06,822,0.011094,5.965076e-07,0.022188,1.279734e-06,7.258246e-01,770,1,0,1,1,0
061_foam_brick,s1_patch_only_061_foam_brick_t5,patch_only,969,0.061372,0.016378,7.629100e-07,1.546061e-06,952,0.010919,8.516816e-07,0.021838,9.096260e-06,6.872496e-01,1072,1,0,1,1,1
061_foam_brick,s1_patch_only_061_foam_brick_t6,patch_only,875,0.277429,0.017282,9.773917e-07,1.247994e-06,1592,0.011521,7.856893e-07,0.023043,2.297989e-06,8.117995e-01,1314,1,0,1,1,0
061_foam_brick,s1_patch_only_061_foam_brick_t7,patch_only,879,0.205757,0.017399,1.108618e-06,3.554663e-06,1098,0.011599,1.032153e-06,0.023198,1.946733e-06,3.987628e-01,643,1,0,1,1,0
061_foam_brick,s1_patch_only_061_foam_brick_t8,patch_only,948,0.158412,0.017035,4.074426e-07,7.225816e-07,894,0.011357,3.881097e-07,0.022714,4.273109e-07,5.620722e-01,1061,1,0,1,1,1
061_foam_brick,s1_patch_only_061_foam_brick_t9,patch_only,754,0.449440,0.016200,6.160677e-07,9.708529e-07,1256,0.010800,6.665325e-07,0.021600,1.154974e-06,5.240956e-01,908,1,0,1,1,0
035_power_drill,s1_duarte_mcd_035_power_drill_t0,duarte_mcd,468,0.757404,,,,,,,,,9.731438e-03,190,1,0,1,1,0
035_power_drill,s1_duarte_mcd_035_power_drill_t1,duarte_mcd,527,0.658380,,,,,,,,,8.949544e-01,448,1,0,1,1,0
035_power_drill,s1_duarte_mcd_035_power_drill_t2,duarte_mcd,114,0.860966,,,,,,,,,1.166887e+00,715,1,0,1,1,0
035_power_drill,s1_duarte_mcd_035_power_drill_t3,duarte_mcd,88,0.857976,,,,,,,,,3.622968e-01,236,1,0,1,1,0
035_power_drill,s1_duarte_mcd_035_power_drill_t4,duarte_mcd,159,0.906851,,,,,,,,,1.991308e+00,4507,1,0,1,1,0
035_power_drill,s1_duarte_mcd_035_power_drill_t5,duarte_mcd,68,0.922601,,,,,,,,,1.983808e+00,2640,1,0,1,1,0
035_power_drill,s1_duarte_mcd_035_power_drill_t6,duarte_mcd,476,0.759383,,,,,,,,,4.716031e-01,270,1,0,1,1,0
035_power_drill,s1_duarte_mcd_035_power_drill_t7,duarte_mcd,44,0.883099,,,,,,,,,2.035536e+00,1023,1,0,1,1,0
035_power_drill,s1_duarte_mcd_035_power_drill_t8,duarte_mcd,245,0.905514,,,,,,,,,8.468099e-01,1692,1,0,1,1,0
035_power_drill,s1_duarte_mcd_035_power_drill_t9,duarte_mcd,252,0.713887,,,,,,,,,0.000000e+00,26,1,0,1,1,0
021_bleach_cleanser,s2_partial_only_021_bleach_cleanser_t0,partial_only,61,0.910268,,,,,,,,,,,1,0,1,1,0
021_bleach_cleanser,s2_partial_only_021_bleach_cleanser_t1,partial_only,8,0.963794,,,,,,,,,,,1,0,1,1,1
021_bleach_cleanser,s2_partial_only_021_bleach_cleanser_t2,partial_only,98,0.915888,,,,,,,,,,,1,0,1,1,1
021_bleach_cleanser,s2_partial_only_021_bleach_cleanser_t3,partial_only,302,0.819257,,,,,,,,,,,1,0,1,1,0
021_bleach_cleanser,s2_partial_only_021_bleach_cleanser_t4,partial_only,9,0.943800,,,,,,,,,,,1,0,1,1,1
021_bleach_cleanser,s2_partial_only_021_bleach_cleanser_t5,partial_only,159,0.873810,,,,,,,,,,,1,0,1,1,0
021_bleach_cleanser,s2_partial_only_021_bleach_cleanser_t6,partial_only,28,0.923136,,,,,,,,,,,1,0,1,1,1
021_bleach_cleanser,s2_partial_only_021_bleach_cleanser_t7,partial_only,3,0.914084,,,,,,,,,,,1,0,1,1,1
021_bleach_cleanser,s2_partial_only_021_bleach_cleanser_t8,partial_only,47,0.902639,,,,,,,,,,,1,0,1,1,1
021_bleach_cleanser,s2_partial_only_021_bleach_cleanser_t9,partial_only,112,0.888217,,,,,,,,,,,1,0,1,1,1
005_tomato_soup_can,s2_complete_only_005_tomato_soup_can_t0,complete_only,344,0.831852,0.018947,1.296372e-06,1.957838e-06,405,0.012632,1.527163e-06,0.025263,1.037742e-06,2.245232e-01,589,1,0,1,1,1
005_tomato_soup_can,s2_complete_only_005_tomato_soup_can_t1,complete_only,118,0.878634,0.018696,1.454726e-06,1.695891e-06,640,0.012464,1.462562e-06,0.024929,1.280869e-06,5.899375e-01,1008,1,0,1,1,0
005_tomato_soup_can,s2_complete_only_005_tomato_soup_can_t2,complete_only,174,0.839753,0.019024,8.129646e-07,1.497860e-06,725,0.012683,7.630845e-07,0.025365,8.021911e-07,4.614381e-01,848,1,0,1,1,0
005_tomato_soup_can,s2_complete_only_005_tomato_soup_can_t3,complete_only,335,0.844719,0.019139,6.756089e-07,1.418731e-06,530,0.012759,9.022422e-07,0.025519,6.848517e-07,2.232379e-01,599,1,0,1,1,1
005_tomato_soup_can,s2_complete_only_005_tomato_soup_can_t4,complete_only,110,0.848931,0.018621,7.592325e-07,1.428936e-06,765,0.012414,7.079288e-07,0.024829,7.574785e-07,3.737606e-01,767,1,0,1,1,1
005_tomato_soup_can,s2_complete_only_005_tomato_soup_can_t5,complete_only,346,0.841262,0.019032,1.297009e-06,1.603651e-06,450,0.012688,1.437855e-06,0.025376,1.209923e-06,2.931317e-01,637,1,0,1,1,1
005_tomato_soup_can,s2_complete_only_005_tomato_soup_can_t6,complete_only,132,0.858927,0.018864,8.113580e-07,1.601309e-06,756,0.012576,7.537850e-07,0.025152,8.061062e-07,4.633266e-01,851,1,0,1,1,1
005_tomato_soup_can,s2_complete_only_005_tomato_soup_can_t7,complete_only,208,0.877361,0.018658,1.095026e-06,2.048783e-06,496,0.012439,1.130418e-06,0.024878,9.098329e-07,3.537538e-01,714,1,0,1,1,1
005_tomato_soup_can,s2_complete_only_005_tomato_soup_can_t8,complete_only,81,0.885053,0.018597,1.201189e-06,2.850416e-06,472,0.012398,1.417764e-06,0.024796,9.270246e-07,2.954747e-01,651,1,0,1,1,1
005_tomato_soup_can,s2_complete_only_005_tomato_soup_can_t9,complete_only,339,0.836555,0.019138,1.699173e-06,2.066654e-06,416,0.012759,1.742071e-06,0.025518,1.193240e-06,3.277580e-01,706,1,0,1,1,1
061_foam_brick,s2_complete_only_061_foam_brick_t0,complete_only,268,0.912227,0.017153,5.527165e-06,6.763681e-06,1679,0.011435,2.420568e-06,0.022871,6.536053e-06,2.991632e+00,2547,1,0,1,1,1
061_foam_brick,s2_complete_only_061_foam_brick_t1,complete_only,356,0.898630,0.016702,4.155062e-06,3.628268e-06,1890,0.011135,2.613816e-06,0.022270,6.887202e-06,1.403199e+00,1420,1,0,1,1,1
061_foam_brick,s2_complete_only_061_foam_brick_t2,complete_only,433,0.876609,0.017793,4.410328e-06,5.705872e-06,2272,0.011862,1.611430e-06,0.023724,1.024078e-05,4.233612e+00,2314,1,0,1,1,1
061_foam_brick,s2_complete_only_061_foam_brick_t3,complete_only,640,0.494643,0.016474,6.481346e-06,2.340564e-05,961,0.010983,5.243400e-06,0.021965,9.731859e-06,1.424925e+00,1112,1,0,1,1,1
061_foam_brick,s2_complete_only_061_foam_brick_t4,complete_only,274,0.884115,0.016489,2.395135e-06,4.631311e-06,1774,0.010993,1.255939e-06,0.021986,5.071169e-06,2.083145e+00,1987,1,0,1,1,1
061_foam_brick,s2_complete_only_061_foam_brick_t5,complete_only,143,0.943497,0.016236,1.074583e-06,1.456125e-06,1409,0.010824,7.970176e-07,0.021648,5.437162e-06,1.601977e+00,1229,1,0,1,1,1
061_foam_brick,s2_complete_only_061_foam_brick_t6,complete_only,106,0.951199,0.017173,7.277003e-07,2.694546e-06,1392,0.011449,4.315765e-07,0.022898,1.904721e-06,3.151763e+00,2311,1,0,1,1,1
061_foam_brick,s2_complete_only_061_foam_brick_t7,complete_only,243,0.930928,0.017325,8.676156e-06,5.764999e-05,849,0.011550,1.592812e-05,0.023100,1.083933e-05,2.384573e+00,2015,1,0,1,1,1
061_foam_brick,s2_complete_only_061_foam_brick_t8,complete_only,38,0.961780,0.016587,1.320404e-06,2.862141e-06,1528,0.011058,6.122560e-07,0.022115,1.593860e-06,1.166606e+00,1408,1,0,1,1,1
061_foam_brick,s2_complete_only_061_foam_brick_t9,complete_only,419,0.850038,0.016805,1.854835e-06,2.171945e-06,1786,0.011203,6.092383e-07,0.022406,3.666852e-06,2.491881e+00,2199,1,0,1,1,1
035_power_drill,s2_complete_epi_035_power_drill_t0,complete_epi,62,0.887972,0.039149,1.001299e-05,1.382561e-05,1571,0.026099,2.860771e-06,0.052199,1.716805e-05,1.691781e-01,312,1,0,1,1,0
035_power_drill,s2_complete_epi_035_power_drill_t1,complete_epi,578,0.736535,0.041158,3.485653e-06,1.179617e-05,1296,0.027439,3.571666e-06,0.054878,7.837932e-06,0.000000e+00,119,1,0,1,1,0
035_power_drill,s2_complete_epi_035_power_drill_t2,complete_epi,75,0.834660,0.041819,1.925743e-05,6.816174e-05,1276,0.027879,1.035929e-05,0.055758,3.411858e-05,1.565447e-01,251,1,0,1,1,0
035_power_drill,s2_complete_epi_035_power_drill_t3,complete_epi,566,0.600163,0.068277,1.876765e-05,6.596704e-05,5271,0.045518,1.052709e-05,0.091036,4.288821e-05,1.875129e+00,819,1,0,1,1,0
035_power_drill,s2_complete_epi_035_power_drill_t4,complete_epi,357,0.762089,0.142375,0.000000e+00,0.000000e+00,2691,0.094917,0.000000e+00,0.189833,3.688980e-05,0.000000e+00,126,1,0,1,1,0
035_power_drill,s2_complete_epi_035_power_drill_t5,complete_epi,91,0.879777,0.039344,7.155215e-06,1.108563e-05,1274,0.026229,5.050219e-06,0.052458,9.861951e-06,2.412846e-01,284,1,0,1,1,0
035_power_drill,s2_complete_epi_035_power_drill_t6,complete_epi,670,0.597445,0.041750,2.436964e-05,1.100226e-04,1301,0.027834,1.978703e-05,0.055667,3.059482e-05,1.724180e-01,91,1,0,1,1,0
035_power_drill,s2_complete_epi_035_power_drill_t7,complete_epi,731,0.587420,0.047128,2.499158e-05,1.298509e-04,1059,0.031419,4.081080e-06,0.062838,4.735492e-05,4.089345e-02,95,1,0,1,1,0
035_power_drill,s2_complete_epi_035_power_drill_t8,complete_epi,301,0.817141,0.040755,2.327087e-06,6.065715e-06,1444,0.027170,2.793027e-06,0.054340,5.062839e-06,2.584928e-01,363,1,0,1,1,0
035_power_drill,s2_complete_epi_035_power_drill_t9,complete_epi,260,0.733476,0.146338,0.000000e+00,0.000000e+00,3322,0.097558,0.000000e+00,0.195117,4.273694e-05,0.000000e+00,60,1,0,1,1,0
021_bleach_cleanser,s2_epi_score_021_bleach_cleanser_t0,epi_score,174,0.778672,0.039332,1.282347e-05,2.966071e-05,1253,0.026221,6.389561e-06,0.052442,1.739393e-05,0.000000e+00,210,1,0,1,1,0
021_bleach_cleanser,s2_epi_score_021_bleach_cleanser_t1,epi_score,106,0.880591,0.039174,2.360662e-05,1.627426e-04,1757,0.026116,2.603535e-05,0.052232,2.040148e-05,2.675371e-01,283,1,0,1,1,0
021_bleach_cleanser,s2_epi_score_021_bleach_cleanser_t2,epi_score,679,0.491430,0.022192,2.891746e-06,1.108480e-05,1714,0.014795,1.984029e-06,0.029590,4.032996e-06,8.694021e-01,1128,1,0,1,1,0
021_bleach_cleanser,s2_epi_score_021_bleach_cleanser_t3,epi_score,0,0.865090,0.146446,1.290000e-04,2.944391e-04,6668,0.097630,6.337309e-05,0.195261,2.476382e-04,1.898459e+00,494,0,0,1,1,
021_bleach_cleanser,s2_epi_score_021_bleach_cleanser_t4,epi_score,20,0.877978,0.038746,5.088280e-05,1.806892e-04,1520,0.025831,4.684460e-05,0.051661,4.279848e-05,8.229968e-01,392,1,0,1,1,1
021_bleach_cleanser,s2_epi_score_021_bleach_cleanser_t5,epi_score,619,0.579524,0.040155,1.875369e-06,4.041325e-06,498,0.026770,0.000000e+00,0.053541,1.186720e-05,0.000000e+00,53,1,0,1,1,1
021_bleach_cleanser,s2_epi_score_021_bleach_cleanser_t6,epi_score,0,0.824204,0.264344,1.057507e-02,3.174951e-02,11669,0.176230,7.185213e-03,0.352459,1.432999e-02,1.475712e+00,3,0,0,1,1,
021_bleach_cleanser,s2_epi_score_021_bleach_cleanser_t7,epi_score,245,0.795817,0.027251,6.826634e-06,4.556606e-05,902,0.018168,6.689801e-06,0.036335,6.761799e-06,0.000000e+00,265,1,0,1,1,0
021_bleach_cleanser,s2_epi_score_021_bleach_cleanser_t8,epi_score,401,0.682491,0.038749,2.064131e-05,1.308049e-05,647,0.025833,3.214540e-06,0.051666,3.194748e-05,0.000000e+00,68,1,0,1,1,0
021_bleach_cleanser,s2_epi_score_021_bleach_cleanser_t9,epi_score,187,0.794662,0.038998,1.339326e-05,2.379541e-05,753,0.025999,6.571265e-06,0.051997,1.794951e-05,0.000000e+00,123,1,0,1,1,0
005_tomato_soup_can,s2_patch_only_005_tomato_soup_can_t0,patch_only,843,0.641383,0.018947,5.408947e-07,1.577098e-06,541,0.012632,5.056623e-07,0.025263,6.111719e-07,2.323027e-01,565,1,0,1,1,0
005_tomato_soup_can,s2_patch_only_005_tomato_soup_can_t1,patch_only,966,0.305858,0.018784,5.833421e-07,1.608072e-06,820,0.012523,5.453232e-07,0.025046,6.301469e-07,2.028431e-01,467,1,0,1,1,0
005_tomato_soup_can,s2_patch_only_005_tomato_soup_can_t2,patch_only,761,0.672081,0.019029,5.464373e-07,1.488249e-06,574,0.012686,3.611568e-07,0.025372,6.084757e-07,2.191417e-01,515,1,0,1,1,0
005_tomato_soup_can,s2_patch_only_005_tomato_soup_can_t3,patch_only,744,0.695284,0.019141,5.979465e-07,1.346808e-06,854,0.012761,6.124001e-07,0.025522,6.490353e-07,2.381982e-01,645,1,0,1,1,0
005_tomato_soup_can,s2_patch_only_005_tomato_soup_can_t4,patch_only,953,0.407039,0.018632,4.965496e-07,1.559868e-06,474,0.012421,5.633818e-07,0.024842,5.302595e-07,3.933178e-01,713,1,0,1,1,1
005_tomato_soup_can,s2_patch_only_005_tomato_soup_can_t5,patch_only,931,0.463634,0.018998,5.116721e-07,1.438530e-06,613,0.012665,4.786940e-07,0.025331,5.405025e-07,2.942541e-01,605,1,0,1,1,0
005_tomato_soup_can,s2_patch_only_005_tomato_soup_can_t6,patch_only,418,0.804202,0.018872,4.675613e-07,1.664531e-06,441,0.012581,3.975488e-07,0.025162,5.223188e-07,2.341056e-01,604,1,0,1,1,1
005_tomato_soup_can,s2_patch_only_005_tomato_soup_can_t7,patch_only,653,0.764682,0.018871,5.506939e-07,1.775944e-06,493,0.012581,6.246841e-07,0.025162,5.352812e-07,2.695266e-01,622,1,0,1,1,0
005_tomato_soup_can,s2_patch_only_005_tomato_soup_can_t8,patch_only,825,0.633010,0.018671,4.968694e-07,1.651470e-06,468,0.012447,4.805325e-07,0.024895,5.218952e-07,2.778085e-01,646,1,0,1,1,0
005_tomato_soup_can,s2_patch_only_005_tomato_soup_can_t9,patch_only,524,0.802220,0.019017,4.984480e-07,1.578342e-06,458,0.012678,4.815219e-07,0.025356,5.720864e-07,2.854311e-01,622,1,0,1,1,1
061_foam_brick,s2_patch_only_061_foam_brick_t0,patch_only,672,0.653023,0.017153,8.262878e-07,1.343431e-06,1760,0.011435,6.117656e-07,0.022871,1.719522e-06,1.768185e+00,2379,1,0,1,1,0
061_foam_brick,s2_patch_only_061_foam_brick_t1,patch_only,979,0.025836,0.016698,1.082303e-06,1.128501e-06,862,0.011132,8.664781e-07,0.022264,4.609656e-06,1.251108e+00,1417,1,0,1,1,0
061_foam_brick,s2_patch_only_061_foam_brick_t2,patch_only,929,0.172065,0.017998,1.048564e-06,3.923464e-06,1091,0.011999,1.351956e-06,0.023998,7.084498e-06,1.154775e+00,1061,1,0,1,1,1
061_foam_brick,s2_patch_only_061_foam_brick_t3,patch_only,729,0.385363,0.016476,8.795479e-07,1.907639e-06,979,0.010984,9.507759e-07,0.021968,8.900487e-07,1.339041e+00,962,1,0,1,1,1
061_foam_brick,s2_patch_only_061_foam_brick_t4,patch_only,516,0.694542,0.016411,6.120292e-07,1.031699e-06,1503,0.010941,5.881715e-07,0.021881,1.822188e-06,1.280503e+00,1561,1,0,1,1,1
061_foam_brick,s2_patch_only_061_foam_brick_t5,patch_only,959,0.141250,0.016887,7.885537e-07,1.366702e-06,1272,0.011258,7.837922e-07,0.022516,3.927535e-06,8.695318e-01,1223,1,0,1,1,0
061_foam_brick,s2_patch_only_061_foam_brick_t6,patch_only,145,0.944260,0.017197,5.929987e-07,7.907917e-07,1488,0.011465,5.721807e-07,0.022929,1.929622e-06,1.836783e+00,1722,1,0,1,1,0
061_foam_brick,s2_patch_only_061_foam_brick_t7,patch_only,951,0.134333,0.017003,7.810130e-07,1.325611e-06,1048,0.011335,6.996491e-07,0.022670,1.619009e-06,1.531297e+00,1857,1,0,1,1,1
061_foam_brick,s2_patch_only_061_foam_brick_t8,patch_only,704,0.638507,0.016488,4.579568e-07,8.828262e-07,1031,0.010992,4.675213e-07,0.021983,5.593671e-07,6.473007e-01,989,1,0,1,1,0
061_foam_brick,s2_patch_only_061_foam_brick_t9,patch_only,478,0.783717,0.016806,6.223719e-07,1.309606e-06,2063,0.011204,6.115997e-07,0.022409,2.053417e-06,1.898586e+00,2197,1,0,1,1,1
035_power_drill,s2_duarte_mcd_035_power_drill_t0,duarte_mcd,20,0.893859,,,,,,,,,1.457670e+00,625,1,0,1,1,0
035_power_drill,s2_duarte_mcd_035_power_drill_t1,duarte_mcd,233,0.853592,,,,,,,,,6.924318e-01,364,1,0,1,1,0
035_power_drill,s2_duarte_mcd_035_power_drill_t2,duarte_mcd,567,0.669623,,,,,,,,,1.022637e+00,806,1,0,1,1,0
035_power_drill,s2_duarte_mcd_035_power_drill_t3,duarte_mcd,710,0.495525,,,,,,,,,6.196086e-01,274,1,0,1,1,0
035_power_drill,s2_duarte_mcd_035_power_drill_t4,duarte_mcd,343,0.748470,,,,,,,,,0.000000e+00,226,1,0,1,1,0
035_power_drill,s2_duarte_mcd_035_power_drill_t5,duarte_mcd,66,0.868106,,,,,,,,,2.788994e-01,536,1,0,1,1,0
035_power_drill,s2_duarte_mcd_035_power_drill_t6,duarte_mcd,179,0.815960,,,,,,,,,0.000000e+00,174,1,0,1,1,0
035_power_drill,s2_duarte_mcd_035_power_drill_t7,duarte_mcd,216,0.840687,,,,,,,,,1.084925e-02,168,1,0,1,1,0
035_power_drill,s2_duarte_mcd_035_power_drill_t8,duarte_mcd,0,0.929582,,,,,,,,,8.038605e-01,566,1,0,1,1,0
035_power_drill,s2_duarte_mcd_035_power_drill_t9,duarte_mcd,278,0.775416,,,,,,,,,1.318841e+00,562,1,0,1,1,0
021_bleach_cleanser,s0_complete_epi_021_bleach_cleanser_t0,complete_epi,352,0.799932,0.039125,4.833262e-05,3.182125e-04,1036,0.026083,5.630985e-05,0.052167,4.061055e-05,2.509626e-01,303,1,0,1,1,1
021_bleach_cleanser,s0_complete_epi_021_bleach_cleanser_t0,complete_epi,342,0.807958,0.039125,3.504509e-05,2.429179e-04,1089,0.026083,2.426517e-05,0.052167,3.483108e-05,0.000000e+00,187,1,0,1,1,1
021_bleach_cleanser,s0_complete_epi_021_bleach_cleanser_t1,complete_epi,32,0.908038,0.039725,2.715706e-05,1.373523e-04,2112,0.026483,1.897756e-05,0.052966,2.752601e-05,7.440823e-01,558,1,0,1,1,0
021_bleach_cleanser,s0_complete_epi_021_bleach_cleanser_t2,complete_epi,99,0.842992,0.014136,1.185675e-07,0.000000e+00,414,0.009424,0.000000e+00,0.018847,7.787285e-07,4.883814e-02,396,1,0,1,1,0
021_bleach_cleanser,s0_complete_epi_021_bleach_cleanser_t3,complete_epi,243,0.825747,0.039573,3.207260e-05,2.216932e-04,1974,0.026382,2.758331e-05,0.052764,2.876165e-05,9.699888e-01,444,1,0,1,1,1
021_bleach_cleanser,s0_complete_epi_021_bleach_cleanser_t5,complete_epi,407,0.729011,0.040130,1.865509e-05,1.121481e-04,1514,0.026753,1.298977e-05,0.053506,1.797073e-05,1.608914e-01,281,1,0,1,1,1
021_bleach_cleanser,s0_complete_epi_021_bleach_cleanser_t7,complete_epi,214,0.839700,0.039563,8.450964e-07,3.358882e-06,1401,0.026376,0.000000e+00,0.052751,1.340305e-06,0.000000e+00,182,1,0,1,1,1
021_bleach_cleanser,s0_complete_epi_021_bleach_cleanser_t8,complete_epi,19,0.956016,0.018174,4.044419e-06,1.928340e-05,1293,0.012116,3.572953e-06,0.024232,4.915661e-06,3.958299e-01,854,1,0,1,1,0
021_bleach_cleanser,s0_complete_epi_021_bleach_cleanser_t9,complete_epi,121,0.882844,0.039109,3.282689e-05,2.567802e-04,1165,0.026073,1.708173e-05,0.052146,4.529444e-05,5.114758e-01,387,1,0,1,1,0
021_bleach_cleanser,s0_duarte_mcd_021_bleach_cleanser_t0,duarte_mcd,25,0.907002,,,,,,,,,3.074106e-01,308,1,0,1,1,1
021_bleach_cleanser,s0_duarte_mcd_021_bleach_cleanser_t1,duarte_mcd,19,0.867614,,,,,,,,,1.505565e-01,221,1,0,1,1,1
021_bleach_cleanser,s0_duarte_mcd_021_bleach_cleanser_t3,duarte_mcd,5,0.948313,,,,,,,,,6.252481e-01,460,1,0,1,1,0
021_bleach_cleanser,s0_duarte_mcd_021_bleach_cleanser_t4,duarte_mcd,50,0.935394,,,,,,,,,0.000000e+00,178,1,0,1,1,0
021_bleach_cleanser,s0_duarte_mcd_021_bleach_cleanser_t5,duarte_mcd,406,0.833548,,,,,,,,,3.498675e-01,424,1,0,1,1,0
021_bleach_cleanser,s0_duarte_mcd_021_bleach_cleanser_t6,duarte_mcd,0,0.940184,,,,,,,,,0.000000e+00,153,1,0,1,1,0
021_bleach_cleanser,s0_duarte_mcd_021_bleach_cleanser_t7,duarte_mcd,160,0.818430,,,,,,,,,0.000000e+00,202,1,0,1,1,1
021_bleach_cleanser,s0_duarte_mcd_021_bleach_cleanser_t9,duarte_mcd,232,0.771572,,,,,,,,,8.915130e-03,129,1,0,1,1,1
021_bleach_cleanser,s1_complete_epi_021_bleach_cleanser_t0,complete_epi,69,0.893620,0.038889,4.343010e-05,2.464335e-04,1121,0.025926,2.818687e-05,0.051852,4.000716e-05,4.677797e-01,372,1,0,1,1,0
021_bleach_cleanser,s1_complete_epi_021_bleach_cleanser_t1,complete_epi,127,0.842021,0.012771,5.514344e-07,1.187205e-06,636,0.008514,5.821353e-07,0.017028,5.475445e-07,1.380661e+00,2430,1,0,1,1,0
021_bleach_cleanser,s1_complete_epi_021_bleach_cleanser_t2,complete_epi,14,0.931182,0.039147,2.863912e-05,3.562174e-04,1779,0.026098,2.334278e-05,0.052196,2.182231e-05,4.674875e-01,377,1,0,1,1,1
021_bleach_cleanser,s1_complete_epi_021_bleach_cleanser_t3,complete_epi,243,0.855035,0.039334,2.701637e-05,1.740089e-04,1618,0.026223,2.824918e-05,0.052446,3.217680e-05,4.288227e-01,524,1,0,1,1,0
021_bleach_cleanser,s1_complete_epi_021_bleach_cleanser_t4,complete_epi,406,0.775060,0.039614,2.503730e-05,1.468771e-04,1643,0.026410,1.837766e-05,0.052819,3.735274e-05,1.983291e-01,342,1,0,1,1,0
021_bleach_cleanser,s1_complete_epi_021_bleach_cleanser_t5,complete_epi,458,0.724589,0.047970,6.417437e-05,2.184319e-04,2073,0.031980,4.170194e-05,0.063960,6.957581e-05,8.121915e-01,232,1,0,1,1,0
021_bleach_cleanser,s1_complete_epi_021_bleach_cleanser_t6,complete_epi,101,0.873171,0.039439,4.449511e-05,3.179977e-04,1200,0.026293,4.410843e-05,0.052585,4.496658e-05,9.406774e-01,563,1,0,1,1,0
021_bleach_cleanser,s1_complete_epi_021_bleach_cleanser_t7,complete_epi,146,0.835600,0.013782,8.495605e-07,2.080986e-06,897,0.009188,8.149977e-07,0.018377,1.068826e-06,2.108289e-01,613,1,0,1,1,0
021_bleach_cleanser,s1_complete_epi_021_bleach_cleanser_t8,complete_epi,117,0.852006,0.040419,1.273352e-05,1.070610e-04,1196,0.026946,1.123528e-05,0.053892,1.169320e-05,0.000000e+00,191,1,0,1,1,0
021_bleach_cleanser,s1_complete_epi_021_bleach_cleanser_t9,complete_epi,201,0.850157,0.040008,4.357498e-05,2.854385e-04,1024,0.026672,4.392055e-05,0.053344,3.828053e-05,4.670789e-01,404,1,0,1,1,1
021_bleach_cleanser,s1_duarte_mcd_021_bleach_cleanser_t0,duarte_mcd,25,0.942036,,,,,,,,,2.036201e-01,176,1,0,1,1,1
021_bleach_cleanser,s1_duarte_mcd_021_bleach_cleanser_t2,duarte_mcd,24,0.824156,,,,,,,,,3.925852e-01,409,1,0,1,1,0
021_bleach_cleanser,s1_duarte_mcd_021_bleach_cleanser_t3,duarte_mcd,104,0.902575,,,,,,,,,3.540229e-03,78,1,0,1,1,1
021_bleach_cleanser,s1_duarte_mcd_021_bleach_cleanser_t4,duarte_mcd,506,0.847118,,,,,,,,,0.000000e+00,319,1,0,1,1,0
021_bleach_cleanser,s1_duarte_mcd_021_bleach_cleanser_t5,duarte_mcd,465,0.761245,,,,,,,,,9.525527e-03,237,1,0,1,1,0
021_bleach_cleanser,s1_duarte_mcd_021_bleach_cleanser_t6,duarte_mcd,323,0.831304,,,,,,,,,6.129386e-02,200,1,0,1,1,0
021_bleach_cleanser,s1_duarte_mcd_021_bleach_cleanser_t7,duarte_mcd,166,0.856140,,,,,,,,,1.260122e-01,766,1,0,1,1,0
021_bleach_cleanser,s1_duarte_mcd_021_bleach_cleanser_t8,duarte_mcd,140,0.849282,,,,,,,,,4.511942e-03,258,1,0,1,1,1
021_bleach_cleanser,s1_duarte_mcd_021_bleach_cleanser_t9,duarte_mcd,4,0.907604,,,,,,,,,2.814856e-01,362,1,0,1,1,0
021_bleach_cleanser,s2_complete_epi_021_bleach_cleanser_t0,complete_epi,20,0.859906,0.039332,2.408030e-05,1.777741e-04,1398,0.026221,3.309745e-05,0.052442,1.666406e-05,1.052067e-02,191,1,0,1,1,1
021_bleach_cleanser,s2_complete_epi_021_bleach_cleanser_t1,complete_epi,22,0.926637,0.039149,3.850102e-05,2.450035e-04,1247,0.026099,4.578531e-05,0.052199,2.518185e-05,3.448012e-01,241,1,0,1,1,1
021_bleach_cleanser,s2_complete_epi_021_bleach_cleanser_t2,complete_epi,382,0.686102,0.039193,3.218469e-06,8.585765e-06,1254,0.026129,3.025951e-06,0.052257,3.264326e-06,1.124420e-01,152,1,0,1,1,1
021_bleach_cleanser,s2_complete_epi_021_bleach_cleanser_t3,complete_epi,283,0.853149,0.039053,6.518792e-06,4.839084e-05,1651,0.026035,4.237523e-06,0.052071,1.313794e-05,4.790464e-01,549,1,0,1,1,0
021_bleach_cleanser,s2_complete_epi_021_bleach_cleanser_t4,complete_epi,26,0.852017,0.038908,4.727004e-05,3.202821e-04,1184,0.025939,6.307890e-05,0.051877,2.810927e-05,4.138194e-01,305,1,0,1,1,1
021_bleach_cleanser,s2_complete_epi_021_bleach_cleanser_t5,complete_epi,0,0.942870,0.040024,2.913819e-05,1.227147e-04,1073,0.026683,1.622507e-05,0.053366,3.315679e-05,2.736279e-01,270,1,0,1,1,0
021_bleach_cleanser,s2_complete_epi_021_bleach_cleanser_t6,complete_epi,311,0.770017,0.038939,6.743635e-06,2.028761e-05,1306,0.025960,6.363693e-06,0.051919,7.125463e-06,2.126094e-01,298,1,0,1,1,0
021_bleach_cleanser,s2_complete_epi_021_bleach_cleanser_t7,complete_epi,34,0.915861,0.019588,6.992509e-06,1.112451e-05,985,0.013059,4.056995e-06,0.026117,1.007098e-05,1.080914e+00,615,1,0,1,1,0
021_bleach_cleanser,s2_complete_epi_021_bleach_cleanser_t8,complete_epi,35,0.894711,0.038784,3.867904e-05,2.932575e-04,1437,0.025856,4.617445e-05,0.051711,3.212024e-05,1.773437e-02,44,1,0,1,1,0
021_bleach_cleanser,s2_complete_epi_021_bleach_cleanser_t9,complete_epi,12,0.890898,0.038740,3.030173e-05,2.423685e-04,1117,0.025827,3.855480e-05,0.051654,2.157387e-05,2.226937e-02,192,1,0,1,1,1
021_bleach_cleanser,s2_duarte_mcd_021_bleach_cleanser_t0,duarte_mcd,72,0.814205,,,,,,,,,2.315029e-02,203,1,0,1,1,1
021_bleach_cleanser,s2_duarte_mcd_021_bleach_cleanser_t1,duarte_mcd,580,0.536443,,,,,,,,,0.000000e+00,315,1,0,1,1,0
021_bleach_cleanser,s2_duarte_mcd_021_bleach_cleanser_t2,duarte_mcd,323,0.788805,,,,,,,,,1.841259e-01,326,1,0,1,1,0
021_bleach_cleanser,s2_duarte_mcd_021_bleach_cleanser_t3,duarte_mcd,431,0.781391,,,,,,,,,2.475101e-01,351,1,0,1,1,0
021_bleach_cleanser,s2_duarte_mcd_021_bleach_cleanser_t4,duarte_mcd,10,0.892005,,,,,,,,,3.620762e-01,266,1,0,1,1,1
021_bleach_cleanser,s2_duarte_mcd_021_bleach_cleanser_t5,duarte_mcd,113,0.873476,,,,,,,,,1.511749e-01,92,1,0,1,1,0
021_bleach_cleanser,s2_duarte_mcd_021_bleach_cleanser_t6,duarte_mcd,309,0.858443,,,,,,,,,4.823802e-02,230,1,0,1,1,1
021_bleach_cleanser,s2_duarte_mcd_021_bleach_cleanser_t7,duarte_mcd,14,0.957410,,,,,,,,,2.496581e-01,517,1,0,1,1,0
021_bleach_cleanser,s2_duarte_mcd_021_bleach_cleanser_t8,duarte_mcd,4,0.881177,,,,,,,,,5.878031e-03,180,1,0,1,1,1
021_bleach_cleanser,s2_duarte_mcd_021_bleach_cleanser_t9,duarte_mcd,60,0.874583,,,,,,,,,0.000000e+00,195,1,0,1,1,1
025_mug,s0_partial_only_025_mug_t0,partial_only,8,0.921041,,,,,,,,,,,1,0,1,1,0
025_mug,s0_partial_only_025_mug_t1,partial_only,2,0.929511,,,,,,,,,,,1,0,1,1,0
025_mug,s0_partial_only_025_mug_t2,partial_only,0,0.946063,,,,,,,,,,,1,0,1,1,0
025_mug,s0_partial_only_025_mug_t3,partial_only,3,0.908033,,,,,,,,,,,1,0,1,1,0
025_mug,s0_partial_only_025_mug_t4,partial_only,1,0.932092,,,,,,,,,,,1,0,1,1,0
025_mug,s0_partial_only_025_mug_t5,partial_only,1,0.947962,,,,,,,,,,,1,0,1,1,0
025_mug,s0_partial_only_025_mug_t6,partial_only,3,0.937793,,,,,,,,,,,1,0,1,1,0
025_mug,s0_partial_only_025_mug_t7,partial_only,4,0.950238,,,,,,,,,,,1,0,1,1,0
025_mug,s0_partial_only_025_mug_t8,partial_only,2,0.953029,,,,,,,,,,,1,0,1,1,0
025_mug,s0_partial_only_025_mug_t9,partial_only,2,0.944287,,,,,,,,,,,1,0,1,1,0
006_mustard_bottle,s0_complete_only_006_mustard_bottle_t0,complete_only,3,0.895822,0.032858,4.975553e-06,2.175866e-05,1080,0.021906,5.267490e-06,0.043811,4.248191e-06,2.862747e-02,92,1,0,1,1,1
006_mustard_bottle,s0_complete_only_006_mustard_bottle_t1,complete_only,14,0.937749,0.012211,4.060315e-04,1.278127e-03,1371,0.008140,6.562907e-04,0.016281,2.464278e-04,3.890675e+00,4237,1,0,1,1,0
006_mustard_bottle,s0_complete_only_006_mustard_bottle_t2,complete_only,11,0.831935,0.032153,2.346441e-06,1.143862e-05,883,0.021435,9.633452e-07,0.042870,2.960359e-06,0.000000e+00,95,1,0,1,1,1
006_mustard_bottle,s0_complete_only_006_mustard_bottle_t3,complete_only,10,0.933001,0.122588,5.121106e-07,0.000000e+00,4027,0.081726,0.000000e+00,0.163451,6.530546e-07,0.000000e+00,153,1,0,1,1,0
006_mustard_bottle,s0_complete_only_006_mustard_bottle_t4,complete_only,5,0.841590,0.031903,6.176420e-06,2.264790e-05,1349,0.021269,1.303616e-05,0.042538,5.622763e-06,4.665962e-02,166,1,0,1,1,1
006_mustard_bottle,s0_complete_only_006_mustard_bottle_t5,complete_only,1,0.892619,0.032079,1.716614e-06,9.357838e-06,1059,0.021386,6.056673e-07,0.042772,2.390704e-06,0.000000e+00,113,1,0,1,1,1
006_mustard_bottle,s0_complete_only_006_mustard_bottle_t6,complete_only,6,0.931336,0.032622,4.211528e-06,1.902056e-05,972,0.021748,3.674309e-06,0.043495,4.695542e-06,0.000000e+00,98,1,0,1,1,0
006_mustard_bottle,s0_complete_only_006_mustard_bottle_t7,complete_only,184,0.895754,0.029285,1.177409e-05,3.896736e-05,1208,0.019523,1.953898e-05,0.039046,5.120651e-06,1.532252e-01,292,1,0,1,1,1
006_mustard_bottle,s0_complete_only_006_mustard_bottle_t9,complete_only,380,0.688379,0.031995,4.967504e-06,1.402046e-05,2880,0.021330,2.922313e-06,0.042660,6.791546e-06,1.264966e-01,285,1,0,1,1,1
001_chips_can,s0_complete_epi_001_chips_can_t0,complete_epi,383,0.664051,0.058928,5.841522e-05,2.188517e-04,2812,0.039286,5.162355e-05,0.078571,1.078465e-04,8.303274e-01,413,1,0,1,1,0
001_chips_can,s0_complete_epi_001_chips_can_t1,complete_epi,48,0.873038,0.039778,1.583069e-06,5.166167e-06,863,0.026519,1.808362e-06,0.053038,1.580129e-06,1.209025e-02,98,1,0,1,1,0
001_chips_can,s0_complete_epi_001_chips_can_t2,complete_epi,132,0.773932,0.040487,1.783238e-06,6.442171e-06,739,0.026991,1.667288e-06,0.053983,1.756457e-06,1.136687e-01,122,1,0,1,1,0
001_chips_can,s0_complete_epi_001_chips_can_t3,complete_epi,50,0.856989,0.040574,1.429394e-06,5.369279e-06,742,0.027049,1.266836e-06,0.054098,1.614788e-06,2.819423e-02,150,1,0,1,1,0
001_chips_can,s0_complete_epi_001_chips_can_t4,complete_epi,4,0.826903,0.040130,1.236900e-06,4.260195e-06,894,0.026753,1.008945e-06,0.053506,1.413096e-06,3.942415e-03,124,1,0,1,1,0
001_chips_can,s0_complete_epi_001_chips_can_t5,complete_epi,131,0.781394,0.040579,1.951427e-06,6.161602e-06,697,0.027053,2.140207e-06,0.054105,1.804679e-06,1.236730e-02,34,1,0,1,1,0
001_chips_can,s0_complete_epi_001_chips_can_t6,complete_epi,56,0.726384,0.039981,1.815782e-06,4.788265e-06,787,0.026654,1.888874e-06,0.053309,1.731072e-06,4.151647e-02,164,1,0,1,1,0
001_chips_can,s0_complete_epi_001_chips_can_t7,complete_epi,17,0.788100,0.040376,1.588323e-06,7.495843e-06,770,0.026917,1.653280e-06,0.053835,1.550534e-06,9.914004e-03,149,1,0,1,1,0
001_chips_can,s0_complete_epi_001_chips_can_t8,complete_epi,58,0.770411,0.040140,2.102783e-06,5.409236e-06,816,0.026760,2.281370e-06,0.053519,1.935582e-06,3.112589e-02,160,1,0,1,1,0
001_chips_can,s0_complete_epi_001_chips_can_t9,complete_epi,200,0.796353,0.040159,1.937556e-06,5.637758e-06,746,0.026773,1.921965e-06,0.053545,1.906000e-06,4.273135e-02,151,1,0,1,1,0
011_banana,s0_complete_epi_011_banana_t0,complete_epi,788,0.548983,0.032608,9.737065e-05,5.483820e-04,3642,0.021739,1.405995e-04,0.043477,1.025195e-04,1.246789e+00,1230,1,0,1,1,0
011_banana,s0_complete_epi_011_banana_t1,complete_epi,907,0.288953,0.031872,4.568909e-06,1.299790e-05,2706,0.021248,1.795202e-06,0.042496,1.515802e-05,3.592417e-01,484,1,0,1,1,0
011_banana,s0_complete_epi_011_banana_t2,complete_epi,66,0.944807,0.030914,5.743617e-06,2.583585e-05,2326,0.020609,2.275773e-06,0.041218,1.705816e-05,1.200487e+00,1232,1,0,1,1,1
011_banana,s0_complete_epi_011_banana_t3,complete_epi,0,0.982556,0.034580,6.027775e-06,1.940156e-05,3076,0.023053,1.447487e-06,0.046106,2.012534e-05,8.055777e-01,700,0,0,1,1,
011_banana,s0_complete_epi_011_banana_t4,complete_epi,877,0.362690,0.030994,3.345917e-06,1.473367e-05,2730,0.020663,1.764903e-06,0.041326,7.400920e-06,9.166674e-03,144,1,0,1,1,0
011_banana,s0_complete_epi_011_banana_t5,complete_epi,0,0.969583,0.032118,4.940888e-06,1.890405e-05,1978,0.021412,1.733077e-06,0.042824,1.076714e-05,2.777798e-01,502,0,0,1,1,
011_banana,s0_complete_epi_011_banana_t6,complete_epi,261,0.889490,0.031718,2.706831e-05,3.885097e-05,2654,0.021146,6.495612e-06,0.042291,4.173286e-05,8.934086e-01,1109,1,0,1,1,0
011_banana,s0_complete_epi_011_banana_t7,complete_epi,0,0.978679,0.031410,3.049559e-05,9.413651e-05,3219,0.020940,2.849779e-05,0.041880,3.467540e-05,2.705372e+00,2163,0,0,1,1,
011_banana,s0_complete_epi_011_banana_t8,complete_epi,949,0.149643,0.031452,3.027038e-06,9.142549e-06,1105,0.020968,1.725773e-06,0.041935,6.632951e-06,0.000000e+00,42,1,0,1,1,0
011_banana,s0_complete_epi_011_banana_t9,complete_epi,392,0.786720,0.031366,1.258128e-05,4.270375e-05,3480,0.020910,1.010232e-05,0.041821,2.796508e-05,6.211484e-01,853,1,0,1,1,0
025_mug,s0_epi_score_025_mug_t0,epi_score,15,0.915520,0.020684,1.304655e-06,2.200884e-06,1030,0.013789,1.312722e-06,0.027579,1.385453e-06,6.474959e-01,661,1,0,1,1,0
025_mug,s0_epi_score_025_mug_t1,epi_score,21,0.906914,0.021012,1.201340e-06,2.146218e-06,928,0.014008,1.063847e-06,0.028016,1.444232e-06,5.647056e-01,642,1,0,1,1,0
025_mug,s0_epi_score_025_mug_t2,epi_score,25,0.879746,0.020177,9.173118e-07,1.631187e-06,576,0.013451,8.340281e-07,0.026903,1.124966e-06,2.640856e-01,338,1,0,1,1,0
025_mug,s0_epi_score_025_mug_t3,epi_score,26,0.910591,0.021450,1.300970e-06,2.376062e-06,634,0.014300,1.498326e-06,0.028600,1.352018e-06,5.214851e-01,522,1,0,1,1,0
025_mug,s0_epi_score_025_mug_t4,epi_score,1,0.946592,0.020173,1.094300e-06,1.906468e-06,678,0.013449,1.255607e-06,0.026897,1.087568e-06,3.520040e-01,452,1,0,1,1,0
025_mug,s0_epi_score_025_mug_t5,epi_score,58,0.877986,0.020254,1.142962e-06,2.065880e-06,443,0.013503,1.374267e-06,0.027005,1.110400e-06,3.340564e-01,385,1,0,1,1,0
025_mug,s0_epi_score_025_mug_t6,epi_score,101,0.901739,0.020921,1.274511e-06,3.045148e-06,806,0.013947,1.256684e-06,0.027894,1.347708e-06,4.262281e-01,467,1,0,1,1,0
025_mug,s0_epi_score_025_mug_t7,epi_score,473,0.559385,0.020515,2.007639e-05,5.319338e-05,249,0.013677,2.499957e-05,0.027354,1.702467e-05,2.311232e-01,108,1,0,1,1,0
025_mug,s0_epi_score_025_mug_t8,epi_score,224,0.567974,0.020402,1.078222e-06,4.745344e-06,442,0.013601,1.064368e-06,0.027202,3.752294e-06,5.438092e-01,541,1,0,1,1,0
025_mug,s0_epi_score_025_mug_t9,epi_score,0,0.957541,0.020666,1.278793e-06,2.631005e-06,748,0.013777,1.092033e-06,0.027554,1.405960e-06,2.430325e-01,325,1,0,1,1,0
006_mustard_bottle,s0_patch_only_006_mustard_bottle_t0,patch_only,201,0.753642,0.032858,3.657075e-06,2.056123e-05,1031,0.021906,3.776993e-06,0.043811,3.978268e-06,0.000000e+00,91,1,0,1,1,1
006_mustard_bottle,s0_patch_only_006_mustard_bottle_t1,patch_only,39,0.858066,0.031623,4.881021e-06,3.651120e-05,1342,0.021082,2.443208e-06,0.042165,7.076268e-06,7.598035e-03,190,1,0,1,1,0
006_mustard_bottle,s0_patch_only_006_mustard_bottle_t2,patch_only,239,0.685912,0.032151,1.418019e-06,1.116580e-05,520,0.021434,2.429011e-07,0.042868,3.012495e-06,0.000000e+00,42,1,0,1,1,1
006_mustard_bottle,s0_patch_only_006_mustard_bottle_t3,patch_only,205,0.801040,0.032885,2.680164e-06,7.300399e-06,2225,0.021924,2.716724e-06,0.043847,3.710525e-06,1.753345e-01,375,1,0,1,1,0
006_mustard_bottle,s0_patch_only_006_mustard_bottle_t4,patch_only,222,0.713039,0.031917,3.965464e-06,1.992353e-05,941,0.021278,3.326878e-06,0.042556,4.701398e-06,0.000000e+00,131,1,0,1,1,0
006_mustard_bottle,s0_patch_only_006_mustard_bottle_t5,patch_only,8,0.860477,0.032273,1.542594e-06,1.034212e-05,647,0.021515,4.562693e-07,0.043030,2.741117e-06,0.000000e+00,81,1,0,1,1,1
006_mustard_bottle,s0_patch_only_006_mustard_bottle_t6,patch_only,881,0.306040,0.030734,3.450269e-07,0.000000e+00,548,0.020490,0.000000e+00,0.040979,2.755980e-06,0.000000e+00,67,1,0,1,1,1
006_mustard_bottle,s0_patch_only_006_mustard_bottle_t7,patch_only,982,0.143304,0.050966,6.072626e-05,1.980428e-04,11306,0.033977,2.011705e-05,0.067955,9.560054e-05,0.000000e+00,174,1,0,1,1,1
006_mustard_bottle,s0_patch_only_006_mustard_bottle_t8,patch_only,701,0.493954,0.047714,2.909811e-05,1.063023e-04,3698,0.031809,1.484810e-05,0.063618,4.359003e-05,3.369936e-01,327,1,0,1,1,0
006_mustard_bottle,s0_patch_only_006_mustard_bottle_t9,patch_only,430,0.674510,0.032038,4.059137e-06,1.930443e-05,1324,0.021359,5.467441e-06,0.042718,4.371079e-06,5.554181e-02,142,1,0,1,1,1
001_chips_can,s0_duarte_mcd_001_chips_can_t0,duarte_mcd,131,0.802517,,,,,,,,,5.491531e-01,368,1,0,1,1,0
001_chips_can,s0_duarte_mcd_001_chips_can_t1,duarte_mcd,69,0.800743,,,,,,,,,0.000000e+00,84,1,0,1,1,0
001_chips_can,s0_duarte_mcd_001_chips_can_t2,duarte_mcd,72,0.846249,,,,,,,,,1.624151e-02,163,1,0,1,1,0
001_chips_can,s0_duarte_mcd_001_chips_can_t3,duarte_mcd,123,0.757964,,,,,,,,,7.143557e-01,378,1,0,1,1,0
001_chips_can,s0_duarte_mcd_001_chips_can_t4,duarte_mcd,31,0.760542,,,,,,,,,0.000000e+00,135,1,0,1,1,0
001_chips_can,s0_duarte_mcd_001_chips_can_t5,duarte_mcd,79,0.789107,,,,,,,,,2.429999e-03,165,1,0,1,1,0
001_chips_can,s0_duarte_mcd_001_chips_can_t6,duarte_mcd,65,0.774609,,,,,,,,,5.709978e-03,208,1,0,1,1,0
001_chips_can,s0_duarte_mcd_001_chips_can_t7,duarte_mcd,91,0.740613,,,,,,,,,5.367745e-03,160,1,0,1,1,0
001_chips_can,s0_duarte_mcd_001_chips_can_t8,duarte_mcd,0,0.899791,,,,,,,,,0.000000e+00,154,1,0,1,1,0
001_chips_can,s0_duarte_mcd_001_chips_can_t9,duarte_mcd,185,0.727196,,,,,,,,,0.000000e+00,157,1,0,1,1,0
011_banana,s0_duarte_mcd_011_banana_t0,duarte_mcd,797,0.488341,,,,,,,,,1.738774e+00,1680,1,0,1,1,0
011_banana,s0_duarte_mcd_011_banana_t1,duarte_mcd,104,0.922361,,,,,,,,,2.064338e+00,1989,1,0,1,1,0
011_banana,s0_duarte_mcd_011_banana_t2,duarte_mcd,712,0.692034,,,,,,,,,6.619212e-01,880,1,0,1,1,0
011_banana,s0_duarte_mcd_011_banana_t3,duarte_mcd,872,0.433397,,,,,,,,,1.079075e+00,961,1,0,1,1,0
011_banana,s0_duarte_mcd_011_banana_t4,duarte_mcd,853,0.436830,,,,,,,,,7.086817e-01,813,1,0,1,1,0
011_banana,s0_duarte_mcd_011_banana_t5,duarte_mcd,803,0.540504,,,,,,,,,9.076930e-01,571,1,0,1,1,1
011_banana,s0_duarte_mcd_011_banana_t6,duarte_mcd,644,0.764881,,,,,,,,,7.488093e-01,1092,1,0,1,1,0
011_banana,s0_duarte_mcd_011_banana_t7,duarte_mcd,972,0.096940,,,,,,,,,1.087891e+00,1707,1,0,1,1,0
011_banana,s0_duarte_mcd_011_banana_t8,duarte_mcd,921,0.259041,,,,,,,,,4.668392e-01,523,1,0,1,1,0
011_banana,s0_duarte_mcd_011_banana_t9,duarte_mcd,613,0.710069,,,,,,,,,4.752374e-01,785,1,0,1,1,0
025_mug,s1_partial_only_025_mug_t0,partial_only,0,0.950682,,,,,,,,,,,1,0,1,1,0
025_mug,s1_partial_only_025_mug_t1,partial_only,0,0.966763,,,,,,,,,,,1,0,1,1,0
025_mug,s1_partial_only_025_mug_t2,partial_only,1,0.940796,,,,,,,,,,,1,0,1,1,0
025_mug,s1_partial_only_025_mug_t3,partial_only,0,0.951710,,,,,,,,,,,1,0,1,1,0
025_mug,s1_partial_only_025_mug_t4,partial_only,0,0.918250,,,,,,,,,,,1,0,1,1,0
025_mug,s1_partial_only_025_mug_t5,partial_only,0,0.960292,,,,,,,,,,,1,0,1,1,0
025_mug,s1_partial_only_025_mug_t6,partial_only,0,0.950203,,,,,,,,,,,1,0,1,1,0
025_mug,s1_partial_only_025_mug_t7,partial_only,1,0.937536,,,,,,,,,,,1,0,1,1,0
025_mug,s1_partial_only_025_mug_t8,partial_only,1,0.952893,,,,,,,,,,,1,0,1,1,0
025_mug,s1_partial_only_025_mug_t9,partial_only,0,0.940945,,,,,,,,,,,1,0,1,1,0
006_mustard_bottle,s1_complete_only_006_mustard_bottle_t0,complete_only,57,0.790850,0.031806,3.722630e-06,1.538475e-05,1907,0.021204,2.965035e-06,0.042408,4.300661e-06,4.302003e-02,184,1,0,1,1,1
006_mustard_bottle,s1_complete_only_006_mustard_bottle_t1,complete_only,8,0.894160,0.027682,4.609761e-06,2.799251e-05,2358,0.018455,9.618899e-06,0.036910,3.698310e-06,6.343197e-03,396,1,0,1,1,1
006_mustard_bottle,s1_complete_only_006_mustard_bottle_t2,complete_only,0,0.944615,0.022693,1.381798e-06,9.771139e-06,1661,0.015129,0.000000e+00,0.030258,1.632907e-06,0.000000e+00,403,1,0,1,1,0
006_mustard_bottle,s1_complete_only_006_mustard_bottle_t3,complete_only,5,0.947973,0.031692,3.563873e-06,9.800413e-06,2098,0.021128,2.661449e-06,0.042256,3.993227e-06,4.655790e-01,452,1,0,1,1,0
006_mustard_bottle,s1_complete_only_006_mustard_bottle_t4,complete_only,37,0.831819,0.032129,4.835573e-06,1.288049e-05,1618,0.021419,3.811175e-06,0.042839,5.530565e-06,9.147392e-02,211,1,0,1,1,1
006_mustard_bottle,s1_complete_only_006_mustard_bottle_t5,complete_only,164,0.801915,0.032251,8.074715e-06,2.487735e-05,2864,0.021501,5.779716e-06,0.043002,1.292094e-05,6.275378e-01,557,1,0,1,1,1
006_mustard_bottle,s1_complete_only_006_mustard_bottle_t6,complete_only,314,0.707634,0.036962,8.332743e-06,2.696188e-05,2542,0.024641,6.889720e-06,0.049282,9.053920e-06,3.399764e-01,223,1,0,1,1,1
006_mustard_bottle,s1_complete_only_006_mustard_bottle_t7,complete_only,61,0.832026,0.032769,9.388350e-06,2.816884e-05,1974,0.021846,5.548731e-06,0.043691,1.404631e-05,2.327178e-01,245,1,0,1,1,1
006_mustard_bottle,s1_complete_only_006_mustard_bottle_t8,complete_only,239,0.855032,0.040745,5.939846e-05,2.060803e-04,3133,0.027163,6.465480e-05,0.054327,5.278213e-05,6.302708e-01,496,1,0,1,1,0
006_mustard_bottle,s1_complete_only_006_mustard_bottle_t9,complete_only,2,0.894189,0.032423,3.465105e-06,1.507278e-05,993,0.021615,2.474408e-06,0.043230,4.531943e-06,0.000000e+00,94,1,0,1,1,1
001_chips_can,s1_complete_epi_001_chips_can_t0,complete_epi,110,0.845920,0.040029,1.995977e-06,5.032457e-06,763,0.026686,2.099047e-06,0.053372,1.934909e-06,3.893281e-03,178,1,0,1,1,0
001_chips_can,s1_complete_epi_001_chips_can_t1,complete_epi,25,0.889060,0.040455,2.052139e-06,6.332491e-06,718,0.026970,2.311128e-06,0.053940,1.889178e-06,7.693403e-02,139,1,0,1,1,0
001_chips_can,s1_complete_epi_001_chips_can_t2,complete_epi,156,0.692274,0.040056,1.244831e-06,3.397189e-06,1003,0.026704,1.002406e-06,0.053407,1.367345e-06,2.202513e-02,190,1,0,1,1,1
001_chips_can,s1_complete_epi_001_chips_can_t3,complete_epi,1,0.970574,0.014531,5.589939e-05,1.855292e-04,1419,0.009687,5.274283e-05,0.019374,4.857743e-05,9.877884e+00,3235,1,0,1,1,0
001_chips_can,s1_complete_epi_001_chips_can_t4,complete_epi,166,0.727796,0.040576,5.129860e-07,3.320057e-06,827,0.027051,1.081999e-07,0.054101,9.412458e-07,0.000000e+00,144,1,0,1,1,0
001_chips_can,s1_complete_epi_001_chips_can_t5,complete_epi,36,0.753172,0.040221,7.747569e-07,2.870943e-06,1000,0.026814,3.010301e-07,0.053628,1.233184e-06,0.000000e+00,128,1,0,1,1,0
001_chips_can,s1_complete_epi_001_chips_can_t6,complete_epi,212,0.657885,0.039724,1.160284e-06,4.761435e-06,887,0.026482,1.084586e-06,0.052965,1.388501e-06,1.742329e-03,191,1,0,1,1,0
001_chips_can,s1_complete_epi_001_chips_can_t7,complete_epi,172,0.788583,0.040692,2.164314e-06,6.081141e-06,785,0.027128,2.181250e-06,0.054256,1.899510e-06,1.084714e-02,64,1,0,1,1,0
001_chips_can,s1_complete_epi_001_chips_can_t8,complete_epi,129,0.823423,0.040084,1.720856e-06,6.347690e-06,725,0.026723,2.019380e-06,0.053446,1.595743e-06,1.065187e-02,90,1,0,1,1,0
001_chips_can,s1_complete_epi_001_chips_can_t9,complete_epi,83,0.803855,0.039956,7.536921e-07,4.941174e-06,671,0.026638,6.100128e-07,0.053275,1.075219e-06,2.470290e-03,152,1,0,1,1,0
011_banana,s1_complete_epi_011_banana_t0,complete_epi,880,0.276165,0.032232,8.444774e-06,3.585690e-05,1764,0.021488,4.164992e-06,0.042976,1.132493e-05,3.385178e-01,508,1,0,1,1,0
011_banana,s1_complete_epi_011_banana_t1,complete_epi,955,0.264580,0.031788,8.478340e-06,2.384458e-05,3153,0.021192,3.032564e-06,0.042384,1.389608e-05,2.623971e-01,477,1,0,1,1,0
011_banana,s1_complete_epi_011_banana_t2,complete_epi,116,0.903364,0.031779,3.062698e-06,2.049087e-05,1855,0.021186,3.534867e-06,0.042371,5.093000e-06,5.011092e-01,765,1,0,1,1,0
011_banana,s1_complete_epi_011_banana_t3,complete_epi,790,0.512364,0.031622,4.458603e-05,2.742597e-04,2941,0.021082,1.567074e-05,0.042163,7.616731e-05,1.677416e+00,751,1,0,1,1,0
011_banana,s1_complete_epi_011_banana_t4,complete_epi,25,0.958747,0.032344,5.460701e-05,3.341197e-04,3374,0.021563,4.325364e-05,0.043126,1.071817e-04,4.491709e+00,1862,1,0,1,1,0
011_banana,s1_complete_epi_011_banana_t5,complete_epi,930,0.202759,0.031560,3.247691e-05,1.746134e-04,3085,0.021040,1.825552e-05,0.042080,5.002750e-05,9.093270e-01,899,1,0,1,1,0
011_banana,s1_complete_epi_011_banana_t6,complete_epi,451,0.672753,0.032882,3.537079e-05,2.483926e-04,3259,0.021921,3.013180e-05,0.043842,4.295557e-05,2.953504e+00,1292,1,0,1,1,0
011_banana,s1_complete_epi_011_banana_t7,complete_epi,0,0.972510,0.031241,7.506490e-06,2.319567e-05,2660,0.020827,3.192346e-06,0.041654,2.400082e-05,5.677643e-01,752,0,0,1,1,
011_banana,s1_complete_epi_011_banana_t8,complete_epi,687,0.736300,0.031492,3.806165e-06,1.597880e-05,4078,0.020995,2.425252e-06,0.041989,6.355215e-06,1.929473e+00,2133,1,0,1,1,0
011_banana,s1_complete_epi_011_banana_t9,complete_epi,717,0.593030,0.032279,7.939720e-05,3.748152e-05,3631,0.021520,6.953911e-05,0.043039,1.048687e-04,1.101537e+00,1215,1,0,1,1,0
025_mug,s1_epi_score_025_mug_t0,epi_score,21,0.914553,0.019955,1.273681e-06,2.227940e-06,914,0.013303,1.252634e-06,0.026607,1.233363e-06,4.008765e-01,467,1,0,1,1,0
025_mug,s1_epi_score_025_mug_t1,epi_score,29,0.905257,0.020059,1.260082e-06,2.419764e-06,1057,0.013373,1.322259e-06,0.026745,1.395803e-06,6.468049e-01,726,1,0,1,1,0
025_mug,s1_epi_score_025_mug_t2,epi_score,51,0.902994,0.022329,1.015586e-06,2.028181e-06,657,0.014886,1.177315e-06,0.029772,1.333872e-06,4.067152e-01,488,1,0,1,1,0
025_mug,s1_epi_score_025_mug_t3,epi_score,25,0.867725,0.020274,7.306891e-07,5.414697e-06,178,0.013516,1.931187e-07,0.027032,1.164501e-06,0.000000e+00,193,1,0,1,1,0
025_mug,s1_epi_score_025_mug_t4,epi_score,11,0.923252,0.022169,1.232907e-06,1.922924e-06,1276,0.014779,1.159081e-06,0.029559,1.192648e-06,7.899111e-01,829,1,0,1,1,0
025_mug,s1_epi_score_025_mug_t5,epi_score,863,0.404765,0.020310,3.723296e-07,3.641173e-06,166,0.013540,0.000000e+00,0.027080,1.851102e-06,0.000000e+00,83,1,0,1,1,0
025_mug,s1_epi_score_025_mug_t6,epi_score,34,0.814857,0.020195,8.384057e-07,2.091888e-06,259,0.013463,1.018348e-06,0.026926,1.134411e-06,9.156331e-02,256,1,0,1,1,0
025_mug,s1_epi_score_025_mug_t7,epi_score,0,0.941229,0.020324,1.204787e-06,2.346015e-06,801,0.013549,1.266882e-06,0.027098,1.296346e-06,2.103156e-01,262,1,0,1,1,0
025_mug,s1_epi_score_025_mug_t8,epi_score,9,0.944012,0.024725,1.192153e-06,2.849106e-06,994,0.016484,1.019649e-06,0.032967,1.330194e-06,3.053900e-01,427,1,0,1,1,0
025_mug,s1_epi_score_025_mug_t9,epi_score,10,0.929950,0.020890,1.216243e-06,2.227032e-06,970,0.013927,1.245443e-06,0.027854,1.262002e-06,3.399797e-01,392,1,0,1,1,0
006_mustard_bottle,s1_patch_only_006_mustard_bottle_t0,patch_only,284,0.685745,0.031806,2.651262e-06,1.514149e-05,921,0.021204,5.987871e-07,0.042408,4.298525e-06,0.000000e+00,103,1,0,1,1,1
006_mustard_bottle,s1_patch_only_006_mustard_bottle_t1,patch_only,717,0.520773,0.031699,2.610102e-06,3.632693e-06,730,0.021133,0.000000e+00,0.042265,4.855002e-06,0.000000e+00,127,1,0,1,1,0
006_mustard_bottle,s1_patch_only_006_mustard_bottle_t2,patch_only,342,0.711177,0.030472,4.365989e-06,2.593898e-05,677,0.020315,2.506474e-06,0.040629,5.498654e-06,0.000000e+00,66,1,0,1,1,0
006_mustard_bottle,s1_patch_only_006_mustard_bottle_t3,patch_only,820,0.354903,0.032107,1.570294e-06,1.032262e-05,590,0.021405,6.604488e-07,0.042809,2.448452e-06,0.000000e+00,43,1,0,1,1,0
006_mustard_bottle,s1_patch_only_006_mustard_bottle_t4,patch_only,806,0.366489,0.032130,2.141156e-06,1.386934e-05,796,0.021420,5.820194e-07,0.042840,2.762227e-06,0.000000e+00,49,1,0,1,1,1
006_mustard_bottle,s1_patch_only_006_mustard_bottle_t5,patch_only,526,0.615194,0.031704,4.047762e-06,2.140219e-05,1491,0.021136,1.303533e-06,0.042272,6.167910e-06,0.000000e+00,139,1,0,1,1,1
006_mustard_bottle,s1_patch_only_006_mustard_bottle_t6,patch_only,69,0.677692,0.003414,1.038668e-06,0.000000e+00,521,0.002276,0.000000e+00,0.004553,1.406486e-06,3.750303e+00,8192,1,0,1,1,1
006_mustard_bottle,s1_patch_only_006_mustard_bottle_t7,patch_only,927,0.249022,0.032027,2.445696e-06,1.477614e-05,557,0.021351,7.976712e-07,0.042702,3.709215e-06,0.000000e+00,67,1,0,1,1,1
006_mustard_bottle,s1_patch_only_006_mustard_bottle_t8,patch_only,900,0.392886,0.054316,7.412859e-05,3.074822e-04,12889,0.036210,2.558053e-05,0.072421,1.574027e-04,0.000000e+00,368,1,0,1,1,0
006_mustard_bottle,s1_patch_only_006_mustard_bottle_t9,patch_only,697,0.412448,0.032445,3.392460e-06,1.309958e-05,2717,0.021630,3.591254e-06,0.043260,7.935690e-06,5.311223e-02,208,1,0,1,1,1
001_chips_can,s1_duarte_mcd_001_chips_can_t0,duarte_mcd,143,0.689411,,,,,,,,,1.179711e-02,165,1,0,1,1,0
001_chips_can,s1_duarte_mcd_001_chips_can_t1,duarte_mcd,127,0.808678,,,,,,,,,6.323523e-02,148,1,0,1,1,0
001_chips_can,s1_duarte_mcd_001_chips_can_t2,duarte_mcd,74,0.788616,,,,,,,,,0.000000e+00,120,1,0,1,1,0
001_chips_can,s1_duarte_mcd_001_chips_can_t3,duarte_mcd,9,0.779027,,,,,,,,,5.649150e-03,146,1,0,1,1,0
001_chips_can,s1_duarte_mcd_001_chips_can_t4,duarte_mcd,73,0.837012,,,,,,,,,0.000000e+00,200,1,0,1,1,0
001_chips_can,s1_duarte_mcd_001_chips_can_t5,duarte_mcd,29,0.823961,,,,,,,,,0.000000e+00,196,1,0,1,1,0
001_chips_can,s1_duarte_mcd_001_chips_can_t6,duarte_mcd,4,0.797588,,,,,,,,,2.470339e-03,132,1,0,1,1,0
001_chips_can,s1_duarte_mcd_001_chips_can_t7,duarte_mcd,93,0.757407,,,,,,,,,3.281129e-02,144,1,0,1,1,0
001_chips_can,s1_duarte_mcd_001_chips_can_t8,duarte_mcd,39,0.733799,,,,,,,,,4.441349e-02,182,1,0,1,1,1
001_chips_can,s1_duarte_mcd_001_chips_can_t9,duarte_mcd,42,0.729589,,,,,,,,,0.000000e+00,147,1,0,1,1,0
011_banana,s1_duarte_mcd_011_banana_t0,duarte_mcd,886,0.278646,,,,,,,,,1.053187e+00,814,1,0,1,1,0
011_banana,s1_duarte_mcd_011_banana_t1,duarte_mcd,888,0.323054,,,,,,,,,4.922367e-01,426,1,0,1,1,0
011_banana,s1_duarte_mcd_011_banana_t2,duarte_mcd,789,0.535689,,,,,,,,,1.051841e+00,1871,1,0,1,1,0
011_banana,s1_duarte_mcd_011_banana_t3,duarte_mcd,233,0.873276,,,,,,,,,1.005590e+00,1112,1,0,1,1,0
011_banana,s1_duarte_mcd_011_banana_t4,duarte_mcd,835,0.429380,,,,,,,,,4.343285e-01,909,1,0,1,1,0
011_banana,s1_duarte_mcd_011_banana_t5,duarte_mcd,44,0.943596,,,,,,,,,1.589971e+00,1504,1,0,1,1,0
011_banana,s1_duarte_mcd_011_banana_t6,duarte_mcd,935,0.185206,,,,,,,,,7.929656e-01,767,1,0,1,1,0
011_banana,s1_duarte_mcd_011_banana_t7,duarte_mcd,921,0.199424,,,,,,,,,2.605794e-01,134,1,0,1,1,0
011_banana,s1_duarte_mcd_011_banana_t8,duarte_mcd,979,0.156369,,,,,,,,,1.392949e+00,1994,1,0,1,1,0
011_banana,s1_duarte_mcd_011_banana_t9,duarte_mcd,589,0.724511,,,,,,,,,5.186765e-01,585,1,0,1,1,0
025_mug,s2_partial_only_025_mug_t0,partial_only,0,0.947620,,,,,,,,,,,1,0,1,1,0
025_mug,s2_partial_only_025_mug_t1,partial_only,0,0.928294,,,,,,,,,,,1,0,1,1,0
025_mug,s2_partial_only_025_mug_t2,partial_only,0,0.937700,,,,,,,,,,,1,0,1,1,0
025_mug,s2_partial_only_025_mug_t3,partial_only,0,0.944753,,,,,,,,,,,1,0,1,1,0
025_mug,s2_partial_only_025_mug_t4,partial_only,1,0.943263,,,,,,,,,,,1,0,1,1,0
025_mug,s2_partial_only_025_mug_t5,partial_only,0,0.955879,,,,,,,,,,,1,0,1,1,0
025_mug,s2_partial_only_025_mug_t6,partial_only,3,0.918456,,,,,,,,,,,1,0,1,1,0
025_mug,s2_partial_only_025_mug_t7,partial_only,0,0.956337,,,,,,,,,,,1,0,1,1,0
025_mug,s2_partial_only_025_mug_t8,partial_only,1,0.940828,,,,,,,,,,,1,0,1,1,0
025_mug,s2_partial_only_025_mug_t9,partial_only,2,0.927336,,,,,,,,,,,1,0,1,1,0
006_mustard_bottle,s2_complete_only_006_mustard_bottle_t0,complete_only,5,0.950977,0.032013,3.897874e-06,2.667500e-05,1041,0.021342,2.033775e-06,0.042684,4.581418e-06,0.000000e+00,120,1,0,1,1,1
006_mustard_bottle,s2_complete_only_006_mustard_bottle_t1,complete_only,21,0.857738,0.031833,5.045131e-06,2.327945e-05,1200,0.021222,2.435783e-06,0.042444,6.052335e-06,0.000000e+00,101,1,0,1,1,1
006_mustard_bottle,s2_complete_only_006_mustard_bottle_t2,complete_only,326,0.831467,0.046983,2.781139e-05,3.539299e-05,6060,0.031322,1.152941e-05,0.062644,4.364841e-05,3.205672e-01,542,1,0,1,1,0
006_mustard_bottle,s2_complete_only_006_mustard_bottle_t3,complete_only,35,0.843466,0.032114,3.019687e-06,1.179034e-05,1765,0.021410,2.892326e-06,0.042819,3.365081e-06,1.753915e-02,203,1,0,1,1,1
006_mustard_bottle,s2_complete_only_006_mustard_bottle_t4,complete_only,33,0.886011,0.030726,6.778360e-06,3.683266e-05,797,0.020484,4.272563e-06,0.040967,8.033417e-06,0.000000e+00,98,1,0,1,1,0
006_mustard_bottle,s2_complete_only_006_mustard_bottle_t5,complete_only,33,0.914465,0.228738,6.841668e-03,5.575820e-02,10499,0.152492,2.804058e-03,0.304984,1.351516e-02,0.000000e+00,263,1,0,1,1,0
006_mustard_bottle,s2_complete_only_006_mustard_bottle_t6,complete_only,83,0.889658,0.031961,2.105358e-06,6.851472e-06,1778,0.021307,1.769861e-06,0.042615,2.388565e-06,1.839915e-01,337,1,0,1,1,1
006_mustard_bottle,s2_complete_only_006_mustard_bottle_t7,complete_only,250,0.718361,0.061171,5.005404e-04,1.488761e-03,8441,0.040780,4.402677e-04,0.081561,5.674264e-04,9.260688e-01,609,1,0,1,1,0
006_mustard_bottle,s2_complete_only_006_mustard_bottle_t8,complete_only,40,0.858388,0.032214,9.137203e-06,3.767615e-05,1014,0.021476,2.321720e-05,0.042952,8.489330e-06,2.869769e-02,88,1,0,1,1,1
006_mustard_bottle,s2_complete_only_006_mustard_bottle_t9,complete_only,0,0.594132,0.161794,1.734901e-03,9.383818e-03,8204,0.107862,1.140496e-03,0.215725,2.901636e-03,2.311635e+00,159,0,0,1,1,
001_chips_can,s2_complete_epi_001_chips_can_t0,complete_epi,24,0.857151,0.039952,1.812910e-06,5.215261e-06,834,0.026635,2.134994e-06,0.053269,1.778659e-06,4.594887e-02,110,1,0,1,1,0
001_chips_can,s2_complete_epi_001_chips_can_t1,complete_epi,7,0.780773,0.040019,1.182776e-06,3.573031e-06,914,0.026679,7.166222e-07,0.053358,1.328916e-06,5.205303e-03,210,1,0,1,1,1
001_chips_can,s2_complete_epi_001_chips_can_t2,complete_epi,153,0.687368,0.040511,7.854078e-07,4.671469e-06,794,0.027007,4.011259e-07,0.054015,1.193358e-06,0.000000e+00,170,1,0,1,1,0
001_chips_can,s2_complete_epi_001_chips_can_t3,complete_epi,76,0.826479,0.040461,1.708460e-06,5.852131e-06,778,0.026974,1.830628e-06,0.053948,1.747689e-06,3.121936e-02,171,1,0,1,1,0
001_chips_can,s2_complete_epi_001_chips_can_t4,complete_epi,1,0.900587,0.039979,9.547312e-07,3.918200e-06,1018,0.026653,8.743012e-07,0.053306,1.155773e-06,3.651621e-02,226,1,0,1,1,0
001_chips_can,s2_complete_epi_001_chips_can_t5,complete_epi,156,0.774184,0.067334,1.112397e-04,6.581843e-04,4590,0.044889,6.874029e-05,0.089778,1.904447e-04,3.854210e+00,1161,1,0,1,1,0
001_chips_can,s2_complete_epi_001_chips_can_t6,complete_epi,150,0.808389,0.040506,1.624994e-06,5.594251e-06,680,0.027004,1.657773e-06,0.054008,1.635416e-06,5.367742e-02,161,1,0,1,1,1
001_chips_can,s2_complete_epi_001_chips_can_t7,complete_epi,146,0.897164,0.017704,5.899225e-06,3.498141e-05,1746,0.011803,3.673916e-06,0.023605,9.700741e-06,1.751784e+00,864,1,0,1,1,0
001_chips_can,s2_complete_epi_001_chips_can_t8,complete_epi,16,0.829982,0.040080,5.407887e-07,3.007416e-06,832,0.026720,3.373120e-08,0.053440,1.017016e-06,0.000000e+00,150,1,0,1,1,0
001_chips_can,s2_complete_epi_001_chips_can_t9,complete_epi,89,0.815139,0.039889,1.821785e-06,5.269470e-06,665,0.026593,1.708083e-06,0.053185,1.839342e-06,3.227402e-02,154,1,0,1,1,0
011_banana,s2_complete_epi_011_banana_t0,complete_epi,972,0.161559,0.032968,1.839783e-05,1.145885e-04,3458,0.021979,2.090350e-05,0.043957,4.421999e-05,1.164271e+00,1112,1,0,1,1,0
011_banana,s2_complete_epi_011_banana_t1,complete_epi,976,0.079774,0.032044,3.825173e-06,1.790747e-05,3371,0.021363,1.015246e-06,0.042725,9.424652e-06,6.423106e-01,769,1,0,1,1,0
011_banana,s2_complete_epi_011_banana_t2,complete_epi,0,0.968877,0.032208,9.869678e-05,6.548448e-04,1679,0.021472,4.201884e-05,0.042945,8.974460e-05,1.349546e+00,835,0,0,1,1,
011_banana,s2_complete_epi_011_banana_t3,complete_epi,937,0.253239,0.031892,3.992217e-05,1.441785e-04,2740,0.021262,1.663511e-05,0.042523,6.330172e-05,9.769549e-01,995,1,0,1,1,0
011_banana,s2_complete_epi_011_banana_t4,complete_epi,955,0.193536,0.031839,3.691334e-05,2.271918e-04,3885,0.021226,3.464344e-05,0.042452,4.024075e-05,1.994512e+00,1388,1,0,1,1,0
011_banana,s2_complete_epi_011_banana_t5,complete_epi,759,0.514705,0.031691,3.691029e-05,1.783504e-04,3749,0.021127,2.036891e-05,0.042255,6.728422e-05,1.586040e+00,1195,1,0,1,1,0
011_banana,s2_complete_epi_011_banana_t6,complete_epi,0,0.972544,0.032366,1.098799e-05,4.891242e-05,3974,0.021577,1.154536e-05,0.043154,1.035896e-05,1.991699e+00,1025,0,0,1,1,
011_banana,s2_complete_epi_011_banana_t7,complete_epi,932,0.224229,0.032167,4.525651e-05,2.656541e-04,2669,0.021444,5.871169e-05,0.042889,4.187274e-05,2.009473e+00,1598,1,0,1,1,0
011_banana,s2_complete_epi_011_banana_t8,complete_epi,601,0.726587,0.031544,7.949686e-06,4.401200e-05,3211,0.021029,3.390594e-06,0.042058,1.369084e-05,9.851347e-01,1153,1,0,1,1,0
011_banana,s2_complete_epi_011_banana_t9,complete_epi,0,0.966297,0.031822,7.761681e-06,3.897328e-05,2089,0.021215,6.389071e-06,0.042429,9.858620e-06,1.063322e-03,85,0,0,1,1,
025_mug,s2_epi_score_025_mug_t0,epi_score,1,0.927882,0.020731,1.004430e-06,1.921834e-06,608,0.013821,1.126816e-06,0.027641,1.288427e-06,3.762959e-01,479,1,0,1,1,0
025_mug,s2_epi_score_025_mug_t1,epi_score,9,0.943352,0.019824,1.046891e-06,1.868862e-06,548,0.013216,1.146018e-06,0.026432,1.193240e-06,3.298715e-01,404,1,0,1,1,0
025_mug,s2_epi_score_025_mug_t2,epi_score,0,0.867273,0.020366,9.656670e-06,1.571004e-05,1182,0.013577,7.989361e-06,0.027154,1.230322e-05,1.824304e+00,1416,0,0,1,1,
025_mug,s2_epi_score_025_mug_t3,epi_score,73,0.889395,0.022043,1.125582e-06,2.273423e-06,1005,0.014696,1.325119e-06,0.029391,1.226603e-06,2.604517e-01,269,1,0,1,1,0
025_mug,s2_epi_score_025_mug_t4,epi_score,0,0.948335,0.020882,1.230364e-06,2.108995e-06,713,0.013921,9.960899e-07,0.027842,1.354576e-06,5.372255e-01,629,1,0,1,1,0
025_mug,s2_epi_score_025_mug_t5,epi_score,0,0.962293,0.020739,1.121337e-06,1.844760e-06,742,0.013826,1.259217e-06,0.027653,1.130928e-06,2.448565e-01,342,1,0,1,1,0
025_mug,s2_epi_score_025_mug_t6,epi_score,50,0.799571,0.024897,1.301668e-06,2.381148e-06,1612,0.016598,1.459468e-06,0.033196,1.291744e-06,5.390767e-01,576,1,0,1,1,0
025_mug,s2_epi_score_025_mug_t7,epi_score,128,0.830672,0.021724,3.289846e-08,0.000000e+00,197,0.014482,0.000000e+00,0.028965,5.481152e-07,0.000000e+00,117,1,0,1,1,0
025_mug,s2_epi_score_025_mug_t8,epi_score,2,0.950215,0.020806,1.204331e-06,2.374758e-06,677,0.013871,1.307402e-06,0.027742,1.317840e-06,3.605743e-01,478,1,0,1,1,0
025_mug,s2_epi_score_025_mug_t9,epi_score,4,0.925667,0.021169,9.996141e-07,2.269920e-06,606,0.014113,9.425566e-07,0.028225,1.434004e-06,3.127940e-01,404,1,0,1,1,0
006_mustard_bottle,s2_patch_only_006_mustard_bottle_t0,patch_only,28,0.934219,0.032013,3.551479e-06,2.602431e-05,991,0.021342,2.071537e-06,0.042684,3.226853e-06,0.000000e+00,84,1,0,1,1,0
006_mustard_bottle,s2_patch_only_006_mustard_bottle_t1,patch_only,818,0.320914,0.031216,4.158123e-06,2.319434e-05,1226,0.020811,3.651385e-06,0.041621,5.713191e-06,9.508053e-02,190,1,0,1,1,1
006_mustard_bottle,s2_patch_only_006_mustard_bottle_t2,patch_only,101,0.802034,0.030248,4.987458e-06,3.602965e-05,1335,0.020165,2.688308e-06,0.040330,5.659365e-06,5.654750e-03,161,1,0,1,1,1
006_mustard_bottle,s2_patch_only_006_mustard_bottle_t3,patch_only,521,0.697087,0.126369,0.000000e+00,0.000000e+00,3916,0.084246,0.000000e+00,0.168492,0.000000e+00,0.000000e+00,58,1,0,1,1,0
006_mustard_bottle,s2_patch_only_006_mustard_bottle_t4,patch_only,280,0.779527,0.031451,4.488375e-06,3.016956e-05,901,0.020968,2.864092e-06,0.041935,5.618939e-06,0.000000e+00,95,1,0,1,1,0
006_mustard_bottle,s2_patch_only_006_mustard_bottle_t5,patch_only,46,0.837673,0.032075,2.673176e-06,1.766288e-05,620,0.021383,0.000000e+00,0.042766,4.123675e-06,0.000000e+00,61,1,0,1,1,1
006_mustard_bottle,s2_patch_only_006_mustard_bottle_t6,patch_only,777,0.587979,0.031726,1.970700e-06,7.426189e-06,1074,0.021151,1.715071e-06,0.042301,2.220585e-06,3.501977e-03,128,1,0,1,1,1
006_mustard_bottle,s2_patch_only_006_mustard_bottle_t7,patch_only,917,0.259937,0.030980,2.031925e-06,1.491122e-05,907,0.020653,3.088956e-07,0.041307,2.565465e-06,0.000000e+00,55,1,0,1,1,0
006_mustard_bottle,s2_patch_only_006_mustard_bottle_t8,patch_only,153,0.787311,0.032675,5.136947e-06,2.399258e-05,776,0.021783,3.303695e-06,0.043566,6.272535e-06,0.000000e+00,44,1,0,1,1,0
006_mustard_bottle,s2_patch_only_006_mustard_bottle_t9,patch_only,57,0.872271,0.031156,1.442138e-06,1.924867e-05,747,0.020770,0.000000e+00,0.041541,3.180280e-06,0.000000e+00,98,1,0,1,1,1
001_chips_can,s2_duarte_mcd_001_chips_can_t0,duarte_mcd,55,0.700526,,,,,,,,,0.000000e+00,132,1,0,1,1,0
001_chips_can,s2_duarte_mcd_001_chips_can_t1,duarte_mcd,18,0.764106,,,,,,,,,2.087801e-03,128,1,0,1,1,0
001_chips_can,s2_duarte_mcd_001_chips_can_t2,duarte_mcd,113,0.727953,,,,,,,,,0.000000e+00,99,1,0,1,1,0
001_chips_can,s2_duarte_mcd_001_chips_can_t3,duarte_mcd,9,0.786667,,,,,,,,,5.764391e-03,182,1,0,1,1,0
001_chips_can,s2_duarte_mcd_001_chips_can_t4,duarte_mcd,264,0.797416,,,,,,,,,1.411017e-01,358,1,0,1,1,0
001_chips_can,s2_duarte_mcd_001_chips_can_t5,duarte_mcd,50,0.815544,,,,,,,,,2.591349e-02,170,1,0,1,1,0
001_chips_can,s2_duarte_mcd_001_chips_can_t6,duarte_mcd,657,0.471496,,,,,,,,,0.000000e+00,219,1,0,1,1,0
001_chips_can,s2_duarte_mcd_001_chips_can_t7,duarte_mcd,0,0.804073,,,,,,,,,6.618014e-02,224,1,0,1,1,0
001_chips_can,s2_duarte_mcd_001_chips_can_t8,duarte_mcd,20,0.823480,,,,,,,,,0.000000e+00,134,1,0,1,1,0
001_chips_can,s2_duarte_mcd_001_chips_can_t9,duarte_mcd,50,0.817963,,,,,,,,,0.000000e+00,32,1,0,1,1,0
011_banana,s2_duarte_mcd_011_banana_t0,duarte_mcd,749,0.695923,,,,,,,,,1.206861e+00,1490,1,0,1,1,0
011_banana,s2_duarte_mcd_011_banana_t1,duarte_mcd,887,0.328427,,,,,,,,,8.006257e-01,740,1,0,1,1,0
011_banana,s2_duarte_mcd_011_banana_t2,duarte_mcd,591,0.776702,,,,,,,,,1.295828e+00,1797,1,0,1,1,0
011_banana,s2_duarte_mcd_011_banana_t3,duarte_mcd,511,0.764091,,,,,,,,,1.919006e-01,430,1,0,1,1,0
011_banana,s2_duarte_mcd_011_banana_t4,duarte_mcd,915,0.414526,,,,,,,,,1.034064e+00,1174,1,0,1,1,0
011_banana,s2_duarte_mcd_011_banana_t5,duarte_mcd,452,0.838396,,,,,,,,,9.630691e-01,1248,1,0,1,1,0
011_banana,s2_duarte_mcd_011_banana_t6,duarte_mcd,992,0.022931,,,,,,,,,0.000000e+00,103,1,0,1,1,0
011_banana,s2_duarte_mcd_011_banana_t7,duarte_mcd,617,0.715536,,,,,,,,,6.500464e-01,924,1,0,1,1,0
011_banana,s2_duarte_mcd_011_banana_t8,duarte_mcd,948,0.166323,,,,,,,,,4.110118e-01,416,1,0,1,1,0
011_banana,s2_duarte_mcd_011_banana_t9,duarte_mcd,604,0.761406,,,,,,,,,1.605433e+00,1621,1,0,1,1,0
035_power_drill,s0_partial_only_035_power_drill_t0,partial_only,87,0.905192,,,,,,,,,,,1,0,1,1,0
035_power_drill,s0_partial_only_035_power_drill_t1,partial_only,0,0.918164,,,,,,,,,,,1,0,1,1,1
035_power_drill,s0_partial_only_035_power_drill_t2,partial_only,483,0.807831,,,,,,,,,,,1,0,1,1,0
035_power_drill,s0_partial_only_035_power_drill_t3,partial_only,187,0.860206,,,,,,,,,,,1,0,1,1,0
035_power_drill,s0_partial_only_035_power_drill_t4,partial_only,16,0.915472,,,,,,,,,,,1,0,1,1,0
035_power_drill,s0_partial_only_035_power_drill_t5,partial_only,139,0.876404,,,,,,,,,,,1,0,1,1,0
035_power_drill,s0_partial_only_035_power_drill_t6,partial_only,42,0.908728,,,,,,,,,,,1,0,1,1,0
035_power_drill,s0_partial_only_035_power_drill_t7,partial_only,23,0.958932,,,,,,,,,,,1,0,1,1,0
035_power_drill,s0_partial_only_035_power_drill_t8,partial_only,53,0.909344,,,,,,,,,,,1,0,1,1,0
035_power_drill,s0_partial_only_035_power_drill_t9,partial_only,6,0.925196,,,,,,,,,,,1,0,1,1,0
021_bleach_cleanser,s0_complete_only_021_bleach_cleanser_t0,complete_only,352,0.807354,0.039125,4.792338e-05,3.105475e-04,1075,0.026083,4.033677e-05,0.052167,3.929650e-05,8.268054e-02,127,1,0,1,1,0
021_bleach_cleanser,s0_complete_only_021_bleach_cleanser_t1,complete_only,79,0.871335,0.040096,2.497605e-05,1.337218e-04,1951,0.026731,2.822494e-05,0.053462,2.037378e-05,2.346949e-01,268,1,0,1,1,0
021_bleach_cleanser,s0_complete_only_021_bleach_cleanser_t2,complete_only,32,0.840760,0.013697,9.370836e-07,2.139462e-06,1665,0.009132,7.044529e-07,0.018263,1.433712e-06,7.780766e-01,1295,1,0,1,1,0
021_bleach_cleanser,s0_complete_only_021_bleach_cleanser_t3,complete_only,271,0.803126,0.039588,3.806946e-05,2.403966e-04,2074,0.026392,6.751038e-05,0.052783,3.047397e-05,9.766037e-01,471,1,0,1,1,0
021_bleach_cleanser,s0_complete_only_021_bleach_cleanser_t4,complete_only,62,0.859114,0.038896,3.615783e-05,2.288359e-04,1184,0.025931,4.123364e-05,0.051862,2.617534e-05,2.120124e-02,112,1,0,1,1,0
021_bleach_cleanser,s0_complete_only_021_bleach_cleanser_t5,complete_only,161,0.768854,0.013182,1.036853e-06,3.397552e-06,1599,0.008788,7.173330e-07,0.017575,1.363937e-06,2.614698e-01,712,1,0,1,1,0
021_bleach_cleanser,s0_complete_only_021_bleach_cleanser_t6,complete_only,860,0.366603,0.039128,6.562004e-07,4.315626e-06,598,0.026086,0.000000e+00,0.052171,9.063095e-06,0.000000e+00,69,1,0,1,1,1
021_bleach_cleanser,s0_complete_only_021_bleach_cleanser_t7,complete_only,202,0.687538,0.034780,2.339157e-06,5.137627e-06,1095,0.023187,2.620948e-06,0.046373,2.096958e-06,1.995355e-01,321,1,0,1,1,1
021_bleach_cleanser,s0_complete_only_021_bleach_cleanser_t8,complete_only,446,0.746956,0.038480,2.961116e-05,1.036429e-04,1242,0.025653,2.584806e-05,0.051307,2.801766e-05,2.813927e-01,287,1,0,1,1,0
021_bleach_cleanser,s0_complete_only_021_bleach_cleanser_t9,complete_only,115,0.876796,0.039112,2.945416e-05,2.238860e-04,1044,0.026075,1.633573e-05,0.052150,5.404485e-05,6.313860e-01,494,1,0,1,1,0
005_tomato_soup_can,s0_complete_epi_005_tomato_soup_can_t0,complete_epi,304,0.817491,0.019010,7.620250e-07,1.531847e-06,790,0.012673,7.251008e-07,0.025346,7.866515e-07,5.745493e-01,983,1,0,1,1,1
005_tomato_soup_can,s0_complete_epi_005_tomato_soup_can_t1,complete_epi,353,0.842812,0.019001,5.828233e-07,1.624990e-06,467,0.012667,2.937658e-07,0.025335,6.660443e-07,2.383496e-01,596,1,0,1,1,1
005_tomato_soup_can,s0_complete_epi_005_tomato_soup_can_t2,complete_epi,437,0.819109,0.019079,7.612784e-07,1.673019e-06,564,0.012719,7.162800e-07,0.025438,8.221851e-07,4.281252e-01,808,1,0,1,1,1
005_tomato_soup_can,s0_complete_epi_005_tomato_soup_can_t3,complete_epi,411,0.796588,0.019028,4.674967e-07,1.560997e-06,451,0.012686,4.545925e-07,0.025371,5.488186e-07,3.029842e-01,650,1,0,1,1,1
005_tomato_soup_can,s0_complete_epi_005_tomato_soup_can_t4,complete_epi,106,0.865576,0.018818,7.685920e-07,1.719385e-06,696,0.012546,7.546609e-07,0.025091,8.174792e-07,4.753534e-01,858,1,0,1,1,1
005_tomato_soup_can,s0_complete_epi_005_tomato_soup_can_t5,complete_epi,113,0.861306,0.018967,8.113222e-07,1.582315e-06,557,0.012645,8.014682e-07,0.025289,8.457039e-07,4.431546e-01,834,1,0,1,1,1
005_tomato_soup_can,s0_complete_epi_005_tomato_soup_can_t7,complete_epi,307,0.810117,0.018803,5.251632e-07,1.530318e-06,402,0.012535,3.105603e-07,0.025070,6.327228e-07,3.311523e-01,676,1,0,1,1,1
005_tomato_soup_can,s0_complete_epi_005_tomato_soup_can_t8,complete_epi,429,0.821360,0.018908,6.311504e-07,2.609553e-06,455,0.012605,4.762588e-07,0.025211,7.383184e-07,2.659561e-01,659,1,0,1,1,1
005_tomato_soup_can,s0_complete_epi_005_tomato_soup_can_t9,complete_epi,201,0.883212,0.019312,8.264261e-07,1.529484e-06,728,0.012875,7.458651e-07,0.025750,8.226752e-07,3.816617e-01,772,1,0,1,1,0
061_foam_brick,s0_complete_epi_061_foam_brick_t0,complete_epi,512,0.712470,0.016189,1.471683e-06,6.186777e-06,715,0.010793,7.907472e-07,0.021586,2.102720e-06,1.603599e+00,1090,1,0,1,1,1
061_foam_brick,s0_complete_epi_061_foam_brick_t1,complete_epi,543,0.796883,0.016498,1.629865e-06,2.436795e-06,1842,0.010999,9.038156e-07,0.021997,4.831795e-06,2.467617e+00,2128,1,0,1,1,1
061_foam_brick,s0_complete_epi_061_foam_brick_t2,complete_epi,597,0.750386,0.016732,2.432357e-06,5.539992e-06,1020,0.011155,1.094525e-06,0.022310,2.380788e-06,1.067705e+00,904,1,0,1,1,1
061_foam_brick,s0_complete_epi_061_foam_brick_t3,complete_epi,504,0.803124,0.017003,2.545364e-06,6.012228e-06,733,0.011335,1.670375e-06,0.022670,3.204137e-06,2.367384e+00,1110,1,0,1,1,1
061_foam_brick,s0_complete_epi_061_foam_brick_t4,complete_epi,228,0.904006,0.016795,2.356342e-06,1.167267e-05,1543,0.011196,1.727178e-06,0.022393,5.658489e-06,1.346182e+00,1335,1,0,1,1,1
061_foam_brick,s0_complete_epi_061_foam_brick_t5,complete_epi,595,0.563389,0.016778,7.280459e-07,2.123436e-06,1150,0.011186,8.389251e-07,0.022371,1.268396e-06,7.389534e-01,802,1,0,1,1,1
061_foam_brick,s0_complete_epi_061_foam_brick_t6,complete_epi,87,0.944406,0.016630,1.164380e-06,2.591154e-06,1104,0.011087,7.309922e-07,0.022173,5.581113e-06,1.470439e+00,1228,1,0,1,1,1
061_foam_brick,s0_complete_epi_061_foam_brick_t7,complete_epi,245,0.911947,0.017245,1.044033e-06,2.811800e-06,1783,0.011497,8.477141e-07,0.022994,1.776254e-06,3.026989e+00,2423,1,0,1,1,0
061_foam_brick,s0_complete_epi_061_foam_brick_t8,complete_epi,80,0.951381,0.016980,2.793518e-06,1.688194e-05,1647,0.011320,2.132247e-06,0.022640,3.987929e-06,2.792925e+00,2214,1,0,1,1,1
061_foam_brick,s0_complete_epi_061_foam_brick_t9,complete_epi,328,0.898340,0.016720,8.778737e-07,1.489125e-06,1380,0.011147,8.272408e-07,0.022293,1.091603e-06,1.232558e+00,1348,1,0,1,1,1
035_power_drill,s0_epi_score_035_power_drill_t0,epi_score,624,0.595869,0.041577,1.138557e-05,4.967859e-05,1366,0.027718,8.936428e-06,0.055436,3.492833e-05,1.670698e-01,124,1,0,1,1,0
035_power_drill,s0_epi_score_035_power_drill_t1,epi_score,475,0.755685,0.039476,3.192536e-06,1.234198e-05,1035,0.026317,1.302254e-06,0.052634,1.603170e-05,2.000568e-03,134,1,0,1,1,0
035_power_drill,s0_epi_score_035_power_drill_t2,epi_score,288,0.733547,0.043449,8.745514e-05,2.902792e-05,841,0.028966,2.804745e-05,0.057932,1.235608e-04,0.000000e+00,78,1,0,1,1,0
035_power_drill,s0_epi_score_035_power_drill_t3,epi_score,811,0.398327,0.050826,4.105082e-06,2.824094e-05,1579,0.033884,1.522119e-06,0.067767,1.220717e-05,1.093906e-01,158,1,0,1,1,0
035_power_drill,s0_epi_score_035_power_drill_t4,epi_score,343,0.680789,0.142120,2.851370e-04,0.000000e+00,2994,0.094747,0.000000e+00,0.189493,3.016131e-04,0.000000e+00,171,1,0,1,1,0
035_power_drill,s0_epi_score_035_power_drill_t5,epi_score,574,0.550041,0.043550,4.625501e-05,1.612019e-04,1471,0.029034,1.203236e-05,0.058067,8.496642e-05,4.680016e-01,221,1,0,1,1,0
035_power_drill,s0_epi_score_035_power_drill_t6,epi_score,457,0.733445,0.039333,5.924657e-06,7.440564e-06,1222,0.026222,1.722109e-06,0.052444,1.142412e-05,4.057180e-01,363,1,0,1,1,0
035_power_drill,s0_epi_score_035_power_drill_t7,epi_score,403,0.882898,0.028430,1.205175e-06,1.914990e-06,2249,0.018954,8.329176e-07,0.037907,2.862017e-06,5.337673e-01,891,1,0,1,1,0
035_power_drill,s0_epi_score_035_power_drill_t8,epi_score,397,0.705646,0.048486,9.488681e-05,4.892245e-04,1448,0.032324,4.946826e-05,0.064648,1.885106e-04,1.730542e-01,148,1,0,1,1,0
035_power_drill,s0_epi_score_035_power_drill_t9,epi_score,464,0.707737,0.039398,6.904909e-06,1.248854e-05,1197,0.026265,2.725899e-06,0.052530,2.026691e-05,3.599076e-01,376,1,0,1,1,0
021_bleach_cleanser,s0_patch_only_021_bleach_cleanser_t0,patch_only,920,0.219789,0.039125,9.473288e-06,3.482194e-05,678,0.026083,0.000000e+00,0.052167,1.914326e-05,0.000000e+00,63,1,0,1,1,1
021_bleach_cleanser,s0_patch_only_021_bleach_cleanser_t1,patch_only,625,0.617011,0.040263,1.402349e-05,5.339111e-05,1345,0.026842,5.128010e-06,0.053684,1.875049e-05,5.849434e-02,175,1,0,1,1,1
021_bleach_cleanser,s0_patch_only_021_bleach_cleanser_t2,patch_only,0,0.939364,0.036789,3.384372e-06,3.607207e-06,2833,0.024526,1.968522e-06,0.049052,5.957621e-06,1.073851e+00,992,0,0,1,1,
021_bleach_cleanser,s0_patch_only_021_bleach_cleanser_t3,patch_only,591,0.610116,0.039704,1.769515e-05,9.032548e-05,1155,0.026470,1.370587e-05,0.052939,2.259566e-05,2.821143e-01,318,1,0,1,1,1
021_bleach_cleanser,s0_patch_only_021_bleach_cleanser_t4,patch_only,221,0.794039,0.039147,1.242073e-05,1.402307e-04,838,0.026098,1.419355e-06,0.052196,1.991496e-05,0.000000e+00,109,1,0,1,1,0
021_bleach_cleanser,s0_patch_only_021_bleach_cleanser_t5,patch_only,622,0.503674,0.040169,4.193982e-06,1.975808e-05,1069,0.026780,1.171658e-06,0.053559,7.043986e-06,0.000000e+00,101,1,0,1,1,1
021_bleach_cleanser,s0_patch_only_021_bleach_cleanser_t6,patch_only,613,0.648926,0.039432,9.500615e-06,9.596964e-05,987,0.026288,2.359259e-06,0.052576,2.608406e-05,0.000000e+00,106,1,0,1,1,0
021_bleach_cleanser,s0_patch_only_021_bleach_cleanser_t7,patch_only,904,0.413688,0.039474,2.950062e-07,3.359615e-06,967,0.026316,0.000000e+00,0.052632,1.131555e-06,0.000000e+00,116,1,0,1,1,1
021_bleach_cleanser,s0_patch_only_021_bleach_cleanser_t8,patch_only,586,0.695804,0.038996,7.763146e-06,5.605894e-05,1025,0.025997,1.814090e-06,0.051995,1.548475e-05,0.000000e+00,77,1,0,1,1,0
021_bleach_cleanser,s0_patch_only_021_bleach_cleanser_t9,patch_only,769,0.474767,0.039112,2.270896e-05,2.045626e-04,1350,0.026075,1.141686e-05,0.052150,3.529399e-05,3.604498e-02,83,1,0,1,1,1
005_tomato_soup_can,s0_duarte_mcd_005_tomato_soup_can_t0,duarte_mcd,266,0.826015,,,,,,,,,2.484695e-01,543,1,0,1,1,0
005_tomato_soup_can,s0_duarte_mcd_005_tomato_soup_can_t1,duarte_mcd,435,0.828913,,,,,,,,,2.687232e-01,596,1,0,1,1,1
005_tomato_soup_can,s0_duarte_mcd_005_tomato_soup_can_t2,duarte_mcd,88,0.884778,,,,,,,,,5.084829e-01,713,1,0,1,1,1
005_tomato_soup_can,s0_duarte_mcd_005_tomato_soup_can_t3,duarte_mcd,420,0.835400,,,,,,,,,2.711069e-01,571,1,0,1,1,1
005_tomato_soup_can,s0_duarte_mcd_005_tomato_soup_can_t4,duarte_mcd,199,0.839768,,,,,,,,,2.410665e-01,552,1,0,1,1,1
005_tomato_soup_can,s0_duarte_mcd_005_tomato_soup_can_t5,duarte_mcd,210,0.844708,,,,,,,,,1.837183e-01,477,1,0,1,1,1
005_tomato_soup_can,s0_duarte_mcd_005_tomato_soup_can_t6,duarte_mcd,432,0.706039,,,,,,,,,1.236613e+00,1256,1,0,1,1,1
005_tomato_soup_can,s0_duarte_mcd_005_tomato_soup_can_t7,duarte_mcd,199,0.859858,,,,,,,,,3.255038e-01,737,1,0,1,1,1
005_tomato_soup_can,s0_duarte_mcd_005_tomato_soup_can_t8,duarte_mcd,170,0.863609,,,,,,,,,4.787864e-01,775,1,0,1,1,1
005_tomato_soup_can,s0_duarte_mcd_005_tomato_soup_can_t9,duarte_mcd,344,0.836238,,,,,,,,,3.028453e-01,720,1,0,1,1,1
061_foam_brick,s0_duarte_mcd_061_foam_brick_t0,duarte_mcd,500,0.746806,,,,,,,,,1.356501e+00,1417,1,0,1,1,1
061_foam_brick,s0_duarte_mcd_061_foam_brick_t1,duarte_mcd,470,0.872283,,,,,,,,,1.100648e+00,2014,1,0,1,1,0
061_foam_brick,s0_duarte_mcd_061_foam_brick_t2,duarte_mcd,371,0.858564,,,,,,,,,6.427129e-01,904,1,0,1,1,0
061_foam_brick,s0_duarte_mcd_061_foam_brick_t3,duarte_mcd,418,0.815559,,,,,,,,,8.215786e-01,1170,1,0,1,1,1
061_foam_brick,s0_duarte_mcd_061_foam_brick_t4,duarte_mcd,42,0.964275,,,,,,,,,1.196988e+00,1477,1,0,1,1,1
061_foam_brick,s0_duarte_mcd_061_foam_brick_t5,duarte_mcd,182,0.916265,,,,,,,,,9.695256e-01,1281,1,0,1,1,1
061_foam_brick,s0_duarte_mcd_061_foam_brick_t6,duarte_mcd,12,0.951671,,,,,,,,,9.074548e-01,951,1,0,1,1,1
061_foam_brick,s0_duarte_mcd_061_foam_brick_t7,duarte_mcd,70,0.935615,,,,,,,,,1.326480e+00,2685,1,0,1,1,1
061_foam_brick,s0_duarte_mcd_061_foam_brick_t8,duarte_mcd,81,0.945768,,,,,,,,,1.228592e+00,1935,1,0,1,1,1
061_foam_brick,s0_duarte_mcd_061_foam_brick_t9,duarte_mcd,176,0.936848,,,,,,,,,1.509772e+00,1616,1,0,1,1,1
035_power_drill,s1_partial_only_035_power_drill_t0,partial_only,40,0.926935,,,,,,,,,,,1,0,1,1,0
035_power_drill,s1_partial_only_035_power_drill_t1,partial_only,40,0.904915,,,,,,,,,,,1,0,1,1,0
035_power_drill,s1_partial_only_035_power_drill_t2,partial_only,2,0.968755,,,,,,,,,,,1,0,1,1,0
035_power_drill,s1_partial_only_035_power_drill_t3,partial_only,38,0.927462,,,,,,,,,,,1,0,1,1,0
035_power_drill,s1_partial_only_035_power_drill_t4,partial_only,254,0.850717,,,,,,,,,,,1,0,1,1,0
035_power_drill,s1_partial_only_035_power_drill_t5,partial_only,96,0.895631,,,,,,,,,,,1,0,1,1,0
035_power_drill,s1_partial_only_035_power_drill_t6,partial_only,69,0.924883,,,,,,,,,,,1,0,1,1,0
035_power_drill,s1_partial_only_035_power_drill_t7,partial_only,135,0.874130,,,,,,,,,,,1,0,1,1,0
035_power_drill,s1_partial_only_035_power_drill_t8,partial_only,4,0.958186,,,,,,,,,,,1,0,1,1,0
035_power_drill,s1_partial_only_035_power_drill_t9,partial_only,142,0.892491,,,,,,,,,,,1,0,1,1,0
021_bleach_cleanser,s1_complete_only_021_bleach_cleanser_t0,complete_only,56,0.898491,0.038889,4.343010e-05,2.464335e-04,1568,0.025926,2.818687e-05,0.051852,4.000716e-05,5.011731e-01,427,1,0,1,1,0
021_bleach_cleanser,s1_complete_only_021_bleach_cleanser_t1,complete_only,90,0.875407,0.013540,1.223188e-06,4.265652e-06,1954,0.009027,7.141948e-07,0.018054,1.667830e-06,5.769862e-01,999,1,0,1,1,0
021_bleach_cleanser,s1_complete_only_021_bleach_cleanser_t2,complete_only,23,0.903862,0.039126,2.674188e-05,2.692877e-04,1540,0.026084,2.846553e-05,0.052168,2.039988e-05,3.570524e-01,351,1,0,1,1,0
021_bleach_cleanser,s1_complete_only_021_bleach_cleanser_t3,complete_only,441,0.605886,0.046831,2.025505e-05,6.686417e-05,1546,0.031221,2.831298e-05,0.062442,1.576292e-05,3.753411e-01,75,1,0,1,1,0
021_bleach_cleanser,s1_complete_only_021_bleach_cleanser_t4,complete_only,482,0.570845,0.165193,0.000000e+00,0.000000e+00,3087,0.110129,0.000000e+00,0.220257,4.489301e-06,0.000000e+00,267,1,0,1,1,0
021_bleach_cleanser,s1_complete_only_021_bleach_cleanser_t5,complete_only,391,0.821534,0.040527,4.441443e-05,1.503809e-04,2012,0.027018,3.876987e-05,0.054036,4.508197e-05,8.242981e-01,591,1,0,1,1,0
021_bleach_cleanser,s1_complete_only_021_bleach_cleanser_t6,complete_only,471,0.733505,0.039441,2.970351e-05,1.713183e-04,895,0.026294,3.126352e-06,0.052589,3.047359e-05,0.000000e+00,139,1,0,1,1,1
021_bleach_cleanser,s1_complete_only_021_bleach_cleanser_t7,complete_only,249,0.825596,0.040126,3.616093e-05,1.584738e-04,1382,0.026751,3.315845e-05,0.053501,3.226710e-05,1.495795e-01,206,1,0,1,1,1
021_bleach_cleanser,s1_complete_only_021_bleach_cleanser_t8,complete_only,102,0.839259,0.040193,5.638896e-06,1.175104e-05,778,0.026796,3.839088e-06,0.053591,1.018231e-05,0.000000e+00,110,1,0,1,1,1
021_bleach_cleanser,s1_complete_only_021_bleach_cleanser_t9,complete_only,65,0.890680,0.040117,1.082779e-05,5.039980e-05,840,0.026745,8.448770e-06,0.053490,2.896800e-05,0.000000e+00,121,1,0,1,1,0
005_tomato_soup_can,s1_complete_epi_005_tomato_soup_can_t0,complete_epi,431,0.803733,0.019058,6.177456e-07,1.752385e-06,470,0.012706,5.847428e-07,0.025411,6.096082e-07,2.156380e-01,570,1,0,1,1,1
005_tomato_soup_can,s1_complete_epi_005_tomato_soup_can_t1,complete_epi,417,0.630314,0.026009,1.524020e-06,2.632189e-06,1738,0.017340,1.241248e-06,0.034679,2.174120e-06,4.605693e-01,823,1,0,1,1,0
005_tomato_soup_can,s1_complete_epi_005_tomato_soup_can_t2,complete_epi,246,0.815246,0.018657,8.203948e-07,1.572188e-06,676,0.012438,7.083524e-07,0.024876,8.150961e-07,5.543239e-01,968,1,0,1,1,1
005_tomato_soup_can,s1_complete_epi_005_tomato_soup_can_t3,complete_epi,147,0.877410,0.018838,5.640673e-07,1.728817e-06,478,0.012558,3.379946e-07,0.025117,6.860683e-07,2.744722e-01,671,1,0,1,1,1
005_tomato_soup_can,s1_complete_epi_005_tomato_soup_can_t4,complete_epi,220,0.842062,0.019087,8.254769e-07,1.680928e-06,606,0.012725,7.743732e-07,0.025450,8.316672e-07,4.305638e-01,810,1,0,1,1,1
005_tomato_soup_can,s1_complete_epi_005_tomato_soup_can_t5,complete_epi,84,0.883701,0.018977,7.999810e-07,1.610790e-06,815,0.012651,7.537536e-07,0.025303,7.993611e-07,4.606504e-01,849,1,0,1,1,1
005_tomato_soup_can,s1_complete_epi_005_tomato_soup_can_t6,complete_epi,248,0.837418,0.019078,1.093146e-06,1.824882e-06,752,0.012719,1.506011e-06,0.025438,1.035886e-06,5.319254e-01,907,1,0,1,1,1
005_tomato_soup_can,s1_complete_epi_005_tomato_soup_can_t7,complete_epi,132,0.837692,0.019029,8.133328e-07,1.506133e-06,642,0.012686,7.877883e-07,0.025372,8.348858e-07,5.218803e-01,870,1,0,1,1,0
005_tomato_soup_can,s1_complete_epi_005_tomato_soup_can_t8,complete_epi,169,0.832282,0.018775,7.798035e-07,1.619778e-06,625,0.012517,6.958830e-07,0.025034,7.972629e-07,4.579172e-01,866,1,0,1,1,1
005_tomato_soup_can,s1_complete_epi_005_tomato_soup_can_t9,complete_epi,397,0.831583,0.018799,4.910787e-07,1.458194e-06,467,0.012533,5.362718e-07,0.025065,5.350913e-07,1.908909e-01,551,1,0,1,1,1
061_foam_brick,s1_complete_epi_061_foam_brick_t0,complete_epi,601,0.604318,0.016198,8.283331e-07,2.144846e-06,1154,0.010799,5.707125e-07,0.021597,1.255579e-06,5.923759e-01,905,1,0,1,1,1
061_foam_brick,s1_complete_epi_061_foam_brick_t1,complete_epi,584,0.710385,0.017215,1.503962e-06,2.334490e-06,1353,0.011477,8.976758e-07,0.022953,2.028211e-06,1.303981e+00,1011,1,0,1,1,1
061_foam_brick,s1_complete_epi_061_foam_brick_t2,complete_epi,296,0.897288,0.017487,4.883268e-06,4.047132e-06,2036,0.011658,1.174054e-06,0.023316,7.070638e-06,2.129131e+00,1992,1,0,1,1,1
061_foam_brick,s1_complete_epi_061_foam_brick_t3,complete_epi,191,0.922180,0.016428,9.261528e-07,9.808282e-07,944,0.010952,4.752285e-07,0.021904,1.545501e-06,2.188234e+00,1770,1,0,1,1,1
061_foam_brick,s1_complete_epi_061_foam_brick_t4,complete_epi,487,0.574814,0.016629,2.861870e-06,5.552017e-06,805,0.011086,1.913465e-06,0.022173,4.828437e-06,1.226190e+00,1068,1,0,1,1,1
061_foam_brick,s1_complete_epi_061_foam_brick_t5,complete_epi,21,0.968144,0.016349,4.861986e-06,3.529542e-06,1553,0.010899,3.380147e-06,0.021798,9.011741e-06,2.200200e+00,1782,1,0,1,1,1
061_foam_brick,s1_complete_epi_061_foam_brick_t6,complete_epi,489,0.729403,0.017330,5.277600e-06,2.053755e-05,1268,0.011553,4.625570e-06,0.023107,8.288818e-06,2.161837e+00,1415,1,0,1,1,1
061_foam_brick,s1_complete_epi_061_foam_brick_t7,complete_epi,594,0.735601,0.017325,2.231925e-06,5.240672e-06,1330,0.011550,1.145469e-06,0.023099,2.717575e-06,9.226760e-01,873,1,0,1,1,1
061_foam_brick,s1_complete_epi_061_foam_brick_t8,complete_epi,149,0.924957,0.017057,1.380731e-06,3.277891e-06,1887,0.011371,1.237606e-06,0.022742,2.692356e-06,3.206377e+00,2809,1,0,1,1,1
061_foam_brick,s1_complete_epi_061_foam_brick_t9,complete_epi,584,0.773688,0.016207,1.199528e-06,1.584245e-06,1330,0.010805,8.135168e-07,0.021609,1.774474e-06,1.022034e+00,1402,1,0,1,1,1
035_power_drill,s1_epi_score_035_power_drill_t0,epi_score,638,0.640226,0.041747,1.495253e-06,7.160853e-06,1013,0.027831,5.614111e-07,0.055663,2.559810e-06,0.000000e+00,153,1,0,1,1,0
035_power_drill,s1_epi_score_035_power_drill_t1,epi_score,684,0.549843,0.043988,1.568255e-05,4.897690e-05,1323,0.029326,8.443887e-06,0.058651,6.196924e-05,0.000000e+00,85,1,0,1,1,0
035_power_drill,s1_epi_score_035_power_drill_t2,epi_score,487,0.726451,0.041950,9.516455e-06,1.384826e-05,3873,0.027967,3.410045e-06,0.055934,3.282173e-05,1.212097e+00,930,1,0,1,1,0
035_power_drill,s1_epi_score_035_power_drill_t3,epi_score,510,0.637437,0.058693,8.546876e-06,2.772336e-05,1993,0.039129,5.607078e-06,0.078257,1.892007e-05,6.625177e-02,167,1,0,1,1,0
035_power_drill,s1_epi_score_035_power_drill_t4,epi_score,203,0.737187,0.043071,3.381836e-05,8.613562e-06,834,0.028714,1.929460e-06,0.057428,8.035180e-05,0.000000e+00,130,1,0,1,1,0
035_power_drill,s1_epi_score_035_power_drill_t5,epi_score,2,0.961905,0.015425,4.791692e-07,1.029781e-06,1563,0.010283,5.245183e-07,0.020566,4.560034e-07,2.839641e+00,3056,1,0,1,1,0
035_power_drill,s1_epi_score_035_power_drill_t6,epi_score,489,0.710755,0.042438,1.195793e-05,1.942400e-05,1453,0.028292,4.382337e-06,0.056584,2.526834e-05,1.188873e-01,129,1,0,1,1,0
035_power_drill,s1_epi_score_035_power_drill_t7,epi_score,817,0.397449,0.043647,8.544024e-05,1.792532e-04,1806,0.029098,2.330212e-05,0.058196,1.738172e-04,1.443582e-01,141,1,0,1,1,0
035_power_drill,s1_epi_score_035_power_drill_t9,epi_score,277,0.863447,0.020614,8.271938e-07,1.814739e-06,2217,0.013743,5.584655e-07,0.027485,1.623631e-06,1.750837e+00,1939,1,0,1,1,0
021_bleach_cleanser,s1_patch_only_021_bleach_cleanser_t0,patch_only,829,0.369397,0.038889,2.435165e-05,1.417176e-04,2409,0.025926,1.524025e-05,0.051852,2.934781e-05,6.148436e-01,302,1,0,1,1,0
021_bleach_cleanser,s1_patch_only_021_bleach_cleanser_t1,patch_only,837,0.498658,0.013517,0.000000e+00,0.000000e+00,327,0.009011,0.000000e+00,0.018023,4.613708e-07,5.019320e-03,258,1,0,1,1,0
021_bleach_cleanser,s1_patch_only_021_bleach_cleanser_t2,patch_only,648,0.509874,0.039174,1.889161e-05,2.760917e-05,1657,0.026116,1.201014e-05,0.052232,2.335133e-05,5.198873e-01,473,1,0,1,1,1
021_bleach_cleanser,s1_patch_only_021_bleach_cleanser_t3,patch_only,546,0.700502,0.040596,2.492887e-05,1.934623e-04,1004,0.027064,1.193302e-05,0.054128,2.966451e-05,0.000000e+00,73,1,0,1,1,0
021_bleach_cleanser,s1_patch_only_021_bleach_cleanser_t4,patch_only,395,0.804765,0.039788,6.265391e-06,5.300978e-05,585,0.026526,0.000000e+00,0.053051,2.092524e-05,0.000000e+00,46,1,0,1,1,1
021_bleach_cleanser,s1_patch_only_021_bleach_cleanser_t6,patch_only,632,0.586456,0.039501,2.268412e-05,1.080107e-04,922,0.026334,6.195947e-06,0.052668,3.821884e-05,0.000000e+00,78,1,0,1,1,0
021_bleach_cleanser,s1_patch_only_021_bleach_cleanser_t7,patch_only,975,0.051744,0.014114,0.000000e+00,0.000000e+00,443,0.009410,0.000000e+00,0.018819,1.467693e-07,0.000000e+00,79,1,0,1,1,0
021_bleach_cleanser,s1_patch_only_021_bleach_cleanser_t8,patch_only,914,0.281097,0.040397,5.851389e-06,0.000000e+00,771,0.026931,0.000000e+00,0.053863,1.012091e-05,0.000000e+00,54,1,0,1,1,0
021_bleach_cleanser,s1_patch_only_021_bleach_cleanser_t9,patch_only,898,0.258129,0.040009,1.035139e-05,5.404752e-05,764,0.026672,8.393008e-07,0.053345,1.739858e-05,0.000000e+00,48,1,0,1,1,1
005_tomato_soup_can,s1_duarte_mcd_005_tomato_soup_can_t0,duarte_mcd,26,0.876787,,,,,,,,,4.662973e-01,854,1,0,1,1,0
005_tomato_soup_can,s1_duarte_mcd_005_tomato_soup_can_t1,duarte_mcd,274,0.846417,,,,,,,,,1.927358e-01,571,1,0,1,1,1
005_tomato_soup_can,s1_duarte_mcd_005_tomato_soup_can_t2,duarte_mcd,141,0.890195,,,,,,,,,4.448256e-01,755,1,0,1,1,1
005_tomato_soup_can,s1_duarte_mcd_005_tomato_soup_can_t3,duarte_mcd,229,0.859387,,,,,,,,,2.274069e-01,533,1,0,1,1,1
005_tomato_soup_can,s1_duarte_mcd_005_tomato_soup_can_t4,duarte_mcd,424,0.810197,,,,,,,,,2.121259e-01,478,1,0,1,1,1
005_tomato_soup_can,s1_duarte_mcd_005_tomato_soup_can_t5,duarte_mcd,297,0.845167,,,,,,,,,3.269445e-01,769,1,0,1,1,1
005_tomato_soup_can,s1_duarte_mcd_005_tomato_soup_can_t6,duarte_mcd,291,0.854294,,,,,,,,,4.783271e-01,680,1,0,1,1,1
005_tomato_soup_can,s1_duarte_mcd_005_tomato_soup_can_t7,duarte_mcd,223,0.909535,,,,,,,,,1.062101e+00,4171,1,0,1,1,0
005_tomato_soup_can,s1_duarte_mcd_005_tomato_soup_can_t8,duarte_mcd,119,0.890458,,,,,,,,,2.738111e-01,590,1,0,1,1,1
005_tomato_soup_can,s1_duarte_mcd_005_tomato_soup_can_t9,duarte_mcd,441,0.815777,,,,,,,,,3.405428e-01,627,1,0,1,1,0
061_foam_brick,s1_duarte_mcd_061_foam_brick_t0,duarte_mcd,160,0.902431,,,,,,,,,9.714485e-01,1176,1,0,1,1,1
061_foam_brick,s1_duarte_mcd_061_foam_brick_t1,duarte_mcd,532,0.782990,,,,,,,,,9.290347e-01,1122,1,0,1,1,1
061_foam_brick,s1_duarte_mcd_061_foam_brick_t2,duarte_mcd,115,0.916400,,,,,,,,,1.200411e+00,1847,1,0,1,1,1
061_foam_brick,s1_duarte_mcd_061_foam_brick_t3,duarte_mcd,56,0.949173,,,,,,,,,1.463950e+00,1734,1,0,1,1,1
061_foam_brick,s1_duarte_mcd_061_foam_brick_t4,duarte_mcd,605,0.615937,,,,,,,,,1.116762e+00,1170,1,0,1,1,1
061_foam_brick,s1_duarte_mcd_061_foam_brick_t5,duarte_mcd,130,0.949933,,,,,,,,,1.119599e+00,1333,1,0,1,1,1
061_foam_brick,s1_duarte_mcd_061_foam_brick_t6,duarte_mcd,445,0.686452,,,,,,,,,9.817639e-01,1117,1,0,1,1,0
061_foam_brick,s1_duarte_mcd_061_foam_brick_t7,duarte_mcd,209,0.910379,,,,,,,,,1.224485e+00,1307,1,0,1,1,1
061_foam_brick,s1_duarte_mcd_061_foam_brick_t8,duarte_mcd,75,0.930093,,,,,,,,,1.346906e+00,2669,1,0,1,1,1
061_foam_brick,s1_duarte_mcd_061_foam_brick_t9,duarte_mcd,507,0.819145,,,,,,,,,9.856886e-01,1282,1,0,1,1,1
035_power_drill,s2_partial_only_035_power_drill_t0,partial_only,4,0.923515,,,,,,,,,,,1,0,1,1,0
035_power_drill,s2_partial_only_035_power_drill_t1,partial_only,92,0.888443,,,,,,,,,,,1,0,1,1,0
035_power_drill,s2_partial_only_035_power_drill_t2,partial_only,82,0.886479,,,,,,,,,,,1,0,1,1,1
035_power_drill,s2_partial_only_035_power_drill_t3,partial_only,75,0.926461,,,,,,,,,,,1,0,1,1,0
035_power_drill,s2_partial_only_035_power_drill_t4,partial_only,64,0.860672,,,,,,,,,,,1,0,1,1,0
035_power_drill,s2_partial_only_035_power_drill_t5,partial_only,14,0.910585,,,,,,,,,,,1,0,1,1,0
035_power_drill,s2_partial_only_035_power_drill_t6,partial_only,14,0.933617,,,,,,,,,,,1,0,1,1,0
035_power_drill,s2_partial_only_035_power_drill_t7,partial_only,227,0.849967,,,,,,,,,,,1,0,1,1,0
035_power_drill,s2_partial_only_035_power_drill_t8,partial_only,114,0.879101,,,,,,,,,,,1,0,1,1,0
035_power_drill,s2_partial_only_035_power_drill_t9,partial_only,1,0.909999,,,,,,,,,,,1,0,1,1,0
021_bleach_cleanser,s2_complete_only_021_bleach_cleanser_t0,complete_only,88,0.815320,0.039332,2.210691e-05,1.737330e-04,1308,0.026221,2.577911e-05,0.052442,1.564053e-05,0.000000e+00,172,1,0,1,1,1
021_bleach_cleanser,s2_complete_only_021_bleach_cleanser_t1,complete_only,25,0.896902,0.039188,2.584376e-05,1.759669e-04,1188,0.026125,3.590228e-05,0.052250,2.109021e-05,2.453409e-01,263,1,0,1,1,1
021_bleach_cleanser,s2_complete_only_021_bleach_cleanser_t2,complete_only,292,0.747200,0.039708,6.274532e-06,1.361680e-05,1820,0.026472,5.617212e-06,0.052944,7.355122e-06,7.584353e-02,160,1,0,1,1,1
021_bleach_cleanser,s2_complete_only_021_bleach_cleanser_t4,complete_only,14,0.878328,0.038698,4.199521e-05,1.153740e-04,1500,0.025798,3.199092e-05,0.051597,3.778421e-05,6.349646e-01,455,1,0,1,1,0
021_bleach_cleanser,s2_complete_only_021_bleach_cleanser_t5,complete_only,135,0.843613,0.040396,1.699190e-05,6.803984e-05,1050,0.026931,9.833987e-06,0.053861,2.697457e-05,3.057870e-03,133,1,0,1,1,0
021_bleach_cleanser,s2_complete_only_021_bleach_cleanser_t6,complete_only,338,0.758118,0.038816,6.313214e-06,1.957630e-05,1165,0.025877,5.827915e-06,0.051755,6.830641e-06,4.292445e-01,432,1,0,1,1,1
021_bleach_cleanser,s2_complete_only_021_bleach_cleanser_t7,complete_only,242,0.806117,0.038923,2.567674e-05,1.347651e-04,1154,0.025949,2.187374e-05,0.051897,2.607087e-05,3.258756e-01,301,1,0,1,1,0
021_bleach_cleanser,s2_complete_only_021_bleach_cleanser_t8,complete_only,0,0.706181,0.848421,nan,nan,0,0.565614,nan,1.131230,nan,0.000000e+00,0,0,0,1,1,
021_bleach_cleanser,s2_complete_only_021_bleach_cleanser_t9,complete_only,2,0.905302,0.038738,3.227537e-05,2.798797e-04,1726,0.025826,4.006497e-05,0.051651,2.178383e-05,7.556009e-02,191,1,0,1,1,1
005_tomato_soup_can,s2_complete_epi_005_tomato_soup_can_t0,complete_epi,419,0.819994,0.018947,7.790850e-07,1.406283e-06,717,0.012632,7.212979e-07,0.025263,7.792947e-07,4.847072e-01,881,1,0,1,1,1
005_tomato_soup_can,s2_complete_epi_005_tomato_soup_can_t1,complete_epi,110,0.872402,0.018703,8.043675e-07,1.641272e-06,749,0.012469,7.400587e-07,0.024938,8.380172e-07,5.662630e-01,951,1,0,1,1,1
005_tomato_soup_can,s2_complete_epi_005_tomato_soup_can_t2,complete_epi,226,0.868956,0.019186,8.163409e-07,1.577504e-06,622,0.012791,7.789576e-07,0.025582,8.254382e-07,4.563654e-01,846,1,0,1,1,1
005_tomato_soup_can,s2_complete_epi_005_tomato_soup_can_t3,complete_epi,163,0.864251,0.019150,7.744832e-07,1.448896e-06,778,0.012767,7.318057e-07,0.025533,7.739028e-07,3.673185e-01,772,1,0,1,1,1
005_tomato_soup_can,s2_complete_epi_005_tomato_soup_can_t5,complete_epi,473,0.818960,0.018975,6.912381e-07,1.608275e-06,659,0.012650,6.562929e-07,0.025300,7.370659e-07,4.216764e-01,807,1,0,1,1,0
005_tomato_soup_can,s2_complete_epi_005_tomato_soup_can_t6,complete_epi,279,0.838723,0.018868,7.818889e-07,1.613195e-06,696,0.012579,7.279060e-07,0.025157,7.902125e-07,4.736491e-01,860,1,0,1,1,1
005_tomato_soup_can,s2_complete_epi_005_tomato_soup_can_t7,complete_epi,100,0.896812,0.018968,8.377683e-07,1.709371e-06,694,0.012645,8.124348e-07,0.025290,8.553377e-07,5.325976e-01,916,1,0,1,1,1
005_tomato_soup_can,s2_complete_epi_005_tomato_soup_can_t8,complete_epi,55,0.887685,0.018632,7.328875e-07,2.132172e-06,496,0.012421,7.399542e-07,0.024842,6.815869e-07,3.004049e-01,644,1,0,1,1,1
005_tomato_soup_can,s2_complete_epi_005_tomato_soup_can_t9,complete_epi,235,0.865395,0.018974,9.570570e-07,1.809101e-06,534,0.012649,9.141537e-07,0.025299,8.114889e-07,3.460745e-01,688,1,0,1,1,0
061_foam_brick,s2_complete_epi_061_foam_brick_t0,complete_epi,232,0.917885,0.017153,6.597342e-06,8.808202e-06,2368,0.011435,2.034520e-06,0.022871,1.060242e-05,3.317313e+00,2532,1,0,1,1,1
061_foam_brick,s2_complete_epi_061_foam_brick_t1,complete_epi,282,0.915869,0.016680,1.676156e-06,1.972363e-06,1271,0.011120,9.627667e-07,0.022240,4.992199e-06,1.755980e+00,1402,1,0,1,1,1
061_foam_brick,s2_complete_epi_061_foam_brick_t2,complete_epi,490,0.839079,0.017761,3.634271e-06,5.243777e-06,2356,0.011841,3.061411e-06,0.023682,7.893275e-06,2.760943e+00,1913,1,0,1,1,1
061_foam_brick,s2_complete_epi_061_foam_brick_t3,complete_epi,593,0.582146,0.016482,1.331190e-06,2.141291e-06,938,0.010988,9.195675e-07,0.021975,1.961275e-06,1.968490e+00,1135,1,0,1,1,1
061_foam_brick,s2_complete_epi_061_foam_brick_t4,complete_epi,315,0.889332,0.016494,9.851327e-07,4.165776e-06,1759,0.010996,7.873955e-07,0.021992,1.440000e-06,2.416689e+00,2077,1,0,1,1,1
061_foam_brick,s2_complete_epi_061_foam_brick_t5,complete_epi,188,0.934290,0.016226,2.604195e-06,8.469966e-06,1284,0.010817,2.224266e-06,0.021635,4.439147e-06,1.296350e+00,1106,1,0,1,1,1
061_foam_brick,s2_complete_epi_061_foam_brick_t6,complete_epi,170,0.941900,0.017199,1.542669e-06,2.552820e-06,1761,0.011466,4.888095e-07,0.022932,3.084789e-06,2.707028e+00,2184,1,0,1,1,1
061_foam_brick,s2_complete_epi_061_foam_brick_t7,complete_epi,69,0.951168,0.016846,4.417699e-06,2.956253e-06,1404,0.011231,9.773727e-07,0.022462,5.431965e-06,2.428659e+00,1953,1,0,1,1,1
061_foam_brick,s2_complete_epi_061_foam_brick_t8,complete_epi,223,0.920668,0.016393,9.680509e-07,1.109172e-06,1174,0.010929,5.592128e-07,0.021857,1.743086e-06,1.340138e+00,1421,1,0,1,1,1
061_foam_brick,s2_complete_epi_061_foam_brick_t9,complete_epi,448,0.778418,0.016803,2.342738e-06,2.288493e-06,1778,0.011202,6.582591e-07,0.022403,3.160085e-06,2.175788e+00,2543,1,0,1,1,1
035_power_drill,s2_epi_score_035_power_drill_t0,epi_score,139,0.853152,0.039149,6.436012e-06,2.203082e-05,1682,0.026099,3.615240e-06,0.052199,1.376887e-05,1.440759e-01,267,1,0,1,1,0
035_power_drill,s2_epi_score_035_power_drill_t1,epi_score,510,0.741270,0.040905,6.929305e-06,9.958053e-06,1309,0.027270,3.420616e-06,0.054540,2.272749e-05,1.873656e-01,298,1,0,1,1,0
035_power_drill,s2_epi_score_035_power_drill_t2,epi_score,663,0.582723,0.042212,4.989540e-06,0.000000e+00,726,0.028141,9.494697e-07,0.056282,2.298846e-05,0.000000e+00,35,1,0,1,1,0
035_power_drill,s2_epi_score_035_power_drill_t3,epi_score,0,0.960022,0.130103,0.000000e+00,0.000000e+00,3978,0.086735,0.000000e+00,0.173471,0.000000e+00,0.000000e+00,362,0,0,1,1,
035_power_drill,s2_epi_score_035_power_drill_t4,epi_score,426,0.729765,0.039679,9.096785e-06,1.151463e-05,1699,0.026453,3.376236e-06,0.052906,1.593880e-05,2.308990e-01,360,1,0,1,1,1
035_power_drill,s2_epi_score_035_power_drill_t5,epi_score,108,0.889160,0.033477,8.709400e-06,1.576407e-05,855,0.022318,4.105029e-06,0.044636,3.146129e-05,1.553456e-01,227,1,0,1,1,0
035_power_drill,s2_epi_score_035_power_drill_t6,epi_score,277,0.732954,0.041764,8.745467e-06,3.044847e-05,1332,0.027843,2.962309e-06,0.055685,1.314178e-05,7.432316e-03,151,1,0,1,1,0
035_power_drill,s2_epi_score_035_power_drill_t7,epi_score,459,0.666509,0.049297,2.196924e-05,7.802805e-05,2010,0.032865,1.234819e-05,0.065729,6.613547e-05,1.313871e-01,201,1,0,1,1,0
035_power_drill,s2_epi_score_035_power_drill_t8,epi_score,741,0.559399,0.041258,5.260994e-06,1.586912e-05,1323,0.027505,4.153440e-06,0.055011,1.001482e-05,1.983890e-01,272,1,0,1,1,0
035_power_drill,s2_epi_score_035_power_drill_t9,epi_score,282,0.806910,0.045772,6.074979e-06,2.181154e-05,4276,0.030515,4.283653e-06,0.061029,1.009208e-05,1.043088e+00,889,1,0,1,1,0
021_bleach_cleanser,s2_patch_only_021_bleach_cleanser_t0,patch_only,815,0.429739,0.039332,7.720674e-06,1.713710e-05,1141,0.026221,5.567339e-06,0.052442,1.575712e-05,0.000000e+00,64,1,0,1,1,0
021_bleach_cleanser,s2_patch_only_021_bleach_cleanser_t1,patch_only,148,0.786198,0.038838,1.106409e-05,8.204229e-05,1017,0.025892,5.843615e-06,0.051784,1.206367e-05,3.127031e-01,279,1,0,1,1,0
021_bleach_cleanser,s2_patch_only_021_bleach_cleanser_t2,patch_only,887,0.409023,0.021521,6.181169e-06,1.896629e-05,2763,0.014347,5.948210e-06,0.028695,1.072496e-05,8.080933e-01,1137,1,0,1,1,0
021_bleach_cleanser,s2_patch_only_021_bleach_cleanser_t3,patch_only,557,0.531453,0.155776,4.937092e-07,0.000000e+00,3095,0.103851,0.000000e+00,0.207702,5.264167e-06,0.000000e+00,210,1,0,1,1,0
021_bleach_cleanser,s2_patch_only_021_bleach_cleanser_t4,patch_only,505,0.657090,0.038914,2.479928e-05,1.463441e-04,1183,0.025943,4.196271e-06,0.051886,3.651767e-05,3.417524e-01,251,1,0,1,1,1
021_bleach_cleanser,s2_patch_only_021_bleach_cleanser_t5,patch_only,617,0.561944,0.007936,8.361419e-08,2.742711e-07,670,0.005290,0.000000e+00,0.010581,9.455063e-08,3.880805e+00,7957,1,0,1,1,0
021_bleach_cleanser,s2_patch_only_021_bleach_cleanser_t6,patch_only,870,0.287840,0.038883,2.992172e-06,1.956075e-05,868,0.025922,2.576879e-07,0.051845,4.364146e-06,0.000000e+00,86,1,0,1,1,1
021_bleach_cleanser,s2_patch_only_021_bleach_cleanser_t7,patch_only,682,0.516088,0.038759,1.386239e-05,8.442387e-05,1422,0.025839,1.077249e-05,0.051679,1.830355e-05,3.485065e-01,342,1,0,1,1,0
021_bleach_cleanser,s2_patch_only_021_bleach_cleanser_t8,patch_only,631,0.575835,0.038801,9.706821e-06,7.418361e-05,874,0.025868,1.831206e-06,0.051735,1.657966e-05,0.000000e+00,46,1,0,1,1,0
021_bleach_cleanser,s2_patch_only_021_bleach_cleanser_t9,patch_only,140,0.830360,0.039146,4.101372e-06,0.000000e+00,521,0.026098,0.000000e+00,0.052195,1.387537e-05,0.000000e+00,72,1,0,1,1,0
005_tomato_soup_can,s2_duarte_mcd_005_tomato_soup_can_t0,duarte_mcd,256,0.846621,,,,,,,,,2.227935e-01,507,1,0,1,1,1
005_tomato_soup_can,s2_duarte_mcd_005_tomato_soup_can_t1,duarte_mcd,204,0.856573,,,,,,,,,1.284012e-01,486,1,0,1,1,1
005_tomato_soup_can,s2_duarte_mcd_005_tomato_soup_can_t2,duarte_mcd,208,0.830414,,,,,,,,,3.066241e-01,703,1,0,1,1,1
005_tomato_soup_can,s2_duarte_mcd_005_tomato_soup_can_t3,duarte_mcd,257,0.862169,,,,,,,,,2.588941e-01,587,1,0,1,1,1
005_tomato_soup_can,s2_duarte_mcd_005_tomato_soup_can_t4,duarte_mcd,193,0.848248,,,,,,,,,4.134921e-01,836,1,0,1,1,1
005_tomato_soup_can,s2_duarte_mcd_005_tomato_soup_can_t5,duarte_mcd,389,0.816182,,,,,,,,,2.716015e-01,534,1,0,1,1,0
005_tomato_soup_can,s2_duarte_mcd_005_tomato_soup_can_t6,duarte_mcd,264,0.836412,,,,,,,,,3.849444e-01,595,1,0,1,1,1
005_tomato_soup_can,s2_duarte_mcd_005_tomato_soup_can_t7,duarte_mcd,134,0.739348,,,,,,,,,3.032098e-01,572,1,0,1,1,0
005_tomato_soup_can,s2_duarte_mcd_005_tomato_soup_can_t8,duarte_mcd,341,0.814960,,,,,,,,,2.291559e-01,521,1,0,1,1,0
005_tomato_soup_can,s2_duarte_mcd_005_tomato_soup_can_t9,duarte_mcd,181,0.868507,,,,,,,,,3.336253e-01,541,1,0,1,1,1
061_foam_brick,s2_duarte_mcd_061_foam_brick_t0,duarte_mcd,209,0.922999,,,,,,,,,1.355855e+00,1997,1,0,1,1,0
061_foam_brick,s2_duarte_mcd_061_foam_brick_t1,duarte_mcd,240,0.913270,,,,,,,,,1.494423e+00,1658,1,0,1,1,1
061_foam_brick,s2_duarte_mcd_061_foam_brick_t2,duarte_mcd,414,0.857814,,,,,,,,,1.692652e+00,1747,1,0,1,1,1
061_foam_brick,s2_duarte_mcd_061_foam_brick_t3,duarte_mcd,535,0.683060,,,,,,,,,8.541196e-01,926,1,0,1,1,0
061_foam_brick,s2_duarte_mcd_061_foam_brick_t4,duarte_mcd,186,0.919190,,,,,,,,,1.912997e+00,2795,1,0,1,1,1
061_foam_brick,s2_duarte_mcd_061_foam_brick_t5,duarte_mcd,261,0.916410,,,,,,,,,8.519427e-01,1125,1,0,1,1,0
061_foam_brick,s2_duarte_mcd_061_foam_brick_t6,duarte_mcd,117,0.913552,,,,,,,,,8.613536e-01,1741,1,0,1,1,0
061_foam_brick,s2_duarte_mcd_061_foam_brick_t7,duarte_mcd,91,0.925366,,,,,,,,,8.748343e-01,1520,1,0,1,1,0
061_foam_brick,s2_duarte_mcd_061_foam_brick_t8,duarte_mcd,478,0.823431,,,,,,,,,6.669635e-01,987,1,0,1,1,0
061_foam_brick,s2_duarte_mcd_061_foam_brick_t9,duarte_mcd,563,0.569125,,,,,,,,,8.583789e-01,1668,1,0,1,1,0
035_power_drill,s0_patch_only_035_power_drill_t0,patch_only,554,0.636865,0.041577,2.873803e-05,1.437554e-04,1741,0.027718,2.218583e-05,0.055436,5.145749e-05,6.497857e-01,407,1,0,1,1,0
035_power_drill,s0_patch_only_035_power_drill_t1,patch_only,680,0.614395,0.039328,5.361804e-06,1.927916e-05,1653,0.026219,2.646852e-06,0.052438,1.842253e-05,1.282060e-01,288,1,0,1,1,0
035_power_drill,s0_patch_only_035_power_drill_t2,patch_only,386,0.683948,0.043466,6.559163e-05,7.067187e-05,1356,0.028977,4.604967e-05,0.057955,1.158065e-04,1.150425e-01,204,1,0,1,1,0
035_power_drill,s0_patch_only_035_power_drill_t3,patch_only,832,0.398139,0.046201,4.979153e-06,1.256342e-05,1261,0.030801,1.728663e-06,0.061601,1.962387e-05,5.737043e-02,200,1,0,1,1,0
035_power_drill,s0_patch_only_035_power_drill_t4,patch_only,705,0.568405,0.139898,0.000000e+00,0.000000e+00,2972,0.093266,0.000000e+00,0.186531,1.350063e-05,0.000000e+00,153,1,0,1,1,0
035_power_drill,s0_patch_only_035_power_drill_t5,patch_only,580,0.557730,0.043516,1.707139e-05,6.147696e-05,1418,0.029011,5.692015e-06,0.058022,3.732469e-05,1.256081e-01,225,1,0,1,1,0
035_power_drill,s0_patch_only_035_power_drill_t6,patch_only,665,0.609618,0.046948,3.366998e-05,1.498755e-04,2884,0.031299,2.208742e-05,0.062598,9.087457e-05,4.288543e-01,295,1,0,1,1,0
035_power_drill,s0_patch_only_035_power_drill_t7,patch_only,190,0.942843,0.021343,6.796231e-07,1.283328e-06,1941,0.014229,5.963186e-07,0.028457,2.218786e-06,1.212766e+00,1391,1,0,1,1,0
035_power_drill,s0_patch_only_035_power_drill_t8,patch_only,783,0.434983,0.048873,4.533667e-05,1.254373e-04,3438,0.032582,2.446849e-05,0.065164,8.840592e-05,2.184270e+00,868,1,0,1,1,0
035_power_drill,s0_patch_only_035_power_drill_t9,patch_only,508,0.694466,0.039553,1.857948e-06,4.003178e-06,1065,0.026369,1.469736e-06,0.052738,6.192345e-06,0.000000e+00,72,1,0,1,1,0
035_power_drill,s1_complete_only_035_power_drill_t0,complete_only,534,0.707054,0.041747,2.060987e-06,8.136283e-06,841,0.027831,2.228981e-06,0.055663,5.747372e-06,0.000000e+00,177,1,0,1,1,0
035_power_drill,s1_complete_only_035_power_drill_t1,complete_only,104,0.760836,0.043907,7.946981e-05,4.896283e-04,1439,0.029271,4.033940e-05,0.058542,1.237252e-04,2.408992e-01,200,1,0,1,1,0
035_power_drill,s1_complete_only_035_power_drill_t2,complete_only,465,0.718045,0.041346,5.054823e-06,1.338882e-05,3615,0.027564,4.354308e-06,0.055128,4.544753e-05,1.979681e+00,1104,1,0,1,1,0
035_power_drill,s1_complete_only_035_power_drill_t3,complete_only,24,0.821682,0.044000,8.515536e-05,3.611371e-04,1002,0.029333,3.619422e-05,0.058667,1.803943e-04,0.000000e+00,43,1,0,1,1,0
035_power_drill,s1_complete_only_035_power_drill_t4,complete_only,386,0.603316,0.161169,9.050282e-05,8.789013e-05,5292,0.107446,2.266147e-06,0.214892,2.369511e-04,0.000000e+00,92,1,0,1,1,0
035_power_drill,s1_complete_only_035_power_drill_t5,complete_only,142,0.923883,0.036698,3.950688e-05,1.724792e-04,6530,0.024465,5.627814e-05,0.048931,5.814199e-05,4.914559e+00,2703,1,0,1,1,0
035_power_drill,s1_complete_only_035_power_drill_t6,complete_only,351,0.828236,0.042068,1.357683e-04,9.102857e-04,1745,0.028045,1.412499e-04,0.056090,1.617584e-04,3.400177e-01,287,1,0,1,1,0
035_power_drill,s1_complete_only_035_power_drill_t7,complete_only,490,0.626259,0.043446,5.558292e-05,4.102094e-05,1455,0.028964,4.501576e-06,0.057928,1.001561e-04,1.497275e-01,180,1,0,1,1,0
035_power_drill,s1_patch_only_035_power_drill_t0,patch_only,965,0.151111,0.041747,0.000000e+00,0.000000e+00,600,0.027831,0.000000e+00,0.055663,4.446689e-07,0.000000e+00,123,1,0,1,1,0
035_power_drill,s1_patch_only_035_power_drill_t2,patch_only,457,0.581750,0.144439,4.893531e-02,2.347890e-01,684,0.096293,3.844625e-02,0.192585,2.223059e-02,6.416963e-01,12,1,0,1,1,0
035_power_drill,s1_patch_only_035_power_drill_t3,patch_only,550,0.578284,0.046116,3.741372e-05,5.343294e-05,1354,0.030744,4.879189e-05,0.061488,5.740116e-05,0.000000e+00,136,1,0,1,1,1
035_power_drill,s1_patch_only_035_power_drill_t5,patch_only,718,0.643154,0.179054,4.606040e-03,3.292082e-02,12619,0.119369,1.222672e-03,0.238739,9.673021e-03,0.000000e+00,617,1,0,1,1,0
035_power_drill,s1_patch_only_035_power_drill_t6,patch_only,690,0.642564,0.041944,1.479612e-05,1.906156e-05,1718,0.027963,3.884508e-06,0.055926,2.851696e-05,1.617900e-02,39,1,0,1,1,0
035_power_drill,s1_patch_only_035_power_drill_t7,patch_only,401,0.632491,0.043647,7.804516e-05,1.383597e-04,1411,0.029098,3.342304e-05,0.058196,1.728968e-04,6.786293e-01,330,1,0,1,1,0
035_power_drill,s1_patch_only_035_power_drill_t8,patch_only,577,0.729126,0.193965,3.608323e-04,1.021192e-03,9559,0.129310,1.741113e-04,0.258620,7.219829e-04,0.000000e+00,346,1,0,1,1,0
035_power_drill,s1_patch_only_035_power_drill_t9,patch_only,678,0.680396,0.034379,1.468671e-06,0.000000e+00,1256,0.022919,0.000000e+00,0.045838,1.226624e-05,0.000000e+00,255,1,0,1,1,0
035_power_drill,s2_complete_only_035_power_drill_t0,complete_only,223,0.824965,0.039149,1.796243e-05,3.804169e-05,1774,0.026099,2.019285e-05,0.052199,2.043920e-05,3.569084e-01,400,1,0,1,1,0
035_power_drill,s2_complete_only_035_power_drill_t1,complete_only,287,0.811085,0.041320,2.563193e-06,7.915872e-06,1349,0.027547,3.161041e-06,0.055093,9.111362e-06,3.241657e-02,197,1,0,1,1,0
035_power_drill,s2_complete_only_035_power_drill_t2,complete_only,80,0.913736,0.018877,8.968714e-07,3.084276e-06,2448,0.012585,6.441926e-07,0.025169,1.726281e-06,4.537324e-01,910,1,0,1,1,0
035_power_drill,s2_complete_only_035_power_drill_t4,complete_only,525,0.714459,0.039700,6.151627e-06,2.154289e-05,1936,0.026467,4.862761e-06,0.052934,1.706618e-05,1.228123e-01,298,1,0,1,1,0
035_power_drill,s2_complete_only_035_power_drill_t5,complete_only,75,0.867125,0.184839,4.460764e-05,1.513349e-04,6899,0.123226,8.717412e-06,0.246452,7.409835e-05,0.000000e+00,526,1,0,1,1,0
035_power_drill,s2_complete_only_035_power_drill_t6,complete_only,168,0.771986,0.041737,5.355451e-06,1.097283e-05,730,0.027825,1.634463e-06,0.055650,9.383384e-06,0.000000e+00,127,1,0,1,1,0
035_power_drill,s2_complete_only_035_power_drill_t7,complete_only,581,0.679937,0.046810,1.317327e-04,7.392719e-04,1039,0.031207,1.142893e-04,0.062414,1.608992e-04,3.943811e-01,132,1,0,1,1,0
035_power_drill,s2_complete_only_035_power_drill_t8,complete_only,18,0.877001,0.046836,1.343905e-05,3.712117e-05,2351,0.031224,9.930621e-06,0.062448,3.533004e-05,9.393953e-01,451,1,0,1,1,0
035_power_drill,s2_complete_only_035_power_drill_t9,complete_only,242,0.828844,0.040805,9.601334e-06,4.464923e-05,2686,0.027203,7.279254e-06,0.054406,2.956151e-05,3.575453e-01,441,1,0,1,1,0
035_power_drill,s2_patch_only_035_power_drill_t0,patch_only,893,0.381390,0.039149,8.088968e-06,2.972160e-05,1893,0.026099,6.137600e-06,0.052199,1.587105e-05,0.000000e+00,49,1,0,1,1,0
035_power_drill,s2_patch_only_035_power_drill_t1,patch_only,837,0.491845,0.040847,2.279232e-06,1.100443e-05,991,0.027231,1.174759e-06,0.054463,5.385380e-06,1.134071e-01,304,1,0,1,1,1
035_power_drill,s2_patch_only_035_power_drill_t2,patch_only,480,0.680540,0.137864,0.000000e+00,0.000000e+00,2982,0.091909,0.000000e+00,0.183819,4.566445e-06,0.000000e+00,110,1,0,1,1,0
035_power_drill,s2_patch_only_035_power_drill_t3,patch_only,261,0.665008,0.043571,2.228082e-05,8.953671e-05,1166,0.029048,7.591099e-06,0.058095,5.190184e-05,0.000000e+00,55,1,0,1,1,0
035_power_drill,s2_patch_only_035_power_drill_t4,patch_only,566,0.665122,0.040591,1.019737e-05,2.085630e-05,1823,0.027061,6.062878e-06,0.054121,3.595022e-05,1.700802e-01,321,1,0,1,1,1
035_power_drill,s2_patch_only_035_power_drill_t5,patch_only,436,0.739250,0.038947,8.637324e-06,8.305651e-06,1409,0.025965,7.940474e-06,0.051929,1.401310e-05,3.767674e-01,337,1,0,1,1,0
035_power_drill,s2_patch_only_035_power_drill_t6,patch_only,184,0.770520,0.041743,2.157302e-06,1.005057e-05,706,0.027829,4.973581e-07,0.055657,6.464509e-06,0.000000e+00,38,1,0,1,1,0
035_power_drill,s2_patch_only_035_power_drill_t7,patch_only,923,0.373172,0.047190,2.912175e-05,1.394411e-04,1209,0.031460,2.020095e-05,0.062920,4.981020e-05,9.354522e-02,144,1,0,1,1,0
035_power_drill,s2_patch_only_035_power_drill_t8,patch_only,842,0.467704,0.040850,2.622814e-06,7.323258e-06,1555,0.027233,2.297855e-06,0.054466,9.549229e-06,2.629296e-01,335,1,0,1,1,0
035_power_drill,s2_patch_only_035_power_drill_t9,patch_only,446,0.710870,0.040969,7.031201e-06,2.695320e-05,2640,0.027312,3.160742e-06,0.054625,1.460835e-05,3.869908e-01,421,1,0,1,1,0
061_foam_brick,s0_epi_score_061_foam_brick_t0,epi_score,456,0.726640,0.016189,1.168092e-06,4.976833e-06,1057,0.010793,1.110777e-06,0.021586,1.623567e-06,1.257583e+00,1071,1,0,1,1,1
061_foam_brick,s0_epi_score_061_foam_brick_t1,epi_score,603,0.733759,0.016539,1.052892e-06,1.395044e-06,2246,0.011026,1.005867e-06,0.022053,2.713414e-06,2.047421e+00,1479,1,0,1,1,1
061_foam_brick,s0_epi_score_061_foam_brick_t2,epi_score,790,0.473354,0.016729,8.769641e-07,1.978532e-06,917,0.011153,7.372175e-07,0.022306,2.806507e-06,6.917198e-01,1005,1,0,1,1,0
061_foam_brick,s0_epi_score_061_foam_brick_t3,epi_score,555,0.759026,0.016989,5.877750e-07,1.229131e-06,778,0.011326,5.947577e-07,0.022653,4.623743e-06,1.811758e+00,1082,1,0,1,1,1
061_foam_brick,s0_epi_score_061_foam_brick_t4,epi_score,643,0.784116,0.017016,8.528136e-07,1.628679e-06,1173,0.011344,8.384414e-07,0.022688,3.032575e-06,7.616288e-01,1042,1,0,1,1,1
061_foam_brick,s0_epi_score_061_foam_brick_t5,epi_score,691,0.484416,0.016803,8.869549e-07,2.015622e-06,922,0.011202,5.229657e-07,0.022404,1.009055e-06,1.029507e+00,769,1,0,1,1,0
061_foam_brick,s0_epi_score_061_foam_brick_t6,epi_score,602,0.760245,0.016891,8.729586e-07,3.321752e-06,1066,0.011261,7.432603e-07,0.022522,8.809480e-07,9.287839e-01,1151,1,0,1,1,0
061_foam_brick,s0_epi_score_061_foam_brick_t7,epi_score,624,0.681023,0.017208,4.791814e-07,7.602062e-07,1266,0.011472,4.249772e-07,0.022944,5.931629e-07,1.879357e+00,1912,1,0,1,1,1
061_foam_brick,s0_epi_score_061_foam_brick_t8,epi_score,108,0.935690,0.017001,8.497565e-07,1.431577e-06,1154,0.011334,4.249822e-07,0.022668,1.619975e-06,2.187879e+00,1865,1,0,1,1,1
061_foam_brick,s0_epi_score_061_foam_brick_t9,epi_score,391,0.882778,0.016690,8.882344e-07,1.654359e-06,1541,0.011127,7.660255e-07,0.022254,1.349438e-06,1.202124e+00,1701,1,0,1,1,1
061_foam_brick,s1_partial_only_061_foam_brick_t0,partial_only,184,0.930620,,,,,,,,,,,1,0,1,1,1
061_foam_brick,s1_partial_only_061_foam_brick_t1,partial_only,125,0.908326,,,,,,,,,,,1,0,1,1,1
061_foam_brick,s1_partial_only_061_foam_brick_t2,partial_only,292,0.904337,,,,,,,,,,,1,0,1,1,1
061_foam_brick,s1_partial_only_061_foam_brick_t3,partial_only,340,0.848987,,,,,,,,,,,1,0,1,1,1
061_foam_brick,s1_partial_only_061_foam_brick_t4,partial_only,340,0.887952,,,,,,,,,,,1,0,1,1,1
061_foam_brick,s1_partial_only_061_foam_brick_t5,partial_only,106,0.943137,,,,,,,,,,,1,0,1,1,0
061_foam_brick,s1_partial_only_061_foam_brick_t6,partial_only,419,0.820119,,,,,,,,,,,1,0,1,1,0
061_foam_brick,s1_partial_only_061_foam_brick_t7,partial_only,223,0.919033,,,,,,,,,,,1,0,1,1,0
061_foam_brick,s1_partial_only_061_foam_brick_t8,partial_only,460,0.696525,,,,,,,,,,,1,0,1,1,0
061_foam_brick,s1_partial_only_061_foam_brick_t9,partial_only,284,0.883024,,,,,,,,,,,1,0,1,1,1
061_foam_brick,s1_epi_score_061_foam_brick_t0,epi_score,601,0.581232,0.016198,9.635333e-07,1.834175e-06,1183,0.010799,6.589437e-07,0.021597,1.436150e-06,8.640980e-01,1154,1,0,1,1,1
061_foam_brick,s1_epi_score_061_foam_brick_t1,epi_score,601,0.663231,0.016875,6.016478e-07,2.086357e-06,785,0.011250,1.172639e-07,0.022500,8.875955e-07,7.023742e-01,830,1,0,1,1,1
061_foam_brick,s1_epi_score_061_foam_brick_t2,epi_score,466,0.754231,0.017216,1.105062e-06,4.738229e-06,1953,0.011477,7.264725e-07,0.022955,8.308922e-06,2.168961e+00,2150,1,0,1,1,0
061_foam_brick,s1_epi_score_061_foam_brick_t3,epi_score,598,0.787339,0.016391,5.630661e-07,1.155674e-06,1249,0.010927,5.226681e-07,0.021855,1.468172e-06,1.487997e+00,1123,1,0,1,1,0
061_foam_brick,s1_epi_score_061_foam_brick_t4,epi_score,584,0.503572,0.016643,7.421484e-07,1.709251e-06,831,0.011095,8.483974e-07,0.022191,8.564745e-07,1.326487e+00,837,1,0,1,1,1
061_foam_brick,s1_epi_score_061_foam_brick_t5,epi_score,415,0.905584,0.016313,1.037608e-06,2.331333e-06,1764,0.010875,8.585328e-07,0.021751,2.887192e-06,1.854619e+00,1842,1,0,1,1,1
061_foam_brick,s1_epi_score_061_foam_brick_t6,epi_score,670,0.552002,0.017355,8.243396e-07,1.288965e-06,1388,0.011570,7.961286e-07,0.023140,1.540030e-06,9.940122e-01,1097,1,0,1,1,1
061_foam_brick,s1_epi_score_061_foam_brick_t7,epi_score,689,0.612187,0.017363,1.245611e-06,4.091402e-06,1155,0.011575,1.371002e-06,0.023150,2.503933e-06,1.052008e+00,1145,1,0,1,1,1
061_foam_brick,s1_epi_score_061_foam_brick_t8,epi_score,500,0.843343,0.017040,5.875776e-07,1.139451e-06,1535,0.011360,5.146487e-07,0.022720,1.467861e-06,3.286620e+00,3203,1,0,1,1,1
061_foam_brick,s1_epi_score_061_foam_brick_t9,epi_score,588,0.713956,0.016208,7.985556e-07,1.563147e-06,1504,0.010805,8.075908e-07,0.021611,1.167244e-06,8.474614e-01,1282,1,0,1,1,1
061_foam_brick,s2_partial_only_061_foam_brick_t0,partial_only,88,0.933960,,,,,,,,,,,1,0,1,1,1
061_foam_brick,s2_partial_only_061_foam_brick_t1,partial_only,36,0.960186,,,,,,,,,,,1,0,1,1,1
061_foam_brick,s2_partial_only_061_foam_brick_t2,partial_only,332,0.875783,,,,,,,,,,,1,0,1,1,1
061_foam_brick,s2_partial_only_061_foam_brick_t3,partial_only,373,0.810985,,,,,,,,,,,1,0,1,1,1
061_foam_brick,s2_partial_only_061_foam_brick_t4,partial_only,365,0.911320,,,,,,,,,,,1,0,1,1,0
061_foam_brick,s2_partial_only_061_foam_brick_t5,partial_only,175,0.944957,,,,,,,,,,,1,0,1,1,1
061_foam_brick,s2_partial_only_061_foam_brick_t6,partial_only,149,0.891307,,,,,,,,,,,1,0,1,1,1
061_foam_brick,s2_partial_only_061_foam_brick_t7,partial_only,221,0.907347,,,,,,,,,,,1,0,1,1,0
061_foam_brick,s2_partial_only_061_foam_brick_t8,partial_only,147,0.944052,,,,,,,,,,,1,0,1,1,1
061_foam_brick,s2_partial_only_061_foam_brick_t9,partial_only,219,0.882549,,,,,,,,,,,1,0,1,1,1
061_foam_brick,s2_epi_score_061_foam_brick_t0,epi_score,477,0.833322,0.017153,1.678886e-06,9.155791e-07,1508,0.011435,7.832388e-07,0.022871,2.852166e-06,3.414799e+00,2554,1,0,1,1,1
061_foam_brick,s2_epi_score_061_foam_brick_t1,epi_score,378,0.888826,0.016702,2.206561e-06,1.233514e-06,1446,0.011135,5.426592e-07,0.022270,3.051447e-06,1.352382e+00,1338,1,0,1,1,1
061_foam_brick,s2_epi_score_061_foam_brick_t2,epi_score,661,0.610181,0.017998,1.621904e-06,9.327381e-07,1581,0.011999,6.890849e-07,0.023997,6.647378e-06,1.315579e+00,1338,1,0,1,1,1
061_foam_brick,s2_epi_score_061_foam_brick_t3,epi_score,678,0.480748,0.016472,1.164456e-06,1.990145e-06,786,0.010981,9.054393e-07,0.021963,1.708964e-06,1.665557e+00,1037,1,0,1,1,1
061_foam_brick,s2_epi_score_061_foam_brick_t4,epi_score,479,0.710746,0.016411,9.521281e-07,4.439447e-06,1758,0.010941,8.370531e-07,0.021881,1.276174e-06,1.876007e+00,1686,1,0,1,1,1
061_foam_brick,s2_epi_score_061_foam_brick_t5,epi_score,213,0.937222,0.016250,8.732864e-07,1.296764e-06,1443,0.010833,7.297621e-07,0.021666,1.199298e-06,9.480915e-01,865,1,0,1,1,1
061_foam_brick,s2_epi_score_061_foam_brick_t6,epi_score,381,0.886124,0.017180,5.514312e-07,7.909777e-07,946,0.011453,3.973576e-07,0.022906,9.231634e-07,1.767439e+00,2044,1,0,1,1,0
061_foam_brick,s2_epi_score_061_foam_brick_t7,epi_score,217,0.918053,0.017003,1.039883e-06,6.123251e-06,1155,0.011335,5.472972e-07,0.022670,2.075522e-06,2.837212e+00,1898,1,0,1,1,1
061_foam_brick,s2_epi_score_061_foam_brick_t8,epi_score,315,0.891402,0.016678,7.614451e-07,1.626029e-06,1495,0.011118,6.458324e-07,0.022237,2.107854e-06,9.817154e-01,1320,1,0,1,1,1
061_foam_brick,s2_epi_score_061_foam_brick_t9,epi_score,558,0.629060,0.016812,1.476363e-06,1.924381e-06,1064,0.011208,1.140420e-06,0.022417,2.522046e-06,1.418150e+00,1576,1,0,1,1,1
