object,trial,arm,grasp_id,confidence,patch_radius,patch_epi_mean,patch_epi_p95,patch_n,sens_lo_radius,patch_epi_mean_sens_lo,sens_hi_radius,patch_epi_mean_sens_hi,duarte_sigma_sum,duarte_box_n,geometry_gate_pass,uq_rejected,chosen,executed,lift_success
005_tomato_soup_can,s0_partial_only_005_tomato_soup_can_t0,partial_only,0,0.962096,,,,,,,,,,,1,0,1,1,0
005_tomato_soup_can,s0_partial_only_005_tomato_soup_can_t1,partial_only,0,0.964753,,,,,,,,,,,1,0,1,1,1
005_tomato_soup_can,s0_partial_only_005_tomato_soup_can_t2,partial_only,5,0.949439,,,,,,,,,,,1,0,1,1,1
005_tomato_soup_can,s0_partial_only_005_tomato_soup_can_t4,partial_only,10,0.950163,,,,,,,,,,,1,0,1,1,1
005_tomato_soup_can,s0_partial_only_005_tomato_soup_can_t5,partial_only,3,0.967296,,,,,,,,,,,1,0,1,1,1
005_tomato_soup_can,s0_partial_only_005_tomato_soup_can_t6,partial_only,0,0.958713,,,,,,,,,,,1,0,1,1,1
005_tomato_soup_can,s0_partial_only_005_tomato_soup_can_t7,partial_only,0,0.969715,,,,,,,,,,,1,0,1,1,1
005_tomato_soup_can,s0_partial_only_005_tomato_soup_can_t8,partial_only,0,0.912646,,,,,,,,,,,1,0,1,1,1
005_tomato_soup_can,s0_partial_only_005_tomato_soup_can_t9,partial_only,0,0.944987,,,,,,,,,,,1,0,1,1,1
061_foam_brick,s0_partial_only_061_foam_brick_t0,partial_only,509,0.871320,,,,,,,,,,,1,0,1,1,1
061_foam_brick,s0_partial_only_061_foam_brick_t1,partial_only,473,0.930778,,,,,,,,,,,1,0,1,1,1
061_foam_brick,s0_partial_only_061_foam_brick_t2,partial_only,235,0.888496,,,,,,,,,,,1,0,1,1,1
061_foam_brick,s0_partial_only_061_foam_brick_t3,partial_only,969,0.774467,,,,,,,,,,,1,0,1,1,1
061_foam_brick,s0_partial_only_061_foam_brick_t4,partial_only,315,0.952266,,,,,,,,,,,1,0,1,1,1
061_foam_brick,s0_partial_only_061_foam_brick_t5,partial_only,112,0.969313,,,,,,,,,,,1,0,1,1,1
061_foam_brick,s0_partial_only_061_foam_brick_t6,partial_only,188,0.938885,,,,,,,,,,,1,0,1,1,1
061_foam_brick,s0_partial_only_061_foam_brick_t7,partial_only,577,0.846385,,,,,,,,,,,1,0,1,1,1
061_foam_brick,s0_partial_only_061_foam_brick_t8,partial_only,504,0.878439,,,,,,,,,,,1,0,1,1,1
061_foam_brick,s0_partial_only_061_foam_brick_t9,partial_only,13,0.942948,,,,,,,,,,,1,0,1,1,1
035_power_drill,s0_complete_only_035_power_drill_t0,complete_only,319,0.881240,0.041577,8.928936e-07,0.000000e+00,522,0.027718,0.000000e+00,0.055436,8.792739e-06,0.000000e+00,111,1,0,1,1,0
035_power_drill,s0_complete_only_035_power_drill_t1,complete_only,229,0.867690,0.039461,2.927552e-06,1.899552e-05,1186,0.026308,3.151318e-06,0.052615,5.456416e-06,0.000000e+00,178,1,0,1,1,1
035_power_drill,s0_complete_only_035_power_drill_t2,complete_only,81,0.916391,0.043627,1.957147e-04,7.652310e-04,930,0.029084,1.776859e-04,0.058169,2.115853e-04,1.103627e+00,354,1,0,1,1,1
035_power_drill,s0_complete_only_035_power_drill_t3,complete_only,158,0.869047,0.047257,5.123985e-06,1.859189e-05,907,0.031505,1.199673e-06,0.063009,1.047352e-05,0.000000e+00,116,1,0,1,1,1
035_power_drill,s0_complete_only_035_power_drill_t5,complete_only,63,0.933703,0.033656,1.439417e-07,0.000000e+00,727,0.022437,0.000000e+00,0.044874,7.207903e-07,0.000000e+00,158,1,0,1,1,0
035_power_drill,s0_complete_only_035_power_drill_t6,complete_only,171,0.879713,0.039429,1.242251e-07,0.000000e+00,557,0.026286,0.000000e+00,0.052572,1.801488e-06,0.000000e+00,168,1,0,1,1,1
035_power_drill,s0_complete_only_035_power_drill_t7,complete_only,27,0.971210,0.028436,1.062537e-05,4.824968e-05,1593,0.018957,1.585449e-05,0.037915,7.834391e-06,1.501283e+00,1208,1,0,1,1,1
035_power_drill,s0_complete_only_035_power_drill_t8,complete_only,65,0.908064,0.049448,7.241988e-04,5.155244e-03,718,0.032966,7.724453e-04,0.065931,6.591639e-04,5.174859e-01,117,1,0,1,1,0
035_power_drill,s0_complete_only_035_power_drill_t9,complete_only,56,0.897370,0.039362,0.000000e+00,0.000000e+00,552,0.026241,0.000000e+00,0.052483,1.200515e-06,0.000000e+00,168,1,0,1,1,1
021_bleach_cleanser,s0_complete_epi_021_bleach_cleanser_t0,complete_epi,214,0.879681,0.039125,2.153577e-05,2.122590e-04,1085,0.026083,3.141789e-06,0.052167,3.001338e-05,0.000000e+00,46,1,0,1,1,0
021_bleach_cleanser,s0_complete_epi_021_bleach_cleanser_t1,complete_epi,45,0.929298,0.040065,9.552646e-06,4.602658e-05,1225,0.026710,4.743141e-06,0.053420,1.955406e-05,0.000000e+00,111,1,0,1,1,1
021_bleach_cleanser,s0_complete_epi_021_bleach_cleanser_t2,complete_epi,353,0.882988,0.040351,3.647797e-05,1.652668e-04,643,0.026901,4.578283e-05,0.053802,2.717243e-05,1.068302e-01,112,1,0,1,1,0
021_bleach_cleanser,s0_complete_epi_021_bleach_cleanser_t3,complete_epi,25,0.931909,0.039640,1.512810e-05,9.776392e-05,942,0.026427,1.098392e-05,0.052853,2.551856e-05,0.000000e+00,57,1,0,1,1,1
021_bleach_cleanser,s0_complete_epi_021_bleach_cleanser_t4,complete_epi,0,0.963575,0.621893,2.405087e-02,4.462253e-03,4307,0.414595,1.278571e-02,0.829190,3.325844e-02,5.363544e-02,5,0,0,1,1,
021_bleach_cleanser,s0_complete_epi_021_bleach_cleanser_t5,complete_epi,33,0.909087,0.040100,9.515965e-06,2.507748e-05,1181,0.026734,9.763957e-06,0.053467,1.045106e-05,2.063510e-01,109,1,0,1,1,0
021_bleach_cleanser,s0_complete_epi_021_bleach_cleanser_t6,complete_epi,93,0.918419,0.039223,7.293635e-06,8.209031e-06,986,0.026149,6.796879e-07,0.052298,1.928971e-05,0.000000e+00,96,1,0,1,1,1
021_bleach_cleanser,s0_complete_epi_021_bleach_cleanser_t8,complete_epi,309,0.885111,0.039303,3.938713e-05,1.750226e-04,1209,0.026202,8.402124e-05,0.052405,3.131375e-05,1.628781e-01,74,1,0,1,1,0
021_bleach_cleanser,s0_complete_epi_021_bleach_cleanser_t9,complete_epi,63,0.937310,0.039136,4.738076e-05,3.293245e-04,974,0.026091,3.672063e-05,0.052182,4.811035e-05,0.000000e+00,90,1,0,1,1,1
005_tomato_soup_can,s0_epi_score_005_tomato_soup_can_t0,epi_score,58,0.855049,0.019010,5.013931e-07,1.946443e-06,407,0.012673,2.138314e-07,0.025346,6.382339e-07,2.425733e-01,635,1,0,1,1,1
005_tomato_soup_can,s0_epi_score_005_tomato_soup_can_t1,epi_score,329,0.812499,0.019025,4.728045e-07,1.513736e-06,452,0.012683,4.041131e-07,0.025366,5.202103e-07,2.411061e-01,635,1,0,1,1,1
005_tomato_soup_can,s0_epi_score_005_tomato_soup_can_t2,epi_score,418,0.827123,0.019127,4.991718e-07,1.521276e-06,500,0.012752,4.895362e-07,0.025503,5.308342e-07,2.697364e-01,688,1,0,1,1,1
005_tomato_soup_can,s0_epi_score_005_tomato_soup_can_t3,epi_score,94,0.860417,0.019051,4.160080e-07,1.444384e-06,437,0.012701,4.206374e-07,0.025401,5.195921e-07,2.304241e-01,641,1,0,1,1,1
005_tomato_soup_can,s0_epi_score_005_tomato_soup_can_t5,epi_score,545,0.804087,0.019059,5.043186e-07,1.665065e-06,468,0.012706,4.769696e-07,0.025412,5.879171e-07,3.444358e-01,750,1,0,1,1,1
005_tomato_soup_can,s0_epi_score_005_tomato_soup_can_t6,epi_score,1726,0.508667,0.010443,1.856192e-07,1.648691e-07,2294,0.006962,1.210566e-07,0.013924,2.928355e-07,6.741815e-01,2596,1,0,1,1,0
005_tomato_soup_can,s0_epi_score_005_tomato_soup_can_t7,epi_score,22,0.886123,0.018802,5.210050e-07,1.512242e-06,432,0.012535,4.552678e-07,0.025069,5.315268e-07,2.818722e-01,695,1,0,1,1,1
005_tomato_soup_can,s0_epi_score_005_tomato_soup_can_t8,epi_score,174,0.836417,0.018770,5.287068e-07,1.565138e-06,471,0.012513,6.420393e-07,0.025027,5.449287e-07,2.506627e-01,683,1,0,1,1,1
005_tomato_soup_can,s0_epi_score_005_tomato_soup_can_t9,epi_score,868,0.762236,0.019125,4.488129e-07,1.508269e-06,432,0.012750,5.022594e-07,0.025500,5.274435e-07,2.664460e-01,672,1,0,1,1,1
061_foam_brick,s0_epi_score_061_foam_brick_t0,epi_score,1669,0.378521,0.016189,6.904922e-07,1.419493e-06,647,0.010793,7.001216e-07,0.021586,2.878659e-06,7.418622e-01,1158,1,0,1,1,1
061_foam_brick,s0_epi_score_061_foam_brick_t1,epi_score,985,0.890530,0.016537,5.731703e-07,1.266138e-06,724,0.011025,5.945947e-07,0.022049,7.191423e-07,7.623129e-01,1226,1,0,1,1,1
061_foam_brick,s0_epi_score_061_foam_brick_t2,epi_score,1784,0.161376,0.016760,6.537148e-07,1.264635e-06,857,0.011173,5.953758e-07,0.022346,8.967279e-07,6.065910e-01,907,1,0,1,1,1
061_foam_brick,s0_epi_score_061_foam_brick_t3,epi_score,1400,0.517729,0.016994,5.248172e-07,1.927831e-06,749,0.011329,4.651898e-07,0.022659,2.984008e-06,1.235855e+00,1362,1,0,1,1,0
061_foam_brick,s0_epi_score_061_foam_brick_t4,epi_score,886,0.918132,0.017016,3.719713e-06,1.621103e-05,876,0.011344,5.782953e-06,0.022688,6.101526e-06,7.289179e-01,990,1,0,1,1,1
061_foam_brick,s0_epi_score_061_foam_brick_t5,epi_score,1238,0.748367,0.016743,4.392425e-06,1.662835e-05,521,0.011162,6.903253e-06,0.022325,5.794842e-06,8.738354e-01,1042,1,0,1,1,1
061_foam_brick,s0_epi_score_061_foam_brick_t6,epi_score,28,0.931332,0.016770,9.191303e-07,2.382548e-06,879,0.011180,1.245132e-06,0.022360,3.548727e-06,8.680745e-01,1071,1,0,1,1,1
061_foam_brick,s0_epi_score_061_foam_brick_t7,epi_score,592,0.895887,0.017228,4.387937e-07,7.804565e-07,865,0.011486,3.917066e-07,0.022971,4.405009e-07,7.358933e-01,1345,1,0,1,1,0
061_foam_brick,s0_epi_score_061_foam_brick_t8,epi_score,227,0.933244,0.016992,7.863909e-07,2.206265e-06,1180,0.011328,5.946574e-07,0.022656,1.634547e-06,1.587972e+00,2206,1,0,1,1,1
061_foam_brick,s0_epi_score_061_foam_brick_t9,epi_score,1430,0.759004,0.016719,3.696594e-07,1.556536e-06,410,0.011146,0.000000e+00,0.022292,6.627363e-07,5.858427e-01,958,1,0,1,1,0
035_power_drill,s0_patch_only_035_power_drill_t0,patch_only,1751,0.355543,0.041577,6.807401e-07,0.000000e+00,596,0.027718,0.000000e+00,0.055436,1.316700e-05,0.000000e+00,105,1,0,1,1,0
035_power_drill,s0_patch_only_035_power_drill_t1,patch_only,1124,0.642865,0.038982,1.552870e-06,1.184548e-05,842,0.025988,3.252757e-07,0.051976,2.907261e-06,4.693932e-03,185,1,0,1,1,0
035_power_drill,s0_patch_only_035_power_drill_t2,patch_only,615,0.808436,0.043451,0.000000e+00,0.000000e+00,460,0.028968,0.000000e+00,0.057935,4.760645e-05,0.000000e+00,58,1,0,1,1,0
035_power_drill,s0_patch_only_035_power_drill_t3,patch_only,1747,0.176953,0.050891,5.240402e-06,2.794783e-05,745,0.033927,3.576464e-07,0.067854,1.977369e-05,0.000000e+00,59,1,0,1,1,0
035_power_drill,s0_patch_only_035_power_drill_t4,patch_only,171,0.862873,0.043487,0.000000e+00,0.000000e+00,670,0.028992,0.000000e+00,0.057983,1.337121e-06,0.000000e+00,98,1,0,1,1,0
035_power_drill,s0_patch_only_035_power_drill_t5,patch_only,799,0.757366,0.043923,0.000000e+00,0.000000e+00,556,0.029282,0.000000e+00,0.058564,3.019148e-05,0.000000e+00,84,1,0,1,1,0
035_power_drill,s0_patch_only_035_power_drill_t6,patch_only,277,0.847280,0.039376,2.214083e-08,0.000000e+00,510,0.026251,0.000000e+00,0.052501,1.752366e-06,0.000000e+00,127,1,0,1,1,0
035_power_drill,s0_patch_only_035_power_drill_t7,patch_only,1928,0.134040,0.028436,1.115586e-06,2.292632e-06,941,0.018957,1.031773e-06,0.037915,1.597305e-06,0.000000e+00,162,1,0,1,1,0
035_power_drill,s0_patch_only_035_power_drill_t8,patch_only,296,0.833251,0.049724,1.149595e-06,0.000000e+00,620,0.033149,0.000000e+00,0.066298,5.455867e-05,0.000000e+00,67,1,0,1,1,1
035_power_drill,s0_patch_only_035_power_drill_t9,patch_only,1941,0.150721,0.013967,6.730950e-06,3.818803e-05,444,0.009311,5.403129e-06,0.018623,7.364367e-06,3.531247e-01,682,1,0,1,1,0
021_bleach_cleanser,s0_duarte_mcd_021_bleach_cleanser_t0,duarte_mcd,9,0.920137,,,,,,,,,0.000000e+00,108,1,0,1,1,1
021_bleach_cleanser,s0_duarte_mcd_021_bleach_cleanser_t1,duarte_mcd,586,0.697643,,,,,,,,,0.000000e+00,283,1,0,1,1,1
021_bleach_cleanser,s0_duarte_mcd_021_bleach_cleanser_t2,duarte_mcd,206,0.913323,,,,,,,,,1.412501e-01,171,1,0,1,1,1
021_bleach_cleanser,s0_duarte_mcd_021_bleach_cleanser_t3,duarte_mcd,853,0.741382,,,,,,,,,6.602155e-02,4,1,0,1,1,0
021_bleach_cleanser,s0_duarte_mcd_021_bleach_cleanser_t4,duarte_mcd,15,0.946760,,,,,,,,,1.324418e-01,97,1,0,1,1,0
021_bleach_cleanser,s0_duarte_mcd_021_bleach_cleanser_t5,duarte_mcd,337,0.926588,,,,,,,,,7.368495e-02,117,1,0,1,1,0
021_bleach_cleanser,s0_duarte_mcd_021_bleach_cleanser_t6,duarte_mcd,10,0.949808,,,,,,,,,2.789753e-02,87,1,0,1,1,0
021_bleach_cleanser,s0_duarte_mcd_021_bleach_cleanser_t7,duarte_mcd,106,0.938040,,,,,,,,,0.000000e+00,198,1,0,1,1,1
021_bleach_cleanser,s0_duarte_mcd_021_bleach_cleanser_t8,duarte_mcd,76,0.931262,,,,,,,,,0.000000e+00,339,1,0,1,1,1
021_bleach_cleanser,s0_duarte_mcd_021_bleach_cleanser_t9,duarte_mcd,2,0.948403,,,,,,,,,2.240786e-03,252,1,0,1,1,0
005_tomato_soup_can,s1_partial_only_005_tomato_soup_can_t0,partial_only,0,0.962572,,,,,,,,,,,1,0,1,1,0
005_tomato_soup_can,s1_partial_only_005_tomato_soup_can_t1,partial_only,0,0.945849,,,,,,,,,,,1,0,1,1,1
005_tomato_soup_can,s1_partial_only_005_tomato_soup_can_t2,partial_only,1147,0.736537,,,,,,,,,,,1,0,1,1,0
005_tomato_soup_can,s1_partial_only_005_tomato_soup_can_t3,partial_only,0,0.940619,,,,,,,,,,,1,0,1,1,1
005_tomato_soup_can,s1_partial_only_005_tomato_soup_can_t4,partial_only,32,0.939256,,,,,,,,,,,1,0,1,1,1
005_tomato_soup_can,s1_partial_only_005_tomato_soup_can_t6,partial_only,0,0.954910,,,,,,,,,,,1,0,1,1,1
005_tomato_soup_can,s1_partial_only_005_tomato_soup_can_t7,partial_only,444,0.931895,,,,,,,,,,,1,0,1,1,0
005_tomato_soup_can,s1_partial_only_005_tomato_soup_can_t8,partial_only,0,0.960870,,,,,,,,,,,1,0,1,1,1
005_tomato_soup_can,s1_partial_only_005_tomato_soup_can_t9,partial_only,0,0.952808,,,,,,,,,,,1,0,1,1,1
061_foam_brick,s1_partial_only_061_foam_brick_t0,partial_only,144,0.953832,,,,,,,,,,,1,0,1,1,1
061_foam_brick,s1_partial_only_061_foam_brick_t1,partial_only,111,0.926933,,,,,,,,,,,1,0,1,1,1
061_foam_brick,s1_partial_only_061_foam_brick_t2,partial_only,22,0.965782,,,,,,,,,,,1,0,1,1,0
061_foam_brick,s1_partial_only_061_foam_brick_t3,partial_only,562,0.879190,,,,,,,,,,,1,0,1,1,1
061_foam_brick,s1_partial_only_061_foam_brick_t4,partial_only,687,0.826433,,,,,,,,,,,1,0,1,1,1
061_foam_brick,s1_partial_only_061_foam_brick_t5,partial_only,103,0.950999,,,,,,,,,,,1,0,1,1,0
061_foam_brick,s1_partial_only_061_foam_brick_t6,partial_only,836,0.843749,,,,,,,,,,,1,0,1,1,1
061_foam_brick,s1_partial_only_061_foam_brick_t7,partial_only,292,0.939916,,,,,,,,,,,1,0,1,1,1
061_foam_brick,s1_partial_only_061_foam_brick_t8,partial_only,922,0.746532,,,,,,,,,,,1,0,1,1,1
061_foam_brick,s1_partial_only_061_foam_brick_t9,partial_only,287,0.926566,,,,,,,,,,,1,0,1,1,1
035_power_drill,s1_complete_only_035_power_drill_t0,complete_only,910,0.727638,0.041747,5.655028e-07,3.253953e-06,630,0.027831,0.000000e+00,0.055663,1.015325e-06,0.000000e+00,111,1,0,1,1,0
035_power_drill,s1_complete_only_035_power_drill_t1,complete_only,758,0.786456,0.043725,7.359697e-06,0.000000e+00,656,0.029150,2.796542e-06,0.058300,6.679206e-05,0.000000e+00,139,1,0,1,1,1
035_power_drill,s1_complete_only_035_power_drill_t3,complete_only,72,0.903827,0.046231,1.307904e-04,1.048146e-03,872,0.030821,9.254731e-05,0.061641,2.245678e-04,1.631190e-01,130,1,0,1,1,1
035_power_drill,s1_complete_only_035_power_drill_t4,complete_only,0,0.966284,0.020030,4.713992e-05,1.717385e-04,529,0.013353,8.045021e-05,0.026706,2.921276e-05,1.014701e+00,543,1,0,1,1,0
035_power_drill,s1_complete_only_035_power_drill_t5,complete_only,0,0.982118,0.015435,1.152112e-05,5.812117e-05,1752,0.010290,6.987260e-06,0.020580,2.247026e-05,1.930454e+00,2251,1,0,1,1,0
035_power_drill,s1_complete_only_035_power_drill_t6,complete_only,198,0.907475,0.042479,6.261283e-04,3.733879e-03,698,0.028319,1.254936e-03,0.056638,5.293433e-04,1.324917e+00,175,1,0,1,1,1
035_power_drill,s1_complete_only_035_power_drill_t7,complete_only,727,0.804155,0.044054,6.608747e-05,2.997282e-04,877,0.029369,2.668378e-05,0.058739,1.348495e-04,0.000000e+00,132,1,0,1,1,1
035_power_drill,s1_complete_only_035_power_drill_t9,complete_only,7,0.926378,0.037216,0.000000e+00,0.000000e+00,622,0.024810,0.000000e+00,0.049621,0.000000e+00,0.000000e+00,162,1,0,1,1,0
021_bleach_cleanser,s1_complete_epi_021_bleach_cleanser_t0,complete_epi,22,0.931380,0.038889,1.168488e-04,6.287317e-04,915,0.025926,8.976012e-05,0.051852,9.190675e-05,1.010043e-01,124,1,0,1,1,1
021_bleach_cleanser,s1_complete_epi_021_bleach_cleanser_t1,complete_epi,46,0.913272,0.039271,1.252036e-05,5.812058e-05,1261,0.026181,1.372906e-05,0.052362,1.290039e-05,2.309173e-02,111,1,0,1,1,1
021_bleach_cleanser,s1_complete_epi_021_bleach_cleanser_t2,complete_epi,0,0.939407,0.017544,2.758733e-04,4.947262e-04,714,0.011696,3.096234e-04,0.023391,2.346299e-04,2.194946e+00,446,1,0,1,1,0
021_bleach_cleanser,s1_complete_epi_021_bleach_cleanser_t3,complete_epi,735,0.809151,0.039650,5.238690e-05,2.429189e-04,1348,0.026433,1.038948e-04,0.052867,4.603997e-05,8.962805e-02,89,1,0,1,1,1
021_bleach_cleanser,s1_complete_epi_021_bleach_cleanser_t4,complete_epi,842,0.823036,0.039660,5.534335e-05,1.986533e-04,1069,0.026440,1.161648e-04,0.052880,4.078969e-05,2.595049e-01,135,1,0,1,1,1
021_bleach_cleanser,s1_complete_epi_021_bleach_cleanser_t5,complete_epi,335,0.875045,0.027571,1.237471e-05,4.938621e-05,2680,0.018381,1.813765e-05,0.036761,1.014982e-05,2.058060e-01,690,1,0,1,1,1
021_bleach_cleanser,s1_complete_epi_021_bleach_cleanser_t7,complete_epi,0,0.914784,0.209406,nan,nan,0,0.139604,nan,0.279208,nan,0.000000e+00,0,0,0,1,1,
021_bleach_cleanser,s1_complete_epi_021_bleach_cleanser_t8,complete_epi,119,0.885494,0.040387,1.257558e-05,1.050523e-04,1053,0.026925,1.695755e-05,0.053850,1.195505e-05,0.000000e+00,189,1,0,1,1,1
021_bleach_cleanser,s1_complete_epi_021_bleach_cleanser_t9,complete_epi,46,0.928293,0.034077,1.774046e-07,0.000000e+00,618,0.022718,0.000000e+00,0.045436,7.535656e-07,0.000000e+00,83,1,0,1,1,0
005_tomato_soup_can,s1_epi_score_005_tomato_soup_can_t0,epi_score,91,0.861437,0.019058,5.484107e-07,1.655340e-06,570,0.012706,6.255467e-07,0.025411,5.785534e-07,3.302650e-01,751,1,0,1,1,1
005_tomato_soup_can,s1_epi_score_005_tomato_soup_can_t2,epi_score,28,0.873589,0.018663,5.751929e-07,1.883116e-06,427,0.012442,3.242664e-07,0.024884,6.966477e-07,2.640189e-01,686,1,0,1,1,1
005_tomato_soup_can,s1_epi_score_005_tomato_soup_can_t3,epi_score,200,0.837065,0.018836,4.988337e-07,1.703172e-06,433,0.012557,3.113711e-07,0.025115,6.075633e-07,3.359006e-01,743,1,0,1,1,1
005_tomato_soup_can,s1_epi_score_005_tomato_soup_can_t4,epi_score,50,0.876664,0.019150,5.421669e-07,1.507631e-06,434,0.012766,4.226023e-07,0.025533,6.237801e-07,2.062908e-01,624,1,0,1,1,1
005_tomato_soup_can,s1_epi_score_005_tomato_soup_can_t5,epi_score,51,0.882092,0.018971,6.576884e-07,1.739896e-06,494,0.012647,7.143966e-07,0.025295,6.327031e-07,3.078548e-01,692,1,0,1,1,1
005_tomato_soup_can,s1_epi_score_005_tomato_soup_can_t6,epi_score,231,0.832198,0.018980,5.448720e-07,1.607463e-06,515,0.012653,5.587284e-07,0.025307,5.979177e-07,3.665722e-01,741,1,0,1,1,0
005_tomato_soup_can,s1_epi_score_005_tomato_soup_can_t7,epi_score,519,0.795655,0.019116,5.648703e-07,1.740834e-06,544,0.012744,6.802211e-07,0.025487,5.531918e-07,3.833455e-01,781,1,0,1,1,1
005_tomato_soup_can,s1_epi_score_005_tomato_soup_can_t8,epi_score,94,0.867927,0.018843,5.683411e-07,1.702531e-06,508,0.012562,6.909975e-07,0.025125,5.739128e-07,4.365906e-01,832,1,0,1,1,1
061_foam_brick,s1_epi_score_061_foam_brick_t0,epi_score,1214,0.807356,0.016198,1.974097e-06,6.611890e-06,536,0.010799,2.644179e-06,0.021597,2.517976e-06,8.372415e-01,1199,1,0,1,1,1
061_foam_brick,s1_epi_score_061_foam_brick_t1,epi_score,1874,0.104945,0.017291,6.845400e-07,3.197912e-06,739,0.011527,9.002704e-07,0.023055,1.071748e-06,2.043175e-01,318,1,0,1,1,0
061_foam_brick,s1_epi_score_061_foam_brick_t2,epi_score,637,0.907873,0.017374,5.503672e-07,8.387254e-07,748,0.011582,5.437702e-07,0.023165,3.323741e-06,8.555732e-01,1297,1,0,1,1,1
061_foam_brick,s1_epi_score_061_foam_brick_t3,epi_score,351,0.907335,0.016984,1.438735e-06,9.236870e-06,1152,0.011323,3.983115e-07,0.022645,1.957909e-06,2.065505e+00,2246,1,0,1,1,1
061_foam_brick,s1_epi_score_061_foam_brick_t4,epi_score,1895,0.119338,0.019614,9.133220e-07,3.866200e-06,1151,0.013076,8.204196e-07,0.026152,8.970969e-07,2.859322e-01,559,1,0,1,1,0
061_foam_brick,s1_epi_score_061_foam_brick_t5,epi_score,202,0.955235,0.016356,5.455137e-07,6.042804e-06,524,0.010904,5.065176e-07,0.021808,8.716637e-07,8.754443e-01,1403,1,0,1,1,1
061_foam_brick,s1_epi_score_061_foam_brick_t6,epi_score,1064,0.701777,0.017287,9.633882e-07,5.353964e-06,744,0.011525,3.211545e-07,0.023050,2.356119e-06,9.459050e-01,681,1,0,1,1,1
061_foam_brick,s1_epi_score_061_foam_brick_t7,epi_score,1085,0.792515,0.017142,5.485033e-06,3.482839e-05,622,0.011428,1.430405e-05,0.022856,7.600855e-06,9.833330e-01,1292,1,0,1,1,1
061_foam_brick,s1_epi_score_061_foam_brick_t8,epi_score,467,0.900844,0.017062,3.603917e-07,6.510752e-07,726,0.011375,3.492949e-07,0.022749,4.482133e-07,7.307744e-01,1405,1,0,1,1,0
061_foam_brick,s1_epi_score_061_foam_brick_t9,epi_score,860,0.846131,0.016196,7.290251e-07,1.664757e-06,938,0.010797,9.496756e-07,0.021594,6.422155e-06,8.249585e-01,991,1,0,1,1,1
035_power_drill,s1_patch_only_035_power_drill_t0,patch_only,1910,0.136106,0.041747,0.000000e+00,0.000000e+00,607,0.027831,0.000000e+00,0.055663,4.221198e-07,0.000000e+00,34,1,0,1,1,0
035_power_drill,s1_patch_only_035_power_drill_t1,patch_only,486,0.838335,0.043614,0.000000e+00,0.000000e+00,492,0.029076,0.000000e+00,0.058152,4.022412e-05,0.000000e+00,54,1,0,1,1,0
035_power_drill,s1_patch_only_035_power_drill_t2,patch_only,1741,0.396238,0.018357,7.399909e-07,1.172430e-06,1757,0.012238,6.125814e-07,0.024476,1.608015e-06,7.334393e-01,1082,1,0,1,1,0
035_power_drill,s1_patch_only_035_power_drill_t3,patch_only,535,0.771677,0.043922,0.000000e+00,0.000000e+00,484,0.029281,0.000000e+00,0.058562,3.958312e-05,0.000000e+00,99,1,0,1,1,1
035_power_drill,s1_patch_only_035_power_drill_t4,patch_only,216,0.857766,0.043327,0.000000e+00,0.000000e+00,518,0.028884,0.000000e+00,0.057769,8.253649e-06,0.000000e+00,58,1,0,1,1,0
035_power_drill,s1_patch_only_035_power_drill_t5,patch_only,962,0.788918,0.196745,3.657774e-03,7.754148e-03,12557,0.131163,7.852029e-04,0.262327,1.103174e-02,0.000000e+00,716,1,0,1,1,0
035_power_drill,s1_patch_only_035_power_drill_t6,patch_only,341,0.861651,0.042660,0.000000e+00,0.000000e+00,580,0.028440,0.000000e+00,0.056881,5.122540e-07,0.000000e+00,140,1,0,1,1,1
035_power_drill,s1_patch_only_035_power_drill_t7,patch_only,1769,0.542988,0.015576,7.049919e-06,2.016566e-05,2019,0.010384,1.100031e-06,0.020768,1.190630e-05,2.286845e+00,3099,1,0,1,1,0
035_power_drill,s1_patch_only_035_power_drill_t8,patch_only,1939,0.107681,0.019054,5.392353e-07,8.182201e-07,779,0.012703,8.771707e-08,0.025406,1.338953e-06,0.000000e+00,60,1,0,1,1,0
021_bleach_cleanser,s1_duarte_mcd_021_bleach_cleanser_t0,duarte_mcd,34,0.935022,,,,,,,,,1.694648e-02,117,1,0,1,1,1
021_bleach_cleanser,s1_duarte_mcd_021_bleach_cleanser_t1,duarte_mcd,135,0.839784,,,,,,,,,0.000000e+00,108,1,0,1,1,1
021_bleach_cleanser,s1_duarte_mcd_021_bleach_cleanser_t2,duarte_mcd,759,0.563978,,,,,,,,,6.035591e-02,3,1,0,1,1,0
021_bleach_cleanser,s1_duarte_mcd_021_bleach_cleanser_t3,duarte_mcd,26,0.931559,,,,,,,,,3.206538e-02,95,1,0,1,1,1
021_bleach_cleanser,s1_duarte_mcd_021_bleach_cleanser_t4,duarte_mcd,536,0.875991,,,,,,,,,2.856248e-03,128,1,0,1,1,1
021_bleach_cleanser,s1_duarte_mcd_021_bleach_cleanser_t5,duarte_mcd,360,0.931628,,,,,,,,,4.526779e-01,1267,1,0,1,1,0
021_bleach_cleanser,s1_duarte_mcd_021_bleach_cleanser_t6,duarte_mcd,55,0.929984,,,,,,,,,0.000000e+00,90,1,0,1,1,1
021_bleach_cleanser,s1_duarte_mcd_021_bleach_cleanser_t8,duarte_mcd,31,0.950511,,,,,,,,,8.607653e-03,178,1,0,1,1,1
021_bleach_cleanser,s1_duarte_mcd_021_bleach_cleanser_t9,duarte_mcd,45,0.927423,,,,,,,,,0.000000e+00,88,1,0,1,1,1
005_tomato_soup_can,s2_partial_only_005_tomato_soup_can_t0,partial_only,1,0.950846,,,,,,,,,,,1,0,1,1,1
005_tomato_soup_can,s2_partial_only_005_tomato_soup_can_t1,partial_only,15,0.939357,,,,,,,,,,,1,0,1,1,1
005_tomato_soup_can,s2_partial_only_005_tomato_soup_can_t2,partial_only,0,0.946753,,,,,,,,,,,1,0,1,1,0
005_tomato_soup_can,s2_partial_only_005_tomato_soup_can_t3,partial_only,0,0.971839,,,,,,,,,,,1,0,1,1,1
005_tomato_soup_can,s2_partial_only_005_tomato_soup_can_t4,partial_only,5,0.949834,,,,,,,,,,,1,0,1,1,1
005_tomato_soup_can,s2_partial_only_005_tomato_soup_can_t5,partial_only,1,0.943653,,,,,,,,,,,1,0,1,1,1
005_tomato_soup_can,s2_partial_only_005_tomato_soup_can_t6,partial_only,1,0.957491,,,,,,,,,,,1,0,1,1,1
005_tomato_soup_can,s2_partial_only_005_tomato_soup_can_t8,partial_only,6,0.938465,,,,,,,,,,,1,0,1,1,0
005_tomato_soup_can,s2_partial_only_005_tomato_soup_can_t9,partial_only,0,0.941311,,,,,,,,,,,1,0,1,1,1
061_foam_brick,s2_partial_only_061_foam_brick_t0,partial_only,344,0.909428,,,,,,,,,,,1,0,1,1,1
061_foam_brick,s2_partial_only_061_foam_brick_t1,partial_only,49,0.963330,,,,,,,,,,,1,0,1,1,1
061_foam_brick,s2_partial_only_061_foam_brick_t2,partial_only,171,0.926546,,,,,,,,,,,1,0,1,1,1
061_foam_brick,s2_partial_only_061_foam_brick_t3,partial_only,712,0.820758,,,,,,,,,,,1,0,1,1,0
061_foam_brick,s2_partial_only_061_foam_brick_t4,partial_only,522,0.923531,,,,,,,,,,,1,0,1,1,0
061_foam_brick,s2_partial_only_061_foam_brick_t5,partial_only,235,0.949838,,,,,,,,,,,1,0,1,1,0
061_foam_brick,s2_partial_only_061_foam_brick_t6,partial_only,572,0.839260,,,,,,,,,,,1,0,1,1,1
061_foam_brick,s2_partial_only_061_foam_brick_t7,partial_only,423,0.910965,,,,,,,,,,,1,0,1,1,0
061_foam_brick,s2_partial_only_061_foam_brick_t8,partial_only,196,0.952304,,,,,,,,,,,1,0,1,1,1
061_foam_brick,s2_partial_only_061_foam_brick_t9,partial_only,52,0.945274,,,,,,,,,,,1,0,1,1,0
035_power_drill,s2_complete_only_035_power_drill_t0,complete_only,343,0.855422,0.039149,4.983525e-06,2.809572e-05,1403,0.026099,4.344287e-06,0.052199,1.202511e-05,4.048071e-01,358,1,0,1,1,1
035_power_drill,s2_complete_only_035_power_drill_t2,complete_only,164,0.885002,0.041667,1.039588e-05,2.392013e-05,1490,0.027778,9.143158e-06,0.055556,1.465108e-05,0.000000e+00,194,1,0,1,1,1
035_power_drill,s2_complete_only_035_power_drill_t3,complete_only,59,0.890030,0.043563,9.451385e-06,0.000000e+00,468,0.029042,0.000000e+00,0.058083,2.540318e-05,0.000000e+00,89,1,0,1,1,1
035_power_drill,s2_complete_only_035_power_drill_t6,complete_only,28,0.932292,0.041732,7.930606e-06,4.426193e-06,694,0.027821,5.330796e-06,0.055642,1.379238e-05,0.000000e+00,116,1,0,1,1,1
035_power_drill,s2_complete_only_035_power_drill_t7,complete_only,5,0.931268,0.049693,5.032725e-04,3.061291e-03,1199,0.033129,6.485734e-04,0.066257,4.598599e-04,8.584091e-01,157,1,0,1,1,1
035_power_drill,s2_complete_only_035_power_drill_t8,complete_only,366,0.849765,0.041013,3.255984e-06,1.124783e-05,773,0.027342,0.000000e+00,0.054685,2.981291e-06,0.000000e+00,119,1,0,1,1,0
035_power_drill,s2_complete_only_035_power_drill_t9,complete_only,608,0.789718,0.040689,1.605576e-05,7.338530e-05,1911,0.027126,1.338704e-05,0.054252,2.560985e-05,4.105348e-01,323,1,0,1,1,0
021_bleach_cleanser,s2_complete_epi_021_bleach_cleanser_t0,complete_epi,6,0.918583,0.039332,1.506375e-06,0.000000e+00,526,0.026221,0.000000e+00,0.052442,1.349646e-05,0.000000e+00,80,1,0,1,1,0
021_bleach_cleanser,s2_complete_epi_021_bleach_cleanser_t1,complete_epi,28,0.926541,0.039162,3.375048e-05,2.576211e-04,761,0.026108,3.608810e-05,0.052216,2.878294e-05,0.000000e+00,95,1,0,1,1,1
021_bleach_cleanser,s2_complete_epi_021_bleach_cleanser_t2,complete_epi,17,0.958679,0.024366,4.062667e-05,1.763225e-04,1670,0.016244,8.236470e-05,0.032487,3.499073e-05,6.594376e-01,327,1,0,1,1,0
021_bleach_cleanser,s2_complete_epi_021_bleach_cleanser_t3,complete_epi,616,0.858298,0.040318,2.851725e-05,1.307578e-04,1127,0.026878,6.617876e-05,0.053757,2.417647e-05,1.439352e-01,130,1,0,1,1,1
021_bleach_cleanser,s2_complete_epi_021_bleach_cleanser_t4,complete_epi,42,0.936923,0.038844,6.034149e-05,5.851767e-04,903,0.025896,8.068521e-05,0.051792,4.474642e-05,2.529286e-01,161,1,0,1,1,1
021_bleach_cleanser,s2_complete_epi_021_bleach_cleanser_t5,complete_epi,110,0.915066,0.039993,1.794127e-06,0.000000e+00,487,0.026662,0.000000e+00,0.053324,4.938176e-06,0.000000e+00,82,1,0,1,1,0
021_bleach_cleanser,s2_complete_epi_021_bleach_cleanser_t6,complete_epi,6,0.915014,0.038926,2.067105e-05,5.438094e-05,590,0.025951,2.079708e-05,0.051902,1.302917e-05,8.629172e-02,138,1,0,1,1,1
021_bleach_cleanser,s2_complete_epi_021_bleach_cleanser_t7,complete_epi,30,0.943930,0.019649,1.561405e-05,4.190608e-05,1194,0.013099,1.606838e-05,0.026198,1.548274e-05,1.406966e+00,1034,1,0,1,1,0
021_bleach_cleanser,s2_complete_epi_021_bleach_cleanser_t8,complete_epi,26,0.926526,0.038838,2.079553e-05,1.292828e-04,1216,0.025892,1.818104e-05,0.051784,1.516044e-05,1.089075e-02,129,1,0,1,1,1
021_bleach_cleanser,s2_complete_epi_021_bleach_cleanser_t9,complete_epi,5,0.958180,0.022360,1.615291e-06,6.290750e-06,1279,0.014906,1.368426e-06,0.029813,1.825588e-06,1.282490e-01,801,1,0,1,1,1
061_foam_brick,s2_epi_score_061_foam_brick_t0,epi_score,1010,0.827330,0.017153,6.421259e-07,1.115989e-06,976,0.011435,6.267571e-07,0.022871,2.152153e-06,1.285891e+00,1577,1,0,1,1,1
061_foam_brick,s2_epi_score_061_foam_brick_t1,epi_score,423,0.952064,0.016699,7.728399e-07,1.543564e-06,1304,0.011133,6.610682e-07,0.022266,1.688926e-06,1.076375e+00,1584,1,0,1,1,1
061_foam_brick,s2_epi_score_061_foam_brick_t2,epi_score,665,0.934039,0.017999,5.607182e-07,1.033933e-06,1178,0.011999,5.325354e-07,0.023999,6.879078e-07,1.085903e+00,1701,1,0,1,1,1
061_foam_brick,s2_epi_score_061_foam_brick_t3,epi_score,1946,0.042155,0.016488,9.018286e-07,1.681701e-06,767,0.010992,9.634730e-07,0.021984,1.027314e-06,9.419451e-01,1317,1,0,1,1,0
061_foam_brick,s2_epi_score_061_foam_brick_t4,epi_score,737,0.915655,0.016474,5.787042e-07,1.017779e-06,1065,0.010982,5.850516e-07,0.021965,7.157826e-07,1.187609e+00,1784,1,0,1,1,1
061_foam_brick,s2_epi_score_061_foam_brick_t5,epi_score,195,0.944119,0.016257,6.033414e-07,2.018536e-06,754,0.010838,5.184416e-07,0.021676,1.103063e-06,7.415116e-01,1156,1,0,1,1,1
061_foam_brick,s2_epi_score_061_foam_brick_t6,epi_score,85,0.952487,0.017232,1.133376e-06,2.351072e-06,1285,0.011488,9.843176e-07,0.022977,1.820232e-06,1.377415e+00,1885,1,0,1,1,1
061_foam_brick,s2_epi_score_061_foam_brick_t7,epi_score,1895,0.099234,0.020331,5.098441e-07,1.378826e-06,1506,0.013554,5.483336e-07,0.027108,1.350479e-06,3.043721e-01,611,1,0,1,1,0
061_foam_brick,s2_epi_score_061_foam_brick_t8,epi_score,454,0.947321,0.016594,8.717437e-07,4.915161e-06,1015,0.011062,6.985924e-07,0.022125,4.552788e-06,9.829231e-01,1338,1,0,1,1,1
061_foam_brick,s2_epi_score_061_foam_brick_t9,epi_score,839,0.837502,0.016808,6.865626e-07,1.034970e-06,1010,0.011205,6.808232e-07,0.022410,6.615597e-07,7.176545e-01,1208,1,0,1,1,0
035_power_drill,s2_patch_only_035_power_drill_t0,patch_only,328,0.858775,0.039149,4.943191e-06,2.773454e-05,1346,0.026099,4.125695e-06,0.052199,6.141972e-06,1.595245e-01,272,1,0,1,1,0
035_power_drill,s2_patch_only_035_power_drill_t1,patch_only,103,0.900675,0.039600,0.000000e+00,0.000000e+00,614,0.026400,0.000000e+00,0.052799,7.825537e-07,0.000000e+00,148,1,0,1,1,0
035_power_drill,s2_patch_only_035_power_drill_t2,patch_only,1480,0.612216,0.041798,0.000000e+00,0.000000e+00,826,0.027865,0.000000e+00,0.055731,3.978292e-06,0.000000e+00,69,1,0,1,1,0
035_power_drill,s2_patch_only_035_power_drill_t3,patch_only,114,0.853544,0.043590,0.000000e+00,0.000000e+00,450,0.029060,0.000000e+00,0.058120,2.227590e-06,0.000000e+00,46,1,0,1,1,1
035_power_drill,s2_patch_only_035_power_drill_t4,patch_only,598,0.814635,0.033178,2.005087e-06,5.662699e-06,621,0.022118,2.081088e-06,0.044237,2.854647e-06,2.666117e-01,273,1,0,1,1,0
035_power_drill,s2_patch_only_035_power_drill_t5,patch_only,0,0.898442,0.233902,nan,nan,0,0.155935,nan,0.311870,nan,0.000000e+00,0,0,0,1,1,
035_power_drill,s2_patch_only_035_power_drill_t6,patch_only,109,0.909620,0.041798,0.000000e+00,0.000000e+00,441,0.027866,0.000000e+00,0.055731,1.114927e-05,0.000000e+00,95,1,0,1,1,0
035_power_drill,s2_patch_only_035_power_drill_t7,patch_only,1718,0.306065,0.049299,2.028992e-05,1.015415e-05,782,0.032866,2.583141e-06,0.065731,8.215280e-05,0.000000e+00,11,1,0,1,1,0
035_power_drill,s2_patch_only_035_power_drill_t8,patch_only,622,0.790048,0.040968,1.077388e-06,5.335559e-06,921,0.027312,0.000000e+00,0.054624,2.204940e-06,0.000000e+00,169,1,0,1,1,1
021_bleach_cleanser,s2_duarte_mcd_021_bleach_cleanser_t0,duarte_mcd,32,0.936531,,,,,,,,,4.575452e-02,128,1,0,1,1,1
021_bleach_cleanser,s2_duarte_mcd_021_bleach_cleanser_t1,duarte_mcd,46,0.843219,,,,,,,,,0.000000e+00,115,1,0,1,1,1
021_bleach_cleanser,s2_duarte_mcd_021_bleach_cleanser_t2,duarte_mcd,72,0.927589,,,,,,,,,1.962820e-01,274,1,0,1,1,1
021_bleach_cleanser,s2_duarte_mcd_021_bleach_cleanser_t3,duarte_mcd,1,0.959604,,,,,,,,,3.878966e-02,581,1,0,1,1,1
021_bleach_cleanser,s2_duarte_mcd_021_bleach_cleanser_t4,duarte_mcd,65,0.929152,,,,,,,,,7.639820e-02,171,1,0,1,1,1
021_bleach_cleanser,s2_duarte_mcd_021_bleach_cleanser_t5,duarte_mcd,15,0.949360,,,,,,,,,3.813506e-02,122,1,0,1,1,1
021_bleach_cleanser,s2_duarte_mcd_021_bleach_cleanser_t6,duarte_mcd,61,0.925830,,,,,,,,,1.330195e-01,153,1,0,1,1,0
021_bleach_cleanser,s2_duarte_mcd_021_bleach_cleanser_t7,duarte_mcd,186,0.944102,,,,,,,,,3.928039e-01,363,1,0,1,1,0
021_bleach_cleanser,s2_duarte_mcd_021_bleach_cleanser_t8,duarte_mcd,29,0.957835,,,,,,,,,0.000000e+00,110,1,0,1,1,1
021_bleach_cleanser,s2_duarte_mcd_021_bleach_cleanser_t9,duarte_mcd,34,0.914451,,,,,,,,,2.332430e-02,144,1,0,1,1,1
006_mustard_bottle,s0_partial_only_006_mustard_bottle_t0,partial_only,2,0.954120,,,,,,,,,,,1,0,1,1,0
006_mustard_bottle,s0_partial_only_006_mustard_bottle_t1,partial_only,219,0.897317,,,,,,,,,,,1,0,1,1,1
006_mustard_bottle,s0_partial_only_006_mustard_bottle_t2,partial_only,5,0.951737,,,,,,,,,,,1,0,1,1,1
006_mustard_bottle,s0_partial_only_006_mustard_bottle_t3,partial_only,3,0.953550,,,,,,,,,,,1,0,1,1,1
006_mustard_bottle,s0_partial_only_006_mustard_bottle_t4,partial_only,12,0.946562,,,,,,,,,,,1,0,1,1,1
006_mustard_bottle,s0_partial_only_006_mustard_bottle_t6,partial_only,179,0.904891,,,,,,,,,,,1,0,1,1,1
006_mustard_bottle,s0_partial_only_006_mustard_bottle_t7,partial_only,393,0.865700,,,,,,,,,,,1,0,1,1,1
006_mustard_bottle,s0_partial_only_006_mustard_bottle_t8,partial_only,122,0.904280,,,,,,,,,,,1,0,1,1,1
006_mustard_bottle,s0_partial_only_006_mustard_bottle_t9,partial_only,31,0.937808,,,,,,,,,,,1,0,1,1,1
051_large_clamp,s0_partial_only_051_large_clamp_t0,partial_only,0,0.967058,,,,,,,,,,,1,0,1,1,1
051_large_clamp,s0_partial_only_051_large_clamp_t1,partial_only,0,0.978919,,,,,,,,,,,1,0,1,1,0
051_large_clamp,s0_partial_only_051_large_clamp_t2,partial_only,5,0.973626,,,,,,,,,,,1,0,1,1,1
051_large_clamp,s0_partial_only_051_large_clamp_t3,partial_only,0,0.958839,,,,,,,,,,,1,0,1,1,0
051_large_clamp,s0_partial_only_051_large_clamp_t4,partial_only,0,0.973013,,,,,,,,,,,1,0,1,1,0
051_large_clamp,s0_partial_only_051_large_clamp_t5,partial_only,16,0.965676,,,,,,,,,,,1,0,1,1,0
051_large_clamp,s0_partial_only_051_large_clamp_t6,partial_only,3,0.960348,,,,,,,,,,,1,0,1,1,1
051_large_clamp,s0_partial_only_051_large_clamp_t7,partial_only,0,0.979852,,,,,,,,,,,1,0,1,1,1
051_large_clamp,s0_partial_only_051_large_clamp_t8,partial_only,0,0.955792,,,,,,,,,,,1,0,1,1,0
051_large_clamp,s0_partial_only_051_large_clamp_t9,partial_only,1,0.963230,,,,,,,,,,,1,0,1,1,1
011_banana,s0_complete_only_011_banana_t0,complete_only,1695,0.438708,0.032608,2.570596e-04,1.306781e-03,1519,0.021739,7.750515e-04,0.043477,2.118911e-04,7.884379e-01,370,1,0,1,1,0
011_banana,s0_complete_only_011_banana_t1,complete_only,1881,0.205186,0.031991,1.244192e-05,3.585132e-05,3702,0.021327,3.088121e-06,0.042654,2.767267e-05,4.028646e-01,475,1,0,1,1,0
011_banana,s0_complete_only_011_banana_t2,complete_only,1383,0.613127,0.030925,4.033533e-05,3.629974e-05,2301,0.020617,1.844819e-05,0.041234,5.375557e-05,4.035344e-01,329,1,0,1,1,1
011_banana,s0_complete_only_011_banana_t3,complete_only,1907,0.182707,0.032957,2.785829e-05,1.073761e-04,3642,0.021971,1.954239e-05,0.043942,3.456319e-05,3.748455e-01,309,1,0,1,1,0
011_banana,s0_complete_only_011_banana_t4,complete_only,1529,0.575464,0.030880,9.038722e-05,5.901245e-04,1343,0.020587,4.418197e-04,0.041173,5.443094e-05,1.391985e-01,232,1,0,1,1,0
011_banana,s0_complete_only_011_banana_t5,complete_only,1476,0.575237,0.032095,1.505400e-05,6.516676e-05,3031,0.021396,1.031400e-05,0.042793,2.814927e-05,6.398224e-01,584,1,0,1,1,0
011_banana,s0_complete_only_011_banana_t6,complete_only,1765,0.329147,0.031665,5.771774e-04,3.057318e-03,1262,0.021110,1.884661e-03,0.042221,3.345544e-04,1.386005e+00,401,1,0,1,1,0
011_banana,s0_complete_only_011_banana_t7,complete_only,1935,0.070966,0.031400,7.437427e-06,1.177063e-05,3545,0.020933,2.407890e-06,0.041866,1.458778e-05,6.986509e-02,228,1,0,1,1,0
011_banana,s0_complete_only_011_banana_t8,complete_only,1869,0.229672,0.031434,3.023581e-05,1.866468e-04,2683,0.020956,3.569161e-05,0.041912,3.065225e-05,8.115802e-01,541,1,0,1,1,1
011_banana,s0_complete_only_011_banana_t9,complete_only,1938,0.075327,0.032155,6.137303e-04,2.887929e-03,3105,0.021437,1.081761e-03,0.042874,6.238481e-04,1.066437e+00,777,1,0,1,1,1
025_mug,s0_complete_epi_025_mug_t0,complete_epi,11,0.944164,0.020684,1.159444e-05,5.966951e-05,413,0.013789,6.756308e-05,0.027579,7.970566e-06,3.555107e-01,208,1,0,1,1,1
025_mug,s0_complete_epi_025_mug_t2,complete_epi,76,0.936153,0.020179,6.518275e-06,1.570619e-05,798,0.013453,4.761992e-06,0.026905,7.866211e-06,3.786712e-01,218,1,0,1,1,1
025_mug,s0_complete_epi_025_mug_t3,complete_epi,44,0.884032,0.021139,6.209896e-06,2.581295e-05,457,0.014092,6.880721e-06,0.028185,8.406908e-06,1.269380e-01,100,1,0,1,1,1
025_mug,s0_complete_epi_025_mug_t4,complete_epi,34,0.939892,0.020364,1.171825e-06,2.108377e-06,683,0.013576,1.076712e-06,0.027153,1.172537e-06,1.628223e-01,192,1,0,1,1,0
025_mug,s0_complete_epi_025_mug_t5,complete_epi,209,0.848337,0.020154,1.599725e-06,2.766451e-06,814,0.013436,1.637600e-06,0.026872,1.680252e-06,2.130559e-01,210,1,0,1,1,1
025_mug,s0_complete_epi_025_mug_t6,complete_epi,50,0.923768,0.020844,1.183955e-06,2.275150e-06,762,0.013896,1.203532e-06,0.027792,1.272282e-06,2.775464e-01,298,1,0,1,1,1
025_mug,s0_complete_epi_025_mug_t7,complete_epi,1,0.926963,0.020849,5.167976e-06,1.980597e-05,665,0.013899,1.327817e-05,0.027799,3.886906e-06,4.159058e-02,45,1,0,1,1,1
025_mug,s0_complete_epi_025_mug_t8,complete_epi,99,0.887218,0.020410,1.217314e-06,7.401648e-06,456,0.013607,1.074264e-06,0.027213,2.388126e-06,2.581745e-01,251,1,0,1,1,1
025_mug,s0_complete_epi_025_mug_t9,complete_epi,111,0.921886,0.020688,6.389653e-06,2.024287e-05,507,0.013792,5.282377e-06,0.027583,7.947966e-06,1.654387e-01,108,1,0,1,1,1
006_mustard_bottle,s0_epi_score_006_mustard_bottle_t0,epi_score,175,0.804428,0.032858,1.153634e-05,3.037858e-05,1991,0.021906,1.291138e-05,0.043811,1.423853e-05,7.869969e-01,495,1,0,1,1,1
006_mustard_bottle,s0_epi_score_006_mustard_bottle_t1,epi_score,218,0.760608,0.031110,3.337832e-06,1.377872e-05,1843,0.020740,2.494332e-06,0.041480,4.539990e-06,2.319266e-02,280,1,0,1,1,1
006_mustard_bottle,s0_epi_score_006_mustard_bottle_t2,epi_score,2,0.806725,0.031662,4.808398e-06,1.057974e-05,1436,0.021108,5.942881e-06,0.042216,4.136898e-06,1.909302e-01,267,1,0,1,1,1
006_mustard_bottle,s0_epi_score_006_mustard_bottle_t3,epi_score,41,0.804555,0.032860,5.447252e-06,1.330273e-05,1944,0.021906,5.889106e-06,0.043813,6.032337e-06,5.902845e-01,454,1,0,1,1,0
006_mustard_bottle,s0_epi_score_006_mustard_bottle_t4,epi_score,144,0.794055,0.031940,5.292604e-06,1.531583e-05,2108,0.021293,3.319282e-06,0.042587,6.333475e-06,2.905409e-01,353,1,0,1,1,1
006_mustard_bottle,s0_epi_score_006_mustard_bottle_t5,epi_score,39,0.812312,0.032045,5.819836e-06,1.589016e-05,1282,0.021363,7.327603e-06,0.042727,5.568115e-06,6.421287e-02,211,1,0,1,1,1
006_mustard_bottle,s0_epi_score_006_mustard_bottle_t6,epi_score,758,0.662906,0.032535,1.274216e-05,3.837100e-05,2039,0.021690,8.073152e-06,0.043380,1.827380e-05,6.895780e-01,517,1,0,1,1,1
006_mustard_bottle,s0_epi_score_006_mustard_bottle_t7,epi_score,2,0.968953,0.029202,3.200135e-06,6.847392e-06,1816,0.019468,2.022526e-06,0.038935,4.278212e-06,3.034985e-02,338,1,0,1,1,1
006_mustard_bottle,s0_epi_score_006_mustard_bottle_t8,epi_score,5,0.850887,0.031681,5.771042e-06,1.142121e-05,1750,0.021121,6.357470e-06,0.042241,4.917921e-06,8.267574e-01,587,1,0,1,1,0
006_mustard_bottle,s0_epi_score_006_mustard_bottle_t9,epi_score,748,0.668293,0.031978,7.911888e-06,2.303171e-05,2085,0.021319,6.889428e-06,0.042638,1.181846e-05,4.373925e-01,454,1,0,1,1,0
051_large_clamp,s0_epi_score_051_large_clamp_t0,epi_score,498,0.894807,0.031974,1.136967e-06,0.000000e+00,619,0.021316,0.000000e+00,0.042632,8.652235e-06,0.000000e+00,197,1,0,1,1,1
051_large_clamp,s0_epi_score_051_large_clamp_t1,epi_score,18,0.942741,0.030660,1.548413e-08,0.000000e+00,873,0.020440,0.000000e+00,0.040880,7.093971e-07,0.000000e+00,194,1,0,1,1,1
051_large_clamp,s0_epi_score_051_large_clamp_t3,epi_score,197,0.907803,0.032246,1.788341e-07,0.000000e+00,600,0.021497,0.000000e+00,0.042995,1.337327e-06,0.000000e+00,205,1,0,1,1,1
051_large_clamp,s0_epi_score_051_large_clamp_t4,epi_score,66,0.952061,0.015820,8.781275e-07,1.472952e-06,1156,0.010547,5.962475e-07,0.021093,8.816130e-05,1.700497e+00,1750,1,0,1,1,1
051_large_clamp,s0_epi_score_051_large_clamp_t5,epi_score,566,0.899830,0.032386,4.944585e-08,0.000000e+00,778,0.021590,0.000000e+00,0.043181,3.856400e-07,0.000000e+00,196,1,0,1,1,0
051_large_clamp,s0_epi_score_051_large_clamp_t6,epi_score,11,0.958356,0.032279,2.968314e-07,0.000000e+00,721,0.021520,0.000000e+00,0.043039,3.006339e-06,0.000000e+00,162,1,0,1,1,0
051_large_clamp,s0_epi_score_051_large_clamp_t7,epi_score,78,0.937837,0.026169,2.486295e-07,1.679108e-06,948,0.017446,0.000000e+00,0.034892,1.023793e-06,0.000000e+00,201,1,0,1,1,0
051_large_clamp,s0_epi_score_051_large_clamp_t8,epi_score,984,0.817352,0.031326,9.148011e-09,0.000000e+00,643,0.020884,0.000000e+00,0.041768,1.411406e-06,0.000000e+00,138,1,0,1,1,0
051_large_clamp,s0_epi_score_051_large_clamp_t9,epi_score,167,0.924405,0.031852,5.166572e-07,0.000000e+00,710,0.021235,0.000000e+00,0.042469,4.684311e-06,0.000000e+00,167,1,0,1,1,0
011_banana,s0_patch_only_011_banana_t0,patch_only,1850,0.216492,0.032608,1.815457e-05,4.421106e-05,4277,0.021739,4.297365e-06,0.043477,3.892476e-05,7.730769e-02,128,1,0,1,1,0
011_banana,s0_patch_only_011_banana_t1,patch_only,1938,0.059455,0.031839,1.817704e-05,7.971018e-05,5021,0.021226,1.337304e-05,0.042452,4.124905e-05,3.810435e-01,392,1,0,1,1,0
011_banana,s0_patch_only_011_banana_t2,patch_only,1429,0.575703,0.030934,4.011424e-05,3.576743e-05,2491,0.020623,1.640882e-05,0.041246,5.315858e-05,5.597722e-01,458,1,0,1,1,0
011_banana,s0_patch_only_011_banana_t3,patch_only,1919,0.132105,0.032925,2.374119e-05,1.256350e-04,3872,0.021950,1.382594e-05,0.043900,3.799911e-05,2.304671e-01,308,1,0,1,1,0
011_banana,s0_patch_only_011_banana_t4,patch_only,1937,0.064747,0.030945,5.731034e-05,2.970766e-04,2956,0.020630,8.989675e-05,0.041260,5.185334e-05,1.752784e+00,1088,1,0,1,1,0
011_banana,s0_patch_only_011_banana_t5,patch_only,1737,0.352598,0.032106,8.436284e-06,3.808218e-05,2566,0.021404,5.337492e-06,0.042808,1.177896e-05,1.475296e-01,198,1,0,1,1,0
011_banana,s0_patch_only_011_banana_t6,patch_only,1879,0.161907,0.031662,1.658465e-04,7.161507e-04,2454,0.021108,2.613998e-04,0.042216,1.620388e-04,5.004962e-01,475,1,0,1,1,0
011_banana,s0_patch_only_011_banana_t7,patch_only,1977,0.020882,0.031196,6.454352e-06,1.621445e-05,4128,0.020798,2.645703e-06,0.041595,1.683264e-05,4.280202e-01,599,1,0,1,1,0
011_banana,s0_patch_only_011_banana_t8,patch_only,1939,0.059346,0.031455,9.190814e-05,3.763024e-04,3503,0.020970,1.121575e-04,0.041940,6.695471e-05,1.340875e+00,870,1,0,1,1,1
011_banana,s0_patch_only_011_banana_t9,patch_only,1894,0.141649,0.032102,6.391478e-05,1.347952e-04,3147,0.021401,5.369260e-05,0.042803,8.608123e-05,4.600500e-01,461,1,0,1,1,1
025_mug,s0_duarte_mcd_025_mug_t0,duarte_mcd,22,0.941016,,,,,,,,,2.765434e-01,414,1,0,1,1,1
025_mug,s0_duarte_mcd_025_mug_t1,duarte_mcd,18,0.945359,,,,,,,,,2.281804e-01,143,1,0,1,1,1
025_mug,s0_duarte_mcd_025_mug_t2,duarte_mcd,94,0.921002,,,,,,,,,1.948039e-01,152,1,0,1,1,0
025_mug,s0_duarte_mcd_025_mug_t3,duarte_mcd,38,0.942981,,,,,,,,,2.504925e-01,219,1,0,1,1,1
025_mug,s0_duarte_mcd_025_mug_t4,duarte_mcd,30,0.943467,,,,,,,,,1.665843e-01,148,1,0,1,1,1
025_mug,s0_duarte_mcd_025_mug_t5,duarte_mcd,33,0.900432,,,,,,,,,1.172069e-01,146,1,0,1,1,1
025_mug,s0_duarte_mcd_025_mug_t6,duarte_mcd,121,0.908321,,,,,,,,,1.012809e-01,161,1,0,1,1,0
025_mug,s0_duarte_mcd_025_mug_t7,duarte_mcd,134,0.892455,,,,,,,,,4.748623e-02,61,1,0,1,1,1
025_mug,s0_duarte_mcd_025_mug_t8,duarte_mcd,27,0.933305,,,,,,,,,3.819766e-01,311,1,0,1,1,1
025_mug,s0_duarte_mcd_025_mug_t9,duarte_mcd,194,0.911347,,,,,,,,,1.068812e-01,110,1,0,1,1,1
006_mustard_bottle,s1_partial_only_006_mustard_bottle_t0,partial_only,1,0.964022,,,,,,,,,,,1,0,1,1,1
006_mustard_bottle,s1_partial_only_006_mustard_bottle_t1,partial_only,217,0.551723,,,,,,,,,,,1,0,1,1,0
006_mustard_bottle,s1_partial_only_006_mustard_bottle_t2,partial_only,248,0.906953,,,,,,,,,,,1,0,1,1,1
006_mustard_bottle,s1_partial_only_006_mustard_bottle_t3,partial_only,23,0.929162,,,,,,,,,,,1,0,1,1,1
006_mustard_bottle,s1_partial_only_006_mustard_bottle_t4,partial_only,4,0.948110,,,,,,,,,,,1,0,1,1,1
006_mustard_bottle,s1_partial_only_006_mustard_bottle_t5,partial_only,164,0.902101,,,,,,,,,,,1,0,1,1,0
006_mustard_bottle,s1_partial_only_006_mustard_bottle_t6,partial_only,4,0.953254,,,,,,,,,,,1,0,1,1,1
006_mustard_bottle,s1_partial_only_006_mustard_bottle_t7,partial_only,4,0.955615,,,,,,,,,,,1,0,1,1,1
006_mustard_bottle,s1_partial_only_006_mustard_bottle_t8,partial_only,353,0.885663,,,,,,,,,,,1,0,1,1,0
006_mustard_bottle,s1_partial_only_006_mustard_bottle_t9,partial_only,1,0.937105,,,,,,,,,,,1,0,1,1,1
051_large_clamp,s1_partial_only_051_large_clamp_t0,partial_only,1,0.966876,,,,,,,,,,,1,0,1,1,0
051_large_clamp,s1_partial_only_051_large_clamp_t1,partial_only,26,0.965923,,,,,,,,,,,1,0,1,1,0
051_large_clamp,s1_partial_only_051_large_clamp_t2,partial_only,0,0.960144,,,,,,,,,,,1,0,1,1,1
051_large_clamp,s1_partial_only_051_large_clamp_t3,partial_only,1,0.953345,,,,,,,,,,,1,0,1,1,0
051_large_clamp,s1_partial_only_051_large_clamp_t4,partial_only,0,0.972599,,,,,,,,,,,1,0,1,1,1
051_large_clamp,s1_partial_only_051_large_clamp_t5,partial_only,1,0.968887,,,,,,,,,,,1,0,1,1,0
051_large_clamp,s1_partial_only_051_large_clamp_t6,partial_only,1,0.967563,,,,,,,,,,,1,0,1,1,1
051_large_clamp,s1_partial_only_051_large_clamp_t8,partial_only,0,0.964986,,,,,,,,,,,1,0,1,1,1
051_large_clamp,s1_partial_only_051_large_clamp_t9,partial_only,0,0.963300,,,,,,,,,,,1,0,1,1,1
011_banana,s1_complete_only_011_banana_t0,complete_only,1634,0.468015,0.032232,4.451127e-05,2.970477e-04,1871,0.021488,8.124545e-05,0.042976,4.878462e-05,5.379180e-01,231,1,0,1,1,0
011_banana,s1_complete_only_011_banana_t1,complete_only,1378,0.606432,0.031763,6.249897e-05,3.190789e-04,1643,0.021175,2.088447e-04,0.042350,6.631670e-05,7.966952e-01,518,1,0,1,1,0
011_banana,s1_complete_only_011_banana_t2,complete_only,1658,0.475999,0.031785,7.183072e-06,2.417483e-05,1703,0.021190,6.843233e-06,0.042380,7.202388e-06,1.499097e-01,206,1,0,1,1,0
011_banana,s1_complete_only_011_banana_t3,complete_only,1826,0.331139,0.031653,4.459189e-04,2.039845e-03,1892,0.021102,8.236999e-04,0.042204,3.420964e-04,2.116501e+00,413,1,0,1,1,0
011_banana,s1_complete_only_011_banana_t4,complete_only,1096,0.776630,0.032246,7.272646e-05,2.747329e-04,2574,0.021498,6.130478e-05,0.042995,8.885278e-05,7.944688e-01,480,1,0,1,1,0
011_banana,s1_complete_only_011_banana_t5,complete_only,1931,0.066090,0.031593,7.259914e-05,5.297325e-04,3123,0.021062,8.757331e-05,0.042124,9.295423e-05,1.176618e+00,654,1,0,1,1,1
011_banana,s1_complete_only_011_banana_t6,complete_only,1974,0.025509,0.032861,9.966618e-05,3.882226e-04,1874,0.021907,1.741498e-04,0.043815,7.639096e-05,9.607316e-01,459,1,0,1,1,0
011_banana,s1_complete_only_011_banana_t7,complete_only,1168,0.757443,0.031241,7.537525e-05,2.259771e-04,1837,0.020827,1.696691e-04,0.041654,7.211115e-05,8.379779e-01,680,1,0,1,1,1
011_banana,s1_complete_only_011_banana_t8,complete_only,1132,0.774903,0.031466,9.243925e-05,4.088188e-04,1502,0.020977,4.179303e-04,0.041954,4.664505e-05,2.103554e+00,1259,1,0,1,1,1
011_banana,s1_complete_only_011_banana_t9,complete_only,1591,0.504028,0.032286,4.917314e-04,3.687938e-03,1305,0.021524,1.425602e-03,0.043048,3.458181e-04,1.532123e+00,406,1,0,1,1,1
025_mug,s1_complete_epi_025_mug_t0,complete_epi,26,0.918098,0.019955,2.650632e-06,5.723842e-06,792,0.013303,2.726474e-06,0.026607,2.751432e-06,3.283184e-01,242,1,0,1,1,1
025_mug,s1_complete_epi_025_mug_t1,complete_epi,1,0.906311,0.027924,3.280404e-06,9.775504e-06,441,0.018616,2.926308e-06,0.037232,3.167010e-06,8.275184e-02,76,1,0,1,1,1
025_mug,s1_complete_epi_025_mug_t2,complete_epi,48,0.944510,0.022271,1.128580e-06,2.718147e-06,750,0.014848,1.108392e-06,0.029695,1.152420e-06,1.849857e-01,218,1,0,1,1,1
025_mug,s1_complete_epi_025_mug_t4,complete_epi,0,0.951377,0.022158,4.460366e-05,2.070330e-04,425,0.014772,4.354393e-05,0.029544,3.094194e-05,3.085047e-01,145,1,0,1,1,1
025_mug,s1_complete_epi_025_mug_t5,complete_epi,78,0.790332,0.020286,3.355228e-06,1.568888e-05,379,0.013524,4.772484e-06,0.027048,5.477650e-06,2.337943e-01,182,1,0,1,1,0
025_mug,s1_complete_epi_025_mug_t6,complete_epi,121,0.922508,0.020175,2.297718e-06,3.720752e-06,716,0.013450,2.111251e-06,0.026900,2.450258e-06,2.852494e-01,227,1,0,1,1,1
025_mug,s1_complete_epi_025_mug_t8,complete_epi,139,0.925187,0.024690,1.366042e-06,2.245641e-06,997,0.016460,1.417383e-06,0.032920,1.428193e-06,3.141720e-01,307,1,0,1,1,1
025_mug,s1_complete_epi_025_mug_t9,complete_epi,66,0.924072,0.020854,1.334527e-06,2.025920e-06,1000,0.013902,1.482585e-06,0.027805,1.312038e-06,4.241317e-01,406,1,0,1,1,1
006_mustard_bottle,s1_epi_score_006_mustard_bottle_t0,epi_score,2,0.870924,0.031806,6.100681e-06,1.761918e-05,1270,0.021204,6.389477e-06,0.042408,6.422175e-06,5.753210e-02,201,1,0,1,1,1
006_mustard_bottle,s1_epi_score_006_mustard_bottle_t1,epi_score,78,0.782862,0.032332,4.328786e-06,1.463727e-05,1190,0.021555,4.842664e-06,0.043109,3.966039e-06,9.623855e-02,196,1,0,1,1,1
006_mustard_bottle,s1_epi_score_006_mustard_bottle_t2,epi_score,346,0.803216,0.030313,3.003125e-06,1.104016e-05,2148,0.020209,2.086487e-06,0.040418,3.965237e-06,1.242421e-01,228,1,0,1,1,1
006_mustard_bottle,s1_epi_score_006_mustard_bottle_t3,epi_score,27,0.831646,0.031574,5.985885e-06,1.119576e-05,1735,0.021049,6.959086e-06,0.042099,5.123231e-06,6.151503e-01,402,1,0,1,1,1
006_mustard_bottle,s1_epi_score_006_mustard_bottle_t4,epi_score,629,0.653641,0.032072,2.257732e-06,1.197398e-05,571,0.021382,8.002935e-07,0.042763,3.280082e-06,0.000000e+00,72,1,0,1,1,1
006_mustard_bottle,s1_epi_score_006_mustard_bottle_t5,epi_score,1170,0.843995,0.013711,8.070836e-06,3.732176e-05,1838,0.009141,7.342272e-06,0.018282,1.243126e-05,7.228127e+00,2804,1,0,1,1,0
006_mustard_bottle,s1_epi_score_006_mustard_bottle_t6,epi_score,171,0.840693,0.032155,8.396108e-06,1.888913e-05,1871,0.021437,6.576292e-06,0.042873,8.800625e-06,5.093242e-01,413,1,0,1,1,0
006_mustard_bottle,s1_epi_score_006_mustard_bottle_t7,epi_score,15,0.817522,0.032485,5.131839e-06,1.495174e-05,1532,0.021656,5.292091e-06,0.043313,5.365544e-06,1.220809e-01,237,1,0,1,1,1
006_mustard_bottle,s1_epi_score_006_mustard_bottle_t8,epi_score,1871,0.180955,0.029292,3.248789e-08,0.000000e+00,581,0.019528,0.000000e+00,0.039056,5.619569e-07,0.000000e+00,18,1,0,1,1,0
006_mustard_bottle,s1_epi_score_006_mustard_bottle_t9,epi_score,767,0.653618,0.032422,9.739802e-06,2.456604e-05,1889,0.021614,9.552542e-06,0.043229,1.063266e-05,4.363709e-01,269,1,0,1,1,1
051_large_clamp,s1_epi_score_051_large_clamp_t0,epi_score,0,0.963638,0.029898,7.248946e-07,4.147034e-06,612,0.019932,0.000000e+00,0.039864,9.186789e-07,0.000000e+00,157,1,0,1,1,0
051_large_clamp,s1_epi_score_051_large_clamp_t1,epi_score,676,0.881900,0.032394,3.280769e-07,0.000000e+00,665,0.021596,0.000000e+00,0.043192,7.349906e-07,0.000000e+00,122,1,0,1,1,0
051_large_clamp,s1_epi_score_051_large_clamp_t2,epi_score,145,0.937573,0.029631,1.619319e-07,1.390113e-06,956,0.019754,0.000000e+00,0.039508,4.434271e-07,0.000000e+00,200,1,0,1,1,0
051_large_clamp,s1_epi_score_051_large_clamp_t3,epi_score,269,0.908668,0.031326,1.384443e-08,0.000000e+00,661,0.020884,0.000000e+00,0.041768,1.597717e-06,0.000000e+00,150,1,0,1,1,0
051_large_clamp,s1_epi_score_051_large_clamp_t4,epi_score,1159,0.776733,0.032072,5.678822e-07,0.000000e+00,612,0.021381,0.000000e+00,0.042762,3.404406e-06,0.000000e+00,157,1,0,1,1,0
051_large_clamp,s1_epi_score_051_large_clamp_t5,epi_score,61,0.939550,0.032531,1.776599e-07,1.545713e-06,984,0.021687,3.965368e-07,0.043375,7.694300e-07,0.000000e+00,195,1,0,1,1,1
051_large_clamp,s1_epi_score_051_large_clamp_t6,epi_score,88,0.949918,0.029996,4.363564e-07,1.238473e-06,793,0.019997,0.000000e+00,0.039994,5.368847e-07,0.000000e+00,134,1,0,1,1,0
051_large_clamp,s1_epi_score_051_large_clamp_t7,epi_score,1057,0.786139,0.032640,6.414981e-07,0.000000e+00,765,0.021760,0.000000e+00,0.043520,3.952490e-06,0.000000e+00,170,1,0,1,1,0
051_large_clamp,s1_epi_score_051_large_clamp_t8,epi_score,168,0.934653,0.031641,6.254970e-08,0.000000e+00,1105,0.021094,0.000000e+00,0.042188,1.888514e-07,0.000000e+00,275,1,0,1,1,0
051_large_clamp,s1_epi_score_051_large_clamp_t9,epi_score,229,0.911166,0.032001,5.061951e-08,0.000000e+00,787,0.021334,0.000000e+00,0.042668,1.101878e-06,0.000000e+00,215,1,0,1,1,1
011_banana,s1_patch_only_011_banana_t0,patch_only,1922,0.073218,0.032232,1.655824e-05,6.692901e-05,3171,0.021488,1.282068e-05,0.042976,2.332085e-05,1.857728e-01,312,1,0,1,1,0
011_banana,s1_patch_only_011_banana_t1,patch_only,1321,0.653862,0.031774,3.937218e-05,1.039084e-04,2517,0.021183,3.328059e-05,0.042365,5.084954e-05,7.313358e-01,565,1,0,1,1,0
011_banana,s1_patch_only_011_banana_t2,patch_only,1478,0.619811,0.031768,2.585881e-05,9.829385e-05,1557,0.021178,5.406068e-05,0.042357,2.003477e-05,4.006224e-01,357,1,0,1,1,0
011_banana,s1_patch_only_011_banana_t3,patch_only,1918,0.131200,0.031653,8.103933e-05,3.792350e-04,2595,0.021102,1.805888e-04,0.042204,6.804280e-05,1.582267e+00,591,1,0,1,1,1
011_banana,s1_patch_only_011_banana_t4,patch_only,1771,0.283779,0.031459,2.493493e-05,1.320517e-05,1915,0.020972,8.013206e-06,0.041945,3.198863e-05,3.854090e-02,57,1,0,1,1,0
011_banana,s1_patch_only_011_banana_t5,patch_only,1940,0.062889,0.031778,2.765344e-05,1.287567e-04,3845,0.021185,1.371332e-05,0.042371,4.313853e-05,5.699261e-01,529,1,0,1,1,0
011_banana,s1_patch_only_011_banana_t6,patch_only,1937,0.051068,0.032864,4.794940e-05,2.105429e-04,3135,0.021910,5.639295e-05,0.043819,4.760775e-05,8.532895e-01,498,1,0,1,1,0
011_banana,s1_patch_only_011_banana_t7,patch_only,1475,0.567076,0.031245,3.224114e-05,4.843696e-05,2751,0.020830,1.857491e-05,0.041660,4.607815e-05,4.499238e-01,430,1,0,1,1,0
011_banana,s1_patch_only_011_banana_t8,patch_only,1816,0.402197,0.031492,1.313004e-05,4.625043e-05,2583,0.020994,2.948064e-05,0.041989,1.149634e-05,6.662291e-01,679,1,0,1,1,1
011_banana,s1_patch_only_011_banana_t9,patch_only,1769,0.299248,0.032356,2.071485e-04,1.219660e-04,2984,0.021571,2.406728e-04,0.043142,2.320451e-04,1.341197e+00,962,1,0,1,1,0
025_mug,s1_duarte_mcd_025_mug_t0,duarte_mcd,118,0.905385,,,,,,,,,1.155430e-01,140,1,0,1,1,1
025_mug,s1_duarte_mcd_025_mug_t1,duarte_mcd,21,0.890009,,,,,,,,,1.310041e-01,167,1,0,1,1,1
025_mug,s1_duarte_mcd_025_mug_t3,duarte_mcd,104,0.900627,,,,,,,,,1.754259e-01,226,1,0,1,1,1
025_mug,s1_duarte_mcd_025_mug_t4,duarte_mcd,7,0.948766,,,,,,,,,1.715149e-01,135,1,0,1,1,1
025_mug,s1_duarte_mcd_025_mug_t5,duarte_mcd,38,0.860450,,,,,,,,,1.983295e-01,119,1,0,1,1,1
025_mug,s1_duarte_mcd_025_mug_t6,duarte_mcd,26,0.930038,,,,,,,,,1.282354e-01,170,1,0,1,1,1
025_mug,s1_duarte_mcd_025_mug_t7,duarte_mcd,10,0.937311,,,,,,,,,1.041480e-01,106,1,0,1,1,1
025_mug,s1_duarte_mcd_025_mug_t9,duarte_mcd,203,0.870744,,,,,,,,,1.476921e-01,240,1,0,1,1,1
006_mustard_bottle,s2_partial_only_006_mustard_bottle_t0,partial_only,172,0.902486,,,,,,,,,,,1,0,1,1,1
006_mustard_bottle,s2_partial_only_006_mustard_bottle_t1,partial_only,37,0.939733,,,,,,,,,,,1,0,1,1,1
006_mustard_bottle,s2_partial_only_006_mustard_bottle_t2,partial_only,142,0.952548,,,,,,,,,,,1,0,1,1,1
006_mustard_bottle,s2_partial_only_006_mustard_bottle_t3,partial_only,0,0.953074,,,,,,,,,,,1,0,1,1,1
006_mustard_bottle,s2_partial_only_006_mustard_bottle_t4,partial_only,288,0.898213,,,,,,,,,,,1,0,1,1,0
006_mustard_bottle,s2_partial_only_006_mustard_bottle_t5,partial_only,202,0.901715,,,,,,,,,,,1,0,1,1,1
006_mustard_bottle,s2_partial_only_006_mustard_bottle_t6,partial_only,9,0.939193,,,,,,,,,,,1,0,1,1,1
006_mustard_bottle,s2_partial_only_006_mustard_bottle_t7,partial_only,0,0.938658,,,,,,,,,,,1,0,1,1,1
006_mustard_bottle,s2_partial_only_006_mustard_bottle_t8,partial_only,26,0.944974,,,,,,,,,,,1,0,1,1,1
006_mustard_bottle,s2_partial_only_006_mustard_bottle_t9,partial_only,39,0.941703,,,,,,,,,,,1,0,1,1,1
051_large_clamp,s2_partial_only_051_large_clamp_t0,partial_only,1,0.963954,,,,,,,,,,,1,0,1,1,0
051_large_clamp,s2_partial_only_051_large_clamp_t1,partial_only,0,0.964132,,,,,,,,,,,1,0,1,1,1
051_large_clamp,s2_partial_only_051_large_clamp_t2,partial_only,3,0.972842,,,,,,,,,,,1,0,1,1,0
051_large_clamp,s2_partial_only_051_large_clamp_t3,partial_only,0,0.970827,,,,,,,,,,,1,0,1,1,0
051_large_clamp,s2_partial_only_051_large_clamp_t4,partial_only,0,0.967967,,,,,,,,,,,1,0,1,1,1
051_large_clamp,s2_partial_only_051_large_clamp_t5,partial_only,115,0.923450,,,,,,,,,,,1,0,1,1,0
051_large_clamp,s2_partial_only_051_large_clamp_t6,partial_only,5,0.973033,,,,,,,,,,,1,0,1,1,1
051_large_clamp,s2_partial_only_051_large_clamp_t7,partial_only,0,0.950913,,,,,,,,,,,1,0,1,1,1
051_large_clamp,s2_partial_only_051_large_clamp_t8,partial_only,0,0.964295,,,,,,,,,,,1,0,1,1,1
051_large_clamp,s2_partial_only_051_large_clamp_t9,partial_only,293,0.899185,,,,,,,,,,,1,0,1,1,0
011_banana,s2_complete_only_011_banana_t0,complete_only,1756,0.386891,0.032968,1.540165e-04,8.782344e-04,2833,0.021979,1.480920e-04,0.043957,1.241345e-04,1.571323e+00,977,1,0,1,1,1
011_banana,s2_complete_only_011_banana_t1,complete_only,1694,0.456289,0.032002,4.907315e-06,2.170008e-05,1831,0.021335,3.242281e-06,0.042669,6.600733e-06,1.037015e-01,160,1,0,1,1,0
011_banana,s2_complete_only_011_banana_t2,complete_only,649,0.852848,0.032186,1.111756e-03,3.293563e-03,1952,0.021457,1.645511e-03,0.042914,5.006995e-04,1.524052e+00,299,1,0,1,1,0
011_banana,s2_complete_only_011_banana_t3,complete_only,1485,0.583475,0.031884,1.029108e-04,5.063630e-04,2838,0.021256,1.022163e-04,0.042512,1.122064e-04,7.947530e-01,598,1,0,1,1,0
011_banana,s2_complete_only_011_banana_t4,complete_only,1892,0.129253,0.032248,4.257807e-04,1.417274e-03,1600,0.021499,5.647090e-04,0.042998,2.182511e-04,7.911811e-01,489,1,0,1,1,0
011_banana,s2_complete_only_011_banana_t5,complete_only,1697,0.427519,0.031588,2.742794e-04,2.094660e-03,1361,0.021059,2.286052e-03,0.042117,2.321104e-04,5.385275e-01,202,1,0,1,1,0
011_banana,s2_complete_only_011_banana_t6,complete_only,990,0.746970,0.032363,2.162681e-05,8.398850e-05,3757,0.021575,3.051919e-05,0.043151,1.377762e-05,2.045310e+00,1440,1,0,1,1,1
011_banana,s2_complete_only_011_banana_t7,complete_only,1707,0.424254,0.032157,8.535138e-05,4.590081e-04,1625,0.021438,1.446008e-04,0.042876,6.388997e-05,6.994444e-01,266,1,0,1,1,0
011_banana,s2_complete_only_011_banana_t8,complete_only,1744,0.406269,0.031544,1.602830e-05,6.177085e-05,1445,0.021029,1.910288e-05,0.042059,1.595018e-05,1.796474e-01,217,1,0,1,1,0
011_banana,s2_complete_only_011_banana_t9,complete_only,1552,0.611560,0.031823,4.931131e-05,9.514371e-05,1705,0.021215,9.427594e-05,0.042430,4.687701e-05,3.434246e-01,221,1,0,1,1,0
025_mug,s2_complete_epi_025_mug_t0,complete_epi,13,0.941860,0.020731,5.543388e-06,2.063842e-05,528,0.013821,7.657847e-06,0.027641,5.805428e-06,1.981302e-01,108,1,0,1,1,1
025_mug,s2_complete_epi_025_mug_t1,complete_epi,100,0.929842,0.020194,1.297020e-06,2.969275e-06,879,0.013463,1.213347e-06,0.026926,1.366975e-06,1.998491e-01,220,1,0,1,1,0
025_mug,s2_complete_epi_025_mug_t2,complete_epi,15,0.883318,0.020335,7.555896e-06,2.727437e-05,341,0.013556,1.912339e-05,0.027113,5.422497e-06,1.882264e-01,167,1,0,1,1,1
025_mug,s2_complete_epi_025_mug_t4,complete_epi,83,0.918913,0.020898,1.020613e-05,2.951967e-05,467,0.013932,1.071600e-05,0.027865,1.314948e-05,5.022520e-01,157,1,0,1,1,1
025_mug,s2_complete_epi_025_mug_t5,complete_epi,28,0.888624,0.027818,2.144290e-06,4.084836e-06,603,0.018546,2.411718e-06,0.037091,2.000850e-06,1.244241e-01,108,1,0,1,1,1
025_mug,s2_complete_epi_025_mug_t7,complete_epi,32,0.926408,0.021685,1.206536e-06,2.190732e-06,657,0.014457,1.004509e-06,0.028914,1.319528e-06,1.918148e-01,362,1,0,1,1,0
025_mug,s2_complete_epi_025_mug_t8,complete_epi,35,0.935698,0.020618,1.887052e-05,4.175089e-05,410,0.013745,2.261014e-05,0.027490,1.530593e-05,2.844237e-01,113,1,0,1,1,1
025_mug,s2_complete_epi_025_mug_t9,complete_epi,49,0.941087,0.021119,1.096510e-05,2.559799e-05,490,0.014079,1.188550e-05,0.028159,1.078388e-05,3.099754e-01,162,1,0,1,1,1
006_mustard_bottle,s2_epi_score_006_mustard_bottle_t0,epi_score,81,0.823571,0.032013,3.990516e-06,2.488609e-05,2120,0.021342,4.717050e-06,0.042684,1.075650e-05,3.889873e-01,402,1,0,1,1,1
006_mustard_bottle,s2_epi_score_006_mustard_bottle_t1,epi_score,680,0.760464,0.032083,4.763178e-06,1.895698e-05,2399,0.021388,2.860986e-06,0.042777,6.010924e-06,1.064489e-01,228,1,0,1,1,1
006_mustard_bottle,s2_epi_score_006_mustard_bottle_t2,epi_score,41,0.844367,0.030200,6.315473e-06,2.431291e-05,1562,0.020134,4.693460e-06,0.040267,6.593371e-06,1.743763e-01,432,1,0,1,1,1
006_mustard_bottle,s2_epi_score_006_mustard_bottle_t3,epi_score,16,0.895048,0.031851,5.694133e-06,1.171227e-05,1748,0.021234,6.412201e-06,0.042468,5.046513e-06,2.688862e-01,293,1,0,1,1,1
006_mustard_bottle,s2_epi_score_006_mustard_bottle_t4,epi_score,44,0.893900,0.030837,7.182977e-06,2.703801e-05,1412,0.020558,1.115417e-05,0.041116,7.998687e-06,4.789556e-01,332,1,0,1,1,0
006_mustard_bottle,s2_epi_score_006_mustard_bottle_t5,epi_score,355,0.736834,0.032075,8.648691e-06,2.023736e-05,1997,0.021383,5.730105e-06,0.042766,1.678604e-05,7.581513e-01,683,1,0,1,1,1
006_mustard_bottle,s2_epi_score_006_mustard_bottle_t8,epi_score,250,0.779315,0.032529,7.642864e-06,2.408980e-05,1982,0.021686,6.275272e-06,0.043372,7.259421e-06,1.736140e-02,147,1,0,1,1,0
006_mustard_bottle,s2_epi_score_006_mustard_bottle_t9,epi_score,36,0.867677,0.031122,3.742870e-06,1.823521e-05,1837,0.020748,2.798589e-06,0.041497,7.544379e-06,3.611621e-01,575,1,0,1,1,1
051_large_clamp,s2_epi_score_051_large_clamp_t0,epi_score,268,0.910877,0.030638,4.531303e-08,0.000000e+00,869,0.020425,0.000000e+00,0.040851,1.105340e-07,0.000000e+00,205,1,0,1,1,0
051_large_clamp,s2_epi_score_051_large_clamp_t1,epi_score,56,0.938560,0.029117,3.920380e-07,1.884543e-06,830,0.019411,0.000000e+00,0.038823,1.801953e-06,0.000000e+00,156,1,0,1,1,1
051_large_clamp,s2_epi_score_051_large_clamp_t2,epi_score,342,0.933471,0.033711,3.680085e-07,0.000000e+00,702,0.022474,0.000000e+00,0.044949,1.084410e-06,0.000000e+00,115,1,0,1,1,0
051_large_clamp,s2_epi_score_051_large_clamp_t3,epi_score,702,0.860073,0.031869,6.227602e-07,0.000000e+00,590,0.021246,0.000000e+00,0.042492,1.937523e-06,0.000000e+00,186,1,0,1,1,1
051_large_clamp,s2_epi_score_051_large_clamp_t4,epi_score,33,0.958298,0.039866,2.940169e-07,2.783659e-06,1232,0.026577,4.568571e-07,0.053155,7.370003e-07,1.067850e-01,249,1,0,1,1,1
051_large_clamp,s2_epi_score_051_large_clamp_t5,epi_score,346,0.945847,0.029185,7.921797e-07,0.000000e+00,1103,0.019457,0.000000e+00,0.038913,7.503057e-06,0.000000e+00,404,1,0,1,1,0
051_large_clamp,s2_epi_score_051_large_clamp_t6,epi_score,1679,0.386301,0.030933,3.002011e-08,0.000000e+00,545,0.020622,0.000000e+00,0.041244,6.202922e-07,0.000000e+00,60,1,0,1,1,0
051_large_clamp,s2_epi_score_051_large_clamp_t7,epi_score,304,0.909249,0.030755,2.642228e-08,0.000000e+00,655,0.020504,0.000000e+00,0.041007,6.234932e-07,0.000000e+00,155,1,0,1,1,1
051_large_clamp,s2_epi_score_051_large_clamp_t8,epi_score,150,0.912391,0.033706,4.352256e-08,0.000000e+00,601,0.022471,0.000000e+00,0.044941,6.654118e-07,0.000000e+00,171,1,0,1,1,0
051_large_clamp,s2_epi_score_051_large_clamp_t9,epi_score,34,0.931452,0.030783,1.157512e-07,1.226767e-06,1156,0.020522,0.000000e+00,0.041044,1.101133e-07,0.000000e+00,241,1,0,1,1,1
011_banana,s2_patch_only_011_banana_t0,patch_only,1931,0.093949,0.032968,2.929561e-04,1.321758e-03,2856,0.021979,4.948166e-04,0.043957,2.579141e-04,2.152298e+00,916,1,0,1,1,0
011_banana,s2_patch_only_011_banana_t1,patch_only,1964,0.045504,0.032016,2.259932e-05,1.308790e-04,4428,0.021344,1.908514e-05,0.042688,2.680919e-05,1.343780e+00,1146,1,0,1,1,0
011_banana,s2_patch_only_011_banana_t2,patch_only,1886,0.300034,0.032205,2.069080e-05,1.089897e-04,2491,0.021470,1.276907e-05,0.042939,3.078584e-05,3.692414e-01,393,1,0,1,1,0
011_banana,s2_patch_only_011_banana_t3,patch_only,1902,0.110905,0.033065,4.862377e-05,1.694791e-04,4083,0.022043,3.372750e-05,0.044087,8.333624e-05,1.274262e+00,862,1,0,1,1,0
011_banana,s2_patch_only_011_banana_t4,patch_only,1725,0.253947,0.030783,2.263610e-05,1.246833e-04,2821,0.020522,1.288104e-05,0.041044,4.189936e-05,4.001210e-01,482,1,0,1,1,1
011_banana,s2_patch_only_011_banana_t5,patch_only,1869,0.186926,0.031692,2.558993e-05,7.536641e-05,3988,0.021128,9.824746e-06,0.042257,5.282966e-05,6.128957e-01,709,1,0,1,1,0
011_banana,s2_patch_only_011_banana_t6,patch_only,1487,0.583750,0.032353,2.566277e-06,2.974334e-06,1365,0.021569,9.432870e-07,0.043138,4.063793e-06,0.000000e+00,132,1,0,1,1,0
011_banana,s2_patch_only_011_banana_t7,patch_only,1713,0.422383,0.032167,1.573556e-05,6.320693e-05,2441,0.021445,1.283893e-05,0.042889,1.747860e-05,3.904373e-01,361,1,0,1,1,0
011_banana,s2_patch_only_011_banana_t8,patch_only,1968,0.030468,0.031540,8.983688e-05,4.369080e-04,2705,0.021027,1.314197e-04,0.042054,6.821791e-05,3.947923e+00,1599,1,0,1,1,1
011_banana,s2_patch_only_011_banana_t9,patch_only,1939,0.068008,0.031872,5.540572e-05,2.352669e-04,3688,0.021248,4.731760e-05,0.042495,6.996768e-05,1.044473e+00,594,1,0,1,1,1
025_mug,s2_duarte_mcd_025_mug_t0,duarte_mcd,122,0.920989,,,,,,,,,1.633215e-01,284,1,0,1,1,1
025_mug,s2_duarte_mcd_025_mug_t1,duarte_mcd,30,0.937457,,,,,,,,,2.340318e-01,220,1,0,1,1,1
025_mug,s2_duarte_mcd_025_mug_t2,duarte_mcd,29,0.911116,,,,,,,,,1.909323e-02,40,1,0,1,1,0
025_mug,s2_duarte_mcd_025_mug_t3,duarte_mcd,26,0.936999,,,,,,,,,1.626209e-01,136,1,0,1,1,1
025_mug,s2_duarte_mcd_025_mug_t4,duarte_mcd,86,0.886628,,,,,,,,,1.563270e-01,175,1,0,1,1,1
025_mug,s2_duarte_mcd_025_mug_t5,duarte_mcd,43,0.936217,,,,,,,,,3.432396e-01,165,1,0,1,1,1
025_mug,s2_duarte_mcd_025_mug_t6,duarte_mcd,48,0.937556,,,,,,,,,1.187194e-01,180,1,0,1,1,1
025_mug,s2_duarte_mcd_025_mug_t7,duarte_mcd,121,0.906768,,,,,,,,,3.249189e-01,195,1,0,1,1,0
025_mug,s2_duarte_mcd_025_mug_t8,duarte_mcd,15,0.930953,,,,,,,,,1.631857e-01,142,1,0,1,1,1
025_mug,s2_duarte_mcd_025_mug_t9,duarte_mcd,16,0.957547,,,,,,,,,2.672688e-01,141,1,0,1,1,1
021_bleach_cleanser,s0_partial_only_021_bleach_cleanser_t0,partial_only,44,0.928149,,,,,,,,,,,1,0,1,1,1
021_bleach_cleanser,s0_partial_only_021_bleach_cleanser_t1,partial_only,66,0.923598,,,,,,,,,,,1,0,1,1,1
021_bleach_cleanser,s0_partial_only_021_bleach_cleanser_t2,partial_only,8,0.949069,,,,,,,,,,,1,0,1,1,1
021_bleach_cleanser,s0_partial_only_021_bleach_cleanser_t3,partial_only,1,0.961475,,,,,,,,,,,1,0,1,1,1
021_bleach_cleanser,s0_partial_only_021_bleach_cleanser_t4,partial_only,0,0.943375,,,,,,,,,,,1,0,1,1,1
021_bleach_cleanser,s0_partial_only_021_bleach_cleanser_t5,partial_only,0,0.972447,,,,,,,,,,,0,0,1,1,
021_bleach_cleanser,s0_partial_only_021_bleach_cleanser_t6,partial_only,0,0.948311,,,,,,,,,,,1,0,1,1,1
021_bleach_cleanser,s0_partial_only_021_bleach_cleanser_t8,partial_only,8,0.904698,,,,,,,,,,,1,0,1,1,0
021_bleach_cleanser,s0_partial_only_021_bleach_cleanser_t9,partial_only,210,0.867524,,,,,,,,,,,1,0,1,1,0
005_tomato_soup_can,s0_complete_only_005_tomato_soup_can_t0,complete_only,24,0.865839,0.019010,5.806017e-07,1.684412e-06,458,0.012673,3.580403e-07,0.025346,6.949170e-07,2.070746e-01,627,1,0,1,1,1
005_tomato_soup_can,s0_complete_only_005_tomato_soup_can_t1,complete_only,22,0.868837,0.019022,8.588779e-07,1.503614e-06,713,0.012681,8.599933e-07,0.025363,8.560661e-07,4.584686e-01,854,1,0,1,1,1
005_tomato_soup_can,s0_complete_only_005_tomato_soup_can_t2,complete_only,67,0.870909,0.019199,7.452828e-07,1.400321e-06,652,0.012799,6.945842e-07,0.025599,7.712706e-07,3.701534e-01,811,1,0,1,1,1
005_tomato_soup_can,s0_complete_only_005_tomato_soup_can_t4,complete_only,19,0.887032,0.018784,6.114496e-07,1.697702e-06,485,0.012523,6.844462e-07,0.025046,5.924127e-07,3.036135e-01,727,1,0,1,1,1
005_tomato_soup_can,s0_complete_only_005_tomato_soup_can_t5,complete_only,56,0.863616,0.019595,9.927861e-07,3.005400e-06,650,0.013063,9.397239e-07,0.026127,1.020165e-06,3.914787e-01,776,1,0,1,1,0
005_tomato_soup_can,s0_complete_only_005_tomato_soup_can_t6,complete_only,9,0.891251,0.019131,7.779273e-07,1.655832e-06,749,0.012754,7.821109e-07,0.025508,8.224496e-07,5.064578e-01,913,1,0,1,1,1
005_tomato_soup_can,s0_complete_only_005_tomato_soup_can_t7,complete_only,67,0.820178,0.020689,3.894819e-06,1.303102e-05,1043,0.013793,5.238985e-06,0.027585,3.949018e-06,7.441568e-01,1021,1,0,1,1,1
005_tomato_soup_can,s0_complete_only_005_tomato_soup_can_t8,complete_only,22,0.865500,0.018687,7.677968e-07,1.555549e-06,648,0.012458,6.878363e-07,0.024916,8.041853e-07,4.549544e-01,900,1,0,1,1,1
005_tomato_soup_can,s0_complete_only_005_tomato_soup_can_t9,complete_only,4,0.882721,0.018860,7.392034e-07,1.315432e-06,642,0.012573,7.389475e-07,0.025146,7.605322e-07,4.129379e-01,838,1,0,1,1,1
061_foam_brick,s0_complete_only_061_foam_brick_t0,complete_only,603,0.888420,0.016189,1.675590e-04,9.186833e-04,772,0.010793,4.489786e-04,0.021586,7.846179e-05,7.932131e-01,816,1,0,1,1,1
061_foam_brick,s0_complete_only_061_foam_brick_t1,complete_only,42,0.960847,0.016544,1.885439e-06,1.592341e-05,539,0.011029,8.022325e-06,0.022058,3.037078e-06,1.161077e+00,1292,1,0,1,1,1
061_foam_brick,s0_complete_only_061_foam_brick_t2,complete_only,932,0.826089,0.017254,2.746974e-04,8.016616e-04,405,0.011503,4.557076e-04,0.023006,2.055058e-04,1.330706e+00,887,1,0,1,1,1
061_foam_brick,s0_complete_only_061_foam_brick_t3,complete_only,1306,0.581990,0.017001,1.423070e-06,5.231687e-06,727,0.011334,5.034198e-07,0.022668,3.105301e-06,1.420344e+00,1272,1,0,1,1,0
061_foam_brick,s0_complete_only_061_foam_brick_t4,complete_only,87,0.973426,0.017033,1.105906e-03,3.202388e-03,585,0.011355,1.640500e-03,0.022711,6.239960e-04,1.333390e+00,846,1,0,1,1,1
061_foam_brick,s0_complete_only_061_foam_brick_t5,complete_only,745,0.888953,0.016760,6.382706e-04,1.936585e-03,351,0.011173,5.196722e-04,0.022347,3.742894e-04,1.413667e+00,886,1,0,1,1,1
061_foam_brick,s0_complete_only_061_foam_brick_t6,complete_only,0,0.958213,0.016819,1.430696e-05,4.133473e-05,614,0.011213,1.066010e-05,0.022426,3.737153e-05,1.285351e+00,817,1,0,1,1,1
061_foam_brick,s0_complete_only_061_foam_brick_t7,complete_only,585,0.898382,0.017196,4.824263e-07,7.570454e-07,1210,0.011464,4.245082e-07,0.022929,8.759269e-07,1.160539e+00,1828,1,0,1,1,1
061_foam_brick,s0_complete_only_061_foam_brick_t8,complete_only,249,0.946994,0.016972,9.263020e-07,2.639695e-06,1392,0.011315,6.635713e-07,0.022629,1.659740e-06,1.341226e+00,2010,1,0,1,1,0
061_foam_brick,s0_complete_only_061_foam_brick_t9,complete_only,13,0.959943,0.016706,1.011216e-05,2.295352e-06,983,0.011137,1.089576e-06,0.022275,2.345940e-05,1.476930e+00,1078,1,0,1,1,1
035_power_drill,s0_complete_epi_035_power_drill_t0,complete_epi,347,0.876862,0.041577,8.032734e-07,0.000000e+00,479,0.027718,0.000000e+00,0.055436,8.792739e-06,0.000000e+00,85,1,0,1,1,0
035_power_drill,s0_complete_epi_035_power_drill_t1,complete_epi,549,0.794249,0.038551,4.171331e-06,1.347827e-05,1089,0.025701,3.128741e-06,0.051402,9.636285e-06,0.000000e+00,181,1,0,1,1,0
035_power_drill,s0_complete_epi_035_power_drill_t2,complete_epi,27,0.938634,0.043868,1.060760e-04,5.135171e-04,942,0.029245,9.659053e-05,0.058490,1.511338e-04,4.532642e-01,249,1,0,1,1,1
035_power_drill,s0_complete_epi_035_power_drill_t3,complete_epi,373,0.871071,0.040341,1.330196e-06,8.759785e-06,742,0.026894,2.130189e-06,0.053788,3.209527e-06,0.000000e+00,144,1,0,1,1,1
035_power_drill,s0_complete_epi_035_power_drill_t4,complete_epi,20,0.904619,0.041581,1.446282e-06,8.587085e-06,857,0.027721,1.475104e-06,0.055442,5.008120e-06,0.000000e+00,167,1,0,1,1,1
035_power_drill,s0_complete_epi_035_power_drill_t5,complete_epi,182,0.817920,0.143641,0.000000e+00,0.000000e+00,3755,0.095761,0.000000e+00,0.191522,2.856915e-05,0.000000e+00,191,1,0,1,1,0
035_power_drill,s0_complete_epi_035_power_drill_t6,complete_epi,168,0.876902,0.039364,5.068696e-07,6.001291e-06,574,0.026243,0.000000e+00,0.052486,1.833581e-06,0.000000e+00,134,1,0,1,1,1
035_power_drill,s0_complete_epi_035_power_drill_t7,complete_epi,1956,0.100245,0.023151,7.839821e-07,1.789956e-06,2137,0.015434,7.918246e-07,0.030869,7.102379e-07,2.871343e-01,525,1,0,1,1,0
035_power_drill,s0_complete_epi_035_power_drill_t8,complete_epi,1,0.920573,0.048998,5.475024e-04,3.252705e-03,989,0.032665,7.777736e-04,0.065331,5.001701e-04,3.951508e-01,128,1,0,1,1,1
035_power_drill,s0_complete_epi_035_power_drill_t9,complete_epi,1022,0.886962,0.016460,1.354223e-04,3.411163e-04,1967,0.010973,1.874340e-04,0.021946,1.237673e-04,2.004941e+00,1771,1,0,1,1,0
021_bleach_cleanser,s0_epi_score_021_bleach_cleanser_t0,epi_score,567,0.795684,0.039125,1.705578e-05,6.134833e-05,774,0.026083,0.000000e+00,0.052167,2.697043e-05,0.000000e+00,93,1,0,1,1,1
021_bleach_cleanser,s0_epi_score_021_bleach_cleanser_t1,epi_score,396,0.791818,0.039958,1.516035e-06,0.000000e+00,515,0.026638,0.000000e+00,0.053277,7.626513e-06,0.000000e+00,109,1,0,1,1,1
021_bleach_cleanser,s0_epi_score_021_bleach_cleanser_t2,epi_score,884,0.898022,0.021869,6.464306e-05,1.874855e-04,878,0.014579,1.272890e-04,0.029158,4.547043e-05,1.356349e+00,579,1,0,1,1,0
021_bleach_cleanser,s0_epi_score_021_bleach_cleanser_t3,epi_score,43,0.929678,0.039555,9.699831e-06,4.577485e-05,659,0.026370,0.000000e+00,0.052740,2.156578e-05,0.000000e+00,82,1,0,1,1,1
021_bleach_cleanser,s0_epi_score_021_bleach_cleanser_t4,epi_score,179,0.880029,0.038758,4.592895e-06,1.009313e-05,623,0.025839,0.000000e+00,0.051678,9.416207e-06,0.000000e+00,85,1,0,1,1,0
021_bleach_cleanser,s0_epi_score_021_bleach_cleanser_t6,epi_score,526,0.836891,0.039102,6.481178e-07,4.332164e-06,597,0.026068,0.000000e+00,0.052136,9.905970e-06,0.000000e+00,57,1,0,1,1,1
021_bleach_cleanser,s0_epi_score_021_bleach_cleanser_t7,epi_score,377,0.927185,0.026753,6.470053e-06,1.719326e-05,2149,0.017835,2.669420e-06,0.035670,1.572501e-05,2.427403e-03,300,1,0,1,1,0
021_bleach_cleanser,s0_epi_score_021_bleach_cleanser_t8,epi_score,1321,0.578372,0.038864,1.520148e-05,1.356121e-04,957,0.025909,6.455234e-06,0.051819,2.209815e-05,0.000000e+00,98,1,0,1,1,0
021_bleach_cleanser,s0_epi_score_021_bleach_cleanser_t9,epi_score,1200,0.654079,0.039080,9.809763e-07,1.294624e-05,528,0.026054,0.000000e+00,0.052107,1.005842e-05,0.000000e+00,64,1,0,1,1,1
005_tomato_soup_can,s0_patch_only_005_tomato_soup_can_t0,patch_only,248,0.817401,0.019010,4.486658e-07,1.987007e-06,419,0.012673,3.334765e-07,0.025346,6.004903e-07,2.168614e-01,613,1,0,1,1,1
005_tomato_soup_can,s0_patch_only_005_tomato_soup_can_t1,patch_only,550,0.791911,0.019017,4.771190e-07,1.510132e-06,454,0.012678,4.046199e-07,0.025357,5.188004e-07,3.303768e-01,725,1,0,1,1,1
005_tomato_soup_can,s0_patch_only_005_tomato_soup_can_t2,patch_only,1939,0.158157,0.019148,4.563965e-07,1.542054e-06,451,0.012766,4.331824e-07,0.025531,4.892963e-07,1.933763e-02,62,1,0,1,1,0
005_tomato_soup_can,s0_patch_only_005_tomato_soup_can_t3,patch_only,156,0.854479,0.019060,4.420879e-07,1.475356e-06,447,0.012707,4.332750e-07,0.025414,4.690132e-07,2.857319e-01,715,1,0,1,1,1
005_tomato_soup_can,s0_patch_only_005_tomato_soup_can_t4,patch_only,175,0.857125,0.018905,5.552363e-07,1.690073e-06,565,0.012603,6.352509e-07,0.025207,6.238834e-07,4.046319e-01,818,1,0,1,1,1
005_tomato_soup_can,s0_patch_only_005_tomato_soup_can_t5,patch_only,1860,0.399194,0.018936,4.432288e-07,1.407713e-06,419,0.012624,4.352471e-07,0.025248,5.632134e-07,1.890755e-01,526,1,0,1,1,1
005_tomato_soup_can,s0_patch_only_005_tomato_soup_can_t6,patch_only,492,0.802172,0.019194,4.856822e-07,1.502451e-06,454,0.012796,4.799666e-07,0.025593,5.498853e-07,2.652327e-01,655,1,0,1,1,1
005_tomato_soup_can,s0_patch_only_005_tomato_soup_can_t7,patch_only,88,0.863057,0.018801,4.227171e-07,1.531314e-06,387,0.012534,1.328690e-07,0.025068,6.079036e-07,2.259954e-01,629,1,0,1,1,1
005_tomato_soup_can,s0_patch_only_005_tomato_soup_can_t8,patch_only,1978,0.103656,0.018821,3.311090e-07,1.300018e-06,508,0.012547,2.992955e-07,0.025095,3.592382e-07,0.000000e+00,9,1,0,1,1,0
005_tomato_soup_can,s0_patch_only_005_tomato_soup_can_t9,patch_only,343,0.816638,0.018790,5.190996e-07,1.317763e-06,472,0.012526,4.029410e-07,0.025053,5.493895e-07,3.023534e-01,697,1,0,1,1,1
061_foam_brick,s0_patch_only_061_foam_brick_t0,patch_only,1919,0.101547,0.016189,6.909214e-07,9.647748e-07,1015,0.010793,6.293966e-07,0.021586,7.366579e-07,9.808295e-01,1699,1,0,1,1,0
061_foam_brick,s0_patch_only_061_foam_brick_t1,patch_only,1494,0.656085,0.016537,5.254413e-07,1.302259e-06,410,0.011025,6.277377e-07,0.022049,9.372951e-07,8.023803e-01,1334,1,0,1,1,0
061_foam_brick,s0_patch_only_061_foam_brick_t2,patch_only,1938,0.083899,0.016785,5.415151e-07,1.112309e-06,530,0.011190,5.164224e-07,0.022380,7.274960e-07,4.026018e-02,118,1,0,1,1,0
061_foam_brick,s0_patch_only_061_foam_brick_t3,patch_only,1664,0.331652,0.017004,4.342049e-07,1.508815e-06,545,0.011336,5.092851e-07,0.022672,2.028924e-06,1.440803e+00,1465,1,0,1,1,0
061_foam_brick,s0_patch_only_061_foam_brick_t4,patch_only,1924,0.069363,0.016979,8.749186e-07,1.521830e-06,1226,0.011319,8.796158e-07,0.022639,3.009644e-06,7.526852e-01,1201,1,0,1,1,1
061_foam_brick,s0_patch_only_061_foam_brick_t5,patch_only,1889,0.103282,0.016735,7.130681e-07,2.465388e-06,983,0.011156,7.426050e-07,0.022313,7.675412e-07,1.023725e+00,863,1,0,1,1,1
061_foam_brick,s0_patch_only_061_foam_brick_t6,patch_only,1172,0.800129,0.016875,8.786981e-07,2.654073e-06,495,0.011250,1.244663e-07,0.022500,1.970813e-06,7.334699e-01,942,1,0,1,1,1
061_foam_brick,s0_patch_only_061_foam_brick_t7,patch_only,1678,0.286227,0.017321,3.693333e-07,1.183407e-06,772,0.011548,2.412948e-07,0.023095,8.617882e-07,1.006266e+00,1788,1,0,1,1,0
061_foam_brick,s0_patch_only_061_foam_brick_t8,patch_only,1936,0.045580,0.016985,5.344429e-07,1.033588e-06,1543,0.011323,5.214704e-07,0.022647,1.163716e-06,4.754531e-01,882,1,0,1,1,0
061_foam_brick,s0_patch_only_061_foam_brick_t9,patch_only,1822,0.141338,0.016666,5.776746e-07,1.451931e-06,824,0.011111,6.237596e-07,0.022221,6.720436e-07,5.284540e-01,823,1,0,1,1,0
035_power_drill,s0_duarte_mcd_035_power_drill_t0,duarte_mcd,25,0.921439,,,,,,,,,0.000000e+00,117,1,0,1,1,1
035_power_drill,s0_duarte_mcd_035_power_drill_t1,duarte_mcd,125,0.873997,,,,,,,,,0.000000e+00,199,1,0,1,1,0
035_power_drill,s0_duarte_mcd_035_power_drill_t2,duarte_mcd,72,0.959151,,,,,,,,,1.736667e-01,418,1,0,1,1,0
035_power_drill,s0_duarte_mcd_035_power_drill_t3,duarte_mcd,31,0.894191,,,,,,,,,0.000000e+00,113,1,0,1,1,0
035_power_drill,s0_duarte_mcd_035_power_drill_t4,duarte_mcd,108,0.888506,,,,,,,,,0.000000e+00,165,1,0,1,1,0
035_power_drill,s0_duarte_mcd_035_power_drill_t5,duarte_mcd,57,0.921894,,,,,,,,,1.136460e-01,377,1,0,1,1,0
035_power_drill,s0_duarte_mcd_035_power_drill_t6,duarte_mcd,18,0.903436,,,,,,,,,0.000000e+00,115,1,0,1,1,0
035_power_drill,s0_duarte_mcd_035_power_drill_t7,duarte_mcd,2,0.969485,,,,,,,,,4.610971e-01,728,1,0,1,1,1
035_power_drill,s0_duarte_mcd_035_power_drill_t9,duarte_mcd,9,0.932080,,,,,,,,,0.000000e+00,170,1,0,1,1,0
021_bleach_cleanser,s1_partial_only_021_bleach_cleanser_t0,partial_only,8,0.944951,,,,,,,,,,,1,0,1,1,1
021_bleach_cleanser,s1_partial_only_021_bleach_cleanser_t1,partial_only,2,0.968037,,,,,,,,,,,1,0,1,1,1
021_bleach_cleanser,s1_partial_only_021_bleach_cleanser_t3,partial_only,2,0.938784,,,,,,,,,,,1,0,1,1,1
021_bleach_cleanser,s1_partial_only_021_bleach_cleanser_t4,partial_only,1,0.952053,,,,,,,,,,,1,0,1,1,0
021_bleach_cleanser,s1_partial_only_021_bleach_cleanser_t6,partial_only,16,0.935910,,,,,,,,,,,1,0,1,1,1
021_bleach_cleanser,s1_partial_only_021_bleach_cleanser_t7,partial_only,26,0.948502,,,,,,,,,,,1,0,1,1,1
021_bleach_cleanser,s1_partial_only_021_bleach_cleanser_t8,partial_only,32,0.931564,,,,,,,,,,,1,0,1,1,1
021_bleach_cleanser,s1_partial_only_021_bleach_cleanser_t9,partial_only,0,0.950631,,,,,,,,,,,1,0,1,1,1
005_tomato_soup_can,s1_complete_only_005_tomato_soup_can_t0,complete_only,49,0.883693,0.019058,6.893061e-07,1.617540e-06,618,0.012706,6.480244e-07,0.025411,6.910664e-07,3.319163e-01,779,1,0,1,1,1
005_tomato_soup_can,s1_complete_only_005_tomato_soup_can_t1,complete_only,6,0.895101,0.019062,7.388708e-07,1.630803e-06,693,0.012708,7.383698e-07,0.025417,7.574275e-07,4.073834e-01,825,1,0,1,1,1
005_tomato_soup_can,s1_complete_only_005_tomato_soup_can_t2,complete_only,22,0.881633,0.018695,8.703693e-07,1.977773e-06,522,0.012463,7.490111e-07,0.024926,8.145732e-07,3.416229e-01,786,1,0,1,1,1
005_tomato_soup_can,s1_complete_only_005_tomato_soup_can_t3,complete_only,23,0.872870,0.018833,8.404569e-07,1.678908e-06,734,0.012555,7.898255e-07,0.025111,8.460277e-07,5.196064e-01,955,1,0,1,1,1
005_tomato_soup_can,s1_complete_only_005_tomato_soup_can_t4,complete_only,79,0.873627,0.019095,5.904807e-07,1.756984e-06,448,0.012730,3.601163e-07,0.025460,6.714629e-07,2.317956e-01,628,1,0,1,1,1
005_tomato_soup_can,s1_complete_only_005_tomato_soup_can_t5,complete_only,7,0.900725,0.018939,7.163742e-07,1.703734e-06,527,0.012626,6.700659e-07,0.025251,6.975163e-07,3.002744e-01,693,1,0,1,1,1
005_tomato_soup_can,s1_complete_only_005_tomato_soup_can_t6,complete_only,6,0.891515,0.018936,7.953723e-07,1.742783e-06,694,0.012624,7.261264e-07,0.025248,8.101265e-07,5.087353e-01,924,1,0,1,1,1
005_tomato_soup_can,s1_complete_only_005_tomato_soup_can_t7,complete_only,32,0.876918,0.019147,7.332205e-07,1.493545e-06,604,0.012765,7.063728e-07,0.025530,7.547333e-07,3.269951e-01,752,1,0,1,1,1
005_tomato_soup_can,s1_complete_only_005_tomato_soup_can_t9,complete_only,10,0.894384,0.018801,7.544805e-07,1.443203e-06,684,0.012534,6.966486e-07,0.025067,7.544919e-07,4.436395e-01,869,1,0,1,1,1
061_foam_brick,s1_complete_only_061_foam_brick_t0,complete_only,946,0.859754,0.016198,3.746153e-06,1.462198e-05,538,0.010799,4.389224e-06,0.021597,2.768732e-06,9.056824e-01,1119,1,0,1,1,1
061_foam_brick,s1_complete_only_061_foam_brick_t1,complete_only,1102,0.796862,0.017258,8.206470e-04,2.820260e-03,412,0.011505,7.456137e-04,0.023011,5.782216e-04,2.230526e+00,1047,1,0,1,1,1
061_foam_brick,s1_complete_only_061_foam_brick_t2,complete_only,717,0.876135,0.017171,3.887008e-06,3.497244e-06,1080,0.011447,3.419545e-06,0.022894,5.149906e-06,1.232682e+00,1554,1,0,1,1,1
061_foam_brick,s1_complete_only_061_foam_brick_t3,complete_only,722,0.880879,0.016408,5.743272e-07,1.317458e-06,842,0.010939,1.182673e-07,0.021877,1.138589e-06,1.813973e+00,2153,1,0,1,1,1
061_foam_brick,s1_complete_only_061_foam_brick_t4,complete_only,1178,0.720045,0.016539,3.537998e-06,1.419525e-05,782,0.011026,3.712056e-06,0.022052,4.464922e-06,1.081784e+00,1140,1,0,1,1,1
061_foam_brick,s1_complete_only_061_foam_brick_t5,complete_only,0,0.976473,0.016454,1.337560e-05,5.143724e-06,492,0.010969,6.208968e-06,0.021938,2.471303e-05,2.170496e+00,1081,1,0,1,1,1
061_foam_brick,s1_complete_only_061_foam_brick_t6,complete_only,1082,0.684524,0.018733,8.492977e-06,4.860462e-05,1840,0.012489,9.978008e-06,0.024977,1.058453e-05,1.775567e+00,1271,1,0,1,1,1
061_foam_brick,s1_complete_only_061_foam_brick_t7,complete_only,982,0.821246,0.017385,2.512712e-04,4.934708e-04,601,0.011590,2.758124e-04,0.023180,7.294131e-05,9.958762e-01,1072,1,0,1,1,1
061_foam_brick,s1_complete_only_061_foam_brick_t8,complete_only,204,0.934931,0.016904,4.209434e-07,6.934199e-07,1115,0.011269,3.865389e-07,0.022538,4.329457e-07,1.031673e+00,1815,1,0,1,1,1
061_foam_brick,s1_complete_only_061_foam_brick_t9,complete_only,303,0.918661,0.016257,5.384524e-06,2.111116e-06,1022,0.010838,9.214084e-07,0.021675,1.956592e-05,1.225792e+00,1109,1,0,1,1,1
035_power_drill,s1_complete_epi_035_power_drill_t0,complete_epi,797,0.775096,0.041747,9.905057e-07,4.735399e-06,881,0.027831,1.431859e-06,0.055663,3.065162e-06,0.000000e+00,162,1,0,1,1,1
035_power_drill,s1_complete_epi_035_power_drill_t1,complete_epi,6,0.940640,0.043666,6.255405e-05,3.285700e-04,974,0.029111,2.756914e-05,0.058222,1.034926e-04,2.975403e-02,111,1,0,1,1,1
035_power_drill,s1_complete_epi_035_power_drill_t2,complete_epi,41,0.886968,0.039349,2.940563e-05,3.820288e-05,1651,0.026232,7.181896e-06,0.052465,5.140641e-05,3.732761e-01,349,1,0,1,1,1
035_power_drill,s1_complete_epi_035_power_drill_t3,complete_epi,0,0.940875,0.024043,1.512089e-05,8.775278e-05,2650,0.016029,2.895437e-05,0.032057,2.536125e-05,2.157727e+00,1865,1,0,1,1,0
035_power_drill,s1_complete_epi_035_power_drill_t4,complete_epi,28,0.887864,0.043062,5.236678e-05,2.565577e-05,730,0.028708,3.095200e-06,0.057416,1.391463e-04,0.000000e+00,127,1,0,1,1,1
035_power_drill,s1_complete_epi_035_power_drill_t5,complete_epi,0,0.926641,0.010069,1.543637e-06,4.581861e-06,1369,0.006713,3.688269e-06,0.013425,1.074310e-06,2.674811e+00,4341,0,0,1,1,
035_power_drill,s1_complete_epi_035_power_drill_t6,complete_epi,251,0.891805,0.042023,0.000000e+00,0.000000e+00,508,0.028015,0.000000e+00,0.056030,5.013854e-07,0.000000e+00,93,1,0,1,1,0
035_power_drill,s1_complete_epi_035_power_drill_t7,complete_epi,486,0.783568,0.047180,8.701613e-05,2.755937e-04,785,0.031454,4.148104e-05,0.062907,1.621443e-04,0.000000e+00,147,1,0,1,1,1
035_power_drill,s1_complete_epi_035_power_drill_t8,complete_epi,292,0.918351,0.020193,8.575531e-05,5.105489e-04,673,0.013462,1.776332e-04,0.026925,6.361627e-05,2.826997e+00,1668,1,0,1,1,0
035_power_drill,s1_complete_epi_035_power_drill_t9,complete_epi,314,0.938741,0.024191,4.155822e-05,1.562271e-04,1479,0.016127,1.226237e-04,0.032254,5.229243e-05,2.387823e+00,1824,1,0,1,1,0
021_bleach_cleanser,s1_epi_score_021_bleach_cleanser_t0,epi_score,17,0.927344,0.038889,1.662545e-05,1.437904e-04,556,0.025926,0.000000e+00,0.051852,3.038482e-05,0.000000e+00,73,1,0,1,1,1
021_bleach_cleanser,s1_epi_score_021_bleach_cleanser_t1,epi_score,353,0.919410,0.021748,4.276989e-05,1.686117e-04,1150,0.014498,5.215218e-05,0.028997,3.663091e-05,1.348553e+00,396,1,0,1,1,0
021_bleach_cleanser,s1_epi_score_021_bleach_cleanser_t2,epi_score,334,0.855366,0.039215,1.790916e-05,4.791095e-06,648,0.026144,4.582090e-06,0.052287,3.132244e-05,2.699171e-02,117,1,0,1,1,1
021_bleach_cleanser,s1_epi_score_021_bleach_cleanser_t3,epi_score,1198,0.711357,0.039916,2.825004e-05,1.806397e-04,577,0.026610,3.715906e-06,0.053221,3.165941e-05,0.000000e+00,87,1,0,1,1,1
021_bleach_cleanser,s1_epi_score_021_bleach_cleanser_t4,epi_score,1992,0.018395,0.326759,7.045413e-02,4.138861e-01,3605,0.217839,2.404645e-01,0.435678,6.776495e-02,1.384209e+00,2,1,0,1,1,0
021_bleach_cleanser,s1_epi_score_021_bleach_cleanser_t5,epi_score,1254,0.671114,0.040587,2.204741e-05,1.389068e-04,1355,0.027058,6.665385e-06,0.054116,3.564728e-05,1.277491e-01,214,1,0,1,1,1
021_bleach_cleanser,s1_epi_score_021_bleach_cleanser_t7,epi_score,47,0.719281,0.288461,1.329566e-02,6.089248e-02,7405,0.192307,6.949963e-03,0.384614,2.538936e-02,4.942223e+00,304,1,0,1,1,0
021_bleach_cleanser,s1_epi_score_021_bleach_cleanser_t8,epi_score,214,0.865368,0.040424,2.410661e-06,0.000000e+00,690,0.026949,0.000000e+00,0.053898,9.118921e-06,0.000000e+00,136,1,0,1,1,1
021_bleach_cleanser,s1_epi_score_021_bleach_cleanser_t9,epi_score,63,0.923777,0.039696,4.598117e-06,1.749028e-05,626,0.026464,5.605162e-07,0.052928,2.060843e-05,0.000000e+00,41,1,0,1,1,0
005_tomato_soup_can,s1_patch_only_005_tomato_soup_can_t0,patch_only,58,0.869225,0.019058,5.458702e-07,1.655340e-06,559,0.012706,6.255467e-07,0.025411,5.502291e-07,3.215864e-01,722,1,0,1,1,1
005_tomato_soup_can,s1_patch_only_005_tomato_soup_can_t1,patch_only,539,0.798835,0.019090,4.802012e-07,1.642951e-06,490,0.012726,4.811688e-07,0.025453,5.939117e-07,3.827788e-01,780,1,0,1,1,1
005_tomato_soup_can,s1_patch_only_005_tomato_soup_can_t3,patch_only,75,0.866441,0.018833,5.392216e-07,1.628242e-06,536,0.012555,6.384800e-07,0.025111,6.145001e-07,3.896627e-01,809,1,0,1,1,1
005_tomato_soup_can,s1_patch_only_005_tomato_soup_can_t4,patch_only,1534,0.440580,0.008628,2.453058e-08,0.000000e+00,185,0.005752,0.000000e+00,0.011504,1.024880e-07,2.120591e+00,8002,1,0,1,1,1
005_tomato_soup_can,s1_patch_only_005_tomato_soup_can_t6,patch_only,1894,0.314433,0.018960,4.083907e-07,1.417637e-06,499,0.012640,4.148977e-07,0.025279,4.298866e-07,1.437405e-01,465,1,0,1,1,0
005_tomato_soup_can,s1_patch_only_005_tomato_soup_can_t7,patch_only,650,0.783403,0.019118,5.709410e-07,1.741919e-06,501,0.012745,6.802863e-07,0.025491,5.413260e-07,3.237710e-01,740,1,0,1,1,1
005_tomato_soup_can,s1_patch_only_005_tomato_soup_can_t8,patch_only,1842,0.452815,0.018890,4.937696e-07,1.658179e-06,517,0.012594,5.655336e-07,0.025187,5.236514e-07,2.048270e-01,547,1,0,1,1,0
005_tomato_soup_can,s1_patch_only_005_tomato_soup_can_t9,patch_only,1932,0.157897,0.018801,4.069288e-07,1.413515e-06,440,0.012534,3.326452e-07,0.025069,4.229465e-07,6.383597e-03,45,1,0,1,1,0
061_foam_brick,s1_patch_only_061_foam_brick_t0,patch_only,1923,0.088253,0.016198,6.826474e-07,1.322617e-06,820,0.010799,7.061891e-07,0.021597,9.724033e-07,5.233228e-01,1010,1,0,1,1,0
061_foam_brick,s1_patch_only_061_foam_brick_t1,patch_only,1866,0.119788,0.017291,6.863279e-07,2.455332e-06,1162,0.011527,7.276800e-07,0.023055,9.545767e-07,1.118691e+00,1139,1,0,1,1,1
061_foam_brick,s1_patch_only_061_foam_brick_t2,patch_only,1010,0.773836,0.017360,4.537587e-07,1.084977e-06,818,0.011573,5.141539e-07,0.023147,2.081253e-06,7.638060e-01,1376,1,0,1,1,1
061_foam_brick,s1_patch_only_061_foam_brick_t3,patch_only,1921,0.058906,0.017383,5.916197e-07,1.647966e-06,693,0.011589,6.174212e-07,0.023178,1.110320e-06,8.185842e-01,1241,1,0,1,1,0
061_foam_brick,s1_patch_only_061_foam_brick_t4,patch_only,1920,0.123846,0.016638,7.525698e-07,2.543138e-06,628,0.011092,3.204770e-07,0.022184,1.140316e-06,1.711574e-02,125,1,0,1,1,0
061_foam_brick,s1_patch_only_061_foam_brick_t5,patch_only,388,0.941244,0.016355,4.495081e-07,9.805522e-07,535,0.010903,4.449173e-07,0.021806,7.005412e-07,8.019294e-01,1363,1,0,1,1,1
061_foam_brick,s1_patch_only_061_foam_brick_t6,patch_only,1885,0.153550,0.017273,8.022402e-07,4.190068e-06,1175,0.011515,6.832221e-07,0.023031,2.315916e-06,1.473473e+00,1385,1,0,1,1,0
061_foam_brick,s1_patch_only_061_foam_brick_t7,patch_only,1895,0.103707,0.017381,5.102468e-07,1.329110e-06,527,0.011587,6.571297e-07,0.023174,9.026855e-07,7.984749e-01,987,1,0,1,1,0
061_foam_brick,s1_patch_only_061_foam_brick_t8,patch_only,1722,0.195642,0.017070,3.971079e-07,6.919407e-07,689,0.011380,3.691247e-07,0.022760,4.266429e-07,7.806642e-01,1558,1,0,1,1,0
061_foam_brick,s1_patch_only_061_foam_brick_t9,patch_only,1763,0.185106,0.016212,5.944682e-07,9.741508e-07,893,0.010808,6.192047e-07,0.021615,1.242046e-06,1.281661e+00,1892,1,0,1,1,1
035_power_drill,s1_duarte_mcd_035_power_drill_t0,duarte_mcd,224,0.887138,,,,,,,,,0.000000e+00,157,1,0,1,1,1
035_power_drill,s1_duarte_mcd_035_power_drill_t1,duarte_mcd,6,0.931721,,,,,,,,,5.830996e-01,455,1,0,1,1,1
035_power_drill,s1_duarte_mcd_035_power_drill_t2,duarte_mcd,28,0.900031,,,,,,,,,3.529613e-01,386,1,0,1,1,1
035_power_drill,s1_duarte_mcd_035_power_drill_t3,duarte_mcd,421,0.843839,,,,,,,,,1.339668e-01,178,1,0,1,1,1
035_power_drill,s1_duarte_mcd_035_power_drill_t4,duarte_mcd,148,0.844934,,,,,,,,,0.000000e+00,125,1,0,1,1,1
035_power_drill,s1_duarte_mcd_035_power_drill_t5,duarte_mcd,132,0.892179,,,,,,,,,7.391832e-01,421,1,0,1,1,0
035_power_drill,s1_duarte_mcd_035_power_drill_t6,duarte_mcd,120,0.922423,,,,,,,,,2.697368e-01,185,1,0,1,1,1
035_power_drill,s1_duarte_mcd_035_power_drill_t7,duarte_mcd,295,0.841817,,,,,,,,,4.182741e-01,232,1,0,1,1,0
035_power_drill,s1_duarte_mcd_035_power_drill_t8,duarte_mcd,304,0.938486,,,,,,,,,2.091784e-01,392,1,0,1,1,0
035_power_drill,s1_duarte_mcd_035_power_drill_t9,duarte_mcd,95,0.860846,,,,,,,,,0.000000e+00,152,1,0,1,1,1
021_bleach_cleanser,s2_partial_only_021_bleach_cleanser_t0,partial_only,31,0.937817,,,,,,,,,,,1,0,1,1,1
021_bleach_cleanser,s2_partial_only_021_bleach_cleanser_t1,partial_only,129,0.912577,,,,,,,,,,,1,0,1,1,0
021_bleach_cleanser,s2_partial_only_021_bleach_cleanser_t2,partial_only,8,0.951716,,,,,,,,,,,1,0,1,1,0
021_bleach_cleanser,s2_partial_only_021_bleach_cleanser_t3,partial_only,2,0.935515,,,,,,,,,,,1,0,1,1,1
021_bleach_cleanser,s2_partial_only_021_bleach_cleanser_t4,partial_only,49,0.932489,,,,,,,,,,,1,0,1,1,1
021_bleach_cleanser,s2_partial_only_021_bleach_cleanser_t5,partial_only,31,0.944152,,,,,,,,,,,1,0,1,1,0
021_bleach_cleanser,s2_partial_only_021_bleach_cleanser_t6,partial_only,141,0.902443,,,,,,,,,,,1,0,1,1,0
021_bleach_cleanser,s2_partial_only_021_bleach_cleanser_t7,partial_only,210,0.921180,,,,,,,,,,,1,0,1,1,0
021_bleach_cleanser,s2_partial_only_021_bleach_cleanser_t8,partial_only,17,0.926575,,,,,,,,,,,1,0,1,1,0
021_bleach_cleanser,s2_partial_only_021_bleach_cleanser_t9,partial_only,35,0.926768,,,,,,,,,,,1,0,1,1,0
005_tomato_soup_can,s2_complete_only_005_tomato_soup_can_t0,complete_only,139,0.855076,0.018947,6.991125e-07,1.540858e-06,635,0.012632,6.573170e-07,0.025263,6.613021e-07,3.519390e-01,749,1,0,1,1,1
005_tomato_soup_can,s2_complete_only_005_tomato_soup_can_t2,complete_only,30,0.860765,0.019030,7.916682e-07,1.500015e-06,757,0.012687,8.154720e-07,0.025373,8.093754e-07,4.997958e-01,926,1,0,1,1,1
005_tomato_soup_can,s2_complete_only_005_tomato_soup_can_t3,complete_only,13,0.892672,0.019146,8.085904e-07,1.427882e-06,585,0.012764,7.484423e-07,0.025528,7.100699e-07,3.257719e-01,738,1,0,1,1,1
005_tomato_soup_can,s2_complete_only_005_tomato_soup_can_t4,complete_only,9,0.895423,0.018704,6.378736e-07,1.700256e-06,530,0.012469,6.717040e-07,0.024939,6.708630e-07,3.451100e-01,762,1,0,1,1,1
005_tomato_soup_can,s2_complete_only_005_tomato_soup_can_t5,complete_only,13,0.885014,0.019039,7.981106e-07,1.438934e-06,664,0.012693,7.534280e-07,0.025386,8.022628e-07,3.719456e-01,795,1,0,1,1,1
005_tomato_soup_can,s2_complete_only_005_tomato_soup_can_t6,complete_only,62,0.874821,0.019084,6.025217e-07,1.894403e-06,499,0.012723,6.159833e-07,0.025446,5.883013e-07,2.883914e-01,699,1,0,1,1,1
005_tomato_soup_can,s2_complete_only_005_tomato_soup_can_t7,complete_only,116,0.856525,0.018765,1.159406e-06,1.975038e-06,745,0.012510,1.584953e-06,0.025020,1.112959e-06,4.725582e-01,911,1,0,1,1,0
005_tomato_soup_can,s2_complete_only_005_tomato_soup_can_t8,complete_only,23,0.885545,0.018698,5.414659e-07,1.640433e-06,525,0.012466,6.015411e-07,0.024931,5.855011e-07,3.621196e-01,787,1,0,1,1,1
005_tomato_soup_can,s2_complete_only_005_tomato_soup_can_t9,complete_only,35,0.875811,0.018878,7.374829e-07,1.567295e-06,655,0.012586,7.066931e-07,0.025171,7.683392e-07,3.057856e-01,734,1,0,1,1,1
061_foam_brick,s2_complete_only_061_foam_brick_t0,complete_only,490,0.922215,0.017153,8.733065e-06,7.720639e-07,639,0.011435,2.725766e-05,0.022871,8.662340e-06,1.408789e+00,1561,1,0,1,1,0
061_foam_brick,s2_complete_only_061_foam_brick_t1,complete_only,133,0.970666,0.016699,9.658684e-06,4.795586e-05,920,0.011133,1.278202e-05,0.022266,1.503372e-05,2.018399e+00,1304,1,0,1,1,1
061_foam_brick,s2_complete_only_061_foam_brick_t2,complete_only,130,0.966078,0.017969,3.057358e-06,2.132214e-05,1063,0.011979,5.841019e-06,0.023959,5.872579e-06,1.203320e+00,1684,1,0,1,1,0
061_foam_brick,s2_complete_only_061_foam_brick_t3,complete_only,1325,0.493987,0.016494,6.399863e-05,1.949965e-04,731,0.010996,6.680618e-05,0.021992,4.859262e-05,1.481909e+00,1462,1,0,1,1,0
061_foam_brick,s2_complete_only_061_foam_brick_t4,complete_only,605,0.916613,0.016783,6.016448e-06,1.046128e-06,978,0.011188,1.089654e-05,0.022377,6.351039e-06,7.605251e-01,1037,1,0,1,1,1
061_foam_brick,s2_complete_only_061_foam_brick_t5,complete_only,0,0.973257,0.016238,1.101547e-06,3.169849e-06,704,0.010825,2.000228e-06,0.021651,8.468818e-06,1.134876e+00,885,1,0,1,1,1
061_foam_brick,s2_complete_only_061_foam_brick_t6,complete_only,36,0.957124,0.017243,4.735911e-06,1.706177e-05,1068,0.011495,1.619933e-05,0.022991,5.153228e-06,1.630423e+00,2182,1,0,1,1,1
061_foam_brick,s2_complete_only_061_foam_brick_t7,complete_only,0,0.960160,0.017552,1.635355e-06,7.805579e-06,1244,0.011702,1.459916e-06,0.023403,5.490177e-06,1.570126e+00,2125,1,0,1,1,0
061_foam_brick,s2_complete_only_061_foam_brick_t8,complete_only,141,0.969640,0.016679,5.640711e-06,7.733873e-06,843,0.011119,1.644762e-05,0.022239,8.717359e-06,1.216152e+00,989,1,0,1,1,1
061_foam_brick,s2_complete_only_061_foam_brick_t9,complete_only,789,0.870011,0.016806,1.252018e-06,2.001682e-06,981,0.011204,1.372868e-06,0.022409,1.838034e-06,9.472129e-01,1511,1,0,1,1,0
035_power_drill,s2_complete_epi_035_power_drill_t0,complete_epi,319,0.859054,0.039149,4.943191e-06,2.773454e-05,1372,0.026099,4.125695e-06,0.052199,1.202511e-05,1.219700e-01,264,1,0,1,1,0
035_power_drill,s2_complete_epi_035_power_drill_t1,complete_epi,630,0.798449,0.040880,9.851150e-06,5.098224e-06,889,0.027253,2.455181e-06,0.054506,2.540707e-05,0.000000e+00,172,1,0,1,1,1
035_power_drill,s2_complete_epi_035_power_drill_t2,complete_epi,178,0.887206,0.041790,1.422218e-05,2.415550e-05,1378,0.027860,7.671877e-06,0.055719,4.291261e-05,0.000000e+00,193,1,0,1,1,0
035_power_drill,s2_complete_epi_035_power_drill_t3,complete_epi,116,0.877034,0.043462,2.372975e-05,0.000000e+00,688,0.028975,5.036045e-06,0.057950,3.859449e-05,0.000000e+00,121,1,0,1,1,1
035_power_drill,s2_complete_epi_035_power_drill_t4,complete_epi,734,0.802668,0.039880,3.681326e-05,1.347421e-04,1412,0.026587,1.767330e-05,0.053174,6.847118e-05,1.083904e+00,357,1,0,1,1,1
035_power_drill,s2_complete_epi_035_power_drill_t5,complete_epi,12,0.938692,0.145335,9.975463e-07,0.000000e+00,3444,0.096890,0.000000e+00,0.193780,6.445462e-05,0.000000e+00,179,1,0,1,1,0
035_power_drill,s2_complete_epi_035_power_drill_t6,complete_epi,120,0.909685,0.041678,5.658594e-06,4.453202e-06,774,0.027785,4.545333e-06,0.055571,9.669861e-06,0.000000e+00,119,1,0,1,1,0
035_power_drill,s2_complete_epi_035_power_drill_t7,complete_epi,337,0.822151,0.047155,1.840611e-04,1.119263e-03,1046,0.031437,1.437736e-04,0.062873,1.904938e-04,1.238723e+00,217,1,0,1,1,1
035_power_drill,s2_complete_epi_035_power_drill_t8,complete_epi,1881,0.200270,0.021079,8.360548e-06,4.988749e-05,3570,0.014053,5.581312e-06,0.028105,1.251494e-05,7.061268e-01,435,1,0,1,1,0
035_power_drill,s2_complete_epi_035_power_drill_t9,complete_epi,622,0.799924,0.045353,1.194018e-05,2.306177e-05,4296,0.030235,1.460483e-05,0.060471,1.722469e-05,4.600354e-01,562,1,0,1,1,1
021_bleach_cleanser,s2_epi_score_021_bleach_cleanser_t0,epi_score,340,0.779905,0.039332,1.073051e-06,0.000000e+00,504,0.026221,0.000000e+00,0.052442,1.225386e-05,0.000000e+00,64,1,0,1,1,0
021_bleach_cleanser,s2_epi_score_021_bleach_cleanser_t1,epi_score,131,0.884781,0.039162,8.875075e-06,1.466077e-05,488,0.026108,0.000000e+00,0.052216,2.442987e-05,0.000000e+00,81,1,0,1,1,1
021_bleach_cleanser,s2_epi_score_021_bleach_cleanser_t2,epi_score,1120,0.465926,0.157141,3.396798e-07,0.000000e+00,3668,0.104760,0.000000e+00,0.209521,1.820958e-05,0.000000e+00,191,1,0,1,1,0
021_bleach_cleanser,s2_epi_score_021_bleach_cleanser_t3,epi_score,1020,0.754897,0.038995,8.060700e-06,6.745621e-05,615,0.025997,0.000000e+00,0.051993,1.500745e-05,0.000000e+00,86,1,0,1,1,1
021_bleach_cleanser,s2_epi_score_021_bleach_cleanser_t4,epi_score,366,0.820246,0.039082,6.967678e-06,9.871821e-06,544,0.026055,0.000000e+00,0.052110,1.006607e-05,0.000000e+00,86,1,0,1,1,1
021_bleach_cleanser,s2_epi_score_021_bleach_cleanser_t5,epi_score,1736,0.373787,0.020965,1.935313e-06,5.324807e-06,1147,0.013977,2.752145e-06,0.027954,2.958937e-06,2.161929e-01,187,1,0,1,1,0
021_bleach_cleanser,s2_epi_score_021_bleach_cleanser_t6,epi_score,236,0.853841,0.038926,3.065682e-06,1.876592e-05,651,0.025951,0.000000e+00,0.051902,5.692156e-06,0.000000e+00,81,1,0,1,1,1
021_bleach_cleanser,s2_epi_score_021_bleach_cleanser_t7,epi_score,250,0.858646,0.039010,1.445986e-05,9.164224e-05,1081,0.026007,5.075668e-06,0.052013,2.138757e-05,1.884972e-02,113,1,0,1,1,1
021_bleach_cleanser,s2_epi_score_021_bleach_cleanser_t8,epi_score,313,0.825798,0.040164,1.376259e-05,9.642269e-06,502,0.026776,0.000000e+00,0.053552,2.721782e-05,0.000000e+00,40,1,0,1,1,0
021_bleach_cleanser,s2_epi_score_021_bleach_cleanser_t9,epi_score,1269,0.536326,0.038949,1.022106e-07,0.000000e+00,488,0.025966,0.000000e+00,0.051931,1.539392e-05,0.000000e+00,48,1,0,1,1,0
005_tomato_soup_can,s2_patch_only_005_tomato_soup_can_t0,patch_only,1929,0.140231,0.018947,4.218181e-07,1.256940e-06,430,0.012632,4.742073e-07,0.025263,4.148288e-07,1.125231e-02,63,1,0,1,1,1
005_tomato_soup_can,s2_patch_only_005_tomato_soup_can_t2,patch_only,123,0.838622,0.019024,5.673195e-07,1.558979e-06,497,0.012682,5.008904e-07,0.025365,5.940391e-07,2.754090e-01,679,1,0,1,1,1
005_tomato_soup_can,s2_patch_only_005_tomato_soup_can_t3,patch_only,1459,0.661573,0.019148,4.927472e-07,1.411664e-06,499,0.012765,5.047902e-07,0.025531,5.370644e-07,2.148685e-01,628,1,0,1,1,1
005_tomato_soup_can,s2_patch_only_005_tomato_soup_can_t4,patch_only,167,0.840095,0.018615,4.790062e-07,1.222657e-06,527,0.012410,5.912144e-07,0.024819,5.304016e-07,2.367433e-01,702,1,0,1,1,1
005_tomato_soup_can,s2_patch_only_005_tomato_soup_can_t5,patch_only,1867,0.488468,0.019034,4.413654e-07,1.525192e-06,432,0.012689,3.380978e-07,0.025378,5.398422e-07,3.134787e-01,683,1,0,1,1,1
005_tomato_soup_can,s2_patch_only_005_tomato_soup_can_t6,patch_only,415,0.832076,0.019015,5.037468e-07,1.509181e-06,519,0.012676,5.869446e-07,0.025353,5.131347e-07,2.530124e-01,681,1,0,1,1,1
005_tomato_soup_can,s2_patch_only_005_tomato_soup_can_t7,patch_only,1802,0.509540,0.018772,5.063754e-07,1.733530e-06,466,0.012514,5.840253e-07,0.025029,4.953270e-07,2.900852e-01,771,1,0,1,1,0
005_tomato_soup_can,s2_patch_only_005_tomato_soup_can_t8,patch_only,126,0.866797,0.018657,4.958186e-07,1.675763e-06,465,0.012438,4.866380e-07,0.024875,5.209469e-07,3.260264e-01,726,1,0,1,1,1
005_tomato_soup_can,s2_patch_only_005_tomato_soup_can_t9,patch_only,1899,0.296286,0.018816,4.684623e-07,1.514918e-06,495,0.012544,5.715496e-07,0.025089,5.285980e-07,4.769450e-02,175,1,0,1,1,1
061_foam_brick,s2_patch_only_061_foam_brick_t0,patch_only,1229,0.730224,0.017153,6.406314e-07,1.104291e-06,1021,0.011435,6.526264e-07,0.022871,1.780545e-06,1.315001e+00,1412,1,0,1,1,1
061_foam_brick,s2_patch_only_061_foam_brick_t1,patch_only,1347,0.847311,0.016692,7.052541e-07,1.481861e-06,1347,0.011128,6.946541e-07,0.022256,1.731842e-06,1.027627e+00,1588,1,0,1,1,1
061_foam_brick,s2_patch_only_061_foam_brick_t2,patch_only,1277,0.846856,0.017990,5.895370e-07,1.021672e-06,1177,0.011993,5.796050e-07,0.023987,6.893918e-07,1.126068e+00,1738,1,0,1,1,1
061_foam_brick,s2_patch_only_061_foam_brick_t3,patch_only,1802,0.175271,0.016475,1.512583e-06,4.691854e-06,905,0.010984,8.097425e-07,0.021967,2.971770e-06,8.535891e-01,974,1,0,1,1,0
061_foam_brick,s2_patch_only_061_foam_brick_t4,patch_only,1804,0.195513,0.016476,5.361502e-07,1.086571e-06,802,0.010984,4.912164e-07,0.021968,1.906392e-06,1.058592e+00,1625,1,0,1,1,1
061_foam_brick,s2_patch_only_061_foam_brick_t5,patch_only,1588,0.776086,0.016207,5.526063e-07,1.916306e-06,591,0.010805,4.763486e-07,0.021610,9.964395e-07,3.809193e-01,672,1,0,1,1,1
061_foam_brick,s2_patch_only_061_foam_brick_t6,patch_only,1955,0.025240,0.017198,5.942065e-07,7.824444e-07,1464,0.011465,5.690950e-07,0.022930,1.088286e-06,9.129523e-01,1525,1,0,1,1,0
061_foam_brick,s2_patch_only_061_foam_brick_t7,patch_only,599,0.897918,0.016996,6.636720e-07,1.220518e-06,1470,0.011331,5.973155e-07,0.022661,2.977654e-06,1.399368e+00,1572,1,0,1,1,1
061_foam_brick,s2_patch_only_061_foam_brick_t8,patch_only,1925,0.080092,0.016686,4.299896e-07,9.703470e-07,1115,0.011124,4.899224e-07,0.022248,6.135110e-07,6.668970e-01,1025,1,0,1,1,0
061_foam_brick,s2_patch_only_061_foam_brick_t9,patch_only,1131,0.710234,0.016805,6.252497e-07,8.484713e-07,969,0.011203,6.636547e-07,0.022406,8.173230e-07,8.449165e-01,1314,1,0,1,1,1
035_power_drill,s2_duarte_mcd_035_power_drill_t0,duarte_mcd,471,0.798493,,,,,,,,,0.000000e+00,178,1,0,1,1,0
035_power_drill,s2_duarte_mcd_035_power_drill_t1,duarte_mcd,16,0.906738,,,,,,,,,5.127207e-01,320,1,0,1,1,1
035_power_drill,s2_duarte_mcd_035_power_drill_t2,duarte_mcd,309,0.855011,,,,,,,,,1.571989e-01,243,1,0,1,1,0
035_power_drill,s2_duarte_mcd_035_power_drill_t3,duarte_mcd,276,0.838887,,,,,,,,,0.000000e+00,104,1,0,1,1,1
035_power_drill,s2_duarte_mcd_035_power_drill_t4,duarte_mcd,93,0.872834,,,,,,,,,5.866999e-03,213,1,0,1,1,0
035_power_drill,s2_duarte_mcd_035_power_drill_t5,duarte_mcd,90,0.880441,,,,,,,,,0.000000e+00,173,1,0,1,1,1
035_power_drill,s2_duarte_mcd_035_power_drill_t7,duarte_mcd,130,0.904613,,,,,,,,,0.000000e+00,116,1,0,1,1,1
035_power_drill,s2_duarte_mcd_035_power_drill_t8,duarte_mcd,12,0.917644,,,,,,,,,0.000000e+00,169,1,0,1,1,1
025_mug,s0_partial_only_025_mug_t0,partial_only,156,0.850187,,,,,,,,,,,1,0,1,1,1
025_mug,s0_partial_only_025_mug_t2,partial_only,211,0.880916,,,,,,,,,,,1,0,1,1,1
025_mug,s0_partial_only_025_mug_t3,partial_only,278,0.803995,,,,,,,,,,,1,0,1,1,1
025_mug,s0_partial_only_025_mug_t4,partial_only,185,0.857402,,,,,,,,,,,1,0,1,1,1
025_mug,s0_partial_only_025_mug_t5,partial_only,156,0.894264,,,,,,,,,,,1,0,1,1,1
025_mug,s0_partial_only_025_mug_t6,partial_only,85,0.884162,,,,,,,,,,,1,0,1,1,0
025_mug,s0_partial_only_025_mug_t7,partial_only,110,0.921312,,,,,,,,,,,1,0,1,1,1
025_mug,s0_partial_only_025_mug_t9,partial_only,137,0.874780,,,,,,,,,,,1,0,1,1,1
006_mustard_bottle,s0_complete_only_006_mustard_bottle_t0,complete_only,125,0.813470,0.032858,1.674021e-05,3.783036e-05,2027,0.021906,1.407300e-05,0.043811,2.088660e-05,8.495435e-01,557,1,0,1,1,1
006_mustard_bottle,s0_complete_only_006_mustard_bottle_t1,complete_only,286,0.744199,0.032172,1.391183e-05,3.388161e-05,2152,0.021448,6.927722e-06,0.042896,2.087561e-05,7.331624e-01,779,1,0,1,1,1
006_mustard_bottle,s0_complete_only_006_mustard_bottle_t2,complete_only,0,0.867562,0.031693,5.076482e-06,1.119857e-05,1415,0.021128,6.046535e-06,0.042257,4.359323e-06,1.913067e-01,202,1,0,1,1,1
006_mustard_bottle,s0_complete_only_006_mustard_bottle_t3,complete_only,0,0.941371,0.021023,7.400680e-06,1.858965e-05,1034,0.014016,8.392694e-06,0.028031,6.646320e-06,2.480053e-01,354,1,0,1,1,1
006_mustard_bottle,s0_complete_only_006_mustard_bottle_t4,complete_only,779,0.854696,0.049708,1.149807e-03,2.717432e-03,680,0.033139,1.198990e-03,0.066278,1.003490e-03,3.140442e+00,104,1,0,1,1,0
006_mustard_bottle,s0_complete_only_006_mustard_bottle_t5,complete_only,3,0.845971,0.032157,3.538901e-06,1.147040e-05,1269,0.021438,4.718082e-06,0.042876,3.397636e-06,9.958987e-03,189,1,0,1,1,1
006_mustard_bottle,s0_complete_only_006_mustard_bottle_t6,complete_only,424,0.737581,0.029880,5.088133e-06,2.019074e-05,951,0.019920,5.696128e-06,0.039840,5.119895e-06,9.307777e-03,273,1,0,1,1,0
006_mustard_bottle,s0_complete_only_006_mustard_bottle_t7,complete_only,41,0.953649,0.029250,4.083961e-06,2.558839e-05,1450,0.019500,3.495888e-06,0.039000,3.653904e-06,1.318254e-01,430,1,0,1,1,1
006_mustard_bottle,s0_complete_only_006_mustard_bottle_t8,complete_only,13,0.964655,0.017985,4.456856e-04,1.398374e-03,1138,0.011990,4.702772e-04,0.023980,3.753159e-04,2.469533e+00,1155,1,0,1,1,0
006_mustard_bottle,s0_complete_only_006_mustard_bottle_t9,complete_only,333,0.775251,0.032008,3.548444e-05,2.424487e-04,1858,0.021339,4.297017e-05,0.042677,3.418807e-05,1.380983e+00,928,1,0,1,1,1
051_large_clamp,s0_complete_only_051_large_clamp_t0,complete_only,3,0.953524,0.031974,1.395102e-05,0.000000e+00,742,0.021316,1.305447e-05,0.042632,1.934338e-05,0.000000e+00,143,1,0,1,1,1
051_large_clamp,s0_complete_only_051_large_clamp_t1,complete_only,10,0.944178,0.030826,5.130847e-06,2.784388e-05,1611,0.020551,1.452727e-06,0.041102,9.647361e-06,2.154636e-02,171,1,0,1,1,1
051_large_clamp,s0_complete_only_051_large_clamp_t2,complete_only,1,0.975469,0.032403,2.031040e-05,1.158030e-04,1014,0.021602,7.902846e-05,0.043204,4.287610e-06,1.203636e-01,218,1,0,1,1,1
051_large_clamp,s0_complete_only_051_large_clamp_t3,complete_only,44,0.934796,0.032158,7.617479e-07,0.000000e+00,658,0.021438,1.014022e-06,0.042877,1.657312e-06,0.000000e+00,149,1,0,1,1,1
051_large_clamp,s0_complete_only_051_large_clamp_t4,complete_only,0,0.968864,0.030024,0.000000e+00,0.000000e+00,592,0.020016,0.000000e+00,0.040032,1.068298e-06,0.000000e+00,155,1,0,1,1,0
051_large_clamp,s0_complete_only_051_large_clamp_t5,complete_only,3,0.969660,0.032361,5.915138e-06,3.761103e-05,841,0.021574,4.089476e-06,0.043147,5.497208e-06,3.460471e-02,210,1,0,1,1,0
051_large_clamp,s0_complete_only_051_large_clamp_t6,complete_only,567,0.921858,0.038292,1.379041e-05,5.365654e-05,2613,0.025528,1.986035e-05,0.051056,1.236802e-05,3.555490e-01,162,1,0,1,1,0
051_large_clamp,s0_complete_only_051_large_clamp_t7,complete_only,0,0.964616,0.026182,5.345100e-06,2.151351e-05,3000,0.017455,3.571665e-06,0.034910,6.875005e-06,7.139824e-01,768,1,0,1,1,1
051_large_clamp,s0_complete_only_051_large_clamp_t8,complete_only,63,0.937657,0.031333,8.163474e-07,7.521850e-06,699,0.020888,0.000000e+00,0.041777,2.062670e-06,0.000000e+00,142,1,0,1,1,1
051_large_clamp,s0_complete_only_051_large_clamp_t9,complete_only,11,0.957992,0.032172,5.499216e-06,0.000000e+00,743,0.021448,3.139306e-06,0.042896,1.161462e-05,0.000000e+00,147,1,0,1,1,1
011_banana,s0_complete_epi_011_banana_t0,complete_epi,1654,0.523969,0.032608,2.809559e-04,1.285545e-03,2299,0.021739,6.336691e-04,0.043477,2.183766e-04,2.715142e+00,633,1,0,1,1,1
011_banana,s0_complete_epi_011_banana_t1,complete_epi,1888,0.175359,0.031827,2.608744e-04,2.266656e-03,1779,0.021218,2.389656e-03,0.042436,2.236961e-04,6.098414e-01,215,1,0,1,1,0
011_banana,s0_complete_epi_011_banana_t2,complete_epi,1644,0.382125,0.030930,6.385477e-05,7.356229e-05,2289,0.020620,3.811032e-05,0.041240,6.756322e-05,8.631395e-01,723,1,0,1,1,0
011_banana,s0_complete_epi_011_banana_t3,complete_epi,1869,0.223877,0.032925,6.680317e-05,2.815734e-04,1728,0.021950,1.786212e-04,0.043900,6.003916e-05,9.635748e-01,334,1,0,1,1,0
011_banana,s0_complete_epi_011_banana_t4,complete_epi,1633,0.482798,0.030893,9.425748e-05,5.890542e-04,1300,0.020595,4.717064e-04,0.041191,5.604467e-05,1.351894e-01,229,1,0,1,1,0
011_banana,s0_complete_epi_011_banana_t5,complete_epi,1470,0.576270,0.032088,7.188934e-05,2.561422e-04,1926,0.021392,1.420966e-04,0.042785,5.294848e-05,7.398153e-01,455,1,0,1,1,0
011_banana,s0_complete_epi_011_banana_t6,complete_epi,1839,0.237334,0.031724,2.484015e-04,1.472651e-03,2188,0.021150,3.183271e-04,0.042299,2.526096e-04,2.605825e+00,740,1,0,1,1,1
011_banana,s0_complete_epi_011_banana_t7,complete_epi,0,0.963330,0.031258,1.184807e-04,2.681623e-04,2891,0.020839,2.423678e-04,0.041678,7.053414e-05,1.314367e+00,1007,0,0,1,1,
011_banana,s0_complete_epi_011_banana_t8,complete_epi,1943,0.042299,0.031452,2.644183e-04,6.889781e-04,2694,0.020968,2.756298e-04,0.041935,2.021781e-04,2.614541e+00,1415,1,0,1,1,1
011_banana,s0_complete_epi_011_banana_t9,complete_epi,1952,0.039138,0.031543,3.087182e-05,2.637112e-05,3638,0.021029,6.592994e-06,0.042057,6.721933e-05,3.189044e-01,351,1,0,1,1,0
025_mug,s0_epi_score_025_mug_t0,epi_score,269,0.905848,0.020684,1.299222e-06,2.075667e-06,962,0.013789,1.289083e-06,0.027579,1.342682e-06,2.710128e-01,302,1,0,1,1,1
025_mug,s0_epi_score_025_mug_t1,epi_score,382,0.868477,0.021119,1.069176e-06,2.120466e-06,649,0.014079,1.088493e-06,0.028158,1.094972e-06,1.669644e-01,203,1,0,1,1,1
025_mug,s0_epi_score_025_mug_t2,epi_score,252,0.868248,0.020349,8.466919e-07,1.785883e-06,389,0.013566,8.197375e-07,0.027132,1.196796e-06,1.167667e-01,192,1,0,1,1,1
025_mug,s0_epi_score_025_mug_t3,epi_score,152,0.890147,0.021602,1.331521e-06,2.216641e-06,1318,0.014401,1.421446e-06,0.028803,1.264824e-06,3.321552e-01,352,1,0,1,1,1
025_mug,s0_epi_score_025_mug_t5,epi_score,454,0.721570,0.020253,1.158307e-06,2.054774e-06,607,0.013502,1.373592e-06,0.027004,1.153508e-06,2.018685e-01,230,1,0,1,1,0
025_mug,s0_epi_score_025_mug_t6,epi_score,111,0.914456,0.020918,1.529456e-06,2.341377e-06,893,0.013945,1.607096e-06,0.027890,1.471403e-06,2.802972e-01,267,1,0,1,1,1
025_mug,s0_epi_score_025_mug_t8,epi_score,109,0.878410,0.020405,1.117561e-07,1.461393e-06,225,0.013603,0.000000e+00,0.027206,2.900236e-07,0.000000e+00,93,1,0,1,1,1
025_mug,s0_epi_score_025_mug_t9,epi_score,307,0.885933,0.020568,1.096423e-06,2.188578e-06,661,0.013712,1.048751e-06,0.027425,1.139640e-06,1.739403e-01,209,1,0,1,1,1
006_mustard_bottle,s0_patch_only_006_mustard_bottle_t0,patch_only,1659,0.224599,0.032858,4.496158e-06,2.055718e-05,1795,0.021906,5.161142e-06,0.043811,4.461002e-06,4.809273e-01,430,1,0,1,1,1
006_mustard_bottle,s0_patch_only_006_mustard_bottle_t1,patch_only,1784,0.274910,0.032307,4.615587e-06,2.980672e-05,2016,0.021538,4.629757e-06,0.043076,4.810821e-06,0.000000e+00,125,1,0,1,1,1
006_mustard_bottle,s0_patch_only_006_mustard_bottle_t3,patch_only,1860,0.124365,0.032475,3.850165e-06,1.472643e-05,1819,0.021650,6.917638e-06,0.043299,3.385952e-06,3.867780e-01,373,1,0,1,1,0
006_mustard_bottle,s0_patch_only_006_mustard_bottle_t4,patch_only,1607,0.288497,0.031930,3.977713e-06,1.940054e-05,1339,0.021286,3.960940e-06,0.042573,3.949174e-06,0.000000e+00,65,1,0,1,1,0
006_mustard_bottle,s0_patch_only_006_mustard_bottle_t5,patch_only,1877,0.087045,0.032310,1.826317e-06,9.819768e-06,542,0.021540,4.234973e-07,0.043081,2.613914e-06,0.000000e+00,48,1,0,1,1,0
006_mustard_bottle,s0_patch_only_006_mustard_bottle_t6,patch_only,1808,0.122279,0.032714,3.951861e-06,1.144743e-05,2749,0.021809,3.719612e-06,0.043619,5.939637e-06,1.780650e-01,243,1,0,1,1,1
006_mustard_bottle,s0_patch_only_006_mustard_bottle_t7,patch_only,42,0.951310,0.029157,1.876056e-06,4.506647e-06,1752,0.019438,1.719287e-06,0.038876,2.558066e-06,1.159953e-01,413,1,0,1,1,1
006_mustard_bottle,s0_patch_only_006_mustard_bottle_t8,patch_only,1877,0.188836,0.032087,2.217911e-06,1.187035e-05,980,0.021391,1.535432e-06,0.042783,2.914822e-06,0.000000e+00,110,1,0,1,1,1
006_mustard_bottle,s0_patch_only_006_mustard_bottle_t9,patch_only,1944,0.088686,0.031927,3.352670e-06,1.716809e-05,708,0.021284,1.427151e-06,0.042569,4.583526e-06,0.000000e+00,67,1,0,1,1,0
051_large_clamp,s0_patch_only_051_large_clamp_t0,patch_only,521,0.888946,0.031974,0.000000e+00,0.000000e+00,514,0.021316,0.000000e+00,0.042632,0.000000e+00,0.000000e+00,160,1,0,1,1,0
051_large_clamp,s0_patch_only_051_large_clamp_t1,patch_only,3,0.950364,0.030828,0.000000e+00,0.000000e+00,832,0.020552,0.000000e+00,0.041104,2.861024e-08,0.000000e+00,197,1,0,1,1,0
051_large_clamp,s0_patch_only_051_large_clamp_t2,patch_only,794,0.859232,0.032551,1.071534e-07,0.000000e+00,680,0.021701,0.000000e+00,0.043402,7.929306e-07,0.000000e+00,158,1,0,1,1,0
051_large_clamp,s0_patch_only_051_large_clamp_t3,patch_only,26,0.943848,0.032239,0.000000e+00,0.000000e+00,685,0.021493,0.000000e+00,0.042986,9.784893e-07,0.000000e+00,144,1,0,1,1,1
051_large_clamp,s0_patch_only_051_large_clamp_t4,patch_only,0,0.967474,0.030082,0.000000e+00,0.000000e+00,600,0.020054,0.000000e+00,0.040109,6.502809e-07,0.000000e+00,153,1,0,1,1,0
051_large_clamp,s0_patch_only_051_large_clamp_t5,patch_only,540,0.904166,0.032366,0.000000e+00,0.000000e+00,693,0.021577,0.000000e+00,0.043155,5.975227e-07,0.000000e+00,171,1,0,1,1,0
051_large_clamp,s0_patch_only_051_large_clamp_t6,patch_only,295,0.889857,0.032273,0.000000e+00,0.000000e+00,601,0.021515,0.000000e+00,0.043030,0.000000e+00,0.000000e+00,139,1,0,1,1,0
051_large_clamp,s0_patch_only_051_large_clamp_t7,patch_only,376,0.903896,0.026169,2.486295e-07,1.679108e-06,948,0.017446,0.000000e+00,0.034892,1.023793e-06,0.000000e+00,200,1,0,1,1,0
051_large_clamp,s0_patch_only_051_large_clamp_t8,patch_only,161,0.916009,0.031338,0.000000e+00,0.000000e+00,673,0.020892,0.000000e+00,0.041784,1.950071e-07,0.000000e+00,137,1,0,1,1,1
051_large_clamp,s0_patch_only_051_large_clamp_t9,patch_only,1655,0.361912,0.027674,1.030186e-06,5.917317e-06,1655,0.018449,6.431436e-07,0.036899,1.527147e-06,1.364230e-01,356,1,0,1,1,0
011_banana,s0_duarte_mcd_011_banana_t0,duarte_mcd,1839,0.357180,,,,,,,,,6.336993e-02,217,1,0,1,1,0
011_banana,s0_duarte_mcd_011_banana_t1,duarte_mcd,1932,0.066331,,,,,,,,,9.826837e-01,885,1,0,1,1,1
011_banana,s0_duarte_mcd_011_banana_t2,duarte_mcd,1750,0.350091,,,,,,,,,2.517134e-01,515,1,0,1,1,0
011_banana,s0_duarte_mcd_011_banana_t3,duarte_mcd,1795,0.342921,,,,,,,,,4.793799e-01,459,1,0,1,1,0
011_banana,s0_duarte_mcd_011_banana_t4,duarte_mcd,1822,0.254052,,,,,,,,,4.587734e-01,749,1,0,1,1,0
011_banana,s0_duarte_mcd_011_banana_t5,duarte_mcd,1205,0.789750,,,,,,,,,5.114058e-01,717,1,0,1,1,0
011_banana,s0_duarte_mcd_011_banana_t6,duarte_mcd,1882,0.163973,,,,,,,,,4.446108e-01,325,1,0,1,1,0
011_banana,s0_duarte_mcd_011_banana_t7,duarte_mcd,1393,0.657730,,,,,,,,,8.598766e-01,1023,1,0,1,1,1
011_banana,s0_duarte_mcd_011_banana_t8,duarte_mcd,1607,0.566084,,,,,,,,,2.174509e-02,186,1,0,1,1,0
011_banana,s0_duarte_mcd_011_banana_t9,duarte_mcd,1888,0.149995,,,,,,,,,1.441007e-01,170,1,0,1,1,0
025_mug,s1_partial_only_025_mug_t0,partial_only,179,0.862551,,,,,,,,,,,1,0,1,1,1
025_mug,s1_partial_only_025_mug_t1,partial_only,114,0.909786,,,,,,,,,,,1,0,1,1,1
025_mug,s1_partial_only_025_mug_t2,partial_only,181,0.848581,,,,,,,,,,,1,0,1,1,0
025_mug,s1_partial_only_025_mug_t3,partial_only,66,0.906679,,,,,,,,,,,1,0,1,1,1
025_mug,s1_partial_only_025_mug_t4,partial_only,46,0.893584,,,,,,,,,,,1,0,1,1,1
025_mug,s1_partial_only_025_mug_t5,partial_only,206,0.902638,,,,,,,,,,,1,0,1,1,1
025_mug,s1_partial_only_025_mug_t6,partial_only,80,0.883953,,,,,,,,,,,1,0,1,1,1
025_mug,s1_partial_only_025_mug_t8,partial_only,66,0.907322,,,,,,,,,,,1,0,1,1,1
025_mug,s1_partial_only_025_mug_t9,partial_only,336,0.800156,,,,,,,,,,,1,0,1,1,0
006_mustard_bottle,s1_complete_only_006_mustard_bottle_t0,complete_only,0,0.857615,0.031806,8.632424e-06,2.338372e-05,1696,0.021204,6.687822e-06,0.042408,1.025847e-05,2.555132e-01,287,1,0,1,1,1
006_mustard_bottle,s1_complete_only_006_mustard_bottle_t1,complete_only,6,0.828426,0.031561,8.319058e-06,1.877079e-05,1515,0.021041,8.229699e-06,0.042081,7.590273e-06,2.963308e-01,321,1,0,1,1,1
006_mustard_bottle,s1_complete_only_006_mustard_bottle_t2,complete_only,3,0.941205,0.030700,1.046849e-05,2.672708e-05,1563,0.020466,9.248487e-06,0.040933,1.090081e-05,8.142313e-01,328,1,0,1,1,1
006_mustard_bottle,s1_complete_only_006_mustard_bottle_t3,complete_only,0,0.975946,0.043133,2.640441e-04,1.893664e-03,1982,0.028755,3.308166e-03,0.057510,2.442622e-04,6.199699e-01,212,1,0,1,1,0
006_mustard_bottle,s1_complete_only_006_mustard_bottle_t4,complete_only,0,0.883089,0.032130,5.897400e-06,1.295690e-05,1840,0.021420,5.717039e-06,0.042840,5.586551e-06,3.898830e-01,307,1,0,1,1,1
006_mustard_bottle,s1_complete_only_006_mustard_bottle_t5,complete_only,14,0.844129,0.032212,8.092778e-06,1.799749e-05,2084,0.021475,5.524770e-06,0.042949,1.665775e-05,4.541642e-01,500,1,0,1,1,1
006_mustard_bottle,s1_complete_only_006_mustard_bottle_t6,complete_only,0,0.914753,0.032130,1.273692e-05,3.168407e-05,1874,0.021420,1.118267e-05,0.042840,1.270256e-05,4.819511e-01,369,1,0,1,1,1
006_mustard_bottle,s1_complete_only_006_mustard_bottle_t7,complete_only,0,0.879422,0.031741,7.257898e-06,1.655693e-05,1399,0.021161,8.082439e-06,0.042321,6.396049e-06,2.765511e-01,251,1,0,1,1,1
006_mustard_bottle,s1_complete_only_006_mustard_bottle_t8,complete_only,14,0.938050,0.029786,2.187075e-06,6.557916e-06,1719,0.019858,1.846643e-06,0.039715,2.447592e-06,6.948876e-02,441,1,0,1,1,1
006_mustard_bottle,s1_complete_only_006_mustard_bottle_t9,complete_only,356,0.767282,0.032595,1.862684e-05,8.538622e-05,1855,0.021730,1.398079e-05,0.043460,2.295256e-05,6.487664e-01,548,1,0,1,1,1
051_large_clamp,s1_complete_only_051_large_clamp_t0,complete_only,10,0.956029,0.029898,9.723605e-07,4.148342e-06,968,0.019932,1.440447e-07,0.039864,1.134042e-06,0.000000e+00,158,1,0,1,1,0
051_large_clamp,s1_complete_only_051_large_clamp_t1,complete_only,0,0.969568,0.032394,2.317361e-05,1.192449e-04,1210,0.021596,2.204555e-05,0.043192,2.128111e-05,1.406431e-01,209,1,0,1,1,0
051_large_clamp,s1_complete_only_051_large_clamp_t2,complete_only,0,0.967116,0.029712,0.000000e+00,0.000000e+00,890,0.019808,0.000000e+00,0.039616,4.218000e-07,0.000000e+00,208,1,0,1,1,1
051_large_clamp,s1_complete_only_051_large_clamp_t3,complete_only,0,0.951249,0.035938,1.147515e-04,4.114273e-04,1690,0.023959,1.997536e-04,0.047918,7.598903e-05,7.370976e-01,320,1,0,1,1,1
051_large_clamp,s1_complete_only_051_large_clamp_t4,complete_only,19,0.954410,0.031988,3.806974e-05,2.549392e-04,1573,0.021325,1.909338e-04,0.042650,2.910987e-05,7.202618e-02,153,1,0,1,1,1
051_large_clamp,s1_complete_only_051_large_clamp_t5,complete_only,1,0.961670,0.032541,3.339889e-05,1.846375e-04,1710,0.021694,7.000504e-05,0.043388,2.461425e-05,4.000308e-01,282,1,0,1,1,1
051_large_clamp,s1_complete_only_051_large_clamp_t6,complete_only,7,0.963203,0.030074,0.000000e+00,0.000000e+00,578,0.020049,0.000000e+00,0.040098,5.181936e-07,0.000000e+00,140,1,0,1,1,0
051_large_clamp,s1_complete_only_051_large_clamp_t7,complete_only,6,0.966843,0.032413,8.255108e-04,1.921507e-03,1171,0.021609,8.707563e-04,0.043217,1.292827e-04,5.234013e-01,262,1,0,1,1,0
051_large_clamp,s1_complete_only_051_large_clamp_t9,complete_only,0,0.962170,0.031941,3.462078e-06,1.160836e-05,965,0.021294,4.210419e-06,0.042588,6.512662e-06,0.000000e+00,159,1,0,1,1,1
011_banana,s1_complete_epi_011_banana_t0,complete_epi,1741,0.375510,0.032232,4.451127e-05,2.970477e-04,1847,0.021488,8.124545e-05,0.042976,4.878462e-05,9.099944e-01,342,1,0,1,1,0
011_banana,s1_complete_epi_011_banana_t1,complete_epi,1437,0.590872,0.031762,6.244960e-05,3.185562e-04,1617,0.021175,2.097729e-04,0.042349,6.649605e-05,6.653664e-01,413,1,0,1,1,0
011_banana,s1_complete_epi_011_banana_t2,complete_epi,1424,0.673152,0.031787,4.371096e-05,2.097697e-04,1559,0.021191,7.773620e-05,0.042383,2.260777e-05,4.374583e-01,381,1,0,1,1,1
011_banana,s1_complete_epi_011_banana_t3,complete_epi,1915,0.131654,0.031635,5.375822e-05,2.960010e-04,3128,0.021090,7.975084e-05,0.042179,5.761052e-05,8.697993e-01,458,1,0,1,1,0
011_banana,s1_complete_epi_011_banana_t4,complete_epi,1411,0.603558,0.032772,1.220639e-04,7.337857e-04,2334,0.021848,2.765724e-04,0.043696,1.467970e-04,8.495426e-01,496,1,0,1,1,0
011_banana,s1_complete_epi_011_banana_t5,complete_epi,0,0.979476,0.031790,1.490042e-05,6.714252e-05,3712,0.021194,7.749093e-06,0.042387,2.845483e-05,2.771835e-01,367,0,0,1,1,
011_banana,s1_complete_epi_011_banana_t6,complete_epi,1929,0.052561,0.032914,1.369351e-04,4.199467e-04,2677,0.021943,1.299646e-04,0.043886,1.158999e-04,1.706625e+00,720,1,0,1,1,0
011_banana,s1_complete_epi_011_banana_t7,complete_epi,1523,0.540911,0.031256,9.402281e-05,2.882663e-04,1591,0.020837,2.468405e-04,0.041675,9.058733e-05,4.865273e-01,366,1,0,1,1,0
011_banana,s1_complete_epi_011_banana_t8,complete_epi,1127,0.769414,0.031474,4.533705e-05,1.661471e-04,2254,0.020983,1.527295e-04,0.041966,2.486039e-05,1.384744e+00,674,1,0,1,1,1
011_banana,s1_complete_epi_011_banana_t9,complete_epi,1771,0.304115,0.032227,7.845492e-05,4.648818e-04,1511,0.021485,4.841292e-05,0.042970,1.021997e-04,2.411711e-01,204,1,0,1,1,0
025_mug,s1_epi_score_025_mug_t0,epi_score,272,0.831003,0.019955,1.328546e-06,1.913131e-06,1094,0.013303,1.437186e-06,0.026607,1.290709e-06,2.651732e-01,304,1,0,1,1,1
025_mug,s1_epi_score_025_mug_t1,epi_score,136,0.869066,0.020273,1.053552e-06,3.313919e-06,386,0.013515,9.030804e-07,0.027030,1.156727e-06,1.496863e-01,180,1,0,1,1,1
025_mug,s1_epi_score_025_mug_t2,epi_score,264,0.864831,0.021573,1.138079e-06,1.964328e-06,584,0.014382,1.136875e-06,0.028763,1.110731e-06,1.379363e-01,181,1,0,1,1,0
025_mug,s1_epi_score_025_mug_t3,epi_score,318,0.853746,0.020284,1.178151e-07,1.809630e-06,231,0.013523,0.000000e+00,0.027046,9.842596e-07,0.000000e+00,84,1,0,1,1,0
025_mug,s1_epi_score_025_mug_t4,epi_score,152,0.882166,0.021169,1.167707e-06,2.123772e-06,826,0.014112,1.238472e-06,0.028225,1.315349e-06,3.827948e-01,385,1,0,1,1,1
025_mug,s1_epi_score_025_mug_t5,epi_score,691,0.642899,0.020733,9.557215e-07,5.931397e-06,232,0.013822,5.182677e-07,0.027644,1.320502e-06,8.235839e-03,92,1,0,1,1,1
025_mug,s1_epi_score_025_mug_t7,epi_score,267,0.873453,0.020322,1.052002e-06,1.779632e-06,1196,0.013548,1.094467e-06,0.027096,1.052837e-06,7.949873e-01,822,1,0,1,1,1
025_mug,s1_epi_score_025_mug_t8,epi_score,613,0.799907,0.024157,9.724053e-07,2.199814e-06,610,0.016105,1.092132e-06,0.032210,1.095746e-06,1.287028e-01,181,1,0,1,1,0
025_mug,s1_epi_score_025_mug_t9,epi_score,76,0.928731,0.020898,1.190121e-06,2.259514e-06,726,0.013932,1.265939e-06,0.027865,1.218351e-06,1.888315e-01,216,1,0,1,1,1
006_mustard_bottle,s1_patch_only_006_mustard_bottle_t0,patch_only,1638,0.246205,0.031806,2.942301e-06,1.526947e-05,597,0.021204,1.091693e-06,0.042408,4.147093e-06,0.000000e+00,32,1,0,1,1,1
006_mustard_bottle,s1_patch_only_006_mustard_bottle_t2,patch_only,1583,0.333615,0.030885,3.540710e-06,1.898825e-05,1375,0.020590,3.983191e-06,0.041180,3.961198e-06,3.480225e-03,160,1,0,1,1,1
006_mustard_bottle,s1_patch_only_006_mustard_bottle_t3,patch_only,1887,0.169960,0.031568,1.889521e-06,1.221277e-05,840,0.021045,8.232934e-07,0.042090,3.133704e-06,0.000000e+00,104,1,0,1,1,0
006_mustard_bottle,s1_patch_only_006_mustard_bottle_t4,patch_only,1979,0.040393,0.034402,2.172556e-06,1.238188e-05,543,0.022934,1.187278e-06,0.045869,3.207127e-06,0.000000e+00,19,1,0,1,1,1
006_mustard_bottle,s1_patch_only_006_mustard_bottle_t5,patch_only,1819,0.175086,0.031311,2.855642e-06,1.766329e-05,992,0.020874,1.373112e-06,0.041748,3.664559e-06,0.000000e+00,21,1,0,1,1,0
006_mustard_bottle,s1_patch_only_006_mustard_bottle_t6,patch_only,1964,0.056584,0.032108,2.953492e-06,1.853133e-05,913,0.021406,1.699238e-06,0.042811,4.862669e-06,0.000000e+00,72,1,0,1,1,1
006_mustard_bottle,s1_patch_only_006_mustard_bottle_t7,patch_only,1747,0.178003,0.032576,2.563025e-06,1.486631e-05,1391,0.021717,1.541547e-06,0.043434,4.042225e-06,7.949186e-03,124,1,0,1,1,1
006_mustard_bottle,s1_patch_only_006_mustard_bottle_t8,patch_only,465,0.869622,0.016454,0.000000e+00,0.000000e+00,675,0.010970,0.000000e+00,0.021939,3.930004e-07,0.000000e+00,323,1,0,1,1,0
006_mustard_bottle,s1_patch_only_006_mustard_bottle_t9,patch_only,1897,0.112946,0.032448,2.573678e-06,1.455329e-05,1508,0.021632,2.290910e-06,0.043264,3.126175e-06,0.000000e+00,41,1,0,1,1,0
051_large_clamp,s1_patch_only_051_large_clamp_t0,patch_only,117,0.935363,0.029898,6.651683e-07,4.115701e-06,642,0.019932,0.000000e+00,0.039864,9.297862e-07,0.000000e+00,164,1,0,1,1,0
051_large_clamp,s1_patch_only_051_large_clamp_t1,patch_only,615,0.892833,0.032394,1.935626e-07,0.000000e+00,696,0.021596,0.000000e+00,0.043193,8.230593e-07,0.000000e+00,142,1,0,1,1,0
051_large_clamp,s1_patch_only_051_large_clamp_t2,patch_only,0,0.962658,0.029630,0.000000e+00,0.000000e+00,885,0.019753,0.000000e+00,0.039506,4.067965e-07,0.000000e+00,205,1,0,1,1,1
051_large_clamp,s1_patch_only_051_large_clamp_t3,patch_only,118,0.928147,0.031311,0.000000e+00,0.000000e+00,626,0.020874,0.000000e+00,0.041748,9.322280e-07,0.000000e+00,136,1,0,1,1,1
051_large_clamp,s1_patch_only_051_large_clamp_t4,patch_only,226,0.927204,0.032484,1.194441e-06,0.000000e+00,681,0.021656,0.000000e+00,0.043312,2.850658e-06,0.000000e+00,146,1,0,1,1,1
051_large_clamp,s1_patch_only_051_large_clamp_t5,patch_only,1267,0.720713,0.032655,0.000000e+00,0.000000e+00,732,0.021770,0.000000e+00,0.043541,2.272929e-07,0.000000e+00,110,1,0,1,1,0
051_large_clamp,s1_patch_only_051_large_clamp_t6,patch_only,3,0.961695,0.030033,0.000000e+00,0.000000e+00,546,0.020022,0.000000e+00,0.040044,5.178347e-07,0.000000e+00,138,1,0,1,1,0
051_large_clamp,s1_patch_only_051_large_clamp_t7,patch_only,1509,0.536866,0.032323,6.818683e-08,0.000000e+00,672,0.021549,0.000000e+00,0.043097,3.339874e-07,0.000000e+00,120,1,0,1,1,0
051_large_clamp,s1_patch_only_051_large_clamp_t8,patch_only,276,0.916998,0.031627,0.000000e+00,0.000000e+00,1072,0.021085,0.000000e+00,0.042169,1.950300e-07,0.000000e+00,390,1,0,1,1,0
051_large_clamp,s1_patch_only_051_large_clamp_t9,patch_only,89,0.932607,0.032000,0.000000e+00,0.000000e+00,749,0.021333,0.000000e+00,0.042667,6.233229e-07,0.000000e+00,203,1,0,1,1,1
011_banana,s1_duarte_mcd_011_banana_t0,duarte_mcd,1859,0.157798,,,,,,,,,4.895758e-01,606,1,0,1,1,0
011_banana,s1_duarte_mcd_011_banana_t1,duarte_mcd,1359,0.731755,,,,,,,,,3.517380e-01,548,1,0,1,1,1
011_banana,s1_duarte_mcd_011_banana_t2,duarte_mcd,1810,0.316040,,,,,,,,,1.122832e+00,1281,1,0,1,1,1
011_banana,s1_duarte_mcd_011_banana_t3,duarte_mcd,1812,0.347072,,,,,,,,,1.796377e-02,179,1,0,1,1,1
011_banana,s1_duarte_mcd_011_banana_t4,duarte_mcd,1729,0.415969,,,,,,,,,2.165287e-01,295,1,0,1,1,0
011_banana,s1_duarte_mcd_011_banana_t5,duarte_mcd,1878,0.256821,,,,,,,,,3.431947e-01,301,1,0,1,1,0
011_banana,s1_duarte_mcd_011_banana_t6,duarte_mcd,1440,0.508024,,,,,,,,,1.635898e+00,983,1,0,1,1,0
011_banana,s1_duarte_mcd_011_banana_t7,duarte_mcd,1556,0.561376,,,,,,,,,5.068417e-01,611,1,0,1,1,1
011_banana,s1_duarte_mcd_011_banana_t8,duarte_mcd,1202,0.746326,,,,,,,,,1.893568e-01,220,1,0,1,1,0
011_banana,s1_duarte_mcd_011_banana_t9,duarte_mcd,1698,0.387677,,,,,,,,,1.471785e+00,1048,1,0,1,1,0
025_mug,s2_partial_only_025_mug_t0,partial_only,315,0.837071,,,,,,,,,,,1,0,1,1,1
025_mug,s2_partial_only_025_mug_t1,partial_only,166,0.850174,,,,,,,,,,,1,0,1,1,1
025_mug,s2_partial_only_025_mug_t2,partial_only,124,0.909510,,,,,,,,,,,1,0,1,1,1
025_mug,s2_partial_only_025_mug_t3,partial_only,36,0.886973,,,,,,,,,,,1,0,1,1,0
025_mug,s2_partial_only_025_mug_t4,partial_only,118,0.888346,,,,,,,,,,,1,0,1,1,1
025_mug,s2_partial_only_025_mug_t5,partial_only,265,0.845934,,,,,,,,,,,1,0,1,1,0
025_mug,s2_partial_only_025_mug_t6,partial_only,223,0.844010,,,,,,,,,,,1,0,1,1,1
025_mug,s2_partial_only_025_mug_t7,partial_only,77,0.912162,,,,,,,,,,,1,0,1,1,0
025_mug,s2_partial_only_025_mug_t8,partial_only,143,0.858129,,,,,,,,,,,1,0,1,1,1
025_mug,s2_partial_only_025_mug_t9,partial_only,144,0.873765,,,,,,,,,,,1,0,1,1,1
006_mustard_bottle,s2_complete_only_006_mustard_bottle_t0,complete_only,0,0.898859,0.032013,8.421033e-06,2.167108e-05,2136,0.021342,3.534791e-06,0.042684,1.511857e-05,7.527410e-01,614,1,0,1,1,1
006_mustard_bottle,s2_complete_only_006_mustard_bottle_t1,complete_only,77,0.835191,0.031995,8.633371e-06,2.643830e-05,1991,0.021330,5.489562e-06,0.042660,8.731898e-06,7.332910e-01,617,1,0,1,1,1
006_mustard_bottle,s2_complete_only_006_mustard_bottle_t2,complete_only,1782,0.557350,0.006821,1.350142e-04,2.710550e-04,1224,0.004547,1.482933e-04,0.009094,1.185804e-04,6.366074e+00,2997,1,0,1,1,0
006_mustard_bottle,s2_complete_only_006_mustard_bottle_t3,complete_only,0,0.911921,0.032168,6.107917e-06,1.255327e-05,1785,0.021445,7.065014e-06,0.042891,5.171359e-06,3.359247e-01,277,1,0,1,1,1
006_mustard_bottle,s2_complete_only_006_mustard_bottle_t4,complete_only,14,0.885641,0.030795,1.675249e-05,4.861533e-05,1503,0.020530,1.408141e-05,0.041060,1.831968e-05,9.337799e-01,371,1,0,1,1,1
006_mustard_bottle,s2_complete_only_006_mustard_bottle_t5,complete_only,113,0.799993,0.031886,2.019929e-05,5.769477e-05,1943,0.021257,1.021861e-05,0.042515,2.800933e-05,9.137565e-01,802,1,0,1,1,1
006_mustard_bottle,s2_complete_only_006_mustard_bottle_t6,complete_only,0,0.900915,0.032008,3.972659e-06,6.824182e-06,1789,0.021338,4.069597e-06,0.042677,3.518860e-06,5.617552e-01,461,1,0,1,1,1
006_mustard_bottle,s2_complete_only_006_mustard_bottle_t7,complete_only,51,0.869772,0.032294,5.202158e-06,1.043981e-05,1536,0.021529,6.086316e-06,0.043058,4.333484e-06,6.358655e-01,495,1,0,1,1,1
006_mustard_bottle,s2_complete_only_006_mustard_bottle_t8,complete_only,16,0.851787,0.032000,9.262118e-06,2.824508e-05,1553,0.021333,8.185036e-06,0.042667,1.012137e-05,5.698936e-01,250,1,0,1,1,1
006_mustard_bottle,s2_complete_only_006_mustard_bottle_t9,complete_only,116,0.924269,0.018904,7.144068e-05,5.059509e-04,1198,0.012603,1.713393e-04,0.025205,6.988796e-05,6.468551e-01,297,1,0,1,1,0
051_large_clamp,s2_complete_only_051_large_clamp_t0,complete_only,7,0.950797,0.030638,0.000000e+00,0.000000e+00,757,0.020425,0.000000e+00,0.040851,0.000000e+00,0.000000e+00,209,1,0,1,1,0
051_large_clamp,s2_complete_only_051_large_clamp_t1,complete_only,0,0.963355,0.029112,0.000000e+00,0.000000e+00,624,0.019408,0.000000e+00,0.038816,0.000000e+00,0.000000e+00,161,1,0,1,1,0
051_large_clamp,s2_complete_only_051_large_clamp_t2,complete_only,1,0.969572,0.033277,2.457780e-06,1.316258e-05,1517,0.022185,1.727127e-06,0.044370,6.056392e-06,1.349926e-01,308,1,0,1,1,0
051_large_clamp,s2_complete_only_051_large_clamp_t3,complete_only,7,0.950245,0.031855,3.665749e-05,1.485698e-04,2131,0.021237,2.382951e-05,0.042473,3.666551e-05,1.276899e+00,729,1,0,1,1,1
051_large_clamp,s2_complete_only_051_large_clamp_t4,complete_only,0,0.965039,0.029495,0.000000e+00,0.000000e+00,840,0.019664,0.000000e+00,0.039327,3.384781e-07,0.000000e+00,181,1,0,1,1,0
051_large_clamp,s2_complete_only_051_large_clamp_t5,complete_only,0,0.961438,0.027533,3.158214e-04,8.534865e-04,693,0.018356,6.867031e-04,0.036711,4.920174e-05,1.127645e+00,341,1,0,1,1,0
051_large_clamp,s2_complete_only_051_large_clamp_t6,complete_only,5,0.963113,0.030886,1.432754e-05,5.009113e-05,3063,0.020591,2.060968e-05,0.041182,1.430900e-05,4.730655e-01,392,1,0,1,1,1
051_large_clamp,s2_complete_only_051_large_clamp_t7,complete_only,34,0.860827,0.036649,1.629963e-04,1.141895e-05,1260,0.024433,2.951910e-04,0.048865,3.575874e-04,9.798955e-02,44,1,0,1,1,1
051_large_clamp,s2_complete_only_051_large_clamp_t8,complete_only,290,0.960652,0.020996,6.093226e-04,1.688543e-03,2365,0.013997,8.829887e-04,0.027994,3.514486e-04,5.773568e+00,2167,1,0,1,1,0
051_large_clamp,s2_complete_only_051_large_clamp_t9,complete_only,0,0.947483,0.030779,1.415027e-07,1.223798e-06,1024,0.020519,0.000000e+00,0.041039,2.606476e-07,0.000000e+00,228,1,0,1,1,1
011_banana,s2_complete_epi_011_banana_t0,complete_epi,1885,0.231600,0.032968,2.766285e-04,1.617512e-03,2378,0.021979,5.287234e-04,0.043957,1.926298e-04,1.911437e+00,1008,1,0,1,1,1
011_banana,s2_complete_epi_011_banana_t1,complete_epi,1882,0.183293,0.032088,3.618817e-05,1.982044e-04,2807,0.021392,7.989191e-05,0.042784,3.655373e-05,1.784744e+00,1152,1,0,1,1,1
011_banana,s2_complete_epi_011_banana_t2,complete_epi,1065,0.792337,0.032920,3.443043e-05,1.848574e-04,4272,0.021947,3.024407e-05,0.043894,4.443024e-05,1.193387e+00,835,1,0,1,1,1
011_banana,s2_complete_epi_011_banana_t3,complete_epi,1716,0.349941,0.032368,9.804611e-05,5.973633e-04,2443,0.021579,5.173502e-04,0.043157,1.058175e-04,7.463043e-01,559,1,0,1,1,0
011_banana,s2_complete_epi_011_banana_t4,complete_epi,1846,0.309197,0.031577,2.697444e-05,9.758019e-05,2561,0.021051,1.089859e-04,0.042103,2.493715e-05,2.086355e+00,1364,1,0,1,1,1
011_banana,s2_complete_epi_011_banana_t5,complete_epi,0,0.963377,0.031601,7.482506e-06,2.290172e-05,3646,0.021067,1.300104e-06,0.042134,2.177059e-05,5.357132e-01,655,0,0,1,1,
011_banana,s2_complete_epi_011_banana_t6,complete_epi,1178,0.695789,0.032368,2.555554e-06,3.092802e-06,1468,0.021579,1.270675e-06,0.043158,3.589331e-06,0.000000e+00,149,1,0,1,1,0
011_banana,s2_complete_epi_011_banana_t7,complete_epi,1744,0.362757,0.032169,1.070053e-05,5.133548e-05,1906,0.021446,7.727606e-06,0.042892,1.265291e-05,3.844000e-01,364,1,0,1,1,0
011_banana,s2_complete_epi_011_banana_t8,complete_epi,1586,0.546091,0.031571,3.079539e-05,1.369260e-04,1753,0.021047,5.161592e-05,0.042094,2.278968e-05,5.600994e-01,389,1,0,1,1,0
011_banana,s2_complete_epi_011_banana_t9,complete_epi,1702,0.445932,0.031877,2.410213e-05,7.356935e-05,3514,0.021251,1.384587e-05,0.042503,3.563505e-05,5.658161e-01,656,1,0,1,1,0
025_mug,s2_epi_score_025_mug_t0,epi_score,208,0.897475,0.020731,1.012733e-06,1.751733e-06,585,0.013821,1.074511e-06,0.027641,9.694157e-07,1.182676e-01,188,1,0,1,1,1
025_mug,s2_epi_score_025_mug_t1,epi_score,414,0.878747,0.020381,1.010269e-06,2.055211e-06,577,0.013587,1.022125e-06,0.027175,1.077894e-06,2.072589e-01,252,1,0,1,1,0
025_mug,s2_epi_score_025_mug_t2,epi_score,1293,0.500029,0.020365,4.644502e-07,3.378417e-06,273,0.013577,3.003807e-07,0.027154,1.566605e-06,0.000000e+00,77,1,0,1,1,1
025_mug,s2_epi_score_025_mug_t3,epi_score,72,0.894228,0.021266,1.172173e-06,2.196788e-06,793,0.014178,1.103891e-06,0.028355,1.101878e-06,1.450547e-01,184,1,0,1,1,1
025_mug,s2_epi_score_025_mug_t4,epi_score,87,0.935454,0.021741,1.222553e-06,2.185103e-06,1085,0.014494,1.168866e-06,0.028987,1.406310e-06,2.037266e-01,255,1,0,1,1,1
025_mug,s2_epi_score_025_mug_t5,epi_score,543,0.851882,0.020655,9.661225e-07,1.906335e-06,600,0.013770,1.078797e-06,0.027540,1.197473e-06,3.846947e-01,457,1,0,1,1,0
025_mug,s2_epi_score_025_mug_t6,epi_score,121,0.902746,0.024909,1.310172e-06,2.601727e-06,983,0.016606,1.298632e-06,0.033212,1.357866e-06,1.687401e-01,188,1,0,1,1,1
025_mug,s2_epi_score_025_mug_t7,epi_score,441,0.827159,0.020663,1.650395e-08,0.000000e+00,230,0.013776,0.000000e+00,0.027551,1.171668e-06,0.000000e+00,101,1,0,1,1,0
025_mug,s2_epi_score_025_mug_t8,epi_score,337,0.872567,0.020539,1.061368e-06,1.909248e-06,610,0.013693,1.062451e-06,0.027386,1.111553e-06,1.558005e-01,179,1,0,1,1,1
025_mug,s2_epi_score_025_mug_t9,epi_score,42,0.949994,0.021097,9.588719e-07,2.260736e-06,559,0.014065,1.158411e-06,0.028130,1.322071e-06,2.199124e-01,257,1,0,1,1,1
006_mustard_bottle,s2_patch_only_006_mustard_bottle_t0,patch_only,924,0.596205,0.032013,3.521500e-06,2.488597e-05,2277,0.021342,3.778199e-06,0.042684,8.087962e-06,5.483794e-03,233,1,0,1,1,0
006_mustard_bottle,s2_patch_only_006_mustard_bottle_t1,patch_only,1540,0.735382,0.024196,1.091485e-07,0.000000e+00,395,0.016131,0.000000e+00,0.032262,4.629904e-07,0.000000e+00,35,1,0,1,1,0
006_mustard_bottle,s2_patch_only_006_mustard_bottle_t2,patch_only,469,0.721357,0.030252,3.405429e-06,1.259875e-05,2291,0.020168,2.058899e-06,0.040336,4.505787e-06,2.827107e-01,332,1,0,1,1,0
006_mustard_bottle,s2_patch_only_006_mustard_bottle_t3,patch_only,1448,0.398881,0.032165,1.994118e-06,1.215975e-05,802,0.021443,8.388105e-07,0.042886,3.103652e-06,0.000000e+00,35,1,0,1,1,0
006_mustard_bottle,s2_patch_only_006_mustard_bottle_t4,patch_only,714,0.776205,0.030896,4.304392e-06,2.245490e-05,1699,0.020597,3.773898e-06,0.041194,4.961016e-06,1.231061e-01,275,1,0,1,1,0
006_mustard_bottle,s2_patch_only_006_mustard_bottle_t5,patch_only,1962,0.056255,0.032313,4.986213e-06,3.403659e-05,584,0.021542,7.545858e-07,0.043085,8.877290e-06,0.000000e+00,19,1,0,1,1,0
006_mustard_bottle,s2_patch_only_006_mustard_bottle_t6,patch_only,1873,0.189750,0.031978,2.957909e-06,6.965534e-06,1443,0.021319,4.338044e-06,0.042638,2.665401e-06,0.000000e+00,91,1,0,1,1,0
006_mustard_bottle,s2_patch_only_006_mustard_bottle_t7,patch_only,1169,0.642893,0.023942,8.965797e-06,2.230485e-05,1185,0.015961,8.733820e-06,0.031922,9.110346e-06,8.218687e-01,551,1,0,1,1,0
006_mustard_bottle,s2_patch_only_006_mustard_bottle_t8,patch_only,1373,0.515077,0.032530,5.921833e-06,2.476163e-05,1481,0.021687,6.299373e-06,0.043373,7.086411e-06,1.946224e-01,342,1,0,1,1,1
006_mustard_bottle,s2_patch_only_006_mustard_bottle_t9,patch_only,1809,0.263510,0.031137,1.506515e-06,1.939575e-05,796,0.020758,0.000000e+00,0.041516,2.866531e-06,0.000000e+00,47,1,0,1,1,0
051_large_clamp,s2_patch_only_051_large_clamp_t0,patch_only,4,0.953632,0.030638,0.000000e+00,0.000000e+00,859,0.020425,0.000000e+00,0.040851,1.178221e-07,0.000000e+00,218,1,0,1,1,0
051_large_clamp,s2_patch_only_051_large_clamp_t1,patch_only,0,0.972263,0.029083,0.000000e+00,0.000000e+00,669,0.019389,0.000000e+00,0.038778,2.927166e-07,0.000000e+00,162,1,0,1,1,1
051_large_clamp,s2_patch_only_051_large_clamp_t2,patch_only,467,0.914631,0.033729,0.000000e+00,0.000000e+00,725,0.022486,0.000000e+00,0.044972,2.280093e-07,0.000000e+00,106,1,0,1,1,0
051_large_clamp,s2_patch_only_051_large_clamp_t3,patch_only,428,0.887147,0.031857,0.000000e+00,0.000000e+00,535,0.021238,0.000000e+00,0.042477,9.629699e-07,0.000000e+00,163,1,0,1,1,0
051_large_clamp,s2_patch_only_051_large_clamp_t4,patch_only,0,0.969498,0.029313,0.000000e+00,0.000000e+00,763,0.019542,0.000000e+00,0.039084,4.564968e-08,0.000000e+00,184,1,0,1,1,1
051_large_clamp,s2_patch_only_051_large_clamp_t5,patch_only,44,0.940130,0.037021,7.710519e-07,5.617115e-06,1115,0.024680,1.030420e-06,0.049361,2.051345e-06,1.521195e-01,234,1,0,1,1,1
051_large_clamp,s2_patch_only_051_large_clamp_t6,patch_only,1830,0.149150,0.030673,3.796921e-07,1.819384e-06,633,0.020449,0.000000e+00,0.040898,1.484515e-06,0.000000e+00,84,1,0,1,1,0
051_large_clamp,s2_patch_only_051_large_clamp_t7,patch_only,308,0.919531,0.030755,0.000000e+00,0.000000e+00,520,0.020503,0.000000e+00,0.041007,0.000000e+00,0.000000e+00,145,1,0,1,1,0
051_large_clamp,s2_patch_only_051_large_clamp_t8,patch_only,0,0.967042,0.029340,0.000000e+00,0.000000e+00,688,0.019560,0.000000e+00,0.039120,1.950337e-07,0.000000e+00,171,1,0,1,1,1
051_large_clamp,s2_patch_only_051_large_clamp_t9,patch_only,18,0.949828,0.030812,0.000000e+00,0.000000e+00,970,0.020542,0.000000e+00,0.041083,1.127692e-07,0.000000e+00,233,1,0,1,1,0
011_banana,s2_duarte_mcd_011_banana_t0,duarte_mcd,1820,0.260217,,,,,,,,,8.256420e-01,1042,1,0,1,1,0
011_banana,s2_duarte_mcd_011_banana_t1,duarte_mcd,1470,0.597045,,,,,,,,,3.248119e-01,445,1,0,1,1,1
011_banana,s2_duarte_mcd_011_banana_t2,duarte_mcd,1829,0.316933,,,,,,,,,2.564857e-01,237,1,0,1,1,0
011_banana,s2_duarte_mcd_011_banana_t3,duarte_mcd,1843,0.134822,,,,,,,,,3.876056e-01,663,1,0,1,1,0
011_banana,s2_duarte_mcd_011_banana_t4,duarte_mcd,1625,0.520835,,,,,,,,,4.806534e-03,183,1,0,1,1,0
011_banana,s2_duarte_mcd_011_banana_t5,duarte_mcd,1900,0.161859,,,,,,,,,8.683710e-01,742,1,0,1,1,1
011_banana,s2_duarte_mcd_011_banana_t6,duarte_mcd,1561,0.568405,,,,,,,,,8.615895e-01,962,1,0,1,1,1
011_banana,s2_duarte_mcd_011_banana_t7,duarte_mcd,1814,0.347950,,,,,,,,,1.059817e+00,1186,1,0,1,1,1
011_banana,s2_duarte_mcd_011_banana_t8,duarte_mcd,1892,0.121313,,,,,,,,,9.849476e-01,1360,1,0,1,1,1
011_banana,s2_duarte_mcd_011_banana_t9,duarte_mcd,1286,0.737601,,,,,,,,,1.038804e+00,1080,1,0,1,1,1
035_power_drill,s0_partial_only_035_power_drill_t0,partial_only,23,0.943698,,,,,,,,,,,1,0,1,1,1
035_power_drill,s0_partial_only_035_power_drill_t1,partial_only,0,0.937452,,,,,,,,,,,1,0,1,1,0
035_power_drill,s0_partial_only_035_power_drill_t2,partial_only,12,0.945296,,,,,,,,,,,1,0,1,1,1
035_power_drill,s0_partial_only_035_power_drill_t3,partial_only,26,0.939363,,,,,,,,,,,1,0,1,1,1
035_power_drill,s0_partial_only_035_power_drill_t4,partial_only,0,0.946921,,,,,,,,,,,1,0,1,1,1
035_power_drill,s0_partial_only_035_power_drill_t5,partial_only,211,0.949313,,,,,,,,,,,1,0,1,1,0
035_power_drill,s0_partial_only_035_power_drill_t6,partial_only,2,0.940490,,,,,,,,,,,1,0,1,1,1
035_power_drill,s0_partial_only_035_power_drill_t8,partial_only,24,0.946683,,,,,,,,,,,1,0,1,1,1
035_power_drill,s0_partial_only_035_power_drill_t9,partial_only,0,0.954028,,,,,,,,,,,1,0,1,1,0
021_bleach_cleanser,s0_complete_only_021_bleach_cleanser_t0,complete_only,270,0.875216,0.039125,2.019826e-04,7.022229e-04,656,0.026083,1.723323e-04,0.052167,1.662022e-04,1.791217e-01,132,1,0,1,1,1
021_bleach_cleanser,s0_complete_only_021_bleach_cleanser_t2,complete_only,92,0.917618,0.040004,1.874428e-05,7.439409e-05,1167,0.026669,1.844588e-05,0.053339,1.675012e-05,2.965123e-02,130,1,0,1,1,1
021_bleach_cleanser,s0_complete_only_021_bleach_cleanser_t3,complete_only,45,0.921518,0.039139,1.907165e-04,6.343774e-04,1085,0.026092,1.574808e-04,0.052185,1.441308e-04,2.074220e-01,136,1,0,1,1,1
021_bleach_cleanser,s0_complete_only_021_bleach_cleanser_t4,complete_only,14,0.939855,0.038931,3.954464e-05,1.853943e-04,951,0.025954,2.661211e-05,0.051908,2.173439e-05,4.810847e-02,127,1,0,1,1,1
021_bleach_cleanser,s0_complete_only_021_bleach_cleanser_t6,complete_only,79,0.933647,0.039133,3.870638e-05,3.222669e-04,985,0.026088,2.320358e-06,0.052177,4.350522e-05,0.000000e+00,124,1,0,1,1,0
021_bleach_cleanser,s0_complete_only_021_bleach_cleanser_t7,complete_only,152,0.921688,0.039412,1.477606e-06,3.660821e-06,1577,0.026274,1.313422e-06,0.052549,1.416636e-06,0.000000e+00,185,1,0,1,1,1
021_bleach_cleanser,s0_complete_only_021_bleach_cleanser_t8,complete_only,30,0.852579,0.141099,0.000000e+00,0.000000e+00,2818,0.094066,0.000000e+00,0.188133,3.800834e-07,0.000000e+00,73,1,0,1,1,1
021_bleach_cleanser,s0_complete_only_021_bleach_cleanser_t9,complete_only,13,0.934753,0.021182,7.667797e-04,1.394758e-03,996,0.014121,8.597005e-04,0.028242,5.662277e-04,2.832189e+00,794,1,0,1,1,0
005_tomato_soup_can,s0_complete_epi_005_tomato_soup_can_t0,complete_epi,12,0.874242,0.019010,5.013931e-07,1.946443e-06,407,0.012673,2.138314e-07,0.025346,6.382339e-07,2.243747e-01,629,1,0,1,1,1
005_tomato_soup_can,s0_complete_epi_005_tomato_soup_can_t1,complete_epi,63,0.862037,0.019014,7.793517e-07,1.457933e-06,609,0.012676,7.285628e-07,0.025352,8.020564e-07,2.941126e-01,729,1,0,1,1,1
005_tomato_soup_can,s0_complete_epi_005_tomato_soup_can_t2,complete_epi,126,0.853057,0.019077,8.361126e-07,1.463434e-06,672,0.012718,8.089706e-07,0.025436,8.236146e-07,3.844131e-01,770,1,0,1,1,1
005_tomato_soup_can,s0_complete_epi_005_tomato_soup_can_t3,complete_epi,12,0.890898,0.019008,7.336767e-07,1.649332e-06,544,0.012672,6.803725e-07,0.025343,7.011630e-07,3.271692e-01,749,1,0,1,1,1
005_tomato_soup_can,s0_complete_epi_005_tomato_soup_can_t4,complete_epi,56,0.876577,0.018851,6.866825e-07,1.751910e-06,471,0.012568,5.674651e-07,0.025135,7.210727e-07,3.012744e-01,712,1,0,1,1,1
005_tomato_soup_can,s0_complete_epi_005_tomato_soup_can_t5,complete_epi,21,0.881743,0.018960,7.659502e-07,1.462287e-06,636,0.012640,7.540696e-07,0.025281,7.788790e-07,3.930949e-01,812,1,0,1,1,1
005_tomato_soup_can,s0_complete_epi_005_tomato_soup_can_t6,complete_epi,138,0.856111,0.030919,1.124655e-04,4.125496e-05,2904,0.020612,8.100214e-05,0.041225,1.094981e-04,2.539875e+00,1316,1,0,1,1,0
005_tomato_soup_can,s0_complete_epi_005_tomato_soup_can_t7,complete_epi,10,0.879958,0.018803,6.016021e-07,1.543661e-06,448,0.012535,3.610060e-07,0.025071,6.796114e-07,2.635005e-01,683,1,0,1,1,1
005_tomato_soup_can,s0_complete_epi_005_tomato_soup_can_t8,complete_epi,5,0.883377,0.018831,8.044609e-07,1.625846e-06,665,0.012554,7.522664e-07,0.025108,8.118690e-07,4.020423e-01,832,1,0,1,1,1
005_tomato_soup_can,s0_complete_epi_005_tomato_soup_can_t9,complete_epi,39,0.868164,0.019139,6.855494e-07,1.426166e-06,692,0.012760,6.325962e-07,0.025519,7.327987e-07,3.205462e-01,751,1,0,1,1,1
061_foam_brick,s0_complete_epi_061_foam_brick_t0,complete_epi,788,0.861820,0.016189,3.993816e-05,3.138585e-04,896,0.010793,4.047437e-05,0.021586,3.502972e-05,1.603538e+00,1155,1,0,1,1,1
061_foam_brick,s0_complete_epi_061_foam_brick_t1,complete_epi,41,0.961340,0.016540,1.816212e-06,1.478719e-05,534,0.011026,7.885133e-06,0.022053,3.079441e-06,1.163982e+00,1453,1,0,1,1,0
061_foam_brick,s0_complete_epi_061_foam_brick_t2,complete_epi,1115,0.789872,0.016730,8.171558e-06,3.763983e-05,581,0.011154,2.868094e-06,0.022307,1.241093e-05,1.845488e+00,1034,1,0,1,1,1
061_foam_brick,s0_complete_epi_061_foam_brick_t3,complete_epi,1392,0.560731,0.016997,1.055173e-05,6.245422e-05,1021,0.011331,8.784855e-06,0.022662,1.279883e-05,1.470737e+00,1279,1,0,1,1,1
061_foam_brick,s0_complete_epi_061_foam_brick_t4,complete_epi,169,0.965253,0.016974,5.459769e-04,2.881877e-03,577,0.011316,7.461873e-04,0.022631,1.631734e-04,1.226917e+00,872,1,0,1,1,1
061_foam_brick,s0_complete_epi_061_foam_brick_t5,complete_epi,992,0.837643,0.016733,5.611501e-06,2.856491e-05,489,0.011155,7.600591e-06,0.022310,1.478400e-05,1.299690e+00,1021,1,0,1,1,1
061_foam_brick,s0_complete_epi_061_foam_brick_t6,complete_epi,1,0.959590,0.016662,7.648074e-06,1.199954e-05,504,0.011108,4.582765e-06,0.022217,3.243774e-05,1.254222e+00,922,1,0,1,1,1
061_foam_brick,s0_complete_epi_061_foam_brick_t7,complete_epi,493,0.911215,0.017214,4.803736e-07,7.861178e-07,1063,0.011476,4.744747e-07,0.022952,4.760329e-07,1.177241e+00,1955,1,0,1,1,1
061_foam_brick,s0_complete_epi_061_foam_brick_t8,complete_epi,253,0.929942,0.016991,3.103415e-06,9.905353e-06,728,0.011327,3.539836e-06,0.022654,4.379521e-06,1.605544e+00,2131,1,0,1,1,1
061_foam_brick,s0_complete_epi_061_foam_brick_t9,complete_epi,2,0.962216,0.016657,1.033678e-05,2.089819e-06,915,0.011105,1.008390e-06,0.022210,2.437834e-05,1.336662e+00,1106,1,0,1,1,1
035_power_drill,s0_epi_score_035_power_drill_t0,epi_score,302,0.877893,0.041577,7.329137e-07,0.000000e+00,503,0.027718,0.000000e+00,0.055436,8.792739e-06,0.000000e+00,142,1,0,1,1,1
035_power_drill,s0_epi_score_035_power_drill_t1,epi_score,961,0.770672,0.040033,7.747579e-07,9.006829e-06,836,0.026689,0.000000e+00,0.053377,1.072985e-05,0.000000e+00,164,1,0,1,1,0
035_power_drill,s0_epi_score_035_power_drill_t2,epi_score,547,0.799204,0.043453,1.971735e-05,0.000000e+00,501,0.028969,0.000000e+00,0.057937,7.910758e-05,0.000000e+00,101,1,0,1,1,0
035_power_drill,s0_epi_score_035_power_drill_t3,epi_score,642,0.687811,0.050910,5.368827e-06,2.935306e-05,887,0.033940,4.453712e-07,0.067880,2.675164e-05,0.000000e+00,114,1,0,1,1,1
035_power_drill,s0_epi_score_035_power_drill_t5,epi_score,764,0.831256,0.033060,5.971906e-08,0.000000e+00,657,0.022040,0.000000e+00,0.044080,1.721201e-06,0.000000e+00,197,1,0,1,1,0
035_power_drill,s0_epi_score_035_power_drill_t6,epi_score,305,0.836091,0.039350,1.771230e-06,1.025611e-05,611,0.026233,2.960137e-06,0.052466,2.144419e-06,0.000000e+00,173,1,0,1,1,1
035_power_drill,s0_epi_score_035_power_drill_t8,epi_score,335,0.814518,0.048994,5.816827e-06,0.000000e+00,584,0.032662,0.000000e+00,0.065325,4.161884e-05,0.000000e+00,38,1,0,1,1,0
035_power_drill,s0_epi_score_035_power_drill_t9,epi_score,427,0.814963,0.039535,5.054997e-08,0.000000e+00,605,0.026357,0.000000e+00,0.052713,3.326021e-06,0.000000e+00,176,1,0,1,1,1
021_bleach_cleanser,s0_patch_only_021_bleach_cleanser_t0,patch_only,1835,0.224797,0.039125,9.473288e-06,3.454883e-05,602,0.026083,0.000000e+00,0.052167,1.914326e-05,0.000000e+00,67,1,0,1,1,1
021_bleach_cleanser,s0_patch_only_021_bleach_cleanser_t1,patch_only,70,0.902409,0.040023,5.016413e-06,4.958699e-05,556,0.026682,0.000000e+00,0.053365,1.795016e-05,0.000000e+00,112,1,0,1,1,0
021_bleach_cleanser,s0_patch_only_021_bleach_cleanser_t2,patch_only,1322,0.671418,0.040088,7.245836e-06,3.900352e-05,937,0.026725,1.728876e-07,0.053450,1.197971e-05,0.000000e+00,104,1,0,1,1,1
021_bleach_cleanser,s0_patch_only_021_bleach_cleanser_t3,patch_only,1785,0.212834,0.039141,9.136792e-06,4.416327e-05,476,0.026094,0.000000e+00,0.052188,1.852301e-05,0.000000e+00,19,1,0,1,1,0
021_bleach_cleanser,s0_patch_only_021_bleach_cleanser_t4,patch_only,1125,0.586700,0.188443,1.950627e-03,4.717765e-03,5323,0.125629,1.187269e-03,0.251258,3.609583e-03,5.843034e-02,107,1,0,1,1,1
021_bleach_cleanser,s0_patch_only_021_bleach_cleanser_t5,patch_only,181,0.917504,0.017870,6.852745e-06,5.197377e-05,1826,0.011913,4.848558e-06,0.023826,1.228707e-05,2.585874e+00,811,1,0,1,1,0
021_bleach_cleanser,s0_patch_only_021_bleach_cleanser_t6,patch_only,51,0.937543,0.039143,0.000000e+00,0.000000e+00,453,0.026096,0.000000e+00,0.052191,1.061165e-06,0.000000e+00,97,1,0,1,1,1
021_bleach_cleanser,s0_patch_only_021_bleach_cleanser_t7,patch_only,1280,0.650974,0.039593,1.447398e-07,0.000000e+00,791,0.026395,0.000000e+00,0.052790,6.913721e-07,0.000000e+00,101,1,0,1,1,0
021_bleach_cleanser,s0_patch_only_021_bleach_cleanser_t8,patch_only,1415,0.524116,0.038865,1.318372e-05,1.332433e-04,775,0.025910,4.460680e-06,0.051819,2.320256e-05,0.000000e+00,84,1,0,1,1,1
021_bleach_cleanser,s0_patch_only_021_bleach_cleanser_t9,patch_only,0,0.785932,0.006158,2.711184e-05,8.172251e-05,1571,0.004106,4.283084e-05,0.008211,3.318495e-06,2.846181e+00,6399,0,0,1,1,
005_tomato_soup_can,s0_duarte_mcd_005_tomato_soup_can_t0,duarte_mcd,138,0.868375,,,,,,,,,2.356949e-01,576,1,0,1,1,1
005_tomato_soup_can,s0_duarte_mcd_005_tomato_soup_can_t1,duarte_mcd,191,0.850397,,,,,,,,,2.018765e-01,568,1,0,1,1,1
005_tomato_soup_can,s0_duarte_mcd_005_tomato_soup_can_t2,duarte_mcd,6,0.904321,,,,,,,,,6.421374e-01,845,1,0,1,1,0
005_tomato_soup_can,s0_duarte_mcd_005_tomato_soup_can_t3,duarte_mcd,57,0.870328,,,,,,,,,2.798223e-01,567,1,0,1,1,1
005_tomato_soup_can,s0_duarte_mcd_005_tomato_soup_can_t4,duarte_mcd,101,0.881311,,,,,,,,,1.986019e-01,564,1,0,1,1,1
005_tomato_soup_can,s0_duarte_mcd_005_tomato_soup_can_t5,duarte_mcd,10,0.882393,,,,,,,,,4.919662e-01,836,1,0,1,1,1
005_tomato_soup_can,s0_duarte_mcd_005_tomato_soup_can_t6,duarte_mcd,31,0.888094,,,,,,,,,3.733380e-01,795,1,0,1,1,1
005_tomato_soup_can,s0_duarte_mcd_005_tomato_soup_can_t7,duarte_mcd,52,0.871173,,,,,,,,,2.214557e-01,519,1,0,1,1,1
005_tomato_soup_can,s0_duarte_mcd_005_tomato_soup_can_t8,duarte_mcd,18,0.881571,,,,,,,,,5.107474e-01,877,1,0,1,1,1
005_tomato_soup_can,s0_duarte_mcd_005_tomato_soup_can_t9,duarte_mcd,17,0.885935,,,,,,,,,5.031524e-01,773,1,0,1,1,0
061_foam_brick,s0_duarte_mcd_061_foam_brick_t0,duarte_mcd,943,0.808452,,,,,,,,,1.048075e+00,1342,1,0,1,1,1
061_foam_brick,s0_duarte_mcd_061_foam_brick_t1,duarte_mcd,115,0.956532,,,,,,,,,4.670353e-01,835,1,0,1,1,1
061_foam_brick,s0_duarte_mcd_061_foam_brick_t2,duarte_mcd,812,0.865206,,,,,,,,,5.970659e-01,1065,1,0,1,1,1
061_foam_brick,s0_duarte_mcd_061_foam_brick_t3,duarte_mcd,1130,0.586659,,,,,,,,,0.000000e+00,105,1,0,1,1,1
061_foam_brick,s0_duarte_mcd_061_foam_brick_t4,duarte_mcd,242,0.956170,,,,,,,,,4.731437e-01,979,1,0,1,1,1
061_foam_brick,s0_duarte_mcd_061_foam_brick_t5,duarte_mcd,424,0.929545,,,,,,,,,5.733346e-01,1029,1,0,1,1,1
061_foam_brick,s0_duarte_mcd_061_foam_brick_t6,duarte_mcd,31,0.938438,,,,,,,,,6.876166e-01,1103,1,0,1,1,1
061_foam_brick,s0_duarte_mcd_061_foam_brick_t7,duarte_mcd,322,0.906308,,,,,,,,,5.896813e-01,1531,1,0,1,1,1
061_foam_brick,s0_duarte_mcd_061_foam_brick_t8,duarte_mcd,181,0.917131,,,,,,,,,6.566842e-01,1533,1,0,1,1,0
061_foam_brick,s0_duarte_mcd_061_foam_brick_t9,duarte_mcd,163,0.931839,,,,,,,,,8.336608e-01,1156,1,0,1,1,1
035_power_drill,s1_partial_only_035_power_drill_t0,partial_only,5,0.955022,,,,,,,,,,,1,0,1,1,1
035_power_drill,s1_partial_only_035_power_drill_t1,partial_only,5,0.950978,,,,,,,,,,,1,0,1,1,1
035_power_drill,s1_partial_only_035_power_drill_t2,partial_only,0,0.953796,,,,,,,,,,,1,0,1,1,1
035_power_drill,s1_partial_only_035_power_drill_t3,partial_only,297,0.870934,,,,,,,,,,,1,0,1,1,0
035_power_drill,s1_partial_only_035_power_drill_t4,partial_only,29,0.946050,,,,,,,,,,,1,0,1,1,1
035_power_drill,s1_partial_only_035_power_drill_t5,partial_only,0,0.965465,,,,,,,,,,,0,0,1,1,
035_power_drill,s1_partial_only_035_power_drill_t6,partial_only,39,0.944163,,,,,,,,,,,1,0,1,1,1
035_power_drill,s1_partial_only_035_power_drill_t7,partial_only,0,0.959922,,,,,,,,,,,1,0,1,1,1
035_power_drill,s1_partial_only_035_power_drill_t9,partial_only,56,0.940036,,,,,,,,,,,1,0,1,1,0
021_bleach_cleanser,s1_complete_only_021_bleach_cleanser_t0,complete_only,13,0.935286,0.038889,6.135293e-05,3.681457e-04,904,0.025926,6.431154e-05,0.051852,5.583857e-05,4.082652e-03,103,1,0,1,1,1
021_bleach_cleanser,s1_complete_only_021_bleach_cleanser_t2,complete_only,16,0.943784,0.039190,5.161435e-05,4.448240e-04,1126,0.026127,1.228115e-04,0.052254,3.149648e-05,2.319126e-01,137,1,0,1,1,1
021_bleach_cleanser,s1_complete_only_021_bleach_cleanser_t3,complete_only,435,0.863249,0.039626,5.228598e-05,2.134679e-04,907,0.026417,7.616884e-05,0.052834,4.341362e-05,1.150523e-01,132,1,0,1,1,1
021_bleach_cleanser,s1_complete_only_021_bleach_cleanser_t5,complete_only,112,0.939518,0.040383,1.070957e-04,7.242214e-04,1433,0.026922,1.176541e-04,0.053844,6.096299e-05,4.578335e-01,228,1,0,1,1,1
021_bleach_cleanser,s1_complete_only_021_bleach_cleanser_t6,complete_only,442,0.834903,0.039703,2.614930e-05,1.467321e-04,874,0.026468,0.000000e+00,0.052937,3.071049e-05,0.000000e+00,38,1,0,1,1,0
021_bleach_cleanser,s1_complete_only_021_bleach_cleanser_t7,complete_only,0,0.941086,0.015527,3.258788e-06,1.226013e-05,1215,0.010351,3.180289e-06,0.020702,4.381296e-06,3.963254e-01,606,1,0,1,1,0
021_bleach_cleanser,s1_complete_only_021_bleach_cleanser_t8,complete_only,68,0.901212,0.040404,1.254272e-05,1.083056e-04,1078,0.026936,1.796461e-05,0.053872,1.106177e-05,0.000000e+00,171,1,0,1,1,1
021_bleach_cleanser,s1_complete_only_021_bleach_cleanser_t9,complete_only,0,0.850090,0.622789,nan,nan,0,0.415193,nan,0.830385,nan,0.000000e+00,0,0,0,1,1,
005_tomato_soup_can,s1_complete_epi_005_tomato_soup_can_t0,complete_epi,95,0.863262,0.019058,6.177456e-07,1.752385e-06,493,0.012706,5.847428e-07,0.025411,6.096082e-07,2.739739e-01,679,1,0,1,1,1
005_tomato_soup_can,s1_complete_epi_005_tomato_soup_can_t1,complete_epi,45,0.865663,0.019050,8.254049e-07,1.433957e-06,667,0.012700,8.373300e-07,0.025399,7.897131e-07,3.954912e-01,805,1,0,1,1,1
005_tomato_soup_can,s1_complete_epi_005_tomato_soup_can_t3,complete_epi,10,0.886076,0.018833,7.973884e-07,1.664113e-06,686,0.012555,7.375645e-07,0.025111,8.560136e-07,4.876913e-01,920,1,0,1,1,1
005_tomato_soup_can,s1_complete_epi_005_tomato_soup_can_t4,complete_epi,47,0.884337,0.019099,7.934991e-07,1.518540e-06,705,0.012733,8.034281e-07,0.025466,7.967279e-07,4.940805e-01,926,1,0,1,1,1
005_tomato_soup_can,s1_complete_epi_005_tomato_soup_can_t5,complete_epi,25,0.884538,0.019009,6.657086e-07,1.696560e-06,518,0.012672,6.570301e-07,0.025345,6.342864e-07,4.523794e-01,833,1,0,1,1,1
005_tomato_soup_can,s1_complete_epi_005_tomato_soup_can_t6,complete_epi,1,0.894486,0.019034,7.291622e-07,1.858203e-06,623,0.012689,6.408215e-07,0.025378,7.656523e-07,3.663696e-01,796,1,0,1,1,1
005_tomato_soup_can,s1_complete_epi_005_tomato_soup_can_t8,complete_epi,15,0.887783,0.018781,6.265580e-07,1.695697e-06,549,0.012521,6.569860e-07,0.025042,6.595075e-07,3.031757e-01,689,1,0,1,1,1
005_tomato_soup_can,s1_complete_epi_005_tomato_soup_can_t9,complete_epi,15,0.885353,0.018791,5.993767e-07,1.275664e-06,561,0.012528,5.280675e-07,0.025055,6.272035e-07,3.108960e-01,769,1,0,1,1,1
061_foam_brick,s1_complete_epi_061_foam_brick_t0,complete_epi,1100,0.830442,0.016198,5.728500e-06,2.047148e-05,632,0.010799,4.595639e-06,0.021597,6.047280e-06,9.682145e-01,1127,1,0,1,1,1
061_foam_brick,s1_complete_epi_061_foam_brick_t1,complete_epi,1252,0.703763,0.017210,5.446988e-06,1.347606e-05,600,0.011473,3.039402e-06,0.022947,7.726055e-06,1.172577e+00,1051,1,0,1,1,1
061_foam_brick,s1_complete_epi_061_foam_brick_t2,complete_epi,670,0.890581,0.017171,7.793552e-07,1.236449e-06,949,0.011447,5.857844e-07,0.022895,1.352790e-06,1.099404e+00,1480,1,0,1,1,1
061_foam_brick,s1_complete_epi_061_foam_brick_t3,complete_epi,500,0.920238,0.016416,5.016808e-06,1.356597e-06,1154,0.010944,3.464933e-06,0.021889,5.774285e-06,1.974891e+00,1613,1,0,1,1,1
061_foam_brick,s1_complete_epi_061_foam_brick_t4,complete_epi,1172,0.718961,0.016642,4.380935e-06,1.665644e-05,794,0.011095,5.141316e-06,0.022190,5.850359e-06,1.062908e+00,1105,1,0,1,1,1
061_foam_brick,s1_complete_epi_061_foam_brick_t5,complete_epi,0,0.977235,0.016517,1.430581e-06,5.064585e-06,563,0.011012,1.952646e-06,0.022023,1.163788e-05,1.904672e+00,1036,1,0,1,1,1
061_foam_brick,s1_complete_epi_061_foam_brick_t6,complete_epi,1133,0.666390,0.017360,4.284577e-06,5.633497e-06,1090,0.011573,4.049514e-06,0.023147,5.247843e-06,3.191820e+00,2289,1,0,1,1,1
061_foam_brick,s1_complete_epi_061_foam_brick_t7,complete_epi,1186,0.740574,0.017356,4.512542e-06,1.746254e-05,498,0.011571,4.755294e-06,0.023142,8.197806e-06,1.307941e+00,887,1,0,1,1,1
061_foam_brick,s1_complete_epi_061_foam_brick_t8,complete_epi,354,0.915004,0.017047,4.521973e-07,7.253597e-07,1303,0.011365,4.687101e-07,0.022730,4.258354e-07,1.062927e+00,1974,1,0,1,1,0
061_foam_brick,s1_complete_epi_061_foam_brick_t9,complete_epi,369,0.903868,0.016248,5.196720e-06,2.084799e-06,804,0.010832,8.870781e-07,0.021665,1.908813e-05,6.482015e-01,743,1,0,1,1,1
035_power_drill,s1_epi_score_035_power_drill_t0,epi_score,918,0.725066,0.041747,5.419402e-07,3.253711e-06,646,0.027831,0.000000e+00,0.055663,9.679971e-07,0.000000e+00,89,1,0,1,1,0
035_power_drill,s1_epi_score_035_power_drill_t1,epi_score,550,0.850985,0.043893,7.489838e-06,0.000000e+00,603,0.029262,0.000000e+00,0.058524,4.719582e-05,0.000000e+00,141,1,0,1,1,0
035_power_drill,s1_epi_score_035_power_drill_t2,epi_score,1306,0.832192,0.015305,5.363448e-06,2.855069e-05,1966,0.010203,6.188547e-06,0.020406,6.760191e-06,1.981993e+00,2630,1,0,1,1,0
035_power_drill,s1_epi_score_035_power_drill_t3,epi_score,392,0.806439,0.045929,5.771406e-06,0.000000e+00,547,0.030619,0.000000e+00,0.061238,2.534133e-05,0.000000e+00,93,1,0,1,1,1
035_power_drill,s1_epi_score_035_power_drill_t4,epi_score,58,0.862508,0.174200,1.169716e-03,3.564227e-03,10624,0.116133,4.244007e-04,0.232267,2.938116e-03,0.000000e+00,459,1,0,1,1,0
035_power_drill,s1_epi_score_035_power_drill_t5,epi_score,1804,0.443113,0.015386,5.670042e-07,1.260534e-06,833,0.010258,3.869647e-07,0.020515,6.785496e-07,7.510137e-01,1363,1,0,1,1,0
035_power_drill,s1_epi_score_035_power_drill_t6,epi_score,271,0.882447,0.041976,5.063139e-07,3.797553e-06,787,0.027984,0.000000e+00,0.055968,1.860564e-06,0.000000e+00,136,1,0,1,1,1
035_power_drill,s1_epi_score_035_power_drill_t7,epi_score,570,0.805633,0.043807,1.877942e-05,0.000000e+00,519,0.029205,0.000000e+00,0.058409,7.795373e-05,0.000000e+00,102,1,0,1,1,0
035_power_drill,s1_epi_score_035_power_drill_t8,epi_score,1744,0.562125,0.013736,1.896050e-06,9.986413e-06,1199,0.009157,1.871671e-06,0.018315,2.648952e-06,1.059159e+00,1788,1,0,1,1,0
035_power_drill,s1_epi_score_035_power_drill_t9,epi_score,818,0.778978,0.034159,8.634181e-08,0.000000e+00,684,0.022773,0.000000e+00,0.045545,1.610106e-06,0.000000e+00,214,1,0,1,1,0
021_bleach_cleanser,s1_patch_only_021_bleach_cleanser_t0,patch_only,1635,0.359998,0.038889,1.319738e-05,2.334272e-05,609,0.025926,0.000000e+00,0.051852,2.541825e-05,0.000000e+00,34,1,0,1,1,1
021_bleach_cleanser,s1_patch_only_021_bleach_cleanser_t1,patch_only,1501,0.408459,0.178634,0.000000e+00,0.000000e+00,3918,0.119089,0.000000e+00,0.238178,0.000000e+00,0.000000e+00,40,1,0,1,1,0
021_bleach_cleanser,s1_patch_only_021_bleach_cleanser_t2,patch_only,120,0.912835,0.039435,1.408617e-05,0.000000e+00,531,0.026290,5.899061e-06,0.052580,2.887111e-05,0.000000e+00,91,1,0,1,1,1
021_bleach_cleanser,s1_patch_only_021_bleach_cleanser_t4,patch_only,1781,0.243428,0.039495,8.414789e-06,9.661476e-05,508,0.026330,0.000000e+00,0.052660,2.778511e-05,0.000000e+00,14,1,0,1,1,0
021_bleach_cleanser,s1_patch_only_021_bleach_cleanser_t6,patch_only,1850,0.185019,0.039470,1.605831e-05,3.627990e-06,564,0.026314,7.212199e-06,0.052627,3.944661e-05,0.000000e+00,16,1,0,1,1,0
021_bleach_cleanser,s1_patch_only_021_bleach_cleanser_t7,patch_only,187,0.878628,0.015120,0.000000e+00,0.000000e+00,407,0.010080,0.000000e+00,0.020160,6.264101e-08,1.280339e-01,424,1,0,1,1,0
021_bleach_cleanser,s1_patch_only_021_bleach_cleanser_t8,patch_only,363,0.836818,0.040366,2.300206e-06,0.000000e+00,647,0.026911,0.000000e+00,0.053822,9.537068e-06,0.000000e+00,132,1,0,1,1,1
021_bleach_cleanser,s1_patch_only_021_bleach_cleanser_t9,patch_only,860,0.617429,0.177801,7.381463e-07,0.000000e+00,2842,0.118534,0.000000e+00,0.237068,6.488792e-06,0.000000e+00,79,1,0,1,1,1
005_tomato_soup_can,s1_duarte_mcd_005_tomato_soup_can_t0,duarte_mcd,123,0.868876,,,,,,,,,2.960807e-01,623,1,0,1,1,1
005_tomato_soup_can,s1_duarte_mcd_005_tomato_soup_can_t1,duarte_mcd,13,0.879995,,,,,,,,,3.404743e-01,779,1,0,1,1,1
005_tomato_soup_can,s1_duarte_mcd_005_tomato_soup_can_t2,duarte_mcd,58,0.875391,,,,,,,,,1.534418e-01,539,1,0,1,1,1
005_tomato_soup_can,s1_duarte_mcd_005_tomato_soup_can_t3,duarte_mcd,4,0.892514,,,,,,,,,6.631461e-01,845,1,0,1,1,1
005_tomato_soup_can,s1_duarte_mcd_005_tomato_soup_can_t5,duarte_mcd,142,0.877529,,,,,,,,,2.106685e-01,568,1,0,1,1,1
005_tomato_soup_can,s1_duarte_mcd_005_tomato_soup_can_t6,duarte_mcd,46,0.881293,,,,,,,,,4.415042e-01,863,1,0,1,1,0
005_tomato_soup_can,s1_duarte_mcd_005_tomato_soup_can_t7,duarte_mcd,122,0.860386,,,,,,,,,2.014616e-01,565,1,0,1,1,1
005_tomato_soup_can,s1_duarte_mcd_005_tomato_soup_can_t8,duarte_mcd,53,0.877218,,,,,,,,,2.262341e-01,564,1,0,1,1,0
005_tomato_soup_can,s1_duarte_mcd_005_tomato_soup_can_t9,duarte_mcd,108,0.870945,,,,,,,,,3.992173e-01,731,1,0,1,1,1
061_foam_brick,s1_duarte_mcd_061_foam_brick_t0,duarte_mcd,449,0.906440,,,,,,,,,5.907599e-01,1035,1,0,1,1,1
061_foam_brick,s1_duarte_mcd_061_foam_brick_t1,duarte_mcd,955,0.821904,,,,,,,,,6.756333e-01,1274,1,0,1,1,0
061_foam_brick,s1_duarte_mcd_061_foam_brick_t2,duarte_mcd,296,0.945119,,,,,,,,,5.730081e-01,1030,1,0,1,1,1
061_foam_brick,s1_duarte_mcd_061_foam_brick_t3,duarte_mcd,111,0.902649,,,,,,,,,8.670721e-01,1765,1,0,1,1,1
061_foam_brick,s1_duarte_mcd_061_foam_brick_t4,duarte_mcd,1181,0.697983,,,,,,,,,8.861952e-01,1303,1,0,1,1,1
061_foam_brick,s1_duarte_mcd_061_foam_brick_t5,duarte_mcd,39,0.962297,,,,,,,,,4.261604e-01,726,1,0,1,1,1
061_foam_brick,s1_duarte_mcd_061_foam_brick_t6,duarte_mcd,824,0.721699,,,,,,,,,8.107605e-01,1330,1,0,1,1,1
061_foam_brick,s1_duarte_mcd_061_foam_brick_t7,duarte_mcd,879,0.864372,,,,,,,,,6.084451e-01,1034,1,0,1,1,1
061_foam_brick,s1_duarte_mcd_061_foam_brick_t8,duarte_mcd,155,0.905324,,,,,,,,,6.058225e-01,1288,1,0,1,1,1
061_foam_brick,s1_duarte_mcd_061_foam_brick_t9,duarte_mcd,424,0.922737,,,,,,,,,7.072904e-01,992,1,0,1,1,1
035_power_drill,s2_partial_only_035_power_drill_t0,partial_only,3,0.929605,,,,,,,,,,,1,0,1,1,1
035_power_drill,s2_partial_only_035_power_drill_t2,partial_only,1,0.953105,,,,,,,,,,,1,0,1,1,1
035_power_drill,s2_partial_only_035_power_drill_t3,partial_only,25,0.954296,,,,,,,,,,,1,0,1,1,1
035_power_drill,s2_partial_only_035_power_drill_t4,partial_only,0,0.952236,,,,,,,,,,,1,0,1,1,1
035_power_drill,s2_partial_only_035_power_drill_t5,partial_only,1,0.927901,,,,,,,,,,,1,0,1,1,0
035_power_drill,s2_partial_only_035_power_drill_t6,partial_only,1,0.970761,,,,,,,,,,,1,0,1,1,0
035_power_drill,s2_partial_only_035_power_drill_t7,partial_only,74,0.947935,,,,,,,,,,,1,0,1,1,1
035_power_drill,s2_partial_only_035_power_drill_t8,partial_only,0,0.954348,,,,,,,,,,,1,0,1,1,1
035_power_drill,s2_partial_only_035_power_drill_t9,partial_only,6,0.970147,,,,,,,,,,,1,0,1,1,0
021_bleach_cleanser,s2_complete_only_021_bleach_cleanser_t0,complete_only,1,0.919573,0.039332,2.953443e-05,2.292544e-04,628,0.026221,2.991062e-05,0.052442,2.683410e-05,0.000000e+00,90,1,0,1,1,1
021_bleach_cleanser,s2_complete_only_021_bleach_cleanser_t2,complete_only,18,0.860322,0.023075,1.188868e-04,2.352462e-04,1135,0.015383,1.292542e-04,0.030766,9.610091e-05,1.737635e+00,371,1,0,1,1,0
021_bleach_cleanser,s2_complete_only_021_bleach_cleanser_t3,complete_only,781,0.828171,0.039243,4.202243e-05,1.732884e-04,604,0.026162,7.443056e-05,0.052324,3.503879e-05,6.293392e-02,143,1,0,1,1,1
021_bleach_cleanser,s2_complete_only_021_bleach_cleanser_t5,complete_only,11,0.937213,0.040306,2.731354e-05,1.187792e-04,1065,0.026870,9.841599e-06,0.053741,3.599352e-05,0.000000e+00,79,1,0,1,1,0
021_bleach_cleanser,s2_complete_only_021_bleach_cleanser_t6,complete_only,2,0.922813,0.038948,2.503928e-05,6.231936e-05,968,0.025966,2.474117e-05,0.051931,1.621420e-05,1.539520e-01,129,1,0,1,1,1
021_bleach_cleanser,s2_complete_only_021_bleach_cleanser_t7,complete_only,1,0.966723,0.019601,5.597260e-06,1.024369e-05,1512,0.013068,6.208224e-06,0.026135,4.860694e-06,9.891025e-01,935,1,0,1,1,0
021_bleach_cleanser,s2_complete_only_021_bleach_cleanser_t8,complete_only,16,0.945267,0.038732,4.830577e-05,3.443213e-04,1344,0.025821,5.191156e-05,0.051643,3.713446e-05,4.998886e-01,190,1,0,1,1,1
021_bleach_cleanser,s2_complete_only_021_bleach_cleanser_t9,complete_only,13,0.913265,0.038927,5.277642e-05,3.152570e-04,1190,0.025951,5.396264e-05,0.051903,3.341224e-05,7.699592e-02,171,1,0,1,1,1
005_tomato_soup_can,s2_complete_epi_005_tomato_soup_can_t0,complete_epi,36,0.877372,0.018947,7.423674e-07,1.378439e-06,701,0.012632,6.908284e-07,0.025263,7.714308e-07,4.926632e-01,937,1,0,1,1,1
005_tomato_soup_can,s2_complete_epi_005_tomato_soup_can_t1,complete_epi,58,0.885682,0.018679,5.995715e-07,2.099846e-06,474,0.012453,4.860156e-07,0.024906,6.391558e-07,3.031949e-01,716,1,0,1,1,1
005_tomato_soup_can,s2_complete_epi_005_tomato_soup_can_t2,complete_epi,59,0.857874,0.019032,8.018298e-07,1.503636e-06,638,0.012688,7.467442e-07,0.025375,8.176550e-07,5.544331e-01,962,1,0,1,1,1
005_tomato_soup_can,s2_complete_epi_005_tomato_soup_can_t3,complete_epi,69,0.873106,0.019146,6.450821e-07,1.434088e-06,627,0.012764,7.804297e-07,0.025528,6.334246e-07,2.899537e-01,707,1,0,1,1,1
005_tomato_soup_can,s2_complete_epi_005_tomato_soup_can_t4,complete_epi,13,0.894437,0.018830,5.730143e-07,1.609977e-06,451,0.012553,3.837657e-07,0.025106,6.831506e-07,2.767261e-01,695,1,0,1,1,1
005_tomato_soup_can,s2_complete_epi_005_tomato_soup_can_t5,complete_epi,50,0.878255,0.019034,8.104829e-07,1.662693e-06,694,0.012689,7.703902e-07,0.025378,8.128195e-07,4.243792e-01,818,1,0,1,1,1
005_tomato_soup_can,s2_complete_epi_005_tomato_soup_can_t6,complete_epi,31,0.888585,0.018904,6.413651e-07,1.696913e-06,470,0.012603,4.129184e-07,0.025206,7.181913e-07,2.796529e-01,695,1,0,1,1,1
005_tomato_soup_can,s2_complete_epi_005_tomato_soup_can_t7,complete_epi,65,0.872447,0.018779,7.978044e-07,1.665590e-06,690,0.012519,7.230790e-07,0.025039,8.327690e-07,5.524278e-01,990,1,0,1,1,1
005_tomato_soup_can,s2_complete_epi_005_tomato_soup_can_t8,complete_epi,32,0.886988,0.018699,6.600426e-07,2.090096e-06,483,0.012466,6.550287e-07,0.024932,6.301250e-07,2.639550e-01,686,1,0,1,1,1
005_tomato_soup_can,s2_complete_epi_005_tomato_soup_can_t9,complete_epi,10,0.882591,0.018905,7.957622e-07,1.485323e-06,681,0.012603,7.505554e-07,0.025207,7.927735e-07,4.404162e-01,879,1,0,1,1,1
061_foam_brick,s2_complete_epi_061_foam_brick_t0,complete_epi,317,0.934564,0.017153,8.733065e-06,8.738730e-07,690,0.011435,2.725766e-05,0.022871,8.662340e-06,1.209851e+00,1471,1,0,1,1,0
061_foam_brick,s2_complete_epi_061_foam_brick_t1,complete_epi,249,0.964341,0.016678,5.732055e-06,2.823586e-05,623,0.011119,6.861782e-06,0.022238,9.140850e-06,1.485739e+00,905,1,0,1,1,1
061_foam_brick,s2_complete_epi_061_foam_brick_t2,complete_epi,222,0.961506,0.018040,2.976540e-06,2.061946e-05,1047,0.012027,7.730154e-06,0.024053,7.888136e-06,1.172991e+00,1583,1,0,1,1,0
061_foam_brick,s2_complete_epi_061_foam_brick_t3,complete_epi,1432,0.410997,0.016476,8.581596e-06,4.188267e-05,862,0.010984,1.041675e-05,0.021968,9.967694e-06,1.144461e+00,1198,1,0,1,1,1
061_foam_brick,s2_complete_epi_061_foam_brick_t4,complete_epi,401,0.951784,0.016487,8.069354e-07,1.030267e-06,720,0.010991,5.592059e-07,0.021982,8.529419e-07,1.174781e+00,1764,1,0,1,1,0
061_foam_brick,s2_complete_epi_061_foam_brick_t5,complete_epi,0,0.976379,0.016238,1.135238e-06,3.165885e-06,722,0.010826,2.108991e-06,0.021651,8.867619e-06,1.105037e+00,862,1,0,1,1,1
061_foam_brick,s2_complete_epi_061_foam_brick_t6,complete_epi,35,0.955924,0.017183,1.182887e-06,2.704095e-06,1343,0.011456,1.002411e-06,0.022911,1.743203e-06,1.509553e+00,2092,1,0,1,1,0
061_foam_brick,s2_complete_epi_061_foam_brick_t7,complete_epi,3,0.962202,0.016992,7.900355e-07,1.417062e-06,1334,0.011328,6.988479e-07,0.022656,2.689334e-06,1.694396e+00,2192,1,0,1,1,1
061_foam_brick,s2_complete_epi_061_foam_brick_t8,complete_epi,603,0.940747,0.016654,4.803301e-06,9.039230e-06,857,0.011103,2.378012e-06,0.022205,1.266510e-05,1.209232e+00,986,1,0,1,1,1
061_foam_brick,s2_complete_epi_061_foam_brick_t9,complete_epi,767,0.879514,0.016793,3.187363e-06,2.869947e-05,507,0.011195,2.163506e-05,0.022390,5.855750e-06,1.145913e+00,1620,1,0,1,1,0
035_power_drill,s2_epi_score_035_power_drill_t0,epi_score,297,0.861165,0.039149,4.943191e-06,2.773454e-05,1408,0.026099,4.125695e-06,0.052199,1.060427e-05,2.244694e-01,310,1,0,1,1,1
035_power_drill,s2_epi_score_035_power_drill_t1,epi_score,768,0.758062,0.040636,1.816579e-06,7.733328e-06,814,0.027090,0.000000e+00,0.054181,2.177423e-06,0.000000e+00,124,1,0,1,1,0
035_power_drill,s2_epi_score_035_power_drill_t2,epi_score,454,0.827837,0.042008,1.333829e-06,7.656799e-06,1098,0.028005,4.984388e-07,0.056011,2.107834e-05,0.000000e+00,184,1,0,1,1,0
035_power_drill,s2_epi_score_035_power_drill_t3,epi_score,893,0.694182,0.043526,2.165049e-06,0.000000e+00,572,0.029018,0.000000e+00,0.058035,5.458352e-05,0.000000e+00,102,1,0,1,1,0
035_power_drill,s2_epi_score_035_power_drill_t4,epi_score,414,0.735146,0.143160,8.492604e-08,0.000000e+00,3119,0.095440,0.000000e+00,0.190880,1.182496e-05,0.000000e+00,203,1,0,1,1,0
035_power_drill,s2_epi_score_035_power_drill_t5,epi_score,52,0.895423,0.039277,3.404444e-06,6.534095e-06,1000,0.026185,1.289624e-07,0.052370,4.461084e-06,0.000000e+00,169,1,0,1,1,1
035_power_drill,s2_epi_score_035_power_drill_t6,epi_score,576,0.857571,0.020567,3.636201e-06,1.538749e-05,2941,0.013711,2.458519e-06,0.027423,4.835427e-06,2.457767e+00,2049,1,0,1,1,0
035_power_drill,s2_epi_score_035_power_drill_t7,epi_score,761,0.685944,0.047154,4.276181e-07,0.000000e+00,575,0.031436,0.000000e+00,0.062872,6.247101e-06,0.000000e+00,39,1,0,1,1,1
035_power_drill,s2_epi_score_035_power_drill_t8,epi_score,119,0.880155,0.040132,3.769719e-07,3.162266e-06,769,0.026755,7.653673e-07,0.053509,1.406740e-06,0.000000e+00,134,1,0,1,1,1
035_power_drill,s2_epi_score_035_power_drill_t9,epi_score,343,0.839984,0.042569,8.799690e-06,2.929561e-05,2260,0.028379,7.365497e-06,0.056759,1.248091e-05,5.527245e-01,427,1,0,1,1,1
021_bleach_cleanser,s2_patch_only_021_bleach_cleanser_t0,patch_only,1668,0.379289,0.039332,1.073051e-06,0.000000e+00,505,0.026221,0.000000e+00,0.052442,9.638839e-06,0.000000e+00,35,1,0,1,1,1
021_bleach_cleanser,s2_patch_only_021_bleach_cleanser_t1,patch_only,122,0.903961,0.039243,4.575953e-06,1.504831e-05,477,0.026162,0.000000e+00,0.052325,2.211877e-05,0.000000e+00,35,1,0,1,1,0
021_bleach_cleanser,s2_patch_only_021_bleach_cleanser_t2,patch_only,1684,0.320256,0.022304,2.506027e-06,7.755842e-06,1197,0.014869,2.129132e-06,0.029739,4.145930e-06,2.137481e-01,228,1,0,1,1,0
021_bleach_cleanser,s2_patch_only_021_bleach_cleanser_t3,patch_only,128,0.913163,0.162545,0.000000e+00,0.000000e+00,2990,0.108363,0.000000e+00,0.216726,2.741927e-06,0.000000e+00,115,1,0,1,1,1
021_bleach_cleanser,s2_patch_only_021_bleach_cleanser_t4,patch_only,265,0.871790,0.038968,4.444153e-05,1.761284e-05,663,0.025978,2.511061e-05,0.051957,5.342591e-05,3.424979e-02,99,1,0,1,1,1
021_bleach_cleanser,s2_patch_only_021_bleach_cleanser_t5,patch_only,1871,0.190898,0.020983,2.065449e-05,1.314767e-04,2060,0.013989,1.336935e-05,0.027977,2.927780e-05,2.066048e+00,1584,1,0,1,1,0
021_bleach_cleanser,s2_patch_only_021_bleach_cleanser_t6,patch_only,998,0.755195,0.038932,2.483178e-06,1.829337e-05,1089,0.025955,1.542568e-06,0.051909,5.611725e-06,3.515618e-03,102,1,0,1,1,1
021_bleach_cleanser,s2_patch_only_021_bleach_cleanser_t7,patch_only,1431,0.582199,0.038498,1.427668e-05,9.605431e-05,1094,0.025665,2.419685e-06,0.051330,1.913949e-05,8.140173e-02,104,1,0,1,1,0
021_bleach_cleanser,s2_patch_only_021_bleach_cleanser_t8,patch_only,246,0.874197,0.038713,1.849619e-05,8.536062e-06,583,0.025809,0.000000e+00,0.051618,3.691223e-05,0.000000e+00,92,1,0,1,1,1
021_bleach_cleanser,s2_patch_only_021_bleach_cleanser_t9,patch_only,795,0.669578,0.038614,8.982417e-07,7.466592e-06,543,0.025743,0.000000e+00,0.051486,2.008995e-05,0.000000e+00,62,1,0,1,1,0
005_tomato_soup_can,s2_duarte_mcd_005_tomato_soup_can_t0,duarte_mcd,93,0.859204,,,,,,,,,2.746032e-01,661,1,0,1,1,1
005_tomato_soup_can,s2_duarte_mcd_005_tomato_soup_can_t1,duarte_mcd,11,0.897474,,,,,,,,,3.239679e-01,651,1,0,1,1,1
005_tomato_soup_can,s2_duarte_mcd_005_tomato_soup_can_t2,duarte_mcd,99,0.856599,,,,,,,,,1.478582e-01,539,1,0,1,1,1
005_tomato_soup_can,s2_duarte_mcd_005_tomato_soup_can_t3,duarte_mcd,71,0.876239,,,,,,,,,1.201475e-01,514,1,0,1,1,1
005_tomato_soup_can,s2_duarte_mcd_005_tomato_soup_can_t5,duarte_mcd,140,0.866166,,,,,,,,,3.424013e-01,591,1,0,1,1,1
005_tomato_soup_can,s2_duarte_mcd_005_tomato_soup_can_t6,duarte_mcd,115,0.873697,,,,,,,,,1.605711e-01,527,1,0,1,1,1
005_tomato_soup_can,s2_duarte_mcd_005_tomato_soup_can_t7,duarte_mcd,45,0.880059,,,,,,,,,4.226915e-01,836,1,0,1,1,1
005_tomato_soup_can,s2_duarte_mcd_005_tomato_soup_can_t8,duarte_mcd,152,0.862591,,,,,,,,,2.295474e-01,580,1,0,1,1,1
005_tomato_soup_can,s2_duarte_mcd_005_tomato_soup_can_t9,duarte_mcd,59,0.867306,,,,,,,,,4.709371e-01,877,1,0,1,1,1
061_foam_brick,s2_duarte_mcd_061_foam_brick_t0,duarte_mcd,363,0.930928,,,,,,,,,5.404724e-01,1154,1,0,1,1,0
061_foam_brick,s2_duarte_mcd_061_foam_brick_t1,duarte_mcd,65,0.964417,,,,,,,,,4.452748e-01,776,1,0,1,1,1
061_foam_brick,s2_duarte_mcd_061_foam_brick_t2,duarte_mcd,621,0.928737,,,,,,,,,5.986245e-01,1032,1,0,1,1,1
061_foam_brick,s2_duarte_mcd_061_foam_brick_t3,duarte_mcd,1264,0.696350,,,,,,,,,5.334677e-01,904,1,0,1,1,1
061_foam_brick,s2_duarte_mcd_061_foam_brick_t4,duarte_mcd,208,0.949600,,,,,,,,,4.691104e-01,849,1,0,1,1,1
061_foam_brick,s2_duarte_mcd_061_foam_brick_t5,duarte_mcd,11,0.970861,,,,,,,,,7.460832e-01,885,1,0,1,1,1
061_foam_brick,s2_duarte_mcd_061_foam_brick_t6,duarte_mcd,118,0.934296,,,,,,,,,6.820312e-01,1667,1,0,1,1,0
061_foam_brick,s2_duarte_mcd_061_foam_brick_t7,duarte_mcd,99,0.944813,,,,,,,,,5.328697e-01,1340,1,0,1,1,1
061_foam_brick,s2_duarte_mcd_061_foam_brick_t8,duarte_mcd,40,0.964608,,,,,,,,,4.583179e-01,695,1,0,1,1,1
061_foam_brick,s2_duarte_mcd_061_foam_brick_t9,duarte_mcd,859,0.839242,,,,,,,,,6.516199e-01,1137,1,0,1,1,0
011_banana,s0_partial_only_011_banana_t0,partial_only,1776,0.421550,,,,,,,,,,,1,0,1,1,0
011_banana,s0_partial_only_011_banana_t1,partial_only,1852,0.342867,,,,,,,,,,,1,0,1,1,0
011_banana,s0_partial_only_011_banana_t2,partial_only,1124,0.861053,,,,,,,,,,,1,0,1,1,1
011_banana,s0_partial_only_011_banana_t3,partial_only,1753,0.448037,,,,,,,,,,,1,0,1,1,1
011_banana,s0_partial_only_011_banana_t4,partial_only,172,0.953114,,,,,,,,,,,1,0,1,1,0
011_banana,s0_partial_only_011_banana_t5,partial_only,648,0.937840,,,,,,,,,,,1,0,1,1,1
011_banana,s0_partial_only_011_banana_t6,partial_only,1165,0.844399,,,,,,,,,,,1,0,1,1,1
011_banana,s0_partial_only_011_banana_t7,partial_only,1039,0.859444,,,,,,,,,,,1,0,1,1,0
011_banana,s0_partial_only_011_banana_t8,partial_only,778,0.922456,,,,,,,,,,,1,0,1,1,0
011_banana,s0_partial_only_011_banana_t9,partial_only,1957,0.045426,,,,,,,,,,,1,0,1,1,0
025_mug,s0_complete_only_025_mug_t0,complete_only,15,0.942119,0.020684,1.554889e-06,3.807273e-06,1158,0.013789,1.501695e-06,0.027579,1.518603e-06,5.042365e-01,500,1,0,1,1,1
025_mug,s0_complete_only_025_mug_t1,complete_only,94,0.924653,0.021125,1.737628e-06,3.449035e-06,1129,0.014083,1.750847e-06,0.028167,1.700891e-06,4.064516e-01,364,1,0,1,1,1
025_mug,s0_complete_only_025_mug_t2,complete_only,3,0.952640,0.020162,1.692173e-05,9.695637e-05,404,0.013441,9.179217e-05,0.026882,1.071227e-05,3.456385e-01,142,1,0,1,1,1
025_mug,s0_complete_only_025_mug_t3,complete_only,30,0.906667,0.023375,4.372463e-06,1.609073e-05,452,0.015583,3.251327e-06,0.031166,5.330817e-06,1.215703e-01,117,1,0,1,1,1
025_mug,s0_complete_only_025_mug_t4,complete_only,7,0.946994,0.020223,1.197558e-05,3.704960e-05,441,0.013482,1.644737e-05,0.026964,1.362850e-05,4.946870e-01,176,1,0,1,1,1
025_mug,s0_complete_only_025_mug_t5,complete_only,4,0.894574,0.020185,3.807828e-06,1.041225e-05,311,0.013457,5.271076e-06,0.026913,3.890704e-06,1.704446e-01,97,1,0,1,1,1
025_mug,s0_complete_only_025_mug_t6,complete_only,19,0.941919,0.020885,7.677787e-06,2.745489e-05,603,0.013923,1.024934e-05,0.027847,7.401631e-06,2.282131e-01,129,1,0,1,1,1
025_mug,s0_complete_only_025_mug_t7,complete_only,9,0.891488,0.020614,3.137733e-06,8.212450e-06,158,0.013743,5.523113e-06,0.027486,2.303930e-06,1.251819e-02,34,1,0,1,1,1
025_mug,s0_complete_only_025_mug_t8,complete_only,149,0.872881,0.020791,4.842526e-06,1.201573e-05,994,0.013861,7.277233e-06,0.027722,5.221689e-06,2.210730e-01,147,1,0,1,1,1
025_mug,s0_complete_only_025_mug_t9,complete_only,27,0.933699,0.020707,1.118637e-05,3.756525e-05,574,0.013805,2.553579e-05,0.027609,1.042899e-05,5.060325e-01,214,1,0,1,1,1
006_mustard_bottle,s0_complete_epi_006_mustard_bottle_t0,complete_epi,179,0.805698,0.032858,1.785465e-05,3.746736e-05,1927,0.021906,1.420924e-05,0.043811,2.034409e-05,8.534093e-01,500,1,0,1,1,1
006_mustard_bottle,s0_complete_epi_006_mustard_bottle_t1,complete_epi,119,0.794180,0.031827,8.526121e-06,2.563730e-05,2107,0.021218,7.133970e-06,0.042436,1.318606e-05,3.870424e-01,556,1,0,1,1,1
006_mustard_bottle,s0_complete_epi_006_mustard_bottle_t2,complete_epi,0,0.830393,0.031722,5.743839e-06,1.110940e-05,1569,0.021148,6.072241e-06,0.042296,5.303001e-06,4.250882e-01,394,1,0,1,1,1
006_mustard_bottle,s0_complete_epi_006_mustard_bottle_t3,complete_epi,70,0.813832,0.032538,5.759625e-06,1.422573e-05,1990,0.021692,5.694902e-06,0.043384,6.148532e-06,6.704683e-01,449,1,0,1,1,1
006_mustard_bottle,s0_complete_epi_006_mustard_bottle_t4,complete_epi,856,0.860185,0.047257,5.735220e-04,1.596555e-03,1047,0.031505,6.443439e-04,0.063009,5.166112e-04,2.364607e+00,95,1,0,1,1,0
006_mustard_bottle,s0_complete_epi_006_mustard_bottle_t5,complete_epi,102,0.790034,0.031950,6.780122e-06,1.321787e-05,1581,0.021300,6.740712e-06,0.042600,6.753024e-06,3.760758e-01,286,1,0,1,1,1
006_mustard_bottle,s0_complete_epi_006_mustard_bottle_t6,complete_epi,143,0.820140,0.032474,2.034493e-05,5.040312e-05,1912,0.021649,1.037031e-05,0.043299,2.832832e-05,8.232704e-01,593,1,0,1,1,1
006_mustard_bottle,s0_complete_epi_006_mustard_bottle_t8,complete_epi,0,0.879970,0.031891,5.447069e-06,9.858505e-06,1906,0.021260,6.265320e-06,0.042521,4.713876e-06,7.183038e-01,465,1,0,1,1,1
006_mustard_bottle,s0_complete_epi_006_mustard_bottle_t9,complete_epi,69,0.945383,0.020960,2.458281e-04,9.029307e-04,1843,0.013973,3.052792e-04,0.027946,2.133388e-04,2.827024e+00,940,1,0,1,1,0
051_large_clamp,s0_complete_epi_051_large_clamp_t0,complete_epi,6,0.949701,0.031974,1.395102e-05,0.000000e+00,732,0.021316,1.305447e-05,0.042632,1.934338e-05,0.000000e+00,153,1,0,1,1,1
051_large_clamp,s0_complete_epi_051_large_clamp_t1,complete_epi,25,0.938010,0.031085,1.712245e-07,1.340604e-06,893,0.020723,0.000000e+00,0.041447,5.499981e-07,0.000000e+00,208,1,0,1,1,0
051_large_clamp,s0_complete_epi_051_large_clamp_t2,complete_epi,19,0.970275,0.032613,9.621226e-06,2.080547e-05,1525,0.021742,4.375360e-06,0.043485,1.027951e-05,1.209505e-01,208,1,0,1,1,0
051_large_clamp,s0_complete_epi_051_large_clamp_t4,complete_epi,0,0.960909,0.030178,4.977609e-07,4.326477e-06,693,0.020119,0.000000e+00,0.040237,7.471907e-07,0.000000e+00,154,1,0,1,1,0
051_large_clamp,s0_complete_epi_051_large_clamp_t5,complete_epi,5,0.966497,0.032332,4.254259e-06,1.724451e-05,1455,0.021555,3.500940e-06,0.043109,4.628271e-06,1.098203e-01,227,1,0,1,1,1
051_large_clamp,s0_complete_epi_051_large_clamp_t6,complete_epi,16,0.953253,0.032212,1.267063e-06,0.000000e+00,818,0.021475,0.000000e+00,0.042950,3.352626e-06,0.000000e+00,165,1,0,1,1,1
051_large_clamp,s0_complete_epi_051_large_clamp_t7,complete_epi,0,0.960760,0.026080,1.496700e-05,7.816865e-05,3875,0.017387,2.239772e-05,0.034774,1.260026e-05,2.906324e+00,2388,1,0,1,1,1
051_large_clamp,s0_complete_epi_051_large_clamp_t8,complete_epi,87,0.936098,0.031341,7.345308e-07,4.931517e-06,698,0.020894,0.000000e+00,0.041787,2.748023e-06,0.000000e+00,133,1,0,1,1,1
051_large_clamp,s0_complete_epi_051_large_clamp_t9,complete_epi,15,0.953272,0.031846,3.675297e-06,6.425066e-06,775,0.021231,1.473685e-06,0.042461,8.795638e-06,0.000000e+00,134,1,0,1,1,1
011_banana,s0_epi_score_011_banana_t0,epi_score,1606,0.545649,0.032608,1.441139e-04,8.895456e-04,1229,0.021739,2.802970e-04,0.043477,1.314568e-04,3.474081e-01,269,1,0,1,1,0
011_banana,s0_epi_score_011_banana_t1,epi_score,1835,0.283856,0.031963,2.175196e-05,3.773093e-05,2867,0.021309,6.920453e-06,0.042618,3.846149e-05,1.652669e-01,187,1,0,1,1,0
011_banana,s0_epi_score_011_banana_t2,epi_score,1649,0.387400,0.030934,6.822618e-05,9.005503e-05,2199,0.020623,6.012001e-05,0.041245,7.097688e-05,8.414669e-01,650,1,0,1,1,0
011_banana,s0_epi_score_011_banana_t3,epi_score,1871,0.242600,0.032925,4.725169e-05,2.104688e-04,1363,0.021950,5.362666e-05,0.043901,5.645876e-05,1.578625e-01,76,1,0,1,1,0
011_banana,s0_epi_score_011_banana_t4,epi_score,1926,0.076561,0.030850,3.017421e-05,1.387353e-04,4307,0.020567,2.476957e-05,0.041134,3.503007e-05,7.583047e-01,732,1,0,1,1,0
011_banana,s0_epi_score_011_banana_t5,epi_score,1301,0.663535,0.032089,1.518053e-05,6.542370e-05,3073,0.021393,1.036326e-05,0.042785,2.865905e-05,6.961959e-01,570,1,0,1,1,0
011_banana,s0_epi_score_011_banana_t6,epi_score,1834,0.205817,0.031677,2.911553e-05,1.657638e-04,3749,0.021118,2.026702e-05,0.042236,5.658644e-05,5.125683e-01,559,1,0,1,1,1
011_banana,s0_epi_score_011_banana_t7,epi_score,1951,0.050859,0.026034,7.623648e-07,2.562876e-06,651,0.017356,2.982768e-07,0.034712,7.040788e-07,0.000000e+00,93,1,0,1,1,0
011_banana,s0_epi_score_011_banana_t8,epi_score,1848,0.239971,0.031428,7.277033e-05,5.374643e-04,2308,0.020952,4.578359e-05,0.041904,6.385051e-05,0.000000e+00,73,1,0,1,1,0
011_banana,s0_epi_score_011_banana_t9,epi_score,1811,0.293790,0.031374,2.022283e-04,1.248474e-03,1999,0.020916,1.395428e-03,0.041832,2.319269e-04,7.864887e-01,407,1,0,1,1,0
025_mug,s0_patch_only_025_mug_t0,patch_only,672,0.804949,0.020684,1.275199e-06,1.933015e-06,663,0.013789,1.308674e-06,0.027579,1.252823e-06,2.379501e-01,281,1,0,1,1,1
025_mug,s0_patch_only_025_mug_t1,patch_only,464,0.828088,0.021042,1.017961e-06,1.989323e-06,596,0.014028,1.133840e-06,0.028056,1.119341e-06,1.856698e-01,228,1,0,1,1,0
025_mug,s0_patch_only_025_mug_t2,patch_only,739,0.741682,0.020178,8.613725e-07,3.162138e-06,356,0.013452,7.112894e-07,0.026904,1.586445e-06,1.251604e-01,233,1,0,1,1,1
025_mug,s0_patch_only_025_mug_t3,patch_only,490,0.788417,0.021360,1.349712e-06,2.350664e-06,634,0.014240,1.481648e-06,0.028481,1.431341e-06,1.742173e-01,187,1,0,1,1,1
025_mug,s0_patch_only_025_mug_t4,patch_only,674,0.763742,0.020436,1.021333e-06,2.000931e-06,512,0.013624,1.163997e-06,0.027248,1.224319e-06,1.248490e-01,187,1,0,1,1,0
025_mug,s0_patch_only_025_mug_t5,patch_only,1810,0.271444,0.020251,9.131994e-07,1.928953e-06,324,0.013501,9.820566e-07,0.027001,9.375559e-07,6.505140e-02,181,1,0,1,1,0
025_mug,s0_patch_only_025_mug_t6,patch_only,866,0.627423,0.020917,1.151800e-06,2.930385e-06,642,0.013945,1.230645e-06,0.027890,1.327532e-06,1.911615e-01,211,1,0,1,1,0
025_mug,s0_patch_only_025_mug_t7,patch_only,1625,0.433061,0.020509,0.000000e+00,0.000000e+00,184,0.013672,0.000000e+00,0.027345,4.744220e-07,0.000000e+00,81,1,0,1,1,0
025_mug,s0_patch_only_025_mug_t8,patch_only,165,0.867376,0.020399,0.000000e+00,0.000000e+00,227,0.013599,0.000000e+00,0.027198,9.846714e-09,0.000000e+00,92,1,0,1,1,1
025_mug,s0_patch_only_025_mug_t9,patch_only,671,0.755329,0.020771,1.095288e-06,2.750992e-06,593,0.013847,1.017505e-06,0.027694,1.185087e-06,1.938211e-01,223,1,0,1,1,1
006_mustard_bottle,s0_duarte_mcd_006_mustard_bottle_t0,duarte_mcd,10,0.823243,,,,,,,,,1.725855e-01,297,1,0,1,1,1
006_mustard_bottle,s0_duarte_mcd_006_mustard_bottle_t1,duarte_mcd,1,0.905052,,,,,,,,,2.958099e-01,571,1,0,1,1,1
006_mustard_bottle,s0_duarte_mcd_006_mustard_bottle_t2,duarte_mcd,43,0.934009,,,,,,,,,4.697964e-01,987,1,0,1,1,1
006_mustard_bottle,s0_duarte_mcd_006_mustard_bottle_t3,duarte_mcd,3,0.880755,,,,,,,,,3.750483e-01,435,1,0,1,1,1
006_mustard_bottle,s0_duarte_mcd_006_mustard_bottle_t4,duarte_mcd,361,0.873854,,,,,,,,,5.411802e-02,237,1,0,1,1,1
006_mustard_bottle,s0_duarte_mcd_006_mustard_bottle_t5,duarte_mcd,72,0.853833,,,,,,,,,1.722545e-01,356,1,0,1,1,1
006_mustard_bottle,s0_duarte_mcd_006_mustard_bottle_t7,duarte_mcd,77,0.942292,,,,,,,,,1.087604e-01,437,1,0,1,1,1
006_mustard_bottle,s0_duarte_mcd_006_mustard_bottle_t8,duarte_mcd,18,0.859889,,,,,,,,,3.432749e-01,344,1,0,1,1,1
006_mustard_bottle,s0_duarte_mcd_006_mustard_bottle_t9,duarte_mcd,84,0.879716,,,,,,,,,4.605108e-01,634,1,0,1,1,1
051_large_clamp,s0_duarte_mcd_051_large_clamp_t0,duarte_mcd,52,0.940704,,,,,,,,,0.000000e+00,140,1,0,1,1,1
051_large_clamp,s0_duarte_mcd_051_large_clamp_t2,duarte_mcd,3,0.970889,,,,,,,,,1.984763e-02,167,1,0,1,1,0
051_large_clamp,s0_duarte_mcd_051_large_clamp_t3,duarte_mcd,931,0.616306,,,,,,,,,2.589143e-01,57,1,0,1,1,0
051_large_clamp,s0_duarte_mcd_051_large_clamp_t4,duarte_mcd,0,0.963589,,,,,,,,,0.000000e+00,146,1,0,1,1,0
051_large_clamp,s0_duarte_mcd_051_large_clamp_t5,duarte_mcd,6,0.963579,,,,,,,,,1.590771e-01,223,1,0,1,1,0
051_large_clamp,s0_duarte_mcd_051_large_clamp_t6,duarte_mcd,0,0.967319,,,,,,,,,0.000000e+00,155,1,0,1,1,1
051_large_clamp,s0_duarte_mcd_051_large_clamp_t7,duarte_mcd,571,0.769089,,,,,,,,,0.000000e+00,47,1,0,1,1,0
051_large_clamp,s0_duarte_mcd_051_large_clamp_t8,duarte_mcd,117,0.926104,,,,,,,,,0.000000e+00,137,1,0,1,1,1
051_large_clamp,s0_duarte_mcd_051_large_clamp_t9,duarte_mcd,2,0.962857,,,,,,,,,0.000000e+00,152,1,0,1,1,1
011_banana,s1_partial_only_011_banana_t0,partial_only,26,0.968980,,,,,,,,,,,1,0,1,1,1
011_banana,s1_partial_only_011_banana_t1,partial_only,1214,0.810356,,,,,,,,,,,1,0,1,1,1
011_banana,s1_partial_only_011_banana_t2,partial_only,963,0.892232,,,,,,,,,,,1,0,1,1,1
011_banana,s1_partial_only_011_banana_t3,partial_only,480,0.946337,,,,,,,,,,,1,0,1,1,1
011_banana,s1_partial_only_011_banana_t4,partial_only,1225,0.793494,,,,,,,,,,,1,0,1,1,1
011_banana,s1_partial_only_011_banana_t5,partial_only,1420,0.687925,,,,,,,,,,,1,0,1,1,1
011_banana,s1_partial_only_011_banana_t6,partial_only,300,0.956845,,,,,,,,,,,1,0,1,1,1
011_banana,s1_partial_only_011_banana_t7,partial_only,1838,0.310344,,,,,,,,,,,1,0,1,1,0
011_banana,s1_partial_only_011_banana_t8,partial_only,1212,0.841987,,,,,,,,,,,1,0,1,1,1
011_banana,s1_partial_only_011_banana_t9,partial_only,970,0.914993,,,,,,,,,,,1,0,1,1,1
025_mug,s1_complete_only_025_mug_t0,complete_only,70,0.887700,0.019955,2.947488e-06,6.839410e-06,568,0.013303,2.531341e-06,0.026607,2.764464e-06,2.163753e-01,159,1,0,1,1,1
025_mug,s1_complete_only_025_mug_t1,complete_only,3,0.941384,0.020138,3.501572e-06,8.743186e-06,727,0.013425,3.615705e-06,0.026851,3.539046e-06,2.305579e-01,139,1,0,1,1,0
025_mug,s1_complete_only_025_mug_t3,complete_only,76,0.911394,0.020290,1.427394e-06,1.917659e-06,1330,0.013527,1.476715e-06,0.027053,1.381808e-06,3.383568e-01,380,1,0,1,1,0
025_mug,s1_complete_only_025_mug_t4,complete_only,1,0.948834,0.022209,1.178127e-05,5.191417e-05,436,0.014806,2.632089e-05,0.029612,2.181767e-05,2.859553e-01,143,1,0,1,1,1
025_mug,s1_complete_only_025_mug_t5,complete_only,525,0.656926,0.020522,2.342433e-06,1.009376e-05,394,0.013682,1.983712e-06,0.027363,2.740822e-06,2.023051e-01,216,1,0,1,1,0
025_mug,s1_complete_only_025_mug_t6,complete_only,120,0.923777,0.020175,2.438593e-06,6.731954e-06,606,0.013450,2.253828e-06,0.026900,2.716298e-06,3.257106e-01,255,1,0,1,1,1
025_mug,s1_complete_only_025_mug_t7,complete_only,21,0.945808,0.020658,2.900403e-06,7.499363e-06,885,0.013772,2.888461e-06,0.027544,2.597257e-06,3.236485e-01,283,1,0,1,1,1
025_mug,s1_complete_only_025_mug_t9,complete_only,135,0.909767,0.020907,6.593412e-06,2.665310e-05,711,0.013938,9.903029e-06,0.027876,6.661998e-06,3.323742e-01,239,1,0,1,1,1
006_mustard_bottle,s1_complete_epi_006_mustard_bottle_t0,complete_epi,0,0.878446,0.031806,7.280877e-06,1.934789e-05,1539,0.021204,7.320662e-06,0.042408,7.996575e-06,5.886614e-02,227,1,0,1,1,1
006_mustard_bottle,s1_complete_epi_006_mustard_bottle_t1,complete_epi,9,0.827318,0.031826,6.536301e-06,1.813250e-05,1176,0.021218,9.516758e-06,0.042435,5.542360e-06,1.675121e-01,209,1,0,1,1,1
006_mustard_bottle,s1_complete_epi_006_mustard_bottle_t2,complete_epi,10,0.913311,0.030242,7.277554e-06,2.925849e-05,1399,0.020161,6.040244e-06,0.040322,8.047725e-06,8.646906e-01,361,1,0,1,1,0
006_mustard_bottle,s1_complete_epi_006_mustard_bottle_t3,complete_epi,1,0.855735,0.031700,6.107283e-06,1.252623e-05,1780,0.021133,7.340907e-06,0.042267,5.238752e-06,5.524099e-01,402,1,0,1,1,1
006_mustard_bottle,s1_complete_epi_006_mustard_bottle_t4,complete_epi,0,0.894100,0.032431,7.982792e-06,1.598928e-05,1727,0.021621,7.933829e-06,0.043241,7.336195e-06,6.453164e-01,453,1,0,1,1,1
006_mustard_bottle,s1_complete_epi_006_mustard_bottle_t5,complete_epi,81,0.834236,0.033046,1.978061e-05,6.434378e-05,2009,0.022030,1.123900e-05,0.044061,2.825148e-05,1.057567e+00,798,1,0,1,1,1
006_mustard_bottle,s1_complete_epi_006_mustard_bottle_t7,complete_epi,0,0.857254,0.032518,7.725321e-06,1.782581e-05,1769,0.021678,8.238185e-06,0.043357,7.555409e-06,2.760097e-01,289,1,0,1,1,1
006_mustard_bottle,s1_complete_epi_006_mustard_bottle_t8,complete_epi,548,0.823623,0.053819,2.303040e-04,8.538609e-04,6147,0.035880,1.811692e-04,0.071759,3.912318e-04,1.636001e+00,712,1,0,1,1,1
006_mustard_bottle,s1_complete_epi_006_mustard_bottle_t9,complete_epi,364,0.776079,0.032136,1.820214e-05,5.387359e-05,1801,0.021424,1.737106e-05,0.042848,2.179933e-05,9.070142e-01,568,1,0,1,1,1
051_large_clamp,s1_complete_epi_051_large_clamp_t0,complete_epi,5,0.957635,0.029898,1.250026e-06,4.112047e-06,1412,0.019932,1.440231e-06,0.039864,1.134042e-06,7.682342e-02,196,1,0,1,1,1
051_large_clamp,s1_complete_epi_051_large_clamp_t1,complete_epi,27,0.960006,0.032546,1.453237e-06,8.159284e-06,1313,0.021697,1.198400e-06,0.043394,1.948739e-06,1.259290e-01,269,1,0,1,1,1
051_large_clamp,s1_complete_epi_051_large_clamp_t2,complete_epi,0,0.965974,0.029801,0.000000e+00,0.000000e+00,813,0.019867,0.000000e+00,0.039735,0.000000e+00,0.000000e+00,200,1,0,1,1,0
051_large_clamp,s1_complete_epi_051_large_clamp_t3,complete_epi,66,0.936462,0.031450,1.442653e-07,0.000000e+00,688,0.020967,0.000000e+00,0.041933,3.517735e-06,0.000000e+00,136,1,0,1,1,1
051_large_clamp,s1_complete_epi_051_large_clamp_t4,complete_epi,9,0.952866,0.032246,2.201890e-05,9.824887e-05,2659,0.021497,1.472041e-05,0.042995,2.479227e-05,1.486287e+00,873,1,0,1,1,1
051_large_clamp,s1_complete_epi_051_large_clamp_t5,complete_epi,0,0.960521,0.032477,5.232515e-06,2.592606e-05,1750,0.021652,6.854694e-06,0.043303,9.955738e-06,5.287816e-01,379,1,0,1,1,1
051_large_clamp,s1_complete_epi_051_large_clamp_t6,complete_epi,8,0.960187,0.030044,4.588837e-07,1.217915e-06,936,0.020029,0.000000e+00,0.040059,5.846317e-07,0.000000e+00,137,1,0,1,1,1
051_large_clamp,s1_complete_epi_051_large_clamp_t7,complete_epi,2,0.970712,0.032235,2.774773e-06,7.502778e-06,1800,0.021490,3.380637e-06,0.042980,2.485806e-06,3.362565e-01,366,1,0,1,1,1
051_large_clamp,s1_complete_epi_051_large_clamp_t9,complete_epi,0,0.960454,0.031941,2.526824e-06,0.000000e+00,836,0.021294,7.766715e-07,0.042588,3.641285e-06,0.000000e+00,163,1,0,1,1,1
011_banana,s1_epi_score_011_banana_t0,epi_score,1944,0.053751,0.032232,1.858909e-05,7.551537e-05,1891,0.021488,1.404051e-05,0.042976,2.820427e-05,1.005392e-01,119,1,0,1,1,0
011_banana,s1_epi_score_011_banana_t1,epi_score,1390,0.626378,0.031773,9.581850e-05,4.330100e-04,1973,0.021182,2.055051e-04,0.042363,8.960527e-05,9.866465e-01,625,1,0,1,1,0
011_banana,s1_epi_score_011_banana_t2,epi_score,1911,0.141832,0.031780,1.849376e-05,5.609895e-05,3346,0.021187,4.196096e-05,0.042374,1.908908e-05,1.639550e+00,1113,1,0,1,1,1
011_banana,s1_epi_score_011_banana_t3,epi_score,1843,0.302564,0.031616,6.599352e-05,3.497614e-04,1454,0.021077,1.219750e-04,0.042154,6.501300e-05,8.510869e-01,542,1,0,1,1,1
011_banana,s1_epi_score_011_banana_t4,epi_score,1546,0.502725,0.032850,1.307529e-04,7.654528e-04,2226,0.021900,5.079807e-04,0.043799,1.500951e-04,1.378504e+00,703,1,0,1,1,0
011_banana,s1_epi_score_011_banana_t5,epi_score,1938,0.054539,0.031790,5.406751e-05,3.484495e-04,3788,0.021194,4.031848e-05,0.042387,6.917329e-05,1.512172e+00,960,1,0,1,1,1
011_banana,s1_epi_score_011_banana_t6,epi_score,1957,0.035695,0.032907,2.304442e-05,1.647865e-04,4715,0.021938,1.448519e-05,0.043875,3.640142e-05,8.492327e-01,572,1,0,1,1,0
011_banana,s1_epi_score_011_banana_t7,epi_score,1412,0.587877,0.031290,3.353448e-05,5.135040e-05,2713,0.020860,2.088971e-05,0.041720,4.638117e-05,3.674151e-01,348,1,0,1,1,0
011_banana,s1_epi_score_011_banana_t8,epi_score,1932,0.123239,0.031466,4.288381e-06,1.215623e-05,2999,0.020977,4.181295e-06,0.041954,5.031355e-06,1.914169e-01,263,1,0,1,1,0
011_banana,s1_epi_score_011_banana_t9,epi_score,1668,0.431021,0.032202,1.691143e-04,5.310009e-04,1667,0.021468,2.507854e-04,0.042937,1.657614e-04,6.008034e-01,337,1,0,1,1,0
025_mug,s1_patch_only_025_mug_t0,patch_only,1401,0.474380,0.019955,1.036983e-06,2.186018e-06,473,0.013303,1.097607e-06,0.026607,1.039400e-06,2.121900e-01,260,1,0,1,1,0
025_mug,s1_patch_only_025_mug_t1,patch_only,712,0.723112,0.020060,9.887957e-07,4.171181e-06,335,0.013373,1.055635e-06,0.026746,1.431611e-06,1.825343e-01,232,1,0,1,1,1
025_mug,s1_patch_only_025_mug_t3,patch_only,97,0.901900,0.020271,0.000000e+00,0.000000e+00,210,0.013514,0.000000e+00,0.027028,1.970486e-07,0.000000e+00,74,1,0,1,1,1
025_mug,s1_patch_only_025_mug_t4,patch_only,132,0.917507,0.021732,1.211476e-06,2.063740e-06,882,0.014488,1.131877e-06,0.028976,1.357177e-06,3.513419e-01,368,1,0,1,1,0
025_mug,s1_patch_only_025_mug_t5,patch_only,499,0.787290,0.019812,1.799982e-06,5.925828e-06,408,0.013208,1.554121e-06,0.026416,1.852382e-06,1.773947e-01,179,1,0,1,1,0
025_mug,s1_patch_only_025_mug_t6,patch_only,699,0.714810,0.020405,0.000000e+00,0.000000e+00,186,0.013603,0.000000e+00,0.027206,6.774896e-07,2.055482e-02,90,1,0,1,1,1
025_mug,s1_patch_only_025_mug_t7,patch_only,950,0.554347,0.020209,9.718457e-07,1.624995e-06,384,0.013473,1.052706e-06,0.026946,1.421601e-06,4.691084e-01,566,1,0,1,1,0
025_mug,s1_patch_only_025_mug_t8,patch_only,879,0.649937,0.025195,1.098134e-06,2.285688e-06,996,0.016797,9.829170e-07,0.033593,1.216001e-06,3.440131e-01,446,1,0,1,1,0
025_mug,s1_patch_only_025_mug_t9,patch_only,853,0.613378,0.020902,1.186260e-06,2.320078e-06,610,0.013935,1.233198e-06,0.027869,1.396988e-06,3.796816e-01,400,1,0,1,1,0
006_mustard_bottle,s1_duarte_mcd_006_mustard_bottle_t0,duarte_mcd,330,0.863226,,,,,,,,,8.393584e-02,237,1,0,1,1,1
006_mustard_bottle,s1_duarte_mcd_006_mustard_bottle_t1,duarte_mcd,97,0.873813,,,,,,,,,1.254432e-01,211,1,0,1,1,0
006_mustard_bottle,s1_duarte_mcd_006_mustard_bottle_t2,duarte_mcd,25,0.945285,,,,,,,,,2.132191e-01,351,1,0,1,1,1
006_mustard_bottle,s1_duarte_mcd_006_mustard_bottle_t3,duarte_mcd,12,0.886922,,,,,,,,,1.028891e-01,242,1,0,1,1,1
006_mustard_bottle,s1_duarte_mcd_006_mustard_bottle_t4,duarte_mcd,111,0.893907,,,,,,,,,1.012832e-01,201,1,0,1,1,1
006_mustard_bottle,s1_duarte_mcd_006_mustard_bottle_t5,duarte_mcd,3,0.898503,,,,,,,,,1.164819e-01,351,1,0,1,1,1
006_mustard_bottle,s1_duarte_mcd_006_mustard_bottle_t6,duarte_mcd,4,0.927526,,,,,,,,,2.465920e-01,296,1,0,1,1,1
006_mustard_bottle,s1_duarte_mcd_006_mustard_bottle_t7,duarte_mcd,217,0.875541,,,,,,,,,1.613254e-01,282,1,0,1,1,1
006_mustard_bottle,s1_duarte_mcd_006_mustard_bottle_t8,duarte_mcd,41,0.935486,,,,,,,,,0.000000e+00,180,1,0,1,1,1
006_mustard_bottle,s1_duarte_mcd_006_mustard_bottle_t9,duarte_mcd,86,0.850652,,,,,,,,,2.260505e-01,346,1,0,1,1,1
051_large_clamp,s1_duarte_mcd_051_large_clamp_t0,duarte_mcd,1,0.968254,,,,,,,,,0.000000e+00,157,1,0,1,1,0
051_large_clamp,s1_duarte_mcd_051_large_clamp_t1,duarte_mcd,18,0.961633,,,,,,,,,3.763682e-02,187,1,0,1,1,0
051_large_clamp,s1_duarte_mcd_051_large_clamp_t2,duarte_mcd,0,0.968897,,,,,,,,,0.000000e+00,208,1,0,1,1,0
051_large_clamp,s1_duarte_mcd_051_large_clamp_t3,duarte_mcd,14,0.941589,,,,,,,,,0.000000e+00,134,1,0,1,1,0
051_large_clamp,s1_duarte_mcd_051_large_clamp_t4,duarte_mcd,5,0.922430,,,,,,,,,6.330692e-02,182,1,0,1,1,0
051_large_clamp,s1_duarte_mcd_051_large_clamp_t5,duarte_mcd,4,0.961786,,,,,,,,,5.948934e-03,180,1,0,1,1,0
051_large_clamp,s1_duarte_mcd_051_large_clamp_t6,duarte_mcd,9,0.960405,,,,,,,,,0.000000e+00,139,1,0,1,1,0
051_large_clamp,s1_duarte_mcd_051_large_clamp_t7,duarte_mcd,3,0.969579,,,,,,,,,7.192457e-02,247,1,0,1,1,1
051_large_clamp,s1_duarte_mcd_051_large_clamp_t8,duarte_mcd,0,0.803533,,,,,,,,,1.578901e+00,8106,0,0,1,1,
051_large_clamp,s1_duarte_mcd_051_large_clamp_t9,duarte_mcd,0,0.974860,,,,,,,,,0.000000e+00,161,1,0,1,1,1
011_banana,s2_partial_only_011_banana_t0,partial_only,443,0.955136,,,,,,,,,,,1,0,1,1,0
011_banana,s2_partial_only_011_banana_t1,partial_only,471,0.944603,,,,,,,,,,,1,0,1,1,1
011_banana,s2_partial_only_011_banana_t2,partial_only,1005,0.890143,,,,,,,,,,,1,0,1,1,1
011_banana,s2_partial_only_011_banana_t3,partial_only,1182,0.833068,,,,,,,,,,,1,0,1,1,1
011_banana,s2_partial_only_011_banana_t4,partial_only,1568,0.678066,,,,,,,,,,,1,0,1,1,0
011_banana,s2_partial_only_011_banana_t5,partial_only,1549,0.692560,,,,,,,,,,,1,0,1,1,0
011_banana,s2_partial_only_011_banana_t6,partial_only,1636,0.554938,,,,,,,,,,,1,0,1,1,0
011_banana,s2_partial_only_011_banana_t7,partial_only,1009,0.894248,,,,,,,,,,,1,0,1,1,1
011_banana,s2_partial_only_011_banana_t8,partial_only,919,0.911664,,,,,,,,,,,1,0,1,1,1
011_banana,s2_partial_only_011_banana_t9,partial_only,457,0.952874,,,,,,,,,,,1,0,1,1,1
025_mug,s2_complete_only_025_mug_t0,complete_only,65,0.924891,0.020731,1.246140e-05,2.448250e-05,434,0.013821,1.754734e-05,0.027641,1.057583e-05,1.780882e-01,95,1,0,1,1,1
025_mug,s2_complete_only_025_mug_t1,complete_only,37,0.939822,0.020906,1.708600e-05,5.747393e-05,518,0.013937,2.699662e-05,0.027874,1.755322e-05,3.309834e-01,135,1,0,1,1,1
025_mug,s2_complete_only_025_mug_t2,complete_only,569,0.695450,0.020294,1.875510e-06,6.374245e-06,472,0.013530,1.980837e-06,0.027059,1.670562e-06,1.052667e-01,145,1,0,1,1,0
025_mug,s2_complete_only_025_mug_t3,complete_only,64,0.932875,0.022019,9.702345e-06,2.221198e-05,925,0.014679,3.586571e-06,0.029359,1.400871e-05,2.125745e-01,129,1,0,1,1,1
025_mug,s2_complete_only_025_mug_t5,complete_only,80,0.936187,0.020748,1.909433e-05,6.427036e-05,618,0.013832,3.987145e-05,0.027664,1.646569e-05,6.087769e-01,236,1,0,1,1,1
025_mug,s2_complete_only_025_mug_t6,complete_only,27,0.931319,0.024797,4.742525e-06,1.860670e-05,547,0.016531,4.603324e-06,0.033062,4.932353e-06,2.103434e-01,131,1,0,1,1,1
025_mug,s2_complete_only_025_mug_t7,complete_only,15,0.947487,0.020934,1.151111e-06,1.796692e-06,711,0.013956,9.911319e-07,0.027912,1.233612e-06,8.456941e-02,125,1,0,1,1,1
025_mug,s2_complete_only_025_mug_t8,complete_only,94,0.914417,0.020086,2.590374e-05,9.232851e-05,455,0.013391,2.359286e-05,0.026782,2.158450e-05,5.082835e-01,206,1,0,1,1,1
025_mug,s2_complete_only_025_mug_t9,complete_only,35,0.942347,0.021114,1.387160e-06,2.389227e-06,1126,0.014076,1.472936e-06,0.028152,1.348218e-06,2.459626e-01,285,1,0,1,1,1
006_mustard_bottle,s2_complete_epi_006_mustard_bottle_t0,complete_epi,0,0.904079,0.032013,5.207440e-06,2.507314e-05,2253,0.021342,4.480662e-06,0.042684,1.346604e-05,4.113168e-01,564,1,0,1,1,1
006_mustard_bottle,s2_complete_epi_006_mustard_bottle_t1,complete_epi,53,0.861122,0.031707,6.294111e-06,2.099568e-05,1894,0.021138,4.224854e-06,0.042276,6.930790e-06,2.385486e-01,378,1,0,1,1,1
006_mustard_bottle,s2_complete_epi_006_mustard_bottle_t2,complete_epi,6,0.856324,0.030066,8.060948e-06,2.654373e-05,1577,0.020044,6.918756e-06,0.040088,8.703609e-06,7.160119e-01,377,1,0,1,1,1
006_mustard_bottle,s2_complete_epi_006_mustard_bottle_t3,complete_epi,0,0.893337,0.031683,7.302250e-06,1.309611e-05,1382,0.021122,8.131199e-06,0.042244,6.502184e-06,4.384178e-01,361,1,0,1,1,1
006_mustard_bottle,s2_complete_epi_006_mustard_bottle_t4,complete_epi,4,0.904836,0.030683,1.251873e-05,3.795549e-05,1682,0.020456,9.814932e-06,0.040911,1.549316e-05,7.542354e-01,315,1,0,1,1,1
006_mustard_bottle,s2_complete_epi_006_mustard_bottle_t5,complete_epi,191,0.805992,0.031996,3.202173e-05,1.110128e-04,1879,0.021331,2.235463e-05,0.042661,5.432757e-05,1.301527e+00,866,1,0,1,1,1
006_mustard_bottle,s2_complete_epi_006_mustard_bottle_t6,complete_epi,1185,0.376070,0.046507,3.359341e-05,5.197859e-05,1599,0.031005,2.080007e-05,0.062009,4.340310e-05,7.716065e-01,376,1,0,1,1,0
006_mustard_bottle,s2_complete_epi_006_mustard_bottle_t7,complete_epi,43,0.882430,0.031137,5.980734e-06,1.556903e-05,1644,0.020758,6.169548e-06,0.041516,5.229382e-06,6.138679e-01,448,1,0,1,1,0
006_mustard_bottle,s2_complete_epi_006_mustard_bottle_t8,complete_epi,169,0.830482,0.032219,1.061194e-05,3.906575e-05,1902,0.021479,7.665260e-06,0.042958,9.944622e-06,5.590355e-01,506,1,0,1,1,1
006_mustard_bottle,s2_complete_epi_006_mustard_bottle_t9,complete_epi,2,0.920670,0.031131,7.815261e-06,2.882483e-05,1868,0.020754,5.890049e-06,0.041508,1.381901e-05,8.513663e-01,752,1,0,1,1,1
051_large_clamp,s2_complete_epi_051_large_clamp_t0,complete_epi,6,0.950656,0.030638,1.528574e-07,1.283278e-06,995,0.020425,0.000000e+00,0.040851,1.872312e-07,0.000000e+00,215,1,0,1,1,0
051_large_clamp,s2_complete_epi_051_large_clamp_t1,complete_epi,0,0.968315,0.029109,0.000000e+00,0.000000e+00,679,0.019406,0.000000e+00,0.038812,0.000000e+00,0.000000e+00,159,1,0,1,1,1
051_large_clamp,s2_complete_epi_051_large_clamp_t2,complete_epi,9,0.967603,0.033640,2.330807e-06,8.989718e-06,1984,0.022427,1.179491e-06,0.044853,4.396800e-06,1.856748e-01,327,1,0,1,1,0
051_large_clamp,s2_complete_epi_051_large_clamp_t3,complete_epi,29,0.943185,0.031850,3.422458e-06,1.173649e-05,810,0.021233,1.761439e-06,0.042466,5.476799e-06,0.000000e+00,149,1,0,1,1,1
051_large_clamp,s2_complete_epi_051_large_clamp_t4,complete_epi,0,0.966227,0.028965,0.000000e+00,0.000000e+00,731,0.019310,0.000000e+00,0.038620,0.000000e+00,0.000000e+00,186,1,0,1,1,0
051_large_clamp,s2_complete_epi_051_large_clamp_t5,complete_epi,0,0.963610,0.031818,0.000000e+00,0.000000e+00,730,0.021212,0.000000e+00,0.042424,1.619710e-06,0.000000e+00,169,1,0,1,1,0
051_large_clamp,s2_complete_epi_051_large_clamp_t6,complete_epi,3,0.970569,0.030943,8.702564e-06,8.072213e-06,1220,0.020629,5.063047e-06,0.041258,9.159696e-06,1.396808e-02,154,1,0,1,1,1
051_large_clamp,s2_complete_epi_051_large_clamp_t8,complete_epi,0,0.965349,0.029357,0.000000e+00,0.000000e+00,688,0.019571,0.000000e+00,0.039142,1.976604e-07,0.000000e+00,171,1,0,1,1,1
051_large_clamp,s2_complete_epi_051_large_clamp_t9,complete_epi,6,0.951725,0.030520,0.000000e+00,0.000000e+00,1044,0.020347,0.000000e+00,0.040694,1.272571e-07,0.000000e+00,236,1,0,1,1,1
011_banana,s2_epi_score_011_banana_t0,epi_score,1941,0.063202,0.032968,1.157822e-04,6.703471e-04,4631,0.021979,1.255862e-04,0.043957,1.384587e-04,5.124782e-01,408,1,0,1,1,0
011_banana,s2_epi_score_011_banana_t1,epi_score,1962,0.029784,0.031988,5.449924e-06,2.727480e-05,3387,0.021326,1.936517e-06,0.042651,1.323557e-05,2.869047e-01,330,1,0,1,1,0
011_banana,s2_epi_score_011_banana_t2,epi_score,1666,0.505600,0.032196,5.509630e-05,2.887932e-04,3171,0.021464,7.871854e-05,0.042928,5.372287e-05,1.834170e+00,983,1,0,1,1,0
011_banana,s2_epi_score_011_banana_t3,epi_score,1863,0.185461,0.032884,1.212458e-04,5.783312e-04,2685,0.021923,1.342698e-04,0.043845,1.273729e-04,8.195729e-01,432,1,0,1,1,1
011_banana,s2_epi_score_011_banana_t4,epi_score,1764,0.300411,0.031850,2.007523e-05,9.183169e-05,2483,0.021233,6.409946e-06,0.042467,4.163773e-05,2.627402e-01,343,1,0,1,1,0
011_banana,s2_epi_score_011_banana_t5,epi_score,1910,0.132054,0.031727,1.180792e-04,6.060295e-04,3465,0.021151,9.049582e-05,0.042302,1.489983e-04,7.804299e-01,691,1,0,1,1,1
011_banana,s2_epi_score_011_banana_t6,epi_score,1452,0.578390,0.032364,5.558292e-06,2.501027e-05,3044,0.021576,3.885982e-06,0.043152,5.780361e-06,6.123368e-03,196,1,0,1,1,0
011_banana,s2_epi_score_011_banana_t7,epi_score,1827,0.223282,0.031996,9.676786e-06,2.570527e-05,2788,0.021330,7.189058e-06,0.042661,1.256481e-05,1.135121e+00,882,1,0,1,1,0
011_banana,s2_epi_score_011_banana_t8,epi_score,1920,0.117567,0.031544,5.788660e-05,2.780768e-04,2962,0.021029,5.223694e-05,0.042059,5.416840e-05,1.021929e+00,836,1,0,1,1,1
011_banana,s2_epi_score_011_banana_t9,epi_score,1818,0.272423,0.031819,6.366392e-05,9.796360e-05,2591,0.021213,5.750248e-05,0.042425,4.697804e-05,8.734318e-01,840,1,0,1,1,1
025_mug,s2_patch_only_025_mug_t0,patch_only,242,0.882196,0.020731,9.945525e-07,1.758534e-06,560,0.013821,1.015497e-06,0.027641,9.343972e-07,1.059044e-01,152,1,0,1,1,0
025_mug,s2_patch_only_025_mug_t1,patch_only,330,0.875191,0.019863,1.007750e-06,1.781023e-06,483,0.013242,1.135413e-06,0.026484,1.025305e-06,1.410372e-01,196,1,0,1,1,0
025_mug,s2_patch_only_025_mug_t2,patch_only,1487,0.488401,0.020314,0.000000e+00,0.000000e+00,180,0.013543,0.000000e+00,0.027086,1.505074e-06,0.000000e+00,97,1,0,1,1,0
025_mug,s2_patch_only_025_mug_t3,patch_only,655,0.744734,0.022040,1.068948e-06,2.314452e-06,765,0.014693,1.118429e-06,0.029387,1.160701e-06,3.087463e-01,349,1,0,1,1,0
025_mug,s2_patch_only_025_mug_t4,patch_only,564,0.804728,0.020694,1.013587e-06,2.310044e-06,474,0.013796,1.057003e-06,0.027592,1.035194e-06,1.047660e-01,162,1,0,1,1,0
025_mug,s2_patch_only_025_mug_t5,patch_only,838,0.692637,0.020745,9.552860e-07,1.751975e-06,508,0.013830,1.067232e-06,0.027660,1.028069e-06,2.093765e-01,244,1,0,1,1,0
025_mug,s2_patch_only_025_mug_t6,patch_only,409,0.850518,0.024984,1.250304e-06,2.487253e-06,933,0.016656,1.386304e-06,0.033312,1.286176e-06,1.081810e-01,134,1,0,1,1,1
025_mug,s2_patch_only_025_mug_t7,patch_only,375,0.833384,0.020617,0.000000e+00,0.000000e+00,179,0.013745,0.000000e+00,0.027489,0.000000e+00,0.000000e+00,64,1,0,1,1,1
025_mug,s2_patch_only_025_mug_t8,patch_only,684,0.761560,0.020376,9.957326e-07,1.881767e-06,546,0.013584,1.161371e-06,0.027169,1.087673e-06,2.397010e-01,260,1,0,1,1,1
025_mug,s2_patch_only_025_mug_t9,patch_only,207,0.916574,0.021052,9.290373e-07,1.949105e-06,501,0.014035,1.154949e-06,0.028070,1.267760e-06,1.860048e-01,236,1,0,1,1,1
006_mustard_bottle,s2_duarte_mcd_006_mustard_bottle_t0,duarte_mcd,1,0.944029,,,,,,,,,3.675892e-01,514,1,0,1,1,1
006_mustard_bottle,s2_duarte_mcd_006_mustard_bottle_t1,duarte_mcd,0,0.645206,,,,,,,,,7.794938e-01,8192,0,0,1,1,
006_mustard_bottle,s2_duarte_mcd_006_mustard_bottle_t2,duarte_mcd,45,0.926042,,,,,,,,,7.025487e-03,325,1,0,1,1,1
006_mustard_bottle,s2_duarte_mcd_006_mustard_bottle_t3,duarte_mcd,337,0.852464,,,,,,,,,1.344259e-01,224,1,0,1,1,1
006_mustard_bottle,s2_duarte_mcd_006_mustard_bottle_t4,duarte_mcd,12,0.951818,,,,,,,,,1.734075e-01,178,1,0,1,1,1
006_mustard_bottle,s2_duarte_mcd_006_mustard_bottle_t5,duarte_mcd,939,0.682219,,,,,,,,,1.405873e-01,237,1,0,1,1,1
006_mustard_bottle,s2_duarte_mcd_006_mustard_bottle_t6,duarte_mcd,388,0.887987,,,,,,,,,4.947591e-01,512,1,0,1,1,1
006_mustard_bottle,s2_duarte_mcd_006_mustard_bottle_t7,duarte_mcd,120,0.907708,,,,,,,,,4.126589e-01,403,1,0,1,1,1
006_mustard_bottle,s2_duarte_mcd_006_mustard_bottle_t8,duarte_mcd,9,0.928463,,,,,,,,,4.519605e-01,308,1,0,1,1,0
006_mustard_bottle,s2_duarte_mcd_006_mustard_bottle_t9,duarte_mcd,6,0.916798,,,,,,,,,2.891911e-01,611,1,0,1,1,1
051_large_clamp,s2_duarte_mcd_051_large_clamp_t0,duarte_mcd,0,0.957725,,,,,,,,,0.000000e+00,209,1,0,1,1,1
051_large_clamp,s2_duarte_mcd_051_large_clamp_t1,duarte_mcd,0,0.966933,,,,,,,,,0.000000e+00,168,1,0,1,1,1
051_large_clamp,s2_duarte_mcd_051_large_clamp_t2,duarte_mcd,63,0.961827,,,,,,,,,0.000000e+00,197,1,0,1,1,1
051_large_clamp,s2_duarte_mcd_051_large_clamp_t3,duarte_mcd,10,0.948068,,,,,,,,,0.000000e+00,142,1,0,1,1,1
051_large_clamp,s2_duarte_mcd_051_large_clamp_t5,duarte_mcd,0,0.959109,,,,,,,,,0.000000e+00,155,1,0,1,1,1
051_large_clamp,s2_duarte_mcd_051_large_clamp_t6,duarte_mcd,26,0.962070,,,,,,,,,6.536927e-02,220,1,0,1,1,1
051_large_clamp,s2_duarte_mcd_051_large_clamp_t7,duarte_mcd,299,0.665626,,,,,,,,,1.592504e+00,8192,1,0,1,1,0
051_large_clamp,s2_duarte_mcd_051_large_clamp_t8,duarte_mcd,0,0.966224,,,,,,,,,0.000000e+00,168,1,0,1,1,1
051_large_clamp,s2_duarte_mcd_051_large_clamp_t9,duarte_mcd,0,0.948257,,,,,,,,,0.000000e+00,221,1,0,1,1,1
