object,trial,arm,grasp_id,confidence,patch_radius,patch_epi_mean,patch_epi_p95,patch_n,sens_lo_radius,patch_epi_mean_sens_lo,sens_hi_radius,patch_epi_mean_sens_hi,duarte_sigma_sum,duarte_box_n,geometry_gate_pass,uq_rejected,chosen,executed,lift_success
005_tomato_soup_can,s0_partial_only_005_tomato_soup_can_t0,partial_only,764,0.673474,,,,,,,,,,,1,0,1,1,1
005_tomato_soup_can,s0_partial_only_005_tomato_soup_can_t1,partial_only,397,0.725942,,,,,,,,,,,1,0,1,1,1
005_tomato_soup_can,s0_partial_only_005_tomato_soup_can_t2,partial_only,730,0.685054,,,,,,,,,,,1,0,1,1,1
005_tomato_soup_can,s0_partial_only_005_tomato_soup_can_t3,partial_only,544,0.747076,,,,,,,,,,,1,0,1,1,1
005_tomato_soup_can,s0_partial_only_005_tomato_soup_can_t4,partial_only,124,0.816792,,,,,,,,,,,1,0,1,1,1
005_tomato_soup_can,s0_partial_only_005_tomato_soup_can_t5,partial_only,301,0.723982,,,,,,,,,,,1,0,1,1,1
005_tomato_soup_can,s0_partial_only_005_tomato_soup_can_t6,partial_only,327,0.765419,,,,,,,,,,,1,0,1,1,1
005_tomato_soup_can,s0_partial_only_005_tomato_soup_can_t7,partial_only,0,0.839962,,,,,,,,,,,1,0,1,1,1
005_tomato_soup_can,s0_partial_only_005_tomato_soup_can_t8,partial_only,1034,0.594862,,,,,,,,,,,1,0,1,1,1
005_tomato_soup_can,s0_partial_only_005_tomato_soup_can_t9,partial_only,667,0.669258,,,,,,,,,,,1,0,1,1,1
011_banana,s0_partial_only_011_banana_t0,partial_only,50,0.972774,,,,,,,,,,,1,0,1,1,0
011_banana,s0_partial_only_011_banana_t1,partial_only,78,0.962587,,,,,,,,,,,1,0,1,1,0
011_banana,s0_partial_only_011_banana_t2,partial_only,95,0.970359,,,,,,,,,,,1,0,1,1,0
011_banana,s0_partial_only_011_banana_t3,partial_only,85,0.964574,,,,,,,,,,,1,0,1,1,0
011_banana,s0_partial_only_011_banana_t4,partial_only,10,0.974527,,,,,,,,,,,1,0,1,1,1
011_banana,s0_partial_only_011_banana_t5,partial_only,176,0.967041,,,,,,,,,,,1,0,1,1,1
011_banana,s0_partial_only_011_banana_t6,partial_only,81,0.965047,,,,,,,,,,,1,0,1,1,1
011_banana,s0_partial_only_011_banana_t7,partial_only,100,0.956526,,,,,,,,,,,1,0,1,1,1
011_banana,s0_partial_only_011_banana_t8,partial_only,51,0.965083,,,,,,,,,,,1,0,1,1,1
011_banana,s0_partial_only_011_banana_t9,partial_only,44,0.970496,,,,,,,,,,,1,0,1,1,1
025_mug,s0_complete_only_025_mug_t0,complete_only,33,0.869000,0.021935,3.851042e-06,9.341560e-06,683,0.014624,2.926368e-06,0.029247,3.349286e-06,4.264359e-01,237,1,0,1,1,1
025_mug,s0_complete_only_025_mug_t1,complete_only,10,0.920327,0.021704,1.544918e-06,4.504804e-06,498,0.014469,1.182148e-06,0.028938,1.638773e-06,0.000000e+00,57,1,0,1,1,1
025_mug,s0_complete_only_025_mug_t2,complete_only,0,0.954510,0.021531,1.394241e-05,6.133422e-05,368,0.014354,1.810314e-05,0.028708,1.073063e-05,3.079605e-01,111,1,0,1,1,1
025_mug,s0_complete_only_025_mug_t3,complete_only,0,0.959821,0.027447,9.122787e-06,3.139578e-05,324,0.018298,0.000000e+00,0.036596,2.793623e-05,0.000000e+00,67,1,0,1,1,1
025_mug,s0_complete_only_025_mug_t4,complete_only,3,0.937462,0.021231,7.290591e-06,2.031868e-05,649,0.014154,7.151096e-06,0.028308,7.586742e-06,3.336531e-01,164,1,0,1,1,0
025_mug,s0_complete_only_025_mug_t5,complete_only,6,0.940548,0.021889,1.739629e-06,4.049630e-06,423,0.014593,9.137217e-07,0.029186,1.874771e-06,5.306125e-03,52,1,0,1,1,1
025_mug,s0_complete_only_025_mug_t6,complete_only,8,0.883691,0.022481,2.538733e-06,6.742474e-06,331,0.014987,2.451516e-06,0.029975,2.409334e-06,4.766287e-02,79,1,0,1,1,0
025_mug,s0_complete_only_025_mug_t7,complete_only,8,0.927237,0.024002,9.718958e-06,4.027219e-05,263,0.016001,1.176590e-05,0.032003,8.747743e-06,1.119006e-01,60,1,0,1,1,1
025_mug,s0_complete_only_025_mug_t8,complete_only,14,0.925027,0.022814,0.000000e+00,0.000000e+00,157,0.015210,0.000000e+00,0.030419,0.000000e+00,0.000000e+00,50,1,0,1,1,1
025_mug,s0_complete_only_025_mug_t9,complete_only,10,0.961410,0.021663,1.797934e-05,4.075514e-05,1101,0.014442,1.687686e-05,0.028883,1.657615e-05,7.031883e-01,210,1,0,1,1,0
005_tomato_soup_can,s0_complete_epi_005_tomato_soup_can_t0,complete_epi,340,0.752456,0.021076,1.390411e-06,3.452493e-06,674,0.014051,1.350276e-06,0.028102,1.458407e-06,2.637133e-01,757,1,0,1,1,1
005_tomato_soup_can,s0_complete_epi_005_tomato_soup_can_t1,complete_epi,304,0.720819,0.020879,1.199732e-06,3.392368e-06,601,0.013920,1.184701e-06,0.027839,1.267644e-06,1.223768e-01,648,1,0,1,1,1
005_tomato_soup_can,s0_complete_epi_005_tomato_soup_can_t2,complete_epi,261,0.755501,0.020239,1.348438e-06,4.510993e-06,670,0.013492,1.237435e-06,0.026985,1.451716e-06,2.107346e-01,731,1,0,1,1,1
005_tomato_soup_can,s0_complete_epi_005_tomato_soup_can_t3,complete_epi,200,0.765383,0.020424,1.112700e-06,2.787569e-06,688,0.013616,1.130613e-06,0.027231,1.076674e-06,2.662085e-01,809,1,0,1,1,1
005_tomato_soup_can,s0_complete_epi_005_tomato_soup_can_t4,complete_epi,1057,0.532446,0.034666,5.737197e-05,2.134378e-04,2780,0.023111,2.927719e-05,0.046222,1.121511e-04,8.555476e-01,683,1,0,1,1,0
005_tomato_soup_can,s0_complete_epi_005_tomato_soup_can_t5,complete_epi,359,0.723981,0.020518,1.525299e-06,4.070757e-06,663,0.013678,1.605147e-06,0.027357,1.618685e-06,2.979597e-01,776,1,0,1,1,1
005_tomato_soup_can,s0_complete_epi_005_tomato_soup_can_t6,complete_epi,270,0.808065,0.021142,1.351473e-06,3.803003e-06,742,0.014095,1.389613e-06,0.028190,1.212259e-06,7.750392e-02,461,1,0,1,1,1
005_tomato_soup_can,s0_complete_epi_005_tomato_soup_can_t7,complete_epi,98,0.808309,0.021526,1.164698e-06,2.878945e-06,699,0.014351,1.212987e-06,0.028702,1.186436e-06,1.088174e-01,589,1,0,1,1,1
005_tomato_soup_can,s0_complete_epi_005_tomato_soup_can_t8,complete_epi,218,0.762518,0.020307,1.373632e-06,4.134276e-06,616,0.013538,1.175910e-06,0.027077,1.486219e-06,1.410135e-01,580,1,0,1,1,1
005_tomato_soup_can,s0_complete_epi_005_tomato_soup_can_t9,complete_epi,339,0.724032,0.021048,1.265441e-06,3.788765e-06,650,0.014032,1.246981e-06,0.028064,1.230573e-06,2.090443e-01,590,1,0,1,1,1
011_banana,s0_complete_epi_011_banana_t0,complete_epi,1483,0.703463,0.033752,1.202621e-04,5.108099e-04,903,0.022502,3.126029e-04,0.045003,6.992113e-05,4.143217e-01,264,1,0,1,1,0
011_banana,s0_complete_epi_011_banana_t1,complete_epi,1858,0.164420,0.031579,7.883944e-05,3.664455e-04,1950,0.021052,2.080196e-04,0.042105,7.609654e-05,1.393746e+00,718,1,0,1,1,1
011_banana,s0_complete_epi_011_banana_t2,complete_epi,1606,0.455069,0.031497,8.695562e-05,3.832606e-04,1606,0.020998,1.447826e-04,0.041996,6.810729e-05,1.597981e+00,794,1,0,1,1,0
011_banana,s0_complete_epi_011_banana_t3,complete_epi,793,0.914546,0.034569,2.416832e-05,1.309584e-04,1925,0.023046,3.317100e-05,0.046092,2.551569e-05,5.346707e-01,383,1,0,1,1,1
011_banana,s0_complete_epi_011_banana_t4,complete_epi,1392,0.549802,0.033104,2.080805e-05,8.626432e-05,2230,0.022069,7.593022e-05,0.044138,2.492680e-05,4.259735e-01,285,1,0,1,1,0
011_banana,s0_complete_epi_011_banana_t5,complete_epi,1529,0.561311,0.032289,1.196623e-04,5.450952e-04,1194,0.021526,2.161269e-04,0.043052,8.834995e-05,1.927843e+00,796,1,0,1,1,0
011_banana,s0_complete_epi_011_banana_t6,complete_epi,1724,0.437740,0.033143,1.730186e-04,8.430738e-04,1286,0.022095,3.503559e-04,0.044191,1.701788e-04,1.780092e+00,499,1,0,1,1,1
011_banana,s0_complete_epi_011_banana_t7,complete_epi,576,0.892547,0.032209,1.562236e-05,5.977765e-05,2827,0.021472,4.528745e-05,0.042945,9.087235e-06,2.580857e+00,1892,1,0,1,1,0
011_banana,s0_complete_epi_011_banana_t8,complete_epi,1614,0.591154,0.034170,2.256662e-05,9.206666e-05,1990,0.022780,1.860582e-05,0.045560,2.427212e-05,1.004630e+00,592,1,0,1,1,0
011_banana,s0_complete_epi_011_banana_t9,complete_epi,1551,0.665484,0.032958,1.652659e-04,8.903807e-04,1269,0.021972,3.905243e-04,0.043945,1.712003e-04,1.439715e+00,473,1,0,1,1,0
025_mug,s0_duarte_mcd_025_mug_t0,duarte_mcd,31,0.913067,,,,,,,,,7.977575e-02,102,1,0,1,1,1
025_mug,s0_duarte_mcd_025_mug_t1,duarte_mcd,1,0.931346,,,,,,,,,6.667957e-02,147,1,0,1,1,1
025_mug,s0_duarte_mcd_025_mug_t2,duarte_mcd,0,0.958976,,,,,,,,,9.705351e-02,139,1,0,1,1,1
025_mug,s0_duarte_mcd_025_mug_t3,duarte_mcd,24,0.904833,,,,,,,,,2.145813e-02,69,1,0,1,1,1
025_mug,s0_duarte_mcd_025_mug_t4,duarte_mcd,10,0.918894,,,,,,,,,1.119279e-02,66,1,0,1,1,1
025_mug,s0_duarte_mcd_025_mug_t5,duarte_mcd,13,0.941243,,,,,,,,,4.717188e-02,92,1,0,1,1,1
025_mug,s0_duarte_mcd_025_mug_t6,duarte_mcd,7,0.927705,,,,,,,,,2.359370e-02,72,1,0,1,1,1
025_mug,s0_duarte_mcd_025_mug_t7,duarte_mcd,94,0.907926,,,,,,,,,1.258158e-02,47,1,0,1,1,0
025_mug,s0_duarte_mcd_025_mug_t8,duarte_mcd,15,0.916401,,,,,,,,,1.208199e-01,129,1,0,1,1,1
025_mug,s0_duarte_mcd_025_mug_t9,duarte_mcd,13,0.931502,,,,,,,,,0.000000e+00,65,1,0,1,1,1
005_tomato_soup_can,s1_partial_only_005_tomato_soup_can_t0,partial_only,229,0.780385,,,,,,,,,,,1,0,1,1,0
005_tomato_soup_can,s1_partial_only_005_tomato_soup_can_t1,partial_only,474,0.748692,,,,,,,,,,,1,0,1,1,1
005_tomato_soup_can,s1_partial_only_005_tomato_soup_can_t2,partial_only,168,0.781880,,,,,,,,,,,1,0,1,1,1
005_tomato_soup_can,s1_partial_only_005_tomato_soup_can_t3,partial_only,1048,0.612896,,,,,,,,,,,1,0,1,1,1
005_tomato_soup_can,s1_partial_only_005_tomato_soup_can_t5,partial_only,46,0.842491,,,,,,,,,,,1,0,1,1,1
005_tomato_soup_can,s1_partial_only_005_tomato_soup_can_t6,partial_only,11,0.802735,,,,,,,,,,,1,0,1,1,1
005_tomato_soup_can,s1_partial_only_005_tomato_soup_can_t7,partial_only,307,0.735551,,,,,,,,,,,1,0,1,1,1
005_tomato_soup_can,s1_partial_only_005_tomato_soup_can_t8,partial_only,531,0.733097,,,,,,,,,,,1,0,1,1,0
005_tomato_soup_can,s1_partial_only_005_tomato_soup_can_t9,partial_only,466,0.717005,,,,,,,,,,,1,0,1,1,1
011_banana,s1_partial_only_011_banana_t0,partial_only,0,0.978682,,,,,,,,,,,1,0,1,1,1
011_banana,s1_partial_only_011_banana_t1,partial_only,43,0.975926,,,,,,,,,,,1,0,1,1,0
011_banana,s1_partial_only_011_banana_t2,partial_only,21,0.977000,,,,,,,,,,,1,0,1,1,0
011_banana,s1_partial_only_011_banana_t3,partial_only,50,0.963449,,,,,,,,,,,1,0,1,1,1
011_banana,s1_partial_only_011_banana_t4,partial_only,45,0.977027,,,,,,,,,,,1,0,1,1,0
011_banana,s1_partial_only_011_banana_t5,partial_only,19,0.967999,,,,,,,,,,,1,0,1,1,1
011_banana,s1_partial_only_011_banana_t6,partial_only,0,0.984790,,,,,,,,,,,1,0,1,1,1
011_banana,s1_partial_only_011_banana_t7,partial_only,92,0.970019,,,,,,,,,,,1,0,1,1,1
011_banana,s1_partial_only_011_banana_t8,partial_only,6,0.979293,,,,,,,,,,,1,0,1,1,1
011_banana,s1_partial_only_011_banana_t9,partial_only,14,0.983958,,,,,,,,,,,1,0,1,1,1
025_mug,s1_complete_only_025_mug_t0,complete_only,9,0.941883,0.021983,3.285781e-06,6.765410e-06,436,0.014655,3.238071e-06,0.029310,3.107611e-06,2.082783e-01,137,1,0,1,1,1
025_mug,s1_complete_only_025_mug_t1,complete_only,21,0.941748,0.021727,7.493102e-06,1.674603e-05,600,0.014485,9.045085e-06,0.028969,7.025420e-06,3.219403e-01,151,1,0,1,1,1
025_mug,s1_complete_only_025_mug_t2,complete_only,8,0.891558,0.021231,3.374006e-06,6.263101e-06,868,0.014154,3.454587e-06,0.028308,3.000318e-06,4.741460e-01,296,1,0,1,1,0
025_mug,s1_complete_only_025_mug_t3,complete_only,7,0.937045,0.022330,5.083523e-06,1.070827e-05,411,0.014887,4.620616e-06,0.029774,5.259571e-06,1.434454e-01,90,1,0,1,1,1
025_mug,s1_complete_only_025_mug_t4,complete_only,1,0.945476,0.021666,2.862346e-05,1.193966e-04,246,0.014444,5.832986e-05,0.028888,2.167987e-05,9.516951e-02,60,1,0,1,1,1
025_mug,s1_complete_only_025_mug_t5,complete_only,89,0.900329,0.022649,2.497932e-06,6.963552e-06,496,0.015099,2.777771e-06,0.030198,2.552810e-06,2.033023e-01,182,1,0,1,1,1
025_mug,s1_complete_only_025_mug_t6,complete_only,17,0.920327,0.022060,1.604439e-05,2.694037e-05,322,0.014707,2.703703e-05,0.029414,1.296183e-05,3.216148e-01,165,1,0,1,1,1
025_mug,s1_complete_only_025_mug_t8,complete_only,0,0.931255,0.021922,2.852033e-06,6.079590e-06,713,0.014614,3.353401e-06,0.029229,2.748458e-06,0.000000e+00,73,1,0,1,1,1
025_mug,s1_complete_only_025_mug_t9,complete_only,1,0.926568,0.022132,1.936349e-06,5.711924e-06,255,0.014755,2.657838e-06,0.029510,1.625201e-06,2.477819e-03,59,1,0,1,1,1
005_tomato_soup_can,s1_complete_epi_005_tomato_soup_can_t0,complete_epi,228,0.791882,0.021829,1.197010e-06,3.659472e-06,691,0.014553,1.177039e-06,0.029106,1.148590e-06,2.131530e-01,707,1,0,1,1,1
005_tomato_soup_can,s1_complete_epi_005_tomato_soup_can_t1,complete_epi,1037,0.534940,0.030964,7.604095e-06,2.984967e-05,1676,0.020643,3.732146e-06,0.041285,1.601771e-05,1.486649e-01,488,1,0,1,1,1
005_tomato_soup_can,s1_complete_epi_005_tomato_soup_can_t2,complete_epi,182,0.792402,0.019506,1.272497e-06,2.947931e-06,426,0.013004,1.307225e-06,0.026009,1.262374e-06,1.684045e-01,398,1,0,1,1,0
005_tomato_soup_can,s1_complete_epi_005_tomato_soup_can_t3,complete_epi,274,0.738720,0.021378,1.214519e-06,3.730142e-06,780,0.014252,1.225143e-06,0.028504,1.260795e-06,9.913073e-02,468,1,0,1,1,1
005_tomato_soup_can,s1_complete_epi_005_tomato_soup_can_t4,complete_epi,313,0.772845,0.020576,1.236840e-06,3.439717e-06,562,0.013717,1.102409e-06,0.027434,1.305954e-06,1.946002e-01,675,1,0,1,1,1
005_tomato_soup_can,s1_complete_epi_005_tomato_soup_can_t5,complete_epi,222,0.779846,0.021193,1.165794e-06,2.981741e-06,621,0.014129,1.391908e-06,0.028257,1.086927e-06,2.517000e-01,722,1,0,1,1,1
005_tomato_soup_can,s1_complete_epi_005_tomato_soup_can_t6,complete_epi,340,0.732623,0.021372,1.249924e-06,3.993751e-06,680,0.014248,1.417656e-06,0.028496,1.259942e-06,3.181878e-01,779,1,0,1,1,1
005_tomato_soup_can,s1_complete_epi_005_tomato_soup_can_t7,complete_epi,117,0.785910,0.020821,1.354395e-06,4.923494e-06,601,0.013881,1.273835e-06,0.027761,1.548743e-06,2.213448e-01,701,1,0,1,1,1
005_tomato_soup_can,s1_complete_epi_005_tomato_soup_can_t8,complete_epi,173,0.785875,0.020467,1.530545e-06,3.917241e-06,601,0.013645,1.859452e-06,0.027290,1.511470e-06,4.010856e-01,880,1,0,1,1,1
005_tomato_soup_can,s1_complete_epi_005_tomato_soup_can_t9,complete_epi,438,0.720120,0.020731,1.226108e-06,3.660249e-06,558,0.013821,1.140155e-06,0.027641,1.342947e-06,2.548624e-01,745,1,0,1,1,1
011_banana,s1_complete_epi_011_banana_t0,complete_epi,1461,0.578613,0.032387,4.465163e-05,1.489936e-04,2477,0.021591,8.799499e-05,0.043183,4.614692e-05,1.201625e+00,771,1,0,1,1,0
011_banana,s1_complete_epi_011_banana_t1,complete_epi,1602,0.487817,0.031453,2.007145e-04,8.018275e-04,1432,0.020969,2.421689e-04,0.041937,9.470134e-05,1.299332e+00,504,1,0,1,1,0
011_banana,s1_complete_epi_011_banana_t2,complete_epi,48,0.956836,0.033936,7.393455e-06,2.363259e-05,2444,0.022624,1.424635e-05,0.045248,1.103280e-05,4.693571e-01,461,1,0,1,1,0
011_banana,s1_complete_epi_011_banana_t3,complete_epi,1805,0.326285,0.034467,2.486242e-05,1.267528e-04,2074,0.022978,5.126728e-05,0.045956,2.591244e-05,6.694807e-01,523,1,0,1,1,0
011_banana,s1_complete_epi_011_banana_t4,complete_epi,1443,0.501061,0.031722,9.105761e-05,4.757123e-04,2311,0.021148,2.389066e-04,0.042297,1.111860e-04,7.492250e-01,508,1,0,1,1,0
011_banana,s1_complete_epi_011_banana_t5,complete_epi,1896,0.096765,0.033086,5.200196e-05,2.908629e-04,2940,0.022057,8.016738e-05,0.044114,5.662969e-05,1.376732e+00,758,1,0,1,1,0
011_banana,s1_complete_epi_011_banana_t6,complete_epi,1797,0.135984,0.033547,3.213246e-05,1.837337e-04,1115,0.022364,1.010608e-05,0.044729,3.519502e-05,6.502213e-02,182,1,0,1,1,0
011_banana,s1_complete_epi_011_banana_t7,complete_epi,1598,0.529220,0.031499,1.060171e-04,5.519183e-04,612,0.020999,1.517715e-04,0.041999,4.638447e-05,1.966816e+00,1134,1,0,1,1,0
011_banana,s1_complete_epi_011_banana_t8,complete_epi,897,0.860828,0.031506,6.619325e-05,2.058134e-04,2000,0.021004,9.112798e-05,0.042008,3.159291e-05,1.004873e+00,516,1,0,1,1,0
011_banana,s1_complete_epi_011_banana_t9,complete_epi,1297,0.833154,0.033732,3.949487e-04,1.871604e-03,1083,0.022488,8.548521e-04,0.044976,3.602970e-04,3.053787e+00,688,1,0,1,1,1
025_mug,s1_duarte_mcd_025_mug_t0,duarte_mcd,30,0.921838,,,,,,,,,7.938809e-02,86,1,0,1,1,1
025_mug,s1_duarte_mcd_025_mug_t1,duarte_mcd,108,0.878670,,,,,,,,,4.930256e-02,80,1,0,1,1,0
025_mug,s1_duarte_mcd_025_mug_t3,duarte_mcd,18,0.934992,,,,,,,,,7.150369e-02,128,1,0,1,1,1
025_mug,s1_duarte_mcd_025_mug_t4,duarte_mcd,1,0.950191,,,,,,,,,0.000000e+00,60,1,0,1,1,1
025_mug,s1_duarte_mcd_025_mug_t5,duarte_mcd,31,0.924224,,,,,,,,,0.000000e+00,39,1,0,1,1,0
025_mug,s1_duarte_mcd_025_mug_t6,duarte_mcd,8,0.937311,,,,,,,,,7.866551e-02,131,1,0,1,1,0
025_mug,s1_duarte_mcd_025_mug_t7,duarte_mcd,31,0.945564,,,,,,,,,7.159116e-02,105,1,0,1,1,1
025_mug,s1_duarte_mcd_025_mug_t8,duarte_mcd,1,0.944886,,,,,,,,,3.351371e-02,74,1,0,1,1,0
025_mug,s1_duarte_mcd_025_mug_t9,duarte_mcd,1,0.947176,,,,,,,,,2.478776e-02,60,1,0,1,1,1
005_tomato_soup_can,s2_partial_only_005_tomato_soup_can_t0,partial_only,260,0.729469,,,,,,,,,,,1,0,1,1,1
005_tomato_soup_can,s2_partial_only_005_tomato_soup_can_t1,partial_only,592,0.755100,,,,,,,,,,,1,0,1,1,1
005_tomato_soup_can,s2_partial_only_005_tomato_soup_can_t2,partial_only,1,0.853118,,,,,,,,,,,1,0,1,1,1
005_tomato_soup_can,s2_partial_only_005_tomato_soup_can_t3,partial_only,3,0.889216,,,,,,,,,,,1,0,1,1,1
005_tomato_soup_can,s2_partial_only_005_tomato_soup_can_t4,partial_only,333,0.774599,,,,,,,,,,,1,0,1,1,1
005_tomato_soup_can,s2_partial_only_005_tomato_soup_can_t6,partial_only,202,0.790403,,,,,,,,,,,1,0,1,1,1
005_tomato_soup_can,s2_partial_only_005_tomato_soup_can_t7,partial_only,879,0.660907,,,,,,,,,,,1,0,1,1,1
005_tomato_soup_can,s2_partial_only_005_tomato_soup_can_t8,partial_only,80,0.840360,,,,,,,,,,,1,0,1,1,1
005_tomato_soup_can,s2_partial_only_005_tomato_soup_can_t9,partial_only,821,0.650027,,,,,,,,,,,1,0,1,1,1
011_banana,s2_partial_only_011_banana_t0,partial_only,50,0.969278,,,,,,,,,,,1,0,1,1,1
011_banana,s2_partial_only_011_banana_t1,partial_only,37,0.968325,,,,,,,,,,,1,0,1,1,1
011_banana,s2_partial_only_011_banana_t2,partial_only,187,0.934716,,,,,,,,,,,1,0,1,1,0
011_banana,s2_partial_only_011_banana_t3,partial_only,68,0.973457,,,,,,,,,,,1,0,1,1,0
011_banana,s2_partial_only_011_banana_t4,partial_only,29,0.974757,,,,,,,,,,,1,0,1,1,0
011_banana,s2_partial_only_011_banana_t5,partial_only,29,0.974072,,,,,,,,,,,1,0,1,1,0
011_banana,s2_partial_only_011_banana_t6,partial_only,72,0.964710,,,,,,,,,,,1,0,1,1,0
011_banana,s2_partial_only_011_banana_t7,partial_only,21,0.975280,,,,,,,,,,,1,0,1,1,1
011_banana,s2_partial_only_011_banana_t8,partial_only,20,0.971996,,,,,,,,,,,1,0,1,1,0
011_banana,s2_partial_only_011_banana_t9,partial_only,1,0.979556,,,,,,,,,,,1,0,1,1,1
025_mug,s2_complete_only_025_mug_t0,complete_only,2,0.941068,0.021986,4.368782e-06,1.150606e-05,588,0.014657,5.832644e-06,0.029315,3.621464e-06,2.094300e-01,122,1,0,1,1,1
025_mug,s2_complete_only_025_mug_t1,complete_only,13,0.899148,0.021513,2.257944e-06,4.495971e-06,1049,0.014342,2.760929e-06,0.028684,2.173571e-06,5.328187e-01,393,1,0,1,1,0
025_mug,s2_complete_only_025_mug_t2,complete_only,5,0.932803,0.023876,2.111083e-06,2.337595e-06,357,0.015918,0.000000e+00,0.031835,3.495368e-06,0.000000e+00,45,1,0,1,1,1
025_mug,s2_complete_only_025_mug_t3,complete_only,13,0.925223,0.022613,1.806695e-06,2.706296e-06,618,0.015075,1.832550e-06,0.030151,1.635835e-06,2.845930e-01,255,1,0,1,1,1
025_mug,s2_complete_only_025_mug_t4,complete_only,7,0.914489,0.016710,3.120063e-05,1.544863e-04,1885,0.011140,8.051203e-05,0.022281,7.492705e-06,3.660180e+00,1488,1,0,1,1,1
025_mug,s2_complete_only_025_mug_t5,complete_only,0,0.938923,0.021611,2.363112e-06,4.581747e-06,723,0.014408,2.295226e-06,0.028815,2.726938e-06,1.380232e-01,121,1,0,1,1,1
025_mug,s2_complete_only_025_mug_t6,complete_only,3,0.932982,0.023139,8.280255e-06,3.716260e-05,398,0.015426,1.023303e-05,0.030852,8.897345e-06,1.796197e-01,84,1,0,1,1,1
025_mug,s2_complete_only_025_mug_t7,complete_only,8,0.926229,0.023714,1.270490e-05,5.350381e-05,196,0.015809,6.419059e-05,0.031618,6.784718e-06,6.823525e-02,41,1,0,1,1,0
025_mug,s2_complete_only_025_mug_t8,complete_only,0,0.936453,0.021423,2.660138e-06,5.386286e-06,618,0.014282,3.036787e-06,0.028564,2.411294e-06,1.557722e-01,129,1,0,1,1,0
025_mug,s2_complete_only_025_mug_t9,complete_only,19,0.910431,0.021295,1.937728e-06,4.358050e-06,497,0.014197,1.718242e-06,0.028394,2.488588e-06,1.104671e-01,137,1,0,1,1,1
005_tomato_soup_can,s2_complete_epi_005_tomato_soup_can_t0,complete_epi,306,0.734052,0.021846,1.197007e-06,3.766960e-06,664,0.014564,1.407366e-06,0.029128,1.317169e-06,2.980810e-01,766,1,0,1,1,1
005_tomato_soup_can,s2_complete_epi_005_tomato_soup_can_t1,complete_epi,117,0.777030,0.020692,9.513536e-07,3.217929e-06,634,0.013794,1.059501e-06,0.027589,1.007638e-06,1.949525e-01,633,1,0,1,1,1
005_tomato_soup_can,s2_complete_epi_005_tomato_soup_can_t3,complete_epi,188,0.785913,0.021333,1.124895e-06,4.070240e-06,543,0.014222,1.366232e-06,0.028444,1.252995e-06,1.983584e-01,763,1,0,1,1,1
005_tomato_soup_can,s2_complete_epi_005_tomato_soup_can_t4,complete_epi,1003,0.587150,0.033050,4.593115e-05,5.754774e-05,2240,0.022033,1.681754e-05,0.044066,5.516791e-05,1.137309e+00,941,1,0,1,1,1
005_tomato_soup_can,s2_complete_epi_005_tomato_soup_can_t5,complete_epi,232,0.750213,0.020908,1.424897e-06,3.269631e-06,606,0.013939,1.663020e-06,0.027878,1.357365e-06,2.330048e-01,742,1,0,1,1,1
005_tomato_soup_can,s2_complete_epi_005_tomato_soup_can_t6,complete_epi,224,0.772833,0.020316,1.462904e-06,3.495471e-06,664,0.013544,1.586210e-06,0.027088,1.388013e-06,2.513843e-01,776,1,0,1,1,1
005_tomato_soup_can,s2_complete_epi_005_tomato_soup_can_t7,complete_epi,291,0.719431,0.020527,1.281554e-06,3.222772e-06,639,0.013685,1.469230e-06,0.027369,1.290948e-06,3.593537e-01,839,1,0,1,1,1
005_tomato_soup_can,s2_complete_epi_005_tomato_soup_can_t8,complete_epi,173,0.818129,0.021185,9.263272e-07,2.700570e-06,675,0.014123,1.099064e-06,0.028246,9.600765e-07,3.001403e-01,816,1,0,1,1,1
005_tomato_soup_can,s2_complete_epi_005_tomato_soup_can_t9,complete_epi,332,0.713921,0.020763,1.320298e-06,4.814670e-06,609,0.013842,1.295884e-06,0.027684,1.385338e-06,8.057371e-02,569,1,0,1,1,1
011_banana,s2_complete_epi_011_banana_t0,complete_epi,1830,0.276135,0.032146,1.329751e-04,8.297530e-04,1973,0.021431,2.629198e-04,0.042861,1.493376e-04,1.330789e+00,557,1,0,1,1,1
011_banana,s2_complete_epi_011_banana_t1,complete_epi,822,0.881156,0.032712,8.812746e-05,3.899165e-04,2070,0.021808,1.918357e-04,0.043616,5.702703e-05,1.160388e+00,690,1,0,1,1,0
011_banana,s2_complete_epi_011_banana_t2,complete_epi,1263,0.688714,0.032725,2.047849e-05,6.959646e-05,2236,0.021817,6.739442e-05,0.043633,1.677337e-05,4.733188e-01,289,1,0,1,1,0
011_banana,s2_complete_epi_011_banana_t3,complete_epi,1341,0.627213,0.032154,1.476922e-04,7.957114e-04,2080,0.021436,6.752559e-04,0.042872,7.513779e-05,1.695379e+00,1006,1,0,1,1,0
011_banana,s2_complete_epi_011_banana_t4,complete_epi,587,0.915812,0.033295,1.677213e-05,3.842662e-05,3031,0.022197,1.648499e-05,0.044393,1.444318e-05,5.723431e-01,511,1,0,1,1,0
011_banana,s2_complete_epi_011_banana_t5,complete_epi,1704,0.432365,0.031337,2.098162e-04,9.863089e-04,1156,0.020891,6.579572e-04,0.041783,1.761859e-04,2.415170e+00,754,1,0,1,1,0
011_banana,s2_complete_epi_011_banana_t6,complete_epi,553,0.911785,0.031944,1.646074e-05,4.147052e-05,2028,0.021296,3.674012e-05,0.042592,1.137684e-05,1.511395e+00,914,1,0,1,1,1
011_banana,s2_complete_epi_011_banana_t7,complete_epi,1213,0.787075,0.032783,1.073461e-05,4.181924e-05,1887,0.021855,1.795164e-05,0.043710,9.184719e-06,2.539318e-01,322,1,0,1,1,1
011_banana,s2_complete_epi_011_banana_t8,complete_epi,1379,0.631885,0.032159,3.983154e-05,1.446429e-04,2782,0.021440,6.498486e-05,0.042879,3.373150e-05,7.763510e-01,506,1,0,1,1,0
011_banana,s2_complete_epi_011_banana_t9,complete_epi,1791,0.211611,0.031795,7.215412e-05,3.234966e-04,2366,0.021197,1.535871e-04,0.042394,9.846339e-05,1.394341e+00,1039,1,0,1,1,0
025_mug,s2_duarte_mcd_025_mug_t0,duarte_mcd,2,0.943744,,,,,,,,,0.000000e+00,70,1,0,1,1,1
025_mug,s2_duarte_mcd_025_mug_t1,duarte_mcd,15,0.927750,,,,,,,,,1.715859e-03,77,1,0,1,1,1
025_mug,s2_duarte_mcd_025_mug_t2,duarte_mcd,626,0.843286,,,,,,,,,0.000000e+00,47,1,0,1,1,0
025_mug,s2_duarte_mcd_025_mug_t4,duarte_mcd,8,0.918044,,,,,,,,,2.711388e-02,68,1,0,1,1,1
025_mug,s2_duarte_mcd_025_mug_t5,duarte_mcd,674,0.876093,,,,,,,,,0.000000e+00,175,1,0,1,1,0
025_mug,s2_duarte_mcd_025_mug_t6,duarte_mcd,5,0.939109,,,,,,,,,0.000000e+00,68,1,0,1,1,0
025_mug,s2_duarte_mcd_025_mug_t7,duarte_mcd,6,0.916009,,,,,,,,,0.000000e+00,52,1,0,1,1,1
025_mug,s2_duarte_mcd_025_mug_t8,duarte_mcd,0,0.951376,,,,,,,,,1.263582e-01,122,1,0,1,1,1
025_mug,s2_duarte_mcd_025_mug_t9,duarte_mcd,0,0.941379,,,,,,,,,2.484737e-01,136,1,0,1,1,1
006_mustard_bottle,s0_partial_only_006_mustard_bottle_t0,partial_only,1,0.951563,,,,,,,,,,,1,0,1,1,1
006_mustard_bottle,s0_partial_only_006_mustard_bottle_t1,partial_only,404,0.877381,,,,,,,,,,,1,0,1,1,1
006_mustard_bottle,s0_partial_only_006_mustard_bottle_t2,partial_only,21,0.931955,,,,,,,,,,,1,0,1,1,1
006_mustard_bottle,s0_partial_only_006_mustard_bottle_t3,partial_only,4,0.937943,,,,,,,,,,,1,0,1,1,1
006_mustard_bottle,s0_partial_only_006_mustard_bottle_t4,partial_only,154,0.907351,,,,,,,,,,,1,0,1,1,1
006_mustard_bottle,s0_partial_only_006_mustard_bottle_t6,partial_only,30,0.931191,,,,,,,,,,,1,0,1,1,1
006_mustard_bottle,s0_partial_only_006_mustard_bottle_t7,partial_only,18,0.919016,,,,,,,,,,,1,0,1,1,1
006_mustard_bottle,s0_partial_only_006_mustard_bottle_t8,partial_only,0,0.921348,,,,,,,,,,,1,0,1,1,1
061_foam_brick,s0_partial_only_061_foam_brick_t0,partial_only,742,0.772837,,,,,,,,,,,1,0,1,1,0
061_foam_brick,s0_partial_only_061_foam_brick_t1,partial_only,39,0.945553,,,,,,,,,,,1,0,1,1,1
061_foam_brick,s0_partial_only_061_foam_brick_t2,partial_only,51,0.931834,,,,,,,,,,,1,0,1,1,1
061_foam_brick,s0_partial_only_061_foam_brick_t3,partial_only,751,0.785855,,,,,,,,,,,1,0,1,1,1
061_foam_brick,s0_partial_only_061_foam_brick_t4,partial_only,11,0.952993,,,,,,,,,,,1,0,1,1,1
061_foam_brick,s0_partial_only_061_foam_brick_t5,partial_only,24,0.944011,,,,,,,,,,,1,0,1,1,1
061_foam_brick,s0_partial_only_061_foam_brick_t6,partial_only,72,0.917771,,,,,,,,,,,1,0,1,1,1
061_foam_brick,s0_partial_only_061_foam_brick_t7,partial_only,102,0.919113,,,,,,,,,,,1,0,1,1,1
061_foam_brick,s0_partial_only_061_foam_brick_t8,partial_only,494,0.837851,,,,,,,,,,,1,0,1,1,1
061_foam_brick,s0_partial_only_061_foam_brick_t9,partial_only,14,0.923810,,,,,,,,,,,1,0,1,1,1
010_potted_meat_can,s0_complete_only_010_potted_meat_can_t0,complete_only,361,0.617791,0.022172,7.276931e-06,2.883107e-05,761,0.014781,7.937986e-06,0.029563,6.841452e-06,7.204495e-01,839,1,0,1,1,1
010_potted_meat_can,s0_complete_only_010_potted_meat_can_t1,complete_only,849,0.550203,0.021816,9.988541e-06,4.854666e-05,1020,0.014544,1.856006e-06,0.029088,1.659817e-05,7.461120e-01,636,1,0,1,1,0
010_potted_meat_can,s0_complete_only_010_potted_meat_can_t2,complete_only,127,0.739802,0.021474,3.533381e-06,1.101892e-05,985,0.014316,2.612009e-06,0.028633,6.138653e-06,7.025289e-02,325,1,0,1,1,1
010_potted_meat_can,s0_complete_only_010_potted_meat_can_t3,complete_only,312,0.697392,0.021210,5.685626e-06,1.376338e-05,885,0.014140,5.910644e-06,0.028280,3.882618e-06,8.821166e-01,761,1,0,1,1,0
010_potted_meat_can,s0_complete_only_010_potted_meat_can_t4,complete_only,549,0.682000,0.021588,5.226025e-06,1.552389e-05,676,0.014392,7.213580e-06,0.028784,1.175230e-05,8.556237e-01,773,1,0,1,1,1
010_potted_meat_can,s0_complete_only_010_potted_meat_can_t5,complete_only,297,0.775876,0.027477,5.153044e-06,2.292370e-05,2034,0.018318,4.692447e-06,0.036636,5.616669e-06,0.000000e+00,121,1,0,1,1,0
010_potted_meat_can,s0_complete_only_010_potted_meat_can_t6,complete_only,433,0.647771,0.021807,3.168354e-06,2.378211e-05,679,0.014538,2.016890e-06,0.029076,5.205554e-06,6.982284e-01,819,1,0,1,1,1
010_potted_meat_can,s0_complete_only_010_potted_meat_can_t7,complete_only,381,0.821348,0.021387,2.198466e-06,6.213254e-06,732,0.014258,1.819005e-06,0.028516,4.012408e-06,3.816028e-01,549,1,0,1,1,1
010_potted_meat_can,s0_complete_only_010_potted_meat_can_t8,complete_only,180,0.773236,0.021931,5.697281e-06,2.426989e-05,911,0.014621,3.344472e-06,0.029242,5.948002e-06,1.688841e-01,368,1,0,1,1,0
010_potted_meat_can,s0_complete_only_010_potted_meat_can_t9,complete_only,707,0.594662,0.021801,1.552296e-06,4.690927e-06,575,0.014534,1.428024e-06,0.029068,1.471502e-06,5.846126e-01,756,1,0,1,1,1
006_mustard_bottle,s0_complete_epi_006_mustard_bottle_t0,complete_epi,98,0.873211,0.031403,4.078994e-05,9.928584e-05,1176,0.020936,5.213422e-05,0.041871,3.109964e-05,6.422660e-01,323,1,0,1,1,1
006_mustard_bottle,s0_complete_epi_006_mustard_bottle_t1,complete_epi,19,0.938477,0.033332,4.369892e-05,2.443947e-04,1398,0.022222,4.783800e-05,0.044443,4.268029e-05,4.305764e-01,516,1,0,1,1,1
006_mustard_bottle,s0_complete_epi_006_mustard_bottle_t2,complete_epi,0,0.843009,0.031117,2.474913e-05,8.489957e-05,1027,0.020744,2.442641e-05,0.041489,1.793542e-05,6.632804e-02,233,1,0,1,1,1
006_mustard_bottle,s0_complete_epi_006_mustard_bottle_t3,complete_epi,1,0.852413,0.032878,2.213624e-05,6.764478e-05,1569,0.021919,3.103553e-05,0.043837,1.627229e-05,8.476682e-01,546,1,0,1,1,1
006_mustard_bottle,s0_complete_epi_006_mustard_bottle_t4,complete_epi,12,0.923817,0.031524,5.675056e-05,1.105916e-04,881,0.021016,6.191349e-05,0.042032,4.057776e-05,8.494157e-01,250,1,0,1,1,1
006_mustard_bottle,s0_complete_epi_006_mustard_bottle_t6,complete_epi,143,0.859606,0.030808,2.116750e-05,9.047567e-05,1502,0.020538,2.214587e-05,0.041077,2.312671e-05,2.006546e-01,274,1,0,1,1,1
006_mustard_bottle,s0_complete_epi_006_mustard_bottle_t7,complete_epi,6,0.967135,0.030624,4.740352e-06,1.976340e-05,1845,0.020416,3.398447e-06,0.040832,4.952145e-06,1.996976e-01,440,1,0,1,1,0
006_mustard_bottle,s0_complete_epi_006_mustard_bottle_t8,complete_epi,328,0.718573,0.031364,7.141304e-06,1.790652e-05,1474,0.020909,7.407798e-06,0.041818,6.459752e-06,5.498475e-01,444,1,0,1,1,1
006_mustard_bottle,s0_complete_epi_006_mustard_bottle_t9,complete_epi,101,0.854877,0.031196,3.683289e-05,1.630749e-04,1344,0.020798,2.183880e-05,0.041595,3.275914e-05,2.776743e-01,311,1,0,1,1,1
061_foam_brick,s0_complete_epi_061_foam_brick_t0,complete_epi,0,0.935559,0.017583,5.538516e-06,4.863526e-06,1066,0.011722,1.250705e-06,0.023444,8.474624e-06,5.236200e-01,751,1,0,1,1,1
061_foam_brick,s0_complete_epi_061_foam_brick_t1,complete_epi,2,0.964964,0.018498,1.289660e-06,3.711526e-06,783,0.012332,1.649086e-06,0.024664,1.543833e-06,9.687461e-01,1038,1,0,1,1,1
061_foam_brick,s0_complete_epi_061_foam_brick_t2,complete_epi,17,0.944284,0.018269,6.383097e-06,3.527417e-05,1522,0.012179,4.406970e-06,0.024359,8.193618e-06,5.215434e-01,726,1,0,1,1,1
061_foam_brick,s0_complete_epi_061_foam_brick_t3,complete_epi,1,0.905290,0.017236,2.846791e-05,1.293000e-04,1077,0.011491,3.927052e-05,0.022981,1.574697e-05,1.225169e+00,1055,1,0,1,1,1
061_foam_brick,s0_complete_epi_061_foam_brick_t4,complete_epi,4,0.958768,0.018263,2.228067e-06,2.606663e-06,1251,0.012175,1.706356e-06,0.024351,4.559981e-06,3.879723e-01,536,1,0,1,1,1
061_foam_brick,s0_complete_epi_061_foam_brick_t5,complete_epi,0,0.963629,0.017711,5.280661e-06,7.951654e-06,1435,0.011808,1.530396e-06,0.023615,9.064303e-06,6.587237e-01,807,1,0,1,1,1
061_foam_brick,s0_complete_epi_061_foam_brick_t6,complete_epi,0,0.944637,0.017337,2.339080e-06,2.837862e-06,826,0.011558,1.173339e-06,0.023115,5.119033e-06,1.222584e+00,1402,1,0,1,1,1
061_foam_brick,s0_complete_epi_061_foam_brick_t7,complete_epi,26,0.943225,0.017647,1.254360e-06,2.362659e-06,872,0.011765,1.050377e-06,0.023529,1.802367e-06,2.125929e-01,522,1,0,1,1,1
061_foam_brick,s0_complete_epi_061_foam_brick_t8,complete_epi,54,0.938953,0.017594,2.493765e-06,6.345776e-06,1102,0.011729,3.088822e-06,0.023459,2.928735e-06,1.185244e+00,1276,1,0,1,1,1
061_foam_brick,s0_complete_epi_061_foam_brick_t9,complete_epi,0,0.957612,0.018972,1.152556e-06,3.480481e-06,861,0.012648,1.142334e-06,0.025296,2.877864e-06,1.059707e+00,1210,1,0,1,1,1
010_potted_meat_can,s0_duarte_mcd_010_potted_meat_can_t0,duarte_mcd,380,0.690249,,,,,,,,,7.140441e-01,696,1,0,1,1,0
010_potted_meat_can,s0_duarte_mcd_010_potted_meat_can_t1,duarte_mcd,868,0.519040,,,,,,,,,4.270432e-01,372,1,0,1,1,1
010_potted_meat_can,s0_duarte_mcd_010_potted_meat_can_t2,duarte_mcd,66,0.888580,,,,,,,,,8.714539e-01,687,1,0,1,1,0
010_potted_meat_can,s0_duarte_mcd_010_potted_meat_can_t3,duarte_mcd,947,0.547374,,,,,,,,,2.924922e-01,267,1,0,1,1,0
010_potted_meat_can,s0_duarte_mcd_010_potted_meat_can_t4,duarte_mcd,699,0.691605,,,,,,,,,5.633022e-01,548,1,0,1,1,0
010_potted_meat_can,s0_duarte_mcd_010_potted_meat_can_t5,duarte_mcd,757,0.703707,,,,,,,,,8.109702e-02,195,1,0,1,1,1
010_potted_meat_can,s0_duarte_mcd_010_potted_meat_can_t6,duarte_mcd,377,0.696640,,,,,,,,,1.756862e-01,418,1,0,1,1,0
010_potted_meat_can,s0_duarte_mcd_010_potted_meat_can_t7,duarte_mcd,598,0.655052,,,,,,,,,8.428789e-01,1000,1,0,1,1,1
010_potted_meat_can,s0_duarte_mcd_010_potted_meat_can_t8,duarte_mcd,621,0.742108,,,,,,,,,6.273219e-01,531,1,0,1,1,0
010_potted_meat_can,s0_duarte_mcd_010_potted_meat_can_t9,duarte_mcd,620,0.648753,,,,,,,,,1.123978e+00,712,1,0,1,1,0
006_mustard_bottle,s1_partial_only_006_mustard_bottle_t0,partial_only,0,0.948763,,,,,,,,,,,1,0,1,1,1
006_mustard_bottle,s1_partial_only_006_mustard_bottle_t1,partial_only,2,0.923004,,,,,,,,,,,1,0,1,1,1
006_mustard_bottle,s1_partial_only_006_mustard_bottle_t2,partial_only,227,0.890397,,,,,,,,,,,1,0,1,1,0
006_mustard_bottle,s1_partial_only_006_mustard_bottle_t3,partial_only,12,0.931179,,,,,,,,,,,1,0,1,1,1
006_mustard_bottle,s1_partial_only_006_mustard_bottle_t4,partial_only,0,0.952018,,,,,,,,,,,1,0,1,1,1
006_mustard_bottle,s1_partial_only_006_mustard_bottle_t5,partial_only,373,0.900333,,,,,,,,,,,1,0,1,1,1
006_mustard_bottle,s1_partial_only_006_mustard_bottle_t7,partial_only,75,0.914825,,,,,,,,,,,1,0,1,1,1
006_mustard_bottle,s1_partial_only_006_mustard_bottle_t8,partial_only,326,0.878624,,,,,,,,,,,1,0,1,1,1
006_mustard_bottle,s1_partial_only_006_mustard_bottle_t9,partial_only,7,0.923799,,,,,,,,,,,1,0,1,1,1
061_foam_brick,s1_partial_only_061_foam_brick_t0,partial_only,152,0.911019,,,,,,,,,,,1,0,1,1,1
061_foam_brick,s1_partial_only_061_foam_brick_t1,partial_only,26,0.949395,,,,,,,,,,,1,0,1,1,1
061_foam_brick,s1_partial_only_061_foam_brick_t2,partial_only,49,0.925142,,,,,,,,,,,1,0,1,1,1
061_foam_brick,s1_partial_only_061_foam_brick_t3,partial_only,501,0.857201,,,,,,,,,,,1,0,1,1,1
061_foam_brick,s1_partial_only_061_foam_brick_t4,partial_only,150,0.892345,,,,,,,,,,,1,0,1,1,0
061_foam_brick,s1_partial_only_061_foam_brick_t5,partial_only,156,0.925792,,,,,,,,,,,1,0,1,1,1
061_foam_brick,s1_partial_only_061_foam_brick_t6,partial_only,417,0.862415,,,,,,,,,,,1,0,1,1,1
061_foam_brick,s1_partial_only_061_foam_brick_t7,partial_only,11,0.955201,,,,,,,,,,,1,0,1,1,1
061_foam_brick,s1_partial_only_061_foam_brick_t8,partial_only,160,0.918129,,,,,,,,,,,1,0,1,1,1
061_foam_brick,s1_partial_only_061_foam_brick_t9,partial_only,465,0.851279,,,,,,,,,,,1,0,1,1,1
010_potted_meat_can,s1_complete_only_010_potted_meat_can_t0,complete_only,398,0.710325,0.021707,3.485824e-06,1.304746e-05,869,0.014472,5.579484e-06,0.028943,5.136454e-06,1.105017e+00,1033,1,0,1,1,1
010_potted_meat_can,s1_complete_only_010_potted_meat_can_t2,complete_only,24,0.853654,0.021313,1.765694e-06,6.445417e-06,1158,0.014209,1.300234e-06,0.028417,1.899643e-06,4.971338e-01,629,1,0,1,1,1
010_potted_meat_can,s1_complete_only_010_potted_meat_can_t3,complete_only,314,0.756681,0.021207,3.744475e-06,1.075333e-05,1155,0.014138,3.501126e-06,0.028276,4.270132e-06,1.432757e+00,1188,1,0,1,1,0
010_potted_meat_can,s1_complete_only_010_potted_meat_can_t4,complete_only,250,0.745521,0.021076,9.389640e-06,4.905825e-05,794,0.014051,8.933524e-06,0.028102,1.036328e-05,5.607120e-01,571,1,0,1,1,1
010_potted_meat_can,s1_complete_only_010_potted_meat_can_t5,complete_only,1161,0.546591,0.030261,2.050444e-05,2.268187e-05,1466,0.020174,7.349411e-06,0.040348,2.609650e-05,8.570167e-01,727,1,0,1,1,1
010_potted_meat_can,s1_complete_only_010_potted_meat_can_t6,complete_only,392,0.766862,0.020776,6.417678e-06,2.044005e-05,957,0.013850,5.549869e-06,0.027701,7.546274e-06,3.456145e-01,505,1,0,1,1,1
010_potted_meat_can,s1_complete_only_010_potted_meat_can_t7,complete_only,69,0.794782,0.021946,2.595771e-06,7.218834e-06,899,0.014631,2.731112e-06,0.029262,2.709355e-06,6.012967e-01,663,1,0,1,1,0
010_potted_meat_can,s1_complete_only_010_potted_meat_can_t8,complete_only,95,0.855720,0.021054,2.096839e-06,6.019516e-06,789,0.014036,2.331663e-06,0.028072,2.920162e-06,5.981102e-01,762,1,0,1,1,1
010_potted_meat_can,s1_complete_only_010_potted_meat_can_t9,complete_only,404,0.789096,0.028554,1.846431e-06,4.080970e-06,1333,0.019036,1.570107e-06,0.038072,4.015967e-06,6.286762e-01,675,1,0,1,1,1
006_mustard_bottle,s1_complete_epi_006_mustard_bottle_t0,complete_epi,15,0.829003,0.031004,3.337175e-05,8.265294e-05,971,0.020669,4.114614e-05,0.041339,2.210295e-05,2.358254e-01,254,1,0,1,1,1
006_mustard_bottle,s1_complete_epi_006_mustard_bottle_t1,complete_epi,1188,0.421344,0.051160,1.487997e-05,6.484999e-05,2912,0.034107,7.367503e-06,0.068214,1.979537e-05,6.153088e-01,484,1,0,1,1,0
006_mustard_bottle,s1_complete_epi_006_mustard_bottle_t2,complete_epi,90,0.941839,0.030498,8.199272e-06,3.852431e-05,1469,0.020332,5.036126e-06,0.040664,1.016076e-05,0.000000e+00,260,1,0,1,1,1
006_mustard_bottle,s1_complete_epi_006_mustard_bottle_t3,complete_epi,41,0.847901,0.048525,2.130980e-04,1.174660e-03,5339,0.032350,5.022895e-04,0.064700,1.549789e-04,5.530889e-01,469,1,0,1,1,0
006_mustard_bottle,s1_complete_epi_006_mustard_bottle_t4,complete_epi,0,0.869172,0.031234,1.637282e-05,3.706338e-05,1119,0.020822,2.050027e-05,0.041645,1.164316e-05,3.179883e-01,281,1,0,1,1,1
006_mustard_bottle,s1_complete_epi_006_mustard_bottle_t5,complete_epi,69,0.950300,0.020157,2.121599e-04,7.701186e-04,805,0.013438,3.080666e-04,0.026876,1.110068e-04,1.581622e+00,559,1,0,1,1,0
006_mustard_bottle,s1_complete_epi_006_mustard_bottle_t6,complete_epi,0,0.912742,0.031548,1.628995e-05,3.783351e-05,1524,0.021032,1.984301e-05,0.042065,1.309909e-05,1.188852e-01,180,1,0,1,1,1
006_mustard_bottle,s1_complete_epi_006_mustard_bottle_t7,complete_epi,1034,0.652383,0.046396,3.183430e-04,1.116360e-03,1915,0.030931,4.074185e-04,0.061862,1.635247e-04,1.478620e+00,111,1,0,1,1,0
006_mustard_bottle,s1_complete_epi_006_mustard_bottle_t8,complete_epi,11,0.951865,0.030336,2.376113e-06,9.737223e-06,2042,0.020224,2.002695e-06,0.040449,2.892856e-06,7.132315e-03,327,1,0,1,1,1
006_mustard_bottle,s1_complete_epi_006_mustard_bottle_t9,complete_epi,58,0.863615,0.032043,6.076104e-05,2.724452e-04,1201,0.021362,6.908257e-05,0.042725,5.917546e-05,3.723745e-01,353,1,0,1,1,1
061_foam_brick,s1_complete_epi_061_foam_brick_t0,complete_epi,5,0.949641,0.018037,4.823936e-06,1.434021e-05,1852,0.012025,2.628806e-06,0.024049,6.935384e-06,7.976060e-01,922,1,0,1,1,0
061_foam_brick,s1_complete_epi_061_foam_brick_t1,complete_epi,1,0.954352,0.019189,1.088904e-05,5.745114e-05,1313,0.012793,8.418777e-06,0.025586,1.622297e-05,9.482053e-01,988,1,0,1,1,1
061_foam_brick,s1_complete_epi_061_foam_brick_t2,complete_epi,0,0.963724,0.017399,4.083249e-06,9.268032e-06,1234,0.011599,2.523173e-06,0.023198,5.051200e-06,6.906601e-01,788,1,0,1,1,1
061_foam_brick,s1_complete_epi_061_foam_brick_t3,complete_epi,0,0.938334,0.016953,7.807309e-06,1.958048e-05,1252,0.011302,9.861708e-06,0.022604,8.696489e-06,9.437015e-01,982,1,0,1,1,1
061_foam_brick,s1_complete_epi_061_foam_brick_t4,complete_epi,0,0.939397,0.018231,1.325767e-05,8.112937e-05,1034,0.012154,1.011592e-05,0.024308,1.502514e-05,3.920435e-01,490,1,0,1,1,1
061_foam_brick,s1_complete_epi_061_foam_brick_t5,complete_epi,0,0.963216,0.017586,1.073315e-06,2.277985e-06,1045,0.011724,1.214214e-06,0.023449,1.130102e-06,1.340912e+00,1496,1,0,1,1,1
061_foam_brick,s1_complete_epi_061_foam_brick_t6,complete_epi,0,0.945783,0.018082,4.294807e-06,1.628390e-05,1886,0.012055,2.947833e-06,0.024110,6.560554e-06,2.300040e-01,383,1,0,1,1,0
061_foam_brick,s1_complete_epi_061_foam_brick_t7,complete_epi,0,0.950164,0.018455,5.904191e-06,1.257230e-05,1412,0.012303,3.563670e-06,0.024607,8.008122e-06,7.698626e-01,758,1,0,1,1,0
061_foam_brick,s1_complete_epi_061_foam_brick_t8,complete_epi,116,0.922932,0.018160,1.183059e-06,3.769980e-06,1086,0.012106,1.171182e-06,0.024213,1.338407e-06,5.038637e-01,797,1,0,1,1,1
061_foam_brick,s1_complete_epi_061_foam_brick_t9,complete_epi,0,0.950908,0.017254,1.759043e-06,4.036174e-06,1345,0.011503,1.091106e-06,0.023006,1.778278e-06,8.159430e-01,1028,1,0,1,1,1
010_potted_meat_can,s1_duarte_mcd_010_potted_meat_can_t0,duarte_mcd,721,0.717379,,,,,,,,,7.583210e-01,635,1,0,1,1,1
010_potted_meat_can,s1_duarte_mcd_010_potted_meat_can_t2,duarte_mcd,617,0.647366,,,,,,,,,7.957904e-01,578,1,0,1,1,1
010_potted_meat_can,s1_duarte_mcd_010_potted_meat_can_t3,duarte_mcd,530,0.803680,,,,,,,,,6.956551e-01,275,1,0,1,1,0
010_potted_meat_can,s1_duarte_mcd_010_potted_meat_can_t4,duarte_mcd,644,0.731154,,,,,,,,,5.097994e-01,556,1,0,1,1,0
010_potted_meat_can,s1_duarte_mcd_010_potted_meat_can_t5,duarte_mcd,1048,0.551231,,,,,,,,,8.186845e-02,156,1,0,1,1,0
010_potted_meat_can,s1_duarte_mcd_010_potted_meat_can_t6,duarte_mcd,703,0.715281,,,,,,,,,8.509027e-01,801,1,0,1,1,1
010_potted_meat_can,s1_duarte_mcd_010_potted_meat_can_t7,duarte_mcd,712,0.706674,,,,,,,,,3.130080e-01,341,1,0,1,1,1
010_potted_meat_can,s1_duarte_mcd_010_potted_meat_can_t9,duarte_mcd,486,0.716820,,,,,,,,,0.000000e+00,77,1,0,1,1,1
006_mustard_bottle,s2_partial_only_006_mustard_bottle_t0,partial_only,189,0.918401,,,,,,,,,,,1,0,1,1,1
006_mustard_bottle,s2_partial_only_006_mustard_bottle_t1,partial_only,194,0.911560,,,,,,,,,,,1,0,1,1,1
006_mustard_bottle,s2_partial_only_006_mustard_bottle_t2,partial_only,479,0.830846,,,,,,,,,,,1,0,1,1,1
006_mustard_bottle,s2_partial_only_006_mustard_bottle_t3,partial_only,0,0.946267,,,,,,,,,,,1,0,1,1,1
006_mustard_bottle,s2_partial_only_006_mustard_bottle_t4,partial_only,340,0.861002,,,,,,,,,,,1,0,1,1,1
006_mustard_bottle,s2_partial_only_006_mustard_bottle_t5,partial_only,227,0.904059,,,,,,,,,,,1,0,1,1,1
006_mustard_bottle,s2_partial_only_006_mustard_bottle_t8,partial_only,88,0.932348,,,,,,,,,,,1,0,1,1,1
006_mustard_bottle,s2_partial_only_006_mustard_bottle_t9,partial_only,254,0.889702,,,,,,,,,,,1,0,1,1,1
061_foam_brick,s2_partial_only_061_foam_brick_t0,partial_only,182,0.921265,,,,,,,,,,,1,0,1,1,1
061_foam_brick,s2_partial_only_061_foam_brick_t1,partial_only,90,0.935856,,,,,,,,,,,1,0,1,1,1
061_foam_brick,s2_partial_only_061_foam_brick_t2,partial_only,15,0.934606,,,,,,,,,,,1,0,1,1,1
061_foam_brick,s2_partial_only_061_foam_brick_t3,partial_only,232,0.860901,,,,,,,,,,,1,0,1,1,1
061_foam_brick,s2_partial_only_061_foam_brick_t4,partial_only,193,0.911775,,,,,,,,,,,1,0,1,1,1
061_foam_brick,s2_partial_only_061_foam_brick_t5,partial_only,329,0.903130,,,,,,,,,,,1,0,1,1,1
061_foam_brick,s2_partial_only_061_foam_brick_t6,partial_only,330,0.881623,,,,,,,,,,,1,0,1,1,0
061_foam_brick,s2_partial_only_061_foam_brick_t7,partial_only,52,0.912825,,,,,,,,,,,1,0,1,1,1
061_foam_brick,s2_partial_only_061_foam_brick_t8,partial_only,0,0.971047,,,,,,,,,,,1,0,1,1,1
061_foam_brick,s2_partial_only_061_foam_brick_t9,partial_only,77,0.935081,,,,,,,,,,,1,0,1,1,1
010_potted_meat_can,s2_complete_only_010_potted_meat_can_t0,complete_only,641,0.618046,0.021498,1.491902e-06,2.924956e-06,688,0.014332,1.747187e-06,0.028664,2.159555e-06,4.372916e-01,697,1,0,1,1,1
010_potted_meat_can,s2_complete_only_010_potted_meat_can_t1,complete_only,451,0.637118,0.022117,2.528641e-06,6.607811e-06,837,0.014745,1.760005e-06,0.029489,3.985021e-06,5.799517e-01,742,1,0,1,1,0
010_potted_meat_can,s2_complete_only_010_potted_meat_can_t2,complete_only,404,0.662853,0.023211,1.997168e-06,5.176602e-06,1071,0.015474,2.649767e-06,0.030948,1.856625e-06,9.533901e-01,968,1,0,1,1,1
010_potted_meat_can,s2_complete_only_010_potted_meat_can_t3,complete_only,122,0.810225,0.021669,6.181208e-06,1.443450e-05,1085,0.014446,8.053181e-06,0.028892,7.794312e-06,1.057188e+00,1024,1,0,1,1,0
010_potted_meat_can,s2_complete_only_010_potted_meat_can_t4,complete_only,709,0.604096,0.021374,2.432620e-06,1.788744e-05,785,0.014250,1.945414e-06,0.028499,4.567607e-06,4.549471e-01,711,1,0,1,1,1
010_potted_meat_can,s2_complete_only_010_potted_meat_can_t5,complete_only,464,0.666990,0.021044,8.208600e-06,1.255360e-05,533,0.014029,4.761332e-06,0.028058,1.157738e-05,5.104245e-01,563,1,0,1,1,1
010_potted_meat_can,s2_complete_only_010_potted_meat_can_t6,complete_only,185,0.875490,0.021597,2.644097e-06,5.778655e-06,593,0.014398,2.429172e-06,0.028796,2.685119e-06,7.195196e-01,707,1,0,1,1,1
010_potted_meat_can,s2_complete_only_010_potted_meat_can_t8,complete_only,561,0.654513,0.021362,4.269462e-06,7.221695e-06,699,0.014241,3.547388e-06,0.028482,6.720396e-06,6.033982e-01,727,1,0,1,1,0
010_potted_meat_can,s2_complete_only_010_potted_meat_can_t9,complete_only,636,0.621551,0.021160,2.982241e-06,9.743809e-06,822,0.014106,1.240155e-06,0.028213,5.139905e-06,6.528468e-01,673,1,0,1,1,1
006_mustard_bottle,s2_complete_epi_006_mustard_bottle_t0,complete_epi,3,0.925070,0.031008,1.933738e-05,1.369863e-04,1527,0.020672,1.389023e-05,0.041344,2.446616e-05,1.087703e-01,372,1,0,1,1,1
006_mustard_bottle,s2_complete_epi_006_mustard_bottle_t1,complete_epi,36,0.935503,0.031767,8.050369e-06,2.129349e-05,1435,0.021178,7.574992e-06,0.042356,8.472594e-06,3.555877e-01,254,1,0,1,1,1
006_mustard_bottle,s2_complete_epi_006_mustard_bottle_t2,complete_epi,125,0.919333,0.030701,4.628352e-05,1.326029e-04,1194,0.020468,5.203569e-05,0.040935,3.703127e-05,7.971465e-01,276,1,0,1,1,1
006_mustard_bottle,s2_complete_epi_006_mustard_bottle_t3,complete_epi,4,0.851924,0.031131,1.990772e-05,4.460366e-05,1341,0.020754,2.442048e-05,0.041508,1.574886e-05,4.075764e-01,220,1,0,1,1,1
006_mustard_bottle,s2_complete_epi_006_mustard_bottle_t4,complete_epi,177,0.878452,0.030963,1.967049e-05,9.953254e-05,1784,0.020642,1.499532e-05,0.041285,2.381901e-05,5.275792e-01,589,1,0,1,1,1
006_mustard_bottle,s2_complete_epi_006_mustard_bottle_t5,complete_epi,2,0.954518,0.016410,9.539341e-06,3.389469e-05,3022,0.010940,8.067291e-06,0.021880,9.267535e-06,3.925442e+00,3397,1,0,1,1,0
006_mustard_bottle,s2_complete_epi_006_mustard_bottle_t6,complete_epi,22,0.911205,0.031068,4.904226e-06,1.072213e-05,1485,0.020712,6.578298e-06,0.041424,3.674818e-06,9.192134e-02,218,1,0,1,1,1
006_mustard_bottle,s2_complete_epi_006_mustard_bottle_t7,complete_epi,11,0.862280,0.032094,7.899876e-06,1.677396e-05,1224,0.021396,9.937258e-06,0.042792,6.241807e-06,4.163050e-01,309,1,0,1,1,0
006_mustard_bottle,s2_complete_epi_006_mustard_bottle_t8,complete_epi,161,0.919964,0.030824,4.005325e-05,1.863722e-04,1040,0.020549,3.842665e-05,0.041098,2.938870e-05,8.742143e-01,256,1,0,1,1,1
006_mustard_bottle,s2_complete_epi_006_mustard_bottle_t9,complete_epi,2,0.921968,0.031037,9.784428e-06,5.014432e-05,1549,0.020691,6.521091e-06,0.041382,1.010351e-05,4.892073e-01,637,1,0,1,1,1
061_foam_brick,s2_complete_epi_061_foam_brick_t0,complete_epi,0,0.950962,0.018495,1.061135e-06,4.541190e-06,1250,0.012330,1.106818e-06,0.024660,3.272303e-06,1.287536e+00,1489,1,0,1,1,1
061_foam_brick,s2_complete_epi_061_foam_brick_t1,complete_epi,0,0.968778,0.017635,3.314013e-06,1.064036e-05,1650,0.011757,3.538785e-06,0.023514,6.247033e-06,1.155122e+00,1066,1,0,1,1,1
061_foam_brick,s2_complete_epi_061_foam_brick_t2,complete_epi,13,0.951535,0.017267,3.818365e-06,5.356223e-06,1226,0.011511,1.351079e-06,0.023023,6.499495e-06,9.560307e-01,1140,1,0,1,1,1
061_foam_brick,s2_complete_epi_061_foam_brick_t3,complete_epi,4,0.926229,0.018335,5.456380e-06,1.494623e-05,1875,0.012223,7.325906e-06,0.024447,1.008795e-05,8.815663e-01,878,1,0,1,1,1
061_foam_brick,s2_complete_epi_061_foam_brick_t4,complete_epi,7,0.951705,0.017926,2.437715e-06,7.458184e-06,1638,0.011951,1.850350e-06,0.023902,4.090754e-06,7.978130e-02,251,1,0,1,1,0
061_foam_brick,s2_complete_epi_061_foam_brick_t5,complete_epi,0,0.955982,0.018698,9.850684e-07,5.203278e-06,819,0.012465,8.044250e-07,0.024931,6.118218e-06,1.144259e+00,1350,1,0,1,1,1
061_foam_brick,s2_complete_epi_061_foam_brick_t6,complete_epi,22,0.958107,0.017331,2.179162e-06,4.292551e-06,1023,0.011554,2.286318e-06,0.023107,2.283491e-06,7.087164e-01,756,1,0,1,1,1
061_foam_brick,s2_complete_epi_061_foam_brick_t7,complete_epi,36,0.954258,0.017296,1.838765e-06,3.682371e-06,1360,0.011531,1.993808e-06,0.023061,2.294139e-06,6.346703e-01,822,1,0,1,1,1
061_foam_brick,s2_complete_epi_061_foam_brick_t8,complete_epi,0,0.975005,0.017577,3.400448e-06,1.531840e-05,1269,0.011718,1.876935e-06,0.023436,5.434648e-06,4.789725e-01,701,1,0,1,1,0
061_foam_brick,s2_complete_epi_061_foam_brick_t9,complete_epi,14,0.951600,0.017654,2.086374e-06,3.508098e-06,937,0.011769,1.741410e-06,0.023538,3.113569e-06,1.315909e+00,1749,1,0,1,1,0
010_potted_meat_can,s2_duarte_mcd_010_potted_meat_can_t0,duarte_mcd,706,0.635695,,,,,,,,,7.935292e-01,647,1,0,1,1,1
010_potted_meat_can,s2_duarte_mcd_010_potted_meat_can_t1,duarte_mcd,769,0.613265,,,,,,,,,2.424285e-01,423,1,0,1,1,1
010_potted_meat_can,s2_duarte_mcd_010_potted_meat_can_t3,duarte_mcd,693,0.759806,,,,,,,,,0.000000e+00,172,1,0,1,1,1
010_potted_meat_can,s2_duarte_mcd_010_potted_meat_can_t4,duarte_mcd,1090,0.487606,,,,,,,,,0.000000e+00,37,1,0,1,1,0
010_potted_meat_can,s2_duarte_mcd_010_potted_meat_can_t5,duarte_mcd,519,0.641958,,,,,,,,,8.025691e-01,1168,1,0,1,1,0
010_potted_meat_can,s2_duarte_mcd_010_potted_meat_can_t6,duarte_mcd,473,0.878111,,,,,,,,,6.210286e-02,185,1,0,1,1,1
010_potted_meat_can,s2_duarte_mcd_010_potted_meat_can_t7,duarte_mcd,468,0.841994,,,,,,,,,1.190840e-01,258,1,0,1,1,1
010_potted_meat_can,s2_duarte_mcd_010_potted_meat_can_t8,duarte_mcd,854,0.628161,,,,,,,,,3.430864e-01,447,1,0,1,1,1
010_potted_meat_can,s2_duarte_mcd_010_potted_meat_can_t9,duarte_mcd,417,0.733628,,,,,,,,,1.063982e+00,696,1,0,1,1,1
021_bleach_cleanser,s0_partial_only_021_bleach_cleanser_t0,partial_only,8,0.959507,,,,,,,,,,,1,0,1,1,1
021_bleach_cleanser,s0_partial_only_021_bleach_cleanser_t1,partial_only,28,0.938606,,,,,,,,,,,1,0,1,1,1
021_bleach_cleanser,s0_partial_only_021_bleach_cleanser_t2,partial_only,32,0.939872,,,,,,,,,,,1,0,1,1,1
021_bleach_cleanser,s0_partial_only_021_bleach_cleanser_t3,partial_only,1,0.962355,,,,,,,,,,,1,0,1,1,1
021_bleach_cleanser,s0_partial_only_021_bleach_cleanser_t4,partial_only,98,0.912988,,,,,,,,,,,1,0,1,1,0
021_bleach_cleanser,s0_partial_only_021_bleach_cleanser_t5,partial_only,40,0.942496,,,,,,,,,,,1,0,1,1,1
021_bleach_cleanser,s0_partial_only_021_bleach_cleanser_t7,partial_only,11,0.949427,,,,,,,,,,,1,0,1,1,1
021_bleach_cleanser,s0_partial_only_021_bleach_cleanser_t9,partial_only,28,0.930390,,,,,,,,,,,1,0,1,1,1
051_large_clamp,s0_partial_only_051_large_clamp_t0,partial_only,18,0.959297,,,,,,,,,,,1,0,1,1,1
051_large_clamp,s0_partial_only_051_large_clamp_t1,partial_only,1,0.962875,,,,,,,,,,,1,0,1,1,0
051_large_clamp,s0_partial_only_051_large_clamp_t2,partial_only,12,0.970300,,,,,,,,,,,1,0,1,1,0
051_large_clamp,s0_partial_only_051_large_clamp_t3,partial_only,23,0.962038,,,,,,,,,,,1,0,1,1,0
051_large_clamp,s0_partial_only_051_large_clamp_t4,partial_only,1,0.971792,,,,,,,,,,,1,0,1,1,1
051_large_clamp,s0_partial_only_051_large_clamp_t5,partial_only,10,0.962132,,,,,,,,,,,1,0,1,1,0
051_large_clamp,s0_partial_only_051_large_clamp_t6,partial_only,3,0.970634,,,,,,,,,,,1,0,1,1,0
051_large_clamp,s0_partial_only_051_large_clamp_t7,partial_only,0,0.975476,,,,,,,,,,,1,0,1,1,1
051_large_clamp,s0_partial_only_051_large_clamp_t8,partial_only,0,0.964038,,,,,,,,,,,1,0,1,1,1
051_large_clamp,s0_partial_only_051_large_clamp_t9,partial_only,2,0.930312,,,,,,,,,,,1,0,1,1,0
035_power_drill,s0_complete_only_035_power_drill_t0,complete_only,467,0.822697,0.041799,2.404983e-04,9.665211e-04,1068,0.027866,1.526480e-04,0.055732,3.184105e-04,4.642277e-01,232,1,0,1,1,1
035_power_drill,s0_complete_only_035_power_drill_t1,complete_only,37,0.943769,0.018994,9.266657e-05,6.316454e-04,670,0.012663,7.648828e-05,0.025326,4.522545e-05,2.773884e+00,2449,1,0,1,1,0
035_power_drill,s0_complete_only_035_power_drill_t2,complete_only,906,0.756755,0.043059,4.479728e-05,2.008615e-04,440,0.028706,5.411516e-07,0.057412,7.104076e-05,0.000000e+00,33,1,0,1,1,0
035_power_drill,s0_complete_only_035_power_drill_t3,complete_only,181,0.883038,0.042628,2.482361e-04,5.518941e-04,1269,0.028419,1.328592e-04,0.056838,2.417288e-04,9.917912e-01,311,1,0,1,1,1
035_power_drill,s0_complete_only_035_power_drill_t6,complete_only,438,0.850601,0.042139,3.873906e-06,1.030145e-05,1028,0.028093,2.685656e-06,0.056185,2.065751e-05,2.175754e-02,166,1,0,1,1,1
035_power_drill,s0_complete_only_035_power_drill_t7,complete_only,205,0.942133,0.021016,1.384569e-05,3.841031e-05,333,0.014011,9.376314e-06,0.028022,1.296714e-05,3.375372e-01,544,1,0,1,1,0
035_power_drill,s0_complete_only_035_power_drill_t8,complete_only,284,0.901035,0.051407,3.472971e-06,0.000000e+00,647,0.034271,0.000000e+00,0.068542,1.156702e-05,0.000000e+00,95,1,0,1,1,1
035_power_drill,s0_complete_only_035_power_drill_t9,complete_only,172,0.854662,0.052789,2.023062e-04,3.095299e-04,2298,0.035192,3.465221e-04,0.070385,1.453062e-04,5.963912e-01,296,1,0,1,1,1
021_bleach_cleanser,s0_complete_epi_021_bleach_cleanser_t0,complete_epi,316,0.864829,0.040654,2.972510e-06,0.000000e+00,549,0.027102,0.000000e+00,0.054205,2.478721e-05,0.000000e+00,88,1,0,1,1,1
021_bleach_cleanser,s0_complete_epi_021_bleach_cleanser_t1,complete_epi,934,0.578541,0.055681,7.417652e-05,2.759100e-04,3045,0.037120,6.027173e-05,0.074241,1.251379e-04,1.687687e+00,548,1,0,1,1,1
021_bleach_cleanser,s0_complete_epi_021_bleach_cleanser_t2,complete_epi,86,0.903801,0.065725,6.132652e-04,2.538387e-03,5515,0.043817,8.529600e-04,0.087634,6.066384e-04,2.842560e+00,378,1,0,1,1,0
021_bleach_cleanser,s0_complete_epi_021_bleach_cleanser_t3,complete_epi,141,0.900880,0.040811,9.322455e-06,1.940553e-05,871,0.027207,3.455970e-06,0.054414,1.704488e-05,0.000000e+00,52,1,0,1,1,1
021_bleach_cleanser,s0_complete_epi_021_bleach_cleanser_t4,complete_epi,23,0.927893,0.030295,9.191940e-06,4.058012e-05,1682,0.020197,8.858469e-06,0.040394,1.073633e-05,6.734170e-01,347,1,0,1,1,0
021_bleach_cleanser,s0_complete_epi_021_bleach_cleanser_t5,complete_epi,132,0.903283,0.040205,1.036211e-05,5.811040e-05,785,0.026803,1.166323e-05,0.053607,1.135960e-05,2.456409e-02,134,1,0,1,1,1
021_bleach_cleanser,s0_complete_epi_021_bleach_cleanser_t6,complete_epi,30,0.954271,0.043729,3.028556e-04,1.459156e-03,4333,0.029153,1.950698e-03,0.058305,4.402130e-04,6.812430e+00,1290,1,0,1,1,0
021_bleach_cleanser,s0_complete_epi_021_bleach_cleanser_t7,complete_epi,123,0.915542,0.041919,9.269563e-07,4.004190e-06,1818,0.027946,5.792131e-07,0.055891,1.244539e-06,0.000000e+00,230,1,0,1,1,1
021_bleach_cleanser,s0_complete_epi_021_bleach_cleanser_t8,complete_epi,52,0.906350,0.064968,2.844059e-04,2.005695e-03,6066,0.043312,8.979824e-04,0.086624,2.447414e-04,1.273878e+00,389,1,0,1,1,0
021_bleach_cleanser,s0_complete_epi_021_bleach_cleanser_t9,complete_epi,104,0.919555,0.040113,3.778633e-05,3.742092e-04,471,0.026742,4.825949e-05,0.053484,5.155146e-05,0.000000e+00,111,1,0,1,1,1
051_large_clamp,s0_complete_epi_051_large_clamp_t0,complete_epi,85,0.941152,0.033035,9.475999e-07,7.748891e-06,793,0.022024,0.000000e+00,0.044047,2.444460e-06,0.000000e+00,134,1,0,1,1,1
051_large_clamp,s0_complete_epi_051_large_clamp_t2,complete_epi,39,0.969158,0.032788,5.331058e-06,1.454499e-05,1300,0.021858,3.462541e-06,0.043717,1.206732e-05,2.707230e-01,281,1,0,1,1,0
051_large_clamp,s0_complete_epi_051_large_clamp_t3,complete_epi,2,0.965030,0.033359,0.000000e+00,0.000000e+00,673,0.022239,0.000000e+00,0.044478,1.456591e-07,0.000000e+00,128,1,0,1,1,1
051_large_clamp,s0_complete_epi_051_large_clamp_t4,complete_epi,0,0.976576,0.030623,2.214252e-06,1.294389e-05,782,0.020415,3.260812e-06,0.040830,2.440165e-06,0.000000e+00,140,1,0,1,1,0
051_large_clamp,s0_complete_epi_051_large_clamp_t5,complete_epi,0,0.960606,0.034242,2.476701e-06,9.575062e-06,1238,0.022828,2.658596e-06,0.045656,3.044636e-06,3.649350e-02,198,1,0,1,1,1
051_large_clamp,s0_complete_epi_051_large_clamp_t6,complete_epi,10,0.952806,0.033798,3.589544e-06,0.000000e+00,781,0.022532,7.496624e-07,0.045064,5.003135e-06,0.000000e+00,151,1,0,1,1,1
051_large_clamp,s0_complete_epi_051_large_clamp_t7,complete_epi,0,0.979305,0.026638,2.301673e-06,6.674616e-06,1642,0.017759,1.408303e-06,0.035517,3.998065e-06,7.219260e-03,225,1,0,1,1,0
051_large_clamp,s0_complete_epi_051_large_clamp_t8,complete_epi,0,0.960780,0.031506,1.010999e-08,0.000000e+00,721,0.021004,0.000000e+00,0.042008,9.955742e-07,0.000000e+00,141,1,0,1,1,1
051_large_clamp,s0_complete_epi_051_large_clamp_t9,complete_epi,27,0.947174,0.034083,2.523331e-07,0.000000e+00,822,0.022722,0.000000e+00,0.045444,2.908134e-06,0.000000e+00,150,1,0,1,1,1
035_power_drill,s0_duarte_mcd_035_power_drill_t0,duarte_mcd,187,0.871366,,,,,,,,,0.000000e+00,122,1,0,1,1,1
035_power_drill,s0_duarte_mcd_035_power_drill_t2,duarte_mcd,258,0.882585,,,,,,,,,2.464561e-01,138,1,0,1,1,0
035_power_drill,s0_duarte_mcd_035_power_drill_t3,duarte_mcd,118,0.899268,,,,,,,,,0.000000e+00,114,1,0,1,1,1
035_power_drill,s0_duarte_mcd_035_power_drill_t4,duarte_mcd,528,0.898999,,,,,,,,,1.080306e+00,1263,1,0,1,1,0
035_power_drill,s0_duarte_mcd_035_power_drill_t5,duarte_mcd,73,0.932970,,,,,,,,,1.084774e+00,2271,1,0,1,1,0
035_power_drill,s0_duarte_mcd_035_power_drill_t6,duarte_mcd,181,0.885733,,,,,,,,,0.000000e+00,133,1,0,1,1,1
035_power_drill,s0_duarte_mcd_035_power_drill_t7,duarte_mcd,62,0.959331,,,,,,,,,3.460684e-01,491,1,0,1,1,0
035_power_drill,s0_duarte_mcd_035_power_drill_t8,duarte_mcd,300,0.973373,,,,,,,,,8.717692e-01,2158,1,0,1,1,0
035_power_drill,s0_duarte_mcd_035_power_drill_t9,duarte_mcd,101,0.892518,,,,,,,,,0.000000e+00,143,1,0,1,1,1
021_bleach_cleanser,s1_partial_only_021_bleach_cleanser_t0,partial_only,34,0.936575,,,,,,,,,,,1,0,1,1,1
021_bleach_cleanser,s1_partial_only_021_bleach_cleanser_t1,partial_only,145,0.908689,,,,,,,,,,,1,0,1,1,1
021_bleach_cleanser,s1_partial_only_021_bleach_cleanser_t2,partial_only,11,0.947043,,,,,,,,,,,1,0,1,1,1
021_bleach_cleanser,s1_partial_only_021_bleach_cleanser_t3,partial_only,309,0.867083,,,,,,,,,,,1,0,1,1,0
021_bleach_cleanser,s1_partial_only_021_bleach_cleanser_t4,partial_only,113,0.905143,,,,,,,,,,,1,0,1,1,1
021_bleach_cleanser,s1_partial_only_021_bleach_cleanser_t5,partial_only,1,0.958988,,,,,,,,,,,1,0,1,1,1
021_bleach_cleanser,s1_partial_only_021_bleach_cleanser_t8,partial_only,147,0.895485,,,,,,,,,,,1,0,1,1,1
021_bleach_cleanser,s1_partial_only_021_bleach_cleanser_t9,partial_only,18,0.945513,,,,,,,,,,,1,0,1,1,1
051_large_clamp,s1_partial_only_051_large_clamp_t0,partial_only,0,0.970852,,,,,,,,,,,1,0,1,1,0
051_large_clamp,s1_partial_only_051_large_clamp_t1,partial_only,14,0.966707,,,,,,,,,,,1,0,1,1,1
051_large_clamp,s1_partial_only_051_large_clamp_t2,partial_only,0,0.967934,,,,,,,,,,,1,0,1,1,1
051_large_clamp,s1_partial_only_051_large_clamp_t3,partial_only,4,0.957471,,,,,,,,,,,1,0,1,1,0
051_large_clamp,s1_partial_only_051_large_clamp_t4,partial_only,9,0.966556,,,,,,,,,,,1,0,1,1,1
051_large_clamp,s1_partial_only_051_large_clamp_t5,partial_only,1,0.973332,,,,,,,,,,,1,0,1,1,0
051_large_clamp,s1_partial_only_051_large_clamp_t6,partial_only,2,0.970823,,,,,,,,,,,1,0,1,1,1
051_large_clamp,s1_partial_only_051_large_clamp_t7,partial_only,3,0.967605,,,,,,,,,,,1,0,1,1,1
051_large_clamp,s1_partial_only_051_large_clamp_t8,partial_only,0,0.975323,,,,,,,,,,,1,0,1,1,1
051_large_clamp,s1_partial_only_051_large_clamp_t9,partial_only,4,0.968850,,,,,,,,,,,1,0,1,1,0
035_power_drill,s1_complete_only_035_power_drill_t0,complete_only,890,0.743112,0.044879,1.186386e-06,6.883685e-06,637,0.029919,8.372584e-07,0.059839,1.201226e-05,0.000000e+00,130,1,0,1,1,1
035_power_drill,s1_complete_only_035_power_drill_t1,complete_only,95,0.883244,0.039455,5.111204e-04,2.255447e-03,611,0.026303,7.436584e-04,0.052606,3.100956e-04,9.535300e-01,183,1,0,1,1,1
035_power_drill,s1_complete_only_035_power_drill_t2,complete_only,115,0.873747,0.040924,2.159070e-05,4.789958e-05,1390,0.027283,7.304851e-06,0.054565,2.967738e-05,2.772756e-01,308,1,0,1,1,0
035_power_drill,s1_complete_only_035_power_drill_t3,complete_only,215,0.900752,0.049475,4.589398e-06,2.278240e-05,1014,0.032983,3.473357e-06,0.065967,6.840845e-06,0.000000e+00,85,1,0,1,1,0
035_power_drill,s1_complete_only_035_power_drill_t4,complete_only,454,0.822784,0.043337,1.596779e-04,4.763120e-04,737,0.028891,1.124872e-04,0.057783,2.151506e-04,2.016280e-01,122,1,0,1,1,1
035_power_drill,s1_complete_only_035_power_drill_t5,complete_only,916,0.881293,0.017326,2.567728e-04,6.744654e-04,2582,0.011551,3.848540e-04,0.023101,1.213328e-04,2.841184e+00,2004,1,0,1,1,0
035_power_drill,s1_complete_only_035_power_drill_t6,complete_only,665,0.801434,0.042244,2.439581e-04,7.898406e-04,741,0.028163,1.389678e-04,0.056326,3.401180e-04,4.992752e-01,168,1,0,1,1,1
035_power_drill,s1_complete_only_035_power_drill_t7,complete_only,415,0.864521,0.042756,4.897037e-05,4.360307e-04,459,0.028504,6.800791e-06,0.057008,1.013462e-04,0.000000e+00,105,1,0,1,1,0
035_power_drill,s1_complete_only_035_power_drill_t8,complete_only,80,0.958839,0.012531,1.104841e-04,5.232121e-04,613,0.008354,2.337084e-04,0.016708,7.114508e-05,5.048474e+00,2849,1,0,1,1,0
035_power_drill,s1_complete_only_035_power_drill_t9,complete_only,444,0.883544,0.055175,1.561499e-04,6.660064e-04,5276,0.036783,3.596318e-04,0.073567,1.520733e-04,5.382440e-01,482,1,0,1,1,1
021_bleach_cleanser,s1_complete_epi_021_bleach_cleanser_t0,complete_epi,63,0.909976,0.041768,1.494114e-05,7.973590e-05,759,0.027846,1.343341e-05,0.055691,1.668859e-05,0.000000e+00,89,1,0,1,1,1
021_bleach_cleanser,s1_complete_epi_021_bleach_cleanser_t1,complete_epi,105,0.889880,0.040461,9.891031e-06,4.403076e-05,1052,0.026974,1.143132e-05,0.053948,9.995910e-06,1.559438e-02,94,1,0,1,1,1
021_bleach_cleanser,s1_complete_epi_021_bleach_cleanser_t2,complete_epi,1,0.946217,0.037568,1.077514e-05,5.983879e-05,787,0.025045,8.049662e-06,0.050091,1.178368e-05,0.000000e+00,67,1,0,1,1,1
021_bleach_cleanser,s1_complete_epi_021_bleach_cleanser_t3,complete_epi,482,0.852539,0.040449,5.351489e-05,2.648353e-04,1042,0.026966,1.189961e-04,0.053932,3.327011e-05,1.140307e-01,108,1,0,1,1,1
021_bleach_cleanser,s1_complete_epi_021_bleach_cleanser_t4,complete_epi,788,0.829422,0.039863,6.348103e-05,3.875931e-04,942,0.026575,1.035265e-04,0.053151,3.012014e-05,1.864515e-01,154,1,0,1,1,1
021_bleach_cleanser,s1_complete_epi_021_bleach_cleanser_t5,complete_epi,1096,0.592669,0.054409,1.530866e-04,1.148622e-03,4648,0.036272,2.077280e-04,0.072545,1.417945e-04,2.398685e+00,970,1,0,1,1,1
021_bleach_cleanser,s1_complete_epi_021_bleach_cleanser_t6,complete_epi,0,0.967625,0.021176,9.323856e-05,4.003952e-04,1590,0.014117,8.601605e-05,0.028234,8.535809e-05,2.440892e+00,822,1,0,1,1,0
021_bleach_cleanser,s1_complete_epi_021_bleach_cleanser_t7,complete_epi,239,0.931209,0.014456,1.726750e-07,1.000697e-06,496,0.009638,0.000000e+00,0.019275,3.137772e-07,0.000000e+00,342,1,0,1,1,0
021_bleach_cleanser,s1_complete_epi_021_bleach_cleanser_t8,complete_epi,99,0.918493,0.041796,1.262720e-05,1.392704e-04,1098,0.027864,1.058170e-05,0.055728,1.365380e-05,0.000000e+00,145,1,0,1,1,1
021_bleach_cleanser,s1_complete_epi_021_bleach_cleanser_t9,complete_epi,207,0.914298,0.041576,1.352839e-05,6.847221e-05,864,0.027717,8.251072e-06,0.055434,2.512073e-05,0.000000e+00,62,1,0,1,1,1
051_large_clamp,s1_complete_epi_051_large_clamp_t0,complete_epi,0,0.970780,0.031256,1.579188e-06,3.542232e-06,1146,0.020837,9.472552e-07,0.041674,1.412415e-06,0.000000e+00,138,1,0,1,1,0
051_large_clamp,s1_complete_epi_051_large_clamp_t1,complete_epi,40,0.967518,0.033901,5.308323e-06,1.286584e-05,2181,0.022600,3.001806e-06,0.045201,1.097262e-05,4.546604e-01,355,1,0,1,1,0
051_large_clamp,s1_complete_epi_051_large_clamp_t3,complete_epi,4,0.947417,0.031633,1.002538e-08,0.000000e+00,667,0.021088,0.000000e+00,0.042177,1.478687e-06,0.000000e+00,151,1,0,1,1,1
051_large_clamp,s1_complete_epi_051_large_clamp_t4,complete_epi,0,0.935127,0.055583,3.658737e-05,1.180934e-05,3891,0.037055,1.183068e-05,0.074110,7.534293e-05,4.976235e-01,278,1,0,1,1,0
051_large_clamp,s1_complete_epi_051_large_clamp_t5,complete_epi,2,0.965409,0.032900,2.834719e-06,9.625210e-06,2693,0.021933,3.141868e-06,0.043866,5.335597e-06,3.924435e-01,350,1,0,1,1,0
051_large_clamp,s1_complete_epi_051_large_clamp_t6,complete_epi,0,0.974552,0.031804,1.096578e-06,2.269027e-06,1109,0.021203,1.290351e-06,0.042406,1.959464e-06,0.000000e+00,137,1,0,1,1,1
051_large_clamp,s1_complete_epi_051_large_clamp_t7,complete_epi,23,0.965051,0.032989,2.325065e-05,1.322527e-04,2246,0.021993,2.786126e-05,0.043986,3.051241e-05,8.165997e-01,556,1,0,1,1,1
051_large_clamp,s1_complete_epi_051_large_clamp_t8,complete_epi,0,0.966253,0.031867,0.000000e+00,0.000000e+00,921,0.021245,0.000000e+00,0.042490,3.283914e-07,0.000000e+00,230,1,0,1,1,0
051_large_clamp,s1_complete_epi_051_large_clamp_t9,complete_epi,22,0.950704,0.033423,1.955993e-06,9.007559e-06,851,0.022282,0.000000e+00,0.044563,3.130042e-06,0.000000e+00,140,1,0,1,1,1
035_power_drill,s1_duarte_mcd_035_power_drill_t0,duarte_mcd,161,0.919734,,,,,,,,,0.000000e+00,131,1,0,1,1,1
035_power_drill,s1_duarte_mcd_035_power_drill_t1,duarte_mcd,335,0.915378,,,,,,,,,2.272062e-01,329,1,0,1,1,0
035_power_drill,s1_duarte_mcd_035_power_drill_t2,duarte_mcd,135,0.944479,,,,,,,,,5.168337e-01,890,1,0,1,1,0
035_power_drill,s1_duarte_mcd_035_power_drill_t3,duarte_mcd,472,0.805997,,,,,,,,,0.000000e+00,115,1,0,1,1,1
035_power_drill,s1_duarte_mcd_035_power_drill_t4,duarte_mcd,249,0.849601,,,,,,,,,5.624304e-02,150,1,0,1,1,1
035_power_drill,s1_duarte_mcd_035_power_drill_t5,duarte_mcd,38,0.920781,,,,,,,,,9.699092e-01,390,1,0,1,1,1
035_power_drill,s1_duarte_mcd_035_power_drill_t6,duarte_mcd,132,0.930467,,,,,,,,,3.005546e-01,205,1,0,1,1,1
035_power_drill,s1_duarte_mcd_035_power_drill_t7,duarte_mcd,254,0.862639,,,,,,,,,1.293356e-01,121,1,0,1,1,0
035_power_drill,s1_duarte_mcd_035_power_drill_t8,duarte_mcd,595,0.907607,,,,,,,,,7.777785e-02,240,1,0,1,1,0
035_power_drill,s1_duarte_mcd_035_power_drill_t9,duarte_mcd,302,0.890606,,,,,,,,,8.982761e-01,1166,1,0,1,1,0
021_bleach_cleanser,s2_partial_only_021_bleach_cleanser_t0,partial_only,78,0.917761,,,,,,,,,,,1,0,1,1,1
021_bleach_cleanser,s2_partial_only_021_bleach_cleanser_t1,partial_only,24,0.929087,,,,,,,,,,,1,0,1,1,0
021_bleach_cleanser,s2_partial_only_021_bleach_cleanser_t2,partial_only,24,0.950430,,,,,,,,,,,1,0,1,1,1
021_bleach_cleanser,s2_partial_only_021_bleach_cleanser_t3,partial_only,55,0.915737,,,,,,,,,,,1,0,1,1,1
021_bleach_cleanser,s2_partial_only_021_bleach_cleanser_t4,partial_only,62,0.939359,,,,,,,,,,,1,0,1,1,1
021_bleach_cleanser,s2_partial_only_021_bleach_cleanser_t5,partial_only,83,0.937337,,,,,,,,,,,1,0,1,1,1
021_bleach_cleanser,s2_partial_only_021_bleach_cleanser_t6,partial_only,0,0.966945,,,,,,,,,,,1,0,1,1,1
021_bleach_cleanser,s2_partial_only_021_bleach_cleanser_t7,partial_only,0,0.967246,,,,,,,,,,,1,0,1,1,0
021_bleach_cleanser,s2_partial_only_021_bleach_cleanser_t8,partial_only,35,0.933185,,,,,,,,,,,1,0,1,1,1
021_bleach_cleanser,s2_partial_only_021_bleach_cleanser_t9,partial_only,87,0.916102,,,,,,,,,,,1,0,1,1,1
051_large_clamp,s2_partial_only_051_large_clamp_t0,partial_only,0,0.971556,,,,,,,,,,,1,0,1,1,0
051_large_clamp,s2_partial_only_051_large_clamp_t1,partial_only,0,0.972551,,,,,,,,,,,1,0,1,1,0
051_large_clamp,s2_partial_only_051_large_clamp_t2,partial_only,3,0.975561,,,,,,,,,,,1,0,1,1,1
051_large_clamp,s2_partial_only_051_large_clamp_t3,partial_only,17,0.964815,,,,,,,,,,,1,0,1,1,1
051_large_clamp,s2_partial_only_051_large_clamp_t4,partial_only,0,0.956096,,,,,,,,,,,1,0,1,1,0
051_large_clamp,s2_partial_only_051_large_clamp_t5,partial_only,0,0.967798,,,,,,,,,,,1,0,1,1,0
051_large_clamp,s2_partial_only_051_large_clamp_t6,partial_only,3,0.973404,,,,,,,,,,,1,0,1,1,1
051_large_clamp,s2_partial_only_051_large_clamp_t7,partial_only,9,0.959533,,,,,,,,,,,1,0,1,1,1
051_large_clamp,s2_partial_only_051_large_clamp_t8,partial_only,0,0.976142,,,,,,,,,,,1,0,1,1,1
051_large_clamp,s2_partial_only_051_large_clamp_t9,partial_only,1844,0.648481,,,,,,,,,,,1,0,1,1,0
035_power_drill,s2_complete_only_035_power_drill_t0,complete_only,161,0.905404,0.040316,2.816206e-05,9.874521e-05,1361,0.026877,3.344539e-05,0.053755,3.173940e-05,2.226059e-01,227,1,0,1,1,1
035_power_drill,s2_complete_only_035_power_drill_t1,complete_only,813,0.585888,0.053862,4.281473e-04,1.623576e-03,895,0.035908,4.257959e-04,0.071817,4.739948e-04,9.627254e-01,56,1,0,1,1,0
035_power_drill,s2_complete_only_035_power_drill_t2,complete_only,360,0.855412,0.042528,6.043994e-05,1.875365e-04,1014,0.028352,4.237271e-05,0.056704,7.178861e-05,8.846846e-01,463,1,0,1,1,1
035_power_drill,s2_complete_only_035_power_drill_t3,complete_only,1,0.949612,0.037794,9.925267e-04,5.528049e-03,619,0.025196,2.604892e-03,0.050392,4.151815e-04,5.343720e-01,229,1,0,1,1,0
035_power_drill,s2_complete_only_035_power_drill_t4,complete_only,650,0.729254,0.052307,1.829751e-05,4.688634e-05,2166,0.034871,9.886508e-06,0.069742,5.710434e-05,4.362068e-01,312,1,0,1,1,0
035_power_drill,s2_complete_only_035_power_drill_t6,complete_only,79,0.894916,0.042568,2.635762e-05,6.156973e-06,680,0.028379,4.313895e-06,0.056758,7.873658e-05,0.000000e+00,119,1,0,1,1,1
035_power_drill,s2_complete_only_035_power_drill_t7,complete_only,36,0.926420,0.046586,7.668664e-04,3.745973e-03,882,0.031058,9.796916e-04,0.062115,5.545763e-04,6.859974e-01,143,1,0,1,1,1
035_power_drill,s2_complete_only_035_power_drill_t8,complete_only,300,0.872397,0.042427,1.681825e-06,6.609464e-06,812,0.028285,1.668473e-06,0.056569,5.519448e-06,0.000000e+00,89,1,0,1,1,0
021_bleach_cleanser,s2_complete_epi_021_bleach_cleanser_t0,complete_epi,13,0.875377,0.040536,1.837446e-05,1.571170e-04,977,0.027024,1.281691e-05,0.054048,2.016630e-05,0.000000e+00,160,1,0,1,1,1
021_bleach_cleanser,s2_complete_epi_021_bleach_cleanser_t2,complete_epi,0,0.945495,0.024423,4.836128e-04,1.179809e-03,935,0.016282,5.846599e-04,0.032564,3.652422e-04,3.711939e+00,218,1,0,1,1,0
021_bleach_cleanser,s2_complete_epi_021_bleach_cleanser_t3,complete_epi,832,0.825476,0.040335,1.011591e-04,5.824620e-04,1166,0.026890,1.768833e-04,0.053780,4.375402e-05,1.785854e-01,132,1,0,1,1,1
021_bleach_cleanser,s2_complete_epi_021_bleach_cleanser_t4,complete_epi,19,0.916906,0.039881,4.244033e-05,3.034424e-04,652,0.026587,1.512638e-05,0.053175,4.373377e-05,0.000000e+00,89,1,0,1,1,1
021_bleach_cleanser,s2_complete_epi_021_bleach_cleanser_t5,complete_epi,9,0.918504,0.040099,1.729343e-05,1.387187e-04,528,0.026733,6.767484e-06,0.053465,2.098240e-05,0.000000e+00,127,1,0,1,1,1
021_bleach_cleanser,s2_complete_epi_021_bleach_cleanser_t7,complete_epi,1165,0.753574,0.027587,6.327026e-06,4.058641e-05,917,0.018391,5.545451e-06,0.036783,6.298335e-06,7.319867e-02,277,1,0,1,1,0
021_bleach_cleanser,s2_complete_epi_021_bleach_cleanser_t8,complete_epi,44,0.916059,0.040098,4.875444e-05,6.781438e-04,834,0.026732,5.324236e-05,0.053464,3.853123e-05,2.945840e-02,111,1,0,1,1,1
021_bleach_cleanser,s2_complete_epi_021_bleach_cleanser_t9,complete_epi,61,0.850543,0.040971,3.325647e-06,2.514611e-05,1023,0.027314,4.875953e-07,0.054628,9.199547e-06,0.000000e+00,166,1,0,1,1,1
051_large_clamp,s2_complete_epi_051_large_clamp_t0,complete_epi,1,0.964333,0.030536,0.000000e+00,0.000000e+00,764,0.020357,0.000000e+00,0.040715,6.060179e-07,0.000000e+00,188,1,0,1,1,0
051_large_clamp,s2_complete_epi_051_large_clamp_t1,complete_epi,0,0.973179,0.030196,0.000000e+00,0.000000e+00,636,0.020130,0.000000e+00,0.040261,2.196787e-07,0.000000e+00,174,1,0,1,1,0
051_large_clamp,s2_complete_epi_051_large_clamp_t2,complete_epi,101,0.960280,0.035821,7.964851e-07,2.038919e-06,1796,0.023881,0.000000e+00,0.047762,9.549044e-07,0.000000e+00,216,1,0,1,1,0
051_large_clamp,s2_complete_epi_051_large_clamp_t3,complete_epi,1,0.962763,0.033594,2.251353e-06,4.085180e-06,2219,0.022396,1.904861e-06,0.044792,4.141762e-06,1.858693e-01,276,1,0,1,1,0
051_large_clamp,s2_complete_epi_051_large_clamp_t4,complete_epi,0,0.972793,0.041510,1.406606e-06,5.570356e-06,1281,0.027674,1.793132e-06,0.055347,2.087500e-06,1.601199e-01,222,1,0,1,1,0
051_large_clamp,s2_complete_epi_051_large_clamp_t5,complete_epi,4,0.964054,0.032715,0.000000e+00,0.000000e+00,851,0.021810,0.000000e+00,0.043620,8.722225e-07,0.000000e+00,163,1,0,1,1,0
051_large_clamp,s2_complete_epi_051_large_clamp_t6,complete_epi,1,0.980055,0.032121,6.373002e-06,5.173697e-05,1097,0.021414,8.841188e-06,0.042828,5.975468e-06,6.523055e-02,154,1,0,1,1,1
051_large_clamp,s2_complete_epi_051_large_clamp_t8,complete_epi,0,0.974896,0.030608,0.000000e+00,0.000000e+00,629,0.020405,0.000000e+00,0.040810,0.000000e+00,0.000000e+00,162,1,0,1,1,0
051_large_clamp,s2_complete_epi_051_large_clamp_t9,complete_epi,7,0.962817,0.030839,6.122521e-07,2.921179e-06,951,0.020560,8.523960e-07,0.041119,1.242402e-06,0.000000e+00,177,1,0,1,1,0
035_power_drill,s2_duarte_mcd_035_power_drill_t0,duarte_mcd,17,0.907980,,,,,,,,,1.272599e-02,186,1,0,1,1,0
035_power_drill,s2_duarte_mcd_035_power_drill_t1,duarte_mcd,0,0.952149,,,,,,,,,0.000000e+00,166,1,0,1,1,0
035_power_drill,s2_duarte_mcd_035_power_drill_t2,duarte_mcd,316,0.853554,,,,,,,,,0.000000e+00,137,1,0,1,1,0
035_power_drill,s2_duarte_mcd_035_power_drill_t3,duarte_mcd,9,0.916048,,,,,,,,,0.000000e+00,138,1,0,1,1,1
035_power_drill,s2_duarte_mcd_035_power_drill_t4,duarte_mcd,288,0.950018,,,,,,,,,8.054434e-01,1105,1,0,1,1,0
035_power_drill,s2_duarte_mcd_035_power_drill_t5,duarte_mcd,119,0.878420,,,,,,,,,4.358411e-01,151,1,0,1,1,0
035_power_drill,s2_duarte_mcd_035_power_drill_t6,duarte_mcd,54,0.897421,,,,,,,,,2.319371e-01,205,1,0,1,1,0
035_power_drill,s2_duarte_mcd_035_power_drill_t7,duarte_mcd,50,0.938577,,,,,,,,,5.946046e-01,315,1,0,1,1,0
035_power_drill,s2_duarte_mcd_035_power_drill_t8,duarte_mcd,29,0.940117,,,,,,,,,0.000000e+00,146,1,0,1,1,0
035_power_drill,s2_duarte_mcd_035_power_drill_t9,duarte_mcd,235,0.896022,,,,,,,,,2.226110e-01,632,1,0,1,1,0
025_mug,s0_partial_only_025_mug_t0,partial_only,31,0.932593,,,,,,,,,,,1,0,1,1,0
025_mug,s0_partial_only_025_mug_t1,partial_only,17,0.913304,,,,,,,,,,,1,0,1,1,1
025_mug,s0_partial_only_025_mug_t2,partial_only,308,0.875508,,,,,,,,,,,1,0,1,1,1
025_mug,s0_partial_only_025_mug_t3,partial_only,96,0.868402,,,,,,,,,,,1,0,1,1,1
025_mug,s0_partial_only_025_mug_t4,partial_only,104,0.878508,,,,,,,,,,,1,0,1,1,0
025_mug,s0_partial_only_025_mug_t5,partial_only,87,0.907479,,,,,,,,,,,1,0,1,1,1
025_mug,s0_partial_only_025_mug_t6,partial_only,99,0.876701,,,,,,,,,,,1,0,1,1,1
025_mug,s0_partial_only_025_mug_t7,partial_only,110,0.896126,,,,,,,,,,,1,0,1,1,1
025_mug,s0_partial_only_025_mug_t9,partial_only,1,0.929504,,,,,,,,,,,1,0,1,1,1
005_tomato_soup_can,s0_complete_only_005_tomato_soup_can_t0,complete_only,193,0.777429,0.021076,1.390411e-06,3.452493e-06,674,0.014051,1.350276e-06,0.028102,1.458407e-06,2.744792e-01,752,1,0,1,1,1
005_tomato_soup_can,s0_complete_only_005_tomato_soup_can_t1,complete_only,237,0.731480,0.020874,1.145365e-06,3.186619e-06,551,0.013916,1.159470e-06,0.027832,1.234992e-06,1.581836e-01,682,1,0,1,1,1
005_tomato_soup_can,s0_complete_only_005_tomato_soup_can_t2,complete_only,266,0.742400,0.020226,1.239854e-06,3.411671e-06,593,0.013484,1.576186e-06,0.026967,1.180291e-06,2.117650e-01,689,1,0,1,1,1
005_tomato_soup_can,s0_complete_only_005_tomato_soup_can_t3,complete_only,249,0.767648,0.020422,1.109746e-06,2.745843e-06,689,0.013615,1.131556e-06,0.027229,1.068303e-06,2.647124e-01,796,1,0,1,1,1
005_tomato_soup_can,s0_complete_only_005_tomato_soup_can_t4,complete_only,162,0.857823,0.020397,1.252040e-06,4.515928e-06,537,0.013598,1.028485e-06,0.027196,1.367073e-06,1.890929e-01,665,1,0,1,1,1
005_tomato_soup_can,s0_complete_only_005_tomato_soup_can_t5,complete_only,275,0.761644,0.020280,1.396011e-06,3.875531e-06,653,0.013520,1.436103e-06,0.027040,1.411024e-06,3.337320e-01,783,1,0,1,1,1
005_tomato_soup_can,s0_complete_only_005_tomato_soup_can_t7,complete_only,170,0.756934,0.020930,1.456851e-06,3.434325e-06,683,0.013953,1.564502e-06,0.027907,1.443882e-06,2.829060e-01,719,1,0,1,1,1
005_tomato_soup_can,s0_complete_only_005_tomato_soup_can_t8,complete_only,247,0.748609,0.021110,3.147349e-06,1.132081e-05,610,0.014074,2.455057e-06,0.028147,3.118317e-06,1.857605e-01,633,1,0,1,1,1
005_tomato_soup_can,s0_complete_only_005_tomato_soup_can_t9,complete_only,294,0.738380,0.021046,1.156737e-06,3.036695e-06,602,0.014031,1.254067e-06,0.028061,1.139963e-06,2.573526e-01,728,1,0,1,1,1
011_banana,s0_complete_only_011_banana_t0,complete_only,1344,0.769522,0.033752,9.376663e-05,3.578908e-04,1472,0.022502,2.016734e-04,0.045003,6.048593e-05,1.111912e+00,502,1,0,1,1,1
011_banana,s0_complete_only_011_banana_t1,complete_only,1913,0.113903,0.032316,1.919445e-04,7.518802e-04,1100,0.021544,1.929036e-04,0.043088,1.234017e-04,1.028231e+00,301,1,0,1,1,0
011_banana,s0_complete_only_011_banana_t2,complete_only,1422,0.592920,0.031822,1.914354e-04,6.933273e-04,873,0.021215,3.401854e-04,0.042430,9.131231e-05,1.357306e+00,666,1,0,1,1,1
011_banana,s0_complete_only_011_banana_t3,complete_only,869,0.898388,0.034458,8.524062e-05,2.933296e-04,2379,0.022972,1.881731e-04,0.045944,7.233396e-05,1.600048e+00,743,1,0,1,1,1
011_banana,s0_complete_only_011_banana_t4,complete_only,965,0.807481,0.033099,8.996305e-05,4.451152e-04,1252,0.022066,2.490232e-04,0.044132,3.871784e-05,2.707355e-01,194,1,0,1,1,0
011_banana,s0_complete_only_011_banana_t5,complete_only,1535,0.530981,0.032287,1.702986e-04,6.650420e-04,1182,0.021524,2.234838e-04,0.043049,9.946722e-05,1.899185e+00,763,1,0,1,1,0
011_banana,s0_complete_only_011_banana_t6,complete_only,1180,0.857247,0.033288,3.789462e-04,1.345476e-03,1271,0.022192,6.326453e-04,0.044384,2.162915e-04,2.953701e+00,782,1,0,1,1,0
011_banana,s0_complete_only_011_banana_t7,complete_only,372,0.915151,0.032179,2.412889e-05,8.544279e-05,3229,0.021453,5.490353e-05,0.042906,1.168263e-05,2.021919e+00,1463,1,0,1,1,1
011_banana,s0_complete_only_011_banana_t8,complete_only,1682,0.515808,0.033871,4.403179e-05,1.808528e-04,1890,0.022581,5.798806e-05,0.045161,3.143452e-05,1.086694e+00,644,1,0,1,1,1
011_banana,s0_complete_only_011_banana_t9,complete_only,1674,0.498477,0.031687,7.365154e-04,3.477611e-03,800,0.021125,1.301545e-03,0.042249,3.720140e-04,3.074840e+00,659,1,0,1,1,0
025_mug,s0_complete_epi_025_mug_t0,complete_epi,20,0.874197,0.021935,2.508927e-06,4.552186e-06,994,0.014624,2.651799e-06,0.029247,3.458560e-06,2.863284e-03,69,1,0,1,1,1
025_mug,s0_complete_epi_025_mug_t1,complete_epi,3,0.932284,0.021525,2.864535e-06,4.988265e-06,524,0.014350,3.101089e-06,0.028699,2.334839e-06,3.704128e-01,255,1,0,1,1,0
025_mug,s0_complete_epi_025_mug_t2,complete_epi,2,0.951319,0.020997,1.687870e-06,4.339953e-06,441,0.013998,1.814760e-06,0.027996,1.799479e-06,1.268042e-01,128,1,0,1,1,1
025_mug,s0_complete_epi_025_mug_t4,complete_epi,7,0.931537,0.021794,2.521719e-06,4.433866e-06,1074,0.014530,2.708356e-06,0.029059,2.353249e-06,1.206695e-01,150,1,0,1,1,1
025_mug,s0_complete_epi_025_mug_t5,complete_epi,35,0.924139,0.022000,1.664569e-06,5.137282e-06,411,0.014667,1.743371e-06,0.029334,1.845884e-06,1.093544e-01,114,1,0,1,1,1
025_mug,s0_complete_epi_025_mug_t7,complete_epi,5,0.932993,0.024009,2.997210e-06,1.027291e-05,717,0.016006,3.988144e-06,0.032011,2.902765e-06,1.226516e-01,112,1,0,1,1,0
025_mug,s0_complete_epi_025_mug_t8,complete_epi,6,0.924883,0.023144,2.683157e-06,4.873572e-06,1315,0.015429,3.243069e-06,0.030858,2.361392e-06,3.413207e-01,274,1,0,1,1,1
025_mug,s0_complete_epi_025_mug_t9,complete_epi,2,0.903485,0.022211,3.486570e-06,6.105811e-06,736,0.014807,3.418651e-06,0.029615,3.156230e-06,3.029164e-01,197,1,0,1,1,1
005_tomato_soup_can,s0_duarte_mcd_005_tomato_soup_can_t0,duarte_mcd,185,0.816017,,,,,,,,,1.062367e-01,524,1,0,1,1,1
005_tomato_soup_can,s0_duarte_mcd_005_tomato_soup_can_t1,duarte_mcd,551,0.704988,,,,,,,,,1.122996e-01,322,1,0,1,1,1
005_tomato_soup_can,s0_duarte_mcd_005_tomato_soup_can_t2,duarte_mcd,282,0.787673,,,,,,,,,5.091109e-01,850,1,0,1,1,1
005_tomato_soup_can,s0_duarte_mcd_005_tomato_soup_can_t3,duarte_mcd,182,0.797031,,,,,,,,,9.914470e-02,522,1,0,1,1,1
005_tomato_soup_can,s0_duarte_mcd_005_tomato_soup_can_t4,duarte_mcd,210,0.789519,,,,,,,,,3.833807e-02,414,1,0,1,1,1
005_tomato_soup_can,s0_duarte_mcd_005_tomato_soup_can_t5,duarte_mcd,236,0.746870,,,,,,,,,2.638551e-01,725,1,0,1,1,0
005_tomato_soup_can,s0_duarte_mcd_005_tomato_soup_can_t6,duarte_mcd,95,0.867735,,,,,,,,,4.639163e-01,770,1,0,1,1,1
005_tomato_soup_can,s0_duarte_mcd_005_tomato_soup_can_t7,duarte_mcd,225,0.774167,,,,,,,,,3.172808e-02,362,1,0,1,1,1
005_tomato_soup_can,s0_duarte_mcd_005_tomato_soup_can_t8,duarte_mcd,453,0.728514,,,,,,,,,7.479492e-02,542,1,0,1,1,1
005_tomato_soup_can,s0_duarte_mcd_005_tomato_soup_can_t9,duarte_mcd,185,0.828032,,,,,,,,,2.806513e-01,722,1,0,1,1,1
011_banana,s0_duarte_mcd_011_banana_t0,duarte_mcd,659,0.900569,,,,,,,,,4.566405e-01,396,1,0,1,1,0
011_banana,s0_duarte_mcd_011_banana_t1,duarte_mcd,1682,0.413652,,,,,,,,,3.636706e-01,280,1,0,1,1,1
011_banana,s0_duarte_mcd_011_banana_t2,duarte_mcd,0,0.963298,,,,,,,,,3.074648e-01,408,1,0,1,1,0
011_banana,s0_duarte_mcd_011_banana_t3,duarte_mcd,204,0.956870,,,,,,,,,3.683264e-01,535,1,0,1,1,0
011_banana,s0_duarte_mcd_011_banana_t4,duarte_mcd,1533,0.454765,,,,,,,,,2.306211e-01,366,1,0,1,1,0
011_banana,s0_duarte_mcd_011_banana_t5,duarte_mcd,1341,0.601294,,,,,,,,,6.269416e-01,572,1,0,1,1,0
011_banana,s0_duarte_mcd_011_banana_t6,duarte_mcd,1065,0.749318,,,,,,,,,6.549735e-01,462,1,0,1,1,0
011_banana,s0_duarte_mcd_011_banana_t7,duarte_mcd,675,0.885315,,,,,,,,,5.125925e-01,759,1,0,1,1,1
011_banana,s0_duarte_mcd_011_banana_t8,duarte_mcd,1578,0.582929,,,,,,,,,3.767542e-01,453,1,0,1,1,1
011_banana,s0_duarte_mcd_011_banana_t9,duarte_mcd,1556,0.505832,,,,,,,,,6.096242e-01,590,1,0,1,1,0
025_mug,s1_partial_only_025_mug_t0,partial_only,62,0.901898,,,,,,,,,,,1,0,1,1,1
025_mug,s1_partial_only_025_mug_t1,partial_only,112,0.914871,,,,,,,,,,,1,0,1,1,1
025_mug,s1_partial_only_025_mug_t2,partial_only,0,0.961887,,,,,,,,,,,1,0,1,1,0
025_mug,s1_partial_only_025_mug_t3,partial_only,26,0.924377,,,,,,,,,,,1,0,1,1,1
025_mug,s1_partial_only_025_mug_t4,partial_only,92,0.916431,,,,,,,,,,,1,0,1,1,1
025_mug,s1_partial_only_025_mug_t5,partial_only,70,0.918353,,,,,,,,,,,1,0,1,1,1
025_mug,s1_partial_only_025_mug_t6,partial_only,28,0.925927,,,,,,,,,,,1,0,1,1,1
025_mug,s1_partial_only_025_mug_t8,partial_only,23,0.923815,,,,,,,,,,,1,0,1,1,0
025_mug,s1_partial_only_025_mug_t9,partial_only,15,0.924054,,,,,,,,,,,1,0,1,1,1
005_tomato_soup_can,s1_complete_only_005_tomato_soup_can_t0,complete_only,279,0.777545,0.021829,9.068022e-07,4.120298e-06,765,0.014553,7.403376e-07,0.029106,1.125414e-06,2.925183e-01,772,1,0,1,1,1
005_tomato_soup_can,s1_complete_only_005_tomato_soup_can_t1,complete_only,367,0.738910,0.021098,1.297837e-06,3.588173e-06,609,0.014066,1.302572e-06,0.028131,1.387437e-06,1.793322e-01,685,1,0,1,1,1
005_tomato_soup_can,s1_complete_only_005_tomato_soup_can_t3,complete_only,332,0.709248,0.021522,1.267645e-06,3.908122e-06,659,0.014348,1.205892e-06,0.028696,1.272157e-06,2.079482e-01,702,1,0,1,1,1
005_tomato_soup_can,s1_complete_only_005_tomato_soup_can_t4,complete_only,350,0.764143,0.020718,1.162072e-06,3.373046e-06,636,0.013812,9.544915e-07,0.027624,1.193463e-06,3.020936e-01,784,1,0,1,1,1
005_tomato_soup_can,s1_complete_only_005_tomato_soup_can_t5,complete_only,262,0.793221,0.021073,1.228188e-06,3.072881e-06,630,0.014048,1.432488e-06,0.028097,1.216360e-06,1.446045e-01,515,1,0,1,1,1
005_tomato_soup_can,s1_complete_only_005_tomato_soup_can_t6,complete_only,459,0.709162,0.021363,1.284310e-06,3.844533e-06,688,0.014242,1.320050e-06,0.028483,1.306843e-06,3.286516e-01,760,1,0,1,1,1
005_tomato_soup_can,s1_complete_only_005_tomato_soup_can_t7,complete_only,254,0.735696,0.021269,1.698681e-06,5.468953e-06,671,0.014179,1.885960e-06,0.028358,1.647492e-06,2.936478e-01,765,1,0,1,1,1
005_tomato_soup_can,s1_complete_only_005_tomato_soup_can_t8,complete_only,144,0.789144,0.020848,1.844633e-06,4.562119e-06,715,0.013898,2.165256e-06,0.027797,1.708070e-06,2.900021e-01,755,1,0,1,1,1
005_tomato_soup_can,s1_complete_only_005_tomato_soup_can_t9,complete_only,226,0.783203,0.020794,1.280638e-06,4.660230e-06,647,0.013863,1.257193e-06,0.027726,1.390714e-06,2.467584e-01,741,1,0,1,1,1
011_banana,s1_complete_only_011_banana_t0,complete_only,1530,0.500025,0.032387,3.602371e-05,5.445120e-05,2120,0.021591,1.267715e-04,0.043183,4.372524e-05,6.397101e-01,485,1,0,1,1,0
011_banana,s1_complete_only_011_banana_t1,complete_only,1384,0.678597,0.031460,2.890863e-04,9.679280e-04,546,0.020974,4.173160e-04,0.041947,1.491300e-04,1.364374e+00,675,1,0,1,1,0
011_banana,s1_complete_only_011_banana_t2,complete_only,724,0.901707,0.032703,1.841580e-05,5.798476e-05,3676,0.021802,8.018907e-05,0.043604,2.242328e-05,1.406756e+00,1042,1,0,1,1,0
011_banana,s1_complete_only_011_banana_t3,complete_only,1758,0.407235,0.034462,4.416324e-05,1.639485e-04,2291,0.022975,7.279737e-05,0.045950,3.654848e-05,1.032493e+00,628,1,0,1,1,1
011_banana,s1_complete_only_011_banana_t4,complete_only,1353,0.568941,0.031654,3.811685e-04,1.811473e-03,1926,0.021103,7.213311e-04,0.042205,2.043099e-04,1.805073e+00,919,1,0,1,1,1
011_banana,s1_complete_only_011_banana_t5,complete_only,1711,0.421601,0.031344,1.142127e-04,4.765889e-04,1384,0.020896,1.566831e-04,0.041793,6.646315e-05,1.072254e+00,379,1,0,1,1,0
011_banana,s1_complete_only_011_banana_t6,complete_only,1815,0.097150,0.033521,6.981451e-06,3.103074e-05,3701,0.022347,3.986763e-06,0.044695,1.102268e-05,0.000000e+00,38,1,0,1,1,0
011_banana,s1_complete_only_011_banana_t7,complete_only,1704,0.387307,0.031545,5.942215e-05,3.195787e-04,1673,0.021030,1.025727e-04,0.042060,6.081719e-05,1.972561e+00,1154,1,0,1,1,1
011_banana,s1_complete_only_011_banana_t8,complete_only,718,0.880749,0.031427,5.684423e-06,1.743793e-05,2658,0.020951,6.800448e-06,0.041902,5.844258e-06,5.494396e-01,453,1,0,1,1,0
011_banana,s1_complete_only_011_banana_t9,complete_only,1572,0.624462,0.033057,3.555760e-04,1.235036e-03,1108,0.022038,5.177221e-04,0.044076,2.321374e-04,2.454816e+00,739,1,0,1,1,0
025_mug,s1_complete_epi_025_mug_t0,complete_epi,7,0.940002,0.021983,3.070496e-06,5.355603e-06,522,0.014655,3.033239e-06,0.029310,3.141636e-06,2.693247e-01,171,1,0,1,1,1
025_mug,s1_complete_epi_025_mug_t1,complete_epi,13,0.947328,0.022070,5.106281e-06,1.009943e-05,352,0.014713,4.913953e-06,0.029426,5.790064e-06,5.359504e-02,53,1,0,1,1,1
025_mug,s1_complete_epi_025_mug_t2,complete_epi,22,0.914060,0.021067,2.353368e-06,4.620930e-06,613,0.014044,2.813534e-06,0.028089,3.337565e-06,3.316526e-01,253,1,0,1,1,1
025_mug,s1_complete_epi_025_mug_t3,complete_epi,5,0.936186,0.022062,4.571099e-06,1.326924e-05,288,0.014708,4.301365e-06,0.029416,4.540786e-06,5.222776e-02,43,1,0,1,1,1
025_mug,s1_complete_epi_025_mug_t4,complete_epi,17,0.937541,0.022898,1.687103e-06,4.390644e-06,476,0.015266,2.303264e-06,0.030531,1.825041e-06,1.291970e-01,111,1,0,1,1,1
025_mug,s1_complete_epi_025_mug_t5,complete_epi,19,0.930002,0.022500,2.829771e-05,7.079433e-05,120,0.015000,4.081866e-05,0.030001,9.086117e-06,5.801078e-02,45,1,0,1,1,1
025_mug,s1_complete_epi_025_mug_t6,complete_epi,18,0.919508,0.021964,1.047181e-06,1.996523e-06,307,0.014643,0.000000e+00,0.029286,2.126016e-06,8.867375e-02,125,1,0,1,1,1
025_mug,s1_complete_epi_025_mug_t7,complete_epi,198,0.879857,0.015291,3.533002e-04,1.169509e-03,850,0.010194,4.651797e-04,0.020387,2.372306e-04,1.102218e+00,896,1,0,1,1,0
025_mug,s1_complete_epi_025_mug_t8,complete_epi,3,0.913965,0.021902,3.128037e-06,6.067124e-06,661,0.014602,2.982660e-06,0.029203,2.803051e-06,2.350616e-03,65,1,0,1,1,1
025_mug,s1_complete_epi_025_mug_t9,complete_epi,11,0.894659,0.022051,2.176594e-06,4.648907e-06,321,0.014701,2.405326e-06,0.029401,2.379459e-06,6.662640e-02,79,1,0,1,1,1
005_tomato_soup_can,s1_duarte_mcd_005_tomato_soup_can_t0,duarte_mcd,319,0.808855,,,,,,,,,7.604543e-02,460,1,0,1,1,1
005_tomato_soup_can,s1_duarte_mcd_005_tomato_soup_can_t1,duarte_mcd,131,0.786752,,,,,,,,,4.001303e-01,801,1,0,1,1,1
005_tomato_soup_can,s1_duarte_mcd_005_tomato_soup_can_t3,duarte_mcd,199,0.789754,,,,,,,,,1.765223e-01,627,1,0,1,1,1
005_tomato_soup_can,s1_duarte_mcd_005_tomato_soup_can_t5,duarte_mcd,192,0.775631,,,,,,,,,1.100161e-01,465,1,0,1,1,1
005_tomato_soup_can,s1_duarte_mcd_005_tomato_soup_can_t6,duarte_mcd,119,0.776154,,,,,,,,,8.667703e-01,542,1,0,1,1,0
005_tomato_soup_can,s1_duarte_mcd_005_tomato_soup_can_t7,duarte_mcd,244,0.746999,,,,,,,,,1.194412e-01,624,1,0,1,1,1
005_tomato_soup_can,s1_duarte_mcd_005_tomato_soup_can_t8,duarte_mcd,135,0.843923,,,,,,,,,2.173756e-01,717,1,0,1,1,1
005_tomato_soup_can,s1_duarte_mcd_005_tomato_soup_can_t9,duarte_mcd,313,0.783607,,,,,,,,,2.366455e-02,343,1,0,1,1,1
011_banana,s1_duarte_mcd_011_banana_t0,duarte_mcd,1667,0.394898,,,,,,,,,1.213224e+00,1156,1,0,1,1,0
011_banana,s1_duarte_mcd_011_banana_t1,duarte_mcd,1272,0.623089,,,,,,,,,1.594403e-01,265,1,0,1,1,0
011_banana,s1_duarte_mcd_011_banana_t2,duarte_mcd,162,0.942040,,,,,,,,,3.265987e-01,385,1,0,1,1,0
011_banana,s1_duarte_mcd_011_banana_t3,duarte_mcd,1745,0.394995,,,,,,,,,8.612821e-01,703,1,0,1,1,0
011_banana,s1_duarte_mcd_011_banana_t4,duarte_mcd,1627,0.387257,,,,,,,,,5.568307e-01,392,1,0,1,1,0
011_banana,s1_duarte_mcd_011_banana_t5,duarte_mcd,1198,0.775941,,,,,,,,,3.036973e-01,248,1,0,1,1,0
011_banana,s1_duarte_mcd_011_banana_t6,duarte_mcd,1810,0.195588,,,,,,,,,4.983432e-01,471,1,0,1,1,0
011_banana,s1_duarte_mcd_011_banana_t7,duarte_mcd,1513,0.580360,,,,,,,,,5.783745e-01,708,1,0,1,1,1
011_banana,s1_duarte_mcd_011_banana_t8,duarte_mcd,520,0.908787,,,,,,,,,7.732764e-01,546,1,0,1,1,1
011_banana,s1_duarte_mcd_011_banana_t9,duarte_mcd,980,0.842519,,,,,,,,,5.673675e-01,486,1,0,1,1,0
025_mug,s2_partial_only_025_mug_t0,partial_only,27,0.922844,,,,,,,,,,,1,0,1,1,1
025_mug,s2_partial_only_025_mug_t1,partial_only,32,0.913340,,,,,,,,,,,1,0,1,1,0
025_mug,s2_partial_only_025_mug_t2,partial_only,44,0.923502,,,,,,,,,,,1,0,1,1,1
025_mug,s2_partial_only_025_mug_t4,partial_only,53,0.898871,,,,,,,,,,,1,0,1,1,1
025_mug,s2_partial_only_025_mug_t5,partial_only,2,0.935679,,,,,,,,,,,1,0,1,1,1
025_mug,s2_partial_only_025_mug_t6,partial_only,13,0.922501,,,,,,,,,,,1,0,1,1,1
025_mug,s2_partial_only_025_mug_t8,partial_only,17,0.917717,,,,,,,,,,,1,0,1,1,0
025_mug,s2_partial_only_025_mug_t9,partial_only,6,0.931906,,,,,,,,,,,1,0,1,1,1
005_tomato_soup_can,s2_complete_only_005_tomato_soup_can_t0,complete_only,310,0.733744,0.021846,1.197007e-06,3.766960e-06,664,0.014564,1.407366e-06,0.029128,1.317169e-06,3.512354e-01,777,1,0,1,1,1
005_tomato_soup_can,s2_complete_only_005_tomato_soup_can_t1,complete_only,168,0.764195,0.020661,1.327888e-06,3.720815e-06,662,0.013774,1.131238e-06,0.027548,1.427790e-06,1.005727e-01,514,1,0,1,1,1
005_tomato_soup_can,s2_complete_only_005_tomato_soup_can_t2,complete_only,163,0.789586,0.020720,1.804895e-06,6.322734e-06,567,0.013814,1.807430e-06,0.027627,1.801439e-06,2.921218e-01,723,1,0,1,1,1
005_tomato_soup_can,s2_complete_only_005_tomato_soup_can_t3,complete_only,143,0.805680,0.021331,1.089968e-06,4.402949e-06,601,0.014221,9.683573e-07,0.028442,1.224743e-06,1.588804e-01,710,1,0,1,1,1
005_tomato_soup_can,s2_complete_only_005_tomato_soup_can_t4,complete_only,103,0.812167,0.021047,1.147642e-06,2.967437e-06,727,0.014031,1.057075e-06,0.028063,1.036490e-06,1.719503e-01,642,1,0,1,1,1
005_tomato_soup_can,s2_complete_only_005_tomato_soup_can_t5,complete_only,268,0.779336,0.021738,1.511119e-06,3.789080e-06,654,0.014492,1.753759e-06,0.028984,1.436740e-06,1.888905e-01,700,1,0,1,1,1
005_tomato_soup_can,s2_complete_only_005_tomato_soup_can_t6,complete_only,321,0.754154,0.020315,1.512458e-06,3.790714e-06,663,0.013543,1.620432e-06,0.027086,1.434902e-06,2.045294e-01,743,1,0,1,1,1
005_tomato_soup_can,s2_complete_only_005_tomato_soup_can_t7,complete_only,167,0.742191,0.020620,1.712719e-06,5.625507e-06,609,0.013747,1.828457e-06,0.027493,1.637402e-06,2.219242e-01,685,1,0,1,1,0
005_tomato_soup_can,s2_complete_only_005_tomato_soup_can_t8,complete_only,162,0.818277,0.021073,1.016256e-06,2.581546e-06,700,0.014048,1.161714e-06,0.028097,1.116532e-06,3.218035e-01,808,1,0,1,1,1
005_tomato_soup_can,s2_complete_only_005_tomato_soup_can_t9,complete_only,230,0.769217,0.021374,1.434016e-06,3.571522e-06,649,0.014249,1.506583e-06,0.028499,1.497883e-06,2.226676e-01,680,1,0,1,1,1
011_banana,s2_complete_only_011_banana_t0,complete_only,1775,0.383560,0.032146,5.943172e-04,1.843661e-03,930,0.021431,6.527580e-04,0.042861,3.493322e-04,9.146722e-01,199,1,0,1,1,0
011_banana,s2_complete_only_011_banana_t1,complete_only,756,0.892509,0.032768,5.060572e-05,2.075959e-04,2270,0.021845,5.827722e-05,0.043691,4.753656e-05,8.624869e-01,577,1,0,1,1,0
011_banana,s2_complete_only_011_banana_t2,complete_only,1268,0.677428,0.032777,1.279971e-04,5.256380e-04,1909,0.021852,2.699320e-04,0.043703,5.354984e-05,2.335114e+00,1253,1,0,1,1,1
011_banana,s2_complete_only_011_banana_t3,complete_only,1009,0.810923,0.032131,5.786708e-05,1.455004e-04,1953,0.021420,2.303753e-04,0.042841,8.113823e-05,1.800839e+00,1081,1,0,1,1,0
011_banana,s2_complete_only_011_banana_t4,complete_only,842,0.886503,0.033574,2.175786e-05,6.195529e-05,2954,0.022383,1.576280e-05,0.044766,4.261513e-05,4.722353e-01,389,1,0,1,1,0
011_banana,s2_complete_only_011_banana_t5,complete_only,1832,0.231300,0.031276,1.685899e-04,7.560770e-04,1437,0.020850,3.862233e-04,0.041701,1.588127e-04,1.595623e+00,431,1,0,1,1,1
011_banana,s2_complete_only_011_banana_t6,complete_only,455,0.916455,0.031964,1.720285e-05,3.996376e-05,1464,0.021309,3.142943e-05,0.042618,1.273312e-05,1.254100e+00,809,1,0,1,1,0
011_banana,s2_complete_only_011_banana_t7,complete_only,1484,0.626583,0.033045,1.593500e-05,4.723313e-05,2541,0.022030,1.897210e-05,0.044060,1.352456e-05,4.617456e-01,405,1,0,1,1,0
011_banana,s2_complete_only_011_banana_t8,complete_only,1129,0.784810,0.032214,8.991180e-05,3.070107e-04,1772,0.021476,3.841294e-04,0.042952,3.704165e-05,9.580400e-01,597,1,0,1,1,0
011_banana,s2_complete_only_011_banana_t9,complete_only,1464,0.601981,0.031793,1.114904e-04,4.835503e-04,2200,0.021195,2.790564e-04,0.042391,1.231836e-04,8.509428e-01,613,1,0,1,1,0
025_mug,s2_complete_epi_025_mug_t0,complete_epi,3,0.936902,0.021986,2.608814e-06,9.915522e-06,817,0.014657,1.327760e-06,0.029315,3.177770e-06,2.673449e-01,221,1,0,1,1,1
025_mug,s2_complete_epi_025_mug_t1,complete_epi,0,0.921159,0.021900,2.815013e-06,6.399864e-06,746,0.014600,2.305174e-06,0.029201,2.680927e-06,2.069627e-01,192,1,0,1,1,1
025_mug,s2_complete_epi_025_mug_t2,complete_epi,1,0.937242,0.023418,8.539378e-07,2.231170e-06,356,0.015612,1.150061e-06,0.031224,2.088846e-06,0.000000e+00,66,1,0,1,1,1
025_mug,s2_complete_epi_025_mug_t4,complete_epi,2,0.915609,0.021831,2.396252e-06,4.700736e-06,847,0.014554,3.041061e-06,0.029109,2.232820e-06,3.332724e-01,240,1,0,1,1,1
025_mug,s2_complete_epi_025_mug_t6,complete_epi,6,0.926994,0.022890,1.686546e-06,5.440414e-06,356,0.015260,2.939850e-06,0.030520,1.943808e-06,0.000000e+00,65,1,0,1,1,1
025_mug,s2_complete_epi_025_mug_t8,complete_epi,3,0.920283,0.021579,3.048026e-06,5.243618e-06,1044,0.014386,3.304883e-06,0.028772,2.693219e-06,4.196038e-01,277,1,0,1,1,1
025_mug,s2_complete_epi_025_mug_t9,complete_epi,6,0.935031,0.021375,2.826927e-06,5.289760e-06,683,0.014250,2.102177e-06,0.028500,2.911001e-06,1.530590e-01,153,1,0,1,1,1
005_tomato_soup_can,s2_duarte_mcd_005_tomato_soup_can_t0,duarte_mcd,303,0.773923,,,,,,,,,1.634739e-01,607,1,0,1,1,1
005_tomato_soup_can,s2_duarte_mcd_005_tomato_soup_can_t1,duarte_mcd,264,0.792429,,,,,,,,,2.882445e-02,412,1,0,1,1,1
005_tomato_soup_can,s2_duarte_mcd_005_tomato_soup_can_t2,duarte_mcd,407,0.706205,,,,,,,,,1.000431e-01,552,1,0,1,1,1
005_tomato_soup_can,s2_duarte_mcd_005_tomato_soup_can_t3,duarte_mcd,601,0.588520,,,,,,,,,3.023290e-01,540,1,0,1,1,0
005_tomato_soup_can,s2_duarte_mcd_005_tomato_soup_can_t4,duarte_mcd,256,0.780586,,,,,,,,,3.227956e-01,799,1,0,1,1,1
005_tomato_soup_can,s2_duarte_mcd_005_tomato_soup_can_t5,duarte_mcd,188,0.805952,,,,,,,,,1.912199e-01,607,1,0,1,1,1
005_tomato_soup_can,s2_duarte_mcd_005_tomato_soup_can_t6,duarte_mcd,43,0.875418,,,,,,,,,2.285922e-01,626,1,0,1,1,1
005_tomato_soup_can,s2_duarte_mcd_005_tomato_soup_can_t7,duarte_mcd,181,0.793277,,,,,,,,,1.809376e-01,657,1,0,1,1,1
005_tomato_soup_can,s2_duarte_mcd_005_tomato_soup_can_t8,duarte_mcd,167,0.816588,,,,,,,,,2.191457e-01,716,1,0,1,1,1
005_tomato_soup_can,s2_duarte_mcd_005_tomato_soup_can_t9,duarte_mcd,383,0.722993,,,,,,,,,1.409055e-01,634,1,0,1,1,1
011_banana,s2_duarte_mcd_011_banana_t0,duarte_mcd,1621,0.471016,,,,,,,,,3.348788e-01,279,1,0,1,1,1
011_banana,s2_duarte_mcd_011_banana_t1,duarte_mcd,250,0.929876,,,,,,,,,7.179989e-01,664,1,0,1,1,0
011_banana,s2_duarte_mcd_011_banana_t2,duarte_mcd,1273,0.672664,,,,,,,,,1.002301e+00,1251,1,0,1,1,1
011_banana,s2_duarte_mcd_011_banana_t3,duarte_mcd,1676,0.326191,,,,,,,,,7.360009e-01,619,1,0,1,1,0
011_banana,s2_duarte_mcd_011_banana_t4,duarte_mcd,674,0.897062,,,,,,,,,9.210698e-01,983,1,0,1,1,0
011_banana,s2_duarte_mcd_011_banana_t5,duarte_mcd,1636,0.352311,,,,,,,,,5.714951e-01,343,1,0,1,1,0
011_banana,s2_duarte_mcd_011_banana_t6,duarte_mcd,646,0.883641,,,,,,,,,3.902314e-01,432,1,0,1,1,1
011_banana,s2_duarte_mcd_011_banana_t7,duarte_mcd,1189,0.766496,,,,,,,,,3.444412e-01,378,1,0,1,1,1
011_banana,s2_duarte_mcd_011_banana_t8,duarte_mcd,757,0.885468,,,,,,,,,0.000000e+00,194,1,0,1,1,0
011_banana,s2_duarte_mcd_011_banana_t9,duarte_mcd,1705,0.350787,,,,,,,,,5.801425e-01,567,1,0,1,1,0
010_potted_meat_can,s0_partial_only_010_potted_meat_can_t0,partial_only,962,0.744130,,,,,,,,,,,1,0,1,1,1
010_potted_meat_can,s0_partial_only_010_potted_meat_can_t1,partial_only,935,0.817684,,,,,,,,,,,1,0,1,1,1
010_potted_meat_can,s0_partial_only_010_potted_meat_can_t2,partial_only,102,0.850296,,,,,,,,,,,1,0,1,1,1
010_potted_meat_can,s0_partial_only_010_potted_meat_can_t3,partial_only,908,0.794705,,,,,,,,,,,1,0,1,1,0
010_potted_meat_can,s0_partial_only_010_potted_meat_can_t4,partial_only,581,0.808902,,,,,,,,,,,1,0,1,1,1
010_potted_meat_can,s0_partial_only_010_potted_meat_can_t5,partial_only,154,0.862681,,,,,,,,,,,1,0,1,1,0
010_potted_meat_can,s0_partial_only_010_potted_meat_can_t6,partial_only,71,0.855300,,,,,,,,,,,1,0,1,1,1
010_potted_meat_can,s0_partial_only_010_potted_meat_can_t7,partial_only,150,0.911044,,,,,,,,,,,1,0,1,1,0
010_potted_meat_can,s0_partial_only_010_potted_meat_can_t8,partial_only,1126,0.731255,,,,,,,,,,,1,0,1,1,1
010_potted_meat_can,s0_partial_only_010_potted_meat_can_t9,partial_only,922,0.788343,,,,,,,,,,,1,0,1,1,1
006_mustard_bottle,s0_complete_only_006_mustard_bottle_t0,complete_only,84,0.880548,0.031403,3.330502e-05,9.839295e-05,1478,0.020936,4.645134e-05,0.041871,2.291687e-05,2.452694e-01,329,1,0,1,1,1
006_mustard_bottle,s0_complete_only_006_mustard_bottle_t1,complete_only,6,0.952245,0.033276,4.730788e-05,2.282387e-04,1511,0.022184,5.543732e-05,0.044368,4.606263e-05,1.751244e-01,291,1,0,1,1,1
006_mustard_bottle,s0_complete_only_006_mustard_bottle_t2,complete_only,0,0.966391,0.020144,9.074913e-07,1.905960e-06,1588,0.013429,9.175917e-07,0.026858,8.781809e-07,5.670272e-01,806,0,0,1,1,
006_mustard_bottle,s0_complete_only_006_mustard_bottle_t3,complete_only,84,0.832804,0.033021,1.758456e-05,5.411929e-05,1743,0.022014,1.748498e-05,0.044028,1.479231e-05,6.903551e-01,366,1,0,1,1,1
006_mustard_bottle,s0_complete_only_006_mustard_bottle_t4,complete_only,11,0.919102,0.031414,7.619621e-05,1.753030e-04,995,0.020943,7.755723e-05,0.041886,7.185688e-05,1.176954e+00,308,1,0,1,1,1
006_mustard_bottle,s0_complete_only_006_mustard_bottle_t5,complete_only,67,0.946330,0.021757,7.004344e-05,1.877750e-04,1732,0.014505,6.222568e-05,0.029010,7.464363e-05,4.392153e+00,878,1,0,1,1,0
006_mustard_bottle,s0_complete_only_006_mustard_bottle_t6,complete_only,117,0.878506,0.030554,4.526626e-05,1.405854e-04,1217,0.020369,4.328587e-05,0.040739,3.807165e-05,1.052285e+00,764,1,0,1,1,1
006_mustard_bottle,s0_complete_only_006_mustard_bottle_t7,complete_only,6,0.969425,0.030637,4.016571e-06,2.351952e-05,1810,0.020425,2.975795e-06,0.040849,4.384351e-06,5.280470e-03,321,1,0,1,1,1
006_mustard_bottle,s0_complete_only_006_mustard_bottle_t8,complete_only,556,0.774959,0.031401,1.158011e-05,2.841911e-05,1431,0.020934,1.404072e-05,0.041869,9.397689e-06,6.089255e-01,344,1,0,1,1,1
006_mustard_bottle,s0_complete_only_006_mustard_bottle_t9,complete_only,326,0.917280,0.022969,6.001140e-05,1.741022e-04,2643,0.015312,6.671210e-05,0.030625,4.906772e-05,8.330243e-01,844,1,0,1,1,1
061_foam_brick,s0_complete_only_061_foam_brick_t0,complete_only,0,0.943376,0.017583,6.057088e-06,7.515981e-06,1181,0.011722,1.609640e-06,0.023444,1.055409e-05,4.620054e-02,324,1,0,1,1,1
061_foam_brick,s0_complete_only_061_foam_brick_t1,complete_only,8,0.962154,0.018407,1.306388e-06,4.471568e-06,841,0.012272,1.318536e-06,0.024543,3.758872e-06,1.733139e-01,352,1,0,1,1,0
061_foam_brick,s0_complete_only_061_foam_brick_t2,complete_only,45,0.943838,0.018451,1.280583e-05,5.637581e-05,1568,0.012301,6.493420e-06,0.024601,1.652077e-05,5.587410e-01,767,1,0,1,1,1
061_foam_brick,s0_complete_only_061_foam_brick_t3,complete_only,0,0.903739,0.017236,1.532352e-05,6.507980e-05,1291,0.011491,1.032132e-05,0.022982,1.055291e-05,6.847326e-01,760,1,0,1,1,1
061_foam_brick,s0_complete_only_061_foam_brick_t4,complete_only,0,0.961765,0.018375,4.291379e-06,2.687418e-06,1088,0.012250,3.432294e-06,0.024501,6.225252e-06,1.206907e+00,1199,1,0,1,1,1
061_foam_brick,s0_complete_only_061_foam_brick_t5,complete_only,0,0.962384,0.017728,8.365288e-06,3.857835e-05,960,0.011819,1.616043e-06,0.023637,1.000206e-05,1.236344e+00,1283,1,0,1,1,1
061_foam_brick,s0_complete_only_061_foam_brick_t6,complete_only,0,0.954563,0.017325,6.030844e-06,2.804131e-06,973,0.011550,1.407884e-06,0.023100,1.132616e-05,1.205625e+00,1457,1,0,1,1,1
061_foam_brick,s0_complete_only_061_foam_brick_t7,complete_only,8,0.953484,0.018557,1.301020e-06,2.896710e-06,1620,0.012372,1.425074e-06,0.024743,1.378703e-06,1.418258e+00,1579,1,0,1,1,1
061_foam_brick,s0_complete_only_061_foam_brick_t8,complete_only,34,0.941406,0.017588,2.403487e-06,1.251737e-05,1774,0.011725,2.160529e-06,0.023450,3.929995e-06,3.690520e-01,572,1,0,1,1,1
061_foam_brick,s0_complete_only_061_foam_brick_t9,complete_only,0,0.956479,0.017876,4.271709e-06,2.994449e-06,1307,0.011917,7.318161e-07,0.023834,6.297059e-06,1.334234e+00,1321,1,0,1,1,1
010_potted_meat_can,s0_complete_epi_010_potted_meat_can_t0,complete_epi,344,0.644343,0.022172,7.276931e-06,2.883107e-05,761,0.014781,7.937986e-06,0.029563,6.841452e-06,7.404499e-01,908,1,0,1,1,1
010_potted_meat_can,s0_complete_epi_010_potted_meat_can_t1,complete_epi,682,0.564257,0.023282,6.640352e-06,4.155602e-05,1336,0.015522,2.109675e-06,0.031043,1.018288e-05,8.525856e-01,826,1,0,1,1,0
010_potted_meat_can,s0_complete_epi_010_potted_meat_can_t2,complete_epi,103,0.742611,0.021469,2.817189e-06,1.054884e-05,1117,0.014313,2.144094e-06,0.028626,2.866222e-06,4.258405e-01,588,1,0,1,1,0
010_potted_meat_can,s0_complete_epi_010_potted_meat_can_t3,complete_epi,499,0.634910,0.021228,4.192030e-06,1.363608e-05,914,0.014152,5.540797e-06,0.028304,3.531609e-06,1.376037e+00,1123,1,0,1,1,0
010_potted_meat_can,s0_complete_epi_010_potted_meat_can_t4,complete_epi,399,0.721050,0.021597,7.440371e-06,1.750078e-05,762,0.014398,5.785866e-06,0.028796,9.503380e-06,1.126775e+00,951,1,0,1,1,1
010_potted_meat_can,s0_complete_epi_010_potted_meat_can_t5,complete_epi,27,0.844537,0.027943,2.436407e-06,8.787677e-06,1567,0.018629,1.215438e-06,0.037258,3.167359e-06,8.687167e-02,317,1,0,1,1,0
010_potted_meat_can,s0_complete_epi_010_potted_meat_can_t6,complete_epi,471,0.611770,0.021607,4.682457e-06,2.387084e-05,905,0.014405,4.035136e-06,0.028810,5.750154e-06,5.445217e-01,729,1,0,1,1,0
010_potted_meat_can,s0_complete_epi_010_potted_meat_can_t7,complete_epi,631,0.653575,0.021852,2.598512e-06,1.048504e-05,886,0.014568,2.015915e-06,0.029136,3.125685e-06,5.680663e-01,678,1,0,1,1,1
010_potted_meat_can,s0_complete_epi_010_potted_meat_can_t8,complete_epi,126,0.792844,0.021065,2.605507e-06,6.579047e-06,1019,0.014043,1.908753e-06,0.028087,2.615560e-06,9.378121e-01,935,1,0,1,1,0
010_potted_meat_can,s0_complete_epi_010_potted_meat_can_t9,complete_epi,540,0.651938,0.021807,1.568017e-06,3.280153e-06,659,0.014538,4.045817e-07,0.029076,1.434447e-06,3.174586e-01,524,1,0,1,1,1
006_mustard_bottle,s0_duarte_mcd_006_mustard_bottle_t0,duarte_mcd,5,0.827342,,,,,,,,,2.833790e-01,335,1,0,1,1,1
006_mustard_bottle,s0_duarte_mcd_006_mustard_bottle_t1,duarte_mcd,4,0.882229,,,,,,,,,3.461596e-01,636,1,0,1,1,1
006_mustard_bottle,s0_duarte_mcd_006_mustard_bottle_t2,duarte_mcd,55,0.871390,,,,,,,,,6.254657e-02,256,1,0,1,1,1
006_mustard_bottle,s0_duarte_mcd_006_mustard_bottle_t3,duarte_mcd,21,0.815744,,,,,,,,,4.333003e-01,516,1,0,1,1,1
006_mustard_bottle,s0_duarte_mcd_006_mustard_bottle_t4,duarte_mcd,39,0.933545,,,,,,,,,9.922846e-02,208,1,0,1,1,1
006_mustard_bottle,s0_duarte_mcd_006_mustard_bottle_t5,duarte_mcd,18,0.918342,,,,,,,,,7.809352e-02,204,1,0,1,1,1
006_mustard_bottle,s0_duarte_mcd_006_mustard_bottle_t6,duarte_mcd,336,0.827649,,,,,,,,,2.451506e-01,485,1,0,1,1,1
006_mustard_bottle,s0_duarte_mcd_006_mustard_bottle_t7,duarte_mcd,13,0.966698,,,,,,,,,0.000000e+00,284,1,0,1,1,1
006_mustard_bottle,s0_duarte_mcd_006_mustard_bottle_t8,duarte_mcd,106,0.796950,,,,,,,,,8.724109e-02,213,1,0,1,1,1
006_mustard_bottle,s0_duarte_mcd_006_mustard_bottle_t9,duarte_mcd,806,0.683961,,,,,,,,,4.015586e-01,130,1,0,1,1,0
061_foam_brick,s0_duarte_mcd_061_foam_brick_t0,duarte_mcd,516,0.857530,,,,,,,,,3.271925e-03,197,1,0,1,1,0
061_foam_brick,s0_duarte_mcd_061_foam_brick_t1,duarte_mcd,242,0.919398,,,,,,,,,0.000000e+00,219,1,0,1,1,0
061_foam_brick,s0_duarte_mcd_061_foam_brick_t2,duarte_mcd,92,0.937342,,,,,,,,,0.000000e+00,173,1,0,1,1,0
061_foam_brick,s0_duarte_mcd_061_foam_brick_t3,duarte_mcd,240,0.901444,,,,,,,,,3.755410e-01,483,1,0,1,1,0
061_foam_brick,s0_duarte_mcd_061_foam_brick_t4,duarte_mcd,136,0.945659,,,,,,,,,3.644393e-02,203,1,0,1,1,0
061_foam_brick,s0_duarte_mcd_061_foam_brick_t5,duarte_mcd,378,0.933642,,,,,,,,,9.795408e-03,216,1,0,1,1,0
061_foam_brick,s0_duarte_mcd_061_foam_brick_t6,duarte_mcd,58,0.921687,,,,,,,,,3.900191e-02,270,1,0,1,1,1
061_foam_brick,s0_duarte_mcd_061_foam_brick_t7,duarte_mcd,55,0.940175,,,,,,,,,1.342110e-01,307,1,0,1,1,1
061_foam_brick,s0_duarte_mcd_061_foam_brick_t8,duarte_mcd,393,0.930933,,,,,,,,,1.318425e-01,291,1,0,1,1,0
061_foam_brick,s0_duarte_mcd_061_foam_brick_t9,duarte_mcd,15,0.930663,,,,,,,,,2.278653e-03,210,1,0,1,1,0
010_potted_meat_can,s1_partial_only_010_potted_meat_can_t0,partial_only,649,0.805084,,,,,,,,,,,1,0,1,1,1
010_potted_meat_can,s1_partial_only_010_potted_meat_can_t1,partial_only,461,0.765583,,,,,,,,,,,1,0,1,1,1
010_potted_meat_can,s1_partial_only_010_potted_meat_can_t2,partial_only,332,0.899262,,,,,,,,,,,1,0,1,1,1
010_potted_meat_can,s1_partial_only_010_potted_meat_can_t3,partial_only,877,0.795841,,,,,,,,,,,1,0,1,1,0
010_potted_meat_can,s1_partial_only_010_potted_meat_can_t4,partial_only,1290,0.597333,,,,,,,,,,,1,0,1,1,1
010_potted_meat_can,s1_partial_only_010_potted_meat_can_t5,partial_only,552,0.864432,,,,,,,,,,,1,0,1,1,1
010_potted_meat_can,s1_partial_only_010_potted_meat_can_t6,partial_only,943,0.734845,,,,,,,,,,,1,0,1,1,1
010_potted_meat_can,s1_partial_only_010_potted_meat_can_t7,partial_only,141,0.861471,,,,,,,,,,,1,0,1,1,1
010_potted_meat_can,s1_partial_only_010_potted_meat_can_t8,partial_only,584,0.821900,,,,,,,,,,,1,0,1,1,1
010_potted_meat_can,s1_partial_only_010_potted_meat_can_t9,partial_only,546,0.823378,,,,,,,,,,,1,0,1,1,0
006_mustard_bottle,s1_complete_only_006_mustard_bottle_t0,complete_only,28,0.821580,0.031004,3.286006e-05,8.408116e-05,898,0.020669,3.787410e-05,0.041339,2.376841e-05,2.635960e-01,248,1,0,1,1,1
006_mustard_bottle,s1_complete_only_006_mustard_bottle_t1,complete_only,2,0.822731,0.031088,2.292499e-05,5.347491e-05,1016,0.020725,2.531536e-05,0.041451,1.926863e-05,2.262755e-01,324,1,0,1,1,1
006_mustard_bottle,s1_complete_only_006_mustard_bottle_t2,complete_only,8,0.928163,0.030348,4.037047e-05,1.105523e-04,1216,0.020232,4.884259e-05,0.040464,3.509232e-05,6.318750e-01,290,1,0,1,1,1
006_mustard_bottle,s1_complete_only_006_mustard_bottle_t3,complete_only,19,0.888494,0.031344,1.128556e-05,3.775002e-05,1543,0.020896,1.905061e-05,0.041792,7.979090e-06,1.752308e-01,206,1,0,1,1,1
006_mustard_bottle,s1_complete_only_006_mustard_bottle_t5,complete_only,132,0.877294,0.031369,1.161814e-04,6.488530e-04,1220,0.020913,1.033322e-04,0.041826,9.836608e-05,8.639742e-01,621,1,0,1,1,1
006_mustard_bottle,s1_complete_only_006_mustard_bottle_t6,complete_only,0,0.845829,0.031729,2.360364e-05,4.522241e-05,1135,0.021153,2.853162e-05,0.042306,1.707718e-05,4.966662e-01,294,1,0,1,1,1
006_mustard_bottle,s1_complete_only_006_mustard_bottle_t7,complete_only,676,0.663765,0.054043,2.238936e-03,1.383708e-02,1770,0.036029,3.756681e-03,0.072057,1.255544e-03,1.096642e+00,35,1,0,1,1,0
006_mustard_bottle,s1_complete_only_006_mustard_bottle_t8,complete_only,7,0.955354,0.030326,2.474300e-06,8.981353e-06,2032,0.020217,2.316229e-06,0.040434,2.950429e-06,2.998820e-03,296,1,0,1,1,1
006_mustard_bottle,s1_complete_only_006_mustard_bottle_t9,complete_only,107,0.859307,0.032007,6.227274e-05,2.952458e-04,1166,0.021338,7.448398e-05,0.042676,6.183591e-05,3.826945e-01,374,1,0,1,1,1
061_foam_brick,s1_complete_only_061_foam_brick_t0,complete_only,23,0.944089,0.018037,5.820579e-06,1.434021e-05,1859,0.012025,8.131976e-06,0.024049,1.029782e-05,8.048294e-01,866,1,0,1,1,1
061_foam_brick,s1_complete_only_061_foam_brick_t1,complete_only,0,0.958663,0.019204,1.206465e-05,6.506864e-05,1323,0.012803,8.488316e-06,0.025606,1.723750e-05,1.089189e+00,1036,1,0,1,1,1
061_foam_brick,s1_complete_only_061_foam_brick_t2,complete_only,6,0.953277,0.017483,2.367137e-06,7.664572e-06,1242,0.011655,2.817984e-06,0.023310,5.587402e-06,8.489004e-01,979,1,0,1,1,0
061_foam_brick,s1_complete_only_061_foam_brick_t3,complete_only,0,0.938177,0.016899,6.656187e-06,2.413889e-05,1228,0.011266,2.521725e-06,0.022532,1.167912e-05,7.173820e-01,865,1,0,1,1,0
061_foam_brick,s1_complete_only_061_foam_brick_t4,complete_only,5,0.934116,0.018247,1.113035e-05,5.121874e-05,1094,0.012164,2.185243e-05,0.024329,1.771775e-05,2.270375e-01,459,1,0,1,1,1
061_foam_brick,s1_complete_only_061_foam_brick_t5,complete_only,0,0.959274,0.017598,1.019425e-06,2.405352e-06,1055,0.011732,4.433292e-07,0.023464,1.252484e-06,1.153336e+00,1322,1,0,1,1,1
061_foam_brick,s1_complete_only_061_foam_brick_t6,complete_only,4,0.941707,0.018062,8.479600e-06,3.900282e-05,1452,0.012041,6.374370e-06,0.024082,1.135795e-05,1.726489e+00,1747,1,0,1,1,1
061_foam_brick,s1_complete_only_061_foam_brick_t7,complete_only,0,0.945156,0.018455,9.420562e-06,3.820061e-05,1585,0.012304,8.239854e-06,0.024607,1.605872e-05,1.268368e+00,1123,1,0,1,1,1
061_foam_brick,s1_complete_only_061_foam_brick_t8,complete_only,96,0.921415,0.018125,1.467898e-06,5.640187e-06,1215,0.012083,1.215477e-06,0.024167,1.435399e-06,5.893561e-01,828,1,0,1,1,1
061_foam_brick,s1_complete_only_061_foam_brick_t9,complete_only,1,0.954022,0.017254,2.846550e-06,7.875122e-06,1324,0.011503,2.035383e-06,0.023006,6.197881e-06,1.198657e+00,1445,1,0,1,1,1
010_potted_meat_can,s1_complete_epi_010_potted_meat_can_t0,complete_epi,452,0.688769,0.021707,7.307272e-06,2.466293e-05,1064,0.014472,1.186622e-05,0.028943,8.258497e-06,4.243686e-01,524,1,0,1,1,0
010_potted_meat_can,s1_complete_epi_010_potted_meat_can_t1,complete_epi,196,0.738486,0.021346,1.177474e-05,7.111814e-05,963,0.014231,1.137168e-05,0.028462,1.446223e-05,1.670020e+00,1102,1,0,1,1,0
010_potted_meat_can,s1_complete_epi_010_potted_meat_can_t2,complete_epi,97,0.785063,0.021368,2.295413e-06,5.988086e-06,1148,0.014245,1.923566e-06,0.028490,4.471320e-06,8.549204e-01,971,1,0,1,1,1
010_potted_meat_can,s1_complete_epi_010_potted_meat_can_t3,complete_epi,49,0.817710,0.021589,7.638818e-06,2.219584e-05,1252,0.014393,6.367907e-06,0.028785,9.144997e-06,3.397318e-01,489,1,0,1,1,0
010_potted_meat_can,s1_complete_epi_010_potted_meat_can_t4,complete_epi,279,0.753630,0.021076,4.375301e-06,1.359421e-05,1189,0.014051,3.558059e-06,0.028101,9.564752e-06,1.302753e+00,1189,1,0,1,1,0
010_potted_meat_can,s1_complete_epi_010_potted_meat_can_t5,complete_epi,836,0.539594,0.022132,1.409135e-06,3.292761e-06,805,0.014755,1.357032e-06,0.029510,1.253212e-06,4.041479e-01,653,1,0,1,1,0
010_potted_meat_can,s1_complete_epi_010_potted_meat_can_t6,complete_epi,95,0.780642,0.021632,3.143636e-06,1.007208e-05,1099,0.014422,2.591525e-06,0.028843,5.100427e-06,1.024837e+00,925,1,0,1,1,0
010_potted_meat_can,s1_complete_epi_010_potted_meat_can_t7,complete_epi,412,0.718902,0.021667,2.962236e-06,1.624480e-05,983,0.014445,3.910033e-06,0.028889,3.688345e-06,5.171432e-01,603,1,0,1,1,0
010_potted_meat_can,s1_complete_epi_010_potted_meat_can_t8,complete_epi,94,0.855688,0.021066,1.412717e-06,5.012236e-06,902,0.014044,1.866205e-06,0.028088,1.939298e-06,6.250388e-01,788,1,0,1,1,1
010_potted_meat_can,s1_complete_epi_010_potted_meat_can_t9,complete_epi,517,0.610596,0.022016,1.233153e-05,1.010173e-04,597,0.014677,1.047598e-05,0.029355,1.116034e-05,8.339634e-01,850,1,0,1,1,0
006_mustard_bottle,s1_duarte_mcd_006_mustard_bottle_t0,duarte_mcd,136,0.878989,,,,,,,,,4.170099e-03,212,1,0,1,1,0
006_mustard_bottle,s1_duarte_mcd_006_mustard_bottle_t1,duarte_mcd,6,0.932746,,,,,,,,,1.530896e-01,178,1,0,1,1,1
006_mustard_bottle,s1_duarte_mcd_006_mustard_bottle_t2,duarte_mcd,52,0.956612,,,,,,,,,4.786525e-02,167,1,0,1,1,1
006_mustard_bottle,s1_duarte_mcd_006_mustard_bottle_t3,duarte_mcd,7,0.865549,,,,,,,,,2.372463e-01,354,1,0,1,1,1
006_mustard_bottle,s1_duarte_mcd_006_mustard_bottle_t4,duarte_mcd,81,0.916147,,,,,,,,,2.774395e-01,638,1,0,1,1,1
006_mustard_bottle,s1_duarte_mcd_006_mustard_bottle_t5,duarte_mcd,352,0.966536,,,,,,,,,4.500975e-01,388,1,0,1,1,0
006_mustard_bottle,s1_duarte_mcd_006_mustard_bottle_t6,duarte_mcd,25,0.908288,,,,,,,,,8.310175e-02,308,1,0,1,1,1
006_mustard_bottle,s1_duarte_mcd_006_mustard_bottle_t7,duarte_mcd,253,0.908335,,,,,,,,,2.476429e-01,438,1,0,1,1,1
006_mustard_bottle,s1_duarte_mcd_006_mustard_bottle_t8,duarte_mcd,5,0.961516,,,,,,,,,1.689582e-02,360,1,0,1,1,1
006_mustard_bottle,s1_duarte_mcd_006_mustard_bottle_t9,duarte_mcd,17,0.852457,,,,,,,,,5.714825e-02,227,1,0,1,1,1
061_foam_brick,s1_duarte_mcd_061_foam_brick_t0,duarte_mcd,119,0.944476,,,,,,,,,0.000000e+00,123,1,0,1,1,0
061_foam_brick,s1_duarte_mcd_061_foam_brick_t1,duarte_mcd,11,0.946437,,,,,,,,,0.000000e+00,194,1,0,1,1,0
061_foam_brick,s1_duarte_mcd_061_foam_brick_t2,duarte_mcd,43,0.943239,,,,,,,,,0.000000e+00,78,1,0,1,1,0
061_foam_brick,s1_duarte_mcd_061_foam_brick_t3,duarte_mcd,638,0.906627,,,,,,,,,1.295119e-01,258,1,0,1,1,0
061_foam_brick,s1_duarte_mcd_061_foam_brick_t4,duarte_mcd,407,0.912186,,,,,,,,,0.000000e+00,170,1,0,1,1,0
061_foam_brick,s1_duarte_mcd_061_foam_brick_t5,duarte_mcd,49,0.947993,,,,,,,,,5.841511e-02,229,1,0,1,1,0
061_foam_brick,s1_duarte_mcd_061_foam_brick_t6,duarte_mcd,414,0.921585,,,,,,,,,0.000000e+00,173,1,0,1,1,0
061_foam_brick,s1_duarte_mcd_061_foam_brick_t7,duarte_mcd,399,0.904080,,,,,,,,,0.000000e+00,165,1,0,1,1,0
061_foam_brick,s1_duarte_mcd_061_foam_brick_t8,duarte_mcd,489,0.899830,,,,,,,,,2.838876e-01,645,1,0,1,1,0
061_foam_brick,s1_duarte_mcd_061_foam_brick_t9,duarte_mcd,113,0.925034,,,,,,,,,9.085415e-02,451,1,0,1,1,1
010_potted_meat_can,s2_partial_only_010_potted_meat_can_t0,partial_only,530,0.846421,,,,,,,,,,,1,0,1,1,1
010_potted_meat_can,s2_partial_only_010_potted_meat_can_t1,partial_only,494,0.875825,,,,,,,,,,,1,0,1,1,1
010_potted_meat_can,s2_partial_only_010_potted_meat_can_t2,partial_only,285,0.857034,,,,,,,,,,,1,0,1,1,1
010_potted_meat_can,s2_partial_only_010_potted_meat_can_t3,partial_only,1351,0.568808,,,,,,,,,,,1,0,1,1,0
010_potted_meat_can,s2_partial_only_010_potted_meat_can_t4,partial_only,466,0.873393,,,,,,,,,,,1,0,1,1,1
010_potted_meat_can,s2_partial_only_010_potted_meat_can_t5,partial_only,582,0.852125,,,,,,,,,,,1,0,1,1,1
010_potted_meat_can,s2_partial_only_010_potted_meat_can_t7,partial_only,1259,0.670312,,,,,,,,,,,1,0,1,1,1
010_potted_meat_can,s2_partial_only_010_potted_meat_can_t8,partial_only,26,0.914979,,,,,,,,,,,1,0,1,1,1
010_potted_meat_can,s2_partial_only_010_potted_meat_can_t9,partial_only,466,0.883058,,,,,,,,,,,1,0,1,1,1
006_mustard_bottle,s2_complete_only_006_mustard_bottle_t0,complete_only,3,0.927074,0.031008,3.998087e-05,2.078098e-04,1889,0.020672,2.845369e-05,0.041344,4.072566e-05,1.998101e-01,332,1,0,1,1,1
006_mustard_bottle,s2_complete_only_006_mustard_bottle_t1,complete_only,13,0.934840,0.030667,1.019843e-04,2.454752e-04,1016,0.020445,1.412711e-04,0.040889,7.989266e-05,1.226972e+00,237,1,0,1,1,0
006_mustard_bottle,s2_complete_only_006_mustard_bottle_t2,complete_only,277,0.899620,0.030324,3.501667e-05,1.252303e-04,1241,0.020216,4.384561e-05,0.040432,2.802440e-05,5.564064e-01,210,1,0,1,1,1
006_mustard_bottle,s2_complete_only_006_mustard_bottle_t3,complete_only,12,0.875738,0.031842,2.192873e-05,5.208765e-05,1141,0.021228,2.708962e-05,0.042457,1.622384e-05,3.030908e-01,273,1,0,1,1,1
006_mustard_bottle,s2_complete_only_006_mustard_bottle_t4,complete_only,6,0.927621,0.030760,6.815265e-05,1.541681e-04,1026,0.020507,7.093733e-05,0.041014,6.328903e-05,1.012122e+00,298,1,0,1,1,1
006_mustard_bottle,s2_complete_only_006_mustard_bottle_t5,complete_only,25,0.897245,0.030922,5.310615e-05,2.434048e-04,1298,0.020614,3.185137e-05,0.041229,5.303445e-05,3.933148e-01,388,1,0,1,1,1
006_mustard_bottle,s2_complete_only_006_mustard_bottle_t6,complete_only,2,0.830676,0.030881,7.371403e-06,1.765962e-05,1422,0.020587,8.674316e-06,0.041174,5.718743e-06,5.698242e-01,420,1,0,1,1,1
006_mustard_bottle,s2_complete_only_006_mustard_bottle_t7,complete_only,19,0.943251,0.008129,1.014642e-06,7.570820e-06,893,0.005419,4.606502e-07,0.010839,1.998591e-06,7.317150e+00,5857,1,0,1,1,0
006_mustard_bottle,s2_complete_only_006_mustard_bottle_t8,complete_only,159,0.914958,0.030835,9.909770e-06,4.734178e-05,1789,0.020557,8.798500e-06,0.041113,1.580289e-05,2.720126e-01,340,1,0,1,1,1
006_mustard_bottle,s2_complete_only_006_mustard_bottle_t9,complete_only,2,0.937577,0.031210,1.663209e-05,6.897939e-05,1521,0.020807,1.407233e-05,0.041613,1.609590e-05,5.715723e-01,684,1,0,1,1,1
061_foam_brick,s2_complete_only_061_foam_brick_t0,complete_only,0,0.953788,0.018495,1.109049e-06,4.291109e-06,1197,0.012330,9.766103e-07,0.024660,1.055983e-06,1.349748e+00,1569,1,0,1,1,1
061_foam_brick,s2_complete_only_061_foam_brick_t1,complete_only,0,0.962340,0.017678,3.772611e-06,1.095072e-05,1629,0.011785,4.220476e-06,0.023571,6.158128e-06,1.191619e+00,1161,1,0,1,1,1
061_foam_brick,s2_complete_only_061_foam_brick_t2,complete_only,8,0.960477,0.017262,3.363369e-06,2.736708e-06,1286,0.011508,1.346763e-06,0.023016,6.255719e-06,9.886229e-01,1244,1,0,1,1,1
061_foam_brick,s2_complete_only_061_foam_brick_t3,complete_only,2,0.929051,0.018311,2.761577e-05,1.731406e-04,1350,0.012208,1.795568e-05,0.024415,3.021094e-05,1.065642e+00,900,1,0,1,1,0
061_foam_brick,s2_complete_only_061_foam_brick_t4,complete_only,16,0.950655,0.017926,1.693422e-06,4.697336e-06,1286,0.011951,2.488569e-06,0.023901,2.513639e-06,1.137966e+00,1284,1,0,1,1,1
061_foam_brick,s2_complete_only_061_foam_brick_t5,complete_only,0,0.960228,0.018717,1.950501e-06,5.367051e-06,833,0.012478,9.469447e-07,0.024956,6.748618e-06,1.130279e+00,1271,1,0,1,1,1
061_foam_brick,s2_complete_only_061_foam_brick_t6,complete_only,45,0.955909,0.017335,2.455507e-06,5.190632e-06,653,0.011557,2.555856e-06,0.023114,2.772527e-06,9.692678e-01,1089,1,0,1,1,1
061_foam_brick,s2_complete_only_061_foam_brick_t7,complete_only,14,0.956594,0.017357,2.288307e-06,4.576124e-06,1657,0.011571,2.253431e-06,0.023142,3.473028e-06,1.223590e+00,1235,1,0,1,1,1
061_foam_brick,s2_complete_only_061_foam_brick_t8,complete_only,0,0.974918,0.017395,2.306408e-06,2.431729e-06,1210,0.011597,1.524094e-06,0.023194,4.730258e-06,7.481951e-01,864,1,0,1,1,1
061_foam_brick,s2_complete_only_061_foam_brick_t9,complete_only,28,0.948041,0.017655,1.851756e-06,3.424928e-06,1180,0.011770,7.612655e-07,0.023541,2.945048e-06,7.206518e-01,1090,1,0,1,1,1
010_potted_meat_can,s2_complete_epi_010_potted_meat_can_t0,complete_epi,703,0.610285,0.021498,1.546988e-06,3.029319e-06,696,0.014332,1.911208e-06,0.028664,2.159555e-06,5.597553e-01,754,1,0,1,1,1
010_potted_meat_can,s2_complete_epi_010_potted_meat_can_t1,complete_epi,352,0.652732,0.022145,2.586046e-06,3.775243e-06,802,0.014764,1.493662e-06,0.029527,4.347728e-06,7.561941e-01,920,1,0,1,1,0
010_potted_meat_can,s2_complete_epi_010_potted_meat_can_t2,complete_epi,514,0.627585,0.021901,3.511778e-06,4.817973e-06,1323,0.014601,2.841409e-06,0.029201,5.828374e-06,1.394353e+00,1186,1,0,1,1,1
010_potted_meat_can,s2_complete_epi_010_potted_meat_can_t3,complete_epi,447,0.710772,0.021068,7.378866e-06,3.044514e-05,1041,0.014046,9.960776e-06,0.028091,8.899281e-06,8.628530e-01,757,1,0,1,1,0
010_potted_meat_can,s2_complete_epi_010_potted_meat_can_t4,complete_epi,619,0.616907,0.021429,1.403971e-06,3.235159e-06,754,0.014286,1.469769e-06,0.028571,1.708861e-06,4.347292e-01,680,1,0,1,1,1
010_potted_meat_can,s2_complete_epi_010_potted_meat_can_t5,complete_epi,490,0.672982,0.021616,1.245509e-06,2.388714e-06,695,0.014410,1.381520e-06,0.028821,1.112201e-06,9.542452e-02,404,1,0,1,1,0
010_potted_meat_can,s2_complete_epi_010_potted_meat_can_t6,complete_epi,180,0.873625,0.021600,2.553152e-06,5.867010e-06,641,0.014400,2.460673e-06,0.028799,2.584543e-06,7.330731e-01,738,1,0,1,1,1
010_potted_meat_can,s2_complete_epi_010_potted_meat_can_t7,complete_epi,822,0.706669,0.031065,1.048684e-04,7.196590e-04,1628,0.020710,8.024060e-05,0.041421,1.235450e-04,1.193462e+00,717,1,0,1,1,0
010_potted_meat_can,s2_complete_epi_010_potted_meat_can_t8,complete_epi,535,0.645867,0.021362,3.491470e-06,7.225773e-06,726,0.014241,3.609257e-06,0.028483,9.394394e-06,8.909667e-01,912,1,0,1,1,0
010_potted_meat_can,s2_complete_epi_010_potted_meat_can_t9,complete_epi,859,0.578677,0.021116,2.406104e-06,1.686959e-05,748,0.014077,1.288598e-06,0.028155,3.030444e-06,7.484404e-01,709,1,0,1,1,1
006_mustard_bottle,s2_duarte_mcd_006_mustard_bottle_t0,duarte_mcd,25,0.947145,,,,,,,,,3.337239e-02,405,1,0,1,1,1
006_mustard_bottle,s2_duarte_mcd_006_mustard_bottle_t1,duarte_mcd,1182,0.544965,,,,,,,,,5.353920e-01,213,1,0,1,1,0
006_mustard_bottle,s2_duarte_mcd_006_mustard_bottle_t2,duarte_mcd,40,0.955524,,,,,,,,,1.028930e-02,215,1,0,1,1,1
006_mustard_bottle,s2_duarte_mcd_006_mustard_bottle_t3,duarte_mcd,69,0.914869,,,,,,,,,2.578875e-01,534,1,0,1,1,1
006_mustard_bottle,s2_duarte_mcd_006_mustard_bottle_t4,duarte_mcd,69,0.949619,,,,,,,,,0.000000e+00,288,1,0,1,1,1
006_mustard_bottle,s2_duarte_mcd_006_mustard_bottle_t5,duarte_mcd,0,0.935300,,,,,,,,,1.945928e-01,366,1,0,1,1,1
006_mustard_bottle,s2_duarte_mcd_006_mustard_bottle_t8,duarte_mcd,66,0.953749,,,,,,,,,1.564535e-02,273,1,0,1,1,1
006_mustard_bottle,s2_duarte_mcd_006_mustard_bottle_t9,duarte_mcd,0,0.950473,,,,,,,,,3.609391e-02,356,1,0,1,1,1
061_foam_brick,s2_duarte_mcd_061_foam_brick_t0,duarte_mcd,255,0.908036,,,,,,,,,6.679111e-02,189,1,0,1,1,0
061_foam_brick,s2_duarte_mcd_061_foam_brick_t1,duarte_mcd,145,0.949444,,,,,,,,,0.000000e+00,80,1,0,1,1,0
061_foam_brick,s2_duarte_mcd_061_foam_brick_t2,duarte_mcd,51,0.944749,,,,,,,,,1.099398e-01,329,1,0,1,1,0
061_foam_brick,s2_duarte_mcd_061_foam_brick_t3,duarte_mcd,597,0.872322,,,,,,,,,5.355319e-02,225,1,0,1,1,0
061_foam_brick,s2_duarte_mcd_061_foam_brick_t4,duarte_mcd,1,0.960509,,,,,,,,,0.000000e+00,153,1,0,1,1,0
061_foam_brick,s2_duarte_mcd_061_foam_brick_t5,duarte_mcd,82,0.937220,,,,,,,,,2.220030e-01,411,1,0,1,1,1
061_foam_brick,s2_duarte_mcd_061_foam_brick_t6,duarte_mcd,643,0.921380,,,,,,,,,5.223765e-02,257,1,0,1,1,0
061_foam_brick,s2_duarte_mcd_061_foam_brick_t7,duarte_mcd,187,0.946065,,,,,,,,,4.753045e-02,243,1,0,1,1,0
061_foam_brick,s2_duarte_mcd_061_foam_brick_t8,duarte_mcd,49,0.955942,,,,,,,,,8.811328e-03,159,1,0,1,1,0
061_foam_brick,s2_duarte_mcd_061_foam_brick_t9,duarte_mcd,117,0.926494,,,,,,,,,2.290054e-01,368,1,0,1,1,0
035_power_drill,s0_partial_only_035_power_drill_t0,partial_only,15,0.946595,,,,,,,,,,,1,0,1,1,1
035_power_drill,s0_partial_only_035_power_drill_t1,partial_only,1,0.928319,,,,,,,,,,,1,0,1,1,1
035_power_drill,s0_partial_only_035_power_drill_t2,partial_only,536,0.882570,,,,,,,,,,,1,0,1,1,0
035_power_drill,s0_partial_only_035_power_drill_t3,partial_only,19,0.930872,,,,,,,,,,,1,0,1,1,1
035_power_drill,s0_partial_only_035_power_drill_t4,partial_only,0,0.936703,,,,,,,,,,,1,0,1,1,1
035_power_drill,s0_partial_only_035_power_drill_t5,partial_only,0,0.954970,,,,,,,,,,,1,0,1,1,1
035_power_drill,s0_partial_only_035_power_drill_t6,partial_only,51,0.937085,,,,,,,,,,,1,0,1,1,1
035_power_drill,s0_partial_only_035_power_drill_t7,partial_only,30,0.972334,,,,,,,,,,,1,0,1,1,1
035_power_drill,s0_partial_only_035_power_drill_t8,partial_only,12,0.940570,,,,,,,,,,,1,0,1,1,0
035_power_drill,s0_partial_only_035_power_drill_t9,partial_only,8,0.938515,,,,,,,,,,,1,0,1,1,0
021_bleach_cleanser,s0_complete_only_021_bleach_cleanser_t0,complete_only,311,0.866123,0.040654,9.758588e-06,0.000000e+00,575,0.027102,0.000000e+00,0.054205,3.221093e-05,0.000000e+00,78,1,0,1,1,1
021_bleach_cleanser,s0_complete_only_021_bleach_cleanser_t1,complete_only,20,0.867730,0.040999,2.920292e-05,1.699719e-04,808,0.027333,3.373359e-05,0.054666,2.284908e-05,0.000000e+00,127,1,0,1,1,1
021_bleach_cleanser,s0_complete_only_021_bleach_cleanser_t2,complete_only,322,0.898725,0.040613,4.493177e-05,2.617833e-04,775,0.027076,5.689921e-05,0.054151,2.437494e-05,4.967805e-02,169,1,0,1,1,0
021_bleach_cleanser,s0_complete_only_021_bleach_cleanser_t3,complete_only,75,0.896285,0.040725,6.674155e-06,0.000000e+00,598,0.027150,0.000000e+00,0.054300,1.761103e-05,0.000000e+00,52,1,0,1,1,1
021_bleach_cleanser,s0_complete_only_021_bleach_cleanser_t4,complete_only,30,0.955769,0.035465,8.954857e-06,1.007334e-04,785,0.023643,0.000000e+00,0.047286,7.838591e-06,0.000000e+00,169,1,0,1,1,0
021_bleach_cleanser,s0_complete_only_021_bleach_cleanser_t5,complete_only,186,0.893716,0.040220,3.678858e-05,1.417592e-04,935,0.026814,4.320077e-05,0.053627,2.511663e-05,6.124127e-02,110,1,0,1,1,0
021_bleach_cleanser,s0_complete_only_021_bleach_cleanser_t6,complete_only,50,0.924628,0.039658,6.008976e-06,2.359516e-05,589,0.026439,1.028567e-05,0.052877,2.260526e-05,0.000000e+00,88,1,0,1,1,1
021_bleach_cleanser,s0_complete_only_021_bleach_cleanser_t8,complete_only,431,0.868963,0.040785,5.483960e-05,2.296427e-04,1208,0.027190,1.794013e-04,0.054380,4.732458e-05,6.722078e-02,127,1,0,1,1,1
051_large_clamp,s0_complete_only_051_large_clamp_t0,complete_only,40,0.950661,0.033035,2.293085e-06,8.425664e-06,935,0.022024,3.460252e-07,0.044047,2.945145e-06,0.000000e+00,135,1,0,1,1,1
051_large_clamp,s0_complete_only_051_large_clamp_t1,complete_only,8,0.958670,0.031804,8.987896e-05,4.351027e-04,1018,0.021202,1.563539e-04,0.042405,4.525819e-05,4.396701e-01,241,1,0,1,1,0
051_large_clamp,s0_complete_only_051_large_clamp_t2,complete_only,12,0.969266,0.032723,7.724118e-06,3.085454e-05,1526,0.021816,1.168093e-05,0.043631,6.055863e-06,2.414460e-01,273,1,0,1,1,0
051_large_clamp,s0_complete_only_051_large_clamp_t4,complete_only,0,0.972393,0.031418,1.273663e-06,4.635230e-06,813,0.020945,0.000000e+00,0.041891,1.432745e-06,0.000000e+00,141,1,0,1,1,0
051_large_clamp,s0_complete_only_051_large_clamp_t5,complete_only,0,0.965330,0.034297,4.266128e-06,1.061157e-05,1362,0.022865,5.462166e-06,0.045730,3.669449e-06,2.017509e-01,241,1,0,1,1,0
051_large_clamp,s0_complete_only_051_large_clamp_t6,complete_only,11,0.953673,0.033181,1.748364e-07,0.000000e+00,727,0.022121,0.000000e+00,0.044242,2.649509e-06,0.000000e+00,147,1,0,1,1,1
051_large_clamp,s0_complete_only_051_large_clamp_t8,complete_only,2,0.965888,0.031526,5.371141e-08,0.000000e+00,679,0.021018,0.000000e+00,0.042035,4.733253e-06,0.000000e+00,148,1,0,1,1,0
051_large_clamp,s0_complete_only_051_large_clamp_t9,complete_only,6,0.957402,0.033995,0.000000e+00,0.000000e+00,669,0.022664,0.000000e+00,0.045327,0.000000e+00,0.000000e+00,154,1,0,1,1,0
035_power_drill,s0_complete_epi_035_power_drill_t0,complete_epi,302,0.861747,0.041799,4.712528e-05,1.929175e-05,918,0.027866,1.240845e-05,0.055732,7.388530e-05,1.302745e-02,131,1,0,1,1,1
035_power_drill,s0_complete_epi_035_power_drill_t1,complete_epi,85,0.896221,0.042607,1.164441e-05,2.058217e-05,823,0.028405,6.844559e-06,0.056810,1.816538e-05,0.000000e+00,158,1,0,1,1,0
035_power_drill,s0_complete_epi_035_power_drill_t2,complete_epi,1000,0.730042,0.043084,2.760198e-05,1.223061e-04,633,0.028723,1.075925e-05,0.057446,1.430034e-04,1.011106e-02,124,1,0,1,1,0
035_power_drill,s0_complete_epi_035_power_drill_t3,complete_epi,695,0.809197,0.053373,1.452160e-08,0.000000e+00,844,0.035582,0.000000e+00,0.071164,2.520569e-06,0.000000e+00,117,1,0,1,1,1
035_power_drill,s0_complete_epi_035_power_drill_t4,complete_epi,529,0.827896,0.043139,3.789983e-06,2.753223e-05,756,0.028759,0.000000e+00,0.057518,7.511682e-06,0.000000e+00,105,1,0,1,1,0
035_power_drill,s0_complete_epi_035_power_drill_t5,complete_epi,732,0.778693,0.043767,1.414631e-04,6.172096e-04,858,0.029178,1.449581e-04,0.058356,2.231987e-04,1.404202e-01,141,1,0,1,1,1
035_power_drill,s0_complete_epi_035_power_drill_t6,complete_epi,383,0.873803,0.042147,6.790750e-07,4.633601e-06,730,0.028098,1.421265e-07,0.056196,2.680344e-06,0.000000e+00,142,1,0,1,1,1
035_power_drill,s0_complete_epi_035_power_drill_t7,complete_epi,16,0.973626,0.027706,2.858125e-05,8.363795e-05,1413,0.018471,3.005345e-05,0.036942,1.670357e-05,1.438429e+00,1009,1,0,1,1,1
035_power_drill,s0_complete_epi_035_power_drill_t8,complete_epi,2,0.974401,0.021434,3.081985e-04,1.075740e-03,508,0.014289,3.513212e-04,0.028578,2.022456e-04,3.665363e+00,519,1,0,1,1,0
035_power_drill,s0_complete_epi_035_power_drill_t9,complete_epi,414,0.843626,0.042447,1.535543e-06,8.470214e-06,763,0.028298,0.000000e+00,0.056596,5.130669e-06,0.000000e+00,142,1,0,1,1,0
021_bleach_cleanser,s0_duarte_mcd_021_bleach_cleanser_t0,duarte_mcd,24,0.919410,,,,,,,,,0.000000e+00,82,1,0,1,1,0
021_bleach_cleanser,s0_duarte_mcd_021_bleach_cleanser_t1,duarte_mcd,63,0.898890,,,,,,,,,0.000000e+00,119,1,0,1,1,1
021_bleach_cleanser,s0_duarte_mcd_021_bleach_cleanser_t2,duarte_mcd,160,0.919493,,,,,,,,,4.311902e-02,199,1,0,1,1,0
021_bleach_cleanser,s0_duarte_mcd_021_bleach_cleanser_t3,duarte_mcd,43,0.927730,,,,,,,,,3.795848e-03,102,1,0,1,1,1
021_bleach_cleanser,s0_duarte_mcd_021_bleach_cleanser_t5,duarte_mcd,357,0.894485,,,,,,,,,1.076515e-01,125,1,0,1,1,1
021_bleach_cleanser,s0_duarte_mcd_021_bleach_cleanser_t6,duarte_mcd,0,0.931731,,,,,,,,,2.034499e-02,115,1,0,1,1,1
021_bleach_cleanser,s0_duarte_mcd_021_bleach_cleanser_t8,duarte_mcd,154,0.930058,,,,,,,,,2.734735e-02,133,1,0,1,1,1
021_bleach_cleanser,s0_duarte_mcd_021_bleach_cleanser_t9,duarte_mcd,46,0.943811,,,,,,,,,1.024471e-02,309,1,0,1,1,1
051_large_clamp,s0_duarte_mcd_051_large_clamp_t0,duarte_mcd,63,0.939379,,,,,,,,,0.000000e+00,111,1,0,1,1,0
051_large_clamp,s0_duarte_mcd_051_large_clamp_t1,duarte_mcd,48,0.951053,,,,,,,,,2.276501e-03,168,1,0,1,1,0
051_large_clamp,s0_duarte_mcd_051_large_clamp_t2,duarte_mcd,0,0.969379,,,,,,,,,0.000000e+00,164,1,0,1,1,0
051_large_clamp,s0_duarte_mcd_051_large_clamp_t3,duarte_mcd,3,0.965148,,,,,,,,,0.000000e+00,125,1,0,1,1,1
051_large_clamp,s0_duarte_mcd_051_large_clamp_t4,duarte_mcd,0,0.973706,,,,,,,,,0.000000e+00,157,1,0,1,1,0
051_large_clamp,s0_duarte_mcd_051_large_clamp_t5,duarte_mcd,0,0.965550,,,,,,,,,0.000000e+00,176,1,0,1,1,1
051_large_clamp,s0_duarte_mcd_051_large_clamp_t6,duarte_mcd,26,0.958424,,,,,,,,,8.400893e-03,111,1,0,1,1,1
051_large_clamp,s0_duarte_mcd_051_large_clamp_t7,duarte_mcd,11,0.963618,,,,,,,,,0.000000e+00,177,1,0,1,1,0
051_large_clamp,s0_duarte_mcd_051_large_clamp_t8,duarte_mcd,19,0.943939,,,,,,,,,0.000000e+00,152,1,0,1,1,1
051_large_clamp,s0_duarte_mcd_051_large_clamp_t9,duarte_mcd,5,0.966469,,,,,,,,,0.000000e+00,153,1,0,1,1,1
035_power_drill,s1_partial_only_035_power_drill_t0,partial_only,13,0.957766,,,,,,,,,,,1,0,1,1,1
035_power_drill,s1_partial_only_035_power_drill_t1,partial_only,0,0.961705,,,,,,,,,,,1,0,1,1,1
035_power_drill,s1_partial_only_035_power_drill_t3,partial_only,12,0.933947,,,,,,,,,,,1,0,1,1,1
035_power_drill,s1_partial_only_035_power_drill_t4,partial_only,27,0.950428,,,,,,,,,,,1,0,1,1,1
035_power_drill,s1_partial_only_035_power_drill_t5,partial_only,22,0.933879,,,,,,,,,,,1,0,1,1,0
035_power_drill,s1_partial_only_035_power_drill_t6,partial_only,78,0.932118,,,,,,,,,,,1,0,1,1,1
035_power_drill,s1_partial_only_035_power_drill_t7,partial_only,0,0.958668,,,,,,,,,,,1,0,1,1,1
035_power_drill,s1_partial_only_035_power_drill_t8,partial_only,31,0.972206,,,,,,,,,,,1,0,1,1,1
035_power_drill,s1_partial_only_035_power_drill_t9,partial_only,108,0.917203,,,,,,,,,,,1,0,1,1,1
021_bleach_cleanser,s1_complete_only_021_bleach_cleanser_t0,complete_only,23,0.922971,0.041768,4.008501e-05,2.143361e-04,512,0.027846,2.194682e-05,0.055691,2.135014e-05,1.561877e-02,104,1,0,1,1,1
021_bleach_cleanser,s1_complete_only_021_bleach_cleanser_t1,complete_only,399,0.870331,0.041036,2.124016e-05,1.123911e-04,1140,0.027357,1.602378e-05,0.054714,1.621473e-05,1.091785e-01,166,1,0,1,1,1
021_bleach_cleanser,s1_complete_only_021_bleach_cleanser_t3,complete_only,428,0.884513,0.030297,1.008057e-05,3.641256e-05,1625,0.020198,2.020593e-05,0.040396,8.676582e-06,6.788937e-01,349,1,0,1,1,0
021_bleach_cleanser,s1_complete_only_021_bleach_cleanser_t4,complete_only,995,0.749640,0.040544,7.524186e-05,4.459476e-04,1183,0.027029,1.003778e-04,0.054058,3.724782e-05,1.736830e-01,135,1,0,1,1,1
021_bleach_cleanser,s1_complete_only_021_bleach_cleanser_t5,complete_only,536,0.839299,0.026399,1.890134e-05,7.466229e-05,1907,0.017599,2.082097e-05,0.035198,1.635069e-05,2.336493e-01,540,1,0,1,1,1
021_bleach_cleanser,s1_complete_only_021_bleach_cleanser_t6,complete_only,693,0.867298,0.029267,2.276333e-05,1.084248e-04,1123,0.019512,2.091357e-05,0.039023,2.810763e-05,2.967338e-01,159,1,0,1,1,0
021_bleach_cleanser,s1_complete_only_021_bleach_cleanser_t7,complete_only,17,0.903581,0.013025,3.573978e-06,3.103127e-05,411,0.008683,8.020323e-07,0.017366,4.694205e-06,5.440462e-01,623,1,0,1,1,0
021_bleach_cleanser,s1_complete_only_021_bleach_cleanser_t8,complete_only,67,0.923947,0.041797,1.355281e-05,1.647306e-04,1115,0.027865,1.197297e-05,0.055730,1.393792e-05,0.000000e+00,173,1,0,1,1,1
021_bleach_cleanser,s1_complete_only_021_bleach_cleanser_t9,complete_only,89,0.918224,0.040642,2.745034e-05,2.894777e-04,671,0.027094,1.182450e-05,0.054189,3.631632e-05,0.000000e+00,114,1,0,1,1,1
051_large_clamp,s1_complete_only_051_large_clamp_t0,complete_only,0,0.968322,0.031256,0.000000e+00,0.000000e+00,572,0.020837,0.000000e+00,0.041674,1.554007e-06,0.000000e+00,136,1,0,1,1,0
051_large_clamp,s1_complete_only_051_large_clamp_t1,complete_only,69,0.966353,0.033901,5.308323e-06,1.331854e-05,2171,0.022600,3.765200e-06,0.045201,1.097262e-05,3.610843e-01,360,1,0,1,1,0
051_large_clamp,s1_complete_only_051_large_clamp_t3,complete_only,2,0.957848,0.031643,0.000000e+00,0.000000e+00,699,0.021095,0.000000e+00,0.042190,0.000000e+00,0.000000e+00,143,1,0,1,1,0
051_large_clamp,s1_complete_only_051_large_clamp_t4,complete_only,0,0.965714,0.033195,2.815453e-06,6.261741e-06,2259,0.022130,2.214577e-06,0.044261,3.603340e-06,4.438089e-01,396,1,0,1,1,0
051_large_clamp,s1_complete_only_051_large_clamp_t5,complete_only,2,0.965917,0.033434,6.438674e-06,2.283852e-05,2183,0.022289,4.670285e-06,0.044578,1.092130e-05,4.584552e-01,407,1,0,1,1,0
051_large_clamp,s1_complete_only_051_large_clamp_t6,complete_only,1,0.969247,0.031855,1.049114e-06,4.980550e-06,744,0.021236,0.000000e+00,0.042473,1.547159e-06,0.000000e+00,141,1,0,1,1,0
051_large_clamp,s1_complete_only_051_large_clamp_t7,complete_only,11,0.970322,0.032638,5.409963e-06,2.148703e-05,1288,0.021759,8.257938e-06,0.043517,4.384109e-06,4.626258e-01,329,1,0,1,1,1
051_large_clamp,s1_complete_only_051_large_clamp_t8,complete_only,0,0.972448,0.024290,5.283109e-06,2.789147e-05,5173,0.016193,7.701159e-06,0.032386,5.283978e-06,1.916297e+00,2220,1,0,1,1,0
051_large_clamp,s1_complete_only_051_large_clamp_t9,complete_only,9,0.951938,0.033424,2.451300e-07,0.000000e+00,701,0.022283,0.000000e+00,0.044566,8.917659e-07,0.000000e+00,134,1,0,1,1,0
035_power_drill,s1_complete_epi_035_power_drill_t0,complete_epi,902,0.745919,0.044879,1.222738e-06,6.888750e-06,626,0.029919,0.000000e+00,0.059839,1.201226e-05,0.000000e+00,76,1,0,1,1,0
035_power_drill,s1_complete_epi_035_power_drill_t1,complete_epi,441,0.867621,0.043829,5.583441e-05,1.502555e-04,1024,0.029219,2.858853e-05,0.058438,1.021300e-04,2.065025e-01,164,1,0,1,1,1
035_power_drill,s1_complete_epi_035_power_drill_t3,complete_epi,455,0.847682,0.043934,6.655090e-05,1.591278e-05,698,0.029289,4.452944e-05,0.058578,9.622192e-05,4.496635e-02,113,1,0,1,1,1
035_power_drill,s1_complete_epi_035_power_drill_t4,complete_epi,504,0.814711,0.043651,7.471821e-05,3.047387e-04,747,0.029101,1.451663e-05,0.058201,1.278234e-04,3.550232e-02,120,1,0,1,1,1
035_power_drill,s1_complete_epi_035_power_drill_t5,complete_epi,0,0.787658,0.002457,2.079339e-06,5.759306e-06,293,0.001638,3.360208e-06,0.003276,4.467628e-07,1.853163e+00,8192,0,0,1,1,
035_power_drill,s1_complete_epi_035_power_drill_t6,complete_epi,957,0.749040,0.042085,2.376207e-06,1.223026e-05,544,0.028057,3.785606e-07,0.056114,4.832002e-06,0.000000e+00,113,1,0,1,1,0
035_power_drill,s1_complete_epi_035_power_drill_t7,complete_epi,1025,0.724287,0.043672,7.949799e-05,3.475209e-04,601,0.029115,1.238445e-05,0.058230,1.790006e-04,1.169047e-02,122,1,0,1,1,1
035_power_drill,s1_complete_epi_035_power_drill_t8,complete_epi,36,0.976770,0.029400,2.960692e-05,1.289882e-04,1316,0.019600,2.655646e-05,0.039200,2.311385e-05,1.845975e+00,893,1,0,1,1,1
035_power_drill,s1_complete_epi_035_power_drill_t9,complete_epi,257,0.839600,0.018577,4.279345e-04,8.809127e-04,1358,0.012385,5.510303e-04,0.024770,3.137639e-04,3.812262e+00,984,1,0,1,1,0
021_bleach_cleanser,s1_duarte_mcd_021_bleach_cleanser_t0,duarte_mcd,11,0.923141,,,,,,,,,0.000000e+00,93,1,0,1,1,1
021_bleach_cleanser,s1_duarte_mcd_021_bleach_cleanser_t1,duarte_mcd,504,0.882913,,,,,,,,,3.611208e-02,143,1,0,1,1,1
021_bleach_cleanser,s1_duarte_mcd_021_bleach_cleanser_t2,duarte_mcd,57,0.889530,,,,,,,,,1.388411e-01,143,1,0,1,1,1
021_bleach_cleanser,s1_duarte_mcd_021_bleach_cleanser_t3,duarte_mcd,37,0.958232,,,,,,,,,4.981573e-01,341,1,0,1,1,0
021_bleach_cleanser,s1_duarte_mcd_021_bleach_cleanser_t4,duarte_mcd,965,0.812088,,,,,,,,,1.300648e-01,160,1,0,1,1,0
021_bleach_cleanser,s1_duarte_mcd_021_bleach_cleanser_t5,duarte_mcd,174,0.885161,,,,,,,,,3.298602e-03,143,1,0,1,1,1
021_bleach_cleanser,s1_duarte_mcd_021_bleach_cleanser_t6,duarte_mcd,314,0.852508,,,,,,,,,4.779006e-01,373,1,0,1,1,0
021_bleach_cleanser,s1_duarte_mcd_021_bleach_cleanser_t7,duarte_mcd,55,0.908755,,,,,,,,,2.494723e-01,557,1,0,1,1,0
021_bleach_cleanser,s1_duarte_mcd_021_bleach_cleanser_t8,duarte_mcd,173,0.943165,,,,,,,,,1.743102e-02,174,1,0,1,1,1
021_bleach_cleanser,s1_duarte_mcd_021_bleach_cleanser_t9,duarte_mcd,31,0.890412,,,,,,,,,0.000000e+00,100,1,0,1,1,1
051_large_clamp,s1_duarte_mcd_051_large_clamp_t0,duarte_mcd,0,0.973628,,,,,,,,,0.000000e+00,137,1,0,1,1,0
051_large_clamp,s1_duarte_mcd_051_large_clamp_t1,duarte_mcd,0,0.968832,,,,,,,,,0.000000e+00,165,1,0,1,1,1
051_large_clamp,s1_duarte_mcd_051_large_clamp_t2,duarte_mcd,1,0.961554,,,,,,,,,0.000000e+00,157,1,0,1,1,1
051_large_clamp,s1_duarte_mcd_051_large_clamp_t3,duarte_mcd,69,0.939385,,,,,,,,,0.000000e+00,139,1,0,1,1,1
051_large_clamp,s1_duarte_mcd_051_large_clamp_t4,duarte_mcd,1,0.960878,,,,,,,,,0.000000e+00,114,1,0,1,1,0
051_large_clamp,s1_duarte_mcd_051_large_clamp_t5,duarte_mcd,0,0.968488,,,,,,,,,0.000000e+00,176,1,0,1,1,0
051_large_clamp,s1_duarte_mcd_051_large_clamp_t6,duarte_mcd,0,0.968688,,,,,,,,,0.000000e+00,134,1,0,1,1,1
051_large_clamp,s1_duarte_mcd_051_large_clamp_t7,duarte_mcd,44,0.956075,,,,,,,,,0.000000e+00,167,1,0,1,1,0
051_large_clamp,s1_duarte_mcd_051_large_clamp_t8,duarte_mcd,20,0.963168,,,,,,,,,0.000000e+00,186,1,0,1,1,1
051_large_clamp,s1_duarte_mcd_051_large_clamp_t9,duarte_mcd,35,0.951965,,,,,,,,,0.000000e+00,156,1,0,1,1,0
035_power_drill,s2_partial_only_035_power_drill_t0,partial_only,10,0.902615,,,,,,,,,,,1,0,1,1,1
035_power_drill,s2_partial_only_035_power_drill_t2,partial_only,0,0.955445,,,,,,,,,,,1,0,1,1,1
035_power_drill,s2_partial_only_035_power_drill_t3,partial_only,12,0.955726,,,,,,,,,,,1,0,1,1,0
035_power_drill,s2_partial_only_035_power_drill_t4,partial_only,0,0.954930,,,,,,,,,,,1,0,1,1,1
035_power_drill,s2_partial_only_035_power_drill_t5,partial_only,0,0.943968,,,,,,,,,,,1,0,1,1,0
035_power_drill,s2_partial_only_035_power_drill_t6,partial_only,6,0.946519,,,,,,,,,,,1,0,1,1,0
035_power_drill,s2_partial_only_035_power_drill_t7,partial_only,124,0.931014,,,,,,,,,,,1,0,1,1,1
035_power_drill,s2_partial_only_035_power_drill_t8,partial_only,0,0.963513,,,,,,,,,,,1,0,1,1,1
035_power_drill,s2_partial_only_035_power_drill_t9,partial_only,89,0.956549,,,,,,,,,,,1,0,1,1,0
021_bleach_cleanser,s2_complete_only_021_bleach_cleanser_t0,complete_only,15,0.875162,0.040536,2.034484e-05,1.581713e-04,1043,0.027024,1.619923e-05,0.054048,2.065496e-05,0.000000e+00,146,1,0,1,1,1
021_bleach_cleanser,s2_complete_only_021_bleach_cleanser_t1,complete_only,28,0.919244,0.040960,2.345256e-05,2.524120e-04,778,0.027307,2.653964e-05,0.054613,2.270967e-05,0.000000e+00,93,1,0,1,1,1
021_bleach_cleanser,s2_complete_only_021_bleach_cleanser_t2,complete_only,23,0.891123,0.041735,5.025061e-06,2.783854e-05,1367,0.027823,5.545602e-06,0.055646,6.933021e-06,4.321656e-02,216,1,0,1,1,1
021_bleach_cleanser,s2_complete_only_021_bleach_cleanser_t3,complete_only,500,0.885420,0.040354,3.999456e-05,2.866825e-04,750,0.026902,4.298077e-05,0.053805,2.603101e-05,2.745337e-02,125,1,0,1,1,1
021_bleach_cleanser,s2_complete_only_021_bleach_cleanser_t4,complete_only,25,0.915733,0.041480,3.143712e-05,3.620567e-04,865,0.027653,1.099905e-05,0.055306,2.854871e-05,0.000000e+00,96,1,0,1,1,1
021_bleach_cleanser,s2_complete_only_021_bleach_cleanser_t5,complete_only,11,0.910602,0.039997,6.144342e-06,3.887139e-05,1076,0.026665,1.496353e-07,0.053329,1.235531e-05,0.000000e+00,114,1,0,1,1,1
021_bleach_cleanser,s2_complete_only_021_bleach_cleanser_t6,complete_only,46,0.802473,0.037173,2.147658e-05,7.374865e-05,1589,0.024782,1.702504e-05,0.049564,1.952652e-05,1.060374e+00,309,1,0,1,1,1
021_bleach_cleanser,s2_complete_only_021_bleach_cleanser_t7,complete_only,91,0.862281,0.040303,2.803913e-05,1.118682e-04,1272,0.026868,5.207278e-05,0.053737,2.274902e-05,6.608710e-02,117,1,0,1,1,1
021_bleach_cleanser,s2_complete_only_021_bleach_cleanser_t8,complete_only,53,0.922046,0.040615,1.839300e-05,1.713773e-04,660,0.027077,9.329826e-06,0.054154,1.555688e-05,0.000000e+00,126,1,0,1,1,1
021_bleach_cleanser,s2_complete_only_021_bleach_cleanser_t9,complete_only,618,0.701750,0.054730,5.081674e-05,2.037247e-04,3157,0.036487,4.741014e-05,0.072973,8.477085e-05,1.097737e+00,241,1,0,1,1,0
051_large_clamp,s2_complete_only_051_large_clamp_t0,complete_only,24,0.949967,0.030536,5.028706e-07,3.979626e-06,808,0.020357,0.000000e+00,0.040715,6.106691e-07,0.000000e+00,198,1,0,1,1,0
051_large_clamp,s2_complete_only_051_large_clamp_t1,complete_only,0,0.972959,0.030197,0.000000e+00,0.000000e+00,640,0.020131,0.000000e+00,0.040263,0.000000e+00,0.000000e+00,166,1,0,1,1,0
051_large_clamp,s2_complete_only_051_large_clamp_t2,complete_only,1,0.972988,0.035820,1.190169e-05,2.515876e-05,2597,0.023880,1.098500e-05,0.047761,1.704102e-05,3.753805e-01,323,1,0,1,1,0
051_large_clamp,s2_complete_only_051_large_clamp_t3,complete_only,0,0.959202,0.033656,2.493346e-06,4.190310e-06,2002,0.022437,2.325202e-06,0.044875,4.307696e-06,1.899664e-01,273,1,0,1,1,0
051_large_clamp,s2_complete_only_051_large_clamp_t5,complete_only,0,0.976368,0.032601,9.321210e-08,0.000000e+00,827,0.021734,0.000000e+00,0.043468,2.012667e-06,0.000000e+00,160,1,0,1,1,1
051_large_clamp,s2_complete_only_051_large_clamp_t6,complete_only,9,0.973121,0.032149,7.136114e-06,5.392290e-05,1446,0.021433,9.633545e-06,0.042865,6.791342e-06,1.547150e-01,176,1,0,1,1,1
051_large_clamp,s2_complete_only_051_large_clamp_t7,complete_only,0,0.958493,0.027799,1.039814e-05,4.265658e-05,7680,0.018533,1.510706e-05,0.037065,1.328922e-05,4.244952e+00,2717,1,0,1,1,1
051_large_clamp,s2_complete_only_051_large_clamp_t8,complete_only,0,0.973548,0.030849,1.481869e-06,7.839674e-06,1074,0.020566,4.836670e-07,0.041132,1.664741e-06,0.000000e+00,151,1,0,1,1,1
051_large_clamp,s2_complete_only_051_large_clamp_t9,complete_only,1,0.968740,0.031755,1.731317e-05,3.892365e-05,1587,0.021170,5.224976e-06,0.042340,4.418820e-05,5.027134e-01,359,1,0,1,1,0
035_power_drill,s2_complete_epi_035_power_drill_t0,complete_epi,158,0.911343,0.040316,2.816206e-05,9.874521e-05,1102,0.026877,3.344539e-05,0.053755,3.173940e-05,1.984088e-01,225,1,0,1,1,1
035_power_drill,s2_complete_epi_035_power_drill_t2,complete_epi,208,0.870911,0.042718,1.584479e-05,3.363274e-05,1189,0.028478,8.426726e-06,0.056957,4.807693e-05,0.000000e+00,164,1,0,1,1,1
035_power_drill,s2_complete_epi_035_power_drill_t3,complete_epi,1499,0.364464,0.023850,1.849424e-05,9.890925e-05,2263,0.015900,8.914598e-05,0.031800,1.645273e-05,6.302769e-02,174,1,0,1,1,0
035_power_drill,s2_complete_epi_035_power_drill_t4,complete_epi,314,0.868576,0.042145,2.636927e-06,1.481358e-05,856,0.028097,1.442608e-06,0.056194,8.377487e-06,0.000000e+00,77,1,0,1,1,0
035_power_drill,s2_complete_epi_035_power_drill_t5,complete_epi,399,0.837165,0.042106,3.052552e-06,7.695513e-06,929,0.028070,2.178261e-06,0.056141,6.513007e-06,0.000000e+00,155,1,0,1,1,0
035_power_drill,s2_complete_epi_035_power_drill_t6,complete_epi,1249,0.518230,0.057227,8.514433e-05,2.901227e-04,1966,0.038152,6.547477e-05,0.076303,1.456821e-04,2.237781e-01,127,1,0,1,1,0
035_power_drill,s2_complete_epi_035_power_drill_t7,complete_epi,440,0.855807,0.046344,9.983954e-06,1.230182e-05,1111,0.030896,1.078530e-05,0.061792,2.188062e-05,0.000000e+00,119,1,0,1,1,0
021_bleach_cleanser,s2_duarte_mcd_021_bleach_cleanser_t0,duarte_mcd,38,0.923523,,,,,,,,,0.000000e+00,122,1,0,1,1,0
021_bleach_cleanser,s2_duarte_mcd_021_bleach_cleanser_t1,duarte_mcd,96,0.914101,,,,,,,,,0.000000e+00,92,1,0,1,1,0
021_bleach_cleanser,s2_duarte_mcd_021_bleach_cleanser_t3,duarte_mcd,997,0.795568,,,,,,,,,2.977367e-01,234,1,0,1,1,1
021_bleach_cleanser,s2_duarte_mcd_021_bleach_cleanser_t4,duarte_mcd,40,0.947105,,,,,,,,,8.893689e-03,113,1,0,1,1,1
021_bleach_cleanser,s2_duarte_mcd_021_bleach_cleanser_t5,duarte_mcd,25,0.918405,,,,,,,,,1.196777e-02,146,1,0,1,1,1
021_bleach_cleanser,s2_duarte_mcd_021_bleach_cleanser_t6,duarte_mcd,257,0.940190,,,,,,,,,0.000000e+00,174,1,0,1,1,1
021_bleach_cleanser,s2_duarte_mcd_021_bleach_cleanser_t7,duarte_mcd,10,0.921591,,,,,,,,,5.970546e-02,104,1,0,1,1,1
021_bleach_cleanser,s2_duarte_mcd_021_bleach_cleanser_t8,duarte_mcd,55,0.915348,,,,,,,,,0.000000e+00,82,1,0,1,1,0
021_bleach_cleanser,s2_duarte_mcd_021_bleach_cleanser_t9,duarte_mcd,63,0.909849,,,,,,,,,0.000000e+00,137,1,0,1,1,1
051_large_clamp,s2_duarte_mcd_051_large_clamp_t0,duarte_mcd,130,0.951323,,,,,,,,,0.000000e+00,171,1,0,1,1,1
051_large_clamp,s2_duarte_mcd_051_large_clamp_t1,duarte_mcd,0,0.965909,,,,,,,,,0.000000e+00,128,1,0,1,1,1
051_large_clamp,s2_duarte_mcd_051_large_clamp_t2,duarte_mcd,167,0.956840,,,,,,,,,0.000000e+00,207,1,0,1,1,0
051_large_clamp,s2_duarte_mcd_051_large_clamp_t3,duarte_mcd,28,0.948977,,,,,,,,,0.000000e+00,109,1,0,1,1,0
051_large_clamp,s2_duarte_mcd_051_large_clamp_t4,duarte_mcd,5,0.965334,,,,,,,,,0.000000e+00,159,1,0,1,1,1
051_large_clamp,s2_duarte_mcd_051_large_clamp_t5,duarte_mcd,21,0.950548,,,,,,,,,0.000000e+00,167,1,0,1,1,0
051_large_clamp,s2_duarte_mcd_051_large_clamp_t6,duarte_mcd,14,0.970107,,,,,,,,,0.000000e+00,134,1,0,1,1,0
051_large_clamp,s2_duarte_mcd_051_large_clamp_t7,duarte_mcd,8,0.944385,,,,,,,,,3.558502e-02,142,1,0,1,1,0
051_large_clamp,s2_duarte_mcd_051_large_clamp_t8,duarte_mcd,0,0.971662,,,,,,,,,0.000000e+00,153,1,0,1,1,1
051_large_clamp,s2_duarte_mcd_051_large_clamp_t9,duarte_mcd,0,0.967494,,,,,,,,,0.000000e+00,183,1,0,1,1,1
