object,trial,arm,grasp_id,confidence,patch_radius,patch_epi_mean,patch_epi_p95,patch_n,sens_lo_radius,patch_epi_mean_sens_lo,sens_hi_radius,patch_epi_mean_sens_hi,duarte_sigma_sum,duarte_box_n,geometry_gate_pass,uq_rejected,chosen,executed,lift_success
005_tomato_soup_can,s0_complete_only_005_tomato_soup_can_t0,complete_only,42,0.854640,0.019010,1.057807e-06,1.697745e-06,793,0.012673,1.363497e-06,0.025346,9.859648e-07,5.791612e-01,1014,1,0,1,1,1
005_tomato_soup_can,s0_complete_only_005_tomato_soup_can_t1,complete_only,75,0.857959,0.018996,8.216126e-07,1.550737e-06,648,0.012664,8.168291e-07,0.025328,8.199478e-07,3.968249e-01,804,1,0,1,1,1
005_tomato_soup_can,s0_complete_only_005_tomato_soup_can_t2,complete_only,54,0.864394,0.019285,1.050510e-06,2.397068e-06,585,0.012857,1.013467e-06,0.025713,9.626492e-07,4.316722e-01,839,1,0,1,1,0
005_tomato_soup_can,s0_complete_only_005_tomato_soup_can_t3,complete_only,60,0.877187,0.019062,5.146281e-07,1.531265e-06,469,0.012708,5.715727e-07,0.025415,5.169831e-07,3.492458e-01,752,1,0,1,1,1
005_tomato_soup_can,s0_complete_only_005_tomato_soup_can_t4,complete_only,881,0.669788,0.008212,2.410027e-07,3.412352e-07,3131,0.005474,2.487454e-07,0.010949,2.222527e-07,1.701673e+00,6876,1,0,1,1,0
005_tomato_soup_can,s0_complete_only_005_tomato_soup_can_t5,complete_only,15,0.885754,0.019062,7.628151e-07,1.431960e-06,618,0.012708,7.677719e-07,0.025417,7.756274e-07,4.052498e-01,808,1,0,1,1,1
005_tomato_soup_can,s0_complete_only_005_tomato_soup_can_t7,complete_only,10,0.885949,0.018803,5.086299e-07,1.519259e-06,426,0.012535,4.486106e-07,0.025070,5.284430e-07,2.739532e-01,686,1,0,1,1,1
005_tomato_soup_can,s0_complete_only_005_tomato_soup_can_t8,complete_only,35,0.874100,0.018758,7.636665e-07,1.685839e-06,628,0.012505,7.166788e-07,0.025011,8.415580e-07,4.253917e-01,853,1,0,1,1,1
005_tomato_soup_can,s0_complete_only_005_tomato_soup_can_t9,complete_only,35,0.865841,0.019221,7.641744e-07,1.413335e-06,656,0.012814,7.007612e-07,0.025627,7.726023e-07,4.084537e-01,832,1,0,1,1,0
061_foam_brick,s0_complete_only_061_foam_brick_t0,complete_only,682,0.885886,0.016189,2.607983e-04,8.360669e-04,571,0.010793,2.673144e-04,0.021586,1.712774e-04,1.769412e+00,1225,1,0,1,1,1
061_foam_brick,s0_complete_only_061_foam_brick_t1,complete_only,45,0.957328,0.016484,1.412351e-06,1.561637e-06,628,0.010989,6.097701e-06,0.021979,2.962823e-06,1.248362e+00,1332,1,0,1,1,0
061_foam_brick,s0_complete_only_061_foam_brick_t2,complete_only,1096,0.811937,0.016788,3.724075e-04,1.086843e-03,308,0.011192,3.157504e-04,0.022384,3.074340e-04,1.582434e+00,941,1,0,1,1,1
061_foam_brick,s0_complete_only_061_foam_brick_t3,complete_only,1334,0.541369,0.016999,6.084808e-06,3.607279e-05,970,0.011333,4.390736e-06,0.022665,9.728820e-06,1.141190e+00,1182,1,0,1,1,1
061_foam_brick,s0_complete_only_061_foam_brick_t4,complete_only,90,0.972315,0.017057,6.099389e-04,2.413683e-03,594,0.011372,7.386941e-04,0.022743,1.769210e-04,1.300711e+00,851,1,0,1,1,1
061_foam_brick,s0_complete_only_061_foam_brick_t5,complete_only,791,0.881536,0.016738,3.158137e-04,1.324901e-03,351,0.011158,3.363065e-04,0.022317,2.681163e-04,1.860265e+00,1051,1,0,1,1,1
061_foam_brick,s0_complete_only_061_foam_brick_t6,complete_only,2,0.950510,0.016857,9.948943e-06,1.461529e-05,499,0.011238,4.844647e-06,0.022476,3.110847e-05,1.140687e+00,967,1,0,1,1,1
061_foam_brick,s0_complete_only_061_foam_brick_t7,complete_only,438,0.913107,0.017212,6.024389e-07,1.131660e-06,1188,0.011475,4.994439e-07,0.022950,1.221202e-06,1.522592e+00,1832,1,0,1,1,1
061_foam_brick,s0_complete_only_061_foam_brick_t8,complete_only,279,0.932697,0.016986,4.546040e-06,8.486488e-06,929,0.011324,4.365956e-06,0.022648,7.432889e-06,1.587789e+00,1559,1,0,1,1,1
061_foam_brick,s0_complete_only_061_foam_brick_t9,complete_only,2,0.969330,0.016635,1.040458e-05,2.817958e-06,472,0.011090,9.994348e-07,0.022180,2.444228e-05,1.684635e+00,1166,1,0,1,1,1
035_power_drill,s0_complete_epi_035_power_drill_t0,complete_epi,353,0.874329,0.041577,8.571846e-05,2.566084e-04,913,0.027718,5.785425e-05,0.055436,1.544784e-04,8.592300e-01,241,1,0,1,1,1
035_power_drill,s0_complete_epi_035_power_drill_t1,complete_epi,51,0.921108,0.050086,2.808355e-06,7.090584e-06,1778,0.033390,2.502011e-06,0.066781,4.017267e-06,0.000000e+00,162,1,0,1,1,0
035_power_drill,s0_complete_epi_035_power_drill_t3,complete_epi,34,0.926283,0.042930,3.119617e-04,2.427284e-03,731,0.028620,3.293211e-04,0.057240,3.355498e-04,7.618732e-01,197,1,0,1,1,1
035_power_drill,s0_complete_epi_035_power_drill_t4,complete_epi,1,0.973020,0.024419,1.973318e-05,1.177415e-04,1530,0.016279,3.361272e-05,0.032559,2.093724e-05,1.233153e+00,1205,1,0,1,1,0
035_power_drill,s0_complete_epi_035_power_drill_t5,complete_epi,18,0.895754,0.042719,0.000000e+00,0.000000e+00,645,0.028479,0.000000e+00,0.056959,4.611178e-06,0.000000e+00,146,1,0,1,1,0
035_power_drill,s0_complete_epi_035_power_drill_t6,complete_epi,163,0.876238,0.039349,4.572115e-06,1.049695e-05,1158,0.026232,3.610518e-06,0.052465,6.707871e-06,2.068420e-01,220,1,0,1,1,1
035_power_drill,s0_complete_epi_035_power_drill_t7,complete_epi,41,0.968362,0.028001,1.254597e-05,3.606115e-05,1767,0.018668,1.558951e-05,0.037335,6.539831e-06,1.265454e+00,1082,1,0,1,1,0
035_power_drill,s0_complete_epi_035_power_drill_t8,complete_epi,0,0.964963,0.019630,7.118166e-05,2.482561e-04,1176,0.013087,8.238340e-05,0.026173,6.209570e-05,2.364986e+00,585,1,0,1,1,0
035_power_drill,s0_complete_epi_035_power_drill_t9,complete_epi,87,0.943616,0.017460,1.109736e-04,4.785547e-04,1482,0.011640,9.709506e-05,0.023280,7.322888e-05,3.122088e+00,2278,1,0,1,1,0
021_bleach_cleanser,s0_hetero_only_021_bleach_cleanser_t0,hetero_only,276,0.865942,0.039125,8.577529e-05,3.907677e-04,1030,0.026083,7.514929e-05,0.052167,6.786727e-05,5.807926e-02,62,1,0,1,1,0
021_bleach_cleanser,s0_hetero_only_021_bleach_cleanser_t1,hetero_only,20,0.938516,0.040039,5.541151e-05,2.859816e-04,1238,0.026693,6.003519e-05,0.053386,3.381601e-05,3.280537e-02,124,1,0,1,1,0
021_bleach_cleanser,s0_hetero_only_021_bleach_cleanser_t2,hetero_only,151,0.939395,0.031366,5.895173e-07,3.704744e-06,809,0.020910,0.000000e+00,0.041821,3.021958e-06,0.000000e+00,137,1,0,1,1,0
021_bleach_cleanser,s0_hetero_only_021_bleach_cleanser_t3,hetero_only,32,0.933360,0.039539,4.177788e-06,1.807681e-05,1039,0.026360,2.940023e-06,0.052719,7.744734e-06,0.000000e+00,83,1,0,1,1,1
021_bleach_cleanser,s0_hetero_only_021_bleach_cleanser_t4,hetero_only,642,0.716259,0.050074,3.390041e-05,8.853496e-05,2064,0.033382,3.521703e-05,0.066765,2.556812e-05,7.817642e-01,172,1,0,1,1,0
021_bleach_cleanser,s0_hetero_only_021_bleach_cleanser_t5,hetero_only,0,0.932438,0.013452,2.413404e-07,1.225315e-06,417,0.008968,0.000000e+00,0.017936,1.008513e-06,5.294511e-03,404,1,0,1,1,0
021_bleach_cleanser,s0_hetero_only_021_bleach_cleanser_t6,hetero_only,39,0.939350,0.039145,0.000000e+00,0.000000e+00,453,0.026097,0.000000e+00,0.052193,1.442424e-06,0.000000e+00,101,1,0,1,1,1
021_bleach_cleanser,s0_hetero_only_021_bleach_cleanser_t7,hetero_only,276,0.888968,0.039362,1.748073e-06,5.238379e-06,1401,0.026242,1.640475e-06,0.052483,1.748845e-06,1.937646e-03,277,1,0,1,1,1
021_bleach_cleanser,s0_hetero_only_021_bleach_cleanser_t8,hetero_only,284,0.889953,0.038942,3.847884e-05,1.476736e-04,1334,0.025961,4.147930e-05,0.051922,2.434601e-05,6.155747e-02,85,1,0,1,1,1
021_bleach_cleanser,s0_hetero_only_021_bleach_cleanser_t9,hetero_only,35,0.937951,0.026687,1.681710e-05,7.090721e-05,1151,0.017791,2.210415e-05,0.035583,7.711970e-06,3.896290e-02,251,1,0,1,1,0
005_tomato_soup_can,s0_hetero_patch_005_tomato_soup_can_t0,hetero_patch,47,0.861372,0.019010,5.811832e-07,2.496053e-06,407,0.012673,2.327221e-07,0.025346,7.703331e-07,2.241267e-01,613,1,0,1,1,1
005_tomato_soup_can,s0_hetero_patch_005_tomato_soup_can_t1,hetero_patch,47,0.867306,0.019031,8.717878e-07,1.950430e-06,589,0.012687,8.368318e-07,0.025374,8.850385e-07,3.139507e-01,711,1,0,1,1,1
005_tomato_soup_can,s0_hetero_patch_005_tomato_soup_can_t2,hetero_patch,59,0.869949,0.019145,8.715466e-07,1.611809e-06,639,0.012763,8.230442e-07,0.025526,8.941765e-07,4.573968e-01,871,1,0,1,1,0
005_tomato_soup_can,s0_hetero_patch_005_tomato_soup_can_t3,hetero_patch,14,0.894178,0.019061,5.102149e-07,1.724418e-06,435,0.012707,5.309711e-07,0.025414,5.851039e-07,2.866605e-01,673,1,0,1,1,1
005_tomato_soup_can,s0_hetero_patch_005_tomato_soup_can_t4,hetero_patch,37,0.889577,0.018828,8.385197e-07,1.536370e-06,713,0.012552,8.398028e-07,0.025104,8.868630e-07,4.219144e-01,827,1,0,1,1,1
005_tomato_soup_can,s0_hetero_patch_005_tomato_soup_can_t5,hetero_patch,33,0.867316,0.019089,8.118730e-07,1.593524e-06,598,0.012726,8.104018e-07,0.025452,8.564769e-07,3.897407e-01,802,1,0,1,1,1
005_tomato_soup_can,s0_hetero_patch_005_tomato_soup_can_t6,hetero_patch,67,0.866300,0.019147,8.408041e-07,1.746879e-06,607,0.012765,8.274886e-07,0.025530,8.447762e-07,3.034447e-01,700,1,0,1,1,1
005_tomato_soup_can,s0_hetero_patch_005_tomato_soup_can_t7,hetero_patch,19,0.892375,0.019297,1.012743e-06,1.881552e-06,669,0.012864,9.720045e-07,0.025729,1.051044e-06,4.245388e-01,744,1,0,1,1,1
005_tomato_soup_can,s0_hetero_patch_005_tomato_soup_can_t8,hetero_patch,40,0.862872,0.018582,8.004371e-07,1.748887e-06,621,0.012388,7.125867e-07,0.024776,8.834412e-07,3.963374e-01,833,1,0,1,1,1
005_tomato_soup_can,s0_hetero_patch_005_tomato_soup_can_t9,hetero_patch,58,0.860893,0.018991,8.524946e-07,1.573761e-06,720,0.012660,7.585404e-07,0.025321,8.810261e-07,5.495687e-01,934,1,0,1,1,1
061_foam_brick,s0_hetero_patch_061_foam_brick_t0,hetero_patch,618,0.895119,0.016189,5.499428e-06,3.764778e-05,673,0.010793,5.991133e-06,0.021586,5.068916e-06,9.464475e-01,1142,1,0,1,1,1
061_foam_brick,s0_hetero_patch_061_foam_brick_t1,hetero_patch,18,0.964050,0.016542,1.306003e-06,6.467686e-06,601,0.011028,4.605332e-06,0.022055,1.288010e-06,9.802997e-01,1239,1,0,1,1,1
061_foam_brick,s0_hetero_patch_061_foam_brick_t2,hetero_patch,1116,0.780129,0.016758,4.800582e-06,2.762393e-05,671,0.011172,4.602475e-06,0.022343,4.855030e-06,1.341812e+00,1371,1,0,1,1,1
061_foam_brick,s0_hetero_patch_061_foam_brick_t3,hetero_patch,1318,0.595547,0.017000,5.430002e-06,2.693356e-05,1051,0.011333,5.254600e-06,0.022666,6.382160e-06,1.241632e+00,1285,1,0,1,1,1
061_foam_brick,s0_hetero_patch_061_foam_brick_t4,hetero_patch,299,0.952070,0.016980,1.909652e-05,8.026601e-05,507,0.011320,4.446086e-05,0.022639,5.853572e-06,1.251752e+00,1677,1,0,1,1,1
061_foam_brick,s0_hetero_patch_061_foam_brick_t5,hetero_patch,1194,0.770365,0.016740,2.226431e-06,5.744414e-06,602,0.011160,3.977364e-06,0.022320,3.442677e-06,5.771360e-01,789,1,0,1,1,1
061_foam_brick,s0_hetero_patch_061_foam_brick_t6,hetero_patch,0,0.962495,0.016904,2.496227e-06,6.860447e-06,529,0.011269,2.511717e-06,0.022538,3.582848e-06,7.493249e-01,880,1,0,1,1,1
061_foam_brick,s0_hetero_patch_061_foam_brick_t7,hetero_patch,493,0.914380,0.017197,4.993445e-07,8.306483e-07,1098,0.011465,5.043425e-07,0.022929,4.812512e-07,1.011876e+00,1739,1,0,1,1,0
061_foam_brick,s0_hetero_patch_061_foam_brick_t8,hetero_patch,353,0.926083,0.016979,7.285583e-07,1.670484e-06,1484,0.011320,6.840529e-07,0.022639,7.954780e-07,1.326972e+00,2004,1,0,1,1,1
061_foam_brick,s0_hetero_patch_061_foam_brick_t9,hetero_patch,1,0.971361,0.016682,1.855210e-06,9.206269e-06,985,0.011121,9.439887e-07,0.022243,2.540889e-06,8.646963e-01,1038,1,0,1,1,1
035_power_drill,s1_complete_only_035_power_drill_t0,complete_only,905,0.720799,0.041747,5.655028e-07,3.253953e-06,630,0.027831,0.000000e+00,0.055663,1.015325e-06,0.000000e+00,118,1,0,1,1,0
035_power_drill,s1_complete_only_035_power_drill_t1,complete_only,494,0.871174,0.043893,6.656554e-05,3.590327e-04,949,0.029262,2.332529e-05,0.058524,1.460578e-04,0.000000e+00,147,1,0,1,1,1
035_power_drill,s1_complete_only_035_power_drill_t3,complete_only,91,0.909892,0.046451,2.061262e-04,1.778153e-03,917,0.030967,1.439890e-04,0.061935,2.839255e-04,2.309651e-01,131,1,0,1,1,1
035_power_drill,s1_complete_only_035_power_drill_t4,complete_only,256,0.843619,0.043427,2.225602e-06,0.000000e+00,527,0.028951,0.000000e+00,0.057902,6.794056e-05,0.000000e+00,115,1,0,1,1,1
035_power_drill,s1_complete_only_035_power_drill_t5,complete_only,559,0.795019,0.041944,3.581288e-04,2.243813e-03,874,0.027963,5.951220e-04,0.055926,2.363975e-04,3.600730e-01,193,1,0,1,1,1
035_power_drill,s1_complete_only_035_power_drill_t6,complete_only,546,0.835246,0.024113,2.087236e-05,5.190838e-05,2892,0.016075,1.657723e-05,0.032151,2.347711e-05,1.815777e+00,1791,1,0,1,1,0
035_power_drill,s1_complete_only_035_power_drill_t7,complete_only,775,0.761821,0.046839,2.895918e-04,1.106626e-03,684,0.031226,3.402114e-04,0.062452,2.024868e-04,8.027224e-02,126,1,0,1,1,0
035_power_drill,s1_complete_only_035_power_drill_t8,complete_only,43,0.967001,0.028666,7.403451e-05,3.169530e-04,2090,0.019111,3.911207e-05,0.038222,5.353078e-05,1.282984e+00,708,1,0,1,1,1
035_power_drill,s1_complete_only_035_power_drill_t9,complete_only,462,0.817445,0.039820,3.275716e-06,9.914088e-06,665,0.026547,5.114207e-06,0.053093,4.301599e-06,0.000000e+00,161,1,0,1,1,0
021_bleach_cleanser,s1_complete_epi_021_bleach_cleanser_t0,complete_epi,15,0.933040,0.038889,6.135293e-05,3.681457e-04,1098,0.025926,6.431154e-05,0.051852,5.583857e-05,4.082652e-03,108,1,0,1,1,1
021_bleach_cleanser,s1_complete_epi_021_bleach_cleanser_t2,complete_epi,76,0.926550,0.039192,4.240539e-05,3.712584e-04,1137,0.026128,7.692604e-05,0.052255,2.524491e-05,7.477452e-02,135,1,0,1,1,1
021_bleach_cleanser,s1_complete_epi_021_bleach_cleanser_t3,complete_epi,664,0.824110,0.039579,4.297280e-05,1.980481e-04,720,0.026386,7.648206e-05,0.052772,4.764175e-05,6.148568e-02,118,1,0,1,1,1
021_bleach_cleanser,s1_complete_epi_021_bleach_cleanser_t4,complete_epi,926,0.787582,0.039715,1.152994e-04,6.039203e-04,916,0.026477,2.108022e-04,0.052954,5.577551e-05,1.790338e-01,129,1,0,1,1,1
021_bleach_cleanser,s1_complete_epi_021_bleach_cleanser_t5,complete_epi,213,0.910322,0.040591,8.102862e-05,5.801626e-04,1541,0.027061,8.839873e-05,0.054121,4.044001e-05,3.668674e-01,207,1,0,1,1,1
021_bleach_cleanser,s1_complete_epi_021_bleach_cleanser_t6,complete_epi,0,0.735105,0.003634,8.145222e-06,1.610994e-05,679,0.002422,6.634717e-06,0.004845,8.879723e-06,5.350075e+00,8064,0,0,1,1,
021_bleach_cleanser,s1_complete_epi_021_bleach_cleanser_t7,complete_epi,26,0.910893,0.013225,1.012429e-07,6.375867e-07,445,0.008816,0.000000e+00,0.017633,1.884776e-07,5.264534e-02,476,1,0,1,1,0
021_bleach_cleanser,s1_complete_epi_021_bleach_cleanser_t8,complete_epi,13,0.925168,0.040490,1.269135e-05,1.016835e-04,1027,0.026994,1.477258e-05,0.053987,1.111511e-05,0.000000e+00,176,1,0,1,1,1
021_bleach_cleanser,s1_complete_epi_021_bleach_cleanser_t9,complete_epi,247,0.901394,0.039844,1.424118e-04,8.001739e-04,935,0.026563,9.273049e-05,0.053126,1.069056e-04,6.840712e-02,114,1,0,1,1,1
005_tomato_soup_can,s1_hetero_only_005_tomato_soup_can_t0,hetero_only,25,0.879319,0.019058,9.449150e-07,1.790315e-06,740,0.012706,8.896339e-07,0.025411,9.582728e-07,4.616752e-01,834,1,0,1,1,1
005_tomato_soup_can,s1_hetero_only_005_tomato_soup_can_t1,hetero_only,68,0.865453,0.018977,8.550703e-07,1.594898e-06,679,0.012651,8.179190e-07,0.025303,8.863720e-07,4.797603e-01,859,1,0,1,1,1
005_tomato_soup_can,s1_hetero_only_005_tomato_soup_can_t2,hetero_only,43,0.876477,0.018750,8.810612e-07,1.614629e-06,674,0.012500,8.025816e-07,0.025000,9.204991e-07,4.646577e-01,854,1,0,1,1,1
005_tomato_soup_can,s1_hetero_only_005_tomato_soup_can_t3,hetero_only,11,0.884197,0.019115,9.670100e-07,1.577792e-06,691,0.012743,1.034871e-06,0.025486,9.688284e-07,3.262052e-01,626,1,0,1,1,0
005_tomato_soup_can,s1_hetero_only_005_tomato_soup_can_t4,hetero_only,54,0.878487,0.019082,8.415169e-07,1.556112e-06,557,0.012721,8.296036e-07,0.025442,8.615068e-07,3.095450e-01,713,1,0,1,1,1
005_tomato_soup_can,s1_hetero_only_005_tomato_soup_can_t6,hetero_only,4,0.897753,0.018963,9.201706e-07,1.759500e-06,700,0.012642,8.659553e-07,0.025284,9.554231e-07,5.347380e-01,907,1,0,1,1,1
005_tomato_soup_can,s1_hetero_only_005_tomato_soup_can_t7,hetero_only,45,0.867685,0.019016,8.628273e-07,1.808084e-06,573,0.012677,8.131480e-07,0.025355,8.896724e-07,3.602519e-01,774,1,0,1,1,1
005_tomato_soup_can,s1_hetero_only_005_tomato_soup_can_t8,hetero_only,0,0.979649,0.014552,2.213352e-05,4.565788e-05,977,0.009701,2.625552e-05,0.019402,1.655845e-05,1.049849e+00,902,1,0,1,1,0
005_tomato_soup_can,s1_hetero_only_005_tomato_soup_can_t9,hetero_only,76,0.867535,0.018802,7.561914e-07,1.397045e-06,637,0.012535,7.268061e-07,0.025069,8.023531e-07,4.190956e-01,807,1,0,1,1,1
061_foam_brick,s1_hetero_only_061_foam_brick_t0,hetero_only,919,0.860452,0.016198,3.189260e-05,1.001031e-04,285,0.010799,3.668201e-05,0.021597,1.581354e-05,7.426676e-01,1079,1,0,1,1,1
061_foam_brick,s1_hetero_only_061_foam_brick_t1,hetero_only,1147,0.755604,0.016989,5.224993e-05,1.055665e-04,392,0.011326,7.723547e-05,0.022652,3.795576e-05,9.817481e-01,1024,1,0,1,1,1
061_foam_brick,s1_hetero_only_061_foam_brick_t2,hetero_only,705,0.880132,0.017179,9.187771e-07,1.510163e-06,1013,0.011453,7.841729e-07,0.022906,1.033583e-06,1.116555e+00,1549,1,0,1,1,1
061_foam_brick,s1_hetero_only_061_foam_brick_t3,hetero_only,486,0.903917,0.016439,1.786252e-06,1.202479e-06,1331,0.010959,1.728576e-06,0.021918,1.978490e-06,1.438534e+00,1594,1,0,1,1,1
061_foam_brick,s1_hetero_only_061_foam_brick_t4,hetero_only,1187,0.664892,0.016641,8.337086e-06,2.133633e-05,995,0.011094,1.277237e-05,0.022188,7.143393e-06,1.244046e+00,1248,1,0,1,1,1
061_foam_brick,s1_hetero_only_061_foam_brick_t5,hetero_only,0,0.978461,0.016398,1.681585e-06,4.784787e-06,538,0.010932,1.808757e-06,0.021864,1.231606e-06,8.696360e-01,1069,1,0,1,1,1
061_foam_brick,s1_hetero_only_061_foam_brick_t6,hetero_only,1070,0.725114,0.017348,2.287551e-06,8.870337e-06,1827,0.011566,2.050589e-06,0.023131,2.694935e-06,1.572709e+00,1577,1,0,1,1,1
061_foam_brick,s1_hetero_only_061_foam_brick_t7,hetero_only,950,0.808480,0.017401,3.252349e-05,7.917766e-05,275,0.011601,5.485582e-05,0.023201,1.164152e-05,7.161982e-01,895,1,0,1,1,1
061_foam_brick,s1_hetero_only_061_foam_brick_t8,hetero_only,289,0.921532,0.016907,3.890651e-07,6.989077e-07,886,0.011271,3.439168e-07,0.022542,4.216853e-07,1.105043e+00,1863,1,0,1,1,1
061_foam_brick,s1_hetero_only_061_foam_brick_t9,hetero_only,315,0.908255,0.016173,1.295339e-06,2.119525e-06,1001,0.010782,1.033662e-06,0.021565,2.218553e-06,9.866634e-01,1119,1,0,1,1,1
035_power_drill,s1_hetero_patch_035_power_drill_t0,hetero_patch,825,0.752736,0.041747,1.580683e-06,7.516374e-06,852,0.027831,2.485148e-06,0.055663,1.567873e-06,0.000000e+00,159,1,0,1,1,1
035_power_drill,s1_hetero_patch_035_power_drill_t1,hetero_patch,1103,0.577736,0.056435,3.061886e-05,1.204698e-04,2080,0.037624,4.302230e-05,0.075247,3.640906e-05,2.643025e-01,189,1,0,1,1,1
035_power_drill,s1_hetero_patch_035_power_drill_t2,hetero_patch,163,0.854839,0.037973,2.679305e-05,6.928874e-05,1336,0.025316,2.214250e-05,0.050631,2.730475e-05,5.218104e-01,314,1,0,1,1,1
035_power_drill,s1_hetero_patch_035_power_drill_t3,hetero_patch,90,0.896710,0.050538,5.491021e-05,3.262854e-04,1032,0.033692,5.372769e-05,0.067384,5.955838e-05,1.248036e-01,126,1,0,1,1,1
035_power_drill,s1_hetero_patch_035_power_drill_t4,hetero_patch,64,0.890885,0.043230,4.644998e-05,2.395863e-04,1024,0.028820,2.980538e-05,0.057640,4.794486e-05,5.814001e-01,275,1,0,1,1,1
035_power_drill,s1_hetero_patch_035_power_drill_t5,hetero_patch,431,0.844294,0.041848,1.464103e-05,7.069097e-05,1058,0.027899,1.635962e-05,0.055798,1.547583e-05,1.957109e-01,206,1,0,1,1,1
035_power_drill,s1_hetero_patch_035_power_drill_t6,hetero_patch,222,0.882421,0.044841,0.000000e+00,0.000000e+00,605,0.029894,0.000000e+00,0.059788,1.634400e-06,0.000000e+00,84,1,0,1,1,0
035_power_drill,s1_hetero_patch_035_power_drill_t7,hetero_patch,1029,0.635669,0.059831,2.437403e-05,1.068356e-04,2932,0.039887,1.904038e-05,0.079774,3.417334e-05,2.854431e-01,210,1,0,1,1,1
035_power_drill,s1_hetero_patch_035_power_drill_t8,hetero_patch,475,0.852167,0.052727,3.125646e-06,7.336241e-06,7106,0.035151,3.230254e-06,0.070303,3.877654e-06,9.415176e-01,843,1,0,1,1,1
035_power_drill,s1_hetero_patch_035_power_drill_t9,hetero_patch,262,0.857461,0.040353,5.571611e-06,3.827150e-05,757,0.026902,7.111323e-06,0.053804,6.136696e-06,0.000000e+00,150,1,0,1,1,0
021_bleach_cleanser,s2_complete_only_021_bleach_cleanser_t0,complete_only,7,0.921176,0.039332,9.530074e-06,9.555742e-06,853,0.026221,3.727272e-06,0.052442,1.600093e-05,0.000000e+00,109,1,0,1,1,1
021_bleach_cleanser,s2_complete_only_021_bleach_cleanser_t1,complete_only,82,0.874710,0.054169,2.235612e-05,8.987967e-05,3262,0.036112,1.755658e-05,0.072225,3.759741e-05,7.143238e-01,282,1,0,1,1,0
021_bleach_cleanser,s2_complete_only_021_bleach_cleanser_t2,complete_only,11,0.881420,0.039098,4.247359e-06,1.012868e-05,1632,0.026066,4.661899e-06,0.052131,3.940087e-06,1.305330e-01,209,1,0,1,1,1
021_bleach_cleanser,s2_complete_only_021_bleach_cleanser_t3,complete_only,530,0.869132,0.052051,1.139057e-03,4.093323e-03,938,0.034701,1.366536e-03,0.069401,5.745844e-04,2.167442e+00,73,1,0,1,1,0
021_bleach_cleanser,s2_complete_only_021_bleach_cleanser_t4,complete_only,48,0.937359,0.038742,1.243317e-04,1.084684e-03,520,0.025828,1.001028e-04,0.051656,7.835797e-05,4.622485e-01,177,1,0,1,1,1
021_bleach_cleanser,s2_complete_only_021_bleach_cleanser_t5,complete_only,10,0.939850,0.039772,1.879621e-05,1.246137e-04,1074,0.026515,7.757301e-06,0.053029,3.294975e-05,0.000000e+00,71,1,0,1,1,0
021_bleach_cleanser,s2_complete_only_021_bleach_cleanser_t6,complete_only,3,0.920048,0.038925,2.901394e-05,6.593160e-05,948,0.025950,3.131803e-05,0.051900,2.167777e-05,2.151322e-01,140,1,0,1,1,1
021_bleach_cleanser,s2_complete_only_021_bleach_cleanser_t7,complete_only,10,0.973075,0.025300,4.285512e-05,1.326710e-04,2148,0.016867,9.033900e-05,0.033734,2.440988e-05,1.170301e+00,386,1,0,1,1,0
021_bleach_cleanser,s2_complete_only_021_bleach_cleanser_t8,complete_only,16,0.944820,0.038797,7.795766e-05,3.702139e-04,501,0.025865,6.996617e-05,0.051730,4.929594e-05,4.906721e-02,124,1,0,1,1,1
021_bleach_cleanser,s2_complete_only_021_bleach_cleanser_t9,complete_only,14,0.902910,0.038823,9.185761e-05,4.665764e-04,953,0.025882,9.344969e-05,0.051764,4.304354e-05,1.574313e-02,116,1,0,1,1,1
005_tomato_soup_can,s2_complete_epi_005_tomato_soup_can_t0,complete_epi,42,0.867199,0.018947,7.611710e-07,1.386790e-06,702,0.012632,7.195047e-07,0.025263,7.823527e-07,4.377918e-01,859,1,0,1,1,0
005_tomato_soup_can,s2_complete_epi_005_tomato_soup_can_t1,complete_epi,23,0.893856,0.018783,6.442759e-07,2.085334e-06,556,0.012522,6.790239e-07,0.025043,6.762893e-07,2.960099e-01,724,1,0,1,1,1
005_tomato_soup_can,s2_complete_epi_005_tomato_soup_can_t2,complete_epi,32,0.864648,0.019043,7.388438e-07,1.539595e-06,682,0.012695,7.332013e-07,0.025391,7.466184e-07,4.604949e-01,900,1,0,1,1,1
005_tomato_soup_can,s2_complete_epi_005_tomato_soup_can_t3,complete_epi,20,0.889139,0.019141,6.396684e-07,1.328775e-06,607,0.012761,6.174751e-07,0.025522,6.708486e-07,2.861488e-01,756,1,0,1,1,1
005_tomato_soup_can,s2_complete_epi_005_tomato_soup_can_t4,complete_epi,19,0.888826,0.018657,5.463442e-07,1.725932e-06,417,0.012438,3.075283e-07,0.024875,6.569345e-07,2.306943e-01,662,1,0,1,1,1
005_tomato_soup_can,s2_complete_epi_005_tomato_soup_can_t5,complete_epi,127,0.854182,0.019031,7.748386e-07,1.653883e-06,674,0.012687,7.620045e-07,0.025374,7.962832e-07,4.738570e-01,913,1,0,1,1,1
005_tomato_soup_can,s2_complete_epi_005_tomato_soup_can_t6,complete_epi,46,0.879360,0.018973,6.958742e-07,1.463319e-06,602,0.012649,6.572423e-07,0.025298,7.050796e-07,3.545154e-01,796,1,0,1,1,1
005_tomato_soup_can,s2_complete_epi_005_tomato_soup_can_t7,complete_epi,57,0.770622,0.024121,3.041808e-06,1.237338e-05,931,0.016081,6.786662e-06,0.032161,2.350608e-06,4.512085e-01,786,1,0,1,1,1
005_tomato_soup_can,s2_complete_epi_005_tomato_soup_can_t8,complete_epi,19,0.891034,0.018608,7.732072e-07,2.592277e-06,488,0.012405,7.734751e-07,0.024811,7.269973e-07,2.761261e-01,668,1,0,1,1,1
005_tomato_soup_can,s2_complete_epi_005_tomato_soup_can_t9,complete_epi,3,0.890874,0.018871,6.994025e-07,1.579102e-06,603,0.012581,6.549660e-07,0.025162,7.408109e-07,3.204047e-01,763,1,0,1,1,1
061_foam_brick,s2_complete_epi_061_foam_brick_t0,complete_epi,460,0.921943,0.017153,3.050089e-06,9.009365e-07,840,0.011435,4.097282e-07,0.022871,4.226362e-06,1.118949e+00,1313,1,0,1,1,1
061_foam_brick,s2_complete_epi_061_foam_brick_t1,complete_epi,329,0.959864,0.016699,5.940838e-06,2.778511e-05,531,0.011133,9.344911e-06,0.022266,1.267437e-05,9.472748e-01,1099,1,0,1,1,1
061_foam_brick,s2_complete_epi_061_foam_brick_t2,complete_epi,244,0.959879,0.018048,2.340889e-06,1.696955e-05,1253,0.012032,5.677096e-06,0.024064,1.991087e-06,1.289935e+00,1791,1,0,1,1,1
061_foam_brick,s2_complete_epi_061_foam_brick_t3,complete_epi,1367,0.494392,0.016476,6.489296e-06,2.711525e-05,871,0.010984,8.787810e-06,0.021968,7.677018e-06,1.227042e+00,1443,1,0,1,1,1
061_foam_brick,s2_complete_epi_061_foam_brick_t4,complete_epi,709,0.900891,0.016416,9.328762e-07,9.640881e-07,888,0.010944,5.703728e-07,0.021887,1.889906e-06,9.784388e-01,1475,1,0,1,1,0
061_foam_brick,s2_complete_epi_061_foam_brick_t5,complete_epi,0,0.974939,0.016257,1.065931e-06,3.172238e-06,590,0.010838,1.947057e-06,0.021676,1.646325e-05,1.356226e+00,918,1,0,1,1,1
061_foam_brick,s2_complete_epi_061_foam_brick_t6,complete_epi,23,0.962826,0.017226,2.439973e-06,1.425527e-06,1206,0.011484,1.115648e-06,0.022969,2.429183e-06,1.731758e+00,2048,1,0,1,1,0
061_foam_brick,s2_complete_epi_061_foam_brick_t7,complete_epi,42,0.945788,0.016991,7.892429e-07,1.436378e-06,1529,0.011328,7.021933e-07,0.022655,2.516819e-06,1.577213e+00,1944,1,0,1,1,0
061_foam_brick,s2_complete_epi_061_foam_brick_t8,complete_epi,381,0.950625,0.016624,4.905499e-06,8.452115e-06,839,0.011082,1.980096e-06,0.022165,1.432239e-05,8.827582e-01,1035,1,0,1,1,1
061_foam_brick,s2_complete_epi_061_foam_brick_t9,complete_epi,743,0.887602,0.016805,1.209163e-06,1.936496e-06,1191,0.011203,7.278062e-07,0.022406,4.373151e-06,1.730465e+00,1755,1,0,1,1,1
035_power_drill,s2_hetero_only_035_power_drill_t0,hetero_only,347,0.858293,0.039149,4.488513e-06,1.627120e-05,1372,0.026099,4.419610e-06,0.052199,4.793063e-06,1.799373e-01,286,1,0,1,1,0
035_power_drill,s2_hetero_only_035_power_drill_t2,hetero_only,321,0.785926,0.048954,4.035960e-06,1.363803e-05,1568,0.032636,3.959929e-06,0.065272,6.344446e-06,0.000000e+00,169,1,0,1,1,0
035_power_drill,s2_hetero_only_035_power_drill_t3,hetero_only,37,0.891201,0.043597,1.179623e-06,0.000000e+00,702,0.029065,8.206309e-07,0.058129,3.419428e-06,0.000000e+00,132,1,0,1,1,0
035_power_drill,s2_hetero_only_035_power_drill_t4,hetero_only,691,0.772178,0.039961,2.781000e-06,9.133764e-06,1330,0.026641,3.283037e-06,0.053282,3.174597e-06,1.681560e-02,200,1,0,1,1,1
035_power_drill,s2_hetero_only_035_power_drill_t5,hetero_only,25,0.898281,0.039511,3.841361e-06,8.920301e-06,1346,0.026340,3.596372e-06,0.052681,5.326006e-06,1.497654e-01,239,1,0,1,1,1
035_power_drill,s2_hetero_only_035_power_drill_t7,hetero_only,231,0.862458,0.046760,4.122773e-05,2.272111e-04,1020,0.031174,3.455703e-05,0.062347,4.015216e-05,3.661978e-01,171,1,0,1,1,1
035_power_drill,s2_hetero_only_035_power_drill_t8,hetero_only,342,0.832697,0.041166,1.628157e-06,5.592771e-06,836,0.027444,0.000000e+00,0.054887,2.043412e-06,0.000000e+00,125,1,0,1,1,0
035_power_drill,s2_hetero_only_035_power_drill_t9,hetero_only,109,0.940325,0.021369,2.061286e-05,4.447672e-05,839,0.014246,4.003576e-05,0.028493,1.684607e-05,1.892754e+00,1412,1,0,1,1,0
021_bleach_cleanser,s2_hetero_patch_021_bleach_cleanser_t0,hetero_patch,4,0.924184,0.039332,6.110058e-06,1.878119e-05,629,0.026221,0.000000e+00,0.052442,1.244418e-05,0.000000e+00,102,1,0,1,1,1
021_bleach_cleanser,s2_hetero_patch_021_bleach_cleanser_t1,hetero_patch,10,0.946499,0.039256,8.410575e-06,3.133617e-05,858,0.026171,1.120388e-05,0.052341,5.626322e-06,3.918107e-02,128,1,0,1,1,1
021_bleach_cleanser,s2_hetero_patch_021_bleach_cleanser_t2,hetero_patch,110,0.786377,0.039195,6.328400e-06,1.392163e-05,1327,0.026130,6.557729e-06,0.052260,5.584215e-06,2.445096e-01,261,1,0,1,1,1
021_bleach_cleanser,s2_hetero_patch_021_bleach_cleanser_t3,hetero_patch,0,0.858222,0.010001,3.233106e-05,6.532632e-05,1762,0.006667,5.471326e-05,0.013334,1.821614e-05,3.034880e+00,5433,0,0,1,1,
021_bleach_cleanser,s2_hetero_patch_021_bleach_cleanser_t4,hetero_patch,26,0.935669,0.038691,1.527441e-05,6.748117e-05,1194,0.025794,1.244775e-05,0.051587,1.136846e-05,1.271198e-01,168,1,0,1,1,1
021_bleach_cleanser,s2_hetero_patch_021_bleach_cleanser_t5,hetero_patch,31,0.932917,0.039982,3.246186e-05,2.089814e-04,885,0.026655,3.699585e-05,0.053310,2.591950e-05,0.000000e+00,63,1,0,1,1,0
021_bleach_cleanser,s2_hetero_patch_021_bleach_cleanser_t6,hetero_patch,31,0.889801,0.038928,1.166478e-05,4.949281e-05,1293,0.025952,1.698873e-05,0.051904,1.111894e-05,3.648258e-03,111,1,0,1,1,1
021_bleach_cleanser,s2_hetero_patch_021_bleach_cleanser_t7,hetero_patch,0,0.963203,0.023542,5.271934e-06,1.129107e-05,1643,0.015695,5.593694e-06,0.031390,5.135755e-06,2.368680e-01,436,1,0,1,1,0
021_bleach_cleanser,s2_hetero_patch_021_bleach_cleanser_t8,hetero_patch,50,0.925580,0.038761,1.940365e-05,9.894818e-05,1136,0.025840,2.156305e-05,0.051681,1.782592e-05,0.000000e+00,98,1,0,1,1,1
021_bleach_cleanser,s2_hetero_patch_021_bleach_cleanser_t9,hetero_patch,17,0.913882,0.038639,2.093303e-05,1.292513e-04,1233,0.025759,1.784508e-05,0.051519,1.467109e-05,6.636737e-02,179,1,0,1,1,1
006_mustard_bottle,s0_complete_only_006_mustard_bottle_t0,complete_only,164,0.815624,0.032858,1.674021e-05,3.783036e-05,1858,0.021906,1.407300e-05,0.043811,2.088660e-05,7.666088e-01,549,1,0,1,1,1
006_mustard_bottle,s0_complete_only_006_mustard_bottle_t1,complete_only,4,0.842507,0.032031,1.129584e-05,2.838150e-05,2015,0.021354,8.547568e-06,0.042708,2.004233e-05,9.547780e-01,916,1,0,1,1,0
006_mustard_bottle,s0_complete_only_006_mustard_bottle_t2,complete_only,0,0.888492,0.032156,6.431236e-06,1.355750e-05,1595,0.021437,6.969950e-06,0.042874,6.150614e-06,2.572526e-01,321,1,0,1,1,1
006_mustard_bottle,s0_complete_only_006_mustard_bottle_t3,complete_only,47,0.807200,0.032556,6.186956e-06,1.378449e-05,1984,0.021704,6.250379e-06,0.043408,6.313223e-06,7.277621e-01,507,1,0,1,1,1
006_mustard_bottle,s0_complete_only_006_mustard_bottle_t4,complete_only,0,0.833956,0.032194,5.148743e-06,1.488349e-05,1473,0.021463,6.012862e-06,0.042926,4.786913e-06,1.317352e-01,257,1,0,1,1,1
006_mustard_bottle,s0_complete_only_006_mustard_bottle_t5,complete_only,77,0.800992,0.032231,5.936307e-06,1.298806e-05,1654,0.021488,6.041860e-06,0.042975,6.596243e-06,2.771313e-01,350,1,0,1,1,1
006_mustard_bottle,s0_complete_only_006_mustard_bottle_t6,complete_only,587,0.726491,0.032619,2.234379e-05,7.014585e-05,2022,0.021746,1.495739e-05,0.043492,3.188695e-05,9.097123e-01,618,1,0,1,1,1
006_mustard_bottle,s0_complete_only_006_mustard_bottle_t7,complete_only,7,0.962403,0.029438,2.986982e-06,1.911709e-05,1341,0.019625,2.973140e-06,0.039250,2.754041e-06,1.653256e-02,306,1,0,1,1,1
006_mustard_bottle,s0_complete_only_006_mustard_bottle_t8,complete_only,0,0.890073,0.031582,5.900304e-06,1.150856e-05,1844,0.021055,6.689767e-06,0.042110,5.219630e-06,5.408641e-01,380,1,0,1,1,1
006_mustard_bottle,s0_complete_only_006_mustard_bottle_t9,complete_only,498,0.749781,0.031896,2.256489e-05,7.401292e-05,2005,0.021264,1.451752e-05,0.042529,3.738770e-05,1.156947e+00,860,1,0,1,1,1
051_large_clamp,s0_complete_only_051_large_clamp_t0,complete_only,45,0.938401,0.031974,2.908312e-05,1.850946e-04,759,0.021316,3.387832e-05,0.042632,2.324401e-05,2.045492e-02,134,1,0,1,1,1
051_large_clamp,s0_complete_only_051_large_clamp_t1,complete_only,6,0.948097,0.030869,5.322377e-07,1.933487e-06,1125,0.020579,0.000000e+00,0.041158,7.452675e-07,0.000000e+00,184,1,0,1,1,1
051_large_clamp,s0_complete_only_051_large_clamp_t2,complete_only,5,0.971804,0.032580,1.441326e-06,4.959216e-06,2525,0.021720,2.048732e-06,0.043440,2.070024e-06,3.075080e-02,178,1,0,1,1,1
051_large_clamp,s0_complete_only_051_large_clamp_t4,complete_only,0,0.961678,0.030160,9.111355e-07,4.394300e-06,785,0.020107,0.000000e+00,0.040213,9.363304e-07,0.000000e+00,147,1,0,1,1,0
051_large_clamp,s0_complete_only_051_large_clamp_t5,complete_only,2,0.972677,0.031758,2.010421e-04,1.186979e-03,848,0.021172,1.020084e-03,0.042345,5.387542e-05,3.916673e-01,245,1,0,1,1,0
051_large_clamp,s0_complete_only_051_large_clamp_t7,complete_only,8,0.949545,0.026170,6.586752e-06,2.402169e-05,4503,0.017447,5.424829e-06,0.034894,7.722876e-06,8.371953e-01,871,1,0,1,1,1
051_large_clamp,s0_complete_only_051_large_clamp_t8,complete_only,68,0.938938,0.031316,6.943156e-07,6.253756e-06,699,0.020877,0.000000e+00,0.041755,1.951816e-06,0.000000e+00,136,1,0,1,1,0
051_large_clamp,s0_complete_only_051_large_clamp_t9,complete_only,7,0.960238,0.032089,2.560769e-06,5.367529e-06,793,0.021392,0.000000e+00,0.042785,1.108761e-05,0.000000e+00,144,1,0,1,1,1
011_banana,s0_complete_epi_011_banana_t0,complete_epi,1163,0.805596,0.032608,1.087619e-04,7.854352e-04,2238,0.021739,9.612865e-05,0.043477,1.015632e-04,6.788217e-01,448,1,0,1,1,1
011_banana,s0_complete_epi_011_banana_t1,complete_epi,1778,0.353422,0.031921,1.310671e-04,1.057021e-04,2341,0.021281,1.792944e-04,0.042562,1.494407e-04,1.281531e+00,853,1,0,1,1,1
011_banana,s0_complete_epi_011_banana_t2,complete_epi,1273,0.710367,0.030908,1.431727e-04,6.740294e-04,1943,0.020605,7.447267e-04,0.041210,1.284700e-04,9.544572e-01,761,1,0,1,1,1
011_banana,s0_complete_epi_011_banana_t3,complete_epi,1512,0.635248,0.032971,9.142918e-05,5.326797e-04,1620,0.021981,4.320092e-04,0.043961,8.739891e-05,8.522993e-01,310,1,0,1,1,0
011_banana,s0_complete_epi_011_banana_t4,complete_epi,1557,0.571411,0.030880,9.038722e-05,5.901245e-04,1342,0.020587,4.418197e-04,0.041173,5.443094e-05,3.512290e-01,366,1,0,1,1,0
011_banana,s0_complete_epi_011_banana_t5,complete_epi,945,0.797346,0.032104,4.158320e-05,2.049665e-04,1681,0.021403,8.968152e-05,0.042805,4.574965e-05,1.102711e+00,718,1,0,1,1,0
011_banana,s0_complete_epi_011_banana_t6,complete_epi,1767,0.347498,0.031690,3.249268e-04,1.776901e-03,1946,0.021127,7.502072e-04,0.042253,2.922015e-04,3.139575e+00,875,1,0,1,1,1
011_banana,s0_complete_epi_011_banana_t7,complete_epi,855,0.798863,0.031232,9.262305e-05,3.240031e-04,2345,0.020821,2.361147e-04,0.041642,9.807535e-05,1.928691e+00,1250,1,0,1,1,1
011_banana,s0_complete_epi_011_banana_t8,complete_epi,1803,0.364763,0.031476,7.048665e-05,2.712035e-04,2315,0.020984,1.160368e-04,0.041968,4.828180e-05,9.542472e-01,622,1,0,1,1,0
011_banana,s0_complete_epi_011_banana_t9,complete_epi,1164,0.812588,0.031040,2.193960e-04,1.700254e-03,2063,0.020693,2.635223e-04,0.041387,2.086563e-04,1.987719e+00,690,1,0,1,1,1
025_mug,s0_hetero_only_025_mug_t0,hetero_only,11,0.946196,0.020684,1.039845e-05,3.760938e-05,422,0.013789,5.302592e-05,0.027579,6.651881e-06,3.173988e-01,218,1,0,1,1,1
025_mug,s0_hetero_only_025_mug_t1,hetero_only,141,0.909864,0.021602,1.064414e-05,2.779548e-05,489,0.014401,1.577328e-05,0.028803,8.188620e-06,3.156787e-01,145,1,0,1,1,1
025_mug,s0_hetero_only_025_mug_t2,hetero_only,1,0.958506,0.020229,5.729655e-06,1.338374e-05,568,0.013486,5.583111e-06,0.026971,4.614073e-06,1.604839e-01,91,1,0,1,1,1
025_mug,s0_hetero_only_025_mug_t3,hetero_only,230,0.775597,0.029767,4.323007e-06,1.753420e-05,2282,0.019845,3.780261e-06,0.039690,5.137979e-06,7.378060e-01,527,1,0,1,1,1
025_mug,s0_hetero_only_025_mug_t4,hetero_only,20,0.934523,0.020219,6.044860e-06,1.226073e-05,450,0.013479,7.918583e-06,0.026959,6.050741e-06,3.187970e-01,135,1,0,1,1,1
025_mug,s0_hetero_only_025_mug_t5,hetero_only,36,0.846290,0.027091,2.972592e-06,6.022799e-06,960,0.018061,2.945087e-06,0.036122,3.241809e-06,3.282452e-01,262,1,0,1,1,0
025_mug,s0_hetero_only_025_mug_t6,hetero_only,69,0.923325,0.020931,6.939860e-06,1.918329e-05,797,0.013954,5.950183e-06,0.027909,7.250670e-06,5.537161e-01,233,1,0,1,1,1
025_mug,s0_hetero_only_025_mug_t7,hetero_only,367,0.703682,0.020265,2.498607e-06,9.748445e-06,322,0.013510,2.586888e-06,0.027020,2.333741e-06,3.997560e-03,106,1,0,1,1,1
025_mug,s0_hetero_only_025_mug_t8,hetero_only,29,0.918353,0.020665,2.974944e-05,9.783535e-05,534,0.013777,5.195653e-05,0.027554,2.469068e-05,7.554002e-01,369,1,0,1,1,1
025_mug,s0_hetero_only_025_mug_t9,hetero_only,29,0.934061,0.020518,7.570739e-06,1.912371e-05,594,0.013679,1.445717e-05,0.027358,6.375213e-06,4.886413e-01,224,1,0,1,1,1
006_mustard_bottle,s0_hetero_patch_006_mustard_bottle_t0,hetero_patch,147,0.805147,0.032858,8.277522e-06,1.911192e-05,1866,0.021906,9.235623e-06,0.043811,8.394104e-06,6.298963e-01,489,1,0,1,1,1
006_mustard_bottle,s0_hetero_patch_006_mustard_bottle_t1,hetero_patch,375,0.725562,0.032204,8.007139e-06,2.528139e-05,2074,0.021469,5.831154e-06,0.042939,1.049419e-05,6.899311e-01,799,1,0,1,1,1
006_mustard_bottle,s0_hetero_patch_006_mustard_bottle_t2,hetero_patch,0,0.837183,0.031795,5.262288e-06,1.196556e-05,1412,0.021196,6.392191e-06,0.042393,4.238087e-06,1.752566e-01,191,1,0,1,1,1
006_mustard_bottle,s0_hetero_patch_006_mustard_bottle_t3,hetero_patch,1085,0.673372,0.060338,3.138106e-05,1.675681e-04,8565,0.040226,2.533331e-05,0.080451,2.983892e-05,6.286053e-01,518,1,0,1,1,1
006_mustard_bottle,s0_hetero_patch_006_mustard_bottle_t4,hetero_patch,67,0.789809,0.032004,5.042773e-06,1.360198e-05,1963,0.021336,3.781925e-06,0.042672,5.531619e-06,4.931394e-01,496,1,0,1,1,1
006_mustard_bottle,s0_hetero_patch_006_mustard_bottle_t5,hetero_patch,52,0.940249,0.015491,2.709963e-06,1.196389e-05,3214,0.010327,3.995695e-06,0.020655,2.730533e-06,1.020635e+00,2544,1,0,1,1,0
006_mustard_bottle,s0_hetero_patch_006_mustard_bottle_t6,hetero_patch,232,0.811231,0.032690,9.657475e-06,3.173504e-05,1995,0.021794,6.999335e-06,0.043587,1.111802e-05,7.055126e-01,608,1,0,1,1,1
006_mustard_bottle,s0_hetero_patch_006_mustard_bottle_t8,hetero_patch,0,0.869076,0.031858,5.288967e-06,1.204394e-05,1898,0.021239,5.706762e-06,0.042478,4.936722e-06,6.135612e-01,461,1,0,1,1,1
006_mustard_bottle,s0_hetero_patch_006_mustard_bottle_t9,hetero_patch,248,0.813526,0.032059,1.051563e-05,3.211999e-05,2002,0.021372,7.598954e-06,0.042745,1.355389e-05,1.022250e+00,820,1,0,1,1,1
051_large_clamp,s0_hetero_patch_051_large_clamp_t0,hetero_patch,16,0.944936,0.031974,3.517113e-07,0.000000e+00,632,0.021316,0.000000e+00,0.042632,2.001275e-06,0.000000e+00,158,1,0,1,1,1
051_large_clamp,s0_hetero_patch_051_large_clamp_t1,hetero_patch,4,0.948582,0.030558,0.000000e+00,0.000000e+00,797,0.020372,0.000000e+00,0.040744,0.000000e+00,0.000000e+00,193,1,0,1,1,0
051_large_clamp,s0_hetero_patch_051_large_clamp_t2,hetero_patch,57,0.967921,0.032675,5.605098e-06,1.104660e-05,2731,0.021784,7.406410e-06,0.043567,5.172802e-06,1.284639e+00,981,1,0,1,1,1
051_large_clamp,s0_hetero_patch_051_large_clamp_t3,hetero_patch,7,0.952816,0.031843,0.000000e+00,0.000000e+00,713,0.021229,0.000000e+00,0.042457,1.551215e-07,0.000000e+00,141,1,0,1,1,1
051_large_clamp,s0_hetero_patch_051_large_clamp_t4,hetero_patch,15,0.956838,0.025200,9.610746e-07,2.376692e-06,3648,0.016800,3.385625e-07,0.033600,1.395356e-06,0.000000e+00,648,1,0,1,1,0
051_large_clamp,s0_hetero_patch_051_large_clamp_t5,hetero_patch,6,0.966713,0.032332,4.320481e-06,1.732266e-05,1381,0.021555,3.060091e-06,0.043109,4.331910e-06,1.121083e-01,232,1,0,1,1,1
051_large_clamp,s0_hetero_patch_051_large_clamp_t6,hetero_patch,1432,0.427945,0.002873,9.345085e-07,3.652314e-06,296,0.001916,1.532123e-07,0.003831,8.984362e-07,1.907259e+00,8189,1,0,1,1,0
051_large_clamp,s0_hetero_patch_051_large_clamp_t7,hetero_patch,1,0.961272,0.026183,9.833105e-07,2.174491e-06,1564,0.017455,6.049611e-07,0.034910,1.327324e-06,1.522686e-01,351,1,0,1,1,1
051_large_clamp,s0_hetero_patch_051_large_clamp_t8,hetero_patch,101,0.927206,0.031376,5.624056e-07,6.404781e-06,712,0.020917,0.000000e+00,0.041835,1.774399e-06,0.000000e+00,137,1,0,1,1,1
051_large_clamp,s0_hetero_patch_051_large_clamp_t9,hetero_patch,25,0.951967,0.032096,8.479117e-06,3.166957e-05,1435,0.021397,1.246511e-05,0.042794,7.832924e-06,1.575634e-02,152,1,0,1,1,1
011_banana,s1_complete_only_011_banana_t0,complete_only,1354,0.712516,0.032232,4.451127e-05,2.970477e-04,1938,0.021488,8.124545e-05,0.042976,4.878462e-05,1.053451e+00,482,1,0,1,1,0
011_banana,s1_complete_only_011_banana_t1,complete_only,1033,0.791189,0.031772,1.475361e-04,5.977638e-04,2118,0.021182,3.148183e-04,0.042363,1.312912e-04,1.394582e+00,760,1,0,1,1,0
011_banana,s1_complete_only_011_banana_t2,complete_only,1355,0.705699,0.031767,2.666882e-05,1.047908e-04,1814,0.021178,5.598754e-05,0.042356,2.046598e-05,4.316457e-01,363,1,0,1,1,1
011_banana,s1_complete_only_011_banana_t3,complete_only,1880,0.231269,0.031615,1.077838e-04,4.608139e-04,2915,0.021077,1.419656e-04,0.042154,7.769407e-05,2.394618e+00,1244,1,0,1,1,0
011_banana,s1_complete_only_011_banana_t4,complete_only,960,0.797453,0.031659,3.426968e-05,4.118617e-05,3012,0.021106,1.847172e-05,0.042212,5.262062e-05,6.027067e-01,603,1,0,1,1,0
011_banana,s1_complete_only_011_banana_t5,complete_only,1919,0.093685,0.032134,2.093104e-04,1.372091e-03,2392,0.021423,2.964397e-04,0.042846,1.750877e-04,9.736362e-01,724,1,0,1,1,1
011_banana,s1_complete_only_011_banana_t6,complete_only,1913,0.082543,0.032893,7.955809e-05,3.150887e-04,2098,0.021928,9.476946e-05,0.043857,6.549392e-05,1.803710e+00,714,1,0,1,1,1
011_banana,s1_complete_only_011_banana_t7,complete_only,861,0.836009,0.031655,3.084143e-05,4.389335e-05,3225,0.021104,1.202061e-05,0.042207,5.010202e-05,6.212395e-01,580,1,0,1,1,1
011_banana,s1_complete_only_011_banana_t8,complete_only,417,0.887199,0.031609,1.415412e-05,5.545656e-05,2028,0.021073,4.402827e-05,0.042146,1.067508e-05,5.810950e-01,517,1,0,1,1,0
011_banana,s1_complete_only_011_banana_t9,complete_only,1340,0.661421,0.032242,6.344366e-04,3.871347e-03,1374,0.021494,1.688731e-03,0.042989,3.950565e-04,1.946564e+00,432,1,0,1,1,0
025_mug,s1_complete_epi_025_mug_t0,complete_epi,42,0.911713,0.019955,2.474569e-06,5.408477e-06,947,0.013303,2.595289e-06,0.026607,2.888338e-06,3.300716e-01,254,1,0,1,1,1
025_mug,s1_complete_epi_025_mug_t1,complete_epi,85,0.905453,0.020198,1.493308e-06,2.790957e-06,894,0.013465,1.465636e-06,0.026931,1.509233e-06,1.580818e-01,221,1,0,1,1,1
025_mug,s1_complete_epi_025_mug_t2,complete_epi,13,0.938672,0.021936,2.360726e-05,5.925979e-05,493,0.014624,2.826790e-05,0.029248,2.175679e-05,3.042037e-01,90,1,0,1,1,1
025_mug,s1_complete_epi_025_mug_t3,complete_epi,36,0.919812,0.020392,2.328863e-07,1.961980e-06,271,0.013595,8.223025e-08,0.027189,6.618929e-07,0.000000e+00,105,1,0,1,1,1
025_mug,s1_complete_epi_025_mug_t4,complete_epi,0,0.942879,0.022379,1.450621e-05,1.027497e-04,487,0.014919,1.965613e-05,0.029838,1.548188e-05,2.455404e-01,127,1,0,1,1,1
025_mug,s1_complete_epi_025_mug_t5,complete_epi,113,0.754882,0.020206,2.551556e-06,1.019734e-05,561,0.013470,2.376968e-06,0.026941,3.046506e-06,2.132239e-01,181,1,0,1,1,1
025_mug,s1_complete_epi_025_mug_t6,complete_epi,14,0.943644,0.020359,2.109572e-06,3.175123e-06,1016,0.013573,2.196307e-06,0.027145,2.120975e-06,3.327852e-01,268,1,0,1,1,1
025_mug,s1_complete_epi_025_mug_t7,complete_epi,1,0.939914,0.018633,1.088584e-05,2.223829e-05,550,0.012422,2.377576e-05,0.024844,1.282353e-05,8.856274e-01,532,1,0,1,1,1
025_mug,s1_complete_epi_025_mug_t9,complete_epi,18,0.942579,0.020906,1.320483e-06,2.294128e-06,896,0.013937,1.329505e-06,0.027874,1.332679e-06,2.519672e-01,271,1,0,1,1,1
006_mustard_bottle,s1_hetero_only_006_mustard_bottle_t0,hetero_only,0,0.860293,0.031806,7.426669e-06,1.782781e-05,1789,0.021204,6.533922e-06,0.042408,7.897697e-06,1.695332e-01,236,1,0,1,1,1
006_mustard_bottle,s1_hetero_only_006_mustard_bottle_t1,hetero_only,40,0.806293,0.031862,7.701003e-06,1.619521e-05,1519,0.021241,8.211119e-06,0.042483,7.222480e-06,1.730947e-01,220,1,0,1,1,1
006_mustard_bottle,s1_hetero_only_006_mustard_bottle_t2,hetero_only,3,0.906914,0.030298,8.008758e-06,2.037078e-05,1605,0.020199,7.156311e-06,0.040397,8.502344e-06,6.291862e-01,370,1,0,1,1,1
006_mustard_bottle,s1_hetero_only_006_mustard_bottle_t3,hetero_only,19,0.839728,0.031904,5.151659e-06,1.481144e-05,1947,0.021269,4.555223e-06,0.042538,5.327541e-06,5.520344e-01,430,1,0,1,1,1
006_mustard_bottle,s1_hetero_only_006_mustard_bottle_t4,hetero_only,0,0.894452,0.032426,8.659498e-06,1.732533e-05,1636,0.021617,8.891114e-06,0.043235,8.052436e-06,4.069657e-01,334,1,0,1,1,1
006_mustard_bottle,s1_hetero_only_006_mustard_bottle_t5,hetero_only,6,0.818226,0.032234,5.711160e-06,1.671624e-05,1997,0.021490,4.312466e-06,0.042979,7.616961e-06,5.308332e-01,606,1,0,1,1,1
006_mustard_bottle,s1_hetero_only_006_mustard_bottle_t7,hetero_only,0,0.861500,0.032482,5.735132e-06,1.377766e-05,1653,0.021655,6.004858e-06,0.043310,5.423499e-06,2.492440e-01,206,1,0,1,1,1
006_mustard_bottle,s1_hetero_only_006_mustard_bottle_t8,hetero_only,8,0.946988,0.029786,2.313179e-06,6.655546e-06,1720,0.019857,2.089820e-06,0.039715,2.493714e-06,8.208871e-02,474,1,0,1,1,1
006_mustard_bottle,s1_hetero_only_006_mustard_bottle_t9,hetero_only,191,0.821266,0.032454,1.528474e-05,4.943081e-05,1874,0.021636,8.909284e-06,0.043272,1.766280e-05,8.360149e-01,644,1,0,1,1,1
051_large_clamp,s1_hetero_only_051_large_clamp_t0,hetero_only,1,0.960719,0.029898,1.616731e-06,5.483280e-06,1294,0.019932,1.651011e-06,0.039864,1.720269e-06,1.506129e-01,227,1,0,1,1,1
051_large_clamp,s1_hetero_only_051_large_clamp_t1,hetero_only,59,0.953122,0.032507,3.730006e-06,1.172545e-05,1248,0.021671,2.857726e-06,0.043343,8.772904e-06,3.212005e-01,297,1,0,1,1,1
051_large_clamp,s1_hetero_only_051_large_clamp_t3,hetero_only,107,0.931612,0.031465,2.465192e-06,1.224332e-05,1123,0.020977,1.144233e-06,0.041954,5.234881e-06,0.000000e+00,136,1,0,1,1,1
051_large_clamp,s1_hetero_only_051_large_clamp_t4,hetero_only,18,0.953389,0.032625,7.779674e-05,3.364656e-04,1338,0.021750,5.856043e-04,0.043501,1.671928e-05,1.445949e-01,185,1,0,1,1,1
051_large_clamp,s1_hetero_only_051_large_clamp_t5,hetero_only,0,0.964976,0.032647,6.886707e-06,2.101011e-05,1743,0.021765,2.090988e-05,0.043530,6.699571e-06,2.082924e-01,238,1,0,1,1,0
051_large_clamp,s1_hetero_only_051_large_clamp_t6,hetero_only,5,0.962189,0.030036,1.038035e-06,2.148987e-06,1121,0.020024,0.000000e+00,0.040048,1.321882e-06,0.000000e+00,126,1,0,1,1,0
051_large_clamp,s1_hetero_only_051_large_clamp_t7,hetero_only,0,0.972739,0.032480,8.908335e-05,6.122049e-04,1138,0.021653,2.958986e-04,0.043307,1.755638e-05,4.174317e-01,298,1,0,1,1,1
051_large_clamp,s1_hetero_only_051_large_clamp_t8,hetero_only,1,0.959234,0.031073,4.710983e-07,2.894159e-06,1484,0.020715,5.779381e-07,0.041430,6.840266e-07,0.000000e+00,234,1,0,1,1,0
051_large_clamp,s1_hetero_only_051_large_clamp_t9,hetero_only,1,0.954535,0.037863,2.367541e-06,1.020251e-05,1826,0.025242,2.020038e-06,0.050484,2.504592e-06,1.073604e-01,175,1,0,1,1,1
011_banana,s1_hetero_patch_011_banana_t0,hetero_patch,1534,0.573163,0.032232,8.845467e-06,4.353912e-05,2446,0.021488,2.391683e-05,0.042976,9.092219e-06,5.975447e-01,497,1,0,1,1,0
011_banana,s1_hetero_patch_011_banana_t1,hetero_patch,776,0.847982,0.031770,9.749526e-06,2.207174e-05,2507,0.021180,9.652379e-06,0.042360,1.066959e-05,6.612418e-01,591,1,0,1,1,1
011_banana,s1_hetero_patch_011_banana_t2,hetero_patch,1856,0.262466,0.031597,1.280696e-05,5.221226e-05,2081,0.021065,4.068979e-05,0.042129,1.028082e-05,1.782811e+00,1395,1,0,1,1,1
011_banana,s1_hetero_patch_011_banana_t3,hetero_patch,1882,0.221597,0.031660,3.600359e-05,1.482899e-04,2685,0.021107,5.382018e-05,0.042213,2.105257e-05,1.541170e+00,896,1,0,1,1,0
011_banana,s1_hetero_patch_011_banana_t4,hetero_patch,995,0.791455,0.032571,8.764030e-06,4.565749e-05,3535,0.021714,7.103082e-06,0.043428,1.080854e-05,5.277228e-01,591,1,0,1,1,0
011_banana,s1_hetero_patch_011_banana_t5,hetero_patch,1964,0.038475,0.031732,2.824567e-05,1.181145e-04,2246,0.021155,6.274930e-05,0.042310,2.225372e-05,1.155582e+00,710,1,0,1,1,0
011_banana,s1_hetero_patch_011_banana_t6,hetero_patch,1967,0.023678,0.032880,1.600037e-05,6.572304e-05,3197,0.021920,1.561023e-05,0.043839,1.898648e-05,2.421766e+00,1040,1,0,1,1,1
011_banana,s1_hetero_patch_011_banana_t7,hetero_patch,885,0.843606,0.031761,8.131976e-06,2.113417e-05,2852,0.021174,7.835919e-06,0.042348,8.948546e-06,4.570547e-01,432,1,0,1,1,0
011_banana,s1_hetero_patch_011_banana_t8,hetero_patch,671,0.866582,0.031555,6.451958e-06,2.500425e-05,2245,0.021037,1.767831e-05,0.042073,5.686023e-06,4.303639e-01,509,1,0,1,1,0
011_banana,s1_hetero_patch_011_banana_t9,hetero_patch,1267,0.700451,0.032252,2.643981e-05,1.306182e-04,2976,0.021501,4.377083e-05,0.043002,2.508603e-05,1.204202e+00,748,1,0,1,1,1
025_mug,s2_complete_only_025_mug_t0,complete_only,26,0.932481,0.020731,1.316296e-05,2.735478e-05,525,0.013821,1.860983e-05,0.027641,1.323305e-05,2.538367e-01,127,1,0,1,1,1
025_mug,s2_complete_only_025_mug_t2,complete_only,263,0.766330,0.020306,2.150504e-06,8.594812e-06,266,0.013537,2.203110e-06,0.027074,1.967436e-06,0.000000e+00,43,1,0,1,1,1
025_mug,s2_complete_only_025_mug_t4,complete_only,84,0.920171,0.020872,1.009722e-05,2.891386e-05,468,0.013915,1.070072e-05,0.027830,1.312720e-05,4.416170e-01,139,1,0,1,1,1
025_mug,s2_complete_only_025_mug_t5,complete_only,47,0.927059,0.020359,1.139727e-06,2.436503e-06,645,0.013573,1.000552e-06,0.027146,1.119227e-06,1.881730e-01,218,1,0,1,1,1
025_mug,s2_complete_only_025_mug_t6,complete_only,6,0.941526,0.024837,7.213056e-06,2.410805e-05,708,0.016558,1.230097e-05,0.033115,6.917864e-06,2.209001e-01,125,1,0,1,1,1
025_mug,s2_complete_only_025_mug_t8,complete_only,21,0.933949,0.020818,5.219457e-05,2.871659e-04,373,0.013879,1.701583e-04,0.027757,3.562138e-05,6.161544e-01,178,1,0,1,1,1
025_mug,s2_complete_only_025_mug_t9,complete_only,88,0.932322,0.021142,1.171658e-06,2.000311e-06,931,0.014095,1.268618e-06,0.028190,1.117909e-06,1.247940e-01,185,1,0,1,1,1
006_mustard_bottle,s2_complete_epi_006_mustard_bottle_t0,complete_epi,0,0.919261,0.032013,7.023312e-06,2.497751e-05,2170,0.021342,4.567383e-06,0.042684,1.858127e-05,5.883728e-01,607,1,0,1,1,1
006_mustard_bottle,s2_complete_epi_006_mustard_bottle_t1,complete_epi,57,0.855260,0.032191,1.219721e-05,3.323505e-05,1351,0.021461,1.539823e-05,0.042921,1.061549e-05,6.246502e-01,242,1,0,1,1,1
006_mustard_bottle,s2_complete_epi_006_mustard_bottle_t2,complete_epi,0,0.864791,0.030753,8.671200e-06,3.303030e-05,1604,0.020502,7.667086e-06,0.041004,9.858683e-06,8.357055e-01,339,1,0,1,1,1
006_mustard_bottle,s2_complete_epi_006_mustard_bottle_t3,complete_epi,0,0.924011,0.032008,5.673645e-06,1.263567e-05,1605,0.021339,6.254531e-06,0.042678,5.114653e-06,3.303596e-01,278,1,0,1,1,1
006_mustard_bottle,s2_complete_epi_006_mustard_bottle_t4,complete_epi,5,0.905417,0.030872,1.241558e-05,4.704358e-05,1554,0.020581,1.092893e-05,0.041162,1.326216e-05,9.398594e-01,320,1,0,1,1,0
006_mustard_bottle,s2_complete_epi_006_mustard_bottle_t5,complete_epi,183,0.745538,0.031992,2.394487e-05,6.948598e-05,2052,0.021328,1.406438e-05,0.042656,2.919069e-05,9.193931e-01,723,1,0,1,1,1
006_mustard_bottle,s2_complete_epi_006_mustard_bottle_t6,complete_epi,1286,0.417435,0.057556,4.871714e-04,3.025950e-03,7252,0.038371,1.180338e-03,0.076741,3.854966e-04,2.772579e+00,499,1,0,1,1,1
006_mustard_bottle,s2_complete_epi_006_mustard_bottle_t7,complete_epi,825,0.701614,0.062757,5.385773e-04,3.942360e-03,9155,0.041838,5.063530e-04,0.083676,5.255066e-04,3.835887e+00,1270,1,0,1,1,1
006_mustard_bottle,s2_complete_epi_006_mustard_bottle_t8,complete_epi,1,0.854921,0.032576,1.056321e-05,2.670344e-05,1869,0.021718,8.686439e-06,0.043435,1.265985e-05,7.090122e-01,298,1,0,1,1,1
006_mustard_bottle,s2_complete_epi_006_mustard_bottle_t9,complete_epi,18,0.909424,0.063571,5.337002e-05,2.516777e-04,12550,0.042381,2.195257e-05,0.084762,9.231882e-05,1.256159e+00,907,1,0,1,1,0
051_large_clamp,s2_complete_epi_051_large_clamp_t0,complete_epi,0,0.957613,0.030638,1.581486e-07,1.283347e-06,1007,0.020425,3.148978e-07,0.040851,2.477660e-07,0.000000e+00,203,1,0,1,1,1
051_large_clamp,s2_complete_epi_051_large_clamp_t1,complete_epi,0,0.968099,0.029290,0.000000e+00,0.000000e+00,668,0.019527,0.000000e+00,0.039054,0.000000e+00,0.000000e+00,180,1,0,1,1,0
051_large_clamp,s2_complete_epi_051_large_clamp_t3,complete_epi,14,0.947745,0.031842,3.142512e-06,1.047420e-05,819,0.021228,1.808012e-06,0.042456,5.118507e-06,0.000000e+00,150,1,0,1,1,1
051_large_clamp,s2_complete_epi_051_large_clamp_t4,complete_epi,0,0.967766,0.029418,0.000000e+00,0.000000e+00,794,0.019612,0.000000e+00,0.039224,4.489276e-07,0.000000e+00,187,1,0,1,1,0
051_large_clamp,s2_complete_epi_051_large_clamp_t5,complete_epi,3,0.951061,0.031880,0.000000e+00,0.000000e+00,869,0.021253,0.000000e+00,0.042507,1.258167e-06,0.000000e+00,191,1,0,1,1,1
051_large_clamp,s2_complete_epi_051_large_clamp_t7,complete_epi,61,0.949712,0.030783,2.864660e-06,1.347805e-05,2326,0.020522,2.854270e-06,0.041044,2.912224e-06,4.252379e-01,429,1,0,1,1,1
051_large_clamp,s2_complete_epi_051_large_clamp_t8,complete_epi,0,0.965897,0.029308,0.000000e+00,0.000000e+00,687,0.019539,0.000000e+00,0.039078,2.081695e-07,0.000000e+00,170,1,0,1,1,1
051_large_clamp,s2_complete_epi_051_large_clamp_t9,complete_epi,751,0.900715,0.020686,1.731764e-04,5.656462e-04,3500,0.013791,2.708277e-04,0.027581,6.696440e-05,8.019858e+00,531,1,0,1,1,0
011_banana,s2_hetero_only_011_banana_t0,hetero_only,1547,0.612739,0.032968,1.222712e-05,2.894374e-05,2446,0.021979,1.387159e-05,0.043957,1.076832e-05,5.067184e-01,367,1,0,1,1,1
011_banana,s2_hetero_only_011_banana_t1,hetero_only,1395,0.694710,0.031990,2.136268e-05,5.895097e-05,1032,0.021327,4.281011e-05,0.042653,9.082920e-06,1.609065e-01,245,1,0,1,1,0
011_banana,s2_hetero_only_011_banana_t2,hetero_only,672,0.847742,0.032204,9.728268e-05,2.353956e-04,2112,0.021469,1.439004e-04,0.042939,4.356808e-05,6.716107e-01,297,1,0,1,1,0
011_banana,s2_hetero_only_011_banana_t3,hetero_only,771,0.853202,0.033077,1.292624e-05,5.811642e-05,2999,0.022051,1.872803e-05,0.044103,1.317811e-05,7.506219e-01,646,1,0,1,1,0
011_banana,s2_hetero_only_011_banana_t4,hetero_only,1433,0.630355,0.030735,1.873503e-05,6.132030e-05,1816,0.020490,3.181152e-05,0.040980,1.698580e-05,1.164294e+00,834,1,0,1,1,0
011_banana,s2_hetero_only_011_banana_t5,hetero_only,1722,0.398693,0.031669,7.438098e-06,1.884571e-05,2472,0.021113,6.182289e-06,0.042226,8.528304e-06,1.813905e-01,152,1,0,1,1,0
011_banana,s2_hetero_only_011_banana_t6,hetero_only,205,0.900540,0.032369,1.127151e-05,2.822251e-05,3048,0.021580,5.781636e-05,0.043159,8.176819e-06,2.007766e+00,1412,1,0,1,1,0
011_banana,s2_hetero_only_011_banana_t7,hetero_only,1591,0.512237,0.032174,2.169273e-05,7.929641e-05,2086,0.021449,3.422167e-05,0.042898,1.612906e-05,5.374458e-01,375,1,0,1,1,1
011_banana,s2_hetero_only_011_banana_t8,hetero_only,1521,0.601959,0.031593,2.543601e-05,9.992636e-05,1237,0.021062,9.845264e-05,0.042123,1.771712e-05,3.066137e-01,344,1,0,1,1,1
011_banana,s2_hetero_only_011_banana_t9,hetero_only,1136,0.787478,0.031810,1.949251e-05,8.393054e-05,2157,0.021207,3.669854e-05,0.042414,1.200655e-05,9.333409e-01,826,1,0,1,1,0
025_mug,s2_hetero_patch_025_mug_t0,hetero_patch,207,0.891538,0.020731,4.485688e-06,1.783738e-05,450,0.013821,7.208842e-06,0.027641,4.920779e-06,1.460388e-01,95,1,0,1,1,1
025_mug,s2_hetero_patch_025_mug_t1,hetero_patch,51,0.928012,0.019791,6.843408e-06,1.984510e-05,319,0.013194,1.095849e-05,0.026388,6.891693e-06,2.082455e-01,98,1,0,1,1,1
025_mug,s2_hetero_patch_025_mug_t2,hetero_patch,199,0.893951,0.020169,1.243823e-06,2.806390e-06,261,0.013446,1.216968e-06,0.026892,1.706099e-06,1.910611e-01,209,1,0,1,1,0
025_mug,s2_hetero_patch_025_mug_t3,hetero_patch,24,0.939903,0.022039,1.244767e-05,6.138464e-05,467,0.014693,1.888975e-05,0.029386,9.866100e-06,2.733347e-01,139,1,0,1,1,1
025_mug,s2_hetero_patch_025_mug_t5,hetero_patch,103,0.926820,0.020745,5.570597e-06,1.525462e-05,714,0.013830,4.874372e-06,0.027661,5.932546e-06,5.251955e-01,249,1,0,1,1,1
025_mug,s2_hetero_patch_025_mug_t6,hetero_patch,3,0.944532,0.025274,4.066555e-06,1.188635e-05,539,0.016849,4.129195e-06,0.033699,4.539717e-06,2.572493e-01,135,1,0,1,1,1
025_mug,s2_hetero_patch_025_mug_t7,hetero_patch,36,0.908256,0.034882,1.802890e-04,5.437685e-04,438,0.023255,2.638361e-04,0.046510,1.635392e-04,8.894464e-01,54,1,0,1,1,0
025_mug,s2_hetero_patch_025_mug_t8,hetero_patch,38,0.936775,0.020765,8.552689e-06,1.971751e-05,476,0.013843,1.202637e-05,0.027687,8.411097e-06,4.301079e-01,155,1,0,1,1,1
025_mug,s2_hetero_patch_025_mug_t9,hetero_patch,172,0.919035,0.021327,4.120852e-06,1.220053e-05,527,0.014218,3.955016e-06,0.028437,4.321335e-06,1.742823e-01,110,1,0,1,1,1
021_bleach_cleanser,s0_complete_only_021_bleach_cleanser_t0,complete_only,89,0.914537,0.039125,1.757887e-04,7.125739e-04,493,0.026083,1.439814e-04,0.052167,1.199782e-04,7.428896e-02,111,1,0,1,1,1
021_bleach_cleanser,s0_complete_only_021_bleach_cleanser_t2,complete_only,2,0.949204,0.019777,1.503669e-07,7.874799e-07,839,0.013185,0.000000e+00,0.026370,1.959501e-06,2.412557e-02,387,1,0,1,1,0
021_bleach_cleanser,s0_complete_only_021_bleach_cleanser_t3,complete_only,43,0.931828,0.039592,1.066964e-04,5.601843e-04,1005,0.026394,7.752686e-05,0.052789,1.170655e-04,9.366886e-02,130,1,0,1,1,1
021_bleach_cleanser,s0_complete_only_021_bleach_cleanser_t4,complete_only,318,0.806732,0.051002,3.727210e-05,1.578180e-04,2567,0.034001,4.008984e-05,0.068003,3.779216e-05,5.695077e-01,273,1,0,1,1,1
021_bleach_cleanser,s0_complete_only_021_bleach_cleanser_t5,complete_only,2,0.944062,0.039957,1.575004e-05,6.150679e-05,1060,0.026638,1.604475e-05,0.053275,1.154300e-05,2.675757e-02,174,1,0,1,1,0
021_bleach_cleanser,s0_complete_only_021_bleach_cleanser_t6,complete_only,46,0.929408,0.039226,1.431032e-05,7.212180e-06,1089,0.026151,0.000000e+00,0.052302,2.797926e-05,0.000000e+00,103,1,0,1,1,1
021_bleach_cleanser,s0_complete_only_021_bleach_cleanser_t8,complete_only,588,0.823280,0.038844,4.466604e-05,1.981700e-04,986,0.025896,9.125502e-05,0.051792,4.079683e-05,5.200526e-02,123,1,0,1,1,1
021_bleach_cleanser,s0_complete_only_021_bleach_cleanser_t9,complete_only,41,0.934146,0.039960,8.496019e-05,4.918800e-04,1108,0.026640,8.097837e-05,0.053280,5.496438e-05,0.000000e+00,89,1,0,1,1,0
005_tomato_soup_can,s0_complete_epi_005_tomato_soup_can_t0,complete_epi,58,0.853684,0.019010,7.853368e-07,1.544075e-06,769,0.012673,7.687560e-07,0.025346,7.979002e-07,4.891302e-01,893,1,0,1,1,1
005_tomato_soup_can,s0_complete_epi_005_tomato_soup_can_t1,complete_epi,29,0.873156,0.018994,8.232916e-07,1.548909e-06,643,0.012663,8.144527e-07,0.025326,8.219348e-07,4.441985e-01,849,1,0,1,1,1
005_tomato_soup_can,s0_complete_epi_005_tomato_soup_can_t2,complete_epi,48,0.869717,0.019111,7.541349e-07,1.437534e-06,627,0.012741,7.322856e-07,0.025482,7.611315e-07,4.288405e-01,877,1,0,1,1,1
005_tomato_soup_can,s0_complete_epi_005_tomato_soup_can_t3,complete_epi,66,0.873284,0.019015,6.920571e-07,1.684913e-06,540,0.012677,6.629145e-07,0.025354,6.707514e-07,3.482916e-01,753,1,0,1,1,1
005_tomato_soup_can,s0_complete_epi_005_tomato_soup_can_t4,complete_epi,29,0.878857,0.018799,6.920942e-07,1.569620e-06,643,0.012533,6.119714e-07,0.025066,7.172891e-07,3.782979e-01,819,1,0,1,1,1
005_tomato_soup_can,s0_complete_epi_005_tomato_soup_can_t5,complete_epi,0,0.863327,0.026340,3.455994e-06,5.933338e-06,1062,0.017560,2.800768e-06,0.035119,8.770097e-06,9.740366e-01,762,1,0,1,1,0
005_tomato_soup_can,s0_complete_epi_005_tomato_soup_can_t6,complete_epi,73,0.862899,0.019133,7.769723e-07,1.651506e-06,764,0.012755,7.763806e-07,0.025510,8.219101e-07,4.211835e-01,793,1,0,1,1,1
005_tomato_soup_can,s0_complete_epi_005_tomato_soup_can_t7,complete_epi,16,0.896163,0.018858,4.409399e-07,1.467125e-06,441,0.012572,4.373259e-07,0.025144,4.834870e-07,2.297895e-01,649,1,0,1,1,1
005_tomato_soup_can,s0_complete_epi_005_tomato_soup_can_t8,complete_epi,31,0.870199,0.018795,8.234909e-07,1.756107e-06,656,0.012530,7.671408e-07,0.025060,8.509728e-07,5.255758e-01,952,1,0,1,1,1
005_tomato_soup_can,s0_complete_epi_005_tomato_soup_can_t9,complete_epi,35,0.886943,0.019296,8.109144e-07,1.466067e-06,637,0.012864,8.303820e-07,0.025728,8.153821e-07,4.520188e-01,865,1,0,1,1,1
061_foam_brick,s0_complete_epi_061_foam_brick_t0,complete_epi,581,0.898556,0.016189,3.949664e-05,2.145249e-04,581,0.010793,5.461958e-05,0.021586,3.634389e-05,9.195247e-01,880,1,0,1,1,1
061_foam_brick,s0_complete_epi_061_foam_brick_t1,complete_epi,24,0.959911,0.016541,4.860210e-06,1.323275e-06,785,0.011027,1.597506e-06,0.022054,1.199894e-05,1.350867e+00,1258,1,0,1,1,1
061_foam_brick,s0_complete_epi_061_foam_brick_t2,complete_epi,1057,0.827201,0.016835,9.326324e-06,3.824881e-05,498,0.011223,6.008712e-06,0.022446,1.386564e-05,1.736959e+00,978,1,0,1,1,1
061_foam_brick,s0_complete_epi_061_foam_brick_t3,complete_epi,1200,0.677194,0.017003,6.691365e-06,3.686683e-05,969,0.011335,4.151203e-06,0.022670,1.053420e-05,1.283389e+00,1254,1,0,1,1,1
061_foam_brick,s0_complete_epi_061_foam_brick_t4,complete_epi,280,0.953847,0.016994,1.533222e-04,8.945703e-04,602,0.011329,2.371440e-04,0.022658,4.031324e-05,8.707550e-01,1265,1,0,1,1,1
061_foam_brick,s0_complete_epi_061_foam_brick_t5,complete_epi,1103,0.783434,0.016739,3.106951e-04,1.227448e-03,341,0.011159,3.394564e-04,0.022319,2.612860e-04,9.191202e-01,1027,1,0,1,1,1
061_foam_brick,s0_complete_epi_061_foam_brick_t6,complete_epi,1,0.960941,0.016893,1.515562e-05,4.974025e-05,518,0.011262,1.082103e-05,0.022523,4.006661e-05,1.482946e+00,858,1,0,1,1,1
061_foam_brick,s0_complete_epi_061_foam_brick_t7,complete_epi,344,0.925582,0.017224,6.688017e-07,1.288909e-06,1216,0.011482,6.427967e-07,0.022965,1.131650e-06,1.658951e+00,2003,1,0,1,1,1
061_foam_brick,s0_complete_epi_061_foam_brick_t8,complete_epi,443,0.898029,0.016864,4.384685e-06,2.340584e-05,1067,0.011243,3.303290e-06,0.022485,8.441939e-06,1.394228e+00,1575,1,0,1,1,1
061_foam_brick,s0_complete_epi_061_foam_brick_t9,complete_epi,16,0.958927,0.016730,9.561741e-06,2.835285e-06,521,0.011153,1.084269e-06,0.022307,2.623906e-05,1.616132e+00,1114,1,0,1,1,1
035_power_drill,s0_hetero_only_035_power_drill_t0,hetero_only,365,0.871232,0.041577,1.376980e-07,0.000000e+00,503,0.027718,0.000000e+00,0.055436,1.308783e-06,0.000000e+00,145,1,0,1,1,0
035_power_drill,s0_hetero_only_035_power_drill_t1,hetero_only,367,0.846773,0.038858,2.727288e-06,1.009013e-05,1259,0.025906,2.765838e-06,0.051811,4.143186e-06,2.235922e-02,190,1,0,1,1,1
035_power_drill,s0_hetero_only_035_power_drill_t2,hetero_only,2,0.956565,0.024912,1.154064e-06,3.330649e-06,1412,0.016608,1.131868e-06,0.033215,1.070846e-06,1.177628e-01,334,1,0,1,1,0
035_power_drill,s0_hetero_only_035_power_drill_t3,hetero_only,461,0.852700,0.040191,1.237898e-06,8.904663e-06,612,0.026794,0.000000e+00,0.053588,1.153002e-06,0.000000e+00,101,1,0,1,1,0
035_power_drill,s0_hetero_only_035_power_drill_t4,hetero_only,658,0.742943,0.054593,7.307893e-06,2.332437e-05,3436,0.036395,6.039729e-06,0.072790,1.098282e-05,7.412217e-01,455,1,0,1,1,1
035_power_drill,s0_hetero_only_035_power_drill_t5,hetero_only,516,0.849555,0.043799,1.320280e-05,4.715669e-05,1291,0.029199,1.072352e-05,0.058398,1.383130e-05,2.992560e-02,160,1,0,1,1,0
035_power_drill,s0_hetero_only_035_power_drill_t7,hetero_only,113,0.906064,0.053722,2.336502e-06,7.510155e-06,3877,0.035815,1.580543e-06,0.071630,3.623721e-06,0.000000e+00,451,1,0,1,1,1
035_power_drill,s0_hetero_only_035_power_drill_t8,hetero_only,217,0.851078,0.048125,4.415766e-05,2.762409e-04,715,0.032084,3.196636e-05,0.064167,4.098044e-05,1.240241e-01,126,1,0,1,1,0
035_power_drill,s0_hetero_only_035_power_drill_t9,hetero_only,12,0.916360,0.039355,2.042642e-06,8.677295e-06,1005,0.026236,1.120060e-06,0.052473,2.061648e-06,0.000000e+00,168,1,0,1,1,1
021_bleach_cleanser,s0_hetero_patch_021_bleach_cleanser_t0,hetero_patch,280,0.867414,0.039125,5.963916e-05,3.027586e-04,1061,0.026083,5.193556e-05,0.052167,4.241602e-05,9.301453e-02,133,1,0,1,1,1
021_bleach_cleanser,s0_hetero_patch_021_bleach_cleanser_t1,hetero_patch,0,0.953303,0.040178,3.904009e-05,2.656290e-04,1256,0.026785,3.696867e-05,0.053570,2.839113e-05,6.824997e-03,126,1,0,1,1,1
021_bleach_cleanser,s0_hetero_patch_021_bleach_cleanser_t3,hetero_patch,30,0.934857,0.039540,4.109978e-06,1.046350e-05,983,0.026360,3.152779e-06,0.052720,7.744863e-06,0.000000e+00,41,1,0,1,1,1
021_bleach_cleanser,s0_hetero_patch_021_bleach_cleanser_t5,hetero_patch,53,0.911497,0.040220,1.396760e-05,4.751422e-05,1159,0.026814,1.890958e-05,0.053627,1.132003e-05,1.889923e-01,100,1,0,1,1,0
021_bleach_cleanser,s0_hetero_patch_021_bleach_cleanser_t6,hetero_patch,92,0.930885,0.039126,4.467256e-06,5.881956e-06,1096,0.026084,0.000000e+00,0.052168,1.507206e-05,0.000000e+00,67,1,0,1,1,0
021_bleach_cleanser,s0_hetero_patch_021_bleach_cleanser_t7,hetero_patch,153,0.918154,0.039567,1.784522e-06,5.770637e-06,1620,0.026378,1.464228e-06,0.052756,1.969114e-06,7.812397e-03,232,1,0,1,1,1
021_bleach_cleanser,s0_hetero_patch_021_bleach_cleanser_t8,hetero_patch,1373,0.376804,0.057290,8.616411e-05,2.750109e-04,1646,0.038193,9.734829e-05,0.076386,7.369144e-05,7.924416e-01,77,1,0,1,1,0
021_bleach_cleanser,s0_hetero_patch_021_bleach_cleanser_t9,hetero_patch,99,0.931832,0.039086,3.632593e-06,1.081606e-05,857,0.026057,3.525696e-07,0.052115,9.472002e-06,0.000000e+00,86,1,0,1,1,1
005_tomato_soup_can,s1_complete_only_005_tomato_soup_can_t0,complete_only,32,0.884314,0.019058,5.484107e-07,1.655340e-06,570,0.012706,6.255467e-07,0.025411,5.785534e-07,3.381605e-01,764,1,0,1,1,1
005_tomato_soup_can,s1_complete_only_005_tomato_soup_can_t1,complete_only,76,0.864389,0.019114,6.668757e-07,1.535515e-06,700,0.012743,6.328998e-07,0.025485,6.753933e-07,3.227512e-01,747,1,0,1,1,1
005_tomato_soup_can,s1_complete_only_005_tomato_soup_can_t2,complete_only,0,0.962694,0.041484,3.413651e-04,2.349003e-03,5564,0.027656,3.710590e-04,0.055312,6.566973e-04,7.925722e+00,2241,1,0,1,1,0
005_tomato_soup_can,s1_complete_only_005_tomato_soup_can_t3,complete_only,38,0.870910,0.018833,6.702027e-07,1.849058e-06,497,0.012556,4.562860e-07,0.025111,7.418382e-07,2.846216e-01,705,1,0,1,1,1
005_tomato_soup_can,s1_complete_only_005_tomato_soup_can_t5,complete_only,47,0.885998,0.019130,6.256010e-07,1.740142e-06,497,0.012753,6.880699e-07,0.025507,5.974346e-07,2.322774e-01,623,1,0,1,1,1
005_tomato_soup_can,s1_complete_only_005_tomato_soup_can_t6,complete_only,22,0.881529,0.018960,7.922743e-07,1.477298e-06,739,0.012640,7.403657e-07,0.025281,8.043967e-07,5.504288e-01,983,1,0,1,1,1
005_tomato_soup_can,s1_complete_only_005_tomato_soup_can_t7,complete_only,376,0.639628,0.026911,3.559852e-05,3.211778e-05,1313,0.017940,1.673997e-05,0.035881,3.252407e-05,8.855341e-01,888,1,0,1,1,0
005_tomato_soup_can,s1_complete_only_005_tomato_soup_can_t8,complete_only,7,0.891508,0.018775,6.240812e-07,1.600112e-06,547,0.012517,5.753099e-07,0.025033,6.578939e-07,3.725529e-01,797,1,0,1,1,1
005_tomato_soup_can,s1_complete_only_005_tomato_soup_can_t9,complete_only,119,0.855362,0.018836,1.023387e-06,1.556185e-06,733,0.012557,1.310066e-06,0.025114,9.633718e-07,5.099490e-01,920,1,0,1,1,0
061_foam_brick,s1_complete_only_061_foam_brick_t0,complete_only,997,0.849626,0.016198,1.707240e-04,8.119747e-04,430,0.010799,2.379089e-04,0.021597,1.196799e-04,6.818639e-01,926,1,0,1,1,1
061_foam_brick,s1_complete_only_061_foam_brick_t1,complete_only,1213,0.736365,0.017347,6.826378e-04,1.998316e-03,335,0.011565,6.421393e-04,0.023129,5.048447e-04,1.302084e+00,954,1,0,1,1,1
061_foam_brick,s1_complete_only_061_foam_brick_t2,complete_only,663,0.921699,0.017396,5.978138e-07,1.440505e-06,926,0.011597,7.408694e-07,0.023194,5.813988e-07,1.209204e+00,1839,1,0,1,1,0
061_foam_brick,s1_complete_only_061_foam_brick_t3,complete_only,193,0.932771,0.017379,6.675252e-06,5.683517e-06,1308,0.011586,5.205713e-06,0.023172,1.095806e-05,2.347434e+00,1607,1,0,1,1,1
061_foam_brick,s1_complete_only_061_foam_brick_t4,complete_only,1234,0.670652,0.016639,2.964999e-05,9.736001e-05,757,0.011093,3.116151e-05,0.022185,2.575802e-05,1.155185e+00,1244,1,0,1,1,1
061_foam_brick,s1_complete_only_061_foam_brick_t5,complete_only,0,0.976566,0.016549,1.500235e-06,4.824447e-06,562,0.011033,1.867910e-06,0.022065,1.239763e-05,8.936295e-01,959,1,0,1,1,1
061_foam_brick,s1_complete_only_061_foam_brick_t6,complete_only,1152,0.656226,0.017322,1.104241e-05,5.925629e-05,1432,0.011548,1.694307e-05,0.023096,1.209244e-05,1.436568e+00,1111,1,0,1,1,1
061_foam_brick,s1_complete_only_061_foam_brick_t7,complete_only,1085,0.763283,0.017352,1.740215e-04,4.859286e-04,676,0.011568,2.806241e-04,0.023136,6.595769e-05,1.020055e+00,910,1,0,1,1,1
061_foam_brick,s1_complete_only_061_foam_brick_t8,complete_only,338,0.921242,0.016905,4.214911e-07,6.936158e-07,1114,0.011270,3.880586e-07,0.022540,4.369112e-07,1.260270e+00,1850,1,0,1,1,1
061_foam_brick,s1_complete_only_061_foam_brick_t9,complete_only,279,0.918501,0.016202,5.328882e-04,8.966936e-04,282,0.010801,5.949229e-04,0.021602,2.434948e-04,1.499873e+00,1252,1,0,1,1,1
035_power_drill,s1_complete_epi_035_power_drill_t0,complete_epi,928,0.715529,0.041747,1.132714e-06,4.736769e-06,952,0.027831,1.577696e-06,0.055663,3.956818e-06,0.000000e+00,157,1,0,1,1,1
035_power_drill,s1_complete_epi_035_power_drill_t2,complete_epi,990,0.781302,0.060025,8.357487e-06,2.942374e-05,7904,0.040017,2.439132e-06,0.080033,2.551847e-05,3.501696e-01,547,1,0,1,1,1
035_power_drill,s1_complete_epi_035_power_drill_t3,complete_epi,46,0.899958,0.051240,3.736910e-04,2.300444e-03,1007,0.034160,2.722163e-04,0.068320,5.712179e-04,4.437975e-01,122,1,0,1,1,0
035_power_drill,s1_complete_epi_035_power_drill_t4,complete_epi,19,0.894800,0.043071,1.270712e-06,0.000000e+00,524,0.028714,0.000000e+00,0.057428,1.010767e-04,0.000000e+00,117,1,0,1,1,1
035_power_drill,s1_complete_epi_035_power_drill_t5,complete_epi,0,0.986059,0.013954,3.219776e-04,5.800064e-04,357,0.009303,4.076513e-04,0.018606,2.116967e-04,2.642842e+00,516,0,0,1,1,
035_power_drill,s1_complete_epi_035_power_drill_t6,complete_epi,386,0.854766,0.042418,5.226690e-07,3.935008e-06,796,0.028279,0.000000e+00,0.056557,1.721273e-06,0.000000e+00,136,1,0,1,1,1
035_power_drill,s1_complete_epi_035_power_drill_t7,complete_epi,288,0.895916,0.043718,1.855975e-04,1.091804e-03,1024,0.029146,1.320086e-04,0.058291,3.145761e-04,1.013380e+00,311,1,0,1,1,1
035_power_drill,s1_complete_epi_035_power_drill_t8,complete_epi,306,0.843032,0.044867,2.382105e-05,6.686409e-05,3783,0.029911,1.812282e-05,0.059822,2.904642e-05,1.147394e+00,553,1,0,1,1,0
021_bleach_cleanser,s1_hetero_only_021_bleach_cleanser_t0,hetero_only,12,0.936397,0.038889,3.388247e-05,1.287457e-04,550,0.025926,3.691448e-05,0.051852,2.349318e-05,8.322923e-02,108,1,0,1,1,1
021_bleach_cleanser,s1_hetero_only_021_bleach_cleanser_t1,hetero_only,135,0.910331,0.040154,1.922212e-05,7.116129e-05,1140,0.026770,2.509291e-05,0.053539,1.182899e-05,1.434913e-01,140,1,0,1,1,1
021_bleach_cleanser,s1_hetero_only_021_bleach_cleanser_t2,hetero_only,9,0.950489,0.039210,9.842702e-06,4.707717e-05,1058,0.026140,9.034481e-06,0.052280,8.863600e-06,1.522653e-01,196,1,0,1,1,1
021_bleach_cleanser,s1_hetero_only_021_bleach_cleanser_t3,hetero_only,0,0.967549,0.024984,7.925114e-06,2.294946e-05,924,0.016656,7.114226e-06,0.033312,6.749376e-06,1.179732e-02,156,1,0,1,1,1
021_bleach_cleanser,s1_hetero_only_021_bleach_cleanser_t4,hetero_only,929,0.806464,0.040358,2.755782e-05,1.283319e-04,1088,0.026905,5.520538e-05,0.053810,2.289948e-05,1.319393e-01,144,1,0,1,1,1
021_bleach_cleanser,s1_hetero_only_021_bleach_cleanser_t5,hetero_only,101,0.925242,0.040531,4.047516e-05,1.448855e-04,1437,0.027021,4.603755e-05,0.054041,2.297813e-05,3.376942e-01,249,1,0,1,1,1
021_bleach_cleanser,s1_hetero_only_021_bleach_cleanser_t6,hetero_only,411,0.843208,0.039713,3.171327e-05,1.295652e-04,1068,0.026475,4.298208e-05,0.052951,1.963626e-05,6.283978e-03,21,1,0,1,1,0
021_bleach_cleanser,s1_hetero_only_021_bleach_cleanser_t7,hetero_only,1,0.959256,0.015763,1.020596e-07,6.613587e-07,587,0.010509,0.000000e+00,0.021018,1.179040e-06,1.265260e-01,526,1,0,1,1,0
021_bleach_cleanser,s1_hetero_only_021_bleach_cleanser_t8,hetero_only,42,0.908222,0.040397,5.321320e-06,4.211114e-05,1121,0.026931,4.561633e-06,0.053862,6.236320e-06,0.000000e+00,174,1,0,1,1,1
005_tomato_soup_can,s1_hetero_patch_005_tomato_soup_can_t0,hetero_patch,15,0.889323,0.019058,7.458834e-07,1.533427e-06,618,0.012706,6.799520e-07,0.025411,7.888183e-07,3.585934e-01,774,1,0,1,1,1
005_tomato_soup_can,s1_hetero_patch_005_tomato_soup_can_t1,hetero_patch,16,0.885435,0.019078,8.799586e-07,1.555451e-06,709,0.012719,8.669747e-07,0.025437,9.010362e-07,5.541761e-01,959,1,0,1,1,1
005_tomato_soup_can,s1_hetero_patch_005_tomato_soup_can_t2,hetero_patch,69,0.865013,0.018766,7.133335e-07,2.161773e-06,509,0.012511,8.062429e-07,0.025022,7.393971e-07,2.886094e-01,696,1,0,1,1,1
005_tomato_soup_can,s1_hetero_patch_005_tomato_soup_can_t3,hetero_patch,16,0.880679,0.018834,9.492877e-07,1.971596e-06,737,0.012556,8.880547e-07,0.025112,9.784735e-07,4.382728e-01,808,1,0,1,1,1
005_tomato_soup_can,s1_hetero_patch_005_tomato_soup_can_t4,hetero_patch,11,0.887166,0.018857,8.698802e-07,1.549548e-06,710,0.012572,8.591503e-07,0.025143,8.877349e-07,5.030906e-01,891,1,0,1,1,1
005_tomato_soup_can,s1_hetero_patch_005_tomato_soup_can_t6,hetero_patch,10,0.886689,0.018966,9.200184e-07,1.757015e-06,696,0.012644,8.656815e-07,0.025288,9.554597e-07,5.336677e-01,872,1,0,1,1,1
005_tomato_soup_can,s1_hetero_patch_005_tomato_soup_can_t7,hetero_patch,48,0.780264,0.026643,1.554846e-06,3.148913e-06,1231,0.017762,1.669545e-06,0.035524,2.066014e-06,5.172970e-01,725,1,0,1,1,0
005_tomato_soup_can,s1_hetero_patch_005_tomato_soup_can_t8,hetero_patch,17,0.888250,0.018775,8.667019e-07,1.733512e-06,789,0.012517,8.214605e-07,0.025034,9.300178e-07,4.468479e-01,856,1,0,1,1,1
005_tomato_soup_can,s1_hetero_patch_005_tomato_soup_can_t9,hetero_patch,88,0.865143,0.018809,7.678010e-07,1.802203e-06,592,0.012539,7.511105e-07,0.025079,7.985003e-07,3.861524e-01,835,1,0,1,1,1
061_foam_brick,s1_hetero_patch_061_foam_brick_t0,hetero_patch,1107,0.834613,0.016198,3.753112e-06,1.600436e-05,719,0.010799,5.742094e-06,0.021597,2.702138e-06,7.154192e-01,1026,1,0,1,1,1
061_foam_brick,s1_hetero_patch_061_foam_brick_t1,hetero_patch,1292,0.670161,0.017262,1.436628e-05,5.581606e-05,337,0.011508,1.744988e-05,0.023016,9.980190e-06,9.816358e-01,1286,1,0,1,1,1
061_foam_brick,s1_hetero_patch_061_foam_brick_t2,hetero_patch,650,0.896857,0.017376,6.203147e-07,9.946969e-07,988,0.011584,6.595487e-07,0.023168,6.495755e-07,1.024975e+00,1537,1,0,1,1,0
061_foam_brick,s1_hetero_patch_061_foam_brick_t3,hetero_patch,581,0.873292,0.017207,8.101609e-07,2.935030e-06,1262,0.011471,7.052658e-07,0.022943,1.102912e-06,1.903690e+00,2289,1,0,1,1,1
061_foam_brick,s1_hetero_patch_061_foam_brick_t4,hetero_patch,1337,0.581491,0.019572,2.220275e-05,6.030948e-05,843,0.013048,2.881148e-05,0.026095,9.339592e-06,1.342349e+00,1543,1,0,1,1,1
061_foam_brick,s1_hetero_patch_061_foam_brick_t5,hetero_patch,0,0.980370,0.016371,8.709662e-07,1.787481e-06,840,0.010914,9.425263e-07,0.021828,1.400428e-06,9.198799e-01,1023,1,0,1,1,1
061_foam_brick,s1_hetero_patch_061_foam_brick_t6,hetero_patch,971,0.741964,0.017331,9.771731e-07,2.470085e-06,954,0.011554,7.604352e-07,0.023108,1.447024e-06,5.888904e-01,777,1,0,1,1,1
061_foam_brick,s1_hetero_patch_061_foam_brick_t7,hetero_patch,1023,0.804659,0.017363,1.937175e-06,5.110478e-06,484,0.011575,1.872319e-06,0.023151,2.623684e-06,7.700782e-01,899,1,0,1,1,1
061_foam_brick,s1_hetero_patch_061_foam_brick_t8,hetero_patch,391,0.918767,0.016851,4.231567e-07,6.549855e-07,991,0.011234,4.187266e-07,0.022468,4.056620e-07,1.062469e+00,1916,1,0,1,1,0
061_foam_brick,s1_hetero_patch_061_foam_brick_t9,hetero_patch,359,0.909685,0.016207,1.384852e-06,3.706753e-06,579,0.010805,1.004431e-06,0.021609,2.368727e-06,6.663316e-01,870,1,0,1,1,1
035_power_drill,s2_complete_only_035_power_drill_t0,complete_only,248,0.873850,0.039149,4.943191e-06,2.773454e-05,1306,0.026099,4.125695e-06,0.052199,6.141972e-06,1.373368e-02,192,1,0,1,1,0
035_power_drill,s2_complete_only_035_power_drill_t1,complete_only,0,0.967221,0.020207,3.482449e-04,1.077279e-03,890,0.013471,4.016114e-04,0.026942,1.731420e-04,2.098776e+00,1131,1,0,1,1,0
035_power_drill,s2_complete_only_035_power_drill_t2,complete_only,63,0.895609,0.041787,4.084610e-05,9.214174e-05,1728,0.027858,2.957916e-05,0.055716,5.385712e-05,3.045041e-01,307,1,0,1,1,0
035_power_drill,s2_complete_only_035_power_drill_t3,complete_only,568,0.732014,0.063135,6.579409e-05,2.012355e-04,4018,0.042090,5.862839e-05,0.084181,1.359777e-04,1.460957e+00,591,1,0,1,1,1
035_power_drill,s2_complete_only_035_power_drill_t4,complete_only,488,0.888074,0.060719,7.119900e-05,9.076865e-05,10542,0.040479,5.442573e-05,0.080959,1.036403e-04,1.089994e+01,3607,1,0,1,1,0
035_power_drill,s2_complete_only_035_power_drill_t5,complete_only,627,0.863363,0.026889,1.779121e-03,3.647974e-03,197,0.017926,1.759384e-03,0.035852,1.060431e-03,3.866437e-02,134,1,0,1,1,0
035_power_drill,s2_complete_only_035_power_drill_t6,complete_only,50,0.916274,0.041725,6.525985e-06,4.532190e-06,747,0.027817,0.000000e+00,0.055634,9.941167e-06,0.000000e+00,113,1,0,1,1,1
035_power_drill,s2_complete_only_035_power_drill_t7,complete_only,0,0.956475,0.023962,1.252608e-04,4.771883e-04,1431,0.015974,1.386708e-04,0.031949,1.023610e-04,2.726988e+00,456,1,0,1,1,0
035_power_drill,s2_complete_only_035_power_drill_t8,complete_only,1130,0.605781,0.041258,5.285622e-05,1.764348e-04,1574,0.027506,6.049312e-05,0.055011,6.364499e-05,5.564174e-01,371,1,0,1,1,0
021_bleach_cleanser,s2_complete_epi_021_bleach_cleanser_t0,complete_epi,18,0.913397,0.039332,3.622019e-05,2.326137e-04,1264,0.026221,4.434464e-05,0.052442,2.436680e-05,0.000000e+00,135,1,0,1,1,1
021_bleach_cleanser,s2_complete_epi_021_bleach_cleanser_t1,complete_epi,41,0.927387,0.039189,4.668098e-05,3.038614e-04,957,0.026126,6.851955e-05,0.052252,3.216536e-05,0.000000e+00,103,1,0,1,1,1
021_bleach_cleanser,s2_complete_epi_021_bleach_cleanser_t2,complete_epi,505,0.888273,0.038295,7.495922e-06,3.009568e-05,1211,0.025530,1.715809e-06,0.051060,7.549148e-06,1.875115e-02,299,1,0,1,1,1
021_bleach_cleanser,s2_complete_epi_021_bleach_cleanser_t3,complete_epi,907,0.798786,0.039368,7.239289e-05,3.109611e-04,770,0.026246,1.104147e-04,0.052491,3.304179e-05,1.787950e-01,143,1,0,1,1,1
021_bleach_cleanser,s2_complete_epi_021_bleach_cleanser_t5,complete_epi,9,0.942712,0.040367,5.301097e-05,3.095222e-04,965,0.026911,4.331330e-05,0.053822,4.695888e-05,0.000000e+00,61,1,0,1,1,0
021_bleach_cleanser,s2_complete_epi_021_bleach_cleanser_t6,complete_epi,11,0.911398,0.038926,1.690422e-05,5.195595e-05,956,0.025951,2.086057e-05,0.051902,1.057932e-05,5.516511e-02,154,1,0,1,1,1
021_bleach_cleanser,s2_complete_epi_021_bleach_cleanser_t7,complete_epi,0,0.913418,0.038917,3.546842e-05,1.034974e-04,1218,0.025944,4.500351e-05,0.051889,2.402628e-05,2.747218e-01,184,1,0,1,1,1
021_bleach_cleanser,s2_complete_epi_021_bleach_cleanser_t8,complete_epi,32,0.937670,0.038781,7.407295e-05,4.303917e-04,1090,0.025854,6.679873e-05,0.051708,4.242668e-05,1.128314e-01,139,1,0,1,1,1
021_bleach_cleanser,s2_complete_epi_021_bleach_cleanser_t9,complete_epi,19,0.894911,0.038864,5.770062e-05,3.628988e-04,1048,0.025910,5.613785e-05,0.051819,4.479915e-05,0.000000e+00,123,1,0,1,1,1
005_tomato_soup_can,s2_hetero_only_005_tomato_soup_can_t0,hetero_only,7,0.885282,0.018947,8.221110e-07,1.484020e-06,701,0.012632,7.826426e-07,0.025263,8.625644e-07,4.619561e-01,855,1,0,1,1,1
005_tomato_soup_can,s2_hetero_only_005_tomato_soup_can_t1,hetero_only,3,0.909012,0.018699,1.030084e-06,3.444710e-06,602,0.012466,1.293701e-06,0.024932,9.025218e-07,3.818105e-01,758,1,0,1,1,1
005_tomato_soup_can,s2_hetero_only_005_tomato_soup_can_t2,hetero_only,56,0.868898,0.018984,8.806082e-07,1.614479e-06,660,0.012656,8.515482e-07,0.025312,8.999337e-07,4.532541e-01,799,1,0,1,1,1
005_tomato_soup_can,s2_hetero_only_005_tomato_soup_can_t3,hetero_only,83,0.864932,0.019147,6.989456e-07,1.922079e-06,630,0.012765,6.406042e-07,0.025530,7.304851e-07,3.200128e-01,703,1,0,1,1,1
005_tomato_soup_can,s2_hetero_only_005_tomato_soup_can_t4,hetero_only,15,0.885155,0.018704,1.369940e-06,3.341485e-06,438,0.012469,1.424610e-06,0.024939,1.025737e-06,3.133152e-01,704,1,0,1,1,1
005_tomato_soup_can,s2_hetero_only_005_tomato_soup_can_t5,hetero_only,4,0.890201,0.019009,8.326882e-07,1.497873e-06,657,0.012672,8.400262e-07,0.025345,8.681087e-07,4.400857e-01,845,1,0,1,1,1
005_tomato_soup_can,s2_hetero_only_005_tomato_soup_can_t6,hetero_only,32,0.885319,0.018935,8.075472e-07,1.600380e-06,626,0.012623,7.732885e-07,0.025246,8.473998e-07,3.752414e-01,802,1,0,1,1,1
005_tomato_soup_can,s2_hetero_only_005_tomato_soup_can_t8,hetero_only,43,0.889085,0.018672,9.231554e-07,1.740664e-06,703,0.012448,8.682613e-07,0.024896,9.651326e-07,5.244835e-01,904,1,0,1,1,1
005_tomato_soup_can,s2_hetero_only_005_tomato_soup_can_t9,hetero_only,19,0.876336,0.018870,8.725451e-07,1.567419e-06,653,0.012580,8.842777e-07,0.025160,9.264336e-07,5.112844e-01,906,1,0,1,1,1
061_foam_brick,s2_hetero_only_061_foam_brick_t0,hetero_only,469,0.921396,0.017153,9.936123e-07,9.474798e-07,495,0.011435,2.072862e-06,0.022871,1.169077e-06,1.042164e+00,1424,1,0,1,1,0
061_foam_brick,s2_hetero_only_061_foam_brick_t1,hetero_only,100,0.972518,0.016699,2.505045e-06,1.059740e-05,770,0.011133,4.377709e-06,0.022266,2.262496e-06,9.069211e-01,941,1,0,1,1,1
061_foam_brick,s2_hetero_only_061_foam_brick_t2,hetero_only,254,0.959857,0.017973,1.637977e-06,3.326566e-06,897,0.011982,1.478311e-06,0.023964,1.677785e-06,1.130940e+00,1365,1,0,1,1,1
061_foam_brick,s2_hetero_only_061_foam_brick_t3,hetero_only,1349,0.528819,0.016484,3.580623e-06,1.397034e-05,941,0.010989,2.809702e-06,0.021978,4.071983e-06,9.009982e-01,987,1,0,1,1,0
061_foam_brick,s2_hetero_only_061_foam_brick_t4,hetero_only,166,0.967025,0.016479,9.831365e-07,2.061838e-06,755,0.010986,9.542824e-07,0.021972,1.225074e-06,9.137444e-01,1184,1,0,1,1,1
061_foam_brick,s2_hetero_only_061_foam_brick_t5,hetero_only,0,0.977552,0.016246,1.006984e-06,2.851894e-06,451,0.010831,1.838492e-06,0.021662,1.206761e-06,8.209469e-01,1036,1,0,1,1,1
061_foam_brick,s2_hetero_only_061_foam_brick_t6,hetero_only,31,0.952659,0.017186,1.101162e-06,1.847174e-06,1081,0.011457,9.099357e-07,0.022914,1.153654e-06,1.437472e+00,1877,1,0,1,1,1
061_foam_brick,s2_hetero_only_061_foam_brick_t7,hetero_only,2,0.964016,0.017980,1.712358e-06,9.252542e-06,1460,0.011987,1.604847e-06,0.023973,1.813329e-06,1.418778e+00,1762,1,0,1,1,1
061_foam_brick,s2_hetero_only_061_foam_brick_t8,hetero_only,157,0.965407,0.016698,2.598790e-06,1.651347e-05,888,0.011132,3.558468e-06,0.022264,2.754350e-06,7.654214e-01,942,1,0,1,1,1
061_foam_brick,s2_hetero_only_061_foam_brick_t9,hetero_only,799,0.880046,0.016810,1.767877e-06,7.328852e-06,838,0.011207,2.159743e-06,0.022413,1.486241e-06,1.280258e+00,1753,1,0,1,1,1
035_power_drill,s2_hetero_patch_035_power_drill_t0,hetero_patch,288,0.855710,0.039149,4.490886e-06,1.607955e-05,1328,0.026099,4.724538e-06,0.052199,5.367986e-06,5.047897e-01,390,1,0,1,1,1
035_power_drill,s2_hetero_patch_035_power_drill_t1,hetero_patch,558,0.865831,0.016180,9.358147e-06,3.433284e-05,670,0.010786,1.140474e-05,0.021573,1.103237e-05,2.387490e+00,2262,1,0,1,1,0
035_power_drill,s2_hetero_patch_035_power_drill_t2,hetero_patch,769,0.785058,0.057824,8.102104e-06,2.366509e-05,5369,0.038549,7.655532e-06,0.077099,1.309026e-05,1.100458e+00,631,1,0,1,1,1
035_power_drill,s2_hetero_patch_035_power_drill_t3,hetero_patch,40,0.897951,0.043598,1.090979e-05,5.750240e-05,726,0.029065,5.751480e-06,0.058131,1.595441e-05,0.000000e+00,131,1,0,1,1,1
035_power_drill,s2_hetero_patch_035_power_drill_t5,hetero_patch,24,0.938244,0.026988,3.015533e-05,1.848800e-04,1281,0.017992,3.649738e-05,0.035984,1.309112e-05,7.241727e-01,754,1,0,1,1,0
035_power_drill,s2_hetero_patch_035_power_drill_t6,hetero_patch,27,0.925386,0.041752,3.107359e-06,0.000000e+00,544,0.027835,9.643456e-07,0.055670,4.420700e-06,0.000000e+00,130,1,0,1,1,0
035_power_drill,s2_hetero_patch_035_power_drill_t7,hetero_patch,17,0.919685,0.047020,2.531075e-05,1.601973e-04,907,0.031347,2.061278e-05,0.062694,3.080662e-05,2.843586e-01,159,1,0,1,1,1
035_power_drill,s2_hetero_patch_035_power_drill_t8,hetero_patch,550,0.809921,0.041140,2.145726e-06,9.422970e-06,724,0.027426,0.000000e+00,0.054853,2.591725e-06,0.000000e+00,68,1,0,1,1,0
035_power_drill,s2_hetero_patch_035_power_drill_t9,hetero_patch,769,0.743608,0.040652,2.071492e-05,8.649864e-05,2047,0.027101,2.186964e-05,0.054203,1.383234e-05,5.329914e-01,412,1,0,1,1,1
025_mug,s0_complete_only_025_mug_t0,complete_only,28,0.943357,0.020684,1.378441e-06,2.111907e-06,969,0.013789,1.381079e-06,0.027579,1.305162e-06,2.939755e-01,297,1,0,1,1,1
025_mug,s0_complete_only_025_mug_t1,complete_only,31,0.937968,0.021107,2.291882e-05,6.931755e-05,516,0.014071,2.971933e-05,0.028142,2.287379e-05,3.658519e-01,153,1,0,1,1,1
025_mug,s0_complete_only_025_mug_t2,complete_only,113,0.919474,0.020344,5.106199e-06,1.116076e-05,659,0.013563,6.844290e-06,0.027126,4.390789e-06,2.663703e-01,195,1,0,1,1,1
025_mug,s0_complete_only_025_mug_t3,complete_only,7,0.920620,0.020845,1.937083e-05,7.061057e-05,364,0.013897,1.069217e-05,0.027793,3.250493e-05,1.901203e-01,130,1,0,1,1,1
025_mug,s0_complete_only_025_mug_t4,complete_only,27,0.932959,0.020443,1.344857e-06,2.497521e-06,650,0.013628,1.533862e-06,0.027257,1.423176e-06,1.380698e-01,181,1,0,1,1,1
025_mug,s0_complete_only_025_mug_t5,complete_only,11,0.955502,0.021079,1.092240e-06,2.175931e-06,636,0.014053,1.190235e-06,0.028106,1.135977e-06,9.351158e-02,135,1,0,1,1,0
025_mug,s0_complete_only_025_mug_t6,complete_only,72,0.918448,0.020918,1.301571e-06,2.103844e-06,1166,0.013945,1.380105e-06,0.027890,1.260538e-06,2.525421e-01,283,1,0,1,1,1
025_mug,s0_complete_only_025_mug_t7,complete_only,417,0.900273,0.021213,1.885693e-05,6.309074e-05,5298,0.014142,2.271655e-05,0.028284,8.449480e-06,3.224882e+00,2105,1,0,1,1,0
025_mug,s0_complete_only_025_mug_t8,complete_only,119,0.876044,0.020401,1.884448e-06,1.139499e-05,581,0.013601,1.170723e-06,0.027202,4.517361e-06,4.497421e-01,375,1,0,1,1,1
025_mug,s0_complete_only_025_mug_t9,complete_only,77,0.926802,0.020585,1.174795e-05,2.673361e-05,661,0.013723,1.595717e-05,0.027447,8.648700e-06,5.194116e-01,232,1,0,1,1,1
006_mustard_bottle,s0_complete_epi_006_mustard_bottle_t0,complete_epi,194,0.786369,0.032858,1.036301e-05,2.765095e-05,2027,0.021906,1.033000e-05,0.043811,1.242050e-05,6.928001e-01,510,1,0,1,1,1
006_mustard_bottle,s0_complete_epi_006_mustard_bottle_t1,complete_epi,466,0.709552,0.032989,1.492314e-05,5.164612e-05,2116,0.021993,1.170787e-05,0.043985,2.269513e-05,1.090977e+00,831,1,0,1,1,1
006_mustard_bottle,s0_complete_epi_006_mustard_bottle_t2,complete_epi,5,0.845036,0.007305,1.120001e-06,2.752860e-06,1182,0.004870,5.035190e-07,0.009740,2.333685e-06,7.212427e+00,8086,1,0,1,1,1
006_mustard_bottle,s0_complete_epi_006_mustard_bottle_t3,complete_epi,11,0.831849,0.033268,7.726920e-06,1.632663e-05,2063,0.022178,6.306119e-06,0.044357,8.024757e-06,7.266380e-01,497,1,0,1,1,1
006_mustard_bottle,s0_complete_epi_006_mustard_bottle_t4,complete_epi,59,0.820218,0.031762,1.187142e-05,3.826118e-05,1723,0.021175,9.462370e-06,0.042350,1.437864e-05,5.733199e-01,479,1,0,1,1,1
006_mustard_bottle,s0_complete_epi_006_mustard_bottle_t5,complete_epi,60,0.781547,0.032215,9.577142e-06,3.080405e-05,1565,0.021477,7.707374e-06,0.042954,1.108615e-05,5.726510e-01,268,1,0,1,1,1
006_mustard_bottle,s0_complete_epi_006_mustard_bottle_t6,complete_epi,402,0.778285,0.032603,1.678779e-05,3.842614e-05,2082,0.021735,9.098508e-06,0.043471,2.017224e-05,9.472741e-01,698,1,0,1,1,1
006_mustard_bottle,s0_complete_epi_006_mustard_bottle_t8,complete_epi,9,0.867531,0.031914,5.336601e-06,9.946887e-06,1914,0.021276,6.196148e-06,0.042552,4.624017e-06,6.189416e-01,437,1,0,1,1,1
006_mustard_bottle,s0_complete_epi_006_mustard_bottle_t9,complete_epi,472,0.762241,0.031943,1.588408e-05,4.159642e-05,1966,0.021296,1.001827e-05,0.042591,2.292400e-05,1.170501e+00,858,1,0,1,1,1
051_large_clamp,s0_complete_epi_051_large_clamp_t0,complete_epi,81,0.933423,0.031974,1.395102e-05,0.000000e+00,752,0.021316,1.305447e-05,0.042632,1.934338e-05,0.000000e+00,145,1,0,1,1,1
051_large_clamp,s0_complete_epi_051_large_clamp_t1,complete_epi,11,0.944214,0.030960,0.000000e+00,0.000000e+00,821,0.020640,0.000000e+00,0.041280,1.300755e-07,0.000000e+00,205,1,0,1,1,0
051_large_clamp,s0_complete_epi_051_large_clamp_t2,complete_epi,35,0.970915,0.032676,1.932762e-05,3.736782e-05,2637,0.021784,3.189409e-05,0.043568,1.298957e-05,7.595042e-01,736,1,0,1,1,1
051_large_clamp,s0_complete_epi_051_large_clamp_t3,complete_epi,46,0.936094,0.032179,8.799322e-05,3.684188e-04,513,0.021453,1.735498e-04,0.042905,5.711134e-05,4.646247e-02,139,1,0,1,1,1
051_large_clamp,s0_complete_epi_051_large_clamp_t4,complete_epi,0,0.974863,0.040444,2.448492e-06,4.488616e-06,1639,0.026963,1.487219e-06,0.053926,7.471365e-06,1.358339e-01,208,1,0,1,1,1
051_large_clamp,s0_complete_epi_051_large_clamp_t5,complete_epi,0,0.956318,0.046523,2.209251e-06,3.500168e-06,3153,0.031016,1.453034e-06,0.062031,3.406824e-06,2.353245e-01,306,1,0,1,1,0
051_large_clamp,s0_complete_epi_051_large_clamp_t6,complete_epi,3,0.971055,0.032381,1.780312e-05,7.640911e-05,933,0.021587,1.363630e-05,0.043175,1.837302e-05,1.330630e-02,157,1,0,1,1,1
051_large_clamp,s0_complete_epi_051_large_clamp_t7,complete_epi,0,0.974292,0.042376,7.518643e-05,2.212162e-04,11495,0.028251,5.786614e-05,0.056501,8.960742e-05,8.948306e+00,3782,1,0,1,1,0
051_large_clamp,s0_complete_epi_051_large_clamp_t8,complete_epi,98,0.926458,0.031319,1.248513e-05,4.897851e-05,2533,0.020879,1.579314e-05,0.041759,1.230830e-05,2.219097e+00,1296,1,0,1,1,1
051_large_clamp,s0_complete_epi_051_large_clamp_t9,complete_epi,0,0.971724,0.037670,4.396370e-06,1.383123e-05,1594,0.025113,4.765579e-06,0.050227,5.033653e-06,2.483671e-01,221,1,0,1,1,1
011_banana,s0_hetero_only_011_banana_t0,hetero_only,1397,0.717089,0.032608,1.467055e-05,6.715988e-05,1229,0.021739,2.553691e-05,0.043477,1.347733e-05,2.183392e-01,267,1,0,1,1,0
011_banana,s0_hetero_only_011_banana_t1,hetero_only,1672,0.502906,0.031925,3.600469e-05,1.005361e-04,1484,0.021284,1.521044e-04,0.042567,3.502084e-05,1.209564e+00,651,1,0,1,1,1
011_banana,s0_hetero_only_011_banana_t2,hetero_only,966,0.800163,0.029280,1.515542e-05,5.680888e-05,2209,0.019520,2.667107e-05,0.039040,1.099758e-05,1.005907e+00,985,1,0,1,1,0
011_banana,s0_hetero_only_011_banana_t3,hetero_only,1559,0.612758,0.032937,1.238042e-04,5.597640e-04,978,0.021958,3.416730e-04,0.043916,5.607106e-05,7.873494e-01,457,1,0,1,1,0
011_banana,s0_hetero_only_011_banana_t4,hetero_only,1513,0.606416,0.030958,2.538804e-05,7.271764e-05,1443,0.020639,9.840386e-05,0.041278,1.421429e-05,9.756007e-01,847,1,0,1,1,0
011_banana,s0_hetero_only_011_banana_t5,hetero_only,823,0.851933,0.032095,1.124912e-05,3.604492e-05,2038,0.021396,1.187257e-05,0.042793,9.752274e-06,5.947747e-01,500,1,0,1,1,0
011_banana,s0_hetero_only_011_banana_t6,hetero_only,1550,0.557787,0.031497,1.284511e-05,5.884296e-05,3174,0.020998,1.232275e-05,0.041996,1.596577e-05,6.370683e-01,634,1,0,1,1,1
011_banana,s0_hetero_only_011_banana_t7,hetero_only,121,0.973794,0.014303,4.892720e-05,1.375086e-04,401,0.009535,8.367869e-05,0.019071,2.959121e-05,1.819756e+00,3023,1,0,1,1,1
011_banana,s0_hetero_only_011_banana_t8,hetero_only,1804,0.355728,0.031446,2.016035e-05,8.653825e-05,1506,0.020964,3.469379e-05,0.041928,1.646792e-05,4.877545e-01,396,1,0,1,1,1
011_banana,s0_hetero_only_011_banana_t9,hetero_only,1680,0.431197,0.032416,3.724560e-05,1.646926e-04,1606,0.021610,1.189129e-04,0.043221,2.832256e-05,9.566854e-01,461,1,0,1,1,0
025_mug,s0_hetero_patch_025_mug_t0,hetero_patch,50,0.935280,0.020684,1.039845e-05,3.760938e-05,495,0.013789,5.302592e-05,0.027579,6.651881e-06,2.734186e-01,186,1,0,1,1,1
025_mug,s0_hetero_patch_025_mug_t1,hetero_patch,170,0.914395,0.021238,5.513174e-06,9.822859e-06,495,0.014159,5.854874e-06,0.028317,5.348130e-06,3.867896e-01,167,1,0,1,1,1
025_mug,s0_hetero_patch_025_mug_t2,hetero_patch,178,0.892350,0.020156,1.268305e-06,3.353258e-06,383,0.013437,1.217929e-06,0.026874,1.358157e-06,1.280784e-01,185,1,0,1,1,1
025_mug,s0_hetero_patch_025_mug_t3,hetero_patch,15,0.921204,0.021084,4.976221e-06,1.597092e-05,510,0.014056,5.307791e-06,0.028111,5.977655e-06,1.364614e-01,105,1,0,1,1,1
025_mug,s0_hetero_patch_025_mug_t4,hetero_patch,32,0.937088,0.020065,3.762512e-06,1.202428e-05,835,0.013377,3.749939e-06,0.026754,3.903198e-06,3.427491e-01,322,1,0,1,1,1
025_mug,s0_hetero_patch_025_mug_t5,hetero_patch,100,0.886749,0.020308,4.069378e-06,9.193904e-06,866,0.013539,3.942997e-06,0.027078,4.369854e-06,4.090542e-01,241,1,0,1,1,1
025_mug,s0_hetero_patch_025_mug_t6,hetero_patch,83,0.925050,0.020987,5.611475e-06,1.365385e-05,612,0.013991,7.498152e-06,0.027982,5.407869e-06,4.204443e-01,238,1,0,1,1,1
025_mug,s0_hetero_patch_025_mug_t7,hetero_patch,24,0.900317,0.020587,2.003567e-06,5.467722e-06,740,0.013724,2.728087e-06,0.027449,1.726990e-06,2.389262e-01,236,1,0,1,1,1
025_mug,s0_hetero_patch_025_mug_t8,hetero_patch,15,0.902810,0.026692,9.247406e-06,3.329779e-05,1875,0.017795,1.888634e-05,0.035589,7.318702e-06,3.264625e-01,151,1,0,1,1,1
025_mug,s0_hetero_patch_025_mug_t9,hetero_patch,33,0.932860,0.020731,1.579197e-06,3.144664e-06,1036,0.013820,1.593836e-06,0.027641,1.569909e-06,1.881580e-01,232,1,0,1,1,1
006_mustard_bottle,s1_complete_only_006_mustard_bottle_t0,complete_only,0,0.860767,0.031806,9.505646e-06,2.371994e-05,1566,0.021204,8.971649e-06,0.042408,1.002739e-05,1.267245e-01,248,1,0,1,1,1
006_mustard_bottle,s1_complete_only_006_mustard_bottle_t1,complete_only,28,0.824300,0.031901,6.943022e-06,1.622473e-05,1261,0.021267,7.431543e-06,0.042535,6.489801e-06,1.148966e-01,235,1,0,1,1,1
006_mustard_bottle,s1_complete_only_006_mustard_bottle_t3,complete_only,0,0.853167,0.031767,6.201284e-06,1.290728e-05,1807,0.021178,7.498916e-06,0.042356,5.363119e-06,6.176111e-01,424,1,0,1,1,1
006_mustard_bottle,s1_complete_only_006_mustard_bottle_t4,complete_only,0,0.853927,0.032431,8.266560e-06,1.554069e-05,1573,0.021621,8.462343e-06,0.043242,7.528189e-06,6.523707e-01,468,1,0,1,1,1
006_mustard_bottle,s1_complete_only_006_mustard_bottle_t5,complete_only,7,0.834904,0.032385,3.335005e-05,8.673558e-05,1969,0.021590,1.947748e-05,0.043180,4.450691e-05,9.394321e-01,685,1,0,1,1,1
006_mustard_bottle,s1_complete_only_006_mustard_bottle_t6,complete_only,0,0.920221,0.031953,1.157002e-05,2.309894e-05,1576,0.021302,1.173332e-05,0.042604,1.091466e-05,8.309032e-01,513,1,0,1,1,1
006_mustard_bottle,s1_complete_only_006_mustard_bottle_t7,complete_only,2,0.895278,0.021161,2.679862e-05,7.212733e-05,1294,0.014107,3.239517e-05,0.028214,2.406815e-05,1.010052e+00,938,1,0,1,1,1
006_mustard_bottle,s1_complete_only_006_mustard_bottle_t8,complete_only,0,0.984626,0.015988,1.654504e-04,5.247599e-04,1114,0.010658,1.638671e-04,0.021317,1.628946e-04,1.798782e+00,509,1,0,1,1,0
006_mustard_bottle,s1_complete_only_006_mustard_bottle_t9,complete_only,330,0.784089,0.032424,1.200706e-05,3.045415e-05,1884,0.021616,9.668661e-06,0.043232,1.411835e-05,5.521424e-01,441,1,0,1,1,1
051_large_clamp,s1_complete_only_051_large_clamp_t0,complete_only,34,0.949957,0.029898,1.186490e-06,4.112047e-06,1455,0.019932,1.416460e-06,0.039864,1.134042e-06,1.221715e-01,216,1,0,1,1,1
051_large_clamp,s1_complete_only_051_large_clamp_t1,complete_only,0,0.972928,0.032454,5.585355e-06,1.611405e-05,1107,0.021636,2.552413e-06,0.043272,1.460561e-05,3.569781e-02,202,1,0,1,1,0
051_large_clamp,s1_complete_only_051_large_clamp_t2,complete_only,0,0.961676,0.030211,0.000000e+00,0.000000e+00,943,0.020141,0.000000e+00,0.040282,2.441045e-07,0.000000e+00,196,1,0,1,1,1
051_large_clamp,s1_complete_only_051_large_clamp_t3,complete_only,55,0.939722,0.031531,7.503083e-07,1.859399e-06,761,0.021021,0.000000e+00,0.042042,4.312848e-06,0.000000e+00,137,1,0,1,1,1
051_large_clamp,s1_complete_only_051_large_clamp_t4,complete_only,3,0.956590,0.032098,1.852030e-06,5.452795e-06,3067,0.021399,2.616254e-06,0.042798,2.028416e-06,6.019592e-01,537,1,0,1,1,0
051_large_clamp,s1_complete_only_051_large_clamp_t5,complete_only,5,0.954849,0.032092,1.218759e-05,6.213196e-05,1793,0.021395,1.382041e-05,0.042790,1.435258e-05,3.638450e-01,311,1,0,1,1,0
051_large_clamp,s1_complete_only_051_large_clamp_t6,complete_only,0,0.965648,0.029973,0.000000e+00,0.000000e+00,555,0.019982,0.000000e+00,0.039963,5.227430e-07,0.000000e+00,143,1,0,1,1,0
051_large_clamp,s1_complete_only_051_large_clamp_t7,complete_only,0,0.974443,0.032242,3.394979e-05,1.364357e-04,1470,0.021495,2.010627e-05,0.042990,3.280312e-05,3.288529e-01,272,1,0,1,1,1
051_large_clamp,s1_complete_only_051_large_clamp_t9,complete_only,13,0.953914,0.031963,3.448334e-06,1.195622e-05,1117,0.021309,4.918940e-06,0.042617,7.882565e-06,0.000000e+00,167,1,0,1,1,1
011_banana,s1_complete_epi_011_banana_t0,complete_epi,1397,0.646843,0.032232,4.322134e-05,2.968694e-04,1799,0.021488,7.348285e-05,0.042976,3.944424e-05,1.045120e+00,497,1,0,1,1,0
011_banana,s1_complete_epi_011_banana_t1,complete_epi,957,0.815197,0.031774,9.320318e-05,4.057345e-04,1987,0.021182,1.889471e-04,0.042365,8.314246e-05,1.155498e+00,686,1,0,1,1,1
011_banana,s1_complete_epi_011_banana_t2,complete_epi,922,0.837068,0.032537,1.771187e-04,4.865930e-04,1951,0.021691,3.059923e-04,0.043383,9.712864e-05,7.396317e-01,542,1,0,1,1,1
011_banana,s1_complete_epi_011_banana_t3,complete_epi,1884,0.220933,0.031615,1.059353e-04,4.362014e-04,1874,0.021077,2.549437e-04,0.042154,9.209077e-05,1.263815e+00,576,1,0,1,1,1
011_banana,s1_complete_epi_011_banana_t4,complete_epi,1079,0.779157,0.032803,7.732388e-05,3.295445e-04,2801,0.021869,7.751974e-05,0.043737,1.055518e-04,7.870677e-01,534,1,0,1,1,0
011_banana,s1_complete_epi_011_banana_t5,complete_epi,1941,0.050418,0.031771,3.277108e-04,1.581866e-03,1864,0.021180,3.856692e-04,0.042361,2.482100e-04,2.161615e+00,925,1,0,1,1,1
011_banana,s1_complete_epi_011_banana_t6,complete_epi,1931,0.048781,0.032914,2.345914e-04,5.734233e-04,1429,0.021943,3.140688e-04,0.043886,1.313077e-04,1.488778e+00,471,1,0,1,1,0
011_banana,s1_complete_epi_011_banana_t7,complete_epi,343,0.918801,0.031941,3.378264e-05,8.017301e-05,2135,0.021294,3.070620e-05,0.042588,5.417507e-05,3.866673e-01,317,1,0,1,1,0
011_banana,s1_complete_epi_011_banana_t8,complete_epi,487,0.890258,0.031619,5.852055e-06,1.284995e-05,2666,0.021079,7.902108e-06,0.042159,7.395989e-06,2.765286e-01,410,1,0,1,1,0
011_banana,s1_complete_epi_011_banana_t9,complete_epi,1026,0.806177,0.032242,9.666145e-05,4.771336e-04,2347,0.021494,1.278177e-04,0.042989,1.098221e-04,8.055156e-01,480,1,0,1,1,1
025_mug,s1_hetero_only_025_mug_t0,hetero_only,27,0.920435,0.019955,3.478586e-06,5.576229e-06,631,0.013303,3.428547e-06,0.026607,3.250869e-06,2.558976e-01,164,1,0,1,1,1
025_mug,s1_hetero_only_025_mug_t1,hetero_only,59,0.938059,0.020663,1.487941e-06,2.713840e-06,723,0.013775,1.603207e-06,0.027551,1.457479e-06,1.722708e-01,185,1,0,1,1,1
025_mug,s1_hetero_only_025_mug_t2,hetero_only,0,0.968159,0.013831,3.349383e-06,7.083481e-06,1906,0.009221,3.562259e-06,0.018441,2.699380e-06,1.932537e+00,2370,1,0,1,1,0
025_mug,s1_hetero_only_025_mug_t3,hetero_only,62,0.921097,0.020288,8.089933e-06,3.504646e-05,842,0.013525,2.011347e-05,0.027050,6.325368e-06,4.165523e-01,251,1,0,1,1,1
025_mug,s1_hetero_only_025_mug_t5,hetero_only,19,0.861320,0.020344,2.107924e-06,5.829365e-06,315,0.013563,2.152736e-06,0.027125,1.831460e-06,2.257609e-01,228,1,0,1,1,0
025_mug,s1_hetero_only_025_mug_t6,hetero_only,65,0.930672,0.020565,2.728547e-06,3.682247e-06,1028,0.013710,2.876662e-06,0.027420,2.981903e-06,3.148426e-01,230,1,0,1,1,1
025_mug,s1_hetero_only_025_mug_t7,hetero_only,0,0.966844,0.025510,1.477992e-05,5.720306e-05,647,0.017007,1.476347e-05,0.034013,1.340312e-05,9.944162e-01,359,1,0,1,1,0
025_mug,s1_hetero_only_025_mug_t8,hetero_only,133,0.929879,0.024690,1.224608e-05,3.967409e-05,616,0.016460,2.609099e-05,0.032920,1.065891e-05,1.839974e-01,88,1,0,1,1,1
025_mug,s1_hetero_only_025_mug_t9,hetero_only,27,0.931422,0.020896,4.480332e-06,1.246734e-05,527,0.013930,5.782307e-06,0.027861,4.315391e-06,3.988697e-01,226,1,0,1,1,1
006_mustard_bottle,s1_hetero_patch_006_mustard_bottle_t0,hetero_patch,0,0.878861,0.031806,6.567796e-06,1.883976e-05,1216,0.021204,8.655063e-06,0.042408,6.256653e-06,1.617238e-01,201,1,0,1,1,0
006_mustard_bottle,s1_hetero_patch_006_mustard_bottle_t1,hetero_patch,0,0.880111,0.031741,6.419133e-06,1.316705e-05,1265,0.021160,7.629749e-06,0.042321,5.706550e-06,1.401337e-01,239,1,0,1,1,1
006_mustard_bottle,s1_hetero_patch_006_mustard_bottle_t2,hetero_patch,424,0.802886,0.031869,3.512055e-06,1.083950e-05,2568,0.021246,3.093751e-06,0.042492,4.510571e-06,3.335813e-02,349,1,0,1,1,1
006_mustard_bottle,s1_hetero_patch_006_mustard_bottle_t3,hetero_patch,11,0.844307,0.031839,5.650436e-06,1.334996e-05,1806,0.021226,6.623292e-06,0.042452,5.035238e-06,6.256672e-01,428,1,0,1,1,1
006_mustard_bottle,s1_hetero_patch_006_mustard_bottle_t4,hetero_patch,0,0.859100,0.032404,6.475480e-06,1.300457e-05,1632,0.021603,7.457499e-06,0.043206,5.807072e-06,5.290359e-01,415,1,0,1,1,1
006_mustard_bottle,s1_hetero_patch_006_mustard_bottle_t5,hetero_patch,0,0.879512,0.032230,5.830334e-06,1.467673e-05,1980,0.021486,4.572709e-06,0.042973,7.460645e-06,4.048822e-01,550,1,0,1,1,1
006_mustard_bottle,s1_hetero_patch_006_mustard_bottle_t6,hetero_patch,60,0.947085,0.016222,3.101783e-06,1.714837e-05,531,0.010815,1.272897e-06,0.021630,4.309706e-06,2.324991e-01,589,1,0,1,1,1
006_mustard_bottle,s1_hetero_patch_006_mustard_bottle_t7,hetero_patch,0,0.884495,0.031683,6.351535e-06,1.518556e-05,1615,0.021122,7.170417e-06,0.042244,6.379887e-06,3.035667e-01,345,1,0,1,1,1
006_mustard_bottle,s1_hetero_patch_006_mustard_bottle_t8,hetero_patch,1,0.964195,0.012985,2.515300e-06,7.948591e-06,1775,0.008657,1.683259e-06,0.017314,2.821889e-06,1.931858e+00,2995,1,0,1,1,1
006_mustard_bottle,s1_hetero_patch_006_mustard_bottle_t9,hetero_patch,221,0.811918,0.032433,1.049146e-05,2.593931e-05,1982,0.021622,9.164548e-06,0.043243,1.127625e-05,6.245047e-01,514,1,0,1,1,1
051_large_clamp,s1_hetero_patch_051_large_clamp_t0,hetero_patch,0,0.963084,0.029898,1.463049e-06,5.485232e-06,937,0.019932,1.264075e-07,0.039864,1.649954e-06,0.000000e+00,156,1,0,1,1,0
051_large_clamp,s1_hetero_patch_051_large_clamp_t1,hetero_patch,4,0.970402,0.032394,5.271265e-05,4.117363e-04,933,0.021596,2.238598e-04,0.043193,3.231068e-05,2.251385e-01,237,1,0,1,1,0
051_large_clamp,s1_hetero_patch_051_large_clamp_t2,hetero_patch,0,0.965348,0.029624,0.000000e+00,0.000000e+00,862,0.019749,0.000000e+00,0.039499,1.861718e-07,0.000000e+00,205,1,0,1,1,1
051_large_clamp,s1_hetero_patch_051_large_clamp_t3,hetero_patch,120,0.928750,0.031370,0.000000e+00,0.000000e+00,626,0.020913,0.000000e+00,0.041826,8.045125e-07,0.000000e+00,140,1,0,1,1,0
051_large_clamp,s1_hetero_patch_051_large_clamp_t4,hetero_patch,19,0.945117,0.031998,6.912609e-06,2.077296e-05,1990,0.021332,8.078519e-06,0.042664,8.020936e-06,3.768449e-02,158,1,0,1,1,1
051_large_clamp,s1_hetero_patch_051_large_clamp_t5,hetero_patch,0,0.964602,0.032504,3.168338e-06,1.433565e-05,2204,0.021669,3.767583e-06,0.043339,4.062849e-06,4.647270e-01,388,1,0,1,1,1
051_large_clamp,s1_hetero_patch_051_large_clamp_t6,hetero_patch,11,0.959560,0.029928,9.749442e-07,2.467632e-06,811,0.019952,0.000000e+00,0.039905,9.645443e-07,0.000000e+00,139,1,0,1,1,0
051_large_clamp,s1_hetero_patch_051_large_clamp_t7,hetero_patch,0,0.975017,0.032430,7.947560e-05,5.715539e-04,673,0.021620,2.561209e-04,0.043240,1.219958e-05,2.445421e-01,234,1,0,1,1,1
051_large_clamp,s1_hetero_patch_051_large_clamp_t8,hetero_patch,238,0.927458,0.024778,1.188879e-06,2.866265e-06,2536,0.016519,1.724055e-06,0.033037,1.062957e-06,3.770374e-01,634,1,0,1,1,0
051_large_clamp,s1_hetero_patch_051_large_clamp_t9,hetero_patch,0,0.963650,0.032000,1.309266e-06,0.000000e+00,838,0.021333,2.251315e-07,0.042667,2.178584e-06,0.000000e+00,164,1,0,1,1,1
011_banana,s2_complete_only_011_banana_t0,complete_only,1531,0.605433,0.032968,1.014820e-04,1.626474e-04,2523,0.021979,1.264350e-04,0.043957,9.250572e-05,7.662606e-01,677,1,0,1,1,0
011_banana,s2_complete_only_011_banana_t1,complete_only,1446,0.660739,0.032057,7.685330e-05,3.116061e-04,1657,0.021371,1.576611e-04,0.042742,3.842721e-05,7.360489e-01,543,1,0,1,1,1
011_banana,s2_complete_only_011_banana_t2,complete_only,727,0.847526,0.032131,1.082556e-03,3.321109e-03,1795,0.021421,1.472725e-03,0.042842,4.508281e-04,1.597761e+00,379,1,0,1,1,0
011_banana,s2_complete_only_011_banana_t3,complete_only,1309,0.657819,0.031825,1.015084e-04,5.259228e-04,2711,0.021217,9.840639e-05,0.042434,1.067869e-04,9.413775e-01,512,1,0,1,1,0
011_banana,s2_complete_only_011_banana_t4,complete_only,1594,0.569137,0.031802,1.888826e-05,4.606193e-05,1425,0.021201,2.262252e-05,0.042403,1.753201e-05,1.695757e-01,208,1,0,1,1,0
011_banana,s2_complete_only_011_banana_t5,complete_only,1498,0.610886,0.031588,3.366050e-04,2.301663e-03,1788,0.021059,2.223587e-03,0.042117,2.755649e-04,9.406076e-01,616,1,0,1,1,1
011_banana,s2_complete_only_011_banana_t6,complete_only,263,0.911657,0.032111,2.469734e-05,9.260065e-05,3381,0.021407,1.169568e-04,0.042815,1.649935e-05,1.694571e+00,1080,1,0,1,1,0
011_banana,s2_complete_only_011_banana_t7,complete_only,1181,0.704839,0.032035,7.105774e-05,2.304702e-04,2662,0.021357,7.573054e-05,0.042714,9.921983e-05,1.906384e+00,1102,1,0,1,1,0
011_banana,s2_complete_only_011_banana_t8,complete_only,1605,0.565558,0.031522,4.089674e-05,1.705156e-04,1511,0.021015,7.350806e-05,0.042030,3.060162e-05,7.898121e-01,542,1,0,1,1,1
011_banana,s2_complete_only_011_banana_t9,complete_only,1103,0.787926,0.031823,7.758746e-05,1.441446e-04,2245,0.021216,8.067303e-05,0.042431,5.368844e-05,1.020952e+00,750,1,0,1,1,1
025_mug,s2_complete_epi_025_mug_t0,complete_epi,75,0.919478,0.020731,1.070098e-05,2.434878e-05,471,0.013821,1.358366e-05,0.027641,1.059368e-05,2.755803e-01,131,1,0,1,1,1
025_mug,s2_complete_epi_025_mug_t1,complete_epi,90,0.925262,0.019858,1.101906e-05,3.135685e-05,425,0.013239,1.233965e-05,0.026477,1.468409e-05,3.231761e-01,140,1,0,1,1,1
025_mug,s2_complete_epi_025_mug_t2,complete_epi,61,0.867043,0.020323,0.000000e+00,0.000000e+00,116,0.013549,0.000000e+00,0.027097,0.000000e+00,0.000000e+00,38,1,0,1,1,1
025_mug,s2_complete_epi_025_mug_t3,complete_epi,18,0.939460,0.022605,2.355096e-05,8.917580e-05,430,0.015070,3.260882e-05,0.030139,1.887877e-05,2.127409e-01,98,1,0,1,1,1
025_mug,s2_complete_epi_025_mug_t4,complete_epi,61,0.937105,0.021420,1.828952e-05,5.466894e-05,586,0.014280,2.198660e-05,0.028560,2.066179e-05,4.044204e-01,147,1,0,1,1,1
025_mug,s2_complete_epi_025_mug_t5,complete_epi,137,0.912471,0.020435,5.566129e-06,1.787336e-05,590,0.013623,8.708094e-06,0.027246,5.014984e-06,2.866888e-01,202,1,0,1,1,1
025_mug,s2_complete_epi_025_mug_t6,complete_epi,58,0.920093,0.024369,6.085288e-06,3.277533e-05,619,0.016246,5.955029e-06,0.032491,6.754391e-06,2.317529e-01,145,1,0,1,1,1
025_mug,s2_complete_epi_025_mug_t7,complete_epi,89,0.892314,0.020750,2.641042e-06,5.824235e-06,911,0.013833,2.345879e-06,0.027667,2.737735e-06,2.350424e-01,195,1,0,1,1,1
025_mug,s2_complete_epi_025_mug_t8,complete_epi,94,0.915163,0.020364,7.480088e-06,1.919435e-05,489,0.013576,9.492100e-06,0.027152,9.269118e-06,1.912812e-01,156,1,0,1,1,1
025_mug,s2_complete_epi_025_mug_t9,complete_epi,32,0.949376,0.021151,1.049632e-06,1.950282e-06,635,0.014101,1.159778e-06,0.028202,1.098927e-06,2.085346e-01,243,1,0,1,1,1
006_mustard_bottle,s2_hetero_only_006_mustard_bottle_t0,hetero_only,0,0.909001,0.032013,4.382202e-06,1.395587e-05,2114,0.021342,3.035658e-06,0.042684,4.984475e-06,5.531904e-01,713,1,0,1,1,1
006_mustard_bottle,s2_hetero_only_006_mustard_bottle_t1,hetero_only,32,0.876863,0.031185,1.101557e-05,2.369989e-05,1466,0.020790,1.064332e-05,0.041580,1.074849e-05,6.148044e-01,288,1,0,1,1,1
006_mustard_bottle,s2_hetero_only_006_mustard_bottle_t2,hetero_only,6,0.893065,0.029957,8.323565e-06,1.817866e-05,1497,0.019971,8.077426e-06,0.039943,7.706173e-06,3.842512e-01,272,1,0,1,1,1
006_mustard_bottle,s2_hetero_only_006_mustard_bottle_t3,hetero_only,835,0.815942,0.050582,3.404347e-04,8.400316e-04,976,0.033721,3.229656e-04,0.067442,3.238522e-04,1.565223e+00,112,1,0,1,1,0
006_mustard_bottle,s2_hetero_only_006_mustard_bottle_t4,hetero_only,6,0.923216,0.031401,1.313589e-05,2.827764e-05,1571,0.020934,1.336823e-05,0.041867,1.181132e-05,6.130970e-01,266,1,0,1,1,1
006_mustard_bottle,s2_hetero_only_006_mustard_bottle_t5,hetero_only,335,0.781626,0.031977,1.059948e-05,3.425089e-05,1915,0.021318,7.215480e-06,0.042635,1.190727e-05,9.206632e-01,740,1,0,1,1,1
006_mustard_bottle,s2_hetero_only_006_mustard_bottle_t8,hetero_only,51,0.843499,0.032353,7.098660e-06,2.219868e-05,1809,0.021569,5.534552e-06,0.043137,6.692023e-06,3.985929e-01,449,1,0,1,1,1
006_mustard_bottle,s2_hetero_only_006_mustard_bottle_t9,hetero_only,3,0.916549,0.030746,3.132610e-06,1.088534e-05,1973,0.020497,2.280476e-06,0.040995,4.387865e-06,6.777788e-01,785,1,0,1,1,1
051_large_clamp,s2_hetero_only_051_large_clamp_t0,hetero_only,0,0.960154,0.030638,2.360581e-07,1.979782e-06,929,0.020425,0.000000e+00,0.040851,1.595468e-07,0.000000e+00,217,1,0,1,1,0
051_large_clamp,s2_hetero_only_051_large_clamp_t1,hetero_only,0,0.967311,0.028789,0.000000e+00,0.000000e+00,674,0.019192,0.000000e+00,0.038385,0.000000e+00,0.000000e+00,173,1,0,1,1,1
051_large_clamp,s2_hetero_only_051_large_clamp_t2,hetero_only,0,0.959191,0.037124,2.285531e-06,1.208879e-05,1963,0.024750,1.620565e-06,0.049499,3.261665e-06,1.172946e-01,273,1,0,1,1,1
051_large_clamp,s2_hetero_only_051_large_clamp_t3,hetero_only,15,0.948078,0.031879,2.276450e-06,8.814573e-06,829,0.021253,1.980643e-06,0.042506,3.642693e-06,0.000000e+00,152,1,0,1,1,1
051_large_clamp,s2_hetero_only_051_large_clamp_t5,hetero_only,2,0.958461,0.031818,0.000000e+00,0.000000e+00,726,0.021212,0.000000e+00,0.042424,1.531251e-06,0.000000e+00,161,1,0,1,1,1
051_large_clamp,s2_hetero_only_051_large_clamp_t6,hetero_only,9,0.956929,0.030870,7.194775e-06,3.720360e-05,3409,0.020580,1.154990e-05,0.041160,6.782955e-06,7.736813e-01,614,1,0,1,1,1
051_large_clamp,s2_hetero_only_051_large_clamp_t7,hetero_only,32,0.950452,0.030828,2.448521e-06,8.762112e-06,1944,0.020552,2.368801e-06,0.041104,2.590085e-06,4.372626e-01,439,1,0,1,1,1
051_large_clamp,s2_hetero_only_051_large_clamp_t8,hetero_only,0,0.971159,0.029344,0.000000e+00,0.000000e+00,720,0.019563,0.000000e+00,0.039126,0.000000e+00,0.000000e+00,173,1,0,1,1,0
051_large_clamp,s2_hetero_only_051_large_clamp_t9,hetero_only,0,0.947275,0.030783,1.631226e-07,1.724785e-06,1153,0.020522,0.000000e+00,0.041044,1.526031e-07,0.000000e+00,228,1,0,1,1,1
011_banana,s2_hetero_patch_011_banana_t0,hetero_patch,1591,0.578436,0.032968,1.905986e-05,8.261869e-05,2659,0.021979,3.356648e-05,0.043957,1.389711e-05,1.414119e+00,1035,1,0,1,1,1
011_banana,s2_hetero_patch_011_banana_t1,hetero_patch,1237,0.775097,0.031990,5.636686e-06,1.904125e-05,1709,0.021327,9.823780e-06,0.042653,5.850155e-06,1.909063e-01,302,1,0,1,1,0
011_banana,s2_hetero_patch_011_banana_t2,hetero_patch,1149,0.737342,0.032204,1.563331e-05,4.934384e-05,2255,0.021469,2.269015e-05,0.042939,9.481201e-06,1.233034e+00,891,1,0,1,1,1
011_banana,s2_hetero_patch_011_banana_t3,hetero_patch,1274,0.711456,0.032836,7.896699e-06,4.516640e-05,2459,0.021891,7.454084e-06,0.043781,9.418149e-06,3.601979e-01,328,1,0,1,1,0
011_banana,s2_hetero_patch_011_banana_t4,hetero_patch,1576,0.599047,0.031629,2.217599e-05,6.235933e-05,1404,0.021086,3.177551e-05,0.042172,1.034205e-05,3.004346e-01,383,1,0,1,1,1
011_banana,s2_hetero_patch_011_banana_t5,hetero_patch,1744,0.415397,0.031588,3.582835e-05,1.842640e-04,1669,0.021059,1.889855e-04,0.042117,3.917721e-05,5.065566e-01,239,1,0,1,1,1
011_banana,s2_hetero_patch_011_banana_t6,hetero_patch,558,0.847532,0.032362,7.562998e-06,2.238893e-05,3643,0.021575,1.478804e-05,0.043150,5.953632e-06,2.455230e+00,1662,1,0,1,1,1
011_banana,s2_hetero_patch_011_banana_t7,hetero_patch,1622,0.531511,0.031938,6.614413e-06,2.464338e-05,3035,0.021292,6.471224e-06,0.042584,6.832234e-06,7.256036e-01,572,1,0,1,1,1
011_banana,s2_hetero_patch_011_banana_t8,hetero_patch,1511,0.609307,0.031519,2.689152e-05,1.025751e-04,998,0.021012,1.045211e-04,0.042025,1.889897e-05,3.068634e-01,344,1,0,1,1,0
011_banana,s2_hetero_patch_011_banana_t9,hetero_patch,1410,0.643658,0.031823,1.933017e-05,8.380180e-05,2190,0.021215,3.625741e-05,0.042431,1.271408e-05,1.001929e+00,817,1,0,1,1,1
035_power_drill,s0_complete_only_035_power_drill_t0,complete_only,373,0.874931,0.041577,7.329137e-07,0.000000e+00,503,0.027718,0.000000e+00,0.055436,8.792739e-06,0.000000e+00,144,1,0,1,1,1
035_power_drill,s0_complete_only_035_power_drill_t2,complete_only,559,0.815139,0.043450,0.000000e+00,0.000000e+00,476,0.028967,0.000000e+00,0.057934,4.721586e-05,0.000000e+00,82,1,0,1,1,0
035_power_drill,s0_complete_only_035_power_drill_t3,complete_only,325,0.880393,0.040303,1.219924e-06,9.535904e-06,540,0.026869,0.000000e+00,0.053738,1.540829e-06,0.000000e+00,121,1,0,1,1,0
035_power_drill,s0_complete_only_035_power_drill_t4,complete_only,236,0.871079,0.041741,0.000000e+00,0.000000e+00,615,0.027827,0.000000e+00,0.055655,3.225594e-07,0.000000e+00,159,1,0,1,1,0
035_power_drill,s0_complete_only_035_power_drill_t5,complete_only,275,0.870696,0.043728,5.455953e-05,5.819889e-05,1108,0.029152,2.297363e-05,0.058304,9.003111e-05,0.000000e+00,160,1,0,1,1,1
035_power_drill,s0_complete_only_035_power_drill_t6,complete_only,354,0.875695,0.038426,1.937591e-06,7.198064e-06,827,0.025617,2.025848e-06,0.051234,3.815312e-06,0.000000e+00,131,1,0,1,1,1
035_power_drill,s0_complete_only_035_power_drill_t8,complete_only,231,0.872353,0.048660,0.000000e+00,0.000000e+00,756,0.032440,0.000000e+00,0.064880,1.196458e-05,0.000000e+00,112,1,0,1,1,0
021_bleach_cleanser,s0_complete_epi_021_bleach_cleanser_t0,complete_epi,249,0.871196,0.039125,2.153577e-05,2.122590e-04,1109,0.026083,2.964945e-06,0.052167,3.001338e-05,0.000000e+00,70,1,0,1,1,1
021_bleach_cleanser,s0_complete_epi_021_bleach_cleanser_t1,complete_epi,11,0.933849,0.039435,4.646223e-05,3.216054e-04,997,0.026290,5.653655e-05,0.052580,3.223630e-05,0.000000e+00,90,1,0,1,1,0
021_bleach_cleanser,s0_complete_epi_021_bleach_cleanser_t2,complete_epi,224,0.935736,0.031063,1.562204e-06,0.000000e+00,663,0.020709,0.000000e+00,0.041418,5.187322e-06,0.000000e+00,181,1,0,1,1,0
021_bleach_cleanser,s0_complete_epi_021_bleach_cleanser_t3,complete_epi,26,0.934628,0.039549,9.281607e-05,5.415281e-04,1018,0.026366,4.740890e-05,0.052733,8.583175e-05,2.483076e-02,78,1,0,1,1,1
021_bleach_cleanser,s0_complete_epi_021_bleach_cleanser_t5,complete_epi,77,0.909565,0.039957,1.027717e-05,2.550657e-05,1384,0.026638,9.353409e-06,0.053276,8.339616e-06,1.030033e-01,147,1,0,1,1,1
021_bleach_cleanser,s0_complete_epi_021_bleach_cleanser_t6,complete_epi,294,0.879577,0.039857,1.270668e-04,5.205090e-04,931,0.026571,1.088325e-04,0.053142,8.900452e-05,7.335978e-02,150,1,0,1,1,1
021_bleach_cleanser,s0_complete_epi_021_bleach_cleanser_t8,complete_epi,551,0.831356,0.038848,4.912671e-05,2.064987e-04,1227,0.025899,6.749407e-05,0.051797,3.998594e-05,9.294833e-02,136,1,0,1,1,1
005_tomato_soup_can,s0_hetero_only_005_tomato_soup_can_t0,hetero_only,35,0.862686,0.019010,5.811832e-07,2.496053e-06,407,0.012673,2.327221e-07,0.025346,7.703331e-07,2.352368e-01,607,1,0,1,1,1
005_tomato_soup_can,s0_hetero_only_005_tomato_soup_can_t1,hetero_only,35,0.868269,0.019029,8.708903e-07,1.932658e-06,585,0.012686,8.319797e-07,0.025372,8.807724e-07,3.342261e-01,729,1,0,1,1,1
005_tomato_soup_can,s0_hetero_only_005_tomato_soup_can_t3,hetero_only,31,0.886897,0.019058,1.930310e-06,2.663804e-06,388,0.012706,2.065713e-06,0.025411,1.612865e-06,3.151001e-01,656,1,0,1,1,1
005_tomato_soup_can,s0_hetero_only_005_tomato_soup_can_t4,hetero_only,43,0.884260,0.018778,5.986017e-07,1.621316e-06,493,0.012519,7.091801e-07,0.025037,6.718312e-07,3.275819e-01,732,1,0,1,1,1
005_tomato_soup_can,s0_hetero_only_005_tomato_soup_can_t5,hetero_only,35,0.860827,0.019042,8.743491e-07,1.619266e-06,657,0.012695,8.797366e-07,0.025390,9.131688e-07,5.346957e-01,923,1,0,1,1,1
005_tomato_soup_can,s0_hetero_only_005_tomato_soup_can_t6,hetero_only,130,0.853675,0.019195,6.891532e-07,1.679617e-06,465,0.012797,4.234730e-07,0.025593,7.891066e-07,2.548723e-01,633,1,0,1,1,1
005_tomato_soup_can,s0_hetero_only_005_tomato_soup_can_t7,hetero_only,26,0.887920,0.018862,5.322620e-07,1.633172e-06,410,0.012574,3.302892e-07,0.025149,7.483451e-07,2.197626e-01,611,1,0,1,1,1
005_tomato_soup_can,s0_hetero_only_005_tomato_soup_can_t8,hetero_only,25,0.877876,0.018823,9.287582e-07,1.858924e-06,646,0.012549,8.945394e-07,0.025097,9.634979e-07,4.851523e-01,870,1,0,1,1,1
005_tomato_soup_can,s0_hetero_only_005_tomato_soup_can_t9,hetero_only,86,0.853958,0.019189,7.069042e-07,1.836659e-06,661,0.012793,5.866257e-07,0.025586,7.866130e-07,2.842122e-01,715,1,0,1,1,1
061_foam_brick,s0_hetero_only_061_foam_brick_t0,hetero_only,551,0.893557,0.016189,2.523327e-05,6.612278e-05,699,0.010793,4.432568e-05,0.021586,1.450802e-05,1.187465e+00,1293,1,0,1,1,1
061_foam_brick,s0_hetero_only_061_foam_brick_t1,hetero_only,32,0.959657,0.016538,1.570393e-06,1.267364e-05,476,0.011025,5.900642e-06,0.022051,1.333563e-06,1.103278e+00,1402,1,0,1,1,0
061_foam_brick,s0_hetero_only_061_foam_brick_t2,hetero_only,1057,0.794303,0.016730,4.134203e-05,7.604185e-05,243,0.011154,3.982890e-05,0.022307,1.768400e-05,1.040303e+00,1281,1,0,1,1,1
061_foam_brick,s0_hetero_only_061_foam_brick_t3,hetero_only,1375,0.587457,0.017006,4.685562e-06,2.388170e-05,1037,0.011338,4.003449e-06,0.022675,6.132555e-06,1.044883e+00,1121,1,0,1,1,1
061_foam_brick,s0_hetero_only_061_foam_brick_t4,hetero_only,118,0.968567,0.017063,8.613095e-05,1.801986e-04,575,0.011376,1.218523e-04,0.022751,5.876931e-05,6.847290e-01,958,1,0,1,1,1
061_foam_brick,s0_hetero_only_061_foam_brick_t5,hetero_only,939,0.845392,0.016741,7.736163e-05,1.630659e-04,364,0.011160,8.693162e-05,0.022321,5.450964e-05,9.273979e-01,980,1,0,1,1,1
061_foam_brick,s0_hetero_only_061_foam_brick_t6,hetero_only,3,0.952622,0.016892,3.292254e-06,1.385452e-05,598,0.011261,2.126659e-06,0.022522,4.063192e-06,7.506802e-01,870,1,0,1,1,1
061_foam_brick,s0_hetero_only_061_foam_brick_t7,hetero_only,493,0.914916,0.017219,8.521289e-07,1.432693e-06,1253,0.011479,5.275646e-07,0.022959,1.023891e-06,1.276238e+00,1801,1,0,1,1,1
061_foam_brick,s0_hetero_only_061_foam_brick_t8,hetero_only,389,0.912767,0.016985,1.248384e-06,3.542710e-06,895,0.011324,1.133920e-06,0.022647,1.642611e-06,1.101890e+00,1452,1,0,1,1,1
061_foam_brick,s0_hetero_only_061_foam_brick_t9,hetero_only,16,0.958478,0.016727,1.505121e-06,2.786262e-06,665,0.011151,1.193640e-06,0.022303,1.946479e-06,9.128403e-01,1102,1,0,1,1,1
035_power_drill,s0_hetero_patch_035_power_drill_t0,hetero_patch,349,0.876019,0.041577,1.265672e-06,0.000000e+00,543,0.027718,0.000000e+00,0.055436,4.347092e-06,0.000000e+00,111,1,0,1,1,0
035_power_drill,s0_hetero_patch_035_power_drill_t1,hetero_patch,246,0.845568,0.039048,5.785955e-06,1.617922e-05,1393,0.026032,5.354578e-06,0.052064,5.288702e-06,5.681438e-01,447,1,0,1,1,1
035_power_drill,s0_hetero_patch_035_power_drill_t3,hetero_patch,439,0.869919,0.041173,3.518862e-08,0.000000e+00,588,0.027448,0.000000e+00,0.054897,2.446119e-06,0.000000e+00,100,1,0,1,1,0
035_power_drill,s0_hetero_patch_035_power_drill_t4,hetero_patch,94,0.908511,0.040848,1.010885e-06,4.681399e-06,876,0.027232,1.022237e-06,0.054464,1.663365e-06,0.000000e+00,170,1,0,1,1,1
035_power_drill,s0_hetero_patch_035_power_drill_t5,hetero_patch,610,0.820030,0.043881,1.309614e-05,5.326412e-05,1230,0.029254,1.007791e-05,0.058508,1.389339e-05,7.004045e-02,175,1,0,1,1,0
035_power_drill,s0_hetero_patch_035_power_drill_t6,hetero_patch,117,0.896815,0.039427,2.161283e-06,5.316299e-06,1224,0.026285,2.393237e-06,0.052569,2.367652e-06,1.475824e-01,225,1,0,1,1,1
035_power_drill,s0_hetero_patch_035_power_drill_t8,hetero_patch,323,0.861937,0.048660,3.410170e-06,3.927428e-06,882,0.032440,0.000000e+00,0.064880,9.556859e-06,0.000000e+00,128,1,0,1,1,1
035_power_drill,s0_hetero_patch_035_power_drill_t9,hetero_patch,274,0.872543,0.047241,4.888797e-06,1.059067e-05,2158,0.031494,2.546528e-06,0.062988,9.895640e-06,0.000000e+00,323,1,0,1,1,0
021_bleach_cleanser,s1_complete_only_021_bleach_cleanser_t0,complete_only,32,0.924520,0.038889,1.168488e-04,6.287317e-04,550,0.025926,8.976012e-05,0.051852,9.190675e-05,1.066286e-01,107,1,0,1,1,1
021_bleach_cleanser,s1_complete_only_021_bleach_cleanser_t1,complete_only,66,0.909909,0.039484,2.115744e-05,6.292824e-05,1373,0.026323,2.185679e-05,0.052646,1.618702e-05,1.799913e-01,162,1,0,1,1,1
021_bleach_cleanser,s1_complete_only_021_bleach_cleanser_t2,complete_only,349,0.931828,0.013520,1.269561e-06,7.323649e-06,1343,0.009014,1.123283e-06,0.018027,1.233734e-06,3.072914e-01,642,1,0,1,1,0
021_bleach_cleanser,s1_complete_only_021_bleach_cleanser_t3,complete_only,574,0.843341,0.039792,1.005612e-04,3.545019e-04,1353,0.026528,1.581820e-04,0.053055,6.657555e-05,3.219518e-01,145,1,0,1,1,0
021_bleach_cleanser,s1_complete_only_021_bleach_cleanser_t4,complete_only,497,0.858522,0.039738,3.295195e-05,1.440825e-04,966,0.026492,5.962857e-05,0.052984,2.781979e-05,9.007267e-02,130,1,0,1,1,1
021_bleach_cleanser,s1_complete_only_021_bleach_cleanser_t5,complete_only,49,0.919949,0.026848,1.426994e-05,2.113078e-05,2188,0.017899,6.578804e-06,0.035798,2.270883e-05,6.126338e-01,467,1,0,1,1,0
021_bleach_cleanser,s1_complete_only_021_bleach_cleanser_t6,complete_only,415,0.841448,0.039529,1.731584e-05,1.581142e-04,671,0.026353,4.179259e-06,0.052706,3.738938e-05,0.000000e+00,98,1,0,1,1,1
021_bleach_cleanser,s1_complete_only_021_bleach_cleanser_t7,complete_only,285,0.890504,0.039876,1.402646e-05,6.759679e-05,990,0.026584,1.347709e-05,0.053168,1.529193e-05,2.555166e-02,75,1,0,1,1,0
021_bleach_cleanser,s1_complete_only_021_bleach_cleanser_t8,complete_only,66,0.908295,0.040399,1.150358e-05,9.918821e-05,1133,0.026933,1.370979e-05,0.053865,1.190215e-05,0.000000e+00,153,1,0,1,1,1
021_bleach_cleanser,s1_complete_only_021_bleach_cleanser_t9,complete_only,223,0.891453,0.040201,7.175637e-05,4.698319e-04,536,0.026801,7.188784e-05,0.053602,6.705988e-05,9.790163e-03,58,1,0,1,1,0
005_tomato_soup_can,s1_complete_epi_005_tomato_soup_can_t0,complete_epi,54,0.874642,0.019058,7.330588e-07,1.579314e-06,729,0.012706,6.858150e-07,0.025411,7.426310e-07,3.081937e-01,745,1,0,1,1,1
005_tomato_soup_can,s1_complete_epi_005_tomato_soup_can_t1,complete_epi,43,0.867872,0.019091,7.240963e-07,1.451730e-06,720,0.012728,7.006697e-07,0.025455,7.382824e-07,3.331711e-01,774,1,0,1,1,1
005_tomato_soup_can,s1_complete_epi_005_tomato_soup_can_t2,complete_epi,42,0.881344,0.018682,5.923541e-07,1.959770e-06,468,0.012454,6.711392e-07,0.024909,5.582829e-07,2.985946e-01,731,1,0,1,1,1
005_tomato_soup_can,s1_complete_epi_005_tomato_soup_can_t3,complete_epi,114,0.853623,0.018834,7.674079e-07,1.570204e-06,789,0.012556,7.058970e-07,0.025112,8.175652e-07,4.095639e-01,837,1,0,1,1,1
005_tomato_soup_can,s1_complete_epi_005_tomato_soup_can_t4,complete_epi,11,0.893823,0.019132,7.117404e-07,1.659593e-06,587,0.012755,6.726464e-07,0.025509,7.170757e-07,3.256213e-01,773,1,0,1,1,1
005_tomato_soup_can,s1_complete_epi_005_tomato_soup_can_t5,complete_epi,17,0.890833,0.019019,7.471408e-07,1.882752e-06,605,0.012679,7.001870e-07,0.025358,7.205892e-07,3.792890e-01,797,1,0,1,1,1
005_tomato_soup_can,s1_complete_epi_005_tomato_soup_can_t6,complete_epi,419,0.818134,0.029550,3.285116e-03,8.348046e-03,2100,0.019700,3.743571e-03,0.039400,3.230499e-03,2.253996e+01,332,1,0,1,1,0
005_tomato_soup_can,s1_complete_epi_005_tomato_soup_can_t7,complete_epi,44,0.871912,0.019117,7.835306e-07,1.616104e-06,683,0.012745,7.525020e-07,0.025489,8.082298e-07,3.722251e-01,772,1,0,1,1,1
005_tomato_soup_can,s1_complete_epi_005_tomato_soup_can_t8,complete_epi,1466,0.428685,0.036710,2.310617e-05,1.209005e-04,4267,0.024473,1.642029e-05,0.048946,3.617489e-05,5.308832e+00,2161,1,0,1,1,0
005_tomato_soup_can,s1_complete_epi_005_tomato_soup_can_t9,complete_epi,67,0.866235,0.018803,5.709469e-07,1.575570e-06,434,0.012535,3.232734e-07,0.025070,6.581017e-07,2.801729e-01,670,1,0,1,1,1
061_foam_brick,s1_complete_epi_061_foam_brick_t0,complete_epi,953,0.846198,0.016198,2.177426e-06,8.443120e-06,767,0.010799,1.943598e-06,0.021597,3.088456e-06,7.253121e-01,973,1,0,1,1,1
061_foam_brick,s1_complete_epi_061_foam_brick_t1,complete_epi,1200,0.733932,0.017258,2.713314e-04,9.677169e-04,366,0.011506,3.262515e-04,0.023011,2.162872e-04,1.124102e+00,1267,1,0,1,1,1
061_foam_brick,s1_complete_epi_061_foam_brick_t2,complete_epi,854,0.869189,0.017202,6.389417e-07,1.378732e-06,1613,0.011468,6.220687e-07,0.022936,5.972102e-07,1.276113e+00,1900,1,0,1,1,1
061_foam_brick,s1_complete_epi_061_foam_brick_t3,complete_epi,365,0.920640,0.017377,7.035675e-07,1.889442e-06,1551,0.011585,6.780809e-07,0.023169,2.656888e-06,1.708341e+00,2227,1,0,1,1,0
061_foam_brick,s1_complete_epi_061_foam_brick_t4,complete_epi,1218,0.681735,0.016644,4.091644e-06,1.673965e-05,830,0.011096,4.167256e-06,0.022192,5.603633e-06,1.193595e+00,1148,1,0,1,1,1
061_foam_brick,s1_complete_epi_061_foam_brick_t5,complete_epi,0,0.978045,0.016436,1.561711e-06,4.903365e-06,573,0.010958,1.772243e-06,0.021915,1.054006e-05,1.191216e+00,1022,1,0,1,1,1
061_foam_brick,s1_complete_epi_061_foam_brick_t6,complete_epi,1112,0.680145,0.017337,3.881566e-06,2.084915e-05,1733,0.011558,2.964568e-06,0.023116,5.403447e-06,2.440471e+00,1714,1,0,1,1,0
061_foam_brick,s1_complete_epi_061_foam_brick_t7,complete_epi,1090,0.775812,0.017402,4.182106e-06,1.920989e-05,627,0.011601,4.120445e-06,0.023202,6.038856e-06,1.349352e+00,907,1,0,1,1,1
061_foam_brick,s1_complete_epi_061_foam_brick_t8,complete_epi,232,0.930366,0.016903,3.710095e-07,6.922680e-07,886,0.011269,3.386008e-07,0.022537,4.481150e-07,8.509163e-01,1498,1,0,1,1,1
061_foam_brick,s1_complete_epi_061_foam_brick_t9,complete_epi,352,0.916229,0.016200,5.206932e-06,2.065909e-06,1011,0.010800,8.929419e-07,0.021600,1.792390e-05,1.147452e+00,1075,1,0,1,1,1
035_power_drill,s1_hetero_only_035_power_drill_t0,hetero_only,797,0.759526,0.041747,9.877004e-07,6.109563e-06,714,0.027831,0.000000e+00,0.055663,1.548707e-06,0.000000e+00,160,1,0,1,1,1
035_power_drill,s1_hetero_only_035_power_drill_t1,hetero_only,145,0.865226,0.043280,1.437506e-07,0.000000e+00,416,0.028853,0.000000e+00,0.057706,7.109986e-06,0.000000e+00,57,1,0,1,1,0
035_power_drill,s1_hetero_only_035_power_drill_t2,hetero_only,463,0.892818,0.020075,5.538682e-06,2.638242e-05,1331,0.013384,6.376191e-06,0.026767,5.103502e-06,1.668512e+00,1749,1,0,1,1,0
035_power_drill,s1_hetero_only_035_power_drill_t3,hetero_only,57,0.915342,0.049372,5.627487e-05,3.280739e-04,870,0.032915,8.296133e-05,0.065829,6.200480e-05,1.828660e-01,133,1,0,1,1,1
035_power_drill,s1_hetero_only_035_power_drill_t4,hetero_only,157,0.863651,0.043389,1.192738e-05,1.732748e-05,719,0.028926,1.385085e-06,0.057852,2.307069e-05,0.000000e+00,124,1,0,1,1,1
035_power_drill,s1_hetero_only_035_power_drill_t5,hetero_only,736,0.768185,0.041864,6.559591e-05,1.390017e-04,945,0.027909,1.546332e-04,0.055819,4.804670e-05,3.975141e-01,251,1,0,1,1,0
035_power_drill,s1_hetero_only_035_power_drill_t6,hetero_only,180,0.903736,0.042805,7.704464e-05,3.561891e-04,794,0.028537,1.825166e-04,0.057074,5.758802e-05,5.076762e-01,185,1,0,1,1,1
035_power_drill,s1_hetero_only_035_power_drill_t7,hetero_only,438,0.846340,0.043778,3.381364e-05,1.758206e-04,961,0.029185,3.234274e-05,0.058371,3.345780e-05,1.777906e-01,184,1,0,1,1,1
035_power_drill,s1_hetero_only_035_power_drill_t8,hetero_only,12,0.972899,0.024002,1.130305e-05,5.173344e-05,4333,0.016001,8.147389e-05,0.032002,8.313817e-06,1.954681e+00,2288,1,0,1,1,0
035_power_drill,s1_hetero_only_035_power_drill_t9,hetero_only,0,0.963275,0.018253,5.061360e-05,1.432863e-04,1117,0.012169,8.813056e-05,0.024338,3.650493e-05,2.293393e+00,2185,1,0,1,1,1
021_bleach_cleanser,s1_hetero_patch_021_bleach_cleanser_t0,hetero_patch,20,0.930642,0.038889,1.145278e-05,6.613697e-05,853,0.025926,1.076653e-05,0.051852,1.370770e-05,0.000000e+00,92,1,0,1,1,1
021_bleach_cleanser,s1_hetero_patch_021_bleach_cleanser_t1,hetero_patch,0,0.878980,0.007846,8.467133e-07,3.768407e-06,3252,0.005230,8.526300e-07,0.010461,7.125251e-07,2.764889e+00,4842,0,0,1,1,
021_bleach_cleanser,s1_hetero_patch_021_bleach_cleanser_t2,hetero_patch,85,0.929642,0.039220,1.176782e-05,7.330957e-05,1342,0.026147,1.712735e-05,0.052293,9.155738e-06,1.067055e-01,162,1,0,1,1,1
021_bleach_cleanser,s1_hetero_patch_021_bleach_cleanser_t3,hetero_patch,777,0.835111,0.039561,3.573294e-05,1.516900e-04,1412,0.026374,3.313256e-05,0.052748,2.394199e-05,6.550892e-02,115,1,0,1,1,1
021_bleach_cleanser,s1_hetero_patch_021_bleach_cleanser_t4,hetero_patch,879,0.799470,0.039613,3.894830e-06,2.814076e-05,618,0.026409,0.000000e+00,0.052818,1.395994e-05,0.000000e+00,90,1,0,1,1,1
021_bleach_cleanser,s1_hetero_patch_021_bleach_cleanser_t5,hetero_patch,262,0.905425,0.040492,2.024541e-05,8.968502e-05,1698,0.026995,2.076963e-05,0.053990,1.281654e-05,2.115336e-01,215,1,0,1,1,1
021_bleach_cleanser,s1_hetero_patch_021_bleach_cleanser_t6,hetero_patch,21,0.946185,0.020844,4.214633e-06,1.172913e-05,1148,0.013896,3.900781e-06,0.027792,5.059100e-06,4.368367e-02,288,1,0,1,1,1
021_bleach_cleanser,s1_hetero_patch_021_bleach_cleanser_t7,hetero_patch,124,0.911662,0.040306,1.639833e-05,7.643453e-05,1181,0.026871,1.914233e-05,0.053741,1.327015e-05,1.002820e-01,145,1,0,1,1,1
021_bleach_cleanser,s1_hetero_patch_021_bleach_cleanser_t8,hetero_patch,120,0.875961,0.040992,8.539593e-06,6.985107e-05,1167,0.027328,1.139121e-05,0.054656,8.335097e-06,0.000000e+00,155,1,0,1,1,1
021_bleach_cleanser,s1_hetero_patch_021_bleach_cleanser_t9,hetero_patch,291,0.897438,0.039834,4.055610e-06,2.783389e-05,838,0.026556,0.000000e+00,0.053112,1.037664e-05,0.000000e+00,56,1,0,1,1,1
005_tomato_soup_can,s2_complete_only_005_tomato_soup_can_t0,complete_only,87,0.863453,0.018947,6.975720e-07,1.468391e-06,589,0.012632,6.519484e-07,0.025263,7.338702e-07,3.253870e-01,764,1,0,1,1,1
005_tomato_soup_can,s2_complete_only_005_tomato_soup_can_t1,complete_only,16,0.895684,0.018548,6.576098e-07,2.142917e-06,460,0.012365,7.632866e-07,0.024730,6.251373e-07,3.154533e-01,729,1,0,1,1,1
005_tomato_soup_can,s2_complete_only_005_tomato_soup_can_t2,complete_only,32,0.872835,0.018939,5.848573e-07,1.614917e-06,421,0.012626,3.775246e-07,0.025252,6.781026e-07,2.446616e-01,653,1,0,1,1,1
005_tomato_soup_can,s2_complete_only_005_tomato_soup_can_t3,complete_only,17,0.892745,0.019147,7.673330e-07,1.447829e-06,694,0.012765,7.254613e-07,0.025530,7.646095e-07,3.366105e-01,779,1,0,1,1,1
005_tomato_soup_can,s2_complete_only_005_tomato_soup_can_t4,complete_only,19,0.895383,0.018805,1.209997e-06,2.425367e-06,426,0.012536,1.284588e-06,0.025073,9.240362e-07,3.081800e-01,749,1,0,1,1,0
005_tomato_soup_can,s2_complete_only_005_tomato_soup_can_t5,complete_only,155,0.852570,0.019036,9.778400e-07,2.011866e-06,499,0.012691,1.035794e-06,0.025382,7.697994e-07,3.519466e-01,749,1,0,1,1,1
005_tomato_soup_can,s2_complete_only_005_tomato_soup_can_t6,complete_only,8,0.896558,0.018926,5.939802e-07,1.721849e-06,478,0.012618,6.698305e-07,0.025235,5.630983e-07,2.626703e-01,679,1,0,1,1,1
005_tomato_soup_can,s2_complete_only_005_tomato_soup_can_t7,complete_only,66,0.867643,0.018733,6.747050e-07,1.564295e-06,609,0.012489,5.743020e-07,0.024977,7.395342e-07,3.902126e-01,861,1,0,1,1,1
005_tomato_soup_can,s2_complete_only_005_tomato_soup_can_t8,complete_only,28,0.894147,0.018686,5.996318e-07,1.920704e-06,462,0.012457,5.510306e-07,0.024915,5.749853e-07,2.731744e-01,693,1,0,1,1,1
005_tomato_soup_can,s2_complete_only_005_tomato_soup_can_t9,complete_only,29,0.873966,0.018882,7.537472e-07,1.466001e-06,651,0.012588,7.607177e-07,0.025177,7.901805e-07,4.009814e-01,833,1,0,1,1,1
061_foam_brick,s2_complete_only_061_foam_brick_t0,complete_only,464,0.916907,0.017153,4.716702e-06,8.606455e-07,934,0.011435,2.874277e-06,0.022871,5.444590e-06,1.098725e+00,1457,1,0,1,1,1
061_foam_brick,s2_complete_only_061_foam_brick_t1,complete_only,94,0.973011,0.016695,9.428934e-06,4.729014e-05,764,0.011130,1.249845e-05,0.022260,1.450803e-05,1.839600e+00,1078,1,0,1,1,1
061_foam_brick,s2_complete_only_061_foam_brick_t2,complete_only,178,0.963504,0.018046,1.345251e-05,8.172073e-06,830,0.012031,1.865704e-05,0.024061,1.377124e-05,1.461288e+00,1417,1,0,1,1,1
061_foam_brick,s2_complete_only_061_foam_brick_t3,complete_only,1294,0.580921,0.016474,9.589035e-06,4.522829e-05,637,0.010983,1.203898e-05,0.021966,1.173869e-05,1.260612e+00,1390,1,0,1,1,1
061_foam_brick,s2_complete_only_061_foam_brick_t4,complete_only,701,0.896922,0.016417,2.475080e-06,3.218226e-06,769,0.010945,1.362901e-06,0.021890,4.600854e-06,1.082889e+00,1211,1,0,1,1,1
061_foam_brick,s2_complete_only_061_foam_brick_t5,complete_only,0,0.977504,0.016291,1.127985e-06,4.047998e-06,340,0.010861,2.034511e-06,0.021722,8.550481e-06,1.153384e+00,1022,1,0,1,1,1
061_foam_brick,s2_complete_only_061_foam_brick_t6,complete_only,33,0.955458,0.017186,1.151513e-06,3.372236e-06,1309,0.011458,1.063505e-06,0.022915,1.327317e-06,1.626920e+00,2245,1,0,1,1,0
061_foam_brick,s2_complete_only_061_foam_brick_t7,complete_only,19,0.957063,0.017005,8.247265e-07,1.468593e-06,1261,0.011337,7.269254e-07,0.022673,5.850163e-06,1.703331e+00,2130,1,0,1,1,0
061_foam_brick,s2_complete_only_061_foam_brick_t8,complete_only,136,0.969678,0.016692,5.362026e-06,7.909802e-06,802,0.011128,1.991741e-06,0.022256,1.437971e-05,1.243411e+00,888,1,0,1,1,1
061_foam_brick,s2_complete_only_061_foam_brick_t9,complete_only,704,0.882973,0.016792,9.648629e-07,1.297086e-06,908,0.011195,7.542231e-07,0.022390,1.266879e-06,1.003110e+00,1560,1,0,1,1,0
035_power_drill,s2_complete_epi_035_power_drill_t0,complete_epi,285,0.863882,0.039149,4.943191e-06,2.773454e-05,1414,0.026099,4.125695e-06,0.052199,9.800124e-06,1.544765e-01,270,1,0,1,1,0
035_power_drill,s2_complete_epi_035_power_drill_t1,complete_epi,824,0.765252,0.041053,7.046800e-07,4.250479e-06,775,0.027369,0.000000e+00,0.054738,1.937602e-06,0.000000e+00,97,1,0,1,1,0
035_power_drill,s2_complete_epi_035_power_drill_t2,complete_epi,471,0.843785,0.041541,2.382028e-05,1.818163e-04,1494,0.027694,1.403332e-05,0.055388,3.920724e-05,0.000000e+00,211,1,0,1,1,1
035_power_drill,s2_complete_epi_035_power_drill_t3,complete_epi,224,0.850330,0.043506,6.005164e-05,1.903754e-04,652,0.029004,2.669461e-06,0.058008,1.272604e-04,0.000000e+00,135,1,0,1,1,0
035_power_drill,s2_complete_epi_035_power_drill_t4,complete_epi,312,0.862197,0.040935,4.760716e-06,1.909111e-05,1092,0.027290,0.000000e+00,0.054580,4.347247e-06,0.000000e+00,160,1,0,1,1,0
035_power_drill,s2_complete_epi_035_power_drill_t5,complete_epi,153,0.865212,0.039385,1.656922e-05,8.230561e-06,1320,0.026257,1.853371e-05,0.052514,1.455124e-05,4.506247e-01,361,1,0,1,1,1
035_power_drill,s2_complete_epi_035_power_drill_t6,complete_epi,12,0.917957,0.041849,3.141602e-06,0.000000e+00,461,0.027899,0.000000e+00,0.055799,9.531317e-06,0.000000e+00,122,1,0,1,1,1
035_power_drill,s2_complete_epi_035_power_drill_t7,complete_epi,0,0.964170,0.020015,9.771154e-05,2.633625e-04,1314,0.013343,1.421117e-04,0.026687,2.777834e-05,1.189854e+00,796,1,0,1,1,0
035_power_drill,s2_complete_epi_035_power_drill_t8,complete_epi,608,0.785143,0.040821,1.053113e-06,4.171701e-06,820,0.027214,0.000000e+00,0.054428,1.722512e-06,0.000000e+00,176,1,0,1,1,0
035_power_drill,s2_complete_epi_035_power_drill_t9,complete_epi,87,0.899978,0.039128,7.948263e-04,4.704245e-03,732,0.026086,2.786525e-03,0.052171,3.975415e-04,1.326272e+00,40,1,0,1,1,0
021_bleach_cleanser,s2_hetero_only_021_bleach_cleanser_t0,hetero_only,8,0.920147,0.039332,1.519470e-05,7.856293e-05,716,0.026221,1.614696e-05,0.052442,1.753940e-05,0.000000e+00,96,1,0,1,1,1
021_bleach_cleanser,s2_hetero_only_021_bleach_cleanser_t1,hetero_only,0,0.956072,0.037760,4.955910e-06,2.055383e-05,929,0.025173,4.119968e-06,0.050347,3.611687e-06,0.000000e+00,156,1,0,1,1,1
021_bleach_cleanser,s2_hetero_only_021_bleach_cleanser_t3,hetero_only,1261,0.248352,0.051056,1.153622e-05,4.345512e-05,3023,0.034037,9.208642e-06,0.068075,1.537436e-05,4.411697e-01,438,1,0,1,1,0
021_bleach_cleanser,s2_hetero_only_021_bleach_cleanser_t4,hetero_only,24,0.946722,0.038840,1.450845e-05,6.010581e-05,999,0.025893,1.816146e-05,0.051786,9.999409e-06,1.343518e-01,177,1,0,1,1,1
021_bleach_cleanser,s2_hetero_only_021_bleach_cleanser_t5,hetero_only,9,0.939215,0.039951,4.691998e-05,3.048703e-04,882,0.026634,5.168440e-05,0.053267,3.706751e-05,0.000000e+00,69,1,0,1,1,0
021_bleach_cleanser,s2_hetero_only_021_bleach_cleanser_t6,hetero_only,7,0.916051,0.038926,3.154434e-05,9.773443e-05,1104,0.025951,2.872136e-05,0.051902,1.841555e-05,9.719269e-02,143,1,0,1,1,1
021_bleach_cleanser,s2_hetero_only_021_bleach_cleanser_t7,hetero_only,1,0.949771,0.029589,5.445320e-05,1.962602e-04,1367,0.019726,1.221108e-04,0.039452,2.693300e-05,7.351135e-01,303,1,0,1,1,0
021_bleach_cleanser,s2_hetero_only_021_bleach_cleanser_t8,hetero_only,19,0.939465,0.038661,2.212357e-05,1.009775e-04,727,0.025774,2.276833e-05,0.051548,1.647581e-05,6.945103e-03,114,1,0,1,1,1
021_bleach_cleanser,s2_hetero_only_021_bleach_cleanser_t9,hetero_only,335,0.806551,0.020722,4.592375e-05,1.004939e-04,1174,0.013815,4.581574e-05,0.027629,3.823122e-05,5.672856e-01,317,1,0,1,1,0
005_tomato_soup_can,s2_hetero_patch_005_tomato_soup_can_t0,hetero_patch,44,0.869767,0.018947,8.404465e-07,1.527434e-06,685,0.012632,8.057427e-07,0.025263,8.801827e-07,4.640137e-01,861,1,0,1,1,1
005_tomato_soup_can,s2_hetero_patch_005_tomato_soup_can_t1,hetero_patch,7,0.901158,0.018695,7.971603e-07,1.807615e-06,642,0.012463,7.271715e-07,0.024926,8.703308e-07,3.994562e-01,814,1,0,1,1,1
005_tomato_soup_can,s2_hetero_patch_005_tomato_soup_can_t2,hetero_patch,56,0.869982,0.018970,9.125449e-07,1.680331e-06,673,0.012647,8.999675e-07,0.025294,9.376292e-07,5.034959e-01,854,1,0,1,1,1
005_tomato_soup_can,s2_hetero_patch_005_tomato_soup_can_t3,hetero_patch,60,0.871610,0.019136,6.063309e-07,1.627830e-06,427,0.012758,2.088958e-07,0.025515,7.199911e-07,1.993541e-01,587,1,0,1,1,1
005_tomato_soup_can,s2_hetero_patch_005_tomato_soup_can_t5,hetero_patch,90,0.868176,0.018969,8.329139e-07,1.456180e-06,669,0.012646,8.142673e-07,0.025292,8.449036e-07,5.132202e-01,876,1,0,1,1,1
005_tomato_soup_can,s2_hetero_patch_005_tomato_soup_can_t6,hetero_patch,32,0.885526,0.018943,7.036376e-07,1.628045e-06,480,0.012629,4.402203e-07,0.025258,8.252205e-07,3.162996e-01,702,1,0,1,1,1
005_tomato_soup_can,s2_hetero_patch_005_tomato_soup_can_t7,hetero_patch,116,0.845721,0.018678,7.668662e-07,1.907363e-06,705,0.012452,6.749185e-07,0.024904,8.513359e-07,4.096574e-01,835,1,0,1,1,0
005_tomato_soup_can,s2_hetero_patch_005_tomato_soup_can_t8,hetero_patch,36,0.885501,0.018657,6.033504e-07,2.218793e-06,465,0.012438,5.973504e-07,0.024876,6.506914e-07,3.194509e-01,726,1,0,1,1,1
005_tomato_soup_can,s2_hetero_patch_005_tomato_soup_can_t9,hetero_patch,9,0.887917,0.018908,9.151467e-07,1.831075e-06,689,0.012605,8.484194e-07,0.025210,9.347330e-07,4.308873e-01,817,1,0,1,1,1
061_foam_brick,s2_hetero_patch_061_foam_brick_t0,hetero_patch,318,0.935170,0.017153,1.041166e-06,9.581622e-07,532,0.011435,2.517047e-06,0.022871,1.174857e-06,1.168178e+00,1571,1,0,1,1,0
061_foam_brick,s2_hetero_patch_061_foam_brick_t1,hetero_patch,529,0.943291,0.016696,1.982111e-06,1.059006e-05,953,0.011130,1.962394e-06,0.022261,2.152298e-06,9.699822e-01,1119,1,0,1,1,1
061_foam_brick,s2_hetero_patch_061_foam_brick_t2,hetero_patch,142,0.967434,0.017972,9.832782e-07,2.562169e-06,1140,0.011981,1.182128e-06,0.023963,1.015676e-06,1.293911e+00,1714,1,0,1,1,1
061_foam_brick,s2_hetero_patch_061_foam_brick_t3,hetero_patch,1324,0.543409,0.016471,7.295552e-06,2.151692e-05,741,0.010981,9.835279e-06,0.021961,5.936313e-06,1.309780e+00,1400,1,0,1,1,1
061_foam_brick,s2_hetero_patch_061_foam_brick_t4,hetero_patch,574,0.924939,0.016417,8.840568e-07,1.430181e-06,1059,0.010945,9.394899e-07,0.021890,9.568514e-07,8.297957e-01,1159,1,0,1,1,1
061_foam_brick,s2_hetero_patch_061_foam_brick_t5,hetero_patch,0,0.975433,0.016240,1.052220e-06,2.884970e-06,340,0.010826,1.864862e-06,0.021653,1.192553e-06,8.082908e-01,1016,1,0,1,1,1
061_foam_brick,s2_hetero_patch_061_foam_brick_t6,hetero_patch,19,0.958458,0.017190,1.063699e-06,2.323718e-06,1341,0.011460,9.823139e-07,0.022920,1.188763e-06,1.709141e+00,2264,1,0,1,1,1
061_foam_brick,s2_hetero_patch_061_foam_brick_t7,hetero_patch,3,0.951414,0.017320,9.262467e-07,2.691975e-06,1226,0.011547,9.284528e-07,0.023093,1.056804e-06,1.573642e+00,2030,1,0,1,1,1
061_foam_brick,s2_hetero_patch_061_foam_brick_t8,hetero_patch,532,0.942523,0.016474,1.103347e-06,2.932469e-06,780,0.010982,1.127799e-06,0.021965,1.778151e-06,8.519456e-01,964,1,0,1,1,1
061_foam_brick,s2_hetero_patch_061_foam_brick_t9,hetero_patch,802,0.881975,0.016803,1.265664e-06,2.249921e-06,1093,0.011202,9.789851e-07,0.022404,1.521408e-06,1.370183e+00,1722,1,0,1,1,1
011_banana,s0_complete_only_011_banana_t0,complete_only,1195,0.782466,0.032608,2.570596e-04,1.306781e-03,1931,0.021739,7.750515e-04,0.043477,2.118911e-04,2.600616e+00,681,1,0,1,1,0
011_banana,s0_complete_only_011_banana_t1,complete_only,1055,0.805675,0.031867,1.167238e-04,6.874699e-05,1953,0.021245,1.412655e-04,0.042490,1.073533e-04,3.911232e-01,341,1,0,1,1,0
011_banana,s0_complete_only_011_banana_t2,complete_only,1374,0.608199,0.030935,6.587761e-05,8.340676e-05,2091,0.020623,5.779618e-05,0.041246,6.996988e-05,8.732298e-01,814,1,0,1,1,0
011_banana,s0_complete_only_011_banana_t3,complete_only,1595,0.588296,0.032954,2.305920e-04,6.687480e-04,1493,0.021969,3.493477e-04,0.043939,1.983775e-04,1.041886e+00,488,1,0,1,1,0
011_banana,s0_complete_only_011_banana_t4,complete_only,1270,0.721164,0.030885,9.489470e-05,6.070002e-04,1389,0.020590,4.557987e-04,0.041180,5.776778e-05,4.386797e-01,413,1,0,1,1,0
011_banana,s0_complete_only_011_banana_t5,complete_only,818,0.850494,0.032117,7.265631e-05,2.563115e-04,1956,0.021412,1.474037e-04,0.042823,5.650229e-05,9.433706e-01,715,1,0,1,1,0
011_banana,s0_complete_only_011_banana_t6,complete_only,936,0.812753,0.031105,4.558226e-05,5.735378e-05,3374,0.020737,2.627181e-05,0.041474,8.805830e-05,4.748356e-01,466,1,0,1,1,0
011_banana,s0_complete_only_011_banana_t7,complete_only,111,0.967184,0.017036,1.670328e-04,6.596051e-04,889,0.011357,2.804485e-04,0.022714,7.945464e-05,2.390222e+00,2124,1,0,1,1,1
011_banana,s0_complete_only_011_banana_t8,complete_only,1810,0.355155,0.031436,2.635461e-05,1.023710e-04,1285,0.020958,2.328398e-05,0.041915,2.901687e-05,2.238427e-01,282,1,0,1,1,0
011_banana,s0_complete_only_011_banana_t9,complete_only,754,0.820673,0.031255,3.230353e-04,1.142954e-03,1938,0.020837,3.502768e-03,0.041673,2.809044e-04,9.072415e-01,510,1,0,1,1,0
025_mug,s0_complete_epi_025_mug_t0,complete_epi,15,0.941865,0.020684,7.428078e-06,3.791030e-05,542,0.013789,1.308369e-05,0.027579,6.570350e-06,2.369737e-01,173,1,0,1,1,1
025_mug,s0_complete_epi_025_mug_t2,complete_epi,26,0.945981,0.020178,6.641686e-06,1.603318e-05,799,0.013452,4.855945e-06,0.026904,8.020537e-06,3.698724e-01,199,1,0,1,1,1
025_mug,s0_complete_epi_025_mug_t3,complete_epi,28,0.911495,0.020969,1.545737e-06,2.678646e-06,1302,0.013980,1.488849e-06,0.027959,1.550931e-06,6.108106e-01,568,1,0,1,1,1
025_mug,s0_complete_epi_025_mug_t4,complete_epi,4,0.949880,0.019845,1.698331e-05,4.987118e-05,494,0.013230,2.212823e-05,0.026460,1.425800e-05,5.379313e-01,164,1,0,1,1,1
025_mug,s0_complete_epi_025_mug_t6,complete_epi,40,0.932187,0.020920,1.163664e-06,2.083321e-06,698,0.013947,1.178639e-06,0.027893,1.427730e-06,1.975550e-01,233,1,0,1,1,1
025_mug,s0_complete_epi_025_mug_t8,complete_epi,107,0.888071,0.020411,1.947528e-06,6.278800e-06,481,0.013607,2.157428e-06,0.027214,3.745306e-06,5.245560e-01,380,1,0,1,1,1
025_mug,s0_complete_epi_025_mug_t9,complete_epi,39,0.930232,0.021019,1.223603e-06,2.205376e-06,694,0.014013,1.138600e-06,0.028025,1.306146e-06,1.790251e-01,218,1,0,1,1,0
006_mustard_bottle,s0_hetero_only_006_mustard_bottle_t0,hetero_only,44,0.858233,0.032858,8.837757e-06,2.046765e-05,2037,0.021906,1.056878e-05,0.043811,8.581225e-06,7.101886e-01,483,1,0,1,1,1
006_mustard_bottle,s0_hetero_only_006_mustard_bottle_t1,hetero_only,431,0.760223,0.047657,9.274583e-05,2.268534e-04,1146,0.031771,1.011902e-04,0.063543,7.585409e-05,9.185825e-01,90,1,0,1,1,0
006_mustard_bottle,s0_hetero_only_006_mustard_bottle_t2,hetero_only,0,0.901595,0.032151,5.946873e-06,1.400422e-05,1379,0.021434,7.234719e-06,0.042868,5.096421e-06,1.517289e-01,248,1,0,1,1,1
006_mustard_bottle,s0_hetero_only_006_mustard_bottle_t3,hetero_only,165,0.754716,0.032710,6.623126e-06,1.911753e-05,2110,0.021807,6.200565e-06,0.043613,6.905606e-06,6.944741e-01,533,1,0,1,1,0
006_mustard_bottle,s0_hetero_only_006_mustard_bottle_t4,hetero_only,19,0.839267,0.032329,7.785487e-06,1.912980e-05,1582,0.021553,8.254558e-06,0.043105,7.308548e-06,3.717533e-01,375,1,0,1,1,1
006_mustard_bottle,s0_hetero_only_006_mustard_bottle_t5,hetero_only,3,0.972960,0.022218,5.919296e-05,1.162885e-04,1062,0.014812,7.004998e-05,0.029625,4.851502e-05,1.819766e+00,493,1,0,1,1,0
006_mustard_bottle,s0_hetero_only_006_mustard_bottle_t6,hetero_only,246,0.799671,0.032683,7.591309e-06,2.021519e-05,2197,0.021789,5.449497e-06,0.043578,9.684403e-06,7.252426e-01,630,1,0,1,1,1
006_mustard_bottle,s0_hetero_only_006_mustard_bottle_t7,hetero_only,0,0.986109,0.023112,7.322059e-06,1.598681e-05,881,0.015408,8.974213e-06,0.030816,5.633003e-06,2.710147e-01,242,1,0,1,1,1
006_mustard_bottle,s0_hetero_only_006_mustard_bottle_t8,hetero_only,3,0.877403,0.031560,5.724168e-06,1.394806e-05,1895,0.021040,6.457148e-06,0.042080,5.470255e-06,8.380408e-01,594,1,0,1,1,1
006_mustard_bottle,s0_hetero_only_006_mustard_bottle_t9,hetero_only,243,0.839242,0.031931,1.507322e-05,6.201864e-05,1904,0.021287,1.499021e-05,0.042575,1.687356e-05,1.193407e+00,827,1,0,1,1,1
051_large_clamp,s0_hetero_only_051_large_clamp_t0,hetero_only,2,0.951311,0.031974,2.697593e-06,0.000000e+00,761,0.021316,2.759241e-06,0.042632,3.791701e-06,0.000000e+00,145,1,0,1,1,1
051_large_clamp,s0_hetero_only_051_large_clamp_t1,hetero_only,40,0.944986,0.030541,0.000000e+00,0.000000e+00,824,0.020361,0.000000e+00,0.040721,5.541599e-07,0.000000e+00,193,1,0,1,1,0
051_large_clamp,s0_hetero_only_051_large_clamp_t2,hetero_only,39,0.959490,0.032198,3.128781e-06,1.299474e-05,1421,0.021465,1.893488e-06,0.042930,3.615183e-06,0.000000e+00,173,1,0,1,1,1
051_large_clamp,s0_hetero_only_051_large_clamp_t3,hetero_only,22,0.960568,0.021539,3.537155e-05,9.777868e-05,978,0.014359,5.922089e-05,0.028719,2.381611e-05,2.242616e+00,1311,1,0,1,1,0
051_large_clamp,s0_hetero_only_051_large_clamp_t4,hetero_only,0,0.965340,0.030172,1.259482e-06,6.003431e-06,705,0.020115,0.000000e+00,0.040229,1.098423e-06,0.000000e+00,159,1,0,1,1,0
051_large_clamp,s0_hetero_only_051_large_clamp_t5,hetero_only,1,0.967784,0.032362,4.838992e-06,1.909287e-05,2428,0.021574,9.490694e-06,0.043149,4.661091e-06,9.573301e-02,223,1,0,1,1,0
051_large_clamp,s0_hetero_only_051_large_clamp_t7,hetero_only,0,0.966641,0.026170,9.624048e-07,2.144227e-06,1475,0.017447,2.498627e-07,0.034893,1.379812e-06,6.054050e-02,307,1,0,1,1,0
051_large_clamp,s0_hetero_only_051_large_clamp_t8,hetero_only,132,0.923044,0.031324,7.840765e-07,5.865245e-06,740,0.020883,4.720529e-08,0.041766,1.572261e-06,0.000000e+00,141,1,0,1,1,1
051_large_clamp,s0_hetero_only_051_large_clamp_t9,hetero_only,138,0.863174,0.010541,1.162458e-05,4.062686e-05,1233,0.007027,3.433043e-05,0.014054,4.944043e-06,3.149514e+00,5578,1,0,1,1,0
011_banana,s0_hetero_patch_011_banana_t0,hetero_patch,1243,0.786184,0.032608,2.335243e-05,1.136095e-04,1302,0.021739,1.062391e-04,0.043477,1.792562e-05,5.999107e-01,442,1,0,1,1,0
011_banana,s0_hetero_patch_011_banana_t1,hetero_patch,1650,0.506843,0.031958,6.388964e-06,1.764945e-05,2344,0.021306,5.895097e-06,0.042611,7.478622e-06,2.756814e-01,260,1,0,1,1,0
011_banana,s0_hetero_patch_011_banana_t2,hetero_patch,1511,0.507538,0.030936,1.950362e-05,7.501978e-05,2192,0.020624,4.767546e-05,0.041248,1.693970e-05,9.272768e-01,813,1,0,1,1,1
011_banana,s0_hetero_patch_011_banana_t3,hetero_patch,1475,0.676531,0.032964,1.492769e-05,3.811553e-05,1884,0.021976,1.850242e-05,0.043952,1.370102e-05,6.022332e-01,313,1,0,1,1,0
011_banana,s0_hetero_patch_011_banana_t4,hetero_patch,1530,0.576542,0.030958,2.540922e-05,7.259705e-05,1372,0.020639,9.844393e-05,0.041278,1.422015e-05,3.713181e-01,430,1,0,1,1,1
011_banana,s0_hetero_patch_011_banana_t5,hetero_patch,852,0.841974,0.032117,6.305557e-06,2.013819e-05,3044,0.021412,5.456696e-06,0.042823,8.037792e-06,6.298391e-01,641,1,0,1,1,1
011_banana,s0_hetero_patch_011_banana_t6,hetero_patch,1665,0.489132,0.031250,1.466276e-05,7.390403e-05,3369,0.020833,1.271970e-05,0.041667,1.864971e-05,5.960682e-01,505,1,0,1,1,1
011_banana,s0_hetero_patch_011_banana_t7,hetero_patch,79,0.953004,0.018073,1.020281e-06,3.835586e-06,2336,0.012048,7.524141e-07,0.024097,2.436030e-06,1.244682e+00,2088,1,0,1,1,0
011_banana,s0_hetero_patch_011_banana_t8,hetero_patch,1793,0.395790,0.031437,3.836463e-05,1.626268e-04,2180,0.020958,9.912818e-05,0.041916,2.182999e-05,7.497919e-01,534,1,0,1,1,1
011_banana,s0_hetero_patch_011_banana_t9,hetero_patch,734,0.831747,0.031999,8.125131e-06,3.360939e-05,3373,0.021333,3.545960e-06,0.042665,1.272536e-05,6.112239e-01,595,1,0,1,1,1
025_mug,s1_complete_only_025_mug_t0,complete_only,33,0.915855,0.019955,2.587114e-06,6.875513e-06,640,0.013303,3.185730e-06,0.026607,2.767496e-06,1.344452e-01,109,1,0,1,1,1
025_mug,s1_complete_only_025_mug_t1,complete_only,12,0.927855,0.020211,3.357134e-06,7.532947e-06,978,0.013474,3.156446e-06,0.026948,3.354307e-06,4.036261e-01,285,1,0,1,1,1
025_mug,s1_complete_only_025_mug_t3,complete_only,71,0.918547,0.020292,1.413474e-06,1.888579e-06,1280,0.013528,1.248466e-06,0.027056,1.342810e-06,2.297298e-01,273,1,0,1,1,1
025_mug,s1_complete_only_025_mug_t4,complete_only,7,0.934551,0.021736,1.035845e-05,2.681876e-05,499,0.014491,1.393215e-05,0.028982,1.079390e-05,2.890870e-01,160,1,0,1,1,1
025_mug,s1_complete_only_025_mug_t5,complete_only,2,0.890496,0.020439,4.938241e-06,1.905773e-05,401,0.013626,3.367618e-06,0.027251,5.580187e-06,3.136522e-01,183,1,0,1,1,1
025_mug,s1_complete_only_025_mug_t7,complete_only,34,0.927554,0.020314,1.072684e-06,1.922098e-06,738,0.013543,1.008438e-06,0.027085,1.125273e-06,2.445917e-01,283,1,0,1,1,1
025_mug,s1_complete_only_025_mug_t8,complete_only,160,0.917367,0.023928,9.315183e-05,3.455096e-04,786,0.015952,2.132367e-04,0.031904,6.462544e-05,5.624171e-01,102,1,0,1,1,1
025_mug,s1_complete_only_025_mug_t9,complete_only,75,0.922837,0.020918,1.394317e-06,2.127494e-06,1076,0.013945,1.491182e-06,0.027891,1.374570e-06,4.954319e-01,467,1,0,1,1,1
006_mustard_bottle,s1_complete_epi_006_mustard_bottle_t0,complete_epi,0,0.858214,0.031806,8.391756e-06,2.225363e-05,2046,0.021204,6.709083e-06,0.042408,9.995012e-06,1.406550e-01,208,1,0,1,1,1
006_mustard_bottle,s1_complete_epi_006_mustard_bottle_t1,complete_epi,0,0.854769,0.031767,7.661576e-06,1.718380e-05,1407,0.021178,7.874607e-06,0.042356,7.062159e-06,2.373850e-01,207,1,0,1,1,1
006_mustard_bottle,s1_complete_epi_006_mustard_bottle_t2,complete_epi,18,0.943202,0.052363,3.346908e-04,1.095770e-03,1232,0.034909,3.958397e-04,0.069818,2.132788e-04,2.136582e+00,120,1,0,1,1,0
006_mustard_bottle,s1_complete_epi_006_mustard_bottle_t3,complete_epi,5,0.851031,0.031708,6.232788e-06,1.486722e-05,1821,0.021139,7.032955e-06,0.042277,5.321936e-06,6.390427e-01,426,1,0,1,1,1
006_mustard_bottle,s1_complete_epi_006_mustard_bottle_t4,complete_epi,0,0.814270,0.032210,6.178684e-06,1.228677e-05,1727,0.021474,6.318476e-06,0.042947,5.703458e-06,3.317022e-01,300,1,0,1,1,1
006_mustard_bottle,s1_complete_epi_006_mustard_bottle_t5,complete_epi,18,0.854129,0.032670,2.091816e-05,3.908510e-05,2043,0.021780,8.334226e-06,0.043560,2.658722e-05,1.040213e+00,787,1,0,1,1,1
006_mustard_bottle,s1_complete_epi_006_mustard_bottle_t6,complete_epi,5,0.924235,0.032558,8.262299e-06,1.843164e-05,2171,0.021705,7.305050e-06,0.043410,8.697728e-06,5.026567e-01,403,1,0,1,1,1
006_mustard_bottle,s1_complete_epi_006_mustard_bottle_t7,complete_epi,175,0.792208,0.032511,9.751903e-06,2.281818e-05,1577,0.021674,1.013771e-05,0.043347,9.230299e-06,5.609101e-01,347,1,0,1,1,1
006_mustard_bottle,s1_complete_epi_006_mustard_bottle_t8,complete_epi,17,0.941519,0.029628,2.273127e-06,7.201936e-06,1552,0.019752,1.893208e-06,0.039503,2.527930e-06,2.420981e-01,544,1,0,1,1,1
006_mustard_bottle,s1_complete_epi_006_mustard_bottle_t9,complete_epi,355,0.766845,0.032575,2.226880e-05,4.803405e-05,1783,0.021717,1.080790e-05,0.043433,3.120256e-05,8.023042e-01,602,1,0,1,1,1
051_large_clamp,s1_complete_epi_051_large_clamp_t0,complete_epi,1,0.960124,0.029898,8.820639e-07,4.118935e-06,794,0.019932,1.037567e-06,0.039864,1.112716e-06,0.000000e+00,132,1,0,1,1,0
051_large_clamp,s1_complete_epi_051_large_clamp_t1,complete_epi,12,0.968567,0.032456,5.311245e-06,2.124254e-05,1374,0.021637,3.274584e-06,0.043274,1.267121e-05,3.064399e-01,293,1,0,1,1,1
051_large_clamp,s1_complete_epi_051_large_clamp_t3,complete_epi,79,0.933757,0.031461,1.323899e-08,0.000000e+00,672,0.020974,0.000000e+00,0.041947,1.019405e-06,0.000000e+00,138,1,0,1,1,0
051_large_clamp,s1_complete_epi_051_large_clamp_t4,complete_epi,23,0.946695,0.032050,1.182504e-05,3.117500e-05,1926,0.021366,7.800539e-06,0.042733,1.442066e-05,1.326206e-02,152,1,0,1,1,1
051_large_clamp,s1_complete_epi_051_large_clamp_t5,complete_epi,2,0.962685,0.032409,5.244830e-06,3.731078e-05,1689,0.021606,4.448490e-06,0.043212,1.047220e-05,4.404465e-01,400,1,0,1,1,1
051_large_clamp,s1_complete_epi_051_large_clamp_t6,complete_epi,22,0.957046,0.030033,6.055301e-07,1.252573e-06,1121,0.020022,0.000000e+00,0.040044,9.753925e-07,0.000000e+00,127,1,0,1,1,0
051_large_clamp,s1_complete_epi_051_large_clamp_t7,complete_epi,80,0.959194,0.032480,1.213687e-05,1.724136e-05,1295,0.021653,3.760212e-05,0.043306,6.600592e-06,1.421933e-01,191,1,0,1,1,0
051_large_clamp,s1_complete_epi_051_large_clamp_t8,complete_epi,5,0.959086,0.031213,3.164743e-07,2.092259e-06,1286,0.020809,2.768918e-07,0.041617,3.389874e-07,0.000000e+00,267,1,0,1,1,1
011_banana,s1_hetero_only_011_banana_t0,hetero_only,1452,0.601566,0.032232,8.845467e-06,4.353912e-05,2572,0.021488,2.391683e-05,0.042976,9.092219e-06,5.477251e-01,475,1,0,1,1,0
011_banana,s1_hetero_only_011_banana_t1,hetero_only,996,0.795381,0.031764,2.438815e-05,6.982183e-05,1976,0.021176,4.977333e-05,0.042351,1.714287e-05,9.481234e-01,711,1,0,1,1,1
011_banana,s1_hetero_only_011_banana_t2,hetero_only,1522,0.576985,0.031757,4.788792e-06,2.029062e-05,1542,0.021171,6.358665e-06,0.042342,5.063094e-06,2.149013e-01,337,1,0,1,1,0
011_banana,s1_hetero_only_011_banana_t3,hetero_only,1827,0.321731,0.031662,1.579963e-05,8.311546e-05,2050,0.021108,1.201009e-05,0.042216,1.768261e-05,7.620106e-01,556,1,0,1,1,1
011_banana,s1_hetero_only_011_banana_t4,hetero_only,967,0.817596,0.032262,1.508618e-05,9.134817e-05,2221,0.021508,3.911024e-05,0.043016,1.596220e-05,8.400162e-01,589,1,0,1,1,0
011_banana,s1_hetero_only_011_banana_t5,hetero_only,1975,0.036769,0.031790,3.407121e-05,1.191156e-04,2113,0.021194,3.732904e-05,0.042387,2.707698e-05,1.145396e+00,837,1,0,1,1,0
011_banana,s1_hetero_only_011_banana_t6,hetero_only,1914,0.072848,0.032887,1.380775e-05,7.507430e-05,2812,0.021925,2.716751e-05,0.043850,1.688498e-05,1.264324e+00,836,1,0,1,1,0
011_banana,s1_hetero_only_011_banana_t7,hetero_only,784,0.852899,0.031244,8.633604e-06,2.275207e-05,2523,0.020829,1.059696e-05,0.041658,9.702857e-06,3.019805e-01,312,1,0,1,1,0
011_banana,s1_hetero_only_011_banana_t8,hetero_only,609,0.870030,0.031373,4.103843e-06,1.232490e-05,2291,0.020915,8.590025e-06,0.041831,3.704503e-06,6.839786e-01,780,1,0,1,1,0
011_banana,s1_hetero_only_011_banana_t9,hetero_only,1348,0.677843,0.032227,5.709573e-05,1.939592e-04,1579,0.021485,1.418951e-04,0.042970,3.679495e-05,1.076416e+00,611,1,0,1,1,0
025_mug,s1_hetero_patch_025_mug_t0,hetero_patch,127,0.874506,0.019955,3.122133e-06,6.180669e-06,691,0.013303,3.343822e-06,0.026607,3.099371e-06,3.015909e-01,185,1,0,1,1,1
025_mug,s1_hetero_patch_025_mug_t1,hetero_patch,1,0.898240,0.027758,5.390562e-06,1.434704e-05,332,0.018505,6.359191e-06,0.037010,4.500890e-06,1.751959e-01,83,1,0,1,1,0
025_mug,s1_hetero_patch_025_mug_t2,hetero_patch,29,0.943998,0.022136,6.755634e-06,1.708664e-05,652,0.014757,7.238879e-06,0.029515,6.631265e-06,2.265020e-01,114,1,0,1,1,1
025_mug,s1_hetero_patch_025_mug_t3,hetero_patch,71,0.895887,0.020381,5.708253e-06,1.454077e-05,656,0.013587,1.242642e-05,0.027175,4.840422e-06,3.208920e-01,177,1,0,1,1,1
025_mug,s1_hetero_patch_025_mug_t4,hetero_patch,2,0.945823,0.022696,8.495942e-06,3.422566e-05,458,0.015130,1.065730e-05,0.030261,5.972602e-06,2.830471e-01,128,1,0,1,1,1
025_mug,s1_hetero_patch_025_mug_t5,hetero_patch,6,0.839458,0.020153,3.838791e-06,1.231649e-05,533,0.013435,8.890816e-06,0.026871,3.190803e-06,2.083765e-01,157,1,0,1,1,1
025_mug,s1_hetero_patch_025_mug_t6,hetero_patch,17,0.949000,0.020688,4.498533e-06,7.702029e-06,948,0.013792,4.815357e-06,0.027584,3.994603e-06,1.475285e-01,131,1,0,1,1,0
025_mug,s1_hetero_patch_025_mug_t7,hetero_patch,745,0.665192,0.030849,8.562264e-06,2.886639e-05,1330,0.020566,1.028154e-05,0.041132,7.026859e-06,6.860908e-01,354,1,0,1,1,0
025_mug,s1_hetero_patch_025_mug_t8,hetero_patch,140,0.924142,0.022845,5.927577e-06,1.859051e-05,592,0.015230,6.287988e-06,0.030460,7.236617e-06,3.239900e-01,162,1,0,1,1,1
025_mug,s1_hetero_patch_025_mug_t9,hetero_patch,89,0.787119,0.030001,9.088247e-06,3.288418e-05,1515,0.020001,1.033678e-05,0.040002,6.751315e-06,1.213445e+00,776,1,0,1,1,0
006_mustard_bottle,s2_complete_only_006_mustard_bottle_t0,complete_only,0,0.907790,0.032013,1.515959e-05,2.287275e-05,2101,0.021342,3.495962e-06,0.042684,2.055745e-05,6.879434e-01,776,1,0,1,1,1
006_mustard_bottle,s2_complete_only_006_mustard_bottle_t1,complete_only,4,0.891576,0.031930,1.422286e-05,3.789257e-05,1550,0.021286,1.190366e-05,0.042573,1.490820e-05,7.343463e-01,289,1,0,1,1,1
006_mustard_bottle,s2_complete_only_006_mustard_bottle_t2,complete_only,0,0.856697,0.030176,7.206207e-06,2.288068e-05,1486,0.020117,6.665778e-06,0.040235,7.254182e-06,4.634036e-01,348,1,0,1,1,1
006_mustard_bottle,s2_complete_only_006_mustard_bottle_t3,complete_only,0,0.921901,0.032177,6.689453e-06,1.339657e-05,1564,0.021452,6.879171e-06,0.042903,6.376671e-06,4.734762e-01,323,1,0,1,1,1
006_mustard_bottle,s2_complete_only_006_mustard_bottle_t4,complete_only,19,0.889736,0.030797,1.358434e-05,4.152065e-05,1585,0.020531,1.183113e-05,0.041062,1.466072e-05,9.064568e-01,315,1,0,1,1,1
006_mustard_bottle,s2_complete_only_006_mustard_bottle_t5,complete_only,118,0.816755,0.031993,2.450131e-05,7.088036e-05,1981,0.021329,1.278355e-05,0.042658,3.314350e-05,1.007395e+00,773,1,0,1,1,1
006_mustard_bottle,s2_complete_only_006_mustard_bottle_t6,complete_only,153,0.861790,0.031683,3.600836e-06,6.720007e-06,1753,0.021122,3.861222e-06,0.042244,3.194174e-06,6.268697e-01,448,1,0,1,1,1
006_mustard_bottle,s2_complete_only_006_mustard_bottle_t7,complete_only,3,0.894524,0.031084,7.263482e-06,1.792912e-05,1553,0.020723,9.527295e-06,0.041445,5.720213e-06,6.501348e-01,453,1,0,1,1,1
006_mustard_bottle,s2_complete_only_006_mustard_bottle_t8,complete_only,106,0.831529,0.032914,5.974772e-06,2.189219e-05,2432,0.021942,4.537264e-06,0.043885,6.729033e-06,5.109400e-01,476,1,0,1,1,1
006_mustard_bottle,s2_complete_only_006_mustard_bottle_t9,complete_only,1,0.930913,0.031750,6.239962e-06,2.452295e-05,1988,0.021166,4.717854e-06,0.042333,1.194199e-05,9.997547e-01,653,1,0,1,1,1
051_large_clamp,s2_complete_only_051_large_clamp_t0,complete_only,11,0.952474,0.030638,1.429785e-07,1.282293e-06,916,0.020425,0.000000e+00,0.040851,1.103856e-07,0.000000e+00,220,1,0,1,1,0
051_large_clamp,s2_complete_only_051_large_clamp_t1,complete_only,0,0.968248,0.029117,0.000000e+00,0.000000e+00,679,0.019411,0.000000e+00,0.038823,0.000000e+00,0.000000e+00,166,1,0,1,1,0
051_large_clamp,s2_complete_only_051_large_clamp_t2,complete_only,3,0.972221,0.033752,3.147240e-06,1.247120e-05,2107,0.022502,2.047903e-06,0.045003,5.415064e-06,7.430865e-02,256,1,0,1,1,1
051_large_clamp,s2_complete_only_051_large_clamp_t3,complete_only,4,0.953806,0.031890,4.071791e-05,1.740261e-04,2055,0.021260,2.435008e-05,0.042520,3.381555e-05,1.339695e+00,727,1,0,1,1,1
051_large_clamp,s2_complete_only_051_large_clamp_t5,complete_only,14,0.955751,0.031827,0.000000e+00,0.000000e+00,687,0.021218,0.000000e+00,0.042436,0.000000e+00,0.000000e+00,165,1,0,1,1,1
051_large_clamp,s2_complete_only_051_large_clamp_t6,complete_only,16,0.956510,0.030964,1.290537e-05,4.892486e-05,3711,0.020643,1.299413e-05,0.041286,1.346466e-05,1.272218e+00,915,1,0,1,1,1
051_large_clamp,s2_complete_only_051_large_clamp_t7,complete_only,64,0.965819,0.030584,4.298650e-06,1.614714e-05,2206,0.020390,3.413948e-06,0.040779,4.001837e-06,5.460942e-01,482,1,0,1,1,1
051_large_clamp,s2_complete_only_051_large_clamp_t8,complete_only,0,0.960778,0.029572,1.179010e-08,0.000000e+00,716,0.019714,0.000000e+00,0.039429,3.119040e-07,0.000000e+00,169,1,0,1,1,1
011_banana,s2_complete_epi_011_banana_t0,complete_epi,1504,0.635196,0.032968,2.238859e-04,1.597145e-03,1921,0.021979,6.452785e-04,0.043957,1.732586e-04,6.441880e-01,335,1,0,1,1,1
011_banana,s2_complete_epi_011_banana_t1,complete_epi,1187,0.778358,0.032054,3.592469e-05,1.554503e-04,1238,0.021369,1.062503e-04,0.042738,2.487102e-05,2.650048e-01,325,1,0,1,1,0
011_banana,s2_complete_epi_011_banana_t2,complete_epi,861,0.810748,0.032186,6.752779e-05,3.232760e-04,2128,0.021457,1.385711e-04,0.042914,4.826911e-05,1.393454e+00,785,1,0,1,1,1
011_banana,s2_complete_epi_011_banana_t3,complete_epi,1497,0.587585,0.032896,7.248682e-05,3.003130e-04,2700,0.021930,7.529068e-05,0.043861,9.128668e-05,4.524455e-01,351,1,0,1,1,0
011_banana,s2_complete_epi_011_banana_t4,complete_epi,1673,0.450936,0.031719,9.989481e-05,3.958050e-04,1631,0.021146,1.746854e-04,0.042292,5.173371e-05,1.006433e+00,683,1,0,1,1,1
011_banana,s2_complete_epi_011_banana_t5,complete_epi,1731,0.388997,0.031588,7.956545e-05,4.878270e-05,2144,0.021059,9.348634e-05,0.042117,1.255423e-04,7.146278e-01,471,1,0,1,1,0
011_banana,s2_complete_epi_011_banana_t6,complete_epi,425,0.872801,0.032395,2.029941e-05,7.700956e-05,3547,0.021597,2.726866e-05,0.043193,1.303648e-05,2.546660e+00,1727,1,0,1,1,0
011_banana,s2_complete_epi_011_banana_t7,complete_epi,1618,0.524564,0.032111,1.510684e-05,5.332950e-05,2269,0.021407,1.437179e-05,0.042815,1.671031e-05,5.334690e-01,408,1,0,1,1,0
011_banana,s2_complete_epi_011_banana_t8,complete_epi,1709,0.428968,0.031540,2.983807e-05,1.137943e-04,1438,0.021027,4.855197e-05,0.042054,2.199346e-05,2.009864e-01,199,1,0,1,1,0
011_banana,s2_complete_epi_011_banana_t9,complete_epi,1266,0.716667,0.031879,8.067823e-05,1.506167e-04,2280,0.021253,8.396132e-05,0.042506,5.657539e-05,1.119165e+00,885,1,0,1,1,0
025_mug,s2_hetero_only_025_mug_t0,hetero_only,47,0.925895,0.020731,8.911190e-06,2.146783e-05,535,0.013821,1.538426e-05,0.027641,8.017086e-06,2.739005e-01,132,1,0,1,1,1
025_mug,s2_hetero_only_025_mug_t1,hetero_only,44,0.938565,0.019857,6.548797e-06,1.211388e-05,390,0.013238,8.241598e-06,0.026477,6.364789e-06,3.270565e-01,139,1,0,1,1,1
025_mug,s2_hetero_only_025_mug_t2,hetero_only,251,0.747821,0.020170,1.731922e-06,3.758582e-06,737,0.013446,1.513985e-06,0.026893,2.348001e-06,8.263132e-02,97,1,0,1,1,1
025_mug,s2_hetero_only_025_mug_t4,hetero_only,74,0.921885,0.020897,5.945358e-06,1.284363e-05,466,0.013931,7.418620e-06,0.027863,5.825084e-06,3.499052e-01,142,1,0,1,1,1
025_mug,s2_hetero_only_025_mug_t5,hetero_only,60,0.926872,0.020362,3.886420e-06,8.975948e-06,569,0.013575,3.282200e-06,0.027150,4.301651e-06,1.873849e-01,123,1,0,1,1,1
025_mug,s2_hetero_only_025_mug_t7,hetero_only,40,0.928430,0.021727,1.265043e-06,2.390976e-06,1451,0.014485,1.204600e-06,0.028970,1.306262e-06,2.166812e-01,268,1,0,1,1,1
025_mug,s2_hetero_only_025_mug_t8,hetero_only,21,0.940817,0.020745,7.860868e-06,1.825172e-05,542,0.013830,1.009909e-05,0.027660,7.804070e-06,3.118884e-01,127,1,0,1,1,1
025_mug,s2_hetero_only_025_mug_t9,hetero_only,127,0.924646,0.021094,8.852457e-06,2.280230e-05,456,0.014063,1.261501e-05,0.028126,6.462596e-06,3.453616e-01,163,1,0,1,1,1
006_mustard_bottle,s2_hetero_patch_006_mustard_bottle_t0,hetero_patch,0,0.911118,0.032013,3.788133e-06,1.347626e-05,2142,0.021342,2.868525e-06,0.042684,4.565560e-06,5.487452e-01,685,1,0,1,1,1
006_mustard_bottle,s2_hetero_patch_006_mustard_bottle_t1,hetero_patch,151,0.886688,0.032676,4.509686e-06,1.194745e-05,1666,0.021784,5.436830e-06,0.043568,4.182563e-06,2.006442e-01,209,1,0,1,1,1
006_mustard_bottle,s2_hetero_patch_006_mustard_bottle_t2,hetero_patch,22,0.950043,0.018641,1.203608e-05,3.979922e-05,1386,0.012427,2.320262e-05,0.024855,7.221226e-06,1.582361e+00,634,1,0,1,1,0
006_mustard_bottle,s2_hetero_patch_006_mustard_bottle_t3,hetero_patch,0,0.912690,0.032184,6.693579e-06,1.318696e-05,1826,0.021456,6.744177e-06,0.042912,6.465234e-06,3.229138e-01,323,1,0,1,1,1
006_mustard_bottle,s2_hetero_patch_006_mustard_bottle_t4,hetero_patch,202,0.891063,0.047748,5.503965e-05,1.947478e-04,1692,0.031832,7.546646e-05,0.063663,6.462551e-05,1.176803e+00,133,1,0,1,1,0
006_mustard_bottle,s2_hetero_patch_006_mustard_bottle_t5,hetero_patch,174,0.764787,0.032065,9.127625e-06,3.705459e-05,2020,0.021377,8.394605e-06,0.042754,1.066984e-05,9.270304e-01,753,1,0,1,1,1
006_mustard_bottle,s2_hetero_patch_006_mustard_bottle_t8,hetero_patch,155,0.803867,0.032512,7.809010e-06,2.138005e-05,1919,0.021675,6.531478e-06,0.043349,6.734773e-06,6.299712e-01,573,1,0,1,1,1
006_mustard_bottle,s2_hetero_patch_006_mustard_bottle_t9,hetero_patch,0,0.920081,0.031234,3.835870e-06,1.318511e-05,1950,0.020823,2.931550e-06,0.041646,4.919178e-06,4.866533e-01,714,1,0,1,1,1
051_large_clamp,s2_hetero_patch_051_large_clamp_t0,hetero_patch,4,0.956906,0.030638,2.442293e-07,1.980065e-06,1027,0.020425,4.868956e-07,0.040851,3.613351e-07,0.000000e+00,202,1,0,1,1,1
051_large_clamp,s2_hetero_patch_051_large_clamp_t1,hetero_patch,0,0.967142,0.028998,0.000000e+00,0.000000e+00,649,0.019332,0.000000e+00,0.038664,4.577465e-07,0.000000e+00,160,1,0,1,1,1
051_large_clamp,s2_hetero_patch_051_large_clamp_t3,hetero_patch,10,0.951855,0.031890,1.087671e-05,4.922700e-05,2055,0.021260,1.249814e-05,0.042520,1.105122e-05,1.121935e+00,705,1,0,1,1,1
051_large_clamp,s2_hetero_patch_051_large_clamp_t5,hetero_patch,6,0.957522,0.031818,0.000000e+00,0.000000e+00,687,0.021212,0.000000e+00,0.042424,4.861117e-07,0.000000e+00,178,1,0,1,1,0
051_large_clamp,s2_hetero_patch_051_large_clamp_t6,hetero_patch,14,0.961976,0.030897,3.566207e-06,1.455881e-05,1895,0.020598,4.318734e-06,0.041196,4.224082e-06,3.278061e-01,341,1,0,1,1,1
051_large_clamp,s2_hetero_patch_051_large_clamp_t7,hetero_patch,1697,0.480609,0.003495,1.369102e-07,8.064588e-07,197,0.002330,8.860521e-08,0.004660,2.265078e-07,2.671343e+00,8178,1,0,1,1,0
051_large_clamp,s2_hetero_patch_051_large_clamp_t8,hetero_patch,0,0.967300,0.029460,0.000000e+00,0.000000e+00,668,0.019640,0.000000e+00,0.039280,0.000000e+00,0.000000e+00,168,1,0,1,1,1
051_large_clamp,s2_hetero_patch_051_large_clamp_t9,hetero_patch,2,0.953563,0.030582,2.660447e-07,1.615576e-06,1079,0.020388,0.000000e+00,0.040775,7.316853e-07,0.000000e+00,242,1,0,1,1,0
