object,trial,arm,grasp_id,confidence,patch_radius,patch_epi_mean,patch_epi_p95,patch_n,sens_lo_radius,patch_epi_mean_sens_lo,sens_hi_radius,patch_epi_mean_sens_hi,duarte_sigma_sum,duarte_box_n,geometry_gate_pass,uq_rejected,chosen,executed,lift_success
021_bleach_cleanser,s1_complete_only_021_bleach_cleanser_t0,complete_only,17,0.935202,0.038889,7.843845e-05,4.658790e-04,631,0.025926,6.709535e-05,0.051852,6.455709e-05,8.449975e-02,125,1,0,1,1,1
021_bleach_cleanser,s1_complete_only_021_bleach_cleanser_t2,complete_only,19,0.948253,0.039216,4.694789e-05,3.912216e-04,1129,0.026144,1.177257e-04,0.052288,2.902590e-05,2.580272e-01,140,1,0,1,1,1
021_bleach_cleanser,s1_complete_only_021_bleach_cleanser_t3,complete_only,613,0.852918,0.039500,3.895459e-05,1.971168e-04,608,0.026333,6.309235e-05,0.052667,3.903587e-05,9.794383e-02,99,1,0,1,1,0
021_bleach_cleanser,s1_complete_only_021_bleach_cleanser_t4,complete_only,954,0.788243,0.040036,2.929574e-05,1.441704e-04,777,0.026691,6.155289e-05,0.053381,2.680925e-05,2.875385e-02,120,1,0,1,1,1
021_bleach_cleanser,s1_complete_only_021_bleach_cleanser_t5,complete_only,185,0.913754,0.040471,1.100081e-04,4.865254e-04,1502,0.026981,9.507133e-05,0.053961,5.065572e-05,3.271537e-01,187,1,0,1,1,1
021_bleach_cleanser,s1_complete_only_021_bleach_cleanser_t6,complete_only,309,0.859125,0.039989,2.086301e-05,1.357861e-04,1156,0.026659,2.371804e-06,0.053318,3.108092e-05,0.000000e+00,93,1,0,1,1,1
021_bleach_cleanser,s1_complete_only_021_bleach_cleanser_t8,complete_only,78,0.903993,0.040299,1.129426e-05,9.590716e-05,1082,0.026866,1.363556e-05,0.053732,1.080898e-05,0.000000e+00,168,1,0,1,1,1
021_bleach_cleanser,s1_complete_only_021_bleach_cleanser_t9,complete_only,212,0.900232,0.039938,1.852283e-04,6.618575e-04,974,0.026625,1.279380e-04,0.053251,1.439607e-04,1.335627e-01,123,1,0,1,1,1
005_tomato_soup_can,s0_complete_only_005_tomato_soup_can_t0,complete_only,36,0.863062,0.019010,7.853368e-07,1.541169e-06,784,0.012673,7.687560e-07,0.025346,7.979002e-07,5.065938e-01,917,1,0,1,1,1
005_tomato_soup_can,s0_complete_only_005_tomato_soup_can_t1,complete_only,46,0.859929,0.019020,8.251949e-07,1.556611e-06,660,0.012680,8.269104e-07,0.025360,8.247605e-07,3.792450e-01,783,1,0,1,1,1
005_tomato_soup_can,s0_complete_only_005_tomato_soup_can_t2,complete_only,54,0.871959,0.019220,8.643971e-07,1.485694e-06,722,0.012813,8.365342e-07,0.025627,8.402412e-07,3.848274e-01,796,1,0,1,1,1
005_tomato_soup_can,s0_complete_only_005_tomato_soup_can_t3,complete_only,92,0.868154,0.019008,7.620807e-07,1.374262e-06,660,0.012672,7.843070e-07,0.025344,7.676138e-07,4.636665e-01,876,1,0,1,1,1
005_tomato_soup_can,s0_complete_only_005_tomato_soup_can_t4,complete_only,21,0.892704,0.018873,6.427224e-07,1.715451e-06,580,0.012582,5.901792e-07,0.025164,6.625833e-07,3.449667e-01,788,1,0,1,1,1
005_tomato_soup_can,s0_complete_only_005_tomato_soup_can_t5,complete_only,7,0.885400,0.019039,8.606954e-07,1.481452e-06,684,0.012693,8.603381e-07,0.025385,8.470809e-07,4.549167e-01,867,1,0,1,1,1
005_tomato_soup_can,s0_complete_only_005_tomato_soup_can_t6,complete_only,2,0.959659,0.014782,2.187615e-05,5.818269e-05,1095,0.009854,2.529366e-05,0.019709,2.010817e-05,1.831037e+00,1337,1,0,1,1,0
005_tomato_soup_can,s0_complete_only_005_tomato_soup_can_t7,complete_only,16,0.889434,0.018802,5.171667e-07,1.501147e-06,453,0.012534,4.559349e-07,0.025069,5.330421e-07,3.008577e-01,711,1,0,1,1,1
005_tomato_soup_can,s0_complete_only_005_tomato_soup_can_t8,complete_only,4,0.893140,0.018792,8.003910e-07,1.738170e-06,647,0.012528,7.560618e-07,0.025056,8.376244e-07,4.268357e-01,847,1,0,1,1,1
005_tomato_soup_can,s0_complete_only_005_tomato_soup_can_t9,complete_only,17,0.878039,0.018811,1.277584e-06,1.634245e-06,532,0.012541,1.337814e-06,0.025081,1.053378e-06,4.127071e-01,836,1,0,1,1,1
061_foam_brick,s0_complete_only_061_foam_brick_t0,complete_only,666,0.884854,0.016189,3.949664e-05,2.145249e-04,612,0.010793,5.461958e-05,0.021586,3.634389e-05,9.558498e-01,888,1,0,1,1,1
061_foam_brick,s0_complete_only_061_foam_brick_t1,complete_only,20,0.964479,0.016533,1.536212e-06,3.108553e-06,603,0.011022,6.678755e-06,0.022044,3.209175e-06,1.202865e+00,1302,1,0,1,1,1
061_foam_brick,s0_complete_only_061_foam_brick_t2,complete_only,1084,0.798807,0.016758,9.391065e-06,3.810934e-05,453,0.011172,5.184063e-06,0.022343,1.355798e-05,1.790316e+00,1370,1,0,1,1,1
061_foam_brick,s0_complete_only_061_foam_brick_t3,complete_only,1360,0.549014,0.016992,5.215591e-07,1.694425e-06,804,0.011328,5.605436e-07,0.022656,3.078610e-06,1.243034e+00,1387,1,0,1,1,0
061_foam_brick,s0_complete_only_061_foam_brick_t4,complete_only,65,0.974639,0.017016,1.125574e-03,3.260245e-03,666,0.011344,1.686082e-03,0.022688,6.537476e-04,8.451909e-01,913,1,0,1,1,1
061_foam_brick,s0_complete_only_061_foam_brick_t5,complete_only,962,0.851063,0.016739,6.263084e-06,2.866402e-05,468,0.011159,1.019117e-05,0.022319,1.567846e-05,1.231977e+00,889,1,0,1,1,1
061_foam_brick,s0_complete_only_061_foam_brick_t6,complete_only,3,0.961292,0.016874,1.229308e-05,3.863392e-05,515,0.011249,1.098782e-05,0.022499,3.805082e-05,1.200391e+00,860,1,0,1,1,1
061_foam_brick,s0_complete_only_061_foam_brick_t7,complete_only,598,0.899950,0.017199,4.924825e-07,7.648584e-07,1164,0.011466,5.024606e-07,0.022932,4.855703e-07,1.103197e+00,1882,1,0,1,1,1
061_foam_brick,s0_complete_only_061_foam_brick_t8,complete_only,362,0.918711,0.016991,4.953158e-06,9.695946e-06,1089,0.011328,4.915169e-06,0.022655,8.742024e-06,1.862758e+00,1426,1,0,1,1,1
061_foam_brick,s0_complete_only_061_foam_brick_t9,complete_only,0,0.971963,0.016727,2.802368e-05,1.760573e-04,593,0.011151,1.222677e-05,0.022302,4.383551e-05,1.621257e+00,1034,1,0,1,1,1
035_power_drill,s0_epi_max_035_power_drill_t0,complete_epi,289,0.880150,0.041577,7.329137e-07,0.000000e+00,518,0.027718,0.000000e+00,0.055436,2.863723e-06,0.000000e+00,58,1,0,1,1,0
035_power_drill,s0_epi_max_035_power_drill_t1,complete_epi,600,0.791950,0.038980,1.605776e-06,1.189936e-05,893,0.025987,3.275207e-07,0.051973,2.910277e-06,0.000000e+00,166,1,0,1,1,1
035_power_drill,s0_epi_max_035_power_drill_t2,complete_epi,1392,0.426391,0.059687,2.316508e-04,1.245922e-03,2952,0.039792,9.077145e-05,0.079583,3.630498e-04,9.835081e-01,388,1,0,1,1,0
035_power_drill,s0_epi_max_035_power_drill_t3,complete_epi,332,0.871957,0.039865,0.000000e+00,0.000000e+00,458,0.026577,0.000000e+00,0.053154,9.565189e-07,0.000000e+00,124,1,0,1,1,0
035_power_drill,s0_epi_max_035_power_drill_t4,complete_epi,379,0.838645,0.041531,0.000000e+00,0.000000e+00,620,0.027687,0.000000e+00,0.055374,0.000000e+00,0.000000e+00,171,1,0,1,1,0
035_power_drill,s0_epi_max_035_power_drill_t5,complete_epi,897,0.726236,0.044375,1.206686e-05,4.435444e-05,862,0.029583,5.363490e-06,0.059167,3.085550e-05,0.000000e+00,35,1,0,1,1,0
035_power_drill,s0_epi_max_035_power_drill_t6,complete_epi,389,0.812687,0.039561,3.661845e-06,1.506554e-05,874,0.026374,6.091883e-06,0.052748,4.748662e-06,2.356637e-01,233,1,0,1,1,1
035_power_drill,s0_epi_max_035_power_drill_t8,complete_epi,60,0.917337,0.048520,3.732510e-06,0.000000e+00,757,0.032347,0.000000e+00,0.064694,2.037354e-05,0.000000e+00,117,1,0,1,1,1
035_power_drill,s0_epi_max_035_power_drill_t9,complete_epi,0,0.986917,0.021142,1.150239e-03,2.720183e-03,1365,0.014095,1.275239e-03,0.028189,6.682035e-04,3.571209e+00,1166,1,0,1,1,0
021_bleach_cleanser,s0_epi_summax_021_bleach_cleanser_t0,complete_epi,256,0.873632,0.039125,2.524255e-02,7.125739e-04,425,0.026083,1.784126e-04,0.052167,1.883954e-04,1.428146e-01,69,1,0,1,1,0
021_bleach_cleanser,s0_epi_summax_021_bleach_cleanser_t1,complete_epi,4,0.947760,0.040068,1.378297e-02,4.348876e-04,1183,0.026712,7.502763e-05,0.053424,4.822020e-05,4.503658e-02,107,1,0,1,1,0
021_bleach_cleanser,s0_epi_summax_021_bleach_cleanser_t2,complete_epi,2,0.922884,0.013596,4.021573e-05,6.898465e-07,468,0.009064,0.000000e+00,0.018128,1.752985e-07,5.122282e-02,473,1,0,1,1,0
021_bleach_cleanser,s0_epi_summax_021_bleach_cleanser_t3,complete_epi,57,0.927668,0.039664,1.247208e-02,4.821904e-04,390,0.026443,7.149140e-05,0.052886,8.251762e-05,3.245035e-02,79,1,0,1,1,0
021_bleach_cleanser,s0_epi_summax_021_bleach_cleanser_t4,complete_epi,28,0.919954,0.029356,3.488604e-03,1.772623e-05,1320,0.019571,5.664800e-06,0.039141,5.117576e-06,5.095328e-01,226,1,0,1,1,0
021_bleach_cleanser,s0_epi_summax_021_bleach_cleanser_t5,complete_epi,62,0.909525,0.039924,5.845584e-03,2.677568e-05,1188,0.026616,1.213952e-05,0.053231,9.352146e-06,1.648881e-01,134,1,0,1,1,0
021_bleach_cleanser,s0_epi_summax_021_bleach_cleanser_t6,complete_epi,3,0.942581,0.039223,5.669941e-03,6.470537e-06,907,0.026149,2.193275e-06,0.052298,1.788403e-05,0.000000e+00,55,1,0,1,1,0
021_bleach_cleanser,s0_epi_summax_021_bleach_cleanser_t7,complete_epi,226,0.903350,0.039561,1.155106e-03,3.784254e-06,1602,0.026374,1.156532e-06,0.052748,1.442949e-06,0.000000e+00,192,1,0,1,1,1
021_bleach_cleanser,s0_epi_summax_021_bleach_cleanser_t8,complete_epi,0,0.939212,0.039322,1.106435e-02,9.161187e-05,1243,0.026215,4.609358e-05,0.052429,2.111200e-05,8.965656e-02,111,1,0,1,1,1
021_bleach_cleanser,s0_epi_summax_021_bleach_cleanser_t9,complete_epi,17,0.902251,0.056276,2.130393e-01,7.905468e-04,2378,0.037517,3.230432e-04,0.075034,1.921373e-04,1.411731e+00,177,1,0,1,1,0
005_tomato_soup_can,s0_epi_sumsum_005_tomato_soup_can_t0,complete_epi,15,0.877342,0.019010,1.577872e-04,1.946443e-06,407,0.012673,2.138314e-07,0.025346,6.382339e-07,2.015527e-01,605,1,0,1,1,1
005_tomato_soup_can,s0_epi_sumsum_005_tomato_soup_can_t1,complete_epi,84,0.850554,0.019017,3.433009e-04,1.477746e-06,608,0.012678,7.268366e-07,0.025356,8.026125e-07,2.727257e-01,693,1,0,1,1,1
005_tomato_soup_can,s0_epi_sumsum_005_tomato_soup_can_t2,complete_epi,52,0.873092,0.019157,3.690227e-04,1.364613e-06,640,0.012771,7.120933e-07,0.025543,7.657881e-07,3.367550e-01,784,1,0,1,1,1
005_tomato_soup_can,s0_epi_sumsum_005_tomato_soup_can_t3,complete_epi,18,0.881812,0.019064,3.335075e-04,1.489383e-06,481,0.012710,8.972637e-07,0.025419,7.444795e-07,2.469623e-01,674,1,0,1,1,1
005_tomato_soup_can,s0_epi_sumsum_005_tomato_soup_can_t4,complete_epi,50,0.879013,0.018807,2.293415e-04,1.601233e-06,479,0.012538,5.461502e-07,0.025076,6.399479e-07,3.165444e-01,724,1,0,1,1,1
005_tomato_soup_can,s0_epi_sumsum_005_tomato_soup_can_t5,complete_epi,61,0.873657,0.019742,6.362682e-04,2.337419e-06,768,0.013161,8.808747e-07,0.026323,1.122474e-06,6.048168e-01,972,1,0,1,1,1
005_tomato_soup_can,s0_epi_sumsum_005_tomato_soup_can_t6,complete_epi,51,0.864814,0.019199,3.531269e-04,1.408996e-06,635,0.012800,7.346584e-07,0.025599,7.911978e-07,2.838828e-01,714,1,0,1,1,1
005_tomato_soup_can,s0_epi_sumsum_005_tomato_soup_can_t7,complete_epi,122,0.784821,0.020704,1.262626e-03,1.037726e-05,825,0.013803,1.697875e-06,0.027605,2.894236e-06,4.804545e-01,806,1,0,1,1,0
005_tomato_soup_can,s0_epi_sumsum_005_tomato_soup_can_t8,complete_epi,3,0.894235,0.018804,3.785461e-04,1.668927e-06,631,0.012536,7.591034e-07,0.025072,8.119984e-07,4.292075e-01,854,1,0,1,1,1
005_tomato_soup_can,s0_epi_sumsum_005_tomato_soup_can_t9,complete_epi,78,0.857296,0.019141,3.720914e-04,1.522099e-06,639,0.012761,7.850390e-07,0.025521,7.850243e-07,4.249864e-01,862,1,0,1,1,0
061_foam_brick,s0_epi_sumsum_061_foam_brick_t0,complete_epi,798,0.863172,0.016189,1.473918e-02,1.007950e-03,407,0.010793,4.315847e-04,0.021586,1.979845e-04,9.130607e-01,871,1,0,1,1,1
061_foam_brick,s0_epi_sumsum_061_foam_brick_t1,complete_epi,20,0.964896,0.016530,6.696753e-04,1.066629e-06,705,0.011020,1.630484e-06,0.022040,2.242503e-06,1.018493e+00,1351,1,0,1,1,1
061_foam_brick,s0_epi_sumsum_061_foam_brick_t2,complete_epi,1009,0.831908,0.016724,4.130319e-03,4.033537e-05,483,0.011149,6.262954e-06,0.022299,1.364771e-05,1.758433e+00,1391,1,0,1,1,1
061_foam_brick,s0_epi_sumsum_061_foam_brick_t3,complete_epi,1286,0.604939,0.016985,4.454628e-03,5.931306e-05,1263,0.011323,6.842048e-06,0.022646,1.152176e-05,2.082804e+00,1458,1,0,1,1,1
061_foam_brick,s0_epi_sumsum_061_foam_brick_t4,complete_epi,284,0.953908,0.017036,7.467371e-03,9.184017e-04,415,0.011358,3.577013e-04,0.022715,5.019685e-05,1.101167e+00,961,1,0,1,1,1
061_foam_brick,s0_epi_sumsum_061_foam_brick_t5,complete_epi,1050,0.806151,0.016749,5.232021e-03,7.258940e-04,352,0.011166,1.336161e-04,0.022333,9.072769e-05,1.108675e+00,1057,1,0,1,1,1
061_foam_brick,s0_epi_sumsum_061_foam_brick_t6,complete_epi,1,0.953889,0.016873,7.708833e-04,2.585774e-06,1000,0.011249,1.436430e-06,0.022498,9.030004e-06,8.450640e-01,920,1,0,1,1,1
061_foam_brick,s0_epi_sumsum_061_foam_brick_t7,complete_epi,538,0.902013,0.017207,4.645893e-04,7.658363e-07,1062,0.011472,4.763068e-07,0.022943,4.740576e-07,1.079206e+00,1805,1,0,1,1,1
061_foam_brick,s0_epi_sumsum_061_foam_brick_t8,complete_epi,382,0.924625,0.016994,1.997351e-03,9.429432e-06,1104,0.011329,3.517354e-06,0.022659,4.406449e-06,1.572159e+00,1989,1,0,1,1,1
061_foam_brick,s0_epi_sumsum_061_foam_brick_t9,complete_epi,8,0.960983,0.016685,2.080158e-03,2.621377e-06,496,0.011123,1.051745e-06,0.022246,2.042839e-05,1.464959e+00,1089,1,0,1,1,1
035_power_drill,s1_complete_only_035_power_drill_t0,complete_only,949,0.709820,0.041747,5.051093e-07,3.252265e-06,674,0.027831,0.000000e+00,0.055663,8.820532e-07,0.000000e+00,166,1,0,1,1,1
035_power_drill,s1_complete_only_035_power_drill_t2,complete_only,0,0.974270,0.020645,1.736438e-05,9.103016e-05,1954,0.013763,7.922373e-06,0.027526,2.907119e-05,1.550413e+00,1607,1,0,1,1,0
035_power_drill,s1_complete_only_035_power_drill_t3,complete_only,123,0.889721,0.046215,2.033648e-04,1.754967e-03,987,0.030810,1.153456e-04,0.061620,2.190062e-04,1.375889e-01,127,1,0,1,1,1
035_power_drill,s1_complete_only_035_power_drill_t4,complete_only,129,0.922741,0.023175,6.576394e-05,3.817278e-04,1395,0.015450,1.260720e-04,0.030899,4.017665e-05,2.479902e+00,1162,1,0,1,1,0
035_power_drill,s1_complete_only_035_power_drill_t6,complete_only,235,0.903878,0.041957,1.844290e-06,1.031316e-05,869,0.027971,9.805655e-07,0.055943,3.351934e-06,0.000000e+00,138,1,0,1,1,1
035_power_drill,s1_complete_only_035_power_drill_t7,complete_only,484,0.814001,0.026733,4.830921e-06,2.612703e-06,1178,0.017822,1.309880e-06,0.035644,7.980306e-06,0.000000e+00,282,1,0,1,1,0
035_power_drill,s1_complete_only_035_power_drill_t8,complete_only,20,0.968110,0.014800,3.802622e-05,1.003963e-04,1221,0.009867,3.012244e-05,0.019733,3.101126e-05,4.602238e+00,3134,1,0,1,1,0
035_power_drill,s1_complete_only_035_power_drill_t9,complete_only,508,0.759855,0.047220,4.565453e-04,3.252654e-03,2264,0.031480,6.589861e-04,0.062960,3.792029e-04,4.468983e-01,238,1,0,1,1,0
021_bleach_cleanser,s1_epi_max_021_bleach_cleanser_t0,complete_epi,9,0.932995,0.038889,7.861204e-05,4.598519e-04,1028,0.025926,6.699930e-05,0.051852,6.055586e-05,3.227930e-02,108,1,0,1,1,1
021_bleach_cleanser,s1_epi_max_021_bleach_cleanser_t1,complete_epi,689,0.648792,0.057837,2.618648e-04,1.032571e-03,3212,0.038558,3.598546e-04,0.077116,1.837391e-04,1.000264e+00,227,1,0,1,1,1
021_bleach_cleanser,s1_epi_max_021_bleach_cleanser_t2,complete_epi,36,0.930901,0.039085,6.887472e-05,7.122616e-04,1003,0.026056,9.332661e-05,0.052113,4.620814e-05,4.619606e-01,180,1,0,1,1,1
021_bleach_cleanser,s1_epi_max_021_bleach_cleanser_t3,complete_epi,604,0.856183,0.039541,5.312916e-05,2.313137e-04,1418,0.026360,1.117403e-04,0.052721,4.930726e-05,1.091938e-01,123,1,0,1,1,1
021_bleach_cleanser,s1_epi_max_021_bleach_cleanser_t4,complete_epi,1402,0.602627,0.049727,3.000374e-05,2.060713e-04,2432,0.033151,1.975816e-05,0.066303,4.841110e-05,1.446104e-01,159,1,0,1,1,1
021_bleach_cleanser,s1_epi_max_021_bleach_cleanser_t5,complete_epi,300,0.902654,0.040541,9.191101e-05,3.817326e-04,1675,0.027027,8.795966e-05,0.054054,4.726463e-05,3.752085e-01,232,1,0,1,1,1
021_bleach_cleanser,s1_epi_max_021_bleach_cleanser_t7,complete_epi,39,0.942807,0.018076,6.261803e-07,1.020106e-06,1455,0.012051,6.433952e-07,0.024102,1.299252e-06,3.464963e-01,920,1,0,1,1,0
021_bleach_cleanser,s1_epi_max_021_bleach_cleanser_t8,complete_epi,108,0.891117,0.040407,2.583919e-06,0.000000e+00,655,0.026938,0.000000e+00,0.053876,9.057363e-06,0.000000e+00,109,1,0,1,1,1
021_bleach_cleanser,s1_epi_max_021_bleach_cleanser_t9,complete_epi,3,0.939492,0.021364,2.432677e-04,7.509882e-04,1490,0.014243,3.314981e-04,0.028486,2.018063e-04,1.340912e+00,726,1,0,1,1,0
005_tomato_soup_can,s1_epi_summax_005_tomato_soup_can_t0,complete_epi,54,0.876472,0.019058,2.539265e-04,1.891813e-06,492,0.012706,1.045514e-06,0.025411,8.813145e-07,3.234132e-01,743,1,0,1,1,1
005_tomato_soup_can,s1_epi_summax_005_tomato_soup_can_t1,complete_epi,61,0.872553,0.019127,2.057133e-04,1.568137e-06,530,0.012751,7.732627e-07,0.025502,6.788240e-07,3.922656e-01,802,1,0,1,1,1
005_tomato_soup_can,s1_epi_summax_005_tomato_soup_can_t2,complete_epi,44,0.873233,0.018764,2.169777e-04,1.765722e-06,535,0.012510,5.814643e-07,0.025019,7.255399e-07,3.716838e-01,766,1,0,1,1,1
005_tomato_soup_can,s1_epi_summax_005_tomato_soup_can_t3,complete_epi,44,0.866603,0.019030,2.551268e-04,1.917084e-06,469,0.012687,1.325029e-06,0.025374,8.588689e-07,2.411167e-01,669,1,0,1,1,1
005_tomato_soup_can,s1_epi_summax_005_tomato_soup_can_t4,complete_epi,116,0.865170,0.019097,1.830425e-04,1.761937e-06,569,0.012731,6.123320e-07,0.025462,6.233906e-07,2.791318e-01,703,1,0,1,1,1
005_tomato_soup_can,s1_epi_summax_005_tomato_soup_can_t5,complete_epi,16,0.898799,0.018947,1.880418e-04,1.735034e-06,510,0.012631,6.286034e-07,0.025263,6.712435e-07,3.367226e-01,714,1,0,1,1,1
005_tomato_soup_can,s1_epi_summax_005_tomato_soup_can_t6,complete_epi,61,0.869204,0.019021,2.312812e-04,1.820282e-06,599,0.012680,6.431096e-07,0.025361,7.338827e-07,3.492587e-01,765,1,0,1,1,1
005_tomato_soup_can,s1_epi_summax_005_tomato_soup_can_t8,complete_epi,48,0.873685,0.018782,2.714511e-04,2.322737e-06,516,0.012521,1.144497e-06,0.025042,8.041398e-07,3.470884e-01,753,1,0,1,1,1
061_foam_brick,s1_epi_summax_061_foam_brick_t0,complete_epi,1048,0.833228,0.016198,3.243249e-03,1.476578e-04,473,0.010799,6.404455e-05,0.021597,2.722250e-05,8.002142e-01,945,1,0,1,1,1
061_foam_brick,s1_epi_summax_061_foam_brick_t1,complete_epi,1171,0.746611,0.017280,1.429926e-03,3.160294e-05,736,0.011520,1.716964e-05,0.023040,1.162935e-05,1.495061e+00,1008,1,0,1,1,1
061_foam_brick,s1_epi_summax_061_foam_brick_t2,complete_epi,797,0.860146,0.017077,4.371173e-04,1.593750e-06,1128,0.011384,7.198429e-07,0.022769,6.449450e-07,1.376865e+00,1937,1,0,1,1,0
061_foam_brick,s1_epi_summax_061_foam_brick_t3,complete_epi,424,0.907443,0.017390,1.089795e-03,1.633360e-06,1615,0.011593,5.832280e-07,0.023187,2.482572e-06,1.421991e+00,1911,1,0,1,1,0
061_foam_brick,s1_epi_summax_061_foam_brick_t4,complete_epi,1166,0.700887,0.016651,1.503442e-03,2.176173e-05,841,0.011101,5.954858e-06,0.022201,8.162539e-06,1.069917e+00,1086,1,0,1,1,1
061_foam_brick,s1_epi_summax_061_foam_brick_t5,complete_epi,0,0.979360,0.016478,4.977829e-04,7.948329e-06,428,0.010986,3.134030e-06,0.021971,1.215243e-05,1.744435e+00,1144,1,0,1,1,1
061_foam_brick,s1_epi_summax_061_foam_brick_t6,complete_epi,1003,0.758699,0.017337,7.271674e-04,5.405956e-06,1184,0.011558,3.475573e-07,0.023117,2.096159e-06,1.193518e+00,1102,1,0,1,1,0
061_foam_brick,s1_epi_summax_061_foam_brick_t7,complete_epi,989,0.807324,0.017383,2.547781e-03,2.909497e-05,693,0.011589,6.878896e-06,0.023177,8.180446e-06,1.258680e+00,1203,1,0,1,1,1
061_foam_brick,s1_epi_summax_061_foam_brick_t8,complete_epi,449,0.909403,0.017029,2.034512e-04,6.943068e-07,1057,0.011352,4.413060e-07,0.022705,4.211437e-07,1.063078e+00,1943,1,0,1,1,1
061_foam_brick,s1_epi_summax_061_foam_brick_t9,complete_epi,330,0.918498,0.016196,1.623381e-03,2.081931e-06,1018,0.010798,8.849640e-07,0.021595,1.976108e-05,1.246861e+00,1109,1,0,1,1,1
035_power_drill,s1_epi_sumsum_035_power_drill_t0,complete_epi,818,0.752207,0.041747,5.711183e-04,4.734986e-06,852,0.027831,1.456335e-06,0.055663,1.265596e-06,0.000000e+00,164,1,0,1,1,1
035_power_drill,s1_epi_sumsum_035_power_drill_t1,complete_epi,278,0.898083,0.043742,4.785144e-02,1.402979e-05,616,0.029161,9.684819e-05,0.058322,2.217067e-04,0.000000e+00,141,1,0,1,1,1
035_power_drill,s1_epi_sumsum_035_power_drill_t3,complete_epi,152,0.876042,0.046270,1.576341e-01,1.649242e-03,1029,0.030847,1.267554e-04,0.061693,2.188838e-04,4.307636e-02,144,1,0,1,1,1
035_power_drill,s1_epi_sumsum_035_power_drill_t4,complete_epi,13,0.897770,0.043538,8.302954e-04,0.000000e+00,462,0.029026,0.000000e+00,0.058051,6.909364e-05,0.000000e+00,68,1,0,1,1,0
035_power_drill,s1_epi_sumsum_035_power_drill_t5,complete_epi,607,0.770961,0.042369,3.601951e-02,1.226010e-04,940,0.028246,5.206654e-05,0.056492,8.777088e-05,0.000000e+00,166,1,0,1,1,0
035_power_drill,s1_epi_sumsum_035_power_drill_t6,complete_epi,350,0.854997,0.043135,1.645046e-03,1.154984e-05,885,0.028757,1.087940e-06,0.057513,1.169283e-05,0.000000e+00,151,1,0,1,1,1
035_power_drill,s1_epi_sumsum_035_power_drill_t7,complete_epi,8,0.931765,0.033997,3.542755e-04,0.000000e+00,741,0.022665,0.000000e+00,0.045330,1.426761e-06,0.000000e+00,205,1,0,1,1,0
035_power_drill,s1_epi_sumsum_035_power_drill_t9,complete_epi,54,0.858122,0.024893,3.232026e-03,3.638334e-06,1228,0.016596,6.568247e-07,0.033191,5.274483e-06,4.585368e-03,338,1,0,1,1,0
021_bleach_cleanser,s2_complete_only_021_bleach_cleanser_t0,complete_only,4,0.918300,0.039332,1.080661e-06,0.000000e+00,502,0.026221,0.000000e+00,0.052442,1.225386e-05,0.000000e+00,78,1,0,1,1,0
021_bleach_cleanser,s2_complete_only_021_bleach_cleanser_t1,complete_only,31,0.928610,0.039162,5.533220e-05,3.374354e-04,911,0.026108,5.990689e-05,0.052216,2.884498e-05,3.891358e-03,122,1,0,1,1,1
021_bleach_cleanser,s2_complete_only_021_bleach_cleanser_t2,complete_only,14,0.861463,0.038940,3.766570e-06,9.508844e-06,1410,0.025960,3.993558e-06,0.051920,3.388533e-06,3.732355e-02,167,1,0,1,1,1
021_bleach_cleanser,s2_complete_only_021_bleach_cleanser_t3,complete_only,803,0.817651,0.039284,1.409152e-04,5.178286e-04,810,0.026189,1.974712e-04,0.052378,7.913997e-05,3.241971e-01,146,1,0,1,1,1
021_bleach_cleanser,s2_complete_only_021_bleach_cleanser_t4,complete_only,19,0.852957,0.063094,1.474530e-03,3.813555e-03,1068,0.042063,1.427057e-03,0.084126,9.784348e-04,3.309475e+00,84,1,0,1,1,0
021_bleach_cleanser,s2_complete_only_021_bleach_cleanser_t5,complete_only,18,0.939057,0.040325,5.148172e-05,2.926845e-04,935,0.026884,3.469638e-05,0.053767,4.551364e-05,0.000000e+00,75,1,0,1,1,0
021_bleach_cleanser,s2_complete_only_021_bleach_cleanser_t6,complete_only,9,0.911459,0.038926,2.276361e-05,5.857629e-05,1162,0.025951,2.160131e-05,0.051902,1.365334e-05,9.624458e-02,141,1,0,1,1,1
021_bleach_cleanser,s2_complete_only_021_bleach_cleanser_t7,complete_only,0,0.966255,0.022418,3.064385e-06,5.372950e-06,981,0.014945,2.928219e-06,0.029890,3.074655e-06,3.353127e-01,538,1,0,1,1,0
021_bleach_cleanser,s2_complete_only_021_bleach_cleanser_t8,complete_only,44,0.930640,0.038756,4.689249e-05,3.734154e-04,832,0.025837,5.201035e-05,0.051675,3.860861e-05,1.764174e-01,150,1,0,1,1,1
021_bleach_cleanser,s2_complete_only_021_bleach_cleanser_t9,complete_only,7,0.904699,0.038854,4.226793e-05,3.143494e-04,827,0.025903,3.347930e-05,0.051806,3.562786e-05,0.000000e+00,119,1,0,1,1,1
005_tomato_soup_can,s2_epi_max_005_tomato_soup_can_t0,complete_epi,36,0.880152,0.018947,7.611710e-07,1.386790e-06,685,0.012632,7.195047e-07,0.025263,7.823527e-07,4.605627e-01,908,1,0,1,1,1
005_tomato_soup_can,s2_epi_max_005_tomato_soup_can_t1,complete_epi,3,0.908105,0.018699,6.431790e-07,1.813054e-06,555,0.012466,7.039771e-07,0.024932,6.754352e-07,3.590662e-01,774,1,0,1,1,1
005_tomato_soup_can,s2_epi_max_005_tomato_soup_can_t2,complete_epi,69,0.868719,0.019086,8.147767e-07,1.526966e-06,652,0.012724,7.789228e-07,0.025448,8.215424e-07,4.936780e-01,942,1,0,1,1,1
005_tomato_soup_can,s2_epi_max_005_tomato_soup_can_t3,complete_epi,46,0.873447,0.019151,4.777205e-07,1.298402e-06,496,0.012767,5.159394e-07,0.025534,5.040587e-07,2.305277e-01,656,1,0,1,1,1
005_tomato_soup_can,s2_epi_max_005_tomato_soup_can_t4,complete_epi,103,0.866218,0.019181,6.155549e-07,1.451790e-06,539,0.012787,6.700389e-07,0.025574,6.278245e-07,3.045457e-01,687,1,0,1,1,0
005_tomato_soup_can,s2_epi_max_005_tomato_soup_can_t5,complete_epi,55,0.868419,0.018955,7.259262e-07,1.637103e-06,593,0.012637,6.446064e-07,0.025274,6.795331e-07,3.073046e-01,673,1,0,1,1,1
005_tomato_soup_can,s2_epi_max_005_tomato_soup_can_t6,complete_epi,8,0.898722,0.019424,7.587193e-07,1.293228e-06,558,0.012949,7.291581e-07,0.025898,7.822752e-07,1.038921e-01,375,1,0,1,1,0
005_tomato_soup_can,s2_epi_max_005_tomato_soup_can_t7,complete_epi,66,0.858586,0.018990,7.750967e-07,1.448439e-06,647,0.012660,7.604544e-07,0.025320,7.747639e-07,4.992446e-01,955,1,0,1,1,1
005_tomato_soup_can,s2_epi_max_005_tomato_soup_can_t8,complete_epi,26,0.885505,0.018623,7.455304e-07,2.422911e-06,488,0.012416,7.675293e-07,0.024831,6.834809e-07,2.886706e-01,688,1,0,1,1,1
005_tomato_soup_can,s2_epi_max_005_tomato_soup_can_t9,complete_epi,6,0.885820,0.018920,7.635691e-07,1.489565e-06,641,0.012613,7.577536e-07,0.025227,7.917304e-07,2.978945e-01,637,1,0,1,1,1
061_foam_brick,s2_epi_max_061_foam_brick_t0,complete_epi,305,0.934903,0.017153,4.230971e-06,8.591243e-07,956,0.011435,4.893696e-07,0.022871,5.470917e-06,1.323191e+00,1579,1,0,1,1,0
061_foam_brick,s2_epi_max_061_foam_brick_t1,complete_epi,537,0.947083,0.016695,5.564202e-06,2.550312e-05,617,0.011130,6.900449e-06,0.022260,1.024755e-05,9.430197e-01,908,1,0,1,1,1
061_foam_brick,s2_epi_max_061_foam_brick_t2,complete_epi,194,0.963914,0.017972,1.097477e-05,8.188424e-06,683,0.011982,1.327185e-05,0.023963,1.869447e-05,1.487525e+00,1328,1,0,1,1,1
061_foam_brick,s2_epi_max_061_foam_brick_t3,complete_epi,1353,0.500926,0.016524,7.032535e-06,2.908658e-05,839,0.011016,9.052660e-06,0.022033,7.256706e-06,1.707806e+00,1618,1,0,1,1,1
061_foam_brick,s2_epi_max_061_foam_brick_t4,complete_epi,417,0.950254,0.016486,2.057192e-06,2.536318e-06,1224,0.010991,1.354360e-06,0.021982,5.327166e-06,8.588951e-01,1186,1,0,1,1,1
061_foam_brick,s2_epi_max_061_foam_brick_t5,complete_epi,0,0.975593,0.016279,1.519598e-06,5.226714e-06,384,0.010853,2.122234e-06,0.021705,8.590150e-06,1.079443e+00,1041,1,0,1,1,1
061_foam_brick,s2_epi_max_061_foam_brick_t6,complete_epi,34,0.956428,0.017221,1.169865e-06,2.751213e-06,1303,0.011480,9.891327e-07,0.022961,1.745526e-06,1.619393e+00,2081,1,0,1,1,0
061_foam_brick,s2_epi_max_061_foam_brick_t7,complete_epi,16,0.959972,0.016977,8.352137e-07,1.651011e-06,1400,0.011318,7.379729e-07,0.022636,2.979226e-06,1.795769e+00,2192,1,0,1,1,0
061_foam_brick,s2_epi_max_061_foam_brick_t8,complete_epi,100,0.969632,0.016608,1.107565e-06,4.758902e-06,898,0.011072,1.885493e-06,0.022144,9.662426e-07,9.856396e-01,1296,1,0,1,1,1
061_foam_brick,s2_epi_max_061_foam_brick_t9,complete_epi,734,0.877799,0.016796,2.401299e-06,2.041498e-06,982,0.011198,7.943232e-07,0.022395,5.540478e-06,1.502844e+00,1887,1,0,1,1,1
035_power_drill,s2_epi_summax_035_power_drill_t0,complete_epi,300,0.860821,0.039149,1.061074e-02,3.537100e-05,1661,0.026099,1.221290e-05,0.052199,2.151776e-05,4.550939e-01,373,1,0,1,1,1
035_power_drill,s2_epi_summax_035_power_drill_t2,complete_epi,12,0.911085,0.041680,4.962097e-02,2.923282e-04,1397,0.027787,4.662701e-05,0.055573,7.113535e-05,5.699024e-01,378,1,0,1,1,1
035_power_drill,s2_epi_summax_035_power_drill_t3,complete_epi,217,0.848539,0.043530,5.476622e-02,2.255624e-04,1063,0.029020,3.320096e-05,0.058040,1.735335e-04,1.845605e-01,151,1,0,1,1,1
035_power_drill,s2_epi_summax_035_power_drill_t4,complete_epi,0,0.936087,0.056838,1.470595e-01,2.985451e-05,9543,0.037892,2.349426e-06,0.075784,6.234381e-05,0.000000e+00,630,1,0,1,1,0
035_power_drill,s2_epi_summax_035_power_drill_t5,complete_epi,0,0.961212,0.036315,0.000000e+00,0.000000e+00,678,0.024210,0.000000e+00,0.048420,1.018415e-06,0.000000e+00,189,1,0,1,1,0
035_power_drill,s2_epi_summax_035_power_drill_t6,complete_epi,75,0.921380,0.041735,8.420034e-03,1.124156e-04,1115,0.027823,4.072906e-05,0.055647,3.610157e-05,8.215609e-01,315,1,0,1,1,1
035_power_drill,s2_epi_summax_035_power_drill_t7,complete_epi,283,0.866158,0.046015,7.058634e-02,1.040447e-03,947,0.030677,1.646249e-04,0.061353,2.086243e-04,7.106917e-01,179,1,0,1,1,1
035_power_drill,s2_epi_summax_035_power_drill_t8,complete_epi,224,0.865145,0.041031,6.391478e-03,1.199746e-05,1003,0.027354,8.350110e-06,0.054709,9.204494e-06,7.920182e-03,172,1,0,1,1,1
021_bleach_cleanser,s2_epi_sumsum_021_bleach_cleanser_t0,complete_epi,9,0.912471,0.039332,1.012736e-02,1.226537e-04,834,0.026221,6.025354e-06,0.052442,1.531175e-05,0.000000e+00,108,1,0,1,1,1
021_bleach_cleanser,s2_epi_sumsum_021_bleach_cleanser_t2,complete_epi,6,0.899285,0.022667,3.418738e-02,5.377403e-04,706,0.015111,3.760962e-04,0.030222,2.597153e-04,1.475289e+00,202,1,0,1,1,0
021_bleach_cleanser,s2_epi_sumsum_021_bleach_cleanser_t3,complete_epi,1191,0.286602,0.051206,5.451806e-02,1.814578e-04,2594,0.034138,4.193975e-05,0.068275,4.215093e-05,8.495561e-01,418,1,0,1,1,0
021_bleach_cleanser,s2_epi_sumsum_021_bleach_cleanser_t4,complete_epi,42,0.938587,0.038911,3.748007e-02,3.426759e-04,986,0.025940,5.794142e-05,0.051881,3.353245e-05,2.634276e-02,113,1,0,1,1,1
021_bleach_cleanser,s2_epi_sumsum_021_bleach_cleanser_t5,complete_epi,6,0.953626,0.028747,2.606650e-02,1.617311e-04,738,0.019165,5.075997e-05,0.038330,5.681465e-05,2.709903e-01,288,1,0,1,1,0
021_bleach_cleanser,s2_epi_sumsum_021_bleach_cleanser_t6,complete_epi,7,0.911619,0.038930,4.701617e-03,4.040079e-05,822,0.025953,1.349291e-05,0.051906,8.247954e-06,3.773133e-03,106,1,0,1,1,1
021_bleach_cleanser,s2_epi_sumsum_021_bleach_cleanser_t7,complete_epi,9,0.946443,0.019993,3.138284e-03,1.309223e-05,1356,0.013329,4.799135e-06,0.026658,4.987088e-06,1.104257e+00,891,1,0,1,1,0
021_bleach_cleanser,s2_epi_sumsum_021_bleach_cleanser_t8,complete_epi,42,0.933294,0.038636,1.446423e-02,2.557285e-04,494,0.025757,3.354463e-05,0.051514,3.908212e-05,6.571095e-02,111,1,0,1,1,1
021_bleach_cleanser,s2_epi_sumsum_021_bleach_cleanser_t9,complete_epi,15,0.891611,0.038896,2.556432e-02,3.249656e-04,1070,0.025931,8.578073e-05,0.051862,3.281362e-05,0.000000e+00,171,1,0,1,1,1
006_mustard_bottle,s0_complete_only_006_mustard_bottle_t0,complete_only,53,0.845703,0.032858,1.358498e-05,3.227010e-05,1865,0.021906,1.056382e-05,0.043811,2.057522e-05,7.064831e-01,511,1,0,1,1,1
006_mustard_bottle,s0_complete_only_006_mustard_bottle_t1,complete_only,14,0.798386,0.032205,7.210541e-06,2.260777e-05,2149,0.021470,5.250753e-06,0.042940,1.271550e-05,6.691722e-01,681,1,0,1,1,1
006_mustard_bottle,s0_complete_only_006_mustard_bottle_t3,complete_only,13,0.834245,0.032551,5.925094e-06,1.424377e-05,2074,0.021700,5.917066e-06,0.043401,6.464070e-06,5.454431e-01,375,1,0,1,1,1
006_mustard_bottle,s0_complete_only_006_mustard_bottle_t4,complete_only,0,0.827230,0.032174,5.115432e-06,1.461651e-05,1939,0.021449,4.215590e-06,0.042898,6.860482e-06,8.475412e-02,208,1,0,1,1,1
006_mustard_bottle,s0_complete_only_006_mustard_bottle_t5,complete_only,4,0.848634,0.031871,8.751460e-06,2.045447e-05,1422,0.021247,8.188342e-06,0.042495,1.004999e-05,5.332673e-01,268,1,0,1,1,1
006_mustard_bottle,s0_complete_only_006_mustard_bottle_t6,complete_only,429,0.743916,0.032405,2.484608e-05,8.596254e-05,1825,0.021603,1.381541e-05,0.043206,3.126776e-05,8.332990e-01,617,1,0,1,1,1
006_mustard_bottle,s0_complete_only_006_mustard_bottle_t8,complete_only,69,0.840175,0.031906,5.799155e-06,1.026651e-05,2008,0.021271,6.251996e-06,0.042541,5.451152e-06,6.745404e-01,453,1,0,1,1,0
006_mustard_bottle,s0_complete_only_006_mustard_bottle_t9,complete_only,267,0.800847,0.031979,1.569367e-05,4.696893e-05,1936,0.021320,1.069898e-05,0.042639,2.376083e-05,1.222968e+00,875,1,0,1,1,1
051_large_clamp,s0_complete_only_051_large_clamp_t0,complete_only,84,0.934273,0.031974,1.395102e-05,0.000000e+00,686,0.021316,1.305447e-05,0.042632,1.934338e-05,0.000000e+00,152,1,0,1,1,1
051_large_clamp,s0_complete_only_051_large_clamp_t1,complete_only,1,0.956951,0.030692,1.672602e-07,1.296022e-06,946,0.020461,0.000000e+00,0.040923,2.647215e-07,0.000000e+00,207,1,0,1,1,1
051_large_clamp,s0_complete_only_051_large_clamp_t2,complete_only,1,0.976575,0.032416,1.653752e-06,7.257442e-06,1967,0.021610,2.098793e-06,0.043221,1.375768e-06,1.918709e-01,256,1,0,1,1,1
051_large_clamp,s0_complete_only_051_large_clamp_t3,complete_only,5,0.956492,0.032018,1.192174e-06,0.000000e+00,703,0.021345,1.457065e-06,0.042691,2.503092e-06,0.000000e+00,132,1,0,1,1,1
051_large_clamp,s0_complete_only_051_large_clamp_t4,complete_only,0,0.969402,0.030177,4.193598e-08,0.000000e+00,602,0.020118,0.000000e+00,0.040236,1.114010e-06,0.000000e+00,158,1,0,1,1,0
051_large_clamp,s0_complete_only_051_large_clamp_t5,complete_only,5,0.967438,0.032294,3.620594e-06,9.651920e-06,1204,0.021529,2.792833e-06,0.043058,7.090037e-06,1.689436e-01,251,1,0,1,1,1
051_large_clamp,s0_complete_only_051_large_clamp_t6,complete_only,21,0.954947,0.032262,6.750203e-06,5.695618e-05,881,0.021508,1.489831e-06,0.043016,1.186619e-05,0.000000e+00,161,1,0,1,1,1
051_large_clamp,s0_complete_only_051_large_clamp_t7,complete_only,0,0.969334,0.026078,4.513051e-06,1.755567e-05,3518,0.017385,3.000156e-06,0.034771,6.313874e-06,7.373815e-01,788,1,0,1,1,1
051_large_clamp,s0_complete_only_051_large_clamp_t8,complete_only,164,0.912858,0.031360,1.445541e-06,8.894017e-06,796,0.020907,6.846067e-08,0.041813,2.995194e-06,0.000000e+00,148,1,0,1,1,1
051_large_clamp,s0_complete_only_051_large_clamp_t9,complete_only,106,0.949087,0.019108,6.507838e-04,1.308991e-03,982,0.012739,5.826877e-04,0.025478,6.215776e-04,2.268579e+00,815,1,0,1,1,0
011_banana,s0_epi_max_011_banana_t0,complete_epi,1082,0.824348,0.032608,2.570596e-04,1.306781e-03,1886,0.021739,7.750515e-04,0.043477,2.118911e-04,1.160574e+00,516,1,0,1,1,0
011_banana,s0_epi_max_011_banana_t1,complete_epi,1506,0.577912,0.031796,3.986679e-05,4.399746e-05,2862,0.021198,3.035642e-05,0.042395,5.476388e-05,2.868709e-01,280,1,0,1,1,0
011_banana,s0_epi_max_011_banana_t2,complete_epi,1234,0.673895,0.030936,2.144605e-04,1.219388e-03,1726,0.020624,1.422539e-03,0.041248,1.722573e-04,1.097232e+00,871,1,0,1,1,1
011_banana,s0_epi_max_011_banana_t3,complete_epi,1372,0.728318,0.032955,6.419613e-05,1.904352e-04,1586,0.021970,8.249943e-05,0.043941,5.733972e-05,5.023264e-01,246,1,0,1,1,0
011_banana,s0_epi_max_011_banana_t4,complete_epi,1358,0.643182,0.030860,9.370324e-05,6.093065e-04,1501,0.020573,4.532572e-04,0.041146,5.765867e-05,6.868973e-01,553,1,0,1,1,1
011_banana,s0_epi_max_011_banana_t5,complete_epi,901,0.843938,0.032095,3.714393e-05,1.166366e-04,2870,0.021396,2.607280e-05,0.042793,4.729411e-05,7.437589e-01,579,1,0,1,1,0
011_banana,s0_epi_max_011_banana_t6,complete_epi,1590,0.467189,0.031700,2.733450e-04,1.257898e-03,2092,0.021134,2.377921e-03,0.042267,2.340379e-04,9.869621e-01,551,1,0,1,1,0
011_banana,s0_epi_max_011_banana_t7,complete_epi,865,0.844749,0.029047,7.528045e-06,2.164851e-05,2783,0.019365,1.339710e-05,0.038729,1.196655e-05,6.934202e-01,739,1,0,1,1,0
011_banana,s0_epi_max_011_banana_t8,complete_epi,1735,0.456071,0.031457,2.113427e-05,8.650104e-05,1641,0.020972,1.489712e-05,0.041943,2.803737e-05,1.995296e-01,278,1,0,1,1,1
011_banana,s0_epi_max_011_banana_t9,complete_epi,1695,0.422007,0.032363,7.034248e-04,2.913342e-03,1444,0.021576,1.758653e-03,0.043151,3.762027e-04,2.125375e+00,465,1,0,1,1,0
025_mug,s0_epi_summax_025_mug_t0,complete_epi,14,0.944032,0.020684,1.739166e-03,5.966951e-05,484,0.013789,6.756308e-05,0.027579,7.970566e-06,3.319573e-01,209,1,0,1,1,1
025_mug,s0_epi_summax_025_mug_t1,complete_epi,42,0.936261,0.021196,4.206124e-03,6.967519e-05,481,0.014131,2.664846e-05,0.028261,1.801984e-05,3.584355e-01,141,1,0,1,1,1
025_mug,s0_epi_summax_025_mug_t2,complete_epi,92,0.923022,0.020202,2.773468e-04,4.328858e-06,457,0.013468,2.645236e-06,0.026936,1.125141e-06,1.272758e-01,173,1,0,1,1,1
025_mug,s0_epi_summax_025_mug_t3,complete_epi,39,0.923561,0.021371,2.413726e-03,9.522377e-05,364,0.014247,1.105698e-05,0.028494,3.105819e-05,1.666928e-01,133,1,0,1,1,1
025_mug,s0_epi_summax_025_mug_t4,complete_epi,30,0.930751,0.020122,3.638357e-03,4.399162e-05,531,0.013414,2.311958e-05,0.026829,1.294856e-05,4.857037e-01,151,1,0,1,1,1
025_mug,s0_epi_summax_025_mug_t5,complete_epi,128,0.852664,0.020238,4.680582e-04,8.061925e-06,324,0.013492,4.125015e-06,0.026984,3.147389e-06,1.531790e-01,109,1,0,1,1,1
025_mug,s0_epi_summax_025_mug_t6,complete_epi,140,0.908826,0.020911,7.924662e-04,2.330177e-06,1013,0.013941,1.465290e-06,0.027881,1.216734e-06,3.599694e-01,374,1,0,1,1,1
025_mug,s0_epi_summax_025_mug_t7,complete_epi,459,0.673304,0.020610,1.001608e-03,2.610931e-05,636,0.013740,6.125700e-06,0.027481,4.597627e-06,1.390138e-01,168,1,0,1,1,0
025_mug,s0_epi_summax_025_mug_t8,complete_epi,6,0.934924,0.020400,9.631005e-04,4.716343e-06,1090,0.013600,1.325921e-06,0.027200,1.623435e-06,2.401414e-01,280,1,0,1,1,1
025_mug,s0_epi_summax_025_mug_t9,complete_epi,42,0.921587,0.020676,7.188503e-04,2.497257e-06,852,0.013784,1.364439e-06,0.027569,1.347715e-06,2.347491e-01,263,1,0,1,1,1
006_mustard_bottle,s0_epi_sumsum_006_mustard_bottle_t0,complete_epi,41,0.849029,0.032858,1.246340e-02,3.037858e-05,2037,0.021906,1.291138e-05,0.043811,1.423853e-05,7.869964e-01,486,1,0,1,1,1
006_mustard_bottle,s0_epi_sumsum_006_mustard_bottle_t1,complete_epi,113,0.759624,0.032173,1.192934e-02,2.281470e-05,2109,0.021448,6.153533e-06,0.042897,1.561474e-05,5.265911e-01,709,1,0,1,1,1
006_mustard_bottle,s0_epi_sumsum_006_mustard_bottle_t2,complete_epi,0,0.888294,0.032153,6.066282e-03,1.351339e-05,1409,0.021435,6.920552e-06,0.042870,6.135920e-06,2.046604e-01,268,1,0,1,1,1
006_mustard_bottle,s0_epi_sumsum_006_mustard_bottle_t3,complete_epi,1,0.913313,0.028201,3.099158e-03,1.126832e-05,1482,0.018800,6.861880e-06,0.037601,3.758438e-06,7.738846e-03,284,1,0,1,1,1
006_mustard_bottle,s0_epi_sumsum_006_mustard_bottle_t4,complete_epi,58,0.794000,0.031724,6.855637e-03,1.924669e-05,1591,0.021149,5.898586e-06,0.042298,6.290126e-06,6.066888e-02,230,1,0,1,1,1
006_mustard_bottle,s0_epi_sumsum_006_mustard_bottle_t5,complete_epi,0,0.817530,0.031606,3.680364e-03,1.084627e-05,1236,0.021071,5.519696e-06,0.042142,4.190288e-06,4.001549e-02,194,1,0,1,1,1
006_mustard_bottle,s0_epi_sumsum_006_mustard_bottle_t6,complete_epi,326,0.754739,0.032955,1.514951e-02,4.474444e-05,1908,0.021970,1.197938e-05,0.043940,1.850858e-05,9.419416e-01,686,1,0,1,1,1
006_mustard_bottle,s0_epi_sumsum_006_mustard_bottle_t7,complete_epi,224,0.922573,0.012076,2.858470e-03,1.594011e-05,1731,0.008050,2.716007e-06,0.016101,5.174720e-06,1.046664e+00,1291,1,0,1,1,0
006_mustard_bottle,s0_epi_sumsum_006_mustard_bottle_t8,complete_epi,17,0.851826,0.031936,6.276223e-03,9.965464e-06,1895,0.021291,6.241897e-06,0.042582,4.636940e-06,6.523770e-01,453,1,0,1,1,1
006_mustard_bottle,s0_epi_sumsum_006_mustard_bottle_t9,complete_epi,1107,0.715555,0.057234,4.760046e-01,1.104007e-04,11513,0.038156,1.723272e-05,0.076312,1.002974e-04,0.000000e+00,694,1,0,1,1,1
051_large_clamp,s0_epi_sumsum_051_large_clamp_t0,complete_epi,52,0.935253,0.031974,5.636086e-03,0.000000e+00,767,0.021316,1.305447e-05,0.042632,1.934338e-05,0.000000e+00,148,1,0,1,1,1
051_large_clamp,s0_epi_sumsum_051_large_clamp_t2,complete_epi,18,0.974336,0.032678,1.444007e-02,1.279920e-03,1085,0.021786,8.666957e-04,0.043571,7.623943e-06,1.862624e-01,199,1,0,1,1,1
051_large_clamp,s0_epi_sumsum_051_large_clamp_t3,complete_epi,9,0.904392,0.049757,1.130846e-01,5.911912e-04,1137,0.033171,4.257807e-04,0.066343,2.303637e-04,3.881939e-01,148,1,0,1,1,0
051_large_clamp,s0_epi_sumsum_051_large_clamp_t4,complete_epi,0,0.957768,0.030164,2.032807e-04,4.347933e-06,686,0.020110,0.000000e+00,0.040219,7.531446e-07,0.000000e+00,157,1,0,1,1,0
051_large_clamp,s0_epi_sumsum_051_large_clamp_t5,complete_epi,0,0.969449,0.032361,5.392693e-03,2.547727e-05,1432,0.021574,5.625054e-06,0.043147,5.060270e-06,5.762002e-02,211,1,0,1,1,0
051_large_clamp,s0_epi_sumsum_051_large_clamp_t6,complete_epi,0,0.969988,0.032456,2.797935e-03,3.529362e-06,847,0.021638,1.881184e-06,0.043275,7.482707e-06,0.000000e+00,155,1,0,1,1,1
051_large_clamp,s0_epi_sumsum_051_large_clamp_t7,complete_epi,17,0.958553,0.026183,8.184046e-04,1.522384e-06,920,0.017455,0.000000e+00,0.034910,3.698306e-06,0.000000e+00,225,1,0,1,1,0
051_large_clamp,s0_epi_sumsum_051_large_clamp_t8,complete_epi,121,0.926639,0.031497,1.268054e-03,7.830089e-06,1023,0.020998,5.469612e-08,0.041996,2.928748e-06,0.000000e+00,142,1,0,1,1,0
051_large_clamp,s0_epi_sumsum_051_large_clamp_t9,complete_epi,42,0.947833,0.032109,5.234896e-04,0.000000e+00,661,0.021406,1.036417e-06,0.042812,6.140715e-06,0.000000e+00,167,1,0,1,1,0
011_banana,s1_complete_only_011_banana_t0,complete_only,1362,0.668664,0.032232,4.451127e-05,2.970477e-04,2140,0.021488,8.124545e-05,0.042976,4.878462e-05,1.056169e+00,477,1,0,1,1,0
011_banana,s1_complete_only_011_banana_t1,complete_only,994,0.797847,0.031758,8.555548e-05,2.475663e-04,2273,0.021172,7.377912e-05,0.042344,8.402611e-05,7.207562e-01,606,1,0,1,1,1
011_banana,s1_complete_only_011_banana_t2,complete_only,982,0.778978,0.033357,1.785042e-04,6.836226e-04,1773,0.022238,4.314177e-04,0.044476,1.027106e-04,6.421883e-01,388,1,0,1,1,1
011_banana,s1_complete_only_011_banana_t3,complete_only,1884,0.267850,0.031612,2.328294e-05,1.760957e-04,1076,0.021075,6.989959e-05,0.042150,4.634192e-05,2.064106e-01,244,1,0,1,1,0
011_banana,s1_complete_only_011_banana_t4,complete_only,1099,0.753594,0.031313,2.846241e-05,3.074061e-05,2904,0.020875,1.484737e-05,0.041751,5.387946e-05,3.836636e-01,412,1,0,1,1,0
011_banana,s1_complete_only_011_banana_t5,complete_only,1890,0.150885,0.031771,2.821206e-04,1.291052e-03,1760,0.021180,3.607842e-04,0.042361,1.978976e-04,9.316958e-01,714,1,0,1,1,0
011_banana,s1_complete_only_011_banana_t6,complete_only,1911,0.070062,0.032906,3.488009e-04,5.483477e-04,2730,0.021937,3.735505e-04,0.043874,2.871505e-04,3.663991e+00,340,1,0,1,1,0
011_banana,s1_complete_only_011_banana_t7,complete_only,895,0.835107,0.031258,1.307927e-04,4.944805e-04,1860,0.020839,7.428893e-04,0.041677,1.022188e-04,9.213655e-01,813,1,0,1,1,1
011_banana,s1_complete_only_011_banana_t8,complete_only,671,0.870105,0.031452,9.313083e-06,3.148138e-05,2135,0.020968,1.951222e-05,0.041936,8.023890e-06,5.923864e-01,532,1,0,1,1,0
011_banana,s1_complete_only_011_banana_t9,complete_only,736,0.858207,0.032167,1.541042e-04,9.350075e-05,2239,0.021444,3.461254e-04,0.042889,1.627547e-04,8.116564e-01,510,1,0,1,1,1
025_mug,s1_epi_max_025_mug_t0,complete_epi,130,0.864236,0.019955,2.636157e-06,6.066065e-06,728,0.013303,2.568832e-06,0.026607,2.830883e-06,3.452128e-01,242,1,0,1,1,1
025_mug,s1_epi_max_025_mug_t1,complete_epi,30,0.841864,0.027992,2.939125e-06,6.348941e-06,1206,0.018661,2.926842e-06,0.037322,2.831892e-06,2.883736e-01,195,1,0,1,1,1
025_mug,s1_epi_max_025_mug_t2,complete_epi,7,0.939975,0.022271,1.289945e-05,4.291155e-05,597,0.014847,1.389997e-05,0.029694,1.597405e-05,4.907945e-01,163,1,0,1,1,1
025_mug,s1_epi_max_025_mug_t3,complete_epi,1,0.960900,0.023435,1.143143e-06,1.935906e-06,1027,0.015624,1.057921e-06,0.031247,1.111606e-06,4.322858e-02,114,1,0,1,1,1
025_mug,s1_epi_max_025_mug_t4,complete_epi,10,0.948916,0.020630,4.221574e-05,2.250644e-04,338,0.013753,6.493316e-05,0.027507,3.068095e-05,4.460319e-01,156,1,0,1,1,1
025_mug,s1_epi_max_025_mug_t5,complete_epi,71,0.807003,0.020524,1.798501e-06,6.773901e-06,291,0.013683,1.777424e-06,0.027365,2.287415e-06,1.261992e-02,72,1,0,1,1,1
025_mug,s1_epi_max_025_mug_t6,complete_epi,778,0.765326,0.016468,5.341097e-06,2.328678e-05,886,0.010979,4.423434e-06,0.021957,5.830461e-06,9.283380e-01,930,1,0,1,1,0
025_mug,s1_epi_max_025_mug_t7,complete_epi,74,0.922104,0.020319,1.072577e-06,1.821793e-06,926,0.013546,9.109171e-07,0.027092,1.107432e-06,2.027451e-01,261,1,0,1,1,1
025_mug,s1_epi_max_025_mug_t9,complete_epi,47,0.934136,0.020901,1.346277e-06,2.224875e-06,1031,0.013934,1.266864e-06,0.027869,1.293144e-06,3.192515e-01,335,1,0,1,1,1
006_mustard_bottle,s1_epi_summax_006_mustard_bottle_t0,complete_epi,0,0.861184,0.031806,8.363247e-03,2.642337e-05,1574,0.021204,8.988829e-06,0.042408,1.145293e-05,1.301442e-01,274,1,0,1,1,1
006_mustard_bottle,s1_epi_summax_006_mustard_bottle_t1,complete_epi,0,0.973496,0.021818,2.147101e-02,3.839963e-04,1120,0.014545,2.502161e-04,0.029090,1.583816e-04,2.946502e+00,404,1,0,1,1,0
006_mustard_bottle,s1_epi_summax_006_mustard_bottle_t2,complete_epi,18,0.928718,0.030529,6.587742e-03,2.218314e-05,1740,0.020353,5.553290e-06,0.040706,7.925269e-06,7.207265e-01,357,1,0,1,1,1
006_mustard_bottle,s1_epi_summax_006_mustard_bottle_t3,complete_epi,12,0.860733,0.032051,3.220371e-03,9.801061e-06,1766,0.021367,5.875248e-06,0.042735,4.208473e-06,6.360323e-01,467,1,0,1,1,1
006_mustard_bottle,s1_epi_summax_006_mustard_bottle_t4,complete_epi,0,0.881511,0.032376,3.694559e-03,1.060223e-05,1614,0.021584,7.443070e-06,0.043169,5.513488e-06,5.055675e-01,391,1,0,1,1,1
006_mustard_bottle,s1_epi_summax_006_mustard_bottle_t5,complete_epi,384,0.888169,0.021842,3.493550e-02,7.654665e-04,1233,0.014561,5.656107e-04,0.029122,2.090571e-04,3.173878e+00,671,1,0,1,1,0
006_mustard_bottle,s1_epi_summax_006_mustard_bottle_t6,complete_epi,0,0.925756,0.032153,8.725470e-03,2.220871e-05,1648,0.021435,1.387089e-05,0.042871,1.083749e-05,7.313012e-01,453,1,0,1,1,1
006_mustard_bottle,s1_epi_summax_006_mustard_bottle_t7,complete_epi,0,0.955613,0.020284,4.018686e-02,3.158247e-04,1577,0.013523,1.356966e-04,0.027045,1.000301e-04,9.465053e-01,991,1,0,1,1,1
006_mustard_bottle,s1_epi_summax_006_mustard_bottle_t8,complete_epi,9,0.946078,0.029632,1.926284e-03,5.920573e-06,1721,0.019755,1.828143e-06,0.039509,2.318420e-06,1.283838e-01,400,1,0,1,1,1
006_mustard_bottle,s1_epi_summax_006_mustard_bottle_t9,complete_epi,339,0.758828,0.032513,1.177864e-02,3.793193e-05,1807,0.021675,1.138515e-05,0.043351,1.942263e-05,6.722441e-01,539,1,0,1,1,1
051_large_clamp,s1_epi_summax_051_large_clamp_t0,complete_epi,0,0.962700,0.029898,5.921675e-04,4.119913e-06,1146,0.019932,5.788160e-07,0.039864,1.134042e-06,1.221715e-01,219,1,0,1,1,1
051_large_clamp,s1_epi_summax_051_large_clamp_t1,complete_epi,2,0.962855,0.032100,8.265798e-03,1.246302e-05,2942,0.021400,4.090108e-06,0.042800,8.106663e-06,1.301844e+00,1009,1,0,1,1,1
051_large_clamp,s1_epi_summax_051_large_clamp_t2,complete_epi,0,0.962129,0.028897,0.000000e+00,0.000000e+00,696,0.019265,0.000000e+00,0.038530,1.358321e-07,0.000000e+00,162,1,0,1,1,1
051_large_clamp,s1_epi_summax_051_large_clamp_t3,complete_epi,124,0.930577,0.031696,2.288311e-04,0.000000e+00,673,0.021131,0.000000e+00,0.042262,3.351414e-06,0.000000e+00,124,1,0,1,1,1
051_large_clamp,s1_epi_summax_051_large_clamp_t4,complete_epi,4,0.951084,0.032103,3.925597e-03,7.082013e-06,1178,0.021402,3.766740e-06,0.042804,5.118276e-06,1.196336e-01,187,1,0,1,1,1
051_large_clamp,s1_epi_summax_051_large_clamp_t5,complete_epi,1,0.963119,0.032556,9.149685e-03,7.587512e-05,1851,0.021704,3.105311e-05,0.043408,1.885374e-05,2.400733e-01,203,1,0,1,1,0
051_large_clamp,s1_epi_summax_051_large_clamp_t6,complete_epi,11,0.959626,0.030039,2.188035e-04,1.216460e-06,793,0.020026,0.000000e+00,0.040052,5.364426e-07,0.000000e+00,136,1,0,1,1,0
051_large_clamp,s1_epi_summax_051_large_clamp_t7,complete_epi,6,0.966892,0.032413,2.076381e-02,8.118739e-04,1303,0.021609,4.478049e-04,0.043217,4.042452e-05,4.696700e-01,254,1,0,1,1,0
051_large_clamp,s1_epi_summax_051_large_clamp_t9,complete_epi,3,0.958616,0.031961,0.000000e+00,0.000000e+00,654,0.021307,0.000000e+00,0.042614,0.000000e+00,0.000000e+00,161,1,0,1,1,0
011_banana,s1_epi_sumsum_011_banana_t0,complete_epi,1452,0.629005,0.032232,9.842341e-02,9.940528e-04,1758,0.021488,4.956250e-04,0.042976,8.494623e-05,1.138287e+00,506,1,0,1,1,0
011_banana,s1_epi_sumsum_011_banana_t1,complete_epi,751,0.858720,0.031763,1.001092e-01,2.440610e-04,2369,0.021175,7.914043e-05,0.042350,8.387327e-05,8.073923e-01,616,1,0,1,1,1
011_banana,s1_epi_sumsum_011_banana_t2,complete_epi,1368,0.731324,0.031543,1.691520e-02,9.121836e-05,1512,0.021028,4.781284e-05,0.042057,2.201166e-05,4.726252e-01,420,1,0,1,1,0
011_banana,s1_epi_sumsum_011_banana_t3,complete_epi,1881,0.261975,0.031634,3.021263e-02,2.241481e-04,1561,0.021090,1.965578e-05,0.042179,4.339681e-05,7.165805e-01,537,1,0,1,1,0
011_banana,s1_epi_sumsum_011_banana_t4,complete_epi,770,0.869534,0.032509,8.561794e-02,6.079233e-05,3196,0.021672,2.585350e-05,0.043345,7.356328e-05,5.216141e-01,413,1,0,1,1,0
011_banana,s1_epi_sumsum_011_banana_t5,complete_epi,1946,0.050174,0.031594,2.010905e-01,1.398532e-03,1858,0.021063,4.844015e-04,0.042125,2.178124e-04,2.441732e+00,943,1,0,1,1,1
011_banana,s1_epi_sumsum_011_banana_t6,complete_epi,1925,0.068942,0.032787,1.622142e-02,2.963790e-04,1057,0.021858,1.331028e-05,0.043716,7.182822e-05,1.545808e-01,180,1,0,1,1,0
011_banana,s1_epi_sumsum_011_banana_t7,complete_epi,949,0.839938,0.031278,5.208166e-02,2.120131e-04,1838,0.020852,1.667381e-04,0.041704,7.394828e-05,6.082366e-01,479,1,0,1,1,0
011_banana,s1_epi_sumsum_011_banana_t8,complete_epi,802,0.845567,0.031450,1.341230e-02,5.254228e-05,2168,0.020967,3.282889e-05,0.041933,1.001184e-05,6.924269e-01,641,1,0,1,1,0
011_banana,s1_epi_sumsum_011_banana_t9,complete_epi,1366,0.672042,0.032227,2.554061e-01,1.104111e-03,2092,0.021485,3.796351e-04,0.042970,2.020102e-04,1.666826e+00,545,1,0,1,1,0
025_mug,s2_complete_only_025_mug_t0,complete_only,89,0.916563,0.020731,1.101991e-05,2.498414e-05,477,0.013821,1.260069e-05,0.027641,1.213467e-05,2.606237e-01,135,1,0,1,1,1
025_mug,s2_complete_only_025_mug_t1,complete_only,46,0.933925,0.019826,1.135923e-06,2.023678e-06,741,0.013217,1.225789e-06,0.026434,1.331698e-06,2.719653e-01,296,1,0,1,1,1
025_mug,s2_complete_only_025_mug_t3,complete_only,31,0.939188,0.022065,1.312051e-04,3.940827e-04,269,0.014710,2.562771e-04,0.029420,6.398341e-05,3.233523e-01,125,1,0,1,1,1
025_mug,s2_complete_only_025_mug_t5,complete_only,67,0.940274,0.020730,1.329219e-06,2.160853e-06,946,0.013820,1.221540e-06,0.027640,1.349546e-06,2.874102e-01,312,1,0,1,1,1
025_mug,s2_complete_only_025_mug_t6,complete_only,0,0.955421,0.023723,6.165064e-06,2.460483e-05,819,0.015815,4.678983e-06,0.031630,5.417024e-06,2.637169e-01,135,1,0,1,1,0
025_mug,s2_complete_only_025_mug_t7,complete_only,11,0.942236,0.020608,2.481976e-05,1.450950e-04,567,0.013739,1.196379e-05,0.027477,3.826610e-05,5.215876e-01,277,1,0,1,1,1
025_mug,s2_complete_only_025_mug_t8,complete_only,48,0.927358,0.019913,4.973250e-05,3.008932e-04,272,0.013276,1.416449e-04,0.026551,3.087116e-05,3.976226e-01,115,1,0,1,1,1
025_mug,s2_complete_only_025_mug_t9,complete_only,127,0.927744,0.021165,7.024803e-06,1.870844e-05,490,0.014110,6.816160e-06,0.028220,7.428966e-06,3.053574e-01,163,1,0,1,1,1
006_mustard_bottle,s2_epi_max_006_mustard_bottle_t0,complete_epi,0,0.908185,0.032013,9.691725e-06,2.466086e-05,2173,0.021342,3.593521e-06,0.042684,1.725388e-05,4.396227e-01,563,1,0,1,1,1
006_mustard_bottle,s2_epi_max_006_mustard_bottle_t1,complete_epi,1113,0.490308,0.050219,7.333685e-05,4.707820e-04,2651,0.033479,8.053385e-05,0.066959,9.491420e-05,1.033575e+00,504,1,0,1,1,0
006_mustard_bottle,s2_epi_max_006_mustard_bottle_t2,complete_epi,5,0.911200,0.030263,7.125500e-06,3.765088e-05,1183,0.020175,1.181806e-05,0.040350,6.090481e-06,5.753773e-01,231,1,0,1,1,1
006_mustard_bottle,s2_epi_max_006_mustard_bottle_t3,complete_epi,0,0.911950,0.032181,6.703974e-06,1.274771e-05,1779,0.021454,6.697668e-06,0.042908,6.499415e-06,4.413208e-01,326,1,0,1,1,1
006_mustard_bottle,s2_epi_max_006_mustard_bottle_t4,complete_epi,2,0.897111,0.030815,1.231352e-05,3.989602e-05,1603,0.020544,1.074727e-05,0.041087,1.310925e-05,9.258899e-01,317,1,0,1,1,1
006_mustard_bottle,s2_epi_max_006_mustard_bottle_t5,complete_epi,199,0.802275,0.031892,2.765413e-05,1.170675e-04,1929,0.021261,2.510161e-05,0.042522,3.480973e-05,1.067926e+00,777,1,0,1,1,1
006_mustard_bottle,s2_epi_max_006_mustard_bottle_t6,complete_epi,106,0.880301,0.031696,3.572839e-06,6.562802e-06,1810,0.021130,3.699686e-06,0.042261,3.307169e-06,6.183564e-01,448,1,0,1,1,1
006_mustard_bottle,s2_epi_max_006_mustard_bottle_t7,complete_epi,1,0.896652,0.031646,4.459561e-06,8.980423e-06,1696,0.021097,4.552445e-06,0.042194,4.051291e-06,6.012512e-01,432,1,0,1,1,1
006_mustard_bottle,s2_epi_max_006_mustard_bottle_t8,complete_epi,95,0.846419,0.031850,1.016339e-05,2.731036e-05,1599,0.021233,9.777213e-06,0.042467,1.139504e-05,4.460814e-01,196,1,0,1,1,1
006_mustard_bottle,s2_epi_max_006_mustard_bottle_t9,complete_epi,0,0.931629,0.030937,4.881884e-06,1.832454e-05,1969,0.020625,3.741192e-06,0.041249,1.192858e-05,7.525438e-02,478,1,0,1,1,0
051_large_clamp,s2_epi_max_051_large_clamp_t0,complete_epi,10,0.949731,0.030638,0.000000e+00,0.000000e+00,871,0.020425,0.000000e+00,0.040851,0.000000e+00,0.000000e+00,224,1,0,1,1,0
051_large_clamp,s2_epi_max_051_large_clamp_t1,complete_epi,0,0.970065,0.029098,0.000000e+00,0.000000e+00,679,0.019398,0.000000e+00,0.038797,0.000000e+00,0.000000e+00,162,1,0,1,1,1
051_large_clamp,s2_epi_max_051_large_clamp_t2,complete_epi,0,0.966705,0.033615,2.300952e-06,8.726327e-06,3346,0.022410,1.158313e-06,0.044820,5.154573e-06,2.185691e-01,335,1,0,1,1,0
051_large_clamp,s2_epi_max_051_large_clamp_t3,complete_epi,10,0.945863,0.031842,5.975756e-06,1.267517e-05,1277,0.021228,5.069976e-06,0.042456,1.228854e-05,0.000000e+00,150,1,0,1,1,1
051_large_clamp,s2_epi_max_051_large_clamp_t4,complete_epi,0,0.967232,0.029493,2.362603e-07,1.949821e-06,821,0.019662,0.000000e+00,0.039324,1.801927e-07,0.000000e+00,196,1,0,1,1,0
051_large_clamp,s2_epi_max_051_large_clamp_t5,complete_epi,2,0.958211,0.031822,0.000000e+00,0.000000e+00,798,0.021215,0.000000e+00,0.042429,2.344398e-06,0.000000e+00,167,1,0,1,1,1
051_large_clamp,s2_epi_max_051_large_clamp_t6,complete_epi,11,0.963494,0.031046,8.975891e-06,3.320533e-05,2428,0.020698,7.526815e-06,0.041395,1.182757e-05,4.222329e-01,362,1,0,1,1,1
051_large_clamp,s2_epi_max_051_large_clamp_t7,complete_epi,48,0.961114,0.030731,2.067640e-06,5.117794e-06,2538,0.020487,2.589789e-06,0.040974,2.874348e-06,6.588248e-01,585,1,0,1,1,1
051_large_clamp,s2_epi_max_051_large_clamp_t8,complete_epi,0,0.963942,0.029317,0.000000e+00,0.000000e+00,688,0.019545,0.000000e+00,0.039090,0.000000e+00,0.000000e+00,169,1,0,1,1,1
051_large_clamp,s2_epi_max_051_large_clamp_t9,complete_epi,18,0.951921,0.030843,2.025635e-07,1.371297e-06,1251,0.020562,0.000000e+00,0.041124,5.546619e-07,0.000000e+00,215,1,0,1,1,1
011_banana,s2_epi_summax_011_banana_t0,complete_epi,1584,0.550582,0.032968,1.185775e-01,1.268762e-03,1805,0.021979,2.275686e-03,0.043957,1.639208e-04,5.932940e-01,245,1,0,1,1,0
011_banana,s2_epi_summax_011_banana_t1,complete_epi,1284,0.745813,0.032045,2.158876e-02,3.428267e-04,1219,0.021363,2.746650e-04,0.042726,4.047321e-05,2.501847e-01,318,1,0,1,1,0
011_banana,s2_epi_summax_011_banana_t2,complete_epi,756,0.837140,0.032186,1.702546e-01,3.292907e-03,1886,0.021457,1.642012e-03,0.042915,4.997605e-04,1.481231e+00,295,1,0,1,1,0
011_banana,s2_epi_summax_011_banana_t3,complete_epi,676,0.866532,0.033012,8.214196e-02,2.799734e-04,2880,0.022008,1.267206e-04,0.044016,5.659150e-05,1.110777e+00,683,1,0,1,1,0
011_banana,s2_epi_summax_011_banana_t4,complete_epi,1259,0.629610,0.030782,3.860249e-02,2.646767e-04,1721,0.020521,8.423861e-05,0.041042,4.622754e-05,8.490325e-01,570,1,0,1,1,0
011_banana,s2_epi_summax_011_banana_t5,complete_epi,1703,0.419363,0.031618,1.089184e-01,2.064905e-03,1380,0.021079,2.286094e-03,0.042157,2.307666e-04,5.292574e-01,178,1,0,1,1,0
011_banana,s2_epi_summax_011_banana_t6,complete_epi,753,0.806971,0.032363,1.441650e-02,2.205606e-05,3607,0.021575,4.224467e-06,0.043151,6.483657e-06,1.196931e-01,287,1,0,1,1,0
011_banana,s2_epi_summax_011_banana_t7,complete_epi,1665,0.460245,0.032170,5.515165e-02,6.400631e-04,1537,0.021446,2.640257e-04,0.042893,8.103389e-05,1.121430e+00,296,1,0,1,1,0
011_banana,s2_epi_summax_011_banana_t8,complete_epi,1570,0.563046,0.031606,3.674601e-02,2.209922e-04,1798,0.021070,1.211235e-04,0.042141,3.325275e-05,9.523728e-01,636,1,0,1,1,1
011_banana,s2_epi_summax_011_banana_t9,complete_epi,1198,0.748953,0.031872,1.139902e-01,3.048496e-03,1656,0.021248,1.611544e-03,0.042497,1.805165e-04,1.132231e+00,896,1,0,1,1,0
025_mug,s2_epi_sumsum_025_mug_t0,complete_epi,74,0.920747,0.020731,2.566150e-03,1.872791e-05,573,0.013821,3.946802e-06,0.027641,6.907971e-06,1.747808e-01,120,1,0,1,1,1
025_mug,s2_epi_sumsum_025_mug_t1,complete_epi,18,0.944286,0.019850,5.532407e-04,1.852432e-06,569,0.013233,1.056913e-06,0.026466,1.179213e-06,1.075053e-01,180,1,0,1,1,1
025_mug,s2_epi_sumsum_025_mug_t2,complete_epi,563,0.710892,0.027899,2.434290e-01,4.498876e-03,431,0.018600,1.484158e-03,0.037199,8.421353e-04,1.843476e+00,263,1,0,1,1,0
025_mug,s2_epi_sumsum_025_mug_t3,complete_epi,1,0.958771,0.022068,4.748490e-03,4.190230e-05,400,0.014712,3.146594e-05,0.029424,1.357674e-05,2.176932e-01,113,1,0,1,1,1
025_mug,s2_epi_sumsum_025_mug_t4,complete_epi,74,0.926750,0.020640,1.315842e-03,3.071993e-06,924,0.013760,1.674036e-06,0.027520,1.688354e-06,2.912682e-01,304,1,0,1,1,1
025_mug,s2_epi_sumsum_025_mug_t5,complete_epi,96,0.916328,0.020351,4.216407e-03,3.345597e-05,513,0.013568,8.743232e-06,0.027135,1.083382e-05,2.356502e-01,132,1,0,1,1,1
025_mug,s2_epi_sumsum_025_mug_t6,complete_epi,52,0.921775,0.024863,3.459210e-03,2.231079e-05,677,0.016575,6.155752e-06,0.033150,6.550918e-06,2.580969e-01,146,1,0,1,1,1
025_mug,s2_epi_sumsum_025_mug_t7,complete_epi,64,0.905039,0.020527,4.537682e-03,2.471912e-05,659,0.013685,1.162163e-05,0.027369,8.038893e-06,4.683693e-01,214,1,0,1,1,1
025_mug,s2_epi_sumsum_025_mug_t8,complete_epi,63,0.921980,0.019864,5.307349e-03,3.667528e-05,329,0.013243,2.563100e-05,0.026485,1.332662e-05,2.927132e-01,115,1,0,1,1,1
025_mug,s2_epi_sumsum_025_mug_t9,complete_epi,73,0.935319,0.021108,3.419455e-03,1.867067e-05,561,0.014072,6.874115e-06,0.028144,7.458596e-06,2.448266e-01,143,1,0,1,1,1
021_bleach_cleanser,s0_complete_only_021_bleach_cleanser_t0,complete_only,195,0.890599,0.039125,2.019826e-04,7.022229e-04,447,0.026083,1.723323e-04,0.052167,1.662022e-04,6.665655e-02,63,1,0,1,1,0
021_bleach_cleanser,s0_complete_only_021_bleach_cleanser_t1,complete_only,26,0.938654,0.040072,4.796085e-05,2.865305e-04,1300,0.026715,5.655720e-05,0.053430,3.474145e-05,0.000000e+00,106,1,0,1,1,0
021_bleach_cleanser,s0_complete_only_021_bleach_cleanser_t2,complete_only,0,0.958953,0.019976,1.099977e-05,2.839899e-05,1891,0.013318,8.333628e-06,0.026635,1.344418e-05,2.392178e-01,591,1,0,1,1,0
021_bleach_cleanser,s0_complete_only_021_bleach_cleanser_t3,complete_only,25,0.935428,0.039558,9.334406e-05,5.494593e-04,1003,0.026372,4.741263e-05,0.052745,8.508444e-05,1.509350e-02,106,1,0,1,1,1
021_bleach_cleanser,s0_complete_only_021_bleach_cleanser_t5,complete_only,14,0.912608,0.040082,1.049553e-05,2.926978e-05,1440,0.026721,1.067116e-05,0.053442,9.046738e-06,7.994519e-02,138,1,0,1,1,1
021_bleach_cleanser,s0_complete_only_021_bleach_cleanser_t6,complete_only,159,0.908796,0.039738,1.943602e-04,8.041770e-04,582,0.026492,1.151721e-04,0.052984,1.930632e-04,9.209515e-02,78,1,0,1,1,0
021_bleach_cleanser,s0_complete_only_021_bleach_cleanser_t7,complete_only,152,0.922049,0.039475,1.786900e-06,3.794119e-06,1588,0.026317,1.822700e-06,0.052633,1.640388e-06,2.946026e-02,227,1,0,1,1,1
021_bleach_cleanser,s0_complete_only_021_bleach_cleanser_t8,complete_only,261,0.854508,0.038945,6.497102e-05,2.813645e-04,1139,0.025963,8.073340e-05,0.051926,5.662863e-05,2.094013e-01,143,1,0,1,1,1
021_bleach_cleanser,s0_complete_only_021_bleach_cleanser_t9,complete_only,0,0.962209,0.018967,3.095991e-06,1.863466e-05,989,0.012644,3.040697e-06,0.025289,3.274863e-06,4.494620e-03,418,1,0,1,1,0
005_tomato_soup_can,s0_epi_max_005_tomato_soup_can_t0,complete_epi,34,0.865461,0.019010,5.013931e-07,1.946443e-06,424,0.012673,3.334765e-07,0.025346,6.382339e-07,1.830867e-01,599,1,0,1,1,1
005_tomato_soup_can,s0_epi_max_005_tomato_soup_can_t1,complete_epi,6,0.882088,0.019015,8.261330e-07,1.559786e-06,669,0.012677,8.259488e-07,0.025353,8.259552e-07,4.100181e-01,809,1,0,1,1,1
005_tomato_soup_can,s0_epi_max_005_tomato_soup_can_t2,complete_epi,93,0.859318,0.019089,7.425431e-07,1.775388e-06,526,0.012726,1.087719e-06,0.025452,7.406166e-07,2.902740e-01,702,1,0,1,1,1
005_tomato_soup_can,s0_epi_max_005_tomato_soup_can_t3,complete_epi,26,0.887701,0.019046,5.087408e-07,1.583654e-06,481,0.012697,5.530978e-07,0.025394,5.068853e-07,2.650038e-01,702,1,0,1,1,1
005_tomato_soup_can,s0_epi_max_005_tomato_soup_can_t4,complete_epi,41,0.879013,0.018742,5.394488e-07,1.838348e-06,459,0.012495,4.907493e-07,0.024989,5.413101e-07,2.980106e-01,722,1,0,1,1,0
005_tomato_soup_can,s0_epi_max_005_tomato_soup_can_t5,complete_epi,30,0.879398,0.019171,7.438697e-07,1.600111e-06,627,0.012781,7.396802e-07,0.025561,7.740799e-07,3.537593e-01,738,1,0,1,1,1
005_tomato_soup_can,s0_epi_max_005_tomato_soup_can_t7,complete_epi,16,0.887552,0.018803,5.085374e-07,1.518811e-06,450,0.012536,4.484485e-07,0.025071,5.330810e-07,3.062893e-01,725,1,0,1,1,1
005_tomato_soup_can,s0_epi_max_005_tomato_soup_can_t8,complete_epi,24,0.874328,0.018765,7.671951e-07,1.628741e-06,602,0.012510,6.578674e-07,0.025021,8.082695e-07,4.353187e-01,818,1,0,1,1,1
005_tomato_soup_can,s0_epi_max_005_tomato_soup_can_t9,complete_epi,39,0.876393,0.018788,6.765984e-07,1.502689e-06,555,0.012525,6.304545e-07,0.025050,7.070935e-07,3.171029e-01,745,1,0,1,1,1
061_foam_brick,s0_epi_max_061_foam_brick_t0,complete_epi,721,0.868001,0.016189,3.949664e-05,2.145249e-04,921,0.010793,5.461958e-05,0.021586,3.634389e-05,9.397236e-01,870,1,0,1,1,1
061_foam_brick,s0_epi_max_061_foam_brick_t1,complete_epi,44,0.959958,0.016523,1.910520e-06,1.602917e-05,553,0.011015,8.326866e-06,0.022030,3.182628e-06,1.330748e+00,1335,1,0,1,1,0
061_foam_brick,s0_epi_max_061_foam_brick_t2,complete_epi,852,0.852234,0.016743,9.206053e-06,3.785118e-05,492,0.011162,6.404630e-06,0.022324,1.787193e-05,1.934665e+00,965,1,0,1,1,1
061_foam_brick,s0_epi_max_061_foam_brick_t3,complete_epi,1390,0.497201,0.016993,5.580201e-07,2.083100e-06,925,0.011329,3.920048e-07,0.022658,2.973239e-06,1.377138e+00,1545,1,0,1,1,0
061_foam_brick,s0_epi_max_061_foam_brick_t4,complete_epi,277,0.952143,0.017055,2.967698e-04,1.479977e-03,592,0.011370,5.519623e-04,0.022739,1.180357e-04,1.315871e+00,1015,1,0,1,1,1
061_foam_brick,s0_epi_max_061_foam_brick_t5,complete_epi,1052,0.818595,0.016745,5.756214e-06,2.869178e-05,459,0.011163,7.752508e-06,0.022327,1.466171e-05,1.587355e+00,1049,1,0,1,1,1
061_foam_brick,s0_epi_max_061_foam_brick_t6,complete_epi,3,0.955713,0.016899,1.496376e-05,4.240764e-05,516,0.011266,1.159179e-05,0.022532,4.148869e-05,1.467402e+00,847,1,0,1,1,1
061_foam_brick,s0_epi_max_061_foam_brick_t7,complete_epi,446,0.918388,0.017198,4.761942e-07,7.667596e-07,899,0.011465,4.793252e-07,0.022930,4.588424e-07,1.078518e+00,1834,1,0,1,1,0
061_foam_brick,s0_epi_max_061_foam_brick_t8,complete_epi,431,0.909512,0.016978,8.925446e-07,2.227369e-06,1305,0.011319,6.940919e-07,0.022638,1.656459e-06,1.678681e+00,2298,1,0,1,1,1
061_foam_brick,s0_epi_max_061_foam_brick_t9,complete_epi,2,0.971188,0.016679,7.924215e-06,2.055549e-06,578,0.011119,1.054121e-06,0.022239,2.276964e-05,1.139249e+00,1091,1,0,1,1,1
035_power_drill,s0_epi_summax_035_power_drill_t0,complete_epi,222,0.895361,0.041577,2.616178e-04,0.000000e+00,522,0.027718,0.000000e+00,0.055436,8.792739e-06,0.000000e+00,132,1,0,1,1,0
035_power_drill,s0_epi_summax_035_power_drill_t1,complete_epi,1832,0.325749,0.019045,1.368422e-01,2.670132e-03,1226,0.012697,1.493174e-03,0.025393,1.112113e-03,9.561030e+00,1183,1,0,1,1,0
035_power_drill,s0_epi_summax_035_power_drill_t2,complete_epi,524,0.824249,0.043427,5.738796e-02,5.654285e-04,885,0.028952,9.184180e-05,0.057903,1.657983e-04,0.000000e+00,135,1,0,1,1,1
035_power_drill,s0_epi_summax_035_power_drill_t3,complete_epi,116,0.893579,0.041018,0.000000e+00,0.000000e+00,478,0.027345,0.000000e+00,0.054691,1.962352e-08,0.000000e+00,99,1,0,1,1,0
035_power_drill,s0_epi_summax_035_power_drill_t6,complete_epi,271,0.857677,0.039429,1.350539e-04,5.922107e-06,573,0.026286,0.000000e+00,0.052573,1.824564e-06,0.000000e+00,174,1,0,1,1,1
035_power_drill,s0_epi_summax_035_power_drill_t8,complete_epi,226,0.875982,0.048662,3.726936e-05,0.000000e+00,801,0.032441,0.000000e+00,0.064882,1.330013e-05,0.000000e+00,119,1,0,1,1,0
035_power_drill,s0_epi_summax_035_power_drill_t9,complete_epi,0,0.917994,0.009353,7.871715e-03,1.995451e-04,931,0.006235,7.294864e-05,0.012470,7.517242e-05,5.918866e+00,4115,0,0,1,1,
021_bleach_cleanser,s0_epi_sumsum_021_bleach_cleanser_t0,complete_epi,264,0.874871,0.039125,5.907731e-03,2.122590e-04,564,0.026083,0.000000e+00,0.052167,3.001338e-05,0.000000e+00,76,1,0,1,1,1
021_bleach_cleanser,s0_epi_sumsum_021_bleach_cleanser_t2,complete_epi,129,0.907246,0.039489,1.325523e-03,4.711918e-05,519,0.026326,0.000000e+00,0.052652,1.514864e-05,0.000000e+00,93,1,0,1,1,1
021_bleach_cleanser,s0_epi_sumsum_021_bleach_cleanser_t4,complete_epi,10,0.926141,0.040126,1.391351e-03,2.052668e-05,682,0.026750,1.584800e-06,0.053501,4.986962e-06,0.000000e+00,91,1,0,1,1,1
021_bleach_cleanser,s0_epi_sumsum_021_bleach_cleanser_t6,complete_epi,14,0.946419,0.039216,1.452510e-02,3.169088e-04,961,0.026144,2.098350e-06,0.052288,3.620349e-05,0.000000e+00,50,1,0,1,1,0
021_bleach_cleanser,s0_epi_sumsum_021_bleach_cleanser_t7,complete_epi,121,0.927056,0.039482,2.141568e-03,3.757672e-06,1592,0.026322,1.479963e-06,0.052643,1.491853e-06,3.361710e-03,227,1,0,1,1,1
021_bleach_cleanser,s0_epi_sumsum_021_bleach_cleanser_t8,complete_epi,711,0.708781,0.057988,4.974725e-01,1.459659e-03,2665,0.038659,2.746604e-04,0.077318,2.462281e-04,1.604801e+00,117,1,0,1,1,0
021_bleach_cleanser,s0_epi_sumsum_021_bleach_cleanser_t9,complete_epi,52,0.943613,0.039121,1.582628e-02,4.299933e-04,675,0.026081,3.086612e-05,0.052162,5.071147e-05,0.000000e+00,107,1,0,1,1,1
005_tomato_soup_can,s1_complete_only_005_tomato_soup_can_t0,complete_only,70,0.872070,0.019058,1.035900e-06,1.686405e-06,861,0.012706,1.283873e-06,0.025411,9.922904e-07,4.480773e-01,873,1,0,1,1,1
005_tomato_soup_can,s1_complete_only_005_tomato_soup_can_t1,complete_only,67,0.866627,0.019184,7.978447e-07,1.608353e-06,522,0.012789,6.468820e-07,0.025578,7.900911e-07,4.276240e-01,804,1,0,1,1,1
005_tomato_soup_can,s1_complete_only_005_tomato_soup_can_t3,complete_only,33,0.872578,0.018833,1.455240e-06,2.358406e-06,423,0.012556,1.762009e-06,0.025111,1.146027e-06,3.257328e-01,737,1,0,1,1,1
005_tomato_soup_can,s1_complete_only_005_tomato_soup_can_t4,complete_only,44,0.874086,0.019138,6.936008e-07,1.648418e-06,549,0.012759,6.541007e-07,0.025517,6.803787e-07,3.316372e-01,718,1,0,1,1,1
005_tomato_soup_can,s1_complete_only_005_tomato_soup_can_t5,complete_only,26,0.889381,0.018894,7.283009e-07,2.802979e-06,515,0.012596,8.005961e-07,0.025192,6.629916e-07,2.962601e-01,693,1,0,1,1,1
005_tomato_soup_can,s1_complete_only_005_tomato_soup_can_t6,complete_only,6,0.887149,0.019043,7.567511e-07,1.829058e-06,674,0.012695,7.132666e-07,0.025390,8.034074e-07,3.528800e-01,774,1,0,1,1,1
005_tomato_soup_can,s1_complete_only_005_tomato_soup_can_t8,complete_only,15,0.889182,0.018771,1.178250e-06,2.357389e-06,429,0.012514,1.261829e-06,0.025028,9.430525e-07,2.743712e-01,700,1,0,1,1,1
005_tomato_soup_can,s1_complete_only_005_tomato_soup_can_t9,complete_only,17,0.886213,0.018797,6.481480e-07,1.354449e-06,576,0.012531,6.027896e-07,0.025062,6.614080e-07,2.912383e-01,736,1,0,1,1,1
061_foam_brick,s1_complete_only_061_foam_brick_t0,complete_only,844,0.870635,0.016198,1.707240e-04,8.119747e-04,430,0.010799,2.379089e-04,0.021597,1.196799e-04,8.370891e-01,1017,1,0,1,1,1
061_foam_brick,s1_complete_only_061_foam_brick_t1,complete_only,1083,0.781712,0.016813,8.530354e-04,2.815512e-03,305,0.011208,8.282005e-04,0.022417,6.527092e-04,1.466550e+00,986,1,0,1,1,0
061_foam_brick,s1_complete_only_061_foam_brick_t2,complete_only,707,0.886522,0.017272,5.501112e-07,1.198964e-06,1016,0.011515,5.523838e-07,0.023029,6.995985e-07,1.006756e+00,1592,1,0,1,1,1
061_foam_brick,s1_complete_only_061_foam_brick_t3,complete_only,127,0.944806,0.017313,9.201149e-06,5.847910e-06,1508,0.011542,6.523597e-06,0.023084,1.445663e-05,2.414470e+00,1540,1,0,1,1,1
061_foam_brick,s1_complete_only_061_foam_brick_t4,complete_only,1195,0.687932,0.016623,1.763955e-05,7.573008e-05,807,0.011082,1.687511e-05,0.022163,1.156079e-05,1.399369e+00,1566,1,0,1,1,1
061_foam_brick,s1_complete_only_061_foam_brick_t5,complete_only,0,0.975891,0.016502,7.833926e-07,1.546896e-06,995,0.011002,8.682719e-07,0.022003,1.571899e-05,9.214614e-01,940,1,0,1,1,1
061_foam_brick,s1_complete_only_061_foam_brick_t6,complete_only,1097,0.685330,0.017355,3.806858e-06,2.113304e-05,1577,0.011570,3.271472e-06,0.023140,6.202356e-06,1.687029e+00,1319,1,0,1,1,1
061_foam_brick,s1_complete_only_061_foam_brick_t7,complete_only,1113,0.788026,0.017399,4.399893e-06,9.112907e-06,477,0.011599,2.842649e-06,0.023198,5.163587e-06,1.145728e+00,1470,1,0,1,1,1
061_foam_brick,s1_complete_only_061_foam_brick_t8,complete_only,429,0.906546,0.017067,4.574979e-07,7.268025e-07,1136,0.011378,4.858760e-07,0.022756,4.300193e-07,9.436027e-01,1803,1,0,1,1,1
061_foam_brick,s1_complete_only_061_foam_brick_t9,complete_only,376,0.903601,0.016178,5.406834e-04,8.867875e-04,486,0.010785,5.744269e-04,0.021571,3.413572e-04,1.770483e+00,1509,1,0,1,1,1
035_power_drill,s1_epi_max_035_power_drill_t0,complete_epi,969,0.711479,0.041747,9.345039e-07,4.734386e-06,889,0.027831,2.719001e-08,0.055663,8.700646e-07,0.000000e+00,162,1,0,1,1,1
035_power_drill,s1_epi_max_035_power_drill_t2,complete_epi,0,0.982229,0.018775,4.311921e-05,2.696866e-04,1089,0.012517,8.281422e-05,0.025034,5.085789e-05,2.206539e+00,1712,1,0,1,1,0
035_power_drill,s1_epi_max_035_power_drill_t3,complete_epi,141,0.881621,0.045033,1.196459e-04,1.012531e-03,989,0.030022,5.719351e-05,0.060044,1.457974e-04,6.783789e-02,138,1,0,1,1,1
035_power_drill,s1_epi_max_035_power_drill_t4,complete_epi,47,0.900547,0.043466,4.548505e-06,0.000000e+00,469,0.028977,0.000000e+00,0.057955,2.284262e-05,0.000000e+00,67,1,0,1,1,0
035_power_drill,s1_epi_max_035_power_drill_t5,complete_epi,745,0.759572,0.042198,4.114647e-05,2.142780e-04,1003,0.028132,2.594482e-05,0.056264,6.611650e-05,1.178924e-01,181,1,0,1,1,1
035_power_drill,s1_epi_max_035_power_drill_t6,complete_epi,240,0.880369,0.042717,0.000000e+00,0.000000e+00,545,0.028478,0.000000e+00,0.056956,1.227400e-06,0.000000e+00,116,1,0,1,1,0
035_power_drill,s1_epi_max_035_power_drill_t7,complete_epi,348,0.884847,0.043519,1.345482e-04,3.485690e-04,1049,0.029013,6.066285e-05,0.058025,1.583742e-04,3.104345e-02,128,1,0,1,1,1
035_power_drill,s1_epi_max_035_power_drill_t8,complete_epi,199,0.950794,0.028704,3.677844e-05,1.823615e-04,1425,0.019136,4.044122e-05,0.038272,2.549817e-05,2.073441e+00,1245,1,0,1,1,1
035_power_drill,s1_epi_max_035_power_drill_t9,complete_epi,828,0.777731,0.020179,2.900502e-04,8.474973e-04,1711,0.013452,3.619627e-04,0.026905,2.439129e-04,1.679469e+00,933,1,0,1,1,0
021_bleach_cleanser,s1_epi_summax_021_bleach_cleanser_t0,complete_epi,26,0.927869,0.038889,2.830880e-02,6.194115e-04,1020,0.025926,9.563847e-05,0.051852,8.172998e-05,2.212186e-02,98,1,0,1,1,1
021_bleach_cleanser,s1_epi_summax_021_bleach_cleanser_t1,complete_epi,416,0.824534,0.060842,6.360527e-01,2.194149e-03,3680,0.040562,5.089130e-04,0.081123,4.314245e-04,1.761441e+00,299,1,0,1,1,0
021_bleach_cleanser,s1_epi_summax_021_bleach_cleanser_t2,complete_epi,1,0.952009,0.039125,1.698527e-02,4.292411e-04,690,0.026083,1.229359e-04,0.052167,3.107231e-05,5.014995e-02,125,1,0,1,1,1
021_bleach_cleanser,s1_epi_summax_021_bleach_cleanser_t3,complete_epi,530,0.845055,0.039491,1.596826e-02,2.875964e-04,654,0.026328,6.828388e-05,0.052655,5.360399e-05,5.274127e-02,116,1,0,1,1,1
021_bleach_cleanser,s1_epi_summax_021_bleach_cleanser_t4,complete_epi,743,0.836543,0.039449,2.311320e-02,3.774901e-04,842,0.026299,1.489261e-04,0.052598,4.897518e-05,2.699283e-01,143,1,0,1,1,1
021_bleach_cleanser,s1_epi_summax_021_bleach_cleanser_t5,complete_epi,107,0.923690,0.040908,5.629456e-02,9.905402e-04,1620,0.027272,9.942490e-05,0.054545,7.254769e-05,4.576030e-01,265,1,0,1,1,1
021_bleach_cleanser,s1_epi_summax_021_bleach_cleanser_t6,complete_epi,43,0.896998,0.039035,8.457099e-03,2.301295e-04,656,0.026023,1.085986e-05,0.052047,4.367540e-05,4.910551e-02,58,1,0,1,1,0
021_bleach_cleanser,s1_epi_summax_021_bleach_cleanser_t7,complete_epi,0,0.945600,0.016783,3.722885e-03,2.536790e-05,1727,0.011189,3.701729e-06,0.022377,8.769294e-06,1.456225e+00,1965,1,0,1,1,0
021_bleach_cleanser,s1_epi_summax_021_bleach_cleanser_t8,complete_epi,175,0.881616,0.040392,6.364468e-03,1.116244e-04,1027,0.026928,1.572385e-05,0.053855,1.301852e-05,8.743302e-03,192,1,0,1,1,1
021_bleach_cleanser,s1_epi_summax_021_bleach_cleanser_t9,complete_epi,8,0.956851,0.040607,1.284437e-02,4.977027e-05,1533,0.027071,3.514936e-05,0.054142,1.973919e-05,2.159774e-02,424,1,0,1,1,0
005_tomato_soup_can,s1_epi_sumsum_005_tomato_soup_can_t0,complete_epi,60,0.871668,0.019058,2.184720e-04,1.754456e-06,449,0.012706,4.419264e-07,0.025411,7.272027e-07,2.227854e-01,630,1,0,1,1,1
005_tomato_soup_can,s1_epi_sumsum_005_tomato_soup_can_t1,complete_epi,18,0.892110,0.019104,3.944619e-04,1.522641e-06,641,0.012736,7.825806e-07,0.025472,8.270505e-07,3.940558e-01,768,1,0,1,1,1
005_tomato_soup_can,s1_epi_sumsum_005_tomato_soup_can_t2,complete_epi,53,0.883701,0.018705,2.720882e-04,2.207897e-06,487,0.012470,7.621610e-07,0.024940,6.016918e-07,3.063892e-01,732,1,0,1,1,1
005_tomato_soup_can,s1_epi_sumsum_005_tomato_soup_can_t3,complete_epi,34,0.872459,0.018837,3.936371e-04,1.575583e-06,669,0.012558,7.039652e-07,0.025116,8.187637e-07,4.398371e-01,833,1,0,1,1,0
005_tomato_soup_can,s1_epi_sumsum_005_tomato_soup_can_t4,complete_epi,48,0.877731,0.019080,2.870641e-04,1.623561e-06,547,0.012720,6.908855e-07,0.025440,7.255123e-07,3.314873e-01,788,1,0,1,1,1
005_tomato_soup_can,s1_epi_sumsum_005_tomato_soup_can_t5,complete_epi,49,0.884508,0.018966,2.730109e-04,2.270527e-06,470,0.012644,6.245974e-07,0.025288,7.444116e-07,2.718913e-01,652,1,0,1,1,1
005_tomato_soup_can,s1_epi_sumsum_005_tomato_soup_can_t6,complete_epi,24,0.870991,0.018959,4.017802e-04,1.754378e-06,689,0.012640,6.451703e-07,0.025279,7.280623e-07,3.608451e-01,803,1,0,1,1,1
005_tomato_soup_can,s1_epi_sumsum_005_tomato_soup_can_t8,complete_epi,7,0.888444,0.018775,3.920417e-04,2.371971e-06,515,0.012517,1.146095e-06,0.025033,8.060217e-07,2.993212e-01,735,1,0,1,1,1
005_tomato_soup_can,s1_epi_sumsum_005_tomato_soup_can_t9,complete_epi,37,0.876917,0.018810,2.908920e-04,1.388639e-06,582,0.012540,5.983203e-07,0.025080,6.686993e-07,3.031427e-01,757,1,0,1,1,1
061_foam_brick,s1_epi_sumsum_061_foam_brick_t0,complete_epi,900,0.858769,0.016198,2.038470e-03,1.462198e-05,560,0.010799,4.389224e-06,0.021597,4.942442e-06,9.555618e-01,1147,1,0,1,1,1
061_foam_brick,s1_epi_sumsum_061_foam_brick_t1,complete_epi,1173,0.757114,0.017259,2.166600e-03,3.474316e-05,484,0.011506,1.223890e-05,0.023011,9.823529e-06,1.141979e+00,1016,1,0,1,1,1
061_foam_brick,s1_epi_sumsum_061_foam_brick_t2,complete_epi,694,0.896017,0.016994,1.166331e-03,1.416559e-05,748,0.011329,2.952518e-06,0.022659,4.715934e-06,1.371119e+00,1679,1,0,1,1,1
061_foam_brick,s1_epi_sumsum_061_foam_brick_t3,complete_epi,212,0.930747,0.016983,2.977439e-03,9.790957e-07,1098,0.011322,1.500278e-06,0.022644,7.174225e-06,2.073038e+00,1443,1,0,1,1,1
061_foam_brick,s1_epi_sumsum_061_foam_brick_t4,complete_epi,1170,0.707711,0.016632,1.246271e-03,1.661410e-05,767,0.011088,4.754729e-06,0.022176,5.534926e-06,1.093367e+00,1125,1,0,1,1,1
061_foam_brick,s1_epi_sumsum_061_foam_brick_t5,complete_epi,1,0.974768,0.016492,6.431186e-04,5.022812e-06,538,0.010995,1.729260e-06,0.021990,1.563876e-05,1.454973e+00,1012,1,0,1,1,1
061_foam_brick,s1_epi_sumsum_061_foam_brick_t6,complete_epi,1135,0.668996,0.017330,5.034374e-04,7.984797e-06,711,0.011553,5.298344e-07,0.023107,2.674552e-06,5.049215e-01,653,1,0,1,1,1
061_foam_brick,s1_epi_sumsum_061_foam_brick_t7,complete_epi,1152,0.761209,0.017371,1.725647e-03,9.336642e-06,461,0.011581,2.926556e-06,0.023161,5.911043e-06,1.148372e+00,1476,1,0,1,1,0
061_foam_brick,s1_epi_sumsum_061_foam_brick_t8,complete_epi,434,0.904770,0.017057,3.529090e-04,7.058085e-07,933,0.011371,3.865171e-07,0.022743,4.219590e-07,6.898137e-01,1344,1,0,1,1,0
061_foam_brick,s1_epi_sumsum_061_foam_brick_t9,complete_epi,483,0.898059,0.016213,6.648739e-03,5.091223e-06,666,0.010809,9.374734e-07,0.021618,2.288828e-05,9.505935e-01,845,1,0,1,1,1
035_power_drill,s2_complete_only_035_power_drill_t0,complete_only,221,0.867174,0.039149,4.943191e-06,2.773454e-05,1372,0.026099,4.125695e-06,0.052199,1.202511e-05,6.097120e-02,238,1,0,1,1,0
035_power_drill,s2_complete_only_035_power_drill_t2,complete_only,1099,0.657300,0.043245,2.703295e-06,8.691277e-06,1343,0.028830,4.169112e-07,0.057660,1.380965e-05,0.000000e+00,180,1,0,1,1,1
035_power_drill,s2_complete_only_035_power_drill_t3,complete_only,73,0.904702,0.032921,7.304325e-04,2.367424e-03,2527,0.021948,1.408535e-03,0.043895,2.405069e-04,2.412621e+00,909,1,0,1,1,0
035_power_drill,s2_complete_only_035_power_drill_t4,complete_only,781,0.774700,0.039806,9.582045e-06,6.694614e-06,1082,0.026537,1.115517e-05,0.053074,1.194350e-05,5.285306e-02,158,1,0,1,1,0
035_power_drill,s2_complete_only_035_power_drill_t5,complete_only,81,0.891455,0.039325,2.611571e-06,7.256447e-06,1418,0.026217,2.191384e-06,0.052433,4.022980e-06,1.608504e-01,233,1,0,1,1,1
035_power_drill,s2_complete_only_035_power_drill_t7,complete_only,147,0.886409,0.047404,1.779255e-04,8.985205e-04,994,0.031603,1.326983e-04,0.063205,2.088854e-04,4.524659e-01,120,1,0,1,1,1
035_power_drill,s2_complete_only_035_power_drill_t8,complete_only,384,0.830931,0.041239,2.441425e-06,7.942474e-06,894,0.027492,0.000000e+00,0.054985,2.095308e-06,0.000000e+00,165,1,0,1,1,0
035_power_drill,s2_complete_only_035_power_drill_t9,complete_only,15,0.924348,0.034139,8.100483e-04,4.185804e-03,910,0.022759,1.284218e-03,0.045519,4.298451e-04,1.284848e+00,531,1,0,1,1,1
021_bleach_cleanser,s2_epi_max_021_bleach_cleanser_t0,complete_epi,26,0.902089,0.039332,1.752191e-06,0.000000e+00,527,0.026221,0.000000e+00,0.052442,1.349646e-05,0.000000e+00,102,1,0,1,1,0
021_bleach_cleanser,s2_epi_max_021_bleach_cleanser_t1,complete_epi,65,0.913873,0.039200,4.884939e-05,2.781274e-04,585,0.026134,5.488078e-05,0.052267,2.494193e-05,5.914783e-02,136,1,0,1,1,1
021_bleach_cleanser,s2_epi_max_021_bleach_cleanser_t2,complete_epi,18,0.865732,0.038646,3.415159e-06,8.868711e-06,1483,0.025764,3.726208e-06,0.051529,3.389859e-06,1.336642e-02,140,1,0,1,1,1
021_bleach_cleanser,s2_epi_max_021_bleach_cleanser_t3,complete_epi,774,0.825696,0.039382,4.333394e-06,5.029406e-05,826,0.026255,0.000000e+00,0.052510,1.496677e-05,0.000000e+00,109,1,0,1,1,1
021_bleach_cleanser,s2_epi_max_021_bleach_cleanser_t4,complete_epi,42,0.944949,0.038826,5.458565e-05,4.676718e-04,988,0.025884,6.984063e-05,0.051768,3.392993e-05,5.830873e-03,122,1,0,1,1,1
021_bleach_cleanser,s2_epi_max_021_bleach_cleanser_t5,complete_epi,24,0.937484,0.039904,1.955198e-05,1.339822e-04,622,0.026603,6.205356e-06,0.053206,3.149149e-05,0.000000e+00,75,1,0,1,1,0
021_bleach_cleanser,s2_epi_max_021_bleach_cleanser_t6,complete_epi,30,0.892576,0.038931,1.793452e-05,5.143761e-05,1055,0.025954,2.059451e-05,0.051908,1.107934e-05,6.035654e-02,157,1,0,1,1,1
021_bleach_cleanser,s2_epi_max_021_bleach_cleanser_t7,complete_epi,0,0.920826,0.038601,4.377110e-05,1.743187e-04,1285,0.025734,7.097250e-05,0.051468,3.359750e-05,1.380671e-01,129,1,0,1,1,1
021_bleach_cleanser,s2_epi_max_021_bleach_cleanser_t8,complete_epi,49,0.925704,0.038860,3.522659e-05,3.067097e-04,1255,0.025907,4.121616e-05,0.051814,3.094406e-05,2.103026e-02,113,1,0,1,1,1
021_bleach_cleanser,s2_epi_max_021_bleach_cleanser_t9,complete_epi,12,0.915029,0.038875,4.947085e-05,3.229258e-04,1102,0.025916,5.340192e-05,0.051833,3.840514e-05,6.531652e-02,159,1,0,1,1,1
005_tomato_soup_can,s2_epi_summax_005_tomato_soup_can_t0,complete_epi,109,0.854883,0.018947,2.343842e-04,1.468391e-06,589,0.012632,6.519484e-07,0.025263,7.338702e-07,3.518563e-01,764,1,0,1,1,1
005_tomato_soup_can,s2_epi_summax_005_tomato_soup_can_t1,complete_epi,17,0.894772,0.018752,2.484972e-04,1.679452e-06,649,0.012501,9.504056e-07,0.025002,7.301006e-07,2.403835e-01,626,1,0,1,1,1
005_tomato_soup_can,s2_epi_summax_005_tomato_soup_can_t2,complete_epi,43,0.864619,0.019014,2.334041e-04,1.590304e-06,654,0.012676,6.697355e-07,0.025352,6.974787e-07,4.100749e-01,842,1,0,1,1,1
005_tomato_soup_can,s2_epi_summax_005_tomato_soup_can_t3,complete_epi,23,0.751549,0.024643,9.359518e-04,8.573647e-06,1049,0.016428,1.689556e-06,0.032857,1.844394e-06,2.849890e-01,649,1,0,1,1,1
005_tomato_soup_can,s2_epi_summax_005_tomato_soup_can_t4,complete_epi,1,0.852675,0.024903,5.301644e-03,1.186131e-05,1382,0.016602,1.747708e-06,0.033203,1.022239e-05,4.914301e-01,1002,1,0,1,1,1
005_tomato_soup_can,s2_epi_summax_005_tomato_soup_can_t5,complete_epi,90,0.871233,0.019038,2.006713e-04,1.543450e-06,593,0.012692,6.772453e-07,0.025384,6.438584e-07,3.588167e-01,789,1,0,1,1,1
005_tomato_soup_can,s2_epi_summax_005_tomato_soup_can_t7,complete_epi,81,0.861658,0.018989,1.701442e-04,1.670200e-06,479,0.012660,4.823818e-07,0.025319,6.760584e-07,2.538316e-01,690,1,0,1,1,1
005_tomato_soup_can,s2_epi_summax_005_tomato_soup_can_t8,complete_epi,38,0.885390,0.018634,2.662020e-04,2.736845e-06,465,0.012423,1.324815e-06,0.024845,9.131868e-07,2.894540e-01,703,1,0,1,1,1
005_tomato_soup_can,s2_epi_summax_005_tomato_soup_can_t9,complete_epi,24,0.868648,0.018882,2.465886e-04,1.487564e-06,600,0.012588,6.899437e-07,0.025176,7.640457e-07,4.039712e-01,796,1,0,1,1,1
061_foam_brick,s2_epi_summax_061_foam_brick_t0,complete_epi,458,0.919043,0.017153,4.375265e-03,8.573224e-07,671,0.011435,2.725766e-05,0.022871,8.662340e-06,1.413074e+00,1550,1,0,1,1,0
061_foam_brick,s2_epi_summax_061_foam_brick_t1,complete_epi,386,0.956644,0.016697,2.104984e-03,2.777576e-05,530,0.011132,9.454320e-06,0.022263,1.268221e-05,1.059015e+00,1047,1,0,1,1,1
061_foam_brick,s2_epi_summax_061_foam_brick_t2,complete_epi,188,0.964795,0.018031,2.720996e-03,1.230268e-04,676,0.012021,3.171475e-05,0.024041,2.618469e-05,1.180685e+00,1133,1,0,1,1,1
061_foam_brick,s2_epi_summax_061_foam_brick_t3,complete_epi,1369,0.499472,0.016483,2.967665e-03,5.880645e-05,802,0.010989,1.836273e-05,0.021978,2.234120e-05,1.338253e+00,1443,1,0,1,1,1
061_foam_brick,s2_epi_summax_061_foam_brick_t4,complete_epi,552,0.923137,0.016418,6.331694e-04,1.030495e-06,787,0.010945,1.331042e-06,0.021891,2.380765e-06,9.404565e-01,1151,1,0,1,1,1
061_foam_brick,s2_epi_summax_061_foam_brick_t5,complete_epi,0,0.977143,0.016274,1.670599e-03,7.079152e-06,324,0.010849,2.125332e-06,0.021698,8.611137e-06,1.402387e+00,890,1,0,1,1,1
061_foam_brick,s2_epi_summax_061_foam_brick_t6,complete_epi,16,0.954807,0.017172,1.062349e-03,2.885410e-06,1327,0.011448,1.011410e-06,0.022896,1.822451e-06,1.520946e+00,1978,1,0,1,1,0
061_foam_brick,s2_epi_summax_061_foam_brick_t7,complete_epi,6,0.957882,0.016990,5.880810e-04,1.442538e-06,1316,0.011327,7.041791e-07,0.022654,2.787337e-06,1.731769e+00,2219,1,0,1,1,0
061_foam_brick,s2_epi_summax_061_foam_brick_t8,complete_epi,186,0.965494,0.016681,2.908847e-03,1.306642e-05,858,0.011120,2.175778e-06,0.022241,1.178047e-05,1.085896e+00,990,1,0,1,1,1
061_foam_brick,s2_epi_summax_061_foam_brick_t9,complete_epi,755,0.884436,0.016799,1.287291e-03,2.025973e-06,1066,0.011200,1.300525e-06,0.022399,2.738284e-06,1.565564e+00,1648,1,0,1,1,1
035_power_drill,s2_epi_sumsum_035_power_drill_t0,complete_epi,336,0.852167,0.039149,4.491005e-03,2.773454e-05,1346,0.026099,4.125695e-06,0.052199,6.141972e-06,2.794241e-02,202,1,0,1,1,0
035_power_drill,s2_epi_sumsum_035_power_drill_t1,complete_epi,781,0.784314,0.041067,8.680342e-04,8.414495e-06,792,0.027378,0.000000e+00,0.054756,3.998139e-06,0.000000e+00,171,1,0,1,1,0
035_power_drill,s2_epi_sumsum_035_power_drill_t2,complete_epi,118,0.885429,0.041619,7.190350e-02,1.764927e-04,1560,0.027746,9.910161e-05,0.055492,8.620458e-05,7.484664e-01,426,1,0,1,1,0
035_power_drill,s2_epi_sumsum_035_power_drill_t3,complete_epi,1269,0.513943,0.062003,2.426473e-01,2.873963e-04,5482,0.041335,5.725017e-05,0.082671,1.397573e-04,1.266222e+00,445,1,0,1,1,1
035_power_drill,s2_epi_sumsum_035_power_drill_t4,complete_epi,0,0.963803,0.023717,8.693351e-03,1.704411e-05,2188,0.015811,8.082078e-06,0.031622,1.095064e-05,1.152186e+00,1296,1,0,1,1,0
035_power_drill,s2_epi_sumsum_035_power_drill_t5,complete_epi,242,0.841443,0.050049,1.608848e-02,3.074446e-05,2153,0.033366,6.129113e-06,0.066731,2.065359e-05,1.131974e-01,180,1,0,1,1,0
035_power_drill,s2_epi_sumsum_035_power_drill_t6,complete_epi,4,0.934015,0.041729,1.116562e-03,0.000000e+00,654,0.027820,0.000000e+00,0.055639,1.438728e-05,0.000000e+00,111,1,0,1,1,0
035_power_drill,s2_epi_sumsum_035_power_drill_t7,complete_epi,0,0.967176,0.019540,3.813739e-02,5.666716e-04,1337,0.013027,2.462340e-04,0.026054,1.668678e-04,1.630831e+00,712,1,0,1,1,0
035_power_drill,s2_epi_sumsum_035_power_drill_t8,complete_epi,561,0.788820,0.047648,9.301172e-03,1.392804e-05,1786,0.031765,4.449053e-06,0.063530,1.474027e-05,2.846219e-01,297,1,0,1,1,1
035_power_drill,s2_epi_sumsum_035_power_drill_t9,complete_epi,571,0.775774,0.042801,1.683291e-02,1.860491e-05,2708,0.028534,7.864193e-06,0.057068,3.373275e-05,6.748459e-01,518,1,0,1,1,1
025_mug,s0_complete_only_025_mug_t0,complete_only,30,0.939275,0.020684,1.159444e-05,5.966951e-05,413,0.013789,6.756308e-05,0.027579,7.970566e-06,4.641941e-01,249,1,0,1,1,1
025_mug,s0_complete_only_025_mug_t1,complete_only,113,0.926027,0.021345,7.662966e-06,2.043857e-05,524,0.014230,1.679048e-05,0.028459,5.927368e-06,2.893978e-01,206,1,0,1,1,1
025_mug,s0_complete_only_025_mug_t2,complete_only,18,0.936472,0.020351,1.174731e-05,3.330751e-05,394,0.013567,6.506760e-05,0.027134,7.418374e-06,3.712607e-01,185,1,0,1,1,1
025_mug,s0_complete_only_025_mug_t3,complete_only,6,0.917026,0.020948,1.862685e-05,7.300732e-05,392,0.013966,1.190234e-05,0.027931,2.803035e-05,1.918656e-01,123,1,0,1,1,1
025_mug,s0_complete_only_025_mug_t4,complete_only,40,0.938888,0.020087,1.352803e-05,4.339173e-05,772,0.013392,1.347095e-05,0.026783,1.398159e-05,5.551160e-01,213,1,0,1,1,1
025_mug,s0_complete_only_025_mug_t5,complete_only,1,0.952497,0.017889,2.536863e-04,1.041774e-03,914,0.011926,2.617980e-04,0.023852,2.414683e-04,1.808011e+00,1067,1,0,1,1,1
025_mug,s0_complete_only_025_mug_t7,complete_only,85,0.809329,0.020519,4.453155e-05,1.271122e-04,95,0.013680,4.573918e-05,0.027359,2.433103e-05,7.128519e-02,41,1,0,1,1,1
025_mug,s0_complete_only_025_mug_t8,complete_only,142,0.878949,0.020285,2.665481e-06,5.075722e-06,1124,0.013524,2.757667e-06,0.027047,2.654195e-06,2.817293e-01,221,1,0,1,1,1
025_mug,s0_complete_only_025_mug_t9,complete_only,71,0.921971,0.020745,1.319043e-05,3.973012e-05,518,0.013830,1.188707e-05,0.027660,1.132873e-05,5.442775e-01,241,1,0,1,1,1
006_mustard_bottle,s0_epi_max_006_mustard_bottle_t0,complete_epi,160,0.816017,0.032858,1.674021e-05,3.783036e-05,1858,0.021906,1.407300e-05,0.043811,2.088660e-05,7.567444e-01,560,1,0,1,1,1
006_mustard_bottle,s0_epi_max_006_mustard_bottle_t1,complete_epi,36,0.836229,0.031850,1.005638e-05,2.597869e-05,2166,0.021234,8.101819e-06,0.042467,1.362467e-05,5.157460e-01,564,1,0,1,1,1
006_mustard_bottle,s0_epi_max_006_mustard_bottle_t2,complete_epi,15,0.954671,0.033720,1.193304e-05,4.157494e-05,1697,0.022480,1.531944e-05,0.044959,9.200922e-06,4.323885e-01,273,1,0,1,1,0
006_mustard_bottle,s0_epi_max_006_mustard_bottle_t3,complete_epi,29,0.812902,0.032510,5.513558e-06,1.665071e-05,2197,0.021673,4.819577e-06,0.043347,6.111738e-06,1.080348e+00,699,1,0,1,1,1
006_mustard_bottle,s0_epi_max_006_mustard_bottle_t4,complete_epi,2,0.834904,0.032158,5.111432e-06,1.398410e-05,1712,0.021439,4.605679e-06,0.042877,6.224076e-06,3.481871e-02,247,1,0,1,1,1
006_mustard_bottle,s0_epi_max_006_mustard_bottle_t5,complete_epi,32,0.828716,0.032339,5.853433e-06,1.225231e-05,1418,0.021559,6.811315e-06,0.043119,5.317197e-06,2.107939e-01,246,1,0,1,1,1
006_mustard_bottle,s0_epi_max_006_mustard_bottle_t6,complete_epi,216,0.791245,0.032734,1.754457e-05,3.610791e-05,2135,0.021823,8.132076e-06,0.043645,2.121886e-05,8.279444e-01,630,1,0,1,1,1
006_mustard_bottle,s0_epi_max_006_mustard_bottle_t8,complete_epi,7,0.873015,0.031907,5.383316e-06,9.920878e-06,1900,0.021271,6.197293e-06,0.042542,4.602960e-06,5.852563e-01,420,1,0,1,1,1
006_mustard_bottle,s0_epi_max_006_mustard_bottle_t9,complete_epi,248,0.764890,0.032007,1.787327e-05,4.692846e-05,1968,0.021338,9.436320e-06,0.042676,2.083420e-05,8.390386e-01,648,1,0,1,1,1
051_large_clamp,s0_epi_max_051_large_clamp_t0,complete_epi,23,0.941648,0.031974,1.395102e-05,0.000000e+00,715,0.021316,1.305447e-05,0.042632,1.934338e-05,0.000000e+00,146,1,0,1,1,1
051_large_clamp,s0_epi_max_051_large_clamp_t1,complete_epi,5,0.951571,0.039270,3.810160e-06,1.164290e-05,3627,0.026180,3.088377e-06,0.052360,9.284516e-06,1.576121e-01,244,1,0,1,1,1
051_large_clamp,s0_epi_max_051_large_clamp_t2,complete_epi,0,0.974641,0.032480,3.473053e-06,1.473144e-05,1242,0.021653,3.044707e-06,0.043307,3.136436e-06,2.672649e-01,260,1,0,1,1,1
051_large_clamp,s0_epi_max_051_large_clamp_t3,complete_epi,18,0.945680,0.032234,2.409171e-07,0.000000e+00,717,0.021489,0.000000e+00,0.042979,6.799641e-07,0.000000e+00,145,1,0,1,1,1
051_large_clamp,s0_epi_max_051_large_clamp_t4,complete_epi,3,0.984227,0.014462,2.834520e-04,9.855034e-04,395,0.009642,4.598603e-04,0.019283,1.817609e-04,4.971690e+00,4444,1,0,1,1,1
051_large_clamp,s0_epi_max_051_large_clamp_t5,complete_epi,22,0.879112,0.049148,7.436180e-06,1.102469e-05,3825,0.032765,2.507401e-06,0.065530,2.012526e-05,3.903573e-01,393,1,0,1,1,0
051_large_clamp,s0_epi_max_051_large_clamp_t6,complete_epi,20,0.950997,0.032048,7.026876e-05,5.243272e-04,588,0.021365,1.611121e-04,0.042731,4.446023e-05,6.835779e-02,163,1,0,1,1,1
051_large_clamp,s0_epi_max_051_large_clamp_t7,complete_epi,2,0.962825,0.026006,1.571619e-06,1.767949e-06,1402,0.017337,7.982671e-08,0.034675,3.202172e-06,6.738072e-02,286,1,0,1,1,1
051_large_clamp,s0_epi_max_051_large_clamp_t8,complete_epi,71,0.936259,0.031364,3.400581e-06,1.410864e-05,1239,0.020909,2.264880e-06,0.041818,5.693317e-06,0.000000e+00,142,1,0,1,1,1
051_large_clamp,s0_epi_max_051_large_clamp_t9,complete_epi,5,0.963782,0.032096,1.550191e-06,0.000000e+00,763,0.021397,0.000000e+00,0.042795,8.158494e-06,0.000000e+00,144,1,0,1,1,1
011_banana,s0_epi_summax_011_banana_t0,complete_epi,787,0.882785,0.032608,1.622617e-01,8.178968e-04,2204,0.021739,1.187270e-04,0.043477,1.063364e-04,1.157835e+00,520,1,0,1,1,1
011_banana,s0_epi_summax_011_banana_t1,complete_epi,1624,0.509757,0.031835,1.585740e-01,8.403006e-05,2665,0.021224,8.517972e-05,0.042447,1.068953e-04,9.677892e-01,791,1,0,1,1,0
011_banana,s0_epi_summax_011_banana_t2,complete_epi,1007,0.802547,0.030929,9.714075e-02,7.785253e-05,2707,0.020619,5.309496e-05,0.041238,7.461448e-05,7.355854e-01,728,1,0,1,1,1
011_banana,s0_epi_summax_011_banana_t3,complete_epi,1581,0.593492,0.033018,5.466377e-02,1.600927e-04,1479,0.022012,3.324804e-05,0.044024,7.561992e-05,1.051635e-01,218,1,0,1,1,0
011_banana,s0_epi_summax_011_banana_t4,complete_epi,1275,0.719347,0.031199,2.869664e-02,5.783060e-04,1328,0.020800,4.567736e-04,0.041599,5.497760e-05,1.639357e-01,248,1,0,1,1,0
011_banana,s0_epi_summax_011_banana_t5,complete_epi,1196,0.719318,0.032097,7.636628e-02,3.636847e-04,2007,0.021398,1.967712e-04,0.042796,8.633354e-05,1.205531e+00,836,1,0,1,1,1
011_banana,s0_epi_summax_011_banana_t6,complete_epi,1699,0.394880,0.031914,2.367636e-01,3.895551e-03,1440,0.021276,2.250509e-03,0.042552,4.742563e-04,3.337134e+00,789,1,0,1,1,1
011_banana,s0_epi_summax_011_banana_t7,complete_epi,1257,0.661898,0.032631,2.639295e-02,2.598614e-05,3979,0.021754,7.599258e-06,0.043508,1.364719e-05,4.664412e-01,490,1,0,1,1,1
011_banana,s0_epi_summax_011_banana_t8,complete_epi,1822,0.298445,0.031464,2.733969e-02,1.039903e-04,2490,0.020976,2.497279e-05,0.041953,2.928169e-05,6.029578e-01,507,1,0,1,1,0
011_banana,s0_epi_summax_011_banana_t9,complete_epi,1710,0.396734,0.031077,3.748471e-01,1.195223e-03,2918,0.020718,1.861508e-04,0.041436,2.250908e-04,4.598390e-01,430,1,0,1,1,1
025_mug,s0_epi_sumsum_025_mug_t0,complete_epi,21,0.941850,0.020684,1.231777e-03,2.117939e-06,982,0.013789,1.424182e-06,0.027579,1.321866e-06,3.771917e-01,382,1,0,1,1,1
025_mug,s0_epi_sumsum_025_mug_t1,complete_epi,91,0.927094,0.020753,3.881461e-03,3.859542e-05,455,0.013835,1.282691e-05,0.027670,1.158690e-05,3.301564e-01,165,1,0,1,1,1
025_mug,s0_epi_sumsum_025_mug_t2,complete_epi,1,0.931015,0.028364,2.277680e-03,7.355738e-06,972,0.018909,3.567555e-06,0.037818,2.594027e-06,4.979238e-02,44,1,0,1,1,1
025_mug,s0_epi_sumsum_025_mug_t3,complete_epi,27,0.892697,0.021315,4.427858e-03,4.433782e-05,599,0.014210,1.792007e-05,0.028420,1.262790e-05,2.929043e-01,191,1,0,1,1,1
025_mug,s0_epi_sumsum_025_mug_t4,complete_epi,26,0.935836,0.020057,6.483543e-03,8.741823e-05,393,0.013372,4.267160e-05,0.026743,1.789926e-05,5.744975e-01,150,1,0,1,1,1
025_mug,s0_epi_sumsum_025_mug_t5,complete_epi,132,0.851772,0.020322,9.595052e-04,6.579910e-06,316,0.013548,3.354620e-06,0.027096,3.053631e-06,1.468140e-01,92,1,0,1,1,0
025_mug,s0_epi_sumsum_025_mug_t6,complete_epi,58,0.924561,0.020915,1.195273e-03,2.355653e-06,868,0.013943,1.594533e-06,0.027887,1.503029e-06,1.338914e-01,174,1,0,1,1,1
025_mug,s0_epi_sumsum_025_mug_t7,complete_epi,53,0.845965,0.020565,1.023884e-03,6.080161e-06,481,0.013710,2.392930e-06,0.027421,2.636806e-06,9.126016e-02,100,1,0,1,1,1
025_mug,s0_epi_sumsum_025_mug_t8,complete_epi,24,0.939400,0.020506,3.852982e-03,1.229736e-05,803,0.013671,3.628839e-06,0.027341,6.483179e-06,4.564613e-01,239,1,0,1,1,1
025_mug,s0_epi_sumsum_025_mug_t9,complete_epi,72,0.927936,0.020730,3.737936e-03,4.597892e-05,485,0.013820,3.259585e-05,0.027640,1.048376e-05,5.534950e-01,249,1,0,1,1,1
006_mustard_bottle,s1_complete_only_006_mustard_bottle_t0,complete_only,0,0.871906,0.031806,8.563497e-06,2.106258e-05,1330,0.021204,8.542887e-06,0.042408,8.668815e-06,5.510665e-02,196,1,0,1,1,1
006_mustard_bottle,s1_complete_only_006_mustard_bottle_t1,complete_only,2,0.844144,0.032264,6.565191e-06,1.558934e-05,1271,0.021509,7.588912e-06,0.043019,6.135827e-06,1.286827e-01,218,1,0,1,1,1
006_mustard_bottle,s1_complete_only_006_mustard_bottle_t2,complete_only,1,0.937256,0.063691,1.435792e-04,4.668518e-04,11456,0.042461,5.907112e-05,0.084922,2.591509e-04,4.094333e-01,723,1,0,1,1,0
006_mustard_bottle,s1_complete_only_006_mustard_bottle_t3,complete_only,0,0.855864,0.031750,6.245459e-06,1.234853e-05,1784,0.021167,7.757493e-06,0.042334,5.382705e-06,5.618651e-01,408,1,0,1,1,1
006_mustard_bottle,s1_complete_only_006_mustard_bottle_t4,complete_only,0,0.848855,0.032456,8.902428e-06,1.746282e-05,1601,0.021637,9.206114e-06,0.043274,7.766758e-06,5.988238e-01,465,1,0,1,1,1
006_mustard_bottle,s1_complete_only_006_mustard_bottle_t5,complete_only,46,0.825979,0.032475,2.128814e-05,4.540552e-05,2113,0.021650,1.178789e-05,0.043300,2.593055e-05,6.955215e-01,611,1,0,1,1,1
006_mustard_bottle,s1_complete_only_006_mustard_bottle_t6,complete_only,468,0.715018,0.039056,1.772650e-05,6.024697e-05,2496,0.026038,2.712642e-05,0.052075,1.565584e-05,6.521865e-01,494,1,0,1,1,1
006_mustard_bottle,s1_complete_only_006_mustard_bottle_t7,complete_only,0,0.954047,0.017400,3.105059e-06,1.773532e-05,2621,0.011600,1.562355e-06,0.023200,3.891791e-06,5.438164e-01,1176,1,0,1,1,1
006_mustard_bottle,s1_complete_only_006_mustard_bottle_t8,complete_only,13,0.932953,0.029781,2.542154e-06,9.338844e-06,1824,0.019854,2.086658e-06,0.039708,3.015113e-06,1.803598e-01,439,1,0,1,1,1
006_mustard_bottle,s1_complete_only_006_mustard_bottle_t9,complete_only,298,0.791249,0.032347,1.653843e-05,4.951320e-05,1843,0.021564,1.005733e-05,0.043129,2.482096e-05,6.820325e-01,561,1,0,1,1,1
051_large_clamp,s1_complete_only_051_large_clamp_t0,complete_only,4,0.956666,0.029898,1.250026e-06,4.112047e-06,1412,0.019932,1.440231e-06,0.039864,1.134042e-06,5.249724e-02,190,1,0,1,1,1
051_large_clamp,s1_complete_only_051_large_clamp_t1,complete_only,8,0.967784,0.032825,7.026345e-07,3.974626e-06,1004,0.021883,0.000000e+00,0.043766,1.606187e-06,0.000000e+00,185,1,0,1,1,0
051_large_clamp,s1_complete_only_051_large_clamp_t2,complete_only,0,0.956160,0.040942,5.098254e-07,2.386858e-06,1377,0.027295,0.000000e+00,0.054590,1.681770e-06,0.000000e+00,209,1,0,1,1,0
051_large_clamp,s1_complete_only_051_large_clamp_t3,complete_only,67,0.937085,0.031784,7.738567e-07,0.000000e+00,714,0.021189,0.000000e+00,0.042378,3.693864e-06,0.000000e+00,138,1,0,1,1,1
051_large_clamp,s1_complete_only_051_large_clamp_t4,complete_only,4,0.959483,0.032181,2.144925e-06,8.485557e-06,1164,0.021454,1.282018e-06,0.042908,2.172645e-06,1.629530e-01,242,1,0,1,1,1
051_large_clamp,s1_complete_only_051_large_clamp_t5,complete_only,0,0.964566,0.032472,5.754151e-06,3.903863e-05,2213,0.021648,4.791779e-06,0.043296,8.670501e-06,4.773844e-01,409,1,0,1,1,1
051_large_clamp,s1_complete_only_051_large_clamp_t6,complete_only,10,0.961838,0.030063,0.000000e+00,0.000000e+00,565,0.020042,0.000000e+00,0.040084,5.027587e-07,0.000000e+00,145,1,0,1,1,0
051_large_clamp,s1_complete_only_051_large_clamp_t7,complete_only,1,0.963498,0.032431,8.347659e-04,1.907067e-03,1244,0.021621,8.480365e-04,0.043242,1.381350e-04,5.177523e-01,276,1,0,1,1,1
051_large_clamp,s1_complete_only_051_large_clamp_t9,complete_only,4,0.960116,0.031983,2.323755e-06,3.756774e-06,837,0.021322,1.705331e-06,0.042643,3.089309e-06,0.000000e+00,163,1,0,1,1,1
011_banana,s1_epi_max_011_banana_t0,complete_epi,1522,0.594613,0.032232,4.451127e-05,2.970477e-04,1794,0.021488,8.124545e-05,0.042976,4.878462e-05,5.475256e-01,250,1,0,1,1,1
011_banana,s1_epi_max_011_banana_t1,complete_epi,1317,0.731507,0.029480,2.047198e-05,7.609718e-05,2506,0.019654,1.922643e-05,0.039307,2.480320e-05,7.464798e-01,711,1,0,1,1,1
011_banana,s1_epi_max_011_banana_t2,complete_epi,1320,0.699225,0.031846,7.059340e-05,3.143471e-04,1493,0.021231,1.509766e-04,0.042461,3.121412e-05,5.351681e-01,396,1,0,1,1,0
011_banana,s1_epi_max_011_banana_t3,complete_epi,1841,0.345631,0.031634,1.061834e-04,4.301644e-04,1450,0.021089,2.473710e-04,0.042179,8.959046e-05,1.175060e+00,574,1,0,1,1,1
011_banana,s1_epi_max_011_banana_t4,complete_epi,1242,0.717108,0.031243,9.152801e-05,5.711907e-04,2462,0.020828,1.591020e-04,0.041657,1.212281e-04,1.152878e+00,806,1,0,1,1,1
011_banana,s1_epi_max_011_banana_t5,complete_epi,1939,0.082052,0.031441,3.908025e-04,1.584711e-03,1827,0.020960,6.591532e-04,0.041921,2.532004e-04,2.328171e+00,448,1,0,1,1,0
011_banana,s1_epi_max_011_banana_t6,complete_epi,1985,0.010377,0.032861,6.670153e-05,3.536917e-04,3010,0.021907,1.014686e-04,0.043815,5.942398e-05,2.219706e+00,297,1,0,1,1,0
011_banana,s1_epi_max_011_banana_t7,complete_epi,959,0.835155,0.031252,1.179032e-04,3.983447e-04,1859,0.020834,6.849827e-04,0.041669,9.137907e-05,9.529028e-01,770,1,0,1,1,1
011_banana,s1_epi_max_011_banana_t8,complete_epi,399,0.893438,0.031455,9.429538e-06,2.831483e-05,2308,0.020970,2.456440e-05,0.041940,7.653686e-06,5.240395e-01,514,1,0,1,1,0
011_banana,s1_epi_max_011_banana_t9,complete_epi,387,0.917961,0.032177,1.423869e-04,1.010287e-03,2683,0.021451,2.330697e-04,0.042903,1.970087e-04,1.573197e+00,589,1,0,1,1,0
025_mug,s1_epi_summax_025_mug_t0,complete_epi,96,0.892415,0.019955,7.219731e-04,1.079044e-05,555,0.013303,3.996005e-06,0.026607,2.929467e-06,1.567715e-01,110,1,0,1,1,1
025_mug,s1_epi_summax_025_mug_t1,complete_epi,0,0.931548,0.025082,0.000000e+00,0.000000e+00,873,0.016722,0.000000e+00,0.033443,0.000000e+00,0.000000e+00,355,1,0,1,1,1
025_mug,s1_epi_summax_025_mug_t2,complete_epi,37,0.934047,0.022069,7.682548e-03,2.244575e-04,408,0.014713,6.060482e-05,0.029425,2.358676e-05,3.016364e-01,91,1,0,1,1,1
025_mug,s1_epi_summax_025_mug_t3,complete_epi,67,0.931614,0.020624,2.139686e-03,2.229157e-04,532,0.013749,2.173935e-05,0.027498,2.363112e-05,6.629441e-01,264,1,0,1,1,0
025_mug,s1_epi_summax_025_mug_t4,complete_epi,2,0.947428,0.021946,2.680791e-03,7.199771e-05,376,0.014631,1.636583e-05,0.029262,1.797384e-05,4.168724e-01,200,1,0,1,1,0
025_mug,s1_epi_summax_025_mug_t5,complete_epi,59,0.828691,0.020329,9.502431e-04,1.505400e-05,376,0.013553,3.799572e-06,0.027106,6.124451e-06,2.998058e-01,237,1,0,1,1,1
025_mug,s1_epi_summax_025_mug_t7,complete_epi,2,0.951908,0.020322,9.950361e-04,1.561682e-05,787,0.013548,4.439117e-06,0.027096,4.858001e-06,2.550090e-01,178,1,0,1,1,1
025_mug,s1_epi_summax_025_mug_t8,complete_epi,111,0.920689,0.024786,1.398636e-02,2.913035e-04,527,0.016524,1.549560e-04,0.033048,4.413028e-05,3.499625e-01,110,1,0,1,1,1
025_mug,s1_epi_summax_025_mug_t9,complete_epi,59,0.918757,0.020850,5.684276e-04,2.404475e-06,764,0.013900,1.187366e-06,0.027800,1.429795e-06,2.233959e-01,245,1,0,1,1,1
006_mustard_bottle,s1_epi_sumsum_006_mustard_bottle_t0,complete_epi,0,0.865276,0.031806,6.785376e-03,2.008763e-05,1434,0.021204,8.482112e-06,0.042408,7.739359e-06,1.337478e-01,247,1,0,1,1,1
006_mustard_bottle,s1_epi_sumsum_006_mustard_bottle_t1,complete_epi,3,0.843962,0.031949,5.931208e-03,1.270681e-05,1508,0.021299,5.651791e-06,0.042599,6.151688e-06,1.789388e-01,282,1,0,1,1,1
006_mustard_bottle,s1_epi_sumsum_006_mustard_bottle_t2,complete_epi,9,0.925422,0.030249,9.982095e-03,2.302827e-05,1670,0.020166,6.255589e-06,0.040332,8.241907e-06,4.615919e-01,366,1,0,1,1,1
006_mustard_bottle,s1_epi_sumsum_006_mustard_bottle_t3,complete_epi,171,0.774532,0.039646,2.730208e-01,1.023511e-03,2505,0.026431,3.114535e-04,0.052861,1.474818e-04,2.098495e+00,679,1,0,1,1,1
006_mustard_bottle,s1_epi_sumsum_006_mustard_bottle_t4,complete_epi,1196,0.213361,0.041084,1.088287e-02,2.333279e-05,2572,0.027389,7.004543e-06,0.054779,5.361085e-06,4.061139e-01,458,1,0,1,1,0
006_mustard_bottle,s1_epi_sumsum_006_mustard_bottle_t5,complete_epi,115,0.771498,0.032332,1.624620e-02,3.654479e-05,2098,0.021555,7.556862e-06,0.043110,2.236917e-05,5.750062e-01,534,1,0,1,1,1
006_mustard_bottle,s1_epi_sumsum_006_mustard_bottle_t6,complete_epi,764,0.683498,0.053340,1.172212e+00,3.938109e-03,1931,0.035560,1.477747e-03,0.071120,4.913897e-04,2.485872e+00,85,1,0,1,1,0
006_mustard_bottle,s1_epi_sumsum_006_mustard_bottle_t7,complete_epi,0,0.877121,0.032482,7.457842e-03,1.624017e-05,1786,0.021655,7.663073e-06,0.043310,6.645986e-06,2.430187e-01,273,1,0,1,1,1
006_mustard_bottle,s1_epi_sumsum_006_mustard_bottle_t8,complete_epi,27,0.975247,0.021990,1.338400e-02,1.772323e-05,2152,0.014660,2.582009e-06,0.029320,1.629992e-05,6.484419e-01,411,1,0,1,1,0
006_mustard_bottle,s1_epi_sumsum_006_mustard_bottle_t9,complete_epi,347,0.753867,0.032422,1.614148e-02,5.185677e-05,1928,0.021614,1.109417e-05,0.043229,2.563484e-05,7.160010e-01,557,1,0,1,1,1
051_large_clamp,s1_epi_sumsum_051_large_clamp_t0,complete_epi,0,0.961796,0.029898,1.348557e-03,4.112047e-06,1294,0.019932,1.243658e-06,0.039864,1.134042e-06,1.306882e-01,226,1,0,1,1,1
051_large_clamp,s1_epi_sumsum_051_large_clamp_t1,complete_epi,0,0.973372,0.032525,2.794654e-02,3.704914e-04,1262,0.021683,3.394806e-05,0.043366,4.190717e-05,2.779328e-01,243,1,0,1,1,0
051_large_clamp,s1_epi_sumsum_051_large_clamp_t3,complete_epi,80,0.935585,0.031449,5.946815e-02,2.304937e-04,1858,0.020966,3.330327e-05,0.041932,4.715172e-05,1.698382e+00,681,1,0,1,1,1
051_large_clamp,s1_epi_sumsum_051_large_clamp_t4,complete_epi,3,0.960307,0.032355,8.664218e-03,1.010270e-05,1826,0.021570,8.482780e-06,0.043139,8.892258e-06,5.047564e-01,441,1,0,1,1,1
051_large_clamp,s1_epi_sumsum_051_large_clamp_t5,complete_epi,0,0.966289,0.032433,8.212712e-03,4.121175e-05,1659,0.021622,4.791532e-06,0.043244,8.670962e-06,4.337348e-01,392,1,0,1,1,0
051_large_clamp,s1_epi_sumsum_051_large_clamp_t6,complete_epi,6,0.960356,0.030021,0.000000e+00,0.000000e+00,564,0.020014,0.000000e+00,0.040028,5.616544e-07,0.000000e+00,142,1,0,1,1,0
051_large_clamp,s1_epi_sumsum_051_large_clamp_t7,complete_epi,0,0.967521,0.032431,2.733767e-02,1.567202e-03,731,0.021621,8.234841e-04,0.043242,6.440207e-05,4.862963e-01,289,1,0,1,1,1
051_large_clamp,s1_epi_sumsum_051_large_clamp_t9,complete_epi,6,0.953239,0.031961,2.562886e-05,0.000000e+00,811,0.021307,0.000000e+00,0.042615,1.142523e-06,0.000000e+00,167,1,0,1,1,1
011_banana,s2_complete_only_011_banana_t0,complete_only,1347,0.732485,0.032968,2.238859e-04,1.597145e-03,1921,0.021979,6.452785e-04,0.043957,1.732586e-04,7.479110e-01,325,1,0,1,1,0
011_banana,s2_complete_only_011_banana_t1,complete_only,1251,0.739964,0.032054,3.592469e-05,1.554503e-04,1336,0.021369,1.062503e-04,0.042738,2.487102e-05,2.715208e-01,327,1,0,1,1,0
011_banana,s2_complete_only_011_banana_t2,complete_only,836,0.828613,0.032186,7.280584e-04,2.965144e-03,1734,0.021457,1.319970e-03,0.042914,3.402203e-04,1.353674e+00,297,1,0,1,1,0
011_banana,s2_complete_only_011_banana_t3,complete_only,574,0.887540,0.033077,2.688979e-05,1.121497e-04,2707,0.022051,3.438612e-05,0.044103,3.429289e-05,4.046277e-01,381,1,0,1,1,1
011_banana,s2_complete_only_011_banana_t4,complete_only,1327,0.716692,0.031797,6.084314e-05,2.504344e-04,1614,0.021198,1.120154e-04,0.042396,2.786476e-05,4.696968e-01,376,1,0,1,1,0
011_banana,s2_complete_only_011_banana_t5,complete_only,1716,0.384190,0.031669,2.114199e-04,1.292654e-03,1788,0.021113,2.933153e-04,0.042226,2.181229e-04,8.189551e-01,349,1,0,1,1,0
011_banana,s2_complete_only_011_banana_t6,complete_only,57,0.923934,0.032359,2.899086e-05,1.083363e-04,3074,0.021573,1.559320e-04,0.043146,1.987413e-05,2.204471e+00,1408,1,0,1,1,0
011_banana,s2_complete_only_011_banana_t7,complete_only,1618,0.556619,0.031657,1.107158e-05,4.042540e-05,2172,0.021105,1.160887e-05,0.042209,1.086024e-05,4.873722e-01,478,1,0,1,1,0
011_banana,s2_complete_only_011_banana_t8,complete_only,1619,0.503621,0.031544,8.261655e-05,3.935468e-04,1025,0.021029,2.366421e-04,0.042058,5.123660e-05,7.139587e-01,439,1,0,1,1,1
011_banana,s2_complete_only_011_banana_t9,complete_only,1464,0.654575,0.031879,2.123766e-04,1.664842e-03,1417,0.021253,1.204452e-03,0.042506,1.173956e-04,1.104836e+00,661,1,0,1,1,0
025_mug,s2_epi_max_025_mug_t0,complete_epi,45,0.926383,0.020731,1.316296e-05,2.735478e-05,534,0.013821,1.860983e-05,0.027641,1.323305e-05,3.073922e-01,152,1,0,1,1,1
025_mug,s2_epi_max_025_mug_t1,complete_epi,355,0.918553,0.013853,2.607959e-04,1.193063e-03,589,0.009235,4.692923e-04,0.018471,1.965991e-04,1.514709e+00,1036,1,0,1,1,0
025_mug,s2_epi_max_025_mug_t2,complete_epi,134,0.794227,0.020317,1.357360e-06,6.312465e-06,429,0.013545,8.487314e-07,0.027090,1.322586e-06,1.852853e-01,226,1,0,1,1,1
025_mug,s2_epi_max_025_mug_t3,complete_epi,5,0.949554,0.022339,5.402422e-06,2.433725e-05,437,0.014892,4.091333e-06,0.029785,5.096188e-06,1.514244e-01,109,1,0,1,1,1
025_mug,s2_epi_max_025_mug_t5,complete_epi,112,0.930681,0.020739,1.135265e-06,1.781806e-06,809,0.013826,1.067805e-06,0.027652,1.160389e-06,2.115278e-01,256,1,0,1,1,1
025_mug,s2_epi_max_025_mug_t6,complete_epi,13,0.933793,0.023976,5.259241e-06,2.514555e-05,614,0.015984,6.415978e-06,0.031969,5.644380e-06,2.637325e-01,145,1,0,1,1,1
025_mug,s2_epi_max_025_mug_t7,complete_epi,0,0.964087,0.022503,1.366849e-06,2.282306e-06,945,0.015002,1.085227e-06,0.030003,1.303608e-06,1.274458e-02,98,1,0,1,1,1
025_mug,s2_epi_max_025_mug_t8,complete_epi,44,0.926492,0.019759,2.286230e-05,5.947151e-05,431,0.013172,2.548402e-05,0.026345,2.067819e-05,4.420648e-01,136,1,0,1,1,1
025_mug,s2_epi_max_025_mug_t9,complete_epi,157,0.924267,0.021029,4.176939e-06,1.009109e-05,537,0.014019,4.210131e-06,0.028039,4.495477e-06,2.111263e-01,152,1,0,1,1,1
006_mustard_bottle,s2_epi_summax_006_mustard_bottle_t0,complete_epi,0,0.904097,0.032013,5.807227e-03,2.511425e-05,2248,0.021342,4.757233e-06,0.042684,1.497531e-05,5.270258e-01,579,1,0,1,1,1
006_mustard_bottle,s2_epi_summax_006_mustard_bottle_t1,complete_epi,249,0.824930,0.031253,1.055562e-02,3.059513e-05,1528,0.020835,1.084661e-05,0.041671,1.559986e-05,7.827261e-01,330,1,0,1,1,1
006_mustard_bottle,s2_epi_summax_006_mustard_bottle_t2,complete_epi,0,0.896933,0.030458,6.751579e-03,2.635479e-05,1597,0.020305,6.726103e-06,0.040611,8.583896e-06,5.996295e-01,294,1,0,1,1,1
006_mustard_bottle,s2_epi_summax_006_mustard_bottle_t3,complete_epi,0,0.912893,0.032104,4.320231e-03,1.268980e-05,1681,0.021403,6.020497e-06,0.042805,5.801671e-06,6.038278e-01,522,1,0,1,1,1
006_mustard_bottle,s2_epi_summax_006_mustard_bottle_t4,complete_epi,29,0.880823,0.030828,1.090571e-02,4.725096e-05,1566,0.020552,1.038337e-05,0.041104,1.301744e-05,1.074076e+00,360,1,0,1,1,1
006_mustard_bottle,s2_epi_summax_006_mustard_bottle_t5,complete_epi,377,0.736110,0.032361,1.312333e-02,4.682682e-05,1902,0.021574,1.057463e-05,0.043148,2.452761e-05,1.100997e+00,847,1,0,1,1,1
006_mustard_bottle,s2_epi_summax_006_mustard_bottle_t7,complete_epi,26,0.921097,0.017302,2.237734e-02,7.558690e-04,601,0.011535,5.220912e-04,0.023070,1.903234e-04,3.529715e+00,2662,1,0,1,1,0
006_mustard_bottle,s2_epi_summax_006_mustard_bottle_t8,complete_epi,195,0.808785,0.032334,1.121888e-02,3.996252e-05,1959,0.021556,8.636587e-06,0.043112,1.059250e-05,6.081865e-01,515,1,0,1,1,1
006_mustard_bottle,s2_epi_summax_006_mustard_bottle_t9,complete_epi,0,0.910600,0.031155,6.707304e-03,2.350219e-05,2018,0.020770,3.035733e-06,0.041540,1.040337e-05,6.710667e-01,745,1,0,1,1,1
051_large_clamp,s2_epi_summax_051_large_clamp_t0,complete_epi,4,0.956961,0.030638,8.223727e-05,1.283347e-06,1007,0.020425,3.148978e-07,0.040851,2.477660e-07,0.000000e+00,204,1,0,1,1,1
051_large_clamp,s2_epi_summax_051_large_clamp_t1,complete_epi,1,0.961540,0.029068,0.000000e+00,0.000000e+00,684,0.019379,0.000000e+00,0.038757,6.460866e-09,0.000000e+00,167,1,0,1,1,1
051_large_clamp,s2_epi_summax_051_large_clamp_t2,complete_epi,8,0.967216,0.033767,3.179854e-03,1.251281e-05,1878,0.022511,1.701751e-06,0.045023,5.398207e-06,2.191368e-01,331,1,0,1,1,0
051_large_clamp,s2_epi_summax_051_large_clamp_t3,complete_epi,14,0.943976,0.031846,9.429675e-03,3.729758e-05,1937,0.021231,3.283993e-05,0.042462,2.084097e-05,1.025704e+00,719,1,0,1,1,1
051_large_clamp,s2_epi_summax_051_large_clamp_t4,complete_epi,748,0.739999,0.009746,4.857624e-06,0.000000e+00,557,0.006497,0.000000e+00,0.012994,6.320950e-08,2.447099e+00,6667,1,0,1,1,0
051_large_clamp,s2_epi_summax_051_large_clamp_t5,complete_epi,9,0.955387,0.031818,0.000000e+00,0.000000e+00,732,0.021212,0.000000e+00,0.042425,1.001019e-06,0.000000e+00,168,1,0,1,1,0
051_large_clamp,s2_epi_summax_051_large_clamp_t6,complete_epi,5,0.961240,0.030836,1.847893e-03,5.422472e-06,1315,0.020557,2.232335e-06,0.041115,3.523698e-06,2.435658e-02,151,1,0,1,1,1
051_large_clamp,s2_epi_summax_051_large_clamp_t7,complete_epi,0,0.920791,0.042066,1.637959e-02,7.648587e-05,3312,0.028044,1.881132e-05,0.056087,1.728864e-05,1.760670e+00,846,1,0,1,1,1
051_large_clamp,s2_epi_summax_051_large_clamp_t8,complete_epi,0,0.961584,0.029228,0.000000e+00,0.000000e+00,637,0.019485,0.000000e+00,0.038970,2.127695e-07,0.000000e+00,170,1,0,1,1,1
051_large_clamp,s2_epi_summax_051_large_clamp_t9,complete_epi,0,0.971243,0.025731,9.943772e-04,1.938733e-06,1620,0.017154,8.247623e-07,0.034308,1.050445e-06,1.638365e-02,274,1,0,1,1,1
011_banana,s2_epi_sumsum_011_banana_t0,complete_epi,1583,0.591033,0.032968,1.455739e-01,1.976892e-03,1740,0.021979,2.895820e-03,0.043957,2.156208e-04,1.049661e+00,359,1,0,1,1,1
011_banana,s2_epi_sumsum_011_banana_t1,complete_epi,1297,0.726796,0.032057,1.657212e-02,2.076455e-04,1202,0.021371,1.157406e-04,0.042742,2.668027e-05,2.708127e-01,324,1,0,1,1,0
011_banana,s2_epi_sumsum_011_banana_t2,complete_epi,847,0.801795,0.032205,1.410066e-01,3.293538e-03,1778,0.021470,2.164284e-03,0.042939,7.141096e-04,1.851657e+00,336,1,0,1,1,0
011_banana,s2_epi_sumsum_011_banana_t3,complete_epi,855,0.843879,0.033077,7.986374e-02,2.386629e-04,2999,0.022051,7.603970e-05,0.044103,5.008853e-05,7.693298e-01,612,1,0,1,1,0
011_banana,s2_epi_sumsum_011_banana_t4,complete_epi,1564,0.608882,0.031646,2.744832e-02,3.346000e-04,1231,0.021097,2.324107e-04,0.042195,4.016964e-05,3.787110e-01,317,1,0,1,1,1
011_banana,s2_epi_sumsum_011_banana_t5,complete_epi,1867,0.182796,0.031654,3.443670e-01,2.112304e-03,2507,0.021102,9.611713e-04,0.042205,2.364678e-04,1.166385e+00,804,1,0,1,1,1
011_banana,s2_epi_sumsum_011_banana_t6,complete_epi,724,0.828208,0.032351,2.499270e-02,3.451633e-05,4814,0.021567,6.230654e-06,0.043134,9.411190e-06,5.067787e-01,657,1,0,1,1,0
011_banana,s2_epi_sumsum_011_banana_t7,complete_epi,1790,0.340098,0.037678,1.862448e-01,5.307618e-04,2679,0.025119,1.269645e-04,0.050238,1.524285e-04,1.486304e+00,474,1,0,1,1,0
011_banana,s2_epi_sumsum_011_banana_t8,complete_epi,1610,0.524832,0.031544,4.343457e-02,9.697048e-04,1350,0.021029,6.174637e-04,0.042058,9.598772e-05,9.390977e-01,527,1,0,1,1,1
011_banana,s2_epi_sumsum_011_banana_t9,complete_epi,749,0.867936,0.031881,8.939276e-02,1.487984e-04,2214,0.021254,8.858616e-05,0.042508,5.696553e-05,9.144272e-01,649,1,0,1,1,1
035_power_drill,s0_complete_only_035_power_drill_t0,complete_only,346,0.875494,0.041577,8.928936e-07,0.000000e+00,522,0.027718,0.000000e+00,0.055436,8.792739e-06,0.000000e+00,79,1,0,1,1,0
035_power_drill,s0_complete_only_035_power_drill_t1,complete_only,736,0.747229,0.038971,7.399478e-06,3.614418e-05,1013,0.025981,4.048922e-06,0.051961,8.237333e-06,2.479535e-02,183,1,0,1,1,1
035_power_drill,s0_complete_only_035_power_drill_t3,complete_only,551,0.851086,0.041161,4.729982e-06,1.045067e-05,1111,0.027440,2.231750e-06,0.054881,2.243849e-05,1.312788e-01,208,1,0,1,1,1
035_power_drill,s0_complete_only_035_power_drill_t4,complete_only,821,0.777948,0.040828,1.242695e-06,6.958285e-06,872,0.027219,7.019626e-07,0.054438,1.146443e-06,0.000000e+00,164,1,0,1,1,0
035_power_drill,s0_complete_only_035_power_drill_t5,complete_only,442,0.847625,0.043933,1.601679e-06,0.000000e+00,604,0.029289,0.000000e+00,0.058578,2.785597e-05,0.000000e+00,130,1,0,1,1,0
035_power_drill,s0_complete_only_035_power_drill_t6,complete_only,213,0.871751,0.039408,0.000000e+00,0.000000e+00,510,0.026272,0.000000e+00,0.052544,1.702381e-06,0.000000e+00,166,1,0,1,1,0
035_power_drill,s0_complete_only_035_power_drill_t7,complete_only,62,0.959748,0.028436,1.195906e-05,4.621571e-05,2384,0.018957,2.100082e-05,0.037915,8.632267e-06,2.341246e+00,1859,1,0,1,1,1
035_power_drill,s0_complete_only_035_power_drill_t9,complete_only,64,0.899973,0.039540,5.247359e-08,0.000000e+00,641,0.026360,0.000000e+00,0.052720,3.352270e-06,0.000000e+00,162,1,0,1,1,1
021_bleach_cleanser,s0_epi_max_021_bleach_cleanser_t0,complete_epi,282,0.867540,0.039125,1.469533e-04,6.456432e-04,1048,0.026083,1.335599e-04,0.052167,9.830573e-05,1.195712e-01,129,1,0,1,1,1
021_bleach_cleanser,s0_epi_max_021_bleach_cleanser_t1,complete_epi,2,0.937511,0.038860,6.801248e-05,3.587243e-04,848,0.025907,1.157300e-04,0.051813,4.488829e-05,0.000000e+00,96,1,0,1,1,0
021_bleach_cleanser,s0_epi_max_021_bleach_cleanser_t2,complete_epi,11,0.922100,0.013745,8.376053e-07,1.262682e-06,1141,0.009163,6.762419e-07,0.018326,1.272344e-06,2.868477e-01,759,1,0,1,1,0
021_bleach_cleanser,s0_epi_max_021_bleach_cleanser_t3,complete_epi,26,0.936920,0.039540,9.773679e-06,4.525212e-06,640,0.026360,0.000000e+00,0.052720,1.887837e-05,0.000000e+00,65,1,0,1,1,1
021_bleach_cleanser,s0_epi_max_021_bleach_cleanser_t4,complete_epi,598,0.733440,0.056503,6.172657e-05,2.129176e-04,1331,0.037669,4.463744e-05,0.075337,6.149486e-05,1.717687e-01,29,1,0,1,1,0
021_bleach_cleanser,s0_epi_max_021_bleach_cleanser_t5,complete_epi,67,0.901160,0.040163,1.153784e-05,3.141719e-05,1320,0.026775,1.260767e-05,0.053550,9.360244e-06,1.385747e-01,155,1,0,1,1,0
021_bleach_cleanser,s0_epi_max_021_bleach_cleanser_t6,complete_epi,27,0.943132,0.039124,9.900431e-06,6.066304e-06,993,0.026083,2.365676e-06,0.052166,2.067249e-05,0.000000e+00,109,1,0,1,1,1
021_bleach_cleanser,s0_epi_max_021_bleach_cleanser_t7,complete_epi,19,0.945644,0.041037,6.215175e-06,1.066796e-05,1779,0.027358,7.414269e-06,0.054716,8.325014e-06,5.323444e-02,290,1,0,1,1,1
021_bleach_cleanser,s0_epi_max_021_bleach_cleanser_t8,complete_epi,368,0.870398,0.038493,2.605591e-05,1.284366e-04,1071,0.025662,4.659012e-05,0.051324,2.619718e-05,4.248342e-02,116,1,0,1,1,1
021_bleach_cleanser,s0_epi_max_021_bleach_cleanser_t9,complete_epi,0,0.721413,0.004109,7.902684e-05,1.723064e-04,3012,0.002740,1.460101e-04,0.005479,4.312371e-05,5.331324e+00,8192,0,0,1,1,
005_tomato_soup_can,s0_epi_summax_005_tomato_soup_can_t0,complete_epi,23,0.866038,0.019010,1.532789e-04,1.684412e-06,458,0.012673,3.580403e-07,0.025346,6.949170e-07,2.055965e-01,618,1,0,1,1,1
005_tomato_soup_can,s0_epi_summax_005_tomato_soup_can_t1,complete_epi,81,0.852966,0.019014,2.888538e-04,1.477662e-06,775,0.012676,7.401730e-07,0.025351,8.089356e-07,3.284210e-01,767,1,0,1,1,1
005_tomato_soup_can,s0_epi_summax_005_tomato_soup_can_t2,complete_epi,84,0.860017,0.019145,2.286829e-04,1.593803e-06,610,0.012764,7.457968e-07,0.025527,7.056508e-07,3.432541e-01,765,1,0,1,1,1
005_tomato_soup_can,s0_epi_summax_005_tomato_soup_can_t3,complete_epi,44,0.880718,0.019066,1.611623e-04,1.506424e-06,498,0.012711,5.903926e-07,0.025421,5.765518e-07,4.042510e-01,870,1,0,1,1,1
005_tomato_soup_can,s0_epi_summax_005_tomato_soup_can_t4,complete_epi,64,0.858833,0.025757,5.533391e-03,7.947121e-06,875,0.017171,8.331799e-06,0.034342,1.566828e-05,7.013996e-01,695,1,0,1,1,1
005_tomato_soup_can,s0_epi_summax_005_tomato_soup_can_t5,complete_epi,928,0.622977,0.028366,1.936745e-03,5.658720e-06,1441,0.018911,2.035594e-06,0.037821,2.891577e-06,2.393710e-01,519,1,0,1,1,1
005_tomato_soup_can,s0_epi_summax_005_tomato_soup_can_t6,complete_epi,111,0.861711,0.019236,2.488920e-04,1.609064e-06,457,0.012824,1.146746e-06,0.025648,9.307164e-07,2.871260e-01,702,1,0,1,1,1
005_tomato_soup_can,s0_epi_summax_005_tomato_soup_can_t7,complete_epi,47,0.879653,0.018874,1.363651e-04,1.524738e-06,435,0.012582,3.033462e-07,0.025165,6.537651e-07,2.275332e-01,645,1,0,1,1,1
005_tomato_soup_can,s0_epi_summax_005_tomato_soup_can_t8,complete_epi,9,0.885268,0.018767,3.055501e-04,1.626054e-06,668,0.012512,7.395934e-07,0.025023,8.040107e-07,3.803153e-01,797,1,0,1,1,0
005_tomato_soup_can,s0_epi_summax_005_tomato_soup_can_t9,complete_epi,111,0.851422,0.018787,1.933679e-04,1.634235e-06,545,0.012525,7.918043e-07,0.025049,7.201348e-07,3.490740e-01,756,1,0,1,1,1
061_foam_brick,s0_epi_summax_061_foam_brick_t0,complete_epi,538,0.892023,0.016189,8.027570e-03,3.138585e-04,661,0.010793,4.047437e-05,0.021586,3.502972e-05,1.348394e+00,1098,1,0,1,1,1
061_foam_brick,s0_epi_summax_061_foam_brick_t1,complete_epi,9,0.967027,0.016477,6.482650e-04,2.100719e-06,608,0.010984,5.682054e-06,0.021969,2.883097e-06,1.124286e+00,1392,1,0,1,1,0
061_foam_brick,s0_epi_summax_061_foam_brick_t2,complete_epi,961,0.831603,0.016847,3.214919e-03,2.796460e-04,484,0.011231,1.028037e-04,0.022463,5.413877e-05,2.035248e+00,977,1,0,1,1,1
061_foam_brick,s0_epi_summax_061_foam_brick_t3,complete_epi,1253,0.654594,0.016870,3.128020e-04,4.609951e-06,722,0.011247,5.509680e-07,0.022493,2.524047e-06,1.402775e+00,1383,1,0,1,1,1
061_foam_brick,s0_epi_summax_061_foam_brick_t4,complete_epi,126,0.960167,0.016779,2.339568e-03,1.659772e-05,553,0.011186,3.277335e-06,0.022372,7.828593e-06,7.559993e-01,898,1,0,1,1,1
061_foam_brick,s0_epi_summax_061_foam_brick_t5,complete_epi,960,0.843181,0.016750,9.976905e-04,2.834037e-05,467,0.011167,1.022135e-05,0.022334,1.637679e-05,1.110621e+00,869,1,0,1,1,1
061_foam_brick,s0_epi_summax_061_foam_brick_t6,complete_epi,1,0.952997,0.016891,3.835282e-04,2.671493e-06,788,0.011261,1.393994e-06,0.022522,8.537195e-06,8.743065e-01,909,1,0,1,1,1
061_foam_brick,s0_epi_summax_061_foam_brick_t7,complete_epi,482,0.911751,0.017227,2.885047e-04,7.880392e-07,1066,0.011485,4.609944e-07,0.022969,4.808054e-07,1.146021e+00,1935,1,0,1,1,1
061_foam_brick,s0_epi_summax_061_foam_brick_t8,complete_epi,373,0.918281,0.016990,5.182946e-04,1.886684e-06,1239,0.011326,6.020462e-07,0.022653,1.614273e-06,1.662118e+00,2112,1,0,1,1,1
061_foam_brick,s0_epi_summax_061_foam_brick_t9,complete_epi,0,0.968030,0.016709,2.632233e-03,2.691481e-06,457,0.011139,1.010106e-06,0.022279,2.390501e-05,1.270467e+00,1134,1,0,1,1,1
035_power_drill,s0_epi_sumsum_035_power_drill_t0,complete_epi,357,0.874132,0.041577,2.616178e-04,0.000000e+00,522,0.027718,0.000000e+00,0.055436,8.792739e-06,0.000000e+00,111,1,0,1,1,0
035_power_drill,s0_epi_sumsum_035_power_drill_t1,complete_epi,329,0.831393,0.039437,5.630336e-03,3.169528e-05,1104,0.026291,5.219397e-06,0.052582,9.114532e-06,4.137027e-02,188,1,0,1,1,1
035_power_drill,s0_epi_sumsum_035_power_drill_t2,complete_epi,531,0.836423,0.043519,5.344170e-02,5.122474e-04,680,0.029013,3.150604e-06,0.058026,1.595682e-04,0.000000e+00,135,1,0,1,1,0
035_power_drill,s0_epi_sumsum_035_power_drill_t3,complete_epi,362,0.880932,0.040041,6.719724e-04,9.309282e-06,734,0.026694,2.312323e-06,0.053389,3.029778e-06,0.000000e+00,137,1,0,1,1,1
035_power_drill,s0_epi_sumsum_035_power_drill_t4,complete_epi,14,0.912849,0.041562,6.902917e-04,4.218586e-06,866,0.027708,1.065075e-06,0.055416,6.473769e-06,0.000000e+00,172,1,0,1,1,1
035_power_drill,s0_epi_sumsum_035_power_drill_t6,complete_epi,212,0.869277,0.039388,3.689054e-03,6.603187e-06,1113,0.026258,1.830953e-06,0.052517,6.616355e-06,2.766761e-03,157,1,0,1,1,1
035_power_drill,s0_epi_sumsum_035_power_drill_t7,complete_epi,110,0.955671,0.022843,2.801481e-02,5.467075e-06,2706,0.015229,1.154070e-05,0.030457,2.931200e-05,2.203114e+00,1917,1,0,1,1,0
035_power_drill,s0_epi_sumsum_035_power_drill_t8,complete_epi,51,0.883446,0.049025,2.578709e-01,1.839344e-03,1243,0.032683,2.210614e-04,0.065367,2.736804e-04,6.485740e-01,166,1,0,1,1,1
035_power_drill,s0_epi_sumsum_035_power_drill_t9,complete_epi,15,0.934732,0.024152,2.481693e-02,7.897854e-04,1096,0.016101,3.761069e-04,0.032202,1.948895e-04,7.710481e-01,475,1,0,1,1,0
005_tomato_soup_can,s1_epi_max_005_tomato_soup_can_t0,complete_epi,58,0.870951,0.019058,7.059064e-07,1.622313e-06,647,0.012706,6.597983e-07,0.025411,7.118816e-07,3.230801e-01,775,1,0,1,1,1
005_tomato_soup_can,s1_epi_max_005_tomato_soup_can_t2,complete_epi,50,0.869060,0.018657,5.713569e-07,1.881673e-06,411,0.012438,3.083193e-07,0.024876,6.964056e-07,2.541850e-01,685,1,0,1,1,1
005_tomato_soup_can,s1_epi_max_005_tomato_soup_can_t3,complete_epi,14,0.888481,0.018834,7.930696e-07,1.623307e-06,710,0.012556,7.351291e-07,0.025112,8.288283e-07,4.689686e-01,913,1,0,1,1,1
005_tomato_soup_can,s1_epi_max_005_tomato_soup_can_t4,complete_epi,76,0.870984,0.019086,5.915522e-07,1.739557e-06,448,0.012724,3.774478e-07,0.025448,6.611183e-07,2.404981e-01,639,1,0,1,1,1
005_tomato_soup_can,s1_epi_max_005_tomato_soup_can_t5,complete_epi,29,0.881002,0.019025,8.081466e-07,1.484366e-06,705,0.012683,7.585082e-07,0.025367,8.295198e-07,5.588056e-01,986,1,0,1,1,1
005_tomato_soup_can,s1_epi_max_005_tomato_soup_can_t6,complete_epi,92,0.867420,0.019039,7.302640e-07,2.349864e-06,567,0.012692,6.432759e-07,0.025385,7.258892e-07,3.115158e-01,725,1,0,1,1,1
005_tomato_soup_can,s1_epi_max_005_tomato_soup_can_t7,complete_epi,95,0.859357,0.019154,8.004041e-07,1.578470e-06,720,0.012769,7.771389e-07,0.025538,8.148163e-07,4.949716e-01,874,1,0,1,1,1
005_tomato_soup_can,s1_epi_max_005_tomato_soup_can_t8,complete_epi,13,0.887551,0.018681,8.080708e-07,1.745606e-06,571,0.012454,8.768664e-07,0.024908,7.419947e-07,3.446976e-01,770,1,0,1,1,1
005_tomato_soup_can,s1_epi_max_005_tomato_soup_can_t9,complete_epi,21,0.882385,0.018761,6.069960e-07,1.316203e-06,585,0.012507,5.402104e-07,0.025014,6.364804e-07,3.238174e-01,767,1,0,1,1,1
061_foam_brick,s1_epi_max_061_foam_brick_t0,complete_epi,912,0.858780,0.016198,3.029856e-06,1.462198e-05,634,0.010799,4.389224e-06,0.021597,2.403689e-06,8.319916e-01,1091,1,0,1,1,1
061_foam_brick,s1_epi_max_061_foam_brick_t1,complete_epi,1274,0.689590,0.017213,7.589673e-06,2.801387e-05,555,0.011475,1.222437e-05,0.022950,8.759532e-06,1.085349e+00,1347,1,0,1,1,0
061_foam_brick,s1_epi_max_061_foam_brick_t2,complete_epi,727,0.905805,0.017348,5.478255e-07,9.207920e-07,945,0.011565,5.431867e-07,0.023130,6.368230e-07,7.938532e-01,1213,1,0,1,1,1
061_foam_brick,s1_epi_max_061_foam_brick_t3,complete_epi,624,0.902863,0.016416,5.780934e-07,1.173582e-06,1190,0.010944,4.476934e-07,0.021888,1.046933e-06,1.869032e+00,2214,1,0,1,1,1
061_foam_brick,s1_epi_max_061_foam_brick_t4,complete_epi,1014,0.793511,0.016414,5.390651e-06,1.916442e-05,695,0.010942,5.835774e-06,0.021885,6.074235e-06,1.235393e+00,1445,1,0,1,1,0
061_foam_brick,s1_epi_max_061_foam_brick_t5,complete_epi,0,0.978325,0.016451,7.723542e-07,1.511248e-06,834,0.010967,8.304219e-07,0.021934,1.117938e-05,1.230009e+00,1043,1,0,1,1,1
061_foam_brick,s1_epi_max_061_foam_brick_t6,complete_epi,1006,0.752360,0.017349,1.397811e-06,6.764828e-06,956,0.011566,5.816998e-07,0.023132,2.293765e-06,1.047913e+00,861,1,0,1,1,1
061_foam_brick,s1_epi_max_061_foam_brick_t7,complete_epi,1080,0.762001,0.017389,6.307600e-06,2.877595e-05,712,0.011593,6.752927e-06,0.023185,8.116477e-06,1.346070e+00,1204,1,0,1,1,1
061_foam_brick,s1_epi_max_061_foam_brick_t8,complete_epi,279,0.913516,0.017066,4.607544e-07,7.296418e-07,1362,0.011377,4.700511e-07,0.022755,4.356132e-07,1.009419e+00,1882,1,0,1,1,1
061_foam_brick,s1_epi_max_061_foam_brick_t9,complete_epi,499,0.898443,0.016200,1.842634e-06,5.867920e-06,526,0.010800,1.327534e-06,0.021600,6.558083e-06,1.035760e+00,1203,1,0,1,1,1
035_power_drill,s1_epi_summax_035_power_drill_t0,complete_epi,786,0.765513,0.041747,2.081050e-04,3.252265e-06,674,0.027831,0.000000e+00,0.055663,8.820532e-07,0.000000e+00,166,1,0,1,1,1
035_power_drill,s1_epi_summax_035_power_drill_t1,complete_epi,875,0.678662,0.045639,1.124125e-01,9.203539e-04,968,0.030426,2.450920e-04,0.060852,2.694264e-04,5.511611e-01,226,1,0,1,1,1
035_power_drill,s1_epi_summax_035_power_drill_t3,complete_epi,77,0.918273,0.046406,1.000564e-01,1.611116e-03,1003,0.030937,1.404746e-04,0.061874,2.305294e-04,8.822453e-02,138,1,0,1,1,1
035_power_drill,s1_epi_summax_035_power_drill_t4,complete_epi,140,0.961441,0.015474,3.718989e-02,1.645207e-03,1055,0.010316,9.837987e-04,0.020632,7.293455e-04,5.086131e+00,2681,1,0,1,1,0
035_power_drill,s1_epi_summax_035_power_drill_t5,complete_epi,4,0.969193,0.015434,5.758208e-03,4.855673e-05,827,0.010289,8.134220e-06,0.020579,2.039632e-05,1.664127e+00,2256,1,0,1,1,0
035_power_drill,s1_epi_summax_035_power_drill_t6,complete_epi,208,0.903000,0.041933,1.283805e-03,9.984936e-06,943,0.027955,9.303054e-07,0.055910,3.035674e-06,0.000000e+00,125,1,0,1,1,1
035_power_drill,s1_epi_summax_035_power_drill_t7,complete_epi,896,0.713407,0.057330,9.109938e-02,3.368725e-04,2114,0.038220,2.551868e-04,0.076440,1.365172e-04,3.852631e-01,246,1,0,1,1,0
035_power_drill,s1_epi_summax_035_power_drill_t8,complete_epi,147,0.948052,0.026168,1.680980e-03,2.402584e-05,1043,0.017445,7.160256e-06,0.034891,4.906634e-06,4.232982e-01,613,1,0,1,1,1
035_power_drill,s1_epi_summax_035_power_drill_t9,complete_epi,14,0.935979,0.018542,1.816558e-02,2.118479e-04,1276,0.012362,4.152918e-05,0.024723,3.479754e-05,2.771913e+00,2591,1,0,1,1,0
021_bleach_cleanser,s1_epi_sumsum_021_bleach_cleanser_t0,complete_epi,17,0.937301,0.038889,3.248473e-02,6.623068e-04,818,0.025926,1.125025e-04,0.051852,1.247252e-04,6.333389e-02,109,1,0,1,1,1
021_bleach_cleanser,s1_epi_sumsum_021_bleach_cleanser_t1,complete_epi,9,0.944998,0.019443,3.419794e-03,1.421779e-05,1628,0.012962,6.202837e-06,0.025924,6.102038e-06,5.770826e-02,473,1,0,1,1,0
021_bleach_cleanser,s1_epi_sumsum_021_bleach_cleanser_t2,complete_epi,11,0.950285,0.039207,3.482812e-02,4.168370e-04,1116,0.026138,7.946979e-05,0.052276,2.693848e-05,2.735578e-02,120,1,0,1,1,1
021_bleach_cleanser,s1_epi_sumsum_021_bleach_cleanser_t3,complete_epi,24,0.926953,0.039334,4.976162e-03,4.981872e-06,1153,0.026223,1.506161e-06,0.052445,1.068559e-05,0.000000e+00,159,1,0,1,1,1
021_bleach_cleanser,s1_epi_sumsum_021_bleach_cleanser_t4,complete_epi,360,0.919408,0.039094,5.914336e-03,2.195954e-06,773,0.026062,0.000000e+00,0.052125,1.900232e-05,0.000000e+00,118,1,0,1,1,0
021_bleach_cleanser,s1_epi_sumsum_021_bleach_cleanser_t5,complete_epi,116,0.935929,0.040544,5.771850e-02,6.324987e-04,1466,0.027030,1.135197e-04,0.054059,5.502341e-05,4.198950e-01,196,1,0,1,1,1
021_bleach_cleanser,s1_epi_sumsum_021_bleach_cleanser_t6,complete_epi,358,0.849717,0.039619,1.895770e-02,3.511158e-04,725,0.026412,6.218372e-05,0.052825,6.950958e-05,1.103308e-01,88,1,0,1,1,0
021_bleach_cleanser,s1_epi_sumsum_021_bleach_cleanser_t8,complete_epi,193,0.866023,0.040389,8.516427e-03,9.858947e-05,918,0.026926,1.115635e-05,0.053852,1.185336e-05,0.000000e+00,138,1,0,1,1,1
021_bleach_cleanser,s1_epi_sumsum_021_bleach_cleanser_t9,complete_epi,64,0.928766,0.039834,1.527943e-02,7.766507e-04,514,0.026556,1.246332e-04,0.053112,1.926733e-04,1.100105e-02,52,1,0,1,1,1
005_tomato_soup_can,s2_complete_only_005_tomato_soup_can_t0,complete_only,49,0.874528,0.018947,6.922621e-07,1.485880e-06,600,0.012632,6.712039e-07,0.025263,7.139547e-07,3.238921e-01,767,1,0,1,1,1
005_tomato_soup_can,s2_complete_only_005_tomato_soup_can_t1,complete_only,0,0.925369,0.018659,6.475204e-07,1.745814e-06,554,0.012439,6.213568e-07,0.024879,6.716063e-07,3.602272e-01,791,1,0,1,1,1
005_tomato_soup_can,s2_complete_only_005_tomato_soup_can_t2,complete_only,65,0.858447,0.018962,8.096144e-07,1.624895e-06,685,0.012641,7.517944e-07,0.025282,7.993887e-07,4.895208e-01,917,1,0,1,1,1
005_tomato_soup_can,s2_complete_only_005_tomato_soup_can_t3,complete_only,45,0.874404,0.019144,6.308073e-07,1.325129e-06,610,0.012763,6.074730e-07,0.025526,6.460395e-07,2.880000e-01,754,1,0,1,1,1
005_tomato_soup_can,s2_complete_only_005_tomato_soup_can_t4,complete_only,29,0.880028,0.018604,1.123608e-06,2.151281e-06,408,0.012403,1.140102e-06,0.024806,9.244792e-07,2.641837e-01,687,1,0,1,1,1
005_tomato_soup_can,s2_complete_only_005_tomato_soup_can_t5,complete_only,59,0.874071,0.019032,8.099148e-07,1.660674e-06,693,0.012688,7.717422e-07,0.025376,8.136623e-07,4.783087e-01,908,1,0,1,1,1
005_tomato_soup_can,s2_complete_only_005_tomato_soup_can_t6,complete_only,15,0.892768,0.018975,7.541195e-07,1.638815e-06,692,0.012650,7.017625e-07,0.025300,7.620332e-07,4.955704e-01,925,1,0,1,1,0
005_tomato_soup_can,s2_complete_only_005_tomato_soup_can_t7,complete_only,72,0.862676,0.018891,5.494079e-07,1.653167e-06,497,0.012594,5.840583e-07,0.025187,5.607465e-07,3.241076e-01,754,1,0,1,1,1
005_tomato_soup_can,s2_complete_only_005_tomato_soup_can_t8,complete_only,48,0.883771,0.018612,7.365493e-07,2.000971e-06,582,0.012408,6.751295e-07,0.024817,7.346234e-07,3.542054e-01,753,1,0,1,1,1
005_tomato_soup_can,s2_complete_only_005_tomato_soup_can_t9,complete_only,17,0.879009,0.018941,7.688749e-07,1.462277e-06,690,0.012627,7.389078e-07,0.025254,7.768525e-07,4.209668e-01,846,1,0,1,1,1
061_foam_brick,s2_complete_only_061_foam_brick_t0,complete_only,301,0.935655,0.017153,8.733065e-06,7.720639e-07,639,0.011435,2.725766e-05,0.022871,8.662340e-06,1.338922e+00,1558,1,0,1,1,0
061_foam_brick,s2_complete_only_061_foam_brick_t1,complete_only,104,0.971996,0.016699,1.048334e-05,4.971221e-05,724,0.011133,1.239620e-05,0.022266,1.521013e-05,2.013942e+00,1112,1,0,1,1,1
061_foam_brick,s2_complete_only_061_foam_brick_t2,complete_only,322,0.951871,0.018036,1.293595e-05,7.504510e-06,918,0.012024,1.717121e-05,0.024048,2.075412e-05,1.145314e+00,1176,1,0,1,1,1
061_foam_brick,s2_complete_only_061_foam_brick_t3,complete_only,1301,0.542791,0.016496,4.848393e-05,1.937662e-04,673,0.010997,5.470611e-05,0.021995,2.998397e-05,1.274574e+00,1375,1,0,1,1,1
061_foam_brick,s2_complete_only_061_foam_brick_t4,complete_only,381,0.953742,0.016488,2.515125e-06,3.285420e-06,758,0.010992,1.381133e-06,0.021983,5.124140e-06,1.133144e+00,1192,1,0,1,1,1
061_foam_brick,s2_complete_only_061_foam_brick_t5,complete_only,0,0.975100,0.016252,1.113314e-06,3.862392e-06,391,0.010835,2.017523e-06,0.021669,8.700864e-06,1.362362e+00,929,1,0,1,1,1
061_foam_brick,s2_complete_only_061_foam_brick_t6,complete_only,26,0.959528,0.017188,1.853399e-06,1.652994e-06,1075,0.011459,1.029411e-06,0.022918,2.386115e-06,1.768909e+00,2269,1,0,1,1,1
061_foam_brick,s2_complete_only_061_foam_brick_t7,complete_only,32,0.953372,0.018044,1.837808e-06,1.380366e-06,1209,0.012030,6.841263e-07,0.024059,7.002011e-06,2.023014e+00,1661,1,0,1,1,0
061_foam_brick,s2_complete_only_061_foam_brick_t8,complete_only,152,0.970604,0.016670,1.161385e-05,6.987190e-05,918,0.011113,1.085900e-05,0.022227,1.479858e-05,1.534459e+00,961,1,0,1,1,1
061_foam_brick,s2_complete_only_061_foam_brick_t9,complete_only,774,0.869757,0.016805,1.622384e-06,2.027521e-06,1121,0.011203,8.705771e-07,0.022407,4.000040e-06,1.732376e+00,1655,1,0,1,1,1
035_power_drill,s2_epi_max_035_power_drill_t0,complete_epi,328,0.844879,0.039149,6.146120e-05,1.069656e-04,1348,0.026099,9.952292e-05,0.052199,6.760179e-05,6.214697e-01,404,1,0,1,1,1
035_power_drill,s2_epi_max_035_power_drill_t1,complete_epi,136,0.939727,0.022942,4.273706e-06,1.163857e-05,2659,0.015295,3.790278e-06,0.030589,9.160416e-06,8.875962e-02,226,1,0,1,1,0
035_power_drill,s2_epi_max_035_power_drill_t2,complete_epi,726,0.755438,0.048598,6.659398e-06,1.733610e-05,2240,0.032398,4.700823e-06,0.064797,1.453583e-05,1.369882e-01,262,1,0,1,1,1
035_power_drill,s2_epi_max_035_power_drill_t3,complete_epi,18,0.950087,0.022867,1.225517e-04,3.986528e-04,758,0.015245,2.074626e-04,0.030490,7.859830e-05,3.014664e+00,678,1,0,1,1,0
035_power_drill,s2_epi_max_035_power_drill_t4,complete_epi,518,0.819991,0.040311,3.227758e-06,1.624414e-05,1038,0.026874,0.000000e+00,0.053749,4.151559e-06,0.000000e+00,122,1,0,1,1,0
035_power_drill,s2_epi_max_035_power_drill_t5,complete_epi,1256,0.613656,0.035259,2.988419e-06,5.939206e-06,1404,0.023506,1.782360e-06,0.047012,6.790460e-06,0.000000e+00,153,1,0,1,1,0
035_power_drill,s2_epi_max_035_power_drill_t6,complete_epi,11,0.930378,0.041730,2.383353e-06,0.000000e+00,654,0.027820,0.000000e+00,0.055641,1.447985e-05,0.000000e+00,126,1,0,1,1,1
035_power_drill,s2_epi_max_035_power_drill_t7,complete_epi,0,0.968677,0.020235,6.932524e-05,1.793193e-04,1352,0.013490,9.982209e-05,0.026980,2.944554e-05,1.261081e+00,785,1,0,1,1,0
035_power_drill,s2_epi_max_035_power_drill_t8,complete_epi,455,0.835437,0.041060,1.495208e-06,5.455157e-06,1113,0.027373,1.361201e-06,0.054747,2.760858e-06,0.000000e+00,172,1,0,1,1,1
035_power_drill,s2_epi_max_035_power_drill_t9,complete_epi,621,0.779967,0.044596,1.377448e-05,2.123979e-05,3331,0.029731,7.117500e-06,0.059462,1.796667e-05,5.295118e-01,458,1,0,1,1,1
021_bleach_cleanser,s2_epi_summax_021_bleach_cleanser_t0,complete_epi,0,0.930837,0.039332,1.241202e-02,2.994291e-04,997,0.026221,4.795576e-05,0.052442,2.914116e-05,0.000000e+00,126,1,0,1,1,1
021_bleach_cleanser,s2_epi_summax_021_bleach_cleanser_t2,complete_epi,5,0.873215,0.022294,1.982463e-02,2.433066e-04,663,0.014863,1.725466e-04,0.029726,1.221689e-04,1.147776e+00,199,1,0,1,1,0
021_bleach_cleanser,s2_epi_summax_021_bleach_cleanser_t3,complete_epi,525,0.870474,0.038648,2.134590e-03,1.976499e-05,753,0.025765,2.821393e-06,0.051530,1.655241e-05,0.000000e+00,75,1,0,1,1,1
021_bleach_cleanser,s2_epi_summax_021_bleach_cleanser_t4,complete_epi,84,0.920271,0.039524,1.160787e-02,1.706409e-04,972,0.026349,2.703264e-05,0.052699,1.831401e-05,2.159665e-01,195,1,0,1,1,1
021_bleach_cleanser,s2_epi_summax_021_bleach_cleanser_t5,complete_epi,24,0.940242,0.039966,1.352688e-02,3.711073e-04,911,0.026644,6.225312e-05,0.053288,4.211020e-05,0.000000e+00,90,1,0,1,1,0
021_bleach_cleanser,s2_epi_summax_021_bleach_cleanser_t6,complete_epi,5,0.918774,0.038920,6.138885e-03,5.288370e-05,1176,0.025947,2.039363e-05,0.051894,1.178875e-05,7.177915e-02,147,1,0,1,1,1
021_bleach_cleanser,s2_epi_summax_021_bleach_cleanser_t7,complete_epi,0,0.947286,0.038556,1.254076e-02,9.464273e-05,849,0.025704,3.705144e-05,0.051408,1.864878e-05,1.574039e-01,117,1,0,1,1,1
021_bleach_cleanser,s2_epi_summax_021_bleach_cleanser_t8,complete_epi,39,0.926261,0.039063,1.201436e-02,3.113454e-04,951,0.026042,2.392507e-05,0.052084,3.532357e-05,6.771115e-02,145,1,0,1,1,1
005_tomato_soup_can,s2_epi_sumsum_005_tomato_soup_can_t0,complete_epi,65,0.869985,0.018947,4.194210e-04,1.386790e-06,685,0.012632,7.195047e-07,0.025263,7.823527e-07,4.616544e-01,906,1,0,1,1,1
005_tomato_soup_can,s2_epi_sumsum_005_tomato_soup_can_t1,complete_epi,31,0.888912,0.018664,2.707152e-04,2.331042e-06,473,0.012442,6.653917e-07,0.024885,6.724544e-07,2.797261e-01,699,1,0,1,1,1
005_tomato_soup_can,s2_epi_sumsum_005_tomato_soup_can_t3,complete_epi,102,0.858697,0.019136,3.515444e-04,1.418793e-06,596,0.012757,6.609432e-07,0.025515,6.171150e-07,3.744325e-01,805,1,0,1,1,1
005_tomato_soup_can,s2_epi_sumsum_005_tomato_soup_can_t4,complete_epi,13,0.896811,0.018795,2.756122e-04,1.541609e-06,525,0.012530,6.873282e-07,0.025060,5.839945e-07,3.133387e-01,742,1,0,1,1,0
005_tomato_soup_can,s2_epi_sumsum_005_tomato_soup_can_t5,complete_epi,177,0.837309,0.019004,3.861573e-04,1.536864e-06,550,0.012669,7.426483e-07,0.025339,6.958536e-07,4.196158e-01,826,1,0,1,1,1
005_tomato_soup_can,s2_epi_sumsum_005_tomato_soup_can_t6,complete_epi,7,0.894035,0.018940,3.497191e-04,2.210986e-06,473,0.012627,1.018110e-06,0.025253,8.126829e-07,3.497517e-01,782,1,0,1,1,1
005_tomato_soup_can,s2_epi_sumsum_005_tomato_soup_can_t7,complete_epi,48,0.875267,0.018759,2.852942e-04,1.564446e-06,601,0.012506,5.903648e-07,0.025012,7.131473e-07,3.599548e-01,819,1,0,1,1,1
005_tomato_soup_can,s2_epi_sumsum_005_tomato_soup_can_t8,complete_epi,9,0.899723,0.019092,2.432197e-04,2.660469e-06,457,0.012728,4.524969e-07,0.025456,7.843008e-07,2.455051e-01,652,1,0,1,1,1
005_tomato_soup_can,s2_epi_sumsum_005_tomato_soup_can_t9,complete_epi,5,0.886222,0.018880,3.111422e-04,1.465847e-06,581,0.012586,6.902988e-07,0.025173,7.633582e-07,3.173205e-01,760,1,0,1,1,1
061_foam_brick,s2_epi_sumsum_061_foam_brick_t0,complete_epi,440,0.924916,0.017153,3.508282e-03,8.573224e-07,843,0.011435,4.245949e-07,0.022871,5.547147e-06,1.156914e+00,1530,1,0,1,1,0
061_foam_brick,s2_epi_sumsum_061_foam_brick_t1,complete_epi,185,0.967395,0.016699,3.027429e-03,2.778511e-05,531,0.011133,9.344911e-06,0.022266,1.267437e-05,1.288254e+00,864,1,0,1,1,1
061_foam_brick,s2_epi_sumsum_061_foam_brick_t2,complete_epi,289,0.955358,0.018048,1.726169e-03,1.630851e-05,1194,0.012032,5.177053e-06,0.024064,1.886828e-06,1.297255e+00,1798,1,0,1,1,0
061_foam_brick,s2_epi_sumsum_061_foam_brick_t3,complete_epi,1372,0.463276,0.016473,2.094313e-03,3.276186e-05,794,0.010982,9.567897e-06,0.021964,7.710651e-06,1.590854e+00,1558,1,0,1,1,1
061_foam_brick,s2_epi_sumsum_061_foam_brick_t4,complete_epi,712,0.903001,0.016485,1.595591e-03,3.802166e-05,524,0.010990,1.176930e-05,0.021980,4.849739e-06,1.121467e+00,1196,1,0,1,1,1
061_foam_brick,s2_epi_sumsum_061_foam_brick_t5,complete_epi,0,0.972090,0.016284,3.926731e-04,4.128683e-06,343,0.010856,2.160316e-06,0.021711,8.918531e-06,1.386245e+00,1031,1,0,1,1,1
061_foam_brick,s2_epi_sumsum_061_foam_brick_t6,complete_epi,18,0.957491,0.017179,1.176533e-03,2.694804e-06,1154,0.011453,1.047248e-06,0.022906,1.376023e-06,1.744274e+00,2172,1,0,1,1,1
061_foam_brick,s2_epi_sumsum_061_foam_brick_t7,complete_epi,15,0.955976,0.016989,8.514985e-04,1.568159e-06,1285,0.011326,7.250190e-07,0.022652,2.918260e-06,1.723733e+00,2245,1,0,1,1,0
061_foam_brick,s2_epi_sumsum_061_foam_brick_t8,complete_epi,221,0.964985,0.016652,3.514583e-03,1.315604e-05,862,0.011102,2.109654e-06,0.022203,1.168696e-05,1.371902e+00,983,1,0,1,1,1
061_foam_brick,s2_epi_sumsum_061_foam_brick_t9,complete_epi,804,0.874302,0.016814,6.543381e-04,1.310004e-06,946,0.011209,6.229739e-07,0.022418,1.117617e-06,9.751715e-01,1531,1,0,1,1,0
011_banana,s0_complete_only_011_banana_t0,complete_only,1440,0.674127,0.032608,1.087619e-04,7.854352e-04,2043,0.021739,9.612865e-05,0.043477,1.015632e-04,3.290663e-01,281,1,0,1,1,0
011_banana,s0_complete_only_011_banana_t1,complete_only,1766,0.367811,0.031863,7.145518e-04,4.517888e-03,1316,0.021242,4.232612e-03,0.042484,2.703186e-04,1.498706e+00,534,1,0,1,1,0
011_banana,s0_complete_only_011_banana_t2,complete_only,1049,0.776520,0.030909,6.719421e-05,8.644303e-05,2258,0.020606,5.945897e-05,0.041211,6.894479e-05,7.476770e-01,680,1,0,1,1,1
011_banana,s0_complete_only_011_banana_t3,complete_only,1260,0.783934,0.033191,2.267251e-04,9.022524e-04,1211,0.022127,4.946285e-04,0.044255,1.739742e-04,5.300192e-01,343,1,0,1,1,0
011_banana,s0_complete_only_011_banana_t4,complete_only,1343,0.705248,0.030842,9.484537e-05,6.122330e-04,1376,0.020561,4.568375e-04,0.041122,5.827887e-05,3.818605e-01,368,1,0,1,1,0
011_banana,s0_complete_only_011_banana_t5,complete_only,933,0.818108,0.032119,6.201500e-05,2.311067e-04,2600,0.021413,5.104095e-05,0.042825,6.356881e-05,1.004528e+00,838,1,0,1,1,1
011_banana,s0_complete_only_011_banana_t6,complete_only,1440,0.579679,0.031676,1.572234e-04,2.171066e-04,2182,0.021117,2.623991e-04,0.042235,1.862846e-04,5.780888e-01,327,1,0,1,1,1
011_banana,s0_complete_only_011_banana_t7,complete_only,8,0.968140,0.021509,2.990613e-05,1.404948e-04,1627,0.014339,2.642520e-05,0.028678,3.451480e-05,2.222775e+00,1851,1,0,1,1,1
011_banana,s0_complete_only_011_banana_t8,complete_only,1778,0.404041,0.031511,3.276451e-05,1.345637e-04,1384,0.021007,3.160975e-05,0.042015,3.218440e-05,2.061490e-01,279,1,0,1,1,0
011_banana,s0_complete_only_011_banana_t9,complete_only,1111,0.731783,0.031258,7.054510e-04,4.773718e-03,1535,0.020838,2.244265e-03,0.041677,3.644380e-04,9.226053e-01,776,1,0,1,1,1
025_mug,s0_epi_max_025_mug_t0,complete_epi,29,0.940809,0.020684,7.428078e-06,3.791030e-05,611,0.013789,1.308369e-05,0.027579,6.570350e-06,2.151718e-01,167,1,0,1,1,1
025_mug,s0_epi_max_025_mug_t1,complete_epi,100,0.925311,0.021149,6.057941e-06,2.255914e-05,648,0.014100,6.799754e-06,0.028199,9.478416e-06,4.011927e-01,181,1,0,1,1,1
025_mug,s0_epi_max_025_mug_t2,complete_epi,12,0.948804,0.020242,2.780773e-06,6.520533e-06,983,0.013495,2.463869e-06,0.026990,3.210442e-06,4.873503e-01,346,1,0,1,1,1
025_mug,s0_epi_max_025_mug_t3,complete_epi,10,0.915406,0.020951,2.157360e-05,9.044310e-05,434,0.013967,1.297664e-05,0.027935,3.467808e-05,2.951618e-01,174,1,0,1,1,1
025_mug,s0_epi_max_025_mug_t4,complete_epi,79,0.925442,0.020329,1.571986e-05,6.220671e-05,471,0.013553,1.566909e-05,0.027106,1.654126e-05,4.849602e-01,153,1,0,1,1,1
025_mug,s0_epi_max_025_mug_t5,complete_epi,121,0.895142,0.020279,1.709656e-06,3.053376e-06,1284,0.013519,1.688149e-06,0.027039,1.633544e-06,4.154687e-01,395,1,0,1,1,1
025_mug,s0_epi_max_025_mug_t6,complete_epi,5,0.943973,0.020308,5.235777e-04,1.606549e-03,444,0.013539,1.004873e-03,0.027078,8.621376e-05,4.565045e-01,297,1,0,1,1,0
025_mug,s0_epi_max_025_mug_t7,complete_epi,6,0.888628,0.020696,3.925520e-06,1.837966e-05,282,0.013797,3.963708e-06,0.027595,5.602995e-06,2.524237e-01,204,1,0,1,1,1
025_mug,s0_epi_max_025_mug_t9,complete_epi,90,0.911963,0.020666,7.883252e-06,2.897465e-05,642,0.013777,7.683923e-06,0.027554,7.939438e-06,4.098070e-01,195,1,0,1,1,1
006_mustard_bottle,s0_epi_summax_006_mustard_bottle_t0,complete_epi,108,0.834467,0.032858,1.201947e-02,3.783036e-05,2008,0.021906,1.407300e-05,0.043811,2.088660e-05,8.981044e-01,555,1,0,1,1,1
006_mustard_bottle,s0_epi_summax_006_mustard_bottle_t1,complete_epi,10,0.845437,0.031723,8.848339e-03,3.244926e-05,1913,0.021149,5.782394e-06,0.042297,1.150752e-05,6.387018e-01,593,1,0,1,1,1
006_mustard_bottle,s0_epi_summax_006_mustard_bottle_t2,complete_epi,0,0.916867,0.031776,3.384267e-03,1.331759e-05,1191,0.021184,7.210929e-06,0.042368,4.646742e-06,1.340348e-01,234,1,0,1,1,1
006_mustard_bottle,s0_epi_summax_006_mustard_bottle_t3,complete_epi,405,0.722936,0.056964,1.619764e+00,6.184274e-03,4593,0.037976,2.583845e-03,0.075951,5.847311e-04,1.644277e+00,337,1,0,1,1,1
006_mustard_bottle,s0_epi_summax_006_mustard_bottle_t4,complete_epi,57,0.797026,0.032041,6.197699e-03,1.890129e-05,1963,0.021361,3.978261e-06,0.042722,7.217551e-06,5.039769e-01,494,1,0,1,1,1
006_mustard_bottle,s0_epi_summax_006_mustard_bottle_t5,complete_epi,10,0.833548,0.032250,4.583430e-03,1.249299e-05,1481,0.021500,5.772946e-06,0.043000,5.662708e-06,8.948687e-02,248,1,0,1,1,1
006_mustard_bottle,s0_epi_summax_006_mustard_bottle_t6,complete_epi,207,0.759071,0.030491,1.880605e-02,7.165235e-05,1763,0.020327,1.388268e-05,0.040655,3.796727e-05,8.466526e-01,673,1,0,1,1,1
006_mustard_bottle,s0_epi_summax_006_mustard_bottle_t8,complete_epi,0,0.881977,0.031885,4.205084e-03,9.864858e-06,1907,0.021257,6.213560e-06,0.042513,4.642534e-06,6.143869e-01,415,1,0,1,1,1
006_mustard_bottle,s0_epi_summax_006_mustard_bottle_t9,complete_epi,1026,0.747967,0.061549,6.039758e-01,4.277926e-04,12161,0.041033,3.803912e-05,0.082066,2.371075e-04,1.651456e-01,762,1,0,1,1,0
051_large_clamp,s0_epi_summax_051_large_clamp_t0,complete_epi,7,0.947496,0.031974,5.217683e-03,0.000000e+00,715,0.021316,1.305447e-05,0.042632,1.934338e-05,0.000000e+00,139,1,0,1,1,1
051_large_clamp,s0_epi_summax_051_large_clamp_t1,complete_epi,5,0.949606,0.030773,0.000000e+00,0.000000e+00,825,0.020515,0.000000e+00,0.041031,1.136815e-07,0.000000e+00,199,1,0,1,1,0
051_large_clamp,s0_epi_summax_051_large_clamp_t2,complete_epi,1,0.977158,0.032698,1.123530e-02,2.173417e-03,983,0.021799,1.268810e-03,0.043597,1.049653e-05,1.481526e-01,213,1,0,1,1,1
051_large_clamp,s0_epi_summax_051_large_clamp_t3,complete_epi,2,0.955032,0.032174,9.508990e-05,0.000000e+00,721,0.021450,0.000000e+00,0.042899,1.150947e-06,0.000000e+00,142,1,0,1,1,1
051_large_clamp,s0_epi_summax_051_large_clamp_t4,complete_epi,18,0.953460,0.026573,6.343792e-03,4.317113e-05,1351,0.017715,7.892577e-06,0.035430,1.109024e-05,6.870750e-01,375,1,0,1,1,0
051_large_clamp,s0_epi_summax_051_large_clamp_t5,complete_epi,1,0.968431,0.032358,8.673399e-03,1.100971e-05,2554,0.021572,9.499578e-06,0.043143,4.596510e-06,8.027758e-02,217,1,0,1,1,0
051_large_clamp,s0_epi_summax_051_large_clamp_t6,complete_epi,1,0.964996,0.032368,7.220114e-03,7.109850e-05,885,0.021579,1.173116e-05,0.043157,1.801470e-05,0.000000e+00,153,1,0,1,1,1
051_large_clamp,s0_epi_summax_051_large_clamp_t7,complete_epi,1,0.960038,0.026142,1.276018e-03,2.533883e-06,1371,0.017428,7.902852e-08,0.034856,3.072821e-06,5.671179e-02,291,1,0,1,1,1
051_large_clamp,s0_epi_summax_051_large_clamp_t8,complete_epi,87,0.932332,0.031366,4.284712e-05,0.000000e+00,665,0.020911,0.000000e+00,0.041822,2.049278e-06,0.000000e+00,140,1,0,1,1,1
051_large_clamp,s0_epi_summax_051_large_clamp_t9,complete_epi,399,0.815888,0.009353,2.531190e-03,9.495783e-05,688,0.006235,6.458033e-05,0.012471,1.261677e-05,4.832520e+00,4347,1,0,1,1,0
011_banana,s0_epi_sumsum_011_banana_t0,complete_epi,1140,0.823167,0.032608,1.333870e-01,9.689892e-04,1353,0.021739,3.626581e-04,0.043477,1.726726e-04,7.044784e-01,381,1,0,1,1,0
011_banana,s0_epi_sumsum_011_banana_t1,complete_epi,1588,0.539867,0.031954,2.703447e-01,1.999332e-03,2207,0.021303,3.607652e-04,0.042605,1.927002e-04,1.459473e+00,914,1,0,1,1,1
011_banana,s0_epi_sumsum_011_banana_t2,complete_epi,685,0.875711,0.032355,1.057548e-01,3.706049e-04,2342,0.021570,3.801426e-05,0.043141,9.775321e-05,8.399965e-01,576,1,0,1,1,1
011_banana,s0_epi_sumsum_011_banana_t3,complete_epi,1527,0.646912,0.032965,8.043780e-02,4.620229e-04,1335,0.021977,2.819717e-04,0.043954,1.881911e-04,5.646263e-01,418,1,0,1,1,1
011_banana,s0_epi_sumsum_011_banana_t4,complete_epi,1473,0.615386,0.030895,3.528920e-02,6.209346e-04,1563,0.020596,4.016246e-04,0.041193,5.866625e-05,5.831892e-01,477,1,0,1,1,0
011_banana,s0_epi_sumsum_011_banana_t5,complete_epi,1303,0.695524,0.032094,7.827921e-02,3.702180e-04,1861,0.021396,1.951862e-04,0.042793,8.766636e-05,1.098271e+00,748,1,0,1,1,1
011_banana,s0_epi_sumsum_011_banana_t6,complete_epi,1472,0.608761,0.031738,8.887485e-02,1.400026e-03,1438,0.021159,6.883621e-04,0.042318,1.693619e-04,8.004759e-01,284,1,0,1,1,0
011_banana,s0_epi_sumsum_011_banana_t7,complete_epi,782,0.825975,0.031360,1.225184e-02,1.134024e-05,2873,0.020907,3.474232e-06,0.041814,1.025463e-05,6.016522e-01,661,1,0,1,1,1
011_banana,s0_epi_sumsum_011_banana_t8,complete_epi,1800,0.376478,0.031455,3.655752e-02,2.694115e-04,2123,0.020970,1.161698e-04,0.041939,4.956560e-05,6.536256e-01,520,1,0,1,1,0
011_banana,s0_epi_sumsum_011_banana_t9,complete_epi,784,0.846558,0.030394,1.218562e-01,1.049874e-03,1621,0.020263,8.359606e-04,0.040525,1.212470e-04,1.687851e+00,820,1,0,1,1,1
025_mug,s1_complete_only_025_mug_t0,complete_only,26,0.916266,0.019955,2.594951e-06,5.828039e-06,606,0.013303,2.595289e-06,0.026607,2.681357e-06,2.330248e-01,187,1,0,1,1,1
025_mug,s1_complete_only_025_mug_t1,complete_only,50,0.902300,0.020494,3.861922e-06,1.125549e-05,396,0.013662,4.522221e-06,0.027325,3.407642e-06,1.058667e-01,91,1,0,1,1,0
025_mug,s1_complete_only_025_mug_t2,complete_only,49,0.926968,0.022392,2.406824e-05,8.654925e-05,493,0.014928,2.847459e-05,0.029856,2.211084e-05,4.051713e-01,136,1,0,1,1,1
025_mug,s1_complete_only_025_mug_t3,complete_only,44,0.920396,0.020439,2.081945e-05,1.259466e-04,562,0.013626,1.064163e-05,0.027252,2.735025e-05,4.399611e-01,349,1,0,1,1,0
025_mug,s1_complete_only_025_mug_t5,complete_only,2,0.869136,0.020347,4.298077e-06,1.697337e-05,439,0.013565,5.006385e-06,0.027129,4.421911e-06,1.553026e-01,146,1,0,1,1,0
025_mug,s1_complete_only_025_mug_t6,complete_only,140,0.917111,0.020175,2.397267e-06,6.627710e-06,602,0.013450,2.178149e-06,0.026900,2.649717e-06,3.148400e-01,249,1,0,1,1,1
025_mug,s1_complete_only_025_mug_t7,complete_only,46,0.935505,0.020307,2.805516e-06,5.781705e-06,940,0.013538,2.779935e-06,0.027076,3.072449e-06,3.146950e-01,215,1,0,1,1,1
025_mug,s1_complete_only_025_mug_t8,complete_only,23,0.939704,0.019298,1.707425e-06,3.676069e-06,673,0.012866,1.862819e-06,0.025731,1.564157e-06,1.834806e-01,185,1,0,1,1,1
006_mustard_bottle,s1_epi_max_006_mustard_bottle_t0,complete_epi,0,0.876712,0.031806,8.563497e-06,2.106258e-05,1472,0.021204,8.542887e-06,0.042408,8.668815e-06,1.161665e-01,256,1,0,1,1,1
006_mustard_bottle,s1_epi_max_006_mustard_bottle_t1,complete_epi,0,0.900365,0.035691,5.670168e-06,1.671846e-05,1579,0.023794,6.444516e-06,0.047587,6.067775e-06,7.141840e-02,262,1,0,1,1,1
006_mustard_bottle,s1_epi_max_006_mustard_bottle_t2,complete_epi,5,0.973119,0.021531,3.658942e-05,1.640573e-04,1603,0.014354,3.790518e-05,0.028708,2.964805e-05,6.404836e-01,501,1,0,1,1,0
006_mustard_bottle,s1_epi_max_006_mustard_bottle_t3,complete_epi,0,0.843817,0.031665,6.200042e-06,1.272257e-05,1745,0.021110,7.460886e-06,0.042220,5.357512e-06,6.031333e-01,426,1,0,1,1,1
006_mustard_bottle,s1_epi_max_006_mustard_bottle_t5,complete_epi,109,0.781327,0.032332,7.992003e-06,2.042070e-05,1926,0.021555,6.352865e-06,0.043110,1.557716e-05,4.235661e-01,559,1,0,1,1,1
006_mustard_bottle,s1_epi_max_006_mustard_bottle_t7,complete_epi,0,0.848262,0.032479,7.321518e-06,1.712419e-05,1711,0.021653,8.008658e-06,0.043305,7.101743e-06,2.058157e-01,278,1,0,1,1,1
006_mustard_bottle,s1_epi_max_006_mustard_bottle_t9,complete_epi,281,0.782080,0.032445,1.423179e-05,4.516235e-05,1935,0.021630,1.150757e-05,0.043260,1.730559e-05,7.047831e-01,514,1,0,1,1,1
051_large_clamp,s1_epi_max_051_large_clamp_t0,complete_epi,0,0.960641,0.029898,9.723605e-07,4.119913e-06,1146,0.019932,5.788160e-07,0.039864,1.134042e-06,1.285554e-01,221,1,0,1,1,1
051_large_clamp,s1_epi_max_051_large_clamp_t1,complete_epi,6,0.972964,0.032256,2.001884e-06,8.459262e-06,1624,0.021504,3.301562e-06,0.043008,1.860742e-06,1.685814e-01,256,1,0,1,1,0
051_large_clamp,s1_epi_max_051_large_clamp_t2,complete_epi,3,0.962328,0.029981,0.000000e+00,0.000000e+00,858,0.019987,0.000000e+00,0.039974,1.820298e-07,0.000000e+00,201,1,0,1,1,0
051_large_clamp,s1_epi_max_051_large_clamp_t3,complete_epi,79,0.937415,0.031446,0.000000e+00,0.000000e+00,670,0.020964,0.000000e+00,0.041928,1.075765e-06,0.000000e+00,134,1,0,1,1,1
051_large_clamp,s1_epi_max_051_large_clamp_t4,complete_epi,10,0.950640,0.032306,2.046623e-06,5.972689e-06,2340,0.021537,3.123308e-06,0.043075,2.629482e-06,7.988821e-01,745,1,0,1,1,0
051_large_clamp,s1_epi_max_051_large_clamp_t5,complete_epi,1,0.958851,0.032749,3.253592e-06,1.375871e-05,2409,0.021832,3.537574e-06,0.043665,1.048052e-05,3.867091e-01,372,1,0,1,1,1
051_large_clamp,s1_epi_max_051_large_clamp_t6,complete_epi,9,0.965242,0.029891,4.743370e-07,1.322867e-06,868,0.019927,0.000000e+00,0.039855,7.096107e-07,0.000000e+00,129,1,0,1,1,1
051_large_clamp,s1_epi_max_051_large_clamp_t7,complete_epi,0,0.969719,0.032385,3.137190e-04,1.797358e-03,1019,0.021590,1.394983e-03,0.043180,9.576390e-05,4.139091e-01,253,1,0,1,1,1
051_large_clamp,s1_epi_max_051_large_clamp_t9,complete_epi,1,0.960779,0.031964,9.383168e-07,6.266052e-06,854,0.021309,9.626386e-08,0.042618,2.213061e-06,0.000000e+00,163,1,0,1,1,1
011_banana,s1_epi_summax_011_banana_t0,complete_epi,1374,0.681464,0.032232,3.997112e-02,2.970477e-04,2149,0.021488,8.124545e-05,0.042976,4.878462e-05,1.082951e+00,494,1,0,1,1,1
011_banana,s1_epi_summax_011_banana_t1,complete_epi,741,0.850574,0.031772,6.293836e-02,5.863039e-04,1618,0.021181,3.532789e-04,0.042362,9.821887e-05,9.219506e-01,454,1,0,1,1,0
011_banana,s1_epi_summax_011_banana_t2,complete_epi,1311,0.739674,0.031712,1.049571e-02,5.711273e-05,1546,0.021141,3.353911e-05,0.042283,1.365471e-05,2.281781e-01,247,1,0,1,1,0
011_banana,s1_epi_summax_011_banana_t3,complete_epi,1896,0.201532,0.031615,2.495214e-01,1.487420e-03,2322,0.021077,4.886806e-04,0.042154,2.593855e-04,3.652211e+00,1447,1,0,1,1,0
011_banana,s1_epi_summax_011_banana_t4,complete_epi,1017,0.809667,0.032510,1.598114e-01,4.229528e-04,3498,0.021673,5.280871e-05,0.043347,1.104266e-04,6.735789e-01,652,1,0,1,1,0
011_banana,s1_epi_summax_011_banana_t5,complete_epi,1917,0.068208,0.031764,1.688744e-01,8.865302e-04,2255,0.021176,1.784359e-04,0.042352,1.303304e-04,1.655866e+00,937,1,0,1,1,1
011_banana,s1_epi_summax_011_banana_t6,complete_epi,1917,0.064723,0.032902,6.225130e-02,1.602512e-04,2764,0.021935,2.552657e-05,0.043870,3.158478e-05,3.006583e-01,267,1,0,1,1,0
011_banana,s1_epi_summax_011_banana_t7,complete_epi,958,0.824041,0.031243,8.111707e-02,1.051821e-04,2811,0.020828,2.873684e-05,0.041657,6.365452e-05,8.000876e-01,759,1,0,1,1,1
011_banana,s1_epi_summax_011_banana_t8,complete_epi,370,0.901820,0.032490,4.252446e-02,8.760230e-05,2866,0.021660,2.445252e-05,0.043320,4.877984e-05,7.649393e-01,696,1,0,1,1,0
011_banana,s1_epi_summax_011_banana_t9,complete_epi,938,0.794163,0.032157,2.152004e-01,5.390044e-04,2549,0.021438,3.081335e-04,0.042876,1.768570e-04,1.523323e+00,548,1,0,1,1,0
025_mug,s1_epi_sumsum_025_mug_t0,complete_epi,104,0.878006,0.019955,1.573460e-03,6.114109e-06,646,0.013303,2.705485e-06,0.026607,2.605468e-06,2.110620e-01,171,1,0,1,1,1
025_mug,s1_epi_sumsum_025_mug_t1,complete_epi,15,0.807960,0.028025,3.597452e-03,1.028971e-05,1113,0.018683,4.424152e-06,0.037366,3.712988e-06,2.966014e-01,167,1,0,1,1,1
025_mug,s1_epi_sumsum_025_mug_t2,complete_epi,15,0.932997,0.019383,9.377372e-04,7.309915e-06,387,0.012922,3.311861e-06,0.025844,2.406320e-06,1.002300e-01,104,1,0,1,1,0
025_mug,s1_epi_sumsum_025_mug_t3,complete_epi,44,0.886569,0.020301,8.478400e-04,6.274802e-06,367,0.013534,4.044349e-06,0.027068,2.406930e-06,1.278353e-01,105,1,0,1,1,1
025_mug,s1_epi_sumsum_025_mug_t4,complete_epi,6,0.958140,0.021713,1.644571e-03,4.514875e-06,858,0.014475,2.238992e-06,0.028950,2.393772e-06,2.613252e-01,193,1,0,1,1,1
025_mug,s1_epi_sumsum_025_mug_t5,complete_epi,469,0.762608,0.027482,3.885098e-03,2.122672e-05,974,0.018321,1.942190e-06,0.036642,7.850017e-06,0.000000e+00,131,1,0,1,1,0
025_mug,s1_epi_sumsum_025_mug_t6,complete_epi,83,0.928636,0.020143,1.555837e-03,7.792789e-06,658,0.013428,2.629678e-06,0.026857,2.976307e-06,3.763387e-01,283,1,0,1,1,1
025_mug,s1_epi_sumsum_025_mug_t7,complete_epi,107,0.934229,0.013613,2.910417e-02,4.177524e-04,1145,0.009075,7.994145e-04,0.018150,3.724750e-05,4.432114e+00,2268,1,0,1,1,0
025_mug,s1_epi_sumsum_025_mug_t8,complete_epi,70,0.930836,0.024682,1.231050e-03,2.199867e-06,1023,0.016455,1.436910e-06,0.032909,1.343187e-06,3.067876e-01,303,1,0,1,1,1
025_mug,s1_epi_sumsum_025_mug_t9,complete_epi,88,0.925832,0.020828,1.275186e-03,2.260388e-06,1009,0.013885,1.373471e-06,0.027770,1.262375e-06,3.845013e-01,390,1,0,1,1,1
006_mustard_bottle,s2_complete_only_006_mustard_bottle_t0,complete_only,0,0.911967,0.032013,7.068344e-06,2.488617e-05,2141,0.021342,4.093388e-06,0.042684,1.795462e-05,5.667344e-01,709,1,0,1,1,1
006_mustard_bottle,s2_complete_only_006_mustard_bottle_t1,complete_only,1159,0.392788,0.050610,5.480475e-04,1.722119e-03,861,0.033740,7.583469e-04,0.067480,4.477450e-04,1.300910e+00,57,1,0,1,1,0
006_mustard_bottle,s2_complete_only_006_mustard_bottle_t2,complete_only,4,0.907625,0.030239,8.686560e-06,3.566585e-05,1447,0.020159,7.389408e-06,0.040318,9.182886e-06,6.455494e-01,269,1,0,1,1,1
006_mustard_bottle,s2_complete_only_006_mustard_bottle_t3,complete_only,0,0.873042,0.031436,6.917390e-06,1.377292e-05,1482,0.020957,7.464577e-06,0.041915,5.952054e-06,4.528121e-01,390,1,0,1,1,1
006_mustard_bottle,s2_complete_only_006_mustard_bottle_t4,complete_only,6,0.892415,0.030721,1.576466e-05,4.783102e-05,1481,0.020480,1.354583e-05,0.040961,1.774009e-05,9.064970e-01,364,1,0,1,1,1
006_mustard_bottle,s2_complete_only_006_mustard_bottle_t5,complete_only,57,0.829858,0.031952,1.913854e-05,7.107476e-05,1942,0.021301,1.151607e-05,0.042603,2.853023e-05,1.190418e+00,885,1,0,1,1,1
006_mustard_bottle,s2_complete_only_006_mustard_bottle_t6,complete_only,486,0.865068,0.016436,5.415569e-06,1.309793e-05,2248,0.010958,5.249152e-06,0.021915,7.921709e-06,9.830320e-01,1784,1,0,1,1,0
006_mustard_bottle,s2_complete_only_006_mustard_bottle_t8,complete_only,30,0.859995,0.032273,1.842171e-05,4.812658e-05,1533,0.021516,1.512132e-05,0.043031,2.035550e-05,8.923788e-01,300,1,0,1,1,1
006_mustard_bottle,s2_complete_only_006_mustard_bottle_t9,complete_only,0,0.890522,0.030851,9.169964e-06,1.922730e-05,1964,0.020567,5.315064e-06,0.041135,1.564812e-05,4.268803e-01,610,1,0,1,1,1
051_large_clamp,s2_complete_only_051_large_clamp_t0,complete_only,5,0.952147,0.030638,2.843579e-07,1.283295e-06,1126,0.020425,3.606898e-07,0.040851,4.064515e-07,0.000000e+00,198,1,0,1,1,1
051_large_clamp,s2_complete_only_051_large_clamp_t1,complete_only,0,0.968438,0.028993,0.000000e+00,0.000000e+00,664,0.019329,0.000000e+00,0.038657,2.481190e-08,0.000000e+00,165,1,0,1,1,1
051_large_clamp,s2_complete_only_051_large_clamp_t2,complete_only,6,0.968572,0.033774,4.240355e-06,1.434564e-05,2220,0.022516,1.723227e-06,0.045033,6.306338e-06,6.401362e-02,246,1,0,1,1,0
051_large_clamp,s2_complete_only_051_large_clamp_t3,complete_only,7,0.952487,0.031858,4.164690e-05,1.784162e-04,1988,0.021239,4.504217e-05,0.042478,3.653492e-05,1.377087e+00,771,1,0,1,1,1
051_large_clamp,s2_complete_only_051_large_clamp_t5,complete_only,2,0.961330,0.031789,0.000000e+00,0.000000e+00,745,0.021192,0.000000e+00,0.042385,2.076266e-06,0.000000e+00,159,1,0,1,1,0
051_large_clamp,s2_complete_only_051_large_clamp_t6,complete_only,22,0.954554,0.031000,5.074419e-06,1.812905e-05,2602,0.020667,9.201096e-06,0.041334,6.042411e-06,8.920805e-01,607,1,0,1,1,1
051_large_clamp,s2_complete_only_051_large_clamp_t7,complete_only,258,0.836858,0.042735,2.352611e-05,4.943352e-05,2273,0.028490,2.579022e-05,0.056981,1.919743e-05,1.315485e+00,612,1,0,1,1,0
051_large_clamp,s2_complete_only_051_large_clamp_t8,complete_only,0,0.966872,0.029325,0.000000e+00,0.000000e+00,641,0.019550,0.000000e+00,0.039100,0.000000e+00,0.000000e+00,172,1,0,1,1,0
051_large_clamp,s2_complete_only_051_large_clamp_t9,complete_only,0,0.950555,0.030777,3.664039e-07,1.983682e-06,1196,0.020518,3.470304e-07,0.041037,1.888275e-06,0.000000e+00,222,1,0,1,1,1
011_banana,s2_epi_max_011_banana_t0,complete_epi,1629,0.518701,0.032968,2.558212e-04,1.976892e-03,1762,0.021979,2.895820e-03,0.043957,2.156208e-04,1.243787e+00,397,1,0,1,1,1
011_banana,s2_epi_max_011_banana_t1,complete_epi,1404,0.709724,0.031974,1.495756e-05,4.255435e-05,1647,0.021316,1.787030e-05,0.042632,1.498259e-05,1.841943e-01,303,1,0,1,1,0
011_banana,s2_epi_max_011_banana_t2,complete_epi,1162,0.760703,0.032211,3.265391e-05,1.530156e-04,3633,0.021474,2.692371e-05,0.042948,3.762949e-05,8.954183e-01,657,1,0,1,1,1
011_banana,s2_epi_max_011_banana_t3,complete_epi,613,0.877102,0.031715,1.536429e-05,4.148042e-05,3233,0.021143,5.859101e-06,0.042287,2.339745e-05,3.082413e-01,431,1,0,1,1,0
011_banana,s2_epi_max_011_banana_t4,complete_epi,1540,0.602552,0.031676,1.210516e-04,5.703366e-04,1469,0.021118,2.155769e-04,0.042235,4.810414e-05,1.165868e+00,622,1,0,1,1,0
011_banana,s2_epi_max_011_banana_t5,complete_epi,1604,0.498771,0.031674,3.218520e-05,2.022556e-05,2299,0.021116,2.211862e-05,0.042231,4.351292e-05,2.990805e-01,304,1,0,1,1,0
011_banana,s2_epi_max_011_banana_t6,complete_epi,354,0.889750,0.032396,1.786676e-05,7.013226e-05,4241,0.021597,1.849846e-05,0.043194,1.190025e-05,1.927644e+00,1430,1,0,1,1,1
011_banana,s2_epi_max_011_banana_t7,complete_epi,1572,0.561182,0.032062,3.083966e-05,1.055080e-04,2746,0.021375,4.384616e-05,0.042750,3.700850e-05,1.373548e+00,903,1,0,1,1,0
011_banana,s2_epi_max_011_banana_t8,complete_epi,1786,0.361506,0.031569,2.981194e-05,1.170143e-04,1865,0.021046,3.999984e-05,0.042091,2.247083e-05,5.392098e-01,475,1,0,1,1,0
011_banana,s2_epi_max_011_banana_t9,complete_epi,977,0.808284,0.031877,4.958503e-05,8.153606e-05,2744,0.021251,4.565517e-05,0.042503,4.902709e-05,9.031635e-01,903,1,0,1,1,0
025_mug,s2_epi_summax_025_mug_t0,complete_epi,100,0.913161,0.020731,3.343392e-03,2.735478e-05,535,0.013821,1.860983e-05,0.027641,1.323305e-05,3.288028e-01,156,1,0,1,1,1
025_mug,s2_epi_summax_025_mug_t1,complete_epi,10,0.950175,0.019865,7.254494e-04,2.086223e-06,801,0.013244,1.155666e-06,0.026487,1.254311e-06,1.982434e-01,224,1,0,1,1,0
025_mug,s2_epi_summax_025_mug_t2,complete_epi,219,0.773137,0.020414,7.681398e-04,5.724750e-05,162,0.013609,6.722715e-05,0.027218,6.097404e-06,2.361965e-01,104,1,0,1,1,1
025_mug,s2_epi_summax_025_mug_t3,complete_epi,8,0.942261,0.021159,1.193866e-03,1.872525e-05,388,0.014106,4.239170e-06,0.028212,6.757930e-06,1.504049e-01,96,1,0,1,1,1
025_mug,s2_epi_summax_025_mug_t5,complete_epi,122,0.922924,0.020752,6.991643e-04,2.211611e-06,963,0.013834,1.372357e-06,0.027669,1.365175e-06,2.608863e-01,276,1,0,1,1,1
025_mug,s2_epi_summax_025_mug_t6,complete_epi,56,0.924183,0.024755,1.311508e-03,1.654740e-05,595,0.016503,3.430384e-06,0.033007,4.491609e-06,2.321667e-01,144,1,0,1,1,1
025_mug,s2_epi_summax_025_mug_t7,complete_epi,153,0.806025,0.040074,8.611669e-02,3.605475e-04,2796,0.026716,3.659275e-05,0.053432,1.296708e-04,3.593646e-01,213,1,0,1,1,0
025_mug,s2_epi_summax_025_mug_t8,complete_epi,18,0.943672,0.020787,4.571876e-03,4.698771e-05,465,0.013858,2.560112e-05,0.027716,1.853819e-05,3.593232e-01,134,1,0,1,1,1
025_mug,s2_epi_summax_025_mug_t9,complete_epi,201,0.915024,0.021111,2.853049e-03,2.410519e-05,511,0.014074,1.110014e-05,0.028147,1.048625e-05,2.877560e-01,156,1,0,1,1,1
006_mustard_bottle,s2_epi_sumsum_006_mustard_bottle_t0,complete_epi,0,0.904098,0.032013,1.967411e-02,2.231524e-05,2172,0.021342,3.064150e-06,0.042684,1.579865e-05,4.990645e-01,727,1,0,1,1,1
006_mustard_bottle,s2_epi_sumsum_006_mustard_bottle_t1,complete_epi,14,0.859137,0.031962,1.244790e-02,2.756330e-05,1698,0.021308,1.039771e-05,0.042616,1.385828e-05,8.263659e-01,344,1,0,1,1,1
006_mustard_bottle,s2_epi_sumsum_006_mustard_bottle_t2,complete_epi,5,0.834948,0.040344,2.681901e-02,3.811530e-05,2047,0.026896,1.862328e-05,0.053792,2.175559e-05,9.176485e-01,463,1,0,1,1,1
006_mustard_bottle,s2_epi_sumsum_006_mustard_bottle_t3,complete_epi,0,0.898728,0.032382,5.093904e-03,1.160250e-05,1522,0.021588,7.023523e-06,0.043176,4.549928e-06,1.503676e-01,212,1,0,1,1,1
006_mustard_bottle,s2_epi_sumsum_006_mustard_bottle_t4,complete_epi,143,0.865745,0.030926,1.586429e-02,3.596120e-05,1558,0.020617,1.020727e-05,0.041234,1.412831e-05,7.653693e-01,297,1,0,1,1,1
006_mustard_bottle,s2_epi_sumsum_006_mustard_bottle_t5,complete_epi,104,0.799340,0.032113,3.210143e-02,1.130741e-04,1979,0.021409,2.083081e-05,0.042817,4.730045e-05,1.230222e+00,869,1,0,1,1,1
006_mustard_bottle,s2_epi_sumsum_006_mustard_bottle_t7,complete_epi,425,0.922771,0.014634,4.848516e-03,1.955648e-05,1519,0.009756,1.705143e-05,0.019512,6.681144e-06,2.118251e+00,2341,1,0,1,1,0
006_mustard_bottle,s2_epi_sumsum_006_mustard_bottle_t8,complete_epi,16,0.845095,0.032542,1.146615e-02,2.394143e-05,2559,0.021694,6.779122e-06,0.043389,7.017182e-06,7.394689e-01,588,1,0,1,1,1
006_mustard_bottle,s2_epi_sumsum_006_mustard_bottle_t9,complete_epi,2,0.912024,0.030372,9.142935e-03,2.189800e-05,1923,0.020248,3.651912e-06,0.040495,1.201706e-05,5.667302e-01,745,1,0,1,1,0
051_large_clamp,s2_epi_sumsum_051_large_clamp_t0,complete_epi,5,0.956269,0.030638,0.000000e+00,0.000000e+00,885,0.020425,0.000000e+00,0.040851,1.096497e-07,0.000000e+00,207,1,0,1,1,1
051_large_clamp,s2_epi_sumsum_051_large_clamp_t1,complete_epi,0,0.965457,0.029262,0.000000e+00,0.000000e+00,743,0.019508,0.000000e+00,0.039016,0.000000e+00,0.000000e+00,181,1,0,1,1,0
051_large_clamp,s2_epi_sumsum_051_large_clamp_t2,complete_epi,5,0.967065,0.033768,1.988792e-03,1.086580e-05,1355,0.022512,1.599542e-06,0.045024,1.585395e-06,3.708229e-02,206,1,0,1,1,1
051_large_clamp,s2_epi_sumsum_051_large_clamp_t3,complete_epi,19,0.943926,0.031839,6.516108e-03,1.026788e-04,772,0.021226,1.180726e-04,0.042452,1.942219e-05,4.283125e-02,162,1,0,1,1,1
051_large_clamp,s2_epi_sumsum_051_large_clamp_t4,complete_epi,1,0.950550,0.025291,2.876299e-01,6.225769e-04,3969,0.016861,7.468323e-05,0.033721,1.116953e-04,2.876140e+00,1445,1,0,1,1,0
051_large_clamp,s2_epi_sumsum_051_large_clamp_t5,complete_epi,1,0.960250,0.031443,1.998108e-03,1.821131e-05,899,0.020962,3.671863e-06,0.041924,5.111691e-06,0.000000e+00,158,1,0,1,1,1
051_large_clamp,s2_epi_sumsum_051_large_clamp_t7,complete_epi,30,0.958370,0.030777,5.998497e-03,1.440661e-05,2332,0.020518,3.191584e-06,0.041036,2.948688e-06,5.174686e-01,477,1,0,1,1,1
051_large_clamp,s2_epi_sumsum_051_large_clamp_t8,complete_epi,0,0.959500,0.029318,0.000000e+00,0.000000e+00,717,0.019545,0.000000e+00,0.039091,0.000000e+00,0.000000e+00,171,1,0,1,1,1
051_large_clamp,s2_epi_sumsum_051_large_clamp_t9,complete_epi,1877,0.554271,0.005061,1.707379e-04,7.466555e-07,521,0.003374,3.497575e-07,0.006748,4.544577e-07,5.354227e+00,3387,1,0,1,1,0
