object,trial,arm,grasp_id,confidence,patch_radius,patch_epi_mean,patch_epi_p95,patch_n,sens_lo_radius,patch_epi_mean_sens_lo,sens_hi_radius,patch_epi_mean_sens_hi,duarte_sigma_sum,duarte_box_n,geometry_gate_pass,uq_rejected,chosen,executed,lift_success,support_d_obs_mm
005_tomato_soup_can,s0_gate_off_005_tomato_soup_can_t0,complete_only,10,0.944996,0.019798,3.576888e-06,2.281439e-05,641,0.013199,4.013035e-06,0.026397,4.387297e-06,3.274019e-01,233,1,0,1,1,1,
005_tomato_soup_can,s0_gate_off_005_tomato_soup_can_t1,complete_only,10,0.945936,0.019860,1.773083e-05,7.786307e-05,429,0.013240,1.975067e-05,0.026480,9.798139e-06,2.940968e-01,257,1,0,1,1,0,
005_tomato_soup_can,s0_gate_off_005_tomato_soup_can_t2,complete_only,29,0.936659,0.019849,1.412008e-05,6.316691e-05,354,0.013233,1.642717e-05,0.026465,1.351734e-05,3.022818e-01,231,1,0,1,1,1,
005_tomato_soup_can,s0_gate_off_005_tomato_soup_can_t3,complete_only,3,0.945877,0.020050,2.548929e-05,1.377582e-04,483,0.013367,2.756208e-05,0.026734,2.303921e-05,3.670758e-01,267,1,0,1,1,0,
005_tomato_soup_can,s0_gate_off_005_tomato_soup_can_t4,complete_only,11,0.936525,0.019848,7.296623e-05,4.123627e-04,303,0.013232,9.834727e-05,0.026465,5.642235e-05,4.451176e-01,238,1,0,1,1,0,
005_tomato_soup_can,s0_gate_off_005_tomato_soup_can_t5,complete_only,0,0.942952,0.019723,4.476367e-05,3.098040e-04,373,0.013149,5.924105e-05,0.026298,2.311723e-05,3.086326e-01,226,1,0,1,1,1,
005_tomato_soup_can,s0_gate_off_005_tomato_soup_can_t6,complete_only,0,0.946802,0.020045,4.356650e-05,2.852694e-04,455,0.013363,5.911999e-05,0.026727,2.687608e-05,3.815837e-01,255,1,0,1,1,0,
005_tomato_soup_can,s0_gate_off_005_tomato_soup_can_t7,complete_only,5,0.936899,0.019730,3.891161e-05,2.157542e-04,454,0.013154,5.369006e-05,0.026307,2.675786e-05,3.567455e-01,217,1,0,1,1,1,
005_tomato_soup_can,s0_gate_off_005_tomato_soup_can_t8,complete_only,62,0.920950,0.019839,4.517747e-06,1.160636e-05,322,0.013226,4.857436e-06,0.026452,4.341924e-06,2.466827e-01,289,1,0,1,1,0,
005_tomato_soup_can,s0_gate_off_005_tomato_soup_can_t9,complete_only,1,0.933079,0.020128,4.064631e-05,3.898244e-04,402,0.013418,6.109632e-05,0.026837,3.294255e-05,3.114953e-01,220,1,0,1,1,0,
005_tomato_soup_can,s0_gate_off_005_tomato_soup_can_t10,complete_only,21,0.934696,0.020013,1.043720e-05,5.237510e-05,597,0.013342,2.978608e-05,0.026684,7.137291e-06,2.658828e-01,225,1,0,1,1,0,
005_tomato_soup_can,s0_gate_off_005_tomato_soup_can_t11,complete_only,17,0.932325,0.019991,7.537699e-05,3.836611e-04,471,0.013328,1.018261e-04,0.026655,2.915233e-05,4.504080e-01,223,1,0,1,1,0,
005_tomato_soup_can,s0_gate_off_005_tomato_soup_can_t12,complete_only,0,0.936298,0.019980,4.035143e-05,3.815919e-04,315,0.013320,3.876011e-05,0.026641,3.642011e-05,2.435747e-01,204,1,0,1,1,1,
005_tomato_soup_can,s0_gate_off_005_tomato_soup_can_t13,complete_only,5,0.922708,0.019959,7.391567e-05,5.755758e-04,240,0.013306,8.922503e-05,0.026612,4.080948e-05,2.842486e-01,211,1,0,1,1,1,
005_tomato_soup_can,s0_gate_off_005_tomato_soup_can_t14,complete_only,1,0.941019,0.019946,6.334680e-05,3.324446e-04,378,0.013297,8.737427e-05,0.026595,3.907034e-05,5.020510e-01,250,1,0,1,1,0,
005_tomato_soup_can,s0_gate_off_005_tomato_soup_can_t15,complete_only,4,0.941854,0.019782,9.783772e-06,3.990751e-05,548,0.013188,9.406946e-06,0.026376,9.633001e-06,3.176250e-01,254,1,0,1,1,1,
005_tomato_soup_can,s0_gate_off_005_tomato_soup_can_t16,complete_only,6,0.929785,0.020147,4.854548e-05,3.961919e-04,489,0.013431,8.142133e-05,0.026863,4.157500e-05,3.310247e-01,219,1,0,1,1,0,
005_tomato_soup_can,s0_gate_off_005_tomato_soup_can_t17,complete_only,20,0.935794,0.019924,2.360775e-05,1.838202e-04,332,0.013283,3.061654e-05,0.026566,2.393566e-05,2.421287e-01,217,1,0,1,1,0,
005_tomato_soup_can,s0_gate_off_005_tomato_soup_can_t18,complete_only,20,0.933217,0.019923,4.349879e-05,4.476341e-04,464,0.013282,4.997202e-05,0.026565,2.913945e-05,3.916917e-01,241,1,0,1,1,0,
005_tomato_soup_can,s0_gate_off_005_tomato_soup_can_t19,complete_only,7,0.933534,0.020115,6.078383e-05,4.712276e-04,455,0.013410,7.394189e-05,0.026820,3.312247e-05,3.678946e-01,245,1,0,1,1,0,
005_tomato_soup_can,s0_gate_off_005_tomato_soup_can_t20,complete_only,15,0.931732,0.019876,7.159370e-05,5.351643e-04,480,0.013250,9.531365e-05,0.026501,6.240492e-05,4.642281e-01,268,1,0,1,1,0,
005_tomato_soup_can,s0_gate_off_005_tomato_soup_can_t21,complete_only,2,0.939530,0.019942,4.773060e-05,3.483926e-04,419,0.013295,5.797193e-05,0.026589,3.423543e-05,3.809502e-01,267,1,0,1,1,0,
005_tomato_soup_can,s0_gate_off_005_tomato_soup_can_t22,complete_only,0,0.962978,0.019923,1.110045e-05,7.579300e-05,393,0.013282,4.427861e-05,0.026564,7.719548e-06,1.622899e-01,198,1,0,1,1,0,
005_tomato_soup_can,s0_gate_off_005_tomato_soup_can_t23,complete_only,0,0.949537,0.019982,2.163309e-05,1.449767e-04,436,0.013321,9.604478e-05,0.026642,1.168020e-05,2.510427e-01,248,1,0,1,1,0,
005_tomato_soup_can,s0_gate_off_005_tomato_soup_can_t24,complete_only,3,0.935176,0.019803,2.107731e-05,7.030955e-05,431,0.013202,2.430757e-05,0.026404,9.081708e-06,3.128015e-01,226,1,0,1,1,1,
005_tomato_soup_can,s0_gate_off_005_tomato_soup_can_t25,complete_only,17,0.948468,0.019717,2.326286e-06,1.257019e-05,571,0.013145,4.439361e-06,0.026290,2.300553e-06,2.552626e-01,245,1,0,1,1,0,
005_tomato_soup_can,s0_gate_off_005_tomato_soup_can_t26,complete_only,33,0.924254,0.019645,4.677834e-05,2.532428e-04,319,0.013097,5.187301e-05,0.026193,4.036495e-05,3.671536e-01,216,1,0,1,1,1,
005_tomato_soup_can,s0_gate_off_005_tomato_soup_can_t27,complete_only,26,0.934086,0.019976,2.900068e-05,1.779131e-04,484,0.013317,7.690559e-05,0.026634,1.757258e-05,3.744756e-01,234,1,0,1,1,0,
005_tomato_soup_can,s0_gate_off_005_tomato_soup_can_t28,complete_only,0,0.945376,0.019904,4.783953e-05,4.994254e-04,304,0.013269,5.605783e-05,0.026539,4.768468e-05,2.296124e-01,185,1,0,1,1,0,
005_tomato_soup_can,s0_gate_off_005_tomato_soup_can_t29,complete_only,12,0.935844,0.019682,9.678215e-06,3.422472e-05,425,0.013121,9.746282e-06,0.026243,8.660812e-06,2.195239e-01,241,1,0,1,1,0,
005_tomato_soup_can,s0_gate_off_005_tomato_soup_can_t30,complete_only,44,0.927775,0.019768,2.676362e-06,1.622772e-05,669,0.013179,4.342083e-06,0.026357,3.137614e-06,2.287417e-01,214,1,0,1,1,1,
005_tomato_soup_can,s0_gate_off_005_tomato_soup_can_t31,complete_only,13,0.918542,0.019959,6.269631e-05,4.550464e-04,325,0.013306,7.215532e-05,0.026611,3.546507e-05,4.378765e-01,243,1,0,1,1,0,
005_tomato_soup_can,s0_gate_off_005_tomato_soup_can_t32,complete_only,2,0.942870,0.019991,3.809698e-05,2.959426e-04,295,0.013327,4.184720e-05,0.026655,2.917382e-05,3.718808e-01,261,1,0,1,1,0,
005_tomato_soup_can,s0_gate_off_005_tomato_soup_can_t33,complete_only,30,0.924892,0.019809,4.624793e-05,2.998744e-04,298,0.013206,6.020163e-05,0.026412,2.639119e-05,1.946812e-01,179,1,0,1,1,1,
005_tomato_soup_can,s0_gate_off_005_tomato_soup_can_t34,complete_only,7,0.929740,0.019916,4.102296e-05,3.203042e-04,314,0.013277,5.694730e-05,0.026554,2.673105e-05,2.181295e-01,241,1,0,1,1,0,
005_tomato_soup_can,s0_gate_off_005_tomato_soup_can_t35,complete_only,1,0.929618,0.019912,5.246734e-05,3.345647e-04,257,0.013274,7.720461e-05,0.026549,2.109293e-05,3.319843e-01,227,1,0,1,1,1,
005_tomato_soup_can,s0_gate_off_005_tomato_soup_can_t36,complete_only,33,0.916375,0.019788,2.398397e-05,1.577320e-04,340,0.013192,2.112564e-05,0.026384,1.707631e-05,2.672548e-01,221,1,0,1,1,0,
005_tomato_soup_can,s0_gate_off_005_tomato_soup_can_t37,complete_only,9,0.939086,0.019929,3.282715e-05,2.193169e-04,507,0.013286,3.962073e-05,0.026572,2.876749e-05,4.547397e-01,271,1,0,1,1,0,
005_tomato_soup_can,s0_gate_off_005_tomato_soup_can_t38,complete_only,2,0.948925,0.019903,3.368872e-05,2.336630e-04,471,0.013269,5.061274e-05,0.026537,2.310515e-05,3.081060e-01,228,1,0,1,1,0,
005_tomato_soup_can,s0_gate_off_005_tomato_soup_can_t39,complete_only,0,0.954959,0.020059,5.897771e-05,2.758882e-04,455,0.013372,9.344127e-05,0.026745,2.891062e-05,4.228047e-01,278,1,0,1,1,1,
005_tomato_soup_can,s0_gate_off_005_tomato_soup_can_t40,complete_only,0,0.940452,0.019796,2.488067e-05,1.303566e-04,355,0.013197,2.721448e-05,0.026394,2.862047e-05,3.909044e-01,274,1,0,1,1,0,
005_tomato_soup_can,s0_gate_off_005_tomato_soup_can_t41,complete_only,0,0.950323,0.019816,1.658841e-05,7.884044e-05,401,0.013211,1.481762e-05,0.026421,1.547837e-05,3.605907e-01,251,1,0,1,1,0,
005_tomato_soup_can,s0_gate_off_005_tomato_soup_can_t42,complete_only,1,0.937227,0.019812,6.671814e-05,4.007838e-04,318,0.013208,8.919768e-05,0.026416,4.499311e-05,2.789003e-01,207,1,0,1,1,0,
005_tomato_soup_can,s0_gate_off_005_tomato_soup_can_t43,complete_only,3,0.944411,0.019934,4.293690e-06,3.603789e-06,533,0.013289,3.687368e-06,0.026578,5.452995e-06,1.617223e-01,177,1,0,1,1,1,
005_tomato_soup_can,s0_gate_off_005_tomato_soup_can_t44,complete_only,15,0.944277,0.019770,1.792483e-05,1.061315e-04,389,0.013180,1.778489e-05,0.026361,1.840628e-05,2.507519e-01,220,1,0,1,1,1,
005_tomato_soup_can,s0_gate_off_005_tomato_soup_can_t45,complete_only,5,0.947426,0.019755,1.586283e-05,6.338175e-05,332,0.013170,1.569702e-05,0.026340,1.380333e-05,3.500076e-01,238,1,0,1,1,0,
005_tomato_soup_can,s0_gate_off_005_tomato_soup_can_t46,complete_only,4,0.942145,0.019917,3.746725e-05,3.105930e-04,475,0.013278,5.178295e-05,0.026556,3.391812e-05,2.845315e-01,190,1,0,1,1,0,
005_tomato_soup_can,s0_gate_off_005_tomato_soup_can_t47,complete_only,1,0.944743,0.019878,4.804720e-05,4.679598e-04,450,0.013252,5.239918e-05,0.026504,3.449793e-05,2.917889e-01,216,1,0,1,1,0,
005_tomato_soup_can,s0_gate_off_005_tomato_soup_can_t48,complete_only,9,0.944844,0.019783,3.412593e-06,2.303800e-05,721,0.013189,3.269011e-06,0.026378,3.703967e-06,3.475505e-01,252,1,0,1,1,1,
005_tomato_soup_can,s0_gate_off_005_tomato_soup_can_t49,complete_only,0,0.944586,0.019921,2.165076e-05,1.258837e-04,551,0.013280,1.956155e-05,0.026561,2.089019e-05,3.757000e-01,248,1,0,1,1,0,
035_power_drill,s0_gate_off_035_power_drill_t0,complete_only,6,0.927101,0.033417,1.806015e-05,4.914146e-05,1123,0.022278,5.838537e-06,0.044555,2.270478e-05,2.393366e-01,240,1,0,1,1,1,
035_power_drill,s0_gate_off_035_power_drill_t1,complete_only,167,0.929118,0.034345,3.131872e-06,1.475785e-05,1338,0.022897,1.321329e-06,0.045794,1.005715e-05,0.000000e+00,192,1,0,1,1,1,
035_power_drill,s0_gate_off_035_power_drill_t2,complete_only,1,0.941672,0.035174,3.044336e-05,1.691171e-04,962,0.023449,3.516633e-05,0.046898,4.029087e-05,3.907084e-02,83,1,0,1,1,1,
035_power_drill,s0_gate_off_035_power_drill_t3,complete_only,69,0.913568,0.033377,1.750381e-05,7.858481e-05,1173,0.022251,1.577031e-05,0.044503,2.052777e-05,3.935727e-01,291,1,0,1,1,0,
035_power_drill,s0_gate_off_035_power_drill_t4,complete_only,0,0.968567,0.037819,1.063429e-06,2.758498e-06,1276,0.025212,8.503028e-07,0.050425,1.672021e-06,0.000000e+00,114,1,0,1,1,1,
035_power_drill,s0_gate_off_035_power_drill_t5,complete_only,0,0.955467,0.035230,1.049954e-04,6.164282e-04,562,0.023487,7.177214e-05,0.046973,1.514820e-04,4.583417e-02,89,1,0,1,1,0,
035_power_drill,s0_gate_off_035_power_drill_t6,complete_only,52,0.951220,0.033660,1.459208e-06,5.938375e-06,981,0.022440,1.267831e-06,0.044881,2.815945e-05,1.559968e-01,227,1,0,1,1,0,
035_power_drill,s0_gate_off_035_power_drill_t7,complete_only,3,0.953617,0.033199,1.439446e-04,6.208640e-04,887,0.022133,3.298172e-04,0.044265,1.017772e-04,8.373294e-01,115,1,0,1,1,1,
035_power_drill,s0_gate_off_035_power_drill_t8,complete_only,135,0.887659,0.040016,1.351776e-04,4.014511e-04,1242,0.026678,1.165520e-04,0.053355,1.117640e-04,2.163016e-01,118,1,0,1,1,1,
035_power_drill,s0_gate_off_035_power_drill_t9,complete_only,95,0.940795,0.031425,6.645469e-07,4.916504e-06,877,0.020950,5.885934e-07,0.041899,2.776897e-06,0.000000e+00,188,1,0,1,1,0,
035_power_drill,s0_gate_off_035_power_drill_t10,complete_only,0,0.969740,0.036876,2.515375e-07,2.831750e-06,616,0.024584,0.000000e+00,0.049168,3.586998e-07,0.000000e+00,95,1,0,1,1,1,
035_power_drill,s0_gate_off_035_power_drill_t11,complete_only,472,0.895347,0.010690,2.651522e-04,5.758753e-04,932,0.007127,2.754676e-04,0.014254,2.249574e-04,1.174887e+01,3941,1,0,1,1,0,
035_power_drill,s0_gate_off_035_power_drill_t12,complete_only,12,0.932656,0.031483,2.612437e-04,1.111693e-03,1384,0.020989,3.459122e-04,0.041977,2.678999e-04,7.037226e-01,267,1,0,1,1,0,
035_power_drill,s0_gate_off_035_power_drill_t13,complete_only,69,0.926503,0.033680,1.996697e-05,4.329815e-05,932,0.022454,1.893901e-06,0.044907,3.640916e-05,0.000000e+00,147,1,0,1,1,0,
035_power_drill,s0_gate_off_035_power_drill_t14,complete_only,0,0.977166,0.036887,9.003389e-07,2.989261e-06,803,0.024591,0.000000e+00,0.049183,1.191852e-06,0.000000e+00,91,1,0,1,1,1,
035_power_drill,s0_gate_off_035_power_drill_t15,complete_only,17,0.935016,0.033930,6.049940e-06,1.785054e-05,1347,0.022620,4.196073e-06,0.045239,8.743211e-06,4.700397e-02,133,1,0,1,1,1,
035_power_drill,s0_gate_off_035_power_drill_t16,complete_only,74,0.927785,0.032374,1.541527e-04,3.142003e-04,1094,0.021582,1.036961e-04,0.043165,2.058303e-04,2.423254e-01,321,1,0,1,1,1,
035_power_drill,s0_gate_off_035_power_drill_t17,complete_only,2,0.972845,0.036169,1.679825e-04,4.021650e-04,573,0.024113,2.698813e-04,0.048225,1.466720e-04,1.114891e+00,97,1,0,1,1,1,
035_power_drill,s0_gate_off_035_power_drill_t18,complete_only,1,0.964521,0.037551,1.393035e-05,5.311335e-05,1240,0.025034,9.631690e-06,0.050068,2.109292e-05,3.384942e-02,72,1,0,1,1,0,
035_power_drill,s0_gate_off_035_power_drill_t20,complete_only,148,0.924700,0.033674,2.216173e-03,6.701475e-03,952,0.022449,4.319145e-03,0.044898,1.326147e-03,1.888637e-01,208,1,0,1,1,1,
035_power_drill,s0_gate_off_035_power_drill_t21,complete_only,131,0.939349,0.015779,9.066721e-06,4.837321e-05,1689,0.010519,8.202996e-06,0.021039,8.846948e-06,1.751242e+00,1773,1,0,1,1,0,
035_power_drill,s0_gate_off_035_power_drill_t22,complete_only,66,0.926568,0.031618,3.541240e-06,1.021212e-05,1292,0.021079,1.963982e-06,0.042158,1.134112e-05,4.609341e-02,181,1,0,1,1,0,
035_power_drill,s0_gate_off_035_power_drill_t23,complete_only,16,0.898930,0.032402,1.270733e-04,3.589375e-04,1855,0.021601,6.248018e-05,0.043202,1.548904e-04,2.614798e-01,201,1,0,1,1,0,
035_power_drill,s0_gate_off_035_power_drill_t24,complete_only,1,0.929605,0.033261,1.584404e-05,5.564542e-06,831,0.022174,2.528477e-06,0.044348,3.910835e-05,0.000000e+00,85,1,0,1,1,1,
035_power_drill,s0_gate_off_035_power_drill_t25,complete_only,3,0.955876,0.031630,4.387155e-04,3.091559e-03,530,0.021086,9.550698e-04,0.042173,3.347446e-04,3.434216e-01,118,1,0,1,1,0,
035_power_drill,s0_gate_off_035_power_drill_t26,complete_only,0,0.978687,0.037593,1.000020e-06,5.375027e-06,763,0.025062,0.000000e+00,0.050124,3.428703e-06,0.000000e+00,102,1,0,1,1,1,
035_power_drill,s0_gate_off_035_power_drill_t27,complete_only,156,0.901630,0.040297,8.505680e-04,4.768289e-03,635,0.026865,1.949158e-03,0.053729,6.251472e-04,1.143591e+00,134,1,0,1,1,1,
035_power_drill,s0_gate_off_035_power_drill_t28,complete_only,88,0.923379,0.036458,4.897111e-04,1.586420e-03,1076,0.024305,6.548054e-04,0.048611,3.978590e-04,2.534377e+00,428,1,0,1,1,1,
035_power_drill,s0_gate_off_035_power_drill_t29,complete_only,0,0.950688,0.037660,9.016110e-05,3.931132e-04,2187,0.025107,1.621147e-04,0.050214,1.064733e-04,4.006246e-01,146,1,0,1,1,0,
035_power_drill,s0_gate_off_035_power_drill_t30,complete_only,10,0.930702,0.034941,5.339749e-06,2.281069e-05,1443,0.023294,4.870856e-06,0.046587,7.498216e-06,7.960445e-02,115,1,0,1,1,1,
035_power_drill,s0_gate_off_035_power_drill_t31,complete_only,180,0.924405,0.034251,3.576169e-06,5.200839e-05,1283,0.022834,1.339111e-06,0.045668,1.528164e-05,2.425982e-01,329,1,0,1,1,0,
035_power_drill,s0_gate_off_035_power_drill_t32,complete_only,0,0.944347,0.035843,7.654242e-06,4.264640e-05,1155,0.023895,8.518453e-06,0.047790,8.568953e-06,8.614129e-02,127,1,0,1,1,1,
035_power_drill,s0_gate_off_035_power_drill_t33,complete_only,140,0.891735,0.039384,1.227192e-04,4.866156e-04,1154,0.026256,1.167483e-04,0.052511,1.002218e-04,6.790806e-01,253,1,0,1,1,1,
035_power_drill,s0_gate_off_035_power_drill_t34,complete_only,15,0.926240,0.033448,8.206165e-06,8.916656e-06,1005,0.022298,2.661630e-06,0.044597,7.322341e-06,6.610493e-02,164,1,0,1,1,0,
035_power_drill,s0_gate_off_035_power_drill_t35,complete_only,87,0.942377,0.034019,9.151903e-04,3.443504e-03,862,0.022680,3.054172e-03,0.045359,4.481910e-04,6.568544e-02,180,1,0,1,1,1,
035_power_drill,s0_gate_off_035_power_drill_t37,complete_only,6,0.943687,0.034213,4.389190e-05,1.812533e-04,803,0.022808,2.506528e-05,0.045617,3.503576e-05,1.320198e-01,127,1,0,1,1,1,
035_power_drill,s0_gate_off_035_power_drill_t38,complete_only,0,0.960741,0.036523,1.659565e-05,5.500102e-05,1742,0.024349,1.088944e-05,0.048698,2.299311e-05,0.000000e+00,92,1,0,1,1,1,
035_power_drill,s0_gate_off_035_power_drill_t39,complete_only,246,0.932848,0.025182,1.212984e-04,4.601599e-04,714,0.016788,2.815525e-04,0.033576,5.012278e-05,1.225078e+00,411,1,0,1,1,0,
035_power_drill,s0_gate_off_035_power_drill_t40,complete_only,1,0.950136,0.034640,6.238474e-06,1.370975e-05,729,0.023093,2.381269e-06,0.046187,1.475562e-05,0.000000e+00,56,1,0,1,1,0,
035_power_drill,s0_gate_off_035_power_drill_t41,complete_only,59,0.937075,0.033757,2.791621e-05,1.259984e-04,702,0.022505,1.983865e-05,0.045009,3.835553e-05,1.830456e-01,137,1,0,1,1,1,
035_power_drill,s0_gate_off_035_power_drill_t42,complete_only,20,0.925351,0.041339,6.924823e-05,2.286758e-04,1520,0.027560,4.956422e-05,0.055119,9.643964e-05,3.897794e-02,107,1,0,1,1,1,
035_power_drill,s0_gate_off_035_power_drill_t43,complete_only,18,0.928446,0.032754,6.380686e-04,2.331871e-03,896,0.021836,1.078124e-03,0.043672,2.766628e-04,1.766597e+00,369,1,0,1,1,0,
035_power_drill,s0_gate_off_035_power_drill_t44,complete_only,3,0.947141,0.035739,8.144193e-05,4.781315e-04,620,0.023826,2.930416e-04,0.047652,6.058576e-05,4.167712e-01,150,1,0,1,1,1,
035_power_drill,s0_gate_off_035_power_drill_t45,complete_only,267,0.959599,0.013060,4.194320e-04,7.067549e-04,411,0.008707,4.805153e-04,0.017414,3.332102e-04,2.443475e+00,996,1,0,1,1,0,
035_power_drill,s0_gate_off_035_power_drill_t46,complete_only,6,0.927728,0.034574,1.715204e-05,4.364831e-05,831,0.023049,1.742583e-05,0.046099,1.882796e-05,1.810180e-01,139,1,0,1,1,1,
035_power_drill,s0_gate_off_035_power_drill_t47,complete_only,1912,0.365449,0.004061,4.687285e-07,2.129602e-06,1674,0.002707,2.066494e-07,0.005414,1.002911e-06,5.411046e+00,6273,1,0,1,1,0,
035_power_drill,s0_gate_off_035_power_drill_t48,complete_only,17,0.935584,0.036028,4.947389e-05,2.149720e-04,691,0.024019,3.548154e-05,0.048037,4.495516e-05,2.250725e-02,71,1,0,1,1,1,
035_power_drill,s0_gate_off_035_power_drill_t49,complete_only,149,0.938643,0.032234,6.098098e-04,1.396696e-03,1594,0.021489,7.099371e-04,0.042978,4.080955e-04,1.449603e+00,413,1,0,1,1,0,
008_pudding_box,s0_gate_off_008_pudding_box_t0,complete_only,0,0.963602,0.021315,4.233203e-05,8.088112e-05,528,0.014210,1.940764e-05,0.028420,6.192476e-05,4.534662e-01,338,1,0,1,1,1,
008_pudding_box,s0_gate_off_008_pudding_box_t1,complete_only,0,0.937996,0.023838,6.432560e-06,4.056642e-05,929,0.015892,7.007557e-06,0.031784,4.402466e-06,3.032314e-01,493,1,0,1,1,1,
008_pudding_box,s0_gate_off_008_pudding_box_t2,complete_only,382,0.865078,0.021703,4.732681e-06,1.411426e-05,1152,0.014469,6.661425e-06,0.028937,5.377999e-06,4.647082e-01,531,1,0,1,1,1,
008_pudding_box,s0_gate_off_008_pudding_box_t3,complete_only,0,0.964965,0.020928,6.918601e-06,1.666424e-05,668,0.013952,8.980886e-06,0.027904,2.763811e-05,7.471635e-01,531,1,0,1,1,1,
008_pudding_box,s0_gate_off_008_pudding_box_t4,complete_only,0,0.920141,0.022239,3.120586e-06,7.333141e-06,868,0.014826,4.921743e-06,0.029652,5.567332e-06,3.901302e-01,438,1,0,1,1,1,
008_pudding_box,s0_gate_off_008_pudding_box_t5,complete_only,279,0.854894,0.022490,1.317235e-06,4.581455e-06,1388,0.014993,1.781915e-06,0.029986,1.401505e-06,1.332316e-01,182,1,0,1,1,1,
008_pudding_box,s0_gate_off_008_pudding_box_t6,complete_only,0,0.955028,0.023047,2.087295e-05,1.627966e-05,812,0.015365,5.675605e-06,0.030730,2.354893e-05,4.302445e-01,411,1,0,1,1,1,
008_pudding_box,s0_gate_off_008_pudding_box_t7,complete_only,1,0.972961,0.022723,2.053045e-05,4.378962e-05,1023,0.015149,2.221123e-05,0.030298,1.971608e-05,3.644220e-01,343,1,0,1,1,1,
008_pudding_box,s0_gate_off_008_pudding_box_t8,complete_only,18,0.953249,0.020056,1.364166e-05,9.546821e-05,681,0.013371,1.049184e-05,0.026742,1.676501e-05,6.560329e-01,453,1,0,1,1,1,
008_pudding_box,s0_gate_off_008_pudding_box_t9,complete_only,0,0.939274,0.023596,2.038019e-04,1.163092e-03,850,0.015730,2.102437e-03,0.031461,6.960623e-05,4.747466e-01,478,1,0,1,1,1,
008_pudding_box,s0_gate_off_008_pudding_box_t10,complete_only,556,0.824586,0.020677,4.972528e-06,1.181379e-05,726,0.013785,3.268911e-06,0.027570,5.398646e-06,8.330281e-01,744,1,0,1,1,1,
008_pudding_box,s0_gate_off_008_pudding_box_t11,complete_only,144,0.901443,0.020773,5.038722e-06,1.617999e-05,732,0.013848,2.686398e-05,0.027697,1.121115e-05,7.341986e-01,637,1,0,1,1,1,
008_pudding_box,s0_gate_off_008_pudding_box_t12,complete_only,0,0.936325,0.022454,2.711305e-05,3.179243e-05,660,0.014969,3.662024e-05,0.029938,1.769264e-05,1.066988e+00,762,1,0,1,1,1,
008_pudding_box,s0_gate_off_008_pudding_box_t13,complete_only,0,0.944971,0.022027,6.218498e-05,1.481602e-04,641,0.014685,1.641620e-05,0.029369,6.117283e-05,8.038649e-01,525,1,0,1,1,1,
008_pudding_box,s0_gate_off_008_pudding_box_t14,complete_only,610,0.788747,0.021096,1.104780e-05,4.964155e-05,1092,0.014064,7.955939e-06,0.028128,1.272498e-05,7.298754e-01,627,1,0,1,1,1,
008_pudding_box,s0_gate_off_008_pudding_box_t15,complete_only,5,0.959606,0.020147,2.788671e-05,1.374452e-04,1156,0.013431,4.771930e-05,0.026862,2.523149e-05,1.233219e+00,759,1,0,1,1,1,
008_pudding_box,s0_gate_off_008_pudding_box_t16,complete_only,0,0.937072,0.023822,3.786055e-05,4.451134e-05,1032,0.015881,1.747994e-05,0.031762,4.084354e-05,5.224843e-01,439,1,0,1,1,1,
008_pudding_box,s0_gate_off_008_pudding_box_t17,complete_only,0,0.975157,0.022659,8.186369e-07,1.613329e-06,949,0.015106,7.270332e-07,0.030211,7.591441e-07,1.905277e-01,337,1,0,1,1,1,
008_pudding_box,s0_gate_off_008_pudding_box_t18,complete_only,0,0.907163,0.023713,1.345735e-06,3.698128e-06,1304,0.015809,1.132833e-06,0.031618,1.440732e-06,5.259117e-01,575,1,0,1,1,1,
008_pudding_box,s0_gate_off_008_pudding_box_t19,complete_only,3,0.928249,0.024609,1.000662e-04,1.987819e-05,990,0.016406,2.621348e-04,0.032812,7.265271e-05,5.486546e-01,389,1,0,1,1,1,
008_pudding_box,s0_gate_off_008_pudding_box_t20,complete_only,0,0.935105,0.023496,4.721261e-05,8.745406e-05,953,0.015664,3.976530e-05,0.031328,4.444747e-05,7.751736e-01,635,1,0,1,1,1,
008_pudding_box,s0_gate_off_008_pudding_box_t21,complete_only,0,0.978681,0.022070,8.951411e-07,1.988809e-06,1293,0.014713,1.033756e-06,0.029426,8.907238e-07,3.767925e-01,517,1,0,1,1,1,
008_pudding_box,s0_gate_off_008_pudding_box_t22,complete_only,0,0.967093,0.021579,4.337523e-05,4.268942e-05,767,0.014386,5.796102e-06,0.028771,4.452083e-05,5.997654e-01,465,1,0,1,1,1,
008_pudding_box,s0_gate_off_008_pudding_box_t23,complete_only,521,0.779322,0.022036,6.928349e-06,1.068456e-05,947,0.014690,6.241595e-06,0.029381,9.904137e-06,4.272964e-01,391,1,0,1,1,1,
008_pudding_box,s0_gate_off_008_pudding_box_t24,complete_only,0,0.974082,0.022028,1.214446e-06,4.760232e-06,942,0.014686,1.266294e-06,0.029371,1.758877e-06,2.243373e-01,326,1,0,1,1,1,
008_pudding_box,s0_gate_off_008_pudding_box_t25,complete_only,0,0.987187,0.026465,5.696558e-07,8.676610e-07,2907,0.017644,5.849688e-07,0.035287,7.518989e-07,3.620206e-01,583,1,0,1,1,0,
008_pudding_box,s0_gate_off_008_pudding_box_t26,complete_only,682,0.752836,0.021721,6.799297e-06,3.267995e-05,751,0.014481,5.554573e-06,0.028962,9.416328e-06,6.577703e-01,549,1,0,1,1,1,
008_pudding_box,s0_gate_off_008_pudding_box_t27,complete_only,332,0.852400,0.020845,4.677646e-06,2.575393e-05,822,0.013897,4.380517e-06,0.027793,5.623270e-06,5.836565e-01,577,1,0,1,1,1,
008_pudding_box,s0_gate_off_008_pudding_box_t28,complete_only,0,0.968592,0.021510,3.837592e-05,1.634936e-04,513,0.014340,4.677705e-05,0.028681,3.001064e-05,6.458086e-01,508,1,0,1,1,1,
008_pudding_box,s0_gate_off_008_pudding_box_t29,complete_only,1,0.955886,0.018914,9.714524e-07,1.735976e-06,1024,0.012609,9.424334e-07,0.025218,9.864100e-07,4.424168e-01,645,1,0,1,1,1,
008_pudding_box,s0_gate_off_008_pudding_box_t30,complete_only,5,0.956465,0.020143,2.581557e-05,1.082102e-04,1219,0.013429,3.970773e-05,0.026858,2.245994e-05,1.608629e+00,1068,1,0,1,1,1,
008_pudding_box,s0_gate_off_008_pudding_box_t31,complete_only,0,0.928548,0.024599,1.521913e-04,6.606449e-05,410,0.016399,4.545141e-04,0.032798,8.499377e-05,6.903866e-01,341,1,0,1,1,0,
008_pudding_box,s0_gate_off_008_pudding_box_t32,complete_only,14,0.911581,0.020903,7.294970e-06,1.006222e-05,875,0.013936,4.808362e-06,0.027871,1.167494e-05,8.295330e-01,670,1,0,1,1,1,
008_pudding_box,s0_gate_off_008_pudding_box_t33,complete_only,22,0.964097,0.020482,1.508126e-04,5.129845e-04,847,0.013654,1.390055e-04,0.027309,1.073626e-04,7.107091e-01,447,1,0,1,1,1,
008_pudding_box,s0_gate_off_008_pudding_box_t34,complete_only,1,0.967752,0.019189,2.380163e-06,8.507264e-06,986,0.012793,2.119504e-06,0.025585,2.529994e-06,6.368690e-01,665,1,0,1,1,1,
008_pudding_box,s0_gate_off_008_pudding_box_t35,complete_only,1,0.928696,0.022712,1.728321e-05,5.770238e-05,799,0.015141,1.850056e-05,0.030282,2.721660e-05,7.760392e-01,553,1,0,1,1,1,
008_pudding_box,s0_gate_off_008_pudding_box_t36,complete_only,0,0.839043,0.023113,8.666670e-05,4.655207e-04,726,0.015409,4.992011e-04,0.030817,4.342848e-05,9.591817e-01,775,1,0,1,1,1,
008_pudding_box,s0_gate_off_008_pudding_box_t37,complete_only,0,0.965134,0.022846,1.014075e-06,2.032614e-06,1256,0.015231,1.099469e-06,0.030461,9.902716e-07,4.084830e-01,503,1,0,1,1,1,
008_pudding_box,s0_gate_off_008_pudding_box_t38,complete_only,0,0.953949,0.019155,4.647760e-06,1.709892e-05,1004,0.012770,4.541973e-06,0.025540,4.794133e-06,8.520015e-01,674,1,0,1,1,1,
008_pudding_box,s0_gate_off_008_pudding_box_t39,complete_only,2,0.959960,0.019533,6.161806e-06,2.201289e-05,858,0.013022,5.886559e-06,0.026044,6.175389e-06,6.240604e-01,539,1,0,1,1,1,
008_pudding_box,s0_gate_off_008_pudding_box_t40,complete_only,56,0.917737,0.022405,1.486457e-06,3.067691e-06,1469,0.014937,1.657840e-06,0.029874,2.013889e-06,5.634365e-01,578,1,0,1,1,1,
008_pudding_box,s0_gate_off_008_pudding_box_t41,complete_only,0,0.962459,0.021700,9.116203e-05,3.719715e-04,713,0.014467,1.663803e-04,0.028934,8.074058e-05,6.300712e-01,373,1,0,1,1,1,
008_pudding_box,s0_gate_off_008_pudding_box_t42,complete_only,29,0.962680,0.020096,1.697142e-04,3.873013e-04,456,0.013397,1.399837e-04,0.026795,8.265080e-05,5.192737e-01,387,1,0,1,1,1,
008_pudding_box,s0_gate_off_008_pudding_box_t43,complete_only,0,0.952743,0.021810,2.855344e-05,4.615791e-05,639,0.014540,1.102886e-05,0.029080,4.404832e-05,9.333165e-01,592,1,0,1,1,1,
008_pudding_box,s0_gate_off_008_pudding_box_t44,complete_only,43,0.894702,0.022184,1.336183e-06,2.906946e-06,1745,0.014789,1.751211e-06,0.029578,1.411710e-06,3.627141e-01,402,1,0,1,1,1,
008_pudding_box,s0_gate_off_008_pudding_box_t45,complete_only,0,0.986887,0.026474,4.749677e-07,7.516294e-07,3761,0.017649,5.229140e-07,0.035299,5.790103e-07,4.546675e-01,723,1,0,1,1,0,
008_pudding_box,s0_gate_off_008_pudding_box_t46,complete_only,0,0.979312,0.021978,9.419773e-07,2.590396e-06,1063,0.014652,1.095526e-06,0.029304,8.916320e-07,3.954910e-01,516,1,0,1,1,1,
008_pudding_box,s0_gate_off_008_pudding_box_t47,complete_only,0,0.980014,0.024162,7.963930e-06,1.258498e-05,1513,0.016108,1.298351e-05,0.032216,1.002846e-05,5.743579e-01,510,1,0,1,1,1,
008_pudding_box,s0_gate_off_008_pudding_box_t48,complete_only,81,0.892480,0.022092,1.927285e-06,4.050390e-06,960,0.014728,1.939949e-06,0.029456,1.707261e-06,6.269205e-01,581,1,0,1,1,1,
008_pudding_box,s0_gate_off_008_pudding_box_t49,complete_only,0,0.971517,0.021309,1.434032e-05,5.634828e-05,524,0.014206,1.722114e-05,0.028412,3.320807e-05,8.189774e-01,551,1,0,1,1,1,
021_bleach_cleanser,s0_partial_only_021_bleach_cleanser_t0,partial_only,800,0.861271,,,,,,,,,,,1,0,1,1,0,
021_bleach_cleanser,s0_partial_only_021_bleach_cleanser_t1,partial_only,756,0.866808,,,,,,,,,,,1,0,1,1,1,
021_bleach_cleanser,s0_partial_only_021_bleach_cleanser_t2,partial_only,1267,0.893349,,,,,,,,,,,1,0,1,1,0,
021_bleach_cleanser,s0_partial_only_021_bleach_cleanser_t3,partial_only,810,0.850831,,,,,,,,,,,1,0,1,1,1,
021_bleach_cleanser,s0_partial_only_021_bleach_cleanser_t4,partial_only,675,0.907263,,,,,,,,,,,1,0,1,1,0,
021_bleach_cleanser,s0_partial_only_021_bleach_cleanser_t5,partial_only,654,0.882503,,,,,,,,,,,1,0,1,1,1,
021_bleach_cleanser,s0_partial_only_021_bleach_cleanser_t6,partial_only,584,0.889989,,,,,,,,,,,1,0,1,1,0,
021_bleach_cleanser,s0_partial_only_021_bleach_cleanser_t7,partial_only,645,0.887635,,,,,,,,,,,1,0,1,1,0,
021_bleach_cleanser,s0_partial_only_021_bleach_cleanser_t8,partial_only,844,0.797712,,,,,,,,,,,1,0,1,1,1,
021_bleach_cleanser,s0_partial_only_021_bleach_cleanser_t9,partial_only,495,0.876562,,,,,,,,,,,1,0,1,1,0,
021_bleach_cleanser,s0_partial_only_021_bleach_cleanser_t10,partial_only,742,0.873645,,,,,,,,,,,1,0,1,1,1,
021_bleach_cleanser,s0_partial_only_021_bleach_cleanser_t11,partial_only,613,0.888602,,,,,,,,,,,1,0,1,1,1,
021_bleach_cleanser,s0_partial_only_021_bleach_cleanser_t12,partial_only,932,0.833239,,,,,,,,,,,1,0,1,1,0,
021_bleach_cleanser,s0_partial_only_021_bleach_cleanser_t13,partial_only,455,0.887328,,,,,,,,,,,1,0,1,1,1,
021_bleach_cleanser,s0_partial_only_021_bleach_cleanser_t14,partial_only,67,0.869310,,,,,,,,,,,1,0,1,1,0,
021_bleach_cleanser,s0_partial_only_021_bleach_cleanser_t15,partial_only,1144,0.781692,,,,,,,,,,,1,0,1,1,0,
021_bleach_cleanser,s0_partial_only_021_bleach_cleanser_t16,partial_only,795,0.859762,,,,,,,,,,,1,0,1,1,1,
021_bleach_cleanser,s0_partial_only_021_bleach_cleanser_t17,partial_only,389,0.930103,,,,,,,,,,,1,0,1,1,1,
021_bleach_cleanser,s0_partial_only_021_bleach_cleanser_t18,partial_only,239,0.932657,,,,,,,,,,,1,0,1,1,1,
021_bleach_cleanser,s0_partial_only_021_bleach_cleanser_t19,partial_only,609,0.866530,,,,,,,,,,,1,0,1,1,0,
021_bleach_cleanser,s0_partial_only_021_bleach_cleanser_t20,partial_only,534,0.883647,,,,,,,,,,,1,0,1,1,0,
021_bleach_cleanser,s0_partial_only_021_bleach_cleanser_t21,partial_only,509,0.893925,,,,,,,,,,,1,0,1,1,1,
021_bleach_cleanser,s0_partial_only_021_bleach_cleanser_t22,partial_only,88,0.914332,,,,,,,,,,,1,0,1,1,0,
021_bleach_cleanser,s0_partial_only_021_bleach_cleanser_t23,partial_only,594,0.877027,,,,,,,,,,,1,0,1,1,1,
021_bleach_cleanser,s0_partial_only_021_bleach_cleanser_t24,partial_only,535,0.892590,,,,,,,,,,,1,0,1,1,1,
021_bleach_cleanser,s0_partial_only_021_bleach_cleanser_t25,partial_only,817,0.611670,,,,,,,,,,,1,0,1,1,0,
021_bleach_cleanser,s0_partial_only_021_bleach_cleanser_t26,partial_only,689,0.879606,,,,,,,,,,,1,0,1,1,0,
021_bleach_cleanser,s0_partial_only_021_bleach_cleanser_t27,partial_only,688,0.887907,,,,,,,,,,,1,0,1,1,1,
021_bleach_cleanser,s0_partial_only_021_bleach_cleanser_t29,partial_only,778,0.864761,,,,,,,,,,,1,0,1,1,1,
021_bleach_cleanser,s0_partial_only_021_bleach_cleanser_t30,partial_only,710,0.874460,,,,,,,,,,,1,0,1,1,1,
021_bleach_cleanser,s0_partial_only_021_bleach_cleanser_t31,partial_only,455,0.902392,,,,,,,,,,,1,0,1,1,0,
021_bleach_cleanser,s0_partial_only_021_bleach_cleanser_t32,partial_only,697,0.882198,,,,,,,,,,,1,0,1,1,1,
021_bleach_cleanser,s0_partial_only_021_bleach_cleanser_t33,partial_only,392,0.899796,,,,,,,,,,,1,0,1,1,0,
021_bleach_cleanser,s0_partial_only_021_bleach_cleanser_t34,partial_only,619,0.863182,,,,,,,,,,,1,0,1,1,1,
021_bleach_cleanser,s0_partial_only_021_bleach_cleanser_t35,partial_only,172,0.916403,,,,,,,,,,,1,0,1,1,0,
021_bleach_cleanser,s0_partial_only_021_bleach_cleanser_t36,partial_only,719,0.874111,,,,,,,,,,,1,0,1,1,0,
021_bleach_cleanser,s0_partial_only_021_bleach_cleanser_t37,partial_only,46,0.959102,,,,,,,,,,,1,0,1,1,1,
021_bleach_cleanser,s0_partial_only_021_bleach_cleanser_t38,partial_only,883,0.841073,,,,,,,,,,,1,0,1,1,1,
021_bleach_cleanser,s0_partial_only_021_bleach_cleanser_t39,partial_only,197,0.907913,,,,,,,,,,,1,0,1,1,1,
021_bleach_cleanser,s0_partial_only_021_bleach_cleanser_t40,partial_only,292,0.915942,,,,,,,,,,,1,0,1,1,1,
021_bleach_cleanser,s0_partial_only_021_bleach_cleanser_t41,partial_only,392,0.894290,,,,,,,,,,,1,0,1,1,1,
021_bleach_cleanser,s0_partial_only_021_bleach_cleanser_t42,partial_only,269,0.922895,,,,,,,,,,,1,0,1,1,1,
021_bleach_cleanser,s0_partial_only_021_bleach_cleanser_t43,partial_only,1076,0.829885,,,,,,,,,,,1,0,1,1,1,
021_bleach_cleanser,s0_partial_only_021_bleach_cleanser_t45,partial_only,361,0.920235,,,,,,,,,,,1,0,1,1,1,
021_bleach_cleanser,s0_partial_only_021_bleach_cleanser_t46,partial_only,572,0.891611,,,,,,,,,,,1,0,1,1,0,
021_bleach_cleanser,s0_partial_only_021_bleach_cleanser_t47,partial_only,388,0.933881,,,,,,,,,,,1,0,1,1,0,
021_bleach_cleanser,s0_partial_only_021_bleach_cleanser_t49,partial_only,573,0.896217,,,,,,,,,,,1,0,1,1,0,
061_foam_brick,s0_partial_only_061_foam_brick_t0,partial_only,946,0.651021,,,,,,,,,,,1,0,1,1,1,
061_foam_brick,s0_partial_only_061_foam_brick_t1,partial_only,0,0.952631,,,,,,,,,,,1,0,1,1,1,
061_foam_brick,s0_partial_only_061_foam_brick_t2,partial_only,663,0.826383,,,,,,,,,,,1,0,1,1,0,
061_foam_brick,s0_partial_only_061_foam_brick_t3,partial_only,617,0.794355,,,,,,,,,,,1,0,1,1,1,
061_foam_brick,s0_partial_only_061_foam_brick_t4,partial_only,636,0.811915,,,,,,,,,,,1,0,1,1,1,
061_foam_brick,s0_partial_only_061_foam_brick_t5,partial_only,611,0.849647,,,,,,,,,,,1,0,1,1,1,
061_foam_brick,s0_partial_only_061_foam_brick_t6,partial_only,2,0.919833,,,,,,,,,,,1,0,1,1,1,
061_foam_brick,s0_partial_only_061_foam_brick_t7,partial_only,0,0.965598,,,,,,,,,,,1,0,1,1,1,
061_foam_brick,s0_partial_only_061_foam_brick_t8,partial_only,75,0.947320,,,,,,,,,,,1,0,1,1,0,
061_foam_brick,s0_partial_only_061_foam_brick_t9,partial_only,461,0.794026,,,,,,,,,,,1,0,1,1,1,
061_foam_brick,s0_partial_only_061_foam_brick_t10,partial_only,497,0.860581,,,,,,,,,,,1,0,1,1,1,
061_foam_brick,s0_partial_only_061_foam_brick_t11,partial_only,425,0.883186,,,,,,,,,,,1,0,1,1,1,
061_foam_brick,s0_partial_only_061_foam_brick_t12,partial_only,13,0.902025,,,,,,,,,,,1,0,1,1,1,
061_foam_brick,s0_partial_only_061_foam_brick_t13,partial_only,919,0.630645,,,,,,,,,,,1,0,1,1,1,
061_foam_brick,s0_partial_only_061_foam_brick_t14,partial_only,585,0.844440,,,,,,,,,,,1,0,1,1,1,
061_foam_brick,s0_partial_only_061_foam_brick_t15,partial_only,1232,0.723735,,,,,,,,,,,1,0,1,1,0,
061_foam_brick,s0_partial_only_061_foam_brick_t16,partial_only,269,0.823531,,,,,,,,,,,1,0,1,1,1,
061_foam_brick,s0_partial_only_061_foam_brick_t17,partial_only,17,0.978892,,,,,,,,,,,1,0,1,1,0,
061_foam_brick,s0_partial_only_061_foam_brick_t18,partial_only,282,0.911274,,,,,,,,,,,1,0,1,1,0,
061_foam_brick,s0_partial_only_061_foam_brick_t19,partial_only,5,0.913544,,,,,,,,,,,1,0,1,1,0,
061_foam_brick,s0_partial_only_061_foam_brick_t20,partial_only,561,0.733173,,,,,,,,,,,1,0,1,1,1,
061_foam_brick,s0_partial_only_061_foam_brick_t21,partial_only,30,0.981638,,,,,,,,,,,1,0,1,1,1,
061_foam_brick,s0_partial_only_061_foam_brick_t22,partial_only,884,0.641732,,,,,,,,,,,1,0,1,1,1,
061_foam_brick,s0_partial_only_061_foam_brick_t23,partial_only,524,0.861740,,,,,,,,,,,1,0,1,1,1,
061_foam_brick,s0_partial_only_061_foam_brick_t24,partial_only,7,0.985396,,,,,,,,,,,1,0,1,1,0,
061_foam_brick,s0_partial_only_061_foam_brick_t25,partial_only,0,0.958472,,,,,,,,,,,1,0,1,1,0,
061_foam_brick,s0_partial_only_061_foam_brick_t26,partial_only,734,0.813582,,,,,,,,,,,1,0,1,1,1,
061_foam_brick,s0_partial_only_061_foam_brick_t27,partial_only,543,0.855751,,,,,,,,,,,1,0,1,1,1,
061_foam_brick,s0_partial_only_061_foam_brick_t28,partial_only,911,0.656512,,,,,,,,,,,1,0,1,1,1,
061_foam_brick,s0_partial_only_061_foam_brick_t29,partial_only,307,0.835722,,,,,,,,,,,1,0,1,1,1,
061_foam_brick,s0_partial_only_061_foam_brick_t30,partial_only,1238,0.695596,,,,,,,,,,,1,0,1,1,1,
061_foam_brick,s0_partial_only_061_foam_brick_t31,partial_only,1,0.902909,,,,,,,,,,,1,0,1,1,0,
061_foam_brick,s0_partial_only_061_foam_brick_t32,partial_only,1019,0.759690,,,,,,,,,,,1,0,1,1,1,
061_foam_brick,s0_partial_only_061_foam_brick_t33,partial_only,119,0.939381,,,,,,,,,,,1,0,1,1,0,
061_foam_brick,s0_partial_only_061_foam_brick_t34,partial_only,68,0.866064,,,,,,,,,,,1,0,1,1,0,
061_foam_brick,s0_partial_only_061_foam_brick_t35,partial_only,681,0.720082,,,,,,,,,,,1,0,1,1,1,
061_foam_brick,s0_partial_only_061_foam_brick_t36,partial_only,0,0.952240,,,,,,,,,,,1,0,1,1,0,
061_foam_brick,s0_partial_only_061_foam_brick_t37,partial_only,81,0.960177,,,,,,,,,,,1,0,1,1,0,
061_foam_brick,s0_partial_only_061_foam_brick_t38,partial_only,434,0.815329,,,,,,,,,,,1,0,1,1,1,
061_foam_brick,s0_partial_only_061_foam_brick_t39,partial_only,181,0.822970,,,,,,,,,,,1,0,1,1,1,
061_foam_brick,s0_partial_only_061_foam_brick_t40,partial_only,460,0.846736,,,,,,,,,,,1,0,1,1,1,
061_foam_brick,s0_partial_only_061_foam_brick_t41,partial_only,753,0.684955,,,,,,,,,,,1,0,1,1,0,
061_foam_brick,s0_partial_only_061_foam_brick_t42,partial_only,61,0.955056,,,,,,,,,,,1,0,1,1,0,
061_foam_brick,s0_partial_only_061_foam_brick_t43,partial_only,709,0.706152,,,,,,,,,,,1,0,1,1,0,
061_foam_brick,s0_partial_only_061_foam_brick_t44,partial_only,549,0.848350,,,,,,,,,,,1,0,1,1,1,
061_foam_brick,s0_partial_only_061_foam_brick_t45,partial_only,1,0.957187,,,,,,,,,,,1,0,1,1,1,
061_foam_brick,s0_partial_only_061_foam_brick_t46,partial_only,12,0.982900,,,,,,,,,,,1,0,1,1,0,
061_foam_brick,s0_partial_only_061_foam_brick_t47,partial_only,0,0.934257,,,,,,,,,,,1,0,1,1,0,
061_foam_brick,s0_partial_only_061_foam_brick_t48,partial_only,739,0.829787,,,,,,,,,,,1,0,1,1,1,
061_foam_brick,s0_partial_only_061_foam_brick_t49,partial_only,1055,0.632510,,,,,,,,,,,1,0,1,1,1,
019_pitcher_base,s0_partial_only_019_pitcher_base_t0,partial_only,563,0.893105,,,,,,,,,,,1,0,1,1,0,
019_pitcher_base,s0_partial_only_019_pitcher_base_t1,partial_only,662,0.793793,,,,,,,,,,,1,0,1,1,0,
019_pitcher_base,s0_partial_only_019_pitcher_base_t2,partial_only,1099,0.734586,,,,,,,,,,,1,0,1,1,0,
019_pitcher_base,s0_partial_only_019_pitcher_base_t3,partial_only,363,0.912366,,,,,,,,,,,1,0,1,1,0,
019_pitcher_base,s0_partial_only_019_pitcher_base_t4,partial_only,1272,0.769520,,,,,,,,,,,1,0,1,1,0,
019_pitcher_base,s0_partial_only_019_pitcher_base_t5,partial_only,115,0.877765,,,,,,,,,,,1,0,1,1,0,
019_pitcher_base,s0_partial_only_019_pitcher_base_t6,partial_only,598,0.844236,,,,,,,,,,,1,0,1,1,0,
019_pitcher_base,s0_partial_only_019_pitcher_base_t7,partial_only,1038,0.883899,,,,,,,,,,,1,0,1,1,0,
019_pitcher_base,s0_partial_only_019_pitcher_base_t9,partial_only,841,0.817876,,,,,,,,,,,1,0,1,1,0,
019_pitcher_base,s0_partial_only_019_pitcher_base_t10,partial_only,1825,0.313477,,,,,,,,,,,1,0,1,1,0,
019_pitcher_base,s0_partial_only_019_pitcher_base_t11,partial_only,706,0.830713,,,,,,,,,,,1,0,1,1,0,
019_pitcher_base,s0_partial_only_019_pitcher_base_t12,partial_only,854,0.805388,,,,,,,,,,,1,0,1,1,1,
019_pitcher_base,s0_partial_only_019_pitcher_base_t13,partial_only,500,0.879362,,,,,,,,,,,1,0,1,1,0,
019_pitcher_base,s0_partial_only_019_pitcher_base_t14,partial_only,754,0.787165,,,,,,,,,,,1,0,1,1,0,
019_pitcher_base,s0_partial_only_019_pitcher_base_t15,partial_only,101,0.917364,,,,,,,,,,,1,0,1,1,1,
019_pitcher_base,s0_partial_only_019_pitcher_base_t16,partial_only,547,0.877677,,,,,,,,,,,1,0,1,1,0,
019_pitcher_base,s0_partial_only_019_pitcher_base_t17,partial_only,148,0.896661,,,,,,,,,,,1,0,1,1,0,
019_pitcher_base,s0_partial_only_019_pitcher_base_t18,partial_only,551,0.887877,,,,,,,,,,,1,0,1,1,0,
019_pitcher_base,s0_partial_only_019_pitcher_base_t21,partial_only,859,0.889080,,,,,,,,,,,1,0,1,1,0,
019_pitcher_base,s0_partial_only_019_pitcher_base_t22,partial_only,332,0.867214,,,,,,,,,,,1,0,1,1,0,
019_pitcher_base,s0_partial_only_019_pitcher_base_t23,partial_only,1803,0.388346,,,,,,,,,,,1,0,1,1,0,
019_pitcher_base,s0_partial_only_019_pitcher_base_t24,partial_only,73,0.935127,,,,,,,,,,,1,0,1,1,0,
019_pitcher_base,s0_partial_only_019_pitcher_base_t25,partial_only,358,0.885573,,,,,,,,,,,1,0,1,1,0,
019_pitcher_base,s0_partial_only_019_pitcher_base_t26,partial_only,1888,0.216195,,,,,,,,,,,1,0,1,1,0,
019_pitcher_base,s0_partial_only_019_pitcher_base_t27,partial_only,0,0.927803,,,,,,,,,,,0,0,1,1,,
019_pitcher_base,s0_partial_only_019_pitcher_base_t28,partial_only,1096,0.788078,,,,,,,,,,,1,0,1,1,0,
019_pitcher_base,s0_partial_only_019_pitcher_base_t29,partial_only,1888,0.204859,,,,,,,,,,,1,0,1,1,0,
019_pitcher_base,s0_partial_only_019_pitcher_base_t30,partial_only,127,0.937708,,,,,,,,,,,1,0,1,1,0,
019_pitcher_base,s0_partial_only_019_pitcher_base_t31,partial_only,442,0.849088,,,,,,,,,,,1,0,1,1,0,
019_pitcher_base,s0_partial_only_019_pitcher_base_t32,partial_only,63,0.835829,,,,,,,,,,,1,0,1,1,0,
019_pitcher_base,s0_partial_only_019_pitcher_base_t33,partial_only,691,0.872041,,,,,,,,,,,1,0,1,1,0,
019_pitcher_base,s0_partial_only_019_pitcher_base_t34,partial_only,86,0.940046,,,,,,,,,,,1,0,1,1,0,
019_pitcher_base,s0_partial_only_019_pitcher_base_t35,partial_only,352,0.908095,,,,,,,,,,,1,0,1,1,0,
019_pitcher_base,s0_partial_only_019_pitcher_base_t36,partial_only,384,0.919967,,,,,,,,,,,1,0,1,1,0,
019_pitcher_base,s0_partial_only_019_pitcher_base_t37,partial_only,1282,0.784043,,,,,,,,,,,1,0,1,1,0,
019_pitcher_base,s0_partial_only_019_pitcher_base_t38,partial_only,1669,0.486122,,,,,,,,,,,1,0,1,1,0,
019_pitcher_base,s0_partial_only_019_pitcher_base_t39,partial_only,435,0.901425,,,,,,,,,,,1,0,1,1,0,
019_pitcher_base,s0_partial_only_019_pitcher_base_t41,partial_only,575,0.881682,,,,,,,,,,,1,0,1,1,1,
019_pitcher_base,s0_partial_only_019_pitcher_base_t42,partial_only,1680,0.467727,,,,,,,,,,,1,0,1,1,0,
019_pitcher_base,s0_partial_only_019_pitcher_base_t43,partial_only,922,0.829112,,,,,,,,,,,1,0,1,1,0,
019_pitcher_base,s0_partial_only_019_pitcher_base_t44,partial_only,1665,0.524552,,,,,,,,,,,1,0,1,1,0,
019_pitcher_base,s0_partial_only_019_pitcher_base_t45,partial_only,985,0.719486,,,,,,,,,,,1,0,1,1,0,
019_pitcher_base,s0_partial_only_019_pitcher_base_t46,partial_only,210,0.902877,,,,,,,,,,,1,0,1,1,0,
019_pitcher_base,s0_partial_only_019_pitcher_base_t47,partial_only,1091,0.704757,,,,,,,,,,,1,0,1,1,1,
019_pitcher_base,s0_partial_only_019_pitcher_base_t49,partial_only,461,0.895563,,,,,,,,,,,1,0,1,1,0,
010_potted_meat_can,s0_complete_v2_010_potted_meat_can_t0,complete_only,2,0.923744,0.023324,9.524127e-04,3.885377e-03,906,0.015549,1.942975e-03,0.031099,2.746153e-04,1.424017e+00,1119,1,0,1,1,0,
010_potted_meat_can,s0_complete_v2_010_potted_meat_can_t1,complete_only,0,0.962053,0.025759,8.862292e-07,1.327774e-06,2116,0.017173,8.342456e-07,0.034346,1.437378e-06,8.126830e-01,995,1,0,1,1,0,
010_potted_meat_can,s0_complete_v2_010_potted_meat_can_t2,complete_only,56,0.872860,0.022573,1.574800e-04,1.151946e-03,1187,0.015048,2.989110e-04,0.030097,1.162990e-04,1.152411e+00,672,1,0,1,1,0,
010_potted_meat_can,s0_complete_v2_010_potted_meat_can_t3,complete_only,31,0.683897,0.022532,3.335680e-05,2.434742e-05,1084,0.015021,1.015047e-05,0.030042,5.810516e-05,2.064113e+00,956,1,0,1,1,0,
010_potted_meat_can,s0_complete_v2_010_potted_meat_can_t4,complete_only,7,0.866641,0.020760,9.238062e-05,5.363501e-04,585,0.013840,2.808591e-04,0.027681,6.178937e-05,7.079778e-01,517,1,0,1,1,0,
010_potted_meat_can,s0_complete_v2_010_potted_meat_can_t5,complete_only,17,0.769247,0.021422,1.176931e-05,4.696032e-05,739,0.014281,1.029122e-05,0.028562,1.658272e-05,1.568529e+00,952,1,0,1,1,0,
010_potted_meat_can,s0_complete_v2_010_potted_meat_can_t6,complete_only,0,0.951413,0.025375,1.944241e-06,4.561932e-06,1415,0.016917,1.737496e-06,0.033833,2.134666e-06,1.085855e+00,1136,1,0,1,1,0,
010_potted_meat_can,s0_complete_v2_010_potted_meat_can_t7,complete_only,0,0.952014,0.024640,1.254834e-06,1.001282e-06,2270,0.016427,9.200199e-07,0.032854,1.794501e-06,7.046961e-01,1005,1,0,1,1,0,
010_potted_meat_can,s0_complete_v2_010_potted_meat_can_t8,complete_only,8,0.858278,0.020463,7.050699e-05,3.691202e-04,653,0.013642,2.069315e-04,0.027284,4.584244e-05,1.009728e+00,822,1,0,1,1,1,
010_potted_meat_can,s0_complete_v2_010_potted_meat_can_t9,complete_only,0,0.963726,0.025494,1.896334e-06,3.853699e-06,1389,0.016996,2.775183e-06,0.033993,1.784631e-06,1.160047e+00,1238,1,0,1,1,0,
010_potted_meat_can,s0_complete_v2_010_potted_meat_can_t10,complete_only,8,0.934315,0.022711,1.233295e-04,1.010357e-04,1572,0.015141,5.094095e-04,0.030282,1.069879e-04,3.245513e-01,270,1,0,1,1,0,
010_potted_meat_can,s0_complete_v2_010_potted_meat_can_t11,complete_only,11,0.906368,0.021709,2.789522e-05,2.782680e-05,1286,0.014472,1.266573e-05,0.028945,3.342100e-05,7.831749e-01,682,1,0,1,1,1,
010_potted_meat_can,s0_complete_v2_010_potted_meat_can_t12,complete_only,0,0.968619,0.024966,2.415518e-06,3.627662e-06,1963,0.016644,2.530341e-06,0.033288,2.931546e-06,9.210319e-01,949,1,0,1,1,0,
010_potted_meat_can,s0_complete_v2_010_potted_meat_can_t13,complete_only,0,0.939325,0.024708,2.812526e-03,5.512901e-03,1231,0.016472,4.325098e-03,0.032944,3.798703e-04,1.344139e+00,963,1,0,1,1,0,
010_potted_meat_can,s0_complete_v2_010_potted_meat_can_t14,complete_only,61,0.887922,0.021935,2.618812e-04,1.359366e-03,934,0.014623,2.062659e-04,0.029247,1.850765e-04,4.696789e-01,383,1,0,1,1,0,
010_potted_meat_can,s0_complete_v2_010_potted_meat_can_t15,complete_only,24,0.848677,0.020919,1.833460e-05,5.307452e-05,1109,0.013946,9.036272e-06,0.027892,2.683054e-05,1.131517e+00,682,1,0,1,1,0,
010_potted_meat_can,s0_complete_v2_010_potted_meat_can_t16,complete_only,0,0.973995,0.025706,1.911111e-06,3.173783e-06,1421,0.017137,1.930709e-06,0.034275,1.667590e-06,1.163405e+00,1257,1,0,1,1,0,
010_potted_meat_can,s0_complete_v2_010_potted_meat_can_t17,complete_only,21,0.902884,0.020797,4.596543e-06,1.649468e-05,556,0.013865,1.571981e-05,0.027729,6.963158e-06,3.387249e-01,441,1,0,1,1,1,
010_potted_meat_can,s0_complete_v2_010_potted_meat_can_t18,complete_only,2,0.863669,0.020206,5.868760e-06,2.043267e-05,552,0.013471,6.678280e-06,0.026941,5.555367e-06,4.648479e-01,445,1,0,1,1,0,
010_potted_meat_can,s0_complete_v2_010_potted_meat_can_t19,complete_only,0,0.960020,0.025472,1.477290e-06,3.402332e-06,2264,0.016981,1.319484e-06,0.033963,1.973344e-06,8.894516e-01,954,1,0,1,1,0,
010_potted_meat_can,s0_complete_v2_010_potted_meat_can_t20,complete_only,0,0.954112,0.025161,1.502226e-06,3.545691e-06,1792,0.016774,1.319437e-06,0.033549,1.885488e-06,9.531249e-01,1013,1,0,1,1,0,
010_potted_meat_can,s0_complete_v2_010_potted_meat_can_t21,complete_only,0,0.943354,0.021229,1.121880e-06,2.302244e-06,683,0.014152,1.173824e-06,0.028305,1.554993e-06,2.142963e-01,380,1,0,1,1,0,
010_potted_meat_can,s0_complete_v2_010_potted_meat_can_t22,complete_only,0,0.916785,0.024625,3.726157e-05,2.266882e-04,858,0.016417,2.858096e-04,0.032834,5.563754e-05,1.551099e+00,1133,1,0,1,1,0,
010_potted_meat_can,s0_complete_v2_010_potted_meat_can_t23,complete_only,160,0.922342,0.022201,7.467628e-05,1.605210e-05,1035,0.014801,4.219659e-04,0.029602,4.270588e-05,6.894222e-01,479,1,0,1,1,0,
010_potted_meat_can,s0_complete_v2_010_potted_meat_can_t24,complete_only,0,0.938412,0.021108,1.280791e-06,3.976642e-06,659,0.014072,1.409906e-06,0.028143,1.530802e-06,2.130409e-01,362,1,0,1,1,1,
010_potted_meat_can,s0_complete_v2_010_potted_meat_can_t25,complete_only,0,0.972023,0.025432,7.015703e-07,1.024484e-06,2188,0.016955,6.851010e-07,0.033909,8.924131e-07,7.562171e-01,1067,1,0,1,1,1,
010_potted_meat_can,s0_complete_v2_010_potted_meat_can_t26,complete_only,136,0.895948,0.021898,3.256238e-05,1.426847e-04,1338,0.014599,4.473514e-05,0.029198,3.053018e-05,8.459527e-01,609,1,0,1,1,0,
010_potted_meat_can,s0_complete_v2_010_potted_meat_can_t27,complete_only,18,0.869447,0.021982,2.408716e-04,1.351730e-03,1154,0.014655,1.152441e-03,0.029310,1.379922e-04,3.653066e-01,282,1,0,1,1,0,
010_potted_meat_can,s0_complete_v2_010_potted_meat_can_t28,complete_only,122,0.842278,0.023210,8.258151e-04,3.373760e-03,521,0.015473,3.292191e-03,0.030946,1.351130e-04,1.454743e+00,1144,1,0,1,1,0,
010_potted_meat_can,s0_complete_v2_010_potted_meat_can_t29,complete_only,37,0.886345,0.019600,1.887381e-05,1.721935e-05,988,0.013067,1.990833e-05,0.026134,2.037246e-05,5.182404e-01,636,1,0,1,1,0,
010_potted_meat_can,s0_complete_v2_010_potted_meat_can_t30,complete_only,11,0.869994,0.021124,7.882466e-05,2.201399e-04,981,0.014082,1.233434e-04,0.028165,7.775449e-05,1.008199e+00,576,1,0,1,1,1,
010_potted_meat_can,s0_complete_v2_010_potted_meat_can_t31,complete_only,4,0.943967,0.025585,8.650428e-07,1.954713e-06,1987,0.017057,9.056880e-07,0.034113,9.275218e-07,8.243614e-01,1018,1,0,1,1,0,
010_potted_meat_can,s0_complete_v2_010_potted_meat_can_t32,complete_only,1,0.912432,0.021132,1.907672e-05,1.263736e-05,1522,0.014088,3.257663e-06,0.028177,2.625908e-05,6.608733e-01,707,1,0,1,1,0,
010_potted_meat_can,s0_complete_v2_010_potted_meat_can_t33,complete_only,8,0.856323,0.020727,4.058737e-05,1.487014e-04,859,0.013818,2.150798e-05,0.027636,4.515540e-05,8.777387e-01,738,1,0,1,1,1,
010_potted_meat_can,s0_complete_v2_010_potted_meat_can_t34,complete_only,3,0.920180,0.020102,1.504536e-05,4.036956e-05,1162,0.013401,1.100070e-05,0.026802,1.622725e-05,1.129022e+00,768,1,0,1,1,1,
010_potted_meat_can,s0_complete_v2_010_potted_meat_can_t35,complete_only,0,0.963391,0.024705,2.146530e-05,3.034180e-05,876,0.016470,8.503270e-05,0.032940,2.160635e-05,1.214166e+00,1125,1,0,1,1,0,
010_potted_meat_can,s0_complete_v2_010_potted_meat_can_t36,complete_only,1,0.948770,0.025526,3.963167e-06,7.070037e-06,1610,0.017017,2.217136e-05,0.034035,4.048890e-06,9.658210e-01,1030,1,0,1,1,0,
010_potted_meat_can,s0_complete_v2_010_potted_meat_can_t37,complete_only,262,0.830181,0.020634,3.944524e-06,1.110976e-05,665,0.013756,4.324062e-06,0.027512,4.495258e-06,5.024398e-01,596,1,0,1,1,0,
010_potted_meat_can,s0_complete_v2_010_potted_meat_can_t38,complete_only,77,0.879523,0.020681,1.237478e-05,2.273695e-05,1284,0.013787,4.135880e-06,0.027574,2.445974e-05,1.098107e+00,763,1,0,1,1,1,
010_potted_meat_can,s0_complete_v2_010_potted_meat_can_t39,complete_only,3,0.872066,0.020415,3.050006e-05,1.477842e-04,1020,0.013610,3.869910e-05,0.027220,3.109494e-05,1.247999e+00,848,1,0,1,1,1,
010_potted_meat_can,s0_complete_v2_010_potted_meat_can_t40,complete_only,5,0.854510,0.020188,3.555777e-05,1.654492e-04,470,0.013458,4.236365e-05,0.026917,2.635228e-05,9.491777e-01,662,1,0,1,1,1,
010_potted_meat_can,s0_complete_v2_010_potted_meat_can_t41,complete_only,0,0.913657,0.023344,8.705361e-05,1.030740e-04,1243,0.015562,2.573230e-05,0.031125,1.088532e-04,1.455059e+00,1066,1,0,1,1,0,
010_potted_meat_can,s0_complete_v2_010_potted_meat_can_t42,complete_only,24,0.867747,0.020648,3.058601e-05,2.608191e-05,1151,0.013765,2.404280e-05,0.027530,3.109569e-05,1.004042e+00,964,1,0,1,1,1,
010_potted_meat_can,s0_complete_v2_010_potted_meat_can_t43,complete_only,0,0.933684,0.024624,3.567746e-05,8.335033e-06,1441,0.016416,3.832194e-05,0.032832,4.569006e-05,1.644353e+00,1340,1,0,1,1,0,
010_potted_meat_can,s0_complete_v2_010_potted_meat_can_t44,complete_only,2,0.799645,0.020822,2.405067e-05,1.046008e-04,733,0.013881,3.123115e-05,0.027763,2.301438e-05,6.309079e-01,559,1,0,1,1,0,
010_potted_meat_can,s0_complete_v2_010_potted_meat_can_t45,complete_only,0,0.974272,0.024875,6.913818e-07,1.286969e-06,1800,0.016583,7.090472e-07,0.033166,6.831231e-07,5.772027e-01,885,1,0,1,1,0,
010_potted_meat_can,s0_complete_v2_010_potted_meat_can_t46,complete_only,2,0.921140,0.021037,3.748213e-06,5.272396e-06,683,0.014025,2.368408e-06,0.028049,3.393656e-06,3.668286e-01,478,1,0,1,1,1,
010_potted_meat_can,s0_complete_v2_010_potted_meat_can_t47,complete_only,0,0.970228,0.025517,7.637100e-06,4.773117e-06,1702,0.017012,9.201640e-06,0.034023,1.541975e-05,9.539147e-01,986,1,0,1,1,0,
010_potted_meat_can,s0_complete_v2_010_potted_meat_can_t48,complete_only,82,0.607070,0.020182,1.620432e-04,4.244522e-04,462,0.013455,2.055415e-04,0.026910,9.034006e-05,1.269106e+00,679,1,0,1,1,1,
010_potted_meat_can,s0_complete_v2_010_potted_meat_can_t49,complete_only,0,0.880837,0.023137,3.390038e-03,6.416535e-03,904,0.015425,3.297920e-03,0.030850,7.886336e-04,2.476463e+00,1078,1,0,1,1,0,
003_cracker_box,s0_complete_v2_003_cracker_box_t0,complete_only,4,0.936212,0.037981,5.981850e-05,1.600360e-04,455,0.025321,6.888113e-05,0.050642,4.327303e-05,2.524781e-01,29,1,0,1,1,0,
003_cracker_box,s0_complete_v2_003_cracker_box_t1,complete_only,7,0.922431,0.033357,1.870702e-04,9.006036e-04,563,0.022238,3.343977e-04,0.044477,8.533548e-05,6.954690e-02,68,1,0,1,1,0,
003_cracker_box,s0_complete_v2_003_cracker_box_t2,complete_only,538,0.893716,0.028173,5.671616e-04,1.572076e-03,2258,0.018782,1.003538e-03,0.037564,3.167289e-04,4.347063e+00,892,1,0,1,1,0,
003_cracker_box,s0_complete_v2_003_cracker_box_t3,complete_only,5,0.916816,0.039445,1.815735e-04,4.536298e-04,832,0.026296,2.049373e-04,0.052593,7.108131e-05,2.635496e-01,116,1,0,1,1,0,
003_cracker_box,s0_complete_v2_003_cracker_box_t4,complete_only,112,0.963492,0.041849,5.058291e-05,2.948838e-04,687,0.027900,4.429021e-04,0.055799,2.530043e-05,3.442150e-01,81,1,0,1,1,1,
003_cracker_box,s0_complete_v2_003_cracker_box_t5,complete_only,202,0.945783,0.042455,1.323620e-05,3.948779e-05,1127,0.028303,1.250212e-05,0.056606,1.300808e-05,1.945296e-01,110,1,0,1,1,0,
003_cracker_box,s0_complete_v2_003_cracker_box_t6,complete_only,209,0.855235,0.037192,5.606333e-06,1.338836e-05,748,0.024795,5.702295e-06,0.049590,5.478789e-06,1.883929e-01,95,1,0,1,1,0,
003_cracker_box,s0_complete_v2_003_cracker_box_t7,complete_only,196,0.910060,0.035852,3.041622e-05,2.199606e-04,820,0.023901,2.737126e-05,0.047802,2.905699e-05,8.574212e-02,291,1,0,1,1,0,
003_cracker_box,s0_complete_v2_003_cracker_box_t8,complete_only,229,0.945865,0.033411,3.511762e-05,2.256510e-04,1009,0.022274,2.309388e-04,0.044548,3.769787e-05,3.597737e-01,164,1,0,1,1,0,
003_cracker_box,s0_complete_v2_003_cracker_box_t9,complete_only,519,0.742851,0.025358,3.783355e-05,1.353755e-04,349,0.016905,5.360215e-05,0.033811,3.623923e-05,4.121717e-01,44,1,0,1,1,0,
003_cracker_box,s0_complete_v2_003_cracker_box_t10,complete_only,58,0.959304,0.040703,4.314401e-06,9.510060e-06,916,0.027135,4.490763e-06,0.054270,4.426214e-06,0.000000e+00,45,1,0,1,1,0,
003_cracker_box,s0_complete_v2_003_cracker_box_t11,complete_only,309,0.944491,0.040686,1.203307e-05,4.742221e-05,1323,0.027124,1.333260e-05,0.054249,1.302536e-05,1.079119e-01,61,1,0,1,1,0,
003_cracker_box,s0_complete_v2_003_cracker_box_t12,complete_only,329,0.770742,0.038003,4.603659e-06,2.256927e-05,242,0.025335,0.000000e+00,0.050670,4.403375e-06,0.000000e+00,40,1,0,1,1,0,
003_cracker_box,s0_complete_v2_003_cracker_box_t14,complete_only,199,0.952600,0.041082,1.500037e-05,8.120062e-05,681,0.027388,1.004821e-05,0.054776,2.148012e-05,2.058290e-01,98,1,0,1,1,0,
003_cracker_box,s0_complete_v2_003_cracker_box_t15,complete_only,1008,0.915770,0.027077,3.094680e-06,8.322644e-06,1753,0.018052,3.458729e-06,0.036103,3.357469e-06,2.234157e-01,173,1,0,1,1,0,
003_cracker_box,s0_complete_v2_003_cracker_box_t16,complete_only,70,0.871264,0.037273,8.416983e-06,1.894920e-05,728,0.024848,9.719149e-06,0.049697,7.475813e-06,2.004301e-01,86,1,0,1,1,0,
003_cracker_box,s0_complete_v2_003_cracker_box_t17,complete_only,98,0.911928,0.042567,3.303677e-05,1.226726e-04,1015,0.028378,4.382791e-05,0.056756,3.108972e-05,4.134678e-02,37,1,0,1,1,0,
003_cracker_box,s0_complete_v2_003_cracker_box_t18,complete_only,27,0.959784,0.042661,1.985504e-04,6.493040e-04,594,0.028441,2.663862e-04,0.056882,7.975487e-05,2.317398e-01,48,1,0,1,1,0,
003_cracker_box,s0_complete_v2_003_cracker_box_t19,complete_only,251,0.659111,0.034851,1.938810e-04,7.390757e-04,659,0.023234,2.219392e-04,0.046468,1.221531e-04,5.385018e-01,145,1,0,1,1,0,
003_cracker_box,s0_complete_v2_003_cracker_box_t20,complete_only,248,0.867777,0.037306,7.340208e-06,2.103567e-05,924,0.024871,7.604895e-06,0.049742,7.110473e-06,2.105944e-01,150,1,0,1,1,0,
003_cracker_box,s0_complete_v2_003_cracker_box_t21,complete_only,1,0.931041,0.042673,2.725059e-04,2.328041e-03,705,0.028449,3.132739e-03,0.056898,2.454879e-04,3.500229e-01,40,1,0,1,1,0,
003_cracker_box,s0_complete_v2_003_cracker_box_t22,complete_only,0,0.949154,0.037944,9.599971e-05,2.945670e-04,675,0.025296,1.095515e-04,0.050592,6.947989e-05,4.313158e-01,42,1,0,1,1,0,
003_cracker_box,s0_complete_v2_003_cracker_box_t23,complete_only,598,0.856661,0.048135,6.312436e-04,2.061632e-03,823,0.032090,7.500297e-04,0.064180,8.736747e-04,1.794639e+00,118,1,0,1,1,0,
003_cracker_box,s0_complete_v2_003_cracker_box_t24,complete_only,31,0.820816,0.042039,4.624453e-04,2.737941e-03,561,0.028026,5.798703e-03,0.056052,1.870675e-04,7.292074e-01,135,1,0,1,1,0,
003_cracker_box,s0_complete_v2_003_cracker_box_t25,complete_only,1473,0.811692,0.030576,7.163623e-07,1.525021e-06,1160,0.020384,6.223138e-07,0.040769,7.210558e-07,3.954079e-02,164,1,0,1,1,0,
003_cracker_box,s0_complete_v2_003_cracker_box_t26,complete_only,31,0.961158,0.049559,3.069061e-05,1.396059e-04,1120,0.033039,3.262143e-05,0.066078,2.974662e-05,4.614014e-02,49,1,0,1,1,0,
003_cracker_box,s0_complete_v2_003_cracker_box_t27,complete_only,297,0.946429,0.037829,7.760332e-05,3.511693e-04,531,0.025219,4.104928e-05,0.050439,4.839257e-05,2.153564e-01,74,1,0,1,1,0,
003_cracker_box,s0_complete_v2_003_cracker_box_t28,complete_only,3,0.953447,0.037808,1.116988e-04,2.307461e-04,424,0.025205,1.135014e-04,0.050410,6.152817e-05,3.613166e-01,48,1,0,1,1,0,
003_cracker_box,s0_complete_v2_003_cracker_box_t29,complete_only,1688,0.525052,0.037391,1.175481e-06,2.417232e-06,1033,0.024927,1.205973e-06,0.049854,1.214881e-06,1.686815e-02,41,1,0,1,1,0,
003_cracker_box,s0_complete_v2_003_cracker_box_t30,complete_only,186,0.949050,0.037448,2.510491e-06,6.647279e-06,1533,0.024965,2.668241e-06,0.049931,2.557292e-06,3.221216e-01,233,1,0,1,1,0,
003_cracker_box,s0_complete_v2_003_cracker_box_t31,complete_only,84,0.739971,0.034300,1.398797e-04,4.081672e-04,783,0.022867,2.366254e-04,0.045733,5.341624e-05,2.659991e-01,118,1,0,1,1,0,
003_cracker_box,s0_complete_v2_003_cracker_box_t32,complete_only,152,0.926404,0.038167,5.302545e-06,1.547968e-05,1073,0.025445,4.919034e-06,0.050890,6.478625e-06,2.309542e-02,54,1,0,1,1,0,
003_cracker_box,s0_complete_v2_003_cracker_box_t33,complete_only,94,0.952196,0.038108,2.099142e-04,1.510226e-03,1364,0.025405,3.336286e-03,0.050811,2.117288e-04,4.931461e-01,108,1,0,1,1,1,
003_cracker_box,s0_complete_v2_003_cracker_box_t34,complete_only,542,0.929625,0.027922,1.485199e-05,5.537741e-05,1026,0.018615,7.542174e-05,0.037230,8.612616e-06,4.725465e-01,254,1,0,1,1,0,
003_cracker_box,s0_complete_v2_003_cracker_box_t35,complete_only,12,0.909332,0.037355,1.278838e-05,3.138965e-05,655,0.024903,1.660859e-05,0.049806,1.119459e-05,2.033345e-01,47,1,0,1,1,0,
003_cracker_box,s0_complete_v2_003_cracker_box_t37,complete_only,4,0.946035,0.043559,1.295203e-05,1.545839e-05,1423,0.029039,1.814204e-05,0.058078,1.316035e-05,1.716880e-02,41,1,0,1,1,0,
003_cracker_box,s0_complete_v2_003_cracker_box_t38,complete_only,1886,0.160189,0.032480,2.390377e-06,5.375030e-06,1576,0.021653,2.559670e-06,0.043306,2.403748e-06,1.022178e-01,78,1,0,1,1,0,
003_cracker_box,s0_complete_v2_003_cracker_box_t39,complete_only,1272,0.868142,0.031957,1.907814e-06,6.659469e-06,914,0.021304,2.094292e-06,0.042609,1.838864e-06,9.188460e-02,123,1,0,1,1,0,
003_cracker_box,s0_complete_v2_003_cracker_box_t40,complete_only,151,0.942493,0.041904,2.426651e-04,6.175422e-04,596,0.027936,2.447408e-04,0.055872,7.708644e-05,1.737312e-01,42,1,0,1,1,0,
003_cracker_box,s0_complete_v2_003_cracker_box_t41,complete_only,24,0.930279,0.037698,4.627379e-05,9.218692e-05,387,0.025132,4.716046e-05,0.050264,3.682911e-05,2.490234e-01,36,1,0,1,1,0,
003_cracker_box,s0_complete_v2_003_cracker_box_t42,complete_only,584,0.931929,0.036216,1.843675e-06,4.885631e-06,643,0.024144,1.306399e-06,0.048288,2.167753e-06,0.000000e+00,60,1,0,1,1,1,
003_cracker_box,s0_complete_v2_003_cracker_box_t44,complete_only,151,0.951467,0.041785,4.306778e-05,2.052232e-04,949,0.027857,5.135473e-05,0.055714,2.746319e-05,2.007244e-01,64,1,0,1,1,0,
003_cracker_box,s0_complete_v2_003_cracker_box_t45,complete_only,639,0.887661,0.033914,1.548535e-05,1.001597e-04,1118,0.022609,2.084780e-05,0.045218,1.605733e-05,1.148451e-01,132,1,0,1,1,0,
003_cracker_box,s0_complete_v2_003_cracker_box_t46,complete_only,4,0.924680,0.043319,1.477030e-04,1.011819e-03,702,0.028880,3.074577e-03,0.057759,1.419278e-04,3.719096e-01,115,1,0,1,1,0,
003_cracker_box,s0_complete_v2_003_cracker_box_t47,complete_only,282,0.888164,0.034763,1.888694e-03,6.836950e-03,474,0.023175,1.882891e-03,0.046351,2.202295e-03,3.561621e+00,141,1,0,1,1,0,
003_cracker_box,s0_complete_v2_003_cracker_box_t48,complete_only,75,0.956636,0.041208,1.060680e-04,8.252058e-04,669,0.027472,1.229075e-04,0.054944,1.209756e-04,1.966859e-01,36,1,0,1,1,0,
003_cracker_box,s0_complete_v2_003_cracker_box_t49,complete_only,1,0.935537,0.037803,6.896794e-05,1.428713e-04,325,0.025202,6.485712e-05,0.050403,5.112054e-05,3.031034e-01,39,1,0,1,1,0,
006_mustard_bottle,s0_gate_off_006_mustard_bottle_t0,complete_only,379,0.888716,0.031814,5.129589e-06,1.699323e-05,3667,0.021209,1.150054e-05,0.042419,4.139812e-06,3.720377e-01,261,1,0,1,1,0,
006_mustard_bottle,s0_gate_off_006_mustard_bottle_t1,complete_only,436,0.888962,0.030044,4.270194e-06,2.161938e-05,1897,0.020029,3.565760e-06,0.040058,4.287508e-06,1.143272e-01,246,1,0,1,1,1,
006_mustard_bottle,s0_gate_off_006_mustard_bottle_t2,complete_only,33,0.965071,0.032699,6.108376e-05,1.782997e-04,2375,0.021800,8.466315e-05,0.043599,2.083764e-05,1.736379e+00,584,1,0,1,1,1,
006_mustard_bottle,s0_gate_off_006_mustard_bottle_t3,complete_only,546,0.877147,0.031727,3.533394e-06,1.456572e-05,1946,0.021152,2.487479e-06,0.042303,4.602024e-06,8.145633e-02,184,1,0,1,1,1,
006_mustard_bottle,s0_gate_off_006_mustard_bottle_t4,complete_only,139,0.954545,0.032131,7.719675e-05,2.355065e-04,1638,0.021421,1.010353e-04,0.042841,3.188341e-05,1.400768e+00,476,1,0,1,1,1,
006_mustard_bottle,s0_gate_off_006_mustard_bottle_t5,complete_only,89,0.944721,0.032267,1.011148e-04,2.992415e-04,1888,0.021511,1.479543e-04,0.043023,4.458488e-05,1.439633e+00,450,1,0,1,1,0,
006_mustard_bottle,s0_gate_off_006_mustard_bottle_t6,complete_only,547,0.896032,0.030854,8.511814e-06,3.152186e-05,2832,0.020569,1.592290e-05,0.041138,4.320009e-06,2.375665e-01,159,1,0,1,1,0,
006_mustard_bottle,s0_gate_off_006_mustard_bottle_t7,complete_only,171,0.948519,0.029986,5.718718e-06,2.607210e-05,2882,0.019991,4.802930e-06,0.039981,5.722249e-06,1.383452e+00,1094,1,0,1,1,0,
006_mustard_bottle,s0_gate_off_006_mustard_bottle_t8,complete_only,473,0.920850,0.031711,1.676465e-05,4.252217e-05,2498,0.021141,2.756478e-05,0.042281,1.122705e-05,1.512624e+00,746,1,0,1,1,1,
006_mustard_bottle,s0_gate_off_006_mustard_bottle_t9,complete_only,608,0.876961,0.030498,1.329100e-05,3.913898e-05,1275,0.020332,2.350177e-05,0.040664,7.932592e-06,6.955731e-02,154,1,0,1,1,1,
006_mustard_bottle,s0_gate_off_006_mustard_bottle_t10,complete_only,27,0.970686,0.033033,1.132224e-05,5.204945e-05,4109,0.022022,5.873747e-05,0.044044,9.396826e-06,1.268930e+00,569,1,0,1,1,0,
006_mustard_bottle,s0_gate_off_006_mustard_bottle_t11,complete_only,47,0.961944,0.032999,1.371359e-05,8.585388e-05,3330,0.021999,4.055516e-05,0.043999,1.235773e-05,5.415453e-01,229,1,0,1,1,1,
006_mustard_bottle,s0_gate_off_006_mustard_bottle_t12,complete_only,800,0.835939,0.030667,4.816656e-06,2.215586e-05,2201,0.020445,4.614895e-06,0.040889,7.700369e-06,7.532824e-02,146,1,0,1,1,1,
006_mustard_bottle,s0_gate_off_006_mustard_bottle_t14,complete_only,71,0.962157,0.033048,3.615698e-05,1.440083e-04,2872,0.022032,1.072078e-04,0.044065,1.711653e-05,7.240843e-01,298,1,0,1,1,1,
006_mustard_bottle,s0_gate_off_006_mustard_bottle_t15,complete_only,3,0.941041,0.032409,3.904307e-05,1.233040e-04,770,0.021606,3.086675e-05,0.043212,5.125972e-05,5.308458e-01,99,1,0,1,1,0,
006_mustard_bottle,s0_gate_off_006_mustard_bottle_t16,complete_only,762,0.859868,0.030352,6.503892e-06,2.354943e-05,3166,0.020234,1.228877e-05,0.040469,4.608252e-06,1.338542e-01,226,1,0,1,1,0,
006_mustard_bottle,s0_gate_off_006_mustard_bottle_t17,complete_only,187,0.947374,0.031382,5.254867e-06,1.496806e-05,3730,0.020921,4.985945e-06,0.041842,5.644888e-06,8.374322e-01,605,1,0,1,1,1,
006_mustard_bottle,s0_gate_off_006_mustard_bottle_t18,complete_only,206,0.942280,0.031929,3.045045e-05,7.073569e-05,1922,0.021286,6.775461e-05,0.042572,1.356043e-05,1.299581e+00,620,1,0,1,1,0,
006_mustard_bottle,s0_gate_off_006_mustard_bottle_t19,complete_only,411,0.881877,0.030032,6.310810e-06,2.266768e-05,2489,0.020021,1.189117e-05,0.040043,4.141322e-06,6.290943e-01,448,1,0,1,1,0,
006_mustard_bottle,s0_gate_off_006_mustard_bottle_t20,complete_only,761,0.872961,0.031091,3.874756e-06,1.539858e-05,2657,0.020727,2.829080e-06,0.041454,5.132731e-06,1.517553e-01,192,1,0,1,1,0,
006_mustard_bottle,s0_gate_off_006_mustard_bottle_t21,complete_only,155,0.949197,0.030899,3.753346e-06,1.320001e-05,3157,0.020599,3.090495e-06,0.041199,3.624028e-06,9.191221e-01,761,1,0,1,1,0,
006_mustard_bottle,s0_gate_off_006_mustard_bottle_t22,complete_only,524,0.867890,0.031494,5.746844e-06,3.621515e-05,1387,0.020996,3.902574e-06,0.041992,6.220500e-06,2.230797e-03,167,1,0,1,1,1,
006_mustard_bottle,s0_gate_off_006_mustard_bottle_t23,complete_only,86,0.948974,0.032607,3.389689e-05,1.396152e-04,2091,0.021738,8.607284e-05,0.043476,1.223546e-05,1.568576e+00,677,1,0,1,1,1,
006_mustard_bottle,s0_gate_off_006_mustard_bottle_t24,complete_only,293,0.926203,0.031030,5.380459e-06,1.962152e-05,3975,0.020687,7.057618e-06,0.041373,4.883150e-06,5.530875e-01,377,1,0,1,1,0,
006_mustard_bottle,s0_gate_off_006_mustard_bottle_t25,complete_only,188,0.953850,0.030333,9.063904e-06,3.176842e-05,2674,0.020222,9.529920e-06,0.040444,7.794663e-06,8.729803e-01,646,1,0,1,1,0,
006_mustard_bottle,s0_gate_off_006_mustard_bottle_t26,complete_only,186,0.948299,0.033210,5.554431e-05,1.866594e-04,3282,0.022140,1.007246e-04,0.044280,1.783402e-05,1.591895e+00,658,1,0,1,1,1,
006_mustard_bottle,s0_gate_off_006_mustard_bottle_t27,complete_only,47,0.966127,0.032798,2.065768e-05,1.099205e-04,3540,0.021865,7.498840e-05,0.043730,1.372936e-05,7.648591e-01,428,1,0,1,1,1,
006_mustard_bottle,s0_gate_off_006_mustard_bottle_t28,complete_only,225,0.905137,0.031726,5.019363e-06,1.929720e-05,3668,0.021151,8.609692e-06,0.042302,4.270165e-06,3.569520e-02,120,1,0,1,1,0,
006_mustard_bottle,s0_gate_off_006_mustard_bottle_t29,complete_only,430,0.931869,0.032836,1.265429e-05,2.854460e-05,3426,0.021891,1.590194e-05,0.043782,7.317665e-06,1.224954e+00,464,1,0,1,1,1,
006_mustard_bottle,s0_gate_off_006_mustard_bottle_t30,complete_only,410,0.944728,0.033110,5.639988e-06,2.125231e-05,2628,0.022073,2.965103e-06,0.044146,8.018513e-06,1.256902e-01,166,1,0,1,1,1,
006_mustard_bottle,s0_gate_off_006_mustard_bottle_t31,complete_only,38,0.934647,0.030119,6.411577e-06,2.509218e-05,2452,0.020079,1.238043e-06,0.040158,6.409342e-06,4.969434e-01,389,1,0,1,1,1,
006_mustard_bottle,s0_gate_off_006_mustard_bottle_t32,complete_only,164,0.957688,0.033018,2.744761e-05,1.390992e-04,2322,0.022012,1.155287e-04,0.044025,1.511727e-05,3.566543e-01,234,1,0,1,1,1,
006_mustard_bottle,s0_gate_off_006_mustard_bottle_t33,complete_only,486,0.893702,0.031495,2.835704e-05,7.081994e-05,1964,0.020996,6.194014e-05,0.041993,1.703174e-05,3.765543e-01,161,1,0,1,1,0,
006_mustard_bottle,s0_gate_off_006_mustard_bottle_t34,complete_only,404,0.935392,0.031645,2.198785e-05,5.141502e-05,2214,0.021097,3.017087e-05,0.042194,1.890372e-05,9.799960e-01,408,1,0,1,1,1,
006_mustard_bottle,s0_gate_off_006_mustard_bottle_t35,complete_only,353,0.888031,0.030832,2.647982e-06,8.879176e-06,1412,0.020555,1.520334e-06,0.041109,3.460766e-06,0.000000e+00,124,1,0,1,1,1,
006_mustard_bottle,s0_gate_off_006_mustard_bottle_t37,complete_only,64,0.952248,0.031734,4.276963e-06,1.553732e-05,2522,0.021156,3.052398e-06,0.042312,5.824909e-06,4.955449e-01,396,1,0,1,1,1,
006_mustard_bottle,s0_gate_off_006_mustard_bottle_t38,complete_only,348,0.946579,0.033269,3.939995e-06,1.875116e-05,3103,0.022180,3.018526e-06,0.044359,5.204762e-06,3.703080e-02,169,1,0,1,1,1,
006_mustard_bottle,s0_gate_off_006_mustard_bottle_t39,complete_only,214,0.930682,0.031751,1.067217e-05,2.349554e-05,2402,0.021167,1.473706e-05,0.042334,6.924576e-06,5.951095e-01,357,1,0,1,1,1,
006_mustard_bottle,s0_gate_off_006_mustard_bottle_t40,complete_only,133,0.944301,0.032390,2.198706e-05,9.404407e-05,2088,0.021594,7.311793e-05,0.043187,1.528323e-05,1.408933e+00,629,1,0,1,1,1,
006_mustard_bottle,s0_gate_off_006_mustard_bottle_t41,complete_only,270,0.902193,0.031729,3.959294e-06,1.845881e-05,1645,0.021153,3.345738e-06,0.042305,4.205667e-06,9.256487e-02,156,1,0,1,1,1,
006_mustard_bottle,s0_gate_off_006_mustard_bottle_t42,complete_only,572,0.909183,0.031507,1.430728e-05,4.025616e-05,2677,0.021004,2.281337e-05,0.042009,1.039585e-05,7.470740e-01,475,1,0,1,1,1,
006_mustard_bottle,s0_gate_off_006_mustard_bottle_t43,complete_only,556,0.860500,0.031447,4.530780e-06,2.423432e-05,1291,0.020965,2.719603e-06,0.041930,4.488689e-06,0.000000e+00,153,1,0,1,1,1,
006_mustard_bottle,s0_gate_off_006_mustard_bottle_t44,complete_only,139,0.950072,0.031885,6.263492e-05,1.924019e-04,1879,0.021257,1.016158e-04,0.042513,3.626293e-05,1.149610e+00,410,1,0,1,1,1,
006_mustard_bottle,s0_gate_off_006_mustard_bottle_t45,complete_only,210,0.948810,0.029363,5.085742e-06,1.708038e-05,3274,0.019575,4.104907e-06,0.039151,5.740605e-06,6.840985e-01,660,1,0,1,1,0,
006_mustard_bottle,s0_gate_off_006_mustard_bottle_t46,complete_only,327,0.932875,0.030641,4.411203e-06,1.992781e-05,3354,0.020427,4.036418e-06,0.040855,4.237570e-06,9.499801e-01,761,1,0,1,1,0,
006_mustard_bottle,s0_gate_off_006_mustard_bottle_t47,complete_only,128,0.949462,0.029822,3.336871e-06,1.402017e-05,2996,0.019881,3.171338e-06,0.039762,3.653884e-06,7.048789e-01,623,1,0,1,1,1,
006_mustard_bottle,s0_gate_off_006_mustard_bottle_t48,complete_only,117,0.955934,0.032019,2.584133e-05,9.993407e-05,1730,0.021346,6.843848e-05,0.042692,1.321487e-05,5.025240e-01,216,1,0,1,1,1,
006_mustard_bottle,s0_gate_off_006_mustard_bottle_t49,complete_only,484,0.888656,0.031732,9.345949e-06,1.988733e-05,2457,0.021155,1.920508e-05,0.042309,7.561749e-06,1.315206e+00,713,1,0,1,1,1,
011_banana,s0_gate_off_011_banana_t0,complete_only,160,0.967911,0.022302,2.197848e-06,9.510977e-06,4819,0.014868,1.768445e-06,0.029736,5.322500e-06,1.266059e+00,1526,1,0,1,1,1,
011_banana,s0_gate_off_011_banana_t1,complete_only,21,0.962185,0.024091,9.935161e-06,3.844491e-05,4025,0.016061,1.632671e-05,0.032122,1.038693e-05,2.970987e+00,2448,1,0,1,1,1,
011_banana,s0_gate_off_011_banana_t2,complete_only,816,0.869544,0.030286,2.130224e-04,1.283223e-03,1971,0.020190,7.468557e-04,0.040381,1.028693e-04,1.264046e+00,793,1,0,1,1,1,
011_banana,s0_gate_off_011_banana_t3,complete_only,57,0.979086,0.023145,6.285104e-07,1.184120e-06,1483,0.015430,0.000000e+00,0.030860,6.385441e-07,1.957108e-01,443,1,0,1,1,1,
011_banana,s0_gate_off_011_banana_t4,complete_only,1653,0.463515,0.030330,4.018536e-05,2.083573e-04,2992,0.020220,9.726008e-05,0.040440,4.129893e-05,7.885380e-01,668,1,0,1,1,1,
011_banana,s0_gate_off_011_banana_t5,complete_only,1082,0.813487,0.029460,7.098894e-05,4.171955e-04,2353,0.019640,2.565492e-04,0.039280,5.710954e-05,1.126028e+00,798,1,0,1,1,0,
011_banana,s0_gate_off_011_banana_t6,complete_only,536,0.927617,0.023498,2.443582e-06,3.775580e-06,1891,0.015665,4.505778e-06,0.031330,2.982956e-06,9.423688e-01,1140,1,0,1,1,1,
011_banana,s0_gate_off_011_banana_t7,complete_only,427,0.907831,0.030199,2.839656e-05,1.365783e-04,2828,0.020133,4.962152e-05,0.040266,1.679318e-05,1.633243e+00,788,1,0,1,1,1,
011_banana,s0_gate_off_011_banana_t8,complete_only,815,0.905632,0.022636,2.936693e-06,4.732498e-06,1776,0.015091,2.889107e-06,0.030181,3.108020e-06,1.077505e+00,1018,1,0,1,1,0,
011_banana,s0_gate_off_011_banana_t9,complete_only,252,0.956416,0.023518,3.192161e-05,1.930255e-04,1695,0.015679,5.311237e-05,0.031357,2.487659e-05,3.847766e+00,2483,1,0,1,1,1,
011_banana,s0_gate_off_011_banana_t10,complete_only,1870,0.188114,0.028051,6.064676e-05,2.328849e-04,1287,0.018701,5.210989e-05,0.037402,3.344375e-05,1.080172e+00,963,1,0,1,1,1,
011_banana,s0_gate_off_011_banana_t11,complete_only,1764,0.315285,0.028505,6.168670e-06,1.245811e-05,2312,0.019004,4.339616e-06,0.038007,1.197288e-05,7.705156e-01,894,1,0,1,1,0,
011_banana,s0_gate_off_011_banana_t12,complete_only,1974,0.021540,0.020825,5.378316e-05,1.449193e-04,973,0.013883,5.282703e-05,0.027767,5.572686e-05,3.135079e-01,65,1,0,1,1,0,
011_banana,s0_gate_off_011_banana_t13,complete_only,349,0.926509,0.022407,3.314674e-06,1.324061e-05,3398,0.014938,2.408382e-06,0.029877,5.872025e-06,6.960814e-01,743,1,0,1,1,1,
011_banana,s0_gate_off_011_banana_t14,complete_only,1798,0.296586,0.028856,1.309733e-05,2.164796e-05,1999,0.019237,1.485514e-05,0.038474,2.185178e-05,3.384402e-01,444,1,0,1,1,1,
011_banana,s0_gate_off_011_banana_t15,complete_only,8,0.987748,0.025236,4.710064e-06,2.111031e-05,4757,0.016824,7.515815e-06,0.033649,4.766146e-06,2.282194e+00,1629,1,0,1,1,1,
011_banana,s0_gate_off_011_banana_t16,complete_only,76,0.963632,0.023315,7.952431e-06,2.265356e-05,1507,0.015544,1.217056e-05,0.031087,8.946489e-06,1.156976e+00,1405,1,0,1,1,1,
011_banana,s0_gate_off_011_banana_t17,complete_only,51,0.969969,0.029743,4.080182e-06,1.061759e-05,3574,0.019829,3.036854e-06,0.039657,5.959700e-06,9.791360e-01,1102,1,0,1,1,1,
011_banana,s0_gate_off_011_banana_t18,complete_only,872,0.847660,0.031517,1.110422e-05,4.647559e-05,3206,0.021011,9.903467e-06,0.042022,1.189505e-05,5.558920e-01,771,1,0,1,1,0,
011_banana,s0_gate_off_011_banana_t19,complete_only,81,0.967402,0.023925,3.482020e-05,2.082339e-04,2668,0.015950,7.802703e-05,0.031900,2.514499e-05,3.152449e+00,2061,1,0,1,1,1,
011_banana,s0_gate_off_011_banana_t20,complete_only,182,0.956516,0.023203,1.447140e-05,3.957079e-05,1239,0.015469,1.446553e-05,0.030938,9.311552e-06,1.487670e+00,1469,1,0,1,1,1,
011_banana,s0_gate_off_011_banana_t21,complete_only,420,0.912805,0.030266,1.377752e-04,4.650659e-04,2758,0.020177,1.907574e-04,0.040355,6.197457e-05,2.764928e+00,1156,1,0,1,1,0,
011_banana,s0_gate_off_011_banana_t22,complete_only,1230,0.784045,0.019500,3.560911e-06,4.884378e-06,1335,0.013000,3.359730e-06,0.026000,3.581686e-06,1.274449e+00,1293,1,0,1,1,1,
011_banana,s0_gate_off_011_banana_t23,complete_only,725,0.888360,0.029847,3.165071e-05,1.077728e-04,2556,0.019898,3.384865e-05,0.039796,3.432255e-05,3.616645e-01,337,1,0,1,1,0,
011_banana,s0_gate_off_011_banana_t24,complete_only,654,0.881027,0.029781,7.970783e-05,3.509714e-04,2961,0.019854,1.460906e-04,0.039708,3.174685e-05,1.832130e+00,890,1,0,1,1,1,
011_banana,s0_gate_off_011_banana_t25,complete_only,1465,0.391584,0.030060,1.963299e-04,8.128102e-04,2131,0.020040,2.363909e-04,0.040080,8.735543e-05,2.046939e+00,758,1,0,1,1,1,
011_banana,s0_gate_off_011_banana_t26,complete_only,1794,0.259766,0.029022,5.056169e-04,2.578931e-03,1651,0.019348,6.280138e-04,0.038696,1.268952e-04,1.035077e+00,791,1,0,1,1,0,
011_banana,s0_gate_off_011_banana_t27,complete_only,1822,0.217830,0.027971,1.356573e-04,5.537825e-04,1286,0.018648,1.661307e-04,0.037295,9.634114e-05,1.018423e+00,884,1,0,1,1,1,
011_banana,s0_gate_off_011_banana_t28,complete_only,1244,0.773802,0.019822,4.245211e-06,6.565240e-06,1312,0.013215,4.196263e-06,0.026429,4.013395e-06,1.091596e+00,1121,1,0,1,1,0,
011_banana,s0_gate_off_011_banana_t29,complete_only,1688,0.268785,0.024340,7.923376e-05,2.458217e-04,1517,0.016227,8.651742e-05,0.032453,7.330715e-05,2.326955e+00,1256,1,0,1,1,1,
011_banana,s0_gate_off_011_banana_t30,complete_only,2,0.988131,0.025248,5.105927e-06,2.010961e-05,3795,0.016832,8.005942e-06,0.033664,4.555728e-06,2.006085e+00,1508,1,0,1,1,1,
011_banana,s0_gate_off_011_banana_t31,complete_only,93,0.973850,0.023996,1.902466e-05,1.034777e-04,3236,0.015997,5.108747e-05,0.031995,1.563169e-05,2.260789e+00,1810,1,0,1,1,1,
011_banana,s0_gate_off_011_banana_t32,complete_only,456,0.826107,0.024407,8.748448e-03,4.991859e-02,1007,0.016271,6.715987e-03,0.032543,3.889240e-03,4.327044e+00,1859,1,0,1,1,1,
011_banana,s0_gate_off_011_banana_t33,complete_only,936,0.899798,0.021566,2.880279e-06,4.409059e-06,1779,0.014377,3.059131e-06,0.028755,2.988680e-06,1.047178e+00,1031,1,0,1,1,1,
011_banana,s0_gate_off_011_banana_t34,complete_only,23,0.978404,0.024812,3.498508e-06,1.159168e-05,5493,0.016542,4.917946e-06,0.033083,5.751214e-06,1.668878e+00,1931,1,0,1,1,1,
011_banana,s0_gate_off_011_banana_t35,complete_only,42,0.957384,0.022792,6.951233e-05,3.009674e-04,2489,0.015194,1.056420e-04,0.030389,4.794367e-05,3.240914e+00,2169,1,0,1,1,1,
011_banana,s0_gate_off_011_banana_t36,complete_only,1858,0.342415,0.030308,5.354499e-04,2.715064e-03,2195,0.020206,8.329511e-04,0.040411,2.184830e-04,7.596075e-01,436,1,0,1,1,0,
011_banana,s0_gate_off_011_banana_t37,complete_only,1033,0.764086,0.030710,3.741223e-04,1.176828e-03,1414,0.020474,6.000299e-04,0.040947,6.276427e-05,2.161452e+00,1472,1,0,1,1,1,
011_banana,s0_gate_off_011_banana_t38,complete_only,1858,0.159843,0.025398,3.366668e-04,9.142070e-04,1241,0.016932,3.182841e-04,0.033863,2.230475e-04,2.215491e+00,1146,1,0,1,1,0,
011_banana,s0_gate_off_011_banana_t39,complete_only,34,0.966310,0.024648,2.150290e-06,9.375678e-06,4902,0.016432,1.206506e-06,0.032863,2.872390e-06,1.366778e+00,1815,1,0,1,1,0,
011_banana,s0_gate_off_011_banana_t40,complete_only,1202,0.754990,0.030892,3.356920e-05,1.597867e-04,2107,0.020595,1.734324e-04,0.041189,2.301193e-05,9.251943e-01,631,1,0,1,1,1,
011_banana,s0_gate_off_011_banana_t41,complete_only,168,0.962355,0.022137,7.666547e-05,3.438607e-04,2161,0.014758,1.354414e-04,0.029516,3.212119e-05,2.944902e+00,2639,1,0,1,1,1,
011_banana,s0_gate_off_011_banana_t42,complete_only,612,0.943760,0.022365,2.649997e-06,4.032234e-06,1908,0.014910,2.697828e-06,0.029820,3.035805e-06,9.605884e-01,939,1,0,1,1,1,
011_banana,s0_gate_off_011_banana_t43,complete_only,1722,0.418274,0.019189,6.792530e-06,1.063155e-05,1180,0.012793,6.872425e-06,0.025585,6.691752e-06,1.492587e+00,1184,1,0,1,1,1,
011_banana,s0_gate_off_011_banana_t44,complete_only,1274,0.761273,0.029818,5.037889e-05,2.445825e-04,2435,0.019878,1.035980e-04,0.039757,5.276908e-05,5.694451e-01,449,1,0,1,1,0,
011_banana,s0_gate_off_011_banana_t45,complete_only,1318,0.697966,0.029714,1.002215e-04,3.145033e-04,2221,0.019809,1.877019e-04,0.039619,5.953026e-05,2.042680e+00,887,1,0,1,1,1,
011_banana,s0_gate_off_011_banana_t46,complete_only,491,0.911251,0.030154,7.371707e-05,3.347626e-04,3236,0.020102,1.934738e-04,0.040205,2.247184e-05,2.482071e+00,1432,1,0,1,1,1,
011_banana,s0_gate_off_011_banana_t47,complete_only,2,0.975771,0.025513,7.790094e-06,2.979337e-05,3378,0.017009,5.352967e-06,0.034018,8.652189e-06,2.211231e+00,1842,1,0,1,1,1,
011_banana,s0_gate_off_011_banana_t48,complete_only,1077,0.801852,0.030052,4.660591e-05,2.379124e-04,2205,0.020035,1.835753e-04,0.040069,3.911882e-05,1.110634e+00,620,1,0,1,1,1,
011_banana,s0_gate_off_011_banana_t49,complete_only,183,0.971051,0.022631,5.225258e-05,2.660408e-04,1773,0.015087,1.207014e-04,0.030174,2.420372e-05,2.234983e+00,1568,1,0,1,1,0,
009_gelatin_box,s0_gate_off_009_gelatin_box_t0,complete_only,0,0.980433,0.017855,6.971281e-05,4.851356e-04,916,0.011903,1.464265e-04,0.023807,3.452581e-05,7.229750e-01,819,1,0,1,1,1,
009_gelatin_box,s0_gate_off_009_gelatin_box_t1,complete_only,25,0.895929,0.018720,5.117033e-05,3.595014e-05,925,0.012480,4.083977e-05,0.024960,5.130866e-05,1.181001e+00,760,1,0,1,1,1,
009_gelatin_box,s0_gate_off_009_gelatin_box_t2,complete_only,119,0.907180,0.017174,4.871963e-06,1.771541e-05,994,0.011449,6.032483e-06,0.022899,5.229397e-06,8.176125e-01,957,1,0,1,1,1,
009_gelatin_box,s0_gate_off_009_gelatin_box_t3,complete_only,0,0.984867,0.016777,4.759788e-05,2.490713e-04,890,0.011184,5.068667e-05,0.022369,3.914342e-05,1.108950e+00,662,1,0,1,1,1,
009_gelatin_box,s0_gate_off_009_gelatin_box_t4,complete_only,100,0.917569,0.018090,9.956967e-07,1.533692e-06,2208,0.012060,1.034739e-06,0.024120,1.616362e-06,8.206525e-01,1079,1,0,1,1,1,
009_gelatin_box,s0_gate_off_009_gelatin_box_t5,complete_only,670,0.796930,0.018112,5.982400e-07,1.126441e-06,1417,0.012075,2.322393e-07,0.024150,8.237342e-07,2.883069e-01,445,1,0,1,1,1,
009_gelatin_box,s0_gate_off_009_gelatin_box_t6,complete_only,0,0.963967,0.018148,1.428116e-04,1.488203e-03,712,0.012099,1.292486e-04,0.024197,9.635673e-05,1.219428e+00,969,1,0,1,1,1,
009_gelatin_box,s0_gate_off_009_gelatin_box_t7,complete_only,0,0.991547,0.018620,2.757606e-06,1.690409e-05,1478,0.012414,3.017891e-06,0.024827,2.767594e-06,1.033154e+00,1156,1,0,1,1,1,
009_gelatin_box,s0_gate_off_009_gelatin_box_t8,complete_only,0,0.979507,0.015253,3.770212e-06,1.725121e-05,896,0.010169,2.987380e-06,0.020338,9.866887e-06,1.607265e+00,1013,1,0,1,1,1,
009_gelatin_box,s0_gate_off_009_gelatin_box_t9,complete_only,0,0.933747,0.018654,4.426375e-05,3.543766e-04,682,0.012436,3.694480e-05,0.024872,3.121014e-05,1.190097e+00,758,1,0,1,1,1,
009_gelatin_box,s0_gate_off_009_gelatin_box_t10,complete_only,71,0.924835,0.016500,3.607152e-06,9.809352e-06,977,0.011000,3.457350e-06,0.021999,4.149941e-06,8.929030e-01,1038,1,0,1,1,1,
009_gelatin_box,s0_gate_off_009_gelatin_box_t11,complete_only,243,0.890016,0.016959,4.167433e-06,1.069967e-05,1366,0.011306,4.116435e-06,0.022611,4.658835e-06,1.047994e+00,1241,1,0,1,1,1,
009_gelatin_box,s0_gate_off_009_gelatin_box_t12,complete_only,0,0.957201,0.018866,1.318189e-04,8.353459e-04,630,0.012577,2.396602e-04,0.025154,1.002364e-04,1.104691e+00,678,1,0,1,1,1,
009_gelatin_box,s0_gate_off_009_gelatin_box_t13,complete_only,0,0.976048,0.018168,2.883442e-05,7.482589e-05,634,0.012112,7.492499e-06,0.024224,2.985848e-05,5.920461e-01,636,1,0,1,1,1,
009_gelatin_box,s0_gate_off_009_gelatin_box_t14,complete_only,104,0.893097,0.016741,3.091325e-06,1.120923e-05,1095,0.011161,3.114165e-06,0.022321,3.424786e-06,1.008639e+00,1159,1,0,1,1,1,
009_gelatin_box,s0_gate_off_009_gelatin_box_t15,complete_only,35,0.961236,0.015724,1.601086e-05,6.529026e-05,790,0.010483,2.183300e-05,0.020965,1.319950e-05,1.489760e+00,1117,1,0,1,1,1,
009_gelatin_box,s0_gate_off_009_gelatin_box_t16,complete_only,0,0.950106,0.018454,4.649632e-05,2.437720e-04,684,0.012303,6.035708e-05,0.024606,3.675811e-05,9.806081e-01,802,1,0,1,1,1,
009_gelatin_box,s0_gate_off_009_gelatin_box_t17,complete_only,3,0.979924,0.017479,1.380253e-06,2.749810e-06,795,0.011652,1.748381e-06,0.023305,1.064794e-06,2.830585e-01,430,1,0,1,1,1,
009_gelatin_box,s0_gate_off_009_gelatin_box_t18,complete_only,0,0.954512,0.017979,1.133847e-06,2.538247e-06,1348,0.011986,8.786887e-07,0.023972,1.356418e-06,4.895192e-01,686,1,0,1,1,1,
009_gelatin_box,s0_gate_off_009_gelatin_box_t19,complete_only,26,0.902823,0.019844,2.458686e-03,3.493059e-03,576,0.013229,2.780516e-03,0.026459,9.640050e-04,1.049701e+00,682,1,0,1,1,1,
009_gelatin_box,s0_gate_off_009_gelatin_box_t20,complete_only,0,0.959285,0.018177,2.175100e-04,1.623207e-03,634,0.012118,4.029252e-04,0.024235,1.446798e-04,1.221877e+00,910,1,0,1,1,1,
009_gelatin_box,s0_gate_off_009_gelatin_box_t21,complete_only,0,0.980323,0.017528,1.099303e-06,2.874437e-06,827,0.011685,1.202996e-06,0.023370,1.048135e-06,2.782451e-01,429,1,0,1,1,1,
009_gelatin_box,s0_gate_off_009_gelatin_box_t22,complete_only,0,0.970354,0.017671,2.313792e-05,5.530347e-05,857,0.011781,6.159356e-06,0.023562,3.138674e-05,7.407492e-01,640,1,0,1,1,1,
009_gelatin_box,s0_gate_off_009_gelatin_box_t23,complete_only,79,0.919290,0.017323,1.249180e-06,3.764380e-06,763,0.011549,1.256090e-06,0.023097,1.587035e-06,5.986760e-01,805,1,0,1,1,1,
009_gelatin_box,s0_gate_off_009_gelatin_box_t24,complete_only,0,0.985599,0.017721,8.946037e-07,1.901134e-06,821,0.011814,9.332042e-07,0.023628,9.258308e-07,3.313831e-01,668,1,0,1,1,1,
009_gelatin_box,s0_gate_off_009_gelatin_box_t25,complete_only,1,0.984780,0.021458,4.139038e-06,3.783694e-06,2322,0.014306,3.541026e-06,0.028611,4.314379e-06,1.326427e+00,1286,1,0,1,1,1,
009_gelatin_box,s0_gate_off_009_gelatin_box_t26,complete_only,41,0.906825,0.017162,5.364439e-06,9.883614e-06,1170,0.011441,4.654104e-06,0.022883,6.424407e-06,1.102588e+00,1180,1,0,1,1,1,
009_gelatin_box,s0_gate_off_009_gelatin_box_t27,complete_only,104,0.914736,0.016883,2.935375e-06,6.686633e-06,1244,0.011255,2.916474e-06,0.022511,3.662911e-06,6.500726e-01,836,1,0,1,1,1,
009_gelatin_box,s0_gate_off_009_gelatin_box_t28,complete_only,47,0.959302,0.017276,8.478952e-06,4.477880e-05,816,0.011517,9.621007e-06,0.023035,7.358030e-06,5.189506e-01,708,1,0,1,1,1,
009_gelatin_box,s0_gate_off_009_gelatin_box_t29,complete_only,19,0.975214,0.016122,1.262724e-06,2.866906e-06,813,0.010748,1.142255e-06,0.021496,1.430919e-06,6.965301e-01,844,1,0,1,1,1,
009_gelatin_box,s0_gate_off_009_gelatin_box_t30,complete_only,22,0.967665,0.015995,1.019425e-05,5.151309e-05,845,0.010663,1.141885e-05,0.021326,1.065048e-05,1.413184e+00,1200,1,0,1,1,1,
009_gelatin_box,s0_gate_off_009_gelatin_box_t31,complete_only,0,0.958391,0.019792,9.428831e-05,2.672156e-05,768,0.013194,2.091765e-04,0.026389,5.845168e-05,9.529034e-01,674,1,0,1,1,1,
009_gelatin_box,s0_gate_off_009_gelatin_box_t32,complete_only,76,0.937790,0.016602,8.772005e-06,1.866214e-05,794,0.011068,5.520214e-06,0.022136,1.270010e-05,7.772117e-01,837,1,0,1,1,1,
009_gelatin_box,s0_gate_off_009_gelatin_box_t33,complete_only,1,0.987019,0.015644,7.261289e-06,3.580482e-05,828,0.010429,6.393863e-06,0.020858,1.193352e-05,1.418590e+00,884,1,0,1,1,1,
009_gelatin_box,s0_gate_off_009_gelatin_box_t34,complete_only,29,0.983174,0.015195,4.657202e-06,7.885041e-06,810,0.010130,4.870803e-06,0.020260,4.503158e-06,8.614367e-01,1084,1,0,1,1,1,
009_gelatin_box,s0_gate_off_009_gelatin_box_t35,complete_only,0,0.973792,0.018033,2.441297e-05,9.489865e-06,896,0.012022,2.152405e-05,0.024044,2.692859e-05,8.570048e-01,809,1,0,1,1,1,
009_gelatin_box,s0_gate_off_009_gelatin_box_t36,complete_only,2,0.940293,0.019811,1.047972e-04,1.133801e-05,801,0.013207,2.171314e-04,0.026415,1.039045e-04,9.838614e-01,691,1,0,1,1,1,
009_gelatin_box,s0_gate_off_009_gelatin_box_t37,complete_only,43,0.960427,0.018231,6.372527e-07,1.303539e-06,1175,0.012154,5.913764e-07,0.024308,6.680892e-07,3.232985e-01,619,1,0,1,1,1,
009_gelatin_box,s0_gate_off_009_gelatin_box_t38,complete_only,44,0.945891,0.016667,2.965789e-05,8.673049e-05,596,0.011111,3.054428e-05,0.022223,2.082331e-05,8.567011e-01,603,1,0,1,1,1,
009_gelatin_box,s0_gate_off_009_gelatin_box_t39,complete_only,5,0.983333,0.015536,5.031116e-06,2.148119e-05,720,0.010357,5.627379e-06,0.020714,5.493142e-06,1.015342e+00,973,1,0,1,1,1,
009_gelatin_box,s0_gate_off_009_gelatin_box_t40,complete_only,0,0.930228,0.018776,7.488173e-07,1.552424e-06,1273,0.012518,7.408379e-07,0.025035,8.162358e-07,5.270386e-01,789,1,0,1,1,0,
009_gelatin_box,s0_gate_off_009_gelatin_box_t41,complete_only,1,0.975130,0.017645,1.582281e-05,4.775361e-05,841,0.011763,1.134617e-05,0.023526,1.686735e-05,7.784525e-01,823,1,0,1,1,1,
009_gelatin_box,s0_gate_off_009_gelatin_box_t42,complete_only,11,0.975610,0.015310,8.540093e-05,2.621605e-04,644,0.010207,9.572541e-05,0.020414,4.471086e-05,1.616966e+00,1112,1,0,1,1,0,
009_gelatin_box,s0_gate_off_009_gelatin_box_t43,complete_only,0,0.972388,0.017482,2.082645e-05,1.234095e-04,994,0.011655,1.859313e-05,0.023310,1.889792e-05,1.046321e+00,799,1,0,1,1,1,
009_gelatin_box,s0_gate_off_009_gelatin_box_t44,complete_only,705,0.796957,0.018960,1.373570e-05,3.354737e-05,739,0.012640,1.654356e-05,0.025279,7.887210e-06,1.227304e+00,911,1,0,1,1,1,
009_gelatin_box,s0_gate_off_009_gelatin_box_t45,complete_only,0,0.960288,0.021374,8.061784e-07,5.092728e-07,2573,0.014249,7.121271e-07,0.028498,7.452430e-07,7.360106e-01,1677,1,0,1,1,1,
009_gelatin_box,s0_gate_off_009_gelatin_box_t46,complete_only,2,0.982473,0.017651,7.370637e-07,1.393345e-06,782,0.011767,7.286004e-07,0.023534,7.770123e-07,2.120186e-01,456,1,0,1,1,1,
009_gelatin_box,s0_gate_off_009_gelatin_box_t47,complete_only,0,0.979116,0.018559,4.705158e-05,6.906666e-05,619,0.012373,1.577559e-04,0.024745,2.048278e-05,6.979849e-01,533,1,0,1,1,1,
009_gelatin_box,s0_gate_off_009_gelatin_box_t48,complete_only,224,0.882603,0.018132,1.314980e-06,2.124381e-06,1828,0.012088,9.176202e-07,0.024176,1.831934e-06,6.306981e-01,890,1,0,1,1,1,
009_gelatin_box,s0_gate_off_009_gelatin_box_t49,complete_only,39,0.972793,0.017451,9.532548e-05,3.688177e-04,536,0.011634,1.640976e-04,0.023269,8.243153e-05,1.411713e+00,882,1,0,1,1,1,
025_mug,s0_partial_only_025_mug_t0,partial_only,2,0.949731,,,,,,,,,,,1,0,1,1,0,
025_mug,s0_partial_only_025_mug_t1,partial_only,72,0.923634,,,,,,,,,,,1,0,1,1,0,
025_mug,s0_partial_only_025_mug_t2,partial_only,120,0.925284,,,,,,,,,,,1,0,1,1,1,
025_mug,s0_partial_only_025_mug_t3,partial_only,0,0.951263,,,,,,,,,,,1,0,1,1,1,
025_mug,s0_partial_only_025_mug_t5,partial_only,147,0.885508,,,,,,,,,,,1,0,1,1,1,
025_mug,s0_partial_only_025_mug_t7,partial_only,280,0.867160,,,,,,,,,,,1,0,1,1,1,
025_mug,s0_partial_only_025_mug_t8,partial_only,192,0.850305,,,,,,,,,,,1,0,1,1,1,
025_mug,s0_partial_only_025_mug_t9,partial_only,7,0.943186,,,,,,,,,,,1,0,1,1,0,
025_mug,s0_partial_only_025_mug_t10,partial_only,291,0.824599,,,,,,,,,,,1,0,1,1,1,
025_mug,s0_partial_only_025_mug_t11,partial_only,123,0.858188,,,,,,,,,,,1,0,1,1,1,
025_mug,s0_partial_only_025_mug_t12,partial_only,248,0.863899,,,,,,,,,,,1,0,1,1,0,
025_mug,s0_partial_only_025_mug_t13,partial_only,25,0.928397,,,,,,,,,,,1,0,1,1,0,
025_mug,s0_partial_only_025_mug_t14,partial_only,180,0.845252,,,,,,,,,,,1,0,1,1,1,
025_mug,s0_partial_only_025_mug_t15,partial_only,47,0.934655,,,,,,,,,,,1,0,1,1,1,
025_mug,s0_partial_only_025_mug_t16,partial_only,10,0.941885,,,,,,,,,,,1,0,1,1,0,
025_mug,s0_partial_only_025_mug_t17,partial_only,83,0.908567,,,,,,,,,,,1,0,1,1,1,
025_mug,s0_partial_only_025_mug_t18,partial_only,12,0.931044,,,,,,,,,,,1,0,1,1,1,
025_mug,s0_partial_only_025_mug_t19,partial_only,0,0.971483,,,,,,,,,,,1,0,1,1,1,
025_mug,s0_partial_only_025_mug_t20,partial_only,124,0.895780,,,,,,,,,,,1,0,1,1,0,
025_mug,s0_partial_only_025_mug_t21,partial_only,263,0.861080,,,,,,,,,,,1,0,1,1,0,
025_mug,s0_partial_only_025_mug_t22,partial_only,100,0.884666,,,,,,,,,,,1,0,1,1,1,
025_mug,s0_partial_only_025_mug_t23,partial_only,169,0.901924,,,,,,,,,,,1,0,1,1,0,
025_mug,s0_partial_only_025_mug_t24,partial_only,201,0.897116,,,,,,,,,,,1,0,1,1,0,
025_mug,s0_partial_only_025_mug_t25,partial_only,166,0.902517,,,,,,,,,,,1,0,1,1,0,
025_mug,s0_partial_only_025_mug_t26,partial_only,178,0.862191,,,,,,,,,,,1,0,1,1,1,
025_mug,s0_partial_only_025_mug_t27,partial_only,167,0.840823,,,,,,,,,,,1,0,1,1,1,
025_mug,s0_partial_only_025_mug_t28,partial_only,223,0.850870,,,,,,,,,,,1,0,1,1,1,
025_mug,s0_partial_only_025_mug_t29,partial_only,249,0.837190,,,,,,,,,,,1,0,1,1,1,
025_mug,s0_partial_only_025_mug_t30,partial_only,37,0.938199,,,,,,,,,,,1,0,1,1,0,
025_mug,s0_partial_only_025_mug_t31,partial_only,94,0.933087,,,,,,,,,,,1,0,1,1,1,
025_mug,s0_partial_only_025_mug_t32,partial_only,59,0.934641,,,,,,,,,,,1,0,1,1,0,
025_mug,s0_partial_only_025_mug_t33,partial_only,198,0.858276,,,,,,,,,,,1,0,1,1,0,
025_mug,s0_partial_only_025_mug_t34,partial_only,2,0.959970,,,,,,,,,,,1,0,1,1,1,
025_mug,s0_partial_only_025_mug_t35,partial_only,0,0.964013,,,,,,,,,,,1,0,1,1,0,
025_mug,s0_partial_only_025_mug_t36,partial_only,332,0.858294,,,,,,,,,,,1,0,1,1,0,
025_mug,s0_partial_only_025_mug_t37,partial_only,218,0.887002,,,,,,,,,,,1,0,1,1,0,
025_mug,s0_partial_only_025_mug_t38,partial_only,218,0.856532,,,,,,,,,,,1,0,1,1,0,
025_mug,s0_partial_only_025_mug_t39,partial_only,1,0.958519,,,,,,,,,,,1,0,1,1,1,
025_mug,s0_partial_only_025_mug_t40,partial_only,233,0.888605,,,,,,,,,,,1,0,1,1,0,
025_mug,s0_partial_only_025_mug_t41,partial_only,0,0.946025,,,,,,,,,,,1,0,1,1,0,
025_mug,s0_partial_only_025_mug_t42,partial_only,156,0.861273,,,,,,,,,,,1,0,1,1,1,
025_mug,s0_partial_only_025_mug_t43,partial_only,133,0.841903,,,,,,,,,,,1,0,1,1,1,
025_mug,s0_partial_only_025_mug_t44,partial_only,176,0.867630,,,,,,,,,,,1,0,1,1,0,
025_mug,s0_partial_only_025_mug_t45,partial_only,229,0.870503,,,,,,,,,,,1,0,1,1,0,
025_mug,s0_partial_only_025_mug_t46,partial_only,206,0.889107,,,,,,,,,,,1,0,1,1,1,
025_mug,s0_partial_only_025_mug_t47,partial_only,26,0.940730,,,,,,,,,,,1,0,1,1,0,
025_mug,s0_partial_only_025_mug_t48,partial_only,279,0.865341,,,,,,,,,,,1,0,1,1,1,
025_mug,s0_partial_only_025_mug_t49,partial_only,3,0.943883,,,,,,,,,,,1,0,1,1,1,
051_large_clamp,s0_partial_only_051_large_clamp_t0,partial_only,7,0.936675,,,,,,,,,,,1,0,1,1,1,
051_large_clamp,s0_partial_only_051_large_clamp_t1,partial_only,0,0.955522,,,,,,,,,,,1,0,1,1,1,
051_large_clamp,s0_partial_only_051_large_clamp_t3,partial_only,11,0.961230,,,,,,,,,,,1,0,1,1,1,
051_large_clamp,s0_partial_only_051_large_clamp_t4,partial_only,4,0.945012,,,,,,,,,,,1,0,1,1,1,
051_large_clamp,s0_partial_only_051_large_clamp_t5,partial_only,0,0.970794,,,,,,,,,,,1,0,1,1,0,
051_large_clamp,s0_partial_only_051_large_clamp_t6,partial_only,5,0.926592,,,,,,,,,,,1,0,1,1,1,
051_large_clamp,s0_partial_only_051_large_clamp_t7,partial_only,0,0.976393,,,,,,,,,,,1,0,1,1,1,
051_large_clamp,s0_partial_only_051_large_clamp_t8,partial_only,0,0.964496,,,,,,,,,,,1,0,1,1,1,
051_large_clamp,s0_partial_only_051_large_clamp_t9,partial_only,5,0.933436,,,,,,,,,,,1,0,1,1,1,
051_large_clamp,s0_partial_only_051_large_clamp_t10,partial_only,0,0.966568,,,,,,,,,,,1,0,1,1,0,
051_large_clamp,s0_partial_only_051_large_clamp_t11,partial_only,35,0.944370,,,,,,,,,,,1,0,1,1,1,
051_large_clamp,s0_partial_only_051_large_clamp_t12,partial_only,0,0.974263,,,,,,,,,,,1,0,1,1,0,
051_large_clamp,s0_partial_only_051_large_clamp_t13,partial_only,0,0.954903,,,,,,,,,,,1,0,1,1,1,
051_large_clamp,s0_partial_only_051_large_clamp_t14,partial_only,1,0.952872,,,,,,,,,,,1,0,1,1,0,
051_large_clamp,s0_partial_only_051_large_clamp_t15,partial_only,162,0.946658,,,,,,,,,,,1,0,1,1,1,
051_large_clamp,s0_partial_only_051_large_clamp_t16,partial_only,0,0.948586,,,,,,,,,,,1,0,1,1,1,
051_large_clamp,s0_partial_only_051_large_clamp_t17,partial_only,768,0.859660,,,,,,,,,,,1,0,1,1,0,
051_large_clamp,s0_partial_only_051_large_clamp_t18,partial_only,49,0.942937,,,,,,,,,,,1,0,1,1,1,
051_large_clamp,s0_partial_only_051_large_clamp_t19,partial_only,1,0.938947,,,,,,,,,,,1,0,1,1,1,
051_large_clamp,s0_partial_only_051_large_clamp_t20,partial_only,3,0.932375,,,,,,,,,,,1,0,1,1,1,
051_large_clamp,s0_partial_only_051_large_clamp_t21,partial_only,2,0.977784,,,,,,,,,,,1,0,1,1,0,
051_large_clamp,s0_partial_only_051_large_clamp_t22,partial_only,1,0.953789,,,,,,,,,,,1,0,1,1,1,
051_large_clamp,s0_partial_only_051_large_clamp_t23,partial_only,49,0.956830,,,,,,,,,,,1,0,1,1,1,
051_large_clamp,s0_partial_only_051_large_clamp_t24,partial_only,86,0.965007,,,,,,,,,,,1,0,1,1,0,
051_large_clamp,s0_partial_only_051_large_clamp_t25,partial_only,54,0.943430,,,,,,,,,,,1,0,1,1,0,
051_large_clamp,s0_partial_only_051_large_clamp_t26,partial_only,0,0.959172,,,,,,,,,,,1,0,1,1,1,
051_large_clamp,s0_partial_only_051_large_clamp_t27,partial_only,0,0.963015,,,,,,,,,,,1,0,1,1,1,
051_large_clamp,s0_partial_only_051_large_clamp_t28,partial_only,0,0.957436,,,,,,,,,,,1,0,1,1,1,
051_large_clamp,s0_partial_only_051_large_clamp_t29,partial_only,6,0.940045,,,,,,,,,,,1,0,1,1,0,
051_large_clamp,s0_partial_only_051_large_clamp_t30,partial_only,54,0.960723,,,,,,,,,,,1,0,1,1,1,
051_large_clamp,s0_partial_only_051_large_clamp_t31,partial_only,17,0.936765,,,,,,,,,,,1,0,1,1,1,
051_large_clamp,s0_partial_only_051_large_clamp_t32,partial_only,76,0.952178,,,,,,,,,,,1,0,1,1,0,
051_large_clamp,s0_partial_only_051_large_clamp_t33,partial_only,0,0.954766,,,,,,,,,,,1,0,1,1,1,
051_large_clamp,s0_partial_only_051_large_clamp_t34,partial_only,25,0.965669,,,,,,,,,,,1,0,1,1,1,
051_large_clamp,s0_partial_only_051_large_clamp_t35,partial_only,7,0.925330,,,,,,,,,,,1,0,1,1,1,
051_large_clamp,s0_partial_only_051_large_clamp_t36,partial_only,0,0.974049,,,,,,,,,,,1,0,1,1,1,
051_large_clamp,s0_partial_only_051_large_clamp_t37,partial_only,6,0.969107,,,,,,,,,,,1,0,1,1,0,
051_large_clamp,s0_partial_only_051_large_clamp_t38,partial_only,5,0.952806,,,,,,,,,,,1,0,1,1,1,
051_large_clamp,s0_partial_only_051_large_clamp_t39,partial_only,5,0.970864,,,,,,,,,,,1,0,1,1,1,
051_large_clamp,s0_partial_only_051_large_clamp_t40,partial_only,17,0.957586,,,,,,,,,,,1,0,1,1,1,
051_large_clamp,s0_partial_only_051_large_clamp_t41,partial_only,4,0.936425,,,,,,,,,,,1,0,1,1,1,
051_large_clamp,s0_partial_only_051_large_clamp_t42,partial_only,1,0.963287,,,,,,,,,,,1,0,1,1,1,
051_large_clamp,s0_partial_only_051_large_clamp_t43,partial_only,0,0.954606,,,,,,,,,,,1,0,1,1,1,
051_large_clamp,s0_partial_only_051_large_clamp_t44,partial_only,13,0.962205,,,,,,,,,,,1,0,1,1,1,
051_large_clamp,s0_partial_only_051_large_clamp_t45,partial_only,33,0.953949,,,,,,,,,,,1,0,1,1,1,
051_large_clamp,s0_partial_only_051_large_clamp_t46,partial_only,87,0.966117,,,,,,,,,,,1,0,1,1,0,
051_large_clamp,s0_partial_only_051_large_clamp_t47,partial_only,55,0.924023,,,,,,,,,,,1,0,1,1,0,
051_large_clamp,s0_partial_only_051_large_clamp_t48,partial_only,7,0.961458,,,,,,,,,,,1,0,1,1,1,
051_large_clamp,s0_partial_only_051_large_clamp_t49,partial_only,0,0.953665,,,,,,,,,,,1,0,1,1,1,
052_extra_large_clamp,s0_partial_only_052_extra_large_clamp_t0,partial_only,4,0.951502,,,,,,,,,,,1,0,1,1,1,
052_extra_large_clamp,s0_partial_only_052_extra_large_clamp_t1,partial_only,20,0.954674,,,,,,,,,,,1,0,1,1,0,
052_extra_large_clamp,s0_partial_only_052_extra_large_clamp_t2,partial_only,46,0.959286,,,,,,,,,,,1,0,1,1,0,
052_extra_large_clamp,s0_partial_only_052_extra_large_clamp_t3,partial_only,0,0.946173,,,,,,,,,,,1,0,1,1,1,
052_extra_large_clamp,s0_partial_only_052_extra_large_clamp_t4,partial_only,4,0.957565,,,,,,,,,,,1,0,1,1,0,
052_extra_large_clamp,s0_partial_only_052_extra_large_clamp_t5,partial_only,9,0.964457,,,,,,,,,,,1,0,1,1,0,
052_extra_large_clamp,s0_partial_only_052_extra_large_clamp_t6,partial_only,4,0.964732,,,,,,,,,,,1,0,1,1,0,
052_extra_large_clamp,s0_partial_only_052_extra_large_clamp_t7,partial_only,25,0.939504,,,,,,,,,,,1,0,1,1,0,
052_extra_large_clamp,s0_partial_only_052_extra_large_clamp_t8,partial_only,1,0.947328,,,,,,,,,,,1,0,1,1,0,
052_extra_large_clamp,s0_partial_only_052_extra_large_clamp_t9,partial_only,0,0.966370,,,,,,,,,,,1,0,1,1,0,
052_extra_large_clamp,s0_partial_only_052_extra_large_clamp_t10,partial_only,0,0.963264,,,,,,,,,,,1,0,1,1,1,
052_extra_large_clamp,s0_partial_only_052_extra_large_clamp_t11,partial_only,0,0.959288,,,,,,,,,,,1,0,1,1,1,
052_extra_large_clamp,s0_partial_only_052_extra_large_clamp_t12,partial_only,2,0.981175,,,,,,,,,,,1,0,1,1,0,
052_extra_large_clamp,s0_partial_only_052_extra_large_clamp_t13,partial_only,2,0.963835,,,,,,,,,,,1,0,1,1,1,
052_extra_large_clamp,s0_partial_only_052_extra_large_clamp_t14,partial_only,0,0.962284,,,,,,,,,,,1,0,1,1,0,
052_extra_large_clamp,s0_partial_only_052_extra_large_clamp_t15,partial_only,36,0.977126,,,,,,,,,,,1,0,1,1,0,
052_extra_large_clamp,s0_partial_only_052_extra_large_clamp_t16,partial_only,6,0.956725,,,,,,,,,,,1,0,1,1,1,
052_extra_large_clamp,s0_partial_only_052_extra_large_clamp_t17,partial_only,172,0.925130,,,,,,,,,,,1,0,1,1,0,
052_extra_large_clamp,s0_partial_only_052_extra_large_clamp_t18,partial_only,5,0.946000,,,,,,,,,,,1,0,1,1,0,
052_extra_large_clamp,s0_partial_only_052_extra_large_clamp_t19,partial_only,1,0.976806,,,,,,,,,,,1,0,1,1,0,
052_extra_large_clamp,s0_partial_only_052_extra_large_clamp_t20,partial_only,0,0.962050,,,,,,,,,,,1,0,1,1,1,
052_extra_large_clamp,s0_partial_only_052_extra_large_clamp_t21,partial_only,0,0.973585,,,,,,,,,,,1,0,1,1,0,
052_extra_large_clamp,s0_partial_only_052_extra_large_clamp_t22,partial_only,0,0.975245,,,,,,,,,,,1,0,1,1,0,
052_extra_large_clamp,s0_partial_only_052_extra_large_clamp_t23,partial_only,18,0.961786,,,,,,,,,,,1,0,1,1,1,
052_extra_large_clamp,s0_partial_only_052_extra_large_clamp_t24,partial_only,14,0.967843,,,,,,,,,,,1,0,1,1,0,
052_extra_large_clamp,s0_partial_only_052_extra_large_clamp_t25,partial_only,3,0.967432,,,,,,,,,,,1,0,1,1,1,
052_extra_large_clamp,s0_partial_only_052_extra_large_clamp_t27,partial_only,0,0.967635,,,,,,,,,,,1,0,1,1,0,
052_extra_large_clamp,s0_partial_only_052_extra_large_clamp_t28,partial_only,0,0.971045,,,,,,,,,,,1,0,1,1,0,
052_extra_large_clamp,s0_partial_only_052_extra_large_clamp_t29,partial_only,6,0.935806,,,,,,,,,,,1,0,1,1,0,
052_extra_large_clamp,s0_partial_only_052_extra_large_clamp_t30,partial_only,103,0.966098,,,,,,,,,,,1,0,1,1,0,
052_extra_large_clamp,s0_partial_only_052_extra_large_clamp_t31,partial_only,22,0.953632,,,,,,,,,,,1,0,1,1,1,
052_extra_large_clamp,s0_partial_only_052_extra_large_clamp_t32,partial_only,74,0.934851,,,,,,,,,,,1,0,1,1,0,
052_extra_large_clamp,s0_partial_only_052_extra_large_clamp_t33,partial_only,0,0.957745,,,,,,,,,,,1,0,1,1,0,
052_extra_large_clamp,s0_partial_only_052_extra_large_clamp_t34,partial_only,87,0.962156,,,,,,,,,,,1,0,1,1,1,
052_extra_large_clamp,s0_partial_only_052_extra_large_clamp_t35,partial_only,2,0.959088,,,,,,,,,,,1,0,1,1,1,
052_extra_large_clamp,s0_partial_only_052_extra_large_clamp_t36,partial_only,0,0.988297,,,,,,,,,,,1,0,1,1,1,
052_extra_large_clamp,s0_partial_only_052_extra_large_clamp_t37,partial_only,2,0.971094,,,,,,,,,,,1,0,1,1,1,
052_extra_large_clamp,s0_partial_only_052_extra_large_clamp_t38,partial_only,16,0.944767,,,,,,,,,,,1,0,1,1,1,
052_extra_large_clamp,s0_partial_only_052_extra_large_clamp_t39,partial_only,89,0.943136,,,,,,,,,,,1,0,1,1,1,
052_extra_large_clamp,s0_partial_only_052_extra_large_clamp_t40,partial_only,0,0.972685,,,,,,,,,,,1,0,1,1,1,
052_extra_large_clamp,s0_partial_only_052_extra_large_clamp_t41,partial_only,15,0.947594,,,,,,,,,,,1,0,1,1,1,
052_extra_large_clamp,s0_partial_only_052_extra_large_clamp_t42,partial_only,0,0.950635,,,,,,,,,,,1,0,1,1,0,
052_extra_large_clamp,s0_partial_only_052_extra_large_clamp_t43,partial_only,0,0.977788,,,,,,,,,,,1,0,1,1,0,
052_extra_large_clamp,s0_partial_only_052_extra_large_clamp_t44,partial_only,4,0.970530,,,,,,,,,,,1,0,1,1,1,
052_extra_large_clamp,s0_partial_only_052_extra_large_clamp_t45,partial_only,16,0.952687,,,,,,,,,,,1,0,1,1,1,
052_extra_large_clamp,s0_partial_only_052_extra_large_clamp_t46,partial_only,2,0.977002,,,,,,,,,,,1,0,1,1,0,
052_extra_large_clamp,s0_partial_only_052_extra_large_clamp_t47,partial_only,75,0.946473,,,,,,,,,,,1,0,1,1,0,
052_extra_large_clamp,s0_partial_only_052_extra_large_clamp_t48,partial_only,2,0.973631,,,,,,,,,,,1,0,1,1,0,
052_extra_large_clamp,s0_partial_only_052_extra_large_clamp_t49,partial_only,9,0.948691,,,,,,,,,,,1,0,1,1,0,
022_windex_bottle,s0_complete_v2_022_windex_bottle_t0,complete_only,69,0.861133,0.048003,1.625588e-05,1.838826e-04,903,0.032002,4.282396e-06,0.064004,2.340905e-05,0.000000e+00,94,1,0,1,1,0,
022_windex_bottle,s0_complete_v2_022_windex_bottle_t1,complete_only,25,0.926726,0.046558,8.587446e-06,2.420810e-05,904,0.031039,1.137775e-06,0.062077,1.748009e-05,0.000000e+00,120,1,0,1,1,0,
022_windex_bottle,s0_complete_v2_022_windex_bottle_t2,complete_only,281,0.894367,0.046479,0.000000e+00,0.000000e+00,941,0.030986,0.000000e+00,0.061972,7.493118e-08,0.000000e+00,86,1,0,1,1,1,
022_windex_bottle,s0_complete_v2_022_windex_bottle_t3,complete_only,291,0.880529,0.047672,2.788806e-05,2.030073e-04,797,0.031781,4.196423e-06,0.063563,4.739842e-05,0.000000e+00,75,1,0,1,1,1,
022_windex_bottle,s0_complete_v2_022_windex_bottle_t4,complete_only,329,0.917929,0.045332,5.973002e-07,0.000000e+00,697,0.030221,0.000000e+00,0.060442,3.384639e-06,0.000000e+00,82,1,0,1,1,1,
022_windex_bottle,s0_complete_v2_022_windex_bottle_t6,complete_only,124,0.878546,0.046886,1.966270e-05,1.806811e-04,710,0.031258,4.350140e-06,0.062515,4.165833e-05,0.000000e+00,72,1,0,1,1,1,
022_windex_bottle,s0_complete_v2_022_windex_bottle_t7,complete_only,18,0.944737,0.048067,3.995689e-05,3.768557e-04,997,0.032045,2.997789e-05,0.064090,6.273449e-05,0.000000e+00,65,1,0,1,1,1,
022_windex_bottle,s0_complete_v2_022_windex_bottle_t8,complete_only,543,0.849161,0.044839,0.000000e+00,0.000000e+00,707,0.029893,0.000000e+00,0.059786,5.975156e-07,0.000000e+00,139,1,0,1,1,0,
022_windex_bottle,s0_complete_v2_022_windex_bottle_t9,complete_only,146,0.883388,0.046843,2.545301e-05,1.987095e-04,722,0.031229,0.000000e+00,0.062458,3.895857e-05,0.000000e+00,66,1,0,1,1,1,
022_windex_bottle,s0_complete_v2_022_windex_bottle_t10,complete_only,39,0.959791,0.046144,2.022186e-06,0.000000e+00,507,0.030763,0.000000e+00,0.061526,1.069138e-05,0.000000e+00,80,1,0,1,1,0,
022_windex_bottle,s0_complete_v2_022_windex_bottle_t11,complete_only,58,0.913447,0.044080,1.398946e-06,4.099338e-06,796,0.029386,0.000000e+00,0.058773,3.966008e-06,0.000000e+00,105,1,0,1,1,0,
022_windex_bottle,s0_complete_v2_022_windex_bottle_t12,complete_only,84,0.943319,0.050249,7.749653e-06,3.924443e-05,997,0.033499,2.143386e-06,0.066999,2.335824e-05,0.000000e+00,78,1,0,1,1,1,
022_windex_bottle,s0_complete_v2_022_windex_bottle_t13,complete_only,953,0.735828,0.034947,5.683523e-07,3.577353e-06,557,0.023298,1.698156e-07,0.046595,9.957912e-07,0.000000e+00,67,1,0,1,1,0,
022_windex_bottle,s0_complete_v2_022_windex_bottle_t14,complete_only,73,0.921950,0.044998,3.099367e-07,0.000000e+00,692,0.029999,0.000000e+00,0.059997,3.163708e-06,0.000000e+00,88,1,0,1,1,0,
022_windex_bottle,s0_complete_v2_022_windex_bottle_t15,complete_only,54,0.944025,0.032522,2.892495e-06,2.444236e-05,879,0.021681,1.228097e-06,0.043363,3.383674e-06,0.000000e+00,113,1,0,1,1,0,
022_windex_bottle,s0_complete_v2_022_windex_bottle_t16,complete_only,46,0.914766,0.046904,3.152992e-06,0.000000e+00,777,0.031269,0.000000e+00,0.062539,1.136225e-05,0.000000e+00,78,1,0,1,1,0,
022_windex_bottle,s0_complete_v2_022_windex_bottle_t17,complete_only,120,0.924839,0.042645,5.520151e-04,2.023810e-03,511,0.028430,3.310573e-04,0.056859,6.354557e-04,1.382456e+00,139,1,0,1,1,0,
022_windex_bottle,s0_complete_v2_022_windex_bottle_t18,complete_only,64,0.947816,0.045739,9.001390e-07,0.000000e+00,748,0.030493,0.000000e+00,0.060986,4.918020e-06,0.000000e+00,97,1,0,1,1,0,
022_windex_bottle,s0_complete_v2_022_windex_bottle_t19,complete_only,152,0.854927,0.045143,1.485555e-05,1.768450e-04,687,0.030095,5.765652e-06,0.060191,2.431107e-05,0.000000e+00,103,1,0,1,1,1,
022_windex_bottle,s0_complete_v2_022_windex_bottle_t20,complete_only,150,0.873600,0.047163,2.754479e-05,2.426223e-04,682,0.031442,9.792204e-06,0.062884,3.484250e-05,0.000000e+00,62,1,0,1,1,1,
022_windex_bottle,s0_complete_v2_022_windex_bottle_t21,complete_only,12,0.940996,0.045607,3.185143e-06,2.447483e-05,869,0.030405,0.000000e+00,0.060810,5.736042e-06,0.000000e+00,77,1,0,1,1,0,
022_windex_bottle,s0_complete_v2_022_windex_bottle_t22,complete_only,364,0.860555,0.049838,2.489026e-06,1.376070e-05,891,0.033226,4.076281e-08,0.066451,1.082922e-05,0.000000e+00,89,1,0,1,1,1,
022_windex_bottle,s0_complete_v2_022_windex_bottle_t23,complete_only,147,0.903711,0.047047,0.000000e+00,0.000000e+00,822,0.031364,0.000000e+00,0.062729,0.000000e+00,0.000000e+00,102,1,0,1,1,0,
022_windex_bottle,s0_complete_v2_022_windex_bottle_t24,complete_only,2,0.947922,0.047478,1.267556e-05,2.757096e-05,937,0.031652,0.000000e+00,0.063304,2.772433e-05,0.000000e+00,76,1,0,1,1,1,
022_windex_bottle,s0_complete_v2_022_windex_bottle_t25,complete_only,7,0.937565,0.048340,7.592389e-05,6.904445e-04,1058,0.032227,5.393955e-05,0.064454,1.021686e-04,0.000000e+00,88,1,0,1,1,1,
022_windex_bottle,s0_complete_v2_022_windex_bottle_t26,complete_only,76,0.919713,0.045013,1.540778e-06,1.001843e-05,758,0.030009,0.000000e+00,0.060018,5.025684e-06,0.000000e+00,78,1,0,1,1,1,
022_windex_bottle,s0_complete_v2_022_windex_bottle_t28,complete_only,25,0.913516,0.049646,2.540089e-05,1.082465e-04,1132,0.033097,3.355685e-05,0.066195,2.063486e-05,1.383047e-02,30,1,0,1,1,0,
022_windex_bottle,s0_complete_v2_022_windex_bottle_t29,complete_only,866,0.836230,0.043689,5.844165e-07,0.000000e+00,698,0.029126,0.000000e+00,0.058252,5.424679e-06,0.000000e+00,161,1,0,1,1,0,
022_windex_bottle,s0_complete_v2_022_windex_bottle_t30,complete_only,15,0.937977,0.047584,0.000000e+00,0.000000e+00,795,0.031723,0.000000e+00,0.063445,0.000000e+00,0.000000e+00,111,1,0,1,1,1,
022_windex_bottle,s0_complete_v2_022_windex_bottle_t31,complete_only,31,0.894813,0.046551,7.462333e-06,7.991545e-06,877,0.031034,0.000000e+00,0.062068,1.955123e-05,0.000000e+00,77,1,0,1,1,0,
022_windex_bottle,s0_complete_v2_022_windex_bottle_t32,complete_only,18,0.950185,0.047495,0.000000e+00,0.000000e+00,831,0.031663,0.000000e+00,0.063326,8.327262e-07,0.000000e+00,91,1,0,1,1,1,
022_windex_bottle,s0_complete_v2_022_windex_bottle_t33,complete_only,330,0.873015,0.045254,3.583898e-08,0.000000e+00,692,0.030169,0.000000e+00,0.060338,1.388933e-06,0.000000e+00,111,1,0,1,1,0,
022_windex_bottle,s0_complete_v2_022_windex_bottle_t34,complete_only,7,0.948671,0.048038,0.000000e+00,0.000000e+00,790,0.032025,0.000000e+00,0.064051,8.812955e-06,0.000000e+00,63,1,0,1,1,0,
022_windex_bottle,s0_complete_v2_022_windex_bottle_t35,complete_only,212,0.888139,0.045754,2.913533e-05,2.982249e-04,1112,0.030503,1.147700e-05,0.061006,3.940832e-05,0.000000e+00,99,1,0,1,1,0,
022_windex_bottle,s0_complete_v2_022_windex_bottle_t36,complete_only,97,0.913960,0.049879,4.938941e-05,2.748781e-04,955,0.033252,3.938947e-05,0.066505,6.323123e-05,0.000000e+00,84,1,0,1,1,0,
022_windex_bottle,s0_complete_v2_022_windex_bottle_t37,complete_only,1,0.953561,0.046521,1.908890e-05,1.494622e-04,1078,0.031014,1.186585e-05,0.062029,3.188675e-05,0.000000e+00,95,1,0,1,1,1,
022_windex_bottle,s0_complete_v2_022_windex_bottle_t38,complete_only,899,0.800808,0.042833,2.769766e-07,0.000000e+00,692,0.028555,0.000000e+00,0.057110,6.560766e-06,0.000000e+00,175,1,0,1,1,0,
022_windex_bottle,s0_complete_v2_022_windex_bottle_t39,complete_only,189,0.917215,0.047612,1.060001e-05,0.000000e+00,794,0.031741,0.000000e+00,0.063483,3.618442e-05,0.000000e+00,81,1,0,1,1,1,
022_windex_bottle,s0_complete_v2_022_windex_bottle_t40,complete_only,16,0.944507,0.046437,0.000000e+00,0.000000e+00,905,0.030958,0.000000e+00,0.061916,1.149758e-05,0.000000e+00,100,1,0,1,1,1,
022_windex_bottle,s0_complete_v2_022_windex_bottle_t41,complete_only,105,0.866098,0.047932,8.983314e-06,1.214491e-04,876,0.031954,2.488329e-06,0.063909,2.162803e-05,0.000000e+00,63,1,0,1,1,1,
022_windex_bottle,s0_complete_v2_022_windex_bottle_t42,complete_only,59,0.878083,0.011110,2.605132e-06,7.617328e-06,2243,0.007407,8.086736e-06,0.014814,2.060554e-06,3.441562e+00,5560,1,0,1,1,0,
022_windex_bottle,s0_complete_v2_022_windex_bottle_t43,complete_only,203,0.862040,0.050170,4.701171e-06,1.708585e-05,1002,0.033447,3.671060e-07,0.066894,1.461217e-05,0.000000e+00,74,1,0,1,1,1,
022_windex_bottle,s0_complete_v2_022_windex_bottle_t44,complete_only,32,0.939093,0.046946,0.000000e+00,0.000000e+00,805,0.031297,0.000000e+00,0.062595,0.000000e+00,0.000000e+00,99,1,0,1,1,1,
022_windex_bottle,s0_complete_v2_022_windex_bottle_t45,complete_only,12,0.941709,0.047630,5.288159e-05,4.970566e-04,1150,0.031753,5.052318e-05,0.063506,7.820145e-05,0.000000e+00,71,1,0,1,1,1,
022_windex_bottle,s0_complete_v2_022_windex_bottle_t46,complete_only,5,0.941515,0.047148,1.026534e-05,2.158083e-05,949,0.031432,0.000000e+00,0.062863,2.533544e-05,0.000000e+00,97,1,0,1,1,1,
022_windex_bottle,s0_complete_v2_022_windex_bottle_t47,complete_only,36,0.922740,0.046306,2.132654e-05,0.000000e+00,749,0.030871,0.000000e+00,0.061741,4.396303e-05,0.000000e+00,70,1,0,1,1,1,
022_windex_bottle,s0_complete_v2_022_windex_bottle_t48,complete_only,43,0.944446,0.046952,0.000000e+00,0.000000e+00,907,0.031301,0.000000e+00,0.062602,1.736962e-06,0.000000e+00,101,1,0,1,1,0,
022_windex_bottle,s0_complete_v2_022_windex_bottle_t49,complete_only,270,0.841334,0.047987,7.380975e-06,9.168413e-05,926,0.031991,2.818934e-06,0.063982,1.925423e-05,0.000000e+00,79,1,0,1,1,0,
004_sugar_box,s0_complete_v2_004_sugar_box_t0,complete_only,4,0.766177,0.029864,5.230775e-05,1.705810e-04,610,0.019910,6.439329e-05,0.039819,3.579926e-05,2.515273e-01,106,1,0,1,1,1,
004_sugar_box,s0_complete_v2_004_sugar_box_t1,complete_only,115,0.974933,0.029154,7.100981e-06,3.764358e-05,1184,0.019436,7.494899e-06,0.038872,6.823237e-06,3.481607e-01,244,1,0,1,1,1,
004_sugar_box,s0_complete_v2_004_sugar_box_t3,complete_only,110,0.647181,0.029549,4.907226e-05,1.037204e-04,639,0.019699,5.508248e-05,0.039399,3.920869e-05,3.033664e-01,160,1,0,1,1,1,
004_sugar_box,s0_complete_v2_004_sugar_box_t4,complete_only,136,0.963793,0.030483,4.105449e-05,2.058631e-04,709,0.020322,3.338039e-04,0.040643,2.524745e-05,2.385555e-01,108,1,0,1,1,1,
004_sugar_box,s0_complete_v2_004_sugar_box_t5,complete_only,167,0.957288,0.029640,1.988614e-05,7.729274e-05,847,0.019760,2.528708e-05,0.039520,1.567177e-05,3.417031e-01,137,1,0,1,1,1,
004_sugar_box,s0_complete_v2_004_sugar_box_t6,complete_only,11,0.889964,0.028947,1.006073e-05,1.500803e-05,708,0.019298,1.083584e-05,0.038596,8.052832e-06,2.174524e-01,159,1,0,1,1,1,
004_sugar_box,s0_complete_v2_004_sugar_box_t7,complete_only,1033,0.842297,0.030161,1.822747e-05,3.808392e-05,159,0.020107,2.201174e-05,0.040215,2.816976e-06,4.979647e-02,11,1,0,1,1,0,
004_sugar_box,s0_complete_v2_004_sugar_box_t8,complete_only,208,0.799099,0.030886,6.764413e-04,1.447641e-03,469,0.020590,8.917757e-04,0.041181,4.472852e-04,2.354495e-01,101,1,0,1,1,1,
004_sugar_box,s0_complete_v2_004_sugar_box_t9,complete_only,2,0.944048,0.028953,2.310416e-05,3.958897e-05,633,0.019302,2.570502e-05,0.038605,1.469645e-05,1.933203e-01,118,1,0,1,1,1,
004_sugar_box,s0_complete_v2_004_sugar_box_t10,complete_only,858,0.924206,0.030194,2.583816e-06,1.615191e-05,786,0.020130,1.941059e-06,0.040259,4.079409e-06,3.026434e-02,101,1,0,1,1,1,
004_sugar_box,s0_complete_v2_004_sugar_box_t11,complete_only,980,0.924761,0.030417,8.007636e-06,4.289260e-05,1658,0.020278,5.910669e-06,0.040556,9.640852e-06,5.408308e-01,415,1,0,1,1,1,
004_sugar_box,s0_complete_v2_004_sugar_box_t12,complete_only,5,0.952448,0.029148,2.343887e-05,6.532048e-05,552,0.019432,3.080504e-05,0.038865,1.603060e-05,2.151729e-01,108,1,0,1,1,1,
004_sugar_box,s0_complete_v2_004_sugar_box_t13,complete_only,55,0.625294,0.029890,1.913182e-05,4.387298e-05,605,0.019927,2.387697e-05,0.039854,1.478671e-05,2.034958e-01,100,1,0,1,1,0,
004_sugar_box,s0_complete_v2_004_sugar_box_t14,complete_only,468,0.935427,0.031085,3.312794e-06,1.369025e-05,1955,0.020724,3.173051e-06,0.041447,4.571388e-06,2.724646e-01,219,1,0,1,1,1,
004_sugar_box,s0_complete_v2_004_sugar_box_t15,complete_only,426,0.954493,0.029021,2.075830e-06,5.220764e-06,2317,0.019347,2.158409e-06,0.038695,2.172937e-06,6.252793e-01,513,1,0,1,1,0,
004_sugar_box,s0_complete_v2_004_sugar_box_t16,complete_only,2,0.942287,0.028900,1.525636e-05,2.284079e-05,635,0.019267,1.671741e-05,0.038533,1.078603e-05,1.821483e-01,125,1,0,1,1,1,
004_sugar_box,s0_complete_v2_004_sugar_box_t17,complete_only,51,0.923942,0.030703,1.648445e-05,1.050519e-04,542,0.020469,3.317383e-05,0.040937,1.693692e-05,2.716644e-01,119,1,0,1,1,1,
004_sugar_box,s0_complete_v2_004_sugar_box_t18,complete_only,32,0.959434,0.030845,1.762350e-06,4.935962e-06,563,0.020564,1.583769e-06,0.041127,2.579053e-06,1.263546e-02,61,1,0,1,1,1,
004_sugar_box,s0_complete_v2_004_sugar_box_t19,complete_only,9,0.973731,0.028981,4.480972e-06,1.181151e-05,1037,0.019321,5.213902e-06,0.038641,4.507827e-06,3.860843e-01,372,1,0,1,1,1,
004_sugar_box,s0_complete_v2_004_sugar_box_t20,complete_only,38,0.856897,0.026567,2.535455e-05,4.406164e-05,1248,0.017712,2.679379e-05,0.035423,2.197135e-05,3.858088e-01,256,1,0,1,1,0,
004_sugar_box,s0_complete_v2_004_sugar_box_t21,complete_only,202,0.824840,0.031107,7.869609e-06,2.784221e-05,936,0.020738,7.248389e-06,0.041475,7.214709e-06,1.056678e-01,85,1,0,1,1,1,
004_sugar_box,s0_complete_v2_004_sugar_box_t22,complete_only,446,0.741021,0.026200,4.921749e-04,1.581098e-03,766,0.017467,5.021210e-04,0.034934,3.562512e-04,9.371040e-01,237,1,0,1,1,0,
004_sugar_box,s0_complete_v2_004_sugar_box_t23,complete_only,287,0.947894,0.029713,2.282132e-06,8.431907e-06,1571,0.019808,2.494285e-06,0.039617,3.268718e-06,3.306338e-01,260,1,0,1,1,1,
004_sugar_box,s0_complete_v2_004_sugar_box_t24,complete_only,4,0.891848,0.030129,7.418004e-05,6.813386e-04,417,0.020086,6.112969e-05,0.040172,7.133523e-05,2.975191e-01,62,1,0,1,1,0,
004_sugar_box,s0_complete_v2_004_sugar_box_t25,complete_only,1157,0.901256,0.028444,2.371848e-07,6.898010e-07,1218,0.018962,9.566198e-08,0.037925,3.314245e-07,0.000000e+00,259,1,0,1,1,0,
004_sugar_box,s0_complete_v2_004_sugar_box_t26,complete_only,1109,0.893232,0.030619,2.203829e-06,6.020290e-06,1153,0.020413,1.612901e-06,0.040825,3.196010e-06,5.945625e-03,93,1,0,1,1,0,
004_sugar_box,s0_complete_v2_004_sugar_box_t27,complete_only,739,0.927152,0.030229,4.445491e-06,2.626548e-05,1215,0.020153,3.139145e-06,0.040306,7.163539e-06,2.026842e-01,216,1,0,1,1,1,
004_sugar_box,s0_complete_v2_004_sugar_box_t28,complete_only,483,0.675390,0.028716,4.035280e-05,1.574845e-04,731,0.019144,4.390812e-05,0.038288,3.467180e-05,2.643131e-01,161,1,0,1,1,1,
004_sugar_box,s0_complete_v2_004_sugar_box_t29,complete_only,1491,0.854367,0.028059,6.319767e-07,1.376327e-06,1172,0.018706,5.816864e-07,0.037411,6.644314e-07,1.284024e-01,208,1,0,1,1,1,
004_sugar_box,s0_complete_v2_004_sugar_box_t30,complete_only,574,0.948658,0.028895,1.948279e-06,5.115638e-06,1644,0.019263,2.038631e-06,0.038526,1.980125e-06,6.061561e-01,504,1,0,1,1,0,
004_sugar_box,s0_complete_v2_004_sugar_box_t31,complete_only,14,0.974682,0.028791,8.149410e-06,1.644872e-05,1009,0.019194,8.563868e-06,0.038389,6.017975e-06,2.257728e-01,226,1,0,1,1,1,
004_sugar_box,s0_complete_v2_004_sugar_box_t32,complete_only,4,0.971760,0.029010,2.679043e-06,1.046064e-05,846,0.019340,2.512018e-06,0.038681,3.224861e-06,1.902126e-01,162,1,0,1,1,1,
004_sugar_box,s0_complete_v2_004_sugar_box_t33,complete_only,74,0.746038,0.030347,5.992156e-04,1.230514e-03,617,0.020231,7.302008e-04,0.040462,4.501864e-04,3.629510e-01,168,1,0,1,1,1,
004_sugar_box,s0_complete_v2_004_sugar_box_t34,complete_only,428,0.961132,0.028070,2.261272e-06,6.187088e-06,1206,0.018713,8.019139e-06,0.037426,2.069770e-06,3.504336e-01,329,1,0,1,1,0,
004_sugar_box,s0_complete_v2_004_sugar_box_t35,complete_only,187,0.735069,0.029177,1.085741e-05,1.745364e-05,815,0.019452,1.312281e-05,0.038903,7.916421e-06,2.981560e-01,222,1,0,1,1,1,
004_sugar_box,s0_complete_v2_004_sugar_box_t36,complete_only,48,0.969921,0.028986,9.184600e-06,4.534237e-05,698,0.019324,1.110541e-05,0.038648,7.868503e-06,2.437918e-01,158,1,0,1,1,1,
004_sugar_box,s0_complete_v2_004_sugar_box_t37,complete_only,105,0.936798,0.030380,2.010459e-06,7.265653e-06,955,0.020253,2.108163e-06,0.040506,2.001819e-06,5.622319e-02,95,1,0,1,1,0,
004_sugar_box,s0_complete_v2_004_sugar_box_t38,complete_only,1352,0.895486,0.028738,9.971514e-07,1.972385e-06,1641,0.019159,9.514464e-07,0.038317,9.890179e-07,1.403867e-01,216,1,0,1,1,1,
004_sugar_box,s0_complete_v2_004_sugar_box_t39,complete_only,253,0.834331,0.030654,2.321772e-04,9.627712e-04,735,0.020436,3.018301e-04,0.040871,1.755820e-04,5.294880e-01,173,1,0,1,1,1,
004_sugar_box,s0_complete_v2_004_sugar_box_t40,complete_only,36,0.965135,0.030026,1.051910e-04,4.054633e-04,576,0.020017,1.926868e-04,0.040034,7.095075e-05,2.910063e-01,106,1,0,1,1,0,
004_sugar_box,s0_complete_v2_004_sugar_box_t41,complete_only,25,0.740433,0.029647,1.438740e-05,4.868448e-05,821,0.019764,1.992245e-05,0.039529,1.451821e-05,3.960642e-01,273,1,0,1,1,1,
004_sugar_box,s0_complete_v2_004_sugar_box_t42,complete_only,33,0.884708,0.028524,3.108436e-04,1.362218e-03,467,0.019016,3.434928e-04,0.038033,3.150224e-04,5.936735e-01,42,1,0,1,1,0,
004_sugar_box,s0_complete_v2_004_sugar_box_t43,complete_only,95,0.866767,0.028701,1.181785e-05,1.802970e-05,799,0.019134,1.258190e-05,0.038268,1.020872e-05,1.093247e-01,97,1,0,1,1,1,
004_sugar_box,s0_complete_v2_004_sugar_box_t44,complete_only,140,0.960570,0.029640,1.140100e-05,6.355022e-05,1162,0.019760,3.918965e-05,0.039520,8.818606e-06,2.522524e-01,103,1,0,1,1,1,
004_sugar_box,s0_complete_v2_004_sugar_box_t45,complete_only,1469,0.787528,0.030046,2.019660e-07,5.786994e-07,1390,0.020031,6.549756e-08,0.040061,2.696314e-07,0.000000e+00,263,1,0,1,1,0,
004_sugar_box,s0_complete_v2_004_sugar_box_t46,complete_only,75,0.782104,0.029982,2.892747e-05,1.219607e-04,416,0.019988,4.534033e-05,0.039975,3.846607e-05,1.249067e+00,315,1,0,1,1,0,
004_sugar_box,s0_complete_v2_004_sugar_box_t47,complete_only,747,0.827991,0.027535,2.902150e-05,1.844285e-04,1529,0.018357,2.779210e-04,0.036714,2.235764e-05,8.742593e-02,200,1,0,1,1,0,
004_sugar_box,s0_complete_v2_004_sugar_box_t48,complete_only,226,0.958580,0.029727,2.122983e-05,1.348517e-04,1028,0.019818,9.969965e-05,0.039637,1.943113e-05,2.671285e-01,90,1,0,1,1,0,
004_sugar_box,s0_complete_v2_004_sugar_box_t49,complete_only,16,0.700436,0.030030,9.995510e-06,3.090600e-05,902,0.020020,1.106776e-05,0.040040,1.118346e-05,2.435852e-01,163,1,0,1,1,1,
021_bleach_cleanser,s0_gate_off_021_bleach_cleanser_t0,complete_only,145,0.936699,0.040937,5.924978e-05,3.875081e-04,1813,0.027292,7.546931e-05,0.054583,4.497317e-05,6.506093e-01,119,1,0,1,1,0,
021_bleach_cleanser,s0_gate_off_021_bleach_cleanser_t1,complete_only,304,0.919886,0.039010,8.025594e-06,4.123027e-05,1267,0.026007,3.861462e-06,0.052013,1.387625e-05,0.000000e+00,81,1,0,1,1,0,
021_bleach_cleanser,s0_gate_off_021_bleach_cleanser_t2,complete_only,108,0.946460,0.042025,1.037298e-05,4.937307e-05,1511,0.028017,7.685317e-06,0.056033,1.364270e-05,1.670070e-01,136,1,0,1,1,0,
021_bleach_cleanser,s0_gate_off_021_bleach_cleanser_t3,complete_only,199,0.832248,0.041061,3.450804e-05,2.080741e-04,1819,0.027374,3.663479e-05,0.054749,2.851831e-05,5.665412e-01,144,1,0,1,1,0,
021_bleach_cleanser,s0_gate_off_021_bleach_cleanser_t4,complete_only,121,0.949132,0.041455,4.974472e-06,1.278938e-05,2455,0.027637,8.036429e-06,0.055273,6.324213e-06,1.544879e-01,113,1,0,1,1,0,
021_bleach_cleanser,s0_gate_off_021_bleach_cleanser_t5,complete_only,132,0.947681,0.042737,1.670540e-05,9.684416e-05,3268,0.028491,1.417133e-05,0.056983,1.758722e-05,6.276667e-01,189,1,0,1,1,0,
021_bleach_cleanser,s0_gate_off_021_bleach_cleanser_t6,complete_only,321,0.916304,0.040275,4.084411e-05,3.967016e-04,1635,0.026850,4.636968e-05,0.053700,4.921189e-05,3.200534e-01,143,1,0,1,1,0,
021_bleach_cleanser,s0_gate_off_021_bleach_cleanser_t7,complete_only,51,0.962324,0.038996,5.070900e-06,2.522813e-05,2218,0.025997,4.606699e-06,0.051994,5.155708e-06,3.404251e-01,178,1,0,1,1,0,
021_bleach_cleanser,s0_gate_off_021_bleach_cleanser_t8,complete_only,370,0.945949,0.039745,5.577054e-06,2.031329e-05,3124,0.026497,1.159710e-05,0.052994,4.920900e-06,2.713553e-01,201,1,0,1,1,1,
021_bleach_cleanser,s0_gate_off_021_bleach_cleanser_t9,complete_only,77,0.919841,0.023702,1.624016e-04,3.723473e-04,1573,0.015801,2.119766e-04,0.031603,6.153170e-05,1.614122e+00,215,1,0,1,1,0,
021_bleach_cleanser,s0_gate_off_021_bleach_cleanser_t10,complete_only,264,0.934575,0.041582,3.335614e-06,1.205222e-05,1616,0.027721,2.728538e-06,0.055442,4.486086e-06,3.137197e-03,88,1,0,1,1,1,
021_bleach_cleanser,s0_gate_off_021_bleach_cleanser_t11,complete_only,222,0.929648,0.041302,3.188828e-06,1.155681e-05,1421,0.027534,2.769217e-06,0.055069,3.726734e-06,0.000000e+00,43,1,0,1,1,1,
021_bleach_cleanser,s0_gate_off_021_bleach_cleanser_t12,complete_only,950,0.848953,0.038366,3.300255e-06,1.175112e-05,1966,0.025577,4.122448e-06,0.051155,2.723863e-06,1.848430e-01,127,1,0,1,1,0,
021_bleach_cleanser,s0_gate_off_021_bleach_cleanser_t13,complete_only,194,0.943773,0.040187,5.352209e-05,4.288612e-04,1734,0.026791,5.403605e-05,0.053583,5.709098e-05,9.992868e-02,75,1,0,1,1,0,
021_bleach_cleanser,s0_gate_off_021_bleach_cleanser_t14,complete_only,301,0.944551,0.033624,4.567378e-06,1.874705e-05,1831,0.022416,4.074266e-06,0.044832,4.799151e-06,2.680252e-02,76,1,0,1,1,0,
021_bleach_cleanser,s0_gate_off_021_bleach_cleanser_t15,complete_only,125,0.945320,0.042061,1.841240e-05,1.113885e-04,3719,0.028041,2.304030e-05,0.056081,2.154964e-05,5.465211e-01,209,1,0,1,1,1,
021_bleach_cleanser,s0_gate_off_021_bleach_cleanser_t16,complete_only,487,0.878504,0.040099,1.229796e-04,7.427690e-04,1243,0.026733,1.598885e-04,0.053465,9.109892e-05,5.076917e-01,108,1,0,1,1,0,
021_bleach_cleanser,s0_gate_off_021_bleach_cleanser_t17,complete_only,219,0.935006,0.039479,3.615459e-06,1.900576e-05,1417,0.026319,2.175207e-06,0.052638,4.416954e-06,0.000000e+00,166,1,0,1,1,1,
021_bleach_cleanser,s0_gate_off_021_bleach_cleanser_t18,complete_only,272,0.944547,0.041914,9.252871e-06,4.406494e-05,2077,0.027943,4.033071e-05,0.055885,8.088882e-06,3.150140e-01,129,1,0,1,1,0,
021_bleach_cleanser,s0_gate_off_021_bleach_cleanser_t19,complete_only,671,0.815520,0.038698,3.411818e-06,6.586184e-06,449,0.025799,0.000000e+00,0.051597,1.213577e-05,0.000000e+00,76,1,0,1,1,1,
021_bleach_cleanser,s0_gate_off_021_bleach_cleanser_t20,complete_only,135,0.923907,0.040044,4.982416e-05,4.353726e-04,1540,0.026696,3.477868e-05,0.053393,6.461777e-05,5.846670e-01,248,1,0,1,1,0,
021_bleach_cleanser,s0_gate_off_021_bleach_cleanser_t21,complete_only,71,0.944411,0.040896,1.422380e-05,6.308724e-05,1921,0.027264,4.147368e-05,0.054529,1.137652e-05,4.196136e-01,88,1,0,1,1,0,
021_bleach_cleanser,s0_gate_off_021_bleach_cleanser_t22,complete_only,503,0.897338,0.039883,3.982354e-06,1.332036e-05,2471,0.026589,6.638768e-06,0.053177,2.933684e-06,2.059611e-01,168,1,0,1,1,1,
021_bleach_cleanser,s0_gate_off_021_bleach_cleanser_t23,complete_only,369,0.593457,0.004409,1.502290e-07,1.798238e-06,408,0.002939,9.629305e-08,0.005878,6.021363e-07,2.416865e+00,8192,1,0,1,1,0,
021_bleach_cleanser,s0_gate_off_021_bleach_cleanser_t24,complete_only,41,0.943110,0.040074,1.605571e-05,8.440919e-05,2129,0.026716,5.807353e-05,0.053431,1.456607e-05,5.853540e-01,146,1,0,1,1,0,
021_bleach_cleanser,s0_gate_off_021_bleach_cleanser_t25,complete_only,85,0.954362,0.039283,7.291725e-06,4.107524e-05,1515,0.026188,6.067068e-06,0.052377,8.277070e-06,6.100742e-02,265,1,0,1,1,0,
021_bleach_cleanser,s0_gate_off_021_bleach_cleanser_t26,complete_only,632,0.891218,0.041643,3.171664e-06,8.982773e-06,1714,0.027762,2.694149e-06,0.055524,4.056667e-06,3.535517e-03,62,1,0,1,1,0,
021_bleach_cleanser,s0_gate_off_021_bleach_cleanser_t27,complete_only,412,0.918051,0.041766,5.284499e-06,2.195753e-05,1524,0.027844,5.664915e-06,0.055688,4.532017e-06,1.759078e-01,148,1,0,1,1,1,
021_bleach_cleanser,s0_gate_off_021_bleach_cleanser_t28,complete_only,160,0.933528,0.039865,4.721597e-06,1.552255e-05,2437,0.026576,9.366792e-06,0.053153,3.330126e-06,2.189040e-01,143,1,0,1,1,0,
021_bleach_cleanser,s0_gate_off_021_bleach_cleanser_t29,complete_only,590,0.917447,0.040288,5.313768e-06,2.664319e-05,2604,0.026859,6.955502e-06,0.053718,5.747781e-06,5.704835e-02,122,1,0,1,1,1,
021_bleach_cleanser,s0_gate_off_021_bleach_cleanser_t30,complete_only,105,0.950378,0.042086,2.938412e-05,1.902955e-04,2702,0.028057,3.966043e-05,0.056114,2.095111e-05,9.325897e-01,197,1,0,1,1,1,
021_bleach_cleanser,s0_gate_off_021_bleach_cleanser_t31,complete_only,526,0.877544,0.038806,1.414974e-05,8.454069e-05,1162,0.025871,6.942341e-06,0.051741,2.244718e-05,0.000000e+00,131,1,0,1,1,0,
021_bleach_cleanser,s0_gate_off_021_bleach_cleanser_t32,complete_only,96,0.948356,0.042296,5.778552e-06,2.631852e-05,2681,0.028197,3.549788e-06,0.056394,1.118864e-05,1.754965e-01,155,1,0,1,1,1,
021_bleach_cleanser,s0_gate_off_021_bleach_cleanser_t33,complete_only,160,0.948493,0.039760,3.944892e-06,1.502356e-05,2997,0.026506,1.091417e-05,0.053013,3.798640e-06,1.148272e-01,115,1,0,1,1,1,
021_bleach_cleanser,s0_gate_off_021_bleach_cleanser_t34,complete_only,66,0.930391,0.040936,2.122844e-05,1.146106e-04,2629,0.027291,1.967151e-05,0.054581,2.167809e-05,1.828279e-01,161,1,0,1,1,1,
021_bleach_cleanser,s0_gate_off_021_bleach_cleanser_t35,complete_only,147,0.937348,0.040328,7.804128e-05,5.434099e-04,1746,0.026886,6.044357e-05,0.053771,6.822702e-05,7.060335e-01,241,1,0,1,1,0,
021_bleach_cleanser,s0_gate_off_021_bleach_cleanser_t36,complete_only,844,0.863155,0.038111,2.601343e-06,8.982142e-06,2139,0.025407,3.733937e-06,0.050814,2.312329e-06,1.675632e-01,199,1,0,1,1,0,
021_bleach_cleanser,s0_gate_off_021_bleach_cleanser_t37,complete_only,47,0.935354,0.041392,2.905970e-05,1.225298e-04,1766,0.027595,6.665226e-05,0.055189,1.953062e-05,5.728018e-01,99,1,0,1,1,0,
021_bleach_cleanser,s0_gate_off_021_bleach_cleanser_t38,complete_only,558,0.919306,0.041119,4.050535e-06,7.391524e-06,2131,0.027412,2.518588e-06,0.054825,5.435300e-06,8.113877e-02,144,1,0,1,1,1,
021_bleach_cleanser,s0_gate_off_021_bleach_cleanser_t39,complete_only,57,0.936961,0.035519,1.382104e-05,8.958303e-05,1064,0.023679,2.415230e-05,0.047359,1.626036e-05,1.653838e-02,65,1,0,1,1,0,
021_bleach_cleanser,s0_gate_off_021_bleach_cleanser_t40,complete_only,79,0.953964,0.042096,3.704222e-05,1.279262e-04,2159,0.028064,1.021303e-04,0.056128,2.150559e-05,9.140140e-01,127,1,0,1,1,0,
021_bleach_cleanser,s0_gate_off_021_bleach_cleanser_t41,complete_only,127,0.918050,0.041021,2.910191e-05,2.364123e-04,1473,0.027348,3.625988e-05,0.054695,3.258630e-05,4.292631e-02,78,1,0,1,1,0,
021_bleach_cleanser,s0_gate_off_021_bleach_cleanser_t42,complete_only,676,0.899557,0.031611,8.134071e-07,2.274060e-06,771,0.021074,5.947255e-07,0.042148,1.032435e-06,0.000000e+00,89,1,0,1,1,0,
021_bleach_cleanser,s0_gate_off_021_bleach_cleanser_t43,complete_only,731,0.887493,0.039787,4.760890e-06,2.192978e-05,2167,0.026524,1.134487e-05,0.053049,3.413472e-06,1.610134e-01,133,1,0,1,1,0,
021_bleach_cleanser,s0_gate_off_021_bleach_cleanser_t44,complete_only,189,0.942492,0.042437,3.007417e-05,1.449864e-04,3272,0.028292,5.604106e-05,0.056583,2.418888e-05,6.147499e-01,87,1,0,1,1,0,
021_bleach_cleanser,s0_gate_off_021_bleach_cleanser_t45,complete_only,42,0.962377,0.038587,4.317182e-06,1.983278e-05,1175,0.025725,5.888972e-06,0.051450,4.133647e-06,1.485245e-02,185,1,0,1,1,0,
021_bleach_cleanser,s0_gate_off_021_bleach_cleanser_t46,complete_only,75,0.941905,0.041210,2.299160e-05,1.034766e-04,1939,0.027473,7.426480e-05,0.054946,1.596554e-05,6.785025e-01,136,1,0,1,1,0,
021_bleach_cleanser,s0_gate_off_021_bleach_cleanser_t47,complete_only,391,0.901903,0.039748,4.438889e-06,1.814971e-05,1858,0.026499,2.415034e-06,0.052997,7.337452e-06,3.242224e-03,122,1,0,1,1,0,
021_bleach_cleanser,s0_gate_off_021_bleach_cleanser_t48,complete_only,102,0.944804,0.042967,2.382710e-05,1.070102e-04,3076,0.028644,3.246919e-05,0.057289,1.690142e-05,7.083455e-01,215,1,0,1,1,0,
021_bleach_cleanser,s0_gate_off_021_bleach_cleanser_t49,complete_only,106,0.911922,0.040555,3.410063e-05,2.331746e-04,1808,0.027037,4.150609e-05,0.054074,3.121446e-05,4.210178e-01,75,1,0,1,1,0,
061_foam_brick,s0_gate_off_061_foam_brick_t0,complete_only,907,0.859543,0.017532,4.990791e-06,3.030511e-05,985,0.011688,4.976258e-06,0.023376,5.934640e-06,1.349393e+00,878,1,0,1,1,1,
061_foam_brick,s0_gate_off_061_foam_brick_t1,complete_only,7,0.982758,0.017876,1.962847e-05,1.218419e-04,1233,0.011917,1.583802e-05,0.023835,1.825011e-05,2.744710e+00,1755,1,0,1,1,1,
061_foam_brick,s0_gate_off_061_foam_brick_t2,complete_only,454,0.866471,0.016828,3.399349e-06,3.146324e-06,863,0.011218,3.133533e-05,0.022437,3.227856e-06,4.967941e-01,816,1,0,1,1,1,
061_foam_brick,s0_gate_off_061_foam_brick_t3,complete_only,1052,0.835122,0.016591,1.045855e-05,7.905526e-05,766,0.011061,6.414970e-06,0.022121,1.031767e-05,5.455808e-01,776,1,0,1,1,0,
061_foam_brick,s0_gate_off_061_foam_brick_t4,complete_only,35,0.945443,0.016232,7.334162e-06,3.249901e-05,851,0.010821,5.881449e-06,0.021642,7.538107e-06,1.180789e+00,1159,1,0,1,1,1,
061_foam_brick,s0_gate_off_061_foam_brick_t5,complete_only,207,0.919958,0.015967,1.537614e-06,2.189525e-06,1343,0.010645,1.095488e-06,0.021290,1.948904e-06,9.455745e-01,1139,1,0,1,1,1,
061_foam_brick,s0_gate_off_061_foam_brick_t6,complete_only,683,0.896564,0.017277,2.041201e-05,9.899328e-05,714,0.011518,3.618421e-05,0.023035,2.195041e-05,2.122359e+00,1337,1,0,1,1,1,
061_foam_brick,s0_gate_off_061_foam_brick_t7,complete_only,13,0.984532,0.016298,9.569407e-06,2.659671e-06,1454,0.010865,7.424946e-06,0.021731,9.095713e-06,2.015888e+00,1807,1,0,1,1,1,
061_foam_brick,s0_gate_off_061_foam_brick_t8,complete_only,76,0.956826,0.015287,5.081527e-06,2.347558e-05,935,0.010192,4.314739e-06,0.020383,6.580151e-06,1.705718e+00,1502,1,0,1,1,1,
061_foam_brick,s0_gate_off_061_foam_brick_t9,complete_only,382,0.926423,0.017078,3.185422e-05,7.809251e-05,766,0.011385,3.066239e-05,0.022770,2.347017e-05,1.893792e+00,1234,1,0,1,1,1,
061_foam_brick,s0_gate_off_061_foam_brick_t10,complete_only,530,0.865656,0.016980,1.689757e-06,7.042173e-06,923,0.011320,1.602414e-06,0.022640,2.540775e-06,1.646248e+00,1829,1,0,1,1,1,
061_foam_brick,s0_gate_off_061_foam_brick_t11,complete_only,469,0.854032,0.017136,8.602407e-07,1.300317e-06,1664,0.011424,8.154836e-07,0.022848,1.010652e-06,7.267857e-01,1020,1,0,1,1,1,
061_foam_brick,s0_gate_off_061_foam_brick_t12,complete_only,708,0.916433,0.017627,2.458201e-04,8.446702e-04,740,0.011751,2.983726e-04,0.023502,1.023012e-04,1.437214e+00,961,1,0,1,1,1,
061_foam_brick,s0_gate_off_061_foam_brick_t13,complete_only,829,0.904516,0.016794,2.873441e-05,2.159395e-04,706,0.011196,8.426091e-05,0.022392,2.426782e-05,1.144659e+00,1174,1,0,1,1,1,
061_foam_brick,s0_gate_off_061_foam_brick_t14,complete_only,329,0.889658,0.016803,1.169265e-06,3.533537e-06,1123,0.011202,1.079180e-06,0.022405,1.068912e-06,1.087395e+00,1500,1,0,1,1,1,
061_foam_brick,s0_gate_off_061_foam_brick_t15,complete_only,187,0.947906,0.016547,5.454609e-06,1.835449e-05,1806,0.011031,4.267184e-06,0.022062,6.891342e-06,1.690064e+00,1840,1,0,1,1,1,
061_foam_brick,s0_gate_off_061_foam_brick_t16,complete_only,635,0.909847,0.017333,1.750771e-05,4.990663e-05,812,0.011555,1.460430e-05,0.023111,2.221705e-05,1.930359e+00,1428,1,0,1,1,1,
061_foam_brick,s0_gate_off_061_foam_brick_t17,complete_only,8,0.969643,0.016137,1.257046e-06,2.651617e-06,1276,0.010758,1.038477e-06,0.021516,1.334725e-06,4.665786e-01,761,1,0,1,1,0,
061_foam_brick,s0_gate_off_061_foam_brick_t18,complete_only,12,0.962036,0.016803,9.755875e-07,1.791511e-06,1375,0.011202,8.736658e-07,0.022404,1.511143e-06,6.553128e-01,979,1,0,1,1,1,
061_foam_brick,s0_gate_off_061_foam_brick_t19,complete_only,318,0.951550,0.017840,3.353163e-05,2.033561e-04,978,0.011893,5.754513e-05,0.023786,2.496151e-05,2.538362e+00,1556,1,0,1,1,0,
061_foam_brick,s0_gate_off_061_foam_brick_t20,complete_only,520,0.931170,0.017375,2.053374e-05,7.660052e-05,1003,0.011583,1.779240e-05,0.023167,3.108070e-05,1.167952e+00,995,1,0,1,1,1,
061_foam_brick,s0_gate_off_061_foam_brick_t21,complete_only,14,0.976858,0.015955,3.104080e-06,8.885715e-06,641,0.010637,3.731607e-06,0.021273,1.553333e-06,1.063121e+00,1423,1,0,1,1,0,
061_foam_brick,s0_gate_off_061_foam_brick_t22,complete_only,875,0.923089,0.017484,1.205012e-05,4.392111e-05,888,0.011656,1.085624e-05,0.023311,1.284818e-05,1.298759e+00,1248,1,0,1,1,1,
061_foam_brick,s0_gate_off_061_foam_brick_t23,complete_only,448,0.890586,0.016170,3.069101e-06,2.172812e-05,1005,0.010780,5.400319e-06,0.021559,3.548894e-06,1.184029e+00,1281,1,0,1,1,1,
061_foam_brick,s0_gate_off_061_foam_brick_t24,complete_only,24,0.980195,0.016913,1.650342e-05,5.155619e-05,606,0.011275,2.299973e-05,0.022551,7.653584e-06,1.897688e+00,1852,1,0,1,1,1,
061_foam_brick,s0_gate_off_061_foam_brick_t25,complete_only,16,0.986632,0.017717,3.377225e-05,1.342306e-04,1040,0.011812,5.027603e-05,0.023623,1.882646e-05,3.342187e+00,1376,1,0,1,1,0,
061_foam_brick,s0_gate_off_061_foam_brick_t26,complete_only,298,0.908292,0.016443,1.216284e-06,3.181417e-06,951,0.010962,1.165292e-06,0.021924,1.137468e-06,1.361866e+00,1630,1,0,1,1,1,
061_foam_brick,s0_gate_off_061_foam_brick_t27,complete_only,606,0.849911,0.017065,1.310493e-06,4.547522e-06,1355,0.011377,9.240859e-07,0.022754,1.337262e-06,1.059277e+00,1441,1,0,1,1,1,
061_foam_brick,s0_gate_off_061_foam_brick_t28,complete_only,942,0.890530,0.017874,3.878801e-06,9.893596e-06,916,0.011916,3.335112e-06,0.023831,6.595672e-06,8.574012e-01,1123,1,0,1,1,1,
061_foam_brick,s0_gate_off_061_foam_brick_t29,complete_only,5,0.961424,0.015539,8.077545e-07,1.306450e-06,1315,0.010359,7.415760e-07,0.020719,9.006526e-07,1.598806e+00,2258,1,0,1,1,0,
061_foam_brick,s0_gate_off_061_foam_brick_t30,complete_only,254,0.933805,0.016616,5.514628e-06,2.420367e-05,1815,0.011077,4.555920e-06,0.022155,8.434443e-06,1.591532e+00,1632,1,0,1,1,1,
061_foam_brick,s0_gate_off_061_foam_brick_t31,complete_only,94,0.960240,0.018152,1.291363e-05,7.296718e-05,940,0.012101,1.502100e-05,0.024203,1.181052e-05,1.083525e+00,1085,1,0,1,1,1,
061_foam_brick,s0_gate_off_061_foam_brick_t32,complete_only,831,0.760046,0.017206,1.881590e-06,3.596842e-06,1273,0.011470,1.223867e-06,0.022941,4.086946e-06,2.218867e+00,2022,1,0,1,1,0,
061_foam_brick,s0_gate_off_061_foam_brick_t33,complete_only,781,0.878073,0.015790,2.946426e-06,3.972862e-06,328,0.010527,1.295233e-06,0.021053,2.918545e-06,3.620170e-01,669,1,0,1,1,0,
061_foam_brick,s0_gate_off_061_foam_brick_t34,complete_only,6,0.948453,0.015576,6.140458e-07,8.766936e-07,1144,0.010384,5.682488e-07,0.020768,7.129514e-07,1.693457e+00,2240,1,0,1,1,0,
061_foam_brick,s0_gate_off_061_foam_brick_t35,complete_only,936,0.895888,0.017658,2.200082e-05,1.378307e-04,776,0.011772,3.270385e-05,0.023544,2.285722e-05,1.295876e+00,1137,1,0,1,1,1,
061_foam_brick,s0_gate_off_061_foam_brick_t36,complete_only,55,0.964905,0.018442,1.224649e-04,5.578000e-04,870,0.012295,1.653427e-04,0.024590,7.463644e-05,2.251394e+00,1414,1,0,1,1,0,
061_foam_brick,s0_gate_off_061_foam_brick_t37,complete_only,37,0.957799,0.016781,8.369279e-07,2.022491e-06,1050,0.011187,7.061251e-07,0.022374,9.096412e-07,6.590328e-01,1091,1,0,1,1,0,
061_foam_brick,s0_gate_off_061_foam_brick_t38,complete_only,93,0.949123,0.016330,1.876578e-05,6.886697e-05,1548,0.010887,1.769385e-05,0.021774,1.892737e-05,2.053314e+00,1972,1,0,1,1,1,
061_foam_brick,s0_gate_off_061_foam_brick_t39,complete_only,222,0.944526,0.015138,2.740104e-05,4.180489e-05,665,0.010092,1.873477e-05,0.020185,2.916389e-05,1.486693e+00,1732,1,0,1,1,1,
061_foam_brick,s0_gate_off_061_foam_brick_t40,complete_only,83,0.937678,0.016232,8.763478e-07,2.072630e-06,1274,0.010821,9.101770e-07,0.021642,9.207455e-06,6.089329e-01,933,1,0,1,1,1,
061_foam_brick,s0_gate_off_061_foam_brick_t41,complete_only,843,0.905520,0.017537,8.708391e-06,4.763206e-05,913,0.011691,1.049657e-05,0.023382,1.089564e-05,1.410838e+00,1226,1,0,1,1,1,
061_foam_brick,s0_gate_off_061_foam_brick_t42,complete_only,782,0.874323,0.015916,2.423967e-04,7.735394e-04,757,0.010611,2.047314e-04,0.021222,1.125628e-04,2.033842e+00,1463,1,0,1,1,1,
061_foam_brick,s0_gate_off_061_foam_brick_t43,complete_only,1085,0.887691,0.018162,1.890255e-05,1.420306e-04,950,0.012108,2.250794e-05,0.024215,1.847189e-05,1.493806e+00,979,1,0,1,1,1,
061_foam_brick,s0_gate_off_061_foam_brick_t44,complete_only,112,0.925055,0.015888,3.598742e-06,3.026904e-05,932,0.010592,4.573323e-06,0.021184,4.574660e-06,1.224876e+00,1246,1,0,1,1,1,
061_foam_brick,s0_gate_off_061_foam_brick_t45,complete_only,10,0.988635,0.016774,1.935486e-06,8.707985e-06,1208,0.011183,1.342689e-06,0.022366,5.949981e-06,3.082370e+00,1655,1,0,1,1,1,
061_foam_brick,s0_gate_off_061_foam_brick_t46,complete_only,1,0.981232,0.016732,1.633644e-06,2.500459e-06,1000,0.011155,3.286273e-06,0.022309,1.486174e-06,1.162430e+00,1581,1,0,1,1,0,
061_foam_brick,s0_gate_off_061_foam_brick_t47,complete_only,7,0.990194,0.017807,1.122719e-05,7.924441e-05,1289,0.011871,1.300668e-05,0.023743,1.077639e-05,3.011059e+00,1693,1,0,1,1,0,
061_foam_brick,s0_gate_off_061_foam_brick_t48,complete_only,161,0.928034,0.017101,2.907898e-06,1.778042e-06,1608,0.011401,1.006968e-06,0.022802,4.131958e-06,9.223017e-01,1161,1,0,1,1,0,
061_foam_brick,s0_gate_off_061_foam_brick_t49,complete_only,947,0.875259,0.017296,2.901062e-06,1.239820e-05,980,0.011530,2.570569e-06,0.023061,4.330313e-06,8.026470e-01,1255,1,0,1,1,0,
019_pitcher_base,s0_gate_off_019_pitcher_base_t0,complete_only,514,0.873565,0.042806,0.000000e+00,0.000000e+00,548,0.028538,0.000000e+00,0.057075,1.751886e-06,0.000000e+00,54,1,0,1,1,0,
019_pitcher_base,s0_gate_off_019_pitcher_base_t1,complete_only,145,0.894693,0.039624,6.015738e-04,2.554732e-03,225,0.026416,3.090978e-04,0.052832,6.203258e-04,1.386055e-01,39,1,0,1,1,1,
019_pitcher_base,s0_gate_off_019_pitcher_base_t2,complete_only,0,0.951412,0.028307,4.648453e-04,2.696637e-03,983,0.018871,1.743016e-03,0.037743,1.342665e-04,7.200318e-01,75,1,0,1,1,0,
019_pitcher_base,s0_gate_off_019_pitcher_base_t3,complete_only,223,0.914628,0.042965,2.253302e-06,7.190293e-06,820,0.028643,1.552545e-06,0.057286,3.215558e-06,0.000000e+00,46,1,0,1,1,0,
019_pitcher_base,s0_gate_off_019_pitcher_base_t5,complete_only,107,0.943564,0.033163,3.412573e-04,9.184231e-04,296,0.022108,5.987072e-04,0.044217,2.175808e-04,2.103923e-01,48,1,0,1,1,0,
019_pitcher_base,s0_gate_off_019_pitcher_base_t6,complete_only,910,0.768882,0.040802,1.301902e-06,7.248735e-06,674,0.027201,0.000000e+00,0.054402,3.045969e-06,0.000000e+00,56,1,0,1,1,0,
019_pitcher_base,s0_gate_off_019_pitcher_base_t7,complete_only,18,0.948274,0.029198,3.645305e-04,7.123603e-04,1003,0.019466,4.587758e-04,0.038931,2.240077e-04,6.479530e-01,164,1,0,1,1,0,
019_pitcher_base,s0_gate_off_019_pitcher_base_t9,complete_only,908,0.770582,0.028963,4.817166e-06,1.836894e-05,1509,0.019308,1.140322e-05,0.038617,4.242060e-06,3.333361e-01,225,1,0,1,1,0,
019_pitcher_base,s0_gate_off_019_pitcher_base_t10,complete_only,667,0.883056,0.041037,5.202890e-06,5.566750e-06,796,0.027358,1.442272e-06,0.054716,6.388936e-06,0.000000e+00,46,1,0,1,1,0,
019_pitcher_base,s0_gate_off_019_pitcher_base_t11,complete_only,220,0.939475,0.040272,3.080902e-05,1.522074e-04,498,0.026848,1.055357e-04,0.053696,3.479322e-05,3.921555e-02,52,1,0,1,1,0,
019_pitcher_base,s0_gate_off_019_pitcher_base_t12,complete_only,269,0.916361,0.039942,1.257349e-05,1.179408e-04,507,0.026628,0.000000e+00,0.053256,2.125443e-05,0.000000e+00,35,1,0,1,1,0,
019_pitcher_base,s0_gate_off_019_pitcher_base_t13,complete_only,920,0.775887,0.042145,0.000000e+00,0.000000e+00,547,0.028096,0.000000e+00,0.056193,0.000000e+00,0.000000e+00,55,1,0,1,1,0,
019_pitcher_base,s0_gate_off_019_pitcher_base_t14,complete_only,10,0.960799,0.040608,6.066893e-05,4.936419e-04,489,0.027072,1.171057e-03,0.054144,4.617548e-05,4.197775e-02,41,1,0,1,1,1,
019_pitcher_base,s0_gate_off_019_pitcher_base_t16,complete_only,520,0.888962,0.039486,2.359234e-06,1.378768e-05,507,0.026324,7.466788e-07,0.052647,3.923633e-06,0.000000e+00,56,1,0,1,1,0,
019_pitcher_base,s0_gate_off_019_pitcher_base_t17,complete_only,65,0.936741,0.040669,5.592011e-06,2.873671e-05,942,0.027112,3.804293e-06,0.054225,7.529047e-06,1.150730e-01,106,1,0,1,1,0,
019_pitcher_base,s0_gate_off_019_pitcher_base_t20,complete_only,498,0.868703,0.040079,6.644254e-06,3.522924e-05,766,0.026719,6.433829e-06,0.053438,6.582042e-06,1.011254e-02,61,1,0,1,1,0,
019_pitcher_base,s0_gate_off_019_pitcher_base_t21,complete_only,4,0.946935,0.028744,5.466393e-04,1.316706e-03,989,0.019162,1.178842e-03,0.038325,3.243152e-04,1.013828e+00,219,1,0,1,1,0,
019_pitcher_base,s0_gate_off_019_pitcher_base_t23,complete_only,256,0.923849,0.042508,3.629407e-05,2.127210e-04,1113,0.028339,3.667749e-05,0.056678,3.973658e-05,6.886895e-02,60,1,0,1,1,0,
019_pitcher_base,s0_gate_off_019_pitcher_base_t26,complete_only,50,0.946455,0.037017,2.198367e-03,7.400984e-03,303,0.024678,3.359515e-03,0.049356,2.299741e-03,2.446280e+00,95,1,0,1,1,0,
019_pitcher_base,s0_gate_off_019_pitcher_base_t27,complete_only,56,0.946668,0.040356,4.476413e-05,2.685124e-04,518,0.026904,6.492871e-05,0.053807,4.242913e-05,6.536037e-02,51,1,0,1,1,0,
019_pitcher_base,s0_gate_off_019_pitcher_base_t28,complete_only,173,0.924474,0.039390,8.192616e-06,9.810634e-05,448,0.026260,0.000000e+00,0.052520,1.103116e-05,0.000000e+00,55,1,0,1,1,0,
019_pitcher_base,s0_gate_off_019_pitcher_base_t29,complete_only,490,0.896736,0.040113,1.453734e-05,7.671557e-05,530,0.026742,0.000000e+00,0.053484,3.417614e-05,0.000000e+00,38,1,0,1,1,0,
019_pitcher_base,s0_gate_off_019_pitcher_base_t30,complete_only,389,0.914704,0.043309,3.223661e-06,5.002234e-06,635,0.028873,9.454373e-07,0.057746,1.129664e-05,0.000000e+00,42,1,0,1,1,0,
019_pitcher_base,s0_gate_off_019_pitcher_base_t31,complete_only,656,0.806760,0.040190,1.046977e-03,4.373233e-03,343,0.026793,7.700277e-04,0.053587,8.048074e-04,3.983290e-01,29,1,0,1,1,0,
019_pitcher_base,s0_gate_off_019_pitcher_base_t34,complete_only,417,0.896812,0.043110,2.195790e-05,1.202693e-04,578,0.028740,1.751794e-05,0.057480,1.839566e-05,1.268481e-01,81,1,0,1,1,0,
019_pitcher_base,s0_gate_off_019_pitcher_base_t35,complete_only,720,0.847418,0.041759,0.000000e+00,0.000000e+00,416,0.027839,0.000000e+00,0.055679,8.413957e-07,0.000000e+00,44,1,0,1,1,0,
019_pitcher_base,s0_gate_off_019_pitcher_base_t36,complete_only,436,0.918941,0.031331,8.770197e-05,3.986498e-04,389,0.020887,6.892842e-04,0.041774,5.768433e-05,5.059669e-02,60,1,0,1,1,0,
019_pitcher_base,s0_gate_off_019_pitcher_base_t39,complete_only,322,0.891697,0.037740,3.408304e-05,1.053951e-04,933,0.025160,4.879525e-05,0.050320,2.813380e-05,1.733820e-01,55,1,0,1,1,0,
019_pitcher_base,s0_gate_off_019_pitcher_base_t40,complete_only,416,0.922051,0.040254,4.008953e-07,0.000000e+00,430,0.026836,0.000000e+00,0.053672,2.098982e-06,0.000000e+00,21,1,0,1,1,0,
019_pitcher_base,s0_gate_off_019_pitcher_base_t41,complete_only,610,0.863784,0.042717,5.679819e-07,0.000000e+00,576,0.028478,0.000000e+00,0.056956,1.479439e-06,0.000000e+00,47,1,0,1,1,0,
019_pitcher_base,s0_gate_off_019_pitcher_base_t43,complete_only,555,0.906377,0.038548,8.026948e-06,9.517721e-05,294,0.025699,1.537281e-06,0.051398,1.392732e-05,2.808758e-02,64,1,0,1,1,1,
019_pitcher_base,s0_gate_off_019_pitcher_base_t44,complete_only,700,0.895100,0.039471,1.181623e-05,6.977242e-05,499,0.026314,5.527380e-06,0.052628,2.189674e-05,0.000000e+00,58,1,0,1,1,0,
019_pitcher_base,s0_gate_off_019_pitcher_base_t46,complete_only,411,0.878582,0.040627,1.618194e-06,4.615160e-06,561,0.027085,0.000000e+00,0.054170,2.199974e-06,0.000000e+00,77,1,0,1,1,0,
019_pitcher_base,s0_gate_off_019_pitcher_base_t47,complete_only,79,0.937987,0.034154,2.570482e-04,1.146324e-03,607,0.022769,5.913535e-04,0.045539,2.152968e-04,5.451489e-01,60,1,0,1,1,0,
019_pitcher_base,s0_gate_off_019_pitcher_base_t48,complete_only,652,0.904180,0.040032,1.759834e-06,6.171801e-06,574,0.026688,0.000000e+00,0.053376,1.764277e-06,0.000000e+00,41,1,0,1,1,0,
019_pitcher_base,s0_gate_off_019_pitcher_base_t49,complete_only,327,0.904074,0.042439,5.010812e-06,3.921643e-05,583,0.028293,6.648419e-07,0.056586,6.903500e-06,0.000000e+00,63,1,0,1,1,0,
010_potted_meat_can,s0_partial_only_010_potted_meat_can_t0,partial_only,1289,0.417170,,,,,,,,,,,1,0,1,1,0,
010_potted_meat_can,s0_partial_only_010_potted_meat_can_t1,partial_only,1246,0.670522,,,,,,,,,,,1,0,1,1,0,
010_potted_meat_can,s0_partial_only_010_potted_meat_can_t2,partial_only,1086,0.809492,,,,,,,,,,,1,0,1,1,0,
010_potted_meat_can,s0_partial_only_010_potted_meat_can_t3,partial_only,1374,0.402617,,,,,,,,,,,1,0,1,1,1,
010_potted_meat_can,s0_partial_only_010_potted_meat_can_t4,partial_only,1077,0.751935,,,,,,,,,,,1,0,1,1,0,
010_potted_meat_can,s0_partial_only_010_potted_meat_can_t5,partial_only,1076,0.786738,,,,,,,,,,,1,0,1,1,0,
010_potted_meat_can,s0_partial_only_010_potted_meat_can_t6,partial_only,1135,0.644662,,,,,,,,,,,1,0,1,1,0,
010_potted_meat_can,s0_partial_only_010_potted_meat_can_t7,partial_only,66,0.932545,,,,,,,,,,,1,0,1,1,1,
010_potted_meat_can,s0_partial_only_010_potted_meat_can_t8,partial_only,853,0.738496,,,,,,,,,,,1,0,1,1,0,
010_potted_meat_can,s0_partial_only_010_potted_meat_can_t9,partial_only,1213,0.558097,,,,,,,,,,,1,0,1,1,0,
010_potted_meat_can,s0_partial_only_010_potted_meat_can_t10,partial_only,1204,0.778785,,,,,,,,,,,1,0,1,1,0,
010_potted_meat_can,s0_partial_only_010_potted_meat_can_t11,partial_only,1193,0.758009,,,,,,,,,,,1,0,1,1,0,
010_potted_meat_can,s0_partial_only_010_potted_meat_can_t12,partial_only,1091,0.632152,,,,,,,,,,,1,0,1,1,0,
010_potted_meat_can,s0_partial_only_010_potted_meat_can_t13,partial_only,1156,0.570778,,,,,,,,,,,1,0,1,1,0,
010_potted_meat_can,s0_partial_only_010_potted_meat_can_t14,partial_only,1132,0.803335,,,,,,,,,,,1,0,1,1,0,
010_potted_meat_can,s0_partial_only_010_potted_meat_can_t15,partial_only,1061,0.704938,,,,,,,,,,,1,0,1,1,0,
010_potted_meat_can,s0_partial_only_010_potted_meat_can_t16,partial_only,1301,0.562130,,,,,,,,,,,1,0,1,1,0,
010_potted_meat_can,s0_partial_only_010_potted_meat_can_t17,partial_only,222,0.944979,,,,,,,,,,,1,0,1,1,0,
010_potted_meat_can,s0_partial_only_010_potted_meat_can_t18,partial_only,623,0.884611,,,,,,,,,,,1,0,1,1,0,
010_potted_meat_can,s0_partial_only_010_potted_meat_can_t19,partial_only,1310,0.595117,,,,,,,,,,,1,0,1,1,0,
010_potted_meat_can,s0_partial_only_010_potted_meat_can_t20,partial_only,1272,0.580939,,,,,,,,,,,1,0,1,1,0,
010_potted_meat_can,s0_partial_only_010_potted_meat_can_t21,partial_only,219,0.933379,,,,,,,,,,,1,0,1,1,0,
010_potted_meat_can,s0_partial_only_010_potted_meat_can_t22,partial_only,1145,0.544862,,,,,,,,,,,1,0,1,1,0,
010_potted_meat_can,s0_partial_only_010_potted_meat_can_t23,partial_only,1007,0.824498,,,,,,,,,,,1,0,1,1,0,
010_potted_meat_can,s0_partial_only_010_potted_meat_can_t24,partial_only,167,0.952758,,,,,,,,,,,1,0,1,1,1,
010_potted_meat_can,s0_partial_only_010_potted_meat_can_t25,partial_only,17,0.902480,,,,,,,,,,,1,0,1,1,1,
010_potted_meat_can,s0_partial_only_010_potted_meat_can_t26,partial_only,1173,0.779767,,,,,,,,,,,1,0,1,1,0,
010_potted_meat_can,s0_partial_only_010_potted_meat_can_t27,partial_only,1114,0.784085,,,,,,,,,,,1,0,1,1,0,
010_potted_meat_can,s0_partial_only_010_potted_meat_can_t28,partial_only,1265,0.507270,,,,,,,,,,,1,0,1,1,0,
010_potted_meat_can,s0_partial_only_010_potted_meat_can_t29,partial_only,687,0.895808,,,,,,,,,,,1,0,1,1,0,
010_potted_meat_can,s0_partial_only_010_potted_meat_can_t30,partial_only,1142,0.687098,,,,,,,,,,,1,0,1,1,0,
010_potted_meat_can,s0_partial_only_010_potted_meat_can_t31,partial_only,1190,0.692370,,,,,,,,,,,1,0,1,1,0,
010_potted_meat_can,s0_partial_only_010_potted_meat_can_t32,partial_only,1027,0.816233,,,,,,,,,,,1,0,1,1,0,
010_potted_meat_can,s0_partial_only_010_potted_meat_can_t33,partial_only,784,0.668139,,,,,,,,,,,1,0,1,1,0,
010_potted_meat_can,s0_partial_only_010_potted_meat_can_t34,partial_only,685,0.885918,,,,,,,,,,,1,0,1,1,0,
010_potted_meat_can,s0_partial_only_010_potted_meat_can_t35,partial_only,1445,0.395495,,,,,,,,,,,1,0,1,1,0,
010_potted_meat_can,s0_partial_only_010_potted_meat_can_t36,partial_only,1292,0.631569,,,,,,,,,,,1,0,1,1,0,
010_potted_meat_can,s0_partial_only_010_potted_meat_can_t37,partial_only,506,0.900826,,,,,,,,,,,1,0,1,1,0,
010_potted_meat_can,s0_partial_only_010_potted_meat_can_t38,partial_only,944,0.803746,,,,,,,,,,,1,0,1,1,0,
010_potted_meat_can,s0_partial_only_010_potted_meat_can_t39,partial_only,851,0.812381,,,,,,,,,,,1,0,1,1,0,
010_potted_meat_can,s0_partial_only_010_potted_meat_can_t40,partial_only,1089,0.733156,,,,,,,,,,,1,0,1,1,0,
010_potted_meat_can,s0_partial_only_010_potted_meat_can_t41,partial_only,1185,0.533964,,,,,,,,,,,1,0,1,1,0,
010_potted_meat_can,s0_partial_only_010_potted_meat_can_t42,partial_only,632,0.763821,,,,,,,,,,,1,0,1,1,0,
010_potted_meat_can,s0_partial_only_010_potted_meat_can_t43,partial_only,1365,0.443764,,,,,,,,,,,1,0,1,1,1,
010_potted_meat_can,s0_partial_only_010_potted_meat_can_t44,partial_only,1057,0.797540,,,,,,,,,,,1,0,1,1,0,
010_potted_meat_can,s0_partial_only_010_potted_meat_can_t45,partial_only,120,0.928645,,,,,,,,,,,1,0,1,1,1,
010_potted_meat_can,s0_partial_only_010_potted_meat_can_t46,partial_only,258,0.933780,,,,,,,,,,,1,0,1,1,0,
010_potted_meat_can,s0_partial_only_010_potted_meat_can_t47,partial_only,14,0.898497,,,,,,,,,,,1,0,1,1,0,
010_potted_meat_can,s0_partial_only_010_potted_meat_can_t48,partial_only,1101,0.760519,,,,,,,,,,,1,0,1,1,0,
010_potted_meat_can,s0_partial_only_010_potted_meat_can_t49,partial_only,1256,0.455851,,,,,,,,,,,1,0,1,1,0,
003_cracker_box,s0_partial_only_003_cracker_box_t0,partial_only,702,0.919668,,,,,,,,,,,1,0,1,1,0,
003_cracker_box,s0_partial_only_003_cracker_box_t1,partial_only,239,0.946320,,,,,,,,,,,1,0,1,1,0,
003_cracker_box,s0_partial_only_003_cracker_box_t2,partial_only,63,0.967978,,,,,,,,,,,1,0,1,1,0,
003_cracker_box,s0_partial_only_003_cracker_box_t3,partial_only,487,0.938076,,,,,,,,,,,1,0,1,1,0,
003_cracker_box,s0_partial_only_003_cracker_box_t4,partial_only,355,0.946732,,,,,,,,,,,1,0,1,1,0,
003_cracker_box,s0_partial_only_003_cracker_box_t5,partial_only,771,0.813369,,,,,,,,,,,1,0,1,1,0,
003_cracker_box,s0_partial_only_003_cracker_box_t6,partial_only,490,0.730779,,,,,,,,,,,1,0,1,1,0,
003_cracker_box,s0_partial_only_003_cracker_box_t7,partial_only,302,0.923164,,,,,,,,,,,1,0,1,1,0,
003_cracker_box,s0_partial_only_003_cracker_box_t8,partial_only,0,0.982577,,,,,,,,,,,0,0,1,1,,
003_cracker_box,s0_partial_only_003_cracker_box_t9,partial_only,950,0.750471,,,,,,,,,,,1,0,1,1,0,
003_cracker_box,s0_partial_only_003_cracker_box_t10,partial_only,1311,0.799286,,,,,,,,,,,1,0,1,1,0,
003_cracker_box,s0_partial_only_003_cracker_box_t11,partial_only,1934,0.062962,,,,,,,,,,,1,0,1,1,0,
003_cracker_box,s0_partial_only_003_cracker_box_t12,partial_only,789,0.694155,,,,,,,,,,,1,0,1,1,0,
003_cracker_box,s0_partial_only_003_cracker_box_t13,partial_only,679,0.857038,,,,,,,,,,,1,0,1,1,0,
003_cracker_box,s0_partial_only_003_cracker_box_t14,partial_only,1920,0.057562,,,,,,,,,,,1,0,1,1,0,
003_cracker_box,s0_partial_only_003_cracker_box_t15,partial_only,1800,0.335418,,,,,,,,,,,1,0,1,1,0,
003_cracker_box,s0_partial_only_003_cracker_box_t16,partial_only,97,0.839051,,,,,,,,,,,1,0,1,1,0,
003_cracker_box,s0_partial_only_003_cracker_box_t17,partial_only,133,0.930276,,,,,,,,,,,1,0,1,1,0,
003_cracker_box,s0_partial_only_003_cracker_box_t18,partial_only,1,0.972401,,,,,,,,,,,1,0,1,1,0,
003_cracker_box,s0_partial_only_003_cracker_box_t20,partial_only,645,0.727969,,,,,,,,,,,1,0,1,1,0,
003_cracker_box,s0_partial_only_003_cracker_box_t21,partial_only,651,0.871985,,,,,,,,,,,1,0,1,1,0,
003_cracker_box,s0_partial_only_003_cracker_box_t22,partial_only,1159,0.675095,,,,,,,,,,,1,0,1,1,0,
003_cracker_box,s0_partial_only_003_cracker_box_t23,partial_only,92,0.972443,,,,,,,,,,,1,0,1,1,0,
003_cracker_box,s0_partial_only_003_cracker_box_t24,partial_only,535,0.868632,,,,,,,,,,,1,0,1,1,0,
003_cracker_box,s0_partial_only_003_cracker_box_t25,partial_only,1511,0.736785,,,,,,,,,,,1,0,1,1,0,
003_cracker_box,s0_partial_only_003_cracker_box_t26,partial_only,1605,0.503302,,,,,,,,,,,1,0,1,1,0,
003_cracker_box,s0_partial_only_003_cracker_box_t27,partial_only,175,0.960771,,,,,,,,,,,1,0,1,1,0,
003_cracker_box,s0_partial_only_003_cracker_box_t28,partial_only,1179,0.695032,,,,,,,,,,,1,0,1,1,0,
003_cracker_box,s0_partial_only_003_cracker_box_t29,partial_only,0,0.980446,,,,,,,,,,,0,0,1,1,,
003_cracker_box,s0_partial_only_003_cracker_box_t30,partial_only,1963,0.061353,,,,,,,,,,,1,0,1,1,0,
003_cracker_box,s0_partial_only_003_cracker_box_t31,partial_only,887,0.765808,,,,,,,,,,,1,0,1,1,0,
003_cracker_box,s0_partial_only_003_cracker_box_t32,partial_only,748,0.925836,,,,,,,,,,,1,0,1,1,0,
003_cracker_box,s0_partial_only_003_cracker_box_t34,partial_only,1800,0.333885,,,,,,,,,,,1,0,1,1,0,
003_cracker_box,s0_partial_only_003_cracker_box_t35,partial_only,359,0.770151,,,,,,,,,,,1,0,1,1,0,
003_cracker_box,s0_partial_only_003_cracker_box_t36,partial_only,349,0.918542,,,,,,,,,,,1,0,1,1,0,
003_cracker_box,s0_partial_only_003_cracker_box_t37,partial_only,23,0.964613,,,,,,,,,,,1,0,1,1,0,
003_cracker_box,s0_partial_only_003_cracker_box_t38,partial_only,1726,0.576032,,,,,,,,,,,1,0,1,1,0,
003_cracker_box,s0_partial_only_003_cracker_box_t39,partial_only,562,0.949615,,,,,,,,,,,1,0,1,1,0,
003_cracker_box,s0_partial_only_003_cracker_box_t41,partial_only,906,0.877162,,,,,,,,,,,1,0,1,1,0,
003_cracker_box,s0_partial_only_003_cracker_box_t42,partial_only,0,0.982736,,,,,,,,,,,0,0,1,1,,
003_cracker_box,s0_partial_only_003_cracker_box_t43,partial_only,511,0.883804,,,,,,,,,,,1,0,1,1,0,
003_cracker_box,s0_partial_only_003_cracker_box_t44,partial_only,70,0.967851,,,,,,,,,,,1,0,1,1,0,
003_cracker_box,s0_partial_only_003_cracker_box_t45,partial_only,431,0.945017,,,,,,,,,,,1,0,1,1,0,
003_cracker_box,s0_partial_only_003_cracker_box_t46,partial_only,720,0.868376,,,,,,,,,,,1,0,1,1,0,
003_cracker_box,s0_partial_only_003_cracker_box_t47,partial_only,1268,0.864167,,,,,,,,,,,1,0,1,1,0,
003_cracker_box,s0_partial_only_003_cracker_box_t48,partial_only,88,0.965856,,,,,,,,,,,1,0,1,1,0,
003_cracker_box,s0_partial_only_003_cracker_box_t49,partial_only,587,0.913880,,,,,,,,,,,1,0,1,1,0,
005_tomato_soup_can,s0_complete_v2_005_tomato_soup_can_t0,complete_only,2,0.914027,0.019709,1.604846e-06,4.198778e-06,982,0.013140,1.224193e-06,0.026279,2.085376e-06,7.799132e-01,872,1,0,1,1,1,
005_tomato_soup_can,s0_complete_v2_005_tomato_soup_can_t1,complete_only,17,0.870612,0.019883,1.729687e-06,4.350536e-06,1451,0.013255,1.469837e-06,0.026510,2.316424e-06,7.343329e-01,870,1,0,1,1,1,
005_tomato_soup_can,s0_complete_v2_005_tomato_soup_can_t2,complete_only,5,0.901047,0.019700,2.646950e-06,5.020402e-06,481,0.013133,2.900751e-06,0.026266,2.367748e-06,4.295516e-01,392,1,0,1,1,1,
005_tomato_soup_can,s0_complete_v2_005_tomato_soup_can_t3,complete_only,12,0.898325,0.019663,1.631511e-06,4.765765e-06,1282,0.013109,1.379529e-06,0.026217,2.130455e-06,8.962690e-01,1006,1,0,1,1,1,
005_tomato_soup_can,s0_complete_v2_005_tomato_soup_can_t4,complete_only,10,0.896435,0.019175,1.870903e-06,3.820346e-06,931,0.012783,1.325055e-06,0.025567,2.341333e-06,9.320249e-01,931,1,0,1,1,0,
005_tomato_soup_can,s0_complete_v2_005_tomato_soup_can_t5,complete_only,2,0.905319,0.019615,2.083494e-06,8.155888e-06,564,0.013077,2.319908e-06,0.026154,1.748316e-06,5.556781e-01,546,1,0,1,1,1,
005_tomato_soup_can,s0_complete_v2_005_tomato_soup_can_t6,complete_only,10,0.883056,0.019577,7.445866e-06,1.800150e-05,480,0.013051,8.290934e-06,0.026102,5.275102e-06,6.750827e-01,554,1,0,1,1,1,
005_tomato_soup_can,s0_complete_v2_005_tomato_soup_can_t7,complete_only,6,0.902440,0.019566,4.345126e-06,1.218539e-05,501,0.013044,4.492471e-06,0.026088,3.993816e-06,4.716090e-01,427,1,0,1,1,1,
005_tomato_soup_can,s0_complete_v2_005_tomato_soup_can_t8,complete_only,4,0.906228,0.019714,2.707709e-06,5.692748e-06,1010,0.013142,2.339555e-06,0.026285,3.355234e-06,1.023095e+00,1009,1,0,1,1,1,
005_tomato_soup_can,s0_complete_v2_005_tomato_soup_can_t9,complete_only,1,0.910110,0.019490,1.612716e-06,2.835253e-06,875,0.012993,1.543839e-06,0.025987,1.858417e-06,7.582913e-01,843,1,0,1,1,1,
005_tomato_soup_can,s0_complete_v2_005_tomato_soup_can_t10,complete_only,5,0.899430,0.019507,5.064294e-06,1.519086e-05,589,0.013005,6.058335e-06,0.026009,4.478660e-06,5.746632e-01,460,1,0,1,1,1,
005_tomato_soup_can,s0_complete_v2_005_tomato_soup_can_t11,complete_only,17,0.885580,0.019530,3.585238e-06,7.900966e-06,524,0.013020,3.993773e-06,0.026041,3.263502e-06,4.988172e-01,493,1,0,1,1,1,
005_tomato_soup_can,s0_complete_v2_005_tomato_soup_can_t12,complete_only,4,0.912527,0.019599,2.546971e-06,7.757131e-06,638,0.013066,2.567137e-06,0.026132,2.523806e-06,4.214545e-01,484,1,0,1,1,1,
005_tomato_soup_can,s0_complete_v2_005_tomato_soup_can_t13,complete_only,15,0.887647,0.019650,1.514038e-06,2.254811e-06,1039,0.013100,1.492178e-06,0.026200,1.673606e-06,7.498023e-01,945,1,0,1,1,1,
005_tomato_soup_can,s0_complete_v2_005_tomato_soup_can_t14,complete_only,10,0.897484,0.019582,4.865046e-06,1.395187e-05,500,0.013055,5.365858e-06,0.026110,4.219593e-06,5.352714e-01,469,1,0,1,1,1,
005_tomato_soup_can,s0_complete_v2_005_tomato_soup_can_t15,complete_only,12,0.898927,0.019607,1.809627e-06,5.136392e-06,1378,0.013072,1.340498e-06,0.026143,2.226742e-06,9.834110e-01,1046,1,0,1,1,1,
005_tomato_soup_can,s0_complete_v2_005_tomato_soup_can_t16,complete_only,7,0.893495,0.019567,5.350498e-06,1.412938e-05,474,0.013045,6.045631e-06,0.026090,4.186632e-06,4.317490e-01,429,1,0,1,1,1,
005_tomato_soup_can,s0_complete_v2_005_tomato_soup_can_t17,complete_only,0,0.921239,0.019387,2.165431e-05,5.611729e-05,325,0.012925,2.578896e-05,0.025850,1.603144e-05,5.470851e-01,397,1,0,1,1,1,
005_tomato_soup_can,s0_complete_v2_005_tomato_soup_can_t18,complete_only,3,0.906111,0.019408,2.622874e-05,6.606354e-05,329,0.012939,3.082661e-05,0.025878,1.938394e-05,6.273185e-01,394,1,0,1,1,1,
005_tomato_soup_can,s0_complete_v2_005_tomato_soup_can_t19,complete_only,10,0.878714,0.019888,1.842771e-06,4.885417e-06,1153,0.013259,1.443608e-06,0.026517,2.436092e-06,1.033012e+00,1063,1,0,1,1,1,
005_tomato_soup_can,s0_complete_v2_005_tomato_soup_can_t20,complete_only,18,0.891109,0.019372,1.949894e-06,5.997286e-06,825,0.012914,1.788459e-06,0.025829,2.294377e-06,8.420220e-01,891,1,0,1,1,1,
005_tomato_soup_can,s0_complete_v2_005_tomato_soup_can_t21,complete_only,2,0.901462,0.019585,5.569143e-06,1.281301e-05,455,0.013057,6.372344e-06,0.026114,4.376081e-06,4.379604e-01,435,1,0,1,1,1,
005_tomato_soup_can,s0_complete_v2_005_tomato_soup_can_t22,complete_only,1,0.914579,0.019333,3.738617e-06,1.353119e-05,497,0.012889,4.126179e-06,0.025777,3.408020e-06,4.003281e-01,347,1,0,1,1,1,
005_tomato_soup_can,s0_complete_v2_005_tomato_soup_can_t23,complete_only,3,0.899847,0.019339,1.552186e-06,4.300738e-06,954,0.012893,1.276694e-06,0.025786,1.729445e-06,8.369692e-01,919,1,0,1,1,1,
005_tomato_soup_can,s0_complete_v2_005_tomato_soup_can_t24,complete_only,3,0.902755,0.019743,1.401875e-06,3.549012e-06,918,0.013162,1.184581e-06,0.026324,1.533704e-06,7.885267e-01,912,1,0,1,1,1,
005_tomato_soup_can,s0_complete_v2_005_tomato_soup_can_t25,complete_only,12,0.900078,0.019602,2.185418e-06,5.967228e-06,934,0.013068,1.953007e-06,0.026136,2.453784e-06,8.651656e-01,949,1,0,1,1,1,
005_tomato_soup_can,s0_complete_v2_005_tomato_soup_can_t26,complete_only,5,0.896771,0.019625,1.887331e-06,3.430956e-06,950,0.013083,1.724094e-06,0.026166,2.170511e-06,9.483248e-01,937,1,0,1,1,0,
005_tomato_soup_can,s0_complete_v2_005_tomato_soup_can_t27,complete_only,0,0.910692,0.019569,1.933266e-06,4.015703e-06,971,0.013046,1.386549e-06,0.026091,2.687367e-06,9.076723e-01,821,1,0,1,1,1,
005_tomato_soup_can,s0_complete_v2_005_tomato_soup_can_t28,complete_only,3,0.913225,0.019457,5.298469e-06,2.206787e-05,534,0.012971,5.525428e-06,0.025943,4.434735e-06,4.307733e-01,410,1,0,1,1,1,
005_tomato_soup_can,s0_complete_v2_005_tomato_soup_can_t29,complete_only,4,0.917039,0.019878,1.843122e-06,3.795739e-06,1092,0.013252,1.352339e-06,0.026504,2.512566e-06,7.300919e-01,854,1,0,1,1,1,
005_tomato_soup_can,s0_complete_v2_005_tomato_soup_can_t30,complete_only,9,0.897192,0.019632,2.137522e-06,5.237702e-06,1198,0.013088,1.876288e-06,0.026176,2.807575e-06,8.423192e-01,924,1,0,1,1,1,
005_tomato_soup_can,s0_complete_v2_005_tomato_soup_can_t31,complete_only,15,0.873855,0.019733,2.124421e-06,5.845997e-06,1117,0.013156,1.655994e-06,0.026311,2.963662e-06,9.097047e-01,915,1,0,1,1,0,
005_tomato_soup_can,s0_complete_v2_005_tomato_soup_can_t32,complete_only,3,0.916390,0.019536,1.558287e-06,3.255668e-06,1229,0.013024,1.295288e-06,0.026048,1.692574e-06,8.682877e-01,956,1,0,1,1,1,
005_tomato_soup_can,s0_complete_v2_005_tomato_soup_can_t33,complete_only,7,0.884433,0.019807,2.544541e-06,5.542016e-06,1095,0.013205,2.468050e-06,0.026409,3.245830e-06,8.845287e-01,957,1,0,1,1,0,
005_tomato_soup_can,s0_complete_v2_005_tomato_soup_can_t34,complete_only,33,0.892728,0.019393,6.213912e-06,2.244369e-05,472,0.012929,6.708888e-06,0.025857,5.331377e-06,5.153146e-01,443,1,0,1,1,1,
005_tomato_soup_can,s0_complete_v2_005_tomato_soup_can_t35,complete_only,4,0.896100,0.019563,1.408966e-06,2.482234e-06,938,0.013042,1.145111e-06,0.026084,1.621758e-06,8.525397e-01,957,1,0,1,1,0,
005_tomato_soup_can,s0_complete_v2_005_tomato_soup_can_t36,complete_only,1,0.909688,0.019603,1.413305e-06,2.159797e-06,999,0.013069,1.360372e-06,0.026138,1.631095e-06,8.616292e-01,978,1,0,1,1,0,
005_tomato_soup_can,s0_complete_v2_005_tomato_soup_can_t37,complete_only,7,0.900723,0.019376,1.548935e-06,2.712905e-06,921,0.012917,1.461591e-06,0.025834,1.925293e-06,9.715391e-01,942,1,0,1,1,1,
005_tomato_soup_can,s0_complete_v2_005_tomato_soup_can_t38,complete_only,4,0.899353,0.019868,1.806860e-06,2.826579e-06,1146,0.013245,1.461619e-06,0.026491,2.503830e-06,6.867222e-01,769,1,0,1,1,0,
005_tomato_soup_can,s0_complete_v2_005_tomato_soup_can_t39,complete_only,8,0.898712,0.019372,7.583419e-06,1.770727e-05,626,0.012915,8.638083e-06,0.025830,6.024365e-06,5.704715e-01,490,1,0,1,1,1,
005_tomato_soup_can,s0_complete_v2_005_tomato_soup_can_t40,complete_only,3,0.921447,0.019628,1.351967e-06,2.694850e-06,1104,0.013085,1.127255e-06,0.026170,1.546012e-06,8.123740e-01,947,1,0,1,1,1,
005_tomato_soup_can,s0_complete_v2_005_tomato_soup_can_t41,complete_only,2,0.900000,0.019680,2.245507e-06,4.146166e-06,929,0.013120,1.799341e-06,0.026240,2.491947e-06,1.033882e+00,1007,1,0,1,1,1,
005_tomato_soup_can,s0_complete_v2_005_tomato_soup_can_t42,complete_only,7,0.905459,0.019748,1.631120e-05,5.341861e-05,480,0.013165,1.887514e-05,0.026330,1.187665e-05,5.296693e-01,368,1,0,1,1,1,
005_tomato_soup_can,s0_complete_v2_005_tomato_soup_can_t43,complete_only,1,0.914337,0.019562,3.482637e-06,1.045712e-05,493,0.013042,3.835418e-06,0.026083,2.979230e-06,3.992282e-01,371,1,0,1,1,1,
005_tomato_soup_can,s0_complete_v2_005_tomato_soup_can_t44,complete_only,8,0.905314,0.019772,2.230769e-06,4.008495e-06,963,0.013181,1.899416e-06,0.026362,2.447970e-06,9.871676e-01,1081,1,0,1,1,1,
005_tomato_soup_can,s0_complete_v2_005_tomato_soup_can_t45,complete_only,6,0.899518,0.019469,2.680963e-06,5.031494e-06,525,0.012979,2.676399e-06,0.025959,2.476232e-06,3.298228e-01,400,1,0,1,1,1,
005_tomato_soup_can,s0_complete_v2_005_tomato_soup_can_t46,complete_only,6,0.900038,0.019559,1.686906e-06,5.123629e-06,848,0.013039,1.478739e-06,0.026078,1.775446e-06,8.445111e-01,960,1,0,1,1,1,
005_tomato_soup_can,s0_complete_v2_005_tomato_soup_can_t47,complete_only,1,0.900312,0.020003,2.342644e-06,8.239949e-06,1123,0.013336,1.699711e-06,0.026671,3.344529e-06,8.112650e-01,902,1,0,1,1,1,
005_tomato_soup_can,s0_complete_v2_005_tomato_soup_can_t48,complete_only,9,0.896434,0.019662,1.664442e-06,8.125067e-06,1056,0.013108,1.283938e-06,0.026216,2.053229e-06,6.511837e-01,826,1,0,1,1,0,
005_tomato_soup_can,s0_complete_v2_005_tomato_soup_can_t49,complete_only,5,0.908709,0.019708,1.736204e-06,5.248066e-06,1007,0.013139,1.244481e-06,0.026278,2.261872e-06,9.027297e-01,978,1,0,1,1,1,
035_power_drill,s0_complete_v2_035_power_drill_t0,complete_only,0,0.904302,0.034678,2.582755e-04,1.295210e-03,1262,0.023119,3.356607e-04,0.046238,2.255431e-04,7.558810e-01,324,1,0,1,1,1,
035_power_drill,s0_complete_v2_035_power_drill_t1,complete_only,0,0.962370,0.033908,1.510253e-06,4.619724e-06,1476,0.022605,9.440004e-07,0.045210,2.596206e-06,1.849818e-01,274,1,0,1,1,0,
035_power_drill,s0_complete_v2_035_power_drill_t2,complete_only,3,0.946700,0.014720,2.773886e-05,1.321029e-04,879,0.009813,7.071370e-05,0.019627,1.874945e-05,1.432975e+00,1692,1,0,1,1,0,
035_power_drill,s0_complete_v2_035_power_drill_t3,complete_only,1,0.861141,0.034406,1.131040e-03,2.983878e-03,1131,0.022937,1.651660e-03,0.045874,7.251402e-04,8.553958e-01,137,1,0,1,1,1,
035_power_drill,s0_complete_v2_035_power_drill_t4,complete_only,61,0.910701,0.037561,4.599118e-06,1.809197e-05,1629,0.025041,5.251287e-06,0.050081,4.268436e-06,3.400303e-01,256,1,0,1,1,0,
035_power_drill,s0_complete_v2_035_power_drill_t5,complete_only,1,0.947896,0.040423,3.973890e-03,1.647759e-02,1068,0.026949,8.082825e-03,0.053898,1.361815e-03,6.116577e-01,190,1,0,1,1,1,
035_power_drill,s0_complete_v2_035_power_drill_t6,complete_only,0,0.964638,0.033546,1.247139e-06,6.987653e-06,983,0.022364,1.527108e-06,0.044729,1.365703e-06,9.796376e-02,227,1,0,1,1,0,
035_power_drill,s0_complete_v2_035_power_drill_t7,complete_only,1930,0.283918,0.005389,1.093683e-06,5.367624e-06,796,0.003593,9.307819e-07,0.007186,4.657489e-07,1.604344e-01,475,1,0,1,1,0,
035_power_drill,s0_complete_v2_035_power_drill_t8,complete_only,51,0.913366,0.040580,4.014464e-04,1.683215e-03,830,0.027053,1.247924e-03,0.054106,1.461969e-04,4.617067e-02,108,1,0,1,1,1,
035_power_drill,s0_complete_v2_035_power_drill_t9,complete_only,409,0.845668,0.027485,1.654563e-05,7.737422e-05,2109,0.018324,1.945955e-05,0.036647,1.665134e-05,5.475714e-01,167,1,0,1,1,0,
035_power_drill,s0_complete_v2_035_power_drill_t10,complete_only,148,0.898210,0.039261,4.375480e-06,5.943401e-06,1516,0.026174,1.304147e-06,0.052348,1.802212e-05,2.070754e-01,201,1,0,1,1,1,
035_power_drill,s0_complete_v2_035_power_drill_t11,complete_only,134,0.897844,0.038456,3.634709e-06,4.721262e-06,1702,0.025637,1.583139e-06,0.051275,1.454523e-05,2.945948e-01,288,1,0,1,1,0,
035_power_drill,s0_complete_v2_035_power_drill_t12,complete_only,9,0.946405,0.036113,9.063714e-04,6.318648e-03,1550,0.024076,2.161310e-03,0.048151,3.549625e-04,1.422986e+00,299,1,0,1,1,1,
035_power_drill,s0_complete_v2_035_power_drill_t13,complete_only,0,0.959131,0.034174,4.629996e-06,5.743716e-06,1412,0.022783,1.488063e-06,0.045565,1.255290e-05,2.939676e-01,312,1,0,1,1,1,
035_power_drill,s0_complete_v2_035_power_drill_t14,complete_only,157,0.934662,0.042283,9.974378e-05,1.418686e-04,1930,0.028189,2.656264e-05,0.056378,2.092095e-04,7.191827e-01,486,1,0,1,1,0,
035_power_drill,s0_complete_v2_035_power_drill_t15,complete_only,55,0.943646,0.033364,1.365962e-06,0.000000e+00,505,0.022243,0.000000e+00,0.044485,1.032979e-05,0.000000e+00,108,1,0,1,1,0,
035_power_drill,s0_complete_v2_035_power_drill_t16,complete_only,0,0.966903,0.033999,1.110888e-06,6.469731e-06,962,0.022666,1.257321e-06,0.045332,1.174196e-06,2.038889e-01,286,1,0,1,1,1,
035_power_drill,s0_complete_v2_035_power_drill_t17,complete_only,6,0.966311,0.031864,2.445508e-04,6.810237e-04,495,0.021242,2.174078e-04,0.042485,2.606723e-04,2.097545e+00,147,1,0,1,1,0,
035_power_drill,s0_complete_v2_035_power_drill_t18,complete_only,0,0.950875,0.036647,3.096604e-05,8.177788e-05,960,0.024431,2.767109e-05,0.048863,4.233507e-05,2.591362e-01,150,1,0,1,1,1,
035_power_drill,s0_complete_v2_035_power_drill_t19,complete_only,0,0.958085,0.033889,9.397725e-07,8.501771e-06,1120,0.022593,8.035407e-07,0.045185,2.412945e-06,8.772647e-02,253,1,0,1,1,0,
035_power_drill,s0_complete_v2_035_power_drill_t20,complete_only,0,0.956934,0.033651,1.812397e-06,5.309881e-06,1277,0.022434,1.209842e-06,0.044868,3.879545e-06,2.117392e-01,269,1,0,1,1,0,
035_power_drill,s0_complete_v2_035_power_drill_t21,complete_only,3,0.920124,0.039929,3.902501e-06,0.000000e+00,707,0.026619,0.000000e+00,0.053238,8.965770e-06,0.000000e+00,141,1,0,1,1,0,
035_power_drill,s0_complete_v2_035_power_drill_t22,complete_only,443,0.967838,0.009663,5.838717e-05,1.727748e-04,747,0.006442,5.700712e-05,0.012883,5.106930e-05,3.368794e+00,3202,1,0,1,1,0,
035_power_drill,s0_complete_v2_035_power_drill_t23,complete_only,26,0.932983,0.040310,1.006778e-03,3.752514e-03,798,0.026874,1.716689e-03,0.053747,2.870144e-04,1.416657e-01,93,1,0,1,1,0,
035_power_drill,s0_complete_v2_035_power_drill_t24,complete_only,9,0.916266,0.038841,1.667733e-06,5.017635e-06,818,0.025894,4.589243e-08,0.051788,1.420482e-05,0.000000e+00,119,1,0,1,1,1,
035_power_drill,s0_complete_v2_035_power_drill_t25,complete_only,8,0.940804,0.031862,3.206248e-04,2.633436e-03,740,0.021242,6.863820e-04,0.042483,2.352057e-04,3.204272e-01,213,1,0,1,1,1,
035_power_drill,s0_complete_v2_035_power_drill_t26,complete_only,92,0.937043,0.038693,1.492120e-05,2.217578e-05,2191,0.025795,3.224392e-06,0.051591,3.870141e-05,0.000000e+00,108,1,0,1,1,0,
035_power_drill,s0_complete_v2_035_power_drill_t27,complete_only,100,0.919801,0.038353,1.402394e-06,4.024877e-06,1470,0.025569,1.154467e-06,0.051138,9.192879e-06,1.822516e-01,245,1,0,1,1,1,
035_power_drill,s0_complete_v2_035_power_drill_t28,complete_only,37,0.912550,0.036627,1.207128e-03,8.167242e-03,899,0.024418,1.838668e-03,0.048836,4.626384e-04,2.949636e-01,240,1,0,1,1,1,
035_power_drill,s0_complete_v2_035_power_drill_t29,complete_only,62,0.885177,0.043138,1.167444e-04,4.462202e-04,1392,0.028758,2.393352e-04,0.057517,5.663636e-05,1.190556e-01,123,1,0,1,1,1,
035_power_drill,s0_complete_v2_035_power_drill_t30,complete_only,4,0.937194,0.034916,5.817823e-06,1.236618e-05,854,0.023277,3.691214e-06,0.046554,1.213375e-05,0.000000e+00,110,1,0,1,1,1,
035_power_drill,s0_complete_v2_035_power_drill_t31,complete_only,0,0.952608,0.034217,7.680718e-07,4.079820e-06,1121,0.022811,7.822637e-07,0.045622,8.357495e-07,0.000000e+00,156,1,0,1,1,0,
035_power_drill,s0_complete_v2_035_power_drill_t32,complete_only,0,0.957765,0.040851,7.770415e-04,2.480969e-03,1143,0.027234,7.850877e-04,0.054469,7.072477e-04,5.584995e-01,153,1,0,1,1,1,
035_power_drill,s0_complete_v2_035_power_drill_t33,complete_only,98,0.902108,0.039784,5.871637e-04,3.157697e-03,680,0.026523,7.632307e-04,0.053046,3.331439e-04,6.098442e-02,110,1,0,1,1,1,
035_power_drill,s0_complete_v2_035_power_drill_t34,complete_only,0,0.918184,0.034961,3.327033e-06,6.991120e-06,1074,0.023307,1.740653e-06,0.046615,4.989278e-06,0.000000e+00,106,1,0,1,1,1,
035_power_drill,s0_complete_v2_035_power_drill_t35,complete_only,1,0.954806,0.033633,3.627832e-06,6.071332e-06,1473,0.022422,1.565158e-06,0.044844,1.009200e-05,3.292191e-01,343,1,0,1,1,1,
035_power_drill,s0_complete_v2_035_power_drill_t36,complete_only,382,0.900853,0.019091,2.820674e-04,1.198177e-03,373,0.012727,5.360206e-04,0.025454,2.048273e-04,1.899657e+00,240,1,0,1,1,0,
035_power_drill,s0_complete_v2_035_power_drill_t37,complete_only,1,0.945408,0.041273,1.208759e-06,7.241983e-06,909,0.027515,2.144773e-06,0.055031,1.617441e-05,0.000000e+00,119,1,0,1,1,1,
035_power_drill,s0_complete_v2_035_power_drill_t38,complete_only,229,0.786573,0.006994,1.651728e-05,8.739939e-05,1490,0.004663,1.084053e-05,0.009326,2.190566e-05,7.024882e+00,7684,1,0,1,1,0,
035_power_drill,s0_complete_v2_035_power_drill_t39,complete_only,16,0.898371,0.036396,1.477337e-06,6.422220e-06,889,0.024264,1.061562e-06,0.048528,8.561495e-06,0.000000e+00,104,1,0,1,1,1,
035_power_drill,s0_complete_v2_035_power_drill_t40,complete_only,2,0.930685,0.039252,4.023472e-03,1.044172e-02,535,0.026168,5.679796e-03,0.052336,1.138860e-03,4.372916e-01,77,1,0,1,1,1,
035_power_drill,s0_complete_v2_035_power_drill_t41,complete_only,2,0.912162,0.034838,9.881589e-06,5.391312e-06,1105,0.023225,1.032925e-06,0.046451,6.631403e-05,2.185544e-01,273,1,0,1,1,0,
035_power_drill,s0_complete_v2_035_power_drill_t42,complete_only,11,0.922332,0.039486,1.634209e-03,3.338313e-03,547,0.026324,2.782212e-03,0.052648,2.697916e-04,5.314661e-02,109,1,0,1,1,1,
035_power_drill,s0_complete_v2_035_power_drill_t43,complete_only,226,0.897638,0.042743,3.671263e-05,2.152403e-04,1228,0.028495,1.203007e-05,0.056991,5.656045e-05,1.920457e-01,81,1,0,1,1,0,
035_power_drill,s0_complete_v2_035_power_drill_t44,complete_only,0,0.970019,0.044001,2.419754e-05,1.495083e-04,979,0.029334,2.421930e-05,0.058667,3.843800e-05,2.118391e-02,112,1,0,1,1,0,
035_power_drill,s0_complete_v2_035_power_drill_t45,complete_only,18,0.928502,0.034438,1.528763e-04,1.520667e-03,332,0.022959,1.670676e-04,0.045917,5.989799e-05,0.000000e+00,24,1,0,1,1,1,
035_power_drill,s0_complete_v2_035_power_drill_t47,complete_only,0,0.963355,0.035466,1.353800e-06,3.795622e-06,1711,0.023644,1.107218e-06,0.047288,2.572483e-06,1.905616e-01,349,1,0,1,1,0,
035_power_drill,s0_complete_v2_035_power_drill_t48,complete_only,0,0.950725,0.040171,1.196105e-03,7.254003e-03,996,0.026780,3.951348e-03,0.053561,5.575919e-04,1.571171e-01,128,1,0,1,1,0,
035_power_drill,s0_complete_v2_035_power_drill_t49,complete_only,1,0.874410,0.034133,8.832574e-05,6.613939e-04,1393,0.022756,3.255793e-04,0.045511,1.074026e-04,3.882331e-01,257,1,0,1,1,1,
008_pudding_box,s0_complete_v2_008_pudding_box_t0,complete_only,0,0.934960,0.021157,1.132675e-05,1.405234e-05,476,0.014105,5.500597e-06,0.028209,1.433279e-05,3.128753e-01,335,1,0,1,1,1,
008_pudding_box,s0_complete_v2_008_pudding_box_t1,complete_only,0,0.965223,0.028751,1.937374e-06,3.332489e-06,2469,0.019167,1.769930e-06,0.038335,2.065494e-06,6.727642e-01,823,1,0,1,1,1,
008_pudding_box,s0_complete_v2_008_pudding_box_t2,complete_only,365,0.845788,0.025359,1.336394e-05,6.160869e-06,2236,0.016906,2.201821e-05,0.033812,1.546057e-05,5.289412e-01,641,1,0,1,1,1,
008_pudding_box,s0_complete_v2_008_pudding_box_t3,complete_only,0,0.931335,0.022335,3.125732e-05,7.333038e-05,785,0.014890,3.062842e-05,0.029780,3.301874e-05,6.564780e-01,464,1,0,1,1,1,
008_pudding_box,s0_complete_v2_008_pudding_box_t4,complete_only,830,0.800005,0.024081,5.102261e-05,1.695087e-05,2170,0.016054,4.273891e-05,0.032109,4.365587e-05,3.811193e-01,262,1,0,1,1,0,
008_pudding_box,s0_complete_v2_008_pudding_box_t5,complete_only,1376,0.664914,0.027766,8.471059e-06,4.210081e-06,3376,0.018511,1.114013e-05,0.037021,1.404280e-05,6.273400e-01,615,1,0,1,1,1,
008_pudding_box,s0_complete_v2_008_pudding_box_t6,complete_only,0,0.967344,0.024882,1.088739e-06,1.969176e-06,1340,0.016588,1.071558e-06,0.033176,1.139685e-06,3.236595e-01,432,1,0,1,1,1,
008_pudding_box,s0_complete_v2_008_pudding_box_t7,complete_only,0,0.986349,0.026085,1.766091e-05,3.292067e-05,1954,0.017390,1.638779e-05,0.034780,1.293877e-05,4.055714e-01,535,1,0,1,1,1,
008_pudding_box,s0_complete_v2_008_pudding_box_t8,complete_only,0,0.954074,0.020903,6.325027e-05,2.603275e-04,746,0.013935,4.385835e-05,0.027871,5.652919e-05,1.034786e+00,620,1,0,1,1,1,
008_pudding_box,s0_complete_v2_008_pudding_box_t9,complete_only,0,0.938460,0.024915,1.282809e-06,3.338664e-06,1534,0.016610,1.197872e-06,0.033219,1.398183e-06,2.572128e-01,398,1,0,1,1,1,
008_pudding_box,s0_complete_v2_008_pudding_box_t10,complete_only,346,0.811816,0.025244,2.333993e-05,2.982191e-05,1266,0.016829,2.203908e-05,0.033659,2.620248e-05,1.845027e+00,1216,1,0,1,1,1,
008_pudding_box,s0_complete_v2_008_pudding_box_t11,complete_only,350,0.845328,0.024778,1.052093e-06,2.597368e-06,3254,0.016518,9.999411e-07,0.033037,1.059583e-06,9.469333e-01,998,1,0,1,1,1,
008_pudding_box,s0_complete_v2_008_pudding_box_t12,complete_only,0,0.958921,0.024841,9.803110e-07,2.103411e-06,1589,0.016561,7.746616e-07,0.033122,1.168236e-06,3.326636e-01,436,1,0,1,1,1,
008_pudding_box,s0_complete_v2_008_pudding_box_t13,complete_only,0,0.934945,0.022757,1.424665e-06,6.031980e-06,816,0.015171,9.466641e-07,0.030343,1.792203e-06,1.279426e-01,230,1,0,1,1,1,
008_pudding_box,s0_complete_v2_008_pudding_box_t14,complete_only,185,0.861626,0.024501,2.160681e-05,3.334726e-06,2800,0.016334,2.666104e-05,0.032668,2.451142e-05,5.993136e-01,670,1,0,1,1,1,
008_pudding_box,s0_complete_v2_008_pudding_box_t15,complete_only,106,0.865605,0.021171,3.730335e-05,1.540410e-04,934,0.014114,1.007110e-04,0.028228,2.374448e-05,1.031624e+00,798,1,0,1,1,1,
008_pudding_box,s0_complete_v2_008_pudding_box_t16,complete_only,0,0.961145,0.025637,1.160733e-06,2.411448e-06,1547,0.017091,1.097406e-06,0.034182,1.293595e-06,4.578316e-01,570,1,0,1,1,1,
008_pudding_box,s0_complete_v2_008_pudding_box_t17,complete_only,0,0.969720,0.022977,1.176563e-06,2.234829e-06,1233,0.015318,1.156532e-06,0.030636,1.121807e-06,2.495638e-01,409,1,0,1,1,1,
008_pudding_box,s0_complete_v2_008_pudding_box_t18,complete_only,24,0.960860,0.024822,1.681566e-06,3.151203e-06,1463,0.016548,1.787360e-06,0.033096,1.665362e-06,3.582329e-01,430,1,0,1,1,1,
008_pudding_box,s0_complete_v2_008_pudding_box_t19,complete_only,0,0.950483,0.026696,6.918226e-05,2.173359e-04,736,0.017798,6.803919e-05,0.035595,4.600215e-05,1.682943e+00,364,1,0,1,1,0,
008_pudding_box,s0_complete_v2_008_pudding_box_t20,complete_only,0,0.964194,0.024519,2.151977e-06,4.869001e-06,1608,0.016346,1.722397e-06,0.032692,2.449656e-06,5.917437e-01,656,1,0,1,1,1,
008_pudding_box,s0_complete_v2_008_pudding_box_t21,complete_only,0,0.978460,0.022353,8.944962e-07,2.028780e-06,1270,0.014902,1.079495e-06,0.029805,9.376495e-07,4.131240e-01,521,1,0,1,1,1,
008_pudding_box,s0_complete_v2_008_pudding_box_t22,complete_only,0,0.919859,0.021277,4.260316e-06,4.523095e-05,820,0.014185,3.428399e-06,0.028369,7.458122e-06,4.264120e-01,445,1,0,1,1,1,
008_pudding_box,s0_complete_v2_008_pudding_box_t23,complete_only,271,0.877757,0.026333,6.281233e-06,2.542012e-06,3756,0.017556,6.563608e-06,0.035111,8.355700e-06,9.792068e-01,987,1,0,1,1,1,
008_pudding_box,s0_complete_v2_008_pudding_box_t24,complete_only,0,0.975669,0.022468,1.440030e-06,9.598959e-06,1058,0.014979,1.260116e-06,0.029958,1.376748e-06,3.718471e-01,485,1,0,1,1,1,
008_pudding_box,s0_complete_v2_008_pudding_box_t25,complete_only,0,0.973184,0.029941,4.057872e-07,7.818567e-07,4504,0.019960,4.333707e-07,0.039921,3.821514e-07,5.214239e-01,882,1,0,1,1,1,
008_pudding_box,s0_complete_v2_008_pudding_box_t26,complete_only,811,0.805685,0.025031,6.257853e-06,2.638576e-06,3235,0.016688,9.764434e-07,0.033375,2.436391e-05,8.713060e-01,939,1,0,1,1,1,
008_pudding_box,s0_complete_v2_008_pudding_box_t27,complete_only,191,0.843625,0.024475,1.254947e-06,2.455852e-06,3270,0.016316,1.131419e-06,0.032633,3.713554e-06,1.292201e+00,1380,1,0,1,1,1,
008_pudding_box,s0_complete_v2_008_pudding_box_t28,complete_only,0,0.932691,0.020943,8.607308e-06,2.317798e-05,842,0.013962,6.670530e-06,0.027924,1.086670e-05,5.575735e-01,439,1,0,1,1,1,
008_pudding_box,s0_complete_v2_008_pudding_box_t29,complete_only,0,0.961571,0.019806,5.479979e-06,3.841990e-05,1302,0.013204,5.254665e-06,0.026409,7.099135e-06,9.858558e-01,788,1,0,1,1,1,
008_pudding_box,s0_complete_v2_008_pudding_box_t30,complete_only,0,0.897668,0.021846,1.111243e-05,3.341902e-05,1349,0.014564,1.165358e-05,0.029128,1.323591e-05,1.102360e+00,742,1,0,1,1,1,
008_pudding_box,s0_complete_v2_008_pudding_box_t31,complete_only,0,0.951582,0.027538,1.545592e-06,3.589264e-06,2114,0.018359,1.457319e-06,0.036717,1.646053e-06,3.295850e-01,493,1,0,1,1,1,
008_pudding_box,s0_complete_v2_008_pudding_box_t32,complete_only,200,0.856162,0.023308,6.138378e-06,7.178747e-06,1518,0.015539,5.096772e-06,0.031077,7.318978e-06,1.627318e+00,1296,1,0,1,1,1,
008_pudding_box,s0_complete_v2_008_pudding_box_t33,complete_only,0,0.906582,0.020575,5.225528e-05,3.528289e-04,795,0.013717,7.043773e-05,0.027433,4.575150e-05,1.290200e+00,672,1,0,1,1,1,
008_pudding_box,s0_complete_v2_008_pudding_box_t34,complete_only,0,0.962036,0.020159,5.157696e-06,8.818577e-06,1453,0.013439,3.217372e-06,0.026878,9.965890e-06,9.342566e-01,717,1,0,1,1,1,
008_pudding_box,s0_complete_v2_008_pudding_box_t35,complete_only,0,0.960772,0.023346,2.840901e-06,1.090128e-05,1018,0.015564,2.667477e-06,0.031129,2.655321e-06,4.685485e-01,509,1,0,1,1,1,
008_pudding_box,s0_complete_v2_008_pudding_box_t36,complete_only,0,0.960943,0.026925,7.805367e-07,1.993788e-06,2613,0.017950,6.803688e-07,0.035900,9.131506e-07,5.644651e-01,809,1,0,1,1,1,
008_pudding_box,s0_complete_v2_008_pudding_box_t37,complete_only,0,0.972421,0.024104,1.068204e-06,2.374995e-06,1187,0.016069,1.188178e-06,0.032139,9.768453e-07,1.723033e-01,289,1,0,1,1,1,
008_pudding_box,s0_complete_v2_008_pudding_box_t38,complete_only,7,0.917906,0.020464,8.879432e-06,1.118067e-05,1054,0.013643,9.198880e-06,0.027286,1.252334e-05,1.209198e+00,755,1,0,1,1,1,
008_pudding_box,s0_complete_v2_008_pudding_box_t39,complete_only,2,0.947708,0.020883,8.364576e-06,1.110923e-05,940,0.013922,8.732723e-06,0.027844,1.122230e-05,8.950982e-01,640,1,0,1,1,1,
008_pudding_box,s0_complete_v2_008_pudding_box_t40,complete_only,387,0.900911,0.023301,1.344228e-06,2.551948e-06,1428,0.015534,1.493289e-06,0.031067,1.338228e-06,1.924375e-01,276,1,0,1,1,1,
008_pudding_box,s0_complete_v2_008_pudding_box_t41,complete_only,0,0.910536,0.021289,3.320097e-05,5.597658e-05,578,0.014193,3.907225e-05,0.028385,3.639768e-05,5.098331e-01,443,1,0,1,1,1,
008_pudding_box,s0_complete_v2_008_pudding_box_t42,complete_only,0,0.957369,0.020400,2.179481e-04,1.432594e-03,561,0.013600,3.944628e-04,0.027199,1.153940e-04,1.386325e+00,788,1,0,1,1,1,
008_pudding_box,s0_complete_v2_008_pudding_box_t43,complete_only,0,0.936781,0.022486,1.098511e-05,3.681642e-05,683,0.014991,7.915180e-06,0.029982,1.023484e-05,8.057089e-01,642,1,0,1,1,1,
008_pudding_box,s0_complete_v2_008_pudding_box_t44,complete_only,1110,0.728318,0.026640,3.356245e-05,9.354549e-06,2563,0.017760,4.606668e-04,0.035520,3.673807e-05,5.714703e-01,521,1,0,1,1,1,
008_pudding_box,s0_complete_v2_008_pudding_box_t45,complete_only,0,0.977084,0.028695,4.758375e-07,6.597835e-07,3995,0.019130,4.745599e-07,0.038260,4.734421e-07,4.213437e-01,691,1,0,1,1,1,
008_pudding_box,s0_complete_v2_008_pudding_box_t46,complete_only,0,0.976924,0.022312,2.328999e-06,9.303315e-06,934,0.014874,3.152695e-06,0.029749,2.316740e-06,2.431190e-01,357,1,0,1,1,1,
008_pudding_box,s0_complete_v2_008_pudding_box_t47,complete_only,0,0.967024,0.030150,1.674748e-06,6.012270e-06,2754,0.020100,2.561922e-06,0.040200,1.513043e-06,9.210869e-01,1186,1,0,1,1,1,
008_pudding_box,s0_complete_v2_008_pudding_box_t48,complete_only,841,0.810714,0.025911,8.445189e-06,5.488219e-06,2617,0.017274,2.004281e-05,0.034548,1.057176e-05,8.263678e-01,699,1,0,1,1,1,
008_pudding_box,s0_complete_v2_008_pudding_box_t49,complete_only,0,0.942664,0.021694,2.107959e-05,8.236516e-05,544,0.014462,2.210067e-05,0.028925,4.256285e-05,9.265757e-01,553,1,0,1,1,1,
025_mug,s0_gate_off_025_mug_t0,complete_only,74,0.884163,0.021653,7.757743e-07,2.630557e-06,685,0.014436,0.000000e+00,0.028871,6.980091e-07,0.000000e+00,98,1,0,1,1,1,
025_mug,s0_gate_off_025_mug_t1,complete_only,3,0.925060,0.023163,7.788061e-06,4.095208e-05,1747,0.015442,6.868329e-06,0.030884,1.072501e-05,8.213279e-01,694,1,0,1,1,1,
025_mug,s0_gate_off_025_mug_t2,complete_only,16,0.768570,0.021619,3.041434e-06,1.714000e-05,1030,0.014413,3.211874e-06,0.028825,3.076564e-06,3.210414e-01,509,1,0,1,1,0,
025_mug,s0_gate_off_025_mug_t3,complete_only,185,0.857392,0.022204,7.716160e-07,2.225107e-06,1037,0.014803,2.617009e-07,0.029606,9.614137e-07,9.574043e-02,225,1,0,1,1,1,
025_mug,s0_gate_off_025_mug_t4,complete_only,2,0.926352,0.020673,2.985841e-06,1.449906e-05,1659,0.013782,2.129287e-06,0.027564,3.241024e-06,1.843930e-01,292,1,0,1,1,1,
025_mug,s0_gate_off_025_mug_t5,complete_only,22,0.884655,0.021516,1.580449e-06,3.790243e-06,1001,0.014344,7.438900e-07,0.028688,3.882432e-06,5.114684e-01,548,1,0,1,1,0,
025_mug,s0_gate_off_025_mug_t6,complete_only,21,0.928267,0.022002,6.747808e-06,2.674923e-05,2386,0.014668,4.628435e-06,0.029337,9.669490e-06,1.310403e+00,959,1,0,1,1,1,
025_mug,s0_gate_off_025_mug_t7,complete_only,13,0.891150,0.020649,2.939644e-06,5.884173e-06,1365,0.013766,2.168404e-06,0.027532,4.540400e-06,6.085645e-01,625,1,0,1,1,0,
025_mug,s0_gate_off_025_mug_t8,complete_only,14,0.905730,0.020374,1.937500e-06,4.040911e-06,1304,0.013583,1.751559e-06,0.027166,1.982603e-06,1.458377e-01,257,1,0,1,1,1,
025_mug,s0_gate_off_025_mug_t9,complete_only,41,0.860251,0.022172,2.209683e-05,1.246137e-04,1752,0.014781,1.671034e-05,0.029563,3.064441e-05,1.595033e+00,1072,1,0,1,1,0,
025_mug,s0_gate_off_025_mug_t10,complete_only,6,0.899493,0.020489,2.285044e-06,1.030565e-05,1713,0.013659,2.729769e-06,0.027318,2.470528e-06,2.632614e-01,398,1,0,1,1,1,
025_mug,s0_gate_off_025_mug_t11,complete_only,6,0.883731,0.020550,3.167754e-06,1.755235e-05,1242,0.013700,2.570633e-06,0.027400,4.330243e-06,2.393606e-01,350,1,0,1,1,1,
025_mug,s0_gate_off_025_mug_t12,complete_only,23,0.880619,0.020675,2.193899e-06,6.377777e-06,1577,0.013783,1.755186e-06,0.027566,2.673465e-06,9.498321e-02,185,1,0,1,1,1,
025_mug,s0_gate_off_025_mug_t13,complete_only,0,0.961098,0.021894,7.388125e-07,2.620641e-06,682,0.014596,0.000000e+00,0.029192,8.729353e-07,6.189483e-02,199,1,0,1,1,0,
025_mug,s0_gate_off_025_mug_t14,complete_only,41,0.852997,0.020562,2.250939e-06,9.258347e-06,1241,0.013708,2.316931e-06,0.027416,2.020613e-06,5.906367e-01,572,1,0,1,1,1,
025_mug,s0_gate_off_025_mug_t15,complete_only,76,0.914656,0.022735,5.176821e-07,9.949696e-07,692,0.015156,5.844685e-07,0.030313,6.352946e-07,0.000000e+00,124,1,0,1,1,1,
025_mug,s0_gate_off_025_mug_t16,complete_only,3,0.939492,0.021914,1.706073e-05,4.399053e-05,2363,0.014610,5.708039e-05,0.029219,1.964241e-05,2.132894e+00,1299,1,0,1,1,0,
025_mug,s0_gate_off_025_mug_t17,complete_only,1,0.949938,0.023802,1.732938e-04,6.535063e-04,1100,0.015868,2.787640e-04,0.031736,6.213075e-05,1.135133e+00,539,1,0,1,1,0,
025_mug,s0_gate_off_025_mug_t18,complete_only,15,0.931534,0.021646,8.114150e-04,1.618924e-03,878,0.014431,7.696689e-04,0.028862,4.044283e-04,1.022138e+00,779,1,0,1,1,1,
025_mug,s0_gate_off_025_mug_t19,complete_only,0,0.930159,0.022579,8.530282e-06,2.462157e-05,1334,0.015052,1.391240e-05,0.030105,1.134946e-05,6.434444e-01,624,1,0,1,1,1,
025_mug,s0_gate_off_025_mug_t20,complete_only,18,0.954980,0.022070,6.289824e-06,2.720822e-05,2167,0.014713,4.425306e-06,0.029427,1.004595e-05,1.312074e+00,996,1,0,1,1,1,
025_mug,s0_gate_off_025_mug_t21,complete_only,3,0.931818,0.020352,1.309038e-06,4.054004e-06,1336,0.013568,1.570573e-06,0.027136,1.881265e-06,4.313023e-02,116,1,0,1,1,0,
025_mug,s0_gate_off_025_mug_t22,complete_only,4,0.909297,0.020669,2.096694e-06,5.497737e-06,1382,0.013779,2.071383e-06,0.027558,2.498257e-06,9.197089e-02,221,1,0,1,1,1,
025_mug,s0_gate_off_025_mug_t23,complete_only,20,0.933637,0.021219,1.413305e-06,6.592840e-06,1539,0.014146,1.221969e-06,0.028292,1.889252e-06,1.999927e-01,289,1,0,1,1,0,
025_mug,s0_gate_off_025_mug_t24,complete_only,5,0.915134,0.020746,2.091018e-06,1.071378e-05,1508,0.013831,1.916206e-06,0.027661,2.854194e-06,2.497601e-01,279,1,0,1,1,1,
025_mug,s0_gate_off_025_mug_t25,complete_only,3,0.898961,0.020651,1.796465e-06,7.213638e-06,1396,0.013767,1.848082e-06,0.027535,1.857087e-06,1.557389e-01,320,1,0,1,1,1,
025_mug,s0_gate_off_025_mug_t26,complete_only,8,0.903776,0.020730,9.234966e-07,2.195028e-06,1081,0.013820,6.746499e-07,0.027640,1.503188e-06,1.271754e-01,265,1,0,1,1,1,
025_mug,s0_gate_off_025_mug_t27,complete_only,8,0.888885,0.020620,3.055625e-06,1.877461e-05,739,0.013747,2.960349e-06,0.027493,3.169914e-06,4.456558e-01,449,1,0,1,1,0,
025_mug,s0_gate_off_025_mug_t28,complete_only,3,0.930479,0.020596,2.416341e-06,7.584856e-06,1202,0.013731,2.525616e-06,0.027461,2.609115e-06,3.550121e-01,403,1,0,1,1,1,
025_mug,s0_gate_off_025_mug_t29,complete_only,34,0.884837,0.020677,5.000510e-06,1.830733e-05,1057,0.013785,6.404943e-06,0.027570,4.813891e-06,5.190164e-01,537,1,0,1,1,0,
025_mug,s0_gate_off_025_mug_t30,complete_only,45,0.889250,0.022711,6.834332e-07,1.650772e-06,744,0.015141,0.000000e+00,0.030281,7.842800e-07,8.668314e-02,186,1,0,1,1,1,
025_mug,s0_gate_off_025_mug_t31,complete_only,0,0.940821,0.022496,2.465678e-06,5.382670e-06,1536,0.014997,2.421265e-06,0.029995,3.176876e-06,9.699418e-01,788,1,0,1,1,1,
025_mug,s0_gate_off_025_mug_t32,complete_only,69,0.789206,0.022523,9.509381e-07,2.849647e-06,1276,0.015015,6.022438e-07,0.030031,1.206793e-06,1.290338e-01,212,1,0,1,1,0,
025_mug,s0_gate_off_025_mug_t33,complete_only,31,0.890916,0.020418,2.155025e-06,1.037705e-05,1279,0.013612,2.288880e-06,0.027224,2.112176e-06,3.097625e-01,435,1,0,1,1,1,
025_mug,s0_gate_off_025_mug_t34,complete_only,115,0.890229,0.022640,6.867292e-07,1.881924e-06,843,0.015094,0.000000e+00,0.030187,6.120424e-07,0.000000e+00,176,1,0,1,1,1,
025_mug,s0_gate_off_025_mug_t35,complete_only,47,0.930780,0.021731,1.362986e-06,2.479720e-06,678,0.014487,9.074522e-08,0.028975,2.230083e-06,2.821159e-01,329,1,0,1,1,0,
025_mug,s0_gate_off_025_mug_t36,complete_only,1,0.905694,0.020246,1.755214e-06,6.266140e-06,1694,0.013497,1.815663e-06,0.026995,2.893217e-06,2.081996e-01,326,1,0,1,1,1,
025_mug,s0_gate_off_025_mug_t37,complete_only,1,0.924519,0.020544,2.997177e-06,4.086060e-06,1323,0.013696,1.832560e-06,0.027392,4.661238e-06,9.367045e-03,120,1,0,1,1,0,
025_mug,s0_gate_off_025_mug_t38,complete_only,3,0.884041,0.020194,1.129312e-06,2.633670e-06,1206,0.013463,9.400733e-07,0.026926,2.124467e-06,1.284619e-01,300,1,0,1,1,1,
025_mug,s0_gate_off_025_mug_t39,complete_only,82,0.891142,0.022846,5.880820e-07,2.015194e-06,1048,0.015230,3.848772e-07,0.030461,7.948434e-07,1.278457e-01,275,1,0,1,1,1,
025_mug,s0_gate_off_025_mug_t40,complete_only,12,0.895141,0.020491,1.748818e-06,5.897166e-06,1372,0.013661,1.787942e-06,0.027322,2.905933e-06,8.384446e-02,237,1,0,1,1,1,
025_mug,s0_gate_off_025_mug_t41,complete_only,230,0.795418,0.021685,1.072567e-06,2.848033e-06,711,0.014457,3.604310e-07,0.028914,9.196131e-07,2.682625e-02,171,1,0,1,1,0,
025_mug,s0_gate_off_025_mug_t42,complete_only,17,0.902017,0.020367,2.490654e-06,7.743085e-06,1242,0.013578,2.549533e-06,0.027157,2.676649e-06,3.170297e-01,405,1,0,1,1,1,
025_mug,s0_gate_off_025_mug_t43,complete_only,10,0.900162,0.020607,2.182388e-06,8.225446e-06,1312,0.013738,2.348419e-06,0.027477,2.196483e-06,2.352666e-01,358,1,0,1,1,0,
025_mug,s0_gate_off_025_mug_t44,complete_only,0,0.910791,0.022346,1.773494e-06,5.007452e-06,1037,0.014898,6.630859e-07,0.029795,3.463118e-06,1.420343e-01,220,1,0,1,1,0,
025_mug,s0_gate_off_025_mug_t45,complete_only,8,0.913506,0.020663,3.511289e-06,6.288708e-06,1376,0.013775,2.085178e-06,0.027550,4.477572e-06,1.421174e-01,275,1,0,1,1,1,
025_mug,s0_gate_off_025_mug_t46,complete_only,12,0.921440,0.020788,2.912161e-06,6.177080e-06,1313,0.013859,1.734959e-06,0.027717,3.879798e-06,5.273782e-01,578,1,0,1,1,1,
025_mug,s0_gate_off_025_mug_t47,complete_only,0,0.951443,0.023392,1.958225e-05,9.378140e-05,956,0.015595,3.751730e-05,0.031189,1.996168e-05,2.759339e-01,267,1,0,1,1,1,
025_mug,s0_gate_off_025_mug_t48,complete_only,0,0.926582,0.020675,4.925473e-06,8.625134e-06,1345,0.013783,2.858625e-06,0.027566,4.708273e-06,8.304759e-01,799,1,0,1,1,0,
025_mug,s0_gate_off_025_mug_t49,complete_only,176,0.883641,0.022304,4.759534e-07,1.157839e-06,615,0.014870,0.000000e+00,0.029739,7.145823e-07,1.882767e-03,145,1,0,1,1,1,
051_large_clamp,s0_gate_off_051_large_clamp_t0,complete_only,89,0.896458,0.025026,1.415822e-03,2.937742e-03,952,0.016684,1.469312e-03,0.033368,1.161212e-03,1.596318e+00,320,1,0,1,1,1,
051_large_clamp,s0_gate_off_051_large_clamp_t1,complete_only,92,0.931968,0.024657,1.472898e-04,8.577577e-04,1504,0.016438,2.864403e-04,0.032876,9.975115e-05,1.633531e+00,780,1,0,1,1,0,
051_large_clamp,s0_gate_off_051_large_clamp_t2,complete_only,0,0.961649,0.027511,3.026404e-05,1.256919e-04,1466,0.018340,2.871162e-05,0.036681,4.369203e-05,7.299671e-01,243,1,0,1,1,0,
051_large_clamp,s0_gate_off_051_large_clamp_t3,complete_only,29,0.946559,0.027029,5.101352e-04,1.044248e-03,1484,0.018020,4.974589e-04,0.036039,3.638855e-04,1.965400e+00,437,1,0,1,1,1,
051_large_clamp,s0_gate_off_051_large_clamp_t4,complete_only,3,0.940828,0.026509,2.051643e-06,5.943621e-06,1587,0.017673,2.032357e-06,0.035346,2.522494e-06,1.248267e-01,173,1,0,1,1,1,
051_large_clamp,s0_gate_off_051_large_clamp_t5,complete_only,0,0.956449,0.027646,3.349173e-04,1.162118e-03,405,0.018430,7.806879e-04,0.036861,1.462361e-04,7.893813e-01,244,1,0,1,1,0,
051_large_clamp,s0_gate_off_051_large_clamp_t6,complete_only,49,0.936674,0.024008,4.630036e-04,1.148479e-03,1164,0.016005,6.529872e-04,0.032010,2.474134e-04,2.293309e+00,598,1,0,1,1,1,
051_large_clamp,s0_gate_off_051_large_clamp_t7,complete_only,5,0.962536,0.027699,1.500365e-06,4.773545e-06,1890,0.018466,1.353307e-06,0.036932,3.875185e-06,3.269563e-01,443,1,0,1,1,0,
051_large_clamp,s0_gate_off_051_large_clamp_t8,complete_only,0,0.968249,0.021756,1.040707e-04,2.742751e-04,1151,0.014504,1.334102e-04,0.029008,3.737812e-05,1.972203e+00,1023,1,0,1,1,1,
051_large_clamp,s0_gate_off_051_large_clamp_t9,complete_only,172,0.895762,0.023879,7.095289e-05,3.522295e-04,1454,0.015919,2.964139e-05,0.031838,6.036458e-05,9.998176e-02,232,1,0,1,1,0,
051_large_clamp,s0_gate_off_051_large_clamp_t10,complete_only,3,0.962091,0.024401,3.749228e-05,1.875779e-04,1033,0.016267,2.591745e-04,0.032534,1.987330e-05,1.491017e+00,303,1,0,1,1,1,
051_large_clamp,s0_gate_off_051_large_clamp_t11,complete_only,1,0.973641,0.024540,3.070837e-05,1.635069e-04,1527,0.016360,1.051148e-04,0.032721,3.782717e-05,2.121056e+00,565,1,0,1,1,1,
051_large_clamp,s0_gate_off_051_large_clamp_t12,complete_only,20,0.938177,0.021665,1.375054e-03,2.582008e-03,1301,0.014443,1.825173e-03,0.028886,9.236284e-04,4.066833e+00,1199,1,0,1,1,1,
051_large_clamp,s0_gate_off_051_large_clamp_t13,complete_only,18,0.930527,0.024004,9.399492e-04,1.792998e-03,531,0.016003,1.574387e-03,0.032005,7.027096e-04,2.954411e+00,753,1,0,1,1,1,
051_large_clamp,s0_gate_off_051_large_clamp_t14,complete_only,0,0.969746,0.025191,2.701683e-05,1.058199e-04,1897,0.016794,4.503205e-05,0.033588,2.577227e-05,1.687337e+00,562,1,0,1,1,1,
051_large_clamp,s0_gate_off_051_large_clamp_t15,complete_only,0,0.962213,0.024288,2.755987e-04,8.141692e-04,840,0.016192,3.023989e-04,0.032383,1.593707e-04,2.749740e+00,620,1,0,1,1,1,
051_large_clamp,s0_gate_off_051_large_clamp_t16,complete_only,26,0.937496,0.023835,1.154908e-03,3.010547e-03,1029,0.015890,2.495957e-03,0.031780,4.676760e-04,1.241219e+00,337,1,0,1,1,1,
051_large_clamp,s0_gate_off_051_large_clamp_t17,complete_only,0,0.947029,0.028912,1.422351e-06,3.611162e-06,1115,0.019274,1.277382e-06,0.038549,1.438237e-06,0.000000e+00,71,1,0,1,1,1,
051_large_clamp,s0_gate_off_051_large_clamp_t18,complete_only,3,0.950893,0.029616,2.355068e-05,1.259416e-04,516,0.019744,8.726851e-05,0.039488,2.552828e-05,5.675402e-01,137,1,0,1,1,1,
051_large_clamp,s0_gate_off_051_large_clamp_t19,complete_only,126,0.922030,0.024917,1.125357e-04,8.206432e-04,1486,0.016611,1.851213e-04,0.033223,1.329643e-04,1.722295e-01,217,1,0,1,1,0,
051_large_clamp,s0_gate_off_051_large_clamp_t20,complete_only,51,0.931954,0.024418,3.610818e-04,7.654415e-04,1295,0.016279,6.558552e-04,0.032557,1.832371e-04,1.282244e+00,460,1,0,1,1,1,
051_large_clamp,s0_gate_off_051_large_clamp_t21,complete_only,0,0.973568,0.031785,1.284505e-06,4.666795e-06,1948,0.021190,1.017888e-06,0.042380,1.543670e-06,2.479241e-01,315,1,0,1,1,0,
051_large_clamp,s0_gate_off_051_large_clamp_t22,complete_only,0,0.958287,0.020203,4.021805e-04,1.050422e-03,1276,0.013469,6.259160e-04,0.026937,2.308126e-04,1.734448e+00,630,1,0,1,1,1,
051_large_clamp,s0_gate_off_051_large_clamp_t23,complete_only,0,0.952730,0.027636,5.307813e-05,2.243008e-04,2352,0.018424,6.174135e-05,0.036848,4.822106e-05,1.175184e+00,693,1,0,1,1,0,
051_large_clamp,s0_gate_off_051_large_clamp_t24,complete_only,4,0.963894,0.031785,9.858602e-07,3.605744e-06,1995,0.021190,1.074633e-06,0.042380,1.313335e-06,2.655321e-01,332,1,0,1,1,0,
051_large_clamp,s0_gate_off_051_large_clamp_t25,complete_only,1,0.959232,0.028546,1.062012e-05,1.467873e-05,3562,0.019031,7.194818e-06,0.038061,1.293110e-05,1.000775e+00,1351,1,0,1,1,1,
051_large_clamp,s0_gate_off_051_large_clamp_t26,complete_only,0,0.971669,0.024927,3.315874e-05,1.122351e-04,1205,0.016618,6.344724e-05,0.033236,2.516209e-05,9.714547e-01,223,1,0,1,1,1,
051_large_clamp,s0_gate_off_051_large_clamp_t27,complete_only,4,0.966866,0.024311,6.294175e-05,2.022454e-04,1351,0.016207,1.509775e-04,0.032415,3.251118e-05,1.992723e+00,414,1,0,1,1,1,
051_large_clamp,s0_gate_off_051_large_clamp_t28,complete_only,0,0.955741,0.020549,2.567667e-04,8.404919e-04,1287,0.013699,4.741274e-04,0.027398,1.200790e-04,1.574084e+00,1116,1,0,1,1,1,
051_large_clamp,s0_gate_off_051_large_clamp_t29,complete_only,0,0.971222,0.021855,5.889599e-06,1.738302e-05,2252,0.014570,1.258175e-05,0.029141,6.031142e-06,1.598465e+00,958,1,0,1,1,1,
051_large_clamp,s0_gate_off_051_large_clamp_t30,complete_only,3,0.959155,0.024220,2.179145e-04,7.869056e-04,1583,0.016147,2.636191e-04,0.032294,1.444816e-04,2.270455e+00,663,1,0,1,1,1,
051_large_clamp,s0_gate_off_051_large_clamp_t31,complete_only,587,0.874612,0.024107,1.324635e-04,4.894503e-04,1016,0.016071,2.999471e-04,0.032143,1.673485e-04,2.933102e-01,196,1,0,1,1,1,
051_large_clamp,s0_gate_off_051_large_clamp_t32,complete_only,1,0.957339,0.025856,3.060497e-05,1.663955e-04,1043,0.017238,3.192795e-05,0.034475,3.487225e-05,5.078265e-01,244,1,0,1,1,0,
051_large_clamp,s0_gate_off_051_large_clamp_t33,complete_only,2,0.963339,0.021731,1.528647e-04,4.592818e-04,1211,0.014487,2.474866e-04,0.028975,4.651208e-05,1.265231e+00,811,1,0,1,1,1,
051_large_clamp,s0_gate_off_051_large_clamp_t34,complete_only,2,0.969196,0.023841,1.323693e-04,5.669627e-04,2089,0.015894,1.571812e-04,0.031788,7.555672e-05,2.262515e+00,781,1,0,1,1,0,
051_large_clamp,s0_gate_off_051_large_clamp_t35,complete_only,18,0.932233,0.023955,6.794047e-04,1.795808e-03,1297,0.015970,8.115506e-04,0.031940,4.707608e-04,2.423831e+00,924,1,0,1,1,1,
051_large_clamp,s0_gate_off_051_large_clamp_t36,complete_only,0,0.961722,0.023509,1.440026e-04,9.140528e-04,1835,0.015673,1.675848e-04,0.031346,1.379115e-04,1.972108e+00,1151,1,0,1,1,0,
051_large_clamp,s0_gate_off_051_large_clamp_t37,complete_only,0,0.969690,0.030965,1.297933e-06,2.879720e-06,3502,0.020643,1.460069e-06,0.041287,2.891684e-06,4.258684e-01,473,1,0,1,1,1,
051_large_clamp,s0_gate_off_051_large_clamp_t38,complete_only,0,0.968415,0.022522,8.934112e-05,2.234356e-04,1199,0.015015,1.055435e-04,0.030029,6.072854e-05,1.992727e+00,653,1,0,1,1,1,
051_large_clamp,s0_gate_off_051_large_clamp_t39,complete_only,2,0.970100,0.024545,5.562834e-04,1.626393e-03,1246,0.016363,6.375097e-04,0.032726,3.972905e-04,3.346554e+00,614,1,0,1,1,1,
051_large_clamp,s0_gate_off_051_large_clamp_t40,complete_only,21,0.941748,0.029029,1.436331e-06,3.816444e-06,2769,0.019352,1.095304e-06,0.038705,2.241463e-06,3.640307e-03,113,1,0,1,1,0,
051_large_clamp,s0_gate_off_051_large_clamp_t41,complete_only,210,0.865624,0.024851,2.848816e-03,5.402960e-03,1048,0.016567,3.617343e-03,0.033135,2.542995e-03,9.299692e-01,445,1,0,1,1,0,
051_large_clamp,s0_gate_off_051_large_clamp_t42,complete_only,0,0.966624,0.021511,1.136959e-04,2.142987e-04,1611,0.014341,9.816553e-05,0.028681,8.578393e-05,1.878053e+00,916,1,0,1,1,1,
051_large_clamp,s0_gate_off_051_large_clamp_t43,complete_only,11,0.956073,0.020181,1.570711e-04,7.569080e-04,1155,0.013454,2.625125e-04,0.026908,6.724147e-05,2.071171e+00,767,1,0,1,1,1,
051_large_clamp,s0_gate_off_051_large_clamp_t44,complete_only,0,0.947142,0.027800,1.515500e-04,8.156221e-04,623,0.018534,4.151539e-04,0.037067,1.103000e-04,5.894149e-01,216,1,0,1,1,0,
051_large_clamp,s0_gate_off_051_large_clamp_t45,complete_only,0,0.960753,0.027356,4.361044e-05,1.944965e-04,3589,0.018237,5.549857e-05,0.036474,3.734999e-05,1.286354e+00,1192,1,0,1,1,0,
051_large_clamp,s0_gate_off_051_large_clamp_t46,complete_only,0,0.974218,0.031837,1.152811e-06,3.051506e-06,2361,0.021224,1.271836e-06,0.042449,1.446086e-06,2.782225e-01,348,1,0,1,1,0,
051_large_clamp,s0_gate_off_051_large_clamp_t47,complete_only,22,0.938377,0.026379,3.118693e-06,1.002443e-05,987,0.017586,8.125190e-07,0.035172,6.007941e-06,8.572593e-02,267,1,0,1,1,0,
051_large_clamp,s0_gate_off_051_large_clamp_t48,complete_only,0,0.954835,0.028607,1.144311e-04,6.925993e-04,626,0.019072,1.381555e-04,0.038143,9.484001e-05,8.898089e-02,160,1,0,1,1,0,
051_large_clamp,s0_gate_off_051_large_clamp_t49,complete_only,78,0.912672,0.025360,2.714964e-03,7.104744e-03,955,0.016907,3.797565e-03,0.033813,1.687161e-03,1.598884e+00,299,1,0,1,1,1,
052_extra_large_clamp,s0_gate_off_052_extra_large_clamp_t0,complete_only,52,0.943990,0.032492,7.405260e-04,2.892544e-03,1837,0.021661,1.160020e-03,0.043322,4.847246e-04,2.357183e+00,547,1,0,1,1,1,
052_extra_large_clamp,s0_gate_off_052_extra_large_clamp_t1,complete_only,216,0.914673,0.031477,8.856021e-05,4.735607e-04,1417,0.020985,1.025326e-04,0.041970,9.819929e-05,2.515964e-01,193,1,0,1,1,1,
052_extra_large_clamp,s0_gate_off_052_extra_large_clamp_t2,complete_only,1,0.960763,0.035899,1.111668e-04,6.376231e-04,1008,0.023932,1.085642e-04,0.047865,8.338403e-05,7.247167e-01,151,1,0,1,1,1,
052_extra_large_clamp,s0_gate_off_052_extra_large_clamp_t3,complete_only,8,0.932779,0.032648,8.427233e-04,1.767207e-03,1357,0.021765,9.706034e-04,0.043531,6.345887e-04,1.229745e+00,311,1,0,1,1,1,
052_extra_large_clamp,s0_gate_off_052_extra_large_clamp_t4,complete_only,2,0.972299,0.034907,2.535972e-05,1.384139e-04,2129,0.023272,3.362296e-05,0.046543,1.980234e-05,1.139605e+00,282,1,0,1,1,0,
052_extra_large_clamp,s0_gate_off_052_extra_large_clamp_t5,complete_only,8,0.956903,0.036122,4.255482e-05,2.816788e-04,622,0.024081,6.933118e-06,0.048163,8.511332e-05,0.000000e+00,109,1,0,1,1,0,
052_extra_large_clamp,s0_gate_off_052_extra_large_clamp_t6,complete_only,46,0.951470,0.030582,1.101712e-04,4.195176e-04,1179,0.020388,1.484788e-04,0.040776,9.349443e-05,1.067602e+00,327,1,0,1,1,0,
052_extra_large_clamp,s0_gate_off_052_extra_large_clamp_t7,complete_only,15,0.976075,0.034475,2.108244e-07,1.260161e-06,1280,0.022984,0.000000e+00,0.045967,1.750909e-06,0.000000e+00,259,1,0,1,1,0,
052_extra_large_clamp,s0_gate_off_052_extra_large_clamp_t8,complete_only,0,0.953775,0.026660,2.179792e-04,8.604200e-04,1579,0.017773,2.280781e-04,0.035547,5.124204e-05,1.448473e+00,589,1,0,1,1,0,
052_extra_large_clamp,s0_gate_off_052_extra_large_clamp_t9,complete_only,3,0.961447,0.030490,1.605380e-04,6.417507e-04,874,0.020327,4.733642e-04,0.040653,1.054583e-04,9.094227e-01,273,1,0,1,1,0,
052_extra_large_clamp,s0_gate_off_052_extra_large_clamp_t10,complete_only,1,0.970936,0.031652,4.473502e-05,2.259554e-04,2530,0.021101,4.653931e-05,0.042202,4.279877e-05,1.189018e+00,287,1,0,1,1,0,
052_extra_large_clamp,s0_gate_off_052_extra_large_clamp_t11,complete_only,0,0.970619,0.031832,4.121933e-05,1.637925e-04,2232,0.021222,9.665256e-05,0.042443,3.838998e-05,1.262220e+00,229,1,0,1,1,1,
052_extra_large_clamp,s0_gate_off_052_extra_large_clamp_t12,complete_only,160,0.918616,0.024440,1.054124e-03,2.701385e-03,1460,0.016293,1.707794e-03,0.032586,7.170625e-04,2.964123e+00,1061,1,0,1,1,0,
052_extra_large_clamp,s0_gate_off_052_extra_large_clamp_t13,complete_only,20,0.948682,0.031072,1.251978e-04,6.606113e-04,1868,0.020714,1.927346e-04,0.041429,7.969236e-05,9.075689e-01,238,1,0,1,1,1,
052_extra_large_clamp,s0_gate_off_052_extra_large_clamp_t14,complete_only,0,0.965193,0.031545,8.565004e-05,3.602524e-04,1975,0.021030,1.637567e-04,0.042060,5.957788e-05,1.306923e+00,322,1,0,1,1,0,
052_extra_large_clamp,s0_gate_off_052_extra_large_clamp_t15,complete_only,0,0.974312,0.032094,8.350070e-05,4.860745e-04,2045,0.021396,1.007812e-04,0.042792,9.892925e-05,3.120357e-01,140,1,0,1,1,0,
052_extra_large_clamp,s0_gate_off_052_extra_large_clamp_t16,complete_only,8,0.945212,0.030519,1.108715e-04,3.613964e-04,1023,0.020346,1.253445e-04,0.040692,8.718272e-05,5.627266e-01,220,1,0,1,1,0,
052_extra_large_clamp,s0_gate_off_052_extra_large_clamp_t17,complete_only,4,0.964584,0.037689,1.463022e-04,6.412558e-04,752,0.025126,3.985743e-04,0.050252,9.955305e-05,6.874271e-01,71,1,0,1,1,0,
052_extra_large_clamp,s0_gate_off_052_extra_large_clamp_t18,complete_only,0,0.970200,0.036958,3.238653e-05,1.291620e-04,1322,0.024639,3.089554e-05,0.049278,3.146814e-05,2.771490e-01,93,1,0,1,1,0,
052_extra_large_clamp,s0_gate_off_052_extra_large_clamp_t19,complete_only,79,0.934543,0.030960,9.728137e-05,3.577393e-04,1953,0.020640,6.601336e-05,0.041280,1.023604e-04,4.276590e-01,211,1,0,1,1,0,
052_extra_large_clamp,s0_gate_off_052_extra_large_clamp_t20,complete_only,13,0.953995,0.031161,1.192298e-04,5.522928e-04,1498,0.020774,2.280808e-04,0.041548,9.595414e-05,8.667353e-01,313,1,0,1,1,0,
052_extra_large_clamp,s0_gate_off_052_extra_large_clamp_t21,complete_only,0,0.973102,0.039897,3.149127e-06,1.157300e-05,2987,0.026598,4.770858e-06,0.053196,4.665564e-06,3.070979e-01,333,1,0,1,1,1,
052_extra_large_clamp,s0_gate_off_052_extra_large_clamp_t22,complete_only,0,0.958677,0.024450,2.952184e-04,1.068553e-03,795,0.016300,4.562100e-04,0.032600,1.758273e-04,2.128635e+00,801,1,0,1,1,0,
052_extra_large_clamp,s0_gate_off_052_extra_large_clamp_t23,complete_only,6,0.961577,0.035885,1.471153e-04,8.685066e-04,846,0.023924,1.493252e-04,0.047847,1.594693e-04,2.493266e-01,118,1,0,1,1,0,
052_extra_large_clamp,s0_gate_off_052_extra_large_clamp_t24,complete_only,0,0.968151,0.039970,1.572526e-06,3.367904e-06,2043,0.026647,9.256858e-07,0.053293,3.040531e-06,1.067621e-01,200,1,0,1,1,1,
052_extra_large_clamp,s0_gate_off_052_extra_large_clamp_t25,complete_only,2,0.967079,0.035670,5.626816e-06,4.709658e-06,3145,0.023780,5.362671e-06,0.047560,6.869910e-06,3.627209e-01,448,1,0,1,1,0,
052_extra_large_clamp,s0_gate_off_052_extra_large_clamp_t26,complete_only,0,0.972680,0.026452,1.260951e-04,4.815090e-04,616,0.017635,1.373827e-03,0.035269,4.868217e-05,1.475172e+00,376,1,0,1,1,0,
052_extra_large_clamp,s0_gate_off_052_extra_large_clamp_t27,complete_only,5,0.967979,0.031851,4.032022e-05,1.517722e-04,2111,0.021234,6.759887e-05,0.042468,4.100896e-05,1.818399e+00,427,1,0,1,1,1,
052_extra_large_clamp,s0_gate_off_052_extra_large_clamp_t28,complete_only,0,0.968704,0.024871,1.375960e-04,6.459693e-04,1067,0.016581,2.382442e-04,0.033162,8.725475e-05,2.022360e+00,970,1,0,1,1,0,
052_extra_large_clamp,s0_gate_off_052_extra_large_clamp_t29,complete_only,0,0.972046,0.027703,1.594919e-05,6.627426e-05,2462,0.018468,2.674433e-05,0.036937,1.012759e-05,1.782360e+00,711,1,0,1,1,0,
052_extra_large_clamp,s0_gate_off_052_extra_large_clamp_t30,complete_only,0,0.979904,0.032282,7.506432e-05,4.586171e-04,2009,0.021521,1.483292e-04,0.043042,8.200313e-05,4.455780e-01,161,1,0,1,1,0,
052_extra_large_clamp,s0_gate_off_052_extra_large_clamp_t31,complete_only,61,0.930822,0.031080,2.288949e-04,1.151600e-03,1117,0.020720,4.523818e-04,0.041440,2.673329e-04,9.143421e-01,214,1,0,1,1,1,
052_extra_large_clamp,s0_gate_off_052_extra_large_clamp_t32,complete_only,0,0.972249,0.034212,1.018868e-04,5.089620e-04,1117,0.022808,8.303776e-05,0.045616,1.034347e-04,6.197019e-01,179,1,0,1,1,0,
052_extra_large_clamp,s0_gate_off_052_extra_large_clamp_t33,complete_only,0,0.964868,0.026308,3.567385e-05,1.534313e-04,2354,0.017539,2.469449e-05,0.035078,2.303315e-05,1.725989e+00,869,1,0,1,1,0,
052_extra_large_clamp,s0_gate_off_052_extra_large_clamp_t34,complete_only,0,0.981259,0.031680,1.429320e-04,6.174840e-04,1618,0.021120,1.562110e-04,0.042240,1.184584e-04,2.034463e+00,475,1,0,1,1,1,
052_extra_large_clamp,s0_gate_off_052_extra_large_clamp_t35,complete_only,32,0.953600,0.030967,1.301685e-04,8.579399e-04,1730,0.020645,2.025427e-04,0.041289,9.037279e-05,5.224257e-01,224,1,0,1,1,0,
052_extra_large_clamp,s0_gate_off_052_extra_large_clamp_t36,complete_only,124,0.941697,0.027380,5.967893e-04,1.868430e-03,1373,0.018253,1.079328e-03,0.036507,1.905889e-04,1.674821e+00,894,1,0,1,1,0,
052_extra_large_clamp,s0_gate_off_052_extra_large_clamp_t37,complete_only,1,0.964504,0.039324,1.442805e-07,0.000000e+00,599,0.026216,0.000000e+00,0.052432,1.011440e-06,0.000000e+00,123,1,0,1,1,0,
052_extra_large_clamp,s0_gate_off_052_extra_large_clamp_t38,complete_only,7,0.967605,0.028062,5.017940e-05,2.040869e-04,2189,0.018708,1.736687e-04,0.037416,2.959615e-05,2.511418e+00,377,1,0,1,1,1,
052_extra_large_clamp,s0_gate_off_052_extra_large_clamp_t39,complete_only,0,0.971596,0.032417,4.169526e-04,1.685817e-03,1214,0.021611,5.795773e-04,0.043222,2.088119e-04,2.067451e+00,393,1,0,1,1,1,
052_extra_large_clamp,s0_gate_off_052_extra_large_clamp_t40,complete_only,23,0.949667,0.037260,2.126125e-05,1.366244e-04,798,0.024840,1.416891e-05,0.049680,2.741408e-05,1.165383e-02,117,1,0,1,1,0,
052_extra_large_clamp,s0_gate_off_052_extra_large_clamp_t41,complete_only,3,0.961212,0.031308,8.006941e-05,3.624017e-04,2031,0.020872,8.481433e-05,0.041744,7.074570e-05,1.018843e+00,372,1,0,1,1,0,
052_extra_large_clamp,s0_gate_off_052_extra_large_clamp_t42,complete_only,0,0.966892,0.026666,1.896247e-04,8.334210e-04,1855,0.017777,3.030134e-04,0.035555,4.575824e-05,1.789493e+00,797,1,0,1,1,0,
052_extra_large_clamp,s0_gate_off_052_extra_large_clamp_t43,complete_only,3,0.944655,0.023845,2.620208e-06,2.682087e-06,1694,0.015896,1.316120e-06,0.031793,4.474600e-06,2.455197e-01,304,1,0,1,1,1,
052_extra_large_clamp,s0_gate_off_052_extra_large_clamp_t44,complete_only,1,0.962080,0.036241,1.652942e-04,9.971990e-04,778,0.024161,2.020252e-04,0.048321,9.489155e-05,1.926349e-01,131,1,0,1,1,0,
052_extra_large_clamp,s0_gate_off_052_extra_large_clamp_t45,complete_only,0,0.953924,0.035675,4.532108e-05,5.536468e-05,5968,0.023783,1.645887e-05,0.047567,8.410560e-05,3.031127e+00,1856,1,0,1,1,1,
052_extra_large_clamp,s0_gate_off_052_extra_large_clamp_t46,complete_only,0,0.971242,0.039658,1.726949e-06,3.852714e-06,2492,0.026439,1.587008e-06,0.052878,1.830995e-06,9.692784e-02,205,1,0,1,1,1,
052_extra_large_clamp,s0_gate_off_052_extra_large_clamp_t47,complete_only,88,0.953149,0.031702,5.756848e-06,2.607023e-05,1476,0.021135,2.295557e-06,0.042270,1.288944e-05,1.042178e-01,266,1,0,1,1,0,
052_extra_large_clamp,s0_gate_off_052_extra_large_clamp_t48,complete_only,5,0.951729,0.035821,8.439410e-05,5.183459e-04,714,0.023881,7.245496e-05,0.047761,1.048261e-04,1.796980e-01,121,1,0,1,1,0,
052_extra_large_clamp,s0_gate_off_052_extra_large_clamp_t49,complete_only,26,0.935670,0.032577,9.456213e-04,2.860719e-03,1359,0.021718,1.085374e-03,0.043436,4.606156e-04,2.021274e+00,420,1,0,1,1,1,
022_windex_bottle,s0_partial_only_022_windex_bottle_t0,partial_only,228,0.874516,,,,,,,,,,,1,0,1,1,1,
022_windex_bottle,s0_partial_only_022_windex_bottle_t1,partial_only,53,0.908943,,,,,,,,,,,1,0,1,1,0,
022_windex_bottle,s0_partial_only_022_windex_bottle_t2,partial_only,278,0.893810,,,,,,,,,,,1,0,1,1,1,
022_windex_bottle,s0_partial_only_022_windex_bottle_t3,partial_only,68,0.912461,,,,,,,,,,,1,0,1,1,0,
022_windex_bottle,s0_partial_only_022_windex_bottle_t4,partial_only,392,0.860771,,,,,,,,,,,1,0,1,1,1,
022_windex_bottle,s0_partial_only_022_windex_bottle_t5,partial_only,949,0.858840,,,,,,,,,,,1,0,1,1,0,
022_windex_bottle,s0_partial_only_022_windex_bottle_t6,partial_only,863,0.788250,,,,,,,,,,,1,0,1,1,0,
022_windex_bottle,s0_partial_only_022_windex_bottle_t7,partial_only,107,0.921748,,,,,,,,,,,1,0,1,1,0,
022_windex_bottle,s0_partial_only_022_windex_bottle_t8,partial_only,830,0.827092,,,,,,,,,,,1,0,1,1,0,
022_windex_bottle,s0_partial_only_022_windex_bottle_t9,partial_only,0,0.964172,,,,,,,,,,,1,0,1,1,0,
022_windex_bottle,s0_partial_only_022_windex_bottle_t10,partial_only,532,0.827909,,,,,,,,,,,1,0,1,1,0,
022_windex_bottle,s0_partial_only_022_windex_bottle_t11,partial_only,577,0.815119,,,,,,,,,,,1,0,1,1,1,
022_windex_bottle,s0_partial_only_022_windex_bottle_t12,partial_only,439,0.855435,,,,,,,,,,,1,0,1,1,0,
022_windex_bottle,s0_partial_only_022_windex_bottle_t13,partial_only,743,0.797396,,,,,,,,,,,1,0,1,1,1,
022_windex_bottle,s0_partial_only_022_windex_bottle_t14,partial_only,682,0.815694,,,,,,,,,,,1,0,1,1,0,
022_windex_bottle,s0_partial_only_022_windex_bottle_t15,partial_only,371,0.852945,,,,,,,,,,,1,0,1,1,0,
022_windex_bottle,s0_partial_only_022_windex_bottle_t16,partial_only,474,0.850310,,,,,,,,,,,1,0,1,1,1,
022_windex_bottle,s0_partial_only_022_windex_bottle_t17,partial_only,464,0.843768,,,,,,,,,,,1,0,1,1,0,
022_windex_bottle,s0_partial_only_022_windex_bottle_t18,partial_only,306,0.879631,,,,,,,,,,,1,0,1,1,0,
022_windex_bottle,s0_partial_only_022_windex_bottle_t19,partial_only,355,0.846682,,,,,,,,,,,1,0,1,1,1,
022_windex_bottle,s0_partial_only_022_windex_bottle_t20,partial_only,358,0.859652,,,,,,,,,,,1,0,1,1,1,
022_windex_bottle,s0_partial_only_022_windex_bottle_t21,partial_only,193,0.901461,,,,,,,,,,,1,0,1,1,0,
022_windex_bottle,s0_partial_only_022_windex_bottle_t22,partial_only,587,0.846155,,,,,,,,,,,1,0,1,1,0,
022_windex_bottle,s0_partial_only_022_windex_bottle_t23,partial_only,353,0.880767,,,,,,,,,,,1,0,1,1,1,
022_windex_bottle,s0_partial_only_022_windex_bottle_t24,partial_only,323,0.896367,,,,,,,,,,,1,0,1,1,0,
022_windex_bottle,s0_partial_only_022_windex_bottle_t25,partial_only,700,0.828301,,,,,,,,,,,1,0,1,1,1,
022_windex_bottle,s0_partial_only_022_windex_bottle_t26,partial_only,375,0.854400,,,,,,,,,,,1,0,1,1,1,
022_windex_bottle,s0_partial_only_022_windex_bottle_t27,partial_only,448,0.871464,,,,,,,,,,,1,0,1,1,0,
022_windex_bottle,s0_partial_only_022_windex_bottle_t28,partial_only,837,0.800158,,,,,,,,,,,1,0,1,1,0,
022_windex_bottle,s0_partial_only_022_windex_bottle_t29,partial_only,912,0.708558,,,,,,,,,,,1,0,1,1,0,
022_windex_bottle,s0_partial_only_022_windex_bottle_t30,partial_only,488,0.814577,,,,,,,,,,,1,0,1,1,0,
022_windex_bottle,s0_partial_only_022_windex_bottle_t31,partial_only,484,0.844748,,,,,,,,,,,1,0,1,1,1,
022_windex_bottle,s0_partial_only_022_windex_bottle_t32,partial_only,359,0.904182,,,,,,,,,,,1,0,1,1,0,
022_windex_bottle,s0_partial_only_022_windex_bottle_t33,partial_only,842,0.831610,,,,,,,,,,,1,0,1,1,0,
022_windex_bottle,s0_partial_only_022_windex_bottle_t34,partial_only,628,0.822758,,,,,,,,,,,1,0,1,1,0,
022_windex_bottle,s0_partial_only_022_windex_bottle_t35,partial_only,259,0.877497,,,,,,,,,,,1,0,1,1,0,
022_windex_bottle,s0_partial_only_022_windex_bottle_t36,partial_only,523,0.849780,,,,,,,,,,,1,0,1,1,1,
022_windex_bottle,s0_partial_only_022_windex_bottle_t37,partial_only,341,0.885648,,,,,,,,,,,1,0,1,1,1,
022_windex_bottle,s0_partial_only_022_windex_bottle_t38,partial_only,923,0.785755,,,,,,,,,,,1,0,1,1,0,
022_windex_bottle,s0_partial_only_022_windex_bottle_t39,partial_only,417,0.869399,,,,,,,,,,,1,0,1,1,0,
022_windex_bottle,s0_partial_only_022_windex_bottle_t40,partial_only,256,0.877711,,,,,,,,,,,1,0,1,1,1,
022_windex_bottle,s0_partial_only_022_windex_bottle_t41,partial_only,672,0.819151,,,,,,,,,,,1,0,1,1,1,
022_windex_bottle,s0_partial_only_022_windex_bottle_t42,partial_only,877,0.836778,,,,,,,,,,,1,0,1,1,0,
022_windex_bottle,s0_partial_only_022_windex_bottle_t43,partial_only,578,0.855590,,,,,,,,,,,1,0,1,1,1,
022_windex_bottle,s0_partial_only_022_windex_bottle_t44,partial_only,424,0.864177,,,,,,,,,,,1,0,1,1,0,
022_windex_bottle,s0_partial_only_022_windex_bottle_t45,partial_only,541,0.865205,,,,,,,,,,,1,0,1,1,1,
022_windex_bottle,s0_partial_only_022_windex_bottle_t46,partial_only,372,0.893536,,,,,,,,,,,1,0,1,1,1,
022_windex_bottle,s0_partial_only_022_windex_bottle_t47,partial_only,269,0.881454,,,,,,,,,,,1,0,1,1,0,
022_windex_bottle,s0_partial_only_022_windex_bottle_t48,partial_only,247,0.878993,,,,,,,,,,,1,0,1,1,1,
022_windex_bottle,s0_partial_only_022_windex_bottle_t49,partial_only,766,0.814832,,,,,,,,,,,1,0,1,1,0,
004_sugar_box,s0_partial_only_004_sugar_box_t0,partial_only,325,0.896140,,,,,,,,,,,1,0,1,1,1,
004_sugar_box,s0_partial_only_004_sugar_box_t1,partial_only,427,0.955402,,,,,,,,,,,1,0,1,1,0,
004_sugar_box,s0_partial_only_004_sugar_box_t2,partial_only,1103,0.927917,,,,,,,,,,,1,0,1,1,0,
004_sugar_box,s0_partial_only_004_sugar_box_t3,partial_only,507,0.812968,,,,,,,,,,,1,0,1,1,1,
004_sugar_box,s0_partial_only_004_sugar_box_t4,partial_only,1562,0.704736,,,,,,,,,,,1,0,1,1,1,
004_sugar_box,s0_partial_only_004_sugar_box_t6,partial_only,335,0.888626,,,,,,,,,,,1,0,1,1,1,
004_sugar_box,s0_partial_only_004_sugar_box_t7,partial_only,890,0.887086,,,,,,,,,,,1,0,1,1,0,
004_sugar_box,s0_partial_only_004_sugar_box_t8,partial_only,374,0.955070,,,,,,,,,,,1,0,1,1,1,
004_sugar_box,s0_partial_only_004_sugar_box_t9,partial_only,436,0.875516,,,,,,,,,,,1,0,1,1,1,
004_sugar_box,s0_partial_only_004_sugar_box_t10,partial_only,1893,0.092877,,,,,,,,,,,1,0,1,1,0,
004_sugar_box,s0_partial_only_004_sugar_box_t11,partial_only,0,0.968442,,,,,,,,,,,0,0,1,1,,
004_sugar_box,s0_partial_only_004_sugar_box_t12,partial_only,522,0.881598,,,,,,,,,,,1,0,1,1,1,
004_sugar_box,s0_partial_only_004_sugar_box_t13,partial_only,85,0.900845,,,,,,,,,,,1,0,1,1,1,
004_sugar_box,s0_partial_only_004_sugar_box_t14,partial_only,0,0.972084,,,,,,,,,,,0,0,1,1,,
004_sugar_box,s0_partial_only_004_sugar_box_t15,partial_only,1608,0.747526,,,,,,,,,,,1,0,1,1,0,
004_sugar_box,s0_partial_only_004_sugar_box_t16,partial_only,319,0.898207,,,,,,,,,,,1,0,1,1,1,
004_sugar_box,s0_partial_only_004_sugar_box_t18,partial_only,29,0.980313,,,,,,,,,,,1,0,1,1,1,
004_sugar_box,s0_partial_only_004_sugar_box_t19,partial_only,466,0.901844,,,,,,,,,,,1,0,1,1,0,
004_sugar_box,s0_partial_only_004_sugar_box_t20,partial_only,271,0.904945,,,,,,,,,,,1,0,1,1,1,
004_sugar_box,s0_partial_only_004_sugar_box_t21,partial_only,28,0.975832,,,,,,,,,,,1,0,1,1,1,
004_sugar_box,s0_partial_only_004_sugar_box_t22,partial_only,197,0.904641,,,,,,,,,,,1,0,1,1,1,
004_sugar_box,s0_partial_only_004_sugar_box_t23,partial_only,1847,0.272564,,,,,,,,,,,1,0,1,1,0,
004_sugar_box,s0_partial_only_004_sugar_box_t24,partial_only,167,0.940753,,,,,,,,,,,1,0,1,1,1,
004_sugar_box,s0_partial_only_004_sugar_box_t25,partial_only,1180,0.819983,,,,,,,,,,,1,0,1,1,0,
004_sugar_box,s0_partial_only_004_sugar_box_t26,partial_only,1818,0.340669,,,,,,,,,,,1,0,1,1,0,
004_sugar_box,s0_partial_only_004_sugar_box_t27,partial_only,1824,0.243929,,,,,,,,,,,1,0,1,1,1,
004_sugar_box,s0_partial_only_004_sugar_box_t28,partial_only,202,0.907241,,,,,,,,,,,1,0,1,1,1,
004_sugar_box,s0_partial_only_004_sugar_box_t29,partial_only,1862,0.175584,,,,,,,,,,,1,0,1,1,0,
004_sugar_box,s0_partial_only_004_sugar_box_t30,partial_only,1814,0.272574,,,,,,,,,,,1,0,1,1,0,
004_sugar_box,s0_partial_only_004_sugar_box_t31,partial_only,527,0.879671,,,,,,,,,,,1,0,1,1,0,
004_sugar_box,s0_partial_only_004_sugar_box_t32,partial_only,867,0.901463,,,,,,,,,,,1,0,1,1,1,
004_sugar_box,s0_partial_only_004_sugar_box_t33,partial_only,254,0.930914,,,,,,,,,,,1,0,1,1,1,
004_sugar_box,s0_partial_only_004_sugar_box_t34,partial_only,512,0.929312,,,,,,,,,,,1,0,1,1,0,
004_sugar_box,s0_partial_only_004_sugar_box_t35,partial_only,325,0.880621,,,,,,,,,,,1,0,1,1,1,
004_sugar_box,s0_partial_only_004_sugar_box_t36,partial_only,578,0.856239,,,,,,,,,,,1,0,1,1,0,
004_sugar_box,s0_partial_only_004_sugar_box_t37,partial_only,26,0.978861,,,,,,,,,,,1,0,1,1,1,
004_sugar_box,s0_partial_only_004_sugar_box_t38,partial_only,1741,0.402432,,,,,,,,,,,1,0,1,1,0,
004_sugar_box,s0_partial_only_004_sugar_box_t39,partial_only,1014,0.913998,,,,,,,,,,,1,0,1,1,0,
004_sugar_box,s0_partial_only_004_sugar_box_t40,partial_only,252,0.971606,,,,,,,,,,,1,0,1,1,0,
004_sugar_box,s0_partial_only_004_sugar_box_t41,partial_only,184,0.915706,,,,,,,,,,,1,0,1,1,1,
004_sugar_box,s0_partial_only_004_sugar_box_t42,partial_only,216,0.956764,,,,,,,,,,,1,0,1,1,1,
004_sugar_box,s0_partial_only_004_sugar_box_t43,partial_only,174,0.886996,,,,,,,,,,,1,0,1,1,1,
004_sugar_box,s0_partial_only_004_sugar_box_t44,partial_only,1964,0.035120,,,,,,,,,,,1,0,1,1,0,
004_sugar_box,s0_partial_only_004_sugar_box_t45,partial_only,1520,0.731860,,,,,,,,,,,1,0,1,1,1,
004_sugar_box,s0_partial_only_004_sugar_box_t46,partial_only,0,0.976857,,,,,,,,,,,1,0,1,1,0,
004_sugar_box,s0_partial_only_004_sugar_box_t47,partial_only,1235,0.849669,,,,,,,,,,,1,0,1,1,0,
004_sugar_box,s0_partial_only_004_sugar_box_t48,partial_only,645,0.953407,,,,,,,,,,,1,0,1,1,0,
004_sugar_box,s0_partial_only_004_sugar_box_t49,partial_only,457,0.875961,,,,,,,,,,,1,0,1,1,1,
006_mustard_bottle,s0_complete_v2_006_mustard_bottle_t0,complete_only,57,0.881698,0.033734,5.015467e-06,9.129511e-06,1685,0.022489,5.601077e-06,0.044979,4.096202e-06,3.155976e-01,272,1,0,1,1,0,
006_mustard_bottle,s0_complete_v2_006_mustard_bottle_t1,complete_only,718,0.916590,0.032889,2.451118e-06,1.204993e-05,1660,0.021926,1.967510e-06,0.043852,2.435927e-06,1.392587e-01,248,1,0,1,1,0,
006_mustard_bottle,s0_complete_v2_006_mustard_bottle_t2,complete_only,10,0.887298,0.031662,8.772643e-06,2.915562e-05,1386,0.021108,8.602133e-06,0.042215,8.745697e-06,5.293609e-01,458,1,0,1,1,1,
006_mustard_bottle,s0_complete_v2_006_mustard_bottle_t3,complete_only,136,0.880332,0.033184,4.051477e-06,7.339163e-06,1611,0.022123,4.064609e-06,0.044246,3.799406e-06,4.425658e-01,398,1,0,1,1,1,
006_mustard_bottle,s0_complete_v2_006_mustard_bottle_t4,complete_only,3,0.912910,0.032418,1.059728e-05,2.795825e-05,1201,0.021612,1.094002e-05,0.043224,1.073343e-05,2.862689e-01,300,1,0,1,1,1,
006_mustard_bottle,s0_complete_v2_006_mustard_bottle_t5,complete_only,4,0.899469,0.031672,1.066918e-05,3.123763e-05,1262,0.021115,1.040095e-05,0.042230,1.115606e-05,4.318140e-01,394,1,0,1,1,1,
006_mustard_bottle,s0_complete_v2_006_mustard_bottle_t6,complete_only,1086,0.813678,0.034044,1.104839e-06,4.647229e-06,1018,0.022696,3.989952e-07,0.045392,1.376019e-06,2.228938e-02,170,1,0,1,1,1,
006_mustard_bottle,s0_complete_v2_006_mustard_bottle_t7,complete_only,104,0.973410,0.032939,4.078321e-06,1.451220e-05,1916,0.021959,4.682890e-06,0.043918,2.934930e-06,5.740480e-01,601,1,0,1,1,1,
006_mustard_bottle,s0_complete_v2_006_mustard_bottle_t8,complete_only,22,0.950231,0.033823,4.276861e-06,1.410770e-05,1541,0.022548,4.402574e-06,0.045097,3.728410e-06,3.283847e-01,300,1,0,1,1,1,
006_mustard_bottle,s0_complete_v2_006_mustard_bottle_t9,complete_only,543,0.949807,0.021122,1.804583e-05,4.542092e-05,484,0.014082,2.279682e-05,0.028163,1.121536e-05,3.185523e-01,405,1,0,1,1,0,
006_mustard_bottle,s0_complete_v2_006_mustard_bottle_t10,complete_only,45,0.889130,0.032640,1.210278e-05,2.725393e-05,1753,0.021760,1.256339e-05,0.043520,1.126756e-05,4.211841e-01,334,1,0,1,1,1,
006_mustard_bottle,s0_complete_v2_006_mustard_bottle_t11,complete_only,5,0.887508,0.032294,1.333240e-05,3.078183e-05,1441,0.021529,1.380240e-05,0.043059,1.317713e-05,5.553148e-01,414,1,0,1,1,1,
006_mustard_bottle,s0_complete_v2_006_mustard_bottle_t12,complete_only,698,0.870940,0.034616,1.125060e-06,3.926710e-06,1531,0.023078,8.226370e-07,0.046155,1.260612e-06,2.207370e-02,170,1,0,1,1,0,
006_mustard_bottle,s0_complete_v2_006_mustard_bottle_t13,complete_only,289,0.843797,0.033416,3.624954e-06,8.392055e-06,1742,0.022278,5.046921e-06,0.044555,2.673831e-06,3.504261e-01,337,1,0,1,1,0,
006_mustard_bottle,s0_complete_v2_006_mustard_bottle_t15,complete_only,253,0.910515,0.031937,7.940319e-06,1.980904e-05,1622,0.021292,6.765563e-06,0.042583,6.491538e-06,3.864574e-01,351,1,0,1,1,1,
006_mustard_bottle,s0_complete_v2_006_mustard_bottle_t16,complete_only,387,0.914150,0.033933,1.597970e-06,4.152843e-06,2162,0.022622,2.832097e-06,0.045244,1.449810e-06,4.870447e-02,160,1,0,1,1,1,
006_mustard_bottle,s0_complete_v2_006_mustard_bottle_t17,complete_only,14,0.945042,0.033836,6.653485e-06,1.509031e-05,2006,0.022558,3.957416e-06,0.045115,7.722855e-06,2.088932e-01,296,1,0,1,1,1,
006_mustard_bottle,s0_complete_v2_006_mustard_bottle_t18,complete_only,27,0.950874,0.033195,8.962114e-06,2.975622e-05,1223,0.022130,7.814490e-06,0.044260,8.958084e-06,3.216042e-01,247,1,0,1,1,0,
006_mustard_bottle,s0_complete_v2_006_mustard_bottle_t19,complete_only,565,0.907976,0.033227,1.776807e-06,4.183839e-06,2162,0.022151,1.875082e-06,0.044303,1.929806e-06,4.156103e-01,490,1,0,1,1,1,
006_mustard_bottle,s0_complete_v2_006_mustard_bottle_t20,complete_only,616,0.879625,0.033792,1.245070e-06,4.635197e-06,1439,0.022528,9.595246e-07,0.045056,1.392692e-06,7.317147e-02,206,1,0,1,1,1,
006_mustard_bottle,s0_complete_v2_006_mustard_bottle_t21,complete_only,92,0.967623,0.034037,3.487748e-06,7.523636e-06,1703,0.022692,3.517717e-06,0.045383,3.077651e-06,2.474707e-01,183,1,0,1,1,1,
006_mustard_bottle,s0_complete_v2_006_mustard_bottle_t22,complete_only,205,0.889105,0.033463,3.413229e-06,7.049985e-06,1584,0.022309,3.335279e-06,0.044618,3.293587e-06,3.323041e-01,378,1,0,1,1,1,
006_mustard_bottle,s0_complete_v2_006_mustard_bottle_t23,complete_only,2,0.913936,0.032126,8.881462e-06,2.672701e-05,1284,0.021417,9.207417e-06,0.042835,8.963586e-06,5.511215e-01,473,1,0,1,1,1,
006_mustard_bottle,s0_complete_v2_006_mustard_bottle_t24,complete_only,30,0.968425,0.033976,4.315926e-06,8.439344e-06,1695,0.022651,4.900233e-06,0.045301,3.268084e-06,3.672578e-01,419,1,0,1,1,1,
006_mustard_bottle,s0_complete_v2_006_mustard_bottle_t25,complete_only,534,0.949903,0.032553,2.070860e-06,6.977677e-06,2583,0.021702,2.383808e-06,0.043404,1.889516e-06,5.005586e-01,609,1,0,1,1,1,
006_mustard_bottle,s0_complete_v2_006_mustard_bottle_t26,complete_only,0,0.915554,0.032012,7.555518e-06,1.934434e-05,1455,0.021341,7.173695e-06,0.042683,7.604168e-06,5.316200e-01,473,1,0,1,1,1,
006_mustard_bottle,s0_complete_v2_006_mustard_bottle_t27,complete_only,5,0.896863,0.031997,1.249536e-05,2.977560e-05,1524,0.021331,1.284116e-05,0.042663,1.255285e-05,6.124407e-01,434,1,0,1,1,1,
006_mustard_bottle,s0_complete_v2_006_mustard_bottle_t28,complete_only,246,0.856987,0.033559,5.399652e-06,1.265934e-05,1695,0.022373,6.950925e-06,0.044746,3.464526e-06,3.821271e-01,292,1,0,1,1,1,
006_mustard_bottle,s0_complete_v2_006_mustard_bottle_t29,complete_only,316,0.919721,0.032825,4.560802e-06,1.135652e-05,1614,0.021884,4.245691e-06,0.043767,3.163114e-06,4.165286e-01,390,1,0,1,1,1,
006_mustard_bottle,s0_complete_v2_006_mustard_bottle_t30,complete_only,291,0.922150,0.031967,6.045374e-06,1.162307e-05,1714,0.021312,5.483425e-06,0.042623,5.374815e-06,4.839170e-01,445,1,0,1,1,1,
006_mustard_bottle,s0_complete_v2_006_mustard_bottle_t31,complete_only,431,0.901841,0.032778,2.076973e-06,6.272362e-06,2429,0.021852,2.429115e-06,0.043704,1.939089e-06,1.122915e-01,212,1,0,1,1,0,
006_mustard_bottle,s0_complete_v2_006_mustard_bottle_t32,complete_only,9,0.928514,0.031501,1.134925e-05,2.328779e-05,1595,0.021000,9.982989e-06,0.042001,1.048505e-05,4.042540e-01,289,1,0,1,1,0,
006_mustard_bottle,s0_complete_v2_006_mustard_bottle_t33,complete_only,232,0.896474,0.033765,3.821371e-06,9.324929e-06,1476,0.022510,3.898668e-06,0.045020,3.181447e-06,3.064584e-01,313,1,0,1,1,1,
006_mustard_bottle,s0_complete_v2_006_mustard_bottle_t34,complete_only,70,0.938768,0.032746,4.381563e-06,8.629800e-06,1474,0.021831,4.394646e-06,0.043661,4.183794e-06,3.420467e-01,299,1,0,1,1,1,
006_mustard_bottle,s0_complete_v2_006_mustard_bottle_t35,complete_only,265,0.874970,0.033657,3.529942e-06,6.327892e-06,1863,0.022438,4.274508e-06,0.044877,2.189053e-06,1.895100e-01,201,1,0,1,1,1,
006_mustard_bottle,s0_complete_v2_006_mustard_bottle_t37,complete_only,155,0.928254,0.033269,2.788005e-06,6.088026e-06,1595,0.022180,3.060275e-06,0.044359,2.477177e-06,2.497319e-01,372,1,0,1,1,1,
006_mustard_bottle,s0_complete_v2_006_mustard_bottle_t38,complete_only,225,0.941584,0.032690,5.361311e-06,8.316964e-06,1650,0.021793,6.176761e-06,0.043586,3.423205e-06,3.395714e-01,332,1,0,1,1,1,
006_mustard_bottle,s0_complete_v2_006_mustard_bottle_t39,complete_only,44,0.936421,0.033313,3.243551e-06,9.090306e-06,1480,0.022209,3.254910e-06,0.044417,2.997851e-06,3.560918e-01,357,1,0,1,1,1,
006_mustard_bottle,s0_complete_v2_006_mustard_bottle_t40,complete_only,22,0.936177,0.033083,1.106001e-05,4.366012e-05,1222,0.022055,8.745036e-06,0.044111,1.178465e-05,3.227426e-01,218,1,0,1,1,1,
006_mustard_bottle,s0_complete_v2_006_mustard_bottle_t41,complete_only,445,0.801070,0.033805,4.196065e-06,1.189392e-05,1832,0.022536,5.815457e-06,0.045073,2.977011e-06,4.462148e-01,391,1,0,1,1,1,
006_mustard_bottle,s0_complete_v2_006_mustard_bottle_t42,complete_only,19,0.913637,0.030682,1.718520e-05,5.363950e-05,1210,0.020455,2.410336e-05,0.040910,1.009930e-05,4.036142e-01,267,1,0,1,1,1,
006_mustard_bottle,s0_complete_v2_006_mustard_bottle_t43,complete_only,608,0.825741,0.033908,2.037957e-06,7.822608e-06,1955,0.022605,2.009997e-06,0.045210,1.869272e-06,2.270903e-01,327,1,0,1,1,0,
006_mustard_bottle,s0_complete_v2_006_mustard_bottle_t44,complete_only,4,0.915178,0.032315,9.162617e-06,2.058458e-05,1211,0.021543,9.374436e-06,0.043086,9.281696e-06,3.263043e-01,327,1,0,1,1,1,
006_mustard_bottle,s0_complete_v2_006_mustard_bottle_t45,complete_only,200,0.966742,0.032543,2.161562e-06,5.173471e-06,2410,0.021695,2.511113e-06,0.043390,1.875667e-06,3.444678e-01,451,1,0,1,1,0,
006_mustard_bottle,s0_complete_v2_006_mustard_bottle_t46,complete_only,83,0.962252,0.033525,2.238699e-06,4.930707e-06,1749,0.022350,2.190922e-06,0.044700,2.201540e-06,2.359301e-01,365,1,0,1,1,0,
006_mustard_bottle,s0_complete_v2_006_mustard_bottle_t47,complete_only,765,0.916595,0.031839,3.104352e-06,1.136861e-05,2391,0.021226,3.983003e-06,0.042452,2.383723e-06,5.742272e-01,572,1,0,1,1,1,
006_mustard_bottle,s0_complete_v2_006_mustard_bottle_t48,complete_only,1,0.930362,0.032050,7.628633e-06,2.379457e-05,1458,0.021367,7.519486e-06,0.042733,7.414001e-06,2.655202e-01,307,1,0,1,1,1,
006_mustard_bottle,s0_complete_v2_006_mustard_bottle_t49,complete_only,97,0.866742,0.033578,4.176393e-06,8.485681e-06,1662,0.022385,4.615873e-06,0.044770,3.197473e-06,4.041891e-01,339,1,0,1,1,0,
011_banana,s0_complete_v2_011_banana_t0,complete_only,458,0.917940,0.025923,8.045215e-06,5.851459e-06,1633,0.017282,6.846052e-06,0.034564,9.026272e-06,8.089732e-01,1031,1,0,1,1,1,
011_banana,s0_complete_v2_011_banana_t1,complete_only,0,0.986170,0.025347,2.343146e-05,1.133795e-04,2557,0.016898,5.220355e-05,0.033796,2.630216e-05,2.890077e+00,1550,1,0,1,1,1,
011_banana,s0_complete_v2_011_banana_t2,complete_only,232,0.889453,0.035134,2.295890e-06,1.070930e-05,2778,0.023423,1.959598e-06,0.046846,3.375226e-06,0.000000e+00,186,1,0,1,1,1,
011_banana,s0_complete_v2_011_banana_t3,complete_only,512,0.909885,0.025940,3.019381e-04,1.216870e-03,2872,0.017293,8.966053e-04,0.034587,1.132184e-04,1.349946e+00,1130,1,0,1,1,1,
011_banana,s0_complete_v2_011_banana_t4,complete_only,0,0.983152,0.029180,9.686072e-07,3.141819e-06,1775,0.019453,8.366555e-07,0.038907,1.774500e-06,0.000000e+00,292,1,0,1,1,0,
011_banana,s0_complete_v2_011_banana_t5,complete_only,48,0.950174,0.037221,1.227357e-06,4.287329e-06,1873,0.024814,1.991276e-07,0.049628,3.081450e-06,0.000000e+00,172,1,0,1,1,0,
011_banana,s0_complete_v2_011_banana_t6,complete_only,192,0.965393,0.025850,7.301889e-06,3.439325e-05,3400,0.017233,6.455610e-06,0.034467,7.088092e-06,9.926680e-01,1223,1,0,1,1,1,
011_banana,s0_complete_v2_011_banana_t7,complete_only,231,0.911045,0.031158,1.010083e-05,1.507069e-05,3519,0.020772,1.707785e-05,0.041544,1.179921e-05,9.890688e-02,283,1,0,1,1,0,
011_banana,s0_complete_v2_011_banana_t8,complete_only,283,0.966532,0.022761,7.197672e-06,1.460160e-05,2091,0.015174,8.853186e-06,0.030348,6.113067e-06,1.667476e+00,1419,1,0,1,1,1,
011_banana,s0_complete_v2_011_banana_t9,complete_only,248,0.960789,0.025053,7.978081e-06,2.995397e-05,2720,0.016702,4.720100e-06,0.033404,1.131155e-05,1.158223e+00,1381,1,0,1,1,1,
011_banana,s0_complete_v2_011_banana_t10,complete_only,156,0.934686,0.027620,8.361038e-07,1.745047e-06,2732,0.018413,7.330030e-07,0.036826,9.172892e-07,3.204127e-01,549,1,0,1,1,1,
011_banana,s0_complete_v2_011_banana_t11,complete_only,93,0.926683,0.028925,7.565247e-07,2.204374e-06,1984,0.019283,6.184072e-07,0.038566,8.280911e-07,0.000000e+00,302,1,0,1,1,1,
011_banana,s0_complete_v2_011_banana_t12,complete_only,115,0.936612,0.023046,3.471699e-05,1.819585e-04,3173,0.015364,1.335632e-04,0.030729,1.014730e-05,1.128048e+00,1418,1,0,1,1,0,
011_banana,s0_complete_v2_011_banana_t13,complete_only,887,0.876334,0.026141,2.780872e-06,4.844057e-06,2634,0.017427,2.469773e-06,0.034854,6.808185e-06,7.749582e-01,996,1,0,1,1,1,
011_banana,s0_complete_v2_011_banana_t14,complete_only,3,0.958025,0.028229,7.002173e-07,1.205155e-06,3116,0.018819,7.781092e-07,0.037638,6.417890e-07,7.017138e-02,339,1,0,1,1,1,
011_banana,s0_complete_v2_011_banana_t15,complete_only,517,0.889358,0.030079,2.058849e-04,1.094719e-03,2560,0.020052,5.535324e-04,0.040105,7.399940e-05,7.083699e-01,552,1,0,1,1,1,
011_banana,s0_complete_v2_011_banana_t16,complete_only,206,0.960858,0.025506,8.807165e-06,1.760994e-05,2486,0.017004,5.419275e-06,0.034008,1.211221e-05,1.072808e+00,1358,1,0,1,1,1,
011_banana,s0_complete_v2_011_banana_t17,complete_only,190,0.946161,0.029389,2.062113e-05,2.799437e-05,2981,0.019593,1.121908e-05,0.039186,2.763013e-05,1.443916e+00,1321,1,0,1,1,1,
011_banana,s0_complete_v2_011_banana_t18,complete_only,8,0.979445,0.028788,1.571242e-05,5.752721e-05,4008,0.019192,1.465205e-05,0.038384,2.029095e-05,6.957957e-01,1012,1,0,1,1,1,
011_banana,s0_complete_v2_011_banana_t19,complete_only,148,0.967455,0.024935,5.419732e-06,2.113335e-05,2394,0.016623,8.423209e-06,0.033246,7.102085e-06,9.173409e-01,1125,1,0,1,1,1,
011_banana,s0_complete_v2_011_banana_t20,complete_only,371,0.946372,0.026092,5.154608e-06,1.257653e-05,3444,0.017395,3.555321e-06,0.034790,5.407707e-06,1.187642e+00,1322,1,0,1,1,1,
011_banana,s0_complete_v2_011_banana_t21,complete_only,555,0.851773,0.031353,1.320092e-04,6.757561e-04,2110,0.020902,3.028828e-04,0.041804,6.351570e-05,6.872466e-01,387,1,0,1,1,1,
011_banana,s0_complete_v2_011_banana_t22,complete_only,449,0.938412,0.019550,3.026642e-06,4.330941e-06,1675,0.013033,3.042130e-06,0.026067,2.875000e-06,1.407880e+00,1595,1,0,1,1,1,
011_banana,s0_complete_v2_011_banana_t23,complete_only,32,0.954924,0.036674,4.613438e-07,2.070869e-06,1429,0.024449,5.130973e-07,0.048899,2.985168e-06,1.437537e-03,168,1,0,1,1,1,
011_banana,s0_complete_v2_011_banana_t24,complete_only,244,0.892393,0.030874,1.942477e-04,1.003647e-03,2170,0.020583,4.321092e-04,0.041166,6.502802e-05,3.824397e-01,307,1,0,1,1,1,
011_banana,s0_complete_v2_011_banana_t25,complete_only,180,0.933960,0.034670,2.461315e-06,2.343391e-06,5636,0.023113,1.073605e-06,0.046227,5.803414e-06,1.552705e-01,501,1,0,1,1,0,
011_banana,s0_complete_v2_011_banana_t26,complete_only,2,0.956422,0.027947,3.137410e-06,9.944361e-06,5186,0.018631,8.724553e-07,0.037263,5.140494e-06,7.947767e-01,1076,1,0,1,1,1,
011_banana,s0_complete_v2_011_banana_t27,complete_only,35,0.925730,0.027768,8.346188e-07,2.202208e-06,3062,0.018512,9.205019e-07,0.037024,8.502361e-07,3.965844e-01,629,1,0,1,1,0,
011_banana,s0_complete_v2_011_banana_t28,complete_only,592,0.915952,0.019787,3.970300e-06,6.171229e-06,1603,0.013191,3.917820e-06,0.026383,3.448914e-06,1.391705e+00,1402,1,0,1,1,1,
011_banana,s0_complete_v2_011_banana_t29,complete_only,46,0.974180,0.025494,5.123164e-05,2.174420e-04,2353,0.016996,7.869663e-05,0.033992,3.035699e-05,1.919172e+00,1155,1,0,1,1,1,
011_banana,s0_complete_v2_011_banana_t30,complete_only,261,0.924347,0.030306,3.538447e-05,1.374751e-04,1794,0.020204,5.457135e-05,0.040409,2.453681e-05,8.328620e-01,666,1,0,1,1,0,
011_banana,s0_complete_v2_011_banana_t31,complete_only,69,0.966547,0.025263,2.001840e-05,8.850967e-05,2731,0.016842,3.098433e-05,0.033684,2.345548e-05,2.564709e+00,2156,1,0,1,1,1,
011_banana,s0_complete_v2_011_banana_t32,complete_only,175,0.924260,0.030036,1.913712e-06,8.214515e-06,2825,0.020024,2.204820e-06,0.040048,2.254939e-06,1.858882e-01,314,1,0,1,1,1,
011_banana,s0_complete_v2_011_banana_t33,complete_only,546,0.961020,0.022073,2.923017e-06,4.559721e-06,2042,0.014715,3.125096e-06,0.029430,2.812475e-06,1.183136e+00,1255,1,0,1,1,1,
011_banana,s0_complete_v2_011_banana_t34,complete_only,1224,0.783869,0.028704,3.610408e-05,1.218946e-04,1411,0.019136,6.427260e-05,0.038272,2.236610e-05,2.302254e-01,362,1,0,1,1,0,
011_banana,s0_complete_v2_011_banana_t35,complete_only,596,0.915954,0.026128,1.019164e-06,3.030010e-06,1978,0.017418,1.299766e-06,0.034837,1.007854e-06,8.576279e-01,1128,1,0,1,1,0,
011_banana,s0_complete_v2_011_banana_t36,complete_only,0,0.971828,0.031159,1.861211e-03,8.942005e-03,2438,0.020772,6.569091e-03,0.041545,7.834543e-04,2.815276e+00,624,1,0,1,1,1,
011_banana,s0_complete_v2_011_banana_t37,complete_only,470,0.852056,0.035570,1.526426e-05,3.964601e-05,3144,0.023713,4.648342e-05,0.047427,1.013853e-05,1.076901e+00,1037,1,0,1,1,1,
011_banana,s0_complete_v2_011_banana_t38,complete_only,2,0.982159,0.025966,5.359780e-06,1.401877e-05,3293,0.017310,1.151498e-05,0.034621,4.211077e-06,1.410912e+00,1369,1,0,1,1,1,
011_banana,s0_complete_v2_011_banana_t39,complete_only,1175,0.808595,0.027826,2.498714e-06,3.405616e-06,2308,0.018551,2.986801e-06,0.037101,3.985188e-06,4.377446e-02,268,1,0,1,1,0,
011_banana,s0_complete_v2_011_banana_t40,complete_only,57,0.931252,0.038620,8.244960e-07,2.963971e-06,1736,0.025747,8.812239e-07,0.051493,1.154874e-06,0.000000e+00,141,1,0,1,1,0,
011_banana,s0_complete_v2_011_banana_t41,complete_only,921,0.837377,0.025954,5.783405e-06,6.538107e-06,3228,0.017303,2.154951e-06,0.034606,7.532868e-06,7.514743e-01,1031,1,0,1,1,1,
011_banana,s0_complete_v2_011_banana_t42,complete_only,298,0.981651,0.022419,7.545807e-06,1.808218e-05,2117,0.014946,9.504304e-06,0.029892,5.618224e-06,1.657270e+00,1326,1,0,1,1,1,
011_banana,s0_complete_v2_011_banana_t43,complete_only,121,0.965051,0.020262,1.086127e-05,1.543408e-05,1621,0.013508,1.582627e-05,0.027016,8.476238e-06,1.583458e+00,1456,1,0,1,1,1,
011_banana,s0_complete_v2_011_banana_t44,complete_only,153,0.884443,0.037830,2.857908e-06,1.025507e-05,2392,0.025220,4.773541e-07,0.050440,4.716117e-06,0.000000e+00,173,1,0,1,1,1,
011_banana,s0_complete_v2_011_banana_t45,complete_only,240,0.905704,0.031142,2.119500e-06,2.014127e-06,3819,0.020761,1.059797e-06,0.041523,3.794172e-06,0.000000e+00,187,1,0,1,1,0,
011_banana,s0_complete_v2_011_banana_t46,complete_only,344,0.866708,0.031421,3.764290e-04,1.715707e-03,1913,0.020947,5.492488e-04,0.041895,9.904783e-05,3.635124e-01,288,1,0,1,1,1,
011_banana,s0_complete_v2_011_banana_t47,complete_only,24,0.972289,0.026281,1.311319e-04,9.248838e-04,1642,0.017520,5.174376e-04,0.035041,4.107533e-05,2.199624e+00,1573,1,0,1,1,1,
011_banana,s0_complete_v2_011_banana_t48,complete_only,100,0.909098,0.038752,1.086934e-06,3.190806e-06,2604,0.025835,1.370734e-06,0.051670,1.674945e-06,3.102195e-01,312,1,0,1,1,0,
011_banana,s0_complete_v2_011_banana_t49,complete_only,805,0.888845,0.026641,5.456539e-06,1.336384e-05,3031,0.017760,4.217281e-06,0.035521,7.025088e-06,1.249268e+00,1247,1,0,1,1,1,
009_gelatin_box,s0_complete_v2_009_gelatin_box_t0,complete_only,1,0.962858,0.019182,2.081014e-04,1.164579e-03,945,0.012788,3.396723e-04,0.025576,1.940523e-04,2.710753e+00,1330,1,0,1,1,1,
009_gelatin_box,s0_complete_v2_009_gelatin_box_t1,complete_only,0,0.952992,0.021719,1.192062e-06,3.409536e-06,2040,0.014479,1.466840e-06,0.028959,1.334418e-06,7.936318e-01,1029,1,0,1,1,1,
009_gelatin_box,s0_complete_v2_009_gelatin_box_t2,complete_only,208,0.898841,0.020213,1.056055e-05,2.262042e-05,1015,0.013475,1.153862e-05,0.026950,1.085807e-05,1.396391e+00,1596,1,0,1,1,1,
009_gelatin_box,s0_complete_v2_009_gelatin_box_t3,complete_only,0,0.962898,0.017815,1.384646e-04,6.123736e-04,750,0.011876,1.432954e-04,0.023753,1.532961e-04,1.111780e+00,786,1,0,1,1,1,
009_gelatin_box,s0_complete_v2_009_gelatin_box_t4,complete_only,42,0.939533,0.019802,8.812600e-06,2.115184e-06,2797,0.013201,3.925348e-06,0.026402,1.583110e-05,7.680679e-01,991,1,0,1,1,1,
009_gelatin_box,s0_complete_v2_009_gelatin_box_t5,complete_only,257,0.853647,0.020989,1.240927e-05,1.114740e-05,2008,0.013993,2.309240e-05,0.027986,1.160374e-05,1.727643e+00,1860,1,0,1,1,1,
009_gelatin_box,s0_complete_v2_009_gelatin_box_t6,complete_only,3,0.934679,0.020407,1.012723e-06,2.704799e-06,1360,0.013605,9.033072e-07,0.027209,1.169670e-06,3.692122e-01,726,1,0,1,1,1,
009_gelatin_box,s0_complete_v2_009_gelatin_box_t7,complete_only,0,0.988782,0.018878,1.315796e-06,7.219478e-06,1944,0.012585,1.581712e-06,0.025170,1.257820e-06,1.181169e+00,1259,1,0,1,1,1,
009_gelatin_box,s0_complete_v2_009_gelatin_box_t8,complete_only,11,0.976305,0.016485,1.188955e-05,8.931493e-05,912,0.010990,6.222774e-06,0.021980,1.189324e-05,1.613298e+00,1117,1,0,1,1,1,
009_gelatin_box,s0_complete_v2_009_gelatin_box_t9,complete_only,0,0.951043,0.020883,1.333870e-06,4.140347e-06,1205,0.013922,1.500302e-06,0.027844,1.320920e-06,6.154021e-01,880,1,0,1,1,1,
009_gelatin_box,s0_complete_v2_009_gelatin_box_t10,complete_only,50,0.927471,0.020773,1.805951e-06,3.854683e-06,1629,0.013848,2.596316e-06,0.027697,1.905823e-06,1.365302e+00,1573,1,0,1,1,1,
009_gelatin_box,s0_complete_v2_009_gelatin_box_t11,complete_only,55,0.922330,0.021037,1.085654e-05,3.822430e-05,1592,0.014025,1.785556e-05,0.028049,5.811463e-06,1.434157e+00,1483,1,0,1,1,1,
009_gelatin_box,s0_complete_v2_009_gelatin_box_t12,complete_only,5,0.948956,0.020460,1.208019e-06,3.510000e-06,1256,0.013640,2.033168e-06,0.027280,1.262635e-06,4.298328e-01,723,1,0,1,1,1,
009_gelatin_box,s0_complete_v2_009_gelatin_box_t13,complete_only,0,0.963574,0.019862,1.139766e-05,2.148050e-05,811,0.013241,2.186616e-05,0.026482,8.135920e-06,1.582945e+00,1493,1,0,1,1,1,
009_gelatin_box,s0_complete_v2_009_gelatin_box_t14,complete_only,23,0.944746,0.020752,4.841138e-06,1.601385e-05,1449,0.013834,7.731253e-06,0.027669,6.573807e-06,1.476583e+00,1538,1,0,1,1,1,
009_gelatin_box,s0_complete_v2_009_gelatin_box_t15,complete_only,1,0.944587,0.016765,9.819205e-06,3.144270e-05,834,0.011177,5.070437e-06,0.022353,1.403685e-05,1.417126e+00,851,1,0,1,1,1,
009_gelatin_box,s0_complete_v2_009_gelatin_box_t16,complete_only,0,0.933137,0.020995,1.309891e-06,4.161150e-06,1374,0.013997,1.334831e-06,0.027994,1.393077e-06,6.635986e-01,944,1,0,1,1,1,
009_gelatin_box,s0_complete_v2_009_gelatin_box_t17,complete_only,3,0.974752,0.017897,1.114673e-06,2.462259e-06,855,0.011931,1.649380e-06,0.023863,9.816862e-07,2.969002e-01,442,1,0,1,1,1,
009_gelatin_box,s0_complete_v2_009_gelatin_box_t18,complete_only,15,0.926939,0.019399,1.243560e-06,2.057561e-06,1479,0.012933,1.089043e-06,0.025865,1.542554e-06,4.592432e-01,651,1,0,1,1,1,
009_gelatin_box,s0_complete_v2_009_gelatin_box_t19,complete_only,2,0.944563,0.021791,7.933577e-07,1.942818e-06,2128,0.014527,7.099054e-07,0.029055,9.059644e-07,3.816005e-01,762,1,0,1,1,1,
009_gelatin_box,s0_complete_v2_009_gelatin_box_t20,complete_only,0,0.950360,0.020005,1.317994e-06,4.515748e-06,1388,0.013337,1.278654e-06,0.026673,1.506843e-06,3.294905e-01,681,1,0,1,1,1,
009_gelatin_box,s0_complete_v2_009_gelatin_box_t21,complete_only,0,0.979769,0.017431,6.492549e-07,1.401768e-06,817,0.011621,7.680185e-07,0.023241,5.560232e-07,1.535379e-01,376,1,0,1,1,1,
009_gelatin_box,s0_complete_v2_009_gelatin_box_t22,complete_only,1,0.965518,0.017782,9.496030e-06,1.425920e-05,823,0.011855,2.704058e-05,0.023710,8.035439e-06,1.305404e+00,845,1,0,1,1,1,
009_gelatin_box,s0_complete_v2_009_gelatin_box_t23,complete_only,69,0.938673,0.020860,1.658051e-05,5.384343e-05,811,0.013907,2.990637e-05,0.027813,1.256036e-05,1.193240e+00,1166,1,0,1,1,1,
009_gelatin_box,s0_complete_v2_009_gelatin_box_t24,complete_only,0,0.984214,0.017629,1.580478e-06,6.556008e-06,843,0.011753,1.553987e-06,0.023505,1.639352e-06,3.381148e-01,487,1,0,1,1,1,
009_gelatin_box,s0_complete_v2_009_gelatin_box_t25,complete_only,1,0.987108,0.024290,3.697375e-07,7.225744e-07,3713,0.016194,4.205016e-07,0.032387,3.333143e-07,4.355847e-01,829,1,0,1,1,1,
009_gelatin_box,s0_complete_v2_009_gelatin_box_t26,complete_only,224,0.895133,0.020843,8.843464e-06,3.327664e-05,1560,0.013895,1.689638e-05,0.027790,4.770169e-06,1.145265e+00,1208,1,0,1,1,1,
009_gelatin_box,s0_complete_v2_009_gelatin_box_t27,complete_only,518,0.865713,0.020349,8.796479e-06,1.165344e-05,1689,0.013566,5.040081e-06,0.027133,9.334227e-06,1.452829e+00,1728,1,0,1,1,1,
009_gelatin_box,s0_complete_v2_009_gelatin_box_t28,complete_only,0,0.980699,0.017998,3.114371e-05,1.905647e-05,949,0.011999,2.614803e-05,0.023997,3.070804e-05,1.247705e+00,825,1,0,1,1,1,
009_gelatin_box,s0_complete_v2_009_gelatin_box_t29,complete_only,18,0.972234,0.016506,1.126210e-05,5.716457e-05,816,0.011004,1.469034e-05,0.022007,2.800096e-05,1.239250e+00,864,1,0,1,1,1,
009_gelatin_box,s0_complete_v2_009_gelatin_box_t30,complete_only,3,0.955571,0.017178,3.387304e-04,1.167691e-03,573,0.011452,2.214425e-04,0.022904,1.381594e-04,1.406128e+00,833,1,0,1,1,1,
009_gelatin_box,s0_complete_v2_009_gelatin_box_t31,complete_only,0,0.960471,0.021620,7.763823e-05,2.139713e-04,446,0.014413,1.078911e-04,0.028826,4.656450e-05,2.305656e+00,572,1,0,1,1,1,
009_gelatin_box,s0_complete_v2_009_gelatin_box_t32,complete_only,349,0.871002,0.018619,6.496006e-06,1.119419e-05,586,0.012413,5.253064e-06,0.024825,9.110857e-06,1.425478e+00,1233,1,0,1,1,1,
009_gelatin_box,s0_complete_v2_009_gelatin_box_t33,complete_only,10,0.971525,0.017246,1.270881e-04,4.975330e-04,521,0.011497,1.806184e-04,0.022994,7.272560e-05,1.054311e+00,864,1,0,1,1,1,
009_gelatin_box,s0_complete_v2_009_gelatin_box_t34,complete_only,4,0.973039,0.016311,6.393683e-06,5.952153e-05,1009,0.010874,8.063312e-06,0.021748,9.866060e-06,1.202115e+00,828,1,0,1,1,0,
009_gelatin_box,s0_complete_v2_009_gelatin_box_t35,complete_only,0,0.960611,0.019422,1.349880e-05,1.909971e-05,717,0.012948,7.317708e-06,0.025896,1.046377e-05,1.279282e+00,1266,1,0,1,1,1,
009_gelatin_box,s0_complete_v2_009_gelatin_box_t36,complete_only,1,0.961564,0.021843,1.001707e-04,4.162608e-04,500,0.014562,2.254519e-04,0.029124,4.936454e-05,2.385624e+00,586,1,0,1,1,0,
009_gelatin_box,s0_complete_v2_009_gelatin_box_t37,complete_only,44,0.960157,0.018328,1.179064e-06,3.258259e-06,1152,0.012218,9.050252e-07,0.024437,1.116677e-06,3.978957e-01,589,1,0,1,1,1,
009_gelatin_box,s0_complete_v2_009_gelatin_box_t38,complete_only,6,0.953905,0.016742,5.518647e-06,1.190685e-05,921,0.011161,4.577293e-06,0.022322,1.043529e-05,1.947194e+00,966,1,0,1,1,1,
009_gelatin_box,s0_complete_v2_009_gelatin_box_t39,complete_only,2,0.978528,0.016504,8.181155e-06,2.390570e-05,1030,0.011003,7.961693e-06,0.022005,1.473559e-05,1.444164e+00,1057,1,0,1,1,1,
009_gelatin_box,s0_complete_v2_009_gelatin_box_t40,complete_only,5,0.935449,0.019047,1.014256e-06,2.293653e-06,1528,0.012698,1.115396e-06,0.025396,1.195562e-06,5.488924e-01,857,1,0,1,1,1,
009_gelatin_box,s0_complete_v2_009_gelatin_box_t41,complete_only,0,0.965976,0.018444,6.294269e-05,1.393107e-04,884,0.012296,2.019133e-05,0.024592,7.276637e-05,2.248984e+00,1228,1,0,1,1,1,
009_gelatin_box,s0_complete_v2_009_gelatin_box_t42,complete_only,7,0.976028,0.016873,1.151981e-05,3.860943e-05,779,0.011249,1.129749e-05,0.022498,1.374354e-05,1.748768e+00,1128,1,0,1,1,1,
009_gelatin_box,s0_complete_v2_009_gelatin_box_t43,complete_only,0,0.964063,0.018161,2.083995e-05,9.761009e-05,898,0.012107,3.068157e-05,0.024214,1.653327e-05,1.117257e+00,1058,1,0,1,1,1,
009_gelatin_box,s0_complete_v2_009_gelatin_box_t44,complete_only,185,0.906445,0.021113,4.566738e-05,1.045649e-05,2448,0.014076,4.744730e-05,0.028151,4.715856e-05,9.343247e-01,945,1,0,1,1,1,
009_gelatin_box,s0_complete_v2_009_gelatin_box_t45,complete_only,1,0.977379,0.023128,3.226674e-06,9.918232e-06,981,0.015419,3.453380e-06,0.030837,2.330424e-06,1.000644e+00,881,1,0,1,1,1,
009_gelatin_box,s0_complete_v2_009_gelatin_box_t46,complete_only,0,0.979220,0.017567,7.388972e-07,1.374166e-06,926,0.011711,7.694999e-07,0.023423,7.451711e-07,2.986454e-01,692,1,0,1,1,1,
009_gelatin_box,s0_complete_v2_009_gelatin_box_t47,complete_only,0,0.973027,0.024184,5.370664e-05,2.718227e-04,1978,0.016123,2.048766e-04,0.032246,2.607769e-05,2.653093e+00,796,1,0,1,1,1,
009_gelatin_box,s0_complete_v2_009_gelatin_box_t48,complete_only,359,0.887458,0.020478,1.487337e-05,8.883951e-06,2728,0.013652,2.599840e-06,0.027304,2.756112e-05,9.327447e-01,1119,1,0,1,1,1,
009_gelatin_box,s0_complete_v2_009_gelatin_box_t49,complete_only,4,0.963288,0.017708,1.397603e-04,8.049561e-04,618,0.011805,1.642239e-04,0.023610,1.542641e-04,1.554659e+00,1032,1,0,1,1,1,
010_potted_meat_can,s0_gate_off_010_potted_meat_can_t0,complete_only,4,0.865502,0.021817,8.060074e-06,3.783015e-05,660,0.014545,7.163698e-06,0.029089,7.446104e-06,6.294500e-01,575,1,0,1,1,0,
010_potted_meat_can,s0_gate_off_010_potted_meat_can_t1,complete_only,0,0.966954,0.022141,9.082225e-07,1.665559e-06,1139,0.014761,1.013873e-06,0.029522,8.670339e-07,4.988119e-01,664,1,0,1,1,1,
010_potted_meat_can,s0_gate_off_010_potted_meat_can_t2,complete_only,125,0.866786,0.021016,9.839831e-07,2.147563e-06,1070,0.014011,9.930904e-07,0.028022,9.495626e-07,6.488726e-01,761,1,0,1,1,0,
010_potted_meat_can,s0_gate_off_010_potted_meat_can_t3,complete_only,11,0.815565,0.021351,6.741691e-06,2.655856e-05,869,0.014234,2.921475e-06,0.028467,8.422819e-06,2.933179e-01,422,1,0,1,1,0,
010_potted_meat_can,s0_gate_off_010_potted_meat_can_t4,complete_only,6,0.903514,0.021798,1.058059e-06,3.068268e-06,797,0.014532,1.097622e-06,0.029064,1.157108e-06,4.141349e-01,489,1,0,1,1,0,
010_potted_meat_can,s0_gate_off_010_potted_meat_can_t5,complete_only,25,0.895290,0.021769,1.094012e-06,2.300401e-06,801,0.014513,8.891281e-07,0.029026,1.019056e-06,5.631004e-01,633,1,0,1,1,0,
010_potted_meat_can,s0_gate_off_010_potted_meat_can_t6,complete_only,0,0.887282,0.022276,1.354154e-05,6.488030e-05,383,0.014851,1.627728e-05,0.029701,1.025583e-05,5.435460e-01,546,1,0,1,1,0,
010_potted_meat_can,s0_gate_off_010_potted_meat_can_t7,complete_only,0,0.955679,0.021570,3.705482e-06,1.590210e-06,930,0.014380,4.675798e-06,0.028760,7.128040e-06,4.778778e-01,564,1,0,1,1,0,
010_potted_meat_can,s0_gate_off_010_potted_meat_can_t8,complete_only,25,0.925768,0.020266,2.217475e-05,9.223332e-05,733,0.013510,3.418697e-05,0.027021,2.305351e-05,1.040330e+00,779,1,0,1,1,0,
010_potted_meat_can,s0_gate_off_010_potted_meat_can_t9,complete_only,7,0.866382,0.021914,2.423386e-05,6.475028e-05,643,0.014609,3.950291e-05,0.029219,1.924756e-05,7.202078e-01,562,1,0,1,1,0,
010_potted_meat_can,s0_gate_off_010_potted_meat_can_t10,complete_only,232,0.844181,0.019814,2.453144e-06,6.348972e-06,733,0.013209,2.587228e-06,0.026418,2.407017e-06,6.647477e-01,759,1,0,1,1,1,
010_potted_meat_can,s0_gate_off_010_potted_meat_can_t11,complete_only,1,0.902696,0.020271,1.770097e-06,3.175825e-06,1071,0.013514,1.483035e-06,0.027028,1.732235e-06,5.622957e-01,675,1,0,1,1,1,
010_potted_meat_can,s0_gate_off_010_potted_meat_can_t12,complete_only,1,0.857825,0.021900,1.518668e-05,1.084038e-04,454,0.014600,3.510484e-05,0.029200,1.437569e-05,1.037528e+00,604,1,0,1,1,0,
010_potted_meat_can,s0_gate_off_010_potted_meat_can_t13,complete_only,2,0.823990,0.021989,8.456068e-06,2.344022e-05,765,0.014659,1.187956e-05,0.029319,6.972867e-06,5.432696e-01,615,1,0,1,1,0,
010_potted_meat_can,s0_gate_off_010_potted_meat_can_t14,complete_only,77,0.873511,0.021016,9.148845e-07,2.108516e-06,779,0.014010,1.075407e-06,0.028021,1.030831e-06,3.347781e-01,403,1,0,1,1,1,
010_potted_meat_can,s0_gate_off_010_potted_meat_can_t15,complete_only,129,0.923648,0.018690,6.299098e-06,3.156905e-05,777,0.012460,5.795497e-06,0.024920,7.002988e-06,5.948676e-01,554,1,0,1,1,1,
010_potted_meat_can,s0_gate_off_010_potted_meat_can_t16,complete_only,0,0.861264,0.022347,2.042036e-05,8.779964e-05,472,0.014898,2.510548e-05,0.029796,1.501147e-05,8.924050e-01,554,1,0,1,1,0,
010_potted_meat_can,s0_gate_off_010_potted_meat_can_t17,complete_only,53,0.941676,0.021470,9.677149e-07,2.243859e-06,766,0.014314,1.197294e-06,0.028627,9.916039e-07,2.682633e-01,467,1,0,1,1,0,
010_potted_meat_can,s0_gate_off_010_potted_meat_can_t18,complete_only,214,0.902140,0.021542,9.452083e-07,2.738088e-06,608,0.014361,7.823474e-07,0.028723,1.031432e-06,1.486576e-01,272,1,0,1,1,0,
010_potted_meat_can,s0_gate_off_010_potted_meat_can_t19,complete_only,1,0.902736,0.021908,4.174152e-05,2.507195e-04,830,0.014606,1.290003e-04,0.029211,3.256415e-05,9.307820e-01,611,1,0,1,1,1,
010_potted_meat_can,s0_gate_off_010_potted_meat_can_t20,complete_only,0,0.898311,0.022316,2.045273e-05,9.527119e-05,333,0.014877,3.199849e-05,0.029754,1.442030e-05,6.408523e-01,565,1,0,1,1,0,
010_potted_meat_can,s0_gate_off_010_potted_meat_can_t21,complete_only,0,0.951807,0.021272,9.273722e-07,1.580231e-06,852,0.014181,9.489109e-07,0.028362,8.388934e-07,3.782671e-01,531,1,0,1,1,1,
010_potted_meat_can,s0_gate_off_010_potted_meat_can_t22,complete_only,0,0.841720,0.022097,5.164406e-06,2.016839e-05,934,0.014731,5.874112e-06,0.029463,5.454103e-06,5.039085e-01,549,1,0,1,1,0,
010_potted_meat_can,s0_gate_off_010_potted_meat_can_t23,complete_only,204,0.846834,0.021130,8.939140e-07,2.908083e-06,858,0.014087,9.717170e-07,0.028174,8.175572e-07,6.300184e-01,740,1,0,1,1,0,
010_potted_meat_can,s0_gate_off_010_potted_meat_can_t24,complete_only,2,0.962102,0.020979,1.067092e-06,1.850443e-06,917,0.013986,1.085624e-06,0.027972,1.006840e-06,3.050270e-01,469,1,0,1,1,0,
010_potted_meat_can,s0_gate_off_010_potted_meat_can_t25,complete_only,11,0.957804,0.021661,8.389952e-07,1.441633e-06,1135,0.014441,8.050361e-07,0.028881,2.789721e-06,3.413456e-01,516,1,0,1,1,1,
010_potted_meat_can,s0_gate_off_010_potted_meat_can_t26,complete_only,289,0.838534,0.020974,1.105372e-06,2.797740e-06,735,0.013983,1.208343e-06,0.027966,1.111233e-06,3.848640e-01,537,1,0,1,1,0,
010_potted_meat_can,s0_gate_off_010_potted_meat_can_t27,complete_only,252,0.855625,0.021246,2.175170e-06,4.888335e-06,933,0.014164,2.306433e-06,0.028328,2.188789e-06,5.251099e-01,685,1,0,1,1,1,
010_potted_meat_can,s0_gate_off_010_potted_meat_can_t28,complete_only,16,0.848202,0.021735,7.258753e-06,1.911240e-05,664,0.014490,3.754810e-06,0.028980,9.524677e-06,5.646629e-01,492,1,0,1,1,0,
010_potted_meat_can,s0_gate_off_010_potted_meat_can_t29,complete_only,24,0.943824,0.018311,1.087932e-06,1.963466e-06,570,0.012207,1.044806e-06,0.024415,1.097003e-06,4.399994e-01,700,1,0,1,1,1,
010_potted_meat_can,s0_gate_off_010_potted_meat_can_t30,complete_only,0,0.951233,0.019195,7.242402e-05,2.389393e-04,3851,0.012797,1.915036e-04,0.025594,2.422038e-05,3.789856e+00,1969,1,0,1,1,0,
010_potted_meat_can,s0_gate_off_010_potted_meat_can_t31,complete_only,1,0.890750,0.021663,2.425528e-05,1.152021e-04,914,0.014442,5.212671e-05,0.028884,1.922545e-05,5.308871e-01,517,1,0,1,1,0,
010_potted_meat_can,s0_gate_off_010_potted_meat_can_t32,complete_only,0,0.931567,0.019520,2.528733e-06,8.027994e-06,1419,0.013013,2.348921e-06,0.026026,2.693776e-06,8.214053e-01,962,1,0,1,1,1,
010_potted_meat_can,s0_gate_off_010_potted_meat_can_t33,complete_only,0,0.884318,0.020586,2.451822e-05,1.320236e-04,1023,0.013724,2.383661e-05,0.027448,2.606972e-05,1.582875e+00,1006,1,0,1,1,1,
010_potted_meat_can,s0_gate_off_010_potted_meat_can_t34,complete_only,34,0.944340,0.019007,1.822333e-06,7.001044e-06,651,0.012671,1.608021e-06,0.025343,1.978015e-06,5.287002e-01,709,1,0,1,1,1,
010_potted_meat_can,s0_gate_off_010_potted_meat_can_t35,complete_only,6,0.777816,0.022339,9.909684e-06,3.898528e-05,492,0.014892,1.586773e-05,0.029785,9.688202e-06,9.074093e-01,702,1,0,1,1,0,
010_potted_meat_can,s0_gate_off_010_potted_meat_can_t36,complete_only,4,0.890922,0.021413,5.370698e-05,1.441237e-04,714,0.014275,7.692214e-05,0.028551,4.010274e-05,1.181522e+00,543,1,0,1,1,0,
010_potted_meat_can,s0_gate_off_010_potted_meat_can_t37,complete_only,148,0.924740,0.021854,8.201651e-07,1.889430e-06,803,0.014569,6.156070e-07,0.029139,8.875653e-07,3.310092e-01,527,1,0,1,1,0,
010_potted_meat_can,s0_gate_off_010_potted_meat_can_t38,complete_only,82,0.898584,0.018205,2.978567e-06,1.160655e-05,761,0.012137,2.784886e-06,0.024274,3.550510e-06,5.003585e-01,585,1,0,1,1,0,
010_potted_meat_can,s0_gate_off_010_potted_meat_can_t39,complete_only,24,0.940256,0.019824,4.041358e-05,1.103597e-04,519,0.013216,4.061767e-05,0.026432,3.648858e-05,8.503699e-01,700,1,0,1,1,1,
010_potted_meat_can,s0_gate_off_010_potted_meat_can_t40,complete_only,123,0.928089,0.021289,1.113711e-06,3.320330e-06,679,0.014193,1.135949e-06,0.028386,1.313335e-06,3.226293e-01,428,1,0,1,1,0,
010_potted_meat_can,s0_gate_off_010_potted_meat_can_t41,complete_only,34,0.806016,0.021820,5.629998e-06,2.301121e-05,697,0.014547,6.381805e-06,0.029093,5.931768e-06,8.088230e-01,646,1,0,1,1,0,
010_potted_meat_can,s0_gate_off_010_potted_meat_can_t42,complete_only,24,0.938325,0.020528,2.053282e-05,1.510300e-04,943,0.013685,1.921605e-05,0.027370,2.383642e-05,1.216874e+00,714,1,0,1,1,1,
010_potted_meat_can,s0_gate_off_010_potted_meat_can_t43,complete_only,7,0.849306,0.022128,1.359090e-05,8.947609e-05,799,0.014752,1.551198e-05,0.029504,1.317112e-05,1.439311e+00,791,1,0,1,1,0,
010_potted_meat_can,s0_gate_off_010_potted_meat_can_t44,complete_only,12,0.904312,0.021829,8.357741e-07,2.423672e-06,598,0.014553,1.002803e-06,0.029105,9.561518e-07,5.243185e-01,651,1,0,1,1,0,
010_potted_meat_can,s0_gate_off_010_potted_meat_can_t45,complete_only,0,0.962357,0.021271,5.660881e-07,1.765277e-06,902,0.014181,7.221667e-07,0.028362,1.233767e-06,4.716036e-01,950,1,0,1,1,1,
010_potted_meat_can,s0_gate_off_010_potted_meat_can_t46,complete_only,0,0.945620,0.021154,1.106796e-06,4.031370e-06,847,0.014103,9.926140e-07,0.028206,1.239905e-06,4.922855e-01,581,1,0,1,1,1,
010_potted_meat_can,s0_gate_off_010_potted_meat_can_t47,complete_only,0,0.967838,0.021822,5.362955e-06,3.391245e-06,895,0.014548,6.529626e-06,0.029096,7.002446e-06,4.408117e-01,532,1,0,1,1,1,
010_potted_meat_can,s0_gate_off_010_potted_meat_can_t48,complete_only,33,0.898532,0.021304,1.076701e-06,1.909084e-06,767,0.014203,1.246034e-06,0.028405,1.045245e-06,4.259702e-01,486,1,0,1,1,0,
010_potted_meat_can,s0_gate_off_010_potted_meat_can_t49,complete_only,2,0.890098,0.021912,1.627606e-05,5.903579e-05,652,0.014608,1.880962e-05,0.029215,2.091592e-05,7.556364e-01,508,1,0,1,1,0,
003_cracker_box,s0_gate_off_003_cracker_box_t0,complete_only,410,0.820472,0.036770,1.365282e-05,6.319771e-05,1043,0.024513,2.011667e-05,0.049027,1.492139e-05,2.936297e-01,138,1,0,1,1,0,
003_cracker_box,s0_gate_off_003_cracker_box_t1,complete_only,455,0.925555,0.034092,3.052995e-06,1.937669e-05,793,0.022728,2.210255e-06,0.045456,4.132975e-06,4.427492e-03,85,1,0,1,1,0,
003_cracker_box,s0_gate_off_003_cracker_box_t2,complete_only,24,0.959985,0.023682,5.209529e-04,1.568835e-03,442,0.015788,7.100762e-04,0.031576,4.075915e-04,2.942074e+00,135,1,0,1,1,0,
003_cracker_box,s0_gate_off_003_cracker_box_t3,complete_only,411,0.881104,0.038454,1.143896e-05,4.109656e-05,1882,0.025636,1.192226e-05,0.051272,1.571138e-05,5.262981e-01,207,1,0,1,1,0,
003_cracker_box,s0_gate_off_003_cracker_box_t4,complete_only,211,0.960127,0.042967,1.557828e-05,5.130470e-05,1448,0.028645,1.315084e-05,0.057290,1.883295e-05,1.802145e-01,83,1,0,1,1,0,
003_cracker_box,s0_gate_off_003_cracker_box_t5,complete_only,3,0.970630,0.039503,1.251774e-04,4.243755e-04,1247,0.026335,5.888931e-05,0.052671,1.815208e-04,4.681896e-01,208,1,0,1,1,0,
003_cracker_box,s0_gate_off_003_cracker_box_t6,complete_only,281,0.913603,0.035219,1.337714e-04,3.850982e-04,743,0.023479,2.179550e-04,0.046958,6.973110e-05,2.978640e-01,79,1,0,1,1,0,
003_cracker_box,s0_gate_off_003_cracker_box_t7,complete_only,99,0.933446,0.034808,2.014597e-05,2.447990e-05,1146,0.023206,1.301754e-05,0.046411,2.558371e-05,1.794075e-01,328,1,0,1,1,0,
003_cracker_box,s0_gate_off_003_cracker_box_t8,complete_only,446,0.958253,0.036375,1.942117e-06,5.163183e-06,1379,0.024250,1.675109e-06,0.048500,1.952998e-06,3.131103e-02,62,1,0,1,1,1,
003_cracker_box,s0_gate_off_003_cracker_box_t9,complete_only,4,0.928633,0.021281,5.326592e-04,8.341800e-04,1628,0.014187,4.811328e-04,0.028375,5.343504e-04,3.003172e+00,875,1,0,1,1,0,
003_cracker_box,s0_gate_off_003_cracker_box_t10,complete_only,251,0.948851,0.039732,1.299207e-05,5.405584e-05,1329,0.026488,1.283790e-05,0.052976,1.520183e-05,5.169047e-01,179,1,0,1,1,0,
003_cracker_box,s0_gate_off_003_cracker_box_t12,complete_only,458,0.829414,0.035406,2.578776e-04,6.464279e-04,836,0.023604,4.772080e-04,0.047209,8.406931e-05,1.827793e-01,53,1,0,1,1,1,
003_cracker_box,s0_gate_off_003_cracker_box_t13,complete_only,471,0.909939,0.027947,3.986410e-05,8.132400e-05,3764,0.018631,3.795866e-05,0.037263,3.530696e-05,7.681560e-01,333,1,0,1,1,0,
003_cracker_box,s0_gate_off_003_cracker_box_t14,complete_only,466,0.934492,0.040506,1.750938e-05,8.485432e-05,874,0.027004,1.197922e-05,0.054007,2.108333e-05,1.799274e-01,103,1,0,1,1,0,
003_cracker_box,s0_gate_off_003_cracker_box_t15,complete_only,1724,0.530723,0.032819,3.422074e-06,1.296915e-05,3922,0.021880,5.203749e-06,0.043759,2.811011e-06,6.737621e-01,461,1,0,1,1,0,
003_cracker_box,s0_gate_off_003_cracker_box_t16,complete_only,378,0.882334,0.034744,6.657220e-05,5.679291e-04,697,0.023163,5.152237e-04,0.046325,4.363787e-05,3.832847e-01,146,1,0,1,1,0,
003_cracker_box,s0_gate_off_003_cracker_box_t17,complete_only,2,0.973202,0.041245,1.153733e-05,3.191227e-05,985,0.027497,1.214451e-05,0.054994,1.113455e-05,1.067997e-01,55,1,0,1,1,0,
003_cracker_box,s0_gate_off_003_cracker_box_t18,complete_only,13,0.957102,0.040870,4.911333e-04,2.082964e-03,1095,0.027247,5.243775e-04,0.054494,1.979789e-04,6.531471e-01,122,1,0,1,1,1,
003_cracker_box,s0_gate_off_003_cracker_box_t19,complete_only,173,0.922802,0.034529,5.911238e-05,3.853267e-04,1035,0.023019,3.617147e-04,0.046038,3.034354e-05,4.666210e-02,60,1,0,1,1,0,
003_cracker_box,s0_gate_off_003_cracker_box_t20,complete_only,397,0.880228,0.034842,2.804423e-05,1.830802e-04,1058,0.023228,1.294835e-04,0.046456,3.064003e-05,3.452550e-01,159,1,0,1,1,0,
003_cracker_box,s0_gate_off_003_cracker_box_t21,complete_only,27,0.941511,0.041410,1.230219e-05,6.201376e-05,1360,0.027607,1.147979e-05,0.055214,1.287522e-05,1.009991e-01,56,1,0,1,1,0,
003_cracker_box,s0_gate_off_003_cracker_box_t22,complete_only,447,0.867836,0.036283,4.994281e-05,4.535490e-04,1699,0.024188,1.295497e-04,0.048377,2.889171e-05,1.783190e-01,53,1,0,1,1,0,
003_cracker_box,s0_gate_off_003_cracker_box_t23,complete_only,493,0.928773,0.040264,2.769826e-05,1.250563e-04,728,0.026842,3.298100e-05,0.053685,2.115976e-05,6.236439e-02,34,1,0,1,1,0,
003_cracker_box,s0_gate_off_003_cracker_box_t24,complete_only,6,0.955216,0.041748,1.279790e-04,8.164717e-04,801,0.027832,3.047029e-04,0.055664,7.217127e-05,3.933139e-01,51,1,0,1,1,0,
003_cracker_box,s0_gate_off_003_cracker_box_t26,complete_only,16,0.956391,0.058233,3.301476e-04,2.637077e-03,1312,0.038822,4.465110e-04,0.077645,3.491217e-04,1.117313e+00,108,1,0,1,1,0,
003_cracker_box,s0_gate_off_003_cracker_box_t27,complete_only,239,0.942124,0.032896,7.570427e-05,3.467851e-04,4536,0.021930,3.285645e-04,0.043861,6.119672e-05,3.829657e+00,794,1,0,1,1,0,
003_cracker_box,s0_gate_off_003_cracker_box_t28,complete_only,462,0.853705,0.036791,8.669239e-06,3.731520e-05,1509,0.024528,6.722292e-06,0.049055,9.784925e-06,1.729222e-01,117,1,0,1,1,1,
003_cracker_box,s0_gate_off_003_cracker_box_t29,complete_only,1092,0.928415,0.037652,1.208561e-06,2.413809e-06,1291,0.025101,1.236819e-06,0.050203,1.185053e-06,1.512597e-01,178,1,0,1,1,1,
003_cracker_box,s0_gate_off_003_cracker_box_t30,complete_only,1893,0.158922,0.033703,2.054896e-06,5.509955e-06,871,0.022469,2.051596e-06,0.044937,2.156823e-06,3.606710e-03,54,1,0,1,1,0,
003_cracker_box,s0_gate_off_003_cracker_box_t31,complete_only,159,0.918466,0.035132,3.186431e-04,1.009595e-03,842,0.023421,3.543537e-04,0.046842,4.932756e-04,2.490344e+00,226,1,0,1,1,0,
003_cracker_box,s0_gate_off_003_cracker_box_t32,complete_only,128,0.948988,0.038710,5.560502e-06,1.559733e-05,925,0.025806,5.985696e-06,0.051613,5.371680e-06,2.319213e-01,129,1,0,1,1,0,
003_cracker_box,s0_gate_off_003_cracker_box_t33,complete_only,511,0.945156,0.037435,4.194995e-06,1.541617e-05,702,0.024957,3.911152e-06,0.049914,4.640707e-06,9.779116e-02,110,1,0,1,1,1,
003_cracker_box,s0_gate_off_003_cracker_box_t34,complete_only,1093,0.948029,0.027122,1.122031e-06,2.339867e-06,907,0.018082,1.063256e-06,0.036163,1.179998e-06,1.210624e-01,193,1,0,1,1,0,
003_cracker_box,s0_gate_off_003_cracker_box_t35,complete_only,338,0.920922,0.035656,2.691165e-05,6.517201e-05,1485,0.023770,1.811506e-05,0.047541,3.705763e-05,1.376229e-01,67,1,0,1,1,0,
003_cracker_box,s0_gate_off_003_cracker_box_t37,complete_only,2,0.949942,0.040638,1.572009e-05,5.441704e-05,1684,0.027092,1.839644e-05,0.054184,2.243144e-05,3.797749e-01,166,1,0,1,1,0,
003_cracker_box,s0_gate_off_003_cracker_box_t38,complete_only,0,0.984538,0.032349,2.397958e-06,7.417103e-06,1726,0.021566,2.799266e-06,0.043132,2.240774e-06,1.196810e-01,88,0,0,1,1,,
003_cracker_box,s0_gate_off_003_cracker_box_t39,complete_only,1365,0.829742,0.031739,2.053690e-06,4.671134e-06,850,0.021159,2.120283e-06,0.042318,2.078270e-06,1.475443e-02,46,1,0,1,1,0,
003_cracker_box,s0_gate_off_003_cracker_box_t40,complete_only,62,0.954756,0.041209,3.031636e-04,1.139691e-03,616,0.027472,4.073645e-04,0.054945,8.775350e-05,4.507997e-01,93,1,0,1,1,0,
003_cracker_box,s0_gate_off_003_cracker_box_t41,complete_only,555,0.789221,0.036544,2.048144e-05,1.468600e-04,1430,0.024363,1.903625e-05,0.048725,2.267223e-05,4.802709e-01,191,1,0,1,1,0,
003_cracker_box,s0_gate_off_003_cracker_box_t42,complete_only,1210,0.837094,0.036128,1.981643e-06,5.158707e-06,559,0.024085,1.606090e-06,0.048170,2.219024e-06,1.249330e-02,53,1,0,1,1,0,
003_cracker_box,s0_gate_off_003_cracker_box_t43,complete_only,337,0.893560,0.036369,1.669667e-05,6.547970e-05,1487,0.024246,1.474582e-05,0.048491,2.779848e-05,7.011231e-02,54,1,0,1,1,0,
003_cracker_box,s0_gate_off_003_cracker_box_t44,complete_only,0,0.975994,0.041632,6.137538e-05,2.148527e-04,2999,0.027755,1.344788e-04,0.055510,6.799409e-05,9.838778e-01,270,1,0,1,1,0,
003_cracker_box,s0_gate_off_003_cracker_box_t45,complete_only,602,0.889541,0.032760,1.729368e-05,8.357543e-05,804,0.021840,7.991083e-05,0.043680,1.245679e-05,2.510130e-01,153,1,0,1,1,0,
003_cracker_box,s0_gate_off_003_cracker_box_t46,complete_only,47,0.942161,0.040651,1.818684e-05,4.411267e-05,1475,0.027101,2.142497e-05,0.054202,1.825255e-05,1.788539e-01,71,1,0,1,1,0,
003_cracker_box,s0_gate_off_003_cracker_box_t47,complete_only,1195,0.865814,0.027341,1.355150e-06,4.002994e-06,2267,0.018227,1.320070e-06,0.036454,1.370569e-06,4.538802e-01,592,1,0,1,1,0,
003_cracker_box,s0_gate_off_003_cracker_box_t48,complete_only,0,0.974360,0.040506,6.341491e-05,1.576917e-04,1532,0.027004,1.214488e-04,0.054009,9.735180e-05,3.909721e-01,133,1,0,1,1,0,
003_cracker_box,s0_gate_off_003_cracker_box_t49,complete_only,672,0.764368,0.037578,1.276494e-05,8.034989e-05,756,0.025052,1.153096e-05,0.050104,1.330262e-05,1.085976e-01,80,1,0,1,1,1,
005_tomato_soup_can,s0_partial_only_005_tomato_soup_can_t0,partial_only,358,0.862524,,,,,,,,,,,1,0,1,1,1,
005_tomato_soup_can,s0_partial_only_005_tomato_soup_can_t1,partial_only,741,0.787435,,,,,,,,,,,1,0,1,1,0,
005_tomato_soup_can,s0_partial_only_005_tomato_soup_can_t2,partial_only,21,0.936680,,,,,,,,,,,1,0,1,1,1,
005_tomato_soup_can,s0_partial_only_005_tomato_soup_can_t3,partial_only,36,0.936163,,,,,,,,,,,1,0,1,1,0,
005_tomato_soup_can,s0_partial_only_005_tomato_soup_can_t4,partial_only,950,0.743902,,,,,,,,,,,1,0,1,1,1,
005_tomato_soup_can,s0_partial_only_005_tomato_soup_can_t5,partial_only,33,0.939118,,,,,,,,,,,1,0,1,1,0,
005_tomato_soup_can,s0_partial_only_005_tomato_soup_can_t6,partial_only,10,0.940757,,,,,,,,,,,1,0,1,1,1,
005_tomato_soup_can,s0_partial_only_005_tomato_soup_can_t7,partial_only,37,0.943473,,,,,,,,,,,1,0,1,1,1,
005_tomato_soup_can,s0_partial_only_005_tomato_soup_can_t8,partial_only,59,0.934916,,,,,,,,,,,1,0,1,1,1,
005_tomato_soup_can,s0_partial_only_005_tomato_soup_can_t9,partial_only,258,0.875294,,,,,,,,,,,1,0,1,1,1,
005_tomato_soup_can,s0_partial_only_005_tomato_soup_can_t10,partial_only,181,0.891731,,,,,,,,,,,1,0,1,1,1,
005_tomato_soup_can,s0_partial_only_005_tomato_soup_can_t11,partial_only,226,0.881124,,,,,,,,,,,1,0,1,1,1,
005_tomato_soup_can,s0_partial_only_005_tomato_soup_can_t12,partial_only,26,0.951172,,,,,,,,,,,1,0,1,1,0,
005_tomato_soup_can,s0_partial_only_005_tomato_soup_can_t13,partial_only,274,0.874702,,,,,,,,,,,1,0,1,1,0,
005_tomato_soup_can,s0_partial_only_005_tomato_soup_can_t14,partial_only,756,0.814145,,,,,,,,,,,1,0,1,1,0,
005_tomato_soup_can,s0_partial_only_005_tomato_soup_can_t15,partial_only,141,0.891338,,,,,,,,,,,1,0,1,1,0,
005_tomato_soup_can,s0_partial_only_005_tomato_soup_can_t16,partial_only,59,0.917260,,,,,,,,,,,1,0,1,1,1,
005_tomato_soup_can,s0_partial_only_005_tomato_soup_can_t17,partial_only,146,0.924173,,,,,,,,,,,1,0,1,1,0,
005_tomato_soup_can,s0_partial_only_005_tomato_soup_can_t18,partial_only,22,0.950312,,,,,,,,,,,1,0,1,1,1,
005_tomato_soup_can,s0_partial_only_005_tomato_soup_can_t19,partial_only,7,0.953309,,,,,,,,,,,1,0,1,1,1,
005_tomato_soup_can,s0_partial_only_005_tomato_soup_can_t20,partial_only,24,0.908215,,,,,,,,,,,1,0,1,1,1,
005_tomato_soup_can,s0_partial_only_005_tomato_soup_can_t21,partial_only,279,0.857755,,,,,,,,,,,1,0,1,1,1,
005_tomato_soup_can,s0_partial_only_005_tomato_soup_can_t22,partial_only,174,0.899016,,,,,,,,,,,1,0,1,1,1,
005_tomato_soup_can,s0_partial_only_005_tomato_soup_can_t23,partial_only,129,0.901906,,,,,,,,,,,1,0,1,1,1,
005_tomato_soup_can,s0_partial_only_005_tomato_soup_can_t24,partial_only,64,0.932813,,,,,,,,,,,1,0,1,1,1,
005_tomato_soup_can,s0_partial_only_005_tomato_soup_can_t25,partial_only,8,0.950835,,,,,,,,,,,1,0,1,1,1,
005_tomato_soup_can,s0_partial_only_005_tomato_soup_can_t26,partial_only,174,0.895852,,,,,,,,,,,1,0,1,1,0,
005_tomato_soup_can,s0_partial_only_005_tomato_soup_can_t27,partial_only,261,0.868056,,,,,,,,,,,1,0,1,1,0,
005_tomato_soup_can,s0_partial_only_005_tomato_soup_can_t28,partial_only,98,0.926121,,,,,,,,,,,1,0,1,1,0,
005_tomato_soup_can,s0_partial_only_005_tomato_soup_can_t29,partial_only,70,0.936672,,,,,,,,,,,1,0,1,1,0,
005_tomato_soup_can,s0_partial_only_005_tomato_soup_can_t30,partial_only,47,0.922484,,,,,,,,,,,1,0,1,1,1,
005_tomato_soup_can,s0_partial_only_005_tomato_soup_can_t31,partial_only,7,0.946077,,,,,,,,,,,1,0,1,1,0,
005_tomato_soup_can,s0_partial_only_005_tomato_soup_can_t32,partial_only,128,0.930061,,,,,,,,,,,1,0,1,1,1,
005_tomato_soup_can,s0_partial_only_005_tomato_soup_can_t33,partial_only,56,0.935317,,,,,,,,,,,1,0,1,1,0,
005_tomato_soup_can,s0_partial_only_005_tomato_soup_can_t34,partial_only,59,0.913377,,,,,,,,,,,1,0,1,1,0,
005_tomato_soup_can,s0_partial_only_005_tomato_soup_can_t35,partial_only,120,0.882430,,,,,,,,,,,1,0,1,1,0,
005_tomato_soup_can,s0_partial_only_005_tomato_soup_can_t36,partial_only,36,0.945042,,,,,,,,,,,1,0,1,1,1,
005_tomato_soup_can,s0_partial_only_005_tomato_soup_can_t37,partial_only,83,0.905274,,,,,,,,,,,1,0,1,1,1,
005_tomato_soup_can,s0_partial_only_005_tomato_soup_can_t38,partial_only,8,0.961123,,,,,,,,,,,1,0,1,1,1,
005_tomato_soup_can,s0_partial_only_005_tomato_soup_can_t39,partial_only,57,0.944346,,,,,,,,,,,1,0,1,1,1,
005_tomato_soup_can,s0_partial_only_005_tomato_soup_can_t40,partial_only,160,0.904655,,,,,,,,,,,1,0,1,1,1,
005_tomato_soup_can,s0_partial_only_005_tomato_soup_can_t41,partial_only,587,0.828579,,,,,,,,,,,1,0,1,1,1,
005_tomato_soup_can,s0_partial_only_005_tomato_soup_can_t42,partial_only,85,0.942787,,,,,,,,,,,1,0,1,1,0,
005_tomato_soup_can,s0_partial_only_005_tomato_soup_can_t43,partial_only,190,0.895506,,,,,,,,,,,1,0,1,1,1,
005_tomato_soup_can,s0_partial_only_005_tomato_soup_can_t44,partial_only,103,0.916480,,,,,,,,,,,1,0,1,1,1,
005_tomato_soup_can,s0_partial_only_005_tomato_soup_can_t45,partial_only,118,0.938135,,,,,,,,,,,1,0,1,1,0,
005_tomato_soup_can,s0_partial_only_005_tomato_soup_can_t46,partial_only,116,0.902392,,,,,,,,,,,1,0,1,1,1,
005_tomato_soup_can,s0_partial_only_005_tomato_soup_can_t47,partial_only,728,0.799078,,,,,,,,,,,1,0,1,1,0,
005_tomato_soup_can,s0_partial_only_005_tomato_soup_can_t48,partial_only,49,0.939510,,,,,,,,,,,1,0,1,1,1,
005_tomato_soup_can,s0_partial_only_005_tomato_soup_can_t49,partial_only,27,0.922490,,,,,,,,,,,1,0,1,1,0,
035_power_drill,s0_partial_only_035_power_drill_t0,partial_only,25,0.941265,,,,,,,,,,,1,0,1,1,1,
035_power_drill,s0_partial_only_035_power_drill_t1,partial_only,25,0.944004,,,,,,,,,,,1,0,1,1,0,
035_power_drill,s0_partial_only_035_power_drill_t2,partial_only,0,0.967111,,,,,,,,,,,1,0,1,1,1,
035_power_drill,s0_partial_only_035_power_drill_t3,partial_only,22,0.927791,,,,,,,,,,,1,0,1,1,1,
035_power_drill,s0_partial_only_035_power_drill_t4,partial_only,0,0.957723,,,,,,,,,,,1,0,1,1,0,
035_power_drill,s0_partial_only_035_power_drill_t5,partial_only,0,0.935688,,,,,,,,,,,1,0,1,1,0,
035_power_drill,s0_partial_only_035_power_drill_t6,partial_only,29,0.947173,,,,,,,,,,,1,0,1,1,0,
035_power_drill,s0_partial_only_035_power_drill_t8,partial_only,0,0.958048,,,,,,,,,,,1,0,1,1,1,
035_power_drill,s0_partial_only_035_power_drill_t9,partial_only,1,0.961128,,,,,,,,,,,1,0,1,1,0,
035_power_drill,s0_partial_only_035_power_drill_t10,partial_only,3,0.960079,,,,,,,,,,,1,0,1,1,1,
035_power_drill,s0_partial_only_035_power_drill_t11,partial_only,0,0.958163,,,,,,,,,,,1,0,1,1,1,
035_power_drill,s0_partial_only_035_power_drill_t13,partial_only,84,0.932329,,,,,,,,,,,1,0,1,1,0,
035_power_drill,s0_partial_only_035_power_drill_t14,partial_only,0,0.965694,,,,,,,,,,,1,0,1,1,1,
035_power_drill,s0_partial_only_035_power_drill_t15,partial_only,0,0.950593,,,,,,,,,,,1,0,1,1,1,
035_power_drill,s0_partial_only_035_power_drill_t16,partial_only,11,0.948930,,,,,,,,,,,1,0,1,1,1,
035_power_drill,s0_partial_only_035_power_drill_t17,partial_only,1,0.941553,,,,,,,,,,,1,0,1,1,1,
035_power_drill,s0_partial_only_035_power_drill_t18,partial_only,0,0.951917,,,,,,,,,,,1,0,1,1,1,
035_power_drill,s0_partial_only_035_power_drill_t19,partial_only,27,0.936722,,,,,,,,,,,1,0,1,1,0,
035_power_drill,s0_partial_only_035_power_drill_t20,partial_only,8,0.951969,,,,,,,,,,,1,0,1,1,1,
035_power_drill,s0_partial_only_035_power_drill_t23,partial_only,0,0.969538,,,,,,,,,,,1,0,1,1,1,
035_power_drill,s0_partial_only_035_power_drill_t25,partial_only,3,0.942882,,,,,,,,,,,1,0,1,1,0,
035_power_drill,s0_partial_only_035_power_drill_t26,partial_only,2,0.955079,,,,,,,,,,,1,0,1,1,1,
035_power_drill,s0_partial_only_035_power_drill_t27,partial_only,0,0.958782,,,,,,,,,,,1,0,1,1,1,
035_power_drill,s0_partial_only_035_power_drill_t28,partial_only,66,0.909674,,,,,,,,,,,1,0,1,1,0,
035_power_drill,s0_partial_only_035_power_drill_t29,partial_only,5,0.944670,,,,,,,,,,,1,0,1,1,1,
035_power_drill,s0_partial_only_035_power_drill_t30,partial_only,9,0.938224,,,,,,,,,,,1,0,1,1,0,
035_power_drill,s0_partial_only_035_power_drill_t31,partial_only,26,0.935975,,,,,,,,,,,1,0,1,1,0,
035_power_drill,s0_partial_only_035_power_drill_t32,partial_only,0,0.970736,,,,,,,,,,,1,0,1,1,1,
035_power_drill,s0_partial_only_035_power_drill_t33,partial_only,15,0.938243,,,,,,,,,,,1,0,1,1,0,
035_power_drill,s0_partial_only_035_power_drill_t34,partial_only,4,0.961459,,,,,,,,,,,1,0,1,1,1,
035_power_drill,s0_partial_only_035_power_drill_t35,partial_only,18,0.943601,,,,,,,,,,,1,0,1,1,1,
035_power_drill,s0_partial_only_035_power_drill_t37,partial_only,0,0.941363,,,,,,,,,,,1,0,1,1,0,
035_power_drill,s0_partial_only_035_power_drill_t38,partial_only,41,0.920066,,,,,,,,,,,1,0,1,1,1,
035_power_drill,s0_partial_only_035_power_drill_t39,partial_only,37,0.934719,,,,,,,,,,,1,0,1,1,1,
035_power_drill,s0_partial_only_035_power_drill_t40,partial_only,0,0.965800,,,,,,,,,,,1,0,1,1,1,
035_power_drill,s0_partial_only_035_power_drill_t42,partial_only,34,0.965837,,,,,,,,,,,1,0,1,1,0,
035_power_drill,s0_partial_only_035_power_drill_t43,partial_only,152,0.899418,,,,,,,,,,,1,0,1,1,0,
035_power_drill,s0_partial_only_035_power_drill_t44,partial_only,0,0.966476,,,,,,,,,,,1,0,1,1,1,
035_power_drill,s0_partial_only_035_power_drill_t45,partial_only,4,0.923712,,,,,,,,,,,1,0,1,1,0,
035_power_drill,s0_partial_only_035_power_drill_t46,partial_only,12,0.941443,,,,,,,,,,,1,0,1,1,1,
035_power_drill,s0_partial_only_035_power_drill_t47,partial_only,40,0.945655,,,,,,,,,,,1,0,1,1,0,
035_power_drill,s0_partial_only_035_power_drill_t49,partial_only,33,0.932230,,,,,,,,,,,1,0,1,1,1,
008_pudding_box,s0_partial_only_008_pudding_box_t0,partial_only,144,0.922979,,,,,,,,,,,1,0,1,1,1,
008_pudding_box,s0_partial_only_008_pudding_box_t1,partial_only,12,0.947252,,,,,,,,,,,1,0,1,1,1,
008_pudding_box,s0_partial_only_008_pudding_box_t2,partial_only,884,0.913383,,,,,,,,,,,1,0,1,1,1,
008_pudding_box,s0_partial_only_008_pudding_box_t3,partial_only,1,0.981754,,,,,,,,,,,1,0,1,1,1,
008_pudding_box,s0_partial_only_008_pudding_box_t4,partial_only,580,0.901827,,,,,,,,,,,1,0,1,1,0,
008_pudding_box,s0_partial_only_008_pudding_box_t5,partial_only,734,0.889189,,,,,,,,,,,1,0,1,1,1,
008_pudding_box,s0_partial_only_008_pudding_box_t6,partial_only,59,0.911310,,,,,,,,,,,1,0,1,1,1,
008_pudding_box,s0_partial_only_008_pudding_box_t7,partial_only,0,0.985509,,,,,,,,,,,1,0,1,1,1,
008_pudding_box,s0_partial_only_008_pudding_box_t8,partial_only,167,0.961019,,,,,,,,,,,1,0,1,1,1,
008_pudding_box,s0_partial_only_008_pudding_box_t9,partial_only,3,0.932190,,,,,,,,,,,1,0,1,1,1,
008_pudding_box,s0_partial_only_008_pudding_box_t10,partial_only,532,0.908069,,,,,,,,,,,1,0,1,1,1,
008_pudding_box,s0_partial_only_008_pudding_box_t11,partial_only,653,0.905089,,,,,,,,,,,1,0,1,1,1,
008_pudding_box,s0_partial_only_008_pudding_box_t12,partial_only,0,0.929586,,,,,,,,,,,1,0,1,1,0,
008_pudding_box,s0_partial_only_008_pudding_box_t13,partial_only,28,0.922901,,,,,,,,,,,1,0,1,1,1,
008_pudding_box,s0_partial_only_008_pudding_box_t14,partial_only,704,0.910019,,,,,,,,,,,1,0,1,1,1,
008_pudding_box,s0_partial_only_008_pudding_box_t15,partial_only,356,0.966592,,,,,,,,,,,1,0,1,1,1,
008_pudding_box,s0_partial_only_008_pudding_box_t16,partial_only,23,0.917894,,,,,,,,,,,1,0,1,1,1,
008_pudding_box,s0_partial_only_008_pudding_box_t17,partial_only,30,0.963364,,,,,,,,,,,1,0,1,1,1,
008_pudding_box,s0_partial_only_008_pudding_box_t18,partial_only,237,0.954376,,,,,,,,,,,1,0,1,1,1,
008_pudding_box,s0_partial_only_008_pudding_box_t19,partial_only,18,0.934587,,,,,,,,,,,1,0,1,1,1,
008_pudding_box,s0_partial_only_008_pudding_box_t20,partial_only,258,0.869573,,,,,,,,,,,1,0,1,1,1,
008_pudding_box,s0_partial_only_008_pudding_box_t21,partial_only,0,0.978393,,,,,,,,,,,1,0,1,1,1,
008_pudding_box,s0_partial_only_008_pudding_box_t22,partial_only,10,0.933595,,,,,,,,,,,1,0,1,1,1,
008_pudding_box,s0_partial_only_008_pudding_box_t23,partial_only,695,0.895424,,,,,,,,,,,1,0,1,1,1,
008_pudding_box,s0_partial_only_008_pudding_box_t24,partial_only,0,0.981695,,,,,,,,,,,1,0,1,1,1,
008_pudding_box,s0_partial_only_008_pudding_box_t25,partial_only,1,0.965447,,,,,,,,,,,1,0,1,1,0,
008_pudding_box,s0_partial_only_008_pudding_box_t26,partial_only,685,0.913343,,,,,,,,,,,1,0,1,1,1,
008_pudding_box,s0_partial_only_008_pudding_box_t27,partial_only,648,0.909779,,,,,,,,,,,1,0,1,1,1,
008_pudding_box,s0_partial_only_008_pudding_box_t28,partial_only,5,0.958622,,,,,,,,,,,1,0,1,1,1,
008_pudding_box,s0_partial_only_008_pudding_box_t29,partial_only,723,0.890457,,,,,,,,,,,1,0,1,1,1,
008_pudding_box,s0_partial_only_008_pudding_box_t30,partial_only,377,0.962815,,,,,,,,,,,1,0,1,1,1,
008_pudding_box,s0_partial_only_008_pudding_box_t31,partial_only,0,0.952898,,,,,,,,,,,1,0,1,1,1,
008_pudding_box,s0_partial_only_008_pudding_box_t32,partial_only,723,0.938900,,,,,,,,,,,1,0,1,1,1,
008_pudding_box,s0_partial_only_008_pudding_box_t33,partial_only,51,0.963056,,,,,,,,,,,1,0,1,1,1,
008_pudding_box,s0_partial_only_008_pudding_box_t34,partial_only,356,0.955200,,,,,,,,,,,1,0,1,1,0,
008_pudding_box,s0_partial_only_008_pudding_box_t35,partial_only,11,0.946744,,,,,,,,,,,1,0,1,1,1,
008_pudding_box,s0_partial_only_008_pudding_box_t36,partial_only,0,0.963057,,,,,,,,,,,1,0,1,1,1,
008_pudding_box,s0_partial_only_008_pudding_box_t37,partial_only,65,0.974175,,,,,,,,,,,1,0,1,1,1,
008_pudding_box,s0_partial_only_008_pudding_box_t38,partial_only,552,0.944074,,,,,,,,,,,1,0,1,1,1,
008_pudding_box,s0_partial_only_008_pudding_box_t39,partial_only,40,0.962217,,,,,,,,,,,1,0,1,1,1,
008_pudding_box,s0_partial_only_008_pudding_box_t40,partial_only,246,0.963404,,,,,,,,,,,1,0,1,1,1,
008_pudding_box,s0_partial_only_008_pudding_box_t41,partial_only,8,0.953033,,,,,,,,,,,1,0,1,1,1,
008_pudding_box,s0_partial_only_008_pudding_box_t42,partial_only,267,0.958409,,,,,,,,,,,1,0,1,1,1,
008_pudding_box,s0_partial_only_008_pudding_box_t43,partial_only,362,0.844099,,,,,,,,,,,1,0,1,1,1,
008_pudding_box,s0_partial_only_008_pudding_box_t44,partial_only,778,0.897989,,,,,,,,,,,1,0,1,1,1,
008_pudding_box,s0_partial_only_008_pudding_box_t45,partial_only,0,0.960483,,,,,,,,,,,1,0,1,1,1,
008_pudding_box,s0_partial_only_008_pudding_box_t46,partial_only,0,0.980975,,,,,,,,,,,1,0,1,1,1,
008_pudding_box,s0_partial_only_008_pudding_box_t47,partial_only,10,0.949631,,,,,,,,,,,1,0,1,1,1,
008_pudding_box,s0_partial_only_008_pudding_box_t48,partial_only,694,0.899252,,,,,,,,,,,1,0,1,1,1,
008_pudding_box,s0_partial_only_008_pudding_box_t49,partial_only,501,0.891289,,,,,,,,,,,1,0,1,1,1,
021_bleach_cleanser,s0_complete_v2_021_bleach_cleanser_t0,complete_only,424,0.881383,0.048181,8.737586e-07,6.846029e-06,790,0.032121,0.000000e+00,0.064241,1.614613e-06,0.000000e+00,96,1,0,1,1,1,
021_bleach_cleanser,s0_complete_v2_021_bleach_cleanser_t1,complete_only,133,0.922466,0.046589,5.517954e-07,6.535367e-06,967,0.031059,0.000000e+00,0.062118,1.372814e-06,0.000000e+00,122,1,0,1,1,0,
021_bleach_cleanser,s0_complete_v2_021_bleach_cleanser_t2,complete_only,208,0.889348,0.044476,1.858702e-05,1.277670e-04,937,0.029651,8.757781e-06,0.059302,2.223862e-05,0.000000e+00,89,1,0,1,1,0,
021_bleach_cleanser,s0_complete_v2_021_bleach_cleanser_t3,complete_only,177,0.900491,0.047495,1.266608e-06,8.324854e-06,933,0.031663,2.265643e-07,0.063327,2.141772e-06,0.000000e+00,117,1,0,1,1,1,
021_bleach_cleanser,s0_complete_v2_021_bleach_cleanser_t4,complete_only,16,0.937904,0.044510,2.640713e-06,1.800062e-05,768,0.029673,4.963747e-07,0.059347,5.538159e-06,0.000000e+00,93,1,0,1,1,1,
021_bleach_cleanser,s0_complete_v2_021_bleach_cleanser_t5,complete_only,183,0.883867,0.045547,3.291469e-05,2.041368e-04,1895,0.030364,2.816405e-05,0.060729,3.113310e-05,3.456382e-02,87,1,0,1,1,1,
021_bleach_cleanser,s0_complete_v2_021_bleach_cleanser_t6,complete_only,316,0.891523,0.048255,7.427078e-07,6.554291e-06,654,0.032170,3.933329e-08,0.064339,1.481928e-06,0.000000e+00,79,1,0,1,1,1,
021_bleach_cleanser,s0_complete_v2_021_bleach_cleanser_t7,complete_only,15,0.966716,0.024003,7.358351e-06,2.956008e-05,456,0.016002,1.435589e-05,0.032005,4.977879e-06,5.177840e-03,72,1,0,1,1,0,
021_bleach_cleanser,s0_complete_v2_021_bleach_cleanser_t8,complete_only,222,0.919623,0.044090,4.512064e-06,1.939327e-05,1807,0.029393,1.447459e-05,0.058787,3.477318e-06,6.151659e-02,98,1,0,1,1,1,
021_bleach_cleanser,s0_complete_v2_021_bleach_cleanser_t9,complete_only,299,0.895409,0.048184,2.219719e-07,2.720594e-06,836,0.032123,0.000000e+00,0.064246,8.427290e-07,0.000000e+00,110,1,0,1,1,1,
021_bleach_cleanser,s0_complete_v2_021_bleach_cleanser_t10,complete_only,406,0.909965,0.043277,8.668317e-06,7.098877e-05,1060,0.028851,4.759969e-06,0.057703,1.150224e-05,1.735376e-02,86,1,0,1,1,0,
021_bleach_cleanser,s0_complete_v2_021_bleach_cleanser_t11,complete_only,279,0.916065,0.042600,8.471497e-06,4.274222e-05,893,0.028400,2.469686e-06,0.056800,1.388264e-05,0.000000e+00,100,1,0,1,1,1,
021_bleach_cleanser,s0_complete_v2_021_bleach_cleanser_t12,complete_only,48,0.954436,0.035623,5.452457e-06,2.004197e-05,873,0.023748,7.099962e-06,0.047497,3.934558e-06,8.231315e-02,133,1,0,1,1,0,
021_bleach_cleanser,s0_complete_v2_021_bleach_cleanser_t13,complete_only,420,0.893175,0.048403,8.681399e-07,6.506589e-06,838,0.032269,0.000000e+00,0.064538,1.527374e-06,0.000000e+00,87,1,0,1,1,1,
021_bleach_cleanser,s0_complete_v2_021_bleach_cleanser_t14,complete_only,268,0.899565,0.043084,6.381272e-06,2.875444e-05,1063,0.028723,1.779551e-06,0.057445,8.713848e-06,0.000000e+00,111,1,0,1,1,0,
021_bleach_cleanser,s0_complete_v2_021_bleach_cleanser_t15,complete_only,83,0.930390,0.046405,4.439632e-06,1.855527e-05,984,0.030937,6.225150e-07,0.061874,6.739460e-06,0.000000e+00,106,1,0,1,1,1,
021_bleach_cleanser,s0_complete_v2_021_bleach_cleanser_t16,complete_only,338,0.889728,0.048059,3.052657e-07,2.793025e-06,817,0.032039,0.000000e+00,0.064078,1.048454e-06,0.000000e+00,103,1,0,1,1,1,
021_bleach_cleanser,s0_complete_v2_021_bleach_cleanser_t17,complete_only,174,0.910563,0.046811,2.438154e-07,0.000000e+00,721,0.031207,0.000000e+00,0.062415,1.130228e-06,0.000000e+00,139,1,0,1,1,1,
021_bleach_cleanser,s0_complete_v2_021_bleach_cleanser_t18,complete_only,165,0.904420,0.046185,1.326471e-06,3.828113e-06,729,0.030790,0.000000e+00,0.061581,3.610972e-06,0.000000e+00,109,1,0,1,1,0,
021_bleach_cleanser,s0_complete_v2_021_bleach_cleanser_t19,complete_only,431,0.870340,0.047507,4.412160e-07,4.166409e-06,960,0.031672,0.000000e+00,0.063343,1.183736e-06,0.000000e+00,122,1,0,1,1,0,
021_bleach_cleanser,s0_complete_v2_021_bleach_cleanser_t20,complete_only,354,0.887124,0.048048,3.685144e-07,3.568323e-06,838,0.032032,0.000000e+00,0.064064,1.078905e-06,0.000000e+00,106,1,0,1,1,1,
021_bleach_cleanser,s0_complete_v2_021_bleach_cleanser_t21,complete_only,23,0.901904,0.043306,1.408770e-05,4.164132e-05,1037,0.028871,1.900532e-05,0.057742,7.000123e-06,9.180826e-02,175,1,0,1,1,0,
021_bleach_cleanser,s0_complete_v2_021_bleach_cleanser_t22,complete_only,509,0.769480,0.043342,2.242047e-06,7.015711e-06,1251,0.028895,2.591942e-06,0.057789,2.201570e-06,2.575382e-02,153,1,0,1,1,0,
021_bleach_cleanser,s0_complete_v2_021_bleach_cleanser_t25,complete_only,754,0.905755,0.040516,1.891336e-06,5.432829e-06,1938,0.027010,3.137231e-06,0.054021,1.865801e-06,3.593670e-02,162,1,0,1,1,0,
021_bleach_cleanser,s0_complete_v2_021_bleach_cleanser_t26,complete_only,400,0.883017,0.043699,1.128275e-05,6.788073e-05,1031,0.029132,3.479245e-06,0.058265,1.664904e-05,0.000000e+00,95,1,0,1,1,1,
021_bleach_cleanser,s0_complete_v2_021_bleach_cleanser_t27,complete_only,80,0.916780,0.043193,4.166598e-06,2.944489e-05,825,0.028795,1.335701e-06,0.057591,6.508334e-06,0.000000e+00,97,1,0,1,1,1,
021_bleach_cleanser,s0_complete_v2_021_bleach_cleanser_t28,complete_only,98,0.915554,0.049103,3.875372e-04,2.235004e-03,1327,0.032735,2.517111e-04,0.065471,4.631957e-04,6.428910e-01,188,1,0,1,1,0,
021_bleach_cleanser,s0_complete_v2_021_bleach_cleanser_t29,complete_only,18,0.933625,0.043586,6.179464e-06,4.136956e-05,1660,0.029057,2.599600e-05,0.058114,5.360701e-06,2.775073e-02,95,1,0,1,1,1,
021_bleach_cleanser,s0_complete_v2_021_bleach_cleanser_t30,complete_only,89,0.933878,0.046408,3.937432e-06,2.378796e-05,990,0.030938,4.657750e-07,0.061877,5.828470e-06,0.000000e+00,102,1,0,1,1,1,
021_bleach_cleanser,s0_complete_v2_021_bleach_cleanser_t31,complete_only,138,0.926621,0.047524,4.406425e-07,6.742874e-06,928,0.031683,0.000000e+00,0.063365,1.298825e-06,0.000000e+00,109,1,0,1,1,1,
021_bleach_cleanser,s0_complete_v2_021_bleach_cleanser_t32,complete_only,64,0.962891,0.062934,6.410353e-04,2.472770e-03,10131,0.041956,4.812083e-03,0.083912,1.046900e-03,5.381344e+00,74,1,0,1,1,0,
021_bleach_cleanser,s0_complete_v2_021_bleach_cleanser_t33,complete_only,272,0.903086,0.044150,4.040651e-06,1.561349e-05,1273,0.029433,1.289817e-05,0.058867,3.149697e-06,2.130768e-02,105,1,0,1,1,1,
021_bleach_cleanser,s0_complete_v2_021_bleach_cleanser_t34,complete_only,150,0.915006,0.047556,1.636641e-06,8.234721e-06,1065,0.031704,2.645556e-07,0.063408,2.500783e-06,0.000000e+00,116,1,0,1,1,1,
021_bleach_cleanser,s0_complete_v2_021_bleach_cleanser_t35,complete_only,475,0.851971,0.048231,6.254133e-07,4.685878e-06,784,0.032154,0.000000e+00,0.064308,1.341145e-06,0.000000e+00,120,1,0,1,1,1,
021_bleach_cleanser,s0_complete_v2_021_bleach_cleanser_t36,complete_only,127,0.947795,0.035869,5.535015e-06,1.928018e-05,1167,0.023912,1.195095e-05,0.047825,4.040646e-06,1.054216e-01,126,1,0,1,1,0,
021_bleach_cleanser,s0_complete_v2_021_bleach_cleanser_t37,complete_only,0,0.889722,0.044610,4.668024e-06,2.902706e-05,850,0.029740,4.449904e-07,0.059479,6.576473e-06,0.000000e+00,105,1,0,1,1,1,
021_bleach_cleanser,s0_complete_v2_021_bleach_cleanser_t38,complete_only,380,0.931525,0.028529,9.488287e-06,3.945470e-05,1674,0.019020,8.752136e-06,0.038039,1.219199e-05,3.008969e-01,144,1,0,1,1,0,
021_bleach_cleanser,s0_complete_v2_021_bleach_cleanser_t39,complete_only,0,0.838583,0.031410,1.440170e-04,3.107312e-04,422,0.020940,2.050711e-04,0.041880,3.088790e-05,8.552569e-02,82,1,0,1,1,0,
021_bleach_cleanser,s0_complete_v2_021_bleach_cleanser_t40,complete_only,2,0.888910,0.045006,1.012835e-05,6.782740e-05,803,0.030004,6.733913e-06,0.060008,1.075629e-05,0.000000e+00,119,1,0,1,1,1,
021_bleach_cleanser,s0_complete_v2_021_bleach_cleanser_t41,complete_only,403,0.881908,0.048102,8.428470e-07,5.943888e-06,829,0.032068,0.000000e+00,0.064136,1.510286e-06,0.000000e+00,99,1,0,1,1,1,
021_bleach_cleanser,s0_complete_v2_021_bleach_cleanser_t42,complete_only,321,0.908397,0.043795,5.608370e-06,2.379085e-05,1563,0.029197,1.453031e-05,0.058394,4.043511e-06,7.379473e-02,103,1,0,1,1,1,
021_bleach_cleanser,s0_complete_v2_021_bleach_cleanser_t43,complete_only,610,0.768215,0.043147,1.853025e-06,5.896719e-06,1473,0.028765,2.012480e-06,0.057530,1.890596e-06,8.289860e-02,175,1,0,1,1,1,
021_bleach_cleanser,s0_complete_v2_021_bleach_cleanser_t44,complete_only,164,0.883800,0.045097,2.772309e-05,1.145975e-04,1104,0.030065,1.768780e-05,0.060129,2.315706e-05,0.000000e+00,78,1,0,1,1,0,
021_bleach_cleanser,s0_complete_v2_021_bleach_cleanser_t45,complete_only,291,0.947740,0.042106,1.296361e-06,4.289932e-06,1487,0.028070,7.353599e-07,0.056141,1.798884e-06,0.000000e+00,145,1,0,1,1,0,
021_bleach_cleanser,s0_complete_v2_021_bleach_cleanser_t46,complete_only,53,0.880943,0.043054,4.852773e-06,2.505965e-05,1245,0.028703,7.048170e-06,0.057405,4.951195e-06,8.416839e-02,176,1,0,1,1,1,
021_bleach_cleanser,s0_complete_v2_021_bleach_cleanser_t47,complete_only,217,0.923458,0.028056,1.072762e-05,9.408167e-05,1914,0.018704,1.607900e-05,0.037408,1.034417e-05,1.314645e-01,192,1,0,1,1,0,
021_bleach_cleanser,s0_complete_v2_021_bleach_cleanser_t48,complete_only,60,0.889247,0.046194,1.617723e-05,1.460174e-04,895,0.030796,6.391327e-06,0.061592,1.729993e-05,0.000000e+00,122,1,0,1,1,1,
021_bleach_cleanser,s0_complete_v2_021_bleach_cleanser_t49,complete_only,368,0.878549,0.047956,4.239429e-07,0.000000e+00,605,0.031971,0.000000e+00,0.063942,1.349099e-06,0.000000e+00,77,1,0,1,1,1,
061_foam_brick,s0_complete_v2_061_foam_brick_t0,complete_only,330,0.886052,0.017885,5.312166e-05,8.378584e-05,723,0.011923,5.911155e-05,0.023846,5.780918e-05,2.295720e+00,1719,1,0,1,1,1,
061_foam_brick,s0_complete_v2_061_foam_brick_t1,complete_only,70,0.965828,0.017917,8.924079e-06,3.620067e-05,1402,0.011944,1.297555e-05,0.023889,9.583262e-06,3.174294e+00,2222,1,0,1,1,1,
061_foam_brick,s0_complete_v2_061_foam_brick_t2,complete_only,1156,0.546961,0.018066,6.350164e-05,2.849757e-04,892,0.012044,7.325483e-05,0.024087,6.513853e-05,3.929706e+00,1926,1,0,1,1,1,
061_foam_brick,s0_complete_v2_061_foam_brick_t3,complete_only,578,0.892659,0.017587,1.602260e-05,9.750611e-05,1146,0.011725,1.723100e-05,0.023450,1.850178e-05,2.973357e+00,1833,1,0,1,1,0,
061_foam_brick,s0_complete_v2_061_foam_brick_t4,complete_only,449,0.910073,0.016567,5.502022e-05,1.964392e-04,821,0.011045,5.932312e-05,0.022090,4.882878e-05,2.482528e+00,1285,1,0,1,1,1,
061_foam_brick,s0_complete_v2_061_foam_brick_t5,complete_only,641,0.836551,0.017266,3.303707e-05,1.254713e-04,776,0.011511,4.782831e-05,0.023021,3.110442e-05,2.171841e+00,1470,1,0,1,1,1,
061_foam_brick,s0_complete_v2_061_foam_brick_t6,complete_only,14,0.953583,0.019179,3.380366e-04,1.109112e-03,179,0.012786,5.500413e-04,0.025573,1.319269e-04,5.495440e+00,1396,1,0,1,1,0,
061_foam_brick,s0_complete_v2_061_foam_brick_t7,complete_only,12,0.983164,0.018276,1.365302e-06,2.868133e-06,2579,0.012184,6.064413e-07,0.024368,1.965949e-06,1.971855e+00,2469,1,0,1,1,1,
061_foam_brick,s0_complete_v2_061_foam_brick_t8,complete_only,51,0.943687,0.017935,5.121727e-06,1.822158e-05,1225,0.011957,1.509917e-06,0.023914,1.395111e-05,1.280164e+00,1457,1,0,1,1,1,
061_foam_brick,s0_complete_v2_061_foam_brick_t9,complete_only,18,0.939826,0.019294,1.876741e-03,6.239024e-03,108,0.012862,2.093870e-03,0.025725,1.157937e-03,6.328906e+00,1298,1,0,1,1,0,
061_foam_brick,s0_complete_v2_061_foam_brick_t10,complete_only,961,0.708049,0.020307,1.058487e-04,5.704498e-04,756,0.013538,1.470113e-04,0.027076,7.535906e-05,3.131709e+00,1442,1,0,1,1,1,
061_foam_brick,s0_complete_v2_061_foam_brick_t11,complete_only,1214,0.513079,0.019609,4.416711e-05,2.707355e-04,1686,0.013073,4.698312e-05,0.026145,5.250670e-05,3.207852e+00,1756,1,0,1,1,1,
061_foam_brick,s0_complete_v2_061_foam_brick_t12,complete_only,2,0.954186,0.019211,3.011592e-06,2.981459e-06,1079,0.012807,2.230833e-06,0.025614,4.075801e-06,1.000402e+00,1408,1,0,1,1,1,
061_foam_brick,s0_complete_v2_061_foam_brick_t13,complete_only,4,0.961875,0.018122,2.598864e-04,8.767133e-04,837,0.012081,3.260343e-04,0.024162,2.608824e-04,6.418569e+00,1324,1,0,1,1,1,
061_foam_brick,s0_complete_v2_061_foam_brick_t14,complete_only,1036,0.705978,0.018261,4.619096e-05,1.797245e-04,1125,0.012174,4.449719e-05,0.024348,4.193290e-05,2.368713e+00,1709,1,0,1,1,1,
061_foam_brick,s0_complete_v2_061_foam_brick_t15,complete_only,12,0.957016,0.018261,3.517154e-07,6.135118e-07,1015,0.012174,3.574742e-07,0.024348,3.768254e-07,1.124651e+00,1923,1,0,1,1,0,
061_foam_brick,s0_complete_v2_061_foam_brick_t16,complete_only,19,0.953186,0.019212,2.470608e-03,8.500479e-03,106,0.012808,3.266031e-03,0.025617,1.509338e-03,6.450946e+00,709,1,0,1,1,1,
061_foam_brick,s0_complete_v2_061_foam_brick_t17,complete_only,6,0.973210,0.017268,2.079044e-06,4.218447e-06,1162,0.011512,8.590920e-07,0.023024,2.338114e-06,1.011528e+00,1514,1,0,1,1,1,
061_foam_brick,s0_complete_v2_061_foam_brick_t18,complete_only,239,0.947200,0.018093,3.380474e-06,1.474928e-05,1280,0.012062,2.865470e-06,0.024125,3.473535e-06,7.258697e-01,1048,1,0,1,1,0,
061_foam_brick,s0_complete_v2_061_foam_brick_t19,complete_only,34,0.962698,0.020250,1.956703e-03,8.335299e-03,677,0.013500,3.955526e-03,0.027000,9.771525e-04,5.603508e+00,1804,1,0,1,1,1,
061_foam_brick,s0_complete_v2_061_foam_brick_t20,complete_only,10,0.947303,0.019311,1.716881e-03,5.210445e-03,93,0.012874,1.737456e-03,0.025748,1.216324e-03,8.580656e+00,1424,1,0,1,1,1,
061_foam_brick,s0_complete_v2_061_foam_brick_t21,complete_only,54,0.971930,0.017548,1.686797e-06,1.446696e-06,1349,0.011698,9.355792e-07,0.023397,2.865387e-06,7.554863e-01,1252,1,0,1,1,0,
061_foam_brick,s0_complete_v2_061_foam_brick_t22,complete_only,77,0.925650,0.017946,2.039868e-05,5.484295e-06,1124,0.011964,2.186859e-05,0.023928,2.287706e-05,1.508064e+00,1431,1,0,1,1,1,
061_foam_brick,s0_complete_v2_061_foam_brick_t23,complete_only,1041,0.672196,0.017919,5.984651e-05,2.602153e-04,807,0.011946,8.617404e-05,0.023891,5.636697e-05,2.702889e+00,1649,1,0,1,1,1,
061_foam_brick,s0_complete_v2_061_foam_brick_t24,complete_only,32,0.975518,0.017506,1.170800e-05,1.336281e-05,1327,0.011671,9.909980e-06,0.023342,1.187548e-05,2.889289e+00,2228,1,0,1,1,1,
061_foam_brick,s0_complete_v2_061_foam_brick_t25,complete_only,19,0.985946,0.018351,1.955586e-05,7.526608e-05,1393,0.012234,2.600450e-05,0.024468,1.108406e-05,2.675131e+00,2037,1,0,1,1,1,
061_foam_brick,s0_complete_v2_061_foam_brick_t26,complete_only,944,0.815995,0.018337,6.982373e-05,3.033861e-04,734,0.012225,8.233222e-05,0.024450,5.745977e-05,2.424030e+00,1831,1,0,1,1,1,
061_foam_brick,s0_complete_v2_061_foam_brick_t27,complete_only,1068,0.681572,0.019220,1.149812e-05,5.475771e-05,1749,0.012813,7.960154e-06,0.025627,1.723864e-05,2.909113e+00,1746,1,0,1,1,1,
061_foam_brick,s0_complete_v2_061_foam_brick_t28,complete_only,595,0.881718,0.017755,8.181365e-05,4.852694e-05,560,0.011836,7.985357e-05,0.023673,7.435491e-05,2.560684e+00,1726,1,0,1,1,1,
061_foam_brick,s0_complete_v2_061_foam_brick_t29,complete_only,2,0.967024,0.017454,4.764351e-06,2.741653e-05,1663,0.011636,6.816793e-06,0.023272,4.664458e-06,2.341075e+00,2786,1,0,1,1,1,
061_foam_brick,s0_complete_v2_061_foam_brick_t30,complete_only,28,0.950230,0.017864,3.821020e-07,5.402425e-07,1211,0.011909,3.889460e-07,0.023819,4.425052e-07,1.195911e+00,1667,1,0,1,1,0,
061_foam_brick,s0_complete_v2_061_foam_brick_t31,complete_only,11,0.971421,0.020442,4.207672e-04,1.726526e-03,813,0.013628,6.406614e-04,0.027257,1.064079e-04,6.585566e+00,1059,1,0,1,1,1,
061_foam_brick,s0_complete_v2_061_foam_brick_t32,complete_only,1332,0.447523,0.021367,1.439262e-03,4.917662e-03,611,0.014245,1.552127e-03,0.028489,1.106988e-03,3.691640e+00,250,1,0,1,1,0,
061_foam_brick,s0_complete_v2_061_foam_brick_t33,complete_only,314,0.923833,0.017579,1.071786e-06,4.245890e-06,1163,0.011720,8.829106e-07,0.023439,2.538123e-06,9.692725e-01,1408,1,0,1,1,0,
061_foam_brick,s0_complete_v2_061_foam_brick_t34,complete_only,50,0.924671,0.016536,2.714928e-06,9.959039e-06,1932,0.011024,2.249807e-06,0.022048,2.993270e-06,2.439316e+00,2723,1,0,1,1,1,
061_foam_brick,s0_complete_v2_061_foam_brick_t35,complete_only,95,0.926558,0.018639,1.297680e-06,1.730942e-06,1379,0.012426,9.891873e-07,0.024851,2.141289e-06,7.122355e-01,1196,1,0,1,1,1,
061_foam_brick,s0_complete_v2_061_foam_brick_t36,complete_only,42,0.944795,0.021632,1.167066e-04,6.447389e-04,286,0.014421,4.576022e-05,0.028843,4.100300e-05,1.262423e+00,1317,1,0,1,1,1,
061_foam_brick,s0_complete_v2_061_foam_brick_t37,complete_only,77,0.970786,0.018095,4.082742e-06,3.975890e-06,961,0.012063,7.555006e-06,0.024126,3.909381e-06,6.937704e-01,1138,1,0,1,1,1,
061_foam_brick,s0_complete_v2_061_foam_brick_t38,complete_only,0,0.963754,0.018149,3.760107e-07,7.541593e-07,1286,0.012100,3.706171e-07,0.024199,3.824234e-07,8.866618e-01,1380,1,0,1,1,0,
061_foam_brick,s0_complete_v2_061_foam_brick_t39,complete_only,4,0.960350,0.016874,1.312301e-05,5.682838e-05,1446,0.011249,2.339745e-05,0.022498,1.314372e-05,1.956040e+00,2242,1,0,1,1,1,
061_foam_brick,s0_complete_v2_061_foam_brick_t40,complete_only,391,0.935299,0.016821,3.282652e-05,2.370034e-04,695,0.011214,5.697396e-05,0.022428,3.471328e-05,1.388063e+00,934,1,0,1,1,1,
061_foam_brick,s0_complete_v2_061_foam_brick_t41,complete_only,346,0.889018,0.017864,1.482468e-04,6.304045e-04,424,0.011910,2.107667e-04,0.023819,1.033057e-04,3.826804e+00,1519,1,0,1,1,1,
061_foam_brick,s0_complete_v2_061_foam_brick_t42,complete_only,27,0.948713,0.017395,9.338325e-06,1.183206e-05,1088,0.011597,1.344344e-06,0.023193,1.289970e-05,1.113743e+00,1289,1,0,1,1,1,
061_foam_brick,s0_complete_v2_061_foam_brick_t43,complete_only,1,0.948531,0.018906,1.180767e-04,4.081781e-04,760,0.012604,1.229640e-04,0.025208,6.344366e-05,2.887472e+00,1676,1,0,1,1,1,
061_foam_brick,s0_complete_v2_061_foam_brick_t44,complete_only,767,0.859463,0.017072,1.084736e-04,6.096323e-04,814,0.011381,9.092214e-05,0.022763,8.733080e-05,2.870056e+00,1458,1,0,1,1,1,
061_foam_brick,s0_complete_v2_061_foam_brick_t45,complete_only,30,0.986592,0.018360,1.715551e-06,7.359348e-06,2263,0.012240,1.103645e-06,0.024480,2.600519e-06,1.946363e+00,2420,1,0,1,1,1,
061_foam_brick,s0_complete_v2_061_foam_brick_t46,complete_only,20,0.970286,0.018022,5.152002e-06,5.732799e-06,1147,0.012014,2.917960e-06,0.024029,5.086329e-06,1.117847e+00,1572,1,0,1,1,0,
061_foam_brick,s0_complete_v2_061_foam_brick_t47,complete_only,34,0.972189,0.018346,3.648291e-06,1.347990e-05,2219,0.012231,1.992737e-06,0.024462,6.897386e-06,3.064145e+00,2387,1,0,1,1,1,
061_foam_brick,s0_complete_v2_061_foam_brick_t48,complete_only,451,0.881835,0.017418,2.328969e-04,7.106071e-04,686,0.011612,2.770461e-04,0.023224,2.289221e-04,2.841586e+00,1260,1,0,1,1,1,
061_foam_brick,s0_complete_v2_061_foam_brick_t49,complete_only,318,0.923928,0.017817,5.714704e-05,1.527938e-04,579,0.011878,4.081276e-05,0.023756,4.078607e-05,2.489995e+00,1580,1,0,1,1,1,
019_pitcher_base,s0_complete_v2_019_pitcher_base_t0,complete_only,44,0.948874,0.043154,2.050536e-04,1.212767e-03,1542,0.028769,1.206283e-03,0.057539,1.726436e-04,7.741362e-01,196,1,0,1,1,0,
019_pitcher_base,s0_complete_v2_019_pitcher_base_t1,complete_only,41,0.933224,0.041807,4.776027e-04,1.967769e-03,638,0.027871,7.952751e-04,0.055743,5.253586e-04,1.514197e+00,177,1,0,1,1,0,
019_pitcher_base,s0_complete_v2_019_pitcher_base_t3,complete_only,209,0.895204,0.040145,1.103122e-06,0.000000e+00,451,0.026763,0.000000e+00,0.053526,3.237905e-06,0.000000e+00,47,1,0,1,1,0,
019_pitcher_base,s0_complete_v2_019_pitcher_base_t4,complete_only,140,0.937466,0.040979,5.454867e-06,1.636834e-05,1052,0.027319,3.842767e-06,0.054639,6.625480e-06,1.340760e-01,113,1,0,1,1,0,
019_pitcher_base,s0_complete_v2_019_pitcher_base_t5,complete_only,347,0.906224,0.041314,4.842025e-05,8.709488e-05,194,0.027543,6.296738e-05,0.055086,4.117239e-05,1.083080e-01,14,1,0,1,1,0,
019_pitcher_base,s0_complete_v2_019_pitcher_base_t6,complete_only,118,0.923890,0.039337,7.515869e-05,4.290305e-04,1005,0.026225,6.240315e-05,0.052450,1.038786e-04,1.765020e-01,48,1,0,1,1,1,
019_pitcher_base,s0_complete_v2_019_pitcher_base_t7,complete_only,5,0.957858,0.020714,1.815876e-03,4.173156e-03,580,0.013810,2.264563e-03,0.027619,1.298650e-03,2.269315e+00,154,1,0,1,1,0,
019_pitcher_base,s0_complete_v2_019_pitcher_base_t9,complete_only,133,0.865785,0.039400,4.920594e-04,1.955031e-03,821,0.026266,1.989849e-03,0.052533,3.193274e-04,6.799162e-01,169,1,0,1,1,0,
019_pitcher_base,s0_complete_v2_019_pitcher_base_t10,complete_only,565,0.863655,0.041705,2.707161e-05,4.598932e-05,191,0.027803,3.172571e-05,0.055606,2.384116e-05,1.328511e-01,26,1,0,1,1,0,
019_pitcher_base,s0_complete_v2_019_pitcher_base_t11,complete_only,246,0.914009,0.041558,5.986905e-06,1.366326e-05,588,0.027705,8.158969e-06,0.055410,4.964274e-06,1.047391e-01,40,1,0,1,1,0,
019_pitcher_base,s0_complete_v2_019_pitcher_base_t12,complete_only,1,0.936928,0.040350,5.826180e-06,4.258107e-06,561,0.026900,0.000000e+00,0.053801,1.318165e-05,0.000000e+00,57,1,0,1,1,0,
019_pitcher_base,s0_complete_v2_019_pitcher_base_t13,complete_only,6,0.939015,0.039711,2.546992e-04,1.975741e-03,885,0.026474,5.586312e-04,0.052948,2.680665e-04,2.557399e-01,72,1,0,1,1,1,
019_pitcher_base,s0_complete_v2_019_pitcher_base_t14,complete_only,509,0.873535,0.042164,1.846182e-05,3.482751e-05,225,0.028109,2.155492e-05,0.056219,1.640879e-05,1.232987e-01,29,1,0,1,1,0,
019_pitcher_base,s0_complete_v2_019_pitcher_base_t15,complete_only,231,0.900070,0.041044,3.807478e-05,2.600777e-04,395,0.027363,7.927188e-06,0.054726,7.408072e-05,1.471844e-02,72,1,0,1,1,1,
019_pitcher_base,s0_complete_v2_019_pitcher_base_t16,complete_only,34,0.919165,0.039808,8.013168e-04,3.518390e-03,469,0.026538,2.636879e-03,0.053077,2.360444e-04,2.624915e-01,54,1,0,1,1,0,
019_pitcher_base,s0_complete_v2_019_pitcher_base_t17,complete_only,17,0.932059,0.040627,3.866238e-04,2.588017e-03,600,0.027085,2.207109e-03,0.054170,3.250873e-04,5.178722e-02,48,1,0,1,1,0,
019_pitcher_base,s0_complete_v2_019_pitcher_base_t20,complete_only,101,0.913857,0.039299,2.244944e-04,1.597772e-03,1025,0.026200,1.864242e-03,0.052399,1.671227e-04,1.932103e-01,47,1,0,1,1,0,
019_pitcher_base,s0_complete_v2_019_pitcher_base_t21,complete_only,382,0.845266,0.060141,1.166276e-05,3.925080e-05,6729,0.040094,8.181773e-06,0.080188,1.871584e-05,3.597073e-01,201,1,0,1,1,0,
019_pitcher_base,s0_complete_v2_019_pitcher_base_t23,complete_only,232,0.927513,0.044664,6.661844e-05,1.648050e-04,404,0.029776,7.238194e-05,0.059552,6.980055e-05,2.340506e-01,33,1,0,1,1,0,
019_pitcher_base,s0_complete_v2_019_pitcher_base_t26,complete_only,170,0.910852,0.031637,6.292518e-06,1.175909e-05,440,0.021091,7.348988e-06,0.042183,5.195237e-06,1.170344e-01,40,1,0,1,1,0,
019_pitcher_base,s0_complete_v2_019_pitcher_base_t27,complete_only,218,0.915236,0.041637,3.676371e-05,6.895031e-05,275,0.027758,4.391751e-05,0.055516,3.131721e-05,1.586209e-01,21,1,0,1,1,0,
019_pitcher_base,s0_complete_v2_019_pitcher_base_t28,complete_only,37,0.957544,0.041365,8.752217e-06,1.263314e-05,802,0.027577,1.153252e-06,0.055154,1.531643e-05,0.000000e+00,69,1,0,1,1,0,
019_pitcher_base,s0_complete_v2_019_pitcher_base_t30,complete_only,116,0.913872,0.040736,9.797107e-05,1.753183e-04,389,0.027157,9.219834e-05,0.054314,8.345292e-05,2.955547e-01,32,1,0,1,1,0,
019_pitcher_base,s0_complete_v2_019_pitcher_base_t31,complete_only,251,0.873979,0.043310,9.539606e-04,2.584371e-03,454,0.028874,1.208531e-03,0.057747,7.906368e-04,1.671853e+00,74,1,0,1,1,0,
019_pitcher_base,s0_complete_v2_019_pitcher_base_t32,complete_only,80,0.960066,0.043181,1.073161e-04,5.327486e-04,1239,0.028787,2.186206e-04,0.057575,1.191975e-04,4.887690e-01,142,1,0,1,1,0,
019_pitcher_base,s0_complete_v2_019_pitcher_base_t33,complete_only,45,0.933226,0.042182,2.067271e-04,1.647068e-03,457,0.028121,6.825773e-04,0.056242,1.356091e-04,2.963803e-01,77,1,0,1,1,0,
019_pitcher_base,s0_complete_v2_019_pitcher_base_t34,complete_only,62,0.915070,0.039859,2.742307e-06,0.000000e+00,424,0.026572,0.000000e+00,0.053145,2.748415e-05,0.000000e+00,73,1,0,1,1,1,
019_pitcher_base,s0_complete_v2_019_pitcher_base_t35,complete_only,24,0.934202,0.040743,1.119923e-03,7.576452e-03,785,0.027162,6.200404e-03,0.054324,5.668395e-04,6.039074e-01,103,1,0,1,1,0,
019_pitcher_base,s0_complete_v2_019_pitcher_base_t36,complete_only,711,0.684899,0.039904,1.461125e-05,5.070291e-06,729,0.026603,3.229628e-07,0.053206,2.050163e-05,0.000000e+00,58,1,0,1,1,0,
019_pitcher_base,s0_complete_v2_019_pitcher_base_t37,complete_only,21,0.933106,0.041810,9.899601e-05,8.373650e-04,1209,0.027873,4.962299e-04,0.055746,9.810831e-05,3.481648e-02,54,1,0,1,1,0,
019_pitcher_base,s0_complete_v2_019_pitcher_base_t38,complete_only,124,0.949652,0.042068,2.092186e-04,3.770834e-04,175,0.028045,2.424297e-04,0.056090,1.698990e-04,2.860276e-01,23,1,0,1,1,0,
019_pitcher_base,s0_complete_v2_019_pitcher_base_t39,complete_only,24,0.916077,0.039321,1.257958e-05,5.824307e-05,643,0.026214,3.572977e-06,0.052428,1.675937e-05,0.000000e+00,64,1,0,1,1,1,
019_pitcher_base,s0_complete_v2_019_pitcher_base_t40,complete_only,85,0.881031,0.041343,2.184416e-04,9.504401e-04,1291,0.027562,4.132352e-04,0.055124,1.140112e-04,2.979279e-01,116,1,0,1,1,0,
019_pitcher_base,s0_complete_v2_019_pitcher_base_t41,complete_only,76,0.939545,0.041251,7.414698e-05,5.397914e-04,1500,0.027501,6.024835e-05,0.055002,1.095040e-04,5.534756e-01,194,1,0,1,1,1,
019_pitcher_base,s0_complete_v2_019_pitcher_base_t42,complete_only,268,0.865551,0.023677,1.101980e-04,2.225968e-04,971,0.015784,1.017471e-04,0.031569,8.407451e-05,1.649859e-01,271,1,0,1,1,0,
019_pitcher_base,s0_complete_v2_019_pitcher_base_t43,complete_only,44,0.953523,0.041691,1.189446e-06,4.478899e-06,593,0.027794,0.000000e+00,0.055588,5.086298e-06,0.000000e+00,50,1,0,1,1,0,
019_pitcher_base,s0_complete_v2_019_pitcher_base_t44,complete_only,215,0.928610,0.040691,7.570568e-06,5.384944e-05,491,0.027127,8.270455e-06,0.054254,7.549722e-06,1.620931e-02,37,1,0,1,1,0,
019_pitcher_base,s0_complete_v2_019_pitcher_base_t45,complete_only,1,0.905596,0.040525,3.030823e-05,2.745859e-05,1017,0.027017,1.518279e-06,0.054034,6.174564e-05,0.000000e+00,52,1,0,1,1,0,
019_pitcher_base,s0_complete_v2_019_pitcher_base_t46,complete_only,1,0.934862,0.041048,8.070197e-04,1.851281e-03,384,0.027365,9.413415e-04,0.054731,5.266903e-04,7.765404e-01,61,1,0,1,1,0,
019_pitcher_base,s0_complete_v2_019_pitcher_base_t47,complete_only,72,0.933703,0.041440,4.251513e-04,2.597582e-03,469,0.027627,1.000379e-03,0.055254,2.989325e-04,3.287515e-01,70,1,0,1,1,0,
019_pitcher_base,s0_complete_v2_019_pitcher_base_t48,complete_only,187,0.940332,0.040715,4.434643e-05,8.056442e-05,334,0.027144,5.356614e-05,0.054287,3.864482e-05,1.638541e-01,24,1,0,1,1,0,
019_pitcher_base,s0_complete_v2_019_pitcher_base_t49,complete_only,160,0.915127,0.040284,1.583115e-04,1.121067e-03,1270,0.026856,1.314338e-04,0.053712,1.496545e-04,1.975803e-01,86,1,0,1,1,1,
022_windex_bottle,s0_gate_off_022_windex_bottle_t0,complete_only,386,0.862205,0.038792,7.437804e-05,3.560751e-04,780,0.025862,1.576657e-05,0.051723,8.921820e-05,0.000000e+00,85,1,0,1,1,0,
022_windex_bottle,s0_gate_off_022_windex_bottle_t1,complete_only,383,0.871992,0.040243,0.000000e+00,0.000000e+00,597,0.026828,0.000000e+00,0.053657,1.013806e-05,0.000000e+00,90,1,0,1,1,1,
022_windex_bottle,s0_gate_off_022_windex_bottle_t2,complete_only,4,0.948758,0.039166,5.054928e-06,3.815320e-06,989,0.026110,0.000000e+00,0.052221,3.932346e-05,0.000000e+00,116,1,0,1,1,1,
022_windex_bottle,s0_gate_off_022_windex_bottle_t3,complete_only,131,0.922002,0.039375,3.250979e-05,2.658555e-04,772,0.026250,1.264935e-05,0.052500,3.946373e-05,0.000000e+00,72,1,0,1,1,0,
022_windex_bottle,s0_gate_off_022_windex_bottle_t4,complete_only,698,0.811573,0.038375,2.650240e-05,0.000000e+00,583,0.025583,6.736429e-06,0.051166,3.924276e-05,0.000000e+00,83,1,0,1,1,1,
022_windex_bottle,s0_gate_off_022_windex_bottle_t5,complete_only,149,0.878651,0.046863,2.838794e-04,1.420364e-03,4374,0.031242,6.361256e-04,0.062484,3.079639e-04,1.784870e+00,536,1,0,1,1,0,
022_windex_bottle,s0_gate_off_022_windex_bottle_t6,complete_only,2,0.965442,0.039904,5.144597e-04,1.336885e-03,1000,0.026603,4.247736e-04,0.053206,5.301319e-04,3.806970e+00,250,1,0,1,1,0,
022_windex_bottle,s0_gate_off_022_windex_bottle_t7,complete_only,328,0.914345,0.041336,4.126770e-05,3.290289e-04,1282,0.027557,3.459606e-05,0.055114,5.610719e-05,0.000000e+00,69,1,0,1,1,1,
022_windex_bottle,s0_gate_off_022_windex_bottle_t8,complete_only,314,0.919145,0.037487,3.569742e-06,3.657367e-05,690,0.024991,0.000000e+00,0.049983,7.583069e-06,0.000000e+00,119,1,0,1,1,0,
022_windex_bottle,s0_gate_off_022_windex_bottle_t9,complete_only,3,0.935891,0.038573,9.570930e-05,5.120098e-04,992,0.025716,1.665964e-04,0.051431,5.545144e-05,1.391626e-01,70,1,0,1,1,1,
022_windex_bottle,s0_gate_off_022_windex_bottle_t10,complete_only,473,0.852903,0.039153,1.124725e-05,6.685664e-05,1011,0.026102,7.740461e-06,0.052204,1.605862e-05,0.000000e+00,92,1,0,1,1,1,
022_windex_bottle,s0_gate_off_022_windex_bottle_t11,complete_only,436,0.851095,0.038861,1.106126e-05,5.948057e-05,630,0.025907,0.000000e+00,0.051814,4.615115e-05,0.000000e+00,97,1,0,1,1,1,
022_windex_bottle,s0_gate_off_022_windex_bottle_t12,complete_only,460,0.899037,0.042478,3.631170e-05,1.502717e-04,939,0.028319,3.613243e-05,0.056638,2.614505e-05,0.000000e+00,64,1,0,1,1,0,
022_windex_bottle,s0_gate_off_022_windex_bottle_t13,complete_only,22,0.939671,0.038407,2.278359e-04,9.950526e-04,924,0.025604,2.100636e-04,0.051209,1.459323e-04,5.532480e-01,81,1,0,1,1,0,
022_windex_bottle,s0_gate_off_022_windex_bottle_t14,complete_only,488,0.846400,0.038972,3.884877e-06,1.458596e-05,862,0.025981,2.181310e-06,0.051963,1.962246e-05,0.000000e+00,77,1,0,1,1,1,
022_windex_bottle,s0_gate_off_022_windex_bottle_t15,complete_only,23,0.901291,0.016469,7.606204e-05,1.828857e-04,1205,0.010979,8.787701e-05,0.021959,6.941676e-05,1.891446e+00,926,1,0,1,1,0,
022_windex_bottle,s0_gate_off_022_windex_bottle_t16,complete_only,7,0.933919,0.037651,3.801924e-05,1.749732e-04,1653,0.025101,2.445501e-05,0.050202,3.772687e-05,1.307458e-02,74,1,0,1,1,1,
022_windex_bottle,s0_gate_off_022_windex_bottle_t17,complete_only,153,0.893324,0.037991,5.708594e-06,4.079958e-05,675,0.025327,1.023621e-06,0.050655,1.063622e-05,0.000000e+00,77,1,0,1,1,0,
022_windex_bottle,s0_gate_off_022_windex_bottle_t18,complete_only,164,0.901758,0.038786,1.448612e-05,8.096465e-05,1099,0.025857,1.334928e-05,0.051715,1.861102e-05,3.390879e-02,99,1,0,1,1,0,
022_windex_bottle,s0_gate_off_022_windex_bottle_t19,complete_only,8,0.926717,0.037853,2.407078e-05,1.160237e-04,1305,0.025235,1.367758e-05,0.050471,2.175382e-05,0.000000e+00,71,1,0,1,1,0,
022_windex_bottle,s0_gate_off_022_windex_bottle_t20,complete_only,2,0.937068,0.037940,1.989557e-04,1.160110e-03,1475,0.025293,2.401014e-04,0.050587,1.020497e-04,1.770484e-01,66,1,0,1,1,1,
022_windex_bottle,s0_gate_off_022_windex_bottle_t21,complete_only,436,0.892825,0.035731,1.447731e-04,4.560194e-04,832,0.023820,1.632682e-04,0.047641,1.524699e-04,5.840166e-01,218,1,0,1,1,0,
022_windex_bottle,s0_gate_off_022_windex_bottle_t22,complete_only,345,0.899978,0.042682,1.140588e-04,4.033285e-04,1170,0.028455,1.427767e-04,0.056909,8.962073e-05,2.408564e-01,27,1,0,1,1,0,
022_windex_bottle,s0_gate_off_022_windex_bottle_t23,complete_only,6,0.932154,0.039188,8.349331e-06,2.184587e-05,853,0.026125,6.713295e-07,0.052251,6.397437e-05,0.000000e+00,111,1,0,1,1,0,
022_windex_bottle,s0_gate_off_022_windex_bottle_t24,complete_only,186,0.923268,0.041171,4.504361e-05,3.569364e-04,1303,0.027447,3.175282e-05,0.054895,4.627667e-05,0.000000e+00,76,1,0,1,1,1,
022_windex_bottle,s0_gate_off_022_windex_bottle_t25,complete_only,297,0.927261,0.041481,5.272387e-05,2.783131e-04,1022,0.027654,3.090158e-05,0.055308,4.535970e-05,0.000000e+00,56,1,0,1,1,1,
022_windex_bottle,s0_gate_off_022_windex_bottle_t26,complete_only,577,0.830901,0.038813,1.426227e-05,1.578752e-05,792,0.025875,2.915655e-06,0.051751,3.385979e-05,0.000000e+00,88,1,0,1,1,1,
022_windex_bottle,s0_gate_off_022_windex_bottle_t27,complete_only,644,0.816422,0.039069,1.962443e-05,1.697049e-04,1030,0.026046,1.492799e-05,0.052092,3.623990e-05,0.000000e+00,97,1,0,1,1,0,
022_windex_bottle,s0_gate_off_022_windex_bottle_t28,complete_only,233,0.891434,0.042358,4.213702e-06,1.283515e-05,1484,0.028238,1.697385e-06,0.056477,1.005996e-05,0.000000e+00,101,1,0,1,1,1,
022_windex_bottle,s0_gate_off_022_windex_bottle_t30,complete_only,305,0.906024,0.038669,3.917255e-05,2.690548e-04,828,0.025779,1.778281e-05,0.051558,9.911290e-05,0.000000e+00,46,1,0,1,1,1,
022_windex_bottle,s0_gate_off_022_windex_bottle_t31,complete_only,69,0.967639,0.020094,8.097030e-06,5.008562e-05,956,0.013396,1.068706e-05,0.026792,7.700227e-06,5.744072e-02,116,1,0,1,1,0,
022_windex_bottle,s0_gate_off_022_windex_bottle_t32,complete_only,292,0.888307,0.038896,2.875295e-05,8.722885e-05,872,0.025930,0.000000e+00,0.051861,1.099560e-04,0.000000e+00,110,1,0,1,1,1,
022_windex_bottle,s0_gate_off_022_windex_bottle_t33,complete_only,239,0.968868,0.023403,3.279900e-06,9.714962e-06,1486,0.015602,3.947066e-06,0.031205,3.189976e-06,1.725343e-01,209,1,0,1,1,0,
022_windex_bottle,s0_gate_off_022_windex_bottle_t34,complete_only,640,0.826375,0.039358,1.915950e-05,1.586708e-04,696,0.026239,1.035984e-05,0.052477,2.625249e-05,0.000000e+00,74,1,0,1,1,0,
022_windex_bottle,s0_gate_off_022_windex_bottle_t35,complete_only,18,0.952415,0.038500,2.513470e-04,1.057685e-03,1478,0.025667,2.201108e-04,0.051334,1.495256e-04,3.319918e-01,75,1,0,1,1,1,
022_windex_bottle,s0_gate_off_022_windex_bottle_t36,complete_only,405,0.908469,0.041816,3.997555e-05,1.274211e-04,1112,0.027877,2.890044e-05,0.055755,3.398834e-05,0.000000e+00,68,1,0,1,1,0,
022_windex_bottle,s0_gate_off_022_windex_bottle_t37,complete_only,268,0.915107,0.041337,4.742438e-05,4.712756e-04,1841,0.027558,3.280696e-05,0.055115,7.477598e-05,0.000000e+00,78,1,0,1,1,0,
022_windex_bottle,s0_gate_off_022_windex_bottle_t38,complete_only,971,0.829994,0.037576,7.081866e-07,0.000000e+00,619,0.025051,0.000000e+00,0.050102,8.228989e-06,0.000000e+00,154,1,0,1,1,0,
022_windex_bottle,s0_gate_off_022_windex_bottle_t39,complete_only,217,0.899711,0.039259,8.344767e-05,3.426422e-04,1281,0.026173,6.768488e-05,0.052345,4.736741e-05,2.655981e-01,187,1,0,1,1,0,
022_windex_bottle,s0_gate_off_022_windex_bottle_t40,complete_only,557,0.876906,0.041364,7.726074e-05,5.538671e-04,1421,0.027576,3.663091e-05,0.055153,9.897464e-05,0.000000e+00,88,1,0,1,1,1,
022_windex_bottle,s0_gate_off_022_windex_bottle_t41,complete_only,267,0.881786,0.039218,4.805020e-05,0.000000e+00,624,0.026145,0.000000e+00,0.052291,5.704199e-05,0.000000e+00,79,1,0,1,1,0,
022_windex_bottle,s0_gate_off_022_windex_bottle_t42,complete_only,146,0.929914,0.038056,1.568047e-05,1.078947e-04,1028,0.025371,1.369762e-05,0.050741,1.699641e-05,0.000000e+00,140,1,0,1,1,1,
022_windex_bottle,s0_gate_off_022_windex_bottle_t43,complete_only,177,0.921012,0.043166,5.541018e-05,2.229925e-04,730,0.028777,6.537821e-05,0.057554,4.785613e-05,8.882410e-02,32,1,0,1,1,0,
022_windex_bottle,s0_gate_off_022_windex_bottle_t44,complete_only,72,0.930224,0.040355,1.492405e-05,9.369700e-05,1046,0.026903,5.615505e-06,0.053807,6.098636e-05,0.000000e+00,102,1,0,1,1,0,
022_windex_bottle,s0_gate_off_022_windex_bottle_t45,complete_only,318,0.916752,0.041297,5.226901e-05,5.009019e-04,1136,0.027531,2.266555e-05,0.055063,5.749013e-05,0.000000e+00,70,1,0,1,1,1,
022_windex_bottle,s0_gate_off_022_windex_bottle_t46,complete_only,239,0.920455,0.041276,6.424585e-05,4.902403e-04,1764,0.027517,3.279407e-05,0.055035,1.003263e-04,0.000000e+00,83,1,0,1,1,1,
022_windex_bottle,s0_gate_off_022_windex_bottle_t47,complete_only,58,0.924915,0.036016,5.548965e-06,3.000422e-05,1109,0.024010,9.113463e-07,0.048021,8.159929e-06,0.000000e+00,100,1,0,1,1,0,
022_windex_bottle,s0_gate_off_022_windex_bottle_t48,complete_only,87,0.920862,0.040300,3.912457e-05,1.093383e-04,1011,0.026867,1.811097e-05,0.053733,6.609637e-05,0.000000e+00,104,1,0,1,1,1,
022_windex_bottle,s0_gate_off_022_windex_bottle_t49,complete_only,180,0.896813,0.039393,5.055550e-05,1.391407e-05,771,0.026262,1.168892e-05,0.052524,4.872734e-05,0.000000e+00,78,1,0,1,1,0,
004_sugar_box,s0_gate_off_004_sugar_box_t0,complete_only,448,0.900367,0.028982,1.994779e-04,9.785979e-04,1111,0.019321,6.262220e-04,0.038642,5.696421e-05,4.700157e-01,174,1,0,1,1,1,
004_sugar_box,s0_gate_off_004_sugar_box_t1,complete_only,482,0.938558,0.027705,2.581523e-05,8.231770e-05,1158,0.018470,2.511771e-05,0.036940,1.388584e-05,2.480629e-01,213,1,0,1,1,0,
004_sugar_box,s0_gate_off_004_sugar_box_t2,complete_only,243,0.952943,0.029737,2.157294e-06,6.962913e-06,1297,0.019824,2.069090e-06,0.039649,2.989686e-06,2.327777e-01,203,1,0,1,1,1,
004_sugar_box,s0_gate_off_004_sugar_box_t3,complete_only,639,0.806195,0.028746,4.854532e-06,3.406451e-05,830,0.019164,6.302086e-06,0.038328,4.482508e-06,2.469503e-01,200,1,0,1,1,0,
004_sugar_box,s0_gate_off_004_sugar_box_t4,complete_only,297,0.954369,0.030464,1.541240e-06,3.558079e-06,635,0.020309,5.235154e-07,0.040619,2.211881e-06,0.000000e+00,64,1,0,1,1,1,
004_sugar_box,s0_gate_off_004_sugar_box_t5,complete_only,420,0.939969,0.029984,9.394826e-06,4.483610e-05,1169,0.019989,1.313837e-05,0.039979,7.382985e-06,3.606379e-01,197,1,0,1,1,1,
004_sugar_box,s0_gate_off_004_sugar_box_t6,complete_only,75,0.971332,0.029586,3.671855e-05,1.032498e-04,691,0.019724,5.390621e-05,0.039449,1.664529e-05,3.280006e-01,131,1,0,1,1,1,
004_sugar_box,s0_gate_off_004_sugar_box_t7,complete_only,441,0.943265,0.024266,1.776627e-06,5.462525e-06,1058,0.016177,1.581043e-06,0.032354,3.744056e-06,6.431868e-02,231,1,0,1,1,0,
004_sugar_box,s0_gate_off_004_sugar_box_t8,complete_only,349,0.905582,0.029569,1.103457e-04,2.925344e-04,556,0.019713,1.332612e-04,0.039426,4.313234e-05,4.295541e-01,220,1,0,1,1,1,
004_sugar_box,s0_gate_off_004_sugar_box_t10,complete_only,312,0.945917,0.029570,4.269835e-06,1.745748e-05,1768,0.019713,3.379219e-06,0.039427,5.723791e-06,1.988438e-01,199,1,0,1,1,0,
004_sugar_box,s0_gate_off_004_sugar_box_t11,complete_only,14,0.969390,0.030117,7.825779e-06,3.130956e-05,1526,0.020078,6.013613e-06,0.040156,9.828532e-06,1.910185e-01,150,1,0,1,1,1,
004_sugar_box,s0_gate_off_004_sugar_box_t12,complete_only,876,0.861746,0.028637,3.151567e-05,1.953185e-04,588,0.019091,4.595867e-05,0.038183,1.586860e-05,1.283236e-01,164,1,0,1,1,1,
004_sugar_box,s0_gate_off_004_sugar_box_t13,complete_only,12,0.957141,0.028350,5.628736e-05,1.583955e-04,3035,0.018900,1.039379e-04,0.037799,1.597412e-05,1.204828e+00,325,1,0,1,1,0,
004_sugar_box,s0_gate_off_004_sugar_box_t14,complete_only,55,0.962224,0.030974,6.582646e-06,2.746719e-05,1198,0.020649,8.874501e-06,0.041298,6.836763e-06,2.753226e-01,189,1,0,1,1,1,
004_sugar_box,s0_gate_off_004_sugar_box_t15,complete_only,289,0.961935,0.029223,1.705426e-06,5.115513e-06,789,0.019482,1.729723e-06,0.038964,1.714146e-06,1.928210e-01,210,1,0,1,1,0,
004_sugar_box,s0_gate_off_004_sugar_box_t16,complete_only,79,0.971336,0.029662,1.915258e-05,8.173136e-05,1190,0.019775,4.075606e-05,0.039549,1.374831e-05,2.450706e-01,124,1,0,1,1,1,
004_sugar_box,s0_gate_off_004_sugar_box_t17,complete_only,71,0.922080,0.029880,3.947005e-06,1.687647e-05,660,0.019920,6.170785e-06,0.039840,3.467275e-06,2.728250e-01,179,1,0,1,1,1,
004_sugar_box,s0_gate_off_004_sugar_box_t18,complete_only,273,0.944469,0.031037,9.244908e-06,1.292975e-05,1262,0.020692,1.471760e-05,0.041383,8.589650e-06,1.562681e-02,69,1,0,1,1,1,
004_sugar_box,s0_gate_off_004_sugar_box_t19,complete_only,228,0.963738,0.028705,1.255171e-05,4.022876e-05,1156,0.019137,2.335736e-05,0.038273,7.914374e-06,2.832857e-01,156,1,0,1,1,1,
004_sugar_box,s0_gate_off_004_sugar_box_t20,complete_only,74,0.967767,0.029775,4.770166e-05,1.253949e-04,755,0.019850,6.986048e-05,0.039699,2.618770e-05,3.387788e-01,136,1,0,1,1,1,
004_sugar_box,s0_gate_off_004_sugar_box_t21,complete_only,93,0.922101,0.029927,1.624420e-06,6.046915e-06,742,0.019952,1.938862e-06,0.039903,1.745278e-06,0.000000e+00,61,1,0,1,1,0,
004_sugar_box,s0_gate_off_004_sugar_box_t22,complete_only,736,0.808687,0.028638,1.245386e-05,1.073264e-04,1527,0.019092,4.903039e-05,0.038185,8.809776e-06,2.289566e-01,135,1,0,1,1,1,
004_sugar_box,s0_gate_off_004_sugar_box_t23,complete_only,314,0.955492,0.029680,2.552962e-06,1.121540e-05,980,0.019786,2.427632e-06,0.039573,3.050801e-06,4.350660e-01,322,1,0,1,1,0,
004_sugar_box,s0_gate_off_004_sugar_box_t24,complete_only,49,0.909922,0.029700,4.066751e-06,1.695541e-05,403,0.019800,4.543495e-06,0.039600,4.436636e-06,1.259119e-01,72,1,0,1,1,1,
004_sugar_box,s0_gate_off_004_sugar_box_t25,complete_only,1504,0.734166,0.027948,2.011409e-07,7.966685e-07,936,0.018632,3.310471e-08,0.037264,2.827688e-07,0.000000e+00,214,1,0,1,1,0,
004_sugar_box,s0_gate_off_004_sugar_box_t26,complete_only,1478,0.757301,0.030258,1.968175e-06,4.403304e-06,1412,0.020172,1.734968e-06,0.040344,3.387979e-06,2.037242e-01,220,1,0,1,1,1,
004_sugar_box,s0_gate_off_004_sugar_box_t27,complete_only,591,0.944513,0.029720,9.167914e-06,4.516552e-05,978,0.019813,9.859244e-06,0.039627,6.121665e-06,2.707755e-01,188,1,0,1,1,1,
004_sugar_box,s0_gate_off_004_sugar_box_t28,complete_only,753,0.807404,0.028826,2.190448e-06,2.763232e-06,322,0.019217,0.000000e+00,0.038435,3.892419e-06,0.000000e+00,67,1,0,1,1,1,
004_sugar_box,s0_gate_off_004_sugar_box_t29,complete_only,1462,0.846005,0.028151,5.809296e-07,1.235198e-06,994,0.018767,5.857336e-07,0.037534,5.912863e-07,5.829805e-02,141,1,0,1,1,1,
004_sugar_box,s0_gate_off_004_sugar_box_t30,complete_only,426,0.955991,0.029200,1.735826e-06,5.188968e-06,1077,0.019467,1.735049e-06,0.038934,1.713048e-06,2.633308e-01,252,1,0,1,1,0,
004_sugar_box,s0_gate_off_004_sugar_box_t31,complete_only,255,0.967849,0.028567,1.429359e-05,3.243307e-05,1019,0.019045,2.103055e-05,0.038089,7.742145e-06,2.921611e-01,242,1,0,1,1,0,
004_sugar_box,s0_gate_off_004_sugar_box_t32,complete_only,99,0.958242,0.029095,3.694939e-06,1.610951e-05,877,0.019396,3.633465e-06,0.038793,3.791460e-06,2.146281e-01,157,1,0,1,1,1,
004_sugar_box,s0_gate_off_004_sugar_box_t33,complete_only,545,0.856273,0.028607,5.616669e-05,3.509635e-04,439,0.019072,1.276294e-04,0.038143,2.747117e-05,7.003704e-02,97,1,0,1,1,1,
004_sugar_box,s0_gate_off_004_sugar_box_t34,complete_only,541,0.955632,0.028601,1.392232e-06,3.589940e-06,1127,0.019067,1.457672e-06,0.038135,1.321348e-06,2.418665e-01,274,1,0,1,1,0,
004_sugar_box,s0_gate_off_004_sugar_box_t35,complete_only,288,0.939224,0.029360,1.272378e-04,5.774438e-04,789,0.019573,2.611004e-04,0.039147,4.700597e-05,4.163077e-01,128,1,0,1,1,1,
004_sugar_box,s0_gate_off_004_sugar_box_t36,complete_only,655,0.865792,0.026202,3.204863e-05,1.515281e-04,2374,0.017468,8.882668e-05,0.034936,1.503225e-05,2.021481e+00,633,1,0,1,1,0,
004_sugar_box,s0_gate_off_004_sugar_box_t37,complete_only,94,0.938153,0.029783,7.340387e-06,2.227594e-05,839,0.019855,6.092865e-06,0.039711,7.601785e-06,7.776693e-02,72,1,0,1,1,1,
004_sugar_box,s0_gate_off_004_sugar_box_t38,complete_only,1280,0.910723,0.028917,9.822554e-07,2.003679e-06,1796,0.019278,8.903427e-07,0.038556,9.800889e-07,3.826905e-01,470,1,0,1,1,1,
004_sugar_box,s0_gate_off_004_sugar_box_t39,complete_only,705,0.912776,0.025632,2.086656e-06,7.966897e-06,2569,0.017088,3.031805e-06,0.034176,2.200513e-06,5.123904e-01,568,1,0,1,1,0,
004_sugar_box,s0_gate_off_004_sugar_box_t40,complete_only,38,0.975932,0.030398,2.318781e-04,7.076611e-04,588,0.020265,7.866946e-04,0.040530,2.502018e-05,4.638490e-01,105,1,0,1,1,0,
004_sugar_box,s0_gate_off_004_sugar_box_t41,complete_only,587,0.864125,0.029324,1.506957e-04,1.071344e-03,1002,0.019549,2.186126e-04,0.039099,1.259518e-04,5.134540e-01,120,1,0,1,1,1,
004_sugar_box,s0_gate_off_004_sugar_box_t42,complete_only,324,0.905221,0.028427,1.156006e-05,6.558129e-05,1303,0.018951,1.109839e-05,0.037902,1.412295e-05,4.441473e-01,251,1,0,1,1,0,
004_sugar_box,s0_gate_off_004_sugar_box_t43,complete_only,821,0.823851,0.028233,1.937136e-05,2.088380e-04,928,0.018822,2.665197e-05,0.037644,1.519901e-05,1.532859e-01,94,1,0,1,1,1,
004_sugar_box,s0_gate_off_004_sugar_box_t44,complete_only,415,0.942305,0.029958,4.099814e-06,1.767722e-05,1100,0.019972,4.246724e-06,0.039944,4.114477e-06,2.377658e-01,168,1,0,1,1,0,
004_sugar_box,s0_gate_off_004_sugar_box_t45,complete_only,1140,0.859450,0.026372,2.948173e-07,6.878969e-07,1231,0.017581,3.116327e-07,0.035162,3.317897e-07,2.085110e-02,279,1,0,1,1,0,
004_sugar_box,s0_gate_off_004_sugar_box_t46,complete_only,143,0.905048,0.030628,5.309992e-06,1.749339e-05,945,0.020419,4.783367e-06,0.040838,5.597830e-06,1.683741e-01,80,1,0,1,1,0,
004_sugar_box,s0_gate_off_004_sugar_box_t47,complete_only,890,0.882271,0.027395,1.925012e-05,8.349646e-05,1083,0.018263,8.069168e-05,0.036526,9.709883e-06,1.664557e-01,233,1,0,1,1,0,
004_sugar_box,s0_gate_off_004_sugar_box_t48,complete_only,277,0.956310,0.029763,1.428707e-05,5.892238e-05,876,0.019842,7.974782e-05,0.039685,1.093904e-05,7.176477e-02,74,1,0,1,1,0,
004_sugar_box,s0_gate_off_004_sugar_box_t49,complete_only,567,0.813747,0.029268,6.865357e-06,4.458534e-05,1067,0.019512,7.509668e-06,0.039024,7.788818e-06,5.957285e-01,336,1,0,1,1,0,
006_mustard_bottle,s0_partial_only_006_mustard_bottle_t0,partial_only,473,0.895290,,,,,,,,,,,1,0,1,1,1,
006_mustard_bottle,s0_partial_only_006_mustard_bottle_t1,partial_only,747,0.825280,,,,,,,,,,,1,0,1,1,1,
006_mustard_bottle,s0_partial_only_006_mustard_bottle_t2,partial_only,706,0.886663,,,,,,,,,,,1,0,1,1,1,
006_mustard_bottle,s0_partial_only_006_mustard_bottle_t3,partial_only,317,0.887874,,,,,,,,,,,1,0,1,1,1,
006_mustard_bottle,s0_partial_only_006_mustard_bottle_t4,partial_only,225,0.882286,,,,,,,,,,,1,0,1,1,0,
006_mustard_bottle,s0_partial_only_006_mustard_bottle_t5,partial_only,544,0.911121,,,,,,,,,,,1,0,1,1,1,
006_mustard_bottle,s0_partial_only_006_mustard_bottle_t6,partial_only,477,0.907404,,,,,,,,,,,1,0,1,1,0,
006_mustard_bottle,s0_partial_only_006_mustard_bottle_t7,partial_only,271,0.925003,,,,,,,,,,,1,0,1,1,1,
006_mustard_bottle,s0_partial_only_006_mustard_bottle_t8,partial_only,299,0.918573,,,,,,,,,,,1,0,1,1,1,
006_mustard_bottle,s0_partial_only_006_mustard_bottle_t9,partial_only,273,0.900491,,,,,,,,,,,1,0,1,1,1,
006_mustard_bottle,s0_partial_only_006_mustard_bottle_t10,partial_only,267,0.935142,,,,,,,,,,,1,0,1,1,1,
006_mustard_bottle,s0_partial_only_006_mustard_bottle_t11,partial_only,404,0.930729,,,,,,,,,,,1,0,1,1,1,
006_mustard_bottle,s0_partial_only_006_mustard_bottle_t12,partial_only,602,0.840909,,,,,,,,,,,1,0,1,1,1,
006_mustard_bottle,s0_partial_only_006_mustard_bottle_t13,partial_only,615,0.881948,,,,,,,,,,,1,0,1,1,1,
006_mustard_bottle,s0_partial_only_006_mustard_bottle_t14,partial_only,472,0.927614,,,,,,,,,,,1,0,1,1,1,
006_mustard_bottle,s0_partial_only_006_mustard_bottle_t15,partial_only,251,0.928344,,,,,,,,,,,1,0,1,1,0,
006_mustard_bottle,s0_partial_only_006_mustard_bottle_t16,partial_only,362,0.885840,,,,,,,,,,,1,0,1,1,1,
006_mustard_bottle,s0_partial_only_006_mustard_bottle_t17,partial_only,600,0.872158,,,,,,,,,,,1,0,1,1,1,
006_mustard_bottle,s0_partial_only_006_mustard_bottle_t18,partial_only,113,0.943596,,,,,,,,,,,1,0,1,1,1,
006_mustard_bottle,s0_partial_only_006_mustard_bottle_t19,partial_only,221,0.879167,,,,,,,,,,,1,0,1,1,1,
006_mustard_bottle,s0_partial_only_006_mustard_bottle_t20,partial_only,377,0.899028,,,,,,,,,,,1,0,1,1,1,
006_mustard_bottle,s0_partial_only_006_mustard_bottle_t21,partial_only,535,0.895702,,,,,,,,,,,1,0,1,1,1,
006_mustard_bottle,s0_partial_only_006_mustard_bottle_t22,partial_only,275,0.896228,,,,,,,,,,,1,0,1,1,1,
006_mustard_bottle,s0_partial_only_006_mustard_bottle_t23,partial_only,273,0.940515,,,,,,,,,,,1,0,1,1,1,
006_mustard_bottle,s0_partial_only_006_mustard_bottle_t24,partial_only,492,0.903371,,,,,,,,,,,1,0,1,1,0,
006_mustard_bottle,s0_partial_only_006_mustard_bottle_t25,partial_only,226,0.924393,,,,,,,,,,,1,0,1,1,1,
006_mustard_bottle,s0_partial_only_006_mustard_bottle_t26,partial_only,617,0.909667,,,,,,,,,,,1,0,1,1,1,
006_mustard_bottle,s0_partial_only_006_mustard_bottle_t27,partial_only,265,0.938630,,,,,,,,,,,1,0,1,1,1,
006_mustard_bottle,s0_partial_only_006_mustard_bottle_t28,partial_only,203,0.898359,,,,,,,,,,,1,0,1,1,1,
006_mustard_bottle,s0_partial_only_006_mustard_bottle_t29,partial_only,301,0.939229,,,,,,,,,,,1,0,1,1,1,
006_mustard_bottle,s0_partial_only_006_mustard_bottle_t30,partial_only,398,0.920769,,,,,,,,,,,1,0,1,1,1,
006_mustard_bottle,s0_partial_only_006_mustard_bottle_t31,partial_only,580,0.821926,,,,,,,,,,,1,0,1,1,1,
006_mustard_bottle,s0_partial_only_006_mustard_bottle_t32,partial_only,392,0.916989,,,,,,,,,,,1,0,1,1,1,
006_mustard_bottle,s0_partial_only_006_mustard_bottle_t33,partial_only,236,0.922830,,,,,,,,,,,1,0,1,1,1,
006_mustard_bottle,s0_partial_only_006_mustard_bottle_t34,partial_only,305,0.928009,,,,,,,,,,,1,0,1,1,1,
006_mustard_bottle,s0_partial_only_006_mustard_bottle_t35,partial_only,463,0.904484,,,,,,,,,,,1,0,1,1,1,
006_mustard_bottle,s0_partial_only_006_mustard_bottle_t36,partial_only,405,0.882214,,,,,,,,,,,1,0,1,1,1,
006_mustard_bottle,s0_partial_only_006_mustard_bottle_t37,partial_only,242,0.920469,,,,,,,,,,,1,0,1,1,0,
006_mustard_bottle,s0_partial_only_006_mustard_bottle_t38,partial_only,377,0.937671,,,,,,,,,,,1,0,1,1,0,
006_mustard_bottle,s0_partial_only_006_mustard_bottle_t39,partial_only,146,0.921074,,,,,,,,,,,1,0,1,1,0,
006_mustard_bottle,s0_partial_only_006_mustard_bottle_t40,partial_only,41,0.947454,,,,,,,,,,,1,0,1,1,1,
006_mustard_bottle,s0_partial_only_006_mustard_bottle_t41,partial_only,457,0.883484,,,,,,,,,,,1,0,1,1,1,
006_mustard_bottle,s0_partial_only_006_mustard_bottle_t42,partial_only,148,0.925186,,,,,,,,,,,1,0,1,1,1,
006_mustard_bottle,s0_partial_only_006_mustard_bottle_t43,partial_only,501,0.896526,,,,,,,,,,,1,0,1,1,1,
006_mustard_bottle,s0_partial_only_006_mustard_bottle_t44,partial_only,226,0.940428,,,,,,,,,,,1,0,1,1,0,
006_mustard_bottle,s0_partial_only_006_mustard_bottle_t45,partial_only,393,0.911634,,,,,,,,,,,1,0,1,1,0,
006_mustard_bottle,s0_partial_only_006_mustard_bottle_t46,partial_only,483,0.899560,,,,,,,,,,,1,0,1,1,1,
006_mustard_bottle,s0_partial_only_006_mustard_bottle_t47,partial_only,334,0.885874,,,,,,,,,,,1,0,1,1,1,
006_mustard_bottle,s0_partial_only_006_mustard_bottle_t48,partial_only,177,0.948577,,,,,,,,,,,1,0,1,1,1,
006_mustard_bottle,s0_partial_only_006_mustard_bottle_t49,partial_only,267,0.898909,,,,,,,,,,,1,0,1,1,1,
011_banana,s0_partial_only_011_banana_t0,partial_only,843,0.935128,,,,,,,,,,,1,0,1,1,1,
011_banana,s0_partial_only_011_banana_t1,partial_only,56,0.979150,,,,,,,,,,,1,0,1,1,1,
011_banana,s0_partial_only_011_banana_t2,partial_only,391,0.946320,,,,,,,,,,,1,0,1,1,1,
011_banana,s0_partial_only_011_banana_t3,partial_only,668,0.937715,,,,,,,,,,,1,0,1,1,1,
011_banana,s0_partial_only_011_banana_t4,partial_only,225,0.962311,,,,,,,,,,,1,0,1,1,0,
011_banana,s0_partial_only_011_banana_t5,partial_only,137,0.971243,,,,,,,,,,,1,0,1,1,1,
011_banana,s0_partial_only_011_banana_t6,partial_only,1363,0.817271,,,,,,,,,,,1,0,1,1,1,
011_banana,s0_partial_only_011_banana_t7,partial_only,36,0.973699,,,,,,,,,,,1,0,1,1,1,
011_banana,s0_partial_only_011_banana_t8,partial_only,47,0.990271,,,,,,,,,,,1,0,1,1,1,
011_banana,s0_partial_only_011_banana_t9,partial_only,153,0.965592,,,,,,,,,,,1,0,1,1,1,
011_banana,s0_partial_only_011_banana_t10,partial_only,53,0.991749,,,,,,,,,,,1,0,1,1,1,
011_banana,s0_partial_only_011_banana_t11,partial_only,234,0.986152,,,,,,,,,,,1,0,1,1,1,
011_banana,s0_partial_only_011_banana_t12,partial_only,137,0.959077,,,,,,,,,,,1,0,1,1,1,
011_banana,s0_partial_only_011_banana_t13,partial_only,976,0.914266,,,,,,,,,,,1,0,1,1,0,
011_banana,s0_partial_only_011_banana_t14,partial_only,154,0.988125,,,,,,,,,,,1,0,1,1,1,
011_banana,s0_partial_only_011_banana_t15,partial_only,116,0.982842,,,,,,,,,,,1,0,1,1,1,
011_banana,s0_partial_only_011_banana_t16,partial_only,145,0.969210,,,,,,,,,,,1,0,1,1,1,
011_banana,s0_partial_only_011_banana_t17,partial_only,19,0.968838,,,,,,,,,,,1,0,1,1,1,
011_banana,s0_partial_only_011_banana_t18,partial_only,133,0.957593,,,,,,,,,,,1,0,1,1,1,
011_banana,s0_partial_only_011_banana_t19,partial_only,120,0.970629,,,,,,,,,,,1,0,1,1,1,
011_banana,s0_partial_only_011_banana_t20,partial_only,746,0.946253,,,,,,,,,,,1,0,1,1,1,
011_banana,s0_partial_only_011_banana_t21,partial_only,188,0.961409,,,,,,,,,,,1,0,1,1,1,
011_banana,s0_partial_only_011_banana_t22,partial_only,150,0.975721,,,,,,,,,,,1,0,1,1,1,
011_banana,s0_partial_only_011_banana_t23,partial_only,57,0.974799,,,,,,,,,,,1,0,1,1,1,
011_banana,s0_partial_only_011_banana_t24,partial_only,164,0.963418,,,,,,,,,,,1,0,1,1,1,
011_banana,s0_partial_only_011_banana_t25,partial_only,7,0.987243,,,,,,,,,,,1,0,1,1,1,
011_banana,s0_partial_only_011_banana_t26,partial_only,261,0.970432,,,,,,,,,,,1,0,1,1,1,
011_banana,s0_partial_only_011_banana_t27,partial_only,100,0.988919,,,,,,,,,,,1,0,1,1,1,
011_banana,s0_partial_only_011_banana_t28,partial_only,268,0.974827,,,,,,,,,,,1,0,1,1,1,
011_banana,s0_partial_only_011_banana_t29,partial_only,7,0.989695,,,,,,,,,,,1,0,1,1,1,
011_banana,s0_partial_only_011_banana_t30,partial_only,280,0.973194,,,,,,,,,,,1,0,1,1,0,
011_banana,s0_partial_only_011_banana_t31,partial_only,46,0.979720,,,,,,,,,,,1,0,1,1,1,
011_banana,s0_partial_only_011_banana_t32,partial_only,246,0.960247,,,,,,,,,,,1,0,1,1,0,
011_banana,s0_partial_only_011_banana_t33,partial_only,91,0.986564,,,,,,,,,,,1,0,1,1,1,
011_banana,s0_partial_only_011_banana_t34,partial_only,532,0.960524,,,,,,,,,,,1,0,1,1,1,
011_banana,s0_partial_only_011_banana_t35,partial_only,981,0.922232,,,,,,,,,,,1,0,1,1,0,
011_banana,s0_partial_only_011_banana_t36,partial_only,263,0.924048,,,,,,,,,,,1,0,1,1,1,
011_banana,s0_partial_only_011_banana_t37,partial_only,68,0.963525,,,,,,,,,,,1,0,1,1,1,
011_banana,s0_partial_only_011_banana_t38,partial_only,174,0.980495,,,,,,,,,,,1,0,1,1,1,
011_banana,s0_partial_only_011_banana_t39,partial_only,546,0.950036,,,,,,,,,,,1,0,1,1,0,
011_banana,s0_partial_only_011_banana_t40,partial_only,156,0.954136,,,,,,,,,,,1,0,1,1,1,
011_banana,s0_partial_only_011_banana_t41,partial_only,1123,0.909173,,,,,,,,,,,1,0,1,1,1,
011_banana,s0_partial_only_011_banana_t42,partial_only,87,0.988847,,,,,,,,,,,1,0,1,1,1,
011_banana,s0_partial_only_011_banana_t43,partial_only,182,0.979457,,,,,,,,,,,1,0,1,1,1,
011_banana,s0_partial_only_011_banana_t44,partial_only,186,0.962879,,,,,,,,,,,1,0,1,1,1,
011_banana,s0_partial_only_011_banana_t45,partial_only,12,0.978380,,,,,,,,,,,1,0,1,1,1,
011_banana,s0_partial_only_011_banana_t46,partial_only,85,0.972826,,,,,,,,,,,1,0,1,1,1,
011_banana,s0_partial_only_011_banana_t47,partial_only,111,0.975580,,,,,,,,,,,1,0,1,1,1,
011_banana,s0_partial_only_011_banana_t48,partial_only,197,0.960353,,,,,,,,,,,1,0,1,1,1,
011_banana,s0_partial_only_011_banana_t49,partial_only,546,0.960565,,,,,,,,,,,1,0,1,1,1,
009_gelatin_box,s0_partial_only_009_gelatin_box_t0,partial_only,3,0.975132,,,,,,,,,,,1,0,1,1,1,
009_gelatin_box,s0_partial_only_009_gelatin_box_t1,partial_only,5,0.966424,,,,,,,,,,,1,0,1,1,1,
009_gelatin_box,s0_partial_only_009_gelatin_box_t2,partial_only,191,0.956287,,,,,,,,,,,1,0,1,1,1,
009_gelatin_box,s0_partial_only_009_gelatin_box_t3,partial_only,0,0.973516,,,,,,,,,,,1,0,1,1,1,
009_gelatin_box,s0_partial_only_009_gelatin_box_t4,partial_only,91,0.961394,,,,,,,,,,,1,0,1,1,1,
009_gelatin_box,s0_partial_only_009_gelatin_box_t5,partial_only,158,0.939785,,,,,,,,,,,1,0,1,1,1,
009_gelatin_box,s0_partial_only_009_gelatin_box_t6,partial_only,33,0.940621,,,,,,,,,,,1,0,1,1,1,
009_gelatin_box,s0_partial_only_009_gelatin_box_t7,partial_only,1,0.966065,,,,,,,,,,,1,0,1,1,1,
009_gelatin_box,s0_partial_only_009_gelatin_box_t8,partial_only,297,0.968884,,,,,,,,,,,1,0,1,1,1,
009_gelatin_box,s0_partial_only_009_gelatin_box_t9,partial_only,17,0.924158,,,,,,,,,,,1,0,1,1,1,
009_gelatin_box,s0_partial_only_009_gelatin_box_t10,partial_only,114,0.961130,,,,,,,,,,,1,0,1,1,1,
009_gelatin_box,s0_partial_only_009_gelatin_box_t11,partial_only,119,0.958276,,,,,,,,,,,1,0,1,1,1,
009_gelatin_box,s0_partial_only_009_gelatin_box_t12,partial_only,23,0.929373,,,,,,,,,,,1,0,1,1,1,
009_gelatin_box,s0_partial_only_009_gelatin_box_t13,partial_only,0,0.976797,,,,,,,,,,,1,0,1,1,1,
009_gelatin_box,s0_partial_only_009_gelatin_box_t14,partial_only,111,0.957231,,,,,,,,,,,1,0,1,1,1,
009_gelatin_box,s0_partial_only_009_gelatin_box_t15,partial_only,333,0.960690,,,,,,,,,,,1,0,1,1,1,
009_gelatin_box,s0_partial_only_009_gelatin_box_t16,partial_only,9,0.943893,,,,,,,,,,,1,0,1,1,1,
009_gelatin_box,s0_partial_only_009_gelatin_box_t17,partial_only,0,0.991538,,,,,,,,,,,1,0,1,1,1,
009_gelatin_box,s0_partial_only_009_gelatin_box_t18,partial_only,81,0.974771,,,,,,,,,,,1,0,1,1,1,
009_gelatin_box,s0_partial_only_009_gelatin_box_t19,partial_only,0,0.980240,,,,,,,,,,,1,0,1,1,1,
009_gelatin_box,s0_partial_only_009_gelatin_box_t20,partial_only,68,0.929772,,,,,,,,,,,1,0,1,1,1,
009_gelatin_box,s0_partial_only_009_gelatin_box_t21,partial_only,0,0.991754,,,,,,,,,,,1,0,1,1,1,
009_gelatin_box,s0_partial_only_009_gelatin_box_t22,partial_only,32,0.953055,,,,,,,,,,,1,0,1,1,1,
009_gelatin_box,s0_partial_only_009_gelatin_box_t23,partial_only,49,0.950855,,,,,,,,,,,1,0,1,1,1,
009_gelatin_box,s0_partial_only_009_gelatin_box_t24,partial_only,0,0.990174,,,,,,,,,,,1,0,1,1,1,
009_gelatin_box,s0_partial_only_009_gelatin_box_t25,partial_only,0,0.973154,,,,,,,,,,,1,0,1,1,1,
009_gelatin_box,s0_partial_only_009_gelatin_box_t26,partial_only,62,0.958716,,,,,,,,,,,1,0,1,1,1,
009_gelatin_box,s0_partial_only_009_gelatin_box_t27,partial_only,63,0.964785,,,,,,,,,,,1,0,1,1,1,
009_gelatin_box,s0_partial_only_009_gelatin_box_t28,partial_only,14,0.965806,,,,,,,,,,,1,0,1,1,1,
009_gelatin_box,s0_partial_only_009_gelatin_box_t29,partial_only,436,0.946582,,,,,,,,,,,1,0,1,1,0,
009_gelatin_box,s0_partial_only_009_gelatin_box_t30,partial_only,256,0.966529,,,,,,,,,,,1,0,1,1,1,
009_gelatin_box,s0_partial_only_009_gelatin_box_t31,partial_only,0,0.980800,,,,,,,,,,,1,0,1,1,1,
009_gelatin_box,s0_partial_only_009_gelatin_box_t32,partial_only,92,0.960653,,,,,,,,,,,1,0,1,1,1,
009_gelatin_box,s0_partial_only_009_gelatin_box_t33,partial_only,5,0.978462,,,,,,,,,,,1,0,1,1,1,
009_gelatin_box,s0_partial_only_009_gelatin_box_t34,partial_only,408,0.950345,,,,,,,,,,,1,0,1,1,1,
009_gelatin_box,s0_partial_only_009_gelatin_box_t35,partial_only,82,0.953553,,,,,,,,,,,1,0,1,1,1,
009_gelatin_box,s0_partial_only_009_gelatin_box_t36,partial_only,0,0.981447,,,,,,,,,,,1,0,1,1,1,
009_gelatin_box,s0_partial_only_009_gelatin_box_t37,partial_only,3,0.989222,,,,,,,,,,,1,0,1,1,1,
009_gelatin_box,s0_partial_only_009_gelatin_box_t38,partial_only,456,0.947625,,,,,,,,,,,1,0,1,1,1,
009_gelatin_box,s0_partial_only_009_gelatin_box_t39,partial_only,531,0.927602,,,,,,,,,,,1,0,1,1,1,
009_gelatin_box,s0_partial_only_009_gelatin_box_t40,partial_only,75,0.974334,,,,,,,,,,,1,0,1,1,1,
009_gelatin_box,s0_partial_only_009_gelatin_box_t41,partial_only,15,0.970257,,,,,,,,,,,1,0,1,1,1,
009_gelatin_box,s0_partial_only_009_gelatin_box_t42,partial_only,86,0.979753,,,,,,,,,,,1,0,1,1,0,
009_gelatin_box,s0_partial_only_009_gelatin_box_t43,partial_only,9,0.967143,,,,,,,,,,,1,0,1,1,1,
009_gelatin_box,s0_partial_only_009_gelatin_box_t44,partial_only,118,0.951467,,,,,,,,,,,1,0,1,1,1,
009_gelatin_box,s0_partial_only_009_gelatin_box_t45,partial_only,0,0.965791,,,,,,,,,,,1,0,1,1,1,
009_gelatin_box,s0_partial_only_009_gelatin_box_t46,partial_only,0,0.989858,,,,,,,,,,,1,0,1,1,1,
009_gelatin_box,s0_partial_only_009_gelatin_box_t47,partial_only,0,0.976819,,,,,,,,,,,1,0,1,1,1,
009_gelatin_box,s0_partial_only_009_gelatin_box_t48,partial_only,102,0.960958,,,,,,,,,,,1,0,1,1,1,
009_gelatin_box,s0_partial_only_009_gelatin_box_t49,partial_only,8,0.977005,,,,,,,,,,,1,0,1,1,1,
025_mug,s0_complete_v2_025_mug_t0,complete_only,0,0.941992,0.021264,2.241958e-06,5.821290e-06,1273,0.014176,1.860496e-06,0.028352,3.499356e-06,2.826856e-01,377,1,0,1,1,1,
025_mug,s0_complete_v2_025_mug_t1,complete_only,3,0.950570,0.020739,5.641743e-06,1.203034e-05,2013,0.013826,4.402189e-06,0.027652,7.264228e-06,1.042951e+00,931,1,0,1,1,1,
025_mug,s0_complete_v2_025_mug_t2,complete_only,46,0.920937,0.021799,5.154048e-06,1.909918e-05,1243,0.014533,3.182399e-06,0.029065,6.250156e-06,9.011823e-01,726,1,0,1,1,1,
025_mug,s0_complete_v2_025_mug_t3,complete_only,25,0.932935,0.020986,1.032102e-05,4.252414e-05,1044,0.013991,2.715773e-05,0.027982,7.790197e-06,6.020823e-01,394,1,0,1,1,0,
025_mug,s0_complete_v2_025_mug_t4,complete_only,2,0.921461,0.019651,4.218751e-04,9.595587e-04,250,0.013101,3.847306e-04,0.026202,3.348623e-04,5.794182e-01,31,1,0,1,1,1,
025_mug,s0_complete_v2_025_mug_t5,complete_only,37,0.908411,0.021773,8.307879e-07,4.989546e-06,1199,0.014516,5.478171e-07,0.029031,1.023674e-06,1.195052e-01,329,1,0,1,1,1,
025_mug,s0_complete_v2_025_mug_t6,complete_only,3,0.939316,0.020940,1.507157e-05,9.549445e-05,1041,0.013960,1.723457e-05,0.027920,1.716283e-05,5.170859e-01,467,1,0,1,1,0,
025_mug,s0_complete_v2_025_mug_t7,complete_only,1,0.951908,0.020776,1.849184e-04,2.958379e-04,154,0.013850,2.524927e-04,0.027701,1.689962e-04,4.471498e-01,35,1,0,1,1,1,
025_mug,s0_complete_v2_025_mug_t8,complete_only,30,0.918882,0.019707,5.996727e-05,1.245295e-04,241,0.013138,1.086482e-04,0.026277,4.478149e-05,4.784246e-01,72,1,0,1,1,1,
025_mug,s0_complete_v2_025_mug_t9,complete_only,0,0.962149,0.020895,4.980510e-04,1.205426e-03,441,0.013930,8.105087e-04,0.027860,1.556500e-04,8.250752e-01,197,1,0,1,1,0,
025_mug,s0_complete_v2_025_mug_t10,complete_only,4,0.936900,0.020444,6.046044e-05,1.309804e-04,214,0.013629,8.057672e-05,0.027259,4.943664e-05,2.387166e-01,36,1,0,1,1,1,
025_mug,s0_complete_v2_025_mug_t11,complete_only,4,0.945510,0.020767,8.394395e-05,1.468319e-04,209,0.013844,1.271925e-04,0.027689,6.592246e-05,4.084990e-01,47,1,0,1,1,1,
025_mug,s0_complete_v2_025_mug_t12,complete_only,2,0.943327,0.020345,1.034976e-04,4.921192e-04,247,0.013563,1.237820e-04,0.027126,8.752413e-05,3.896686e-01,44,1,0,1,1,1,
025_mug,s0_complete_v2_025_mug_t13,complete_only,1,0.948449,0.021527,3.437915e-06,1.464879e-05,1732,0.014351,3.165069e-06,0.028703,4.949833e-06,5.234116e-01,541,1,0,1,1,0,
025_mug,s0_complete_v2_025_mug_t14,complete_only,23,0.922085,0.019742,4.470349e-05,7.892675e-05,229,0.013161,6.435008e-05,0.026323,3.417258e-05,5.318717e-01,98,1,0,1,1,1,
025_mug,s0_complete_v2_025_mug_t15,complete_only,24,0.950323,0.020192,1.814782e-06,8.358392e-06,841,0.013461,1.511435e-06,0.026922,2.005068e-06,1.956577e-01,298,1,0,1,1,0,
025_mug,s0_complete_v2_025_mug_t16,complete_only,0,0.950891,0.020854,4.751888e-04,8.976093e-04,1208,0.013903,4.849545e-04,0.027806,2.461306e-04,1.662855e+00,913,1,0,1,1,0,
025_mug,s0_complete_v2_025_mug_t17,complete_only,12,0.949444,0.020993,1.878750e-03,2.803707e-03,946,0.013995,1.989808e-03,0.027990,1.687610e-03,2.821078e+00,162,1,0,1,1,1,
025_mug,s0_complete_v2_025_mug_t18,complete_only,0,0.934764,0.020672,5.157474e-05,8.947534e-05,1735,0.013782,1.283683e-03,0.027563,6.687347e-05,1.209472e+00,817,1,0,1,1,0,
025_mug,s0_complete_v2_025_mug_t19,complete_only,39,0.943264,0.020333,5.861836e-06,1.629176e-05,1215,0.013555,5.905080e-06,0.027111,7.289797e-06,1.419001e+00,1046,1,0,1,1,1,
025_mug,s0_complete_v2_025_mug_t20,complete_only,12,0.923733,0.020976,4.543346e-04,9.290064e-04,559,0.013984,6.545258e-04,0.027969,3.263325e-04,6.126146e-01,96,1,0,1,1,0,
025_mug,s0_complete_v2_025_mug_t21,complete_only,0,0.943055,0.020581,2.793459e-04,3.902274e-04,156,0.013721,3.772911e-04,0.027441,2.260879e-04,7.578932e-01,49,1,0,1,1,1,
025_mug,s0_complete_v2_025_mug_t22,complete_only,2,0.950347,0.021272,3.055606e-04,6.039427e-04,222,0.014181,6.046775e-04,0.028362,2.088888e-04,6.787390e-01,47,1,0,1,1,0,
025_mug,s0_complete_v2_025_mug_t23,complete_only,4,0.917843,0.022098,9.307687e-07,2.237917e-06,1324,0.014732,6.045788e-07,0.029464,8.740111e-07,6.561422e-02,231,1,0,1,1,1,
025_mug,s0_complete_v2_025_mug_t24,complete_only,1,0.947268,0.020753,1.825912e-04,3.013948e-04,133,0.013835,2.123058e-04,0.027670,1.691806e-04,4.130178e-01,30,1,0,1,1,1,
025_mug,s0_complete_v2_025_mug_t26,complete_only,2,0.942788,0.021263,1.362333e-04,2.815017e-04,261,0.014175,2.243225e-04,0.028351,9.117095e-05,5.609512e-01,63,1,0,1,1,1,
025_mug,s0_complete_v2_025_mug_t27,complete_only,7,0.931616,0.020802,9.097821e-05,1.680828e-04,190,0.013868,1.380539e-04,0.027736,6.998455e-05,4.720053e-01,54,1,0,1,1,1,
025_mug,s0_complete_v2_025_mug_t28,complete_only,40,0.929685,0.020144,1.165318e-04,3.101919e-04,262,0.013429,1.568391e-04,0.026859,8.613295e-05,3.388057e-01,34,1,0,1,1,1,
025_mug,s0_complete_v2_025_mug_t29,complete_only,16,0.927243,0.020030,5.518453e-05,1.181626e-04,241,0.013354,9.777566e-05,0.026707,4.217873e-05,4.859139e-01,74,1,0,1,1,1,
025_mug,s0_complete_v2_025_mug_t30,complete_only,39,0.939867,0.020204,6.059270e-06,1.660884e-05,310,0.013470,6.960000e-06,0.026939,4.243914e-06,5.529509e-02,60,1,0,1,1,1,
025_mug,s0_complete_v2_025_mug_t31,complete_only,2,0.968001,0.020305,8.005196e-06,1.892413e-05,1384,0.013537,1.015655e-05,0.027074,1.155122e-05,1.153688e+00,904,1,0,1,1,1,
025_mug,s0_complete_v2_025_mug_t32,complete_only,3,0.963826,0.020782,1.255858e-05,5.253344e-05,409,0.013855,2.220282e-05,0.027710,1.076976e-05,3.121328e-01,240,1,0,1,1,1,
025_mug,s0_complete_v2_025_mug_t33,complete_only,19,0.917621,0.020089,8.286635e-05,1.593353e-04,181,0.013393,1.520774e-04,0.026785,5.880245e-05,5.498980e-01,75,1,0,1,1,1,
025_mug,s0_complete_v2_025_mug_t34,complete_only,14,0.960359,0.020423,3.003953e-06,8.527684e-06,536,0.013616,3.996786e-06,0.027231,2.376815e-06,1.870387e-01,237,1,0,1,1,1,
025_mug,s0_complete_v2_025_mug_t35,complete_only,1,0.902254,0.021313,3.536560e-06,2.121827e-05,1066,0.014209,2.218879e-06,0.028417,4.600970e-06,3.803906e-01,449,1,0,1,1,1,
025_mug,s0_complete_v2_025_mug_t36,complete_only,3,0.939265,0.020328,1.004380e-04,1.678834e-04,150,0.013552,1.496265e-04,0.027104,8.449912e-05,3.087054e-01,30,1,0,1,1,0,
025_mug,s0_complete_v2_025_mug_t37,complete_only,8,0.938322,0.021011,1.635433e-04,2.753704e-04,262,0.014007,2.794788e-04,0.028014,1.371329e-04,6.053763e-01,51,1,0,1,1,1,
025_mug,s0_complete_v2_025_mug_t38,complete_only,23,0.924671,0.019413,4.399606e-05,7.953512e-05,341,0.012942,5.496061e-05,0.025884,3.518574e-05,3.280639e-01,57,1,0,1,1,1,
025_mug,s0_complete_v2_025_mug_t39,complete_only,112,0.888822,0.020165,5.363952e-07,2.709586e-06,330,0.013443,4.723766e-07,0.026887,6.504473e-07,4.619623e-02,193,1,0,1,1,0,
025_mug,s0_complete_v2_025_mug_t40,complete_only,23,0.919006,0.020380,1.133906e-04,1.843947e-04,262,0.013587,1.355775e-04,0.027173,1.014904e-04,3.723043e-01,38,1,0,1,1,1,
025_mug,s0_complete_v2_025_mug_t41,complete_only,1,0.953519,0.021376,2.207830e-06,6.062676e-06,1354,0.014250,1.751808e-06,0.028501,2.914185e-06,4.902152e-01,528,1,0,1,1,1,
025_mug,s0_complete_v2_025_mug_t42,complete_only,1,0.933659,0.019861,6.395866e-07,1.453891e-06,919,0.013240,6.742580e-07,0.026481,7.304449e-07,1.714066e-01,299,1,0,1,1,1,
025_mug,s0_complete_v2_025_mug_t43,complete_only,7,0.945195,0.020497,1.196696e-04,2.603456e-04,224,0.013665,1.438068e-04,0.027329,1.001237e-04,6.570247e-01,70,1,0,1,1,1,
025_mug,s0_complete_v2_025_mug_t44,complete_only,62,0.912938,0.021526,7.398156e-07,1.717868e-06,1146,0.014351,5.312585e-07,0.028701,1.428968e-06,5.565812e-02,243,1,0,1,1,1,
025_mug,s0_complete_v2_025_mug_t45,complete_only,16,0.919005,0.020576,8.149922e-05,1.306285e-04,173,0.013717,1.190728e-04,0.027435,7.326036e-05,4.514101e-01,51,1,0,1,1,1,
025_mug,s0_complete_v2_025_mug_t46,complete_only,277,0.865450,0.020969,9.584133e-04,2.670326e-03,504,0.013980,1.639967e-03,0.027959,4.289253e-05,1.109035e+00,29,1,0,1,1,1,
025_mug,s0_complete_v2_025_mug_t47,complete_only,1,0.959787,0.020907,1.621927e-05,8.395988e-05,1565,0.013938,1.606679e-05,0.027876,2.018294e-05,9.049042e-01,683,1,0,1,1,1,
025_mug,s0_complete_v2_025_mug_t48,complete_only,1,0.950589,0.020887,2.540300e-04,3.584682e-04,97,0.013925,3.273906e-04,0.027850,2.057869e-04,4.045232e-01,27,1,0,1,1,1,
025_mug,s0_complete_v2_025_mug_t49,complete_only,30,0.942192,0.020941,1.349293e-06,7.152465e-06,436,0.013961,8.846369e-07,0.027922,1.562121e-06,2.458643e-02,221,1,0,1,1,1,
051_large_clamp,s0_complete_v2_051_large_clamp_t0,complete_only,103,0.912307,0.026101,1.181673e-03,2.378831e-03,631,0.017400,1.330829e-03,0.034801,9.078863e-04,2.162700e-01,206,1,0,1,1,1,
051_large_clamp,s0_complete_v2_051_large_clamp_t1,complete_only,54,0.894551,0.027281,7.594640e-07,2.965774e-06,2045,0.018188,1.688607e-08,0.036375,1.004273e-06,0.000000e+00,379,1,0,1,1,0,
051_large_clamp,s0_complete_v2_051_large_clamp_t2,complete_only,7,0.965695,0.024795,2.601305e-04,9.078815e-04,1277,0.016530,1.701763e-04,0.033060,7.655012e-05,1.938357e+00,724,1,0,1,1,1,
051_large_clamp,s0_complete_v2_051_large_clamp_t3,complete_only,33,0.915912,0.028206,2.504787e-03,7.254366e-03,1249,0.018804,3.301031e-03,0.037608,1.931299e-03,2.569912e+00,677,1,0,1,1,1,
051_large_clamp,s0_complete_v2_051_large_clamp_t4,complete_only,4,0.953082,0.033915,2.103849e-04,8.235684e-04,1242,0.022610,2.075309e-04,0.045220,1.134453e-04,1.940675e+00,301,1,0,1,1,0,
051_large_clamp,s0_complete_v2_051_large_clamp_t5,complete_only,1,0.967276,0.024151,1.725564e-04,1.014431e-03,1425,0.016101,1.824716e-04,0.032202,5.067799e-05,8.746542e-01,316,1,0,1,1,1,
051_large_clamp,s0_complete_v2_051_large_clamp_t6,complete_only,39,0.913158,0.025374,1.722924e-03,3.785601e-03,877,0.016916,2.020425e-03,0.033832,1.436743e-03,2.184663e+00,491,1,0,1,1,0,
051_large_clamp,s0_complete_v2_051_large_clamp_t7,complete_only,0,0.956830,0.041776,1.229854e-04,5.773276e-04,4934,0.027850,3.843730e-04,0.055701,1.405146e-04,1.090428e+00,65,1,0,1,1,0,
051_large_clamp,s0_complete_v2_051_large_clamp_t8,complete_only,187,0.934634,0.027342,4.238039e-07,2.506135e-06,889,0.018228,0.000000e+00,0.036456,2.811081e-07,1.673452e-03,204,1,0,1,1,1,
051_large_clamp,s0_complete_v2_051_large_clamp_t9,complete_only,254,0.892946,0.025619,1.133079e-03,1.978378e-03,1027,0.017080,1.284519e-03,0.034159,6.547561e-04,1.219532e+00,355,1,0,1,1,1,
051_large_clamp,s0_complete_v2_051_large_clamp_t10,complete_only,62,0.950925,0.035727,2.898063e-08,0.000000e+00,992,0.023818,0.000000e+00,0.047635,3.633389e-06,0.000000e+00,119,1,0,1,1,1,
051_large_clamp,s0_complete_v2_051_large_clamp_t11,complete_only,80,0.930983,0.037271,1.659594e-03,5.971165e-03,2438,0.024847,2.059134e-03,0.049695,4.039430e-04,3.388841e+00,1067,1,0,1,1,1,
051_large_clamp,s0_complete_v2_051_large_clamp_t12,complete_only,4,0.968432,0.028805,3.450164e-07,1.638198e-06,1202,0.019203,0.000000e+00,0.038406,4.593097e-07,0.000000e+00,227,1,0,1,1,1,
051_large_clamp,s0_complete_v2_051_large_clamp_t13,complete_only,53,0.911411,0.024693,1.484045e-03,2.853150e-03,774,0.016462,1.851684e-03,0.032924,1.011770e-03,2.268575e+00,583,1,0,1,1,1,
051_large_clamp,s0_complete_v2_051_large_clamp_t14,complete_only,0,0.954067,0.036330,7.009199e-04,2.205457e-03,2084,0.024220,9.841533e-04,0.048439,2.654463e-04,2.816734e+00,910,1,0,1,1,1,
051_large_clamp,s0_complete_v2_051_large_clamp_t15,complete_only,8,0.970981,0.024164,1.853173e-04,9.926055e-04,1661,0.016109,2.994971e-04,0.032219,1.448040e-04,1.680383e+00,632,1,0,1,1,1,
051_large_clamp,s0_complete_v2_051_large_clamp_t16,complete_only,129,0.911777,0.025826,1.116361e-03,2.155989e-03,597,0.017217,1.296390e-03,0.034434,5.630385e-04,1.136372e+00,208,1,0,1,1,1,
051_large_clamp,s0_complete_v2_051_large_clamp_t17,complete_only,6,0.944126,0.032656,1.702733e-04,5.449959e-04,847,0.021771,3.640249e-04,0.043542,1.016921e-04,1.823716e-01,105,1,0,1,1,0,
051_large_clamp,s0_complete_v2_051_large_clamp_t18,complete_only,1,0.965036,0.034385,1.574577e-06,4.034164e-06,2880,0.022923,1.089451e-06,0.045846,1.971340e-06,0.000000e+00,98,1,0,1,1,1,
051_large_clamp,s0_complete_v2_051_large_clamp_t19,complete_only,0,0.951124,0.026911,9.670325e-06,4.191269e-05,1251,0.017941,6.712028e-06,0.035881,1.328347e-05,7.803230e-02,263,1,0,1,1,0,
051_large_clamp,s0_complete_v2_051_large_clamp_t20,complete_only,100,0.913674,0.025372,1.808456e-03,4.644112e-03,805,0.016915,1.801708e-03,0.033829,9.826626e-04,1.649461e+00,365,1,0,1,1,1,
051_large_clamp,s0_complete_v2_051_large_clamp_t21,complete_only,0,0.963449,0.044033,6.187092e-05,1.728059e-04,1439,0.029355,1.174439e-04,0.058710,4.583061e-05,1.523639e+00,215,1,0,1,1,0,
051_large_clamp,s0_complete_v2_051_large_clamp_t22,complete_only,0,0.969065,0.023944,1.253869e-06,3.715464e-06,1127,0.015962,1.612194e-07,0.031925,9.623097e-07,1.260969e-01,284,1,0,1,1,0,
051_large_clamp,s0_complete_v2_051_large_clamp_t23,complete_only,1,0.969770,0.026367,2.346215e-04,1.008500e-03,1195,0.017578,1.028414e-04,0.035156,9.063128e-05,1.773089e+00,386,1,0,1,1,0,
051_large_clamp,s0_complete_v2_051_large_clamp_t24,complete_only,0,0.969080,0.043697,5.127049e-05,1.716506e-04,1335,0.029131,4.316298e-05,0.058263,6.009574e-05,1.173187e+00,206,1,0,1,1,0,
051_large_clamp,s0_complete_v2_051_large_clamp_t25,complete_only,0,0.976935,0.032172,2.233645e-04,1.183292e-03,1902,0.021448,3.395826e-03,0.042896,1.248648e-04,1.278146e+00,318,1,0,1,1,0,
051_large_clamp,s0_complete_v2_051_large_clamp_t26,complete_only,5,0.955222,0.034487,0.000000e+00,0.000000e+00,854,0.022991,0.000000e+00,0.045983,0.000000e+00,0.000000e+00,84,1,0,1,1,1,
051_large_clamp,s0_complete_v2_051_large_clamp_t27,complete_only,20,0.953898,0.035084,1.525856e-04,7.447395e-04,3066,0.023389,8.754826e-04,0.046778,1.787420e-04,2.289695e+00,906,1,0,1,1,1,
051_large_clamp,s0_complete_v2_051_large_clamp_t28,complete_only,2,0.969211,0.025647,0.000000e+00,0.000000e+00,782,0.017098,0.000000e+00,0.034196,2.024639e-07,0.000000e+00,216,1,0,1,1,1,
051_large_clamp,s0_complete_v2_051_large_clamp_t29,complete_only,10,0.960007,0.027944,7.343112e-05,2.652312e-04,578,0.018629,1.172898e-04,0.037258,2.787896e-05,7.273472e-02,167,1,0,1,1,1,
051_large_clamp,s0_complete_v2_051_large_clamp_t30,complete_only,13,0.968942,0.024233,3.467069e-04,1.148039e-03,1087,0.016155,4.420529e-04,0.032311,1.998837e-04,1.832736e+00,599,1,0,1,1,1,
051_large_clamp,s0_complete_v2_051_large_clamp_t31,complete_only,126,0.915775,0.027536,7.729948e-06,2.109880e-05,1125,0.018357,3.801834e-06,0.036715,8.905507e-06,2.171711e-01,382,1,0,1,1,1,
051_large_clamp,s0_complete_v2_051_large_clamp_t32,complete_only,0,0.972601,0.024784,4.314331e-05,2.175219e-04,1499,0.016523,1.740166e-04,0.033045,4.879306e-05,1.270979e+00,518,1,0,1,1,0,
051_large_clamp,s0_complete_v2_051_large_clamp_t33,complete_only,12,0.953722,0.026990,3.037746e-07,2.603421e-06,873,0.017993,3.755689e-07,0.035986,6.130584e-07,0.000000e+00,213,1,0,1,1,1,
051_large_clamp,s0_complete_v2_051_large_clamp_t34,complete_only,3,0.963860,0.023520,4.303375e-04,1.318838e-03,1077,0.015680,3.899014e-04,0.031360,4.200435e-04,2.973144e+00,476,1,0,1,1,0,
051_large_clamp,s0_complete_v2_051_large_clamp_t35,complete_only,293,0.866626,0.024753,1.514508e-03,4.337654e-03,939,0.016502,1.921911e-03,0.033004,1.037510e-03,3.313430e+00,634,1,0,1,1,1,
051_large_clamp,s0_complete_v2_051_large_clamp_t36,complete_only,28,0.970894,0.027240,1.000951e-03,2.910333e-03,470,0.018160,1.848172e-03,0.036320,5.981474e-04,2.118931e+00,98,1,0,1,1,0,
051_large_clamp,s0_complete_v2_051_large_clamp_t37,complete_only,12,0.949090,0.042154,1.374371e-06,4.410821e-06,2499,0.028103,1.423737e-06,0.056205,1.593750e-06,1.023185e-01,241,1,0,1,1,1,
051_large_clamp,s0_complete_v2_051_large_clamp_t38,complete_only,6,0.956254,0.028818,2.928207e-04,9.913808e-04,2216,0.019212,3.621841e-04,0.038424,2.624028e-04,5.787772e+00,1677,1,0,1,1,1,
051_large_clamp,s0_complete_v2_051_large_clamp_t39,complete_only,3,0.958914,0.024213,6.358856e-04,1.517980e-03,1134,0.016142,7.230462e-04,0.032284,5.232522e-04,3.412798e+00,709,1,0,1,1,1,
051_large_clamp,s0_complete_v2_051_large_clamp_t40,complete_only,3,0.969948,0.026979,5.867871e-05,2.509361e-04,1224,0.017986,2.064195e-04,0.035972,2.690605e-05,8.801141e-01,428,1,0,1,1,1,
051_large_clamp,s0_complete_v2_051_large_clamp_t41,complete_only,147,0.897504,0.025774,1.378888e-03,2.265954e-03,818,0.017183,1.507142e-03,0.034365,9.895349e-04,3.645031e-01,348,1,0,1,1,1,
051_large_clamp,s0_complete_v2_051_large_clamp_t42,complete_only,77,0.948551,0.027439,0.000000e+00,0.000000e+00,806,0.018292,0.000000e+00,0.036585,3.588183e-09,0.000000e+00,185,1,0,1,1,0,
051_large_clamp,s0_complete_v2_051_large_clamp_t43,complete_only,0,0.972489,0.024655,0.000000e+00,0.000000e+00,745,0.016437,0.000000e+00,0.032873,6.065844e-07,0.000000e+00,219,1,0,1,1,1,
051_large_clamp,s0_complete_v2_051_large_clamp_t44,complete_only,7,0.969632,0.024036,3.665463e-04,1.264169e-03,592,0.016024,3.156890e-04,0.032048,1.216636e-04,1.037047e+00,504,1,0,1,1,0,
051_large_clamp,s0_complete_v2_051_large_clamp_t45,complete_only,0,0.975985,0.041819,7.577866e-05,2.243533e-04,10636,0.027879,7.004052e-05,0.055759,1.179650e-04,4.833967e+00,1323,1,0,1,1,0,
051_large_clamp,s0_complete_v2_051_large_clamp_t46,complete_only,1,0.963669,0.042947,5.397127e-05,1.576332e-04,1308,0.028631,4.830664e-05,0.057263,6.307523e-05,1.167185e+00,181,1,0,1,1,0,
051_large_clamp,s0_complete_v2_051_large_clamp_t47,complete_only,61,0.922268,0.028850,8.135678e-07,2.454475e-06,901,0.019234,1.051124e-06,0.038467,6.640699e-06,0.000000e+00,153,1,0,1,1,1,
051_large_clamp,s0_complete_v2_051_large_clamp_t48,complete_only,6,0.969352,0.025066,3.895448e-05,2.381651e-04,1257,0.016711,8.789908e-05,0.033421,4.885501e-05,1.222769e+00,386,1,0,1,1,0,
051_large_clamp,s0_complete_v2_051_large_clamp_t49,complete_only,19,0.926475,0.026305,2.737740e-03,5.241408e-03,688,0.017537,4.165009e-03,0.035073,9.113659e-04,5.730617e-01,168,1,0,1,1,1,
052_extra_large_clamp,s0_complete_v2_052_extra_large_clamp_t0,complete_only,74,0.920460,0.034356,7.399219e-04,1.916703e-03,1148,0.022904,8.075207e-04,0.045808,4.116158e-04,8.996653e-01,346,1,0,1,1,1,
052_extra_large_clamp,s0_complete_v2_052_extra_large_clamp_t1,complete_only,212,0.922049,0.033502,1.403639e-05,7.104666e-05,2963,0.022335,1.360011e-05,0.044670,2.038905e-05,2.731327e-01,213,1,0,1,1,0,
052_extra_large_clamp,s0_complete_v2_052_extra_large_clamp_t2,complete_only,8,0.953244,0.033321,6.679591e-05,3.442449e-04,2578,0.022214,7.304201e-05,0.044428,1.056853e-04,4.973659e-01,156,1,0,1,1,0,
052_extra_large_clamp,s0_complete_v2_052_extra_large_clamp_t3,complete_only,13,0.951456,0.033962,2.327993e-03,5.585782e-03,1014,0.022641,3.063657e-03,0.045283,1.248851e-03,2.029313e+00,381,1,0,1,1,0,
052_extra_large_clamp,s0_complete_v2_052_extra_large_clamp_t4,complete_only,1,0.959022,0.043208,0.000000e+00,0.000000e+00,1040,0.028805,0.000000e+00,0.057611,2.977933e-07,0.000000e+00,57,1,0,1,1,0,
052_extra_large_clamp,s0_complete_v2_052_extra_large_clamp_t5,complete_only,0,0.977515,0.031803,9.781271e-05,5.149016e-04,3377,0.021202,1.433620e-04,0.042404,1.231678e-04,2.211129e+00,737,1,0,1,1,0,
052_extra_large_clamp,s0_complete_v2_052_extra_large_clamp_t6,complete_only,231,0.915206,0.033418,1.617162e-04,8.910670e-04,1512,0.022278,1.526184e-04,0.044557,1.919858e-04,1.559845e+00,374,1,0,1,1,0,
052_extra_large_clamp,s0_complete_v2_052_extra_large_clamp_t7,complete_only,0,0.977411,0.037460,1.305148e-04,3.778529e-04,1871,0.024973,9.694493e-04,0.049947,1.285921e-04,7.059604e-01,124,1,0,1,1,0,
052_extra_large_clamp,s0_complete_v2_052_extra_large_clamp_t8,complete_only,19,0.944373,0.033119,0.000000e+00,0.000000e+00,718,0.022079,0.000000e+00,0.044159,2.297900e-07,0.000000e+00,137,1,0,1,1,0,
052_extra_large_clamp,s0_complete_v2_052_extra_large_clamp_t9,complete_only,26,0.949945,0.033337,4.271593e-04,2.226523e-03,1170,0.022225,3.536091e-04,0.044449,3.894307e-04,1.349000e+00,357,1,0,1,1,0,
052_extra_large_clamp,s0_complete_v2_052_extra_large_clamp_t10,complete_only,10,0.950005,0.039056,0.000000e+00,0.000000e+00,764,0.026038,0.000000e+00,0.052075,0.000000e+00,0.000000e+00,72,1,0,1,1,0,
052_extra_large_clamp,s0_complete_v2_052_extra_large_clamp_t11,complete_only,9,0.952547,0.041006,0.000000e+00,0.000000e+00,835,0.027338,0.000000e+00,0.054675,0.000000e+00,0.000000e+00,79,1,0,1,1,0,
052_extra_large_clamp,s0_complete_v2_052_extra_large_clamp_t12,complete_only,0,0.978446,0.030723,2.247720e-06,7.445945e-06,2515,0.020482,1.839124e-06,0.040964,3.836934e-06,9.554938e-02,240,1,0,1,1,0,
052_extra_large_clamp,s0_complete_v2_052_extra_large_clamp_t13,complete_only,32,0.947058,0.031530,5.150350e-04,1.570142e-03,1113,0.021020,5.119230e-04,0.042040,3.776867e-04,1.242386e+00,306,1,0,1,1,0,
052_extra_large_clamp,s0_complete_v2_052_extra_large_clamp_t14,complete_only,9,0.953885,0.041117,0.000000e+00,0.000000e+00,840,0.027411,0.000000e+00,0.054823,0.000000e+00,0.000000e+00,82,1,0,1,1,0,
052_extra_large_clamp,s0_complete_v2_052_extra_large_clamp_t15,complete_only,0,0.973383,0.031254,1.926543e-04,1.226274e-03,1792,0.020836,3.669834e-04,0.041672,2.112326e-04,6.483556e-01,223,1,0,1,1,0,
052_extra_large_clamp,s0_complete_v2_052_extra_large_clamp_t16,complete_only,94,0.937076,0.032976,2.749589e-04,1.067263e-03,1330,0.021984,1.681446e-04,0.043968,2.684420e-04,1.098183e+00,378,1,0,1,1,0,
052_extra_large_clamp,s0_complete_v2_052_extra_large_clamp_t17,complete_only,40,0.936568,0.037824,8.813890e-04,3.667486e-03,565,0.025216,2.785664e-03,0.050431,4.135278e-04,4.119282e-01,90,1,0,1,1,0,
052_extra_large_clamp,s0_complete_v2_052_extra_large_clamp_t18,complete_only,6,0.947404,0.042632,0.000000e+00,0.000000e+00,712,0.028421,0.000000e+00,0.056843,0.000000e+00,0.000000e+00,48,1,0,1,1,0,
052_extra_large_clamp,s0_complete_v2_052_extra_large_clamp_t19,complete_only,21,0.959930,0.032603,1.412162e-04,8.184393e-04,1193,0.021736,1.436510e-04,0.043471,1.421159e-04,8.919814e-01,324,1,0,1,1,0,
052_extra_large_clamp,s0_complete_v2_052_extra_large_clamp_t20,complete_only,123,0.928238,0.033951,3.672245e-04,1.913740e-03,1744,0.022634,3.026439e-04,0.045268,2.874883e-04,1.449874e+00,380,1,0,1,1,0,
052_extra_large_clamp,s0_complete_v2_052_extra_large_clamp_t21,complete_only,0,0.960523,0.054679,1.672642e-06,7.063503e-06,2018,0.036452,2.067385e-06,0.072905,2.392292e-06,2.917514e-01,253,1,0,1,1,0,
052_extra_large_clamp,s0_complete_v2_052_extra_large_clamp_t22,complete_only,0,0.975336,0.030216,1.760996e-06,5.201894e-06,1912,0.020144,1.667859e-06,0.040288,2.631887e-06,5.195387e-01,499,1,0,1,1,0,
052_extra_large_clamp,s0_complete_v2_052_extra_large_clamp_t23,complete_only,19,0.961896,0.034274,1.364668e-04,6.578953e-04,1650,0.022849,1.161045e-04,0.045698,1.802665e-04,1.006224e+00,236,1,0,1,1,0,
052_extra_large_clamp,s0_complete_v2_052_extra_large_clamp_t24,complete_only,34,0.947828,0.060870,2.191229e-06,7.642773e-06,2476,0.040580,2.033177e-06,0.081160,2.388788e-06,6.235687e-02,157,1,0,1,1,1,
052_extra_large_clamp,s0_complete_v2_052_extra_large_clamp_t26,complete_only,3,0.951457,0.039054,2.761642e-04,1.344574e-03,2712,0.026036,5.160690e-04,0.052071,2.786345e-04,1.070398e+00,179,1,0,1,1,0,
052_extra_large_clamp,s0_complete_v2_052_extra_large_clamp_t27,complete_only,28,0.950969,0.041202,0.000000e+00,0.000000e+00,843,0.027468,0.000000e+00,0.054937,0.000000e+00,0.000000e+00,70,1,0,1,1,0,
052_extra_large_clamp,s0_complete_v2_052_extra_large_clamp_t28,complete_only,0,0.973755,0.030800,1.421059e-06,5.230361e-06,1455,0.020533,1.635734e-06,0.041066,2.096070e-06,1.250637e-02,175,1,0,1,1,0,
052_extra_large_clamp,s0_complete_v2_052_extra_large_clamp_t29,complete_only,7,0.958447,0.034440,1.882593e-06,0.000000e+00,898,0.022960,0.000000e+00,0.045919,6.148786e-06,0.000000e+00,123,1,0,1,1,1,
052_extra_large_clamp,s0_complete_v2_052_extra_large_clamp_t30,complete_only,0,0.975160,0.032035,1.427362e-04,1.023614e-03,1924,0.021357,1.850606e-04,0.042714,1.605488e-04,8.269912e-01,352,1,0,1,1,0,
052_extra_large_clamp,s0_complete_v2_052_extra_large_clamp_t31,complete_only,64,0.939163,0.033048,6.195077e-05,4.265378e-04,1170,0.022032,5.506451e-05,0.044064,6.062073e-05,2.603667e-01,176,1,0,1,1,0,
052_extra_large_clamp,s0_complete_v2_052_extra_large_clamp_t32,complete_only,3,0.968440,0.032834,6.960142e-05,2.590693e-04,2489,0.021889,5.734429e-05,0.043779,6.490344e-05,1.555332e+00,311,1,0,1,1,0,
052_extra_large_clamp,s0_complete_v2_052_extra_large_clamp_t33,complete_only,4,0.952385,0.032679,1.176257e-06,3.752643e-06,1048,0.021786,3.228025e-07,0.043572,1.755340e-06,0.000000e+00,141,1,0,1,1,1,
052_extra_large_clamp,s0_complete_v2_052_extra_large_clamp_t34,complete_only,5,0.970979,0.030846,3.840114e-04,9.684554e-04,1191,0.020564,4.487755e-04,0.041128,3.086479e-04,1.346002e+00,311,1,0,1,1,0,
052_extra_large_clamp,s0_complete_v2_052_extra_large_clamp_t35,complete_only,119,0.938259,0.032375,5.557986e-04,2.143590e-03,1463,0.021583,4.423194e-04,0.043166,3.607638e-04,1.999475e+00,444,1,0,1,1,0,
052_extra_large_clamp,s0_complete_v2_052_extra_large_clamp_t36,complete_only,0,0.974029,0.038127,5.606997e-07,2.528703e-06,1338,0.025418,3.374995e-07,0.050836,7.192505e-07,0.000000e+00,172,1,0,1,1,1,
052_extra_large_clamp,s0_complete_v2_052_extra_large_clamp_t37,complete_only,6,0.966314,0.045458,1.683323e-04,1.043646e-03,3341,0.030305,4.128496e-04,0.060611,1.812421e-04,1.268821e+00,408,1,0,1,1,0,
052_extra_large_clamp,s0_complete_v2_052_extra_large_clamp_t38,complete_only,9,0.966228,0.036579,0.000000e+00,0.000000e+00,865,0.024386,0.000000e+00,0.048772,0.000000e+00,0.000000e+00,86,1,0,1,1,0,
052_extra_large_clamp,s0_complete_v2_052_extra_large_clamp_t39,complete_only,5,0.969668,0.032779,1.302028e-03,3.143851e-03,983,0.021853,2.057191e-03,0.043705,6.112311e-04,2.084891e+00,311,1,0,1,1,0,
052_extra_large_clamp,s0_complete_v2_052_extra_large_clamp_t40,complete_only,3,0.977245,0.031862,2.651774e-05,1.585410e-04,1315,0.021242,2.360608e-05,0.042483,3.025666e-05,3.028991e-01,194,1,0,1,1,0,
052_extra_large_clamp,s0_complete_v2_052_extra_large_clamp_t41,complete_only,95,0.933296,0.031783,4.270796e-04,1.509194e-03,1105,0.021189,3.424864e-04,0.042378,2.428006e-04,1.142679e+00,305,1,0,1,1,0,
052_extra_large_clamp,s0_complete_v2_052_extra_large_clamp_t42,complete_only,2,0.963079,0.032839,1.388922e-04,7.978910e-04,2135,0.021893,5.960248e-04,0.043786,1.018071e-04,2.395370e+00,649,1,0,1,1,0,
052_extra_large_clamp,s0_complete_v2_052_extra_large_clamp_t43,complete_only,0,0.971597,0.029825,1.765129e-06,5.704994e-06,1554,0.019883,2.058260e-06,0.039767,1.642219e-06,1.688267e-01,247,1,0,1,1,0,
052_extra_large_clamp,s0_complete_v2_052_extra_large_clamp_t44,complete_only,6,0.957770,0.032679,2.011411e-04,1.351109e-03,974,0.021786,1.653296e-04,0.043572,2.055082e-04,7.408687e-01,255,1,0,1,1,0,
052_extra_large_clamp,s0_complete_v2_052_extra_large_clamp_t45,complete_only,2,0.955511,0.039303,4.805009e-05,6.194377e-05,4355,0.026202,6.648738e-05,0.052404,5.292955e-05,1.503910e+00,395,1,0,1,1,1,
052_extra_large_clamp,s0_complete_v2_052_extra_large_clamp_t46,complete_only,0,0.962004,0.054280,1.928690e-06,5.686229e-06,2604,0.036187,1.858665e-06,0.072373,2.091119e-06,1.263018e-01,193,1,0,1,1,0,
052_extra_large_clamp,s0_complete_v2_052_extra_large_clamp_t47,complete_only,23,0.956937,0.034844,8.716182e-04,3.152692e-03,1775,0.023229,1.978389e-03,0.046458,3.103864e-04,2.575206e+00,578,1,0,1,1,1,
052_extra_large_clamp,s0_complete_v2_052_extra_large_clamp_t48,complete_only,12,0.959638,0.032725,5.223653e-05,1.915560e-04,1372,0.021817,4.126332e-05,0.043633,7.629842e-05,3.830352e-01,172,1,0,1,1,0,
052_extra_large_clamp,s0_complete_v2_052_extra_large_clamp_t49,complete_only,250,0.892717,0.034210,1.116802e-03,3.453445e-03,750,0.022807,1.174011e-03,0.045614,4.675860e-04,1.274372e+00,273,1,0,1,1,0,
