object,trial,arm,grasp_id,confidence,patch_radius,patch_epi_mean,patch_epi_p95,patch_n,sens_lo_radius,patch_epi_mean_sens_lo,sens_hi_radius,patch_epi_mean_sens_hi,duarte_sigma_sum,duarte_box_n,geometry_gate_pass,uq_rejected,chosen,executed,lift_success
035_power_drill,s0_epi_p95mean_035_power_drill_t0,complete_epi,339,0.876378,0.041577,0.000000e+00,0.000000e+00,535,0.027718,0.000000e+00,0.055436,2.794185e-06,0.000000e+00,97,1,0,1,1,0
035_power_drill,s0_epi_p95mean_035_power_drill_t1,complete_epi,764,0.728823,0.038971,1.254677e-05,1.922350e-05,1018,0.025981,3.088461e-06,0.051961,6.521871e-06,0.000000e+00,187,1,0,1,1,0
035_power_drill,s0_epi_p95mean_035_power_drill_t2,complete_epi,203,0.877586,0.043453,6.012003e-05,1.130791e-04,1038,0.028969,3.332894e-05,0.057938,1.262349e-04,0.000000e+00,128,1,0,1,1,1
035_power_drill,s0_epi_p95mean_035_power_drill_t3,complete_epi,4,0.969463,0.015218,1.149099e-03,2.294977e-03,1165,0.010145,9.984249e-04,0.020291,6.522244e-04,6.515750e+00,3786,1,0,1,1,0
035_power_drill,s0_epi_p95mean_035_power_drill_t4,complete_epi,19,0.902855,0.041536,2.033877e-06,4.067753e-06,877,0.027691,0.000000e+00,0.055381,2.172339e-06,0.000000e+00,172,1,0,1,1,1
035_power_drill,s0_epi_p95mean_035_power_drill_t6,complete_epi,330,0.837605,0.039836,2.853730e-06,5.707459e-06,626,0.026558,1.609491e-06,0.053115,3.000132e-06,0.000000e+00,148,1,0,1,1,1
035_power_drill,s0_epi_p95mean_035_power_drill_t7,complete_epi,68,0.959303,0.028436,3.718986e-05,4.825679e-05,2089,0.018957,1.583492e-05,0.037915,7.830888e-06,1.438822e+00,1177,1,0,1,1,1
035_power_drill,s0_epi_p95mean_035_power_drill_t8,complete_epi,58,0.860018,0.058671,3.505902e-06,7.011804e-06,932,0.039114,0.000000e+00,0.078228,1.460136e-06,0.000000e+00,101,1,0,1,1,0
035_power_drill,s0_epi_p95mean_035_power_drill_t9,complete_epi,83,0.880657,0.039552,4.927282e-06,5.850385e-06,1069,0.026368,3.184761e-06,0.052735,1.904519e-05,1.602901e-01,238,1,0,1,1,1
035_power_drill,s1_complete_only_035_power_drill_t0,complete_only,815,0.747170,0.041747,5.197878e-04,2.471165e-03,859,0.027831,8.160689e-04,0.055663,3.951709e-04,8.857647e-01,215,1,0,1,1,0
035_power_drill,s1_complete_only_035_power_drill_t1,complete_only,663,0.812687,0.043739,9.374496e-05,2.436677e-04,634,0.029159,3.439627e-05,0.058319,1.789932e-04,0.000000e+00,135,1,0,1,1,1
035_power_drill,s1_complete_only_035_power_drill_t2,complete_only,102,0.873225,0.039170,8.358769e-05,2.646304e-04,1252,0.026113,5.757040e-05,0.052226,1.542559e-04,8.615704e-01,342,1,0,1,1,1
035_power_drill,s1_complete_only_035_power_drill_t3,complete_only,432,0.857512,0.023879,1.073149e-06,2.601125e-06,1101,0.015919,1.027648e-06,0.031838,1.946333e-06,0.000000e+00,201,1,0,1,1,0
035_power_drill,s1_complete_only_035_power_drill_t4,complete_only,16,0.895481,0.043066,9.599003e-05,2.714935e-05,770,0.028711,1.512078e-05,0.057421,1.556412e-04,0.000000e+00,120,1,0,1,1,1
035_power_drill,s1_complete_only_035_power_drill_t5,complete_only,989,0.723385,0.041849,4.746637e-05,2.074357e-04,941,0.027899,3.302231e-05,0.055799,7.158559e-05,0.000000e+00,162,1,0,1,1,0
035_power_drill,s1_complete_only_035_power_drill_t6,complete_only,130,0.918125,0.042478,8.574865e-04,4.252989e-03,812,0.028319,1.735139e-03,0.056638,5.951438e-04,1.191343e+00,168,1,0,1,1,1
035_power_drill,s1_complete_only_035_power_drill_t7,complete_only,472,0.853378,0.043466,4.555810e-05,3.516627e-04,872,0.028977,5.611207e-05,0.057955,6.119581e-05,0.000000e+00,138,1,0,1,1,1
035_power_drill,s1_complete_only_035_power_drill_t8,complete_only,170,0.953191,0.028808,5.172623e-05,2.219315e-04,1110,0.019206,4.283737e-05,0.038411,3.985291e-05,1.810107e+00,1076,1,0,1,1,0
035_power_drill,s1_complete_only_035_power_drill_t9,complete_only,208,0.855967,0.039772,1.649464e-06,6.087958e-06,708,0.026515,0.000000e+00,0.053030,3.004166e-06,0.000000e+00,143,1,0,1,1,1
005_tomato_soup_can,s0_partial_only_005_tomato_soup_can_t0,partial_only,0,0.966268,,,,,,,,,,,1,0,1,1,1
005_tomato_soup_can,s0_partial_only_005_tomato_soup_can_t1,partial_only,0,0.965637,,,,,,,,,,,1,0,1,1,1
061_foam_brick,s0_complete_only_061_foam_brick_t0,complete_only,645,0.887439,0.016189,1.393446e-04,5.742666e-04,718,0.010793,2.314154e-04,0.021586,8.201957e-05,1.923984e+00,1252,1,0,1,1,1
061_foam_brick,s0_complete_only_061_foam_brick_t1,complete_only,11,0.965859,0.016550,1.814495e-06,1.064690e-05,580,0.011034,8.356210e-06,0.022067,2.982314e-06,1.057915e+00,1286,1,0,1,1,0
061_foam_brick,s0_complete_only_061_foam_brick_t2,complete_only,983,0.822604,0.016847,3.685947e-04,1.064233e-03,272,0.011231,2.943738e-04,0.022463,2.424214e-04,1.369979e+00,887,1,0,1,1,1
061_foam_brick,s0_complete_only_061_foam_brick_t3,complete_only,1295,0.603662,0.017047,5.859549e-07,1.151475e-06,1001,0.011364,4.984821e-07,0.022729,2.287897e-06,1.334807e+00,1529,1,0,1,1,0
061_foam_brick,s0_complete_only_061_foam_brick_t4,complete_only,124,0.966002,0.016972,9.148216e-04,3.177431e-03,582,0.011315,8.856823e-04,0.022629,1.873591e-04,8.074802e-01,820,1,0,1,1,1
061_foam_brick,s0_complete_only_061_foam_brick_t5,complete_only,1043,0.833730,0.016737,3.902982e-04,1.874427e-03,372,0.011158,5.459079e-04,0.022315,2.410562e-04,1.868861e+00,934,1,0,1,1,1
061_foam_brick,s0_complete_only_061_foam_brick_t6,complete_only,1,0.953172,0.016882,8.361743e-06,1.641793e-05,515,0.011255,5.352999e-06,0.022510,2.762494e-05,1.266000e+00,811,1,0,1,1,1
061_foam_brick,s0_complete_only_061_foam_brick_t7,complete_only,524,0.913101,0.017206,9.517987e-07,1.457021e-06,1082,0.011471,5.372235e-07,0.022942,9.803089e-07,1.890988e+00,2139,1,0,1,1,1
061_foam_brick,s0_complete_only_061_foam_brick_t8,complete_only,401,0.910133,0.016827,7.076066e-06,1.372708e-06,896,0.011218,5.624955e-06,0.022436,9.888549e-06,2.180434e+00,1508,1,0,1,1,1
061_foam_brick,s0_complete_only_061_foam_brick_t9,complete_only,1,0.967107,0.016654,1.268783e-05,2.521459e-06,644,0.011103,9.960654e-07,0.022206,3.428866e-05,1.636583e+00,1172,1,0,1,1,1
035_power_drill,s0_epi_max_035_power_drill_t0,complete_epi,387,0.868775,0.041577,8.571846e-05,2.566084e-04,913,0.027718,5.785425e-05,0.055436,1.544784e-04,9.808021e-01,244,1,0,1,1,1
035_power_drill,s0_epi_max_035_power_drill_t1,complete_epi,0,0.954479,0.038785,0.000000e+00,0.000000e+00,761,0.025857,0.000000e+00,0.051713,6.457258e-07,0.000000e+00,139,1,0,1,1,0
035_power_drill,s0_epi_max_035_power_drill_t2,complete_epi,570,0.833649,0.043435,3.494642e-05,0.000000e+00,699,0.028957,5.631748e-06,0.057914,7.459911e-05,0.000000e+00,132,1,0,1,1,1
035_power_drill,s0_epi_max_035_power_drill_t3,complete_epi,262,0.873561,0.040690,1.294312e-06,9.308928e-06,511,0.027127,0.000000e+00,0.054253,1.292847e-06,0.000000e+00,137,1,0,1,1,1
035_power_drill,s0_epi_max_035_power_drill_t4,complete_epi,286,0.914783,0.025397,2.662448e-05,2.755015e-05,5041,0.016931,3.406980e-05,0.033862,4.396907e-05,2.085871e+00,2026,1,0,1,1,0
035_power_drill,s0_epi_max_035_power_drill_t5,complete_epi,219,0.894851,0.013563,9.753525e-06,3.565852e-05,2066,0.009042,3.118060e-05,0.018085,1.344901e-05,2.615888e+00,1513,1,0,1,1,0
035_power_drill,s0_epi_max_035_power_drill_t6,complete_epi,127,0.890562,0.039272,4.514442e-07,6.182475e-06,565,0.026181,0.000000e+00,0.052363,1.849805e-06,0.000000e+00,142,1,0,1,1,1
035_power_drill,s0_epi_max_035_power_drill_t8,complete_epi,52,0.884224,0.049793,2.994907e-04,2.368145e-03,1133,0.033195,2.040295e-04,0.066391,4.022561e-04,7.941839e-02,111,1,0,1,1,0
035_power_drill,s0_epi_max_035_power_drill_t9,complete_epi,665,0.725723,0.053124,1.922566e-05,4.711086e-05,2272,0.035416,4.742177e-06,0.070832,5.484711e-05,4.739069e-01,382,1,0,1,1,0
021_bleach_cleanser,s0_epi_p95max_021_bleach_cleanser_t0,complete_epi,253,0.871339,0.039125,2.181960e-04,2.181960e-04,901,0.026083,0.000000e+00,0.052167,2.792385e-05,0.000000e+00,73,1,0,1,1,1
021_bleach_cleanser,s0_epi_p95max_021_bleach_cleanser_t1,complete_epi,17,0.931764,0.039872,7.848573e-05,7.848573e-05,660,0.026582,3.605051e-06,0.053163,3.309234e-05,0.000000e+00,93,1,0,1,1,1
021_bleach_cleanser,s0_epi_p95max_021_bleach_cleanser_t2,complete_epi,140,0.914368,0.039760,7.496327e-05,7.496327e-05,1323,0.026507,1.974097e-05,0.053014,1.428738e-05,6.606793e-02,133,1,0,1,1,1
021_bleach_cleanser,s0_epi_p95max_021_bleach_cleanser_t3,complete_epi,194,0.903893,0.011430,7.912843e-05,7.912843e-05,955,0.007620,4.216001e-05,0.015240,1.447653e-05,5.309653e+00,4295,1,0,1,1,0
021_bleach_cleanser,s0_epi_p95max_021_bleach_cleanser_t4,complete_epi,2,0.924527,0.027821,7.181906e-06,7.181906e-06,1443,0.018547,3.602680e-06,0.037094,3.513138e-06,4.367068e-01,201,1,0,1,1,0
021_bleach_cleanser,s0_epi_p95max_021_bleach_cleanser_t5,complete_epi,20,0.917822,0.040059,3.488118e-05,3.488118e-05,1450,0.026706,1.325877e-05,0.053412,1.014090e-05,1.914795e-01,180,1,0,1,1,1
021_bleach_cleanser,s0_epi_p95max_021_bleach_cleanser_t6,complete_epi,97,0.924632,0.039406,8.756492e-05,8.756492e-05,459,0.026271,0.000000e+00,0.052542,2.211178e-05,0.000000e+00,64,1,0,1,1,0
021_bleach_cleanser,s0_epi_p95max_021_bleach_cleanser_t7,complete_epi,131,0.931773,0.039484,3.842442e-06,3.842442e-06,1462,0.026322,1.746694e-06,0.052645,1.561200e-06,2.302514e-02,217,1,0,1,1,1
021_bleach_cleanser,s0_epi_p95max_021_bleach_cleanser_t8,complete_epi,435,0.865439,0.038884,2.603618e-04,2.603618e-04,1339,0.025923,1.103131e-04,0.051845,5.329538e-05,2.287192e-01,100,1,0,1,1,1
021_bleach_cleanser,s0_epi_p95max_021_bleach_cleanser_t9,complete_epi,76,0.938605,0.027078,4.238822e-04,4.238822e-04,1921,0.018052,2.121637e-04,0.036104,4.969170e-05,1.149161e+00,419,1,0,1,1,0
005_tomato_soup_can,s0_epi_p95mean_005_tomato_soup_can_t0,complete_epi,39,0.863269,0.019010,1.602040e-06,1.938330e-06,428,0.012673,2.840539e-07,0.025346,6.582746e-07,2.289059e-01,636,1,0,1,1,1
005_tomato_soup_can,s0_epi_p95mean_005_tomato_soup_can_t1,complete_epi,16,0.880798,0.019004,1.331345e-06,1.456750e-06,610,0.012669,7.299621e-07,0.025339,8.048749e-07,2.870277e-01,709,1,0,1,1,1
005_tomato_soup_can,s0_epi_p95mean_005_tomato_soup_can_t2,complete_epi,50,0.869618,0.019048,1.375905e-06,1.500702e-06,635,0.012699,8.294475e-07,0.025398,8.561554e-07,4.372257e-01,837,1,0,1,1,1
005_tomato_soup_can,s0_epi_p95mean_005_tomato_soup_can_t3,complete_epi,50,0.873477,0.019045,1.320593e-06,1.328333e-06,442,0.012696,3.068076e-07,0.025393,6.165352e-07,2.215164e-01,642,1,0,1,1,1
005_tomato_soup_can,s0_epi_p95mean_005_tomato_soup_can_t5,complete_epi,104,0.863208,0.019065,1.398624e-06,1.447556e-06,569,0.012710,6.084193e-07,0.025420,6.843220e-07,3.210461e-01,769,1,0,1,1,1
005_tomato_soup_can,s0_epi_p95mean_005_tomato_soup_can_t6,complete_epi,62,0.866454,0.019151,1.240906e-06,1.432365e-06,560,0.012768,6.838015e-07,0.025535,7.465731e-07,3.128773e-01,768,1,0,1,1,1
005_tomato_soup_can,s0_epi_p95mean_005_tomato_soup_can_t7,complete_epi,91,0.775061,0.021939,1.173568e-05,2.187021e-05,1093,0.014626,9.356145e-06,0.029252,6.358081e-06,1.148513e+00,1207,1,0,1,1,1
005_tomato_soup_can,s0_epi_p95mean_005_tomato_soup_can_t8,complete_epi,13,0.876273,0.018802,1.504085e-06,1.649458e-06,653,0.012535,7.394319e-07,0.025070,7.908186e-07,4.050095e-01,823,1,0,1,1,1
005_tomato_soup_can,s0_epi_p95mean_005_tomato_soup_can_t9,complete_epi,39,0.864623,0.019213,1.272406e-06,1.342001e-06,685,0.012809,6.184621e-07,0.025617,6.744427e-07,2.603902e-01,724,1,0,1,1,1
061_foam_brick,s0_epi_p95mean_061_foam_brick_t0,complete_epi,614,0.891061,0.016189,1.079255e-04,2.145249e-04,625,0.010793,5.461958e-05,0.021586,3.634389e-05,1.164485e+00,1062,1,0,1,1,1
061_foam_brick,s0_epi_p95mean_061_foam_brick_t1,complete_epi,11,0.965478,0.016542,1.004978e-05,1.890759e-05,511,0.011028,9.154789e-06,0.022056,3.165148e-06,1.173742e+00,1326,1,0,1,1,1
061_foam_brick,s0_epi_p95mean_061_foam_brick_t2,complete_epi,1094,0.789512,0.016736,3.486376e-05,5.283695e-05,429,0.011157,5.402953e-06,0.022315,1.391876e-05,1.495667e+00,886,1,0,1,1,1
061_foam_brick,s0_epi_p95mean_061_foam_brick_t3,complete_epi,1319,0.531425,0.017011,3.411227e-06,5.387802e-06,824,0.011341,4.406839e-07,0.022682,3.017251e-06,9.035125e-01,978,1,0,1,1,0
061_foam_brick,s0_epi_p95mean_061_foam_brick_t4,complete_epi,204,0.958299,0.017016,8.064066e-04,1.611435e-03,665,0.011344,5.831701e-04,0.022688,1.304725e-04,9.478028e-01,930,1,0,1,1,1
061_foam_brick,s0_epi_p95mean_061_foam_brick_t5,complete_epi,1066,0.810938,0.016739,1.406581e-05,2.614293e-05,523,0.011160,1.011974e-05,0.022319,1.505052e-05,8.557194e-01,882,1,0,1,1,1
061_foam_brick,s0_epi_p95mean_061_foam_brick_t6,complete_epi,10,0.952739,0.016627,7.058928e-06,1.200370e-05,492,0.011085,5.409410e-06,0.022169,2.649906e-05,1.249010e+00,854,1,0,1,1,1
061_foam_brick,s0_epi_p95mean_061_foam_brick_t7,complete_epi,532,0.908262,0.017241,9.746140e-07,1.192665e-06,1216,0.011494,5.032846e-07,0.022989,1.278066e-06,1.530239e+00,1824,1,0,1,1,1
061_foam_brick,s0_epi_p95mean_061_foam_brick_t8,complete_epi,248,0.936363,0.016988,4.955208e-06,9.183469e-06,1100,0.011326,4.456295e-06,0.022651,8.615148e-06,1.671445e+00,1412,1,0,1,1,1
061_foam_brick,s0_epi_p95mean_061_foam_brick_t9,complete_epi,9,0.960879,0.016747,2.251468e-06,2.397057e-06,917,0.011165,9.532305e-07,0.022329,2.183059e-05,1.200632e+00,1050,1,0,1,1,1
021_bleach_cleanser,s1_epi_max_021_bleach_cleanser_t0,complete_epi,14,0.934853,0.038889,1.123365e-04,6.194115e-04,881,0.025926,9.563847e-05,0.051852,8.172998e-05,4.069950e-02,119,1,0,1,1,1
021_bleach_cleanser,s1_epi_max_021_bleach_cleanser_t1,complete_epi,1167,0.184165,0.051954,2.750047e-05,9.575370e-05,1675,0.034636,3.612196e-05,0.069272,2.865282e-05,7.697481e-01,166,1,0,1,1,0
021_bleach_cleanser,s1_epi_max_021_bleach_cleanser_t2,complete_epi,65,0.922425,0.039456,3.775596e-05,3.607691e-04,1121,0.026304,5.708261e-05,0.052608,2.481656e-05,9.689888e-02,157,1,0,1,1,1
021_bleach_cleanser,s1_epi_max_021_bleach_cleanser_t3,complete_epi,324,0.873730,0.039563,6.196091e-05,2.372016e-04,1310,0.026375,1.031136e-04,0.052751,4.816286e-05,8.418552e-02,118,1,0,1,1,1
021_bleach_cleanser,s1_epi_max_021_bleach_cleanser_t4,complete_epi,601,0.870533,0.039462,5.065854e-05,2.585484e-04,1017,0.026308,6.994889e-05,0.052616,3.262858e-05,2.857003e-01,203,1,0,1,1,1
021_bleach_cleanser,s1_epi_max_021_bleach_cleanser_t5,complete_epi,49,0.977726,0.013360,8.549911e-06,1.393134e-05,1118,0.008907,7.719368e-06,0.017814,8.757242e-06,3.084190e+00,2421,1,0,1,1,0
021_bleach_cleanser,s1_epi_max_021_bleach_cleanser_t6,complete_epi,394,0.852016,0.039488,1.691133e-05,1.540370e-04,670,0.026325,4.441358e-06,0.052651,3.752924e-05,0.000000e+00,77,1,0,1,1,1
021_bleach_cleanser,s1_epi_max_021_bleach_cleanser_t7,complete_epi,847,0.619701,0.054985,3.743634e-04,2.612792e-03,2865,0.036657,4.272540e-04,0.073314,3.591879e-04,1.939128e+00,400,1,0,1,1,0
021_bleach_cleanser,s1_epi_max_021_bleach_cleanser_t8,complete_epi,204,0.869414,0.040411,1.345228e-05,1.083085e-04,1022,0.026940,1.688779e-05,0.053881,1.166857e-05,1.287267e-02,167,1,0,1,1,1
021_bleach_cleanser,s1_epi_max_021_bleach_cleanser_t9,complete_epi,121,0.917932,0.039865,9.204983e-06,7.593769e-05,641,0.026577,0.000000e+00,0.053154,2.526913e-05,0.000000e+00,56,1,0,1,1,1
005_tomato_soup_can,s1_epi_p95max_005_tomato_soup_can_t0,complete_epi,37,0.880098,0.019058,1.665855e-06,1.665855e-06,546,0.012706,6.383678e-07,0.025411,5.502291e-07,3.478005e-01,768,1,0,1,1,1
005_tomato_soup_can,s1_epi_p95max_005_tomato_soup_can_t1,complete_epi,87,0.857426,0.019104,1.593976e-06,1.593976e-06,579,0.012736,7.363960e-07,0.025473,6.414479e-07,3.152085e-01,727,1,0,1,1,1
005_tomato_soup_can,s1_epi_p95max_005_tomato_soup_can_t2,complete_epi,11,0.960140,0.015117,2.179997e-05,2.179997e-05,1104,0.010078,1.188920e-05,0.020156,8.030542e-06,1.369864e+00,987,1,0,1,1,0
005_tomato_soup_can,s1_epi_p95max_005_tomato_soup_can_t3,complete_epi,28,0.869465,0.018828,1.843676e-06,1.843676e-06,495,0.012552,4.272807e-07,0.025104,7.417298e-07,3.035329e-01,721,1,0,1,1,1
005_tomato_soup_can,s1_epi_p95max_005_tomato_soup_can_t4,complete_epi,54,0.948276,0.018245,8.414223e-05,8.414223e-05,586,0.012163,3.662622e-05,0.024327,1.996560e-05,7.566284e-01,622,1,0,1,1,0
005_tomato_soup_can,s1_epi_p95max_005_tomato_soup_can_t5,complete_epi,19,0.893613,0.019138,1.763421e-06,1.763421e-06,503,0.012759,7.019286e-07,0.025518,6.095253e-07,3.108408e-01,708,1,0,1,1,1
005_tomato_soup_can,s1_epi_p95max_005_tomato_soup_can_t6,complete_epi,45,0.865804,0.018947,1.541551e-06,1.541551e-06,513,0.012632,5.085791e-07,0.025263,6.556862e-07,3.555667e-01,758,1,0,1,1,1
005_tomato_soup_can,s1_epi_p95max_005_tomato_soup_can_t7,complete_epi,77,0.861702,0.019045,1.555143e-06,1.555143e-06,644,0.012697,7.381542e-07,0.025393,7.966196e-07,2.922130e-01,721,1,0,1,1,0
005_tomato_soup_can,s1_epi_p95max_005_tomato_soup_can_t8,complete_epi,8,0.887552,0.018777,1.489109e-06,1.489109e-06,672,0.012518,7.111887e-07,0.025036,8.112247e-07,4.403774e-01,878,1,0,1,1,1
005_tomato_soup_can,s1_epi_p95max_005_tomato_soup_can_t9,complete_epi,36,0.878506,0.018787,1.234654e-06,1.234654e-06,581,0.012525,5.881785e-07,0.025049,6.645658e-07,2.985879e-01,756,1,0,1,1,1
061_foam_brick,s1_epi_p95max_061_foam_brick_t0,complete_epi,1046,0.841561,0.016198,1.462198e-05,1.462198e-05,719,0.010799,4.389224e-06,0.021597,2.403689e-06,7.632040e-01,1079,1,0,1,1,1
061_foam_brick,s1_epi_p95max_061_foam_brick_t1,complete_epi,1072,0.787341,0.017275,8.516728e-04,8.516728e-04,188,0.011517,2.437549e-04,0.023034,1.392201e-04,8.067392e-01,1107,1,0,1,1,1
061_foam_brick,s1_epi_p95max_061_foam_brick_t2,complete_epi,864,0.861257,0.017446,1.510879e-06,1.510879e-06,1227,0.011631,7.208337e-07,0.023262,5.919699e-07,1.011729e+00,1469,1,0,1,1,1
061_foam_brick,s1_epi_p95max_061_foam_brick_t3,complete_epi,512,0.912554,0.016397,1.103721e-06,1.103721e-06,952,0.010932,4.082078e-06,0.021863,6.827006e-06,2.076164e+00,1572,1,0,1,1,1
061_foam_brick,s1_epi_p95max_061_foam_brick_t4,complete_epi,1222,0.642865,0.016668,2.108529e-05,2.108529e-05,869,0.011112,4.765940e-06,0.022224,6.511395e-06,1.676213e+00,1357,1,0,1,1,1
061_foam_brick,s1_epi_p95max_061_foam_brick_t5,complete_epi,0,0.974611,0.016518,5.150623e-06,5.150623e-06,552,0.011012,1.974792e-06,0.022024,1.173231e-05,1.789345e+00,1058,1,0,1,1,1
061_foam_brick,s1_epi_p95max_061_foam_brick_t6,complete_epi,1146,0.689318,0.018774,1.348082e-05,1.348082e-05,1715,0.012516,1.566252e-06,0.025032,1.052562e-05,1.819184e+00,1526,1,0,1,1,1
061_foam_brick,s1_epi_p95max_061_foam_brick_t7,complete_epi,1008,0.800443,0.017382,1.849324e-05,1.849324e-05,497,0.011588,5.000103e-06,0.023176,8.240203e-06,1.187466e+00,933,1,0,1,1,1
061_foam_brick,s1_epi_p95max_061_foam_brick_t8,complete_epi,224,0.925066,0.017038,7.029616e-07,7.029616e-07,1007,0.011358,4.202117e-07,0.022717,4.280736e-07,1.051655e+00,1919,1,0,1,1,1
061_foam_brick,s1_epi_p95max_061_foam_brick_t9,complete_epi,458,0.898558,0.016195,2.229127e-06,2.229127e-06,994,0.010797,1.017604e-06,0.021593,2.356302e-05,7.869328e-01,788,1,0,1,1,1
035_power_drill,s1_epi_p95mean_035_power_drill_t0,complete_epi,901,0.722908,0.041747,1.626713e-06,3.253426e-06,714,0.027831,0.000000e+00,0.055663,9.326217e-07,0.000000e+00,159,1,0,1,1,1
035_power_drill,s1_epi_p95mean_035_power_drill_t1,complete_epi,0,0.944065,0.043465,3.302316e-05,5.723193e-05,878,0.028977,2.684593e-06,0.057953,3.589968e-05,0.000000e+00,94,1,0,1,1,0
035_power_drill,s1_epi_p95mean_035_power_drill_t3,complete_epi,151,0.873242,0.046275,1.344959e-03,1.585557e-03,1023,0.030850,1.122307e-04,0.061701,1.957895e-04,1.372805e-01,148,1,0,1,1,1
035_power_drill,s1_epi_p95mean_035_power_drill_t4,complete_epi,41,0.903675,0.043273,0.000000e+00,0.000000e+00,466,0.028848,0.000000e+00,0.057697,7.676137e-05,0.000000e+00,66,1,0,1,1,0
035_power_drill,s1_epi_p95mean_035_power_drill_t5,complete_epi,807,0.738778,0.041984,7.794791e-06,1.558958e-05,781,0.027990,1.405362e-06,0.055979,1.846717e-05,0.000000e+00,134,1,0,1,1,0
035_power_drill,s1_epi_p95mean_035_power_drill_t6,complete_epi,150,0.920837,0.041639,5.260413e-06,1.052083e-05,925,0.027759,1.030286e-06,0.055519,2.834556e-06,0.000000e+00,136,1,0,1,1,1
035_power_drill,s1_epi_p95mean_035_power_drill_t7,complete_epi,444,0.866149,0.043638,1.954318e-04,3.820711e-04,1025,0.029092,7.298823e-05,0.058185,1.651959e-04,1.155220e-01,148,1,0,1,1,1
035_power_drill,s1_epi_p95mean_035_power_drill_t8,complete_epi,18,0.962033,0.021430,7.071977e-05,7.101756e-05,1353,0.014287,1.943994e-05,0.028573,1.657780e-05,1.904524e+00,1753,1,0,1,1,0
035_power_drill,s1_epi_p95mean_035_power_drill_t9,complete_epi,1380,0.665920,0.061947,1.329063e-05,1.538541e-05,4127,0.041298,6.409129e-06,0.082596,1.166157e-04,1.137684e-01,357,1,0,1,1,0
021_bleach_cleanser,s2_complete_only_021_bleach_cleanser_t0,complete_only,15,0.913901,0.039332,1.114753e-05,1.156698e-04,624,0.026221,0.000000e+00,0.052442,2.395924e-05,0.000000e+00,91,1,0,1,1,0
021_bleach_cleanser,s2_complete_only_021_bleach_cleanser_t1,complete_only,46,0.923737,0.039162,6.965277e-05,3.429376e-04,856,0.026108,2.235846e-05,0.052216,4.405217e-05,2.090668e-02,118,1,0,1,1,1
021_bleach_cleanser,s2_complete_only_021_bleach_cleanser_t2,complete_only,31,0.832027,0.039431,5.142084e-06,1.255781e-05,1290,0.026287,5.530773e-06,0.052575,4.408298e-06,1.764696e-01,240,1,0,1,1,1
021_bleach_cleanser,s2_complete_only_021_bleach_cleanser_t3,complete_only,675,0.864338,0.039243,1.056279e-04,4.107424e-04,1264,0.026162,1.530510e-04,0.052325,5.910949e-05,4.519642e-01,206,1,0,1,1,1
021_bleach_cleanser,s2_complete_only_021_bleach_cleanser_t4,complete_only,23,0.939796,0.039403,6.254651e-05,5.715167e-04,707,0.026269,1.485997e-04,0.052538,5.576040e-05,1.141142e-01,117,1,0,1,1,1
021_bleach_cleanser,s2_complete_only_021_bleach_cleanser_t5,complete_only,10,0.944706,0.039892,4.448449e-05,2.689651e-04,655,0.026595,4.321333e-05,0.053189,4.153287e-05,0.000000e+00,102,1,0,1,1,0
021_bleach_cleanser,s2_complete_only_021_bleach_cleanser_t6,complete_only,8,0.920747,0.038926,2.315962e-05,6.031354e-05,1052,0.025951,2.255409e-05,0.051902,1.318145e-05,8.402044e-02,161,1,0,1,1,1
021_bleach_cleanser,s2_complete_only_021_bleach_cleanser_t7,complete_only,1,0.950564,0.024519,1.242508e-05,3.939632e-05,1816,0.016346,1.108066e-05,0.032692,1.167833e-05,1.517564e+00,749,1,0,1,1,0
021_bleach_cleanser,s2_complete_only_021_bleach_cleanser_t8,complete_only,44,0.927854,0.038741,6.533412e-05,3.988149e-04,579,0.025827,6.137093e-05,0.051654,3.374922e-05,2.629771e-01,167,1,0,1,1,1
021_bleach_cleanser,s2_complete_only_021_bleach_cleanser_t9,complete_only,0,0.943590,0.013703,1.231665e-06,1.998819e-06,1480,0.009135,1.217569e-06,0.018270,1.190237e-06,2.186006e-01,542,1,0,1,1,0
005_tomato_soup_can,s2_epi_max_005_tomato_soup_can_t0,complete_epi,74,0.863661,0.018947,6.616990e-07,1.661045e-06,585,0.012632,7.469210e-07,0.025263,6.712105e-07,2.673736e-01,700,1,0,1,1,1
005_tomato_soup_can,s2_epi_max_005_tomato_soup_can_t1,complete_epi,21,0.892406,0.018690,6.396450e-07,1.821992e-06,556,0.012460,7.002432e-07,0.024920,6.774659e-07,3.400150e-01,755,1,0,1,1,1
005_tomato_soup_can,s2_epi_max_005_tomato_soup_can_t2,complete_epi,26,0.871900,0.019024,7.932687e-07,1.535098e-06,648,0.012683,7.351350e-07,0.025365,8.113097e-07,4.647127e-01,889,1,0,1,1,1
005_tomato_soup_can,s2_epi_max_005_tomato_soup_can_t3,complete_epi,37,0.881406,0.019140,7.292562e-07,1.379770e-06,676,0.012760,7.381449e-07,0.025519,7.440459e-07,3.160826e-01,749,1,0,1,1,1
005_tomato_soup_can,s2_epi_max_005_tomato_soup_can_t4,complete_epi,40,0.881534,0.018797,6.155733e-07,1.584510e-06,546,0.012531,5.754260e-07,0.025063,6.398081e-07,3.557535e-01,767,1,0,1,1,1
005_tomato_soup_can,s2_epi_max_005_tomato_soup_can_t5,complete_epi,78,0.871872,0.018941,6.980285e-07,1.694517e-06,566,0.012627,6.006214e-07,0.025254,6.824085e-07,3.584199e-01,774,1,0,1,1,1
005_tomato_soup_can,s2_epi_max_005_tomato_soup_can_t7,complete_epi,32,0.873572,0.018993,7.721912e-07,1.451667e-06,668,0.012662,7.809485e-07,0.025324,7.854666e-07,4.328909e-01,862,1,0,1,1,0
005_tomato_soup_can,s2_epi_max_005_tomato_soup_can_t8,complete_epi,59,0.878655,0.018692,6.955385e-07,1.574718e-06,581,0.012461,6.326906e-07,0.024923,7.230495e-07,3.690419e-01,829,1,0,1,1,1
005_tomato_soup_can,s2_epi_max_005_tomato_soup_can_t9,complete_epi,0,0.832633,0.026427,1.410645e-05,1.067333e-05,905,0.017618,1.710077e-05,0.035236,1.206334e-05,5.469737e-01,649,1,0,1,1,1
061_foam_brick,s2_epi_max_061_foam_brick_t0,complete_epi,371,0.931059,0.017153,1.261192e-05,7.944860e-07,495,0.011435,7.344139e-05,0.022871,8.787812e-06,1.236961e+00,1442,1,0,1,1,0
061_foam_brick,s2_epi_max_061_foam_brick_t1,complete_epi,511,0.946295,0.016693,5.713099e-06,2.546533e-05,618,0.011128,7.126178e-06,0.022257,1.043975e-05,9.095549e-01,805,1,0,1,1,1
061_foam_brick,s2_epi_max_061_foam_brick_t2,complete_epi,163,0.966471,0.018032,2.661868e-06,1.844718e-05,1017,0.012021,6.337538e-06,0.024042,5.522868e-06,1.141472e+00,1539,1,0,1,1,1
061_foam_brick,s2_epi_max_061_foam_brick_t3,complete_epi,1369,0.493480,0.016494,1.034731e-05,4.489903e-05,742,0.010996,1.116985e-05,0.021992,9.294998e-06,1.471529e+00,1465,1,0,1,1,1
061_foam_brick,s2_epi_max_061_foam_brick_t4,complete_epi,278,0.956537,0.016484,2.571093e-06,3.351619e-06,990,0.010989,1.454060e-06,0.021979,4.976071e-06,9.701920e-01,1200,1,0,1,1,1
061_foam_brick,s2_epi_max_061_foam_brick_t5,complete_epi,0,0.976839,0.016257,1.116564e-06,3.104596e-06,726,0.010838,2.074819e-06,0.021677,8.625264e-06,1.152307e+00,863,1,0,1,1,1
061_foam_brick,s2_epi_max_061_foam_brick_t6,complete_epi,24,0.961133,0.017244,1.155017e-06,2.518863e-06,1296,0.011496,9.845343e-07,0.022992,1.681862e-06,1.782905e+00,2144,1,0,1,1,1
061_foam_brick,s2_epi_max_061_foam_brick_t7,complete_epi,8,0.956660,0.016988,7.928997e-07,1.432277e-06,1116,0.011326,7.039844e-07,0.022651,1.165283e-05,1.865767e+00,2251,1,0,1,1,0
061_foam_brick,s2_epi_max_061_foam_brick_t8,complete_epi,426,0.948597,0.016652,8.386883e-07,4.493468e-06,1015,0.011101,6.692366e-07,0.022202,9.999961e-07,1.078880e+00,1591,1,0,1,1,1
061_foam_brick,s2_epi_max_061_foam_brick_t9,complete_epi,756,0.880950,0.016804,1.578434e-06,2.026626e-06,1064,0.011203,8.632652e-07,0.022406,2.277407e-06,1.304578e+00,1729,1,0,1,1,0
035_power_drill,s2_epi_p95max_035_power_drill_t0,complete_epi,310,0.845835,0.039149,1.069656e-04,1.069656e-04,1292,0.026099,9.952292e-05,0.052199,6.760179e-05,6.387290e-01,437,1,0,1,1,1
035_power_drill,s2_epi_p95max_035_power_drill_t1,complete_epi,0,0.937015,0.040411,3.109247e-06,3.109247e-06,947,0.026940,1.460198e-06,0.053881,2.218120e-06,0.000000e+00,128,1,0,1,1,1
035_power_drill,s2_epi_p95max_035_power_drill_t2,complete_epi,138,0.851691,0.049863,3.185137e-05,3.185137e-05,2090,0.033242,7.074623e-06,0.066484,1.126724e-05,3.197976e-01,294,1,0,1,1,0
035_power_drill,s2_epi_p95max_035_power_drill_t3,complete_epi,8,0.906907,0.043648,0.000000e+00,0.000000e+00,677,0.029099,0.000000e+00,0.058197,2.392267e-05,0.000000e+00,118,1,0,1,1,1
035_power_drill,s2_epi_p95max_035_power_drill_t4,complete_epi,160,0.865726,0.040145,9.194238e-06,9.194238e-06,1479,0.026763,2.551443e-06,0.053527,3.553232e-06,7.444223e-02,231,1,0,1,1,1
035_power_drill,s2_epi_p95max_035_power_drill_t5,complete_epi,208,0.867071,0.039091,7.050018e-06,7.050018e-06,1059,0.026061,2.208244e-06,0.052122,2.499359e-06,0.000000e+00,179,1,0,1,1,0
035_power_drill,s2_epi_p95max_035_power_drill_t6,complete_epi,136,0.910624,0.041763,0.000000e+00,0.000000e+00,473,0.027842,0.000000e+00,0.055684,1.600524e-05,0.000000e+00,119,1,0,1,1,1
035_power_drill,s2_epi_p95max_035_power_drill_t7,complete_epi,84,0.899067,0.047244,8.815204e-04,8.815204e-04,904,0.031496,1.141503e-04,0.062992,2.016965e-04,5.033909e-01,136,1,0,1,1,1
035_power_drill,s2_epi_p95max_035_power_drill_t9,complete_epi,551,0.860195,0.055799,6.843400e-06,6.843400e-06,3643,0.037199,2.157889e-06,0.074399,1.462090e-05,1.373151e-01,252,1,0,1,1,0
021_bleach_cleanser,s2_epi_p95mean_021_bleach_cleanser_t0,complete_epi,7,0.915330,0.039332,0.000000e+00,0.000000e+00,568,0.026221,0.000000e+00,0.052442,1.309250e-05,0.000000e+00,88,1,0,1,1,1
021_bleach_cleanser,s2_epi_p95mean_021_bleach_cleanser_t1,complete_epi,74,0.927824,0.039624,1.408822e-04,2.817643e-04,656,0.026416,3.842429e-05,0.052832,2.045901e-05,0.000000e+00,119,1,0,1,1,1
021_bleach_cleanser,s2_epi_p95mean_021_bleach_cleanser_t2,complete_epi,5,0.874964,0.038871,7.949398e-06,9.467157e-06,1659,0.025914,3.713901e-06,0.051828,3.433666e-06,8.793268e-02,274,1,0,1,1,0
021_bleach_cleanser,s2_epi_p95mean_021_bleach_cleanser_t3,complete_epi,1112,0.383570,0.051576,7.023830e-05,1.189592e-04,3030,0.034384,2.461124e-05,0.068768,3.314376e-05,9.893057e-01,671,1,0,1,1,0
021_bleach_cleanser,s2_epi_p95mean_021_bleach_cleanser_t4,complete_epi,22,0.941350,0.038963,1.133794e-04,1.347246e-04,1035,0.025975,2.535712e-05,0.051950,1.783519e-05,7.296491e-02,137,1,0,1,1,1
021_bleach_cleanser,s2_epi_p95mean_021_bleach_cleanser_t5,complete_epi,225,0.913253,0.039996,3.254513e-05,6.509025e-05,688,0.026664,9.885973e-06,0.053327,2.518294e-05,0.000000e+00,79,1,0,1,1,0
021_bleach_cleanser,s2_epi_p95mean_021_bleach_cleanser_t6,complete_epi,10,0.908797,0.038928,3.132918e-05,5.869139e-05,1003,0.025952,2.160182e-05,0.051904,1.365607e-05,9.588296e-02,162,1,0,1,1,1
021_bleach_cleanser,s2_epi_p95mean_021_bleach_cleanser_t7,complete_epi,4,0.922607,0.019912,3.852454e-06,6.584472e-06,1398,0.013274,3.548033e-06,0.026549,3.562045e-06,1.144859e+00,1009,1,0,1,1,0
021_bleach_cleanser,s2_epi_p95mean_021_bleach_cleanser_t8,complete_epi,10,0.912347,0.053148,1.483763e-04,2.027706e-04,3277,0.035432,3.182455e-05,0.070864,6.128768e-05,9.244689e-01,404,1,0,1,1,1
021_bleach_cleanser,s2_epi_p95mean_021_bleach_cleanser_t9,complete_epi,17,0.910554,0.038964,2.027616e-04,3.790176e-04,1106,0.025976,6.711711e-05,0.051952,3.455752e-05,6.449575e-03,145,1,0,1,1,1
006_mustard_bottle,s0_partial_only_006_mustard_bottle_t0,partial_only,1,0.949514,,,,,,,,,,,1,0,1,1,1
006_mustard_bottle,s0_partial_only_006_mustard_bottle_t1,partial_only,93,0.927739,,,,,,,,,,,1,0,1,1,
051_large_clamp,s0_complete_only_051_large_clamp_t0,complete_only,36,0.939385,0.031974,1.395102e-05,0.000000e+00,750,0.021316,1.305447e-05,0.042632,1.934338e-05,0.000000e+00,139,1,0,1,1,1
051_large_clamp,s0_complete_only_051_large_clamp_t1,complete_only,24,0.950385,0.030936,0.000000e+00,0.000000e+00,824,0.020624,0.000000e+00,0.041248,2.213572e-07,0.000000e+00,205,1,0,1,1,0
051_large_clamp,s0_complete_only_051_large_clamp_t2,complete_only,3,0.945213,0.047136,1.640898e-04,1.012731e-03,5758,0.031424,7.301115e-04,0.062848,2.056666e-04,4.122142e+00,1607,1,0,1,1,0
051_large_clamp,s0_complete_only_051_large_clamp_t3,complete_only,11,0.953024,0.032232,2.119322e-07,0.000000e+00,707,0.021488,0.000000e+00,0.042976,7.557715e-07,0.000000e+00,136,1,0,1,1,1
051_large_clamp,s0_complete_only_051_large_clamp_t5,complete_only,1,0.968139,0.032360,3.888929e-06,1.071983e-05,2561,0.021573,9.218020e-06,0.043147,4.546223e-06,1.014229e-01,228,1,0,1,1,1
051_large_clamp,s0_complete_only_051_large_clamp_t7,complete_only,0,0.967396,0.026204,1.185986e-06,2.082575e-06,1533,0.017469,3.719003e-07,0.034938,2.537025e-06,1.224391e-01,348,1,0,1,1,1
051_large_clamp,s0_complete_only_051_large_clamp_t8,complete_only,162,0.924529,0.031394,1.585840e-06,1.010777e-05,799,0.020929,7.458558e-08,0.041858,3.030212e-06,0.000000e+00,143,1,0,1,1,1
051_large_clamp,s0_complete_only_051_large_clamp_t9,complete_only,67,0.942843,0.032108,1.726185e-06,0.000000e+00,754,0.021406,0.000000e+00,0.042811,8.253333e-06,0.000000e+00,146,1,0,1,1,1
011_banana,s0_epi_max_011_banana_t0,complete_epi,1162,0.819488,0.032608,2.570596e-04,1.306781e-03,1551,0.021739,7.750515e-04,0.043477,2.118911e-04,6.435793e-01,332,1,0,1,1,0
011_banana,s0_epi_max_011_banana_t1,complete_epi,1756,0.369038,0.031792,2.650950e-04,2.313558e-03,1699,0.021195,2.398676e-03,0.042390,2.183446e-04,1.141272e+00,328,1,0,1,1,0
011_banana,s0_epi_max_011_banana_t2,complete_epi,655,0.876664,0.031099,3.645685e-05,3.487371e-05,2908,0.020733,1.024548e-05,0.041466,6.383812e-05,7.275145e-01,674,1,0,1,1,1
011_banana,s0_epi_max_011_banana_t3,complete_epi,1553,0.613138,0.033001,2.581431e-05,1.093699e-04,3235,0.022000,1.918032e-05,0.044001,3.669343e-05,6.313519e-01,277,1,0,1,1,0
011_banana,s0_epi_max_011_banana_t4,complete_epi,1443,0.644893,0.030866,9.271888e-05,5.932567e-04,1323,0.020577,4.460993e-04,0.041154,5.546460e-05,1.749235e-01,245,1,0,1,1,0
011_banana,s0_epi_max_011_banana_t5,complete_epi,1030,0.780475,0.032097,7.560169e-05,2.676010e-04,1826,0.021398,1.599672e-04,0.042796,5.755940e-05,9.946501e-01,731,1,0,1,1,1
011_banana,s0_epi_max_011_banana_t6,complete_epi,1618,0.435488,0.031938,2.280955e-04,1.298421e-03,2001,0.021292,5.213657e-04,0.042584,2.670053e-04,3.200247e+00,604,1,0,1,1,0
011_banana,s0_epi_max_011_banana_t7,complete_epi,1026,0.787296,0.031401,4.501383e-05,1.265258e-04,3249,0.020934,5.219806e-05,0.041867,3.415068e-05,1.588501e+00,1218,1,0,1,1,0
011_banana,s0_epi_max_011_banana_t8,complete_epi,1742,0.456462,0.031443,2.143010e-05,9.066488e-05,2059,0.020962,1.517045e-05,0.041924,2.756148e-05,6.073528e-01,495,1,0,1,1,1
011_banana,s0_epi_max_011_banana_t9,complete_epi,1641,0.443098,0.032042,2.109966e-04,1.361286e-03,2361,0.021361,2.482546e-04,0.042723,2.316903e-04,7.631585e-01,319,1,0,1,1,1
025_mug,s0_epi_p95max_025_mug_t0,complete_epi,22,0.940126,0.020684,1.818263e-05,1.818263e-05,415,0.013789,3.025075e-06,0.027579,4.057079e-06,1.911220e-01,159,1,0,1,1,1
025_mug,s0_epi_p95max_025_mug_t1,complete_epi,27,0.948112,0.021044,4.289645e-05,4.289645e-05,444,0.014030,2.273021e-05,0.028059,1.500051e-05,3.425407e-01,135,1,0,1,1,1
025_mug,s0_epi_p95max_025_mug_t2,complete_epi,98,0.913236,0.020190,3.498284e-06,3.498284e-06,907,0.013460,1.967345e-06,0.026920,1.799793e-06,2.677240e-01,286,1,0,1,1,1
025_mug,s0_epi_p95max_025_mug_t4,complete_epi,18,0.943165,0.020197,2.047425e-06,2.047425e-06,728,0.013465,1.250480e-06,0.026929,1.232415e-06,2.303252e-01,257,1,0,1,1,1
025_mug,s0_epi_p95max_025_mug_t5,complete_epi,8,0.922205,0.020176,4.355187e-06,4.355187e-06,884,0.013450,2.207845e-06,0.026901,2.442817e-06,3.218232e-01,239,1,0,1,1,1
025_mug,s0_epi_p95max_025_mug_t7,complete_epi,352,0.744445,0.020520,8.096876e-06,8.096876e-06,507,0.013680,1.649394e-06,0.027360,2.984374e-06,1.058248e-01,147,1,0,1,1,0
025_mug,s0_epi_p95max_025_mug_t8,complete_epi,137,0.889520,0.020553,2.421489e-05,2.421489e-05,782,0.013702,5.948883e-05,0.027404,1.778239e-05,3.613306e-01,189,1,0,1,1,1
025_mug,s0_epi_p95max_025_mug_t9,complete_epi,43,0.931691,0.020687,2.035745e-06,2.035745e-06,758,0.013791,1.025530e-06,0.027582,1.188285e-06,1.332333e-01,177,1,0,1,1,1
006_mustard_bottle,s0_epi_p95mean_006_mustard_bottle_t0,complete_epi,111,0.827062,0.032858,2.047494e-05,3.783036e-05,2008,0.021906,1.407300e-05,0.043811,2.088660e-05,9.071929e-01,595,1,0,1,1,1
006_mustard_bottle,s0_epi_p95mean_006_mustard_bottle_t1,complete_epi,1,0.832743,0.031972,1.787557e-05,3.302345e-05,2060,0.021315,9.686778e-06,0.042630,1.615086e-05,7.707760e-01,783,1,0,1,1,1
006_mustard_bottle,s0_epi_p95mean_006_mustard_bottle_t3,complete_epi,23,0.811355,0.032529,8.613559e-06,1.429074e-05,2139,0.021686,5.812770e-06,0.043372,6.424611e-06,7.958636e-01,568,1,0,1,1,1
006_mustard_bottle,s0_epi_p95mean_006_mustard_bottle_t4,complete_epi,52,0.823647,0.031973,1.284142e-05,2.224430e-05,1841,0.021315,5.235918e-06,0.042630,8.157981e-06,5.726961e-01,505,1,0,1,1,1
006_mustard_bottle,s0_epi_p95mean_006_mustard_bottle_t5,complete_epi,68,0.821313,0.032269,1.018475e-05,1.556147e-05,1714,0.021512,7.167757e-06,0.043025,8.262795e-06,5.457543e-01,333,1,0,1,1,1
006_mustard_bottle,s0_epi_p95mean_006_mustard_bottle_t7,complete_epi,28,0.953215,0.029285,1.752852e-05,2.992900e-05,1580,0.019523,5.110797e-06,0.039047,4.029099e-06,1.262952e-01,419,1,0,1,1,1
006_mustard_bottle,s0_epi_p95mean_006_mustard_bottle_t8,complete_epi,4,0.868569,0.031571,7.332655e-06,1.163725e-05,1958,0.021047,6.550936e-06,0.042095,5.118026e-06,6.774795e-01,510,1,0,1,1,1
006_mustard_bottle,s0_epi_p95mean_006_mustard_bottle_t9,complete_epi,110,0.975228,0.015249,1.954151e-04,3.224398e-04,1291,0.010166,2.152004e-04,0.020332,1.593088e-04,4.922061e+00,1850,1,0,1,1,0
051_large_clamp,s0_epi_p95mean_051_large_clamp_t0,complete_epi,8,0.948886,0.031974,0.000000e+00,0.000000e+00,741,0.021316,1.305447e-05,0.042632,1.934338e-05,0.000000e+00,136,1,0,1,1,1
051_large_clamp,s0_epi_p95mean_051_large_clamp_t1,complete_epi,2,0.960826,0.030921,0.000000e+00,0.000000e+00,881,0.020614,0.000000e+00,0.041228,4.920106e-07,0.000000e+00,199,1,0,1,1,0
051_large_clamp,s0_epi_p95mean_051_large_clamp_t2,complete_epi,0,0.972339,0.032475,4.151448e-06,4.169248e-06,2123,0.021650,1.791948e-06,0.043300,1.650799e-06,3.991313e-02,183,1,0,1,1,0
051_large_clamp,s0_epi_p95mean_051_large_clamp_t3,complete_epi,17,0.940591,0.031736,3.706723e-06,7.413446e-06,708,0.021157,1.176494e-06,0.042315,7.518910e-06,0.000000e+00,133,1,0,1,1,1
051_large_clamp,s0_epi_p95mean_051_large_clamp_t4,complete_epi,0,0.964645,0.030032,4.036458e-06,4.038856e-06,1001,0.020022,1.939643e-06,0.040043,1.262253e-06,0.000000e+00,147,1,0,1,1,0
051_large_clamp,s0_epi_p95mean_051_large_clamp_t5,complete_epi,0,0.971268,0.032306,6.436072e-05,7.505346e-05,1082,0.021537,1.589990e-05,0.043074,2.126371e-05,2.667518e-01,263,1,0,1,1,0
051_large_clamp,s0_epi_p95mean_051_large_clamp_t7,complete_epi,0,0.962031,0.026170,1.829490e-06,1.979196e-06,1500,0.017447,2.644550e-07,0.034893,2.663719e-06,6.850429e-02,306,1,0,1,1,0
051_large_clamp,s0_epi_p95mean_051_large_clamp_t8,complete_epi,131,0.924998,0.031329,0.000000e+00,0.000000e+00,644,0.020886,0.000000e+00,0.041772,1.903425e-06,0.000000e+00,140,1,0,1,1,1
051_large_clamp,s0_epi_p95mean_051_large_clamp_t9,complete_epi,6,0.958954,0.031952,1.581813e-06,3.163627e-06,776,0.021301,0.000000e+00,0.042602,5.006956e-06,0.000000e+00,146,1,0,1,1,1
011_banana,s1_complete_only_011_banana_t0,complete_only,1519,0.595842,0.032232,4.451127e-05,2.970477e-04,2301,0.021488,8.124545e-05,0.042976,4.878462e-05,1.035698e+00,472,1,0,1,1,0
011_banana,s1_complete_only_011_banana_t1,complete_only,885,0.827091,0.031774,1.331535e-04,5.145358e-04,1964,0.021183,7.691628e-04,0.042366,1.138954e-04,1.187054e+00,718,1,0,1,1,0
011_banana,s1_complete_only_011_banana_t2,complete_only,1248,0.734736,0.031751,1.062920e-05,3.042816e-05,1745,0.021167,1.652203e-05,0.042335,9.803604e-06,2.800364e-01,322,1,0,1,1,0
011_banana,s1_complete_only_011_banana_t3,complete_only,1827,0.388213,0.031613,6.353232e-05,3.188696e-04,1694,0.021075,9.164827e-05,0.042150,5.916061e-05,8.181408e-01,524,1,0,1,1,1
011_banana,s1_complete_only_011_banana_t4,complete_only,914,0.836950,0.032866,6.038949e-05,1.503349e-04,2873,0.021911,5.044168e-05,0.043821,9.185551e-05,8.384674e-01,588,1,0,1,1,0
011_banana,s1_complete_only_011_banana_t5,complete_only,1946,0.054110,0.031771,3.568461e-04,1.656841e-03,2183,0.021180,4.740604e-04,0.042361,2.843285e-04,1.855296e+00,1028,1,0,1,1,1
011_banana,s1_complete_only_011_banana_t6,complete_only,1897,0.092690,0.032882,1.295434e-04,4.950264e-04,754,0.021921,1.495309e-04,0.043842,1.066786e-04,2.906393e-01,154,1,0,1,1,1
011_banana,s1_complete_only_011_banana_t7,complete_only,688,0.866226,0.032016,1.172602e-04,7.431103e-04,1483,0.021344,6.249179e-04,0.042688,8.891823e-05,8.664628e-01,603,1,0,1,1,1
011_banana,s1_complete_only_011_banana_t8,complete_only,698,0.834902,0.031519,1.661234e-05,5.277401e-05,2599,0.021013,5.214984e-05,0.042025,1.562051e-05,6.991016e-01,656,1,0,1,1,0
011_banana,s1_complete_only_011_banana_t9,complete_only,1470,0.581224,0.032311,6.243867e-04,2.507700e-03,1981,0.021541,1.194301e-03,0.043082,4.725052e-04,2.965028e+00,693,1,0,1,1,1
025_mug,s1_epi_max_025_mug_t0,complete_epi,135,0.874727,0.019955,2.510193e-06,5.799099e-06,950,0.013303,2.528310e-06,0.026607,2.869762e-06,4.040682e-01,315,1,0,1,1,1
025_mug,s1_epi_max_025_mug_t1,complete_epi,74,0.901189,0.020008,2.198174e-06,8.041731e-06,469,0.013339,2.085836e-06,0.026677,2.116027e-06,1.795888e-01,187,1,0,1,1,0
025_mug,s1_epi_max_025_mug_t2,complete_epi,48,0.923864,0.022392,2.406824e-05,7.930419e-05,476,0.014928,2.847459e-05,0.029856,2.068135e-05,4.121820e-01,150,1,0,1,1,1
025_mug,s1_epi_max_025_mug_t3,complete_epi,40,0.913328,0.020386,1.356421e-06,1.963564e-06,1342,0.013591,1.369188e-06,0.027182,1.420951e-06,3.024981e-01,338,1,0,1,1,1
025_mug,s1_epi_max_025_mug_t4,complete_epi,56,0.928089,0.022050,2.226135e-05,1.070875e-04,468,0.014700,2.217962e-05,0.029400,2.148895e-05,3.177993e-01,169,1,0,1,1,0
025_mug,s1_epi_max_025_mug_t5,complete_epi,8,0.851638,0.020318,3.033720e-06,1.374994e-05,334,0.013545,2.787343e-06,0.027090,6.160150e-06,2.733279e-01,217,1,0,1,1,0
025_mug,s1_epi_max_025_mug_t6,complete_epi,160,0.917070,0.020186,1.576461e-06,3.747796e-06,523,0.013458,1.876018e-06,0.026915,2.016234e-06,9.786665e-02,148,1,0,1,1,1
025_mug,s1_epi_max_025_mug_t7,complete_epi,139,0.793997,0.009127,8.780234e-06,3.816374e-05,1784,0.006085,2.350783e-05,0.012169,3.203834e-06,4.664135e+00,5036,1,0,1,1,0
025_mug,s1_epi_max_025_mug_t8,complete_epi,136,0.925698,0.024649,4.060300e-05,1.790740e-04,1074,0.016432,5.171573e-05,0.032865,4.056822e-05,4.174951e-01,136,1,0,1,1,1
025_mug,s1_epi_max_025_mug_t9,complete_epi,92,0.914409,0.020863,1.459126e-06,2.110422e-06,1055,0.013909,1.572031e-06,0.027818,1.423609e-06,5.290390e-01,480,1,0,1,1,1
006_mustard_bottle,s1_epi_p95max_006_mustard_bottle_t0,complete_epi,0,0.849311,0.031806,2.275076e-05,2.275076e-05,1869,0.021204,6.031216e-06,0.042408,9.670691e-06,2.184438e-01,266,1,0,1,1,1
006_mustard_bottle,s1_epi_p95max_006_mustard_bottle_t1,complete_epi,1023,0.431752,0.042419,1.213310e-04,1.213310e-04,1974,0.028279,2.665370e-05,0.056558,2.520429e-05,1.050088e+00,174,1,0,1,1,0
006_mustard_bottle,s1_epi_p95max_006_mustard_bottle_t2,complete_epi,8,0.937834,0.030376,2.708446e-05,2.708446e-05,1399,0.020250,1.032219e-05,0.040501,6.521270e-06,5.638639e-01,263,1,0,1,1,1
006_mustard_bottle,s1_epi_p95max_006_mustard_bottle_t3,complete_epi,0,0.891165,0.031884,1.171665e-05,1.171665e-05,1881,0.021256,6.289142e-06,0.042511,4.995070e-06,8.351806e-01,647,1,0,1,1,1
006_mustard_bottle,s1_epi_p95max_006_mustard_bottle_t4,complete_epi,0,0.885559,0.032472,1.510800e-05,1.510800e-05,1526,0.021648,8.404942e-06,0.043296,7.048371e-06,4.988744e-01,379,1,0,1,1,1
006_mustard_bottle,s1_epi_p95max_006_mustard_bottle_t5,complete_epi,65,0.813274,0.031696,5.436978e-05,5.436978e-05,1711,0.021130,1.531431e-05,0.042261,3.103091e-05,1.107337e+00,785,1,0,1,1,1
006_mustard_bottle,s1_epi_p95max_006_mustard_bottle_t6,complete_epi,0,0.922196,0.031988,2.401794e-05,2.401794e-05,1593,0.021326,1.473427e-05,0.042651,1.141120e-05,6.738644e-01,420,1,0,1,1,1
006_mustard_bottle,s1_epi_p95max_006_mustard_bottle_t7,complete_epi,240,0.914103,0.019420,3.799463e-04,3.799463e-04,1509,0.012946,1.399284e-04,0.025893,8.678270e-05,1.138591e+00,1292,1,0,1,1,0
006_mustard_bottle,s1_epi_p95max_006_mustard_bottle_t8,complete_epi,4,0.944936,0.029702,6.207882e-06,6.207882e-06,1740,0.019801,1.651329e-06,0.039602,2.219636e-06,1.062429e-01,438,1,0,1,1,1
006_mustard_bottle,s1_epi_p95max_006_mustard_bottle_t9,complete_epi,387,0.731911,0.032459,8.904224e-05,8.904224e-05,1857,0.021639,1.804194e-05,0.043279,3.126791e-05,7.423034e-01,445,1,0,1,1,1
051_large_clamp,s1_epi_p95max_051_large_clamp_t0,complete_epi,2,0.954814,0.029898,4.112047e-06,4.112047e-06,1242,0.019932,1.111915e-06,0.039864,1.134042e-06,1.306882e-01,226,1,0,1,1,1
051_large_clamp,s1_epi_p95max_051_large_clamp_t1,complete_epi,15,0.963569,0.032314,9.914957e-06,9.914957e-06,1355,0.021542,2.182316e-06,0.043085,6.420084e-06,3.192519e-01,283,1,0,1,1,1
051_large_clamp,s1_epi_p95max_051_large_clamp_t2,complete_epi,0,0.965450,0.029983,1.281648e-06,1.281648e-06,1070,0.019988,4.113274e-07,0.039977,6.566004e-07,0.000000e+00,199,1,0,1,1,1
051_large_clamp,s1_epi_p95max_051_large_clamp_t3,complete_epi,112,0.931688,0.031345,0.000000e+00,0.000000e+00,669,0.020897,0.000000e+00,0.041793,1.095975e-06,0.000000e+00,141,1,0,1,1,1
051_large_clamp,s1_epi_p95max_051_large_clamp_t4,complete_epi,0,0.959242,0.032292,7.800087e-05,7.800087e-05,2774,0.021528,1.814968e-05,0.043056,2.004611e-05,1.204290e+00,838,1,0,1,1,1
051_large_clamp,s1_epi_p95max_051_large_clamp_t5,complete_epi,47,0.948216,0.032396,4.065280e-05,4.065280e-05,2211,0.021597,4.036780e-06,0.043194,1.321553e-05,5.900749e-01,482,1,0,1,1,1
051_large_clamp,s1_epi_p95max_051_large_clamp_t6,complete_epi,2,0.964379,0.030052,1.234427e-06,1.234427e-06,920,0.020034,4.076298e-07,0.040069,7.198935e-07,0.000000e+00,135,1,0,1,1,0
051_large_clamp,s1_epi_p95max_051_large_clamp_t7,complete_epi,0,0.974573,0.032427,5.232717e-04,5.232717e-04,1183,0.021618,2.885299e-04,0.043237,1.445195e-05,3.710904e-01,282,1,0,1,1,1
051_large_clamp,s1_epi_p95max_051_large_clamp_t8,complete_epi,2,0.969328,0.025813,1.871787e-05,1.871787e-05,9240,0.017209,4.624599e-06,0.034417,8.784131e-06,2.472751e+00,2540,1,0,1,1,0
051_large_clamp,s1_epi_p95max_051_large_clamp_t9,complete_epi,2,0.961151,0.032000,3.696265e-06,3.696265e-06,840,0.021333,1.627830e-06,0.042667,2.977796e-06,0.000000e+00,163,1,0,1,1,1
011_banana,s1_epi_p95mean_011_banana_t0,complete_epi,1440,0.613098,0.032232,1.501504e-04,2.968694e-04,1925,0.021488,7.348285e-05,0.042976,3.944424e-05,1.057189e+00,516,1,0,1,1,0
011_banana,s1_epi_p95mean_011_banana_t1,complete_epi,867,0.843356,0.031774,1.061361e-04,2.042902e-04,2346,0.021183,6.872357e-05,0.042365,8.148765e-05,1.127394e+00,697,1,0,1,1,1
011_banana,s1_epi_p95mean_011_banana_t2,complete_epi,1599,0.564825,0.031688,1.297875e-04,2.566766e-04,1546,0.021126,1.120459e-04,0.042251,2.867516e-05,8.568628e-01,610,1,0,1,1,1
011_banana,s1_epi_p95mean_011_banana_t3,complete_epi,1891,0.216519,0.031615,2.577374e-04,4.662462e-04,1718,0.021077,2.726159e-04,0.042154,9.522325e-05,1.783193e+00,564,1,0,1,1,1
011_banana,s1_epi_p95mean_011_banana_t4,complete_epi,890,0.842774,0.032488,1.527559e-04,2.971895e-04,2754,0.021659,7.892645e-05,0.043317,1.013412e-04,8.645513e-01,611,1,0,1,1,0
011_banana,s1_epi_p95mean_011_banana_t5,complete_epi,1882,0.134212,0.031790,1.047400e-04,2.067141e-04,3336,0.021194,1.925708e-05,0.042387,5.125268e-05,5.030075e-01,571,1,0,1,1,0
011_banana,s1_epi_p95mean_011_banana_t6,complete_epi,1948,0.036759,0.032879,1.257991e-04,2.406378e-04,3551,0.021919,6.385797e-05,0.043838,5.954570e-05,1.882457e+00,824,1,0,1,1,0
011_banana,s1_epi_p95mean_011_banana_t7,complete_epi,778,0.864207,0.031352,4.612822e-04,9.145098e-04,1987,0.020902,1.256163e-03,0.041803,1.313169e-04,1.049502e+00,825,1,0,1,1,0
011_banana,s1_epi_p95mean_011_banana_t8,complete_epi,596,0.867887,0.031561,2.760511e-05,5.365439e-05,1923,0.021041,3.117738e-05,0.042081,9.758003e-06,5.120422e-01,548,1,0,1,1,0
011_banana,s1_epi_p95mean_011_banana_t9,complete_epi,1124,0.756314,0.032199,3.112107e-04,5.836427e-04,2305,0.021466,3.422532e-04,0.042932,1.834609e-04,1.551204e+00,494,1,0,1,1,0
025_mug,s2_complete_only_025_mug_t0,complete_only,59,0.921159,0.020731,5.080314e-06,1.994080e-05,516,0.013821,6.210206e-06,0.027641,6.480497e-06,1.681815e-01,114,1,0,1,1,1
025_mug,s2_complete_only_025_mug_t1,complete_only,0,0.934586,0.028974,9.272774e-04,3.876978e-03,6313,0.019316,2.063842e-03,0.038631,1.828062e-04,3.839571e+00,1600,1,0,1,1,1
025_mug,s2_complete_only_025_mug_t3,complete_only,5,0.954143,0.021979,1.930664e-05,4.931032e-05,475,0.014653,2.821540e-05,0.029306,1.700610e-05,2.690538e-01,131,1,0,1,1,1
025_mug,s2_complete_only_025_mug_t4,complete_only,27,0.936828,0.020259,2.708874e-05,1.416097e-04,460,0.013506,2.395346e-05,0.027012,3.743736e-05,4.740453e-01,113,1,0,1,1,1
025_mug,s2_complete_only_025_mug_t5,complete_only,39,0.933501,0.020431,4.379624e-05,1.321358e-04,511,0.013621,8.029398e-05,0.027241,3.318759e-05,7.821714e-01,237,1,0,1,1,1
025_mug,s2_complete_only_025_mug_t6,complete_only,48,0.925346,0.024846,5.799930e-06,2.155829e-05,544,0.016564,7.161000e-06,0.033128,5.604674e-06,1.502226e-01,103,1,0,1,1,1
025_mug,s2_complete_only_025_mug_t7,complete_only,58,0.913873,0.022122,2.155719e-05,1.426015e-04,672,0.014748,1.561308e-05,0.029495,2.074966e-05,3.272254e-01,315,1,0,1,1,1
025_mug,s2_complete_only_025_mug_t8,complete_only,27,0.938162,0.020619,3.154421e-05,9.235600e-05,538,0.013746,4.925489e-05,0.027492,2.458001e-05,7.998266e-01,179,1,0,1,1,1
025_mug,s2_complete_only_025_mug_t9,complete_only,89,0.935552,0.020564,1.011353e-05,2.385052e-05,471,0.013709,1.017010e-05,0.027419,1.045521e-05,2.917166e-01,130,1,0,1,1,1
006_mustard_bottle,s2_epi_max_006_mustard_bottle_t0,complete_epi,0,0.900913,0.032013,6.787902e-06,2.507382e-05,2154,0.021342,5.502395e-06,0.042684,1.999952e-05,7.595070e-01,767,1,0,1,1,1
006_mustard_bottle,s2_epi_max_006_mustard_bottle_t1,complete_epi,110,0.839377,0.031979,7.555868e-06,2.885451e-05,2125,0.021319,5.630190e-06,0.042639,8.532052e-06,8.969998e-01,717,1,0,1,1,1
006_mustard_bottle,s2_epi_max_006_mustard_bottle_t2,complete_epi,0,0.909555,0.030167,7.604444e-06,2.396632e-05,1594,0.020111,6.329693e-06,0.040222,8.326482e-06,4.869687e-01,297,1,0,1,1,1
006_mustard_bottle,s2_epi_max_006_mustard_bottle_t3,complete_epi,0,0.903276,0.032205,6.487984e-06,1.297189e-05,1763,0.021470,6.945373e-06,0.042940,5.924982e-06,3.334632e-01,301,1,0,1,1,1
006_mustard_bottle,s2_epi_max_006_mustard_bottle_t4,complete_epi,10,0.887196,0.031011,9.084815e-06,2.747197e-05,1813,0.020674,7.709851e-06,0.041348,1.035061e-05,7.105028e-01,383,1,0,1,1,1
006_mustard_bottle,s2_epi_max_006_mustard_bottle_t5,complete_epi,150,0.759736,0.032214,1.884485e-05,4.169507e-05,1874,0.021476,9.789917e-06,0.042951,2.289779e-05,7.585022e-01,684,1,0,1,1,1
006_mustard_bottle,s2_epi_max_006_mustard_bottle_t6,complete_epi,56,0.844451,0.031944,4.095084e-06,8.389514e-06,1902,0.021296,4.448899e-06,0.042591,3.631066e-06,8.762863e-01,611,1,0,1,1,1
006_mustard_bottle,s2_epi_max_006_mustard_bottle_t7,complete_epi,14,0.890107,0.031129,5.791405e-06,1.477336e-05,1571,0.020752,5.872430e-06,0.041505,5.391818e-06,6.106999e-01,443,1,0,1,1,1
006_mustard_bottle,s2_epi_max_006_mustard_bottle_t8,complete_epi,37,0.840290,0.031978,1.422241e-05,4.007168e-05,1540,0.021319,1.188792e-05,0.042638,1.566902e-05,8.064672e-01,335,1,0,1,1,1
006_mustard_bottle,s2_epi_max_006_mustard_bottle_t9,complete_epi,0,0.928155,0.031222,5.767093e-06,1.983051e-05,1925,0.020815,3.897779e-06,0.041629,1.038533e-05,6.933942e-01,846,1,0,1,1,0
051_large_clamp,s2_epi_max_051_large_clamp_t0,complete_epi,12,0.952747,0.030638,1.615663e-07,1.283349e-06,1043,0.020425,3.687770e-07,0.040851,3.487236e-07,0.000000e+00,203,1,0,1,1,1
051_large_clamp,s2_epi_max_051_large_clamp_t1,complete_epi,0,0.971319,0.029040,0.000000e+00,0.000000e+00,647,0.019360,0.000000e+00,0.038720,1.277150e-08,0.000000e+00,162,1,0,1,1,0
051_large_clamp,s2_epi_max_051_large_clamp_t3,complete_epi,3,0.963504,0.032644,4.548204e-06,1.207480e-05,1346,0.021763,3.832626e-06,0.043525,7.511669e-06,0.000000e+00,139,1,0,1,1,1
051_large_clamp,s2_epi_max_051_large_clamp_t5,complete_epi,9,0.955129,0.031824,6.825192e-06,4.591637e-05,829,0.021216,1.842104e-06,0.042432,9.245064e-06,0.000000e+00,159,1,0,1,1,1
051_large_clamp,s2_epi_max_051_large_clamp_t6,complete_epi,2,0.974147,0.030902,1.162318e-05,2.887776e-05,1816,0.020602,1.454442e-05,0.041203,1.366614e-05,2.893496e-01,299,1,0,1,1,0
051_large_clamp,s2_epi_max_051_large_clamp_t7,complete_epi,74,0.951417,0.030815,2.590174e-06,9.961685e-06,2583,0.020543,2.903773e-06,0.041087,2.905178e-06,5.432746e-01,518,1,0,1,1,1
051_large_clamp,s2_epi_max_051_large_clamp_t8,complete_epi,0,0.968968,0.029266,0.000000e+00,0.000000e+00,667,0.019510,0.000000e+00,0.039021,0.000000e+00,0.000000e+00,171,1,0,1,1,1
051_large_clamp,s2_epi_max_051_large_clamp_t9,complete_epi,13,0.948916,0.030813,2.022715e-07,1.806285e-06,1051,0.020542,0.000000e+00,0.041084,3.013097e-07,0.000000e+00,233,1,0,1,1,1
011_banana,s2_epi_p95max_011_banana_t0,complete_epi,1285,0.745370,0.032968,3.512944e-05,3.512944e-05,3284,0.021979,4.016089e-05,0.043957,7.240396e-05,3.002764e-01,334,1,0,1,1,1
011_banana,s2_epi_p95max_011_banana_t1,complete_epi,1306,0.738760,0.031974,2.256434e-04,2.256434e-04,1370,0.021316,1.202917e-04,0.042632,2.549227e-05,3.224075e-01,348,1,0,1,1,1
011_banana,s2_epi_p95max_011_banana_t2,complete_epi,1110,0.749777,0.032176,3.392037e-04,3.392037e-04,2437,0.021451,8.822072e-05,0.042902,4.394514e-05,1.586652e+00,857,1,0,1,1,1
011_banana,s2_epi_p95max_011_banana_t3,complete_epi,1315,0.661905,0.032832,4.764362e-04,4.764362e-04,2644,0.021888,1.050253e-04,0.043776,1.124099e-04,8.282537e-01,442,1,0,1,1,0
011_banana,s2_epi_p95max_011_banana_t4,complete_epi,1095,0.672414,0.030761,5.370828e-05,5.370828e-05,1609,0.020507,8.781197e-06,0.041014,1.896583e-05,1.033507e-01,243,1,0,1,1,0
011_banana,s2_epi_p95max_011_banana_t5,complete_epi,1761,0.364201,0.031588,2.094660e-03,2.094660e-03,1390,0.021059,2.286052e-03,0.042117,2.321104e-04,6.391576e-01,240,1,0,1,1,0
011_banana,s2_epi_p95max_011_banana_t6,complete_epi,665,0.832011,0.032380,5.607676e-05,5.607676e-05,4768,0.021587,1.462316e-05,0.043173,1.121464e-05,1.394145e+00,1154,1,0,1,1,1
011_banana,s2_epi_p95max_011_banana_t7,complete_epi,1369,0.549757,0.034094,1.654695e-05,1.654695e-05,3135,0.022729,6.408290e-06,0.045459,5.887883e-06,1.630091e+00,1250,1,0,1,1,0
011_banana,s2_epi_p95max_011_banana_t8,complete_epi,1518,0.623806,0.031601,2.198731e-04,2.198731e-04,1765,0.021067,1.147944e-04,0.042134,3.272477e-05,5.329736e-01,368,1,0,1,1,0
011_banana,s2_epi_p95max_011_banana_t9,complete_epi,1239,0.740269,0.031879,1.506167e-04,1.506167e-04,2262,0.021253,8.396132e-05,0.042506,5.657539e-05,9.368825e-01,625,1,0,1,1,1
025_mug,s2_epi_p95mean_025_mug_t0,complete_epi,98,0.912328,0.020731,2.767355e-05,2.800582e-05,606,0.013821,1.185486e-05,0.027641,1.333851e-05,4.371815e-01,226,1,0,1,1,1
025_mug,s2_epi_p95mean_025_mug_t1,complete_epi,67,0.957923,0.016363,1.760285e-05,2.215386e-05,768,0.010908,6.458086e-06,0.021817,4.595858e-06,9.028399e-01,586,1,0,1,1,0
025_mug,s2_epi_p95mean_025_mug_t2,complete_epi,158,0.809682,0.020369,3.604102e-06,3.753659e-06,338,0.013580,1.593923e-06,0.027159,1.551121e-06,6.814879e-02,75,1,0,1,1,1
025_mug,s2_epi_p95mean_025_mug_t3,complete_epi,11,0.948509,0.021577,5.642530e-05,1.052617e-04,408,0.014384,3.029643e-05,0.028769,9.948210e-06,2.510226e-01,127,1,0,1,1,1
025_mug,s2_epi_p95mean_025_mug_t4,complete_epi,76,0.919335,0.020278,9.157866e-05,1.417348e-04,325,0.013519,1.008932e-04,0.027038,4.063480e-05,8.601991e-01,172,1,0,1,1,1
025_mug,s2_epi_p95mean_025_mug_t5,complete_epi,93,0.919464,0.020370,8.840081e-06,1.274578e-05,415,0.013580,3.898365e-06,0.027160,5.433462e-06,1.373583e-01,98,1,0,1,1,1
025_mug,s2_epi_p95mean_025_mug_t6,complete_epi,13,0.941793,0.023939,9.635555e-06,1.057816e-05,948,0.015959,3.531445e-06,0.031919,5.444895e-06,1.922240e-01,112,1,0,1,1,1
025_mug,s2_epi_p95mean_025_mug_t7,complete_epi,58,0.939374,0.020572,2.037488e-06,2.292338e-06,1594,0.013715,1.596641e-06,0.027430,1.531686e-06,2.607865e-01,296,1,0,1,1,1
025_mug,s2_epi_p95mean_025_mug_t8,complete_epi,17,0.941668,0.020758,5.119666e-05,7.214130e-05,465,0.013839,3.548897e-05,0.027678,1.962097e-05,3.911672e-01,131,1,0,1,1,1
025_mug,s2_epi_p95mean_025_mug_t9,complete_epi,73,0.932900,0.021083,1.691542e-05,1.935224e-05,513,0.014055,7.362162e-06,0.028111,8.023944e-06,2.930805e-01,152,1,0,1,1,1
021_bleach_cleanser,s0_partial_only_021_bleach_cleanser_t0,partial_only,62,0.926920,,,,,,,,,,,1,0,1,1,
005_tomato_soup_can,s0_epi_max_005_tomato_soup_can_t0,complete_epi,47,0.851510,0.019010,6.369791e-07,1.622744e-06,519,0.012673,5.873106e-07,0.025346,6.403143e-07,3.135445e-01,729,1,0,1,1,1
005_tomato_soup_can,s0_epi_max_005_tomato_soup_can_t1,complete_epi,52,0.868627,0.019002,8.274644e-07,1.575158e-06,671,0.012668,8.297598e-07,0.025336,8.293692e-07,4.401129e-01,828,1,0,1,1,1
005_tomato_soup_can,s0_epi_max_005_tomato_soup_can_t2,complete_epi,61,0.865665,0.019104,7.700280e-07,1.852785e-06,534,0.012736,1.043441e-06,0.025471,7.260017e-07,3.057253e-01,720,1,0,1,1,1
005_tomato_soup_can,s0_epi_max_005_tomato_soup_can_t3,complete_epi,43,0.870224,0.019024,6.871586e-07,1.664963e-06,541,0.012683,6.657861e-07,0.025365,6.705414e-07,3.000414e-01,737,1,0,1,1,1
005_tomato_soup_can,s0_epi_max_005_tomato_soup_can_t4,complete_epi,14,0.899952,0.018786,7.425097e-07,1.515793e-06,697,0.012524,7.115329e-07,0.025048,7.676255e-07,3.980370e-01,825,1,0,1,1,1
005_tomato_soup_can,s0_epi_max_005_tomato_soup_can_t5,complete_epi,774,0.692167,0.026638,1.633958e-05,8.545363e-06,1203,0.017758,6.735825e-06,0.035517,1.806134e-05,6.173908e-01,711,1,0,1,1,1
005_tomato_soup_can,s0_epi_max_005_tomato_soup_can_t6,complete_epi,834,0.641819,0.034982,3.048978e-05,5.544548e-05,3433,0.023321,1.957427e-05,0.046643,4.544829e-05,4.390997e+00,1597,1,0,1,1,1
005_tomato_soup_can,s0_epi_max_005_tomato_soup_can_t7,complete_epi,29,0.886447,0.018805,5.693850e-07,2.184343e-06,411,0.012536,3.090125e-07,0.025073,6.906483e-07,2.399175e-01,634,1,0,1,1,1
005_tomato_soup_can,s0_epi_max_005_tomato_soup_can_t8,complete_epi,27,0.874237,0.018753,7.659113e-07,1.620604e-06,634,0.012502,7.374303e-07,0.025004,7.990058e-07,3.833105e-01,808,1,0,1,1,0
005_tomato_soup_can,s0_epi_max_005_tomato_soup_can_t9,complete_epi,37,0.876101,0.018793,6.989953e-07,1.390895e-06,618,0.012529,6.161034e-07,0.025057,7.145581e-07,2.919782e-01,732,1,0,1,1,1
061_foam_brick,s0_epi_max_061_foam_brick_t0,complete_epi,515,0.900513,0.016189,3.993816e-05,3.138585e-04,693,0.010793,4.047437e-05,0.021586,3.502972e-05,1.725839e+00,1202,1,0,1,1,1
061_foam_brick,s0_epi_max_061_foam_brick_t1,complete_epi,27,0.960321,0.016536,1.207977e-06,1.206171e-06,718,0.011024,1.667250e-06,0.022048,2.495797e-06,9.605678e-01,1249,1,0,1,1,1
061_foam_brick,s0_epi_max_061_foam_brick_t2,complete_epi,1150,0.782511,0.017245,8.149491e-06,3.779489e-05,552,0.011497,2.041674e-06,0.022993,1.497443e-05,1.881670e+00,1279,1,0,1,1,1
061_foam_brick,s0_epi_max_061_foam_brick_t3,complete_epi,1323,0.594025,0.016987,8.441845e-07,4.973062e-06,702,0.011325,4.734826e-07,0.022649,2.825615e-06,1.034690e+00,1029,1,0,1,1,0
061_foam_brick,s0_epi_max_061_foam_brick_t4,complete_epi,289,0.955474,0.017011,3.772251e-04,1.762512e-03,605,0.011341,5.810330e-04,0.022681,1.299223e-04,1.282172e+00,877,1,0,1,1,1
061_foam_brick,s0_epi_max_061_foam_brick_t5,complete_epi,1058,0.820051,0.016737,6.082251e-06,2.845173e-05,489,0.011158,1.029035e-05,0.022317,1.621205e-05,1.435872e+00,993,1,0,1,1,1
061_foam_brick,s0_epi_max_061_foam_brick_t6,complete_epi,2,0.957392,0.016858,1.535809e-05,3.973541e-05,609,0.011239,7.158877e-06,0.022477,3.244579e-05,1.424222e+00,815,1,0,1,1,1
061_foam_brick,s0_epi_max_061_foam_brick_t7,complete_epi,502,0.907148,0.017218,4.802900e-07,7.783495e-07,1093,0.011479,4.626757e-07,0.022958,4.788778e-07,8.254815e-01,1479,1,0,1,1,1
061_foam_brick,s0_epi_max_061_foam_brick_t8,complete_epi,406,0.916422,0.016991,7.541619e-07,1.822417e-06,1305,0.011328,5.981593e-07,0.022655,1.649258e-06,1.565767e+00,2255,1,0,1,1,1
061_foam_brick,s0_epi_max_061_foam_brick_t9,complete_epi,0,0.971522,0.016764,1.273465e-05,2.849241e-06,534,0.011176,9.639238e-07,0.022353,2.351879e-05,1.512347e+00,1072,1,0,1,1,1
035_power_drill,s0_epi_p95max_035_power_drill_t0,complete_epi,308,0.880956,0.041577,0.000000e+00,0.000000e+00,537,0.027718,0.000000e+00,0.055436,2.794185e-06,0.000000e+00,62,1,0,1,1,0
035_power_drill,s0_epi_p95max_035_power_drill_t1,complete_epi,318,0.843197,0.039161,1.883353e-05,1.883353e-05,1177,0.026107,3.275515e-06,0.052215,5.151017e-06,1.763217e-02,183,1,0,1,1,1
035_power_drill,s0_epi_p95max_035_power_drill_t2,complete_epi,58,0.913330,0.008924,8.249171e-04,8.249171e-04,115,0.005949,4.365898e-04,0.011898,1.874050e-04,5.923292e+00,3840,1,0,1,1,0
035_power_drill,s0_epi_p95max_035_power_drill_t3,complete_epi,273,0.887625,0.040050,1.048016e-05,1.048016e-05,518,0.026700,0.000000e+00,0.053399,1.623125e-06,0.000000e+00,122,1,0,1,1,0
035_power_drill,s0_epi_p95max_035_power_drill_t5,complete_epi,24,0.946222,0.025415,7.837353e-06,7.837353e-06,2598,0.016944,1.226246e-05,0.033887,2.477120e-05,1.572685e+00,1333,1,0,1,1,0
035_power_drill,s0_epi_p95max_035_power_drill_t6,complete_epi,215,0.872708,0.039419,7.230510e-06,7.230510e-06,965,0.026280,2.430342e-06,0.052559,3.610410e-06,0.000000e+00,160,1,0,1,1,1
035_power_drill,s0_epi_p95max_035_power_drill_t7,complete_epi,383,0.817903,0.054380,7.291364e-05,7.291364e-05,4252,0.036253,9.645655e-06,0.072506,1.753046e-05,4.719246e-01,425,1,0,1,1,1
035_power_drill,s0_epi_p95max_035_power_drill_t8,complete_epi,14,0.946415,0.052398,9.707405e-04,9.707405e-04,2822,0.034932,4.248952e-04,0.069864,2.112428e-04,9.277771e-01,220,1,0,1,1,0
035_power_drill,s0_epi_p95max_035_power_drill_t9,complete_epi,18,0.917398,0.039538,0.000000e+00,0.000000e+00,591,0.026359,0.000000e+00,0.052717,1.250766e-06,0.000000e+00,168,1,0,1,1,1
021_bleach_cleanser,s0_epi_p95mean_021_bleach_cleanser_t0,complete_epi,219,0.882378,0.039125,3.443825e-04,6.835480e-04,753,0.026083,1.604813e-04,0.052167,8.860272e-05,1.652719e-02,43,1,0,1,1,0
021_bleach_cleanser,s0_epi_p95mean_021_bleach_cleanser_t1,complete_epi,7,0.946836,0.040068,1.753969e-04,3.275193e-04,1206,0.026712,5.407746e-05,0.053424,4.256343e-05,1.577190e-02,100,1,0,1,1,0
021_bleach_cleanser,s0_epi_p95mean_021_bleach_cleanser_t2,complete_epi,2,0.944006,0.020167,4.788988e-07,9.577975e-07,1183,0.013445,2.916754e-07,0.026890,1.890724e-06,5.368410e-03,378,1,0,1,1,0
021_bleach_cleanser,s0_epi_p95mean_021_bleach_cleanser_t3,complete_epi,45,0.929714,0.039552,2.935836e-04,5.523226e-04,989,0.026368,7.242250e-05,0.052736,1.183048e-04,8.602163e-02,140,1,0,1,1,1
021_bleach_cleanser,s0_epi_p95mean_021_bleach_cleanser_t4,complete_epi,10,0.926320,0.039003,1.685970e-04,3.371939e-04,393,0.026002,4.411057e-05,0.052003,4.606552e-05,7.554341e-02,136,1,0,1,1,1
021_bleach_cleanser,s0_epi_p95mean_021_bleach_cleanser_t5,complete_epi,107,0.913917,0.040516,5.460252e-05,6.142567e-05,1331,0.027010,1.466864e-05,0.054021,1.906764e-05,2.083026e-01,85,1,0,1,1,0
021_bleach_cleanser,s0_epi_p95mean_021_bleach_cleanser_t6,complete_epi,10,0.949899,0.039131,1.697363e-04,3.330210e-04,1065,0.026088,2.164530e-06,0.052175,4.515488e-05,0.000000e+00,119,1,0,1,1,1
021_bleach_cleanser,s0_epi_p95mean_021_bleach_cleanser_t8,complete_epi,533,0.834551,0.038795,9.983924e-05,1.944021e-04,983,0.025864,9.255999e-05,0.051727,4.142716e-05,8.804936e-02,108,1,0,1,1,0
021_bleach_cleanser,s0_epi_p95mean_021_bleach_cleanser_t9,complete_epi,1,0.942539,0.033555,1.411297e-04,2.327585e-04,1765,0.022370,1.313986e-04,0.044739,3.334573e-05,1.611060e+00,384,1,0,1,1,0
005_tomato_soup_can,s1_complete_only_005_tomato_soup_can_t0,complete_only,39,0.874785,0.019058,5.627295e-07,1.665855e-06,546,0.012706,6.383678e-07,0.025411,5.502291e-07,3.478711e-01,769,1,0,1,1,1
005_tomato_soup_can,s1_complete_only_005_tomato_soup_can_t1,complete_only,63,0.855577,0.019078,8.135005e-07,1.486887e-06,620,0.012719,8.014924e-07,0.025437,8.036374e-07,3.764759e-01,771,1,0,1,1,1
005_tomato_soup_can,s1_complete_only_005_tomato_soup_can_t2,complete_only,59,0.865714,0.018758,7.926660e-07,1.454843e-06,688,0.012505,7.519547e-07,0.025011,8.037888e-07,4.386006e-01,869,1,0,1,1,1
005_tomato_soup_can,s1_complete_only_005_tomato_soup_can_t3,complete_only,68,0.863795,0.018834,7.363780e-07,1.520515e-06,653,0.012556,6.461699e-07,0.025113,7.910975e-07,4.402417e-01,844,1,0,1,1,0
005_tomato_soup_can,s1_complete_only_005_tomato_soup_can_t4,complete_only,21,0.885772,0.019079,8.086245e-07,1.501385e-06,702,0.012720,7.474318e-07,0.025439,8.167747e-07,4.431027e-01,857,1,0,1,1,1
005_tomato_soup_can,s1_complete_only_005_tomato_soup_can_t5,complete_only,9,0.897607,0.018980,1.574866e-06,2.999319e-06,416,0.012653,1.690387e-06,0.025306,1.277552e-06,2.599084e-01,662,1,0,1,1,1
005_tomato_soup_can,s1_complete_only_005_tomato_soup_can_t6,complete_only,4,0.889306,0.018983,1.040693e-06,1.653416e-06,782,0.012655,1.404058e-06,0.025310,9.997043e-07,5.200064e-01,932,1,0,1,1,1
005_tomato_soup_can,s1_complete_only_005_tomato_soup_can_t7,complete_only,49,0.877443,0.019008,6.633285e-07,1.360068e-06,630,0.012672,6.509269e-07,0.025343,6.822732e-07,2.934123e-01,759,1,0,1,1,1
005_tomato_soup_can,s1_complete_only_005_tomato_soup_can_t8,complete_only,9,0.880327,0.018778,6.998665e-07,1.671115e-06,592,0.012519,6.553337e-07,0.025038,7.392673e-07,3.268252e-01,766,1,0,1,1,0
005_tomato_soup_can,s1_complete_only_005_tomato_soup_can_t9,complete_only,3,0.894266,0.018763,7.323685e-07,1.426352e-06,664,0.012508,6.928813e-07,0.025017,7.336544e-07,3.806492e-01,801,1,0,1,1,1
061_foam_brick,s1_complete_only_061_foam_brick_t0,complete_only,835,0.867657,0.016198,1.707240e-04,8.119747e-04,430,0.010799,2.379089e-04,0.021597,1.196799e-04,7.253614e-01,924,1,0,1,1,1
061_foam_brick,s1_complete_only_061_foam_brick_t1,complete_only,1041,0.802181,0.017224,7.380559e-04,2.413831e-03,348,0.011483,9.043179e-04,0.022966,4.812630e-04,1.199005e+00,946,1,0,1,1,1
061_foam_brick,s1_complete_only_061_foam_brick_t2,complete_only,758,0.875149,0.016849,6.157947e-07,1.121480e-06,923,0.011232,5.615295e-07,0.022465,6.776780e-07,9.805697e-01,1496,1,0,1,1,1
061_foam_brick,s1_complete_only_061_foam_brick_t3,complete_only,160,0.934629,0.016977,4.763601e-06,9.044648e-07,1072,0.011318,8.934415e-07,0.022635,7.951621e-06,2.180672e+00,1495,1,0,1,1,1
061_foam_brick,s1_complete_only_061_foam_brick_t4,complete_only,1166,0.694293,0.016629,1.081256e-05,4.390191e-05,796,0.011086,9.122069e-06,0.022172,1.063372e-05,1.050498e+00,1100,1,0,1,1,1
061_foam_brick,s1_complete_only_061_foam_brick_t5,complete_only,0,0.979617,0.016367,1.522212e-06,5.721809e-06,543,0.010911,1.914467e-06,0.021823,1.236333e-05,1.702794e+00,1130,1,0,1,1,1
061_foam_brick,s1_complete_only_061_foam_brick_t6,complete_only,1013,0.703700,0.017331,4.819355e-06,2.247560e-05,1757,0.011554,3.281670e-06,0.023108,6.352296e-06,1.078944e+00,1201,1,0,1,1,0
061_foam_brick,s1_complete_only_061_foam_brick_t7,complete_only,949,0.814979,0.017390,1.802240e-04,4.938520e-04,627,0.011593,2.790332e-04,0.023187,6.625038e-05,1.092861e+00,1135,1,0,1,1,1
061_foam_brick,s1_complete_only_061_foam_brick_t8,complete_only,249,0.915520,0.016719,4.039434e-07,6.747243e-07,1018,0.011146,3.092494e-07,0.022292,3.937471e-07,9.019318e-01,1692,1,0,1,1,0
061_foam_brick,s1_complete_only_061_foam_brick_t9,complete_only,328,0.914996,0.016179,5.396775e-04,8.867038e-04,740,0.010786,5.720995e-04,0.021572,3.445172e-04,1.392257e+00,1234,1,0,1,1,1
035_power_drill,s1_epi_max_035_power_drill_t0,complete_epi,965,0.712427,0.041747,5.419402e-07,3.253711e-06,646,0.027831,0.000000e+00,0.055663,9.679971e-07,0.000000e+00,134,1,0,1,1,0
035_power_drill,s1_epi_max_035_power_drill_t2,complete_epi,465,0.881203,0.059175,8.472129e-06,2.747655e-05,6926,0.039450,3.085339e-06,0.078900,2.342194e-05,0.000000e+00,342,1,0,1,1,1
035_power_drill,s1_epi_max_035_power_drill_t3,complete_epi,185,0.870431,0.049533,2.758208e-04,1.983532e-03,1297,0.033022,3.007637e-04,0.066044,3.326447e-04,7.126902e-01,162,1,0,1,1,1
035_power_drill,s1_epi_max_035_power_drill_t4,complete_epi,157,0.875686,0.043460,5.389788e-05,0.000000e+00,651,0.028973,4.585888e-06,0.057947,1.446626e-04,0.000000e+00,129,1,0,1,1,1
035_power_drill,s1_epi_max_035_power_drill_t5,complete_epi,435,0.841880,0.042001,7.253508e-05,3.782283e-04,1013,0.028001,5.441867e-05,0.056001,7.893002e-05,4.489874e-01,210,1,0,1,1,1
035_power_drill,s1_epi_max_035_power_drill_t6,complete_epi,201,0.878903,0.042864,1.357188e-06,6.672922e-06,929,0.028576,9.337179e-07,0.057151,3.697218e-06,0.000000e+00,140,1,0,1,1,1
035_power_drill,s1_epi_max_035_power_drill_t7,complete_epi,277,0.878927,0.043804,3.000483e-05,1.268887e-04,1223,0.029203,1.782428e-05,0.058406,8.309542e-05,0.000000e+00,129,1,0,1,1,0
035_power_drill,s1_epi_max_035_power_drill_t8,complete_epi,163,0.954488,0.028897,2.745883e-05,2.342845e-04,1507,0.019265,2.878010e-05,0.038529,2.066512e-05,1.809752e+00,1173,1,0,1,1,0
035_power_drill,s1_epi_max_035_power_drill_t9,complete_epi,298,0.844096,0.040228,6.817914e-06,6.484860e-05,789,0.026819,2.977680e-06,0.053637,1.078142e-05,0.000000e+00,147,1,0,1,1,1
021_bleach_cleanser,s1_epi_p95max_021_bleach_cleanser_t0,complete_epi,16,0.936464,0.038889,6.194115e-04,6.194115e-04,925,0.025926,9.563847e-05,0.051852,8.172998e-05,1.017991e-02,107,1,0,1,1,1
021_bleach_cleanser,s1_epi_p95max_021_bleach_cleanser_t1,complete_epi,2,0.935828,0.039783,7.309130e-05,7.309130e-05,1078,0.026522,1.732679e-05,0.053044,1.436490e-05,1.239796e-01,166,1,0,1,1,1
021_bleach_cleanser,s1_epi_p95max_021_bleach_cleanser_t2,complete_epi,5,0.966833,0.025694,4.577471e-06,4.577471e-06,1231,0.017129,5.926251e-07,0.034259,1.255347e-06,0.000000e+00,542,1,0,1,1,1
021_bleach_cleanser,s1_epi_p95max_021_bleach_cleanser_t3,complete_epi,705,0.821827,0.039653,2.461930e-04,2.461930e-04,1251,0.026436,1.248587e-04,0.052871,4.571359e-05,3.327331e-01,138,1,0,1,1,1
021_bleach_cleanser,s1_epi_p95max_021_bleach_cleanser_t4,complete_epi,563,0.873802,0.040039,3.274481e-04,3.274481e-04,948,0.026692,1.202039e-04,0.053385,4.473201e-05,2.383739e-01,147,1,0,1,1,1
021_bleach_cleanser,s1_epi_p95max_021_bleach_cleanser_t5,complete_epi,169,0.925882,0.040622,5.795473e-04,5.795473e-04,1608,0.027081,1.015820e-04,0.054162,4.707406e-05,4.904581e-01,231,1,0,1,1,1
021_bleach_cleanser,s1_epi_p95max_021_bleach_cleanser_t6,complete_epi,65,0.852023,0.009634,2.791338e-07,2.791338e-07,707,0.006423,1.273155e-07,0.012846,1.890235e-07,4.729388e+00,6919,1,0,1,1,0
021_bleach_cleanser,s1_epi_p95max_021_bleach_cleanser_t7,complete_epi,11,0.919350,0.013507,7.591169e-07,7.591169e-07,984,0.009005,3.634651e-07,0.018009,3.037852e-07,1.239130e-01,578,1,0,1,1,0
021_bleach_cleanser,s1_epi_p95max_021_bleach_cleanser_t8,complete_epi,65,0.900529,0.040369,1.092735e-04,1.092735e-04,1134,0.026913,1.240951e-05,0.053826,1.199603e-05,0.000000e+00,179,1,0,1,1,1
021_bleach_cleanser,s1_epi_p95max_021_bleach_cleanser_t9,complete_epi,69,0.929440,0.039280,3.340894e-05,3.340894e-05,899,0.026187,8.545863e-06,0.052373,2.844614e-05,0.000000e+00,43,1,0,1,1,0
005_tomato_soup_can,s1_epi_p95mean_005_tomato_soup_can_t0,complete_epi,26,0.884077,0.019058,1.543261e-06,1.746946e-06,516,0.012706,6.142677e-07,0.025411,5.878483e-07,2.983090e-01,722,1,0,1,1,1
005_tomato_soup_can,s1_epi_p95mean_005_tomato_soup_can_t1,complete_epi,36,0.870192,0.019085,1.330499e-06,1.482241e-06,619,0.012723,7.908869e-07,0.025447,8.074179e-07,4.569111e-01,897,1,0,1,1,1
005_tomato_soup_can,s1_epi_p95mean_005_tomato_soup_can_t3,complete_epi,29,0.869489,0.018833,1.638898e-06,1.707469e-06,702,0.012556,7.432079e-07,0.025111,8.534373e-07,5.082465e-01,887,1,0,1,1,1
005_tomato_soup_can,s1_epi_p95mean_005_tomato_soup_can_t5,complete_epi,49,0.884537,0.019130,1.629484e-06,1.796176e-06,458,0.012753,6.940605e-07,0.025507,6.215333e-07,2.795791e-01,667,1,0,1,1,1
005_tomato_soup_can,s1_epi_p95mean_005_tomato_soup_can_t6,complete_epi,18,0.887101,0.018977,1.625096e-06,1.681813e-06,697,0.012651,7.868030e-07,0.025303,8.621736e-07,5.573135e-01,971,1,0,1,1,1
005_tomato_soup_can,s1_epi_p95mean_005_tomato_soup_can_t7,complete_epi,22,0.879514,0.019019,1.319789e-06,1.442415e-06,569,0.012679,6.544081e-07,0.025358,7.132966e-07,3.275425e-01,786,1,0,1,1,1
005_tomato_soup_can,s1_epi_p95mean_005_tomato_soup_can_t8,complete_epi,490,0.913196,0.035535,2.281801e-03,2.467392e-03,9062,0.023690,1.844505e-03,0.047380,3.948617e-04,3.452006e+01,897,1,0,1,1,0
005_tomato_soup_can,s1_epi_p95mean_005_tomato_soup_can_t9,complete_epi,15,0.883748,0.018802,1.387781e-06,1.450621e-06,657,0.012535,7.075007e-07,0.025070,7.406870e-07,4.316205e-01,836,1,0,1,1,1
061_foam_brick,s1_epi_p95mean_061_foam_brick_t0,complete_epi,1132,0.827419,0.016198,4.598817e-06,8.443120e-06,761,0.010799,1.943598e-06,0.021597,3.088456e-06,7.873334e-01,1042,1,0,1,1,1
061_foam_brick,s1_epi_p95mean_061_foam_brick_t1,complete_epi,1223,0.702642,0.017329,1.635881e-05,2.768694e-05,481,0.011553,1.699271e-05,0.023105,1.146220e-05,1.354599e+00,951,1,0,1,1,1
061_foam_brick,s1_epi_p95mean_061_foam_brick_t2,complete_epi,693,0.891020,0.017059,1.443290e-06,1.574925e-06,1074,0.011373,6.896197e-07,0.022746,6.416946e-07,1.145758e+00,1681,1,0,1,1,0
061_foam_brick,s1_epi_p95mean_061_foam_brick_t3,complete_epi,342,0.918109,0.017400,3.885302e-06,6.978181e-06,1458,0.011600,6.848213e-06,0.023200,1.089887e-05,2.086375e+00,1571,1,0,1,1,1
061_foam_brick,s1_epi_p95mean_061_foam_brick_t4,complete_epi,1232,0.672825,0.016642,9.452981e-06,1.736742e-05,802,0.011095,4.841871e-06,0.022189,5.760493e-06,1.371564e+00,1205,1,0,1,1,1
061_foam_brick,s1_epi_p95mean_061_foam_brick_t5,complete_epi,0,0.974847,0.016403,3.308647e-06,5.077635e-06,439,0.010936,1.952929e-06,0.021871,1.203524e-05,1.184183e+00,1036,1,0,1,1,1
061_foam_brick,s1_epi_p95mean_061_foam_brick_t6,complete_epi,1078,0.706387,0.017347,3.918648e-06,6.588012e-06,1166,0.011565,4.999501e-07,0.023130,2.240815e-06,1.390392e+00,1344,1,0,1,1,0
061_foam_brick,s1_epi_p95mean_061_foam_brick_t7,complete_epi,1183,0.753578,0.017380,1.729605e-05,1.845447e-05,598,0.011586,4.449316e-06,0.023173,6.753724e-06,1.272350e+00,887,1,0,1,1,1
061_foam_brick,s1_epi_p95mean_061_foam_brick_t8,complete_epi,149,0.935397,0.016901,6.669612e-07,6.865193e-07,939,0.011267,3.662437e-07,0.022535,4.499506e-07,9.400966e-01,1508,1,0,1,1,0
061_foam_brick,s1_epi_p95mean_061_foam_brick_t9,complete_epi,371,0.913392,0.016186,3.586666e-06,5.654261e-06,516,0.010790,8.425534e-07,0.021581,6.550884e-06,8.918735e-01,980,1,0,1,1,1
035_power_drill,s2_complete_only_035_power_drill_t0,complete_only,240,0.866612,0.039149,4.983525e-06,2.809572e-05,1439,0.026099,4.344287e-06,0.052199,1.060427e-05,4.098082e-01,372,1,0,1,1,1
035_power_drill,s2_complete_only_035_power_drill_t1,complete_only,661,0.757811,0.040807,1.945566e-06,7.864918e-06,860,0.027205,0.000000e+00,0.054409,3.815809e-06,0.000000e+00,143,1,0,1,1,0
035_power_drill,s2_complete_only_035_power_drill_t2,complete_only,194,0.870259,0.041838,7.362185e-05,2.803013e-04,1234,0.027892,1.727296e-04,0.055784,8.523521e-05,6.578562e-01,417,1,0,1,1,0
035_power_drill,s2_complete_only_035_power_drill_t3,complete_only,831,0.719572,0.063460,3.634024e-05,1.778552e-04,2694,0.042307,5.641347e-05,0.084614,1.202984e-04,2.296626e-01,97,1,0,1,1,0
035_power_drill,s2_complete_only_035_power_drill_t4,complete_only,587,0.809272,0.040274,1.813619e-06,8.440771e-06,951,0.026849,0.000000e+00,0.053699,3.567111e-06,0.000000e+00,118,1,0,1,1,0
035_power_drill,s2_complete_only_035_power_drill_t5,complete_only,373,0.794772,0.039574,6.816985e-06,3.177753e-05,1337,0.026382,3.344582e-06,0.052765,1.594356e-05,4.470956e-03,180,1,0,1,1,1
035_power_drill,s2_complete_only_035_power_drill_t6,complete_only,0,0.969351,0.018975,5.140395e-05,1.828274e-04,606,0.012650,5.838556e-05,0.025300,3.858232e-05,1.483868e+00,433,1,0,1,1,0
035_power_drill,s2_complete_only_035_power_drill_t7,complete_only,251,0.881082,0.046816,1.911653e-04,9.856096e-04,1088,0.031210,1.595562e-04,0.062421,2.130556e-04,5.770553e-01,163,1,0,1,1,1
035_power_drill,s2_complete_only_035_power_drill_t8,complete_only,161,0.864327,0.040722,2.938727e-06,1.154800e-05,963,0.027148,4.657381e-06,0.054296,4.080936e-06,0.000000e+00,179,1,0,1,1,1
035_power_drill,s2_complete_only_035_power_drill_t9,complete_only,0,0.940000,0.056386,4.266931e-06,5.403134e-06,4034,0.037591,1.986540e-06,0.075182,1.480934e-05,9.946405e-02,285,1,0,1,1,0
021_bleach_cleanser,s2_epi_max_021_bleach_cleanser_t0,complete_epi,4,0.914938,0.039332,1.045172e-05,1.693078e-05,965,0.026221,5.591308e-06,0.052442,1.555600e-05,0.000000e+00,75,1,0,1,1,1
021_bleach_cleanser,s2_epi_max_021_bleach_cleanser_t1,complete_epi,17,0.940527,0.038905,2.526213e-05,1.534584e-04,853,0.025937,4.027786e-05,0.051874,2.082473e-05,0.000000e+00,106,1,0,1,1,1
021_bleach_cleanser,s2_epi_max_021_bleach_cleanser_t2,complete_epi,18,0.873618,0.039001,3.695032e-06,9.502675e-06,1544,0.026001,3.740034e-06,0.052001,3.490294e-06,2.355231e-02,237,1,0,1,1,1
021_bleach_cleanser,s2_epi_max_021_bleach_cleanser_t3,complete_epi,1215,0.256848,0.051207,6.671914e-05,2.060253e-04,1520,0.034138,8.392492e-05,0.068276,5.671730e-05,1.109478e+00,118,1,0,1,1,0
021_bleach_cleanser,s2_epi_max_021_bleach_cleanser_t4,complete_epi,48,0.932097,0.038740,7.111914e-05,3.652677e-04,683,0.025827,5.173748e-05,0.051653,4.885971e-05,7.143285e-02,142,1,0,1,1,1
021_bleach_cleanser,s2_epi_max_021_bleach_cleanser_t6,complete_epi,10,0.911137,0.038924,2.245845e-05,5.735778e-05,1142,0.025949,2.130040e-05,0.051899,1.349187e-05,9.842841e-02,117,1,0,1,1,1
021_bleach_cleanser,s2_epi_max_021_bleach_cleanser_t8,complete_epi,45,0.929578,0.038729,4.797684e-05,3.322095e-04,1171,0.025819,4.805779e-05,0.051638,3.582061e-05,2.506694e-01,171,1,0,1,1,1
021_bleach_cleanser,s2_epi_max_021_bleach_cleanser_t9,complete_epi,5,0.920048,0.038882,5.430639e-05,3.319103e-04,1153,0.025921,6.070692e-05,0.051843,3.094420e-05,1.354061e-02,150,1,0,1,1,1
005_tomato_soup_can,s2_epi_p95max_005_tomato_soup_can_t0,complete_epi,29,0.876507,0.018947,1.386790e-06,1.386790e-06,685,0.012632,7.195047e-07,0.025263,7.823527e-07,4.734209e-01,918,1,0,1,1,1
005_tomato_soup_can,s2_epi_p95max_005_tomato_soup_can_t1,complete_epi,9,0.898148,0.018702,1.825717e-06,1.825717e-06,558,0.012468,6.754161e-07,0.024936,6.808060e-07,3.356092e-01,748,1,0,1,1,1
005_tomato_soup_can,s2_epi_p95max_005_tomato_soup_can_t2,complete_epi,56,0.862294,0.018977,1.683851e-06,1.683851e-06,664,0.012651,7.423054e-07,0.025303,7.911233e-07,3.725849e-01,763,1,0,1,1,1
005_tomato_soup_can,s2_epi_p95max_005_tomato_soup_can_t3,complete_epi,45,0.875864,0.019138,1.432587e-06,1.432587e-06,512,0.012759,8.392673e-07,0.025517,6.734312e-07,2.872966e-01,733,1,0,1,1,1
005_tomato_soup_can,s2_epi_p95max_005_tomato_soup_can_t4,complete_epi,0,0.937562,0.031533,2.655358e-05,2.655358e-05,2451,0.021022,4.959358e-06,0.042044,1.290196e-05,4.934512e-01,773,1,0,1,1,1
005_tomato_soup_can,s2_epi_p95max_005_tomato_soup_can_t5,complete_epi,40,0.875120,0.018944,1.416569e-06,1.416569e-06,657,0.012629,8.196006e-07,0.025258,8.036036e-07,4.015168e-01,810,1,0,1,1,1
005_tomato_soup_can,s2_epi_p95max_005_tomato_soup_can_t6,complete_epi,57,0.879228,0.019025,1.737930e-06,1.737930e-06,570,0.012684,6.874360e-07,0.025367,6.795808e-07,3.485668e-01,761,1,0,1,1,1
005_tomato_soup_can,s2_epi_p95max_005_tomato_soup_can_t7,complete_epi,30,0.869602,0.019030,1.761164e-06,1.761164e-06,468,0.012687,4.225710e-07,0.025374,6.248852e-07,2.524471e-01,672,1,0,1,1,1
005_tomato_soup_can,s2_epi_p95max_005_tomato_soup_can_t8,complete_epi,38,0.881964,0.018636,1.976185e-06,1.976185e-06,574,0.012424,6.986262e-07,0.024848,7.495023e-07,3.157022e-01,741,1,0,1,1,1
005_tomato_soup_can,s2_epi_p95max_005_tomato_soup_can_t9,complete_epi,16,0.881048,0.018876,1.525271e-06,1.525271e-06,682,0.012584,7.536998e-07,0.025168,7.973159e-07,4.001310e-01,826,1,0,1,1,1
061_foam_brick,s2_epi_p95max_061_foam_brick_t0,complete_epi,430,0.924491,0.017153,7.720639e-07,7.720639e-07,639,0.011435,2.725766e-05,0.022871,8.662340e-06,1.368240e+00,1584,1,0,1,1,0
061_foam_brick,s2_epi_p95max_061_foam_brick_t1,complete_epi,544,0.944317,0.016695,2.367175e-05,2.367175e-05,529,0.011130,7.984714e-06,0.022260,8.643640e-06,1.455189e+00,897,1,0,1,1,1
061_foam_brick,s2_epi_p95max_061_foam_brick_t2,complete_epi,232,0.960805,0.017969,6.288713e-06,6.288713e-06,1123,0.011979,1.823216e-06,0.023958,6.284018e-06,1.217799e+00,1647,1,0,1,1,1
061_foam_brick,s2_epi_p95max_061_foam_brick_t3,complete_epi,1440,0.411789,0.016480,4.413021e-05,4.413021e-05,854,0.010987,1.023760e-05,0.021974,1.017450e-05,1.414822e+00,1291,1,0,1,1,1
061_foam_brick,s2_epi_p95max_061_foam_brick_t4,complete_epi,690,0.899344,0.016470,3.312969e-06,3.312969e-06,689,0.010980,1.410961e-06,0.021960,4.870438e-06,1.046683e+00,1136,1,0,1,1,1
061_foam_brick,s2_epi_p95max_061_foam_brick_t5,complete_epi,0,0.969046,0.016264,6.993440e-06,6.993440e-06,309,0.010842,2.106374e-06,0.021685,8.842696e-06,1.449101e+00,1021,1,0,1,1,1
061_foam_brick,s2_epi_p95max_061_foam_brick_t6,complete_epi,3,0.957621,0.017173,2.984029e-06,2.984029e-06,1155,0.011449,1.063728e-06,0.022898,1.333663e-06,1.621113e+00,2210,1,0,1,1,0
061_foam_brick,s2_epi_p95max_061_foam_brick_t7,complete_epi,26,0.954069,0.016974,1.511365e-06,1.511365e-06,1242,0.011316,7.234429e-07,0.022632,8.861561e-06,1.856134e+00,1831,1,0,1,1,1
061_foam_brick,s2_epi_p95max_061_foam_brick_t8,complete_epi,159,0.968176,0.016581,8.560984e-06,8.560984e-06,816,0.011054,1.903865e-06,0.022108,1.278100e-05,1.244384e+00,984,1,0,1,1,1
061_foam_brick,s2_epi_p95max_061_foam_brick_t9,complete_epi,837,0.858783,0.016803,1.945778e-06,1.945778e-06,1222,0.011202,7.322923e-07,0.022404,6.100956e-06,1.166678e+00,1817,1,0,1,1,1
035_power_drill,s2_epi_p95mean_035_power_drill_t0,complete_epi,253,0.864450,0.039149,1.725317e-05,2.773454e-05,1409,0.026099,4.125695e-06,0.052199,9.236310e-06,1.077829e-01,253,1,0,1,1,0
035_power_drill,s2_epi_p95mean_035_power_drill_t1,complete_epi,399,0.836372,0.040976,8.886966e-06,1.406917e-05,1225,0.027317,3.864988e-06,0.054635,3.004944e-06,1.332696e-02,177,1,0,1,1,1
035_power_drill,s2_epi_p95mean_035_power_drill_t3,complete_epi,751,0.725190,0.033156,0.000000e+00,0.000000e+00,707,0.022104,0.000000e+00,0.044208,2.841743e-07,0.000000e+00,121,1,0,1,1,0
035_power_drill,s2_epi_p95mean_035_power_drill_t4,complete_epi,994,0.723048,0.040069,5.066029e-06,5.236546e-06,940,0.026712,1.249697e-06,0.053425,2.367305e-06,0.000000e+00,199,1,0,1,1,0
035_power_drill,s2_epi_p95mean_035_power_drill_t5,complete_epi,134,0.863492,0.039394,7.301189e-06,8.321132e-06,1275,0.026263,3.597155e-06,0.052526,1.291668e-05,1.391888e-01,225,1,0,1,1,1
035_power_drill,s2_epi_p95mean_035_power_drill_t6,complete_epi,34,0.913585,0.042027,4.986504e-05,7.876194e-05,1204,0.028018,1.628223e-05,0.056037,2.774910e-05,7.283860e-01,390,1,0,1,1,0
035_power_drill,s2_epi_p95mean_035_power_drill_t7,complete_epi,233,0.868669,0.047093,7.401534e-04,8.994077e-04,1152,0.031396,1.360852e-04,0.062791,2.150768e-04,8.467910e-01,178,1,0,1,1,1
035_power_drill,s2_epi_p95mean_035_power_drill_t8,complete_epi,354,0.847106,0.040807,5.759734e-06,5.789357e-06,764,0.027205,0.000000e+00,0.054410,2.229996e-06,0.000000e+00,127,1,0,1,1,0
035_power_drill,s2_epi_p95mean_035_power_drill_t9,complete_epi,487,0.816012,0.040940,3.888487e-05,7.246455e-05,2377,0.027294,2.859296e-05,0.054587,3.139066e-05,7.275822e-01,461,1,0,1,1,1
006_mustard_bottle,s0_epi_max_006_mustard_bottle_t0,complete_epi,180,0.809430,0.032858,1.358498e-05,3.227010e-05,1865,0.021906,1.056382e-05,0.043811,2.057522e-05,8.366361e-01,483,1,0,1,1,1
006_mustard_bottle,s0_epi_max_006_mustard_bottle_t1,complete_epi,386,0.714482,0.032009,1.812678e-05,5.529740e-05,2126,0.021339,1.259647e-05,0.042678,2.363726e-05,1.067702e+00,805,1,0,1,1,1
006_mustard_bottle,s0_epi_max_006_mustard_bottle_t2,complete_epi,0,0.859548,0.031704,5.199546e-06,1.135192e-05,1561,0.021136,5.729037e-06,0.042272,4.790462e-06,3.363068e-01,317,1,0,1,1,1
006_mustard_bottle,s0_epi_max_006_mustard_bottle_t3,complete_epi,3,0.876277,0.032704,6.599717e-06,1.459823e-05,2126,0.021803,7.728098e-06,0.043605,6.689694e-06,6.463188e-01,467,1,0,1,1,0
006_mustard_bottle,s0_epi_max_006_mustard_bottle_t4,complete_epi,67,0.791705,0.031980,9.688649e-06,2.495238e-05,1447,0.021320,9.704982e-06,0.042640,9.366570e-06,4.380642e-01,254,1,0,1,1,1
006_mustard_bottle,s0_epi_max_006_mustard_bottle_t5,complete_epi,50,0.808910,0.032358,6.905545e-06,1.323636e-05,1584,0.021572,6.878094e-06,0.043145,7.061957e-06,1.916315e-01,282,1,0,1,1,1
006_mustard_bottle,s0_epi_max_006_mustard_bottle_t6,complete_epi,463,0.770992,0.032445,2.138648e-05,5.764895e-05,2024,0.021630,1.291323e-05,0.043260,2.877201e-05,1.049733e+00,711,1,0,1,1,1
006_mustard_bottle,s0_epi_max_006_mustard_bottle_t8,complete_epi,5,0.861919,0.031904,5.407108e-06,9.853409e-06,1934,0.021269,6.211282e-06,0.042538,4.670629e-06,8.016664e-01,508,1,0,1,1,1
006_mustard_bottle,s0_epi_max_006_mustard_bottle_t9,complete_epi,11,0.937934,0.022405,6.815190e-06,2.554484e-05,2308,0.014937,9.160843e-06,0.029874,4.797670e-06,1.614439e-02,537,1,0,1,1,1
051_large_clamp,s0_epi_max_051_large_clamp_t0,complete_epi,95,0.932270,0.031974,1.064641e-06,0.000000e+00,644,0.021316,0.000000e+00,0.042632,4.113927e-06,0.000000e+00,155,1,0,1,1,0
051_large_clamp,s0_epi_max_051_large_clamp_t1,complete_epi,0,0.959197,0.030828,7.159583e-09,0.000000e+00,851,0.020552,0.000000e+00,0.041104,4.786394e-07,0.000000e+00,211,1,0,1,1,0
051_large_clamp,s0_epi_max_051_large_clamp_t2,complete_epi,3,0.971099,0.032471,1.755020e-06,4.086492e-06,2081,0.021647,1.780530e-06,0.043295,2.042974e-06,1.255545e-01,239,1,0,1,1,1
051_large_clamp,s0_epi_max_051_large_clamp_t4,complete_epi,0,0.969427,0.030172,0.000000e+00,0.000000e+00,598,0.020115,0.000000e+00,0.040229,6.978793e-07,0.000000e+00,152,1,0,1,1,0
051_large_clamp,s0_epi_max_051_large_clamp_t5,complete_epi,3,0.967172,0.032332,4.254259e-06,1.724451e-05,1381,0.021555,3.500940e-06,0.043109,4.611582e-06,9.853665e-02,220,1,0,1,1,1
051_large_clamp,s0_epi_max_051_large_clamp_t7,complete_epi,1,0.960851,0.026176,5.465990e-06,2.322941e-05,4422,0.017451,4.188566e-06,0.034902,7.906701e-06,8.010790e-01,806,1,0,1,1,1
051_large_clamp,s0_epi_max_051_large_clamp_t8,complete_epi,71,0.930675,0.031376,2.745771e-06,1.110830e-05,1099,0.020917,1.773046e-06,0.041835,5.847391e-06,0.000000e+00,142,1,0,1,1,1
011_banana,s0_epi_p95max_011_banana_t0,complete_epi,1260,0.769181,0.032608,1.306781e-03,1.306781e-03,1551,0.021739,7.750515e-04,0.043477,2.118911e-04,1.148393e+00,504,1,0,1,1,1
011_banana,s0_epi_p95max_011_banana_t1,complete_epi,1785,0.342096,0.031796,4.399746e-05,4.399746e-05,2715,0.021198,3.035642e-05,0.042395,5.476388e-05,2.642145e-01,292,1,0,1,1,0
011_banana,s0_epi_p95max_011_banana_t2,complete_epi,924,0.801375,0.030938,3.228185e-05,3.228185e-05,2556,0.020626,1.989027e-05,0.041251,5.339752e-05,5.208533e-01,403,1,0,1,1,0
011_banana,s0_epi_p95max_011_banana_t3,complete_epi,1734,0.476097,0.032957,9.295123e-04,9.295123e-04,2948,0.021972,5.813792e-04,0.043943,1.766486e-04,1.820743e+00,1060,1,0,1,1,1
011_banana,s0_epi_p95max_011_banana_t4,complete_epi,1585,0.525312,0.030849,6.168581e-04,6.168581e-04,1364,0.020566,4.591805e-04,0.041133,5.810040e-05,3.361649e-01,350,1,0,1,1,0
011_banana,s0_epi_p95max_011_banana_t5,complete_epi,1052,0.787402,0.032095,2.213603e-04,2.213603e-04,2410,0.021396,5.836737e-05,0.042793,6.214344e-05,1.249731e+00,912,1,0,1,1,1
011_banana,s0_epi_p95max_011_banana_t6,complete_epi,1582,0.503127,0.031683,1.494979e-03,1.494979e-03,2336,0.021122,3.819384e-04,0.042245,2.066164e-04,1.827842e+00,568,1,0,1,1,0
011_banana,s0_epi_p95max_011_banana_t7,complete_epi,1354,0.686298,0.031274,7.389951e-05,7.389951e-05,3478,0.020850,4.969226e-05,0.041699,3.963954e-05,2.131309e+00,1570,1,0,1,1,1
011_banana,s0_epi_p95max_011_banana_t8,complete_epi,1792,0.409574,0.031443,9.066488e-05,9.066488e-05,1476,0.020962,1.517045e-05,0.041924,2.756148e-05,1.785481e-01,261,1,0,1,1,1
011_banana,s0_epi_p95max_011_banana_t9,complete_epi,1757,0.361369,0.032435,4.283636e-05,4.283636e-05,2248,0.021624,3.859220e-05,0.043247,1.003721e-04,2.020047e-01,134,1,0,1,1,0
025_mug,s0_epi_p95mean_025_mug_t0,complete_epi,38,0.935913,0.020684,4.530984e-05,5.966951e-05,413,0.013789,6.756308e-05,0.027579,7.970566e-06,3.959591e-01,220,1,0,1,1,1
025_mug,s0_epi_p95mean_025_mug_t1,complete_epi,41,0.938654,0.021217,3.246255e-06,3.476199e-06,1050,0.014145,1.759195e-06,0.028289,1.709152e-06,4.213852e-01,385,1,0,1,1,1
025_mug,s0_epi_p95mean_025_mug_t2,complete_epi,45,0.929511,0.020219,1.902948e-05,2.646081e-05,438,0.013480,3.289243e-05,0.026959,1.086960e-05,3.873464e-01,190,1,0,1,1,1
025_mug,s0_epi_p95mean_025_mug_t3,complete_epi,5,0.934911,0.021032,5.869442e-05,9.312873e-05,380,0.014021,1.148100e-05,0.028042,3.161733e-05,2.440676e-01,165,1,0,1,1,1
025_mug,s0_epi_p95mean_025_mug_t4,complete_epi,14,0.944790,0.020030,3.767731e-05,4.471629e-05,729,0.013353,1.710555e-05,0.026707,1.350797e-05,4.070528e-01,264,1,0,1,1,1
025_mug,s0_epi_p95mean_025_mug_t5,complete_epi,83,0.873111,0.020049,3.268167e-06,4.328492e-06,757,0.013366,1.933686e-06,0.026732,1.965705e-06,1.624826e-01,167,1,0,1,1,1
025_mug,s0_epi_p95mean_025_mug_t6,complete_epi,79,0.887878,0.011640,2.660842e-04,4.524523e-04,206,0.007760,1.766701e-04,0.015520,5.963197e-05,3.955288e+00,1244,1,0,1,1,1
025_mug,s0_epi_p95mean_025_mug_t8,complete_epi,94,0.881236,0.020403,1.054249e-06,2.108497e-06,445,0.013602,1.079662e-06,0.027204,3.366877e-06,1.338382e-01,176,1,0,1,1,1
006_mustard_bottle,s1_complete_only_006_mustard_bottle_t0,complete_only,0,0.862350,0.031806,7.280877e-06,1.934789e-05,1409,0.021204,7.320662e-06,0.042408,7.996575e-06,2.359279e-01,264,1,0,1,1,1
006_mustard_bottle,s1_complete_only_006_mustard_bottle_t1,complete_only,0,0.844414,0.032369,6.547172e-06,1.528910e-05,1299,0.021579,7.483011e-06,0.043158,6.163497e-06,8.531472e-02,216,1,0,1,1,1
006_mustard_bottle,s1_complete_only_006_mustard_bottle_t2,complete_only,9,0.890660,0.031604,6.945270e-06,2.334344e-05,1720,0.021069,6.069868e-06,0.042138,7.158403e-06,7.339537e-01,292,1,0,1,1,1
006_mustard_bottle,s1_complete_only_006_mustard_bottle_t3,complete_only,998,0.686017,0.044824,1.187478e-03,4.484895e-03,948,0.029883,1.034359e-03,0.059765,1.245450e-03,4.206828e+00,157,1,0,1,1,0
006_mustard_bottle,s1_complete_only_006_mustard_bottle_t4,complete_only,0,0.884631,0.032133,5.886045e-06,1.294784e-05,1862,0.021422,5.695505e-06,0.042844,5.590778e-06,4.975455e-01,407,1,0,1,1,1
006_mustard_bottle,s1_complete_only_006_mustard_bottle_t5,complete_only,391,0.755855,0.032011,1.289462e-05,3.332982e-05,2002,0.021340,8.034265e-06,0.042681,2.486776e-05,1.045986e+00,801,1,0,1,1,0
006_mustard_bottle,s1_complete_only_006_mustard_bottle_t6,complete_only,0,0.907086,0.031859,1.097253e-05,2.174014e-05,1695,0.021239,1.023772e-05,0.042479,1.133804e-05,6.720622e-01,456,1,0,1,1,1
006_mustard_bottle,s1_complete_only_006_mustard_bottle_t7,complete_only,416,0.809052,0.063307,1.532502e-03,8.105824e-03,2058,0.042205,3.364393e-03,0.084409,1.613727e-03,1.961927e+00,53,1,0,1,1,0
006_mustard_bottle,s1_complete_only_006_mustard_bottle_t8,complete_only,4,0.949386,0.029702,2.039609e-06,5.928321e-06,1693,0.019801,1.697959e-06,0.039602,2.314013e-06,3.607005e-01,570,1,0,1,1,1
006_mustard_bottle,s1_complete_only_006_mustard_bottle_t9,complete_only,377,0.763526,0.032226,1.738729e-05,5.132715e-05,1836,0.021484,1.706624e-05,0.042967,1.686232e-05,8.110257e-01,438,1,0,1,1,1
051_large_clamp,s1_complete_only_051_large_clamp_t0,complete_only,1,0.960139,0.029898,1.250026e-06,4.096578e-06,1129,0.019932,1.440231e-06,0.039864,1.104116e-06,0.000000e+00,168,1,0,1,1,1
051_large_clamp,s1_complete_only_051_large_clamp_t1,complete_only,11,0.963957,0.032228,2.258192e-05,4.336298e-05,1516,0.021485,1.190491e-04,0.042971,1.210528e-05,1.152695e-01,209,1,0,1,1,1
051_large_clamp,s1_complete_only_051_large_clamp_t2,complete_only,73,0.926059,0.025490,3.917936e-06,2.056734e-05,4399,0.016993,3.132649e-06,0.033986,4.086198e-06,2.101089e+00,2253,1,0,1,1,0
051_large_clamp,s1_complete_only_051_large_clamp_t3,complete_only,75,0.934461,0.031461,0.000000e+00,0.000000e+00,619,0.020974,0.000000e+00,0.041948,1.033646e-06,0.000000e+00,145,1,0,1,1,0
051_large_clamp,s1_complete_only_051_large_clamp_t4,complete_only,12,0.953511,0.032066,1.701371e-05,5.848713e-05,1104,0.021377,2.037550e-05,0.042754,1.743162e-05,1.764905e-02,150,1,0,1,1,1
051_large_clamp,s1_complete_only_051_large_clamp_t5,complete_only,2,0.965939,0.032577,8.113445e-06,3.361414e-05,1582,0.021718,1.574864e-05,0.043436,1.387249e-05,2.447054e-01,234,1,0,1,1,0
051_large_clamp,s1_complete_only_051_large_clamp_t6,complete_only,0,0.964843,0.029991,0.000000e+00,0.000000e+00,575,0.019994,0.000000e+00,0.039988,5.202341e-07,0.000000e+00,137,1,0,1,1,0
051_large_clamp,s1_complete_only_051_large_clamp_t7,complete_only,13,0.967832,0.032311,6.216627e-04,1.828904e-03,896,0.021541,8.152757e-04,0.043082,1.021977e-04,4.887824e-01,284,1,0,1,1,1
051_large_clamp,s1_complete_only_051_large_clamp_t8,complete_only,51,0.960318,0.025366,1.202102e-03,3.667444e-03,246,0.016910,2.931084e-03,0.033821,5.640631e-04,2.356880e+00,150,1,0,1,1,0
051_large_clamp,s1_complete_only_051_large_clamp_t9,complete_only,14,0.951651,0.032005,1.518411e-07,0.000000e+00,820,0.021337,0.000000e+00,0.042674,1.288426e-06,0.000000e+00,162,1,0,1,1,1
011_banana,s1_epi_max_011_banana_t0,complete_epi,1555,0.548054,0.032232,4.863487e-05,2.838771e-04,2354,0.021488,8.921716e-05,0.042976,4.818296e-05,1.067115e+00,476,1,0,1,1,0
011_banana,s1_epi_max_011_banana_t1,complete_epi,1017,0.788891,0.031774,1.461189e-04,5.910041e-04,2051,0.021183,3.301586e-04,0.042365,1.306339e-04,1.172646e+00,690,1,0,1,1,1
011_banana,s1_epi_max_011_banana_t2,complete_epi,1441,0.657702,0.031919,1.208118e-05,3.491589e-05,1913,0.021279,2.526875e-05,0.042559,1.385670e-05,3.594748e-01,401,1,0,1,1,0
011_banana,s1_epi_max_011_banana_t3,complete_epi,1886,0.192739,0.031618,1.474032e-05,8.416790e-05,1454,0.021079,7.645937e-06,0.042158,2.778675e-05,3.319483e-02,169,1,0,1,1,0
011_banana,s1_epi_max_011_banana_t4,complete_epi,1023,0.795879,0.032481,7.832534e-05,4.244392e-04,3404,0.021654,5.280665e-05,0.043309,1.075323e-04,9.065901e-01,656,1,0,1,1,0
011_banana,s1_epi_max_011_banana_t5,complete_epi,1915,0.091099,0.031778,2.007850e-04,1.086818e-03,2063,0.021185,2.269620e-04,0.042371,1.292496e-04,8.502629e-01,655,1,0,1,1,1
011_banana,s1_epi_max_011_banana_t6,complete_epi,1946,0.048427,0.032878,1.132675e-04,4.488469e-04,2998,0.021919,1.359640e-04,0.043837,9.274692e-05,1.531288e+00,859,1,0,1,1,1
011_banana,s1_epi_max_011_banana_t7,complete_epi,829,0.811072,0.031735,7.635717e-05,2.171991e-04,2752,0.021156,1.012112e-04,0.042313,9.040397e-05,1.409401e+00,894,1,0,1,1,1
011_banana,s1_epi_max_011_banana_t8,complete_epi,439,0.910336,0.031724,4.719869e-05,1.335515e-05,2768,0.021149,3.476308e-05,0.042298,6.498387e-05,8.460364e-01,849,1,0,1,1,1
011_banana,s1_epi_max_011_banana_t9,complete_epi,530,0.894518,0.032029,1.187751e-04,3.729546e-04,2236,0.021353,1.333380e-04,0.042706,1.349452e-04,1.530167e+00,673,1,0,1,1,1
025_mug,s1_epi_p95max_025_mug_t0,complete_epi,16,0.916558,0.019955,5.350193e-06,5.350193e-06,839,0.013303,2.528310e-06,0.026607,2.787551e-06,3.134479e-01,245,1,0,1,1,1
025_mug,s1_epi_p95max_025_mug_t1,complete_epi,38,0.930261,0.020318,1.563473e-05,1.563473e-05,870,0.013545,6.701387e-06,0.027090,5.432134e-06,3.293407e-01,174,1,0,1,1,1
025_mug,s1_epi_p95max_025_mug_t2,complete_epi,26,0.944265,0.022166,7.609836e-05,7.609836e-05,517,0.014777,3.264990e-05,0.029554,2.259649e-05,3.514429e-01,129,1,0,1,1,1
025_mug,s1_epi_p95max_025_mug_t3,complete_epi,62,0.908864,0.020477,2.416693e-06,2.416693e-06,1044,0.013651,1.480797e-06,0.027302,1.358400e-06,1.745528e-01,225,1,0,1,1,1
025_mug,s1_epi_p95max_025_mug_t4,complete_epi,5,0.950565,0.021729,1.393185e-04,1.393185e-04,449,0.014486,2.724437e-05,0.028973,2.320644e-05,2.512499e-01,131,1,0,1,1,1
025_mug,s1_epi_p95max_025_mug_t5,complete_epi,173,0.751483,0.020291,1.363445e-05,1.363445e-05,306,0.013528,3.920750e-06,0.027055,3.658677e-06,1.849730e-01,115,1,0,1,1,1
025_mug,s1_epi_p95max_025_mug_t6,complete_epi,93,0.921346,0.020477,3.870051e-06,3.870051e-06,477,0.013652,1.606259e-06,0.027303,1.809139e-06,9.050529e-02,97,1,0,1,1,1
025_mug,s1_epi_p95max_025_mug_t7,complete_epi,6,0.918973,0.020407,3.755728e-06,3.755728e-06,966,0.013605,2.301826e-06,0.027210,2.673337e-06,2.425761e-01,173,1,0,1,1,1
025_mug,s1_epi_p95max_025_mug_t8,complete_epi,4,0.964199,0.036180,5.329531e-06,5.329531e-06,2009,0.024120,2.602305e-06,0.048240,3.771475e-06,5.401900e-01,378,1,0,1,1,0
025_mug,s1_epi_p95max_025_mug_t9,complete_epi,13,0.939004,0.020862,2.265624e-05,2.265624e-05,650,0.013908,8.271762e-06,0.027817,6.588507e-06,4.135074e-01,243,1,0,1,1,1
006_mustard_bottle,s1_epi_p95mean_006_mustard_bottle_t0,complete_epi,0,0.865672,0.031806,1.194254e-05,2.100830e-05,1732,0.021204,6.606880e-06,0.042408,9.421121e-06,1.103146e-01,193,1,0,1,1,1
006_mustard_bottle,s1_epi_p95mean_006_mustard_bottle_t1,complete_epi,13,0.855254,0.031780,8.761233e-06,1.433108e-05,1504,0.021187,5.839939e-06,0.042374,6.788755e-06,6.983346e-02,263,1,0,1,1,1
006_mustard_bottle,s1_epi_p95mean_006_mustard_bottle_t2,complete_epi,1,0.953677,0.030593,1.261879e-05,1.847004e-05,1465,0.020396,5.437433e-06,0.040791,6.047093e-06,3.720189e-01,393,1,0,1,1,1
006_mustard_bottle,s1_epi_p95mean_006_mustard_bottle_t3,complete_epi,23,0.857120,0.031988,6.167807e-06,9.362092e-06,1793,0.021325,5.473551e-06,0.042650,4.077598e-06,6.651909e-01,486,1,0,1,1,0
006_mustard_bottle,s1_epi_p95mean_006_mustard_bottle_t4,complete_epi,0,0.891448,0.034404,9.495883e-06,1.604042e-05,1681,0.022936,7.622197e-06,0.045872,8.089503e-06,6.445295e-01,454,1,0,1,1,1
006_mustard_bottle,s1_epi_p95mean_006_mustard_bottle_t5,complete_epi,5,0.822300,0.032469,1.284062e-05,2.263695e-05,2042,0.021646,6.616892e-06,0.043292,1.579129e-05,4.811364e-01,576,1,0,1,1,1
006_mustard_bottle,s1_epi_p95mean_006_mustard_bottle_t6,complete_epi,2,0.943013,0.025049,0.000000e+00,0.000000e+00,841,0.016699,0.000000e+00,0.033399,8.096759e-06,0.000000e+00,303,1,0,1,1,1
006_mustard_bottle,s1_epi_p95mean_006_mustard_bottle_t7,complete_epi,2,0.841529,0.031661,1.190206e-05,1.688268e-05,1443,0.021108,7.417950e-06,0.042215,6.771135e-06,4.269407e-01,262,1,0,1,1,1
006_mustard_bottle,s1_epi_p95mean_006_mustard_bottle_t8,complete_epi,24,0.933653,0.029618,7.073796e-06,7.327464e-06,1631,0.019745,2.773670e-06,0.039491,3.289234e-06,1.777321e-01,475,1,0,1,1,1
006_mustard_bottle,s1_epi_p95mean_006_mustard_bottle_t9,complete_epi,827,0.825887,0.046512,4.511632e-04,6.041157e-04,1285,0.031008,2.238263e-04,0.062015,1.594063e-04,1.920947e+00,175,1,0,1,1,0
051_large_clamp,s1_epi_p95mean_051_large_clamp_t0,complete_epi,0,0.967687,0.029898,2.072917e-06,4.145834e-06,597,0.019932,0.000000e+00,0.039864,8.556353e-07,0.000000e+00,159,1,0,1,1,0
051_large_clamp,s1_epi_p95mean_051_large_clamp_t1,complete_epi,6,0.967939,0.032394,5.962639e-04,1.161174e-03,838,0.021596,3.821294e-04,0.043192,8.055394e-05,3.935723e-01,288,1,0,1,1,1
051_large_clamp,s1_epi_p95mean_051_large_clamp_t2,complete_epi,1,0.959707,0.029979,0.000000e+00,0.000000e+00,948,0.019986,0.000000e+00,0.039971,1.655603e-07,0.000000e+00,190,1,0,1,1,0
051_large_clamp,s1_epi_p95mean_051_large_clamp_t3,complete_epi,95,0.932579,0.031458,0.000000e+00,0.000000e+00,628,0.020972,0.000000e+00,0.041944,2.069940e-06,0.000000e+00,138,1,0,1,1,1
051_large_clamp,s1_epi_p95mean_051_large_clamp_t4,complete_epi,16,0.950995,0.032282,5.025232e-04,1.001429e-03,1468,0.021521,5.325193e-04,0.043043,3.217555e-04,5.634603e-01,361,1,0,1,1,1
051_large_clamp,s1_epi_p95mean_051_large_clamp_t5,complete_epi,9,0.956188,0.032570,1.448663e-05,2.397644e-05,2148,0.021714,6.160294e-06,0.043427,1.057635e-05,4.365498e-01,374,1,0,1,1,1
051_large_clamp,s1_epi_p95mean_051_large_clamp_t6,complete_epi,7,0.959876,0.029998,6.183629e-07,1.236726e-06,920,0.019998,4.175699e-07,0.039997,7.617006e-07,0.000000e+00,144,1,0,1,1,0
051_large_clamp,s1_epi_p95mean_051_large_clamp_t7,complete_epi,11,0.966271,0.032413,4.111441e-04,8.118739e-04,1303,0.021609,4.478049e-04,0.043217,4.042452e-05,4.969561e-01,277,1,0,1,1,0
051_large_clamp,s1_epi_p95mean_051_large_clamp_t8,complete_epi,31,0.950496,0.031194,1.051445e-06,2.102890e-06,1252,0.020796,7.351022e-09,0.041592,3.287727e-07,0.000000e+00,249,1,0,1,1,0
051_large_clamp,s1_epi_p95mean_051_large_clamp_t9,complete_epi,6,0.960491,0.031941,0.000000e+00,0.000000e+00,786,0.021294,0.000000e+00,0.042588,1.690089e-06,0.000000e+00,178,1,0,1,1,0
011_banana,s2_complete_only_011_banana_t0,complete_only,1488,0.641468,0.032968,1.075088e-04,2.920997e-05,1934,0.021979,2.035322e-04,0.043957,1.042890e-04,3.884715e-01,221,1,0,1,1,0
011_banana,s2_complete_only_011_banana_t1,complete_only,1326,0.715325,0.032063,1.502684e-05,4.336757e-05,1627,0.021375,2.922685e-05,0.042750,1.612554e-05,2.562882e-01,306,1,0,1,1,0
011_banana,s2_complete_only_011_banana_t2,complete_only,807,0.855364,0.032178,3.203742e-05,1.622251e-04,3213,0.021452,3.977034e-05,0.042905,3.484960e-05,9.430591e-01,730,1,0,1,1,1
011_banana,s2_complete_only_011_banana_t3,complete_only,1454,0.577292,0.032908,9.987085e-05,4.873487e-04,3031,0.021939,1.047709e-04,0.043878,1.118638e-04,7.051442e-01,544,1,0,1,1,0
011_banana,s2_complete_only_011_banana_t4,complete_only,1478,0.671160,0.031802,3.118352e-05,7.785064e-05,1596,0.021201,5.252199e-05,0.042403,2.412887e-05,3.747205e-01,354,1,0,1,1,0
011_banana,s2_complete_only_011_banana_t5,complete_only,1638,0.514461,0.031669,3.805348e-04,2.540850e-03,1677,0.021113,2.415910e-03,0.042226,3.086157e-04,6.277484e-01,286,1,0,1,1,1
011_banana,s2_complete_only_011_banana_t6,complete_only,152,0.922449,0.032503,2.129871e-05,8.906175e-05,3872,0.021669,4.693902e-05,0.043338,1.392242e-05,1.951427e+00,1454,1,0,1,1,1
011_banana,s2_complete_only_011_banana_t7,complete_only,1545,0.553765,0.032161,1.350498e-05,5.278907e-05,2902,0.021441,1.154840e-05,0.042882,1.505424e-05,6.992456e-01,520,1,0,1,1,1
011_banana,s2_complete_only_011_banana_t8,complete_only,1675,0.438050,0.031606,8.804503e-05,4.158370e-04,903,0.021070,2.493492e-04,0.042141,5.004495e-05,3.348501e-01,247,1,0,1,1,0
011_banana,s2_complete_only_011_banana_t9,complete_only,1226,0.755589,0.031810,3.202646e-05,7.365657e-05,2968,0.021207,1.852212e-05,0.042414,3.795228e-05,7.662419e-01,796,1,0,1,1,0
025_mug,s2_epi_max_025_mug_t0,complete_epi,159,0.898924,0.020731,5.070195e-06,1.523333e-05,465,0.013821,4.385642e-06,0.027641,5.287365e-06,1.826164e-01,100,1,0,1,1,1
025_mug,s2_epi_max_025_mug_t1,complete_epi,11,0.948803,0.020580,1.025516e-06,1.805202e-06,694,0.013720,1.106608e-06,0.027440,1.074330e-06,2.513304e-01,271,1,0,1,1,0
025_mug,s2_epi_max_025_mug_t2,complete_epi,21,0.841752,0.020420,1.587059e-06,3.460065e-06,292,0.013613,1.632470e-06,0.027227,1.580843e-06,1.904341e-01,197,1,0,1,1,1
025_mug,s2_epi_max_025_mug_t3,complete_epi,8,0.932871,0.022226,7.076631e-05,3.454546e-04,368,0.014817,2.346936e-04,0.029635,4.398444e-05,3.695037e-01,125,1,0,1,1,1
025_mug,s2_epi_max_025_mug_t4,complete_epi,67,0.923709,0.020261,2.520355e-05,1.151765e-04,486,0.013507,2.648146e-05,0.027015,3.033751e-05,4.507032e-01,178,1,0,1,1,1
025_mug,s2_epi_max_025_mug_t5,complete_epi,25,0.935240,0.020350,1.021309e-05,3.485874e-05,549,0.013566,1.780663e-05,0.027133,8.645099e-06,4.179679e-01,165,1,0,1,1,1
025_mug,s2_epi_max_025_mug_t6,complete_epi,18,0.931528,0.024851,5.469606e-06,2.096745e-05,523,0.016567,5.972878e-06,0.033134,5.061274e-06,1.845790e-01,124,1,0,1,1,1
025_mug,s2_epi_max_025_mug_t8,complete_epi,28,0.938069,0.020827,2.422278e-05,4.618397e-05,445,0.013885,3.589129e-05,0.027769,2.133914e-05,4.323439e-01,134,1,0,1,1,1
006_mustard_bottle,s2_epi_p95max_006_mustard_bottle_t0,complete_epi,0,0.924556,0.032013,2.349081e-05,2.349081e-05,2220,0.021342,3.253389e-06,0.042684,1.745707e-05,4.038548e-01,589,1,0,1,1,1
006_mustard_bottle,s2_epi_p95max_006_mustard_bottle_t1,complete_epi,30,0.852536,0.031925,3.374279e-05,3.374279e-05,1550,0.021284,1.035060e-05,0.042567,1.390702e-05,7.966413e-01,319,1,0,1,1,1
006_mustard_bottle,s2_epi_p95max_006_mustard_bottle_t2,complete_epi,6,0.886935,0.030086,3.575012e-05,3.575012e-05,1434,0.020057,7.186917e-06,0.040115,1.001069e-05,7.447052e-01,327,1,0,1,1,1
006_mustard_bottle,s2_epi_p95max_006_mustard_bottle_t3,complete_epi,0,0.907964,0.032265,1.007883e-05,1.007883e-05,1438,0.021510,5.585841e-06,0.043020,5.081667e-06,2.708295e-01,280,1,0,1,1,1
006_mustard_bottle,s2_epi_p95max_006_mustard_bottle_t4,complete_epi,1,0.905429,0.031181,3.977498e-05,3.977498e-05,1592,0.020787,9.280512e-06,0.041575,1.234602e-05,7.938764e-01,318,1,0,1,1,1
006_mustard_bottle,s2_epi_p95max_006_mustard_bottle_t5,complete_epi,8,0.927656,0.021414,3.500878e-05,3.500878e-05,1220,0.014276,3.239894e-06,0.028552,9.521772e-06,4.873738e-03,421,1,0,1,1,0
006_mustard_bottle,s2_epi_p95max_006_mustard_bottle_t6,complete_epi,49,0.865263,0.031986,6.919549e-06,6.919549e-06,1912,0.021324,4.180458e-06,0.042648,3.573667e-06,9.902483e-01,662,1,0,1,1,1
006_mustard_bottle,s2_epi_p95max_006_mustard_bottle_t7,complete_epi,0,0.896152,0.031090,1.470170e-05,1.470170e-05,1604,0.020726,5.862127e-06,0.041453,5.404735e-06,6.557909e-01,426,1,0,1,1,1
006_mustard_bottle,s2_epi_p95max_006_mustard_bottle_t8,complete_epi,5,0.854926,0.032249,3.367240e-05,3.367240e-05,1528,0.021499,1.283366e-05,0.042999,1.860893e-05,7.004458e-01,275,1,0,1,1,0
006_mustard_bottle,s2_epi_p95max_006_mustard_bottle_t9,complete_epi,0,0.917143,0.030924,2.878943e-05,2.878943e-05,1872,0.020616,5.654817e-06,0.041232,1.353985e-05,8.919692e-01,885,1,0,1,1,1
051_large_clamp,s2_epi_p95max_051_large_clamp_t0,complete_epi,4,0.957513,0.030638,1.283233e-06,1.283233e-06,922,0.020425,0.000000e+00,0.040851,1.066631e-07,0.000000e+00,214,1,0,1,1,0
051_large_clamp,s2_epi_p95max_051_large_clamp_t1,complete_epi,0,0.965034,0.029115,0.000000e+00,0.000000e+00,733,0.019410,0.000000e+00,0.038820,5.347908e-07,0.000000e+00,162,1,0,1,1,1
051_large_clamp,s2_epi_p95max_051_large_clamp_t2,complete_epi,27,0.964795,0.033729,1.004602e-05,1.004602e-05,966,0.022486,2.036838e-06,0.044972,1.310855e-06,1.353499e-02,201,1,0,1,1,0
051_large_clamp,s2_epi_p95max_051_large_clamp_t3,complete_epi,11,0.949189,0.031846,6.748260e-05,6.748260e-05,2212,0.021231,3.254954e-05,0.042462,2.073283e-05,9.681213e-01,688,1,0,1,1,1
051_large_clamp,s2_epi_p95max_051_large_clamp_t4,complete_epi,0,0.961093,0.039300,4.202042e-06,4.202042e-06,1323,0.026200,4.073135e-07,0.052400,2.092594e-06,0.000000e+00,217,1,0,1,1,0
051_large_clamp,s2_epi_p95max_051_large_clamp_t5,complete_epi,15,0.955091,0.031818,4.552074e-05,4.552074e-05,811,0.021212,7.809305e-07,0.042424,8.324531e-06,0.000000e+00,155,1,0,1,1,1
051_large_clamp,s2_epi_p95max_051_large_clamp_t7,complete_epi,48,0.952656,0.030768,6.443219e-06,6.443219e-06,2888,0.020512,1.792898e-06,0.041024,2.676327e-06,5.956139e-01,582,1,0,1,1,1
051_large_clamp,s2_epi_p95max_051_large_clamp_t8,complete_epi,0,0.965522,0.029357,0.000000e+00,0.000000e+00,710,0.019571,0.000000e+00,0.039142,0.000000e+00,0.000000e+00,170,1,0,1,1,1
051_large_clamp,s2_epi_p95max_051_large_clamp_t9,complete_epi,106,0.937260,0.028515,1.303327e-04,1.303327e-04,620,0.019010,1.035787e-04,0.038020,1.771987e-05,4.363084e-01,134,1,0,1,1,0
011_banana,s2_epi_p95mean_011_banana_t0,complete_epi,1473,0.662118,0.032968,8.252675e-05,1.624829e-04,2628,0.021979,1.240418e-04,0.043957,9.000880e-05,9.782433e-01,841,1,0,1,1,0
011_banana,s2_epi_p95mean_011_banana_t1,complete_epi,999,0.832044,0.032033,1.943053e-05,3.649064e-05,1785,0.021355,2.385509e-05,0.042711,1.405920e-05,1.754892e-01,302,1,0,1,1,0
011_banana,s2_epi_p95mean_011_banana_t2,complete_epi,1303,0.684237,0.032201,1.967427e-04,3.778263e-04,1960,0.021468,1.533767e-04,0.042935,5.339560e-05,8.002564e-01,542,1,0,1,1,1
011_banana,s2_epi_p95mean_011_banana_t3,complete_epi,791,0.848891,0.032913,6.776781e-05,1.313221e-04,2937,0.021942,2.529920e-05,0.043884,3.707816e-05,5.472073e-01,512,1,0,1,1,1
011_banana,s2_epi_p95mean_011_banana_t4,complete_epi,1415,0.687298,0.031217,4.143943e-05,7.296328e-05,1453,0.020811,5.337029e-05,0.041623,2.470656e-05,3.796400e-01,335,1,0,1,1,1
011_banana,s2_epi_p95mean_011_banana_t5,complete_epi,1729,0.358806,0.031621,5.905242e-04,1.173303e-03,1581,0.021080,6.604388e-04,0.042161,1.907439e-04,6.466767e-01,344,1,0,1,1,0
011_banana,s2_epi_p95mean_011_banana_t6,complete_epi,740,0.836036,0.032361,1.565361e-05,2.968680e-05,3628,0.021574,5.151488e-06,0.043148,8.118454e-06,1.554988e-01,332,1,0,1,1,0
011_banana,s2_epi_p95mean_011_banana_t7,complete_epi,1763,0.363944,0.032091,2.958360e-04,5.452331e-04,1902,0.021394,1.959822e-04,0.042788,6.700317e-05,1.309690e+00,325,1,0,1,1,0
011_banana,s2_epi_p95mean_011_banana_t8,complete_epi,1299,0.734200,0.031531,6.103137e-05,1.132667e-04,1290,0.021021,4.536796e-05,0.042042,2.416670e-05,3.046848e-01,254,1,0,1,1,0
011_banana,s2_epi_p95mean_011_banana_t9,complete_epi,1286,0.717832,0.031819,2.857532e-05,5.581637e-05,3110,0.021212,9.079318e-06,0.042425,2.812687e-05,6.523359e-01,760,1,0,1,1,0
021_bleach_cleanser,s0_epi_max_021_bleach_cleanser_t0,complete_epi,172,0.890895,0.039125,2.260997e-05,2.181960e-04,901,0.026083,0.000000e+00,0.052167,2.792385e-05,0.000000e+00,65,1,0,1,1,1
021_bleach_cleanser,s0_epi_max_021_bleach_cleanser_t1,complete_epi,27,0.914308,0.039944,3.662812e-05,2.378110e-04,1122,0.026629,2.328263e-05,0.053258,3.017666e-05,0.000000e+00,137,1,0,1,1,0
021_bleach_cleanser,s0_epi_max_021_bleach_cleanser_t2,complete_epi,517,0.866955,0.039816,3.388630e-05,1.473924e-04,895,0.026544,5.371489e-05,0.053087,2.724725e-05,4.743793e-02,104,1,0,1,1,0
021_bleach_cleanser,s0_epi_max_021_bleach_cleanser_t3,complete_epi,31,0.929874,0.039539,6.445221e-05,3.951783e-04,1183,0.026360,5.045905e-05,0.052719,4.693171e-05,8.819263e-03,82,1,0,1,1,1
021_bleach_cleanser,s0_epi_max_021_bleach_cleanser_t5,complete_epi,48,0.911738,0.040071,1.310035e-05,3.256761e-05,1447,0.026714,1.291996e-05,0.053428,9.871720e-06,1.398930e-01,158,1,0,1,1,1
021_bleach_cleanser,s0_epi_max_021_bleach_cleanser_t6,complete_epi,14,0.935980,0.039075,8.299838e-05,2.608844e-04,1644,0.026050,1.178992e-04,0.052100,5.243175e-05,4.852580e-01,101,1,0,1,1,1
021_bleach_cleanser,s0_epi_max_021_bleach_cleanser_t8,complete_epi,718,0.806433,0.038859,7.317451e-05,2.835721e-04,1316,0.025906,1.066383e-04,0.051812,4.548301e-05,1.039560e-01,138,1,0,1,1,0
021_bleach_cleanser,s0_epi_max_021_bleach_cleanser_t9,complete_epi,109,0.928350,0.039080,4.531418e-05,3.372079e-04,1002,0.026054,3.283957e-05,0.052107,4.758676e-05,0.000000e+00,111,1,0,1,1,1
005_tomato_soup_can,s0_epi_p95max_005_tomato_soup_can_t0,complete_epi,67,0.851809,0.019010,1.684412e-06,1.684412e-06,424,0.012673,9.198017e-07,0.025346,7.408954e-07,2.036973e-01,628,1,0,1,1,1
005_tomato_soup_can,s0_epi_p95max_005_tomato_soup_can_t1,complete_epi,42,0.869771,0.019006,1.584837e-06,1.584837e-06,662,0.012671,8.203461e-07,0.025341,8.349672e-07,4.536348e-01,866,1,0,1,1,1
005_tomato_soup_can,s0_epi_p95max_005_tomato_soup_can_t2,complete_epi,52,0.868706,0.019111,1.439917e-06,1.439917e-06,638,0.012741,7.198101e-07,0.025481,7.776934e-07,3.410644e-01,772,1,0,1,1,1
005_tomato_soup_can,s0_epi_p95max_005_tomato_soup_can_t3,complete_epi,1116,0.897390,0.011573,4.626851e-06,4.626851e-06,1267,0.007715,1.641443e-06,0.015431,2.627611e-06,3.314062e+00,4454,1,0,1,1,1
005_tomato_soup_can,s0_epi_p95max_005_tomato_soup_can_t5,complete_epi,24,0.880551,0.019065,1.464400e-06,1.464400e-06,627,0.012710,7.743811e-07,0.025420,8.152261e-07,4.353891e-01,837,1,0,1,1,1
005_tomato_soup_can,s0_epi_p95max_005_tomato_soup_can_t7,complete_epi,9,0.886367,0.018804,1.544665e-06,1.544665e-06,447,0.012536,3.727446e-07,0.025072,6.789483e-07,2.678769e-01,684,1,0,1,1,1
005_tomato_soup_can,s0_epi_p95max_005_tomato_soup_can_t8,complete_epi,73,0.855854,0.018821,1.701590e-06,1.701590e-06,460,0.012547,3.081603e-07,0.025095,6.860619e-07,2.533302e-01,686,1,0,1,1,1
005_tomato_soup_can,s0_epi_p95max_005_tomato_soup_can_t9,complete_epi,14,0.878376,0.019211,1.421577e-06,1.421577e-06,598,0.012807,6.626794e-07,0.025614,6.253023e-07,3.009148e-01,692,1,0,1,1,1
061_foam_brick,s0_epi_p95max_061_foam_brick_t0,complete_epi,838,0.853243,0.016189,5.867583e-04,5.867583e-04,621,0.010793,1.777294e-04,0.021586,5.775312e-05,1.551266e+00,1134,1,0,1,1,1
061_foam_brick,s0_epi_p95max_061_foam_brick_t1,complete_epi,133,0.949126,0.016514,1.195920e-06,1.195920e-06,716,0.011010,2.452286e-06,0.022019,2.322326e-06,9.025919e-01,1308,1,0,1,1,0
061_foam_brick,s0_epi_p95max_061_foam_brick_t2,complete_epi,1165,0.765742,0.016848,3.999613e-05,3.999613e-05,446,0.011232,5.379021e-06,0.022464,1.305777e-05,2.052509e+00,1373,1,0,1,1,1
061_foam_brick,s0_epi_p95max_061_foam_brick_t3,complete_epi,1301,0.609772,0.016997,1.652421e-06,1.652421e-06,789,0.011331,5.629379e-07,0.022663,2.971805e-06,1.220113e+00,1226,1,0,1,1,0
061_foam_brick,s0_epi_p95max_061_foam_brick_t4,complete_epi,208,0.958132,0.017024,1.534215e-03,1.534215e-03,395,0.011349,5.551492e-04,0.022699,1.202206e-04,1.385675e+00,943,1,0,1,1,1
061_foam_brick,s0_epi_p95max_061_foam_brick_t5,complete_epi,1049,0.818799,0.016752,2.788695e-05,2.788695e-05,441,0.011168,1.009854e-05,0.022336,1.509173e-05,1.463866e+00,1043,1,0,1,1,1
061_foam_brick,s0_epi_p95max_061_foam_brick_t6,complete_epi,5,0.961126,0.016645,1.633086e-05,1.633086e-05,525,0.011097,3.710261e-06,0.022194,3.634968e-05,1.028071e+00,907,1,0,1,1,1
061_foam_brick,s0_epi_p95max_061_foam_brick_t7,complete_epi,495,0.908111,0.017230,1.166135e-06,1.166135e-06,1204,0.011487,4.999671e-07,0.022974,1.282473e-06,1.640505e+00,1854,1,0,1,1,1
061_foam_brick,s0_epi_p95max_061_foam_brick_t8,complete_epi,293,0.929131,0.016976,2.025122e-06,2.025122e-06,1278,0.011317,6.978674e-07,0.022635,1.612232e-06,1.451598e+00,2167,1,0,1,1,1
061_foam_brick,s0_epi_p95max_061_foam_brick_t9,complete_epi,8,0.968066,0.016680,2.157766e-06,2.157766e-06,646,0.011120,1.048165e-06,0.022239,2.024850e-05,1.290892e+00,1051,1,0,1,1,1
021_bleach_cleanser,s1_complete_only_021_bleach_cleanser_t0,complete_only,10,0.943840,0.038889,1.395314e-04,6.623068e-04,774,0.025926,1.125025e-04,0.051852,1.247252e-04,1.592481e-01,127,1,0,1,1,1
021_bleach_cleanser,s1_complete_only_021_bleach_cleanser_t1,complete_only,40,0.913945,0.039268,2.215747e-05,1.063549e-04,1105,0.026178,2.271137e-05,0.052357,1.588903e-05,5.148102e-02,119,1,0,1,1,1
021_bleach_cleanser,s1_complete_only_021_bleach_cleanser_t2,complete_only,36,0.933891,0.039184,4.368121e-05,3.610883e-04,854,0.026123,4.920302e-05,0.052246,2.939663e-05,4.824915e-02,152,1,0,1,1,1
021_bleach_cleanser,s1_complete_only_021_bleach_cleanser_t3,complete_only,669,0.844727,0.039574,3.742968e-05,1.872589e-04,1212,0.026382,5.975512e-05,0.052765,3.932157e-05,3.881387e-02,100,1,0,1,1,1
021_bleach_cleanser,s1_complete_only_021_bleach_cleanser_t5,complete_only,145,0.928709,0.040587,1.199586e-04,6.335643e-04,1394,0.027058,1.300826e-04,0.054115,5.793393e-05,3.572464e-01,203,1,0,1,1,1
021_bleach_cleanser,s1_complete_only_021_bleach_cleanser_t6,complete_only,341,0.844797,0.039678,1.784737e-05,1.397739e-04,808,0.026452,0.000000e+00,0.052904,2.998106e-05,0.000000e+00,98,1,0,1,1,0
021_bleach_cleanser,s1_complete_only_021_bleach_cleanser_t7,complete_only,0,0.959921,0.016049,4.914331e-06,1.622200e-05,1683,0.010699,4.799724e-06,0.021398,6.802624e-06,1.848051e-01,659,1,0,1,1,0
021_bleach_cleanser,s1_complete_only_021_bleach_cleanser_t8,complete_only,131,0.883301,0.040409,1.429060e-05,1.099119e-04,1214,0.026940,1.248231e-05,0.053879,1.279632e-05,0.000000e+00,170,1,0,1,1,1
021_bleach_cleanser,s1_complete_only_021_bleach_cleanser_t9,complete_only,0,0.942190,0.021275,3.937841e-04,9.395332e-04,1214,0.014184,4.886982e-04,0.028367,3.225916e-04,1.364373e+00,651,1,0,1,1,0
005_tomato_soup_can,s1_epi_max_005_tomato_soup_can_t0,complete_epi,86,0.865381,0.019058,6.100606e-07,1.665855e-06,606,0.012706,6.383678e-07,0.025411,6.039556e-07,3.649078e-01,768,1,0,1,1,1
005_tomato_soup_can,s1_epi_max_005_tomato_soup_can_t2,complete_epi,25,0.871500,0.018661,5.745502e-07,1.885163e-06,412,0.012441,3.085888e-07,0.024882,6.968256e-07,2.605688e-01,680,1,0,1,1,1
005_tomato_soup_can,s1_epi_max_005_tomato_soup_can_t3,complete_epi,65,0.864335,0.018837,5.248317e-07,1.782793e-06,448,0.012558,2.808838e-07,0.025115,6.683934e-07,2.511438e-01,678,1,0,1,1,1
005_tomato_soup_can,s1_epi_max_005_tomato_soup_can_t4,complete_epi,47,0.875119,0.019135,8.029801e-07,1.524179e-06,672,0.012757,7.929761e-07,0.025514,8.336030e-07,5.050489e-01,936,1,0,1,1,1
005_tomato_soup_can,s1_epi_max_005_tomato_soup_can_t5,complete_epi,5,0.898720,0.018950,7.871881e-07,2.192481e-06,493,0.012633,6.599101e-07,0.025267,8.146354e-07,2.535849e-01,645,1,0,1,1,1
005_tomato_soup_can,s1_epi_max_005_tomato_soup_can_t6,complete_epi,26,0.882339,0.019038,6.671511e-07,1.719475e-06,538,0.012692,5.893445e-07,0.025384,6.768451e-07,3.514751e-01,753,1,0,1,1,1
005_tomato_soup_can,s1_epi_max_005_tomato_soup_can_t8,complete_epi,17,0.887304,0.018775,7.646931e-07,1.459310e-06,646,0.012516,7.085660e-07,0.025033,7.958010e-07,4.601023e-01,856,1,0,1,1,1
005_tomato_soup_can,s1_epi_max_005_tomato_soup_can_t9,complete_epi,76,0.868058,0.018818,6.849081e-07,1.480837e-06,542,0.012545,6.462170e-07,0.025090,6.243747e-07,3.331814e-01,727,1,0,1,1,1
061_foam_brick,s1_epi_max_061_foam_brick_t0,complete_epi,960,0.852652,0.016198,3.861010e-05,1.476578e-04,473,0.010799,6.404455e-05,0.021597,2.722250e-05,7.100722e-01,998,1,0,1,1,1
061_foam_brick,s1_epi_max_061_foam_brick_t1,complete_epi,1130,0.776168,0.016517,6.321518e-05,4.245239e-04,541,0.011011,2.055945e-04,0.022022,8.196524e-05,1.767480e+00,1021,1,0,1,1,0
061_foam_brick,s1_epi_max_061_foam_brick_t2,complete_epi,776,0.858674,0.017187,6.911257e-07,1.531194e-06,957,0.011458,5.995051e-07,0.022915,1.451482e-06,1.029315e+00,1586,1,0,1,1,0
061_foam_brick,s1_epi_max_061_foam_brick_t3,complete_epi,266,0.929172,0.017436,1.618407e-06,1.781172e-06,1152,0.011624,7.689474e-07,0.023248,3.127952e-06,1.858203e+00,1802,1,0,1,1,1
061_foam_brick,s1_epi_max_061_foam_brick_t4,complete_epi,1143,0.691164,0.016636,5.050568e-06,1.972532e-05,772,0.011091,5.457774e-06,0.022181,6.457665e-06,1.074904e+00,1077,1,0,1,1,1
061_foam_brick,s1_epi_max_061_foam_brick_t5,complete_epi,0,0.978939,0.016516,7.314417e-07,1.487002e-06,873,0.011010,8.345633e-07,0.022021,1.022453e-05,1.270798e+00,976,1,0,1,1,1
061_foam_brick,s1_epi_max_061_foam_brick_t6,complete_epi,917,0.771431,0.017336,1.050316e-06,4.622332e-06,790,0.011557,4.204985e-07,0.023114,2.015917e-06,8.213829e-01,750,1,0,1,1,1
061_foam_brick,s1_epi_max_061_foam_brick_t7,complete_epi,1073,0.773777,0.017377,4.567299e-06,1.636469e-05,501,0.011585,4.199054e-06,0.023169,8.412822e-06,1.141871e+00,893,1,0,1,1,1
061_foam_brick,s1_epi_max_061_foam_brick_t8,complete_epi,274,0.923550,0.017068,4.232162e-07,7.085443e-07,1068,0.011379,4.222287e-07,0.022758,4.326125e-07,1.079517e+00,1971,1,0,1,1,0
061_foam_brick,s1_epi_max_061_foam_brick_t9,complete_epi,498,0.893253,0.016248,2.488867e-06,5.815734e-06,522,0.010832,8.478332e-07,0.021665,6.178896e-06,9.964521e-01,1096,1,0,1,1,1
035_power_drill,s1_epi_p95max_035_power_drill_t0,complete_epi,802,0.755126,0.041747,4.737743e-06,4.737743e-06,827,0.027831,1.701171e-06,0.055663,6.069503e-06,0.000000e+00,174,1,0,1,1,1
035_power_drill,s1_epi_p95max_035_power_drill_t1,complete_epi,351,0.872449,0.043929,0.000000e+00,0.000000e+00,535,0.029286,0.000000e+00,0.058572,6.419451e-05,0.000000e+00,115,1,0,1,1,1
035_power_drill,s1_epi_p95max_035_power_drill_t2,complete_epi,89,0.946265,0.028602,2.057456e-04,2.057456e-04,1504,0.019068,6.786207e-05,0.038137,4.253362e-05,2.262351e+00,468,1,0,1,1,0
035_power_drill,s1_epi_p95max_035_power_drill_t3,complete_epi,70,0.904086,0.045123,1.006481e-03,1.006481e-03,926,0.030082,6.090661e-05,0.060163,1.473503e-04,1.719791e-01,137,1,0,1,1,1
035_power_drill,s1_epi_p95max_035_power_drill_t4,complete_epi,25,0.902255,0.043293,1.868404e-04,1.868404e-04,465,0.028862,0.000000e+00,0.057724,4.826078e-05,0.000000e+00,62,1,0,1,1,0
035_power_drill,s1_epi_p95max_035_power_drill_t5,complete_epi,1462,0.716846,0.020986,4.020146e-04,4.020146e-04,1874,0.013990,2.312809e-04,0.027981,1.582463e-04,4.967068e+00,571,1,0,1,1,0
035_power_drill,s1_epi_p95max_035_power_drill_t6,complete_epi,357,0.857202,0.042558,0.000000e+00,0.000000e+00,614,0.028372,0.000000e+00,0.056744,6.228566e-07,0.000000e+00,139,1,0,1,1,0
035_power_drill,s1_epi_p95max_035_power_drill_t7,complete_epi,406,0.855847,0.043343,6.653943e-04,6.653943e-04,827,0.028895,3.852334e-05,0.057790,1.003218e-04,0.000000e+00,128,1,0,1,1,1
021_bleach_cleanser,s1_epi_p95mean_021_bleach_cleanser_t0,complete_epi,10,0.936868,0.038889,3.859442e-04,6.287317e-04,940,0.025926,8.976012e-05,0.051852,9.190675e-05,1.933373e-01,117,1,0,1,1,1
021_bleach_cleanser,s1_epi_p95mean_021_bleach_cleanser_t1,complete_epi,157,0.895726,0.040427,5.644750e-05,1.000468e-04,1171,0.026951,2.342051e-05,0.053903,1.974764e-05,1.942960e-01,173,1,0,1,1,1
021_bleach_cleanser,s1_epi_p95mean_021_bleach_cleanser_t2,complete_epi,38,0.939137,0.038977,1.921328e-04,2.175306e-04,898,0.025985,3.920843e-05,0.051969,2.226656e-05,1.556767e-01,169,1,0,1,1,1
021_bleach_cleanser,s1_epi_p95mean_021_bleach_cleanser_t3,complete_epi,566,0.849704,0.039477,1.187205e-04,2.311660e-04,1421,0.026318,1.050987e-04,0.052636,4.776093e-05,9.308297e-02,129,1,0,1,1,0
021_bleach_cleanser,s1_epi_p95mean_021_bleach_cleanser_t4,complete_epi,535,0.871693,0.040143,1.403937e-04,2.758429e-04,1071,0.026762,1.210676e-04,0.053524,4.265071e-05,2.126455e-01,135,1,0,1,1,1
021_bleach_cleanser,s1_epi_p95mean_021_bleach_cleanser_t5,complete_epi,94,0.904207,0.021080,1.110343e-03,2.218717e-03,709,0.014053,1.208442e-03,0.028107,8.862501e-04,1.253810e+00,345,1,0,1,1,0
021_bleach_cleanser,s1_epi_p95mean_021_bleach_cleanser_t6,complete_epi,416,0.838923,0.039509,1.901697e-04,3.492207e-04,737,0.026339,1.686841e-05,0.052678,7.080846e-05,0.000000e+00,38,1,0,1,1,0
021_bleach_cleanser,s1_epi_p95mean_021_bleach_cleanser_t7,complete_epi,259,0.905484,0.011635,9.614160e-07,1.922832e-06,476,0.007757,9.664943e-08,0.015514,6.376066e-07,8.748251e-02,526,1,0,1,1,0
021_bleach_cleanser,s1_epi_p95mean_021_bleach_cleanser_t8,complete_epi,108,0.898870,0.040422,4.895353e-05,9.790706e-05,953,0.026948,8.566949e-06,0.053896,1.120290e-05,0.000000e+00,146,1,0,1,1,1
021_bleach_cleanser,s1_epi_p95mean_021_bleach_cleanser_t9,complete_epi,88,0.925800,0.039715,4.056742e-04,8.113483e-04,323,0.026477,1.498383e-04,0.052953,2.241704e-04,1.213080e-01,65,1,0,1,1,0
005_tomato_soup_can,s2_complete_only_005_tomato_soup_can_t0,complete_only,23,0.880746,0.018947,7.633477e-07,1.390848e-06,697,0.012632,7.240838e-07,0.025263,7.816381e-07,4.547166e-01,848,1,0,1,1,1
005_tomato_soup_can,s2_complete_only_005_tomato_soup_can_t1,complete_only,5,0.907364,0.018697,1.102314e-06,2.634716e-06,533,0.012465,1.123946e-06,0.024929,8.796787e-07,3.575132e-01,759,1,0,1,1,1
005_tomato_soup_can,s2_complete_only_005_tomato_soup_can_t2,complete_only,18,0.873061,0.018991,8.032759e-07,1.533381e-06,651,0.012661,7.523999e-07,0.025322,8.158933e-07,4.523017e-01,820,1,0,1,1,1
005_tomato_soup_can,s2_complete_only_005_tomato_soup_can_t3,complete_only,71,0.873614,0.019154,6.920142e-07,1.331893e-06,812,0.012770,6.578773e-07,0.025539,7.089172e-07,3.497457e-01,769,1,0,1,1,0
005_tomato_soup_can,s2_complete_only_005_tomato_soup_can_t4,complete_only,19,0.891679,0.018632,8.781308e-07,1.732886e-06,568,0.012421,7.513650e-07,0.024842,7.533727e-07,3.781307e-01,795,1,0,1,1,1
005_tomato_soup_can,s2_complete_only_005_tomato_soup_can_t5,complete_only,55,0.866367,0.019036,7.435189e-07,1.373185e-06,629,0.012691,7.289611e-07,0.025381,7.433273e-07,3.884329e-01,769,1,0,1,1,1
005_tomato_soup_can,s2_complete_only_005_tomato_soup_can_t6,complete_only,23,0.890818,0.018916,5.757871e-07,1.703111e-06,515,0.012610,5.562766e-07,0.025221,5.606852e-07,3.156072e-01,744,1,0,1,1,1
005_tomato_soup_can,s2_complete_only_005_tomato_soup_can_t7,complete_only,3,0.882335,0.018815,7.887373e-07,1.506215e-06,637,0.012543,7.112061e-07,0.025086,8.135204e-07,3.945546e-01,820,1,0,1,1,1
005_tomato_soup_can,s2_complete_only_005_tomato_soup_can_t8,complete_only,19,0.889009,0.018609,1.020747e-06,2.472192e-06,578,0.012406,1.059433e-06,0.024812,8.416882e-07,3.436063e-01,753,1,0,1,1,1
005_tomato_soup_can,s2_complete_only_005_tomato_soup_can_t9,complete_only,4,0.885607,0.018899,7.066959e-07,1.571619e-06,604,0.012599,6.683565e-07,0.025199,7.455452e-07,3.086275e-01,739,1,0,1,1,1
061_foam_brick,s2_complete_only_061_foam_brick_t0,complete_only,405,0.925508,0.017153,4.716702e-06,8.606455e-07,934,0.011435,2.874277e-06,0.022871,5.444590e-06,1.365346e+00,1593,1,0,1,1,0
061_foam_brick,s2_complete_only_061_foam_brick_t1,complete_only,87,0.973088,0.016696,5.732549e-06,2.880516e-05,557,0.011130,9.503717e-06,0.022261,1.277238e-05,9.453230e-01,1077,1,0,1,1,1
061_foam_brick,s2_complete_only_061_foam_brick_t2,complete_only,193,0.961570,0.018045,1.181738e-05,6.891529e-06,822,0.012030,1.744789e-05,0.024060,1.859270e-05,1.390386e+00,1373,1,0,1,1,1
061_foam_brick,s2_complete_only_061_foam_brick_t3,complete_only,1263,0.573847,0.016506,7.791435e-05,2.779218e-04,685,0.011004,9.172888e-05,0.022009,5.489028e-05,1.444938e+00,1484,1,0,1,1,1
061_foam_brick,s2_complete_only_061_foam_brick_t4,complete_only,386,0.953960,0.016488,2.515125e-06,3.285420e-06,986,0.010992,1.381133e-06,0.021983,5.124140e-06,1.171716e+00,1212,1,0,1,1,1
061_foam_brick,s2_complete_only_061_foam_brick_t5,complete_only,0,0.974125,0.016267,2.613398e-06,9.648272e-06,282,0.010845,2.141509e-06,0.021690,9.681794e-06,1.450095e+00,942,1,0,1,1,1
061_foam_brick,s2_complete_only_061_foam_brick_t6,complete_only,22,0.953544,0.017180,9.170634e-06,2.356743e-05,867,0.011453,1.841305e-05,0.022907,5.950879e-06,1.729304e+00,2164,1,0,1,1,1
061_foam_brick,s2_complete_only_061_foam_brick_t7,complete_only,21,0.954259,0.016976,7.932371e-06,1.544303e-06,1247,0.011317,8.646569e-07,0.022634,1.347190e-05,1.924046e+00,1724,1,0,1,1,1
061_foam_brick,s2_complete_only_061_foam_brick_t8,complete_only,139,0.968410,0.016653,1.234956e-05,6.981232e-05,911,0.011102,1.083314e-05,0.022204,1.675748e-05,1.172432e+00,900,1,0,1,1,1
061_foam_brick,s2_complete_only_061_foam_brick_t9,complete_only,716,0.893906,0.016806,4.323493e-06,2.722669e-05,751,0.011204,6.001422e-06,0.022408,5.947027e-06,1.159901e+00,1675,1,0,1,1,0
035_power_drill,s2_epi_max_035_power_drill_t0,complete_epi,152,0.894586,0.039149,4.943191e-06,2.773454e-05,1442,0.026099,4.125695e-06,0.052199,1.059994e-05,3.791508e-01,347,1,0,1,1,1
035_power_drill,s2_epi_max_035_power_drill_t2,complete_epi,496,0.791766,0.045789,3.411408e-06,1.143609e-05,1508,0.030526,2.436806e-06,0.061052,6.140121e-06,0.000000e+00,155,1,0,1,1,1
035_power_drill,s2_epi_max_035_power_drill_t3,complete_epi,25,0.890692,0.043591,8.372899e-05,3.555954e-04,931,0.029061,6.708355e-05,0.058121,1.633864e-04,4.507475e-01,202,1,0,1,1,1
035_power_drill,s2_epi_max_035_power_drill_t4,complete_epi,158,0.877678,0.047272,7.825017e-06,3.503203e-05,3000,0.031515,6.908870e-06,0.063029,1.320118e-05,4.573758e-01,451,1,0,1,1,1
035_power_drill,s2_epi_max_035_power_drill_t6,complete_epi,39,0.916756,0.041739,3.661264e-05,1.664822e-04,1371,0.027826,4.160745e-05,0.055652,5.654857e-05,1.095077e+00,463,1,0,1,1,1
035_power_drill,s2_epi_max_035_power_drill_t8,complete_epi,1528,0.385818,0.053658,3.089930e-05,3.128278e-05,2518,0.035772,1.214230e-05,0.071544,6.804327e-05,8.816341e-01,523,1,0,1,1,1
035_power_drill,s2_epi_max_035_power_drill_t9,complete_epi,497,0.812447,0.042850,1.152129e-05,3.251644e-05,2560,0.028567,1.090279e-05,0.057134,1.469249e-05,4.590864e-01,418,1,0,1,1,0
021_bleach_cleanser,s2_epi_p95max_021_bleach_cleanser_t0,complete_epi,3,0.921930,0.039332,1.927751e-04,1.927751e-04,711,0.026221,1.689949e-05,0.052442,2.575700e-05,0.000000e+00,112,1,0,1,1,1
021_bleach_cleanser,s2_epi_p95max_021_bleach_cleanser_t1,complete_epi,0,0.980611,0.014348,2.490706e-04,2.490706e-04,1274,0.009565,9.648360e-05,0.019131,1.031517e-04,4.383673e+00,1278,1,0,1,1,0
021_bleach_cleanser,s2_epi_p95max_021_bleach_cleanser_t2,complete_epi,0,0.880788,0.022155,1.957114e-04,1.957114e-04,1114,0.014770,1.009062e-04,0.029540,9.304032e-05,2.278824e+00,454,1,0,1,1,0
021_bleach_cleanser,s2_epi_p95max_021_bleach_cleanser_t3,complete_epi,749,0.659580,0.052287,1.368522e-03,1.368522e-03,2473,0.034858,3.784411e-04,0.069716,2.534978e-04,1.458110e+00,355,1,0,1,1,1
021_bleach_cleanser,s2_epi_p95max_021_bleach_cleanser_t5,complete_epi,24,0.940273,0.040277,3.216902e-04,3.216902e-04,985,0.026851,6.811570e-05,0.053703,4.295770e-05,0.000000e+00,105,1,0,1,1,1
021_bleach_cleanser,s2_epi_p95max_021_bleach_cleanser_t7,complete_epi,162,0.893199,0.046166,6.526096e-03,6.526096e-03,950,0.030777,1.304813e-03,0.061555,1.017393e-03,3.083987e+00,113,1,0,1,1,0
021_bleach_cleanser,s2_epi_p95max_021_bleach_cleanser_t8,complete_epi,23,0.936606,0.038812,2.182368e-04,2.182368e-04,630,0.025875,4.051803e-05,0.051750,2.955537e-05,1.917768e-01,154,1,0,1,1,1
021_bleach_cleanser,s2_epi_p95max_021_bleach_cleanser_t9,complete_epi,23,0.892981,0.038748,3.057059e-05,3.057059e-05,953,0.025832,8.406573e-06,0.051664,2.001776e-05,0.000000e+00,108,1,0,1,1,1
005_tomato_soup_can,s2_epi_p95mean_005_tomato_soup_can_t0,complete_epi,85,0.857128,0.018947,1.488501e-06,1.596533e-06,736,0.012632,1.371343e-06,0.025263,9.659610e-07,5.049352e-01,935,1,0,1,1,0
005_tomato_soup_can,s2_epi_p95mean_005_tomato_soup_can_t1,complete_epi,158,0.865294,0.018778,1.707676e-06,1.733709e-06,825,0.012519,1.497885e-06,0.025037,1.056384e-06,5.021102e-01,940,1,0,1,1,1
005_tomato_soup_can,s2_epi_p95mean_005_tomato_soup_can_t2,complete_epi,30,0.861240,0.019060,1.370284e-06,1.433788e-06,664,0.012706,6.858372e-07,0.025413,7.405450e-07,3.067686e-01,712,1,0,1,1,1
005_tomato_soup_can,s2_epi_p95mean_005_tomato_soup_can_t3,complete_epi,16,0.889764,0.019115,1.436385e-06,1.485069e-06,670,0.012744,7.685538e-07,0.025487,7.892458e-07,4.104177e-01,845,1,0,1,1,1
005_tomato_soup_can,s2_epi_p95mean_005_tomato_soup_can_t5,complete_epi,112,0.859887,0.019011,1.235663e-06,1.356800e-06,656,0.012674,7.435478e-07,0.025348,7.549399e-07,3.869475e-01,775,1,0,1,1,1
005_tomato_soup_can,s2_epi_p95mean_005_tomato_soup_can_t6,complete_epi,47,0.880799,0.018952,1.536588e-06,1.743278e-06,602,0.012635,6.933692e-07,0.025270,7.370087e-07,3.515032e-01,796,1,0,1,1,1
005_tomato_soup_can,s2_epi_p95mean_005_tomato_soup_can_t7,complete_epi,9,0.877077,0.018925,1.687978e-06,1.769914e-06,717,0.012617,7.550671e-07,0.025233,8.392427e-07,4.974112e-01,930,1,0,1,1,1
005_tomato_soup_can,s2_epi_p95mean_005_tomato_soup_can_t8,complete_epi,52,0.876803,0.018637,1.789653e-06,1.977104e-06,570,0.012424,6.721379e-07,0.024849,7.255236e-07,3.125623e-01,741,1,0,1,1,1
005_tomato_soup_can,s2_epi_p95mean_005_tomato_soup_can_t9,complete_epi,23,0.880875,0.018881,1.477726e-06,1.508536e-06,682,0.012587,7.506943e-07,0.025175,7.983753e-07,4.192555e-01,857,1,0,1,1,1
061_foam_brick,s2_epi_p95mean_061_foam_brick_t0,complete_epi,372,0.932977,0.017153,8.479008e-07,9.237377e-07,686,0.011435,2.725766e-05,0.022871,8.662340e-06,9.873604e-01,1258,1,0,1,1,0
061_foam_brick,s2_epi_p95mean_061_foam_brick_t1,complete_epi,190,0.967082,0.016699,2.536916e-05,4.986090e-05,929,0.011133,1.230613e-05,0.022266,1.501035e-05,1.772413e+00,1160,1,0,1,1,1
061_foam_brick,s2_epi_p95mean_061_foam_brick_t2,complete_epi,230,0.965838,0.017970,2.602756e-06,3.822477e-06,1043,0.011980,8.780599e-06,0.023959,5.435339e-06,9.646620e-01,1362,1,0,1,1,1
061_foam_brick,s2_epi_p95mean_061_foam_brick_t3,complete_epi,1468,0.413820,0.016467,2.476646e-05,4.815374e-05,778,0.010978,1.306735e-05,0.021956,1.251393e-05,2.364553e+00,1496,1,0,1,1,0
061_foam_brick,s2_epi_p95mean_061_foam_brick_t4,complete_epi,746,0.898881,0.016372,1.043364e-06,1.062456e-06,691,0.010915,1.213118e-06,0.021829,1.830780e-06,8.331534e-01,1181,1,0,1,1,1
061_foam_brick,s2_epi_p95mean_061_foam_brick_t5,complete_epi,0,0.977032,0.016282,3.042774e-06,3.103464e-06,726,0.010854,2.123014e-06,0.021709,8.634568e-06,9.498619e-01,822,1,0,1,1,1
061_foam_brick,s2_epi_p95mean_061_foam_brick_t6,complete_epi,30,0.957214,0.017203,1.229584e-06,1.584382e-06,1204,0.011469,1.120210e-06,0.022938,2.466220e-06,1.637593e+00,1964,1,0,1,1,1
061_foam_brick,s2_epi_p95mean_061_foam_brick_t7,complete_epi,22,0.956340,0.017008,1.090685e-06,1.461580e-06,1504,0.011339,7.246969e-07,0.022678,9.667098e-07,1.666002e+00,2066,1,0,1,1,0
061_foam_brick,s2_epi_p95mean_061_foam_brick_t8,complete_epi,160,0.966498,0.016782,6.476946e-06,8.271771e-06,799,0.011188,2.061276e-06,0.022376,1.311367e-05,9.432441e-01,864,1,0,1,1,1
061_foam_brick,s2_epi_p95mean_061_foam_brick_t9,complete_epi,781,0.867394,0.016806,1.379125e-06,1.964752e-06,1060,0.011204,1.150851e-06,0.022408,2.501907e-06,1.015063e+00,1573,1,0,1,1,1
025_mug,s0_epi_max_025_mug_t0,complete_epi,30,0.939399,0.020684,1.159444e-05,5.966951e-05,495,0.013789,6.756308e-05,0.027579,7.970566e-06,3.182076e-01,172,1,0,1,1,1
025_mug,s0_epi_max_025_mug_t1,complete_epi,73,0.925100,0.021337,2.075904e-05,6.947318e-05,499,0.014225,2.309181e-05,0.028449,1.664075e-05,3.681364e-01,146,1,0,1,1,1
025_mug,s0_epi_max_025_mug_t2,complete_epi,94,0.877581,0.020207,2.376249e-06,5.044725e-06,495,0.013472,2.521974e-06,0.026943,2.644815e-06,3.051379e-01,219,1,0,1,1,1
025_mug,s0_epi_max_025_mug_t3,complete_epi,23,0.920560,0.021737,2.762070e-05,1.001938e-04,427,0.014491,1.540902e-05,0.028982,4.023168e-05,2.262897e-01,162,1,0,1,1,1
025_mug,s0_epi_max_025_mug_t4,complete_epi,93,0.927048,0.020192,1.725461e-05,6.624838e-05,402,0.013461,1.320237e-05,0.026922,1.605437e-05,2.199649e-01,88,1,0,1,1,0
025_mug,s0_epi_max_025_mug_t5,complete_epi,70,0.855684,0.020284,2.108723e-06,3.168680e-06,814,0.013523,1.950477e-06,0.027045,2.522799e-06,2.234697e-01,243,1,0,1,1,1
025_mug,s0_epi_max_025_mug_t6,complete_epi,30,0.932729,0.020746,6.331081e-06,1.571677e-05,806,0.013831,6.586737e-06,0.027661,6.144682e-06,6.093750e-01,273,1,0,1,1,1
025_mug,s0_epi_max_025_mug_t7,complete_epi,35,0.845395,0.020778,2.633578e-06,1.025907e-05,670,0.013852,2.224337e-06,0.027705,2.979323e-06,1.852365e-01,176,1,0,1,1,1
025_mug,s0_epi_max_025_mug_t8,complete_epi,45,0.919756,0.021582,8.976852e-06,3.555200e-05,532,0.014388,7.022767e-06,0.028776,6.700282e-06,4.661634e-01,325,1,0,1,1,1
025_mug,s0_epi_max_025_mug_t9,complete_epi,76,0.921965,0.020638,9.409184e-06,2.740049e-05,681,0.013759,1.692022e-05,0.027518,1.076969e-05,5.979215e-01,228,1,0,1,1,0
006_mustard_bottle,s0_epi_p95max_006_mustard_bottle_t0,complete_epi,165,0.803001,0.032858,3.227010e-05,3.227010e-05,2080,0.021906,1.056382e-05,0.043811,2.057522e-05,8.620143e-01,590,1,0,1,1,1
006_mustard_bottle,s0_epi_p95max_006_mustard_bottle_t1,complete_epi,691,0.637840,0.032089,3.374683e-05,3.374683e-05,2049,0.021393,6.900697e-06,0.042785,2.009004e-05,8.018910e-01,841,1,0,1,1,1
006_mustard_bottle,s0_epi_p95max_006_mustard_bottle_t3,complete_epi,8,0.820560,0.032532,1.438848e-05,1.438848e-05,2096,0.021688,5.902808e-06,0.043376,6.528972e-06,6.625029e-01,461,1,0,1,1,0
006_mustard_bottle,s0_epi_p95max_006_mustard_bottle_t4,complete_epi,37,0.846662,0.031927,2.336263e-05,2.336263e-05,1617,0.021285,8.463867e-06,0.042569,1.072841e-05,3.734499e-01,310,1,0,1,1,1
006_mustard_bottle,s0_epi_p95max_006_mustard_bottle_t5,complete_epi,20,0.825099,0.031835,1.387853e-05,1.387853e-05,1517,0.021223,6.484792e-06,0.042446,6.957968e-06,4.719592e-01,331,1,0,1,1,1
006_mustard_bottle,s0_epi_p95max_006_mustard_bottle_t6,complete_epi,179,0.793884,0.032669,7.755972e-05,7.755972e-05,2006,0.021780,1.413996e-05,0.043559,2.888688e-05,8.598630e-01,633,1,0,1,1,1
006_mustard_bottle,s0_epi_p95max_006_mustard_bottle_t7,complete_epi,27,0.956327,0.029275,2.909749e-05,2.909749e-05,1585,0.019517,4.898622e-06,0.039033,4.292237e-06,1.275512e-01,426,1,0,1,1,1
006_mustard_bottle,s0_epi_p95max_006_mustard_bottle_t9,complete_epi,247,0.789191,0.031990,1.250976e-04,1.250976e-04,1876,0.021327,2.849741e-05,0.042653,3.268005e-05,1.272996e+00,890,1,0,1,1,1
051_large_clamp,s0_epi_p95max_051_large_clamp_t0,complete_epi,16,0.948062,0.031974,0.000000e+00,0.000000e+00,750,0.021316,1.305447e-05,0.042632,1.934338e-05,0.000000e+00,136,1,0,1,1,1
051_large_clamp,s0_epi_p95max_051_large_clamp_t2,complete_epi,19,0.971366,0.032677,1.737372e-05,1.737372e-05,2684,0.021785,1.868482e-05,0.043570,1.230565e-05,1.039885e+00,768,1,0,1,1,1
051_large_clamp,s0_epi_p95max_051_large_clamp_t4,complete_epi,0,0.967963,0.030163,0.000000e+00,0.000000e+00,531,0.020109,0.000000e+00,0.040218,6.727537e-07,0.000000e+00,155,1,0,1,1,0
051_large_clamp,s0_epi_p95max_051_large_clamp_t5,complete_epi,2,0.967149,0.032332,1.724451e-05,1.724451e-05,1455,0.021555,3.500940e-06,0.043109,4.628271e-06,1.230515e-01,230,1,0,1,1,1
051_large_clamp,s0_epi_p95max_051_large_clamp_t6,complete_epi,7,0.959459,0.032513,0.000000e+00,0.000000e+00,828,0.021675,7.493347e-07,0.043350,1.182053e-05,0.000000e+00,161,1,0,1,1,1
051_large_clamp,s0_epi_p95max_051_large_clamp_t7,complete_epi,116,0.952807,0.010320,9.108474e-06,9.108474e-06,913,0.006880,4.492313e-06,0.013760,2.939366e-06,2.456474e+00,3763,1,0,1,1,1
051_large_clamp,s0_epi_p95max_051_large_clamp_t8,complete_epi,70,0.935669,0.031269,0.000000e+00,0.000000e+00,674,0.020846,0.000000e+00,0.041692,1.668569e-06,0.000000e+00,135,1,0,1,1,0
051_large_clamp,s0_epi_p95max_051_large_clamp_t9,complete_epi,21,0.951603,0.032073,0.000000e+00,0.000000e+00,755,0.021382,0.000000e+00,0.042764,8.603117e-06,0.000000e+00,148,1,0,1,1,1
011_banana,s0_epi_p95mean_011_banana_t0,complete_epi,1087,0.832397,0.032608,7.145587e-04,1.306781e-03,1746,0.021739,7.750515e-04,0.043477,2.118911e-04,1.747698e+00,556,1,0,1,1,1
011_banana,s0_epi_p95mean_011_banana_t1,complete_epi,1457,0.646558,0.031853,4.712132e-05,9.245480e-05,2336,0.021235,1.776414e-04,0.042470,1.404772e-04,1.246203e+00,811,1,0,1,1,0
011_banana,s0_epi_p95mean_011_banana_t2,complete_epi,1129,0.743452,0.031151,8.526107e-05,1.573061e-04,1740,0.020767,2.366775e-04,0.041534,8.993000e-05,5.529169e-01,353,1,0,1,1,0
011_banana,s0_epi_p95mean_011_banana_t3,complete_epi,1816,0.365115,0.032934,2.839023e-04,5.630149e-04,934,0.021956,5.618419e-04,0.043912,1.943566e-04,3.144840e-01,261,1,0,1,1,0
011_banana,s0_epi_p95mean_011_banana_t4,complete_epi,1815,0.303136,0.030945,1.198715e-04,2.254810e-04,2320,0.020630,8.295329e-05,0.041260,4.241859e-05,1.226845e+00,937,1,0,1,1,0
011_banana,s0_epi_p95mean_011_banana_t5,complete_epi,846,0.839184,0.032118,1.503659e-04,2.980240e-04,2128,0.021412,1.035006e-04,0.042824,7.212316e-05,1.076741e+00,752,1,0,1,1,1
011_banana,s0_epi_p95mean_011_banana_t6,complete_epi,235,0.933370,0.033300,3.619512e-05,6.883255e-05,3359,0.022200,2.674653e-05,0.044400,5.454287e-05,5.180587e-01,407,1,0,1,1,0
011_banana,s0_epi_p95mean_011_banana_t7,complete_epi,1013,0.768453,0.031408,2.801556e-05,5.426002e-05,2315,0.020939,4.394424e-05,0.041877,2.050120e-05,7.142217e-01,678,1,0,1,1,1
011_banana,s0_epi_p95mean_011_banana_t8,complete_epi,1806,0.387118,0.031476,1.373781e-04,2.632902e-04,2433,0.020984,9.807258e-05,0.041968,4.452676e-05,6.528774e-01,531,1,0,1,1,1
011_banana,s0_epi_p95mean_011_banana_t9,complete_epi,1490,0.589527,0.032604,2.908974e-04,5.772563e-04,3060,0.021736,7.463004e-05,0.043472,1.585807e-04,6.738055e-01,520,1,0,1,1,0
025_mug,s1_complete_only_025_mug_t0,complete_only,98,0.891618,0.019955,2.725130e-06,6.381587e-06,588,0.013303,2.491659e-06,0.026607,2.670434e-06,2.938700e-01,205,1,0,1,1,1
025_mug,s1_complete_only_025_mug_t1,complete_only,45,0.908992,0.020266,3.087644e-06,7.777369e-06,739,0.013510,3.811253e-06,0.027021,2.927529e-06,2.763478e-01,203,1,0,1,1,0
025_mug,s1_complete_only_025_mug_t3,complete_only,107,0.900534,0.020274,2.434881e-05,7.159385e-05,730,0.013516,1.428147e-05,0.027032,2.433654e-05,5.873276e-01,426,1,0,1,1,1
025_mug,s1_complete_only_025_mug_t4,complete_only,37,0.953862,0.021740,1.349999e-05,9.615730e-05,587,0.014493,1.057005e-05,0.028986,1.344399e-05,2.240431e-01,167,1,0,1,1,0
025_mug,s1_complete_only_025_mug_t5,complete_only,171,0.749129,0.020621,3.976425e-06,9.613458e-06,249,0.013747,6.919537e-06,0.027495,3.386054e-06,6.019938e-02,56,1,0,1,1,1
025_mug,s1_complete_only_025_mug_t6,complete_only,68,0.927261,0.020537,1.840303e-06,2.582888e-06,977,0.013691,1.897502e-06,0.027383,1.841187e-06,3.276442e-01,273,1,0,1,1,1
025_mug,s1_complete_only_025_mug_t7,complete_only,115,0.794082,0.030103,5.057899e-05,3.626984e-04,636,0.020068,3.012735e-05,0.040137,5.838632e-05,7.924761e-02,70,1,0,1,1,1
025_mug,s1_complete_only_025_mug_t8,complete_only,8,0.951559,0.019949,8.811744e-06,2.929772e-05,545,0.013299,9.420826e-06,0.026599,6.739397e-06,1.427962e-01,132,1,0,1,1,1
025_mug,s1_complete_only_025_mug_t9,complete_only,28,0.929541,0.020858,8.186125e-06,2.904949e-05,562,0.013905,8.710198e-06,0.027811,6.895467e-06,4.758180e-01,253,1,0,1,1,1
006_mustard_bottle,s1_epi_max_006_mustard_bottle_t0,complete_epi,0,0.843361,0.031806,1.167849e-05,2.705950e-05,1297,0.021204,1.102738e-05,0.042408,1.099960e-05,4.707850e-01,304,1,0,1,1,1
006_mustard_bottle,s1_epi_max_006_mustard_bottle_t2,complete_epi,4,0.940365,0.030381,7.251359e-06,2.825610e-05,1276,0.020254,1.029172e-05,0.040508,7.788942e-06,5.805714e-01,223,1,0,1,1,0
006_mustard_bottle,s1_epi_max_006_mustard_bottle_t3,complete_epi,0,0.844063,0.031676,6.198866e-06,1.281467e-05,1747,0.021117,7.527031e-06,0.042235,5.347588e-06,6.117948e-01,434,1,0,1,1,1
006_mustard_bottle,s1_epi_max_006_mustard_bottle_t4,complete_epi,0,0.872560,0.032482,7.056436e-06,1.337732e-05,1751,0.021655,7.496413e-06,0.043309,6.716589e-06,3.533588e-01,292,1,0,1,1,1
006_mustard_bottle,s1_epi_max_006_mustard_bottle_t5,complete_epi,18,0.816932,0.032157,7.084765e-06,1.529895e-05,1920,0.021438,5.977012e-06,0.042876,1.114178e-05,2.821664e-01,416,1,0,1,1,1
006_mustard_bottle,s1_epi_max_006_mustard_bottle_t6,complete_epi,1,0.924712,0.031981,1.124782e-05,2.109615e-05,1582,0.021321,1.200089e-05,0.042642,1.038713e-05,5.194767e-01,387,1,0,1,1,1
006_mustard_bottle,s1_epi_max_006_mustard_bottle_t7,complete_epi,1,0.820465,0.031304,1.417172e-05,3.420090e-05,1230,0.020869,1.129941e-05,0.041738,1.494413e-05,3.315101e-01,376,1,0,1,1,1
006_mustard_bottle,s1_epi_max_006_mustard_bottle_t8,complete_epi,9,0.937712,0.029578,2.388559e-06,7.112567e-06,1632,0.019718,2.060995e-06,0.039437,2.618908e-06,2.730625e-01,533,1,0,1,1,1
006_mustard_bottle,s1_epi_max_006_mustard_bottle_t9,complete_epi,161,0.767147,0.032716,1.853315e-05,6.072292e-05,1894,0.021811,1.263980e-05,0.043622,2.778282e-05,7.906375e-01,582,1,0,1,1,1
051_large_clamp,s1_epi_max_051_large_clamp_t0,complete_epi,0,0.966906,0.029898,9.535709e-07,4.115701e-06,937,0.019932,9.430741e-08,0.039864,1.088098e-06,0.000000e+00,159,1,0,1,1,0
051_large_clamp,s1_epi_max_051_large_clamp_t1,complete_epi,7,0.967480,0.032394,7.662094e-05,4.553599e-04,933,0.021596,2.605638e-04,0.043192,4.277985e-05,3.160808e-01,251,1,0,1,1,1
051_large_clamp,s1_epi_max_051_large_clamp_t2,complete_epi,0,0.965492,0.029763,0.000000e+00,0.000000e+00,798,0.019842,0.000000e+00,0.039684,3.524690e-07,0.000000e+00,207,1,0,1,1,1
051_large_clamp,s1_epi_max_051_large_clamp_t3,complete_epi,80,0.936998,0.031476,0.000000e+00,0.000000e+00,670,0.020984,0.000000e+00,0.041968,1.326329e-06,0.000000e+00,135,1,0,1,1,1
051_large_clamp,s1_epi_max_051_large_clamp_t4,complete_epi,323,0.914777,0.044825,1.448809e-06,4.621721e-06,2053,0.029883,4.735598e-07,0.059766,3.211015e-06,0.000000e+00,134,1,0,1,1,0
051_large_clamp,s1_epi_max_051_large_clamp_t5,complete_epi,11,0.956090,0.032455,4.641993e-06,2.784013e-05,2441,0.021637,3.011772e-06,0.043273,7.890249e-06,7.503782e-01,581,1,0,1,1,1
051_large_clamp,s1_epi_max_051_large_clamp_t6,complete_epi,11,0.961276,0.030033,4.567403e-07,1.218285e-06,765,0.020022,0.000000e+00,0.040044,5.620718e-07,0.000000e+00,129,1,0,1,1,0
051_large_clamp,s1_epi_max_051_large_clamp_t7,complete_epi,27,0.967628,0.032360,7.746172e-05,5.344806e-04,1140,0.021573,1.964382e-04,0.043147,2.505566e-05,4.621723e-01,285,1,0,1,1,1
051_large_clamp,s1_epi_max_051_large_clamp_t9,complete_epi,1,0.961485,0.031906,2.465096e-07,0.000000e+00,809,0.021271,0.000000e+00,0.042542,1.735376e-06,0.000000e+00,169,1,0,1,1,1
011_banana,s1_epi_p95max_011_banana_t0,complete_epi,1134,0.791411,0.032232,2.224619e-04,2.224619e-04,2233,0.021488,3.929518e-05,0.042976,3.288490e-05,6.705594e-01,452,1,0,1,1,0
011_banana,s1_epi_p95max_011_banana_t1,complete_epi,831,0.833639,0.031774,5.145358e-04,5.145358e-04,1964,0.021183,7.691628e-04,0.042366,1.138954e-04,1.032304e+00,670,1,0,1,1,1
011_banana,s1_epi_p95max_011_banana_t2,complete_epi,1419,0.691815,0.031479,4.377485e-05,4.377485e-05,1623,0.020986,2.831349e-05,0.041972,1.869874e-05,2.090928e-01,250,1,0,1,1,0
011_banana,s1_epi_p95max_011_banana_t3,complete_epi,1851,0.293055,0.031623,1.772545e-04,1.772545e-04,1936,0.021082,2.385167e-05,0.042164,3.880780e-05,6.203965e-01,484,1,0,1,1,0
011_banana,s1_epi_p95max_011_banana_t4,complete_epi,1079,0.789032,0.032477,4.938463e-05,4.938463e-05,3084,0.021651,2.033323e-05,0.043303,5.712605e-05,4.021102e-01,409,1,0,1,1,0
011_banana,s1_epi_p95max_011_banana_t5,complete_epi,1929,0.092316,0.031585,4.123213e-04,4.123213e-04,1645,0.021057,5.893674e-05,0.042114,1.086418e-04,1.683004e+00,581,1,0,1,1,0
011_banana,s1_epi_p95max_011_banana_t6,complete_epi,1922,0.097245,0.032878,4.057246e-04,4.057246e-04,1392,0.021919,1.906854e-04,0.043837,9.460101e-05,1.077307e+00,469,1,0,1,1,1
011_banana,s1_epi_p95max_011_banana_t7,complete_epi,721,0.849097,0.032033,9.898314e-05,9.898314e-05,2917,0.021355,1.530454e-05,0.042710,4.318109e-05,7.603757e-01,583,1,0,1,1,0
011_banana,s1_epi_p95max_011_banana_t8,complete_epi,602,0.869857,0.031342,1.192751e-04,1.192751e-04,2042,0.020894,4.603606e-05,0.041789,1.572195e-05,6.026912e-01,567,1,0,1,1,0
011_banana,s1_epi_p95max_011_banana_t9,complete_epi,1575,0.527031,0.032202,1.897338e-03,1.897338e-03,2266,0.021468,9.266661e-04,0.042937,3.591332e-04,2.881246e+00,670,1,0,1,1,1
025_mug,s1_epi_p95mean_025_mug_t0,complete_epi,158,0.869147,0.019955,2.066151e-06,2.082428e-06,882,0.013303,1.276078e-06,0.026607,1.276420e-06,1.462535e-01,204,1,0,1,1,1
025_mug,s1_epi_p95mean_025_mug_t1,complete_epi,2,0.928924,0.028607,6.677859e-06,9.667952e-06,889,0.019071,4.524546e-06,0.038143,3.021894e-06,1.870874e-01,106,1,0,1,1,1
025_mug,s1_epi_p95mean_025_mug_t2,complete_epi,15,0.938409,0.019828,2.199934e-06,2.303853e-06,831,0.013219,1.507875e-06,0.026437,1.335641e-06,2.337408e-01,244,1,0,1,1,0
025_mug,s1_epi_p95mean_025_mug_t3,complete_epi,34,0.922674,0.021394,5.556882e-06,1.111376e-05,449,0.014263,3.940469e-06,0.028525,3.816217e-06,0.000000e+00,92,1,0,1,1,1
025_mug,s1_epi_p95mean_025_mug_t4,complete_epi,21,0.922832,0.021857,8.482401e-05,1.373212e-04,479,0.014571,2.683123e-05,0.029143,2.243345e-05,3.115211e-01,151,1,0,1,1,1
025_mug,s1_epi_p95mean_025_mug_t5,complete_epi,582,0.667171,0.020548,3.718987e-06,4.891403e-06,232,0.013699,1.357903e-06,0.027398,4.864828e-06,3.702395e-01,259,1,0,1,1,0
025_mug,s1_epi_p95mean_025_mug_t6,complete_epi,94,0.927587,0.020143,4.629159e-06,6.639414e-06,603,0.013428,2.190320e-06,0.026857,2.690859e-06,3.343109e-01,264,1,0,1,1,1
025_mug,s1_epi_p95mean_025_mug_t8,complete_epi,135,0.926060,0.024641,2.123028e-06,2.255578e-06,872,0.016428,1.441002e-06,0.032855,1.258239e-06,1.616423e-01,193,1,0,1,1,1
025_mug,s1_epi_p95mean_025_mug_t9,complete_epi,8,0.946440,0.020829,2.150864e-06,2.166741e-06,924,0.013886,1.259973e-06,0.027772,1.297199e-06,1.950359e-01,244,1,0,1,1,1
006_mustard_bottle,s2_complete_only_006_mustard_bottle_t0,complete_only,0,0.914294,0.032013,1.003856e-05,2.488616e-05,2102,0.021342,4.545270e-06,0.042684,2.088145e-05,6.897674e-01,739,1,0,1,1,1
006_mustard_bottle,s2_complete_only_006_mustard_bottle_t1,complete_only,98,0.852337,0.031340,1.385271e-05,3.000061e-05,1562,0.020893,1.158916e-05,0.041787,1.617919e-05,7.988117e-01,337,1,0,1,1,1
006_mustard_bottle,s2_complete_only_006_mustard_bottle_t2,complete_only,1,0.846053,0.030057,7.744885e-06,2.301426e-05,1538,0.020038,6.861308e-06,0.040076,8.240717e-06,4.645121e-01,311,1,0,1,1,1
006_mustard_bottle,s2_complete_only_006_mustard_bottle_t3,complete_only,0,0.901082,0.032275,6.368669e-06,1.154373e-05,1734,0.021517,6.319583e-06,0.043034,6.156969e-06,3.227856e-01,282,1,0,1,1,1
006_mustard_bottle,s2_complete_only_006_mustard_bottle_t4,complete_only,14,0.905623,0.030615,1.663674e-05,4.171140e-05,1448,0.020410,1.229799e-05,0.040820,1.921407e-05,8.277993e-01,307,1,0,1,1,1
006_mustard_bottle,s2_complete_only_006_mustard_bottle_t5,complete_only,227,0.798495,0.032146,1.906829e-05,5.484760e-05,1950,0.021430,1.152087e-05,0.042861,2.512883e-05,9.543458e-01,769,1,0,1,1,1
006_mustard_bottle,s2_complete_only_006_mustard_bottle_t6,complete_only,8,0.878450,0.031995,3.977369e-06,6.774749e-06,1786,0.021330,4.074504e-06,0.042660,3.510909e-06,6.944046e-01,520,1,0,1,1,1
006_mustard_bottle,s2_complete_only_006_mustard_bottle_t7,complete_only,38,0.885502,0.031640,4.738802e-06,9.586929e-06,1738,0.021093,5.339214e-06,0.042186,3.959578e-06,5.216255e-01,377,1,0,1,1,1
006_mustard_bottle,s2_complete_only_006_mustard_bottle_t8,complete_only,14,0.863462,0.031922,1.436835e-05,3.832370e-05,1560,0.021281,1.234775e-05,0.042563,1.639724e-05,6.670095e-01,300,1,0,1,1,1
006_mustard_bottle,s2_complete_only_006_mustard_bottle_t9,complete_only,0,0.888636,0.031009,1.001294e-05,3.500988e-05,1918,0.020673,7.615416e-06,0.041345,1.659786e-05,8.088454e-01,753,1,0,1,1,1
051_large_clamp,s2_complete_only_051_large_clamp_t0,complete_only,16,0.948918,0.030638,1.528574e-07,1.283278e-06,955,0.020425,0.000000e+00,0.040851,1.033132e-07,0.000000e+00,215,1,0,1,1,0
051_large_clamp,s2_complete_only_051_large_clamp_t1,complete_only,0,0.961798,0.029115,0.000000e+00,0.000000e+00,662,0.019410,0.000000e+00,0.038820,0.000000e+00,0.000000e+00,161,1,0,1,1,0
051_large_clamp,s2_complete_only_051_large_clamp_t2,complete_only,9,0.966316,0.033747,3.267229e-06,1.323882e-05,1951,0.022498,2.209102e-06,0.044996,5.820868e-06,1.249336e-01,274,1,0,1,1,0
051_large_clamp,s2_complete_only_051_large_clamp_t3,complete_only,13,0.948802,0.031874,2.321089e-04,1.263128e-03,1310,0.021249,5.675165e-04,0.042499,3.789724e-05,1.053814e+00,597,1,0,1,1,1
051_large_clamp,s2_complete_only_051_large_clamp_t5,complete_only,2,0.959209,0.031818,0.000000e+00,0.000000e+00,726,0.021212,0.000000e+00,0.042424,2.752982e-06,0.000000e+00,166,1,0,1,1,0
051_large_clamp,s2_complete_only_051_large_clamp_t6,complete_only,13,0.962728,0.030887,9.546866e-06,1.430504e-05,2327,0.020591,8.885475e-06,0.041183,1.058634e-05,3.196198e-01,292,1,0,1,1,1
051_large_clamp,s2_complete_only_051_large_clamp_t7,complete_only,1,0.966367,0.030309,3.905440e-05,2.740582e-04,2105,0.020206,1.436421e-05,0.040412,6.603214e-05,5.314553e-01,345,1,0,1,1,1
051_large_clamp,s2_complete_only_051_large_clamp_t8,complete_only,0,0.959791,0.029314,0.000000e+00,0.000000e+00,726,0.019543,0.000000e+00,0.039085,0.000000e+00,0.000000e+00,164,1,0,1,1,0
051_large_clamp,s2_complete_only_051_large_clamp_t9,complete_only,10,0.950228,0.030489,1.913542e-07,1.385756e-06,1127,0.020326,0.000000e+00,0.040651,2.172345e-07,0.000000e+00,216,1,0,1,1,1
011_banana,s2_epi_max_011_banana_t0,complete_epi,1382,0.710537,0.032968,1.062023e-04,3.035342e-04,3315,0.021979,7.913008e-05,0.043957,1.066689e-04,9.987897e-01,906,1,0,1,1,0
011_banana,s2_epi_max_011_banana_t1,complete_epi,1245,0.774354,0.031915,1.041139e-05,2.766328e-05,1339,0.021276,1.400777e-05,0.042553,1.027165e-05,2.414022e-01,306,1,0,1,1,0
011_banana,s2_epi_max_011_banana_t2,complete_epi,1118,0.725079,0.032205,8.197072e-05,3.853820e-04,1820,0.021470,1.639282e-04,0.042939,5.390408e-05,1.025519e+00,561,1,0,1,1,1
011_banana,s2_epi_max_011_banana_t3,complete_epi,1471,0.597063,0.032454,3.940393e-05,1.777231e-04,3406,0.021636,2.391616e-05,0.043272,5.960958e-05,4.558900e-01,504,1,0,1,1,0
011_banana,s2_epi_max_011_banana_t4,complete_epi,1027,0.811047,0.030695,9.288525e-05,2.436409e-04,1318,0.020463,1.003677e-04,0.040927,6.676837e-05,6.272238e-01,474,1,0,1,1,0
011_banana,s2_epi_max_011_banana_t5,complete_epi,1659,0.464984,0.031588,4.920014e-05,1.654136e-05,1802,0.021059,5.804873e-05,0.042117,4.704633e-05,1.588586e-01,123,1,0,1,1,0
011_banana,s2_epi_max_011_banana_t6,complete_epi,467,0.863178,0.032364,1.324312e-05,5.811589e-05,4828,0.021576,1.078748e-05,0.043152,1.015212e-05,1.256716e+00,1112,1,0,1,1,1
011_banana,s2_epi_max_011_banana_t7,complete_epi,1597,0.543374,0.032040,8.948399e-06,3.860407e-05,2715,0.021360,7.756118e-06,0.042720,1.095523e-05,3.162620e-01,342,1,0,1,1,1
011_banana,s2_epi_max_011_banana_t8,complete_epi,1538,0.562601,0.031570,2.940426e-05,1.175963e-04,1701,0.021046,3.939104e-05,0.042093,2.162743e-05,4.627729e-01,403,1,0,1,1,1
011_banana,s2_epi_max_011_banana_t9,complete_epi,1161,0.759107,0.031877,7.997953e-05,1.435615e-04,2323,0.021251,8.482545e-05,0.042502,5.681789e-05,9.286721e-01,740,1,0,1,1,0
025_mug,s2_epi_p95max_025_mug_t0,complete_epi,72,0.925297,0.020731,1.919223e-06,1.919223e-06,692,0.013821,1.004142e-06,0.027641,1.087410e-06,2.027554e-01,254,1,0,1,1,1
025_mug,s2_epi_p95max_025_mug_t1,complete_epi,26,0.945202,0.019638,2.066577e-06,2.066577e-06,729,0.013092,1.434357e-06,0.026184,1.199988e-06,2.732298e-01,298,1,0,1,1,1
025_mug,s2_epi_p95max_025_mug_t2,complete_epi,1,0.922296,0.010779,1.098294e-05,1.098294e-05,789,0.007186,2.056333e-06,0.014372,5.071731e-06,4.586995e+00,5674,1,0,1,1,0
025_mug,s2_epi_p95max_025_mug_t3,complete_epi,4,0.955545,0.022039,3.324194e-04,3.324194e-04,396,0.014693,1.279432e-04,0.029385,4.133408e-05,3.062099e-01,125,1,0,1,1,1
025_mug,s2_epi_p95max_025_mug_t5,complete_epi,13,0.947153,0.020704,1.779721e-06,1.779721e-06,680,0.013802,1.036395e-06,0.027605,1.157058e-06,2.167238e-01,254,1,0,1,1,1
025_mug,s2_epi_p95max_025_mug_t6,complete_epi,39,0.924947,0.023910,1.165153e-05,1.165153e-05,897,0.015940,5.220815e-06,0.031880,3.864836e-06,2.120795e-01,147,1,0,1,1,1
025_mug,s2_epi_p95max_025_mug_t7,complete_epi,10,0.957512,0.021619,1.672515e-06,1.672515e-06,766,0.014412,1.040865e-06,0.028825,1.068846e-06,6.753266e-02,130,1,0,1,1,1
025_mug,s2_epi_p95max_025_mug_t8,complete_epi,39,0.920070,0.021725,3.963578e-05,3.963578e-05,562,0.014484,1.381200e-05,0.028967,1.132199e-05,3.746474e-01,153,1,0,1,1,1
025_mug,s2_epi_p95max_025_mug_t9,complete_epi,102,0.924496,0.021124,1.898577e-05,1.898577e-05,512,0.014083,7.181493e-06,0.028166,7.930053e-06,2.773776e-01,148,1,0,1,1,1
006_mustard_bottle,s2_epi_p95mean_006_mustard_bottle_t0,complete_epi,0,0.897794,0.032013,1.413158e-05,2.512467e-05,2152,0.021342,5.217185e-06,0.042684,1.769711e-05,7.700389e-01,727,1,0,1,1,1
006_mustard_bottle,s2_epi_p95mean_006_mustard_bottle_t1,complete_epi,4,0.950693,0.033098,1.809452e-05,3.235955e-05,1821,0.022066,9.686629e-06,0.044131,6.253852e-06,4.875987e-01,209,1,0,1,1,0
006_mustard_bottle,s2_epi_p95mean_006_mustard_bottle_t2,complete_epi,107,0.694094,0.031338,5.736626e-06,8.656611e-06,1419,0.020892,3.181889e-06,0.041784,2.315034e-06,2.413851e-02,165,1,0,1,1,1
006_mustard_bottle,s2_epi_p95mean_006_mustard_bottle_t3,complete_epi,399,0.801526,0.048020,3.875948e-04,7.169558e-04,4618,0.032014,1.281146e-04,0.064027,1.253174e-04,1.372943e+00,582,1,0,1,1,1
006_mustard_bottle,s2_epi_p95mean_006_mustard_bottle_t4,complete_epi,8,0.889005,0.031032,3.986934e-05,4.222663e-05,1457,0.020688,1.107664e-05,0.041377,1.400075e-05,5.341207e-01,309,1,0,1,1,1
006_mustard_bottle,s2_epi_p95mean_006_mustard_bottle_t5,complete_epi,75,0.820066,0.031819,3.040135e-05,5.747931e-05,1803,0.021213,1.013840e-05,0.042426,2.834199e-05,9.147956e-01,759,1,0,1,1,1
006_mustard_bottle,s2_epi_p95mean_006_mustard_bottle_t6,complete_epi,141,0.845919,0.031788,4.575394e-06,6.542831e-06,1781,0.021192,3.380708e-06,0.042384,2.955527e-06,6.242308e-01,512,1,0,1,1,1
006_mustard_bottle,s2_epi_p95mean_006_mustard_bottle_t7,complete_epi,18,0.867851,0.031055,8.014321e-06,1.304850e-05,1572,0.020703,5.454265e-06,0.041407,4.954531e-06,6.272579e-01,428,1,0,1,1,1
006_mustard_bottle,s2_epi_p95mean_006_mustard_bottle_t8,complete_epi,32,0.856310,0.032025,2.530928e-05,4.007839e-05,1554,0.021350,1.359438e-05,0.042700,1.885543e-05,6.954204e-01,315,1,0,1,1,1
006_mustard_bottle,s2_epi_p95mean_006_mustard_bottle_t9,complete_epi,1,0.918246,0.031219,1.903163e-05,2.763153e-05,1899,0.020813,5.329098e-06,0.041626,1.230342e-05,7.966957e-01,847,1,0,1,1,1
051_large_clamp,s2_epi_p95mean_051_large_clamp_t0,complete_epi,6,0.955795,0.030638,0.000000e+00,0.000000e+00,925,0.020425,0.000000e+00,0.040851,1.178221e-07,0.000000e+00,217,1,0,1,1,0
051_large_clamp,s2_epi_p95mean_051_large_clamp_t1,complete_epi,0,0.965237,0.029115,0.000000e+00,0.000000e+00,713,0.019410,0.000000e+00,0.038820,0.000000e+00,0.000000e+00,162,1,0,1,1,1
051_large_clamp,s2_epi_p95mean_051_large_clamp_t2,complete_epi,0,0.946231,0.046293,2.679501e-05,3.016964e-05,9509,0.030862,9.896169e-06,0.061724,4.424758e-05,2.469736e+00,1688,1,0,1,1,0
051_large_clamp,s2_epi_p95mean_051_large_clamp_t3,complete_epi,7,0.952949,0.031849,5.757972e-06,1.151594e-05,1246,0.021233,4.893856e-06,0.042465,1.180028e-05,0.000000e+00,147,1,0,1,1,1
051_large_clamp,s2_epi_p95mean_051_large_clamp_t5,complete_epi,16,0.956987,0.031815,0.000000e+00,0.000000e+00,730,0.021210,0.000000e+00,0.042419,1.695534e-06,0.000000e+00,180,1,0,1,1,0
051_large_clamp,s2_epi_p95mean_051_large_clamp_t6,complete_epi,4,0.969418,0.030897,3.470579e-06,5.224558e-06,1048,0.020598,3.405468e-06,0.041196,7.130300e-06,0.000000e+00,157,1,0,1,1,1
051_large_clamp,s2_epi_p95mean_051_large_clamp_t7,complete_epi,41,0.966176,0.030705,2.358166e-05,3.231805e-05,2636,0.020470,9.346617e-06,0.040941,6.019115e-06,6.461645e-01,444,1,0,1,1,1
051_large_clamp,s2_epi_p95mean_051_large_clamp_t8,complete_epi,0,0.967191,0.029343,0.000000e+00,0.000000e+00,668,0.019562,0.000000e+00,0.039123,0.000000e+00,0.000000e+00,169,1,0,1,1,1
051_large_clamp,s2_epi_p95mean_051_large_clamp_t9,complete_epi,7,0.946981,0.021274,2.698627e-05,5.209829e-05,2295,0.014183,5.676554e-06,0.028365,7.791789e-06,1.271332e+00,1422,1,0,1,1,1
