object,trial,arm,grasp_id,confidence,patch_radius,patch_epi_mean,patch_epi_p95,patch_n,sens_lo_radius,patch_epi_mean_sens_lo,sens_hi_radius,patch_epi_mean_sens_hi,duarte_sigma_sum,duarte_box_n,geometry_gate_pass,uq_rejected,chosen,executed,lift_success
021_bleach_cleanser,s1_complete_only_021_bleach_cleanser_t0,complete_only,12,0.936268,0.038889,1.123365e-04,6.194115e-04,897,0.025926,9.563847e-05,0.051852,8.172998e-05,2.044956e-01,149,1,0,1,1,1
021_bleach_cleanser,s1_complete_only_021_bleach_cleanser_t1,complete_only,7,0.935013,0.039621,2.726946e-05,9.207687e-05,941,0.026414,2.867157e-05,0.052829,2.250901e-05,3.941313e-01,160,1,0,1,1,0
021_bleach_cleanser,s1_complete_only_021_bleach_cleanser_t2,complete_only,18,0.943942,0.039198,3.656029e-05,3.691103e-04,1165,0.026132,4.304293e-05,0.052264,2.427405e-05,1.297235e-01,154,1,0,1,1,1
021_bleach_cleanser,s1_complete_only_021_bleach_cleanser_t3,complete_only,581,0.819569,0.039464,6.867791e-05,2.694478e-04,1362,0.026309,1.436524e-04,0.052618,5.001011e-05,2.373743e-01,158,1,0,1,1,1
021_bleach_cleanser,s1_complete_only_021_bleach_cleanser_t4,complete_only,762,0.836809,0.039355,9.438172e-05,4.910842e-04,884,0.026237,1.625992e-04,0.052473,4.399646e-05,1.941436e-01,140,1,0,1,1,1
021_bleach_cleanser,s1_complete_only_021_bleach_cleanser_t5,complete_only,254,0.932418,0.026753,1.371802e-05,6.291480e-05,2028,0.017836,8.973222e-06,0.035671,1.566175e-05,2.590322e-01,641,1,0,1,1,1
021_bleach_cleanser,s1_complete_only_021_bleach_cleanser_t6,complete_only,519,0.819195,0.039407,2.226995e-04,1.096051e-03,1018,0.026271,1.813225e-04,0.052543,1.746859e-04,7.696371e-01,146,1,0,1,1,0
021_bleach_cleanser,s1_complete_only_021_bleach_cleanser_t7,complete_only,110,0.955704,0.013593,3.793911e-06,1.503828e-05,1850,0.009062,2.835864e-06,0.018124,4.708897e-06,1.185125e+00,1629,1,0,1,1,0
021_bleach_cleanser,s1_complete_only_021_bleach_cleanser_t8,complete_only,111,0.888707,0.040394,1.373315e-05,1.112575e-04,1096,0.026929,1.420904e-05,0.053858,1.228223e-05,0.000000e+00,195,1,0,1,1,1
021_bleach_cleanser,s1_complete_only_021_bleach_cleanser_t9,complete_only,158,0.962636,0.027181,2.726742e-06,0.000000e+00,1093,0.018121,0.000000e+00,0.036241,8.027246e-06,0.000000e+00,374,1,0,1,1,1
021_bleach_cleanser,s1_complete_only_021_bleach_cleanser_t10,complete_only,46,0.897925,0.038650,3.674980e-05,1.504544e-04,1342,0.025767,6.262771e-05,0.051533,2.891315e-05,8.611827e-02,91,1,0,1,1,1
021_bleach_cleanser,s1_complete_only_021_bleach_cleanser_t11,complete_only,8,0.954296,0.017367,4.321127e-08,6.727004e-07,632,0.011578,0.000000e+00,0.023156,2.134658e-07,0.000000e+00,388,1,0,1,1,0
021_bleach_cleanser,s1_complete_only_021_bleach_cleanser_t12,complete_only,18,0.902007,0.039012,4.541938e-05,3.072310e-04,970,0.026008,7.248755e-05,0.052016,2.792486e-05,2.643261e-02,189,1,0,1,1,1
021_bleach_cleanser,s1_complete_only_021_bleach_cleanser_t14,complete_only,9,0.942067,0.039119,1.090380e-04,5.443284e-04,1015,0.026080,1.090154e-04,0.052159,6.563180e-05,2.951802e-01,138,1,0,1,1,1
021_bleach_cleanser,s1_complete_only_021_bleach_cleanser_t15,complete_only,952,0.824544,0.017217,8.350386e-07,3.586232e-06,5384,0.011478,8.389555e-06,0.022955,7.236130e-07,1.385010e+00,2369,1,0,1,1,0
021_bleach_cleanser,s1_complete_only_021_bleach_cleanser_t16,complete_only,2,0.918024,0.014088,1.499924e-06,6.345141e-06,1708,0.009392,1.580327e-06,0.018784,1.362341e-06,1.334313e-01,567,1,0,1,1,0
021_bleach_cleanser,s1_complete_only_021_bleach_cleanser_t17,complete_only,8,0.916230,0.023938,1.708383e-05,8.373927e-05,3810,0.015959,6.228414e-05,0.031918,1.478295e-05,2.054683e+00,577,1,0,1,1,0
021_bleach_cleanser,s1_complete_only_021_bleach_cleanser_t18,complete_only,137,0.891585,0.040120,1.356812e-05,9.594846e-05,1453,0.026747,1.352645e-05,0.053493,1.025606e-05,1.045378e-02,193,1,0,1,1,1
021_bleach_cleanser,s1_complete_only_021_bleach_cleanser_t19,complete_only,14,0.903713,0.038745,4.032201e-05,1.340269e-04,1374,0.025830,5.065338e-05,0.051660,2.763070e-05,1.490774e-01,122,1,0,1,1,1
021_bleach_cleanser,s1_complete_only_021_bleach_cleanser_t20,complete_only,1412,0.185595,0.052926,1.019846e-04,3.447576e-04,2387,0.035284,1.316216e-04,0.070568,8.608930e-05,1.064250e+00,281,1,0,1,1,0
021_bleach_cleanser,s1_complete_only_021_bleach_cleanser_t21,complete_only,0,0.964088,0.020048,6.459618e-04,1.254261e-03,910,0.013365,6.354203e-04,0.026730,5.617098e-04,3.447413e+00,648,1,0,1,1,0
021_bleach_cleanser,s1_complete_only_021_bleach_cleanser_t22,complete_only,752,0.823377,0.039775,5.657082e-05,2.629882e-04,1104,0.026517,9.256787e-05,0.053033,6.588920e-05,4.724215e-02,64,1,0,1,1,1
021_bleach_cleanser,s1_complete_only_021_bleach_cleanser_t24,complete_only,418,0.871958,0.039692,1.810385e-04,7.362067e-04,1093,0.026461,2.688913e-04,0.052923,6.545975e-05,3.487357e-01,132,1,0,1,1,1
051_large_clamp,s3_epi_mean_051_large_clamp_t0,complete_epi,167,0.937020,0.030610,6.943951e-06,2.805678e-05,1719,0.020407,1.152242e-05,0.040814,9.179999e-06,5.107263e-01,332,1,0,1,1,1
051_large_clamp,s3_epi_mean_051_large_clamp_t1,complete_epi,3,0.965774,0.030303,4.928883e-07,2.008085e-06,1306,0.020202,9.772373e-07,0.040404,1.275059e-06,0.000000e+00,139,1,0,1,1,0
051_large_clamp,s3_epi_mean_051_large_clamp_t2,complete_epi,4,0.952790,0.030753,6.081427e-08,1.122850e-06,1074,0.020502,0.000000e+00,0.041004,3.570193e-07,0.000000e+00,222,1,0,1,1,0
051_large_clamp,s3_epi_mean_051_large_clamp_t3,complete_epi,44,0.963336,0.030421,2.884452e-06,1.474773e-05,2843,0.020281,3.126893e-06,0.040562,4.404782e-06,7.370253e-01,544,1,0,1,1,1
051_large_clamp,s3_epi_mean_051_large_clamp_t4,complete_epi,0,0.958875,0.029674,1.493194e-06,4.511420e-06,1555,0.019782,1.822840e-06,0.039565,1.488079e-06,4.314843e-01,418,1,0,1,1,1
051_large_clamp,s3_epi_mean_051_large_clamp_t5,complete_epi,1,0.961375,0.029715,1.006503e-06,5.065174e-06,972,0.019810,9.520027e-07,0.039620,1.022835e-06,0.000000e+00,164,1,0,1,1,0
051_large_clamp,s3_epi_mean_051_large_clamp_t6,complete_epi,37,0.971200,0.030096,2.512831e-05,1.611608e-04,1558,0.020064,1.723488e-05,0.040128,3.603302e-05,7.378944e-01,325,1,0,1,1,1
051_large_clamp,s3_epi_mean_051_large_clamp_t7,complete_epi,17,0.964811,0.028046,9.865876e-07,1.104319e-05,671,0.018697,9.873223e-07,0.037394,5.053764e-06,3.103585e-02,144,1,0,1,1,0
051_large_clamp,s3_epi_mean_051_large_clamp_t8,complete_epi,6,0.973612,0.031235,2.207529e-06,4.267474e-06,2143,0.020824,1.138015e-06,0.041647,7.772479e-06,2.561458e-01,385,1,0,1,1,0
051_large_clamp,s3_epi_mean_051_large_clamp_t9,complete_epi,8,0.965164,0.032623,1.015854e-06,2.238106e-06,1497,0.021748,7.305709e-07,0.043497,1.481311e-06,1.103700e-02,187,1,0,1,1,1
051_large_clamp,s3_epi_mean_051_large_clamp_t10,complete_epi,11,0.948294,0.025409,2.040081e-06,5.653690e-06,2386,0.016939,1.387806e-06,0.033878,2.877101e-06,4.321777e-01,499,1,0,1,1,0
051_large_clamp,s3_epi_mean_051_large_clamp_t11,complete_epi,2,0.952888,0.031390,0.000000e+00,0.000000e+00,679,0.020927,0.000000e+00,0.041853,0.000000e+00,0.000000e+00,145,1,0,1,1,0
051_large_clamp,s3_epi_mean_051_large_clamp_t12,complete_epi,1,0.972849,0.031658,2.211428e-06,2.440738e-05,2101,0.021105,1.113684e-06,0.042210,6.075948e-06,2.789102e-01,395,1,0,1,1,0
051_large_clamp,s3_epi_mean_051_large_clamp_t13,complete_epi,15,0.966316,0.032709,6.768798e-06,4.762931e-05,848,0.021806,7.600392e-06,0.043612,6.325282e-06,1.136812e-01,227,1,0,1,1,1
051_large_clamp,s3_epi_mean_051_large_clamp_t15,complete_epi,1,0.957496,0.031727,3.573572e-06,2.238027e-05,1039,0.021152,1.030147e-06,0.042303,5.995836e-06,8.297258e-03,151,1,0,1,1,1
051_large_clamp,s3_epi_mean_051_large_clamp_t16,complete_epi,4,0.969825,0.025826,1.766375e-07,1.770044e-06,795,0.017217,0.000000e+00,0.034434,9.016056e-07,0.000000e+00,245,1,0,1,1,0
051_large_clamp,s3_epi_mean_051_large_clamp_t17,complete_epi,5,0.962994,0.029686,9.284990e-08,1.490533e-06,922,0.019791,0.000000e+00,0.039581,4.493101e-07,0.000000e+00,212,1,0,1,1,1
051_large_clamp,s3_epi_mean_051_large_clamp_t18,complete_epi,5,0.960481,0.031721,7.908082e-07,0.000000e+00,815,0.021147,1.062316e-06,0.042294,2.678979e-06,0.000000e+00,163,1,0,1,1,1
051_large_clamp,s3_epi_mean_051_large_clamp_t19,complete_epi,60,0.941362,0.032095,3.218321e-07,0.000000e+00,768,0.021397,0.000000e+00,0.042793,5.047950e-06,0.000000e+00,144,1,0,1,1,1
051_large_clamp,s3_epi_mean_051_large_clamp_t20,complete_epi,6,0.967253,0.033578,2.093399e-06,1.196187e-05,2185,0.022385,7.905486e-07,0.044771,3.874671e-06,1.968189e-01,324,1,0,1,1,1
051_large_clamp,s3_epi_mean_051_large_clamp_t21,complete_epi,284,0.933762,0.030672,0.000000e+00,0.000000e+00,758,0.020448,0.000000e+00,0.040896,6.775153e-07,0.000000e+00,166,1,0,1,1,0
051_large_clamp,s3_epi_mean_051_large_clamp_t22,complete_epi,5,0.963884,0.031372,4.709344e-06,3.273410e-05,1198,0.020915,1.133110e-05,0.041829,1.410918e-05,6.237316e-03,156,1,0,1,1,0
051_large_clamp,s3_epi_mean_051_large_clamp_t23,complete_epi,0,0.970149,0.032420,1.533933e-06,3.850293e-06,2533,0.021614,1.606915e-06,0.043227,3.955797e-06,5.057303e-01,542,1,0,1,1,1
051_large_clamp,s3_epi_mean_051_large_clamp_t24,complete_epi,3,0.972660,0.031182,4.480271e-06,1.872723e-05,1131,0.020788,3.136042e-06,0.041576,1.003820e-05,3.992280e-02,157,1,0,1,1,1
005_tomato_soup_can,s0_partial_only_005_tomato_soup_can_t0,partial_only,0,0.963255,,,,,,,,,,,1,0,1,1,1
005_tomato_soup_can,s0_partial_only_005_tomato_soup_can_t1,partial_only,2,0.959434,,,,,,,,,,,1,0,1,1,1
005_tomato_soup_can,s0_partial_only_005_tomato_soup_can_t2,partial_only,11,0.955504,,,,,,,,,,,1,0,1,1,1
005_tomato_soup_can,s0_partial_only_005_tomato_soup_can_t4,partial_only,11,0.946045,,,,,,,,,,,1,0,1,1,1
005_tomato_soup_can,s0_partial_only_005_tomato_soup_can_t5,partial_only,0,0.955891,,,,,,,,,,,1,0,1,1,1
005_tomato_soup_can,s0_partial_only_005_tomato_soup_can_t6,partial_only,0,0.945588,,,,,,,,,,,1,0,1,1,0
005_tomato_soup_can,s0_partial_only_005_tomato_soup_can_t7,partial_only,0,0.963653,,,,,,,,,,,1,0,1,1,1
005_tomato_soup_can,s0_partial_only_005_tomato_soup_can_t8,partial_only,2,0.958420,,,,,,,,,,,1,0,1,1,1
005_tomato_soup_can,s0_partial_only_005_tomato_soup_can_t9,partial_only,0,0.957476,,,,,,,,,,,1,0,1,1,1
005_tomato_soup_can,s0_partial_only_005_tomato_soup_can_t10,partial_only,0,0.960429,,,,,,,,,,,1,0,1,1,0
005_tomato_soup_can,s0_partial_only_005_tomato_soup_can_t11,partial_only,0,0.946275,,,,,,,,,,,1,0,1,1,1
005_tomato_soup_can,s0_partial_only_005_tomato_soup_can_t12,partial_only,8,0.958303,,,,,,,,,,,1,0,1,1,1
005_tomato_soup_can,s0_partial_only_005_tomato_soup_can_t13,partial_only,4,0.930142,,,,,,,,,,,1,0,1,1,0
005_tomato_soup_can,s0_partial_only_005_tomato_soup_can_t14,partial_only,0,0.955811,,,,,,,,,,,1,0,1,1,1
005_tomato_soup_can,s0_partial_only_005_tomato_soup_can_t15,partial_only,2,0.948068,,,,,,,,,,,1,0,1,1,1
005_tomato_soup_can,s0_partial_only_005_tomato_soup_can_t17,partial_only,1,0.953346,,,,,,,,,,,1,0,1,1,1
005_tomato_soup_can,s0_partial_only_005_tomato_soup_can_t18,partial_only,0,0.966689,,,,,,,,,,,1,0,1,1,0
005_tomato_soup_can,s0_partial_only_005_tomato_soup_can_t19,partial_only,3,0.944961,,,,,,,,,,,1,0,1,1,0
005_tomato_soup_can,s0_partial_only_005_tomato_soup_can_t20,partial_only,1,0.945327,,,,,,,,,,,1,0,1,1,1
005_tomato_soup_can,s0_partial_only_005_tomato_soup_can_t21,partial_only,0,0.955602,,,,,,,,,,,1,0,1,1,1
005_tomato_soup_can,s0_partial_only_005_tomato_soup_can_t22,partial_only,0,0.941890,,,,,,,,,,,1,0,1,1,1
005_tomato_soup_can,s0_partial_only_005_tomato_soup_can_t23,partial_only,1761,0.398253,,,,,,,,,,,1,0,1,1,0
005_tomato_soup_can,s0_partial_only_005_tomato_soup_can_t24,partial_only,0,0.944873,,,,,,,,,,,1,0,1,1,1
035_power_drill,s0_partial_only_035_power_drill_t0,partial_only,29,0.941397,,,,,,,,,,,1,0,1,1,1
035_power_drill,s0_partial_only_035_power_drill_t1,partial_only,4,0.932170,,,,,,,,,,,1,0,1,1,0
035_power_drill,s0_partial_only_035_power_drill_t2,partial_only,156,0.961605,,,,,,,,,,,1,0,1,1,0
035_power_drill,s0_partial_only_035_power_drill_t3,partial_only,7,0.950833,,,,,,,,,,,1,0,1,1,1
035_power_drill,s0_partial_only_035_power_drill_t4,partial_only,271,0.922112,,,,,,,,,,,1,0,1,1,0
035_power_drill,s0_partial_only_035_power_drill_t5,partial_only,229,0.914349,,,,,,,,,,,1,0,1,1,0
035_power_drill,s0_partial_only_035_power_drill_t6,partial_only,49,0.934533,,,,,,,,,,,1,0,1,1,1
035_power_drill,s0_partial_only_035_power_drill_t7,partial_only,186,0.944964,,,,,,,,,,,1,0,1,1,1
035_power_drill,s0_partial_only_035_power_drill_t8,partial_only,35,0.944945,,,,,,,,,,,1,0,1,1,1
035_power_drill,s0_partial_only_035_power_drill_t10,partial_only,0,0.957382,,,,,,,,,,,1,0,1,1,1
035_power_drill,s0_partial_only_035_power_drill_t11,partial_only,109,0.953182,,,,,,,,,,,1,0,1,1,0
035_power_drill,s0_partial_only_035_power_drill_t12,partial_only,58,0.943130,,,,,,,,,,,1,0,1,1,1
035_power_drill,s0_partial_only_035_power_drill_t13,partial_only,50,0.940920,,,,,,,,,,,1,0,1,1,1
035_power_drill,s0_partial_only_035_power_drill_t15,partial_only,567,0.928415,,,,,,,,,,,1,0,1,1,0
035_power_drill,s0_partial_only_035_power_drill_t16,partial_only,0,0.942429,,,,,,,,,,,1,0,1,1,0
035_power_drill,s0_partial_only_035_power_drill_t18,partial_only,0,0.945262,,,,,,,,,,,1,0,1,1,1
035_power_drill,s0_partial_only_035_power_drill_t19,partial_only,0,0.935271,,,,,,,,,,,1,0,1,1,1
035_power_drill,s0_partial_only_035_power_drill_t20,partial_only,40,0.965638,,,,,,,,,,,1,0,1,1,0
035_power_drill,s0_partial_only_035_power_drill_t21,partial_only,0,0.960495,,,,,,,,,,,1,0,1,1,1
035_power_drill,s0_partial_only_035_power_drill_t22,partial_only,875,0.903630,,,,,,,,,,,1,0,1,1,0
035_power_drill,s0_partial_only_035_power_drill_t23,partial_only,84,0.870310,,,,,,,,,,,1,0,1,1,0
035_power_drill,s0_partial_only_035_power_drill_t24,partial_only,145,0.953400,,,,,,,,,,,1,0,1,1,1
021_bleach_cleanser,s0_complete_only_021_bleach_cleanser_t0,complete_only,313,0.860061,0.039125,2.035009e-05,1.857136e-04,560,0.026083,0.000000e+00,0.052167,2.914476e-05,0.000000e+00,45,1,0,1,1,0
021_bleach_cleanser,s0_complete_only_021_bleach_cleanser_t1,complete_only,23,0.937545,0.040046,5.077899e-05,2.934447e-04,1326,0.026697,4.683799e-05,0.053394,3.707486e-05,0.000000e+00,147,1,0,1,1,1
021_bleach_cleanser,s0_complete_only_021_bleach_cleanser_t3,complete_only,0,0.953081,0.040134,3.971518e-05,2.318391e-04,1720,0.026756,9.523501e-05,0.053511,5.199368e-05,4.196631e-02,77,1,0,1,1,1
021_bleach_cleanser,s0_complete_only_021_bleach_cleanser_t5,complete_only,66,0.906061,0.040043,1.795412e-05,6.414753e-05,1117,0.026695,1.994098e-05,0.053390,1.475432e-05,2.570037e-01,121,1,0,1,1,0
021_bleach_cleanser,s0_complete_only_021_bleach_cleanser_t6,complete_only,22,0.937577,0.039145,1.306192e-05,6.862471e-06,1111,0.026097,2.382290e-06,0.052194,2.875851e-05,0.000000e+00,68,1,0,1,1,0
021_bleach_cleanser,s0_complete_only_021_bleach_cleanser_t7,complete_only,226,0.905559,0.039568,1.615461e-06,3.930037e-06,1440,0.026379,1.779763e-06,0.052757,1.550522e-06,3.448369e-03,232,1,0,1,1,1
021_bleach_cleanser,s0_complete_only_021_bleach_cleanser_t8,complete_only,0,0.946777,0.022722,8.505444e-06,1.962229e-05,1584,0.015148,7.810958e-06,0.030296,8.890802e-06,1.284743e-01,415,1,0,1,1,0
021_bleach_cleanser,s0_complete_only_021_bleach_cleanser_t9,complete_only,67,0.939806,0.039080,1.477814e-05,3.198416e-05,919,0.026054,3.297194e-06,0.052107,2.715309e-05,0.000000e+00,100,1,0,1,1,0
021_bleach_cleanser,s0_complete_only_021_bleach_cleanser_t10,complete_only,7,0.922327,0.039355,1.489814e-04,6.698076e-04,471,0.026237,1.277957e-04,0.052474,9.496589e-05,4.097995e-01,176,1,0,1,1,0
021_bleach_cleanser,s0_complete_only_021_bleach_cleanser_t11,complete_only,0,0.948475,0.039628,1.505432e-04,6.987913e-04,952,0.026419,1.493776e-04,0.052837,1.210191e-04,3.277035e-01,150,1,0,1,1,1
021_bleach_cleanser,s0_complete_only_021_bleach_cleanser_t12,complete_only,107,0.923234,0.040854,6.086733e-05,2.212414e-04,1438,0.027236,7.373494e-05,0.054473,3.225437e-05,1.709862e-01,140,1,0,1,1,1
021_bleach_cleanser,s0_complete_only_021_bleach_cleanser_t13,complete_only,4,0.964477,0.029129,5.713416e-06,3.400950e-05,892,0.019419,1.374895e-08,0.038839,1.082165e-05,0.000000e+00,147,1,0,1,1,0
021_bleach_cleanser,s0_complete_only_021_bleach_cleanser_t14,complete_only,0,0.958858,0.026803,9.209102e-06,4.459701e-05,1013,0.017868,1.237184e-05,0.035737,8.851904e-06,5.471597e-01,229,1,0,1,1,0
021_bleach_cleanser,s0_complete_only_021_bleach_cleanser_t15,complete_only,537,0.879282,0.039320,7.475450e-06,6.927579e-05,632,0.026213,0.000000e+00,0.052427,1.686882e-05,0.000000e+00,116,1,0,1,1,0
021_bleach_cleanser,s0_complete_only_021_bleach_cleanser_t16,complete_only,54,0.939443,0.039436,5.925817e-05,3.163487e-04,953,0.026291,5.286301e-05,0.052581,3.479255e-05,0.000000e+00,101,1,0,1,1,1
021_bleach_cleanser,s0_complete_only_021_bleach_cleanser_t17,complete_only,50,0.920830,0.039977,3.694614e-05,2.046949e-04,1034,0.026651,5.744701e-05,0.053303,2.955095e-05,1.350595e-02,140,1,0,1,1,0
021_bleach_cleanser,s0_complete_only_021_bleach_cleanser_t18,complete_only,78,0.907142,0.038677,4.791147e-05,3.326529e-04,1067,0.025785,5.211394e-05,0.051569,3.336914e-05,1.829734e-01,157,1,0,1,1,1
021_bleach_cleanser,s0_complete_only_021_bleach_cleanser_t19,complete_only,12,0.938444,0.040111,1.235367e-05,5.103993e-05,1065,0.026741,5.857901e-06,0.053481,2.372620e-05,0.000000e+00,70,1,0,1,1,0
021_bleach_cleanser,s0_complete_only_021_bleach_cleanser_t20,complete_only,52,0.932234,0.039532,3.283379e-05,3.067029e-04,1099,0.026354,1.576271e-06,0.052709,4.096111e-05,0.000000e+00,83,1,0,1,1,1
021_bleach_cleanser,s0_complete_only_021_bleach_cleanser_t22,complete_only,676,0.845699,0.039430,2.344649e-04,9.217075e-04,1247,0.026287,3.264412e-04,0.052573,7.509967e-05,4.371675e-01,161,1,0,1,1,1
021_bleach_cleanser,s0_complete_only_021_bleach_cleanser_t23,complete_only,275,0.913991,0.050918,2.251736e-04,1.197188e-03,2559,0.033945,2.577776e-04,0.067891,2.253882e-04,6.525023e-01,361,1,0,1,1,0
021_bleach_cleanser,s0_complete_only_021_bleach_cleanser_t24,complete_only,101,0.896069,0.012438,1.112240e-06,3.370646e-06,774,0.008292,1.049923e-06,0.016583,1.122959e-06,5.607827e-02,581,1,0,1,1,0
061_foam_brick,s0_complete_only_061_foam_brick_t0,complete_only,574,0.892803,0.016189,2.216143e-04,6.591386e-04,582,0.010793,1.939868e-04,0.021586,2.143558e-04,1.991680e+00,1257,1,0,1,1,1
061_foam_brick,s0_complete_only_061_foam_brick_t1,complete_only,14,0.962966,0.016511,1.622340e-06,3.412321e-06,573,0.011007,7.545112e-06,0.022014,3.030629e-06,1.163307e+00,1419,1,0,1,1,0
061_foam_brick,s0_complete_only_061_foam_brick_t2,complete_only,1007,0.824317,0.016800,3.001667e-04,9.193673e-04,788,0.011200,5.847294e-04,0.022399,2.178443e-04,1.457902e+00,1021,1,0,1,1,1
061_foam_brick,s0_complete_only_061_foam_brick_t3,complete_only,1253,0.643161,0.017020,1.104609e-05,6.379587e-05,1254,0.011347,9.031757e-06,0.022694,1.295330e-05,1.907290e+00,1417,1,0,1,1,1
061_foam_brick,s0_complete_only_061_foam_brick_t4,complete_only,163,0.963593,0.017052,3.984291e-04,1.100913e-03,612,0.011368,4.570807e-04,0.022736,6.198978e-05,8.314028e-01,1015,1,0,1,1,1
061_foam_brick,s0_complete_only_061_foam_brick_t5,complete_only,982,0.834329,0.016749,5.898734e-04,1.874847e-03,361,0.011166,5.130588e-04,0.022332,3.747370e-04,1.620145e+00,978,1,0,1,1,1
061_foam_brick,s0_complete_only_061_foam_brick_t6,complete_only,3,0.952159,0.016895,1.293934e-05,4.097476e-05,573,0.011264,1.226961e-05,0.022527,4.178065e-05,1.615881e+00,934,1,0,1,1,1
061_foam_brick,s0_complete_only_061_foam_brick_t7,complete_only,438,0.922361,0.017230,8.834054e-07,1.520723e-06,1136,0.011486,6.429177e-07,0.022973,9.599792e-07,1.219443e+00,1656,1,0,1,1,1
061_foam_brick,s0_complete_only_061_foam_brick_t8,complete_only,214,0.932143,0.016970,4.917931e-06,9.643332e-06,1046,0.011313,3.673935e-06,0.022626,6.844667e-06,1.752891e+00,1513,1,0,1,1,1
061_foam_brick,s0_complete_only_061_foam_brick_t9,complete_only,0,0.969467,0.016646,2.837661e-05,1.870289e-04,750,0.011097,1.140430e-06,0.022194,4.354089e-05,1.611687e+00,1001,1,0,1,1,1
061_foam_brick,s0_complete_only_061_foam_brick_t10,complete_only,1156,0.802108,0.016583,2.056184e-04,1.078454e-03,578,0.011055,4.382981e-04,0.022110,1.419816e-04,1.006475e+00,1048,1,0,1,1,1
061_foam_brick,s0_complete_only_061_foam_brick_t11,complete_only,1220,0.743210,0.015989,1.998394e-04,1.068653e-03,386,0.010660,7.285333e-05,0.021319,9.843355e-05,8.762375e-01,1070,1,0,1,1,1
061_foam_brick,s0_complete_only_061_foam_brick_t12,complete_only,0,0.975178,0.016430,4.114577e-05,3.448568e-04,663,0.010953,3.457426e-05,0.021907,6.005417e-05,1.526417e+00,1036,1,0,1,1,1
061_foam_brick,s0_complete_only_061_foam_brick_t13,complete_only,110,0.927051,0.015856,1.409351e-05,5.913647e-05,673,0.010571,2.170520e-05,0.021142,3.927154e-05,1.702150e+00,1261,1,0,1,1,1
061_foam_brick,s0_complete_only_061_foam_brick_t14,complete_only,567,0.902471,0.016155,2.317457e-05,6.445474e-05,303,0.010770,3.675766e-05,0.021540,2.657127e-05,8.727729e-01,895,1,0,1,1,1
061_foam_brick,s0_complete_only_061_foam_brick_t15,complete_only,734,0.900880,0.017141,2.608325e-06,1.019296e-05,846,0.011427,5.039646e-06,0.022855,9.215606e-06,3.046029e+00,1838,1,0,1,1,1
061_foam_brick,s0_complete_only_061_foam_brick_t16,complete_only,0,0.971370,0.016790,4.712520e-05,2.948427e-04,1083,0.011193,3.950740e-06,0.022386,6.642680e-05,1.229193e+00,977,1,0,1,1,1
061_foam_brick,s0_complete_only_061_foam_brick_t17,complete_only,622,0.890557,0.017898,5.520123e-07,1.007483e-06,1272,0.011932,5.620436e-07,0.023864,6.122764e-07,1.026816e+00,1610,1,0,1,1,1
061_foam_brick,s0_complete_only_061_foam_brick_t18,complete_only,324,0.959954,0.017224,2.994073e-05,1.874469e-04,393,0.011483,2.839080e-05,0.022966,1.787579e-05,1.236437e+00,871,1,0,1,1,1
061_foam_brick,s0_complete_only_061_foam_brick_t19,complete_only,83,0.957693,0.016468,5.467175e-06,1.521167e-05,403,0.010979,2.166648e-06,0.021958,1.489034e-05,1.419460e+00,941,1,0,1,1,1
061_foam_brick,s0_complete_only_061_foam_brick_t20,complete_only,0,0.960431,0.016635,9.196958e-06,3.056945e-06,931,0.011090,6.104407e-07,0.022180,1.524863e-05,7.735975e-01,894,1,0,1,1,1
061_foam_brick,s0_complete_only_061_foam_brick_t21,complete_only,243,0.935751,0.017097,4.943148e-07,8.341078e-07,1041,0.011398,4.937216e-07,0.022796,5.577293e-07,8.970380e-01,1584,1,0,1,1,0
061_foam_brick,s0_complete_only_061_foam_brick_t22,complete_only,387,0.888112,0.016099,4.492328e-04,1.095588e-03,557,0.010733,4.946699e-04,0.021465,3.570468e-04,1.697612e+00,945,1,0,1,1,1
061_foam_brick,s0_complete_only_061_foam_brick_t23,complete_only,1049,0.795534,0.017252,7.502501e-04,2.656417e-03,318,0.011501,1.325400e-03,0.023002,5.084422e-04,1.178259e+00,1124,1,0,1,1,1
061_foam_brick,s0_complete_only_061_foam_brick_t24,complete_only,655,0.896693,0.017210,4.853343e-07,9.142784e-07,851,0.011473,3.733613e-07,0.022946,4.903607e-07,1.233458e+00,2032,1,0,1,1,1
010_potted_meat_can,s0_epi_max_010_potted_meat_can_t0,complete_epi,51,0.856601,0.021554,1.184569e-06,3.828362e-06,599,0.014369,1.197900e-06,0.028739,3.471471e-06,2.051209e-01,428,1,0,1,1,1
010_potted_meat_can,s0_epi_max_010_potted_meat_can_t1,complete_epi,142,0.856212,0.020697,2.083468e-05,5.947476e-06,904,0.013798,1.157715e-06,0.027595,2.451369e-05,6.623599e-01,783,1,0,1,1,1
010_potted_meat_can,s0_epi_max_010_potted_meat_can_t2,complete_epi,1045,0.898897,0.014125,6.385555e-07,1.489559e-06,1431,0.009417,7.319966e-07,0.018833,6.640834e-07,1.428459e+00,3818,1,0,1,1,0
010_potted_meat_can,s0_epi_max_010_potted_meat_can_t3,complete_epi,65,0.831369,0.020494,1.860646e-06,4.045000e-06,640,0.013663,9.700795e-07,0.027326,3.333594e-06,5.458323e-01,678,1,0,1,1,0
010_potted_meat_can,s0_epi_max_010_potted_meat_can_t4,complete_epi,9,0.798981,0.021121,2.106861e-06,5.917705e-06,542,0.014081,1.881023e-06,0.028161,2.245622e-06,3.971475e-01,517,1,0,1,1,0
010_potted_meat_can,s0_epi_max_010_potted_meat_can_t5,complete_epi,22,0.774917,0.021063,5.010719e-06,3.145280e-06,725,0.014042,5.162518e-06,0.028084,4.822535e-06,7.859315e-01,913,1,0,1,1,1
010_potted_meat_can,s0_epi_max_010_potted_meat_can_t6,complete_epi,1,0.927147,0.020807,1.007775e-06,3.401191e-06,457,0.013871,8.322920e-07,0.027743,9.302156e-07,2.966926e-01,499,1,0,1,1,1
010_potted_meat_can,s0_epi_max_010_potted_meat_can_t7,complete_epi,549,0.833027,0.019663,9.275476e-07,2.785459e-06,652,0.013109,1.274349e-06,0.026218,2.891015e-06,3.655275e-01,652,1,0,1,1,1
010_potted_meat_can,s0_epi_max_010_potted_meat_can_t8,complete_epi,8,0.906830,0.020553,2.432093e-06,8.799555e-06,762,0.013702,2.125871e-06,0.027404,2.682005e-06,5.384721e-01,656,1,0,1,1,0
010_potted_meat_can,s0_epi_max_010_potted_meat_can_t9,complete_epi,0,0.865003,0.021147,4.323578e-06,1.769710e-05,357,0.014098,5.807490e-06,0.028196,3.057235e-06,2.705856e-01,434,1,0,1,1,1
010_potted_meat_can,s0_epi_max_010_potted_meat_can_t10,complete_epi,58,0.795190,0.021252,5.129182e-06,2.867171e-05,993,0.014168,5.254922e-06,0.028336,5.762285e-06,6.525491e-01,712,1,0,1,1,1
010_potted_meat_can,s0_epi_max_010_potted_meat_can_t11,complete_epi,19,0.824973,0.021205,4.213142e-06,1.819143e-05,980,0.014136,4.243652e-06,0.028273,4.115412e-06,7.256998e-01,785,1,0,1,1,1
010_potted_meat_can,s0_epi_max_010_potted_meat_can_t12,complete_epi,512,0.728270,0.020976,1.486245e-06,4.281615e-06,588,0.013984,1.404832e-06,0.027968,6.471143e-06,4.012884e-01,488,1,0,1,1,1
010_potted_meat_can,s0_epi_max_010_potted_meat_can_t13,complete_epi,7,0.876152,0.020955,1.306147e-06,4.228297e-06,576,0.013970,1.405349e-06,0.027941,1.289052e-05,2.921084e-01,495,1,0,1,1,1
010_potted_meat_can,s0_epi_max_010_potted_meat_can_t14,complete_epi,28,0.816514,0.021144,2.777348e-06,3.035018e-06,587,0.014096,1.635354e-06,0.028192,4.283601e-06,5.959395e-01,734,1,0,1,1,1
010_potted_meat_can,s0_epi_max_010_potted_meat_can_t15,complete_epi,0,0.868278,0.025309,3.951711e-06,2.491638e-05,1435,0.016873,2.894227e-06,0.033745,4.879607e-06,5.556317e-01,688,1,0,1,1,0
010_potted_meat_can,s0_epi_max_010_potted_meat_can_t16,complete_epi,98,0.787941,0.021100,2.049525e-06,8.142389e-06,449,0.014067,2.344798e-07,0.028133,4.617605e-06,4.587433e-01,483,1,0,1,1,1
010_potted_meat_can,s0_epi_max_010_potted_meat_can_t17,complete_epi,0,0.927877,0.020228,2.524263e-06,9.498431e-06,712,0.013485,2.717582e-06,0.026971,2.107850e-06,5.038311e-01,697,1,0,1,1,1
010_potted_meat_can,s0_epi_max_010_potted_meat_can_t18,complete_epi,73,0.851246,0.021235,1.394335e-06,3.412694e-06,662,0.014157,1.569274e-06,0.028314,3.011364e-06,3.753944e-01,588,1,0,1,1,1
010_potted_meat_can,s0_epi_max_010_potted_meat_can_t19,complete_epi,1,0.911321,0.020789,7.170247e-07,1.941828e-06,641,0.013860,6.847452e-07,0.027719,1.507222e-05,3.842207e-01,611,1,0,1,1,1
010_potted_meat_can,s0_epi_max_010_potted_meat_can_t20,complete_epi,0,0.931757,0.021353,8.110417e-06,1.224100e-05,547,0.014235,6.829297e-06,0.028470,8.427300e-06,4.136488e-01,442,1,0,1,1,0
010_potted_meat_can,s0_epi_max_010_potted_meat_can_t21,complete_epi,1,0.909006,0.020009,9.858220e-06,1.952218e-06,650,0.013339,3.125186e-07,0.026678,1.032849e-05,3.388413e-01,605,1,0,1,1,1
010_potted_meat_can,s0_epi_max_010_potted_meat_can_t22,complete_epi,221,0.780216,0.020885,9.014828e-07,2.164384e-06,606,0.013923,6.126380e-07,0.027847,9.946431e-07,3.141464e-01,503,1,0,1,1,0
010_potted_meat_can,s0_epi_max_010_potted_meat_can_t23,complete_epi,9,0.848805,0.020870,4.133972e-06,5.516030e-06,538,0.013914,2.049583e-06,0.027827,4.399728e-06,3.855249e-01,614,1,0,1,1,1
010_potted_meat_can,s0_epi_max_010_potted_meat_can_t24,complete_epi,1,0.912877,0.019800,1.008350e-06,4.619046e-06,686,0.013200,1.118649e-06,0.026400,9.294811e-07,3.103060e-01,615,1,0,1,1,1
005_tomato_soup_can,s0_epi_mean_005_tomato_soup_can_t0,complete_epi,11,0.880369,0.019010,3.821154e-07,1.946443e-06,407,0.012673,2.138314e-07,0.025346,6.382339e-07,2.031011e-01,607,1,0,1,1,1
005_tomato_soup_can,s0_epi_mean_005_tomato_soup_can_t1,complete_epi,68,0.861162,0.019031,6.103582e-07,1.540363e-06,668,0.012687,8.086822e-07,0.025374,8.210697e-07,3.833971e-01,765,1,0,1,1,1
005_tomato_soup_can,s0_epi_mean_005_tomato_soup_can_t2,complete_epi,14,0.888273,0.019127,5.234930e-07,1.379793e-06,618,0.012752,7.696921e-07,0.025503,7.679524e-07,4.346310e-01,876,1,0,1,1,0
005_tomato_soup_can,s0_epi_mean_005_tomato_soup_can_t3,complete_epi,38,0.878187,0.019008,6.366307e-07,1.691142e-06,586,0.012672,7.761918e-07,0.025344,6.728533e-07,3.707784e-01,755,1,0,1,1,1
005_tomato_soup_can,s0_epi_mean_005_tomato_soup_can_t4,complete_epi,49,0.886516,0.018918,4.560185e-07,2.522920e-06,480,0.012612,5.291221e-07,0.025223,7.652034e-07,2.584231e-01,683,1,0,1,1,1
005_tomato_soup_can,s0_epi_mean_005_tomato_soup_can_t5,complete_epi,575,0.771876,0.026613,9.361213e-06,1.022505e-05,1182,0.017742,1.794109e-06,0.035484,1.010858e-05,1.150418e+00,830,1,0,1,1,1
005_tomato_soup_can,s0_epi_mean_005_tomato_soup_can_t6,complete_epi,18,0.857091,0.032931,9.187194e-06,3.127896e-05,2472,0.021954,3.458751e-06,0.043907,2.336678e-05,5.618082e-01,758,1,0,1,1,1
005_tomato_soup_can,s0_epi_mean_005_tomato_soup_can_t7,complete_epi,9,0.895648,0.018857,5.791299e-07,1.528274e-06,706,0.012571,7.115894e-07,0.025142,8.014940e-07,4.604130e-01,851,1,0,1,1,1
005_tomato_soup_can,s0_epi_mean_005_tomato_soup_can_t8,complete_epi,53,0.847751,0.021897,6.772647e-07,2.706776e-06,995,0.014598,8.434338e-07,0.029196,9.571002e-07,4.937837e-01,948,1,0,1,1,0
005_tomato_soup_can,s0_epi_mean_005_tomato_soup_can_t9,complete_epi,57,0.862739,0.018790,5.993754e-07,1.523472e-06,649,0.012527,7.898953e-07,0.025053,8.109755e-07,4.230267e-01,834,1,0,1,1,1
005_tomato_soup_can,s0_epi_mean_005_tomato_soup_can_t10,complete_epi,29,0.881754,0.018970,5.419213e-07,1.799880e-06,486,0.012646,6.552124e-07,0.025293,5.793260e-07,3.158512e-01,703,1,0,1,1,1
005_tomato_soup_can,s0_epi_mean_005_tomato_soup_can_t11,complete_epi,44,0.875064,0.019049,4.806530e-07,1.600101e-06,486,0.012699,5.040418e-07,0.025398,5.667291e-07,3.565324e-01,743,1,0,1,1,1
005_tomato_soup_can,s0_epi_mean_005_tomato_soup_can_t12,complete_epi,44,0.875221,0.018999,5.801249e-07,1.425116e-06,701,0.012666,8.038765e-07,0.025332,8.376624e-07,4.520080e-01,852,1,0,1,1,1
005_tomato_soup_can,s0_epi_mean_005_tomato_soup_can_t13,complete_epi,14,0.881041,0.018985,5.885581e-07,1.433278e-06,697,0.012656,6.990649e-07,0.025313,7.471558e-07,4.603556e-01,917,1,0,1,1,1
005_tomato_soup_can,s0_epi_mean_005_tomato_soup_can_t14,complete_epi,24,0.889236,0.019037,5.502051e-07,1.733208e-06,556,0.012692,6.063252e-07,0.025383,6.305675e-07,2.958794e-01,718,1,0,1,1,1
005_tomato_soup_can,s0_epi_mean_005_tomato_soup_can_t15,complete_epi,18,0.864839,0.018854,4.776512e-07,1.891590e-06,370,0.012570,2.999392e-07,0.025139,7.647740e-07,2.456254e-01,576,1,0,1,1,1
005_tomato_soup_can,s0_epi_mean_005_tomato_soup_can_t16,complete_epi,179,0.847448,0.018864,5.256019e-07,1.350031e-06,591,0.012576,6.750750e-07,0.025152,7.405781e-07,3.417617e-01,727,1,0,1,1,1
005_tomato_soup_can,s0_epi_mean_005_tomato_soup_can_t17,complete_epi,17,0.888588,0.018927,5.471282e-07,1.508925e-06,672,0.012618,7.016931e-07,0.025236,7.776404e-07,3.733183e-01,798,1,0,1,1,1
005_tomato_soup_can,s0_epi_mean_005_tomato_soup_can_t18,complete_epi,17,0.887690,0.018666,5.361864e-07,1.794479e-06,494,0.012444,5.228911e-07,0.024888,5.899135e-07,2.932547e-01,728,1,0,1,1,1
005_tomato_soup_can,s0_epi_mean_005_tomato_soup_can_t19,complete_epi,20,0.874777,0.018985,5.354916e-07,1.396996e-06,632,0.012656,7.676525e-07,0.025313,7.702680e-07,3.947244e-01,829,1,0,1,1,1
005_tomato_soup_can,s0_epi_mean_005_tomato_soup_can_t20,complete_epi,9,0.887265,0.019021,5.390405e-07,1.407594e-06,664,0.012681,6.977540e-07,0.025361,7.539010e-07,4.357063e-01,879,1,0,1,1,1
005_tomato_soup_can,s0_epi_mean_005_tomato_soup_can_t21,complete_epi,13,0.879716,0.019133,5.699716e-07,1.524550e-06,677,0.012755,7.938274e-07,0.025511,7.877771e-07,4.305279e-01,857,1,0,1,1,1
005_tomato_soup_can,s0_epi_mean_005_tomato_soup_can_t22,complete_epi,30,0.887064,0.019251,5.653578e-07,1.480616e-06,636,0.012834,8.066482e-07,0.025668,8.043045e-07,4.023086e-01,809,1,0,1,1,1
005_tomato_soup_can,s0_epi_mean_005_tomato_soup_can_t23,complete_epi,55,0.868894,0.019041,6.181554e-07,1.548217e-06,684,0.012694,8.146680e-07,0.025388,8.179658e-07,5.056996e-01,920,1,0,1,1,0
005_tomato_soup_can,s0_epi_mean_005_tomato_soup_can_t24,complete_epi,15,0.874849,0.018929,5.777630e-07,1.479525e-06,703,0.012620,8.255230e-07,0.025239,8.247510e-07,4.247843e-01,871,1,0,1,1,1
035_power_drill,s0_epi_mean_035_power_drill_t0,complete_epi,329,0.876916,0.041577,4.464468e-07,0.000000e+00,522,0.027718,0.000000e+00,0.055436,8.792739e-06,0.000000e+00,146,1,0,1,1,1
035_power_drill,s0_epi_mean_035_power_drill_t1,complete_epi,154,0.867574,0.038865,2.425885e-06,1.780544e-05,1199,0.025910,3.467839e-06,0.051821,5.114157e-06,0.000000e+00,185,1,0,1,1,1
035_power_drill,s0_epi_mean_035_power_drill_t2,complete_epi,2,0.958466,0.020522,2.321484e-05,1.193495e-04,1045,0.013681,6.639329e-05,0.027362,3.665597e-05,2.036594e+00,799,1,0,1,1,0
035_power_drill,s0_epi_mean_035_power_drill_t3,complete_epi,459,0.859679,0.040212,6.167496e-07,9.787283e-06,574,0.026808,0.000000e+00,0.053617,1.345293e-06,0.000000e+00,116,1,0,1,1,0
035_power_drill,s0_epi_mean_035_power_drill_t4,complete_epi,139,0.892026,0.041696,7.099004e-07,8.146719e-06,954,0.027797,0.000000e+00,0.055595,3.044193e-06,0.000000e+00,172,1,0,1,1,1
035_power_drill,s0_epi_mean_035_power_drill_t5,complete_epi,99,0.886378,0.043453,0.000000e+00,0.000000e+00,489,0.028968,0.000000e+00,0.057937,2.686451e-06,0.000000e+00,82,1,0,1,1,0
035_power_drill,s0_epi_mean_035_power_drill_t6,complete_epi,162,0.869056,0.039361,2.720369e-06,7.378591e-06,1108,0.026240,1.778731e-06,0.052481,6.541550e-06,0.000000e+00,155,1,0,1,1,1
035_power_drill,s0_epi_mean_035_power_drill_t7,complete_epi,0,0.815265,0.007765,3.240918e-05,2.171267e-04,3293,0.005176,3.660523e-04,0.010353,2.365432e-05,3.176484e+00,6857,0,0,1,1,
035_power_drill,s0_epi_mean_035_power_drill_t8,complete_epi,37,0.893174,0.048735,3.497698e-04,2.636679e-03,820,0.032490,2.415552e-04,0.064980,4.703771e-04,3.808616e-01,90,1,0,1,1,0
035_power_drill,s0_epi_mean_035_power_drill_t9,complete_epi,4,0.930632,0.039388,0.000000e+00,0.000000e+00,587,0.026259,0.000000e+00,0.052518,1.048531e-06,0.000000e+00,170,1,0,1,1,1
035_power_drill,s0_epi_mean_035_power_drill_t11,complete_epi,564,0.792312,0.045985,2.238301e-05,1.612372e-04,919,0.030657,1.820415e-05,0.061313,8.427073e-05,0.000000e+00,128,1,0,1,1,0
035_power_drill,s0_epi_mean_035_power_drill_t12,complete_epi,375,0.849249,0.042635,3.444087e-05,2.762000e-04,845,0.028423,4.370299e-05,0.056847,6.246737e-05,5.566272e-02,155,1,0,1,1,1
035_power_drill,s0_epi_mean_035_power_drill_t13,complete_epi,0,0.970899,0.015694,3.049863e-05,1.349586e-04,1385,0.010462,5.644830e-05,0.020925,3.703738e-05,3.829551e+00,2887,0,0,1,1,
035_power_drill,s0_epi_mean_035_power_drill_t14,complete_epi,0,0.953602,0.033289,9.796877e-07,6.611175e-06,864,0.022193,1.976737e-06,0.044385,3.735779e-06,2.330609e-01,275,1,0,1,1,1
035_power_drill,s0_epi_mean_035_power_drill_t15,complete_epi,300,0.889321,0.043007,1.642668e-05,0.000000e+00,651,0.028671,1.685230e-05,0.057343,3.845458e-05,0.000000e+00,129,1,0,1,1,1
035_power_drill,s0_epi_mean_035_power_drill_t16,complete_epi,35,0.906236,0.038823,1.157273e-06,8.763054e-06,966,0.025882,3.049487e-06,0.051764,3.393146e-06,1.782520e-01,231,1,0,1,1,1
035_power_drill,s0_epi_mean_035_power_drill_t18,complete_epi,461,0.833261,0.041011,1.267349e-06,6.293421e-06,927,0.027341,8.106535e-07,0.054682,6.936735e-06,0.000000e+00,136,1,0,1,1,0
035_power_drill,s0_epi_mean_035_power_drill_t19,complete_epi,191,0.875012,0.039470,3.311845e-06,9.224305e-06,1416,0.026313,2.748748e-06,0.052626,4.629557e-06,2.538078e-02,185,1,0,1,1,1
035_power_drill,s0_epi_mean_035_power_drill_t21,complete_epi,273,0.878905,0.037235,1.924654e-05,1.387223e-04,2258,0.024823,2.255746e-05,0.049647,2.363665e-05,1.804431e+00,801,1,0,1,1,0
035_power_drill,s0_epi_mean_035_power_drill_t22,complete_epi,164,0.842775,0.039848,4.483388e-07,0.000000e+00,884,0.026565,0.000000e+00,0.053131,7.085058e-06,0.000000e+00,156,1,0,1,1,0
035_power_drill,s0_epi_mean_035_power_drill_t23,complete_epi,196,0.897125,0.041512,1.436300e-04,1.216497e-03,2054,0.027675,4.287184e-04,0.055350,1.656990e-04,1.547120e+00,104,1,0,1,1,0
035_power_drill,s0_epi_mean_035_power_drill_t24,complete_epi,439,0.850146,0.043959,1.688716e-05,5.574162e-05,2371,0.029306,3.375393e-05,0.058612,3.713834e-05,1.256186e+00,739,1,0,1,1,0
021_bleach_cleanser,s0_hetero_patch_021_bleach_cleanser_t0,hetero_patch,258,0.872189,0.039125,4.483635e-06,3.186025e-05,1125,0.026083,1.509509e-06,0.052167,8.539627e-06,0.000000e+00,59,1,0,1,1,1
021_bleach_cleanser,s0_hetero_patch_021_bleach_cleanser_t1,hetero_patch,5,0.935166,0.039864,4.810819e-05,2.867793e-04,972,0.026576,4.801988e-05,0.053151,3.499511e-05,0.000000e+00,101,1,0,1,1,1
021_bleach_cleanser,s0_hetero_patch_021_bleach_cleanser_t2,hetero_patch,81,0.914785,0.039732,3.676222e-05,1.139100e-04,866,0.026488,4.729038e-05,0.052976,2.309484e-05,2.264632e-01,94,1,0,1,1,1
021_bleach_cleanser,s0_hetero_patch_021_bleach_cleanser_t3,hetero_patch,20,0.941824,0.039821,3.828124e-05,1.850445e-04,1265,0.026548,6.599479e-05,0.053095,3.014800e-05,4.266598e-02,74,1,0,1,1,1
021_bleach_cleanser,s0_hetero_patch_021_bleach_cleanser_t5,hetero_patch,19,0.928688,0.039743,1.697563e-05,4.407074e-05,1054,0.026495,1.793410e-05,0.052991,1.231870e-05,4.065555e-01,144,1,0,1,1,0
021_bleach_cleanser,s0_hetero_patch_021_bleach_cleanser_t6,hetero_patch,53,0.934668,0.039128,1.517929e-08,0.000000e+00,529,0.026085,0.000000e+00,0.052171,3.094224e-06,0.000000e+00,69,1,0,1,1,1
021_bleach_cleanser,s0_hetero_patch_021_bleach_cleanser_t7,hetero_patch,0,0.936468,0.048954,2.366019e-05,1.004419e-04,2906,0.032636,2.152311e-05,0.065272,2.797712e-05,6.568023e-01,396,1,0,1,1,1
021_bleach_cleanser,s0_hetero_patch_021_bleach_cleanser_t8,hetero_patch,658,0.827357,0.038759,3.681415e-05,1.594229e-04,1390,0.025839,5.346525e-05,0.051678,2.458390e-05,8.688328e-02,138,1,0,1,1,1
021_bleach_cleanser,s0_hetero_patch_021_bleach_cleanser_t9,hetero_patch,5,0.958778,0.026740,4.474425e-07,0.000000e+00,867,0.017826,0.000000e+00,0.035653,2.967815e-06,0.000000e+00,243,1,0,1,1,1
021_bleach_cleanser,s0_hetero_patch_021_bleach_cleanser_t10,hetero_patch,118,0.872070,0.039750,2.240233e-05,1.152991e-04,1492,0.026500,2.430992e-05,0.053000,2.215628e-05,1.770477e-02,119,1,0,1,1,1
021_bleach_cleanser,s0_hetero_patch_021_bleach_cleanser_t11,hetero_patch,45,0.921117,0.039407,3.927865e-05,1.766869e-04,1048,0.026271,3.943239e-05,0.052543,2.610916e-05,1.826608e-01,166,1,0,1,1,1
021_bleach_cleanser,s0_hetero_patch_021_bleach_cleanser_t12,hetero_patch,245,0.899774,0.040157,1.997597e-05,1.003344e-04,1319,0.026771,2.062682e-05,0.053542,1.145456e-05,1.058994e-01,172,1,0,1,1,1
021_bleach_cleanser,s0_hetero_patch_021_bleach_cleanser_t13,hetero_patch,1,0.959845,0.025491,1.668174e-05,6.891440e-05,1227,0.016994,1.253429e-05,0.033988,1.608633e-05,5.788545e-02,214,1,0,1,1,1
021_bleach_cleanser,s0_hetero_patch_021_bleach_cleanser_t14,hetero_patch,18,0.898142,0.039788,3.820731e-05,1.586285e-04,884,0.026525,3.576544e-05,0.053051,3.280645e-05,5.220940e-01,253,1,0,1,1,1
021_bleach_cleanser,s0_hetero_patch_021_bleach_cleanser_t15,hetero_patch,583,0.875811,0.039077,1.463631e-05,9.822955e-05,1146,0.026051,1.346530e-05,0.052102,1.376981e-05,0.000000e+00,103,1,0,1,1,1
021_bleach_cleanser,s0_hetero_patch_021_bleach_cleanser_t16,hetero_patch,23,0.936663,0.039789,2.538101e-06,6.569591e-06,895,0.026526,0.000000e+00,0.053052,5.750826e-06,0.000000e+00,95,1,0,1,1,1
021_bleach_cleanser,s0_hetero_patch_021_bleach_cleanser_t17,hetero_patch,30,0.915375,0.039986,4.560300e-06,2.915923e-05,1108,0.026657,4.737478e-06,0.053315,5.599812e-06,0.000000e+00,166,1,0,1,1,1
021_bleach_cleanser,s0_hetero_patch_021_bleach_cleanser_t18,hetero_patch,114,0.894384,0.038674,2.010323e-05,5.951943e-05,785,0.025783,1.858632e-05,0.051566,1.463846e-05,1.023957e-01,157,1,0,1,1,1
021_bleach_cleanser,s0_hetero_patch_021_bleach_cleanser_t19,hetero_patch,36,0.933684,0.039886,2.364465e-05,1.544535e-04,743,0.026590,1.260037e-05,0.053181,2.435909e-05,0.000000e+00,93,1,0,1,1,1
021_bleach_cleanser,s0_hetero_patch_021_bleach_cleanser_t21,hetero_patch,20,0.914134,0.038657,4.135729e-06,8.908870e-06,1363,0.025771,4.635116e-06,0.051542,3.609683e-06,2.323929e-02,192,1,0,1,1,1
021_bleach_cleanser,s0_hetero_patch_021_bleach_cleanser_t23,hetero_patch,363,0.870303,0.039581,1.654251e-05,7.306483e-05,1105,0.026387,2.650508e-05,0.052774,1.440663e-05,2.535198e-02,78,1,0,1,1,1
021_bleach_cleanser,s0_hetero_patch_021_bleach_cleanser_t24,hetero_patch,116,0.901463,0.039211,2.814134e-06,8.213603e-06,1357,0.026141,2.661931e-06,0.052281,2.790820e-06,8.044972e-03,196,1,0,1,1,1
061_foam_brick,s0_hetero_patch_061_foam_brick_t0,hetero_patch,637,0.885615,0.016189,4.706296e-06,3.251577e-05,879,0.010793,6.217349e-06,0.021586,4.700539e-06,6.364426e-01,892,1,0,1,1,1
061_foam_brick,s0_hetero_patch_061_foam_brick_t1,hetero_patch,31,0.961221,0.016508,1.162777e-06,1.684278e-06,608,0.011005,4.226248e-06,0.022010,1.247546e-06,1.030356e+00,1284,1,0,1,1,0
061_foam_brick,s0_hetero_patch_061_foam_brick_t2,hetero_patch,1162,0.786849,0.016731,5.149273e-06,3.005085e-05,456,0.011154,4.729227e-06,0.022307,5.026376e-06,1.395451e+00,1374,1,0,1,1,1
061_foam_brick,s0_hetero_patch_061_foam_brick_t3,hetero_patch,1383,0.524710,0.017004,8.612824e-07,3.331663e-06,630,0.011336,5.624516e-07,0.022672,2.160491e-06,1.284511e+00,1399,1,0,1,1,0
061_foam_brick,s0_hetero_patch_061_foam_brick_t4,hetero_patch,200,0.958573,0.016977,2.438260e-06,9.622834e-06,1235,0.011318,1.914022e-06,0.022637,3.543921e-06,9.618202e-01,1084,1,0,1,1,1
061_foam_brick,s0_hetero_patch_061_foam_brick_t5,hetero_patch,911,0.851687,0.016739,2.186841e-06,5.851558e-06,495,0.011159,3.379191e-06,0.022319,3.369419e-06,9.106416e-01,1024,1,0,1,1,1
061_foam_brick,s0_hetero_patch_061_foam_brick_t6,hetero_patch,3,0.951617,0.016885,1.244336e-06,3.075461e-06,1034,0.011256,1.620566e-06,0.022513,1.492391e-06,6.106393e-01,892,1,0,1,1,1
061_foam_brick,s0_hetero_patch_061_foam_brick_t7,hetero_patch,523,0.899539,0.017227,4.768833e-07,8.603860e-07,1215,0.011485,4.299739e-07,0.022970,8.017269e-07,1.046508e+00,1673,1,0,1,1,1
061_foam_brick,s0_hetero_patch_061_foam_brick_t8,hetero_patch,289,0.928383,0.016988,9.763290e-07,2.923637e-06,1012,0.011325,8.800054e-07,0.022651,1.110242e-06,1.209587e+00,1659,1,0,1,1,1
061_foam_brick,s0_hetero_patch_061_foam_brick_t9,hetero_patch,0,0.971729,0.016711,1.279781e-06,2.257515e-06,524,0.011141,1.051094e-06,0.022282,1.761097e-06,8.933859e-01,1116,1,0,1,1,1
061_foam_brick,s0_hetero_patch_061_foam_brick_t10,hetero_patch,1154,0.798155,0.016578,1.069240e-05,5.165910e-05,610,0.011052,2.197687e-05,0.022104,5.341888e-06,6.768550e-01,919,1,0,1,1,1
061_foam_brick,s0_hetero_patch_061_foam_brick_t11,hetero_patch,972,0.837496,0.015963,2.376503e-06,5.887528e-06,476,0.010642,2.393682e-06,0.021285,3.021667e-06,6.764192e-01,870,1,0,1,1,1
061_foam_brick,s0_hetero_patch_061_foam_brick_t12,hetero_patch,0,0.979843,0.016580,8.865149e-07,1.461060e-06,1000,0.011053,8.181019e-07,0.022107,1.139403e-06,7.430285e-01,1000,1,0,1,1,1
061_foam_brick,s0_hetero_patch_061_foam_brick_t13,hetero_patch,106,0.930821,0.015838,2.177567e-06,7.851855e-06,571,0.010558,2.471284e-06,0.021117,3.107788e-06,8.912822e-01,952,1,0,1,1,1
061_foam_brick,s0_hetero_patch_061_foam_brick_t14,hetero_patch,1105,0.818431,0.016164,1.639257e-05,3.683175e-05,439,0.010776,1.546986e-05,0.021552,1.286282e-05,1.045965e+00,1296,1,0,1,1,1
061_foam_brick,s0_hetero_patch_061_foam_brick_t15,hetero_patch,812,0.884952,0.017140,1.396215e-06,4.364708e-06,1352,0.011427,1.481762e-06,0.022853,1.655434e-06,1.659702e+00,1892,1,0,1,1,1
061_foam_brick,s0_hetero_patch_061_foam_brick_t16,hetero_patch,3,0.973334,0.016637,1.690184e-06,4.070324e-06,647,0.011091,1.653298e-06,0.022182,2.395249e-06,8.270390e-01,978,1,0,1,1,1
061_foam_brick,s0_hetero_patch_061_foam_brick_t17,hetero_patch,618,0.890259,0.017916,5.829567e-07,9.427045e-07,1274,0.011944,5.948666e-07,0.023887,5.578163e-07,1.141699e+00,1719,1,0,1,1,1
061_foam_brick,s0_hetero_patch_061_foam_brick_t18,hetero_patch,551,0.940656,0.017334,1.211102e-06,2.366375e-06,939,0.011556,1.257409e-06,0.023112,1.384495e-06,1.007817e+00,1281,1,0,1,1,1
061_foam_brick,s0_hetero_patch_061_foam_brick_t19,hetero_patch,53,0.960879,0.016358,7.772123e-07,1.368229e-06,1006,0.010906,8.208117e-07,0.021811,1.179574e-06,7.106883e-01,991,1,0,1,1,1
061_foam_brick,s0_hetero_patch_061_foam_brick_t20,hetero_patch,0,0.966480,0.016624,1.279938e-06,2.573343e-06,854,0.011082,8.318413e-07,0.022165,1.718274e-06,4.835337e-01,788,1,0,1,1,1
061_foam_brick,s0_hetero_patch_061_foam_brick_t21,hetero_patch,568,0.896360,0.017151,4.488964e-07,7.037966e-07,1034,0.011434,4.826241e-07,0.022868,4.773276e-07,1.251987e+00,2106,1,0,1,1,1
061_foam_brick,s0_hetero_patch_061_foam_brick_t22,hetero_patch,158,0.904443,0.016099,2.939357e-06,2.156024e-05,504,0.010733,3.607988e-06,0.021466,2.681801e-06,7.304713e-01,958,1,0,1,1,1
061_foam_brick,s0_hetero_patch_061_foam_brick_t23,hetero_patch,1174,0.754379,0.017263,4.888443e-05,2.405892e-04,192,0.011509,9.161120e-05,0.023017,1.530840e-05,8.398317e-01,1145,1,0,1,1,1
061_foam_brick,s0_hetero_patch_061_foam_brick_t24,hetero_patch,673,0.892110,0.017223,4.323712e-07,7.478134e-07,997,0.011482,3.531067e-07,0.022964,4.309674e-07,1.129499e+00,2027,1,0,1,1,0
010_potted_meat_can,s0_duarte_mcd_010_potted_meat_can_t0,duarte_mcd,7,0.876859,,,,,,,,,1.738047e-01,348,1,0,1,1,1
010_potted_meat_can,s0_duarte_mcd_010_potted_meat_can_t1,duarte_mcd,4,0.903063,,,,,,,,,2.780445e-01,765,1,0,1,1,1
010_potted_meat_can,s0_duarte_mcd_010_potted_meat_can_t2,duarte_mcd,27,0.881111,,,,,,,,,2.851309e-01,485,1,0,1,1,1
010_potted_meat_can,s0_duarte_mcd_010_potted_meat_can_t3,duarte_mcd,246,0.807289,,,,,,,,,9.860537e-02,267,1,0,1,1,0
010_potted_meat_can,s0_duarte_mcd_010_potted_meat_can_t4,duarte_mcd,61,0.849882,,,,,,,,,1.108913e-01,174,1,0,1,1,1
010_potted_meat_can,s0_duarte_mcd_010_potted_meat_can_t5,duarte_mcd,3,0.836882,,,,,,,,,1.984813e-01,383,1,0,1,1,1
010_potted_meat_can,s0_duarte_mcd_010_potted_meat_can_t6,duarte_mcd,0,0.922706,,,,,,,,,2.739718e-01,448,1,0,1,1,1
010_potted_meat_can,s0_duarte_mcd_010_potted_meat_can_t7,duarte_mcd,186,0.807092,,,,,,,,,9.615852e-02,298,1,0,1,1,0
010_potted_meat_can,s0_duarte_mcd_010_potted_meat_can_t8,duarte_mcd,203,0.897892,,,,,,,,,6.198755e-01,1025,1,0,1,1,1
010_potted_meat_can,s0_duarte_mcd_010_potted_meat_can_t9,duarte_mcd,140,0.834877,,,,,,,,,3.998128e-01,668,1,0,1,1,1
010_potted_meat_can,s0_duarte_mcd_010_potted_meat_can_t10,duarte_mcd,18,0.896138,,,,,,,,,5.612700e-01,963,1,0,1,1,1
010_potted_meat_can,s0_duarte_mcd_010_potted_meat_can_t11,duarte_mcd,1,0.914233,,,,,,,,,5.309460e-01,909,1,0,1,1,1
010_potted_meat_can,s0_duarte_mcd_010_potted_meat_can_t12,duarte_mcd,0,0.897553,,,,,,,,,3.014191e-01,498,1,0,1,1,1
010_potted_meat_can,s0_duarte_mcd_010_potted_meat_can_t13,duarte_mcd,20,0.889570,,,,,,,,,1.639955e-01,289,1,0,1,1,1
010_potted_meat_can,s0_duarte_mcd_010_potted_meat_can_t15,duarte_mcd,386,0.863766,,,,,,,,,5.630211e-01,785,1,0,1,1,1
010_potted_meat_can,s0_duarte_mcd_010_potted_meat_can_t16,duarte_mcd,51,0.891573,,,,,,,,,0.000000e+00,5,1,0,1,1,1
010_potted_meat_can,s0_duarte_mcd_010_potted_meat_can_t17,duarte_mcd,369,0.943584,,,,,,,,,5.158528e-01,2412,1,0,1,1,0
010_potted_meat_can,s0_duarte_mcd_010_potted_meat_can_t18,duarte_mcd,13,0.905302,,,,,,,,,1.213274e-01,318,1,0,1,1,1
010_potted_meat_can,s0_duarte_mcd_010_potted_meat_can_t20,duarte_mcd,7,0.928191,,,,,,,,,5.988479e-02,149,1,0,1,1,1
010_potted_meat_can,s0_duarte_mcd_010_potted_meat_can_t21,duarte_mcd,43,0.889436,,,,,,,,,1.859046e-01,519,1,0,1,1,1
010_potted_meat_can,s0_duarte_mcd_010_potted_meat_can_t22,duarte_mcd,5,0.902280,,,,,,,,,4.442656e-01,790,1,0,1,1,1
010_potted_meat_can,s0_duarte_mcd_010_potted_meat_can_t23,duarte_mcd,54,0.860612,,,,,,,,,0.000000e+00,20,1,0,1,1,1
010_potted_meat_can,s0_duarte_mcd_010_potted_meat_can_t24,duarte_mcd,18,0.898949,,,,,,,,,1.695130e-01,393,1,0,1,1,1
005_tomato_soup_can,s1_partial_only_005_tomato_soup_can_t0,partial_only,0,0.961365,,,,,,,,,,,1,0,1,1,1
005_tomato_soup_can,s1_partial_only_005_tomato_soup_can_t1,partial_only,16,0.946279,,,,,,,,,,,1,0,1,1,0
005_tomato_soup_can,s1_partial_only_005_tomato_soup_can_t2,partial_only,1,0.960431,,,,,,,,,,,1,0,1,1,1
005_tomato_soup_can,s1_partial_only_005_tomato_soup_can_t3,partial_only,0,0.959712,,,,,,,,,,,1,0,1,1,1
005_tomato_soup_can,s1_partial_only_005_tomato_soup_can_t4,partial_only,0,0.958080,,,,,,,,,,,1,0,1,1,1
005_tomato_soup_can,s1_partial_only_005_tomato_soup_can_t6,partial_only,0,0.962881,,,,,,,,,,,1,0,1,1,1
005_tomato_soup_can,s1_partial_only_005_tomato_soup_can_t8,partial_only,0,0.959231,,,,,,,,,,,1,0,1,1,1
005_tomato_soup_can,s1_partial_only_005_tomato_soup_can_t9,partial_only,0,0.956792,,,,,,,,,,,1,0,1,1,1
005_tomato_soup_can,s1_partial_only_005_tomato_soup_can_t10,partial_only,0,0.962620,,,,,,,,,,,1,0,1,1,1
005_tomato_soup_can,s1_partial_only_005_tomato_soup_can_t11,partial_only,16,0.939840,,,,,,,,,,,1,0,1,1,0
005_tomato_soup_can,s1_partial_only_005_tomato_soup_can_t12,partial_only,0,0.950713,,,,,,,,,,,1,0,1,1,0
005_tomato_soup_can,s1_partial_only_005_tomato_soup_can_t13,partial_only,1,0.937821,,,,,,,,,,,1,0,1,1,1
005_tomato_soup_can,s1_partial_only_005_tomato_soup_can_t14,partial_only,3,0.957761,,,,,,,,,,,1,0,1,1,1
005_tomato_soup_can,s1_partial_only_005_tomato_soup_can_t15,partial_only,2,0.950564,,,,,,,,,,,1,0,1,1,1
005_tomato_soup_can,s1_partial_only_005_tomato_soup_can_t16,partial_only,2,0.962728,,,,,,,,,,,1,0,1,1,0
005_tomato_soup_can,s1_partial_only_005_tomato_soup_can_t17,partial_only,0,0.938088,,,,,,,,,,,1,0,1,1,1
005_tomato_soup_can,s1_partial_only_005_tomato_soup_can_t18,partial_only,0,0.952107,,,,,,,,,,,1,0,1,1,1
005_tomato_soup_can,s1_partial_only_005_tomato_soup_can_t19,partial_only,0,0.950515,,,,,,,,,,,1,0,1,1,1
005_tomato_soup_can,s1_partial_only_005_tomato_soup_can_t21,partial_only,0,0.965519,,,,,,,,,,,1,0,1,1,1
005_tomato_soup_can,s1_partial_only_005_tomato_soup_can_t22,partial_only,1,0.955041,,,,,,,,,,,1,0,1,1,1
005_tomato_soup_can,s1_partial_only_005_tomato_soup_can_t23,partial_only,1,0.951567,,,,,,,,,,,1,0,1,1,1
005_tomato_soup_can,s1_partial_only_005_tomato_soup_can_t24,partial_only,0,0.943976,,,,,,,,,,,1,0,1,1,1
035_power_drill,s1_partial_only_035_power_drill_t0,partial_only,1,0.963854,,,,,,,,,,,1,0,1,1,1
035_power_drill,s1_partial_only_035_power_drill_t1,partial_only,12,0.917467,,,,,,,,,,,1,0,1,1,1
035_power_drill,s1_partial_only_035_power_drill_t2,partial_only,0,0.923514,,,,,,,,,,,1,0,1,1,1
035_power_drill,s1_partial_only_035_power_drill_t3,partial_only,0,0.829296,,,,,,,,,,,0,0,1,1,
035_power_drill,s1_partial_only_035_power_drill_t4,partial_only,12,0.956616,,,,,,,,,,,1,0,1,1,1
035_power_drill,s1_partial_only_035_power_drill_t5,partial_only,67,0.918038,,,,,,,,,,,1,0,1,1,1
035_power_drill,s1_partial_only_035_power_drill_t6,partial_only,43,0.949075,,,,,,,,,,,1,0,1,1,0
035_power_drill,s1_partial_only_035_power_drill_t7,partial_only,17,0.948412,,,,,,,,,,,1,0,1,1,1
035_power_drill,s1_partial_only_035_power_drill_t9,partial_only,83,0.946499,,,,,,,,,,,1,0,1,1,0
035_power_drill,s1_partial_only_035_power_drill_t10,partial_only,5,0.932976,,,,,,,,,,,1,0,1,1,0
035_power_drill,s1_partial_only_035_power_drill_t11,partial_only,0,0.971030,,,,,,,,,,,1,0,1,1,0
035_power_drill,s1_partial_only_035_power_drill_t12,partial_only,2,0.940399,,,,,,,,,,,1,0,1,1,0
035_power_drill,s1_partial_only_035_power_drill_t14,partial_only,19,0.951956,,,,,,,,,,,1,0,1,1,0
035_power_drill,s1_partial_only_035_power_drill_t15,partial_only,37,0.930344,,,,,,,,,,,1,0,1,1,1
035_power_drill,s1_partial_only_035_power_drill_t16,partial_only,2,0.958053,,,,,,,,,,,1,0,1,1,1
035_power_drill,s1_partial_only_035_power_drill_t18,partial_only,12,0.961269,,,,,,,,,,,1,0,1,1,1
035_power_drill,s1_partial_only_035_power_drill_t19,partial_only,69,0.954312,,,,,,,,,,,1,0,1,1,0
035_power_drill,s1_partial_only_035_power_drill_t20,partial_only,2,0.962670,,,,,,,,,,,1,0,1,1,1
035_power_drill,s1_partial_only_035_power_drill_t21,partial_only,38,0.920471,,,,,,,,,,,1,0,1,1,1
035_power_drill,s1_partial_only_035_power_drill_t22,partial_only,13,0.947783,,,,,,,,,,,1,0,1,1,1
035_power_drill,s1_partial_only_035_power_drill_t23,partial_only,51,0.901488,,,,,,,,,,,1,0,1,1,0
035_power_drill,s1_partial_only_035_power_drill_t24,partial_only,5,0.945306,,,,,,,,,,,1,0,1,1,1
021_bleach_cleanser,s1_complete_only_021_bleach_cleanser_t0,complete_only,18,0.932307,0.038889,1.395314e-04,6.623068e-04,818,0.025926,1.125025e-04,0.051852,1.247252e-04,7.288965e-02,111,1,0,1,1,1
021_bleach_cleanser,s1_complete_only_021_bleach_cleanser_t2,complete_only,30,0.934546,0.039227,3.373961e-05,3.550547e-04,1235,0.026152,3.870783e-05,0.052303,2.321816e-05,1.017056e-01,136,1,0,1,1,1
021_bleach_cleanser,s1_complete_only_021_bleach_cleanser_t3,complete_only,583,0.860935,0.039327,1.317589e-04,4.123223e-04,1225,0.026218,1.435990e-04,0.052436,6.230048e-05,2.341388e-01,123,1,0,1,1,1
021_bleach_cleanser,s1_complete_only_021_bleach_cleanser_t4,complete_only,738,0.831443,0.040154,6.913193e-05,3.918112e-04,940,0.026769,8.502466e-05,0.053539,5.519208e-05,2.180985e-01,142,1,0,1,1,1
021_bleach_cleanser,s1_complete_only_021_bleach_cleanser_t5,complete_only,533,0.927682,0.011004,7.563584e-04,1.191868e-03,1787,0.007336,7.928975e-04,0.014672,6.681689e-04,5.302871e+00,2964,1,0,1,1,0
021_bleach_cleanser,s1_complete_only_021_bleach_cleanser_t6,complete_only,686,0.786676,0.039481,3.437324e-05,2.411582e-04,986,0.026321,2.361983e-05,0.052642,4.558489e-05,0.000000e+00,80,1,0,1,1,1
021_bleach_cleanser,s1_complete_only_021_bleach_cleanser_t7,complete_only,4,0.942142,0.019764,6.967945e-06,1.519447e-05,1128,0.013176,7.752685e-06,0.026353,5.958333e-06,4.049637e-02,375,1,0,1,1,0
021_bleach_cleanser,s1_complete_only_021_bleach_cleanser_t8,complete_only,52,0.895907,0.040382,1.315813e-05,1.116663e-04,1110,0.026922,1.590145e-05,0.053843,1.176038e-05,0.000000e+00,175,1,0,1,1,1
021_bleach_cleanser,s1_complete_only_021_bleach_cleanser_t9,complete_only,532,0.720399,0.056358,2.982985e-04,6.658043e-04,1003,0.037572,4.152512e-04,0.075144,2.265235e-04,3.295547e-01,17,1,0,1,1,0
021_bleach_cleanser,s1_complete_only_021_bleach_cleanser_t10,complete_only,10,0.830458,0.021903,4.006282e-06,7.690800e-06,1653,0.014602,4.043504e-06,0.029204,3.737777e-06,1.019038e+00,843,1,0,1,1,0
061_foam_brick,s1_complete_only_061_foam_brick_t0,complete_only,895,0.857244,0.016198,1.399626e-04,6.669019e-04,423,0.010799,1.208713e-04,0.021597,6.349897e-05,7.076639e-01,1036,1,0,1,1,1
061_foam_brick,s1_complete_only_061_foam_brick_t1,complete_only,1213,0.723474,0.017302,7.994712e-04,2.771876e-03,494,0.011535,8.471577e-04,0.023069,6.115771e-04,2.274636e+00,1149,1,0,1,1,1
061_foam_brick,s1_complete_only_061_foam_brick_t2,complete_only,684,0.896437,0.017387,5.528949e-07,1.028647e-06,894,0.011591,6.709791e-07,0.023183,5.457339e-07,1.222343e+00,1851,1,0,1,1,0
061_foam_brick,s1_complete_only_061_foam_brick_t3,complete_only,366,0.922818,0.017403,7.018332e-06,8.028234e-06,1348,0.011602,5.146166e-06,0.023204,9.828895e-06,2.108012e+00,1589,1,0,1,1,1
061_foam_brick,s1_complete_only_061_foam_brick_t4,complete_only,1197,0.683118,0.016653,7.519970e-06,2.848761e-05,1002,0.011102,7.826067e-06,0.022204,7.930133e-06,1.506642e+00,1267,1,0,1,1,1
061_foam_brick,s1_complete_only_061_foam_brick_t5,complete_only,0,0.980372,0.016340,8.309189e-07,2.030279e-06,757,0.010893,7.750568e-07,0.021787,1.358815e-05,1.803493e+00,1030,1,0,1,1,1
061_foam_brick,s1_complete_only_061_foam_brick_t6,complete_only,1015,0.736234,0.017323,1.107286e-06,5.780795e-06,1041,0.011548,6.171025e-07,0.023097,2.021695e-06,1.612820e+00,1413,1,0,1,1,1
061_foam_brick,s1_complete_only_061_foam_brick_t7,complete_only,1015,0.813646,0.017394,1.798725e-04,4.913003e-04,589,0.011596,2.785993e-04,0.023192,6.569036e-05,1.010965e+00,927,1,0,1,1,1
061_foam_brick,s1_complete_only_061_foam_brick_t8,complete_only,414,0.910850,0.016893,4.067057e-07,6.316317e-07,1010,0.011262,4.065313e-07,0.022524,3.878553e-07,1.027545e+00,1862,1,0,1,1,1
061_foam_brick,s1_complete_only_061_foam_brick_t9,complete_only,313,0.913488,0.016179,5.396775e-04,8.867038e-04,740,0.010786,5.720995e-04,0.021572,3.445172e-04,1.510764e+00,1275,1,0,1,1,1
061_foam_brick,s1_complete_only_061_foam_brick_t10,complete_only,28,0.953491,0.017331,2.584000e-06,7.429805e-06,1428,0.011554,2.885846e-06,0.023108,4.085347e-06,1.917813e+00,2295,1,0,1,1,0
061_foam_brick,s1_complete_only_061_foam_brick_t11,complete_only,26,0.926651,0.016771,1.154051e-06,5.386110e-06,1487,0.011181,1.315053e-06,0.022361,2.412913e-06,2.026330e+00,2232,1,0,1,1,1
061_foam_brick,s1_complete_only_061_foam_brick_t12,complete_only,429,0.922024,0.016950,6.118973e-07,1.050626e-06,1002,0.011300,6.397693e-07,0.022600,1.346589e-06,9.272150e-01,1551,1,0,1,1,0
061_foam_brick,s1_complete_only_061_foam_brick_t13,complete_only,0,0.964829,0.016195,3.420944e-06,1.076134e-05,409,0.010797,4.196631e-06,0.021594,4.586774e-06,8.978021e-01,976,1,0,1,1,1
061_foam_brick,s1_complete_only_061_foam_brick_t14,complete_only,1256,0.759674,0.016178,1.785002e-04,5.616811e-04,318,0.010785,2.011220e-04,0.021571,8.309330e-05,8.184483e-01,1125,1,0,1,1,1
061_foam_brick,s1_complete_only_061_foam_brick_t15,complete_only,30,0.933759,0.016171,4.964355e-06,1.716790e-06,827,0.010781,9.553579e-07,0.021561,1.775190e-05,1.192781e+00,938,1,0,1,1,1
061_foam_brick,s1_complete_only_061_foam_brick_t16,complete_only,249,0.955367,0.017250,4.227775e-05,1.210912e-04,854,0.011500,1.591144e-05,0.023000,4.053228e-05,2.452720e+00,1051,1,0,1,1,1
061_foam_brick,s1_complete_only_061_foam_brick_t17,complete_only,1324,0.560298,0.015867,2.653413e-05,8.545683e-05,711,0.010578,5.509041e-05,0.021156,2.112736e-05,1.518439e+00,1338,1,0,1,1,1
061_foam_brick,s1_complete_only_061_foam_brick_t18,complete_only,235,0.919105,0.016881,4.518865e-07,6.839424e-07,1141,0.011254,4.494328e-07,0.022508,7.335604e-07,1.006647e+00,1603,1,0,1,1,1
061_foam_brick,s1_complete_only_061_foam_brick_t19,complete_only,8,0.957292,0.017193,1.024061e-06,1.726692e-06,1530,0.011462,7.484604e-07,0.022925,1.372034e-06,2.021956e+00,2024,1,0,1,1,1
061_foam_brick,s1_complete_only_061_foam_brick_t20,complete_only,1315,0.662818,0.016487,7.690370e-06,3.958511e-05,1081,0.010991,6.098502e-06,0.021982,1.184898e-05,2.992670e+00,1379,1,0,1,1,1
061_foam_brick,s1_complete_only_061_foam_brick_t21,complete_only,1221,0.682089,0.015896,1.020486e-04,1.920106e-04,593,0.010597,1.184204e-04,0.021194,7.726632e-05,1.554277e+00,1057,1,0,1,1,1
061_foam_brick,s1_complete_only_061_foam_brick_t22,complete_only,1347,0.550726,0.015994,1.151057e-04,2.485251e-04,703,0.010663,1.109489e-04,0.021326,8.931022e-05,2.185270e+00,1539,1,0,1,1,1
061_foam_brick,s1_complete_only_061_foam_brick_t23,complete_only,128,0.938911,0.017055,4.984199e-07,8.906145e-07,1068,0.011370,5.177829e-07,0.022740,4.797282e-07,1.028821e+00,1793,1,0,1,1,1
061_foam_brick,s1_complete_only_061_foam_brick_t24,complete_only,1236,0.664064,0.016063,5.935181e-05,1.399608e-04,744,0.010709,6.698940e-05,0.021418,5.396868e-05,1.321403e+00,1171,1,0,1,1,1
010_potted_meat_can,s1_epi_max_010_potted_meat_can_t0,complete_epi,140,0.788491,0.021428,5.225974e-06,2.571220e-05,726,0.014286,3.716193e-06,0.028571,6.050239e-06,3.149098e-01,513,1,0,1,1,0
010_potted_meat_can,s1_epi_max_010_potted_meat_can_t1,complete_epi,10,0.848134,0.021173,3.410172e-06,8.504622e-06,611,0.014115,2.450914e-06,0.028230,3.588556e-06,3.907393e-01,614,1,0,1,1,1
010_potted_meat_can,s1_epi_max_010_potted_meat_can_t2,complete_epi,70,0.798992,0.020686,8.505540e-06,4.426662e-06,720,0.013791,1.949449e-06,0.027582,8.859226e-06,4.898356e-01,631,1,0,1,1,1
010_potted_meat_can,s1_epi_max_010_potted_meat_can_t3,complete_epi,4,0.895679,0.020863,4.185938e-06,1.706127e-05,858,0.013909,3.320572e-06,0.027817,4.532325e-06,3.935124e-01,572,1,0,1,1,0
010_potted_meat_can,s1_epi_max_010_potted_meat_can_t4,complete_epi,131,0.823524,0.020514,4.473771e-06,1.718420e-05,837,0.013676,3.680611e-06,0.027352,5.778243e-06,7.356034e-01,609,1,0,1,1,1
010_potted_meat_can,s1_epi_max_010_potted_meat_can_t5,complete_epi,65,0.850258,0.021046,4.206229e-06,3.813054e-05,568,0.014031,2.692682e-06,0.028061,4.312203e-06,5.399253e-01,619,1,0,1,1,1
010_potted_meat_can,s1_epi_max_010_potted_meat_can_t6,complete_epi,256,0.756553,0.021130,1.829824e-06,4.116193e-06,1141,0.014087,1.874469e-06,0.028173,2.217651e-06,4.499221e-01,508,1,0,1,1,0
010_potted_meat_can,s1_epi_max_010_potted_meat_can_t7,complete_epi,161,0.794016,0.020974,3.265096e-06,2.960935e-06,509,0.013982,2.072929e-06,0.027965,4.885853e-06,6.398106e-01,782,1,0,1,1,1
010_potted_meat_can,s1_epi_max_010_potted_meat_can_t8,complete_epi,0,0.929077,0.019818,1.784554e-06,1.519728e-05,741,0.013212,1.897361e-06,0.026424,1.565209e-06,4.020571e-01,641,1,0,1,1,1
010_potted_meat_can,s1_epi_max_010_potted_meat_can_t9,complete_epi,0,0.924848,0.021003,7.844881e-07,1.891445e-06,538,0.014002,9.598438e-08,0.028004,3.018009e-06,4.306029e-01,678,1,0,1,1,1
010_potted_meat_can,s1_epi_max_010_potted_meat_can_t10,complete_epi,56,0.852825,0.020951,1.236530e-06,4.250908e-06,775,0.013967,1.169987e-06,0.027934,1.370507e-06,5.190093e-01,713,1,0,1,1,1
010_potted_meat_can,s1_epi_max_010_potted_meat_can_t11,complete_epi,1,0.872376,0.020501,2.155870e-06,6.014425e-06,960,0.013667,2.011654e-06,0.027335,2.213254e-06,4.802753e-01,670,1,0,1,1,0
010_potted_meat_can,s1_epi_max_010_potted_meat_can_t12,complete_epi,126,0.912476,0.019932,8.560511e-07,2.372762e-06,699,0.013288,9.604008e-07,0.026576,7.685065e-07,3.606039e-01,695,1,0,1,1,1
010_potted_meat_can,s1_epi_max_010_potted_meat_can_t13,complete_epi,0,0.925559,0.020971,7.717673e-07,2.721676e-06,602,0.013981,7.070981e-07,0.027961,5.089267e-06,4.528453e-01,698,1,0,1,1,1
010_potted_meat_can,s1_epi_max_010_potted_meat_can_t14,complete_epi,117,0.791726,0.021294,2.197764e-06,2.796426e-06,784,0.014196,1.776433e-06,0.028393,2.917869e-06,6.820508e-01,836,1,0,1,1,1
010_potted_meat_can,s1_epi_max_010_potted_meat_can_t15,complete_epi,0,0.927532,0.021075,5.506961e-06,2.738988e-06,694,0.014050,1.021203e-06,0.028100,1.457261e-05,3.020057e-01,560,1,0,1,1,1
010_potted_meat_can,s1_epi_max_010_potted_meat_can_t16,complete_epi,27,0.869723,0.021430,2.205487e-05,3.682413e-06,548,0.014287,1.315259e-05,0.028574,2.412883e-05,6.316332e-01,602,1,0,1,1,1
010_potted_meat_can,s1_epi_max_010_potted_meat_can_t17,complete_epi,257,0.811840,0.024491,2.836965e-06,7.012771e-06,779,0.016327,2.419862e-06,0.032655,5.944271e-06,5.586686e-01,544,1,0,1,1,1
010_potted_meat_can,s1_epi_max_010_potted_meat_can_t18,complete_epi,117,0.913061,0.019592,8.857308e-07,2.131484e-06,682,0.013061,1.061313e-06,0.026122,7.857369e-07,3.405208e-01,662,1,0,1,1,1
010_potted_meat_can,s1_epi_max_010_potted_meat_can_t19,complete_epi,49,0.937857,0.020668,7.929680e-07,1.903396e-06,707,0.013779,7.845421e-07,0.027558,8.356013e-07,3.746765e-01,671,1,0,1,1,1
010_potted_meat_can,s1_epi_max_010_potted_meat_can_t20,complete_epi,392,0.795264,0.020953,2.415463e-06,3.368673e-06,928,0.013969,2.036522e-06,0.027938,3.322221e-06,5.965540e-01,642,1,0,1,1,1
010_potted_meat_can,s1_epi_max_010_potted_meat_can_t21,complete_epi,321,0.806224,0.020571,7.872397e-06,4.936879e-05,883,0.013714,4.597946e-06,0.027428,7.823428e-06,9.705393e-01,861,1,0,1,1,0
010_potted_meat_can,s1_epi_max_010_potted_meat_can_t22,complete_epi,19,0.850312,0.020517,1.264050e-05,8.039391e-05,893,0.013678,1.074959e-05,0.027357,1.461366e-05,9.415494e-01,799,1,0,1,1,0
010_potted_meat_can,s1_epi_max_010_potted_meat_can_t23,complete_epi,5,0.906634,0.019499,8.467950e-07,2.517121e-06,545,0.013000,7.291808e-07,0.025999,8.765222e-07,2.227271e-01,353,1,0,1,1,1
010_potted_meat_can,s1_epi_max_010_potted_meat_can_t24,complete_epi,16,0.753378,0.020613,6.287542e-06,1.553673e-05,389,0.013742,3.979907e-06,0.027484,1.689138e-05,1.587693e-01,325,1,0,1,1,1
005_tomato_soup_can,s1_epi_mean_005_tomato_soup_can_t0,complete_epi,18,0.886391,0.019058,5.661788e-07,1.579314e-06,637,0.012706,6.858150e-07,0.025411,7.426310e-07,3.308344e-01,769,1,0,1,1,1
005_tomato_soup_can,s1_epi_mean_005_tomato_soup_can_t1,complete_epi,109,0.857409,0.019068,6.706663e-07,1.692724e-06,690,0.012712,8.100899e-07,0.025424,8.366362e-07,5.520683e-01,917,1,0,1,1,1
005_tomato_soup_can,s1_epi_mean_005_tomato_soup_can_t2,complete_epi,54,0.873110,0.018699,4.688579e-07,2.163938e-06,458,0.012466,6.551838e-07,0.024932,7.187613e-07,3.368222e-01,730,1,0,1,1,0
005_tomato_soup_can,s1_epi_mean_005_tomato_soup_can_t3,complete_epi,40,0.868636,0.018836,5.939993e-07,1.584819e-06,691,0.012558,7.160255e-07,0.025115,8.203039e-07,4.109841e-01,827,1,0,1,1,1
005_tomato_soup_can,s1_epi_mean_005_tomato_soup_can_t4,complete_epi,69,0.868087,0.019158,6.663463e-07,1.625552e-06,604,0.012772,8.686082e-07,0.025545,6.709483e-07,3.034954e-01,694,1,0,1,1,1
005_tomato_soup_can,s1_epi_mean_005_tomato_soup_can_t5,complete_epi,5,0.899624,0.018987,5.070075e-07,2.256341e-06,477,0.012658,6.506721e-07,0.025315,7.834167e-07,2.443679e-01,645,1,0,1,1,1
005_tomato_soup_can,s1_epi_mean_005_tomato_soup_can_t6,complete_epi,94,0.863704,0.019092,6.005932e-07,2.095972e-06,499,0.012728,5.469290e-07,0.025456,6.707568e-07,4.134522e-01,796,1,0,1,1,1
005_tomato_soup_can,s1_epi_mean_005_tomato_soup_can_t7,complete_epi,24,0.876095,0.019006,6.545088e-07,1.666671e-06,653,0.012670,7.848961e-07,0.025341,8.599608e-07,4.688176e-01,858,1,0,1,1,0
005_tomato_soup_can,s1_epi_mean_005_tomato_soup_can_t8,complete_epi,6,0.883390,0.018791,4.932374e-07,1.484515e-06,591,0.012527,6.702239e-07,0.025054,7.430584e-07,3.769212e-01,830,1,0,1,1,1
005_tomato_soup_can,s1_epi_mean_005_tomato_soup_can_t9,complete_epi,92,0.855250,0.018796,5.970109e-07,1.363060e-06,717,0.012531,6.837780e-07,0.025061,7.588867e-07,4.457127e-01,881,1,0,1,1,0
005_tomato_soup_can,s1_epi_mean_005_tomato_soup_can_t10,complete_epi,20,0.878212,0.018751,5.912929e-07,1.525813e-06,688,0.012501,7.577072e-07,0.025002,8.472581e-07,5.664444e-01,952,1,0,1,1,0
005_tomato_soup_can,s1_epi_mean_005_tomato_soup_can_t11,complete_epi,91,0.863824,0.019069,5.328314e-07,1.418139e-06,649,0.012713,7.604170e-07,0.025426,7.774427e-07,3.937456e-01,804,1,0,1,1,1
005_tomato_soup_can,s1_epi_mean_005_tomato_soup_can_t12,complete_epi,13,0.882259,0.019131,5.633676e-07,1.484688e-06,689,0.012754,7.300935e-07,0.025508,7.742921e-07,3.928935e-01,826,1,0,1,1,1
005_tomato_soup_can,s1_epi_mean_005_tomato_soup_can_t13,complete_epi,44,0.869505,0.018971,4.101581e-07,1.594439e-06,454,0.012648,4.867407e-07,0.025295,6.504746e-07,2.574762e-01,666,1,0,1,1,1
005_tomato_soup_can,s1_epi_mean_005_tomato_soup_can_t14,complete_epi,23,0.887444,0.019114,5.483404e-07,1.560188e-06,551,0.012743,5.304946e-07,0.025485,5.965277e-07,3.264214e-01,750,1,0,1,1,1
005_tomato_soup_can,s1_epi_mean_005_tomato_soup_can_t15,complete_epi,74,0.869216,0.018933,5.529968e-07,1.677800e-06,527,0.012622,5.735923e-07,0.025244,6.298941e-07,3.637876e-01,763,1,0,1,1,1
005_tomato_soup_can,s1_epi_mean_005_tomato_soup_can_t16,complete_epi,63,0.867807,0.019018,5.707295e-07,1.450090e-06,655,0.012679,8.089039e-07,0.025358,7.844894e-07,4.306683e-01,812,1,0,1,1,0
005_tomato_soup_can,s1_epi_mean_005_tomato_soup_can_t17,complete_epi,18,0.888874,0.018941,6.124529e-07,1.621446e-06,719,0.012628,7.591283e-07,0.025255,8.035956e-07,4.217559e-01,851,1,0,1,1,1
005_tomato_soup_can,s1_epi_mean_005_tomato_soup_can_t18,complete_epi,34,0.869924,0.018819,6.119020e-07,1.557912e-06,703,0.012546,7.366985e-07,0.025092,7.885385e-07,4.524112e-01,873,1,0,1,1,1
005_tomato_soup_can,s1_epi_mean_005_tomato_soup_can_t19,complete_epi,85,0.857072,0.018811,5.767375e-07,1.471916e-06,660,0.012541,7.604876e-07,0.025082,8.010970e-07,5.102282e-01,906,1,0,1,1,0
005_tomato_soup_can,s1_epi_mean_005_tomato_soup_can_t20,complete_epi,46,0.874879,0.019091,5.710700e-07,1.600831e-06,556,0.012727,6.141068e-07,0.025454,6.530000e-07,3.672414e-01,764,1,0,1,1,1
005_tomato_soup_can,s1_epi_mean_005_tomato_soup_can_t21,complete_epi,15,0.877236,0.029120,3.746608e-05,4.211818e-04,6024,0.019414,1.345041e-04,0.038827,5.960193e-05,7.324025e+00,4957,1,0,1,1,0
005_tomato_soup_can,s1_epi_mean_005_tomato_soup_can_t22,complete_epi,20,0.883346,0.018886,6.107703e-07,1.644553e-06,678,0.012590,7.581900e-07,0.025181,8.159019e-07,5.150925e-01,916,1,0,1,1,1
005_tomato_soup_can,s1_epi_mean_005_tomato_soup_can_t23,complete_epi,25,0.890180,0.018970,3.673318e-07,1.600039e-06,407,0.012647,1.152570e-07,0.025293,6.248893e-07,2.230402e-01,636,1,0,1,1,1
005_tomato_soup_can,s1_epi_mean_005_tomato_soup_can_t24,complete_epi,134,0.844465,0.018931,6.521089e-07,1.712877e-06,711,0.012621,8.577196e-07,0.025241,8.663732e-07,5.991631e-01,1035,1,0,1,1,1
035_power_drill,s1_epi_mean_035_power_drill_t0,complete_epi,976,0.705108,0.041747,7.494386e-07,4.734986e-06,982,0.027831,1.456335e-06,0.055663,1.331524e-06,0.000000e+00,154,1,0,1,1,1
035_power_drill,s1_epi_mean_035_power_drill_t2,complete_epi,2,0.977110,0.016538,2.590636e-05,1.040380e-04,850,0.011025,2.262043e-05,0.022050,2.347492e-05,2.393279e+00,2046,1,0,1,1,0
035_power_drill,s1_epi_mean_035_power_drill_t3,complete_epi,52,0.902746,0.045805,1.578067e-04,1.399857e-03,981,0.030537,1.058834e-04,0.061073,1.866525e-04,1.343843e-01,158,1,0,1,1,1
035_power_drill,s1_epi_mean_035_power_drill_t4,complete_epi,167,0.860688,0.043394,7.680038e-05,5.318224e-05,637,0.028930,3.422334e-06,0.057859,1.621032e-04,0.000000e+00,132,1,0,1,1,1
035_power_drill,s1_epi_mean_035_power_drill_t5,complete_epi,755,0.769337,0.042137,4.184812e-05,2.427969e-04,1274,0.028091,2.192427e-05,0.056183,6.626527e-05,5.560764e-01,256,1,0,1,1,0
035_power_drill,s1_epi_mean_035_power_drill_t6,complete_epi,300,0.867890,0.042110,1.716530e-06,1.179406e-05,983,0.028073,1.002442e-06,0.056146,1.025355e-05,0.000000e+00,155,1,0,1,1,1
035_power_drill,s1_epi_mean_035_power_drill_t8,complete_epi,4,0.977615,0.017995,4.269534e-05,2.298160e-04,1363,0.011997,9.862751e-05,0.023994,1.492424e-04,1.907094e+00,1916,1,0,1,1,0
035_power_drill,s1_epi_mean_035_power_drill_t9,complete_epi,596,0.882613,0.021191,1.120199e-04,7.066370e-04,988,0.014127,2.348825e-04,0.028255,1.769999e-04,3.107965e+00,1743,1,0,1,1,0
035_power_drill,s1_epi_mean_035_power_drill_t10,complete_epi,1532,0.359995,0.061863,3.745823e-05,6.838302e-05,2928,0.041242,3.442676e-05,0.082484,5.412531e-05,5.938498e-01,251,1,0,1,1,1
035_power_drill,s1_epi_mean_035_power_drill_t11,complete_epi,1,0.952348,0.018296,5.151992e-05,2.235430e-04,668,0.012197,1.174915e-04,0.024395,6.813257e-05,2.607826e+00,1001,1,0,1,1,0
035_power_drill,s1_epi_mean_035_power_drill_t12,complete_epi,126,0.889208,0.030412,1.497822e-05,9.213624e-05,1667,0.020275,1.093820e-05,0.040549,2.268220e-05,1.162030e+00,788,1,0,1,1,0
035_power_drill,s1_epi_mean_035_power_drill_t13,complete_epi,156,0.870141,0.039245,1.212233e-05,8.338603e-06,924,0.026163,2.770232e-06,0.052326,1.812773e-05,1.845242e-01,222,1,0,1,1,1
035_power_drill,s1_epi_mean_035_power_drill_t14,complete_epi,0,0.961759,0.025906,1.364968e-05,1.494120e-04,1639,0.017271,1.511463e-05,0.034541,2.076565e-05,8.587079e-01,944,1,0,1,1,0
035_power_drill,s1_epi_mean_035_power_drill_t15,complete_epi,603,0.778890,0.042592,8.828392e-05,6.481721e-04,704,0.028395,2.189606e-04,0.056790,1.676646e-04,1.650232e-01,151,1,0,1,1,1
035_power_drill,s1_epi_mean_035_power_drill_t16,complete_epi,381,0.913317,0.026402,3.766012e-06,5.783441e-06,1993,0.017601,7.598018e-06,0.035202,8.906150e-06,1.180146e+00,1651,1,0,1,1,0
035_power_drill,s1_epi_mean_035_power_drill_t17,complete_epi,165,0.893039,0.042977,4.412226e-05,3.196902e-04,701,0.028652,6.084645e-05,0.057303,1.251821e-04,1.249751e-01,129,1,0,1,1,1
035_power_drill,s1_epi_mean_035_power_drill_t19,complete_epi,147,0.887439,0.048084,1.362262e-04,1.150311e-03,1104,0.032056,1.082662e-04,0.064112,1.850777e-04,5.043186e-01,142,1,0,1,1,1
035_power_drill,s1_epi_mean_035_power_drill_t20,complete_epi,978,0.783025,0.015677,3.211212e-07,8.105856e-07,4437,0.010452,3.995524e-07,0.020903,4.723198e-07,1.177409e+00,2226,1,0,1,1,0
035_power_drill,s1_epi_mean_035_power_drill_t21,complete_epi,91,0.916459,0.047686,7.470217e-07,9.017988e-06,857,0.031791,7.431916e-07,0.063581,2.863802e-06,0.000000e+00,87,1,0,1,1,0
035_power_drill,s1_epi_mean_035_power_drill_t22,complete_epi,227,0.876468,0.048037,1.620306e-04,2.596402e-03,1019,0.032025,4.784079e-04,0.064049,3.786950e-04,2.035024e-01,127,1,0,1,1,1
035_power_drill,s1_epi_mean_035_power_drill_t23,complete_epi,227,0.881155,0.044002,7.156310e-06,2.074114e-05,4188,0.029335,7.240961e-06,0.058669,1.314458e-05,6.982608e-01,540,1,0,1,1,1
035_power_drill,s1_epi_mean_035_power_drill_t24,complete_epi,1197,0.571784,0.059778,1.983330e-05,2.360222e-05,2505,0.039852,1.106246e-05,0.079704,5.685422e-05,0.000000e+00,76,1,0,1,1,0
021_bleach_cleanser,s1_hetero_patch_021_bleach_cleanser_t0,hetero_patch,37,0.924470,0.038889,4.819866e-06,3.556990e-05,549,0.025926,0.000000e+00,0.051852,8.994772e-06,0.000000e+00,70,1,0,1,1,1
021_bleach_cleanser,s1_hetero_patch_021_bleach_cleanser_t1,hetero_patch,34,0.908238,0.040589,2.007534e-05,7.347633e-05,1469,0.027059,2.035484e-05,0.054118,1.358619e-05,1.720921e-01,163,1,0,1,1,1
021_bleach_cleanser,s1_hetero_patch_021_bleach_cleanser_t2,hetero_patch,62,0.924295,0.039305,6.600199e-06,2.358208e-05,1019,0.026203,7.183891e-06,0.052407,7.099137e-06,1.438476e-01,200,1,0,1,1,1
021_bleach_cleanser,s1_hetero_patch_021_bleach_cleanser_t3,hetero_patch,0,0.951672,0.023054,9.965629e-06,2.864163e-05,1521,0.015369,1.029896e-05,0.030738,1.012679e-05,3.369254e-01,441,1,0,1,1,1
021_bleach_cleanser,s1_hetero_patch_021_bleach_cleanser_t4,hetero_patch,238,0.905604,0.039614,3.336660e-05,1.413141e-04,904,0.026409,5.482426e-05,0.052819,2.007511e-05,3.192816e-02,165,1,0,1,1,0
021_bleach_cleanser,s1_hetero_patch_021_bleach_cleanser_t5,hetero_patch,306,0.915141,0.040561,3.387932e-05,1.235777e-04,1383,0.027041,3.639831e-05,0.054081,1.711214e-05,2.107636e-01,189,1,0,1,1,1
021_bleach_cleanser,s1_hetero_patch_021_bleach_cleanser_t6,hetero_patch,384,0.849416,0.039739,1.789227e-05,8.326059e-05,1095,0.026493,1.985926e-05,0.052985,1.854611e-05,0.000000e+00,46,1,0,1,1,1
021_bleach_cleanser,s1_hetero_patch_021_bleach_cleanser_t7,hetero_patch,2,0.947972,0.021291,3.202190e-05,6.039055e-05,1166,0.014194,3.238188e-05,0.028388,3.246604e-05,2.610544e+00,814,1,0,1,1,0
021_bleach_cleanser,s1_hetero_patch_021_bleach_cleanser_t8,hetero_patch,58,0.899691,0.040417,5.122592e-06,4.294704e-05,1219,0.026945,4.187470e-06,0.053890,6.136638e-06,0.000000e+00,165,1,0,1,1,1
021_bleach_cleanser,s1_hetero_patch_021_bleach_cleanser_t9,hetero_patch,64,0.920170,0.039855,1.459144e-05,7.354689e-05,1045,0.026570,7.402370e-06,0.053141,2.099591e-05,0.000000e+00,107,1,0,1,1,1
021_bleach_cleanser,s1_hetero_patch_021_bleach_cleanser_t10,hetero_patch,56,0.934447,0.039275,4.105509e-06,2.630793e-05,737,0.026183,2.802842e-06,0.052367,6.819153e-06,1.703947e-02,75,1,0,1,1,0
021_bleach_cleanser,s1_hetero_patch_021_bleach_cleanser_t11,hetero_patch,860,0.821032,0.019783,2.937748e-06,1.154816e-05,1059,0.013189,2.003266e-06,0.026377,2.799619e-06,2.751086e-03,344,1,0,1,1,0
021_bleach_cleanser,s1_hetero_patch_021_bleach_cleanser_t12,hetero_patch,22,0.907268,0.039009,1.102299e-05,7.050529e-05,1073,0.026006,1.080774e-05,0.052012,1.083481e-05,0.000000e+00,89,1,0,1,1,0
021_bleach_cleanser,s1_hetero_patch_021_bleach_cleanser_t13,hetero_patch,143,0.917413,0.039530,4.987694e-06,1.231655e-05,1021,0.026353,3.645958e-06,0.052706,1.234391e-05,0.000000e+00,67,1,0,1,1,0
021_bleach_cleanser,s1_hetero_patch_021_bleach_cleanser_t14,hetero_patch,36,0.930524,0.039118,2.491160e-05,1.184739e-04,942,0.026079,2.560133e-05,0.052157,1.698120e-05,8.680153e-02,141,1,0,1,1,1
021_bleach_cleanser,s1_hetero_patch_021_bleach_cleanser_t15,hetero_patch,444,0.889605,0.039671,2.385435e-05,1.394003e-04,1466,0.026447,3.058555e-05,0.052895,1.390352e-05,7.616610e-02,152,1,0,1,1,1
021_bleach_cleanser,s1_hetero_patch_021_bleach_cleanser_t16,hetero_patch,22,0.917126,0.039596,6.366768e-06,1.337210e-05,1437,0.026397,6.369802e-06,0.052795,5.468615e-06,1.378401e-01,210,1,0,1,1,1
021_bleach_cleanser,s1_hetero_patch_021_bleach_cleanser_t18,hetero_patch,144,0.894475,0.040208,4.614945e-06,3.047228e-05,1077,0.026805,3.551948e-06,0.053610,5.522442e-06,0.000000e+00,184,1,0,1,1,1
021_bleach_cleanser,s1_hetero_patch_021_bleach_cleanser_t19,hetero_patch,1559,0.149114,0.052891,3.266846e-05,2.093794e-04,1744,0.035261,8.044718e-05,0.070521,2.696344e-05,3.882048e-01,150,1,0,1,1,0
021_bleach_cleanser,s1_hetero_patch_021_bleach_cleanser_t20,hetero_patch,853,0.678119,0.053046,1.281045e-04,3.977374e-04,1296,0.035364,2.105374e-04,0.070728,7.704023e-05,1.057624e+00,133,1,0,1,1,0
021_bleach_cleanser,s1_hetero_patch_021_bleach_cleanser_t21,hetero_patch,0,0.961129,0.018977,4.206088e-05,1.239474e-04,842,0.012651,9.140168e-05,0.025302,3.294825e-05,1.288053e+00,714,1,0,1,1,0
021_bleach_cleanser,s1_hetero_patch_021_bleach_cleanser_t22,hetero_patch,602,0.836937,0.039718,3.160978e-05,1.450257e-04,1196,0.026479,4.476684e-05,0.052957,1.986692e-05,6.689808e-02,86,1,0,1,1,0
021_bleach_cleanser,s1_hetero_patch_021_bleach_cleanser_t24,hetero_patch,644,0.850690,0.039928,3.049216e-05,1.463348e-04,1353,0.026619,4.714099e-05,0.053238,1.730302e-05,8.499585e-02,134,1,0,1,1,1
061_foam_brick,s1_hetero_patch_061_foam_brick_t0,hetero_patch,644,0.893692,0.016198,1.022539e-05,4.719402e-05,473,0.010799,2.613580e-05,0.021597,6.429688e-06,7.276136e-01,1012,1,0,1,1,1
061_foam_brick,s1_hetero_patch_061_foam_brick_t1,hetero_patch,1121,0.773453,0.016819,2.148650e-06,5.568103e-06,545,0.011213,2.122013e-06,0.022425,2.784293e-06,9.586151e-01,1080,1,0,1,1,1
061_foam_brick,s1_hetero_patch_061_foam_brick_t2,hetero_patch,714,0.877322,0.017435,6.816655e-07,1.288210e-06,989,0.011623,6.627410e-07,0.023246,7.038718e-07,1.469292e+00,1979,1,0,1,1,0
061_foam_brick,s1_hetero_patch_061_foam_brick_t3,hetero_patch,156,0.938651,0.017388,1.322824e-06,2.998439e-06,1472,0.011592,1.276371e-06,0.023184,1.840501e-06,1.469145e+00,1633,1,0,1,1,1
061_foam_brick,s1_hetero_patch_061_foam_brick_t4,hetero_patch,1223,0.692197,0.016621,4.829292e-06,1.549453e-05,807,0.011081,5.544589e-06,0.022162,5.068488e-06,1.190065e+00,1198,1,0,1,1,1
061_foam_brick,s1_hetero_patch_061_foam_brick_t5,hetero_patch,0,0.974711,0.016496,1.297196e-06,3.478925e-06,712,0.010997,9.254500e-07,0.021994,1.376136e-06,9.258927e-01,1028,1,0,1,1,1
061_foam_brick,s1_hetero_patch_061_foam_brick_t6,hetero_patch,1110,0.687096,0.017336,9.517644e-07,2.278019e-06,682,0.011557,5.762590e-07,0.023114,1.439916e-06,4.581582e-01,622,1,0,1,1,1
061_foam_brick,s1_hetero_patch_061_foam_brick_t7,hetero_patch,979,0.804720,0.017351,1.912961e-06,4.481245e-06,480,0.011567,1.873275e-06,0.023135,2.612676e-06,8.350789e-01,927,1,0,1,1,1
061_foam_brick,s1_hetero_patch_061_foam_brick_t8,hetero_patch,422,0.911695,0.016768,4.129223e-07,6.338819e-07,1008,0.011178,4.306753e-07,0.022357,4.134451e-07,9.655044e-01,1786,1,0,1,1,0
061_foam_brick,s1_hetero_patch_061_foam_brick_t9,hetero_patch,446,0.899507,0.016207,1.269470e-06,3.648218e-06,673,0.010805,1.201677e-06,0.021609,1.598422e-06,5.294888e-01,775,1,0,1,1,1
061_foam_brick,s1_hetero_patch_061_foam_brick_t10,hetero_patch,31,0.954190,0.017334,1.338684e-06,4.830218e-06,1431,0.011556,1.022087e-06,0.023112,1.574288e-06,1.103188e+00,1707,1,0,1,1,0
061_foam_brick,s1_hetero_patch_061_foam_brick_t11,hetero_patch,93,0.921711,0.016785,1.226507e-06,5.044292e-06,1470,0.011190,1.452979e-06,0.022379,1.260845e-06,1.485599e+00,1938,1,0,1,1,1
061_foam_brick,s1_hetero_patch_061_foam_brick_t12,hetero_patch,362,0.920289,0.016950,5.287813e-07,8.784053e-07,893,0.011300,4.281011e-07,0.022600,7.225598e-07,1.386174e+00,1690,1,0,1,1,1
061_foam_brick,s1_hetero_patch_061_foam_brick_t13,hetero_patch,2,0.951333,0.015866,1.751870e-06,4.410949e-06,489,0.010577,2.048766e-06,0.021154,1.936335e-06,7.008042e-01,952,1,0,1,1,1
061_foam_brick,s1_hetero_patch_061_foam_brick_t14,hetero_patch,854,0.855162,0.016183,1.714674e-05,8.781351e-05,307,0.010789,2.594155e-05,0.021578,7.637008e-06,9.060314e-01,1278,1,0,1,1,1
061_foam_brick,s1_hetero_patch_061_foam_brick_t15,hetero_patch,17,0.934726,0.016161,1.208490e-06,2.659095e-06,944,0.010774,1.408026e-06,0.021548,1.298199e-06,7.145571e-01,912,1,0,1,1,1
061_foam_brick,s1_hetero_patch_061_foam_brick_t16,hetero_patch,415,0.940875,0.017332,2.805045e-06,7.222183e-06,618,0.011554,2.083441e-06,0.023109,2.725042e-06,6.931328e-01,919,1,0,1,1,1
061_foam_brick,s1_hetero_patch_061_foam_brick_t17,hetero_patch,1281,0.573524,0.015859,2.248406e-05,4.467768e-05,622,0.010573,3.038535e-05,0.021145,1.405193e-05,1.439762e+00,1402,1,0,1,1,1
061_foam_brick,s1_hetero_patch_061_foam_brick_t18,hetero_patch,245,0.920597,0.016855,4.580255e-07,7.532725e-07,1228,0.011236,4.402462e-07,0.022473,5.274939e-07,1.348966e+00,1825,1,0,1,1,1
061_foam_brick,s1_hetero_patch_061_foam_brick_t19,hetero_patch,12,0.957029,0.017190,9.191999e-07,2.402442e-06,1442,0.011460,8.612282e-07,0.022920,1.060415e-06,1.716726e+00,2025,1,0,1,1,0
061_foam_brick,s1_hetero_patch_061_foam_brick_t20,hetero_patch,1285,0.637984,0.016605,1.253867e-06,2.934027e-06,696,0.011070,7.055758e-07,0.022139,2.242945e-06,2.731892e-01,467,1,0,1,1,0
061_foam_brick,s1_hetero_patch_061_foam_brick_t21,hetero_patch,1229,0.611233,0.015636,2.965705e-06,1.672867e-05,757,0.010424,1.988364e-06,0.020848,3.722663e-06,1.145314e+00,1298,1,0,1,1,0
061_foam_brick,s1_hetero_patch_061_foam_brick_t22,hetero_patch,1279,0.609139,0.015982,1.372937e-05,4.248288e-05,447,0.010655,2.168941e-05,0.021309,9.877517e-06,9.927207e-01,1027,1,0,1,1,1
061_foam_brick,s1_hetero_patch_061_foam_brick_t23,hetero_patch,389,0.919564,0.017066,5.026758e-07,7.603339e-07,1039,0.011377,5.245108e-07,0.022754,5.114564e-07,7.441859e-01,1331,1,0,1,1,1
061_foam_brick,s1_hetero_patch_061_foam_brick_t24,hetero_patch,1211,0.642097,0.016063,1.142242e-05,3.631871e-05,464,0.010709,1.562920e-05,0.021418,8.974551e-06,7.173991e-01,991,1,0,1,1,1
010_potted_meat_can,s1_duarte_mcd_010_potted_meat_can_t0,duarte_mcd,17,0.904292,,,,,,,,,4.549090e-01,827,1,0,1,1,1
010_potted_meat_can,s1_duarte_mcd_010_potted_meat_can_t1,duarte_mcd,133,0.863735,,,,,,,,,8.827567e-02,218,1,0,1,1,0
010_potted_meat_can,s1_duarte_mcd_010_potted_meat_can_t2,duarte_mcd,29,0.927071,,,,,,,,,0.000000e+00,34,1,0,1,1,1
010_potted_meat_can,s1_duarte_mcd_010_potted_meat_can_t3,duarte_mcd,119,0.907710,,,,,,,,,4.184479e-01,635,1,0,1,1,0
010_potted_meat_can,s1_duarte_mcd_010_potted_meat_can_t4,duarte_mcd,29,0.823746,,,,,,,,,7.330348e-01,897,1,0,1,1,1
010_potted_meat_can,s1_duarte_mcd_010_potted_meat_can_t5,duarte_mcd,102,0.857948,,,,,,,,,2.490564e-01,550,1,0,1,1,1
010_potted_meat_can,s1_duarte_mcd_010_potted_meat_can_t6,duarte_mcd,376,0.777608,,,,,,,,,5.406224e-01,802,1,0,1,1,1
010_potted_meat_can,s1_duarte_mcd_010_potted_meat_can_t7,duarte_mcd,929,0.598767,,,,,,,,,0.000000e+00,136,1,0,1,1,0
010_potted_meat_can,s1_duarte_mcd_010_potted_meat_can_t8,duarte_mcd,100,0.827092,,,,,,,,,2.464466e-01,582,1,0,1,1,1
010_potted_meat_can,s1_duarte_mcd_010_potted_meat_can_t10,duarte_mcd,205,0.906630,,,,,,,,,4.620829e-01,752,1,0,1,1,1
010_potted_meat_can,s1_duarte_mcd_010_potted_meat_can_t11,duarte_mcd,787,0.581807,,,,,,,,,5.269069e-01,748,1,0,1,1,1
010_potted_meat_can,s1_duarte_mcd_010_potted_meat_can_t12,duarte_mcd,90,0.911428,,,,,,,,,0.000000e+00,24,1,0,1,1,1
010_potted_meat_can,s1_duarte_mcd_010_potted_meat_can_t13,duarte_mcd,4,0.907104,,,,,,,,,3.347754e-01,637,1,0,1,1,1
010_potted_meat_can,s1_duarte_mcd_010_potted_meat_can_t14,duarte_mcd,108,0.862518,,,,,,,,,2.037994e-01,481,1,0,1,1,1
010_potted_meat_can,s1_duarte_mcd_010_potted_meat_can_t15,duarte_mcd,3,0.925235,,,,,,,,,5.150146e-01,964,1,0,1,1,1
010_potted_meat_can,s1_duarte_mcd_010_potted_meat_can_t16,duarte_mcd,173,0.903465,,,,,,,,,1.454474e-01,367,1,0,1,1,1
010_potted_meat_can,s1_duarte_mcd_010_potted_meat_can_t17,duarte_mcd,15,0.852099,,,,,,,,,0.000000e+00,58,1,0,1,1,0
010_potted_meat_can,s1_duarte_mcd_010_potted_meat_can_t18,duarte_mcd,80,0.863357,,,,,,,,,3.903269e-01,825,1,0,1,1,1
010_potted_meat_can,s1_duarte_mcd_010_potted_meat_can_t19,duarte_mcd,81,0.961239,,,,,,,,,3.570357e-01,580,1,0,1,1,0
010_potted_meat_can,s1_duarte_mcd_010_potted_meat_can_t20,duarte_mcd,160,0.787095,,,,,,,,,2.072040e-01,350,1,0,1,1,0
010_potted_meat_can,s1_duarte_mcd_010_potted_meat_can_t21,duarte_mcd,39,0.903541,,,,,,,,,6.247270e-01,952,1,0,1,1,1
010_potted_meat_can,s1_duarte_mcd_010_potted_meat_can_t22,duarte_mcd,66,0.824833,,,,,,,,,2.249625e-01,396,1,0,1,1,1
010_potted_meat_can,s1_duarte_mcd_010_potted_meat_can_t23,duarte_mcd,0,0.949534,,,,,,,,,5.681729e-01,1125,1,0,1,1,1
010_potted_meat_can,s1_duarte_mcd_010_potted_meat_can_t24,duarte_mcd,72,0.839787,,,,,,,,,1.393632e-01,338,1,0,1,1,1
005_tomato_soup_can,s2_partial_only_005_tomato_soup_can_t0,partial_only,0,0.961096,,,,,,,,,,,1,0,1,1,1
005_tomato_soup_can,s2_partial_only_005_tomato_soup_can_t1,partial_only,0,0.954486,,,,,,,,,,,1,0,1,1,1
005_tomato_soup_can,s2_partial_only_005_tomato_soup_can_t2,partial_only,2,0.929154,,,,,,,,,,,1,0,1,1,1
005_tomato_soup_can,s2_partial_only_005_tomato_soup_can_t3,partial_only,0,0.960975,,,,,,,,,,,1,0,1,1,1
005_tomato_soup_can,s2_partial_only_005_tomato_soup_can_t4,partial_only,1,0.958267,,,,,,,,,,,1,0,1,1,1
005_tomato_soup_can,s2_partial_only_005_tomato_soup_can_t5,partial_only,6,0.936849,,,,,,,,,,,1,0,1,1,1
005_tomato_soup_can,s2_partial_only_005_tomato_soup_can_t7,partial_only,0,0.948594,,,,,,,,,,,1,0,1,1,1
005_tomato_soup_can,s2_partial_only_005_tomato_soup_can_t8,partial_only,0,0.954401,,,,,,,,,,,1,0,1,1,1
005_tomato_soup_can,s2_partial_only_005_tomato_soup_can_t9,partial_only,0,0.956544,,,,,,,,,,,1,0,1,1,1
005_tomato_soup_can,s2_partial_only_005_tomato_soup_can_t11,partial_only,5,0.953414,,,,,,,,,,,1,0,1,1,1
005_tomato_soup_can,s2_partial_only_005_tomato_soup_can_t13,partial_only,0,0.963199,,,,,,,,,,,1,0,1,1,1
005_tomato_soup_can,s2_partial_only_005_tomato_soup_can_t14,partial_only,10,0.942142,,,,,,,,,,,1,0,1,1,1
005_tomato_soup_can,s2_partial_only_005_tomato_soup_can_t15,partial_only,6,0.956065,,,,,,,,,,,1,0,1,1,1
005_tomato_soup_can,s2_partial_only_005_tomato_soup_can_t16,partial_only,0,0.972617,,,,,,,,,,,1,0,1,1,1
005_tomato_soup_can,s2_partial_only_005_tomato_soup_can_t17,partial_only,0,0.949889,,,,,,,,,,,1,0,1,1,1
005_tomato_soup_can,s2_partial_only_005_tomato_soup_can_t18,partial_only,0,0.951555,,,,,,,,,,,1,0,1,1,1
005_tomato_soup_can,s2_partial_only_005_tomato_soup_can_t20,partial_only,0,0.957331,,,,,,,,,,,1,0,1,1,1
005_tomato_soup_can,s2_partial_only_005_tomato_soup_can_t21,partial_only,0,0.955671,,,,,,,,,,,1,0,1,1,1
005_tomato_soup_can,s2_partial_only_005_tomato_soup_can_t22,partial_only,0,0.948494,,,,,,,,,,,1,0,1,1,1
005_tomato_soup_can,s2_partial_only_005_tomato_soup_can_t23,partial_only,5,0.943921,,,,,,,,,,,1,0,1,1,1
005_tomato_soup_can,s2_partial_only_005_tomato_soup_can_t24,partial_only,0,0.965380,,,,,,,,,,,1,0,1,1,1
035_power_drill,s2_partial_only_035_power_drill_t0,partial_only,1,0.932410,,,,,,,,,,,1,0,1,1,1
035_power_drill,s2_partial_only_035_power_drill_t2,partial_only,0,0.947229,,,,,,,,,,,1,0,1,1,1
035_power_drill,s2_partial_only_035_power_drill_t3,partial_only,25,0.953346,,,,,,,,,,,1,0,1,1,1
035_power_drill,s2_partial_only_035_power_drill_t4,partial_only,0,0.948269,,,,,,,,,,,1,0,1,1,0
035_power_drill,s2_partial_only_035_power_drill_t5,partial_only,392,0.914534,,,,,,,,,,,1,0,1,1,0
035_power_drill,s2_partial_only_035_power_drill_t6,partial_only,0,0.959157,,,,,,,,,,,1,0,1,1,1
035_power_drill,s2_partial_only_035_power_drill_t8,partial_only,0,0.956790,,,,,,,,,,,1,0,1,1,1
035_power_drill,s2_partial_only_035_power_drill_t10,partial_only,3,0.945581,,,,,,,,,,,1,0,1,1,1
035_power_drill,s2_partial_only_035_power_drill_t11,partial_only,132,0.877571,,,,,,,,,,,1,0,1,1,0
035_power_drill,s2_partial_only_035_power_drill_t12,partial_only,37,0.972655,,,,,,,,,,,1,0,1,1,0
035_power_drill,s2_partial_only_035_power_drill_t13,partial_only,21,0.936735,,,,,,,,,,,1,0,1,1,1
035_power_drill,s2_partial_only_035_power_drill_t14,partial_only,0,0.938801,,,,,,,,,,,1,0,1,1,0
035_power_drill,s2_partial_only_035_power_drill_t15,partial_only,1,0.914529,,,,,,,,,,,1,0,1,1,1
035_power_drill,s2_partial_only_035_power_drill_t16,partial_only,2,0.865179,,,,,,,,,,,1,0,1,1,0
035_power_drill,s2_partial_only_035_power_drill_t17,partial_only,42,0.921490,,,,,,,,,,,1,0,1,1,1
035_power_drill,s2_partial_only_035_power_drill_t18,partial_only,0,0.964087,,,,,,,,,,,1,0,1,1,1
035_power_drill,s2_partial_only_035_power_drill_t20,partial_only,1635,0.435617,,,,,,,,,,,1,0,1,1,0
035_power_drill,s2_partial_only_035_power_drill_t21,partial_only,680,0.781832,,,,,,,,,,,1,0,1,1,0
035_power_drill,s2_partial_only_035_power_drill_t22,partial_only,4,0.952024,,,,,,,,,,,1,0,1,1,1
035_power_drill,s2_partial_only_035_power_drill_t23,partial_only,0,0.936065,,,,,,,,,,,1,0,1,1,1
021_bleach_cleanser,s2_complete_only_021_bleach_cleanser_t0,complete_only,13,0.913217,0.039332,4.894639e-05,3.024180e-04,968,0.026221,4.797133e-05,0.052442,3.234314e-05,0.000000e+00,84,1,0,1,1,0
021_bleach_cleanser,s2_complete_only_021_bleach_cleanser_t1,complete_only,60,0.912791,0.039162,4.212031e-05,2.931257e-04,976,0.026108,5.759267e-05,0.052216,2.947208e-05,0.000000e+00,122,1,0,1,1,1
021_bleach_cleanser,s2_complete_only_021_bleach_cleanser_t2,complete_only,60,0.794978,0.039101,5.158900e-06,1.212550e-05,1331,0.026068,5.553770e-06,0.052135,4.484416e-06,2.515637e-01,273,1,0,1,1,1
021_bleach_cleanser,s2_complete_only_021_bleach_cleanser_t4,complete_only,18,0.941628,0.038810,1.756856e-04,1.219919e-03,464,0.025873,1.329691e-04,0.051746,1.228754e-04,2.394486e-01,149,1,0,1,1,1
021_bleach_cleanser,s2_complete_only_021_bleach_cleanser_t5,complete_only,57,0.933301,0.040015,8.921645e-06,2.807459e-05,1014,0.026677,4.619144e-06,0.053353,2.011800e-05,0.000000e+00,97,1,0,1,1,1
021_bleach_cleanser,s2_complete_only_021_bleach_cleanser_t7,complete_only,220,0.856728,0.027441,8.411376e-06,4.845931e-05,1231,0.018294,5.076256e-05,0.036588,8.486862e-06,1.425581e-01,160,1,0,1,1,0
021_bleach_cleanser,s2_complete_only_021_bleach_cleanser_t8,complete_only,45,0.935220,0.038788,6.120791e-05,4.002496e-04,1138,0.025859,7.840324e-05,0.051717,4.028273e-05,2.469615e-02,131,1,0,1,1,1
021_bleach_cleanser,s2_complete_only_021_bleach_cleanser_t9,complete_only,18,0.902258,0.038885,5.508668e-05,3.456703e-04,1047,0.025923,5.347616e-05,0.051846,4.330226e-05,0.000000e+00,159,1,0,1,1,1
021_bleach_cleanser,s2_complete_only_021_bleach_cleanser_t11,complete_only,286,0.876169,0.040120,1.831925e-04,7.531757e-04,1237,0.026747,4.092896e-04,0.053493,1.278923e-04,4.024803e-01,143,1,0,1,1,1
021_bleach_cleanser,s2_complete_only_021_bleach_cleanser_t13,complete_only,717,0.839475,0.039548,7.021520e-05,2.787936e-04,801,0.026365,1.055593e-04,0.052731,3.540555e-05,1.187161e-01,121,1,0,1,1,1
021_bleach_cleanser,s2_complete_only_021_bleach_cleanser_t14,complete_only,33,0.926758,0.038855,4.354133e-05,4.173555e-04,916,0.025903,5.119823e-05,0.051807,2.891998e-05,0.000000e+00,116,1,0,1,1,1
021_bleach_cleanser,s2_complete_only_021_bleach_cleanser_t15,complete_only,3,0.900582,0.039586,5.645848e-06,1.538545e-05,1482,0.026391,6.234536e-06,0.052782,4.715623e-06,1.163034e-01,245,1,0,1,1,1
021_bleach_cleanser,s2_complete_only_021_bleach_cleanser_t17,complete_only,690,0.847377,0.039335,1.843890e-04,9.866020e-04,1113,0.026223,2.504665e-04,0.052446,7.725467e-05,3.299016e-01,152,1,0,1,1,1
021_bleach_cleanser,s2_complete_only_021_bleach_cleanser_t18,complete_only,17,0.938567,0.040320,1.804660e-05,6.750944e-05,1389,0.026880,1.920551e-05,0.053761,1.396913e-05,1.620145e-01,162,1,0,1,1,1
021_bleach_cleanser,s2_complete_only_021_bleach_cleanser_t19,complete_only,65,0.899147,0.038550,4.551774e-05,1.841923e-04,1263,0.025700,7.640629e-05,0.051400,3.131119e-05,1.490292e-01,134,1,0,1,1,1
021_bleach_cleanser,s2_complete_only_021_bleach_cleanser_t20,complete_only,52,0.859978,0.038879,4.758341e-06,1.011160e-05,1455,0.025920,5.006524e-06,0.051839,4.488862e-06,1.243310e-01,188,1,0,1,1,1
021_bleach_cleanser,s2_complete_only_021_bleach_cleanser_t21,complete_only,0,0.953567,0.056550,7.268049e-03,1.401484e-02,795,0.037700,7.642055e-03,0.075399,3.877885e-03,3.664042e+00,44,1,0,1,1,0
021_bleach_cleanser,s2_complete_only_021_bleach_cleanser_t22,complete_only,104,0.896379,0.039127,5.309295e-05,1.789936e-04,1343,0.026085,7.364380e-05,0.052170,3.849860e-05,2.195849e-01,110,1,0,1,1,1
021_bleach_cleanser,s2_complete_only_021_bleach_cleanser_t23,complete_only,30,0.936124,0.039036,9.000736e-05,5.048534e-04,993,0.026024,5.565018e-05,0.052049,3.806706e-05,6.721126e-02,116,1,0,1,1,1
021_bleach_cleanser,s2_complete_only_021_bleach_cleanser_t24,complete_only,0,0.790209,0.001905,1.435640e-06,4.132159e-06,507,0.001270,1.634548e-06,0.002540,6.030736e-07,1.310310e+00,8192,0,0,1,1,
061_foam_brick,s2_complete_only_061_foam_brick_t0,complete_only,268,0.939621,0.017153,8.733065e-06,8.573224e-07,671,0.011435,2.725766e-05,0.022871,8.662340e-06,1.388981e+00,1557,1,0,1,1,0
061_foam_brick,s2_complete_only_061_foam_brick_t1,complete_only,164,0.967689,0.016697,1.048902e-05,3.059579e-05,495,0.011132,1.074442e-05,0.022263,1.272498e-05,1.625403e+00,908,1,0,1,1,1
061_foam_brick,s2_complete_only_061_foam_brick_t2,complete_only,170,0.963829,0.018051,2.608051e-06,1.799218e-05,1028,0.012034,6.300046e-06,0.024067,8.327935e-06,1.065463e+00,1417,1,0,1,1,1
061_foam_brick,s2_complete_only_061_foam_brick_t3,complete_only,1354,0.498522,0.016480,9.810598e-06,4.283353e-05,612,0.010987,1.072647e-05,0.021973,9.235830e-06,1.661130e+00,1532,1,0,1,1,1
061_foam_brick,s2_complete_only_061_foam_brick_t4,complete_only,509,0.939331,0.016491,4.376808e-06,3.717311e-05,862,0.010994,8.334462e-06,0.021988,2.833377e-06,9.778092e-01,1186,1,0,1,1,1
061_foam_brick,s2_complete_only_061_foam_brick_t5,complete_only,0,0.974839,0.016235,1.152635e-06,3.961411e-06,526,0.010823,1.930208e-06,0.021647,1.493122e-05,1.457090e+00,891,1,0,1,1,1
061_foam_brick,s2_complete_only_061_foam_brick_t6,complete_only,8,0.962860,0.017180,2.502512e-06,1.646307e-06,1111,0.011453,1.137278e-06,0.022906,2.470394e-06,1.713670e+00,2042,1,0,1,1,0
061_foam_brick,s2_complete_only_061_foam_brick_t7,complete_only,12,0.961472,0.016993,7.962342e-07,1.449858e-06,1331,0.011329,7.288129e-07,0.022657,2.750418e-06,1.613675e+00,2160,1,0,1,1,1
061_foam_brick,s2_complete_only_061_foam_brick_t8,complete_only,269,0.962186,0.016655,4.386560e-06,8.365375e-06,864,0.011103,2.195461e-06,0.022207,1.201209e-05,9.265601e-01,1252,1,0,1,1,1
061_foam_brick,s2_complete_only_061_foam_brick_t9,complete_only,778,0.880863,0.016805,2.407819e-06,2.008285e-06,1091,0.011204,9.686588e-07,0.022407,5.238478e-06,1.748606e+00,1684,1,0,1,1,1
061_foam_brick,s2_complete_only_061_foam_brick_t10,complete_only,857,0.832732,0.016074,1.430670e-04,5.768329e-04,610,0.010716,2.158244e-04,0.021432,6.510046e-05,9.358202e-01,825,1,0,1,1,1
061_foam_brick,s2_complete_only_061_foam_brick_t11,complete_only,1155,0.756621,0.015872,7.920139e-05,1.871880e-04,554,0.010581,8.551233e-05,0.021163,6.483789e-05,7.769741e-01,991,1,0,1,1,1
061_foam_brick,s2_complete_only_061_foam_brick_t12,complete_only,590,0.892185,0.017006,3.990228e-07,6.205529e-07,1163,0.011337,3.950437e-07,0.022674,4.133325e-07,8.132956e-01,1354,1,0,1,1,1
061_foam_brick,s2_complete_only_061_foam_brick_t13,complete_only,1197,0.691959,0.016409,5.361884e-06,2.657883e-05,864,0.010939,6.239087e-06,0.021878,6.786326e-06,1.830361e+00,1304,1,0,1,1,1
061_foam_brick,s2_complete_only_061_foam_brick_t14,complete_only,133,0.972059,0.017209,9.875726e-04,2.152457e-03,399,0.011473,1.012556e-03,0.022946,2.320364e-04,1.587597e+00,1024,1,0,1,1,1
061_foam_brick,s2_complete_only_061_foam_brick_t15,complete_only,804,0.877717,0.017077,1.867110e-05,6.139196e-05,780,0.011385,1.767368e-05,0.022769,6.800765e-06,1.000493e+00,1572,1,0,1,1,1
061_foam_brick,s2_complete_only_061_foam_brick_t16,complete_only,775,0.896583,0.017816,8.009644e-06,1.590748e-05,1036,0.011877,3.101962e-06,0.023754,1.082364e-05,1.317610e+00,1579,1,0,1,1,1
061_foam_brick,s2_complete_only_061_foam_brick_t17,complete_only,376,0.897837,0.016453,6.291986e-06,1.452650e-05,861,0.010969,5.531772e-06,0.021938,2.231033e-05,1.690274e+00,971,1,0,1,1,1
061_foam_brick,s2_complete_only_061_foam_brick_t18,complete_only,1100,0.788949,0.016922,4.183458e-06,2.868621e-05,516,0.011281,4.351854e-06,0.022562,9.672177e-06,1.629842e+00,1131,1,0,1,1,1
061_foam_brick,s2_complete_only_061_foam_brick_t19,complete_only,2,0.946742,0.017606,6.804634e-07,1.184425e-06,1123,0.011737,6.391025e-07,0.023475,1.862144e-06,9.688546e-01,1460,1,0,1,1,0
061_foam_brick,s2_complete_only_061_foam_brick_t20,complete_only,164,0.964480,0.017458,1.785123e-03,2.734126e-03,576,0.011639,1.782376e-03,0.023277,5.329912e-04,2.007243e+00,1158,1,0,1,1,1
061_foam_brick,s2_complete_only_061_foam_brick_t21,complete_only,412,0.943970,0.016231,3.528337e-04,9.675864e-04,501,0.010821,2.947049e-04,0.021641,2.267353e-04,1.210958e+00,977,1,0,1,1,1
061_foam_brick,s2_complete_only_061_foam_brick_t22,complete_only,14,0.948298,0.017577,3.907615e-06,1.049501e-05,1106,0.011718,1.922331e-06,0.023436,7.604068e-06,1.490548e+00,1677,1,0,1,1,1
061_foam_brick,s2_complete_only_061_foam_brick_t23,complete_only,188,0.964372,0.016706,3.122012e-04,1.538870e-03,147,0.011137,4.436320e-04,0.022275,7.189421e-05,1.837003e+00,1011,1,0,1,1,1
061_foam_brick,s2_complete_only_061_foam_brick_t24,complete_only,871,0.835460,0.017640,4.577047e-07,7.332770e-07,1014,0.011760,4.107651e-07,0.023520,4.701981e-07,8.754393e-01,1488,1,0,1,1,1
010_potted_meat_can,s2_epi_max_010_potted_meat_can_t0,complete_epi,4,0.924082,0.020054,1.149379e-06,3.993460e-06,640,0.013369,1.157183e-06,0.026738,1.048649e-06,3.823622e-01,690,1,0,1,1,1
010_potted_meat_can,s2_epi_max_010_potted_meat_can_t1,complete_epi,9,0.854848,0.021451,1.240489e-06,3.066829e-06,638,0.014301,1.417718e-06,0.028602,5.086532e-06,4.336405e-01,644,1,0,1,1,1
010_potted_meat_can,s2_epi_max_010_potted_meat_can_t2,complete_epi,11,0.843079,0.020384,1.860840e-06,9.260951e-06,726,0.013589,2.012861e-06,0.027178,1.655995e-06,4.917132e-01,687,1,0,1,1,1
010_potted_meat_can,s2_epi_max_010_potted_meat_can_t3,complete_epi,156,0.766033,0.020982,3.060631e-06,8.271706e-06,794,0.013988,2.398764e-06,0.027976,4.038048e-06,4.257642e-01,471,1,0,1,1,1
010_potted_meat_can,s2_epi_max_010_potted_meat_can_t5,complete_epi,0,0.940237,0.021058,6.595146e-07,1.777073e-06,486,0.014039,7.116296e-07,0.028078,7.387981e-07,3.248522e-01,540,1,0,1,1,1
010_potted_meat_can,s2_epi_max_010_potted_meat_can_t7,complete_epi,2,0.922293,0.020702,9.852166e-07,2.145136e-06,778,0.013801,9.430000e-07,0.027602,1.061399e-06,4.003136e-01,632,1,0,1,1,1
010_potted_meat_can,s2_epi_max_010_potted_meat_can_t8,complete_epi,118,0.781757,0.021819,3.934502e-06,4.203189e-06,666,0.014546,1.537379e-06,0.029093,6.159438e-06,4.107755e-01,627,1,0,1,1,1
010_potted_meat_can,s2_epi_max_010_potted_meat_can_t9,complete_epi,38,0.911525,0.020219,1.055228e-06,3.865151e-06,674,0.013479,1.177158e-06,0.026958,9.531822e-07,3.254368e-01,646,1,0,1,1,1
010_potted_meat_can,s2_epi_max_010_potted_meat_can_t10,complete_epi,454,0.739389,0.024709,7.478079e-06,2.027253e-05,1027,0.016473,5.097080e-06,0.032946,1.012542e-05,4.555107e-01,622,1,0,1,1,1
010_potted_meat_can,s2_epi_max_010_potted_meat_can_t11,complete_epi,215,0.833276,0.021433,7.860971e-06,2.301913e-05,702,0.014289,5.021438e-06,0.028578,1.034556e-05,3.760681e-01,473,1,0,1,1,0
010_potted_meat_can,s2_epi_max_010_potted_meat_can_t12,complete_epi,184,0.896311,0.019805,7.835649e-07,1.834481e-06,651,0.013203,8.064724e-07,0.026406,7.532627e-07,3.479856e-01,678,1,0,1,1,1
010_potted_meat_can,s2_epi_max_010_potted_meat_can_t13,complete_epi,115,0.815144,0.021029,2.481256e-06,3.279707e-06,644,0.014020,2.000979e-06,0.028039,3.799831e-06,6.645762e-01,734,1,0,1,1,1
010_potted_meat_can,s2_epi_max_010_potted_meat_can_t15,complete_epi,0,0.926978,0.020397,2.919444e-06,9.231308e-06,615,0.013598,4.021081e-06,0.027196,2.616694e-06,4.938376e-01,691,1,0,1,1,1
010_potted_meat_can,s2_epi_max_010_potted_meat_can_t16,complete_epi,6,0.916786,0.019671,6.967697e-07,1.481597e-06,660,0.013114,8.057367e-07,0.026227,7.733585e-07,2.865847e-01,601,1,0,1,1,1
010_potted_meat_can,s2_epi_max_010_potted_meat_can_t17,complete_epi,1,0.908335,0.021066,1.450339e-05,4.745505e-06,562,0.014044,8.899985e-06,0.028088,1.628026e-05,4.324478e-01,616,1,0,1,1,1
010_potted_meat_can,s2_epi_max_010_potted_meat_can_t18,complete_epi,8,0.872006,0.020852,1.703843e-06,5.315017e-06,1019,0.013901,2.088855e-06,0.027803,1.943019e-06,7.954332e-01,920,1,0,1,1,0
010_potted_meat_can,s2_epi_max_010_potted_meat_can_t19,complete_epi,6,0.920854,0.020805,9.413635e-07,2.338965e-06,824,0.013870,8.944622e-07,0.027740,9.886091e-07,4.058135e-01,671,1,0,1,1,1
010_potted_meat_can,s2_epi_max_010_potted_meat_can_t21,complete_epi,242,0.759075,0.021550,1.892999e-06,3.196486e-06,589,0.014367,2.005563e-06,0.028733,2.745992e-06,4.995378e-01,655,1,0,1,1,1
010_potted_meat_can,s2_epi_max_010_potted_meat_can_t22,complete_epi,5,0.887396,0.020701,1.023858e-06,1.986088e-06,788,0.013801,1.084854e-06,0.027601,1.071603e-06,4.962613e-01,744,1,0,1,1,0
010_potted_meat_can,s2_epi_max_010_potted_meat_can_t23,complete_epi,0,0.933314,0.021320,1.650723e-05,3.166807e-06,723,0.014214,2.002772e-05,0.028427,1.550330e-05,4.851154e-01,667,1,0,1,1,1
010_potted_meat_can,s2_epi_max_010_potted_meat_can_t24,complete_epi,11,0.911486,0.020028,2.024673e-06,7.060771e-06,711,0.013352,2.217309e-06,0.026705,1.755714e-06,3.947592e-01,656,1,0,1,1,1
005_tomato_soup_can,s2_epi_mean_005_tomato_soup_can_t0,complete_epi,74,0.866051,0.018947,5.765440e-07,1.381387e-06,678,0.012632,6.908284e-07,0.025263,7.714308e-07,4.892472e-01,938,1,0,1,1,1
005_tomato_soup_can,s2_epi_mean_005_tomato_soup_can_t1,complete_epi,13,0.894930,0.018677,6.672074e-07,2.002864e-06,600,0.012451,6.564670e-07,0.024902,7.497978e-07,3.202643e-01,698,1,0,1,1,1
005_tomato_soup_can,s2_epi_mean_005_tomato_soup_can_t3,complete_epi,19,0.883203,0.019136,5.764552e-07,1.426671e-06,678,0.012758,7.152500e-07,0.025515,7.606091e-07,3.956303e-01,849,1,0,1,1,1
005_tomato_soup_can,s2_epi_mean_005_tomato_soup_can_t4,complete_epi,16,0.891003,0.018747,5.858444e-07,1.790956e-06,523,0.012498,6.583205e-07,0.024996,6.522168e-07,2.841885e-01,716,1,0,1,1,1
005_tomato_soup_can,s2_epi_mean_005_tomato_soup_can_t5,complete_epi,64,0.875977,0.019017,6.147491e-07,1.463225e-06,679,0.012678,7.599317e-07,0.025356,8.043578e-07,4.422962e-01,879,1,0,1,1,1
005_tomato_soup_can,s2_epi_mean_005_tomato_soup_can_t6,complete_epi,43,0.884613,0.018911,5.292855e-07,1.589477e-06,520,0.012607,5.390860e-07,0.025214,5.631679e-07,3.130289e-01,756,1,0,1,1,1
005_tomato_soup_can,s2_epi_mean_005_tomato_soup_can_t7,complete_epi,219,0.840712,0.018778,5.540201e-07,1.718094e-06,714,0.012519,5.756554e-07,0.025038,7.346178e-07,3.339641e-01,786,1,0,1,1,1
005_tomato_soup_can,s2_epi_mean_005_tomato_soup_can_t8,complete_epi,12,0.894378,0.018600,6.077742e-07,2.557408e-06,500,0.012400,8.153582e-07,0.024800,6.715108e-07,3.087339e-01,712,1,0,1,1,1
005_tomato_soup_can,s2_epi_mean_005_tomato_soup_can_t9,complete_epi,17,0.883122,0.018918,5.991541e-07,1.494887e-06,679,0.012612,7.600729e-07,0.025223,7.996164e-07,4.049636e-01,802,1,0,1,1,1
005_tomato_soup_can,s2_epi_mean_005_tomato_soup_can_t10,complete_epi,30,0.881086,0.019325,6.252935e-07,1.439746e-06,715,0.012884,7.255170e-07,0.025767,7.785416e-07,4.535270e-01,858,1,0,1,1,1
005_tomato_soup_can,s2_epi_mean_005_tomato_soup_can_t12,complete_epi,37,0.869755,0.018773,5.301452e-07,1.656285e-06,514,0.012515,5.258109e-07,0.025031,6.926231e-07,2.774793e-01,695,1,0,1,1,1
005_tomato_soup_can,s2_epi_mean_005_tomato_soup_can_t13,complete_epi,129,0.858727,0.019033,6.077960e-07,1.608400e-06,616,0.012689,6.971151e-07,0.025378,7.037318e-07,4.034219e-01,823,1,0,1,1,0
005_tomato_soup_can,s2_epi_mean_005_tomato_soup_can_t14,complete_epi,17,0.884622,0.018683,4.547011e-07,2.083114e-06,451,0.012455,4.153868e-07,0.024911,7.054861e-07,2.424873e-01,665,1,0,1,1,1
005_tomato_soup_can,s2_epi_mean_005_tomato_soup_can_t16,complete_epi,89,0.869373,0.018982,4.675149e-07,1.496011e-06,449,0.012655,4.505134e-07,0.025310,5.334514e-07,2.475775e-01,659,1,0,1,1,1
005_tomato_soup_can,s2_epi_mean_005_tomato_soup_can_t17,complete_epi,42,0.881799,0.019158,6.542677e-07,1.580807e-06,722,0.012772,7.773391e-07,0.025544,8.272603e-07,4.920216e-01,884,1,0,1,1,1
005_tomato_soup_can,s2_epi_mean_005_tomato_soup_can_t18,complete_epi,77,0.865016,0.019057,5.551010e-07,1.468031e-06,646,0.012705,7.683815e-07,0.025409,8.024682e-07,3.776154e-01,766,1,0,1,1,0
005_tomato_soup_can,s2_epi_mean_005_tomato_soup_can_t19,complete_epi,5,0.898591,0.018936,5.852060e-07,1.712147e-06,678,0.012624,7.616113e-07,0.025248,8.735886e-07,5.164661e-01,948,1,0,1,1,1
005_tomato_soup_can,s2_epi_mean_005_tomato_soup_can_t20,complete_epi,82,0.852739,0.019115,6.456077e-07,1.633934e-06,659,0.012743,7.841005e-07,0.025486,8.078778e-07,4.940401e-01,893,1,0,1,1,1
005_tomato_soup_can,s2_epi_mean_005_tomato_soup_can_t21,complete_epi,32,0.884107,0.018826,6.150886e-07,2.288423e-06,536,0.012551,8.649411e-07,0.025101,6.435196e-07,4.137322e-01,803,1,0,1,1,0
005_tomato_soup_can,s2_epi_mean_005_tomato_soup_can_t22,complete_epi,4,0.885278,0.018675,5.997925e-07,1.450791e-06,697,0.012450,7.096023e-07,0.024900,7.860288e-07,4.053033e-01,830,1,0,1,1,0
005_tomato_soup_can,s2_epi_mean_005_tomato_soup_can_t23,complete_epi,21,0.901499,0.018687,5.098294e-07,1.837830e-06,484,0.012458,6.024435e-07,0.024916,6.273936e-07,3.146195e-01,739,1,0,1,1,1
005_tomato_soup_can,s2_epi_mean_005_tomato_soup_can_t24,complete_epi,10,0.897344,0.018876,5.755535e-07,1.532689e-06,699,0.012584,6.576001e-07,0.025168,7.517823e-07,4.338862e-01,873,1,0,1,1,1
035_power_drill,s2_epi_mean_035_power_drill_t0,complete_epi,239,0.871291,0.039149,3.943332e-06,2.773454e-05,1442,0.026099,4.125695e-06,0.052199,9.599901e-06,2.018267e-01,281,1,0,1,1,1
035_power_drill,s2_epi_mean_035_power_drill_t1,complete_epi,525,0.803285,0.040572,2.251900e-06,1.155234e-05,1489,0.027048,2.402879e-06,0.054096,3.306972e-06,7.790345e-02,209,1,0,1,1,1
035_power_drill,s2_epi_mean_035_power_drill_t2,complete_epi,504,0.832031,0.019472,1.973289e-05,2.048427e-04,958,0.012981,5.740242e-05,0.025962,2.703389e-05,1.363803e+00,1500,1,0,1,1,0
035_power_drill,s2_epi_mean_035_power_drill_t3,complete_epi,560,0.838150,0.038783,1.485365e-05,7.551565e-06,895,0.025856,0.000000e+00,0.051711,5.015110e-05,0.000000e+00,147,1,0,1,1,0
035_power_drill,s2_epi_mean_035_power_drill_t4,complete_epi,640,0.806607,0.039664,5.601474e-06,9.045765e-06,996,0.026443,8.597948e-06,0.052886,9.699817e-06,0.000000e+00,140,1,0,1,1,0
035_power_drill,s2_epi_mean_035_power_drill_t5,complete_epi,321,0.817354,0.039374,8.479057e-07,8.312339e-06,737,0.026249,7.733349e-07,0.052499,3.464696e-06,0.000000e+00,184,1,0,1,1,1
035_power_drill,s2_epi_mean_035_power_drill_t6,complete_epi,548,0.842641,0.042097,4.525920e-05,4.489186e-04,1217,0.028064,1.368907e-04,0.056129,7.325334e-05,2.007718e-01,173,1,0,1,1,1
035_power_drill,s2_epi_mean_035_power_drill_t7,complete_epi,141,0.891004,0.051530,3.556500e-06,1.658247e-05,1466,0.034353,1.167968e-06,0.068706,2.072969e-05,0.000000e+00,101,1,0,1,1,0
035_power_drill,s2_epi_mean_035_power_drill_t8,complete_epi,474,0.831751,0.041035,9.369944e-07,4.653979e-06,829,0.027357,0.000000e+00,0.054714,1.453522e-06,0.000000e+00,89,1,0,1,1,0
035_power_drill,s2_epi_mean_035_power_drill_t9,complete_epi,0,0.939211,0.053267,1.227361e-05,5.424408e-05,2931,0.035512,1.451574e-05,0.071023,3.802981e-05,5.743171e-01,350,1,0,1,1,0
035_power_drill,s2_epi_mean_035_power_drill_t10,complete_epi,335,0.848319,0.042947,9.719778e-05,4.050037e-04,710,0.028631,8.587058e-05,0.057263,1.709589e-04,2.420301e-01,148,1,0,1,1,0
035_power_drill,s2_epi_mean_035_power_drill_t11,complete_epi,50,0.882644,0.045445,1.889228e-04,1.635027e-03,875,0.030297,3.887548e-04,0.060593,2.623768e-04,1.440204e-01,139,1,0,1,1,1
035_power_drill,s2_epi_mean_035_power_drill_t12,complete_epi,5,0.947661,0.020904,2.958408e-05,1.602540e-04,1643,0.013936,4.608888e-05,0.027872,4.474733e-05,2.316405e+00,1947,1,0,1,1,1
035_power_drill,s2_epi_mean_035_power_drill_t14,complete_epi,1239,0.534191,0.054915,1.055272e-05,2.993348e-05,2629,0.036610,5.713654e-06,0.073220,4.234116e-05,8.135297e-01,501,1,0,1,1,1
035_power_drill,s2_epi_mean_035_power_drill_t15,complete_epi,98,0.864118,0.040848,1.330644e-05,3.086330e-05,1552,0.027232,9.726855e-06,0.054463,3.951790e-05,5.523464e-01,448,1,0,1,1,1
035_power_drill,s2_epi_mean_035_power_drill_t16,complete_epi,123,0.895158,0.037636,1.116836e-05,4.076931e-05,1826,0.025091,8.493358e-06,0.050182,2.429044e-05,8.945720e-03,242,1,0,1,1,1
035_power_drill,s2_epi_mean_035_power_drill_t17,complete_epi,387,0.833029,0.042923,6.433973e-05,2.380195e-04,763,0.028615,2.823191e-05,0.057231,1.229977e-04,8.206534e-02,135,1,0,1,1,0
035_power_drill,s2_epi_mean_035_power_drill_t18,complete_epi,750,0.742421,0.055477,3.162246e-05,2.263501e-04,2172,0.036984,2.891580e-05,0.073969,8.987048e-05,2.534173e-01,220,1,0,1,1,0
035_power_drill,s2_epi_mean_035_power_drill_t19,complete_epi,119,0.879733,0.046501,1.118627e-04,8.104385e-04,939,0.031001,1.375831e-04,0.062002,1.691420e-04,2.746892e-01,108,1,0,1,1,1
035_power_drill,s2_epi_mean_035_power_drill_t20,complete_epi,267,0.861200,0.049394,2.599044e-06,1.220411e-05,1366,0.032930,1.728047e-06,0.065859,3.561392e-06,0.000000e+00,116,1,0,1,1,0
035_power_drill,s2_epi_mean_035_power_drill_t21,complete_epi,1292,0.454923,0.054721,1.276886e-05,7.159741e-05,2827,0.036480,1.238264e-05,0.072961,4.527403e-05,5.445938e-01,413,1,0,1,1,1
035_power_drill,s2_epi_mean_035_power_drill_t22,complete_epi,123,0.915273,0.017782,3.866582e-06,2.875473e-05,1370,0.011854,1.235911e-05,0.023709,3.057193e-06,4.399744e-01,337,1,0,1,1,0
035_power_drill,s2_epi_mean_035_power_drill_t23,complete_epi,335,0.780779,0.054355,3.517398e-05,4.828052e-05,3375,0.036236,1.655748e-05,0.072473,7.335230e-05,7.042298e-01,390,1,0,1,1,1
035_power_drill,s2_epi_mean_035_power_drill_t24,complete_epi,0,0.972774,0.019660,2.577364e-05,1.671785e-04,1122,0.013106,5.482708e-05,0.026213,2.949977e-05,1.626820e+00,1525,1,0,1,1,0
021_bleach_cleanser,s2_hetero_patch_021_bleach_cleanser_t0,hetero_patch,25,0.906981,0.039332,2.842428e-07,0.000000e+00,526,0.026221,0.000000e+00,0.052442,8.961295e-06,0.000000e+00,108,1,0,1,1,1
021_bleach_cleanser,s2_hetero_patch_021_bleach_cleanser_t2,hetero_patch,5,0.885164,0.022450,3.310357e-05,6.191235e-05,1000,0.014966,3.319894e-05,0.029933,3.113058e-05,5.968875e-01,174,1,0,1,1,0
021_bleach_cleanser,s2_hetero_patch_021_bleach_cleanser_t3,hetero_patch,641,0.571457,0.053054,8.776674e-05,3.238952e-04,1800,0.035369,1.411994e-04,0.070739,5.811662e-05,1.125230e+00,164,1,0,1,1,0
021_bleach_cleanser,s2_hetero_patch_021_bleach_cleanser_t4,hetero_patch,36,0.932720,0.038737,2.265907e-05,9.715638e-05,1202,0.025825,1.750575e-05,0.051650,1.600215e-05,1.130848e-01,155,1,0,1,1,1
021_bleach_cleanser,s2_hetero_patch_021_bleach_cleanser_t5,hetero_patch,203,0.918833,0.039920,0.000000e+00,0.000000e+00,482,0.026613,0.000000e+00,0.053226,1.101836e-05,0.000000e+00,85,1,0,1,1,1
021_bleach_cleanser,s2_hetero_patch_021_bleach_cleanser_t6,hetero_patch,5,0.939443,0.039717,2.121016e-05,8.180297e-05,1502,0.026478,2.770252e-05,0.052956,1.726194e-05,2.171767e-02,107,1,0,1,1,1
021_bleach_cleanser,s2_hetero_patch_021_bleach_cleanser_t7,hetero_patch,21,0.892628,0.038679,1.814261e-05,7.853845e-05,1310,0.025786,2.807531e-05,0.051573,1.661659e-05,3.599742e-02,113,1,0,1,1,1
021_bleach_cleanser,s2_hetero_patch_021_bleach_cleanser_t8,hetero_patch,50,0.915088,0.039045,1.020972e-05,6.375002e-05,748,0.026030,9.422380e-06,0.052060,1.050962e-05,0.000000e+00,93,1,0,1,1,1
021_bleach_cleanser,s2_hetero_patch_021_bleach_cleanser_t9,hetero_patch,2,0.952056,0.053229,8.568080e-05,3.706447e-04,1322,0.035486,1.561014e-04,0.070973,6.965437e-05,6.679208e-01,53,1,0,1,1,0
021_bleach_cleanser,s2_hetero_patch_021_bleach_cleanser_t10,hetero_patch,509,0.871612,0.040033,2.644223e-05,1.589395e-04,1215,0.026689,2.284934e-05,0.053377,1.614352e-05,7.734603e-02,132,1,0,1,1,1
021_bleach_cleanser,s2_hetero_patch_021_bleach_cleanser_t11,hetero_patch,649,0.855473,0.039773,3.030977e-05,1.790423e-04,1264,0.026515,2.566119e-05,0.053030,1.834838e-05,7.999340e-02,130,1,0,1,1,1
021_bleach_cleanser,s2_hetero_patch_021_bleach_cleanser_t12,hetero_patch,220,0.870290,0.040521,7.299390e-06,5.171799e-05,1132,0.027014,5.018481e-06,0.054029,6.557556e-06,7.428799e-03,201,1,0,1,1,1
021_bleach_cleanser,s2_hetero_patch_021_bleach_cleanser_t14,hetero_patch,18,0.931935,0.038891,1.931962e-05,1.312269e-04,821,0.025927,2.490612e-05,0.051854,1.172441e-05,6.170726e-02,151,1,0,1,1,1
021_bleach_cleanser,s2_hetero_patch_021_bleach_cleanser_t15,hetero_patch,737,0.686264,0.052481,3.778498e-05,1.437523e-04,3341,0.034987,3.963259e-05,0.069975,4.124236e-05,1.577500e+00,416,1,0,1,1,0
021_bleach_cleanser,s2_hetero_patch_021_bleach_cleanser_t16,hetero_patch,19,0.845145,0.040581,4.241150e-06,1.274803e-05,1912,0.027054,3.645648e-06,0.054109,4.486553e-06,2.329820e-01,323,1,0,1,1,1
021_bleach_cleanser,s2_hetero_patch_021_bleach_cleanser_t17,hetero_patch,483,0.932298,0.034564,8.729870e-07,3.851139e-06,1541,0.023043,2.074331e-07,0.046086,1.536520e-06,3.978992e-02,372,1,0,1,1,0
021_bleach_cleanser,s2_hetero_patch_021_bleach_cleanser_t18,hetero_patch,72,0.905163,0.039738,1.393312e-05,5.686375e-05,1384,0.026492,1.389917e-05,0.052984,1.067777e-05,1.130130e-01,141,1,0,1,1,1
021_bleach_cleanser,s2_hetero_patch_021_bleach_cleanser_t20,hetero_patch,50,0.927420,0.039587,5.830783e-06,1.336331e-05,1431,0.026392,6.853221e-06,0.052783,5.065292e-06,2.510911e-01,133,1,0,1,1,0
021_bleach_cleanser,s2_hetero_patch_021_bleach_cleanser_t21,hetero_patch,2,0.969784,0.027822,1.245236e-05,2.897058e-05,1381,0.018548,1.789343e-05,0.037096,9.482649e-06,4.954856e-01,247,1,0,1,1,0
021_bleach_cleanser,s2_hetero_patch_021_bleach_cleanser_t22,hetero_patch,242,0.865453,0.039091,3.039231e-05,1.328304e-04,1304,0.026060,4.367056e-05,0.052121,2.265791e-05,1.323520e-01,148,1,0,1,1,1
021_bleach_cleanser,s2_hetero_patch_021_bleach_cleanser_t23,hetero_patch,56,0.932316,0.038826,2.058276e-05,9.715668e-05,1063,0.025884,2.970309e-05,0.051768,1.390950e-05,1.930310e-02,134,1,0,1,1,1
021_bleach_cleanser,s2_hetero_patch_021_bleach_cleanser_t24,hetero_patch,2,0.965162,0.036522,3.053226e-06,1.915683e-05,921,0.024348,1.512222e-06,0.048696,3.321159e-06,0.000000e+00,190,1,0,1,1,1
061_foam_brick,s2_hetero_patch_061_foam_brick_t0,hetero_patch,388,0.926456,0.017153,7.456094e-07,9.548670e-07,956,0.011435,5.793008e-07,0.022871,8.983879e-07,1.158826e+00,1589,1,0,1,1,0
061_foam_brick,s2_hetero_patch_061_foam_brick_t1,hetero_patch,240,0.963897,0.016702,2.082648e-06,1.123568e-05,788,0.011135,2.103946e-06,0.022270,2.303480e-06,1.379166e+00,1410,1,0,1,1,1
061_foam_brick,s2_hetero_patch_061_foam_brick_t2,hetero_patch,165,0.964952,0.018052,1.451735e-06,2.865108e-06,829,0.012035,1.370187e-06,0.024069,1.635258e-06,1.117472e+00,1284,1,0,1,1,1
061_foam_brick,s2_hetero_patch_061_foam_brick_t3,hetero_patch,1390,0.476813,0.016491,7.843168e-06,2.531676e-05,834,0.010994,1.051538e-05,0.021988,7.472113e-06,1.266096e+00,1242,1,0,1,1,1
061_foam_brick,s2_hetero_patch_061_foam_brick_t4,hetero_patch,708,0.896767,0.016468,8.868085e-07,2.526892e-06,713,0.010979,9.573884e-07,0.021958,9.632936e-07,8.368841e-01,1193,1,0,1,1,1
061_foam_brick,s2_hetero_patch_061_foam_brick_t5,hetero_patch,0,0.975635,0.016264,9.937930e-07,2.804765e-06,723,0.010842,1.751153e-06,0.021685,1.211116e-06,6.768654e-01,892,1,0,1,1,1
061_foam_brick,s2_hetero_patch_061_foam_brick_t6,hetero_patch,13,0.964911,0.017199,1.086260e-06,2.456124e-06,1191,0.011466,1.007253e-06,0.022932,1.196300e-06,1.699562e+00,2200,1,0,1,1,0
061_foam_brick,s2_hetero_patch_061_foam_brick_t7,hetero_patch,85,0.941267,0.016971,8.706740e-07,1.315684e-06,1345,0.011314,7.818553e-07,0.022628,9.254858e-07,1.314368e+00,1675,1,0,1,1,0
061_foam_brick,s2_hetero_patch_061_foam_brick_t8,hetero_patch,128,0.968654,0.016675,1.744633e-06,7.153330e-06,418,0.011117,1.350520e-06,0.022234,2.987459e-06,8.250935e-01,917,1,0,1,1,1
061_foam_brick,s2_hetero_patch_061_foam_brick_t9,hetero_patch,817,0.872195,0.016801,1.117455e-06,2.281108e-06,1221,0.011201,7.907372e-07,0.022401,1.496481e-06,1.265946e+00,1737,1,0,1,1,1
061_foam_brick,s2_hetero_patch_061_foam_brick_t10,hetero_patch,963,0.808845,0.016052,1.002802e-05,5.162668e-05,708,0.010702,1.706383e-05,0.021403,5.969268e-06,7.175794e-01,957,1,0,1,1,1
061_foam_brick,s2_hetero_patch_061_foam_brick_t11,hetero_patch,1091,0.794601,0.015861,1.097669e-05,4.088363e-05,690,0.010574,2.205625e-05,0.021148,7.799322e-06,6.475669e-01,951,1,0,1,1,1
061_foam_brick,s2_hetero_patch_061_foam_brick_t12,hetero_patch,484,0.905889,0.016974,3.849491e-07,6.379244e-07,1070,0.011316,3.342246e-07,0.022632,7.248052e-07,1.142055e+00,1654,1,0,1,1,1
061_foam_brick,s2_hetero_patch_061_foam_brick_t13,hetero_patch,1303,0.658036,0.016454,5.251283e-06,1.821578e-05,712,0.010969,6.952007e-06,0.021939,4.731212e-06,9.797393e-01,1159,1,0,1,1,1
061_foam_brick,s2_hetero_patch_061_foam_brick_t14,hetero_patch,92,0.974316,0.017207,1.477875e-06,5.809479e-06,955,0.011471,1.085532e-06,0.022942,1.855045e-06,8.027664e-01,1061,1,0,1,1,1
061_foam_brick,s2_hetero_patch_061_foam_brick_t15,hetero_patch,809,0.878538,0.016916,6.380084e-07,1.229091e-06,1079,0.011277,5.263008e-07,0.022554,6.821668e-07,1.187577e+00,1792,1,0,1,1,0
061_foam_brick,s2_hetero_patch_061_foam_brick_t16,hetero_patch,709,0.901848,0.017828,5.605705e-07,7.918688e-07,1168,0.011886,5.671820e-07,0.023771,5.208645e-07,9.667953e-01,1545,1,0,1,1,1
061_foam_brick,s2_hetero_patch_061_foam_brick_t17,hetero_patch,503,0.882874,0.016453,3.904410e-06,2.251129e-05,947,0.010968,3.661267e-06,0.021937,4.222185e-06,1.118945e+00,1140,1,0,1,1,1
061_foam_brick,s2_hetero_patch_061_foam_brick_t18,hetero_patch,1132,0.748313,0.016678,6.595838e-05,2.003969e-04,266,0.011119,6.756404e-05,0.022237,2.403478e-05,1.026661e+00,1294,1,0,1,1,1
061_foam_brick,s2_hetero_patch_061_foam_brick_t19,hetero_patch,8,0.946456,0.017615,1.126934e-06,2.096024e-06,1469,0.011744,9.703406e-07,0.023487,1.291892e-06,1.481557e+00,1838,1,0,1,1,1
061_foam_brick,s2_hetero_patch_061_foam_brick_t20,hetero_patch,297,0.952270,0.017447,2.825128e-06,5.120424e-06,520,0.011632,3.323625e-06,0.023263,3.290204e-06,9.999891e-01,1117,1,0,1,1,1
061_foam_brick,s2_hetero_patch_061_foam_brick_t21,hetero_patch,508,0.933311,0.016235,2.175699e-06,4.434006e-06,729,0.010823,1.957950e-06,0.021646,2.870834e-06,7.479417e-01,873,1,0,1,1,1
061_foam_brick,s2_hetero_patch_061_foam_brick_t22,hetero_patch,12,0.957650,0.017575,1.387708e-06,4.768435e-06,1083,0.011717,1.302509e-06,0.023433,2.509077e-06,1.469707e+00,1864,1,0,1,1,1
061_foam_brick,s2_hetero_patch_061_foam_brick_t23,hetero_patch,134,0.967302,0.016839,1.909123e-06,3.665686e-06,737,0.011226,2.018021e-06,0.022451,2.075649e-06,9.309950e-01,1229,1,0,1,1,1
061_foam_brick,s2_hetero_patch_061_foam_brick_t24,hetero_patch,826,0.830658,0.017649,4.703604e-07,8.909905e-07,967,0.011766,4.452532e-07,0.023533,4.814224e-07,7.815011e-01,1379,1,0,1,1,0
010_potted_meat_can,s2_duarte_mcd_010_potted_meat_can_t0,duarte_mcd,125,0.884473,,,,,,,,,1.805568e-01,475,1,0,1,1,1
010_potted_meat_can,s2_duarte_mcd_010_potted_meat_can_t1,duarte_mcd,18,0.898050,,,,,,,,,2.129258e-03,43,1,0,1,1,1
010_potted_meat_can,s2_duarte_mcd_010_potted_meat_can_t2,duarte_mcd,1076,0.870231,,,,,,,,,1.200618e+00,4406,1,0,1,1,0
010_potted_meat_can,s2_duarte_mcd_010_potted_meat_can_t3,duarte_mcd,103,0.786276,,,,,,,,,1.099698e-01,206,1,0,1,1,0
010_potted_meat_can,s2_duarte_mcd_010_potted_meat_can_t4,duarte_mcd,6,0.916928,,,,,,,,,7.959886e-02,205,1,0,1,1,1
010_potted_meat_can,s2_duarte_mcd_010_potted_meat_can_t5,duarte_mcd,38,0.880546,,,,,,,,,6.725707e-02,284,1,0,1,1,1
010_potted_meat_can,s2_duarte_mcd_010_potted_meat_can_t6,duarte_mcd,0,0.937917,,,,,,,,,5.913794e-01,969,1,0,1,1,1
010_potted_meat_can,s2_duarte_mcd_010_potted_meat_can_t7,duarte_mcd,521,0.668786,,,,,,,,,7.231330e-01,983,1,0,1,1,0
010_potted_meat_can,s2_duarte_mcd_010_potted_meat_can_t8,duarte_mcd,4,0.909885,,,,,,,,,6.321733e-02,133,1,0,1,1,1
010_potted_meat_can,s2_duarte_mcd_010_potted_meat_can_t9,duarte_mcd,337,0.799857,,,,,,,,,9.984782e-02,297,1,0,1,1,0
010_potted_meat_can,s2_duarte_mcd_010_potted_meat_can_t10,duarte_mcd,3,0.846498,,,,,,,,,1.427566e-01,236,1,0,1,1,1
010_potted_meat_can,s2_duarte_mcd_010_potted_meat_can_t11,duarte_mcd,20,0.776596,,,,,,,,,3.056298e-01,265,1,0,1,1,1
010_potted_meat_can,s2_duarte_mcd_010_potted_meat_can_t12,duarte_mcd,10,0.879474,,,,,,,,,6.046357e-01,1222,1,0,1,1,1
010_potted_meat_can,s2_duarte_mcd_010_potted_meat_can_t13,duarte_mcd,85,0.835290,,,,,,,,,3.938716e-01,580,1,0,1,1,1
010_potted_meat_can,s2_duarte_mcd_010_potted_meat_can_t14,duarte_mcd,24,0.903913,,,,,,,,,1.612366e-01,327,1,0,1,1,1
010_potted_meat_can,s2_duarte_mcd_010_potted_meat_can_t15,duarte_mcd,2,0.906250,,,,,,,,,2.501648e-01,491,1,0,1,1,0
010_potted_meat_can,s2_duarte_mcd_010_potted_meat_can_t16,duarte_mcd,2,0.920849,,,,,,,,,0.000000e+00,81,1,0,1,1,1
010_potted_meat_can,s2_duarte_mcd_010_potted_meat_can_t18,duarte_mcd,1,0.920868,,,,,,,,,5.519473e-01,889,1,0,1,1,1
010_potted_meat_can,s2_duarte_mcd_010_potted_meat_can_t19,duarte_mcd,6,0.930619,,,,,,,,,3.512447e-01,709,1,0,1,1,0
010_potted_meat_can,s2_duarte_mcd_010_potted_meat_can_t20,duarte_mcd,45,0.885822,,,,,,,,,1.936725e-02,35,1,0,1,1,1
010_potted_meat_can,s2_duarte_mcd_010_potted_meat_can_t22,duarte_mcd,72,0.909082,,,,,,,,,5.199990e-01,891,1,0,1,1,1
010_potted_meat_can,s2_duarte_mcd_010_potted_meat_can_t23,duarte_mcd,0,0.913788,,,,,,,,,1.882546e-01,371,1,0,1,1,1
010_potted_meat_can,s2_duarte_mcd_010_potted_meat_can_t24,duarte_mcd,32,0.922012,,,,,,,,,1.781628e-01,370,1,0,1,1,1
005_tomato_soup_can,s3_partial_only_005_tomato_soup_can_t0,partial_only,0,0.962492,,,,,,,,,,,1,0,1,1,1
005_tomato_soup_can,s3_partial_only_005_tomato_soup_can_t1,partial_only,0,0.965967,,,,,,,,,,,1,0,1,1,1
005_tomato_soup_can,s3_partial_only_005_tomato_soup_can_t3,partial_only,0,0.940000,,,,,,,,,,,1,0,1,1,1
005_tomato_soup_can,s3_partial_only_005_tomato_soup_can_t4,partial_only,2,0.942153,,,,,,,,,,,1,0,1,1,0
005_tomato_soup_can,s3_partial_only_005_tomato_soup_can_t5,partial_only,3,0.937898,,,,,,,,,,,1,0,1,1,1
005_tomato_soup_can,s3_partial_only_005_tomato_soup_can_t6,partial_only,0,0.965720,,,,,,,,,,,1,0,1,1,1
005_tomato_soup_can,s3_partial_only_005_tomato_soup_can_t7,partial_only,0,0.961993,,,,,,,,,,,1,0,1,1,1
005_tomato_soup_can,s3_partial_only_005_tomato_soup_can_t8,partial_only,0,0.960308,,,,,,,,,,,1,0,1,1,1
005_tomato_soup_can,s3_partial_only_005_tomato_soup_can_t9,partial_only,1,0.954166,,,,,,,,,,,1,0,1,1,1
005_tomato_soup_can,s3_partial_only_005_tomato_soup_can_t10,partial_only,9,0.955469,,,,,,,,,,,1,0,1,1,0
005_tomato_soup_can,s3_partial_only_005_tomato_soup_can_t11,partial_only,0,0.972076,,,,,,,,,,,1,0,1,1,1
005_tomato_soup_can,s3_partial_only_005_tomato_soup_can_t12,partial_only,0,0.947973,,,,,,,,,,,1,0,1,1,1
005_tomato_soup_can,s3_partial_only_005_tomato_soup_can_t13,partial_only,2,0.954335,,,,,,,,,,,1,0,1,1,1
005_tomato_soup_can,s3_partial_only_005_tomato_soup_can_t14,partial_only,1608,0.476672,,,,,,,,,,,1,0,1,1,0
005_tomato_soup_can,s3_partial_only_005_tomato_soup_can_t15,partial_only,2,0.941784,,,,,,,,,,,1,0,1,1,1
005_tomato_soup_can,s3_partial_only_005_tomato_soup_can_t16,partial_only,0,0.936448,,,,,,,,,,,1,0,1,1,1
005_tomato_soup_can,s3_partial_only_005_tomato_soup_can_t17,partial_only,7,0.934034,,,,,,,,,,,1,0,1,1,0
005_tomato_soup_can,s3_partial_only_005_tomato_soup_can_t18,partial_only,1,0.952785,,,,,,,,,,,1,0,1,1,0
005_tomato_soup_can,s3_partial_only_005_tomato_soup_can_t19,partial_only,0,0.959605,,,,,,,,,,,1,0,1,1,0
005_tomato_soup_can,s3_partial_only_005_tomato_soup_can_t20,partial_only,0,0.952691,,,,,,,,,,,1,0,1,1,1
005_tomato_soup_can,s3_partial_only_005_tomato_soup_can_t21,partial_only,2,0.955271,,,,,,,,,,,1,0,1,1,1
005_tomato_soup_can,s3_partial_only_005_tomato_soup_can_t22,partial_only,3,0.961481,,,,,,,,,,,1,0,1,1,1
005_tomato_soup_can,s3_partial_only_005_tomato_soup_can_t23,partial_only,0,0.959723,,,,,,,,,,,1,0,1,1,1
005_tomato_soup_can,s3_partial_only_005_tomato_soup_can_t24,partial_only,1,0.947484,,,,,,,,,,,1,0,1,1,1
035_power_drill,s3_partial_only_035_power_drill_t0,partial_only,89,0.955341,,,,,,,,,,,1,0,1,1,1
035_power_drill,s3_partial_only_035_power_drill_t1,partial_only,101,0.932765,,,,,,,,,,,1,0,1,1,1
035_power_drill,s3_partial_only_035_power_drill_t2,partial_only,306,0.933038,,,,,,,,,,,1,0,1,1,0
035_power_drill,s3_partial_only_035_power_drill_t3,partial_only,19,0.959144,,,,,,,,,,,1,0,1,1,1
035_power_drill,s3_partial_only_035_power_drill_t4,partial_only,0,0.953892,,,,,,,,,,,1,0,1,1,1
035_power_drill,s3_partial_only_035_power_drill_t5,partial_only,1,0.943154,,,,,,,,,,,1,0,1,1,1
035_power_drill,s3_partial_only_035_power_drill_t6,partial_only,19,0.967534,,,,,,,,,,,1,0,1,1,0
035_power_drill,s3_partial_only_035_power_drill_t7,partial_only,0,0.951285,,,,,,,,,,,1,0,1,1,0
035_power_drill,s3_partial_only_035_power_drill_t8,partial_only,711,0.920797,,,,,,,,,,,1,0,1,1,1
035_power_drill,s3_partial_only_035_power_drill_t9,partial_only,79,0.954729,,,,,,,,,,,1,0,1,1,0
035_power_drill,s3_partial_only_035_power_drill_t12,partial_only,212,0.953025,,,,,,,,,,,1,0,1,1,0
035_power_drill,s3_partial_only_035_power_drill_t13,partial_only,0,0.966978,,,,,,,,,,,1,0,1,1,1
035_power_drill,s3_partial_only_035_power_drill_t14,partial_only,98,0.964659,,,,,,,,,,,1,0,1,1,1
035_power_drill,s3_partial_only_035_power_drill_t15,partial_only,441,0.913385,,,,,,,,,,,1,0,1,1,0
035_power_drill,s3_partial_only_035_power_drill_t16,partial_only,327,0.937360,,,,,,,,,,,1,0,1,1,1
035_power_drill,s3_partial_only_035_power_drill_t17,partial_only,0,0.964977,,,,,,,,,,,1,0,1,1,1
035_power_drill,s3_partial_only_035_power_drill_t18,partial_only,73,0.929342,,,,,,,,,,,1,0,1,1,0
035_power_drill,s3_partial_only_035_power_drill_t19,partial_only,57,0.947846,,,,,,,,,,,1,0,1,1,1
035_power_drill,s3_partial_only_035_power_drill_t20,partial_only,0,0.966009,,,,,,,,,,,1,0,1,1,1
035_power_drill,s3_partial_only_035_power_drill_t21,partial_only,709,0.884341,,,,,,,,,,,1,0,1,1,0
035_power_drill,s3_partial_only_035_power_drill_t22,partial_only,162,0.949321,,,,,,,,,,,1,0,1,1,0
035_power_drill,s3_partial_only_035_power_drill_t23,partial_only,0,0.913867,,,,,,,,,,,1,0,1,1,1
035_power_drill,s3_partial_only_035_power_drill_t24,partial_only,173,0.937059,,,,,,,,,,,1,0,1,1,0
021_bleach_cleanser,s3_complete_only_021_bleach_cleanser_t0,complete_only,32,0.927770,0.038890,4.338931e-05,1.997791e-04,1415,0.025926,7.021937e-05,0.051853,3.471278e-05,8.865298e-02,130,1,0,1,1,1
021_bleach_cleanser,s3_complete_only_021_bleach_cleanser_t1,complete_only,511,0.808700,0.040248,1.551067e-04,7.623228e-04,749,0.026832,2.517587e-04,0.053664,7.608506e-05,3.561567e-01,71,1,0,1,1,0
021_bleach_cleanser,s3_complete_only_021_bleach_cleanser_t2,complete_only,5,0.902761,0.039268,8.153216e-05,5.780356e-04,1058,0.026179,1.229263e-04,0.052357,4.386389e-05,3.306822e-02,165,1,0,1,1,1
021_bleach_cleanser,s3_complete_only_021_bleach_cleanser_t3,complete_only,29,0.891792,0.038675,3.602146e-05,1.399226e-04,1339,0.025784,6.225668e-05,0.051567,3.144318e-05,1.549662e-01,138,1,0,1,1,1
021_bleach_cleanser,s3_complete_only_021_bleach_cleanser_t4,complete_only,16,0.919152,0.039391,8.157299e-05,4.368343e-04,1080,0.026260,6.158717e-05,0.052521,5.676781e-05,1.216545e-01,122,1,0,1,1,1
021_bleach_cleanser,s3_complete_only_021_bleach_cleanser_t5,complete_only,5,0.926030,0.039246,7.780438e-05,3.907242e-04,1063,0.026164,7.843775e-05,0.052328,4.448712e-05,3.857887e-01,166,1,0,1,1,1
021_bleach_cleanser,s3_complete_only_021_bleach_cleanser_t6,complete_only,1561,0.183446,0.057499,8.021106e-05,4.613529e-04,3882,0.038332,6.364949e-05,0.076665,1.227680e-04,1.155729e+00,478,1,0,1,1,0
021_bleach_cleanser,s3_complete_only_021_bleach_cleanser_t7,complete_only,63,0.912182,0.039705,2.195627e-05,1.778512e-04,988,0.026470,2.825408e-05,0.052940,1.668236e-05,2.463915e-01,182,1,0,1,1,1
021_bleach_cleanser,s3_complete_only_021_bleach_cleanser_t8,complete_only,94,0.805443,0.038798,9.948424e-06,3.105260e-05,1471,0.025865,1.425279e-05,0.051731,7.902029e-06,2.924669e-01,299,1,0,1,1,1
021_bleach_cleanser,s3_complete_only_021_bleach_cleanser_t9,complete_only,94,0.921606,0.043509,3.169316e-05,1.605601e-04,1130,0.029006,4.233027e-05,0.058012,2.290781e-05,1.097866e-01,142,1,0,1,1,1
021_bleach_cleanser,s3_complete_only_021_bleach_cleanser_t10,complete_only,88,0.909614,0.040147,3.563282e-05,3.762292e-05,1155,0.026765,4.577079e-05,0.053529,3.143363e-05,0.000000e+00,175,1,0,1,1,1
021_bleach_cleanser,s3_complete_only_021_bleach_cleanser_t11,complete_only,12,0.939607,0.039676,6.115515e-05,3.255348e-04,544,0.026451,5.096183e-05,0.052901,4.116334e-05,1.780358e-02,104,1,0,1,1,0
021_bleach_cleanser,s3_complete_only_021_bleach_cleanser_t12,complete_only,34,0.866078,0.039448,9.455271e-06,3.515019e-05,1633,0.026298,1.168919e-05,0.052597,8.409562e-06,1.692713e-01,254,1,0,1,1,1
021_bleach_cleanser,s3_complete_only_021_bleach_cleanser_t13,complete_only,256,0.890513,0.039064,3.336092e-06,2.054132e-05,978,0.026043,0.000000e+00,0.052086,4.698450e-06,0.000000e+00,152,1,0,1,1,0
021_bleach_cleanser,s3_complete_only_021_bleach_cleanser_t14,complete_only,165,0.870042,0.040463,1.205128e-05,8.845021e-05,1114,0.026975,1.254890e-05,0.053950,1.064778e-05,0.000000e+00,195,1,0,1,1,1
021_bleach_cleanser,s3_complete_only_021_bleach_cleanser_t15,complete_only,132,0.914157,0.039963,6.848579e-05,4.228846e-04,962,0.026642,4.900718e-05,0.053285,5.401612e-05,0.000000e+00,133,1,0,1,1,1
021_bleach_cleanser,s3_complete_only_021_bleach_cleanser_t16,complete_only,114,0.938649,0.039427,1.302218e-06,3.820581e-06,1541,0.026285,1.110320e-06,0.052569,1.372090e-06,0.000000e+00,212,1,0,1,1,1
021_bleach_cleanser,s3_complete_only_021_bleach_cleanser_t17,complete_only,87,0.814277,0.051995,2.086508e-05,5.277065e-05,2212,0.034663,2.218614e-05,0.069326,1.705288e-05,8.818165e-01,168,1,0,1,1,0
021_bleach_cleanser,s3_complete_only_021_bleach_cleanser_t18,complete_only,35,0.933886,0.039677,9.638277e-06,4.715169e-05,1006,0.026451,4.427152e-06,0.052902,1.659164e-05,0.000000e+00,60,1,0,1,1,1
021_bleach_cleanser,s3_complete_only_021_bleach_cleanser_t19,complete_only,0,0.946734,0.018436,5.703967e-06,1.152266e-05,1630,0.012291,6.498246e-06,0.024582,5.113059e-06,3.970072e-01,601,1,0,1,1,0
021_bleach_cleanser,s3_complete_only_021_bleach_cleanser_t20,complete_only,29,0.858079,0.039226,4.354241e-06,1.055789e-05,1351,0.026150,5.070699e-06,0.052301,3.847897e-06,8.808296e-02,216,1,0,1,1,1
021_bleach_cleanser,s3_complete_only_021_bleach_cleanser_t22,complete_only,622,0.857409,0.039681,4.983530e-05,1.489686e-04,988,0.026454,5.552332e-05,0.052909,3.458167e-05,9.720703e-02,130,1,0,1,1,1
021_bleach_cleanser,s3_complete_only_021_bleach_cleanser_t23,complete_only,816,0.517205,0.039900,3.639116e-06,9.137315e-06,1530,0.026600,3.811258e-06,0.053200,3.213819e-06,2.098448e-01,300,1,0,1,1,1
021_bleach_cleanser,s3_complete_only_021_bleach_cleanser_t24,complete_only,897,0.801153,0.039400,8.233452e-06,5.696058e-05,628,0.026267,0.000000e+00,0.052534,1.530298e-05,0.000000e+00,103,1,0,1,1,1
061_foam_brick,s3_complete_only_061_foam_brick_t0,complete_only,39,0.947845,0.017526,1.689550e-06,1.841928e-06,1346,0.011684,1.606265e-06,0.023368,2.307337e-06,1.702882e+00,2252,1,0,1,1,0
061_foam_brick,s3_complete_only_061_foam_brick_t1,complete_only,1064,0.739973,0.017040,3.745653e-06,2.749565e-05,1628,0.011360,1.820230e-06,0.022720,8.247190e-06,1.252410e+00,1064,1,0,1,1,1
061_foam_brick,s3_complete_only_061_foam_brick_t2,complete_only,261,0.946179,0.016941,7.076375e-07,1.207932e-06,864,0.011294,5.567615e-07,0.022588,8.567493e-07,1.002030e+00,1469,1,0,1,1,0
061_foam_brick,s3_complete_only_061_foam_brick_t3,complete_only,1,0.963447,0.017426,2.170154e-06,1.413026e-06,1435,0.011617,1.021201e-06,0.023235,2.812582e-06,1.563607e+00,1752,1,0,1,1,1
061_foam_brick,s3_complete_only_061_foam_brick_t4,complete_only,86,0.941642,0.015934,1.153762e-04,3.360767e-04,502,0.010622,1.099368e-04,0.021245,1.208523e-04,9.975530e-01,917,1,0,1,1,1
061_foam_brick,s3_complete_only_061_foam_brick_t5,complete_only,975,0.837784,0.015830,3.835747e-04,1.600072e-03,488,0.010553,6.898528e-04,0.021107,2.758300e-04,8.962884e-01,1050,1,0,1,1,1
061_foam_brick,s3_complete_only_061_foam_brick_t6,complete_only,964,0.786410,0.017767,5.402808e-06,3.998387e-06,1550,0.011845,1.100140e-06,0.023690,1.040595e-05,1.129990e+00,1311,1,0,1,1,0
061_foam_brick,s3_complete_only_061_foam_brick_t7,complete_only,315,0.943398,0.016784,1.445893e-06,4.896194e-06,911,0.011189,1.936280e-06,0.022378,1.633122e-06,1.268027e+00,1807,1,0,1,1,0
061_foam_brick,s3_complete_only_061_foam_brick_t8,complete_only,853,0.829541,0.017639,5.718069e-07,8.927788e-07,1194,0.011759,5.882593e-07,0.023518,6.275955e-07,9.600306e-01,1624,1,0,1,1,1
061_foam_brick,s3_complete_only_061_foam_brick_t9,complete_only,1058,0.806519,0.016957,3.113826e-04,1.039350e-03,281,0.011304,3.487293e-04,0.022609,1.763062e-04,1.139767e+00,1152,1,0,1,1,1
061_foam_brick,s3_complete_only_061_foam_brick_t10,complete_only,475,0.918642,0.016821,3.839353e-07,6.025676e-07,943,0.011214,3.432815e-07,0.022427,4.192758e-07,1.070667e+00,1969,1,0,1,1,0
061_foam_brick,s3_complete_only_061_foam_brick_t11,complete_only,47,0.961359,0.016351,7.403432e-07,1.238570e-06,280,0.010901,5.171358e-07,0.021801,1.083082e-05,1.012541e+00,1096,1,0,1,1,1
061_foam_brick,s3_complete_only_061_foam_brick_t12,complete_only,770,0.864743,0.023071,4.612044e-07,7.087213e-07,1919,0.015380,4.719794e-07,0.030761,1.353453e-06,9.480059e-01,1673,1,0,1,1,0
061_foam_brick,s3_complete_only_061_foam_brick_t13,complete_only,1039,0.819873,0.016689,8.474904e-06,4.912902e-05,689,0.011126,4.874359e-06,0.022252,1.546122e-05,1.574627e+00,984,1,0,1,1,1
061_foam_brick,s3_complete_only_061_foam_brick_t14,complete_only,355,0.916444,0.016817,4.042991e-07,5.916341e-07,1134,0.011211,3.493606e-07,0.022422,1.439730e-06,1.290799e+00,1645,1,0,1,1,1
061_foam_brick,s3_complete_only_061_foam_brick_t15,complete_only,67,0.950178,0.016585,1.117010e-06,6.407723e-06,801,0.011057,1.314929e-06,0.022113,1.387600e-05,1.098923e+00,975,1,0,1,1,1
061_foam_brick,s3_complete_only_061_foam_brick_t16,complete_only,335,0.924059,0.017280,5.010097e-07,1.073255e-06,953,0.011520,3.467295e-07,0.023040,4.919012e-07,1.186675e+00,1880,1,0,1,1,1
061_foam_brick,s3_complete_only_061_foam_brick_t17,complete_only,764,0.867768,0.016757,4.820021e-07,7.791072e-07,1044,0.011171,4.654815e-07,0.022343,4.743480e-07,1.011866e+00,1668,1,0,1,1,0
061_foam_brick,s3_complete_only_061_foam_brick_t18,complete_only,213,0.922331,0.016943,2.087273e-05,3.434694e-05,1052,0.011295,3.776966e-05,0.022590,2.335460e-05,1.752528e+00,1556,1,0,1,1,1
061_foam_brick,s3_complete_only_061_foam_brick_t19,complete_only,527,0.895232,0.016035,3.609304e-05,2.074445e-04,616,0.010690,4.671825e-05,0.021379,3.018663e-05,1.246584e+00,1069,1,0,1,1,1
061_foam_brick,s3_complete_only_061_foam_brick_t20,complete_only,489,0.920723,0.017994,9.530464e-06,8.245839e-06,1147,0.011996,1.488520e-05,0.023992,1.860830e-05,1.394182e+00,1408,1,0,1,1,1
061_foam_brick,s3_complete_only_061_foam_brick_t21,complete_only,24,0.947424,0.015992,3.198974e-05,1.210017e-04,704,0.010661,3.099877e-05,0.021323,3.483372e-05,1.183211e+00,847,1,0,1,1,1
061_foam_brick,s3_complete_only_061_foam_brick_t22,complete_only,242,0.931541,0.017312,1.504140e-06,8.539688e-06,1403,0.011541,1.708856e-06,0.023083,6.329167e-06,1.966837e+00,1779,1,0,1,1,1
061_foam_brick,s3_complete_only_061_foam_brick_t23,complete_only,199,0.954514,0.016884,1.802514e-06,8.340500e-06,717,0.011256,4.053954e-06,0.022512,1.586792e-06,1.049484e+00,1232,1,0,1,1,0
061_foam_brick,s3_complete_only_061_foam_brick_t24,complete_only,588,0.907073,0.017278,2.258720e-06,9.410706e-06,1045,0.011519,3.194193e-06,0.023037,5.153367e-06,2.476316e+00,2173,1,0,1,1,1
010_potted_meat_can,s3_epi_max_010_potted_meat_can_t0,complete_epi,5,0.897901,0.020939,1.132587e-06,3.591128e-06,818,0.013959,1.032902e-06,0.027919,1.203715e-06,3.776268e-01,608,1,0,1,1,1
010_potted_meat_can,s3_epi_max_010_potted_meat_can_t1,complete_epi,173,0.767720,0.021149,1.407078e-06,4.480565e-06,566,0.014099,1.195760e-06,0.028198,1.523673e-06,1.745064e-01,420,1,0,1,1,0
010_potted_meat_can,s3_epi_max_010_potted_meat_can_t2,complete_epi,12,0.923002,0.020107,7.089848e-07,1.544569e-06,680,0.013405,8.101044e-07,0.026809,8.608655e-07,2.679152e-01,589,1,0,1,1,1
010_potted_meat_can,s3_epi_max_010_potted_meat_can_t3,complete_epi,200,0.929806,0.017890,2.001907e-06,2.639767e-06,1545,0.011927,1.104972e-06,0.023854,2.573458e-06,1.509967e+00,1961,1,0,1,1,0
010_potted_meat_can,s3_epi_max_010_potted_meat_can_t4,complete_epi,17,0.827193,0.021102,2.697324e-06,2.377904e-06,709,0.014068,1.506319e-06,0.028136,4.064016e-06,7.757912e-01,930,1,0,1,1,1
010_potted_meat_can,s3_epi_max_010_potted_meat_can_t5,complete_epi,0,0.883747,0.021034,2.520753e-06,7.836339e-06,669,0.014023,2.991800e-06,0.028045,3.042736e-06,5.173733e-01,676,1,0,1,1,1
010_potted_meat_can,s3_epi_max_010_potted_meat_can_t6,complete_epi,324,0.777546,0.021107,3.331862e-06,1.201119e-05,817,0.014071,3.325868e-06,0.028142,4.021320e-06,7.818465e-01,837,1,0,1,1,0
010_potted_meat_can,s3_epi_max_010_potted_meat_can_t7,complete_epi,43,0.821708,0.020421,9.257623e-06,1.085527e-04,641,0.013614,1.084728e-05,0.027228,8.234060e-06,4.882813e-01,636,1,0,1,1,1
010_potted_meat_can,s3_epi_max_010_potted_meat_can_t8,complete_epi,1429,0.758364,0.012420,3.765802e-07,5.047928e-07,1324,0.008280,1.620095e-07,0.016560,1.051196e-06,2.550030e+00,3557,1,0,1,1,0
010_potted_meat_can,s3_epi_max_010_potted_meat_can_t9,complete_epi,2,0.812178,0.020975,3.190907e-06,1.294975e-05,599,0.013983,3.720528e-06,0.027967,3.803469e-06,6.113833e-01,741,1,0,1,1,1
010_potted_meat_can,s3_epi_max_010_potted_meat_can_t10,complete_epi,9,0.932598,0.019883,1.047938e-06,5.419349e-06,707,0.013256,1.158098e-06,0.026511,9.776274e-07,3.560568e-01,651,1,0,1,1,1
010_potted_meat_can,s3_epi_max_010_potted_meat_can_t11,complete_epi,8,0.900534,0.021084,8.243289e-07,2.343048e-06,610,0.014056,5.268947e-07,0.028112,7.810263e-07,4.448913e-01,725,1,0,1,1,1
010_potted_meat_can,s3_epi_max_010_potted_meat_can_t12,complete_epi,0,0.922832,0.019781,9.368102e-07,2.455340e-06,657,0.013188,1.116398e-06,0.026375,8.610645e-07,3.903392e-01,683,1,0,1,1,1
010_potted_meat_can,s3_epi_max_010_potted_meat_can_t13,complete_epi,33,0.831486,0.021057,1.223014e-06,2.318617e-06,919,0.014038,1.243380e-06,0.028077,2.561736e-06,7.301925e-01,876,1,0,1,1,0
010_potted_meat_can,s3_epi_max_010_potted_meat_can_t14,complete_epi,6,0.901099,0.019863,2.320026e-06,2.429119e-06,609,0.013242,1.779819e-06,0.026483,2.727861e-06,3.633443e-01,636,1,0,1,1,1
010_potted_meat_can,s3_epi_max_010_potted_meat_can_t15,complete_epi,1345,0.616015,0.037958,2.644164e-05,4.117139e-05,4756,0.025305,1.346985e-05,0.050611,4.149280e-05,5.130525e-03,91,1,0,1,1,0
010_potted_meat_can,s3_epi_max_010_potted_meat_can_t16,complete_epi,94,0.910798,0.019583,9.764667e-07,2.445429e-06,563,0.013056,1.090656e-06,0.026111,8.996235e-07,3.659900e-01,652,1,0,1,1,1
010_potted_meat_can,s3_epi_max_010_potted_meat_can_t17,complete_epi,126,0.872887,0.020326,1.237263e-06,2.215154e-06,636,0.013551,1.103439e-06,0.027102,1.296993e-06,3.196895e-01,597,1,0,1,1,1
010_potted_meat_can,s3_epi_max_010_potted_meat_can_t18,complete_epi,0,0.933685,0.022035,1.327333e-06,6.865513e-06,598,0.014690,4.557006e-07,0.029379,5.932022e-06,3.746868e-01,604,1,0,1,1,1
010_potted_meat_can,s3_epi_max_010_potted_meat_can_t19,complete_epi,0,0.886590,0.021508,6.179254e-06,1.809091e-05,734,0.014338,2.432541e-06,0.028677,7.328466e-06,3.705314e-01,582,1,0,1,1,1
010_potted_meat_can,s3_epi_max_010_potted_meat_can_t20,complete_epi,0,0.917094,0.020521,1.150773e-06,2.951922e-06,631,0.013680,1.306838e-06,0.027361,1.049691e-06,3.956496e-01,636,1,0,1,1,1
010_potted_meat_can,s3_epi_max_010_potted_meat_can_t21,complete_epi,0,0.926905,0.020895,1.193722e-05,3.287281e-06,528,0.013930,7.453647e-06,0.027860,1.128153e-05,2.836760e-01,538,1,0,1,1,1
010_potted_meat_can,s3_epi_max_010_potted_meat_can_t22,complete_epi,65,0.818638,0.020791,2.206304e-06,7.592663e-06,817,0.013861,2.340985e-06,0.027722,2.412023e-06,7.005668e-01,787,1,0,1,1,1
010_potted_meat_can,s3_epi_max_010_potted_meat_can_t23,complete_epi,48,0.911046,0.021462,9.343679e-07,2.330712e-06,656,0.014308,5.199019e-07,0.028615,1.078848e-06,3.477630e-01,527,1,0,1,1,1
010_potted_meat_can,s3_epi_max_010_potted_meat_can_t24,complete_epi,54,0.863543,0.021011,2.833142e-06,1.312904e-05,803,0.014007,2.747164e-06,0.028015,3.275207e-06,7.508719e-01,804,1,0,1,1,1
005_tomato_soup_can,s3_epi_mean_005_tomato_soup_can_t0,complete_epi,28,0.882626,0.018905,6.632373e-07,1.591815e-06,747,0.012603,7.413521e-07,0.025207,8.097710e-07,5.851890e-01,1007,1,0,1,1,1
005_tomato_soup_can,s3_epi_mean_005_tomato_soup_can_t1,complete_epi,101,0.866118,0.019041,6.164352e-07,1.935242e-06,557,0.012694,6.290459e-07,0.025389,7.192368e-07,3.199617e-01,701,1,0,1,1,1
005_tomato_soup_can,s3_epi_mean_005_tomato_soup_can_t2,complete_epi,68,0.864963,0.018822,6.554192e-07,1.488905e-06,737,0.012548,7.621279e-07,0.025097,8.165437e-07,5.482690e-01,974,1,0,1,1,1
005_tomato_soup_can,s3_epi_mean_005_tomato_soup_can_t3,complete_epi,74,0.853248,0.018759,6.932987e-07,1.830908e-06,694,0.012506,8.487803e-07,0.025012,8.878722e-07,5.785856e-01,986,1,0,1,1,1
005_tomato_soup_can,s3_epi_mean_005_tomato_soup_can_t4,complete_epi,65,0.879007,0.018951,4.991437e-07,1.673433e-06,504,0.012634,6.249421e-07,0.025268,5.239125e-07,3.116119e-01,739,1,0,1,1,1
005_tomato_soup_can,s3_epi_mean_005_tomato_soup_can_t5,complete_epi,68,0.876953,0.018985,5.809651e-07,1.864923e-06,570,0.012657,6.472040e-07,0.025313,6.677559e-07,3.274171e-01,743,1,0,1,1,1
005_tomato_soup_can,s3_epi_mean_005_tomato_soup_can_t6,complete_epi,32,0.873977,0.018962,5.947083e-07,1.472069e-06,658,0.012641,7.288988e-07,0.025283,8.206311e-07,4.068207e-01,790,1,0,1,1,1
005_tomato_soup_can,s3_epi_mean_005_tomato_soup_can_t7,complete_epi,33,0.872209,0.018824,6.134619e-07,1.706164e-06,634,0.012550,6.166290e-07,0.025099,6.535729e-07,3.387912e-01,767,1,0,1,1,1
005_tomato_soup_can,s3_epi_mean_005_tomato_soup_can_t9,complete_epi,39,0.872189,0.019209,5.802899e-07,1.439683e-06,672,0.012806,7.987440e-07,0.025612,8.068850e-07,4.284631e-01,863,1,0,1,1,1
005_tomato_soup_can,s3_epi_mean_005_tomato_soup_can_t10,complete_epi,25,0.877438,0.018865,5.136359e-07,1.497169e-06,622,0.012576,6.758064e-07,0.025153,7.609613e-07,3.321920e-01,786,1,0,1,1,1
005_tomato_soup_can,s3_epi_mean_005_tomato_soup_can_t12,complete_epi,4,0.891857,0.018859,4.693206e-07,1.867686e-06,416,0.012573,4.384378e-07,0.025145,6.730081e-07,2.740476e-01,673,1,0,1,1,1
005_tomato_soup_can,s3_epi_mean_005_tomato_soup_can_t13,complete_epi,115,0.856502,0.019019,6.679821e-07,1.591215e-06,686,0.012679,7.744075e-07,0.025359,8.290882e-07,4.499798e-01,815,1,0,1,1,1
005_tomato_soup_can,s3_epi_mean_005_tomato_soup_can_t15,complete_epi,219,0.834148,0.018752,6.025738e-07,1.816303e-06,540,0.012501,7.018142e-07,0.025003,6.881692e-07,3.829920e-01,782,1,0,1,1,1
005_tomato_soup_can,s3_epi_mean_005_tomato_soup_can_t16,complete_epi,630,0.922551,0.011755,1.690177e-06,2.926258e-06,1384,0.007837,1.456894e-06,0.015673,4.563794e-06,2.892546e+00,3783,1,0,1,1,0
005_tomato_soup_can,s3_epi_mean_005_tomato_soup_can_t17,complete_epi,42,0.872913,0.018829,4.687513e-07,1.670370e-06,460,0.012553,7.499529e-07,0.025105,5.251050e-07,2.527016e-01,694,1,0,1,1,1
005_tomato_soup_can,s3_epi_mean_005_tomato_soup_can_t18,complete_epi,65,0.864318,0.018841,5.719463e-07,1.769160e-06,527,0.012561,6.038269e-07,0.025121,6.649418e-07,3.875606e-01,797,1,0,1,1,1
005_tomato_soup_can,s3_epi_mean_005_tomato_soup_can_t19,complete_epi,115,0.845962,0.018917,4.535528e-07,2.068475e-06,440,0.012612,3.561252e-07,0.025223,7.190052e-07,2.261576e-01,634,1,0,1,1,1
005_tomato_soup_can,s3_epi_mean_005_tomato_soup_can_t20,complete_epi,28,0.873922,0.018998,6.346127e-07,1.621913e-06,675,0.012665,7.761588e-07,0.025331,8.132286e-07,4.797704e-01,915,1,0,1,1,0
005_tomato_soup_can,s3_epi_mean_005_tomato_soup_can_t21,complete_epi,65,0.873477,0.019074,6.022842e-07,1.647151e-06,652,0.012716,7.206009e-07,0.025431,7.830402e-07,3.248892e-01,739,1,0,1,1,1
005_tomato_soup_can,s3_epi_mean_005_tomato_soup_can_t22,complete_epi,100,0.863038,0.019049,6.021033e-07,1.444492e-06,715,0.012699,8.434257e-07,0.025398,8.238961e-07,4.763637e-01,902,1,0,1,1,1
005_tomato_soup_can,s3_epi_mean_005_tomato_soup_can_t23,complete_epi,10,0.911436,0.019025,6.058634e-07,1.508100e-06,745,0.012684,7.434537e-07,0.025367,7.994541e-07,4.705064e-01,927,1,0,1,1,1
005_tomato_soup_can,s3_epi_mean_005_tomato_soup_can_t24,complete_epi,330,0.756069,0.029246,1.150971e-04,2.662182e-05,1234,0.019497,3.361708e-04,0.038995,1.302273e-04,1.585801e+00,678,1,0,1,1,0
035_power_drill,s3_epi_mean_035_power_drill_t0,complete_epi,144,0.872585,0.045196,6.673414e-05,5.320371e-04,973,0.030131,6.978097e-05,0.060262,1.012834e-04,4.601654e-01,163,1,0,1,1,1
035_power_drill,s3_epi_mean_035_power_drill_t1,complete_epi,297,0.852294,0.043810,4.845159e-06,1.518336e-05,1385,0.029207,5.924599e-06,0.058413,1.273630e-05,1.259626e-01,207,1,0,1,1,1
035_power_drill,s3_epi_mean_035_power_drill_t2,complete_epi,383,0.846512,0.042069,3.034139e-05,2.304895e-04,2756,0.028046,1.202697e-04,0.056092,5.260929e-05,9.292057e-01,524,1,0,1,1,0
035_power_drill,s3_epi_mean_035_power_drill_t4,complete_epi,1058,0.690475,0.041834,5.211049e-07,5.117785e-06,968,0.027889,8.943023e-07,0.055778,7.969076e-06,0.000000e+00,162,1,0,1,1,1
035_power_drill,s3_epi_mean_035_power_drill_t5,complete_epi,695,0.799450,0.041701,0.000000e+00,0.000000e+00,690,0.027800,0.000000e+00,0.055601,5.457271e-07,0.000000e+00,163,1,0,1,1,1
035_power_drill,s3_epi_mean_035_power_drill_t6,complete_epi,249,0.868555,0.044929,5.122154e-06,1.130660e-05,1342,0.029953,2.794932e-07,0.059906,1.553231e-05,0.000000e+00,142,1,0,1,1,1
035_power_drill,s3_epi_mean_035_power_drill_t7,complete_epi,158,0.858617,0.043782,1.860304e-05,1.887516e-05,4006,0.029188,2.922654e-05,0.058376,2.990228e-05,2.152610e+00,1121,1,0,1,1,1
035_power_drill,s3_epi_mean_035_power_drill_t9,complete_epi,367,0.856199,0.043410,8.059737e-05,4.663546e-04,933,0.028940,9.749250e-05,0.057880,1.817212e-04,4.332151e-01,224,1,0,1,1,1
035_power_drill,s3_epi_mean_035_power_drill_t12,complete_epi,851,0.772086,0.043358,9.468431e-06,3.000698e-05,2405,0.028906,1.737711e-05,0.057811,1.526700e-05,1.270801e+00,685,1,0,1,1,1
035_power_drill,s3_epi_mean_035_power_drill_t15,complete_epi,0,0.948746,0.038909,0.000000e+00,0.000000e+00,655,0.025939,0.000000e+00,0.051879,0.000000e+00,0.000000e+00,166,1,0,1,1,0
035_power_drill,s3_epi_mean_035_power_drill_t16,complete_epi,26,0.964478,0.027849,1.166097e-05,4.436362e-05,1586,0.018566,1.538045e-05,0.037132,1.148926e-05,1.357710e+00,1128,1,0,1,1,1
035_power_drill,s3_epi_mean_035_power_drill_t17,complete_epi,1662,0.590570,0.012492,2.034115e-07,1.055274e-06,4127,0.008328,2.849593e-07,0.016657,4.205538e-07,5.414436e-01,1847,1,0,1,1,0
035_power_drill,s3_epi_mean_035_power_drill_t18,complete_epi,174,0.891659,0.037862,6.834283e-07,4.617708e-06,1054,0.025241,0.000000e+00,0.050482,1.305388e-06,0.000000e+00,136,1,0,1,1,1
035_power_drill,s3_epi_mean_035_power_drill_t20,complete_epi,158,0.880118,0.041446,1.430498e-05,7.197655e-05,1596,0.027630,1.588998e-05,0.055261,3.730906e-05,3.524136e-01,349,1,0,1,1,0
035_power_drill,s3_epi_mean_035_power_drill_t21,complete_epi,311,0.831040,0.038890,0.000000e+00,0.000000e+00,513,0.025927,0.000000e+00,0.051854,4.599253e-06,0.000000e+00,182,1,0,1,1,0
035_power_drill,s3_epi_mean_035_power_drill_t22,complete_epi,1039,0.745113,0.060690,1.123479e-05,5.475869e-05,6192,0.040460,9.991263e-06,0.080920,2.382027e-05,8.201809e-01,384,1,0,1,1,0
035_power_drill,s3_epi_mean_035_power_drill_t23,complete_epi,153,0.947798,0.034483,2.062469e-04,8.262865e-04,779,0.022988,3.249216e-04,0.045977,1.448620e-04,2.045626e+00,158,1,0,1,1,0
035_power_drill,s3_epi_mean_035_power_drill_t24,complete_epi,70,0.910324,0.043279,2.503365e-06,6.486293e-05,491,0.028853,0.000000e+00,0.057706,5.811020e-06,0.000000e+00,81,1,0,1,1,0
021_bleach_cleanser,s3_hetero_patch_021_bleach_cleanser_t0,hetero_patch,28,0.926529,0.038890,2.201366e-05,1.007552e-04,1384,0.025926,3.406867e-05,0.051853,1.859933e-05,5.266469e-02,125,1,0,1,1,1
021_bleach_cleanser,s3_hetero_patch_021_bleach_cleanser_t1,hetero_patch,591,0.803609,0.039808,3.228271e-05,1.203804e-04,1234,0.026539,3.826140e-05,0.053077,2.098575e-05,6.172090e-02,124,1,0,1,1,1
021_bleach_cleanser,s3_hetero_patch_021_bleach_cleanser_t2,hetero_patch,1,0.954586,0.024995,1.966451e-06,9.871887e-06,602,0.016663,1.918176e-06,0.033326,2.095869e-06,0.000000e+00,452,1,0,1,1,0
021_bleach_cleanser,s3_hetero_patch_021_bleach_cleanser_t3,hetero_patch,0,0.892576,0.038633,2.652203e-05,1.016994e-04,1322,0.025755,3.717948e-05,0.051511,1.911470e-05,1.201241e-01,156,1,0,1,1,1
021_bleach_cleanser,s3_hetero_patch_021_bleach_cleanser_t4,hetero_patch,6,0.943939,0.038586,2.986769e-05,1.165640e-04,988,0.025724,3.078209e-05,0.051447,2.184953e-05,1.420933e-01,154,1,0,1,1,1
021_bleach_cleanser,s3_hetero_patch_021_bleach_cleanser_t5,hetero_patch,8,0.928033,0.039268,2.926204e-05,1.179060e-04,1063,0.026179,3.636618e-05,0.052358,1.750491e-05,2.430032e-01,170,1,0,1,1,1
021_bleach_cleanser,s3_hetero_patch_021_bleach_cleanser_t6,hetero_patch,640,0.819757,0.039096,1.711460e-05,7.100154e-05,749,0.026064,3.131714e-05,0.052128,1.472001e-05,4.987720e-02,108,1,0,1,1,1
021_bleach_cleanser,s3_hetero_patch_021_bleach_cleanser_t8,hetero_patch,42,0.857161,0.022939,9.995796e-06,2.844143e-05,1183,0.015293,1.018141e-05,0.030585,8.850578e-06,5.959654e-01,369,1,0,1,1,0
021_bleach_cleanser,s3_hetero_patch_021_bleach_cleanser_t9,hetero_patch,279,0.883796,0.039318,1.542343e-05,7.487424e-05,1040,0.026212,2.003993e-05,0.052424,1.187810e-05,5.993674e-02,117,1,0,1,1,0
021_bleach_cleanser,s3_hetero_patch_021_bleach_cleanser_t10,hetero_patch,117,0.883959,0.040460,4.418932e-06,2.889840e-05,916,0.026973,1.805745e-06,0.053947,6.390529e-06,0.000000e+00,164,1,0,1,1,1
021_bleach_cleanser,s3_hetero_patch_021_bleach_cleanser_t11,hetero_patch,15,0.934914,0.039831,3.648500e-05,1.961581e-04,1055,0.026554,5.008871e-05,0.053109,2.635313e-05,0.000000e+00,90,1,0,1,1,0
021_bleach_cleanser,s3_hetero_patch_021_bleach_cleanser_t12,hetero_patch,44,0.858628,0.039410,5.674496e-06,2.152985e-05,1706,0.026273,4.903825e-06,0.052547,5.817952e-06,9.439227e-02,238,1,0,1,1,1
021_bleach_cleanser,s3_hetero_patch_021_bleach_cleanser_t13,hetero_patch,350,0.930524,0.038995,1.086293e-06,0.000000e+00,895,0.025997,0.000000e+00,0.051994,4.234396e-06,0.000000e+00,135,1,0,1,1,1
021_bleach_cleanser,s3_hetero_patch_021_bleach_cleanser_t14,hetero_patch,222,0.874121,0.040245,1.535382e-06,0.000000e+00,680,0.026830,0.000000e+00,0.053660,4.081046e-06,0.000000e+00,117,1,0,1,1,1
021_bleach_cleanser,s3_hetero_patch_021_bleach_cleanser_t15,hetero_patch,276,0.902800,0.039922,6.941556e-06,1.628751e-05,1007,0.026615,2.365068e-06,0.053229,1.483378e-05,0.000000e+00,87,1,0,1,1,1
021_bleach_cleanser,s3_hetero_patch_021_bleach_cleanser_t17,hetero_patch,35,0.918338,0.041223,5.827915e-06,3.745178e-05,1019,0.027482,7.557840e-06,0.054964,6.371088e-06,0.000000e+00,142,1,0,1,1,1
021_bleach_cleanser,s3_hetero_patch_021_bleach_cleanser_t18,hetero_patch,8,0.934069,0.039903,6.361634e-06,2.497283e-05,879,0.026602,3.509674e-06,0.053203,1.097425e-05,0.000000e+00,40,1,0,1,1,0
021_bleach_cleanser,s3_hetero_patch_021_bleach_cleanser_t19,hetero_patch,130,0.898642,0.038966,4.620218e-06,2.986184e-05,548,0.025978,0.000000e+00,0.051955,7.271069e-06,0.000000e+00,54,1,0,1,1,1
021_bleach_cleanser,s3_hetero_patch_021_bleach_cleanser_t20,hetero_patch,65,0.829133,0.042132,6.773807e-06,1.230501e-05,2035,0.028088,7.525541e-06,0.056177,6.285241e-06,6.498455e-01,344,1,0,1,1,0
021_bleach_cleanser,s3_hetero_patch_021_bleach_cleanser_t21,hetero_patch,1032,0.327444,0.046623,1.132808e-05,2.506094e-05,1717,0.031082,1.015519e-05,0.062164,9.156063e-06,6.225767e-01,185,1,0,1,1,0
021_bleach_cleanser,s3_hetero_patch_021_bleach_cleanser_t22,hetero_patch,196,0.914219,0.039563,5.998097e-06,4.099347e-05,881,0.026375,1.551872e-07,0.052750,1.199997e-05,0.000000e+00,89,1,0,1,1,1
021_bleach_cleanser,s3_hetero_patch_021_bleach_cleanser_t23,hetero_patch,48,0.898362,0.040804,1.355538e-05,5.117192e-05,1760,0.027203,1.619612e-05,0.054405,1.162733e-05,2.504298e-01,253,1,0,1,1,1
061_foam_brick,s3_hetero_patch_061_foam_brick_t0,hetero_patch,9,0.954831,0.017526,1.267457e-06,4.413970e-06,1566,0.011684,9.521005e-07,0.023368,1.468550e-06,1.407949e+00,1822,1,0,1,1,1
061_foam_brick,s3_hetero_patch_061_foam_brick_t1,hetero_patch,1072,0.693639,0.016861,1.536391e-06,5.474065e-06,880,0.011240,9.420871e-07,0.022481,1.829332e-06,3.557948e-01,591,1,0,1,1,0
061_foam_brick,s3_hetero_patch_061_foam_brick_t2,hetero_patch,199,0.954962,0.016958,6.566997e-07,9.025030e-07,874,0.011305,5.709816e-07,0.022611,6.965903e-07,9.306054e-01,1432,1,0,1,1,0
061_foam_brick,s3_hetero_patch_061_foam_brick_t3,hetero_patch,67,0.949028,0.017413,1.170562e-06,1.489823e-06,1439,0.011609,8.524778e-07,0.023217,1.644459e-06,1.624334e+00,1943,1,0,1,1,1
061_foam_brick,s3_hetero_patch_061_foam_brick_t4,hetero_patch,324,0.920914,0.016002,9.018634e-06,4.721641e-05,426,0.010668,2.801902e-05,0.021336,4.847763e-06,8.608088e-01,1184,1,0,1,1,1
061_foam_brick,s3_hetero_patch_061_foam_brick_t5,hetero_patch,1146,0.819361,0.015832,3.119043e-05,1.022482e-04,372,0.010554,7.908284e-05,0.021109,1.114483e-05,8.951639e-01,1197,1,0,1,1,1
061_foam_brick,s3_hetero_patch_061_foam_brick_t6,hetero_patch,1065,0.732939,0.017763,1.293886e-06,1.939454e-06,1615,0.011842,7.816809e-07,0.023683,1.632805e-06,1.236909e+00,1588,1,0,1,1,1
061_foam_brick,s3_hetero_patch_061_foam_brick_t7,hetero_patch,457,0.935765,0.016789,8.019857e-07,1.455675e-06,1214,0.011192,8.379616e-07,0.022385,8.280253e-07,1.265256e+00,1758,1,0,1,1,0
061_foam_brick,s3_hetero_patch_061_foam_brick_t8,hetero_patch,471,0.923375,0.017756,5.579979e-07,1.207334e-06,1455,0.011837,5.137849e-07,0.023674,5.713009e-07,1.092999e+00,1850,1,0,1,1,1
061_foam_brick,s3_hetero_patch_061_foam_brick_t9,hetero_patch,1034,0.798175,0.016919,3.780455e-05,1.010377e-04,253,0.011279,4.679836e-05,0.022558,1.951468e-05,1.111977e+00,1350,1,0,1,1,1
061_foam_brick,s3_hetero_patch_061_foam_brick_t10,hetero_patch,504,0.913499,0.017683,4.578859e-07,1.965431e-06,1133,0.011789,3.852690e-07,0.023578,4.607746e-07,6.390615e-01,1196,1,0,1,1,0
061_foam_brick,s3_hetero_patch_061_foam_brick_t11,hetero_patch,15,0.964943,0.016345,1.056942e-06,4.960587e-06,357,0.010896,5.700269e-07,0.021793,1.322833e-06,9.377044e-01,1197,1,0,1,1,1
061_foam_brick,s3_hetero_patch_061_foam_brick_t12,hetero_patch,607,0.924238,0.017229,4.904897e-07,7.944859e-07,1335,0.011486,4.885088e-07,0.022972,1.226914e-06,1.347373e+00,1963,1,0,1,1,1
061_foam_brick,s3_hetero_patch_061_foam_brick_t13,hetero_patch,1149,0.778824,0.016685,3.319124e-06,1.981166e-05,617,0.011123,3.455386e-06,0.022247,3.689858e-06,9.804235e-01,1037,1,0,1,1,1
061_foam_brick,s3_hetero_patch_061_foam_brick_t14,hetero_patch,414,0.904639,0.016934,4.685596e-07,1.333920e-06,1219,0.011290,4.143089e-07,0.022579,4.324139e-07,9.209941e-01,1754,1,0,1,1,1
061_foam_brick,s3_hetero_patch_061_foam_brick_t15,hetero_patch,38,0.952766,0.016584,1.190931e-06,3.140847e-06,357,0.011056,1.438012e-06,0.022112,1.223114e-06,7.140419e-01,994,1,0,1,1,1
061_foam_brick,s3_hetero_patch_061_foam_brick_t16,hetero_patch,561,0.909675,0.020333,1.602345e-06,4.300261e-06,1887,0.013555,1.126885e-06,0.027111,2.434634e-06,9.884708e-01,1538,1,0,1,1,1
061_foam_brick,s3_hetero_patch_061_foam_brick_t17,hetero_patch,716,0.876714,0.016665,6.176339e-07,1.152101e-06,998,0.011110,6.234542e-07,0.022220,6.147106e-07,1.245999e+00,1792,1,0,1,1,0
061_foam_brick,s3_hetero_patch_061_foam_brick_t18,hetero_patch,185,0.927043,0.017259,3.317132e-06,2.173647e-05,1121,0.011506,3.945153e-06,0.023012,3.048103e-06,1.072249e+00,1310,1,0,1,1,1
061_foam_brick,s3_hetero_patch_061_foam_brick_t19,hetero_patch,994,0.781957,0.016023,1.273426e-05,5.803108e-05,765,0.010682,2.265199e-05,0.021364,9.306053e-06,7.948489e-01,1034,1,0,1,1,1
061_foam_brick,s3_hetero_patch_061_foam_brick_t20,hetero_patch,504,0.923373,0.018007,1.426243e-06,5.538529e-06,1040,0.012005,2.168417e-06,0.024010,1.008899e-06,1.105051e+00,1493,1,0,1,1,0
061_foam_brick,s3_hetero_patch_061_foam_brick_t21,hetero_patch,2,0.953685,0.015996,3.618782e-06,1.204351e-05,699,0.010664,4.416385e-06,0.021328,4.033582e-06,8.012237e-01,905,1,0,1,1,1
061_foam_brick,s3_hetero_patch_061_foam_brick_t22,hetero_patch,351,0.917274,0.017364,1.205741e-06,4.526534e-06,1138,0.011576,1.099125e-06,0.023153,1.379800e-06,1.069790e+00,1353,1,0,1,1,1
061_foam_brick,s3_hetero_patch_061_foam_brick_t23,hetero_patch,28,0.964067,0.017192,1.028607e-06,5.201036e-06,970,0.011461,1.184990e-06,0.022923,1.011321e-06,1.011462e+00,1286,1,0,1,1,1
061_foam_brick,s3_hetero_patch_061_foam_brick_t24,hetero_patch,485,0.920627,0.017342,1.583580e-06,2.957712e-06,833,0.011561,9.760578e-07,0.023123,1.797231e-06,1.586957e+00,1910,1,0,1,1,1
010_potted_meat_can,s3_duarte_mcd_010_potted_meat_can_t0,duarte_mcd,98,0.915040,,,,,,,,,3.633583e-01,676,1,0,1,1,1
010_potted_meat_can,s3_duarte_mcd_010_potted_meat_can_t1,duarte_mcd,295,0.773042,,,,,,,,,7.681934e-02,115,1,0,1,1,0
010_potted_meat_can,s3_duarte_mcd_010_potted_meat_can_t2,duarte_mcd,307,0.851979,,,,,,,,,2.776438e-01,642,1,0,1,1,1
010_potted_meat_can,s3_duarte_mcd_010_potted_meat_can_t3,duarte_mcd,76,0.966433,,,,,,,,,4.077918e-01,622,1,0,1,1,0
010_potted_meat_can,s3_duarte_mcd_010_potted_meat_can_t4,duarte_mcd,212,0.888882,,,,,,,,,4.748567e-02,60,1,0,1,1,1
010_potted_meat_can,s3_duarte_mcd_010_potted_meat_can_t5,duarte_mcd,197,0.884385,,,,,,,,,5.327582e-01,1019,1,0,1,1,1
010_potted_meat_can,s3_duarte_mcd_010_potted_meat_can_t6,duarte_mcd,540,0.812587,,,,,,,,,1.581851e-03,69,1,0,1,1,1
010_potted_meat_can,s3_duarte_mcd_010_potted_meat_can_t7,duarte_mcd,42,0.926256,,,,,,,,,8.755052e-02,189,1,0,1,1,1
010_potted_meat_can,s3_duarte_mcd_010_potted_meat_can_t9,duarte_mcd,61,0.856505,,,,,,,,,0.000000e+00,24,1,0,1,1,1
010_potted_meat_can,s3_duarte_mcd_010_potted_meat_can_t10,duarte_mcd,0,0.920799,,,,,,,,,4.181345e-01,887,1,0,1,1,1
010_potted_meat_can,s3_duarte_mcd_010_potted_meat_can_t11,duarte_mcd,15,0.889925,,,,,,,,,1.708968e-02,64,1,0,1,1,0
010_potted_meat_can,s3_duarte_mcd_010_potted_meat_can_t12,duarte_mcd,0,0.941943,,,,,,,,,4.528468e-01,923,1,0,1,1,1
010_potted_meat_can,s3_duarte_mcd_010_potted_meat_can_t13,duarte_mcd,29,0.886845,,,,,,,,,5.599867e-02,124,1,0,1,1,1
010_potted_meat_can,s3_duarte_mcd_010_potted_meat_can_t14,duarte_mcd,27,0.844539,,,,,,,,,5.147844e-01,1084,1,0,1,1,1
010_potted_meat_can,s3_duarte_mcd_010_potted_meat_can_t15,duarte_mcd,30,0.874766,,,,,,,,,3.754284e-01,771,1,0,1,1,1
010_potted_meat_can,s3_duarte_mcd_010_potted_meat_can_t16,duarte_mcd,128,0.902627,,,,,,,,,0.000000e+00,61,1,0,1,1,1
010_potted_meat_can,s3_duarte_mcd_010_potted_meat_can_t17,duarte_mcd,394,0.829976,,,,,,,,,0.000000e+00,107,1,0,1,1,0
010_potted_meat_can,s3_duarte_mcd_010_potted_meat_can_t18,duarte_mcd,8,0.863604,,,,,,,,,3.560713e-01,718,1,0,1,1,1
010_potted_meat_can,s3_duarte_mcd_010_potted_meat_can_t19,duarte_mcd,8,0.842069,,,,,,,,,1.323662e-01,358,1,0,1,1,1
010_potted_meat_can,s3_duarte_mcd_010_potted_meat_can_t20,duarte_mcd,12,0.880756,,,,,,,,,1.783107e-01,278,1,0,1,1,1
010_potted_meat_can,s3_duarte_mcd_010_potted_meat_can_t21,duarte_mcd,8,0.824617,,,,,,,,,4.345944e-01,788,1,0,1,1,1
010_potted_meat_can,s3_duarte_mcd_010_potted_meat_can_t22,duarte_mcd,1177,0.505400,,,,,,,,,2.375978e-01,405,1,0,1,1,0
010_potted_meat_can,s3_duarte_mcd_010_potted_meat_can_t23,duarte_mcd,1,0.923695,,,,,,,,,4.299332e-01,891,1,0,1,1,1
010_potted_meat_can,s3_duarte_mcd_010_potted_meat_can_t24,duarte_mcd,181,0.862863,,,,,,,,,5.904231e-01,805,1,0,1,1,1
006_mustard_bottle,s0_partial_only_006_mustard_bottle_t0,partial_only,5,0.948127,,,,,,,,,,,1,0,1,1,1
006_mustard_bottle,s0_partial_only_006_mustard_bottle_t1,partial_only,373,0.869642,,,,,,,,,,,1,0,1,1,1
006_mustard_bottle,s0_partial_only_006_mustard_bottle_t2,partial_only,11,0.951828,,,,,,,,,,,1,0,1,1,0
006_mustard_bottle,s0_partial_only_006_mustard_bottle_t3,partial_only,1,0.952484,,,,,,,,,,,1,0,1,1,1
006_mustard_bottle,s0_partial_only_006_mustard_bottle_t4,partial_only,454,0.880705,,,,,,,,,,,1,0,1,1,1
006_mustard_bottle,s0_partial_only_006_mustard_bottle_t5,partial_only,25,0.940140,,,,,,,,,,,1,0,1,1,1
006_mustard_bottle,s0_partial_only_006_mustard_bottle_t6,partial_only,0,0.954652,,,,,,,,,,,1,0,1,1,1
006_mustard_bottle,s0_partial_only_006_mustard_bottle_t8,partial_only,20,0.945017,,,,,,,,,,,1,0,1,1,1
006_mustard_bottle,s0_partial_only_006_mustard_bottle_t9,partial_only,0,0.950144,,,,,,,,,,,1,0,1,1,1
006_mustard_bottle,s0_partial_only_006_mustard_bottle_t10,partial_only,10,0.944250,,,,,,,,,,,1,0,1,1,1
006_mustard_bottle,s0_partial_only_006_mustard_bottle_t11,partial_only,0,0.962071,,,,,,,,,,,1,0,1,1,1
006_mustard_bottle,s0_partial_only_006_mustard_bottle_t12,partial_only,0,0.958050,,,,,,,,,,,1,0,1,1,1
006_mustard_bottle,s0_partial_only_006_mustard_bottle_t13,partial_only,8,0.950458,,,,,,,,,,,1,0,1,1,1
006_mustard_bottle,s0_partial_only_006_mustard_bottle_t14,partial_only,0,0.969101,,,,,,,,,,,1,0,1,1,1
006_mustard_bottle,s0_partial_only_006_mustard_bottle_t15,partial_only,60,0.921288,,,,,,,,,,,1,0,1,1,1
006_mustard_bottle,s0_partial_only_006_mustard_bottle_t16,partial_only,44,0.923670,,,,,,,,,,,1,0,1,1,1
006_mustard_bottle,s0_partial_only_006_mustard_bottle_t17,partial_only,235,0.892334,,,,,,,,,,,1,0,1,1,0
006_mustard_bottle,s0_partial_only_006_mustard_bottle_t18,partial_only,23,0.942404,,,,,,,,,,,1,0,1,1,1
006_mustard_bottle,s0_partial_only_006_mustard_bottle_t19,partial_only,55,0.924338,,,,,,,,,,,1,0,1,1,1
006_mustard_bottle,s0_partial_only_006_mustard_bottle_t20,partial_only,7,0.939780,,,,,,,,,,,1,0,1,1,1
006_mustard_bottle,s0_partial_only_006_mustard_bottle_t21,partial_only,0,0.936073,,,,,,,,,,,1,0,1,1,0
006_mustard_bottle,s0_partial_only_006_mustard_bottle_t22,partial_only,30,0.913181,,,,,,,,,,,1,0,1,1,0
006_mustard_bottle,s0_partial_only_006_mustard_bottle_t23,partial_only,3,0.963338,,,,,,,,,,,1,0,1,1,1
006_mustard_bottle,s0_partial_only_006_mustard_bottle_t24,partial_only,342,0.885190,,,,,,,,,,,1,0,1,1,1
011_banana,s0_partial_only_011_banana_t0,partial_only,192,0.963019,,,,,,,,,,,1,0,1,1,0
011_banana,s0_partial_only_011_banana_t1,partial_only,339,0.959195,,,,,,,,,,,1,0,1,1,1
011_banana,s0_partial_only_011_banana_t2,partial_only,62,0.965418,,,,,,,,,,,1,0,1,1,1
011_banana,s0_partial_only_011_banana_t3,partial_only,172,0.962994,,,,,,,,,,,1,0,1,1,1
011_banana,s0_partial_only_011_banana_t4,partial_only,58,0.963169,,,,,,,,,,,1,0,1,1,1
011_banana,s0_partial_only_011_banana_t5,partial_only,410,0.946708,,,,,,,,,,,1,0,1,1,1
011_banana,s0_partial_only_011_banana_t6,partial_only,432,0.945131,,,,,,,,,,,1,0,1,1,1
011_banana,s0_partial_only_011_banana_t7,partial_only,74,0.962352,,,,,,,,,,,1,0,1,1,1
011_banana,s0_partial_only_011_banana_t8,partial_only,2,0.984801,,,,,,,,,,,1,0,1,1,1
011_banana,s0_partial_only_011_banana_t9,partial_only,366,0.945212,,,,,,,,,,,1,0,1,1,1
011_banana,s0_partial_only_011_banana_t10,partial_only,9,0.972719,,,,,,,,,,,1,0,1,1,1
011_banana,s0_partial_only_011_banana_t11,partial_only,45,0.968445,,,,,,,,,,,1,0,1,1,1
011_banana,s0_partial_only_011_banana_t12,partial_only,157,0.959142,,,,,,,,,,,1,0,1,1,1
011_banana,s0_partial_only_011_banana_t13,partial_only,202,0.972683,,,,,,,,,,,1,0,1,1,1
011_banana,s0_partial_only_011_banana_t14,partial_only,6,0.975585,,,,,,,,,,,1,0,1,1,1
011_banana,s0_partial_only_011_banana_t15,partial_only,150,0.954595,,,,,,,,,,,1,0,1,1,0
011_banana,s0_partial_only_011_banana_t16,partial_only,319,0.950325,,,,,,,,,,,1,0,1,1,1
011_banana,s0_partial_only_011_banana_t17,partial_only,51,0.969466,,,,,,,,,,,1,0,1,1,1
011_banana,s0_partial_only_011_banana_t18,partial_only,308,0.955528,,,,,,,,,,,1,0,1,1,1
011_banana,s0_partial_only_011_banana_t19,partial_only,409,0.954800,,,,,,,,,,,1,0,1,1,1
011_banana,s0_partial_only_011_banana_t20,partial_only,345,0.948632,,,,,,,,,,,1,0,1,1,1
011_banana,s0_partial_only_011_banana_t21,partial_only,346,0.927682,,,,,,,,,,,1,0,1,1,1
011_banana,s0_partial_only_011_banana_t22,partial_only,213,0.951128,,,,,,,,,,,1,0,1,1,1
011_banana,s0_partial_only_011_banana_t23,partial_only,228,0.954311,,,,,,,,,,,1,0,1,1,1
011_banana,s0_partial_only_011_banana_t24,partial_only,260,0.941160,,,,,,,,,,,1,0,1,1,1
025_mug,s0_complete_only_025_mug_t0,complete_only,9,0.942314,0.020684,1.159444e-05,5.966951e-05,495,0.013789,6.756308e-05,0.027579,7.970566e-06,3.777816e-01,210,1,0,1,1,1
025_mug,s0_complete_only_025_mug_t1,complete_only,143,0.906849,0.021320,2.714825e-05,7.318969e-05,580,0.014213,2.177948e-05,0.028426,4.334786e-05,4.712448e-01,192,1,0,1,1,1
025_mug,s0_complete_only_025_mug_t2,complete_only,3,0.957945,0.020213,1.225376e-05,3.124740e-05,388,0.013475,6.143522e-05,0.026950,7.287444e-06,2.622450e-01,114,1,0,1,1,1
025_mug,s0_complete_only_025_mug_t3,complete_only,28,0.915267,0.021708,3.306038e-05,1.172075e-04,393,0.014472,2.232739e-05,0.028944,3.729460e-05,1.950058e-01,148,1,0,1,1,1
025_mug,s0_complete_only_025_mug_t4,complete_only,5,0.954912,0.019950,2.054115e-05,6.731025e-05,406,0.013300,3.109189e-05,0.026601,1.793939e-05,5.365624e-01,154,1,0,1,1,1
025_mug,s0_complete_only_025_mug_t5,complete_only,127,0.859327,0.020300,4.001106e-06,4.784609e-06,388,0.013533,4.954519e-06,0.027066,2.751753e-06,1.377935e-01,166,1,0,1,1,1
025_mug,s0_complete_only_025_mug_t6,complete_only,93,0.908207,0.020921,8.060797e-06,2.123154e-05,870,0.013948,8.512640e-06,0.027895,7.777178e-06,6.252281e-01,248,1,0,1,1,1
025_mug,s0_complete_only_025_mug_t7,complete_only,28,0.889187,0.020519,0.000000e+00,0.000000e+00,133,0.013679,0.000000e+00,0.027359,0.000000e+00,0.000000e+00,35,1,0,1,1,1
025_mug,s0_complete_only_025_mug_t8,complete_only,16,0.934285,0.021466,4.435355e-05,2.036518e-04,675,0.014311,5.035552e-05,0.028621,1.956556e-05,5.589694e-01,378,1,0,1,1,1
025_mug,s0_complete_only_025_mug_t9,complete_only,18,0.936088,0.020845,1.214881e-05,3.621774e-05,567,0.013897,2.866884e-05,0.027794,9.278118e-06,4.820688e-01,200,1,0,1,1,1
025_mug,s0_complete_only_025_mug_t11,complete_only,23,0.933837,0.019882,2.378553e-06,5.602364e-06,548,0.013254,2.288235e-06,0.026509,2.249321e-06,1.344661e-01,126,1,0,1,1,1
025_mug,s0_complete_only_025_mug_t12,complete_only,60,0.839337,0.020012,2.591446e-06,5.578068e-06,266,0.013341,2.707105e-06,0.026682,2.624783e-06,7.256668e-02,71,1,0,1,1,1
025_mug,s0_complete_only_025_mug_t13,complete_only,49,0.914690,0.020775,7.048404e-06,2.537614e-05,561,0.013850,8.271049e-06,0.027700,6.151284e-06,3.577764e-01,212,1,0,1,1,1
025_mug,s0_complete_only_025_mug_t14,complete_only,27,0.913504,0.019937,4.335241e-06,1.464583e-05,670,0.013292,2.788774e-06,0.026583,3.889015e-06,2.127283e-01,183,1,0,1,1,1
025_mug,s0_complete_only_025_mug_t15,complete_only,54,0.927793,0.022744,4.920743e-06,1.541553e-05,462,0.015163,4.496814e-06,0.030325,5.294463e-06,1.949609e-01,125,1,0,1,1,0
025_mug,s0_complete_only_025_mug_t16,complete_only,43,0.937673,0.021329,1.319613e-05,3.470689e-05,666,0.014220,2.037617e-05,0.028439,1.019339e-05,4.617701e-01,185,1,0,1,1,1
025_mug,s0_complete_only_025_mug_t17,complete_only,128,0.926485,0.023206,2.748322e-05,9.368274e-05,559,0.015471,2.796464e-05,0.030941,2.506282e-05,5.865406e-01,197,1,0,1,1,1
025_mug,s0_complete_only_025_mug_t18,complete_only,44,0.936007,0.019677,2.411336e-05,1.045504e-04,508,0.013118,1.575272e-05,0.026236,2.395320e-05,5.055597e-01,154,1,0,1,1,1
025_mug,s0_complete_only_025_mug_t19,complete_only,33,0.931419,0.020210,2.751678e-05,9.520323e-05,424,0.013473,3.410638e-05,0.026947,2.082083e-05,7.025331e-01,211,1,0,1,1,1
025_mug,s0_complete_only_025_mug_t20,complete_only,9,0.948964,0.020854,1.646101e-06,3.325588e-06,634,0.013903,1.740937e-06,0.027806,1.622698e-06,2.297470e-01,231,1,0,1,1,1
025_mug,s0_complete_only_025_mug_t21,complete_only,42,0.838973,0.020172,1.494025e-05,4.018882e-05,274,0.013448,1.980406e-05,0.026895,1.063050e-05,4.122041e-01,198,1,0,1,1,1
025_mug,s0_complete_only_025_mug_t22,complete_only,85,0.895931,0.019698,3.579926e-06,7.068629e-06,510,0.013132,3.543993e-06,0.026264,3.563140e-06,3.719506e-01,229,1,0,1,1,1
025_mug,s0_complete_only_025_mug_t23,complete_only,77,0.926833,0.020523,1.449651e-06,2.271192e-06,866,0.013682,1.546183e-06,0.027364,1.329780e-06,2.476220e-01,264,1,0,1,1,0
025_mug,s0_complete_only_025_mug_t24,complete_only,321,0.688595,0.020246,6.083012e-06,2.721984e-05,248,0.013497,0.000000e+00,0.026995,6.069302e-06,1.826822e-02,35,1,0,1,1,0
051_large_clamp,s0_complete_only_051_large_clamp_t0,complete_only,73,0.935394,0.031974,1.395102e-05,0.000000e+00,742,0.021316,1.305447e-05,0.042632,1.934338e-05,0.000000e+00,147,1,0,1,1,1
051_large_clamp,s0_complete_only_051_large_clamp_t2,complete_only,0,0.976851,0.032701,4.548281e-05,1.241068e-04,932,0.021801,2.942489e-04,0.043601,8.245279e-06,1.089218e-01,206,1,0,1,1,1
051_large_clamp,s0_complete_only_051_large_clamp_t3,complete_only,60,0.769493,0.009122,1.980206e-05,7.831922e-05,3015,0.006081,2.439707e-05,0.012162,9.012644e-06,3.572448e+00,6533,1,0,1,1,0
051_large_clamp,s0_complete_only_051_large_clamp_t4,complete_only,0,0.967665,0.030172,9.948779e-07,4.373674e-06,849,0.020115,1.779682e-06,0.040229,8.892536e-07,0.000000e+00,155,1,0,1,1,1
051_large_clamp,s0_complete_only_051_large_clamp_t5,complete_only,0,0.971537,0.032373,2.905829e-06,1.407722e-05,1200,0.021582,2.112013e-06,0.043165,4.420865e-06,1.076885e-01,238,1,0,1,1,0
051_large_clamp,s0_complete_only_051_large_clamp_t6,complete_only,5,0.963733,0.032194,3.206620e-06,0.000000e+00,817,0.021463,1.122925e-06,0.042926,1.024367e-05,0.000000e+00,159,1,0,1,1,1
051_large_clamp,s0_complete_only_051_large_clamp_t7,complete_only,1,0.965639,0.026090,1.222839e-06,2.370132e-06,1349,0.017393,3.805031e-08,0.034787,2.587715e-06,6.817369e-02,302,1,0,1,1,0
051_large_clamp,s0_complete_only_051_large_clamp_t8,complete_only,103,0.932691,0.031325,1.113336e-06,7.156207e-06,773,0.020883,1.174157e-07,0.041766,2.436644e-06,0.000000e+00,137,1,0,1,1,1
051_large_clamp,s0_complete_only_051_large_clamp_t9,complete_only,55,0.943573,0.031959,2.725415e-06,0.000000e+00,734,0.021306,0.000000e+00,0.042612,7.208293e-06,0.000000e+00,147,1,0,1,1,1
051_large_clamp,s0_complete_only_051_large_clamp_t10,complete_only,0,0.967369,0.030042,6.137318e-07,2.500697e-06,794,0.020028,0.000000e+00,0.040057,9.446014e-07,0.000000e+00,149,1,0,1,1,0
051_large_clamp,s0_complete_only_051_large_clamp_t11,complete_only,2,0.957654,0.029708,6.294386e-07,4.309487e-06,698,0.019805,4.133202e-07,0.039610,8.786389e-07,0.000000e+00,161,1,0,1,1,0
051_large_clamp,s0_complete_only_051_large_clamp_t12,complete_only,12,0.956117,0.031448,3.383937e-05,1.887232e-04,1744,0.020965,1.083609e-04,0.041930,3.253028e-05,9.669426e-01,525,1,0,1,1,1
051_large_clamp,s0_complete_only_051_large_clamp_t13,complete_only,32,0.929619,0.037136,7.746326e-05,5.613770e-04,1222,0.024757,8.086748e-05,0.049515,9.560994e-05,6.456264e-02,145,1,0,1,1,1
051_large_clamp,s0_complete_only_051_large_clamp_t14,complete_only,9,0.963776,0.029606,4.445727e-07,2.915889e-06,686,0.019738,0.000000e+00,0.039475,4.744713e-07,0.000000e+00,154,1,0,1,1,0
051_large_clamp,s0_complete_only_051_large_clamp_t15,complete_only,2,0.965793,0.031331,6.858151e-06,2.778410e-05,1169,0.020887,1.116058e-05,0.041774,1.521870e-05,1.336831e-01,158,1,0,1,1,0
051_large_clamp,s0_complete_only_051_large_clamp_t16,complete_only,6,0.958329,0.031962,3.506090e-06,1.282906e-05,831,0.021308,0.000000e+00,0.042616,5.426378e-06,0.000000e+00,150,1,0,1,1,1
051_large_clamp,s0_complete_only_051_large_clamp_t17,complete_only,8,0.964724,0.030675,9.922034e-05,2.740770e-04,1107,0.020450,8.010570e-05,0.040899,1.436705e-04,1.559862e-01,161,1,0,1,1,0
051_large_clamp,s0_complete_only_051_large_clamp_t18,complete_only,0,0.966922,0.029352,4.585941e-07,3.223183e-06,915,0.019568,0.000000e+00,0.039136,6.889183e-07,0.000000e+00,178,1,0,1,1,1
051_large_clamp,s0_complete_only_051_large_clamp_t19,complete_only,152,0.911270,0.010361,7.566753e-05,2.236996e-04,1148,0.006908,1.073942e-04,0.013815,5.134189e-05,5.936045e+00,5053,1,0,1,1,0
051_large_clamp,s0_complete_only_051_large_clamp_t20,complete_only,18,0.954281,0.032645,1.467481e-06,0.000000e+00,823,0.021763,0.000000e+00,0.043526,5.084611e-06,0.000000e+00,161,1,0,1,1,1
051_large_clamp,s0_complete_only_051_large_clamp_t21,complete_only,111,0.950500,0.005348,7.412376e-06,2.161434e-05,402,0.003565,5.804279e-06,0.007130,8.026208e-06,4.961349e+00,6944,1,0,1,1,0
051_large_clamp,s0_complete_only_051_large_clamp_t22,complete_only,75,0.937932,0.030882,1.909826e-05,3.158529e-05,1308,0.020588,2.107814e-05,0.041175,2.261501e-05,1.601043e-01,210,1,0,1,1,1
051_large_clamp,s0_complete_only_051_large_clamp_t23,complete_only,7,0.963962,0.032681,1.731062e-06,3.294395e-06,2204,0.021787,1.307283e-06,0.043574,2.537528e-06,1.211246e-01,262,1,0,1,1,1
022_windex_bottle,s0_epi_max_022_windex_bottle_t0,complete_epi,187,0.885799,0.037098,3.943951e-06,4.420928e-06,4405,0.024732,2.619076e-06,0.049463,6.394611e-06,1.596087e+00,1176,1,0,1,1,1
022_windex_bottle,s0_epi_max_022_windex_bottle_t1,complete_epi,81,0.807346,0.039264,7.570343e-05,1.072467e-04,3261,0.026176,2.417647e-04,0.052352,7.538200e-05,4.708080e-01,102,1,0,1,1,0
022_windex_bottle,s0_epi_max_022_windex_bottle_t2,complete_epi,4,0.917122,0.038748,2.716756e-05,1.151187e-04,2780,0.025832,5.890713e-05,0.051664,3.384844e-05,1.566278e+00,866,1,0,1,1,0
022_windex_bottle,s0_epi_max_022_windex_bottle_t3,complete_epi,70,0.932694,0.028543,2.268791e-06,6.999250e-06,1222,0.019029,1.923594e-06,0.038057,3.147291e-06,6.725743e-01,589,1,0,1,1,0
022_windex_bottle,s0_epi_max_022_windex_bottle_t4,complete_epi,8,0.924925,0.045315,1.131553e-05,3.521648e-05,1180,0.030210,4.261209e-06,0.060420,2.136907e-05,0.000000e+00,51,1,0,1,1,0
022_windex_bottle,s0_epi_max_022_windex_bottle_t5,complete_epi,453,0.859698,0.039790,2.906830e-05,6.824944e-05,3607,0.026527,4.594149e-05,0.053053,5.641063e-05,1.642179e+00,933,1,0,1,1,0
022_windex_bottle,s0_epi_max_022_windex_bottle_t6,complete_epi,269,0.877915,0.043355,4.578146e-06,7.128412e-06,7522,0.028903,2.596765e-06,0.057807,9.250696e-06,2.800409e+00,1873,1,0,1,1,0
022_windex_bottle,s0_epi_max_022_windex_bottle_t7,complete_epi,462,0.754701,0.038608,1.075548e-04,4.403364e-04,3216,0.025739,6.878858e-05,0.051478,1.487058e-04,1.013441e+00,663,1,0,1,1,1
022_windex_bottle,s0_epi_max_022_windex_bottle_t8,complete_epi,0,0.959215,0.042993,3.607894e-05,3.655483e-04,1414,0.028662,1.204069e-05,0.057324,1.261964e-04,2.869201e-02,98,1,0,1,1,0
022_windex_bottle,s0_epi_max_022_windex_bottle_t9,complete_epi,157,0.876594,0.040801,1.718358e-05,2.566823e-05,4441,0.027200,1.024280e-04,0.054401,2.300951e-05,7.683213e-01,443,1,0,1,1,1
022_windex_bottle,s0_epi_max_022_windex_bottle_t10,complete_epi,0,0.949888,0.044806,1.237206e-05,2.759638e-05,1476,0.029870,3.050121e-06,0.059741,4.775764e-05,0.000000e+00,79,1,0,1,1,0
022_windex_bottle,s0_epi_max_022_windex_bottle_t11,complete_epi,0,0.951542,0.044371,3.821828e-06,6.255312e-06,1035,0.029581,2.525436e-06,0.059161,3.139770e-05,0.000000e+00,100,1,0,1,1,0
022_windex_bottle,s0_epi_max_022_windex_bottle_t12,complete_epi,4,0.957242,0.041271,1.187187e-05,3.573475e-05,875,0.027514,1.298925e-05,0.055028,2.432832e-05,2.218208e-02,143,1,0,1,1,0
022_windex_bottle,s0_epi_max_022_windex_bottle_t13,complete_epi,83,0.891860,0.037099,1.312248e-05,5.099158e-05,2078,0.024733,3.403508e-05,0.049466,1.605887e-05,2.542346e-01,28,1,0,1,1,0
022_windex_bottle,s0_epi_max_022_windex_bottle_t14,complete_epi,18,0.938068,0.044538,1.426345e-05,5.035956e-05,871,0.029692,4.344918e-06,0.059384,4.660502e-05,0.000000e+00,111,1,0,1,1,0
022_windex_bottle,s0_epi_max_022_windex_bottle_t15,complete_epi,1,0.885422,0.036429,1.478862e-04,4.348266e-04,1103,0.024286,4.963294e-05,0.048572,1.615259e-04,1.910713e-01,217,1,0,1,1,0
022_windex_bottle,s0_epi_max_022_windex_bottle_t16,complete_epi,124,0.920280,0.040747,5.493850e-06,2.065879e-05,6249,0.027165,3.667037e-06,0.054330,8.793477e-06,1.205240e+00,754,1,0,1,1,0
022_windex_bottle,s0_epi_max_022_windex_bottle_t17,complete_epi,17,0.910389,0.039718,2.742439e-06,6.758055e-06,4510,0.026479,2.823814e-06,0.052957,3.442105e-06,8.006543e-01,578,1,0,1,1,0
022_windex_bottle,s0_epi_max_022_windex_bottle_t18,complete_epi,132,0.927315,0.042574,5.515537e-06,2.293306e-05,4928,0.028383,2.634990e-06,0.056765,9.772234e-06,5.459780e-01,432,1,0,1,1,0
022_windex_bottle,s0_epi_max_022_windex_bottle_t19,complete_epi,527,0.766097,0.039353,1.342020e-04,3.472316e-04,1196,0.026235,1.271414e-04,0.052470,1.463068e-04,5.112621e-02,40,1,0,1,1,0
022_windex_bottle,s0_epi_max_022_windex_bottle_t20,complete_epi,47,0.894993,0.042974,7.790656e-06,1.184608e-05,6775,0.028649,4.386778e-06,0.057298,1.560980e-05,2.170976e+00,1368,1,0,1,1,1
022_windex_bottle,s0_epi_max_022_windex_bottle_t21,complete_epi,87,0.777132,0.032781,1.987407e-04,1.286186e-03,1167,0.021854,8.061066e-05,0.043708,2.501260e-04,1.059927e+00,613,1,0,1,1,0
022_windex_bottle,s0_epi_max_022_windex_bottle_t22,complete_epi,0,0.942979,0.044031,3.833050e-05,1.490730e-04,1189,0.029354,2.091085e-05,0.058708,1.027039e-04,1.652723e-01,219,1,0,1,1,0
022_windex_bottle,s0_epi_max_022_windex_bottle_t23,complete_epi,72,0.896487,0.039385,4.541327e-05,2.858887e-04,2640,0.026256,9.769520e-05,0.052513,5.741853e-05,7.319864e-01,370,1,0,1,1,1
022_windex_bottle,s0_epi_max_022_windex_bottle_t24,complete_epi,0,0.928169,0.031920,1.326390e-04,1.089312e-03,1535,0.021280,3.214856e-05,0.042559,2.660358e-04,1.656373e+00,708,1,0,1,1,1
006_mustard_bottle,s0_epi_mean_006_mustard_bottle_t0,complete_epi,150,0.814442,0.032858,6.743669e-06,3.037858e-05,2206,0.021906,1.291138e-05,0.043811,1.423853e-05,8.904776e-01,592,1,0,1,1,1
006_mustard_bottle,s0_epi_mean_006_mustard_bottle_t2,complete_epi,0,0.899676,0.032149,3.702583e-06,1.305128e-05,1377,0.021433,7.186344e-06,0.042866,5.143279e-06,1.610328e-01,245,1,0,1,1,1
006_mustard_bottle,s0_epi_mean_006_mustard_bottle_t3,complete_epi,79,0.791549,0.032778,5.084587e-06,1.880886e-05,2205,0.021852,6.743650e-06,0.043705,8.621867e-06,8.284654e-01,560,1,0,1,1,1
006_mustard_bottle,s0_epi_mean_006_mustard_bottle_t4,complete_epi,0,0.871618,0.031973,2.997172e-06,1.446725e-05,1711,0.021315,4.191718e-06,0.042631,5.809519e-06,4.756659e-02,209,1,0,1,1,0
006_mustard_bottle,s0_epi_mean_006_mustard_bottle_t5,complete_epi,51,0.810275,0.032250,4.539803e-06,1.408941e-05,1583,0.021500,6.179530e-06,0.043000,6.241654e-06,2.228092e-01,288,1,0,1,1,1
006_mustard_bottle,s0_epi_mean_006_mustard_bottle_t6,complete_epi,149,0.804173,0.032707,9.607159e-06,3.095282e-05,2128,0.021805,7.323426e-06,0.043610,2.110531e-05,7.089039e-01,581,1,0,1,1,1
006_mustard_bottle,s0_epi_mean_006_mustard_bottle_t8,complete_epi,26,0.853816,0.031907,3.550970e-06,9.920878e-06,1789,0.021271,6.197293e-06,0.042542,4.602960e-06,4.241084e-01,340,1,0,1,1,1
006_mustard_bottle,s0_epi_mean_006_mustard_bottle_t9,complete_epi,194,0.806938,0.032193,8.835591e-06,3.807881e-05,2108,0.021462,9.017545e-06,0.042924,2.906040e-05,7.357451e-01,568,1,0,1,1,1
006_mustard_bottle,s0_epi_mean_006_mustard_bottle_t10,complete_epi,1,0.905627,0.032175,4.220607e-06,1.709373e-05,1923,0.021450,5.363771e-06,0.042899,7.807708e-06,2.380576e-01,265,1,0,1,1,1
006_mustard_bottle,s0_epi_mean_006_mustard_bottle_t11,complete_epi,596,0.817725,0.062317,8.392664e-05,1.744321e-04,12212,0.041545,2.765326e-05,0.083090,2.007285e-04,2.317408e-01,854,1,0,1,1,1
006_mustard_bottle,s0_epi_mean_006_mustard_bottle_t12,complete_epi,567,0.746844,0.032176,1.895178e-05,1.354518e-04,1836,0.021451,3.169696e-05,0.042901,4.015631e-05,9.897411e-01,634,1,0,1,1,1
006_mustard_bottle,s0_epi_mean_006_mustard_bottle_t13,complete_epi,146,0.806617,0.033081,4.997586e-06,1.922157e-05,2046,0.022054,9.780801e-06,0.044108,7.892199e-06,3.768685e-01,304,1,0,1,1,0
006_mustard_bottle,s0_epi_mean_006_mustard_bottle_t14,complete_epi,16,0.831892,0.032150,4.428409e-06,1.534399e-05,1585,0.021433,6.886298e-06,0.042866,6.245501e-06,4.400911e-01,244,1,0,1,1,1
006_mustard_bottle,s0_epi_mean_006_mustard_bottle_t16,complete_epi,351,0.762818,0.032043,8.867843e-06,4.760714e-05,2100,0.021362,9.368343e-06,0.042725,2.180998e-05,1.126492e+00,804,1,0,1,1,1
006_mustard_bottle,s0_epi_mean_006_mustard_bottle_t17,complete_epi,11,0.919606,0.030156,4.383565e-06,1.459165e-05,1556,0.020104,3.582245e-06,0.040208,4.973112e-06,4.838829e-01,414,1,0,1,1,1
006_mustard_bottle,s0_epi_mean_006_mustard_bottle_t18,complete_epi,13,0.875821,0.031346,7.138115e-06,3.239682e-05,1668,0.020897,8.300009e-06,0.041794,1.397150e-05,1.058444e+00,421,1,0,1,1,1
006_mustard_bottle,s0_epi_mean_006_mustard_bottle_t19,complete_epi,224,0.721319,0.031935,1.055928e-05,4.811627e-05,1870,0.021290,9.710081e-06,0.042581,2.867279e-05,1.108787e+00,868,1,0,1,1,1
006_mustard_bottle,s0_epi_mean_006_mustard_bottle_t20,complete_epi,522,0.784827,0.032683,1.082785e-05,5.568999e-05,1811,0.021789,1.285816e-05,0.043577,2.947430e-05,8.602214e-01,668,1,0,1,1,1
006_mustard_bottle,s0_epi_mean_006_mustard_bottle_t22,complete_epi,8,0.895937,0.032482,7.157547e-06,4.214993e-05,1843,0.021655,1.159621e-05,0.043310,1.450041e-05,7.049494e-01,490,1,0,1,1,1
006_mustard_bottle,s0_epi_mean_006_mustard_bottle_t23,complete_epi,0,0.887812,0.032419,2.879668e-06,1.250370e-05,1502,0.021613,4.527877e-06,0.043225,3.868652e-06,1.203494e-01,264,1,0,1,1,1
006_mustard_bottle,s0_epi_mean_006_mustard_bottle_t24,complete_epi,38,0.912130,0.018794,2.490449e-05,2.419885e-04,947,0.012530,5.772500e-05,0.025059,3.475409e-05,6.285099e-01,394,1,0,1,1,0
011_banana,s0_epi_mean_011_banana_t0,complete_epi,834,0.882943,0.032608,8.303993e-05,8.178968e-04,2201,0.021739,1.187270e-04,0.043477,1.063364e-04,9.254219e-01,470,1,0,1,1,1
011_banana,s0_epi_mean_011_banana_t1,complete_epi,1665,0.511902,0.031941,2.328883e-05,5.184329e-05,3461,0.021294,3.088031e-05,0.042588,7.624129e-05,7.455894e-01,672,1,0,1,1,1
011_banana,s0_epi_mean_011_banana_t2,complete_epi,1274,0.689929,0.034580,1.174501e-05,1.032592e-04,2846,0.023053,1.685164e-05,0.046107,2.558438e-05,7.311722e-01,561,1,0,1,1,0
011_banana,s0_epi_mean_011_banana_t3,complete_epi,1471,0.680621,0.032941,1.617918e-05,1.002001e-04,3200,0.021961,2.392455e-05,0.043921,3.887469e-05,6.551450e-01,363,1,0,1,1,0
011_banana,s0_epi_mean_011_banana_t4,complete_epi,1467,0.633360,0.030945,5.000129e-05,6.176691e-04,1361,0.020630,5.193871e-04,0.041260,5.669581e-05,2.024104e-01,271,1,0,1,1,0
011_banana,s0_epi_mean_011_banana_t5,complete_epi,1000,0.793740,0.032095,3.813556e-05,2.521571e-04,2259,0.021396,8.373248e-05,0.042793,6.430348e-05,1.017264e+00,760,1,0,1,1,1
011_banana,s0_epi_mean_011_banana_t6,complete_epi,1554,0.514554,0.031959,1.817243e-04,2.132088e-03,2071,0.021306,2.888697e-03,0.042611,3.007055e-04,1.013612e+00,490,1,0,1,1,0
011_banana,s0_epi_mean_011_banana_t7,complete_epi,531,0.905137,0.026131,1.387418e-05,1.030774e-04,1989,0.017421,2.137283e-05,0.034841,2.375490e-05,2.193392e+00,1512,1,0,1,1,1
011_banana,s0_epi_mean_011_banana_t8,complete_epi,1783,0.388797,0.031479,3.514768e-05,2.786760e-04,2169,0.020986,1.155582e-04,0.041972,4.803887e-05,6.594729e-01,516,1,0,1,1,1
011_banana,s0_epi_mean_011_banana_t9,complete_epi,662,0.849458,0.031668,1.276972e-05,8.111686e-05,3434,0.021112,8.366004e-06,0.042224,5.826895e-05,3.877084e-01,494,1,0,1,1,1
011_banana,s0_epi_mean_011_banana_t10,complete_epi,1668,0.421376,0.030640,1.061760e-04,9.370060e-04,1407,0.020427,8.839036e-04,0.040853,1.349216e-04,1.246063e+00,554,1,0,1,1,1
011_banana,s0_epi_mean_011_banana_t11,complete_epi,1561,0.550884,0.030676,2.735956e-05,2.534792e-04,1934,0.020451,4.759977e-05,0.040901,4.831298e-05,9.669374e-01,409,1,0,1,1,0
011_banana,s0_epi_mean_011_banana_t12,complete_epi,1908,0.145043,0.030996,3.930157e-05,3.956093e-04,2353,0.020664,6.702090e-05,0.041328,9.922206e-05,1.551006e+00,661,1,0,1,1,0
011_banana,s0_epi_mean_011_banana_t13,complete_epi,1115,0.809454,0.028798,4.183651e-05,2.240504e-04,2253,0.019199,1.774647e-04,0.038398,6.253656e-05,9.541959e-01,708,1,0,1,1,1
011_banana,s0_epi_mean_011_banana_t14,complete_epi,1608,0.528686,0.032055,7.979146e-05,8.946349e-04,2097,0.021370,5.595476e-04,0.042740,9.524446e-05,1.363412e+00,779,1,0,1,1,0
011_banana,s0_epi_mean_011_banana_t15,complete_epi,260,0.892106,0.032916,7.591623e-06,2.916328e-05,3544,0.021944,3.526076e-06,0.043888,2.356190e-05,5.823533e-01,636,1,0,1,1,0
011_banana,s0_epi_mean_011_banana_t16,complete_epi,1750,0.343886,0.031356,8.714923e-05,1.011147e-03,2202,0.020904,2.613155e-04,0.041807,2.252007e-04,6.235005e-01,400,1,0,1,1,0
011_banana,s0_epi_mean_011_banana_t17,complete_epi,1619,0.591734,0.031948,1.196205e-05,4.544933e-05,1833,0.021299,4.865455e-05,0.042598,2.574771e-05,9.938220e-01,883,1,0,1,1,1
011_banana,s0_epi_mean_011_banana_t18,complete_epi,1450,0.672485,0.031366,2.930888e-05,2.781111e-04,1209,0.020911,1.439089e-04,0.041821,3.523823e-05,3.768405e-01,366,1,0,1,1,0
011_banana,s0_epi_mean_011_banana_t19,complete_epi,1578,0.514280,0.032092,1.227019e-04,1.581720e-03,2132,0.021394,1.862055e-03,0.042789,2.310513e-04,9.510892e-01,749,1,0,1,1,0
011_banana,s0_epi_mean_011_banana_t20,complete_epi,1444,0.651606,0.031361,1.804370e-04,2.477041e-03,1503,0.020907,6.484706e-04,0.041814,2.864218e-04,2.256321e+00,598,1,0,1,1,0
011_banana,s0_epi_mean_011_banana_t21,complete_epi,1167,0.751305,0.032325,1.526650e-05,1.228210e-04,2656,0.021550,5.045555e-05,0.043099,2.462274e-05,5.773207e-01,617,1,0,1,1,1
011_banana,s0_epi_mean_011_banana_t22,complete_epi,1934,0.103064,0.030793,3.638422e-05,5.084209e-04,3251,0.020528,7.907906e-05,0.041057,9.004099e-05,1.151495e+00,693,1,0,1,1,1
011_banana,s0_epi_mean_011_banana_t23,complete_epi,859,0.827858,0.031539,4.708161e-05,1.522636e-04,2184,0.021026,3.770127e-04,0.042052,9.504399e-05,1.077461e+00,786,1,0,1,1,1
011_banana,s0_epi_mean_011_banana_t24,complete_epi,794,0.831231,0.031962,9.665038e-06,1.011261e-04,2251,0.021308,3.015948e-05,0.042616,1.647332e-05,7.782754e-01,654,1,0,1,1,0
025_mug,s0_hetero_patch_025_mug_t0,hetero_patch,48,0.934076,0.020684,5.130985e-06,1.927396e-05,608,0.013789,7.918027e-06,0.027579,5.373694e-06,2.469490e-01,193,1,0,1,1,1
025_mug,s0_hetero_patch_025_mug_t1,hetero_patch,37,0.932862,0.021165,5.851042e-06,1.674422e-05,441,0.014110,1.053219e-05,0.028220,5.263829e-06,3.848546e-01,182,1,0,1,1,1
025_mug,s0_hetero_patch_025_mug_t2,hetero_patch,81,0.920828,0.020333,1.170759e-06,1.976007e-06,525,0.013555,1.316766e-06,0.027110,1.127712e-06,1.418370e-01,190,1,0,1,1,1
025_mug,s0_hetero_patch_025_mug_t3,hetero_patch,33,0.898126,0.025548,1.421941e-04,3.211559e-04,611,0.017032,2.175049e-04,0.034065,9.717723e-05,6.528822e+00,856,1,0,1,1,0
025_mug,s0_hetero_patch_025_mug_t4,hetero_patch,41,0.934876,0.020139,1.490416e-06,2.354079e-06,873,0.013426,1.704661e-06,0.026851,1.408857e-06,1.903487e-01,211,1,0,1,1,0
025_mug,s0_hetero_patch_025_mug_t5,hetero_patch,133,0.812543,0.020145,1.452864e-06,2.159810e-06,886,0.013430,1.579921e-06,0.026861,1.374974e-06,1.526461e-01,184,1,0,1,1,1
025_mug,s0_hetero_patch_025_mug_t7,hetero_patch,81,0.792435,0.020497,3.207286e-06,1.075184e-05,623,0.013665,3.260934e-06,0.027330,2.879001e-06,9.005386e-02,113,1,0,1,1,1
025_mug,s0_hetero_patch_025_mug_t8,hetero_patch,67,0.908783,0.022365,5.450488e-06,1.899340e-05,738,0.014910,7.416951e-06,0.029820,3.865614e-06,6.329389e-01,400,1,0,1,1,1
025_mug,s0_hetero_patch_025_mug_t9,hetero_patch,115,0.921238,0.020698,5.316885e-06,1.114554e-05,601,0.013798,7.000808e-06,0.027597,4.802096e-06,3.395943e-01,157,1,0,1,1,1
025_mug,s0_hetero_patch_025_mug_t10,hetero_patch,3,0.935314,0.019777,3.797402e-06,5.365811e-06,845,0.013185,3.613218e-06,0.026369,3.660033e-06,4.019670e-01,243,1,0,1,1,1
025_mug,s0_hetero_patch_025_mug_t11,hetero_patch,50,0.912207,0.019775,2.766466e-06,4.065417e-06,826,0.013183,2.886451e-06,0.026366,2.611374e-06,4.167811e-01,298,1,0,1,1,1
025_mug,s0_hetero_patch_025_mug_t13,hetero_patch,73,0.915334,0.020828,2.866948e-06,5.244745e-06,429,0.013886,2.636717e-06,0.027771,2.973162e-06,4.252836e-01,315,1,0,1,1,1
025_mug,s0_hetero_patch_025_mug_t14,hetero_patch,4,0.951846,0.020422,1.256094e-06,3.779365e-06,1101,0.013615,1.428118e-06,0.027230,1.166722e-06,3.709839e-01,453,1,0,1,1,0
025_mug,s0_hetero_patch_025_mug_t15,hetero_patch,82,0.914734,0.021803,5.830187e-06,1.290634e-05,487,0.014535,5.726985e-06,0.029071,5.702502e-06,3.180455e-01,139,1,0,1,1,1
025_mug,s0_hetero_patch_025_mug_t16,hetero_patch,58,0.934145,0.021152,1.552923e-06,2.545885e-06,869,0.014101,1.659108e-06,0.028202,1.534884e-06,2.599214e-01,272,1,0,1,1,1
025_mug,s0_hetero_patch_025_mug_t17,hetero_patch,111,0.913297,0.023773,7.634331e-06,2.619795e-05,660,0.015849,8.277484e-06,0.031698,7.270583e-06,1.095882e-01,62,1,0,1,1,1
025_mug,s0_hetero_patch_025_mug_t18,hetero_patch,8,0.952130,0.021143,7.590970e-06,1.743801e-05,496,0.014096,9.809039e-06,0.028191,7.760025e-06,4.018829e-01,152,1,0,1,1,1
025_mug,s0_hetero_patch_025_mug_t19,hetero_patch,40,0.934829,0.020277,1.358511e-06,2.924788e-06,699,0.013518,1.449762e-06,0.027036,1.424113e-06,1.655678e-01,186,1,0,1,1,1
025_mug,s0_hetero_patch_025_mug_t20,hetero_patch,8,0.949022,0.020870,1.731575e-06,3.117700e-06,979,0.013913,1.795490e-06,0.027826,1.728773e-06,3.755999e-01,353,1,0,1,1,1
025_mug,s0_hetero_patch_025_mug_t21,hetero_patch,112,0.821274,0.020369,1.429535e-06,2.858861e-06,826,0.013579,1.139645e-06,0.027159,1.552580e-06,1.388137e-01,187,1,0,1,1,1
025_mug,s0_hetero_patch_025_mug_t23,hetero_patch,26,0.907312,0.020067,3.758999e-06,1.318527e-05,510,0.013378,3.840901e-06,0.026756,3.753199e-06,2.096074e-01,101,1,0,1,1,1
025_mug,s0_hetero_patch_025_mug_t24,hetero_patch,715,0.589112,0.020206,1.319103e-06,3.172405e-06,502,0.013471,1.547934e-06,0.026942,1.722864e-06,7.261393e-02,113,1,0,1,1,0
051_large_clamp,s0_hetero_patch_051_large_clamp_t0,hetero_patch,5,0.952298,0.031974,2.697593e-06,0.000000e+00,717,0.021316,2.759241e-06,0.042632,3.791701e-06,0.000000e+00,145,1,0,1,1,1
051_large_clamp,s0_hetero_patch_051_large_clamp_t1,hetero_patch,5,0.948669,0.031017,1.131009e-08,0.000000e+00,830,0.020678,0.000000e+00,0.041356,6.048359e-07,0.000000e+00,223,1,0,1,1,1
051_large_clamp,s0_hetero_patch_051_large_clamp_t2,hetero_patch,57,0.964102,0.032511,5.071351e-06,1.630905e-05,2595,0.021674,1.744606e-05,0.043347,5.877996e-06,1.382437e+00,967,1,0,1,1,1
051_large_clamp,s0_hetero_patch_051_large_clamp_t3,hetero_patch,600,0.848502,0.040377,1.438206e-04,6.910418e-04,1171,0.026918,3.175101e-04,0.053835,1.213550e-04,4.003488e-01,131,1,0,1,1,0
051_large_clamp,s0_hetero_patch_051_large_clamp_t4,hetero_patch,0,0.967885,0.030164,1.315122e-06,5.991736e-06,767,0.020109,0.000000e+00,0.040218,1.354143e-06,0.000000e+00,150,1,0,1,1,1
051_large_clamp,s0_hetero_patch_051_large_clamp_t5,hetero_patch,49,0.957969,0.032668,2.814174e-06,1.169002e-05,1435,0.021779,2.648776e-06,0.043557,3.512883e-06,7.981260e-02,220,1,0,1,1,0
051_large_clamp,s0_hetero_patch_051_large_clamp_t6,hetero_patch,20,0.945051,0.032063,0.000000e+00,0.000000e+00,682,0.021375,0.000000e+00,0.042750,3.190381e-08,0.000000e+00,153,1,0,1,1,0
051_large_clamp,s0_hetero_patch_051_large_clamp_t7,hetero_patch,1,0.960762,0.026168,2.352446e-06,8.420152e-06,3154,0.017445,1.972076e-06,0.034890,2.929104e-06,4.604234e-01,609,1,0,1,1,1
051_large_clamp,s0_hetero_patch_051_large_clamp_t8,hetero_patch,107,0.933489,0.031392,1.825621e-06,8.273252e-06,894,0.020928,8.646031e-07,0.041855,2.908540e-06,0.000000e+00,145,1,0,1,1,1
051_large_clamp,s0_hetero_patch_051_large_clamp_t9,hetero_patch,1844,0.539057,0.005548,5.008496e-07,2.102083e-06,970,0.003699,3.456234e-07,0.007398,5.807526e-07,2.339566e+00,3883,1,0,1,1,0
051_large_clamp,s0_hetero_patch_051_large_clamp_t10,hetero_patch,0,0.969206,0.030166,1.629858e-06,5.501953e-06,1051,0.020111,4.303856e-08,0.040222,1.709180e-06,0.000000e+00,149,1,0,1,1,1
051_large_clamp,s0_hetero_patch_051_large_clamp_t11,hetero_patch,1,0.967004,0.030099,7.552838e-07,4.332216e-06,639,0.020066,0.000000e+00,0.040132,1.322843e-06,0.000000e+00,148,1,0,1,1,0
051_large_clamp,s0_hetero_patch_051_large_clamp_t12,hetero_patch,19,0.950476,0.031447,1.424078e-05,5.031487e-05,1687,0.020965,5.754985e-05,0.041930,1.237661e-05,9.454053e-01,579,1,0,1,1,1
051_large_clamp,s0_hetero_patch_051_large_clamp_t13,hetero_patch,84,0.941884,0.032175,4.462593e-05,2.203218e-04,1173,0.021450,1.029539e-04,0.042900,2.879593e-05,9.014956e-01,632,1,0,1,1,1
051_large_clamp,s0_hetero_patch_051_large_clamp_t14,hetero_patch,2,0.965534,0.029537,1.833523e-06,5.490241e-06,1205,0.019691,1.847954e-06,0.039382,1.644018e-06,1.475824e-01,225,1,0,1,1,0
051_large_clamp,s0_hetero_patch_051_large_clamp_t15,hetero_patch,25,0.954168,0.031030,3.212161e-06,1.124143e-05,1168,0.020687,3.445782e-06,0.041374,5.313361e-06,4.142313e-03,138,1,0,1,1,1
051_large_clamp,s0_hetero_patch_051_large_clamp_t16,hetero_patch,13,0.952786,0.031743,4.436196e-06,9.121047e-06,979,0.021162,4.370602e-06,0.042324,6.522232e-06,0.000000e+00,144,1,0,1,1,1
051_large_clamp,s0_hetero_patch_051_large_clamp_t17,hetero_patch,10,0.966215,0.031006,3.444784e-07,2.242290e-06,1216,0.020670,0.000000e+00,0.041341,6.445670e-07,0.000000e+00,230,1,0,1,1,1
051_large_clamp,s0_hetero_patch_051_large_clamp_t18,hetero_patch,0,0.962748,0.029428,9.678539e-07,6.814397e-06,900,0.019619,2.021639e-06,0.039237,8.483062e-07,0.000000e+00,175,1,0,1,1,1
051_large_clamp,s0_hetero_patch_051_large_clamp_t19,hetero_patch,20,0.945412,0.031907,2.327474e-07,0.000000e+00,773,0.021272,0.000000e+00,0.042543,1.225196e-06,0.000000e+00,153,1,0,1,1,1
051_large_clamp,s0_hetero_patch_051_large_clamp_t20,hetero_patch,40,0.942746,0.032575,3.468473e-06,0.000000e+00,772,0.021716,1.379103e-06,0.043433,7.290461e-06,0.000000e+00,164,1,0,1,1,1
051_large_clamp,s0_hetero_patch_051_large_clamp_t21,hetero_patch,3,0.970801,0.029339,2.351326e-06,9.629187e-06,1845,0.019560,3.213152e-06,0.039119,2.332894e-06,1.763617e-01,284,1,0,1,1,1
051_large_clamp,s0_hetero_patch_051_large_clamp_t22,hetero_patch,102,0.933134,0.030908,0.000000e+00,0.000000e+00,630,0.020606,0.000000e+00,0.041211,0.000000e+00,0.000000e+00,155,1,0,1,1,0
051_large_clamp,s0_hetero_patch_051_large_clamp_t23,hetero_patch,0,0.974375,0.032378,3.407192e-06,8.459515e-06,1561,0.021585,3.269688e-06,0.043170,3.332836e-06,9.944417e-03,209,1,0,1,1,1
051_large_clamp,s0_hetero_patch_051_large_clamp_t24,hetero_patch,22,0.980758,0.027934,2.154630e-06,6.659821e-06,1627,0.018623,3.282094e-06,0.037245,2.728826e-06,1.493823e-01,295,1,0,1,1,1
022_windex_bottle,s0_duarte_mcd_022_windex_bottle_t0,duarte_mcd,269,0.833869,,,,,,,,,0.000000e+00,76,1,0,1,1,0
022_windex_bottle,s0_duarte_mcd_022_windex_bottle_t1,duarte_mcd,20,0.856132,,,,,,,,,3.315876e-01,264,1,0,1,1,0
022_windex_bottle,s0_duarte_mcd_022_windex_bottle_t2,duarte_mcd,14,0.911067,,,,,,,,,2.154248e-01,93,1,0,1,1,1
022_windex_bottle,s0_duarte_mcd_022_windex_bottle_t3,duarte_mcd,10,0.930938,,,,,,,,,4.539741e-01,550,1,0,1,1,0
022_windex_bottle,s0_duarte_mcd_022_windex_bottle_t4,duarte_mcd,52,0.939852,,,,,,,,,0.000000e+00,113,1,0,1,1,0
022_windex_bottle,s0_duarte_mcd_022_windex_bottle_t5,duarte_mcd,27,0.866225,,,,,,,,,5.402884e-02,50,1,0,1,1,0
022_windex_bottle,s0_duarte_mcd_022_windex_bottle_t6,duarte_mcd,82,0.899310,,,,,,,,,9.457087e-02,103,1,0,1,1,0
022_windex_bottle,s0_duarte_mcd_022_windex_bottle_t7,duarte_mcd,395,0.782634,,,,,,,,,5.225609e-01,168,1,0,1,1,0
022_windex_bottle,s0_duarte_mcd_022_windex_bottle_t8,duarte_mcd,139,0.896794,,,,,,,,,0.000000e+00,100,1,0,1,1,0
022_windex_bottle,s0_duarte_mcd_022_windex_bottle_t9,duarte_mcd,193,0.868307,,,,,,,,,9.561787e-01,607,1,0,1,1,1
022_windex_bottle,s0_duarte_mcd_022_windex_bottle_t10,duarte_mcd,58,0.928194,,,,,,,,,0.000000e+00,73,1,0,1,1,0
022_windex_bottle,s0_duarte_mcd_022_windex_bottle_t11,duarte_mcd,112,0.935078,,,,,,,,,0.000000e+00,83,1,0,1,1,0
022_windex_bottle,s0_duarte_mcd_022_windex_bottle_t12,duarte_mcd,6,0.946964,,,,,,,,,0.000000e+00,148,1,0,1,1,0
022_windex_bottle,s0_duarte_mcd_022_windex_bottle_t13,duarte_mcd,82,0.916582,,,,,,,,,0.000000e+00,108,1,0,1,1,0
022_windex_bottle,s0_duarte_mcd_022_windex_bottle_t14,duarte_mcd,88,0.927457,,,,,,,,,0.000000e+00,76,1,0,1,1,0
022_windex_bottle,s0_duarte_mcd_022_windex_bottle_t15,duarte_mcd,156,0.918490,,,,,,,,,8.546473e-01,565,1,0,1,1,0
022_windex_bottle,s0_duarte_mcd_022_windex_bottle_t16,duarte_mcd,118,0.875873,,,,,,,,,1.728694e-01,50,1,0,1,1,1
022_windex_bottle,s0_duarte_mcd_022_windex_bottle_t17,duarte_mcd,256,0.874711,,,,,,,,,3.887839e-01,317,1,0,1,1,0
022_windex_bottle,s0_duarte_mcd_022_windex_bottle_t18,duarte_mcd,57,0.953757,,,,,,,,,3.293951e-01,113,1,0,1,1,0
022_windex_bottle,s0_duarte_mcd_022_windex_bottle_t19,duarte_mcd,781,0.704515,,,,,,,,,8.139134e-02,32,1,0,1,1,0
022_windex_bottle,s0_duarte_mcd_022_windex_bottle_t20,duarte_mcd,170,0.880989,,,,,,,,,7.045256e-03,22,1,0,1,1,0
022_windex_bottle,s0_duarte_mcd_022_windex_bottle_t21,duarte_mcd,0,0.932579,,,,,,,,,1.173173e-01,243,1,0,1,1,1
022_windex_bottle,s0_duarte_mcd_022_windex_bottle_t22,duarte_mcd,0,0.953582,,,,,,,,,0.000000e+00,139,1,0,1,1,0
022_windex_bottle,s0_duarte_mcd_022_windex_bottle_t23,duarte_mcd,3,0.941831,,,,,,,,,3.116299e-01,159,1,0,1,1,1
022_windex_bottle,s0_duarte_mcd_022_windex_bottle_t24,duarte_mcd,9,0.946513,,,,,,,,,1.469855e-02,165,1,0,1,1,0
006_mustard_bottle,s1_partial_only_006_mustard_bottle_t0,partial_only,0,0.968856,,,,,,,,,,,1,0,1,1,1
006_mustard_bottle,s1_partial_only_006_mustard_bottle_t2,partial_only,199,0.919550,,,,,,,,,,,1,0,1,1,1
006_mustard_bottle,s1_partial_only_006_mustard_bottle_t4,partial_only,6,0.957535,,,,,,,,,,,1,0,1,1,1
006_mustard_bottle,s1_partial_only_006_mustard_bottle_t5,partial_only,91,0.926770,,,,,,,,,,,1,0,1,1,1
006_mustard_bottle,s1_partial_only_006_mustard_bottle_t6,partial_only,1,0.956398,,,,,,,,,,,1,0,1,1,1
006_mustard_bottle,s1_partial_only_006_mustard_bottle_t7,partial_only,0,0.960350,,,,,,,,,,,1,0,1,1,1
006_mustard_bottle,s1_partial_only_006_mustard_bottle_t8,partial_only,470,0.850736,,,,,,,,,,,1,0,1,1,1
006_mustard_bottle,s1_partial_only_006_mustard_bottle_t9,partial_only,66,0.903823,,,,,,,,,,,1,0,1,1,1
006_mustard_bottle,s1_partial_only_006_mustard_bottle_t10,partial_only,18,0.942650,,,,,,,,,,,1,0,1,1,1
006_mustard_bottle,s1_partial_only_006_mustard_bottle_t11,partial_only,34,0.937215,,,,,,,,,,,1,0,1,1,1
006_mustard_bottle,s1_partial_only_006_mustard_bottle_t12,partial_only,360,0.873023,,,,,,,,,,,1,0,1,1,1
006_mustard_bottle,s1_partial_only_006_mustard_bottle_t13,partial_only,0,0.956158,,,,,,,,,,,1,0,1,1,1
006_mustard_bottle,s1_partial_only_006_mustard_bottle_t14,partial_only,0,0.958001,,,,,,,,,,,1,0,1,1,1
006_mustard_bottle,s1_partial_only_006_mustard_bottle_t15,partial_only,0,0.951440,,,,,,,,,,,1,0,1,1,1
006_mustard_bottle,s1_partial_only_006_mustard_bottle_t16,partial_only,489,0.863896,,,,,,,,,,,1,0,1,1,0
006_mustard_bottle,s1_partial_only_006_mustard_bottle_t17,partial_only,6,0.935628,,,,,,,,,,,1,0,1,1,1
006_mustard_bottle,s1_partial_only_006_mustard_bottle_t19,partial_only,27,0.937115,,,,,,,,,,,1,0,1,1,1
006_mustard_bottle,s1_partial_only_006_mustard_bottle_t20,partial_only,10,0.946779,,,,,,,,,,,1,0,1,1,1
006_mustard_bottle,s1_partial_only_006_mustard_bottle_t21,partial_only,739,0.866639,,,,,,,,,,,1,0,1,1,0
006_mustard_bottle,s1_partial_only_006_mustard_bottle_t22,partial_only,0,0.967189,,,,,,,,,,,1,0,1,1,1
006_mustard_bottle,s1_partial_only_006_mustard_bottle_t23,partial_only,421,0.859982,,,,,,,,,,,1,0,1,1,1
006_mustard_bottle,s1_partial_only_006_mustard_bottle_t24,partial_only,0,0.957961,,,,,,,,,,,1,0,1,1,1
011_banana,s1_partial_only_011_banana_t0,partial_only,50,0.964218,,,,,,,,,,,1,0,1,1,0
011_banana,s1_partial_only_011_banana_t1,partial_only,370,0.944563,,,,,,,,,,,1,0,1,1,1
011_banana,s1_partial_only_011_banana_t2,partial_only,204,0.959022,,,,,,,,,,,1,0,1,1,1
011_banana,s1_partial_only_011_banana_t3,partial_only,14,0.981105,,,,,,,,,,,1,0,1,1,1
011_banana,s1_partial_only_011_banana_t4,partial_only,318,0.939646,,,,,,,,,,,1,0,1,1,1
011_banana,s1_partial_only_011_banana_t5,partial_only,77,0.963574,,,,,,,,,,,1,0,1,1,1
011_banana,s1_partial_only_011_banana_t6,partial_only,7,0.983240,,,,,,,,,,,1,0,1,1,1
011_banana,s1_partial_only_011_banana_t7,partial_only,438,0.927589,,,,,,,,,,,1,0,1,1,1
011_banana,s1_partial_only_011_banana_t8,partial_only,118,0.961333,,,,,,,,,,,1,0,1,1,1
011_banana,s1_partial_only_011_banana_t9,partial_only,123,0.979485,,,,,,,,,,,1,0,1,1,1
011_banana,s1_partial_only_011_banana_t10,partial_only,17,0.985223,,,,,,,,,,,1,0,1,1,1
011_banana,s1_partial_only_011_banana_t11,partial_only,81,0.956813,,,,,,,,,,,1,0,1,1,1
011_banana,s1_partial_only_011_banana_t12,partial_only,32,0.976833,,,,,,,,,,,1,0,1,1,1
011_banana,s1_partial_only_011_banana_t13,partial_only,337,0.957681,,,,,,,,,,,1,0,1,1,0
011_banana,s1_partial_only_011_banana_t14,partial_only,54,0.964934,,,,,,,,,,,1,0,1,1,0
011_banana,s1_partial_only_011_banana_t15,partial_only,270,0.947552,,,,,,,,,,,1,0,1,1,1
011_banana,s1_partial_only_011_banana_t16,partial_only,163,0.959640,,,,,,,,,,,1,0,1,1,1
011_banana,s1_partial_only_011_banana_t17,partial_only,35,0.974306,,,,,,,,,,,1,0,1,1,1
011_banana,s1_partial_only_011_banana_t18,partial_only,105,0.967365,,,,,,,,,,,1,0,1,1,0
011_banana,s1_partial_only_011_banana_t19,partial_only,3,0.983356,,,,,,,,,,,1,0,1,1,1
011_banana,s1_partial_only_011_banana_t20,partial_only,526,0.927493,,,,,,,,,,,1,0,1,1,1
011_banana,s1_partial_only_011_banana_t21,partial_only,77,0.966238,,,,,,,,,,,1,0,1,1,1
011_banana,s1_partial_only_011_banana_t22,partial_only,99,0.965638,,,,,,,,,,,1,0,1,1,1
011_banana,s1_partial_only_011_banana_t23,partial_only,67,0.965389,,,,,,,,,,,1,0,1,1,1
011_banana,s1_partial_only_011_banana_t24,partial_only,40,0.969746,,,,,,,,,,,1,0,1,1,1
025_mug,s1_complete_only_025_mug_t0,complete_only,60,0.892954,0.019955,2.481935e-06,6.005959e-06,642,0.013303,2.930850e-06,0.026607,2.674040e-06,2.039686e-01,163,1,0,1,1,1
025_mug,s1_complete_only_025_mug_t1,complete_only,25,0.891565,0.028075,6.188510e-06,1.793466e-05,369,0.018717,6.770259e-06,0.037434,5.146759e-06,1.192822e-01,81,1,0,1,1,0
025_mug,s1_complete_only_025_mug_t2,complete_only,29,0.933931,0.021176,1.948028e-05,6.972102e-05,580,0.014117,1.060990e-05,0.028234,1.945534e-05,3.793044e-01,170,1,0,1,1,1
025_mug,s1_complete_only_025_mug_t3,complete_only,25,0.919481,0.020381,4.568535e-05,2.491330e-04,639,0.013587,2.364471e-04,0.027174,2.670857e-05,4.536989e-01,242,1,0,1,1,1
025_mug,s1_complete_only_025_mug_t5,complete_only,21,0.844684,0.020346,1.932146e-06,7.900101e-06,261,0.013564,1.444980e-06,0.027129,5.568610e-06,1.881572e-01,167,1,0,1,1,1
025_mug,s1_complete_only_025_mug_t7,complete_only,24,0.939297,0.020314,4.070199e-06,1.394105e-05,766,0.013542,3.743088e-06,0.027085,4.848506e-06,3.199675e-01,250,1,0,1,1,1
025_mug,s1_complete_only_025_mug_t8,complete_only,27,0.938056,0.021487,1.622507e-06,2.901377e-06,765,0.014324,1.517092e-06,0.028649,1.675845e-06,1.841926e-01,204,1,0,1,1,0
025_mug,s1_complete_only_025_mug_t9,complete_only,72,0.932739,0.020885,1.171861e-06,2.263045e-06,728,0.013923,1.271077e-06,0.027846,1.249742e-06,1.833239e-01,215,1,0,1,1,0
025_mug,s1_complete_only_025_mug_t10,complete_only,22,0.937927,0.020808,1.428752e-06,2.418180e-06,1254,0.013872,1.467057e-06,0.027744,1.351149e-06,1.695828e-01,216,1,0,1,1,1
025_mug,s1_complete_only_025_mug_t11,complete_only,36,0.921650,0.020903,5.768967e-06,1.909585e-05,492,0.013936,6.634454e-06,0.027871,6.073424e-06,1.847632e-01,119,1,0,1,1,1
025_mug,s1_complete_only_025_mug_t12,complete_only,164,0.917356,0.021281,5.216369e-06,1.474794e-05,711,0.014188,4.368686e-06,0.028375,6.380871e-06,3.121432e-01,192,1,0,1,1,1
025_mug,s1_complete_only_025_mug_t13,complete_only,37,0.921927,0.020866,7.722586e-06,1.818176e-05,577,0.013910,7.095345e-06,0.027821,6.437808e-06,5.805280e-01,273,1,0,1,1,1
025_mug,s1_complete_only_025_mug_t14,complete_only,49,0.937908,0.019892,7.310150e-06,2.194089e-05,509,0.013261,8.909282e-06,0.026522,6.352453e-06,3.060900e-01,145,1,0,1,1,1
025_mug,s1_complete_only_025_mug_t15,complete_only,6,0.934908,0.019468,1.873477e-06,3.382492e-06,884,0.012979,1.746140e-06,0.025957,2.152297e-06,3.020960e-01,259,1,0,1,1,1
025_mug,s1_complete_only_025_mug_t17,complete_only,161,0.901889,0.019789,2.298347e-06,4.567789e-06,535,0.013193,2.188764e-06,0.026385,2.372322e-06,1.562704e-01,141,1,0,1,1,1
025_mug,s1_complete_only_025_mug_t18,complete_only,68,0.942036,0.023787,1.614846e-05,8.925777e-05,608,0.015858,1.278029e-05,0.031716,1.825844e-05,2.449683e-01,136,1,0,1,1,1
025_mug,s1_complete_only_025_mug_t20,complete_only,37,0.923151,0.023540,4.521845e-06,1.278020e-05,543,0.015694,3.319545e-06,0.031387,4.553377e-06,2.646740e-01,164,1,0,1,1,1
025_mug,s1_complete_only_025_mug_t21,complete_only,75,0.930265,0.020124,2.126770e-06,4.837144e-06,1060,0.013416,2.045923e-06,0.026832,3.380086e-06,4.454592e-01,332,1,0,1,1,1
025_mug,s1_complete_only_025_mug_t22,complete_only,141,0.901224,0.020098,3.065776e-06,5.286627e-06,861,0.013399,2.963165e-06,0.026797,3.069018e-06,2.379030e-01,168,1,0,1,1,1
025_mug,s1_complete_only_025_mug_t24,complete_only,70,0.914909,0.019945,2.055325e-06,3.905636e-06,603,0.013297,2.223703e-06,0.026594,2.115495e-06,5.447257e-02,70,1,0,1,1,1
051_large_clamp,s1_complete_only_051_large_clamp_t0,complete_only,1,0.962157,0.029898,9.723605e-07,4.145834e-06,956,0.019932,1.440447e-07,0.039864,1.134042e-06,0.000000e+00,162,1,0,1,1,0
051_large_clamp,s1_complete_only_051_large_clamp_t1,complete_only,1,0.970921,0.032394,2.317361e-05,1.192449e-04,1231,0.021596,2.204555e-05,0.043192,2.128111e-05,1.611192e-01,216,1,0,1,1,0
051_large_clamp,s1_complete_only_051_large_clamp_t2,complete_only,131,0.846693,0.011057,2.551795e-05,1.066724e-04,850,0.007372,3.217978e-05,0.014743,1.379079e-05,4.915766e+00,5015,1,0,1,1,0
051_large_clamp,s1_complete_only_051_large_clamp_t3,complete_only,50,0.943416,0.031459,1.181410e-07,0.000000e+00,662,0.020973,0.000000e+00,0.041946,1.901392e-06,0.000000e+00,137,1,0,1,1,1
051_large_clamp,s1_complete_only_051_large_clamp_t4,complete_only,8,0.954521,0.032543,2.880913e-06,6.400742e-06,954,0.021696,2.229392e-06,0.043391,3.945316e-06,9.677725e-02,201,1,0,1,1,1
051_large_clamp,s1_complete_only_051_large_clamp_t5,complete_only,1,0.962786,0.032531,2.166766e-05,1.184626e-04,1906,0.021687,5.122418e-05,0.043375,2.641540e-05,4.809765e-01,256,1,0,1,1,1
051_large_clamp,s1_complete_only_051_large_clamp_t6,complete_only,0,0.967728,0.029975,0.000000e+00,0.000000e+00,555,0.019983,0.000000e+00,0.039966,5.238036e-07,0.000000e+00,144,1,0,1,1,0
051_large_clamp,s1_complete_only_051_large_clamp_t7,complete_only,14,0.963088,0.032431,8.347659e-04,1.907067e-03,1244,0.021621,8.480365e-04,0.043242,1.381350e-04,5.495176e-01,278,1,0,1,1,1
051_large_clamp,s1_complete_only_051_large_clamp_t9,complete_only,0,0.971594,0.032008,2.258187e-06,3.825077e-06,839,0.021339,1.614076e-06,0.042677,2.960530e-06,0.000000e+00,158,1,0,1,1,1
051_large_clamp,s1_complete_only_051_large_clamp_t10,complete_only,0,0.959536,0.030187,4.145086e-06,1.384593e-05,1207,0.020125,3.030518e-06,0.040249,1.025507e-05,0.000000e+00,119,1,0,1,1,1
051_large_clamp,s1_complete_only_051_large_clamp_t11,complete_only,121,0.939281,0.022819,5.050291e-06,1.752139e-05,4603,0.015213,4.117917e-06,0.030426,4.276832e-06,2.700955e+00,2565,1,0,1,1,0
051_large_clamp,s1_complete_only_051_large_clamp_t12,complete_only,32,0.951063,0.030645,1.663398e-07,1.502039e-06,1238,0.020430,0.000000e+00,0.040860,9.815638e-07,0.000000e+00,216,1,0,1,1,1
051_large_clamp,s1_complete_only_051_large_clamp_t13,complete_only,1,0.958547,0.032039,5.269368e-06,1.696747e-05,947,0.021359,5.216081e-06,0.042718,8.066287e-06,0.000000e+00,152,1,0,1,1,1
051_large_clamp,s1_complete_only_051_large_clamp_t14,complete_only,0,0.952822,0.013700,4.413572e-05,1.973092e-04,1089,0.009133,5.336885e-05,0.018267,3.107084e-05,5.858023e+00,4019,1,0,1,1,0
051_large_clamp,s1_complete_only_051_large_clamp_t15,complete_only,24,0.961634,0.030139,4.293708e-06,1.038599e-05,1371,0.020093,2.540519e-06,0.040185,7.530038e-06,2.445756e-01,264,1,0,1,1,1
051_large_clamp,s1_complete_only_051_large_clamp_t16,complete_only,0,0.970949,0.032927,7.618679e-05,4.211718e-04,1107,0.021951,6.306710e-05,0.043903,2.484780e-05,4.309022e-01,294,1,0,1,1,1
051_large_clamp,s1_complete_only_051_large_clamp_t17,complete_only,68,0.933518,0.031813,0.000000e+00,0.000000e+00,655,0.021209,0.000000e+00,0.042418,7.289180e-07,0.000000e+00,147,1,0,1,1,1
051_large_clamp,s1_complete_only_051_large_clamp_t18,complete_only,23,0.972258,0.012666,7.766562e-05,3.257780e-04,537,0.008444,9.917297e-05,0.016888,4.578916e-05,2.905892e+00,1864,1,0,1,1,1
051_large_clamp,s1_complete_only_051_large_clamp_t19,complete_only,49,0.964052,0.030486,2.290775e-06,9.517570e-06,2422,0.020324,2.087393e-06,0.040648,2.883132e-06,4.030790e-01,392,1,0,1,1,0
051_large_clamp,s1_complete_only_051_large_clamp_t20,complete_only,20,0.942520,0.031501,1.105062e-05,3.254569e-05,1249,0.021001,2.477856e-05,0.042001,1.151854e-05,2.010125e-01,200,1,0,1,1,1
051_large_clamp,s1_complete_only_051_large_clamp_t21,complete_only,51,0.934660,0.031365,0.000000e+00,0.000000e+00,658,0.020910,0.000000e+00,0.041820,2.422907e-08,0.000000e+00,143,1,0,1,1,0
051_large_clamp,s1_complete_only_051_large_clamp_t22,complete_only,58,0.930219,0.031528,1.993279e-07,2.556953e-06,682,0.021019,0.000000e+00,0.042037,3.302887e-06,0.000000e+00,143,1,0,1,1,0
051_large_clamp,s1_complete_only_051_large_clamp_t23,complete_only,0,0.978630,0.026198,8.821798e-06,4.382336e-05,1988,0.017465,8.272935e-06,0.034931,1.115569e-05,2.832415e-01,387,1,0,1,1,1
051_large_clamp,s1_complete_only_051_large_clamp_t24,complete_only,115,0.924834,0.031685,0.000000e+00,0.000000e+00,611,0.021123,0.000000e+00,0.042246,8.251740e-07,0.000000e+00,144,1,0,1,1,0
022_windex_bottle,s1_epi_max_022_windex_bottle_t0,complete_epi,0,0.946255,0.044633,4.039670e-06,1.463156e-05,1474,0.029755,2.634935e-06,0.059510,4.376369e-05,0.000000e+00,82,1,0,1,1,0
022_windex_bottle,s1_epi_max_022_windex_bottle_t1,complete_epi,0,0.943130,0.039436,6.463731e-05,3.960898e-04,2596,0.026291,1.834012e-04,0.052581,6.138223e-05,9.644968e-01,517,1,0,1,1,0
022_windex_bottle,s1_epi_max_022_windex_bottle_t2,complete_epi,25,0.907142,0.040876,4.662837e-06,1.305860e-05,5542,0.027251,2.421010e-06,0.054502,7.807492e-06,1.395863e+00,1050,1,0,1,1,0
022_windex_bottle,s1_epi_max_022_windex_bottle_t3,complete_epi,0,0.953767,0.042361,5.167854e-05,4.600843e-04,1498,0.028241,1.699058e-05,0.056482,1.378824e-04,3.023215e-01,243,1,0,1,1,0
022_windex_bottle,s1_epi_max_022_windex_bottle_t4,complete_epi,1,0.942910,0.042772,1.403052e-04,8.398034e-04,608,0.028515,1.544849e-04,0.057029,1.298168e-04,1.822969e-01,117,1,0,1,1,0
022_windex_bottle,s1_epi_max_022_windex_bottle_t5,complete_epi,11,0.924300,0.040957,5.253696e-05,2.356087e-04,1249,0.027305,2.627584e-05,0.054610,8.568770e-05,1.918282e-01,174,1,0,1,1,0
022_windex_bottle,s1_epi_max_022_windex_bottle_t6,complete_epi,0,0.957332,0.045099,3.503128e-05,4.486599e-05,1974,0.030066,1.032979e-05,0.060132,1.133412e-04,1.112794e+00,616,1,0,1,1,0
022_windex_bottle,s1_epi_max_022_windex_bottle_t7,complete_epi,4,0.903959,0.038691,3.310234e-05,1.574837e-04,2764,0.025794,8.279190e-05,0.051588,3.511010e-05,9.997307e-01,499,1,0,1,1,0
022_windex_bottle,s1_epi_max_022_windex_bottle_t8,complete_epi,518,0.773089,0.041260,7.126544e-06,1.761699e-05,5022,0.027506,4.002127e-06,0.055013,9.313533e-06,5.483647e-01,452,1,0,1,1,0
022_windex_bottle,s1_epi_max_022_windex_bottle_t9,complete_epi,132,0.876997,0.044389,6.577246e-06,1.987832e-05,4343,0.029593,3.861961e-06,0.059185,1.421601e-05,8.732994e-01,516,1,0,1,1,1
022_windex_bottle,s1_epi_max_022_windex_bottle_t10,complete_epi,0,0.929846,0.045014,2.293163e-05,1.011881e-04,2121,0.030010,1.299453e-05,0.060019,8.180960e-05,6.450579e-01,258,1,0,1,1,0
022_windex_bottle,s1_epi_max_022_windex_bottle_t11,complete_epi,27,0.904323,0.029272,3.185742e-06,5.021819e-06,1380,0.019514,1.818525e-06,0.039029,8.422558e-06,2.052951e-01,275,1,0,1,1,0
022_windex_bottle,s1_epi_max_022_windex_bottle_t12,complete_epi,1151,0.528847,0.038269,4.467105e-05,1.945785e-04,2265,0.025512,4.237642e-05,0.051025,4.196226e-05,1.067561e+00,417,1,0,1,1,0
022_windex_bottle,s1_epi_max_022_windex_bottle_t13,complete_epi,454,0.881863,0.044213,1.695736e-05,4.604536e-05,6390,0.029475,9.082634e-06,0.058951,2.882983e-05,3.343037e-01,159,1,0,1,1,1
022_windex_bottle,s1_epi_max_022_windex_bottle_t14,complete_epi,14,0.939634,0.044447,2.275856e-05,4.751954e-05,1296,0.029632,3.244893e-06,0.059263,5.886844e-05,0.000000e+00,98,1,0,1,1,0
022_windex_bottle,s1_epi_max_022_windex_bottle_t15,complete_epi,0,0.957200,0.041727,4.182269e-05,1.549297e-04,1341,0.027818,2.511342e-05,0.055636,9.110746e-05,2.229248e-01,121,1,0,1,1,0
022_windex_bottle,s1_epi_max_022_windex_bottle_t16,complete_epi,489,0.742706,0.040447,4.602401e-04,2.654166e-03,2691,0.026964,6.388480e-04,0.053929,4.463947e-04,1.668576e+00,608,1,0,1,1,0
022_windex_bottle,s1_epi_max_022_windex_bottle_t17,complete_epi,0,0.955847,0.042270,2.646446e-05,9.972144e-05,1061,0.028180,2.186608e-05,0.056360,5.265082e-05,6.474976e-02,134,1,0,1,1,0
022_windex_bottle,s1_epi_max_022_windex_bottle_t18,complete_epi,764,0.768178,0.040223,1.898802e-05,1.078532e-04,4907,0.026815,8.848645e-06,0.053630,2.019521e-05,1.344123e+00,867,1,0,1,1,0
022_windex_bottle,s1_epi_max_022_windex_bottle_t19,complete_epi,2,0.948791,0.042211,1.194571e-05,6.839755e-05,1767,0.028141,1.030183e-05,0.056282,2.681334e-05,7.517019e-01,427,1,0,1,1,0
022_windex_bottle,s1_epi_max_022_windex_bottle_t20,complete_epi,3,0.954811,0.040251,2.995409e-05,1.415880e-04,1742,0.026834,3.316969e-05,0.053668,7.128848e-05,3.857612e-01,108,1,0,1,1,0
022_windex_bottle,s1_epi_max_022_windex_bottle_t21,complete_epi,3,0.953129,0.041619,1.049889e-05,6.967377e-05,1220,0.027746,8.635622e-06,0.055492,3.140344e-05,5.009236e-01,350,1,0,1,1,0
022_windex_bottle,s1_epi_max_022_windex_bottle_t22,complete_epi,4,0.950632,0.043073,1.845620e-05,1.158563e-04,1159,0.028715,4.483514e-06,0.057430,8.651316e-05,4.958382e-01,332,1,0,1,1,0
022_windex_bottle,s1_epi_max_022_windex_bottle_t23,complete_epi,603,0.750592,0.038737,1.079424e-04,6.127682e-04,2155,0.025825,3.044975e-05,0.051649,1.292958e-04,8.158022e-01,440,1,0,1,1,0
022_windex_bottle,s1_epi_max_022_windex_bottle_t24,complete_epi,1,0.939430,0.043378,1.485711e-05,8.039002e-05,1278,0.028918,1.645332e-05,0.057837,3.906314e-05,1.458934e-01,188,1,0,1,1,0
006_mustard_bottle,s1_epi_mean_006_mustard_bottle_t0,complete_epi,0,0.871648,0.031806,4.732723e-06,2.100830e-05,2020,0.021204,6.606880e-06,0.042408,9.421121e-06,1.152734e-01,194,1,0,1,1,0
006_mustard_bottle,s1_epi_mean_006_mustard_bottle_t1,complete_epi,0,0.849075,0.031674,3.761338e-06,1.762404e-05,1233,0.021116,6.738449e-06,0.042233,6.173218e-06,2.386587e-01,237,1,0,1,1,1
006_mustard_bottle,s1_epi_mean_006_mustard_bottle_t2,complete_epi,11,0.952678,0.028965,1.743491e-05,1.330359e-04,1868,0.019310,3.102528e-05,0.038620,3.221968e-05,8.745024e-01,755,1,0,1,1,1
006_mustard_bottle,s1_epi_mean_006_mustard_bottle_t3,complete_epi,1,0.868512,0.031703,4.176071e-06,1.261717e-05,1738,0.021135,8.018733e-06,0.042271,5.683099e-06,4.901919e-01,342,1,0,1,1,0
006_mustard_bottle,s1_epi_mean_006_mustard_bottle_t4,complete_epi,0,0.844955,0.032151,3.745400e-06,1.211274e-05,1503,0.021434,6.034685e-06,0.042868,5.562073e-06,6.571616e-01,501,1,0,1,1,1
006_mustard_bottle,s1_epi_mean_006_mustard_bottle_t5,complete_epi,44,0.814014,0.032497,5.454782e-06,2.479555e-05,2033,0.021665,6.213624e-06,0.043330,1.866356e-05,6.219349e-01,644,1,0,1,1,1
006_mustard_bottle,s1_epi_mean_006_mustard_bottle_t6,complete_epi,64,0.954164,0.016449,1.634327e-05,1.154314e-04,1594,0.010966,3.591599e-05,0.021932,1.854641e-05,2.827886e+00,1417,1,0,1,1,1
006_mustard_bottle,s1_epi_mean_006_mustard_bottle_t7,complete_epi,1188,0.252258,0.041611,3.411811e-06,2.044354e-05,3137,0.027741,3.425339e-06,0.055482,7.065791e-06,3.563656e-01,292,1,0,1,1,0
006_mustard_bottle,s1_epi_mean_006_mustard_bottle_t8,complete_epi,5,0.942557,0.029738,1.960970e-06,6.188199e-06,1637,0.019825,1.897810e-06,0.039650,2.504753e-06,1.818702e-01,496,1,0,1,1,1
006_mustard_bottle,s1_epi_mean_006_mustard_bottle_t9,complete_epi,260,0.846134,0.063592,2.067482e-04,1.688682e-03,12035,0.042395,2.468211e-04,0.084789,4.946836e-04,4.665679e+00,1309,1,0,1,1,0
006_mustard_bottle,s1_epi_mean_006_mustard_bottle_t10,complete_epi,25,0.887097,0.032030,3.744308e-06,1.885029e-05,1592,0.021353,6.801452e-06,0.042707,5.235798e-06,5.118828e-01,332,1,0,1,1,1
006_mustard_bottle,s1_epi_mean_006_mustard_bottle_t11,complete_epi,5,0.866490,0.031878,3.790053e-06,1.103139e-05,1754,0.021252,6.545004e-06,0.042503,5.205819e-06,7.892937e-01,564,1,0,1,1,1
006_mustard_bottle,s1_epi_mean_006_mustard_bottle_t12,complete_epi,0,0.920359,0.030738,3.364492e-06,1.503548e-05,1974,0.020492,3.289267e-06,0.040984,4.177603e-06,2.506257e-01,593,1,0,1,1,1
006_mustard_bottle,s1_epi_mean_006_mustard_bottle_t13,complete_epi,288,0.800906,0.032258,8.006535e-06,4.671120e-05,1974,0.021505,1.134968e-05,0.043010,1.803047e-05,7.368243e-01,571,1,0,1,1,1
006_mustard_bottle,s1_epi_mean_006_mustard_bottle_t14,complete_epi,914,0.732045,0.057857,4.482187e-04,3.178917e-03,3608,0.038572,4.163089e-04,0.077143,4.656835e-04,2.667226e+00,125,1,0,1,1,0
006_mustard_bottle,s1_epi_mean_006_mustard_bottle_t15,complete_epi,162,0.833377,0.032871,7.196876e-06,3.341387e-05,2043,0.021914,9.895083e-06,0.043827,1.229855e-05,2.670090e-01,252,1,0,1,1,1
006_mustard_bottle,s1_epi_mean_006_mustard_bottle_t16,complete_epi,3,0.871560,0.031664,6.422360e-06,2.812518e-05,1583,0.021109,1.075751e-05,0.042219,1.034261e-05,6.094556e-01,276,1,0,1,1,1
006_mustard_bottle,s1_epi_mean_006_mustard_bottle_t17,complete_epi,0,0.916080,0.033119,5.999534e-06,2.473681e-05,2053,0.022079,1.179619e-05,0.044158,1.222296e-05,6.765700e-01,427,1,0,1,1,1
006_mustard_bottle,s1_epi_mean_006_mustard_bottle_t18,complete_epi,34,0.965718,0.012935,2.230782e-05,2.724651e-04,1952,0.008623,6.295916e-05,0.017247,4.800179e-05,4.025528e+00,3675,1,0,1,1,1
006_mustard_bottle,s1_epi_mean_006_mustard_bottle_t19,complete_epi,0,0.912227,0.031759,2.907033e-06,9.540257e-06,1779,0.021172,4.554362e-06,0.042345,3.876963e-06,7.508329e-01,517,1,0,1,1,1
006_mustard_bottle,s1_epi_mean_006_mustard_bottle_t20,complete_epi,0,0.917345,0.032300,4.004738e-06,1.258204e-05,1579,0.021533,6.330813e-06,0.043066,6.055421e-06,6.308741e-01,476,1,0,1,1,1
006_mustard_bottle,s1_epi_mean_006_mustard_bottle_t21,complete_epi,1,0.966725,0.016852,1.202628e-04,5.159130e-04,2261,0.011234,2.490458e-04,0.022469,1.877719e-04,6.416242e+00,1415,1,0,1,1,0
006_mustard_bottle,s1_epi_mean_006_mustard_bottle_t22,complete_epi,0,0.876310,0.033123,4.409185e-06,1.900863e-05,2354,0.022082,7.065164e-06,0.044164,9.184816e-06,4.325188e-01,309,1,0,1,1,1
006_mustard_bottle,s1_epi_mean_006_mustard_bottle_t23,complete_epi,11,0.949163,0.028931,1.959603e-06,5.138647e-06,1693,0.019287,1.957952e-06,0.038575,2.289668e-06,1.665286e-01,536,1,0,1,1,1
006_mustard_bottle,s1_epi_mean_006_mustard_bottle_t24,complete_epi,0,0.924276,0.032906,4.077830e-06,2.445513e-05,1745,0.021937,1.336089e-05,0.043875,5.900178e-06,2.302795e-01,224,1,0,1,1,1
011_banana,s1_epi_mean_011_banana_t0,complete_epi,1436,0.630690,0.032232,2.801156e-05,2.970477e-04,2140,0.021488,8.124545e-05,0.042976,4.878462e-05,1.061270e+00,472,1,0,1,1,0
011_banana,s1_epi_mean_011_banana_t1,complete_epi,758,0.865392,0.031789,2.000781e-05,9.637030e-05,2472,0.021193,2.996607e-05,0.042386,5.005283e-05,8.974076e-01,601,1,0,1,1,1
011_banana,s1_epi_mean_011_banana_t2,complete_epi,1284,0.746800,0.031389,5.069404e-05,5.003646e-04,1270,0.020926,2.232850e-04,0.041852,3.905784e-05,4.129857e-01,340,1,0,1,1,0
011_banana,s1_epi_mean_011_banana_t3,complete_epi,1908,0.187088,0.031615,3.312446e-05,3.311581e-04,1281,0.021077,1.189794e-04,0.042154,6.660971e-05,5.915887e-01,445,1,0,1,1,1
011_banana,s1_epi_mean_011_banana_t4,complete_epi,682,0.857049,0.032251,2.852384e-05,2.017347e-04,2673,0.021500,3.474383e-05,0.043001,8.302239e-05,8.283602e-01,586,1,0,1,1,0
011_banana,s1_epi_mean_011_banana_t5,complete_epi,1901,0.123785,0.032206,6.924821e-05,7.679974e-04,1498,0.021471,9.731816e-05,0.042941,1.527279e-04,8.596095e-01,356,1,0,1,1,0
011_banana,s1_epi_mean_011_banana_t6,complete_epi,1927,0.077263,0.032909,1.264320e-05,1.001484e-04,4436,0.021939,9.081866e-06,0.043878,3.067364e-05,1.218661e-01,138,1,0,1,1,0
011_banana,s1_epi_mean_011_banana_t7,complete_epi,1007,0.817475,0.031256,6.738449e-05,5.025096e-04,1592,0.020837,7.645005e-04,0.041675,1.021982e-04,5.362697e-01,412,1,0,1,1,0
011_banana,s1_epi_mean_011_banana_t8,complete_epi,830,0.846897,0.031482,1.286937e-05,1.025017e-04,2272,0.020988,4.992322e-05,0.041976,1.273398e-05,9.071797e-01,779,1,0,1,1,1
011_banana,s1_epi_mean_011_banana_t9,complete_epi,1592,0.481894,0.032232,1.726116e-04,2.180817e-03,2712,0.021488,1.038448e-03,0.042976,2.980937e-04,1.122118e+00,479,1,0,1,1,0
011_banana,s1_epi_mean_011_banana_t10,complete_epi,1806,0.249195,0.032946,7.264209e-06,5.759282e-05,2334,0.021964,2.160543e-05,0.043928,9.493827e-06,9.041603e-01,551,1,0,1,1,0
011_banana,s1_epi_mean_011_banana_t11,complete_epi,718,0.839157,0.032451,4.100319e-06,2.741647e-05,3379,0.021634,5.018033e-06,0.043268,1.128526e-05,2.414503e-01,289,1,0,1,1,0
011_banana,s1_epi_mean_011_banana_t12,complete_epi,1299,0.715431,0.031805,3.282308e-05,5.581725e-05,2775,0.021204,7.498277e-05,0.042407,6.903114e-05,7.601729e-01,664,1,0,1,1,0
011_banana,s1_epi_mean_011_banana_t13,complete_epi,1390,0.651536,0.031123,1.939778e-04,2.235085e-03,1566,0.020749,1.242634e-03,0.041498,2.909438e-04,3.138775e+00,643,1,0,1,1,0
011_banana,s1_epi_mean_011_banana_t14,complete_epi,1405,0.645136,0.032061,7.771946e-05,9.318456e-04,1404,0.021374,5.433112e-04,0.042748,9.346148e-05,5.407688e-01,221,1,0,1,1,0
011_banana,s1_epi_mean_011_banana_t15,complete_epi,1468,0.582910,0.030735,1.688056e-04,1.287693e-03,1602,0.020490,4.919323e-04,0.040981,2.149274e-04,2.033837e+00,727,1,0,1,1,1
011_banana,s1_epi_mean_011_banana_t16,complete_epi,1003,0.761647,0.032654,3.184805e-05,3.177193e-04,2740,0.021769,8.951103e-05,0.043538,5.664696e-05,1.034534e+00,635,1,0,1,1,1
011_banana,s1_epi_mean_011_banana_t17,complete_epi,1893,0.123567,0.032000,1.823886e-04,1.552680e-03,1193,0.021334,4.564748e-04,0.042667,1.936866e-04,8.766070e-01,390,1,0,1,1,1
011_banana,s1_epi_mean_011_banana_t18,complete_epi,167,0.950525,0.033042,5.527957e-05,4.894887e-04,2148,0.022028,2.665673e-04,0.044056,6.602880e-05,1.112431e+00,942,1,0,1,1,0
011_banana,s1_epi_mean_011_banana_t19,complete_epi,1730,0.456405,0.032072,3.261394e-06,2.039716e-05,2331,0.021382,3.815386e-06,0.042763,6.082992e-06,1.661282e-01,290,1,0,1,1,1
011_banana,s1_epi_mean_011_banana_t20,complete_epi,1269,0.720388,0.032941,2.097503e-05,2.441303e-04,3217,0.021961,2.660902e-05,0.043921,4.902562e-05,5.247751e-01,485,1,0,1,1,0
011_banana,s1_epi_mean_011_banana_t21,complete_epi,1810,0.345924,0.031607,5.604907e-05,4.693917e-04,2258,0.021071,1.573356e-04,0.042143,9.452253e-05,1.563051e+00,688,1,0,1,1,0
011_banana,s1_epi_mean_011_banana_t22,complete_epi,1926,0.095092,0.031752,2.050119e-04,1.619173e-03,2298,0.021168,4.753301e-04,0.042336,2.659298e-04,8.071984e-01,578,1,0,1,1,1
011_banana,s1_epi_mean_011_banana_t23,complete_epi,1416,0.599492,0.031851,2.162674e-05,1.782630e-04,2648,0.021234,7.451757e-05,0.042468,3.034992e-05,1.607995e+00,1150,1,0,1,1,1
011_banana,s1_epi_mean_011_banana_t24,complete_epi,1957,0.039397,0.031685,1.122779e-05,8.248256e-05,3052,0.021123,1.007357e-05,0.042247,4.289807e-05,5.273165e-01,553,1,0,1,1,0
025_mug,s1_hetero_patch_025_mug_t0,hetero_patch,113,0.886604,0.019955,1.184013e-06,2.777976e-06,778,0.013303,1.383965e-06,0.026607,1.192915e-06,1.562682e-01,215,1,0,1,1,1
025_mug,s1_hetero_patch_025_mug_t1,hetero_patch,40,0.915911,0.020161,2.312847e-06,6.793358e-06,815,0.013440,2.049936e-06,0.026881,2.989273e-06,3.078720e-01,190,1,0,1,1,1
025_mug,s1_hetero_patch_025_mug_t2,hetero_patch,1266,0.328931,0.040961,1.515173e-05,6.042199e-05,3832,0.027307,1.491602e-05,0.054615,1.737177e-05,2.402202e+00,1000,1,0,1,1,0
025_mug,s1_hetero_patch_025_mug_t3,hetero_patch,47,0.919933,0.020286,6.234128e-06,2.931356e-05,806,0.013524,1.867048e-05,0.027048,6.392900e-06,4.562231e-01,306,1,0,1,1,1
025_mug,s1_hetero_patch_025_mug_t4,hetero_patch,24,0.931972,0.021420,4.719107e-06,1.299358e-05,398,0.014280,4.600132e-06,0.028560,5.210216e-06,1.895760e-01,102,1,0,1,1,1
025_mug,s1_hetero_patch_025_mug_t5,hetero_patch,838,0.415948,0.020249,2.171035e-06,7.696094e-06,471,0.013499,2.775705e-06,0.026998,1.762117e-06,4.475269e-01,334,1,0,1,1,0
025_mug,s1_hetero_patch_025_mug_t6,hetero_patch,133,0.919155,0.020565,1.862160e-06,3.680133e-06,831,0.013710,1.890308e-06,0.027420,2.551257e-06,1.840234e-01,199,1,0,1,1,1
025_mug,s1_hetero_patch_025_mug_t7,hetero_patch,187,0.909480,0.017600,5.342114e-05,1.362258e-04,581,0.011733,7.899653e-05,0.023466,3.957775e-05,6.604595e-01,667,1,0,1,1,0
025_mug,s1_hetero_patch_025_mug_t8,hetero_patch,151,0.922821,0.024692,7.287708e-06,2.248506e-05,674,0.016462,7.466408e-06,0.032923,7.723832e-06,2.743164e-01,121,1,0,1,1,1
025_mug,s1_hetero_patch_025_mug_t9,hetero_patch,19,0.968147,0.014921,9.652121e-06,1.629469e-05,848,0.009947,1.154810e-05,0.019895,7.872930e-06,1.502826e+00,1597,1,0,1,1,0
025_mug,s1_hetero_patch_025_mug_t10,hetero_patch,49,0.928218,0.020602,3.301717e-06,5.787053e-06,528,0.013735,3.337521e-06,0.027470,3.561582e-06,3.792192e-01,234,1,0,1,1,1
025_mug,s1_hetero_patch_025_mug_t11,hetero_patch,18,0.936029,0.026233,3.777139e-06,1.431573e-05,949,0.017489,6.209051e-06,0.034977,4.609348e-06,3.888643e-01,217,1,0,1,1,1
025_mug,s1_hetero_patch_025_mug_t12,hetero_patch,94,0.924824,0.021708,8.711647e-06,2.479773e-05,527,0.014472,1.041099e-05,0.028944,7.770254e-06,2.207353e-01,110,1,0,1,1,1
025_mug,s1_hetero_patch_025_mug_t13,hetero_patch,17,0.943980,0.020860,7.168632e-06,1.978235e-05,929,0.013907,7.365109e-06,0.027814,6.783327e-06,5.186966e-01,248,1,0,1,1,1
025_mug,s1_hetero_patch_025_mug_t15,hetero_patch,274,0.852928,0.019644,1.542872e-06,2.987808e-06,643,0.013096,1.964420e-06,0.026192,1.414325e-06,2.166710e-01,232,1,0,1,1,1
025_mug,s1_hetero_patch_025_mug_t16,hetero_patch,290,0.768717,0.020626,1.588485e-06,4.638907e-06,516,0.013751,1.004487e-06,0.027501,1.730395e-06,1.652226e-01,217,1,0,1,1,0
025_mug,s1_hetero_patch_025_mug_t17,hetero_patch,99,0.914181,0.019789,1.577104e-06,2.475044e-06,522,0.013193,1.731042e-06,0.026385,1.487775e-06,3.271247e-01,368,1,0,1,1,1
025_mug,s1_hetero_patch_025_mug_t18,hetero_patch,116,0.928055,0.024858,1.493955e-06,2.769917e-06,1057,0.016572,1.442443e-06,0.033145,1.460039e-06,2.485776e-01,252,1,0,1,1,1
025_mug,s1_hetero_patch_025_mug_t19,hetero_patch,117,0.902076,0.021298,1.837146e-05,8.009759e-05,502,0.014199,1.806296e-05,0.028397,1.752899e-05,5.386891e-01,298,1,0,1,1,1
025_mug,s1_hetero_patch_025_mug_t21,hetero_patch,55,0.919139,0.020479,1.307737e-06,2.292208e-06,899,0.013652,1.359518e-06,0.027305,1.215319e-06,1.795577e-02,113,1,0,1,1,1
025_mug,s1_hetero_patch_025_mug_t22,hetero_patch,208,0.883434,0.020104,3.945280e-06,5.451305e-06,1040,0.013402,3.871749e-06,0.026805,3.838160e-06,4.756273e-01,278,1,0,1,1,1
025_mug,s1_hetero_patch_025_mug_t23,hetero_patch,60,0.903880,0.020361,3.705609e-06,1.802254e-05,346,0.013574,1.934355e-06,0.027148,3.303865e-06,1.894645e-01,175,1,0,1,1,1
025_mug,s1_hetero_patch_025_mug_t24,hetero_patch,151,0.910531,0.019791,1.220326e-06,2.058159e-06,1261,0.013194,1.227376e-06,0.026388,1.208020e-06,2.449646e-01,309,1,0,1,1,1
051_large_clamp,s1_hetero_patch_051_large_clamp_t0,hetero_patch,0,0.965007,0.029898,1.001044e-06,5.520080e-06,598,0.019932,0.000000e+00,0.039864,1.282711e-06,0.000000e+00,155,1,0,1,1,0
051_large_clamp,s1_hetero_patch_051_large_clamp_t1,hetero_patch,4,0.967544,0.032394,5.271265e-05,4.117363e-04,933,0.021596,2.238598e-04,0.043193,3.231068e-05,3.634777e-01,297,1,0,1,1,1
051_large_clamp,s1_hetero_patch_051_large_clamp_t2,hetero_patch,59,0.924799,0.026054,1.844209e-06,5.261273e-06,4454,0.017369,1.495353e-06,0.034738,1.841493e-06,2.247895e+00,2635,1,0,1,1,0
051_large_clamp,s1_hetero_patch_051_large_clamp_t3,hetero_patch,70,0.938062,0.031445,9.029096e-09,0.000000e+00,630,0.020964,0.000000e+00,0.041927,1.270509e-06,0.000000e+00,134,1,0,1,1,0
051_large_clamp,s1_hetero_patch_051_large_clamp_t4,hetero_patch,5,0.948914,0.032051,2.770887e-06,6.927826e-06,2806,0.021367,3.966136e-06,0.042734,3.198737e-06,1.672243e-01,208,1,0,1,1,1
051_large_clamp,s1_hetero_patch_051_large_clamp_t5,hetero_patch,15,0.958413,0.032432,2.911088e-06,1.533978e-05,1740,0.021621,3.118206e-06,0.043243,4.170910e-06,5.446879e-01,454,1,0,1,1,1
051_large_clamp,s1_hetero_patch_051_large_clamp_t6,hetero_patch,26,0.960732,0.029827,3.302505e-07,1.853431e-06,657,0.019884,0.000000e+00,0.039769,1.100041e-06,0.000000e+00,138,1,0,1,1,0
051_large_clamp,s1_hetero_patch_051_large_clamp_t7,hetero_patch,0,0.978166,0.032427,4.047925e-05,3.146692e-04,1265,0.021618,5.289746e-05,0.043236,1.693862e-05,2.164260e-01,235,1,0,1,1,0
051_large_clamp,s1_hetero_patch_051_large_clamp_t8,hetero_patch,8,0.959856,0.031323,6.121189e-07,3.015492e-06,1443,0.020882,4.815233e-07,0.041764,5.748032e-07,0.000000e+00,233,1,0,1,1,1
051_large_clamp,s1_hetero_patch_051_large_clamp_t9,hetero_patch,0,0.965305,0.039837,8.081746e-07,6.406389e-06,870,0.026558,0.000000e+00,0.053116,1.823507e-06,0.000000e+00,165,1,0,1,1,0
051_large_clamp,s1_hetero_patch_051_large_clamp_t10,hetero_patch,39,0.959565,0.030167,7.844985e-06,2.779560e-05,3132,0.020111,8.904201e-06,0.040223,6.552903e-06,1.317274e+00,873,1,0,1,1,1
051_large_clamp,s1_hetero_patch_051_large_clamp_t11,hetero_patch,251,0.799718,0.045966,6.275622e-06,2.229533e-05,3019,0.030644,6.086640e-06,0.061289,9.775700e-06,8.472396e-03,44,1,0,1,1,0
051_large_clamp,s1_hetero_patch_051_large_clamp_t12,hetero_patch,18,0.960005,0.030656,1.953143e-07,1.810296e-06,1221,0.020438,0.000000e+00,0.040875,6.642346e-07,0.000000e+00,221,1,0,1,1,1
051_large_clamp,s1_hetero_patch_051_large_clamp_t13,hetero_patch,40,0.942954,0.031913,1.063863e-07,0.000000e+00,773,0.021275,0.000000e+00,0.042550,8.278881e-07,0.000000e+00,169,1,0,1,1,1
051_large_clamp,s1_hetero_patch_051_large_clamp_t14,hetero_patch,0,0.955510,0.029532,1.512000e-06,4.410501e-06,1355,0.019688,1.937263e-06,0.039376,1.603615e-06,2.471019e-01,296,1,0,1,1,1
051_large_clamp,s1_hetero_patch_051_large_clamp_t15,hetero_patch,28,0.961979,0.030107,4.105783e-06,1.240051e-05,1257,0.020071,8.523157e-07,0.040142,8.224773e-06,5.993261e-02,175,1,0,1,1,1
051_large_clamp,s1_hetero_patch_051_large_clamp_t16,hetero_patch,8,0.967779,0.032943,3.053912e-06,8.996625e-06,1313,0.021962,6.155595e-06,0.043924,2.522001e-06,1.291887e-01,222,1,0,1,1,1
051_large_clamp,s1_hetero_patch_051_large_clamp_t17,hetero_patch,67,0.927895,0.032170,0.000000e+00,0.000000e+00,575,0.021447,0.000000e+00,0.042893,0.000000e+00,0.000000e+00,151,1,0,1,1,1
051_large_clamp,s1_hetero_patch_051_large_clamp_t18,hetero_patch,63,0.940047,0.031885,7.860889e-07,3.379009e-06,1581,0.021257,8.984018e-07,0.042513,1.331157e-06,1.177114e-01,283,1,0,1,1,0
051_large_clamp,s1_hetero_patch_051_large_clamp_t19,hetero_patch,46,0.957160,0.030510,1.993743e-06,5.050115e-06,2417,0.020340,2.324556e-06,0.040680,2.421667e-06,6.455235e-01,589,1,0,1,1,1
051_large_clamp,s1_hetero_patch_051_large_clamp_t20,hetero_patch,6,0.961394,0.031705,4.603030e-06,1.848639e-05,1057,0.021136,4.369831e-06,0.042273,5.556350e-06,2.037905e-01,186,1,0,1,1,1
051_large_clamp,s1_hetero_patch_051_large_clamp_t21,hetero_patch,48,0.937239,0.031718,0.000000e+00,0.000000e+00,632,0.021146,0.000000e+00,0.042291,4.040802e-07,0.000000e+00,146,1,0,1,1,0
051_large_clamp,s1_hetero_patch_051_large_clamp_t22,hetero_patch,74,0.932134,0.031566,0.000000e+00,0.000000e+00,655,0.021044,0.000000e+00,0.042088,2.139049e-06,0.000000e+00,150,1,0,1,1,1
051_large_clamp,s1_hetero_patch_051_large_clamp_t23,hetero_patch,0,0.972711,0.026001,4.126345e-06,2.211679e-05,1695,0.017334,5.498028e-06,0.034668,3.804526e-06,2.779281e-01,385,1,0,1,1,1
051_large_clamp,s1_hetero_patch_051_large_clamp_t24,hetero_patch,200,0.915571,0.031681,3.535167e-08,0.000000e+00,687,0.021121,0.000000e+00,0.042241,1.260186e-06,0.000000e+00,140,1,0,1,1,0
022_windex_bottle,s1_duarte_mcd_022_windex_bottle_t0,duarte_mcd,120,0.911756,,,,,,,,,0.000000e+00,59,1,0,1,1,0
022_windex_bottle,s1_duarte_mcd_022_windex_bottle_t1,duarte_mcd,11,0.913895,,,,,,,,,3.684647e-01,180,1,0,1,1,1
022_windex_bottle,s1_duarte_mcd_022_windex_bottle_t2,duarte_mcd,1345,0.419950,,,,,,,,,1.088948e-01,42,1,0,1,1,0
022_windex_bottle,s1_duarte_mcd_022_windex_bottle_t3,duarte_mcd,14,0.956219,,,,,,,,,0.000000e+00,52,1,0,1,1,0
022_windex_bottle,s1_duarte_mcd_022_windex_bottle_t4,duarte_mcd,0,0.919609,,,,,,,,,0.000000e+00,95,1,0,1,1,0
022_windex_bottle,s1_duarte_mcd_022_windex_bottle_t5,duarte_mcd,95,0.896965,,,,,,,,,0.000000e+00,104,1,0,1,1,0
022_windex_bottle,s1_duarte_mcd_022_windex_bottle_t6,duarte_mcd,1,0.954326,,,,,,,,,6.583645e-02,126,1,0,1,1,0
022_windex_bottle,s1_duarte_mcd_022_windex_bottle_t7,duarte_mcd,2,0.912676,,,,,,,,,1.298080e-01,45,1,0,1,1,0
022_windex_bottle,s1_duarte_mcd_022_windex_bottle_t8,duarte_mcd,410,0.860890,,,,,,,,,1.521489e-01,44,1,0,1,1,0
022_windex_bottle,s1_duarte_mcd_022_windex_bottle_t9,duarte_mcd,50,0.924628,,,,,,,,,0.000000e+00,57,1,0,1,1,0
022_windex_bottle,s1_duarte_mcd_022_windex_bottle_t10,duarte_mcd,72,0.905358,,,,,,,,,1.807749e-01,183,1,0,1,1,0
022_windex_bottle,s1_duarte_mcd_022_windex_bottle_t11,duarte_mcd,81,0.893598,,,,,,,,,1.228483e-01,270,1,0,1,1,0
022_windex_bottle,s1_duarte_mcd_022_windex_bottle_t12,duarte_mcd,1058,0.555650,,,,,,,,,6.591561e-01,454,1,0,1,1,0
022_windex_bottle,s1_duarte_mcd_022_windex_bottle_t13,duarte_mcd,344,0.876786,,,,,,,,,2.422202e-02,72,1,0,1,1,0
022_windex_bottle,s1_duarte_mcd_022_windex_bottle_t14,duarte_mcd,157,0.912373,,,,,,,,,0.000000e+00,98,1,0,1,1,0
022_windex_bottle,s1_duarte_mcd_022_windex_bottle_t15,duarte_mcd,17,0.955152,,,,,,,,,0.000000e+00,144,1,0,1,1,0
022_windex_bottle,s1_duarte_mcd_022_windex_bottle_t16,duarte_mcd,162,0.838552,,,,,,,,,2.916687e-01,228,1,0,1,1,0
022_windex_bottle,s1_duarte_mcd_022_windex_bottle_t17,duarte_mcd,33,0.913157,,,,,,,,,3.213638e-03,38,1,0,1,1,0
022_windex_bottle,s1_duarte_mcd_022_windex_bottle_t18,duarte_mcd,141,0.899622,,,,,,,,,1.644274e-01,120,1,0,1,1,0
022_windex_bottle,s1_duarte_mcd_022_windex_bottle_t19,duarte_mcd,19,0.935990,,,,,,,,,0.000000e+00,72,1,0,1,1,0
022_windex_bottle,s1_duarte_mcd_022_windex_bottle_t20,duarte_mcd,43,0.855295,,,,,,,,,8.940003e-02,58,1,0,1,1,0
022_windex_bottle,s1_duarte_mcd_022_windex_bottle_t21,duarte_mcd,331,0.873347,,,,,,,,,0.000000e+00,47,1,0,1,1,0
022_windex_bottle,s1_duarte_mcd_022_windex_bottle_t22,duarte_mcd,6,0.944164,,,,,,,,,0.000000e+00,58,1,0,1,1,0
022_windex_bottle,s1_duarte_mcd_022_windex_bottle_t23,duarte_mcd,40,0.897397,,,,,,,,,3.273759e-01,155,1,0,1,1,0
022_windex_bottle,s1_duarte_mcd_022_windex_bottle_t24,duarte_mcd,6,0.945862,,,,,,,,,0.000000e+00,132,1,0,1,1,0
006_mustard_bottle,s2_partial_only_006_mustard_bottle_t0,partial_only,173,0.901011,,,,,,,,,,,1,0,1,1,1
006_mustard_bottle,s2_partial_only_006_mustard_bottle_t1,partial_only,0,0.833484,,,,,,,,,,,0,0,1,1,
006_mustard_bottle,s2_partial_only_006_mustard_bottle_t2,partial_only,407,0.862048,,,,,,,,,,,1,0,1,1,1
006_mustard_bottle,s2_partial_only_006_mustard_bottle_t3,partial_only,4,0.947075,,,,,,,,,,,1,0,1,1,1
006_mustard_bottle,s2_partial_only_006_mustard_bottle_t4,partial_only,415,0.874984,,,,,,,,,,,1,0,1,1,1
006_mustard_bottle,s2_partial_only_006_mustard_bottle_t5,partial_only,98,0.931996,,,,,,,,,,,1,0,1,1,1
006_mustard_bottle,s2_partial_only_006_mustard_bottle_t6,partial_only,33,0.939610,,,,,,,,,,,1,0,1,1,1
006_mustard_bottle,s2_partial_only_006_mustard_bottle_t7,partial_only,0,0.883063,,,,,,,,,,,0,0,1,1,
006_mustard_bottle,s2_partial_only_006_mustard_bottle_t8,partial_only,6,0.954869,,,,,,,,,,,1,0,1,1,1
006_mustard_bottle,s2_partial_only_006_mustard_bottle_t9,partial_only,185,0.916353,,,,,,,,,,,1,0,1,1,1
006_mustard_bottle,s2_partial_only_006_mustard_bottle_t10,partial_only,56,0.937777,,,,,,,,,,,1,0,1,1,1
006_mustard_bottle,s2_partial_only_006_mustard_bottle_t11,partial_only,0,0.962389,,,,,,,,,,,1,0,1,1,1
006_mustard_bottle,s2_partial_only_006_mustard_bottle_t12,partial_only,274,0.897399,,,,,,,,,,,1,0,1,1,1
006_mustard_bottle,s2_partial_only_006_mustard_bottle_t13,partial_only,22,0.939287,,,,,,,,,,,1,0,1,1,1
006_mustard_bottle,s2_partial_only_006_mustard_bottle_t15,partial_only,100,0.926625,,,,,,,,,,,1,0,1,1,1
006_mustard_bottle,s2_partial_only_006_mustard_bottle_t16,partial_only,109,0.919125,,,,,,,,,,,1,0,1,1,0
006_mustard_bottle,s2_partial_only_006_mustard_bottle_t17,partial_only,5,0.960602,,,,,,,,,,,1,0,1,1,1
006_mustard_bottle,s2_partial_only_006_mustard_bottle_t18,partial_only,1,0.954240,,,,,,,,,,,1,0,1,1,1
006_mustard_bottle,s2_partial_only_006_mustard_bottle_t19,partial_only,7,0.946804,,,,,,,,,,,1,0,1,1,1
006_mustard_bottle,s2_partial_only_006_mustard_bottle_t20,partial_only,111,0.920823,,,,,,,,,,,1,0,1,1,1
006_mustard_bottle,s2_partial_only_006_mustard_bottle_t21,partial_only,6,0.929130,,,,,,,,,,,1,0,1,1,1
006_mustard_bottle,s2_partial_only_006_mustard_bottle_t22,partial_only,0,0.926165,,,,,,,,,,,0,0,1,1,
006_mustard_bottle,s2_partial_only_006_mustard_bottle_t23,partial_only,27,0.941909,,,,,,,,,,,1,0,1,1,1
006_mustard_bottle,s2_partial_only_006_mustard_bottle_t24,partial_only,243,0.902248,,,,,,,,,,,1,0,1,1,1
011_banana,s2_partial_only_011_banana_t0,partial_only,155,0.970368,,,,,,,,,,,1,0,1,1,1
011_banana,s2_partial_only_011_banana_t1,partial_only,169,0.959800,,,,,,,,,,,1,0,1,1,1
011_banana,s2_partial_only_011_banana_t2,partial_only,72,0.969002,,,,,,,,,,,1,0,1,1,1
011_banana,s2_partial_only_011_banana_t3,partial_only,397,0.948658,,,,,,,,,,,1,0,1,1,1
011_banana,s2_partial_only_011_banana_t4,partial_only,128,0.966514,,,,,,,,,,,1,0,1,1,1
011_banana,s2_partial_only_011_banana_t5,partial_only,122,0.964348,,,,,,,,,,,1,0,1,1,1
011_banana,s2_partial_only_011_banana_t6,partial_only,269,0.954178,,,,,,,,,,,1,0,1,1,0
011_banana,s2_partial_only_011_banana_t7,partial_only,4,0.987474,,,,,,,,,,,1,0,1,1,1
011_banana,s2_partial_only_011_banana_t8,partial_only,101,0.963901,,,,,,,,,,,1,0,1,1,1
011_banana,s2_partial_only_011_banana_t9,partial_only,55,0.975627,,,,,,,,,,,1,0,1,1,1
011_banana,s2_partial_only_011_banana_t10,partial_only,86,0.963602,,,,,,,,,,,1,0,1,1,1
011_banana,s2_partial_only_011_banana_t11,partial_only,83,0.966962,,,,,,,,,,,1,0,1,1,1
011_banana,s2_partial_only_011_banana_t12,partial_only,121,0.965893,,,,,,,,,,,1,0,1,1,1
011_banana,s2_partial_only_011_banana_t13,partial_only,481,0.939856,,,,,,,,,,,1,0,1,1,0
011_banana,s2_partial_only_011_banana_t14,partial_only,154,0.966684,,,,,,,,,,,1,0,1,1,1
011_banana,s2_partial_only_011_banana_t15,partial_only,279,0.944651,,,,,,,,,,,1,0,1,1,1
011_banana,s2_partial_only_011_banana_t16,partial_only,30,0.975094,,,,,,,,,,,1,0,1,1,1
011_banana,s2_partial_only_011_banana_t17,partial_only,317,0.948030,,,,,,,,,,,1,0,1,1,1
011_banana,s2_partial_only_011_banana_t18,partial_only,145,0.953326,,,,,,,,,,,1,0,1,1,1
011_banana,s2_partial_only_011_banana_t19,partial_only,21,0.982915,,,,,,,,,,,1,0,1,1,1
011_banana,s2_partial_only_011_banana_t20,partial_only,157,0.963500,,,,,,,,,,,1,0,1,1,1
011_banana,s2_partial_only_011_banana_t21,partial_only,138,0.957739,,,,,,,,,,,1,0,1,1,1
011_banana,s2_partial_only_011_banana_t22,partial_only,2,0.984046,,,,,,,,,,,1,0,1,1,1
011_banana,s2_partial_only_011_banana_t23,partial_only,117,0.964027,,,,,,,,,,,1,0,1,1,1
011_banana,s2_partial_only_011_banana_t24,partial_only,299,0.957532,,,,,,,,,,,1,0,1,1,1
025_mug,s2_complete_only_025_mug_t0,complete_only,46,0.927265,0.020731,1.042846e-06,1.916107e-06,660,0.013821,1.038226e-06,0.027641,1.120132e-06,2.173954e-01,266,1,0,1,1,1
025_mug,s2_complete_only_025_mug_t1,complete_only,38,0.937571,0.020496,3.700195e-05,1.683162e-04,440,0.013664,1.038993e-04,0.027328,2.644769e-05,4.482400e-01,99,1,0,1,1,1
025_mug,s2_complete_only_025_mug_t3,complete_only,5,0.953536,0.022020,1.648306e-05,2.622887e-05,465,0.014680,1.833270e-05,0.029360,2.103854e-05,1.692226e-01,112,1,0,1,1,1
025_mug,s2_complete_only_025_mug_t5,complete_only,33,0.947521,0.020731,1.079877e-06,1.753384e-06,785,0.013820,1.028787e-06,0.027641,1.127024e-06,2.253495e-01,258,1,0,1,1,1
025_mug,s2_complete_only_025_mug_t6,complete_only,56,0.924783,0.024290,4.466530e-06,2.097075e-05,556,0.016193,3.580534e-06,0.032387,4.634980e-06,2.084807e-01,130,1,0,1,1,0
025_mug,s2_complete_only_025_mug_t7,complete_only,56,0.922397,0.022337,3.900775e-05,1.966824e-04,609,0.014891,3.614573e-05,0.029782,2.783879e-05,8.280168e-01,409,1,0,1,1,1
025_mug,s2_complete_only_025_mug_t8,complete_only,22,0.938289,0.020793,5.988304e-05,3.243175e-04,348,0.013862,1.689706e-04,0.027724,3.176115e-05,6.638214e-01,176,1,0,1,1,1
025_mug,s2_complete_only_025_mug_t9,complete_only,135,0.926307,0.021181,9.733027e-06,2.130121e-05,528,0.014121,1.037908e-05,0.028241,9.765549e-06,2.613586e-01,138,1,0,1,1,1
025_mug,s2_complete_only_025_mug_t10,complete_only,30,0.933856,0.019544,2.363227e-06,4.254528e-06,938,0.013029,2.216961e-06,0.026058,2.459886e-06,3.835930e-01,306,1,0,1,1,1
025_mug,s2_complete_only_025_mug_t11,complete_only,170,0.900497,0.019742,1.742891e-06,3.631831e-06,767,0.013161,1.966958e-06,0.026322,2.190312e-06,2.210906e-01,224,1,0,1,1,1
025_mug,s2_complete_only_025_mug_t12,complete_only,136,0.929373,0.024553,2.716576e-05,1.646430e-04,609,0.016369,1.390137e-05,0.032737,2.759973e-05,3.292683e-01,141,1,0,1,1,1
025_mug,s2_complete_only_025_mug_t13,complete_only,3,0.934835,0.027032,4.258228e-06,3.715183e-06,1408,0.018022,1.771520e-06,0.036043,5.840029e-06,3.790169e-01,282,1,0,1,1,1
025_mug,s2_complete_only_025_mug_t14,complete_only,14,0.940847,0.020983,6.743677e-05,3.093869e-04,340,0.013989,1.411749e-04,0.027978,3.501346e-05,5.283824e-01,131,1,0,1,1,1
025_mug,s2_complete_only_025_mug_t15,complete_only,22,0.911910,0.019976,2.371837e-06,4.943088e-06,634,0.013317,2.571092e-06,0.026634,2.310090e-06,1.685853e-01,161,1,0,1,1,1
025_mug,s2_complete_only_025_mug_t16,complete_only,541,0.872399,0.022645,1.060329e-03,2.049073e-03,760,0.015097,1.116336e-03,0.030194,1.022192e-03,9.166064e+00,477,1,0,1,1,0
025_mug,s2_complete_only_025_mug_t17,complete_only,131,0.896836,0.019561,1.303301e-06,2.360277e-06,452,0.013041,1.341551e-06,0.026082,1.243220e-06,2.263737e-01,270,1,0,1,1,1
025_mug,s2_complete_only_025_mug_t19,complete_only,81,0.912295,0.020413,3.091276e-05,1.533910e-04,517,0.013609,3.930104e-05,0.027218,2.401761e-05,2.591328e-01,202,1,0,1,1,1
025_mug,s2_complete_only_025_mug_t21,complete_only,21,0.938086,0.019942,1.779814e-05,6.326209e-05,644,0.013295,2.512981e-05,0.026590,1.747301e-05,6.028181e-01,245,1,0,1,1,1
025_mug,s2_complete_only_025_mug_t22,complete_only,109,0.909764,0.022098,3.101366e-05,1.968046e-04,735,0.014732,4.446975e-05,0.029464,2.281523e-05,3.840416e-01,172,1,0,1,1,1
025_mug,s2_complete_only_025_mug_t23,complete_only,19,0.939559,0.020423,2.429893e-05,7.480399e-05,498,0.013616,5.621783e-05,0.027231,2.361978e-05,6.028409e-01,129,1,0,1,1,1
025_mug,s2_complete_only_025_mug_t24,complete_only,94,0.921568,0.022944,1.294366e-06,2.031325e-06,956,0.015296,1.352144e-06,0.030592,1.322894e-06,2.975442e-01,314,1,0,1,1,1
051_large_clamp,s2_complete_only_051_large_clamp_t0,complete_only,0,0.959950,0.030638,1.528574e-07,1.283278e-06,995,0.020425,0.000000e+00,0.040851,1.033132e-07,0.000000e+00,207,1,0,1,1,1
051_large_clamp,s2_complete_only_051_large_clamp_t1,complete_only,0,0.969459,0.029125,0.000000e+00,0.000000e+00,621,0.019417,0.000000e+00,0.038834,0.000000e+00,0.000000e+00,165,1,0,1,1,0
051_large_clamp,s2_complete_only_051_large_clamp_t2,complete_only,11,0.969959,0.033752,3.147240e-06,1.290367e-05,1813,0.022502,2.047903e-06,0.045003,5.775180e-06,1.235561e-01,277,1,0,1,1,1
051_large_clamp,s2_complete_only_051_large_clamp_t3,complete_only,10,0.945515,0.031823,3.070749e-05,1.249471e-04,1645,0.021215,3.975144e-05,0.042431,3.980127e-05,1.369957e+00,761,1,0,1,1,1
051_large_clamp,s2_complete_only_051_large_clamp_t5,complete_only,2,0.963970,0.031792,7.931796e-08,0.000000e+00,776,0.021195,0.000000e+00,0.042390,2.885270e-06,0.000000e+00,162,1,0,1,1,1
051_large_clamp,s2_complete_only_051_large_clamp_t6,complete_only,23,0.950068,0.030830,3.076298e-05,1.464482e-04,2260,0.020553,3.534312e-05,0.041107,1.856917e-05,1.209719e+00,634,1,0,1,1,1
051_large_clamp,s2_complete_only_051_large_clamp_t7,complete_only,5,0.904741,0.041610,2.287912e-05,6.019581e-05,2772,0.027740,1.915752e-05,0.055480,1.467672e-05,1.305111e+00,634,1,0,1,1,0
051_large_clamp,s2_complete_only_051_large_clamp_t8,complete_only,0,0.967318,0.029328,0.000000e+00,0.000000e+00,642,0.019552,0.000000e+00,0.039104,0.000000e+00,0.000000e+00,174,1,0,1,1,0
051_large_clamp,s2_complete_only_051_large_clamp_t9,complete_only,1,0.948026,0.030810,1.668234e-07,1.240949e-06,1040,0.020540,3.308819e-07,0.041080,4.051607e-07,0.000000e+00,242,1,0,1,1,1
051_large_clamp,s2_complete_only_051_large_clamp_t10,complete_only,93,0.937187,0.030997,0.000000e+00,0.000000e+00,598,0.020665,0.000000e+00,0.041329,1.435228e-07,0.000000e+00,160,1,0,1,1,0
051_large_clamp,s2_complete_only_051_large_clamp_t11,complete_only,98,0.922682,0.031559,0.000000e+00,0.000000e+00,653,0.021039,0.000000e+00,0.042079,6.414574e-07,0.000000e+00,155,1,0,1,1,0
051_large_clamp,s2_complete_only_051_large_clamp_t12,complete_only,0,0.961381,0.031369,4.204299e-07,2.993274e-06,1316,0.020913,0.000000e+00,0.041826,3.962192e-07,0.000000e+00,238,1,0,1,1,1
051_large_clamp,s2_complete_only_051_large_clamp_t13,complete_only,12,0.952215,0.032306,1.361088e-05,4.652904e-05,1822,0.021537,2.399757e-05,0.043074,1.444756e-05,5.182282e-02,156,1,0,1,1,1
051_large_clamp,s2_complete_only_051_large_clamp_t14,complete_only,0,0.962905,0.029044,7.314850e-07,3.793337e-06,737,0.019363,3.307147e-08,0.038726,9.079659e-07,0.000000e+00,142,1,0,1,1,0
051_large_clamp,s2_complete_only_051_large_clamp_t15,complete_only,0,0.965143,0.045879,3.156350e-05,1.409409e-04,8662,0.030586,1.683040e-05,0.061172,4.392200e-05,1.659104e+00,1130,1,0,1,1,1
051_large_clamp,s2_complete_only_051_large_clamp_t16,complete_only,0,0.978926,0.031682,2.376342e-06,1.209307e-05,2445,0.021122,1.127494e-06,0.042243,4.695359e-06,1.806269e-01,331,1,0,1,1,0
051_large_clamp,s2_complete_only_051_large_clamp_t17,complete_only,217,0.928782,0.030441,0.000000e+00,0.000000e+00,735,0.020294,0.000000e+00,0.040588,8.363616e-07,0.000000e+00,159,1,0,1,1,1
051_large_clamp,s2_complete_only_051_large_clamp_t18,complete_only,24,0.964063,0.032306,5.498499e-04,2.325820e-03,594,0.021537,1.484892e-03,0.043075,4.441051e-05,5.694729e-01,290,1,0,1,1,0
051_large_clamp,s2_complete_only_051_large_clamp_t19,complete_only,39,0.962796,0.030076,2.483535e-06,7.051763e-06,2162,0.020051,3.108965e-06,0.040101,3.066653e-06,7.057818e-01,587,1,0,1,1,1
051_large_clamp,s2_complete_only_051_large_clamp_t20,complete_only,3,0.966094,0.032492,8.166084e-05,3.535104e-04,1174,0.021661,1.445377e-04,0.043323,4.989632e-05,2.141856e-01,231,1,0,1,1,0
051_large_clamp,s2_complete_only_051_large_clamp_t21,complete_only,0,0.967320,0.029972,1.225465e-06,3.994297e-06,794,0.019981,1.532344e-06,0.039963,9.408306e-07,0.000000e+00,145,1,0,1,1,1
051_large_clamp,s2_complete_only_051_large_clamp_t22,complete_only,38,0.950301,0.030606,4.519950e-05,2.919741e-04,2348,0.020404,7.474024e-05,0.040808,1.736585e-05,9.921053e-01,525,1,0,1,1,1
051_large_clamp,s2_complete_only_051_large_clamp_t23,complete_only,0,0.969658,0.028827,0.000000e+00,0.000000e+00,630,0.019218,0.000000e+00,0.038436,0.000000e+00,0.000000e+00,166,1,0,1,1,1
051_large_clamp,s2_complete_only_051_large_clamp_t24,complete_only,0,0.970524,0.030348,1.636827e-04,2.907519e-04,521,0.020232,2.095070e-03,0.040464,6.623178e-05,7.558746e-01,298,1,0,1,1,0
022_windex_bottle,s2_epi_max_022_windex_bottle_t0,complete_epi,1272,0.450003,0.038365,1.601371e-04,9.156217e-04,2617,0.025577,1.448780e-03,0.051154,2.486596e-04,1.347459e+00,784,1,0,1,1,0
022_windex_bottle,s2_epi_max_022_windex_bottle_t1,complete_epi,13,0.949960,0.045657,1.348924e-05,4.955026e-05,5192,0.030438,6.757432e-06,0.060876,1.858272e-05,3.663539e-01,254,1,0,1,1,0
022_windex_bottle,s2_epi_max_022_windex_bottle_t2,complete_epi,2,0.919027,0.032201,3.703371e-05,2.519671e-04,1496,0.021468,1.983842e-05,0.042935,7.741971e-05,6.310911e-01,486,1,0,1,1,1
022_windex_bottle,s2_epi_max_022_windex_bottle_t3,complete_epi,0,0.960464,0.040323,1.626827e-05,3.702187e-05,2500,0.026882,2.026465e-05,0.053764,4.327257e-05,3.541882e-01,218,1,0,1,1,0
022_windex_bottle,s2_epi_max_022_windex_bottle_t4,complete_epi,159,0.897936,0.041769,3.940399e-06,9.676811e-06,4547,0.027846,3.117909e-06,0.055692,7.037635e-06,5.632449e-01,457,1,0,1,1,0
022_windex_bottle,s2_epi_max_022_windex_bottle_t5,complete_epi,894,0.671074,0.039748,2.739757e-05,6.188154e-05,3392,0.026499,1.342855e-05,0.052997,5.656532e-05,7.223728e-02,65,1,0,1,1,0
022_windex_bottle,s2_epi_max_022_windex_bottle_t6,complete_epi,173,0.903898,0.029309,2.056815e-05,3.596232e-05,1964,0.019539,4.545186e-05,0.039079,3.698922e-05,4.229684e-01,376,1,0,1,1,0
022_windex_bottle,s2_epi_max_022_windex_bottle_t7,complete_epi,0,0.959771,0.041911,2.269887e-05,1.025892e-04,1467,0.027941,9.942030e-06,0.055881,4.367224e-05,3.854056e-01,296,1,0,1,1,0
022_windex_bottle,s2_epi_max_022_windex_bottle_t8,complete_epi,11,0.956019,0.045685,1.054726e-05,3.042712e-05,5381,0.030457,6.203312e-06,0.060914,1.654625e-05,3.085150e-01,158,1,0,1,1,0
022_windex_bottle,s2_epi_max_022_windex_bottle_t9,complete_epi,1406,0.409160,0.038619,3.950367e-05,1.526592e-04,2778,0.025746,4.499771e-05,0.051492,5.497492e-05,2.030921e+00,940,1,0,1,1,0
022_windex_bottle,s2_epi_max_022_windex_bottle_t10,complete_epi,8,0.927554,0.045079,2.507543e-05,1.579281e-04,978,0.030053,6.258139e-06,0.060106,7.291805e-05,1.833936e-01,182,1,0,1,1,0
022_windex_bottle,s2_epi_max_022_windex_bottle_t11,complete_epi,4,0.943220,0.042311,1.458828e-05,1.231963e-04,971,0.028207,9.562556e-06,0.056414,5.465156e-05,1.513214e-01,188,1,0,1,1,0
022_windex_bottle,s2_epi_max_022_windex_bottle_t12,complete_epi,362,0.847345,0.040902,8.150006e-06,2.026138e-05,4963,0.027268,4.059143e-06,0.054536,1.167167e-05,5.387056e-01,466,1,0,1,1,0
022_windex_bottle,s2_epi_max_022_windex_bottle_t13,complete_epi,0,0.943015,0.040840,2.754884e-05,9.732660e-05,2179,0.027227,3.109907e-05,0.054453,4.035625e-05,2.676892e-01,34,1,0,1,1,0
022_windex_bottle,s2_epi_max_022_windex_bottle_t14,complete_epi,76,0.888930,0.041962,5.795524e-06,1.157174e-05,5123,0.027974,3.167779e-06,0.055949,1.457470e-05,5.582397e-01,448,1,0,1,1,0
022_windex_bottle,s2_epi_max_022_windex_bottle_t15,complete_epi,10,0.902250,0.032180,1.165715e-04,3.752467e-04,943,0.021453,2.753349e-05,0.042907,1.370673e-04,8.710008e-01,382,1,0,1,1,0
022_windex_bottle,s2_epi_max_022_windex_bottle_t16,complete_epi,0,0.947141,0.039748,1.772374e-04,9.802321e-04,1068,0.026499,8.660218e-05,0.052998,2.030922e-04,9.365506e-01,256,1,0,1,1,0
022_windex_bottle,s2_epi_max_022_windex_bottle_t17,complete_epi,0,0.949664,0.042004,2.123205e-05,6.612212e-05,976,0.028002,5.401268e-06,0.056005,5.141442e-05,0.000000e+00,150,1,0,1,1,0
022_windex_bottle,s2_epi_max_022_windex_bottle_t18,complete_epi,1,0.920729,0.039326,7.934825e-05,5.330386e-04,2581,0.026217,1.298849e-04,0.052434,5.461863e-05,1.899539e+00,1065,1,0,1,1,0
022_windex_bottle,s2_epi_max_022_windex_bottle_t19,complete_epi,0,0.948549,0.042954,2.227425e-05,1.100685e-04,1654,0.028636,9.539756e-06,0.057272,7.208796e-05,5.165860e-01,310,1,0,1,1,0
022_windex_bottle,s2_epi_max_022_windex_bottle_t20,complete_epi,798,0.646901,0.040656,2.685980e-04,1.422818e-03,2188,0.027104,4.311005e-04,0.054208,2.818882e-04,1.754274e+00,814,1,0,1,1,0
022_windex_bottle,s2_epi_max_022_windex_bottle_t21,complete_epi,77,0.925241,0.045910,1.662372e-05,5.941835e-05,2613,0.030606,1.320437e-05,0.061213,2.803551e-05,6.438519e-01,346,1,0,1,1,0
022_windex_bottle,s2_epi_max_022_windex_bottle_t22,complete_epi,0,0.961303,0.041772,6.032851e-05,4.696983e-04,1360,0.027848,5.134454e-05,0.055696,1.103834e-04,2.868232e-01,295,1,0,1,1,0
022_windex_bottle,s2_epi_max_022_windex_bottle_t23,complete_epi,20,0.941921,0.046163,2.129127e-05,6.702852e-05,5284,0.030775,4.726076e-05,0.061550,2.807822e-05,6.535813e-01,395,1,0,1,1,0
022_windex_bottle,s2_epi_max_022_windex_bottle_t24,complete_epi,64,0.860802,0.039008,4.393577e-06,1.242010e-05,3996,0.026005,1.999163e-06,0.052011,7.224303e-06,8.736326e-01,701,1,0,1,1,0
006_mustard_bottle,s2_epi_mean_006_mustard_bottle_t0,complete_epi,0,0.923010,0.032013,7.646960e-06,1.161016e-05,2288,0.021342,4.039745e-06,0.042684,1.560457e-05,5.847923e-01,794,1,0,1,1,0
006_mustard_bottle,s2_epi_mean_006_mustard_bottle_t1,complete_epi,8,0.883446,0.031219,7.944884e-06,3.451935e-05,1522,0.020813,1.084468e-05,0.041625,1.476802e-05,7.002047e-01,294,1,0,1,1,1
006_mustard_bottle,s2_epi_mean_006_mustard_bottle_t2,complete_epi,10,0.896996,0.029935,5.647105e-06,2.593254e-05,1505,0.019957,7.673639e-06,0.039913,1.014236e-05,9.167089e-01,398,1,0,1,1,1
006_mustard_bottle,s2_epi_mean_006_mustard_bottle_t3,complete_epi,0,0.938775,0.032282,3.790986e-06,1.100783e-05,1530,0.021521,6.105686e-06,0.043042,5.722760e-06,5.912012e-01,467,1,0,1,1,1
006_mustard_bottle,s2_epi_mean_006_mustard_bottle_t4,complete_epi,6,0.918086,0.031220,6.772121e-06,2.776776e-05,1715,0.020813,8.536422e-06,0.041627,1.105194e-05,6.658269e-01,322,1,0,1,1,1
006_mustard_bottle,s2_epi_mean_006_mustard_bottle_t5,complete_epi,483,0.760478,0.031938,1.086011e-05,6.084557e-05,1817,0.021292,9.938369e-06,0.042584,2.884073e-05,9.916483e-01,768,1,0,1,1,1
006_mustard_bottle,s2_epi_mean_006_mustard_bottle_t6,complete_epi,520,0.710255,0.056367,4.543194e-04,5.261691e-03,5583,0.037578,2.534741e-03,0.075156,5.101819e-04,3.113904e+00,432,1,0,1,1,1
006_mustard_bottle,s2_epi_mean_006_mustard_bottle_t7,complete_epi,8,0.960901,0.019617,1.788985e-05,7.565022e-05,1147,0.013078,2.654443e-05,0.026157,2.852097e-05,1.754561e+00,625,1,0,1,1,0
006_mustard_bottle,s2_epi_mean_006_mustard_bottle_t8,complete_epi,29,0.849759,0.032253,5.336244e-06,3.056056e-05,2079,0.021502,5.972619e-06,0.043004,8.350424e-06,6.394739e-01,557,1,0,1,1,1
006_mustard_bottle,s2_epi_mean_006_mustard_bottle_t9,complete_epi,2,0.919027,0.031023,6.546620e-06,3.575422e-05,1923,0.020682,7.869665e-06,0.041365,1.539564e-05,1.459080e+00,703,1,0,1,1,1
006_mustard_bottle,s2_epi_mean_006_mustard_bottle_t10,complete_epi,95,0.864738,0.033056,5.441750e-06,2.471650e-05,2051,0.022037,1.113038e-05,0.044075,7.608542e-06,7.370631e-01,455,1,0,1,1,1
006_mustard_bottle,s2_epi_mean_006_mustard_bottle_t11,complete_epi,1011,0.621980,0.045646,8.503242e-04,3.399143e-03,938,0.030431,8.401846e-04,0.060861,9.129568e-04,3.394463e+00,141,1,0,1,1,0
006_mustard_bottle,s2_epi_mean_006_mustard_bottle_t12,complete_epi,1,0.953409,0.029748,2.225192e-06,7.056646e-06,1665,0.019832,1.996947e-06,0.039664,2.972927e-06,5.164838e-01,665,1,0,1,1,1
006_mustard_bottle,s2_epi_mean_006_mustard_bottle_t13,complete_epi,0,0.911657,0.032626,4.291937e-06,1.372154e-05,1731,0.021751,7.799727e-06,0.043501,6.166607e-06,7.133116e-01,475,1,0,1,1,1
006_mustard_bottle,s2_epi_mean_006_mustard_bottle_t14,complete_epi,127,0.850777,0.030813,5.032120e-06,2.818093e-05,2081,0.020542,5.342787e-06,0.041084,8.140426e-06,7.038976e-01,640,1,0,1,1,1
006_mustard_bottle,s2_epi_mean_006_mustard_bottle_t15,complete_epi,1,0.949672,0.030539,6.821649e-06,3.646765e-05,1468,0.020359,8.741536e-06,0.040718,1.158808e-05,7.324828e-01,323,1,0,1,1,1
006_mustard_bottle,s2_epi_mean_006_mustard_bottle_t16,complete_epi,1,0.932602,0.030120,2.172840e-06,7.596133e-06,1493,0.020080,2.214835e-06,0.040160,3.436369e-06,8.336535e-03,307,1,0,1,1,1
006_mustard_bottle,s2_epi_mean_006_mustard_bottle_t17,complete_epi,128,0.828175,0.032962,7.539435e-06,5.090941e-05,2115,0.021975,1.108053e-05,0.043949,2.081713e-05,6.514086e-01,483,1,0,1,1,1
006_mustard_bottle,s2_epi_mean_006_mustard_bottle_t18,complete_epi,59,0.807222,0.031525,3.062986e-06,9.184657e-06,1353,0.021016,5.485236e-06,0.042033,4.221901e-06,1.016906e-01,235,1,0,1,1,1
006_mustard_bottle,s2_epi_mean_006_mustard_bottle_t19,complete_epi,157,0.850330,0.031139,3.019383e-06,1.085949e-05,1562,0.020760,5.167199e-06,0.041519,3.779120e-06,6.183931e-01,492,1,0,1,1,1
006_mustard_bottle,s2_epi_mean_006_mustard_bottle_t20,complete_epi,377,0.778362,0.050737,4.139742e-04,1.523246e-03,2032,0.033825,4.051520e-04,0.067650,4.834236e-04,5.128030e+00,346,1,0,1,1,0
006_mustard_bottle,s2_epi_mean_006_mustard_bottle_t21,complete_epi,189,0.797850,0.032443,4.457132e-06,2.297285e-05,2075,0.021629,4.532826e-06,0.043257,7.521738e-06,4.810377e-01,501,1,0,1,1,1
006_mustard_bottle,s2_epi_mean_006_mustard_bottle_t22,complete_epi,132,0.860214,0.031817,4.939707e-06,2.123904e-05,1531,0.021211,1.111851e-05,0.042423,6.082517e-06,5.240608e-01,367,1,0,1,1,0
006_mustard_bottle,s2_epi_mean_006_mustard_bottle_t23,complete_epi,44,0.843530,0.032207,7.434652e-06,2.742062e-05,1734,0.021472,9.222989e-06,0.042943,1.377425e-05,9.143979e-01,424,1,0,1,1,1
006_mustard_bottle,s2_epi_mean_006_mustard_bottle_t24,complete_epi,7,0.936837,0.029537,2.325652e-06,8.246664e-06,1575,0.019691,2.112574e-06,0.039383,3.260668e-06,2.793290e-01,489,1,0,1,1,1
011_banana,s2_epi_mean_011_banana_t0,complete_epi,1537,0.613433,0.032968,9.790176e-05,1.205014e-03,2642,0.021979,3.367630e-04,0.043957,1.370250e-04,1.089772e+00,942,1,0,1,1,1
011_banana,s2_epi_mean_011_banana_t1,complete_epi,1379,0.712679,0.032044,2.840209e-05,2.062537e-04,1256,0.021363,1.171187e-04,0.042725,2.669604e-05,2.638435e-01,312,1,0,1,1,0
011_banana,s2_epi_mean_011_banana_t2,complete_epi,963,0.809749,0.032203,4.874106e-05,4.951151e-04,2320,0.021469,1.462738e-04,0.042937,5.356502e-05,1.687108e+00,793,1,0,1,1,1
011_banana,s2_epi_mean_011_banana_t3,complete_epi,1139,0.766664,0.032415,2.986468e-05,2.858175e-04,2449,0.021610,7.162376e-05,0.043220,7.290695e-05,6.662793e-01,488,1,0,1,1,0
011_banana,s2_epi_mean_011_banana_t4,complete_epi,1522,0.634427,0.031800,4.740343e-05,4.406282e-04,1450,0.021200,2.052663e-04,0.042401,3.485198e-05,5.533555e-01,431,1,0,1,1,1
011_banana,s2_epi_mean_011_banana_t5,complete_epi,1777,0.331094,0.031654,1.936972e-04,2.456443e-03,1289,0.021103,2.312013e-03,0.042206,2.439926e-04,8.618124e-01,250,1,0,1,1,0
011_banana,s2_epi_mean_011_banana_t6,complete_epi,540,0.867755,0.032355,1.822555e-06,6.981191e-06,2530,0.021570,1.805637e-06,0.043139,5.218324e-06,0.000000e+00,158,1,0,1,1,0
011_banana,s2_epi_mean_011_banana_t7,complete_epi,1669,0.454130,0.032166,2.666475e-05,6.808404e-05,741,0.021444,1.246571e-05,0.042888,5.447292e-05,8.361750e-03,80,1,0,1,1,1
011_banana,s2_epi_mean_011_banana_t8,complete_epi,1171,0.772701,0.031472,4.397075e-05,4.366557e-04,1129,0.020982,2.743897e-04,0.041963,4.573804e-05,5.292833e-01,431,1,0,1,1,0
011_banana,s2_epi_mean_011_banana_t9,complete_epi,1415,0.663334,0.031815,5.736296e-05,5.922218e-04,2312,0.021210,2.483667e-04,0.042420,9.081165e-05,1.734412e+00,1095,1,0,1,1,1
011_banana,s2_epi_mean_011_banana_t10,complete_epi,1884,0.151767,0.030876,1.210760e-04,9.761688e-04,2095,0.020584,3.745922e-04,0.041168,1.429544e-04,2.580634e+00,728,1,0,1,1,1
011_banana,s2_epi_mean_011_banana_t11,complete_epi,1880,0.180049,0.031413,2.136799e-05,1.450448e-04,2175,0.020942,2.186256e-05,0.041884,6.358703e-05,5.991276e-01,466,1,0,1,1,1
011_banana,s2_epi_mean_011_banana_t12,complete_epi,752,0.860650,0.031299,1.549598e-05,4.216558e-05,1919,0.020866,8.566701e-05,0.041732,1.813162e-05,5.423715e-01,382,1,0,1,1,0
011_banana,s2_epi_mean_011_banana_t13,complete_epi,1005,0.817123,0.032252,4.565336e-05,5.576680e-04,2230,0.021501,5.204849e-04,0.043002,9.420414e-05,1.064492e+00,798,1,0,1,1,0
011_banana,s2_epi_mean_011_banana_t14,complete_epi,1612,0.556116,0.031293,2.704622e-05,2.185214e-04,1630,0.020862,1.254577e-04,0.041724,2.973801e-05,9.665251e-01,662,1,0,1,1,0
011_banana,s2_epi_mean_011_banana_t15,complete_epi,1139,0.763413,0.032569,1.527557e-05,1.347273e-04,3299,0.021713,2.438730e-05,0.043426,2.620622e-05,8.284391e-01,592,1,0,1,1,1
011_banana,s2_epi_mean_011_banana_t16,complete_epi,1778,0.264852,0.033818,7.716460e-05,7.609453e-04,1748,0.022545,3.309172e-04,0.045090,9.406126e-05,1.548949e+00,572,1,0,1,1,0
011_banana,s2_epi_mean_011_banana_t17,complete_epi,1918,0.121916,0.030467,1.688201e-04,1.358461e-03,1495,0.020311,3.785600e-04,0.040623,2.582304e-04,1.821200e+00,924,1,0,1,1,0
011_banana,s2_epi_mean_011_banana_t18,complete_epi,497,0.899522,0.031480,2.573834e-05,8.414999e-05,2484,0.020986,3.337038e-05,0.041973,5.907535e-05,8.918743e-01,609,1,0,1,1,0
011_banana,s2_epi_mean_011_banana_t19,complete_epi,1593,0.499191,0.032489,1.576477e-05,1.117131e-04,1246,0.021659,3.903203e-05,0.043319,2.516379e-05,1.233182e-01,125,1,0,1,1,0
011_banana,s2_epi_mean_011_banana_t20,complete_epi,1004,0.797992,0.032705,4.402291e-05,4.609619e-04,1921,0.021803,1.713104e-04,0.043607,5.562098e-05,1.569415e+00,782,1,0,1,1,1
011_banana,s2_epi_mean_011_banana_t21,complete_epi,1405,0.711467,0.031821,1.993016e-05,2.025687e-04,2239,0.021214,9.035901e-05,0.042428,3.879785e-05,5.431968e-01,465,1,0,1,1,0
011_banana,s2_epi_mean_011_banana_t22,complete_epi,1774,0.400555,0.031168,9.043068e-06,6.033632e-05,1723,0.020779,2.015750e-05,0.041558,1.715712e-05,4.266943e-01,423,1,0,1,1,0
011_banana,s2_epi_mean_011_banana_t23,complete_epi,1209,0.764820,0.031549,3.067915e-05,2.817953e-04,1337,0.021033,1.246435e-04,0.042066,3.340800e-05,6.121402e-01,468,1,0,1,1,0
011_banana,s2_epi_mean_011_banana_t24,complete_epi,1481,0.642868,0.032008,2.784811e-05,2.710127e-04,1484,0.021339,1.174788e-04,0.042678,2.476430e-05,4.983132e-01,413,1,0,1,1,1
025_mug,s2_hetero_patch_025_mug_t0,hetero_patch,57,0.924866,0.020731,4.671783e-06,1.726841e-05,516,0.013821,5.511723e-06,0.027641,4.454309e-06,1.712540e-01,106,1,0,1,1,1
025_mug,s2_hetero_patch_025_mug_t1,hetero_patch,0,0.950975,0.013460,1.793220e-05,5.493012e-05,729,0.008973,2.958428e-05,0.017946,1.307633e-05,2.078941e+00,2007,1,0,1,1,1
025_mug,s2_hetero_patch_025_mug_t3,hetero_patch,6,0.954275,0.022006,4.701713e-05,1.036448e-04,265,0.014670,7.329031e-05,0.029341,2.504411e-05,2.882077e-01,127,1,0,1,1,1
025_mug,s2_hetero_patch_025_mug_t5,hetero_patch,93,0.934827,0.020730,6.348085e-06,1.692781e-05,627,0.013820,8.812608e-06,0.027640,6.665034e-06,4.993007e-01,230,1,0,1,1,1
025_mug,s2_hetero_patch_025_mug_t6,hetero_patch,75,0.906507,0.024961,4.148245e-06,1.678450e-05,683,0.016640,4.323526e-06,0.033281,4.677179e-06,3.722234e-01,194,1,0,1,1,1
025_mug,s2_hetero_patch_025_mug_t7,hetero_patch,195,0.778723,0.034151,2.485970e-06,4.525650e-06,1115,0.022767,2.900283e-06,0.045534,2.555418e-06,1.080203e-01,106,1,0,1,1,1
025_mug,s2_hetero_patch_025_mug_t8,hetero_patch,0,0.965501,0.033526,5.226937e-06,2.272593e-05,4750,0.022351,4.103544e-06,0.044702,4.538780e-06,2.269753e+00,1482,1,0,1,1,0
025_mug,s2_hetero_patch_025_mug_t9,hetero_patch,122,0.930628,0.021178,3.750339e-06,9.699621e-06,604,0.014119,3.661059e-06,0.028237,3.988911e-06,2.105925e-01,130,1,0,1,1,1
025_mug,s2_hetero_patch_025_mug_t11,hetero_patch,128,0.912899,0.019761,3.293463e-06,7.107564e-06,762,0.013174,3.052200e-06,0.026349,3.395255e-06,3.352756e-01,243,1,0,1,1,1
025_mug,s2_hetero_patch_025_mug_t12,hetero_patch,19,0.955558,0.023497,1.357375e-06,3.013182e-06,797,0.015665,1.455647e-06,0.031330,1.387145e-06,1.769323e-01,203,1,0,1,1,1
025_mug,s2_hetero_patch_025_mug_t13,hetero_patch,4,0.935221,0.022683,4.849634e-06,1.276020e-05,538,0.015122,5.111930e-06,0.030244,5.170285e-06,2.857511e-01,148,1,0,1,1,0
025_mug,s2_hetero_patch_025_mug_t14,hetero_patch,15,0.943142,0.020855,7.147557e-06,1.766077e-05,465,0.013904,9.989393e-06,0.027807,6.922790e-06,2.676821e-01,127,1,0,1,1,1
025_mug,s2_hetero_patch_025_mug_t15,hetero_patch,105,0.817678,0.021358,1.451895e-06,4.819822e-06,411,0.014239,7.003580e-07,0.028477,1.626943e-06,0.000000e+00,88,1,0,1,1,1
025_mug,s2_hetero_patch_025_mug_t16,hetero_patch,633,0.535664,0.020595,1.178573e-05,1.088786e-04,148,0.013730,6.401086e-06,0.027460,2.165428e-05,0.000000e+00,95,1,0,1,1,0
025_mug,s2_hetero_patch_025_mug_t17,hetero_patch,80,0.914250,0.019571,1.102244e-06,1.865755e-06,1031,0.013047,1.161325e-06,0.026094,1.017822e-06,1.320466e-01,194,1,0,1,1,0
025_mug,s2_hetero_patch_025_mug_t18,hetero_patch,143,0.873780,0.020102,1.275318e-06,1.961837e-06,922,0.013401,8.730896e-07,0.026802,1.365860e-06,3.206093e-01,351,1,0,1,1,1
025_mug,s2_hetero_patch_025_mug_t19,hetero_patch,26,0.953086,0.014145,1.560290e-05,4.924888e-05,386,0.009430,1.273132e-05,0.018860,1.610971e-05,4.734218e+00,2789,1,0,1,1,1
025_mug,s2_hetero_patch_025_mug_t20,hetero_patch,9,0.829374,0.020218,2.266911e-06,8.447369e-06,317,0.013479,2.334274e-06,0.026957,2.140893e-06,1.327766e-01,97,1,0,1,1,0
025_mug,s2_hetero_patch_025_mug_t21,hetero_patch,26,0.942366,0.020034,5.479276e-06,1.326486e-05,507,0.013356,7.118755e-06,0.026711,5.632726e-06,3.241838e-01,162,1,0,1,1,1
025_mug,s2_hetero_patch_025_mug_t22,hetero_patch,71,0.912610,0.021516,4.124093e-06,9.632958e-06,1102,0.014344,4.213255e-06,0.028688,3.812239e-06,2.615677e-01,155,1,0,1,1,1
025_mug,s2_hetero_patch_025_mug_t23,hetero_patch,25,0.940704,0.020144,1.534949e-06,2.445110e-06,1115,0.013429,1.387248e-06,0.026858,1.482145e-06,2.026112e-01,240,1,0,1,1,1
025_mug,s2_hetero_patch_025_mug_t24,hetero_patch,116,0.929767,0.022921,4.978709e-06,9.791054e-06,613,0.015281,6.443458e-06,0.030561,5.329044e-06,3.137556e-01,161,1,0,1,1,1
051_large_clamp,s2_hetero_patch_051_large_clamp_t0,hetero_patch,2,0.956514,0.030638,2.442293e-07,1.980065e-06,1007,0.020425,4.868956e-07,0.040851,3.613351e-07,0.000000e+00,203,1,0,1,1,0
051_large_clamp,s2_hetero_patch_051_large_clamp_t1,hetero_patch,0,0.964660,0.028705,0.000000e+00,0.000000e+00,698,0.019137,0.000000e+00,0.038274,0.000000e+00,0.000000e+00,164,1,0,1,1,1
051_large_clamp,s2_hetero_patch_051_large_clamp_t2,hetero_patch,1,0.973738,0.033166,1.924188e-06,1.167467e-05,1526,0.022111,1.581990e-06,0.044221,2.961662e-06,1.241935e-01,269,1,0,1,1,0
051_large_clamp,s2_hetero_patch_051_large_clamp_t3,hetero_patch,7,0.950534,0.031870,1.263673e-05,5.141177e-05,1981,0.021247,2.045812e-05,0.042493,1.181061e-05,1.366778e+00,816,1,0,1,1,1
051_large_clamp,s2_hetero_patch_051_large_clamp_t5,hetero_patch,6,0.959387,0.031831,0.000000e+00,0.000000e+00,728,0.021221,0.000000e+00,0.042442,8.992333e-07,0.000000e+00,169,1,0,1,1,0
051_large_clamp,s2_hetero_patch_051_large_clamp_t6,hetero_patch,23,0.959029,0.031008,3.457699e-06,1.500376e-05,2116,0.020672,4.526780e-06,0.041344,3.819525e-06,2.096143e-01,249,1,0,1,1,1
051_large_clamp,s2_hetero_patch_051_large_clamp_t7,hetero_patch,97,0.934986,0.030374,1.804415e-06,7.947076e-06,1134,0.020249,1.350070e-06,0.040499,2.034993e-06,0.000000e+00,140,1,0,1,1,1
051_large_clamp,s2_hetero_patch_051_large_clamp_t8,hetero_patch,3,0.918658,0.017564,7.884073e-05,1.692672e-04,397,0.011709,8.286127e-05,0.023418,7.915976e-05,1.151917e+00,278,1,0,1,1,0
051_large_clamp,s2_hetero_patch_051_large_clamp_t9,hetero_patch,6,0.942056,0.030787,1.866507e-06,7.243569e-06,2021,0.020525,1.075743e-06,0.041050,2.162965e-06,8.379294e-02,274,1,0,1,1,1
051_large_clamp,s2_hetero_patch_051_large_clamp_t10,hetero_patch,196,0.925726,0.031391,0.000000e+00,0.000000e+00,715,0.020927,0.000000e+00,0.041855,1.166070e-06,0.000000e+00,147,1,0,1,1,1
051_large_clamp,s2_hetero_patch_051_large_clamp_t11,hetero_patch,50,0.930326,0.031511,0.000000e+00,0.000000e+00,600,0.021007,0.000000e+00,0.042015,7.587000e-08,0.000000e+00,144,1,0,1,1,0
051_large_clamp,s2_hetero_patch_051_large_clamp_t12,hetero_patch,6,0.947980,0.031376,0.000000e+00,0.000000e+00,1160,0.020918,0.000000e+00,0.041835,0.000000e+00,0.000000e+00,290,1,0,1,1,0
051_large_clamp,s2_hetero_patch_051_large_clamp_t13,hetero_patch,31,0.942199,0.032246,3.392579e-06,9.277541e-06,2531,0.021497,4.239871e-06,0.042994,5.134018e-06,7.689791e-01,572,1,0,1,1,1
051_large_clamp,s2_hetero_patch_051_large_clamp_t15,hetero_patch,12,0.968224,0.033331,2.830074e-06,7.708516e-06,3257,0.022220,2.053774e-06,0.044441,3.731086e-06,4.212447e-01,416,1,0,1,1,1
051_large_clamp,s2_hetero_patch_051_large_clamp_t16,hetero_patch,0,0.972791,0.031962,1.894539e-06,6.013642e-06,2813,0.021308,1.260978e-06,0.042616,2.571457e-06,4.639780e-01,527,1,0,1,1,1
051_large_clamp,s2_hetero_patch_051_large_clamp_t17,hetero_patch,153,0.936627,0.030381,0.000000e+00,0.000000e+00,651,0.020254,0.000000e+00,0.040508,0.000000e+00,0.000000e+00,164,1,0,1,1,0
051_large_clamp,s2_hetero_patch_051_large_clamp_t18,hetero_patch,11,0.963160,0.032405,7.255356e-06,2.469310e-05,1628,0.021603,6.044436e-06,0.043206,1.044981e-05,2.612204e-01,264,1,0,1,1,1
051_large_clamp,s2_hetero_patch_051_large_clamp_t19,hetero_patch,77,0.950697,0.030330,2.395909e-06,6.265387e-06,2138,0.020220,3.083467e-06,0.040440,2.610689e-06,5.933692e-01,513,1,0,1,1,1
051_large_clamp,s2_hetero_patch_051_large_clamp_t20,hetero_patch,1,0.967123,0.032790,5.677475e-06,3.317557e-05,1773,0.021860,3.184012e-06,0.043720,7.014224e-06,2.128232e-01,259,1,0,1,1,0
051_large_clamp,s2_hetero_patch_051_large_clamp_t21,hetero_patch,0,0.969694,0.029977,1.550681e-06,5.656883e-06,843,0.019984,2.141253e-06,0.039969,1.250777e-06,0.000000e+00,145,1,0,1,1,1
051_large_clamp,s2_hetero_patch_051_large_clamp_t22,hetero_patch,91,0.945389,0.030690,1.360004e-05,5.505617e-05,1408,0.020460,1.551281e-05,0.040921,9.145251e-06,5.097378e-01,328,1,0,1,1,1
051_large_clamp,s2_hetero_patch_051_large_clamp_t23,hetero_patch,0,0.966945,0.028922,0.000000e+00,0.000000e+00,748,0.019281,0.000000e+00,0.038563,3.566762e-07,0.000000e+00,167,1,0,1,1,1
051_large_clamp,s2_hetero_patch_051_large_clamp_t24,hetero_patch,25,0.963884,0.031552,0.000000e+00,0.000000e+00,1106,0.021035,0.000000e+00,0.042069,3.063241e-07,0.000000e+00,241,1,0,1,1,0
022_windex_bottle,s2_duarte_mcd_022_windex_bottle_t0,duarte_mcd,371,0.788948,,,,,,,,,5.254871e-01,289,1,0,1,1,0
022_windex_bottle,s2_duarte_mcd_022_windex_bottle_t1,duarte_mcd,369,0.895817,,,,,,,,,0.000000e+00,11,1,0,1,1,0
022_windex_bottle,s2_duarte_mcd_022_windex_bottle_t2,duarte_mcd,57,0.903148,,,,,,,,,1.605979e-02,214,1,0,1,1,0
022_windex_bottle,s2_duarte_mcd_022_windex_bottle_t3,duarte_mcd,5,0.934896,,,,,,,,,1.123849e-01,134,1,0,1,1,0
022_windex_bottle,s2_duarte_mcd_022_windex_bottle_t4,duarte_mcd,58,0.925692,,,,,,,,,0.000000e+00,80,1,0,1,1,0
022_windex_bottle,s2_duarte_mcd_022_windex_bottle_t5,duarte_mcd,692,0.711323,,,,,,,,,2.732859e-02,15,1,0,1,1,0
022_windex_bottle,s2_duarte_mcd_022_windex_bottle_t6,duarte_mcd,438,0.853829,,,,,,,,,6.900162e-01,581,1,0,1,1,0
022_windex_bottle,s2_duarte_mcd_022_windex_bottle_t7,duarte_mcd,9,0.957594,,,,,,,,,4.798492e-01,172,1,0,1,1,0
022_windex_bottle,s2_duarte_mcd_022_windex_bottle_t8,duarte_mcd,324,0.867133,,,,,,,,,1.755505e-02,63,1,0,1,1,0
022_windex_bottle,s2_duarte_mcd_022_windex_bottle_t9,duarte_mcd,459,0.751921,,,,,,,,,3.807012e-01,277,1,0,1,1,0
022_windex_bottle,s2_duarte_mcd_022_windex_bottle_t10,duarte_mcd,2,0.951619,,,,,,,,,5.736942e-02,173,1,0,1,1,0
022_windex_bottle,s2_duarte_mcd_022_windex_bottle_t11,duarte_mcd,5,0.942479,,,,,,,,,0.000000e+00,109,1,0,1,1,0
022_windex_bottle,s2_duarte_mcd_022_windex_bottle_t12,duarte_mcd,265,0.880957,,,,,,,,,9.229136e-02,100,1,0,1,1,0
022_windex_bottle,s2_duarte_mcd_022_windex_bottle_t13,duarte_mcd,1,0.875577,,,,,,,,,1.054078e-01,45,1,0,1,1,0
022_windex_bottle,s2_duarte_mcd_022_windex_bottle_t14,duarte_mcd,399,0.888338,,,,,,,,,4.763333e-02,39,1,0,1,1,0
022_windex_bottle,s2_duarte_mcd_022_windex_bottle_t15,duarte_mcd,10,0.895513,,,,,,,,,2.690123e-01,245,1,0,1,1,1
022_windex_bottle,s2_duarte_mcd_022_windex_bottle_t16,duarte_mcd,26,0.935945,,,,,,,,,5.453396e-02,15,1,0,1,1,0
022_windex_bottle,s2_duarte_mcd_022_windex_bottle_t17,duarte_mcd,2,0.958029,,,,,,,,,0.000000e+00,89,1,0,1,1,0
022_windex_bottle,s2_duarte_mcd_022_windex_bottle_t18,duarte_mcd,8,0.918338,,,,,,,,,2.280580e-01,232,1,0,1,1,1
022_windex_bottle,s2_duarte_mcd_022_windex_bottle_t19,duarte_mcd,97,0.904382,,,,,,,,,0.000000e+00,52,1,0,1,1,0
022_windex_bottle,s2_duarte_mcd_022_windex_bottle_t20,duarte_mcd,119,0.805013,,,,,,,,,5.030845e-01,333,1,0,1,1,0
022_windex_bottle,s2_duarte_mcd_022_windex_bottle_t21,duarte_mcd,280,0.886339,,,,,,,,,0.000000e+00,85,1,0,1,1,0
022_windex_bottle,s2_duarte_mcd_022_windex_bottle_t22,duarte_mcd,68,0.920537,,,,,,,,,0.000000e+00,78,1,0,1,1,0
022_windex_bottle,s2_duarte_mcd_022_windex_bottle_t23,duarte_mcd,281,0.889301,,,,,,,,,0.000000e+00,59,1,0,1,1,0
022_windex_bottle,s2_duarte_mcd_022_windex_bottle_t24,duarte_mcd,318,0.865561,,,,,,,,,0.000000e+00,116,1,0,1,1,0
006_mustard_bottle,s3_partial_only_006_mustard_bottle_t0,partial_only,1,0.954162,,,,,,,,,,,1,0,1,1,1
006_mustard_bottle,s3_partial_only_006_mustard_bottle_t1,partial_only,0,0.955193,,,,,,,,,,,1,0,1,1,1
006_mustard_bottle,s3_partial_only_006_mustard_bottle_t2,partial_only,208,0.906192,,,,,,,,,,,1,0,1,1,1
006_mustard_bottle,s3_partial_only_006_mustard_bottle_t3,partial_only,76,0.900015,,,,,,,,,,,1,0,1,1,1
006_mustard_bottle,s3_partial_only_006_mustard_bottle_t4,partial_only,1,0.965592,,,,,,,,,,,1,0,1,1,1
006_mustard_bottle,s3_partial_only_006_mustard_bottle_t5,partial_only,10,0.959237,,,,,,,,,,,1,0,1,1,1
006_mustard_bottle,s3_partial_only_006_mustard_bottle_t6,partial_only,538,0.885071,,,,,,,,,,,1,0,1,1,1
006_mustard_bottle,s3_partial_only_006_mustard_bottle_t7,partial_only,287,0.878943,,,,,,,,,,,1,0,1,1,1
006_mustard_bottle,s3_partial_only_006_mustard_bottle_t8,partial_only,46,0.930837,,,,,,,,,,,1,0,1,1,1
006_mustard_bottle,s3_partial_only_006_mustard_bottle_t9,partial_only,0,0.961078,,,,,,,,,,,1,0,1,1,1
006_mustard_bottle,s3_partial_only_006_mustard_bottle_t10,partial_only,342,0.876348,,,,,,,,,,,1,0,1,1,0
006_mustard_bottle,s3_partial_only_006_mustard_bottle_t11,partial_only,41,0.932479,,,,,,,,,,,1,0,1,1,1
006_mustard_bottle,s3_partial_only_006_mustard_bottle_t13,partial_only,34,0.935609,,,,,,,,,,,1,0,1,1,1
006_mustard_bottle,s3_partial_only_006_mustard_bottle_t14,partial_only,19,0.951055,,,,,,,,,,,1,0,1,1,1
006_mustard_bottle,s3_partial_only_006_mustard_bottle_t16,partial_only,345,0.871528,,,,,,,,,,,1,0,1,1,0
006_mustard_bottle,s3_partial_only_006_mustard_bottle_t17,partial_only,224,0.909056,,,,,,,,,,,1,0,1,1,1
006_mustard_bottle,s3_partial_only_006_mustard_bottle_t18,partial_only,4,0.941108,,,,,,,,,,,1,0,1,1,1
006_mustard_bottle,s3_partial_only_006_mustard_bottle_t19,partial_only,22,0.941757,,,,,,,,,,,1,0,1,1,1
006_mustard_bottle,s3_partial_only_006_mustard_bottle_t20,partial_only,598,0.841059,,,,,,,,,,,1,0,1,1,1
006_mustard_bottle,s3_partial_only_006_mustard_bottle_t21,partial_only,0,0.963114,,,,,,,,,,,1,0,1,1,1
006_mustard_bottle,s3_partial_only_006_mustard_bottle_t22,partial_only,84,0.890065,,,,,,,,,,,1,0,1,1,1
006_mustard_bottle,s3_partial_only_006_mustard_bottle_t23,partial_only,8,0.936856,,,,,,,,,,,1,0,1,1,1
006_mustard_bottle,s3_partial_only_006_mustard_bottle_t24,partial_only,13,0.938776,,,,,,,,,,,1,0,1,1,1
011_banana,s3_partial_only_011_banana_t0,partial_only,29,0.984563,,,,,,,,,,,1,0,1,1,1
011_banana,s3_partial_only_011_banana_t1,partial_only,29,0.978471,,,,,,,,,,,1,0,1,1,1
011_banana,s3_partial_only_011_banana_t2,partial_only,45,0.970925,,,,,,,,,,,1,0,1,1,1
011_banana,s3_partial_only_011_banana_t3,partial_only,12,0.986549,,,,,,,,,,,1,0,1,1,1
011_banana,s3_partial_only_011_banana_t4,partial_only,16,0.975216,,,,,,,,,,,1,0,1,1,1
011_banana,s3_partial_only_011_banana_t5,partial_only,27,0.972350,,,,,,,,,,,1,0,1,1,1
011_banana,s3_partial_only_011_banana_t6,partial_only,24,0.978217,,,,,,,,,,,1,0,1,1,1
011_banana,s3_partial_only_011_banana_t7,partial_only,133,0.965184,,,,,,,,,,,1,0,1,1,1
011_banana,s3_partial_only_011_banana_t8,partial_only,70,0.966238,,,,,,,,,,,1,0,1,1,1
011_banana,s3_partial_only_011_banana_t9,partial_only,24,0.970787,,,,,,,,,,,1,0,1,1,1
011_banana,s3_partial_only_011_banana_t10,partial_only,173,0.958949,,,,,,,,,,,1,0,1,1,1
011_banana,s3_partial_only_011_banana_t11,partial_only,442,0.955732,,,,,,,,,,,1,0,1,1,1
011_banana,s3_partial_only_011_banana_t12,partial_only,20,0.980305,,,,,,,,,,,1,0,1,1,1
011_banana,s3_partial_only_011_banana_t13,partial_only,142,0.960385,,,,,,,,,,,1,0,1,1,1
011_banana,s3_partial_only_011_banana_t14,partial_only,165,0.962817,,,,,,,,,,,1,0,1,1,1
011_banana,s3_partial_only_011_banana_t15,partial_only,364,0.957000,,,,,,,,,,,1,0,1,1,1
011_banana,s3_partial_only_011_banana_t16,partial_only,23,0.974060,,,,,,,,,,,1,0,1,1,1
011_banana,s3_partial_only_011_banana_t17,partial_only,65,0.970346,,,,,,,,,,,1,0,1,1,1
011_banana,s3_partial_only_011_banana_t18,partial_only,285,0.965347,,,,,,,,,,,1,0,1,1,1
011_banana,s3_partial_only_011_banana_t19,partial_only,184,0.968207,,,,,,,,,,,1,0,1,1,0
011_banana,s3_partial_only_011_banana_t20,partial_only,113,0.962821,,,,,,,,,,,1,0,1,1,1
011_banana,s3_partial_only_011_banana_t21,partial_only,275,0.946092,,,,,,,,,,,1,0,1,1,1
011_banana,s3_partial_only_011_banana_t22,partial_only,389,0.934845,,,,,,,,,,,1,0,1,1,1
011_banana,s3_partial_only_011_banana_t23,partial_only,122,0.913017,,,,,,,,,,,1,0,1,1,0
011_banana,s3_partial_only_011_banana_t24,partial_only,143,0.952857,,,,,,,,,,,1,0,1,1,0
025_mug,s3_complete_only_025_mug_t0,complete_only,68,0.934193,0.020518,7.255234e-07,1.627482e-06,365,0.013679,4.274950e-07,0.027357,9.895113e-07,5.064886e-03,76,1,0,1,1,1
025_mug,s3_complete_only_025_mug_t1,complete_only,82,0.906437,0.020101,2.821084e-06,8.306934e-06,420,0.013401,2.310108e-06,0.026801,3.346998e-06,2.097127e-01,172,1,0,1,1,1
025_mug,s3_complete_only_025_mug_t2,complete_only,94,0.923037,0.022190,1.660096e-05,3.827370e-05,601,0.014793,1.561602e-05,0.029587,1.743486e-05,3.262281e-01,145,1,0,1,1,1
025_mug,s3_complete_only_025_mug_t3,complete_only,86,0.917176,0.021603,3.152176e-05,1.384529e-04,879,0.014402,1.989746e-05,0.028804,3.048001e-05,7.639788e-01,483,1,0,1,1,1
025_mug,s3_complete_only_025_mug_t4,complete_only,32,0.922052,0.020074,7.601950e-06,2.417875e-05,689,0.013383,7.054954e-06,0.026765,6.047941e-06,4.133561e-01,341,1,0,1,1,1
025_mug,s3_complete_only_025_mug_t5,complete_only,10,0.955182,0.019943,8.045259e-06,2.517677e-05,817,0.013295,1.074560e-05,0.026590,6.525865e-06,2.606211e-01,154,1,0,1,1,1
025_mug,s3_complete_only_025_mug_t6,complete_only,42,0.931618,0.021343,7.505154e-06,2.043876e-05,561,0.014229,1.334250e-05,0.028458,2.476829e-05,5.161965e-01,319,1,0,1,1,1
025_mug,s3_complete_only_025_mug_t7,complete_only,122,0.922892,0.022273,2.450377e-05,9.254764e-05,493,0.014849,1.177686e-05,0.029698,2.521666e-05,3.609566e-01,148,1,0,1,1,1
025_mug,s3_complete_only_025_mug_t8,complete_only,353,0.702283,0.020625,3.430047e-06,1.587680e-05,563,0.013750,4.290622e-06,0.027501,6.564281e-06,1.249490e-01,144,1,0,1,1,0
025_mug,s3_complete_only_025_mug_t9,complete_only,4,0.951744,0.020471,4.609525e-06,1.164684e-05,718,0.013647,5.461606e-06,0.027295,3.875207e-06,1.650884e-01,86,1,0,1,1,1
025_mug,s3_complete_only_025_mug_t10,complete_only,1380,0.461813,0.005098,7.154053e-10,0.000000e+00,438,0.003399,0.000000e+00,0.006798,5.137104e-09,6.902524e-01,8128,1,0,1,1,0
025_mug,s3_complete_only_025_mug_t11,complete_only,43,0.927897,0.020391,2.818713e-05,1.305667e-04,239,0.013594,5.505488e-05,0.027187,2.181990e-05,4.111713e-01,161,1,0,1,1,1
025_mug,s3_complete_only_025_mug_t12,complete_only,49,0.867090,0.020045,3.448023e-06,1.102198e-05,256,0.013363,3.802403e-06,0.026727,8.552219e-06,1.878171e-01,159,1,0,1,1,1
025_mug,s3_complete_only_025_mug_t13,complete_only,2,0.951110,0.020254,6.275302e-06,2.166492e-05,591,0.013503,5.499341e-06,0.027006,8.273915e-06,2.912020e-01,104,1,0,1,1,1
025_mug,s3_complete_only_025_mug_t15,complete_only,54,0.929341,0.020410,1.082895e-06,2.062735e-06,752,0.013606,1.076131e-06,0.027213,1.146172e-06,1.492939e-01,201,1,0,1,1,1
025_mug,s3_complete_only_025_mug_t16,complete_only,159,0.904665,0.028175,7.732177e-04,1.733844e-03,380,0.018784,8.374425e-04,0.037567,5.748227e-04,4.267860e+00,199,1,0,1,1,0
025_mug,s3_complete_only_025_mug_t17,complete_only,31,0.932911,0.021263,2.481846e-05,1.318902e-04,496,0.014175,2.137579e-05,0.028351,2.626682e-05,6.063542e-01,172,1,0,1,1,1
025_mug,s3_complete_only_025_mug_t18,complete_only,80,0.916170,0.020884,1.089251e-05,3.905864e-05,402,0.013922,7.749932e-06,0.027845,1.289812e-05,3.518990e-01,173,1,0,1,1,1
025_mug,s3_complete_only_025_mug_t20,complete_only,50,0.842236,0.020412,4.540307e-05,7.940227e-05,296,0.013608,5.164514e-05,0.027216,2.381712e-05,2.190849e-01,100,1,0,1,1,1
025_mug,s3_complete_only_025_mug_t21,complete_only,14,0.929568,0.019640,5.327989e-06,1.425055e-05,670,0.013093,9.673752e-06,0.026187,3.434351e-06,2.497742e-01,175,1,0,1,1,1
025_mug,s3_complete_only_025_mug_t22,complete_only,53,0.938294,0.022399,3.105327e-06,7.663801e-06,550,0.014932,2.370684e-06,0.029865,3.842773e-06,1.788052e-01,136,1,0,1,1,1
025_mug,s3_complete_only_025_mug_t23,complete_only,898,0.568138,0.020451,2.682720e-06,9.847551e-06,237,0.013634,2.822722e-06,0.027268,2.618441e-06,2.112917e-01,145,1,0,1,1,0
025_mug,s3_complete_only_025_mug_t24,complete_only,9,0.945360,0.023368,5.749741e-06,2.584340e-05,647,0.015579,4.260165e-06,0.031158,7.491778e-06,2.634072e-01,148,1,0,1,1,1
051_large_clamp,s3_complete_only_051_large_clamp_t0,complete_only,148,0.941139,0.030610,8.197506e-06,2.805678e-05,1719,0.020407,1.152242e-05,0.040814,9.179999e-06,5.729741e-01,364,1,0,1,1,1
051_large_clamp,s3_complete_only_051_large_clamp_t1,complete_only,6,0.960304,0.030198,7.887835e-07,1.771395e-06,940,0.020132,6.614065e-07,0.040263,1.083655e-06,0.000000e+00,145,1,0,1,1,0
051_large_clamp,s3_complete_only_051_large_clamp_t2,complete_only,12,0.954105,0.030330,0.000000e+00,0.000000e+00,979,0.020220,0.000000e+00,0.040440,1.017210e-07,0.000000e+00,243,1,0,1,1,1
051_large_clamp,s3_complete_only_051_large_clamp_t3,complete_only,0,0.967284,0.026532,1.659420e-06,5.707493e-06,1643,0.017688,1.263347e-06,0.035375,2.089839e-06,0.000000e+00,312,1,0,1,1,0
051_large_clamp,s3_complete_only_051_large_clamp_t4,complete_only,0,0.960423,0.029210,1.305503e-06,3.795360e-06,1159,0.019473,1.566914e-06,0.038946,1.125287e-06,0.000000e+00,165,1,0,1,1,1
051_large_clamp,s3_complete_only_051_large_clamp_t5,complete_only,38,0.950504,0.029758,1.440695e-06,4.469129e-06,1203,0.019839,1.493114e-06,0.039678,1.286104e-06,1.180769e-01,216,1,0,1,1,0
051_large_clamp,s3_complete_only_051_large_clamp_t6,complete_only,42,0.966120,0.030017,3.742995e-05,2.195991e-04,1492,0.020012,4.565700e-05,0.040023,4.128921e-05,8.046729e-01,340,1,0,1,1,1
051_large_clamp,s3_complete_only_051_large_clamp_t7,complete_only,0,0.960504,0.030013,0.000000e+00,0.000000e+00,845,0.020008,0.000000e+00,0.040017,1.227077e-07,0.000000e+00,207,1,0,1,1,0
051_large_clamp,s3_complete_only_051_large_clamp_t8,complete_only,0,0.977034,0.031213,5.649760e-05,3.759725e-04,1483,0.020809,4.046028e-05,0.041618,8.870432e-05,9.245613e-02,242,1,0,1,1,0
051_large_clamp,s3_complete_only_051_large_clamp_t9,complete_only,0,0.971859,0.032616,1.535013e-06,9.599023e-06,1076,0.021744,1.363199e-07,0.043488,2.014518e-06,0.000000e+00,197,1,0,1,1,1
051_large_clamp,s3_complete_only_051_large_clamp_t10,complete_only,23,0.961181,0.014180,4.662857e-04,1.465822e-03,1680,0.009453,4.016109e-04,0.018906,3.879360e-04,3.655208e+00,2697,1,0,1,1,0
051_large_clamp,s3_complete_only_051_large_clamp_t11,complete_only,9,0.947345,0.031419,0.000000e+00,0.000000e+00,758,0.020946,0.000000e+00,0.041892,2.600200e-07,0.000000e+00,187,1,0,1,1,1
051_large_clamp,s3_complete_only_051_large_clamp_t12,complete_only,0,0.970131,0.031297,3.463149e-06,7.176355e-06,2016,0.020865,1.553253e-06,0.041729,7.523669e-06,1.211886e-01,223,1,0,1,1,0
051_large_clamp,s3_complete_only_051_large_clamp_t13,complete_only,13,0.965886,0.032765,5.671481e-06,3.773620e-05,824,0.021844,3.430740e-06,0.043687,8.657037e-06,9.599667e-02,223,1,0,1,1,1
051_large_clamp,s3_complete_only_051_large_clamp_t14,complete_only,2,0.951759,0.031640,2.191085e-07,1.311329e-06,1286,0.021094,0.000000e+00,0.042187,1.542407e-06,0.000000e+00,244,1,0,1,1,0
051_large_clamp,s3_complete_only_051_large_clamp_t15,complete_only,7,0.965522,0.030463,3.198346e-04,1.516418e-03,4820,0.020309,1.305058e-03,0.040617,9.749014e-05,2.261862e+00,762,1,0,1,1,0
051_large_clamp,s3_complete_only_051_large_clamp_t16,complete_only,1,0.973334,0.025923,1.330513e-05,8.386393e-05,953,0.017282,5.981977e-05,0.034564,8.944060e-06,2.684535e-01,404,1,0,1,1,0
051_large_clamp,s3_complete_only_051_large_clamp_t17,complete_only,0,0.962318,0.029703,0.000000e+00,0.000000e+00,933,0.019802,0.000000e+00,0.039604,1.374160e-07,0.000000e+00,213,1,0,1,1,1
051_large_clamp,s3_complete_only_051_large_clamp_t18,complete_only,65,0.947742,0.031857,3.038508e-04,1.444805e-03,1761,0.021238,5.776542e-04,0.042475,1.070276e-04,1.154734e+00,658,1,0,1,1,1
051_large_clamp,s3_complete_only_051_large_clamp_t19,complete_only,82,0.941602,0.032229,6.296995e-05,3.432773e-04,953,0.021486,2.705300e-04,0.042972,3.672859e-05,2.338893e-01,172,1,0,1,1,1
051_large_clamp,s3_complete_only_051_large_clamp_t20,complete_only,0,0.961091,0.045738,2.793385e-06,5.745898e-06,3367,0.030492,2.102500e-06,0.060984,5.563170e-06,1.869291e-03,205,1,0,1,1,0
051_large_clamp,s3_complete_only_051_large_clamp_t21,complete_only,67,0.951937,0.030683,1.948848e-05,1.224735e-04,1544,0.020455,1.718084e-05,0.040910,1.492330e-05,8.979138e-02,182,1,0,1,1,1
051_large_clamp,s3_complete_only_051_large_clamp_t22,complete_only,1,0.961691,0.031586,7.495534e-06,3.052424e-05,1055,0.021057,9.957679e-06,0.042114,9.376085e-06,1.307970e-01,166,1,0,1,1,1
051_large_clamp,s3_complete_only_051_large_clamp_t23,complete_only,0,0.965107,0.032581,1.383546e-06,4.094548e-06,2258,0.021720,1.703771e-06,0.043441,7.402473e-06,3.799507e-01,432,1,0,1,1,0
051_large_clamp,s3_complete_only_051_large_clamp_t24,complete_only,7,0.962652,0.031885,8.486214e-06,4.217484e-05,952,0.021257,7.255323e-06,0.042514,1.150364e-05,5.072856e-03,149,1,0,1,1,1
022_windex_bottle,s3_epi_max_022_windex_bottle_t0,complete_epi,0,0.920887,0.044826,7.002482e-05,3.470392e-04,2523,0.029884,4.278656e-05,0.059768,1.696785e-04,2.662648e-01,137,1,0,1,1,0
022_windex_bottle,s3_epi_max_022_windex_bottle_t1,complete_epi,1,0.951610,0.045784,2.289591e-05,7.939531e-05,1875,0.030522,9.710588e-06,0.061045,6.771503e-05,1.261882e+00,698,1,0,1,1,0
022_windex_bottle,s3_epi_max_022_windex_bottle_t2,complete_epi,1204,0.515200,0.038484,8.422749e-05,2.034594e-04,1814,0.025656,7.058746e-05,0.051312,1.167699e-04,2.339912e-01,84,1,0,1,1,0
022_windex_bottle,s3_epi_max_022_windex_bottle_t3,complete_epi,15,0.941954,0.042870,1.325133e-05,2.494657e-05,1684,0.028580,5.989598e-06,0.057159,2.706475e-05,4.575829e-02,143,1,0,1,1,0
022_windex_bottle,s3_epi_max_022_windex_bottle_t4,complete_epi,40,0.934046,0.044662,4.492040e-06,1.530061e-05,1306,0.029774,2.321757e-06,0.059549,3.269199e-05,0.000000e+00,72,1,0,1,1,0
022_windex_bottle,s3_epi_max_022_windex_bottle_t5,complete_epi,31,0.926106,0.044734,7.613520e-06,2.421805e-05,1302,0.029823,2.532205e-06,0.059645,5.826971e-05,0.000000e+00,114,1,0,1,1,0
022_windex_bottle,s3_epi_max_022_windex_bottle_t6,complete_epi,0,0.957753,0.044913,2.590013e-05,1.037063e-04,1915,0.029942,3.001199e-05,0.059884,7.551001e-05,1.107869e+00,514,1,0,1,1,0
022_windex_bottle,s3_epi_max_022_windex_bottle_t7,complete_epi,0,0.910291,0.040318,3.978061e-06,1.071312e-05,5070,0.026879,2.541239e-06,0.053758,6.939598e-06,7.860970e-01,650,1,0,1,1,0
022_windex_bottle,s3_epi_max_022_windex_bottle_t8,complete_epi,54,0.910576,0.039400,1.484423e-04,8.195597e-04,1540,0.026267,1.874811e-04,0.052534,1.866637e-04,7.925951e-01,200,1,0,1,1,0
022_windex_bottle,s3_epi_max_022_windex_bottle_t9,complete_epi,69,0.886197,0.039192,2.813293e-05,1.202073e-04,2719,0.026128,6.090716e-05,0.052256,3.651621e-05,2.371882e-03,21,1,0,1,1,1
022_windex_bottle,s3_epi_max_022_windex_bottle_t11,complete_epi,1178,0.578359,0.039561,1.370075e-04,3.116001e-04,3129,0.026374,2.012671e-04,0.052747,1.089210e-04,1.648100e+00,775,1,0,1,1,0
022_windex_bottle,s3_epi_max_022_windex_bottle_t12,complete_epi,8,0.936272,0.039760,1.032986e-04,6.886581e-04,1660,0.026507,2.467708e-04,0.053013,1.105368e-04,4.135841e-01,65,1,0,1,1,0
022_windex_bottle,s3_epi_max_022_windex_bottle_t13,complete_epi,1,0.905521,0.039161,5.068617e-05,3.029933e-04,2459,0.026108,1.415755e-04,0.052215,5.248058e-05,5.356678e-01,286,1,0,1,1,1
022_windex_bottle,s3_epi_max_022_windex_bottle_t14,complete_epi,31,0.901536,0.009005,1.559638e-05,4.011076e-05,1908,0.006003,1.753852e-05,0.012007,1.417861e-05,4.992296e+00,4764,1,0,1,1,0
022_windex_bottle,s3_epi_max_022_windex_bottle_t15,complete_epi,500,0.765628,0.039690,9.001608e-05,2.373314e-04,3635,0.026460,2.522567e-04,0.052921,1.292525e-04,8.738245e-01,333,1,0,1,1,0
022_windex_bottle,s3_epi_max_022_windex_bottle_t16,complete_epi,81,0.930491,0.038795,1.179662e-04,6.370414e-04,1826,0.025864,1.166663e-04,0.051727,1.182401e-04,1.291767e+00,500,1,0,1,1,1
022_windex_bottle,s3_epi_max_022_windex_bottle_t17,complete_epi,0,0.897858,0.039679,3.596916e-06,6.638267e-06,4793,0.026453,1.770019e-06,0.052906,7.851063e-06,4.077412e-01,372,1,0,1,1,0
022_windex_bottle,s3_epi_max_022_windex_bottle_t18,complete_epi,301,0.851559,0.041331,5.679915e-06,1.256536e-05,5529,0.027554,4.683279e-06,0.055108,8.366090e-06,1.298101e+00,903,1,0,1,1,1
022_windex_bottle,s3_epi_max_022_windex_bottle_t19,complete_epi,279,0.876608,0.036812,5.373234e-06,8.274990e-06,4854,0.024541,2.119702e-05,0.049083,6.643872e-06,2.264216e+00,1499,1,0,1,1,0
022_windex_bottle,s3_epi_max_022_windex_bottle_t20,complete_epi,2,0.917729,0.032357,2.331297e-05,1.122879e-04,1659,0.021571,1.826046e-05,0.043143,4.715877e-05,9.738148e-01,710,1,0,1,1,1
022_windex_bottle,s3_epi_max_022_windex_bottle_t21,complete_epi,1,0.960619,0.041946,1.413661e-05,9.775015e-05,722,0.027964,2.339479e-06,0.055928,4.384091e-05,0.000000e+00,152,1,0,1,1,0
022_windex_bottle,s3_epi_max_022_windex_bottle_t22,complete_epi,153,0.908870,0.029835,1.135261e-04,5.760033e-04,823,0.019890,9.562843e-05,0.039779,1.099681e-04,0.000000e+00,143,1,0,1,1,0
022_windex_bottle,s3_epi_max_022_windex_bottle_t23,complete_epi,0,0.972907,0.040906,2.811165e-05,1.404187e-04,1851,0.027271,1.269570e-05,0.054542,5.776560e-05,5.960650e-01,311,1,0,1,1,0
022_windex_bottle,s3_epi_max_022_windex_bottle_t24,complete_epi,340,0.878310,0.029970,2.562245e-05,6.553530e-05,856,0.019980,3.287925e-05,0.039961,3.062321e-05,2.975483e-02,174,1,0,1,1,0
006_mustard_bottle,s3_epi_mean_006_mustard_bottle_t0,complete_epi,51,0.857888,0.031558,3.011143e-06,1.250885e-05,1724,0.021039,4.535525e-06,0.042078,3.966233e-06,6.514139e-01,450,1,0,1,1,1
006_mustard_bottle,s3_epi_mean_006_mustard_bottle_t1,complete_epi,1,0.909057,0.032227,5.763205e-06,2.002991e-05,1678,0.021485,1.033265e-05,0.042970,8.699509e-06,8.234317e-01,547,1,0,1,1,1
006_mustard_bottle,s3_epi_mean_006_mustard_bottle_t2,complete_epi,0,0.895565,0.031732,5.810593e-06,1.913719e-05,2126,0.021155,4.271923e-06,0.042309,1.641771e-05,4.199154e-01,694,1,0,1,1,1
006_mustard_bottle,s3_epi_mean_006_mustard_bottle_t3,complete_epi,3,0.884270,0.031275,3.391737e-06,1.276249e-05,1597,0.020850,5.059878e-06,0.041700,4.739227e-06,7.652567e-01,457,1,0,1,1,1
006_mustard_bottle,s3_epi_mean_006_mustard_bottle_t4,complete_epi,30,0.814216,0.031470,5.571830e-06,2.184915e-05,1445,0.020980,8.932363e-06,0.041960,9.585785e-06,2.978822e-01,326,1,0,1,1,1
006_mustard_bottle,s3_epi_mean_006_mustard_bottle_t5,complete_epi,0,0.848982,0.031388,4.706386e-06,1.512117e-05,1423,0.020925,8.258967e-06,0.041851,6.788294e-06,2.629259e-01,290,1,0,1,1,1
006_mustard_bottle,s3_epi_mean_006_mustard_bottle_t6,complete_epi,0,0.877725,0.031326,4.101808e-06,1.208605e-05,1594,0.020884,6.475496e-06,0.041768,6.663643e-06,7.926370e-01,541,1,0,1,1,1
006_mustard_bottle,s3_epi_mean_006_mustard_bottle_t7,complete_epi,26,0.959852,0.017782,1.775223e-05,7.860594e-05,440,0.011854,3.836536e-05,0.023709,3.008228e-05,8.842874e-01,467,1,0,1,1,0
006_mustard_bottle,s3_epi_mean_006_mustard_bottle_t8,complete_epi,14,0.936949,0.029890,2.087475e-06,4.854861e-06,1820,0.019927,2.197141e-06,0.039854,2.890321e-06,3.591319e-01,557,1,0,1,1,0
006_mustard_bottle,s3_epi_mean_006_mustard_bottle_t9,complete_epi,0,0.841428,0.032556,4.817685e-06,1.933321e-05,1618,0.021704,8.444638e-06,0.043409,7.380483e-06,3.662604e-01,283,1,0,1,1,1
006_mustard_bottle,s3_epi_mean_006_mustard_bottle_t10,complete_epi,6,0.932208,0.029765,2.292259e-06,8.184391e-06,1774,0.019844,2.072589e-06,0.039687,3.126114e-06,1.359949e-01,476,1,0,1,1,1
006_mustard_bottle,s3_epi_mean_006_mustard_bottle_t11,complete_epi,134,0.763909,0.032801,6.540893e-06,3.106140e-05,2216,0.021867,7.423947e-06,0.043734,1.707234e-05,7.078574e-01,457,1,0,1,1,1
006_mustard_bottle,s3_epi_mean_006_mustard_bottle_t12,complete_epi,0,0.934990,0.027640,3.268715e-05,2.244384e-04,892,0.018427,6.352656e-05,0.036853,1.090437e-04,1.515937e-02,114,0,0,1,1,
006_mustard_bottle,s3_epi_mean_006_mustard_bottle_t13,complete_epi,0,0.865455,0.032839,3.552439e-06,1.365315e-05,1640,0.021893,5.523239e-06,0.043786,6.001394e-06,2.038303e-01,315,1,0,1,1,0
006_mustard_bottle,s3_epi_mean_006_mustard_bottle_t14,complete_epi,23,0.939261,0.029605,1.875632e-06,6.244020e-06,1669,0.019736,1.779527e-06,0.039473,2.543280e-06,1.989437e-01,497,1,0,1,1,1
006_mustard_bottle,s3_epi_mean_006_mustard_bottle_t15,complete_epi,92,0.791026,0.032266,1.420030e-05,8.229961e-05,1962,0.021511,1.380314e-05,0.043021,3.974074e-05,1.233457e+00,902,1,0,1,1,1
006_mustard_bottle,s3_epi_mean_006_mustard_bottle_t16,complete_epi,14,0.948366,0.012284,1.151705e-06,9.805798e-06,1531,0.008189,1.860922e-06,0.016379,2.250626e-06,1.931263e+00,3616,1,0,1,1,1
006_mustard_bottle,s3_epi_mean_006_mustard_bottle_t17,complete_epi,670,0.733458,0.034885,3.378414e-06,1.207256e-05,2011,0.023257,3.830672e-06,0.046513,4.358733e-06,3.495619e-01,529,1,0,1,1,1
006_mustard_bottle,s3_epi_mean_006_mustard_bottle_t18,complete_epi,515,0.731947,0.032680,1.230037e-05,7.849818e-05,1803,0.021787,1.431837e-05,0.043574,3.007121e-05,8.999655e-01,619,1,0,1,1,1
006_mustard_bottle,s3_epi_mean_006_mustard_bottle_t19,complete_epi,198,0.834590,0.033098,1.077073e-05,4.822538e-05,1958,0.022065,1.600908e-05,0.044131,2.387638e-05,8.436680e-01,506,1,0,1,1,1
006_mustard_bottle,s3_epi_mean_006_mustard_bottle_t20,complete_epi,0,0.962098,0.023735,2.370910e-05,1.393112e-04,1131,0.015823,6.633690e-05,0.031647,1.968190e-05,1.377317e+00,229,1,0,1,1,0
006_mustard_bottle,s3_epi_mean_006_mustard_bottle_t21,complete_epi,196,0.846562,0.032291,1.033682e-05,8.971416e-05,2014,0.021528,1.290296e-05,0.043055,2.803465e-05,8.037487e-01,581,1,0,1,1,1
006_mustard_bottle,s3_epi_mean_006_mustard_bottle_t22,complete_epi,607,0.747354,0.050864,9.450789e-05,4.165373e-04,1312,0.033909,1.554498e-04,0.067819,6.656328e-05,8.183089e-01,76,1,0,1,1,0
006_mustard_bottle,s3_epi_mean_006_mustard_bottle_t24,complete_epi,51,0.876885,0.031793,3.170008e-06,1.034208e-05,1775,0.021195,5.121251e-06,0.042390,4.305612e-06,7.164473e-01,473,1,0,1,1,1
011_banana,s3_epi_mean_011_banana_t0,complete_epi,1611,0.424347,0.032562,7.985267e-05,2.281799e-04,2123,0.021708,1.001370e-04,0.043416,1.497128e-04,1.407216e+00,687,1,0,1,1,1
011_banana,s3_epi_mean_011_banana_t1,complete_epi,1878,0.100906,0.033328,3.414631e-05,3.226311e-04,3156,0.022219,7.867794e-05,0.044438,7.172935e-05,2.270245e+00,795,1,0,1,1,1
011_banana,s3_epi_mean_011_banana_t2,complete_epi,1306,0.730371,0.031845,6.212241e-05,4.775470e-05,2315,0.021230,1.694309e-04,0.042460,9.734381e-05,1.164761e+00,954,1,0,1,1,1
011_banana,s3_epi_mean_011_banana_t3,complete_epi,1557,0.592746,0.032088,5.340043e-06,3.434977e-05,2667,0.021392,7.674482e-06,0.042784,1.080287e-05,5.413179e-01,466,1,0,1,1,1
011_banana,s3_epi_mean_011_banana_t4,complete_epi,1743,0.377969,0.030271,4.651976e-05,4.782974e-04,2207,0.020181,2.855146e-04,0.040362,9.001404e-05,7.995960e-01,571,1,0,1,1,1
011_banana,s3_epi_mean_011_banana_t5,complete_epi,1779,0.304808,0.030137,2.134890e-05,1.517394e-05,1766,0.020091,7.157047e-05,0.040183,4.849952e-05,1.202381e+00,847,1,0,1,1,0
011_banana,s3_epi_mean_011_banana_t6,complete_epi,1931,0.071978,0.033206,3.186446e-05,3.226106e-04,1542,0.022137,9.332460e-05,0.044275,4.922674e-05,7.241301e-01,363,1,0,1,1,1
011_banana,s3_epi_mean_011_banana_t7,complete_epi,1340,0.706865,0.031869,2.855758e-05,2.267438e-04,1756,0.021246,1.265629e-04,0.042492,2.033766e-05,3.983105e-01,464,1,0,1,1,0
011_banana,s3_epi_mean_011_banana_t8,complete_epi,1694,0.398197,0.033853,6.068125e-06,4.101729e-05,4074,0.022569,9.646783e-06,0.045138,1.452228e-05,7.170783e-01,901,1,0,1,1,0
011_banana,s3_epi_mean_011_banana_t9,complete_epi,706,0.874933,0.031323,4.937921e-05,9.893768e-05,2271,0.020882,8.526489e-05,0.041764,8.220743e-05,5.496009e-01,401,1,0,1,1,1
011_banana,s3_epi_mean_011_banana_t10,complete_epi,805,0.839386,0.031201,2.348869e-05,1.324404e-04,2266,0.020801,1.405951e-04,0.041602,2.936525e-05,8.053286e-01,631,1,0,1,1,0
011_banana,s3_epi_mean_011_banana_t11,complete_epi,1740,0.386130,0.030892,5.886556e-05,6.648678e-04,3090,0.020595,6.620783e-05,0.041189,1.432343e-04,7.805755e-01,759,1,0,1,1,1
011_banana,s3_epi_mean_011_banana_t12,complete_epi,1763,0.325900,0.033864,4.938161e-05,4.579956e-04,2083,0.022576,1.693603e-04,0.045152,5.441683e-05,2.010674e+00,1014,1,0,1,1,0
011_banana,s3_epi_mean_011_banana_t13,complete_epi,1037,0.790542,0.031390,5.846901e-05,3.925441e-04,1955,0.020927,4.611718e-04,0.041853,9.276281e-05,1.064085e+00,760,1,0,1,1,1
011_banana,s3_epi_mean_011_banana_t14,complete_epi,628,0.868894,0.031648,5.559829e-06,3.708018e-05,2272,0.021099,2.790976e-05,0.042197,9.173951e-06,6.448296e-01,571,1,0,1,1,0
011_banana,s3_epi_mean_011_banana_t15,complete_epi,1700,0.348221,0.032240,4.124896e-05,7.362360e-05,2579,0.021493,4.146169e-05,0.042986,1.201137e-04,3.535449e-01,306,1,0,1,1,0
011_banana,s3_epi_mean_011_banana_t16,complete_epi,1177,0.734835,0.031688,4.965523e-06,1.557814e-05,2797,0.021125,1.608924e-05,0.042250,6.968364e-06,1.207952e+00,1015,1,0,1,1,1
011_banana,s3_epi_mean_011_banana_t17,complete_epi,1063,0.758258,0.031060,8.398602e-05,6.422756e-04,1046,0.020707,2.522491e-04,0.041414,6.296939e-05,1.119972e+00,791,1,0,1,1,0
011_banana,s3_epi_mean_011_banana_t18,complete_epi,1201,0.745517,0.031936,8.427204e-05,7.076263e-04,2102,0.021291,2.184616e-04,0.042581,1.797606e-04,1.686692e+00,567,1,0,1,1,0
011_banana,s3_epi_mean_011_banana_t19,complete_epi,1021,0.846404,0.032453,1.260566e-04,1.197749e-03,1869,0.021636,3.316063e-04,0.043271,1.886060e-04,1.024588e+00,476,1,0,1,1,1
011_banana,s3_epi_mean_011_banana_t20,complete_epi,1065,0.785085,0.032619,1.992399e-05,1.663196e-04,2197,0.021746,6.240795e-05,0.043492,3.117577e-05,1.137439e+00,735,1,0,1,1,1
011_banana,s3_epi_mean_011_banana_t21,complete_epi,1870,0.219252,0.030292,7.130805e-05,8.521430e-04,1775,0.020195,2.830426e-04,0.040389,1.402892e-04,7.142561e-01,548,1,0,1,1,0
011_banana,s3_epi_mean_011_banana_t22,complete_epi,1215,0.665224,0.033019,1.137187e-05,6.389057e-05,1543,0.022013,8.487028e-06,0.044025,4.297648e-05,0.000000e+00,130,1,0,1,1,0
011_banana,s3_epi_mean_011_banana_t23,complete_epi,1653,0.506959,0.032813,1.119409e-04,1.074979e-03,1824,0.021875,2.301865e-04,0.043751,2.019905e-04,9.474357e-01,522,1,0,1,1,0
011_banana,s3_epi_mean_011_banana_t24,complete_epi,1253,0.640509,0.033068,6.660620e-05,3.311692e-04,3158,0.022045,3.130363e-04,0.044091,1.143743e-04,1.237229e+00,817,1,0,1,1,1
025_mug,s3_hetero_patch_025_mug_t0,hetero_patch,141,0.920947,0.020518,3.772559e-06,6.955363e-06,511,0.013679,4.037809e-06,0.027357,3.586150e-06,2.715485e-01,176,1,0,1,1,1
025_mug,s3_hetero_patch_025_mug_t1,hetero_patch,127,0.901512,0.020130,3.192960e-06,7.824301e-06,554,0.013420,3.589950e-06,0.026839,3.145845e-06,5.263992e-01,354,1,0,1,1,1
025_mug,s3_hetero_patch_025_mug_t2,hetero_patch,21,0.947703,0.022134,1.204120e-06,2.444484e-06,795,0.014756,1.126881e-06,0.029511,1.290661e-06,1.352747e-01,191,1,0,1,1,1
025_mug,s3_hetero_patch_025_mug_t3,hetero_patch,60,0.913661,0.021877,4.660194e-07,1.506442e-06,358,0.014584,0.000000e+00,0.029169,9.585976e-07,0.000000e+00,92,1,0,1,1,1
025_mug,s3_hetero_patch_025_mug_t4,hetero_patch,5,0.945908,0.020037,4.655405e-06,1.349208e-05,922,0.013358,4.509219e-06,0.026716,4.573665e-06,4.203399e-01,212,1,0,1,1,1
025_mug,s3_hetero_patch_025_mug_t5,hetero_patch,11,0.948082,0.019957,7.025865e-06,1.606213e-05,467,0.013305,6.653105e-06,0.026610,6.648649e-06,2.972266e-01,135,1,0,1,1,1
025_mug,s3_hetero_patch_025_mug_t6,hetero_patch,156,0.905203,0.020594,3.108033e-06,6.010407e-06,457,0.013729,2.941036e-06,0.027459,3.015827e-06,4.544867e-01,363,1,0,1,1,1
025_mug,s3_hetero_patch_025_mug_t7,hetero_patch,80,0.932372,0.022185,8.200505e-06,2.683547e-05,586,0.014790,7.541361e-06,0.029580,8.520181e-06,3.597808e-01,157,1,0,1,1,1
025_mug,s3_hetero_patch_025_mug_t9,hetero_patch,120,0.910242,0.020359,1.687322e-06,3.454495e-06,1073,0.013572,1.687825e-06,0.027145,1.581298e-06,3.018804e-01,306,1,0,1,1,1
025_mug,s3_hetero_patch_025_mug_t10,hetero_patch,69,0.916336,0.019164,3.106815e-06,7.712697e-06,423,0.012776,3.789801e-06,0.025552,3.290634e-06,1.472998e-01,114,1,0,1,1,1
025_mug,s3_hetero_patch_025_mug_t11,hetero_patch,104,0.919090,0.020361,6.348972e-06,1.749457e-05,594,0.013574,6.110437e-06,0.027148,6.860504e-06,1.835648e-01,116,1,0,1,1,1
025_mug,s3_hetero_patch_025_mug_t12,hetero_patch,615,0.723796,0.027641,1.567371e-06,3.814117e-06,340,0.018427,1.781015e-06,0.036854,1.356624e-06,5.437573e-02,76,1,0,1,1,0
025_mug,s3_hetero_patch_025_mug_t13,hetero_patch,73,0.927595,0.020300,1.215141e-06,2.151966e-06,1198,0.013534,1.202175e-06,0.027067,1.136762e-06,4.558089e-01,500,1,0,1,1,0
025_mug,s3_hetero_patch_025_mug_t14,hetero_patch,89,0.935557,0.024475,1.300328e-06,3.853731e-06,817,0.016316,1.273313e-06,0.032633,1.393801e-06,1.784811e-01,213,1,0,1,1,1
025_mug,s3_hetero_patch_025_mug_t15,hetero_patch,116,0.914645,0.020503,1.286006e-06,2.548282e-06,874,0.013669,1.297523e-06,0.027337,1.220009e-06,1.665195e-01,201,1,0,1,1,1
025_mug,s3_hetero_patch_025_mug_t16,hetero_patch,2,0.898099,0.020606,1.485701e-05,3.865829e-05,127,0.013737,3.723745e-05,0.027475,1.184512e-05,6.894716e-03,29,1,0,1,1,1
025_mug,s3_hetero_patch_025_mug_t17,hetero_patch,37,0.938000,0.021900,6.850757e-06,1.616803e-05,622,0.014600,8.748998e-06,0.029200,6.422564e-06,3.885652e-01,164,1,0,1,1,1
025_mug,s3_hetero_patch_025_mug_t18,hetero_patch,206,0.892228,0.020916,4.993933e-06,1.958840e-05,316,0.013944,3.332702e-06,0.027887,6.603112e-06,3.297478e-01,162,1,0,1,1,1
025_mug,s3_hetero_patch_025_mug_t19,hetero_patch,13,0.941840,0.020787,5.166302e-06,2.987500e-05,509,0.013858,1.784227e-05,0.027716,4.547272e-06,1.160955e-01,136,1,0,1,1,1
025_mug,s3_hetero_patch_025_mug_t20,hetero_patch,138,0.892395,0.030175,1.429358e-05,4.704620e-05,928,0.020117,1.971156e-05,0.040233,1.440741e-05,6.704827e-01,295,1,0,1,1,0
025_mug,s3_hetero_patch_025_mug_t21,hetero_patch,206,0.845937,0.019713,1.204881e-06,3.446975e-06,395,0.013142,1.257800e-06,0.026284,1.557133e-06,2.546830e-01,248,1,0,1,1,1
025_mug,s3_hetero_patch_025_mug_t22,hetero_patch,84,0.930082,0.022610,4.211330e-06,1.077695e-05,576,0.015074,3.612232e-06,0.030147,4.800411e-06,2.565230e-01,148,1,0,1,1,1
025_mug,s3_hetero_patch_025_mug_t23,hetero_patch,156,0.760176,0.020790,7.312834e-06,3.364040e-05,203,0.013860,1.517209e-05,0.027720,7.922868e-06,1.456145e-01,64,1,0,1,1,1
025_mug,s3_hetero_patch_025_mug_t24,hetero_patch,149,0.896241,0.023546,4.496523e-06,1.063333e-05,584,0.015697,4.941500e-06,0.031395,4.744999e-06,2.975420e-01,162,1,0,1,1,0
051_large_clamp,s3_hetero_patch_051_large_clamp_t0,hetero_patch,149,0.941944,0.030610,5.534539e-06,1.743209e-05,1719,0.020407,7.341300e-06,0.040814,5.825088e-06,3.957571e-01,308,1,0,1,1,1
051_large_clamp,s3_hetero_patch_051_large_clamp_t1,hetero_patch,93,0.955438,0.030229,8.451993e-07,2.982782e-06,847,0.020153,0.000000e+00,0.040306,1.147929e-06,0.000000e+00,141,1,0,1,1,0
051_large_clamp,s3_hetero_patch_051_large_clamp_t2,hetero_patch,0,0.965882,0.037658,1.022321e-06,3.967537e-06,1946,0.025105,8.974052e-07,0.050211,1.410630e-06,8.898760e-02,250,1,0,1,1,1
051_large_clamp,s3_hetero_patch_051_large_clamp_t3,hetero_patch,83,0.956773,0.030761,2.602276e-06,5.221595e-06,2800,0.020508,3.059349e-06,0.041015,3.254870e-06,7.318166e-01,623,1,0,1,1,1
051_large_clamp,s3_hetero_patch_051_large_clamp_t4,hetero_patch,0,0.963580,0.029645,1.763037e-06,4.940809e-06,1279,0.019763,2.016148e-06,0.039526,1.637442e-06,0.000000e+00,164,1,0,1,1,1
051_large_clamp,s3_hetero_patch_051_large_clamp_t5,hetero_patch,32,0.952235,0.029771,4.608265e-06,2.416425e-05,1517,0.019848,3.872174e-06,0.039695,6.185621e-06,2.178751e-01,174,1,0,1,1,1
051_large_clamp,s3_hetero_patch_051_large_clamp_t6,hetero_patch,105,0.957727,0.030006,0.000000e+00,0.000000e+00,555,0.020004,0.000000e+00,0.040008,1.363091e-06,0.000000e+00,134,1,0,1,1,0
051_large_clamp,s3_hetero_patch_051_large_clamp_t8,hetero_patch,49,0.963602,0.031212,1.586165e-06,6.166256e-06,2314,0.020808,8.392543e-07,0.041616,2.785209e-06,2.571710e-01,390,1,0,1,1,0
051_large_clamp,s3_hetero_patch_051_large_clamp_t9,hetero_patch,0,0.971300,0.032622,2.219827e-06,1.070479e-05,1278,0.021748,2.229679e-06,0.043496,2.501992e-06,1.182708e-02,199,1,0,1,1,1
051_large_clamp,s3_hetero_patch_051_large_clamp_t11,hetero_patch,0,0.959492,0.031397,0.000000e+00,0.000000e+00,693,0.020931,0.000000e+00,0.041863,2.707427e-07,0.000000e+00,179,1,0,1,1,0
051_large_clamp,s3_hetero_patch_051_large_clamp_t12,hetero_patch,2,0.972816,0.031665,1.116741e-06,2.930928e-06,2753,0.021110,1.166704e-06,0.042220,2.246854e-06,2.298008e-01,354,1,0,1,1,0
051_large_clamp,s3_hetero_patch_051_large_clamp_t13,hetero_patch,23,0.964792,0.032764,6.235415e-06,3.299016e-05,838,0.021843,6.109674e-06,0.043686,4.086846e-06,3.027587e-02,206,1,0,1,1,1
051_large_clamp,s3_hetero_patch_051_large_clamp_t14,hetero_patch,6,0.933084,0.024205,1.598311e-04,6.011082e-04,226,0.016136,3.729601e-04,0.032273,1.045007e-04,1.074432e+00,88,1,0,1,1,0
051_large_clamp,s3_hetero_patch_051_large_clamp_t15,hetero_patch,8,0.955522,0.031525,6.288197e-07,0.000000e+00,731,0.021017,0.000000e+00,0.042033,2.375765e-06,0.000000e+00,153,1,0,1,1,1
051_large_clamp,s3_hetero_patch_051_large_clamp_t16,hetero_patch,2,0.957095,0.025807,2.487331e-06,8.635880e-06,1693,0.017205,1.870595e-06,0.034410,3.535454e-06,1.449683e-01,308,1,0,1,1,1
051_large_clamp,s3_hetero_patch_051_large_clamp_t17,hetero_patch,2,0.950854,0.038825,6.891276e-06,2.205465e-05,5021,0.025884,1.121584e-04,0.051767,8.161425e-06,2.560753e+00,1369,1,0,1,1,1
051_large_clamp,s3_hetero_patch_051_large_clamp_t18,hetero_patch,8,0.952161,0.032031,3.821181e-06,5.061112e-06,1035,0.021354,2.318495e-06,0.042709,4.683379e-06,0.000000e+00,167,1,0,1,1,1
051_large_clamp,s3_hetero_patch_051_large_clamp_t20,hetero_patch,2,0.970074,0.033348,2.304789e-06,1.049144e-05,1657,0.022232,1.278077e-06,0.044465,3.742968e-06,2.319588e-01,327,1,0,1,1,1
051_large_clamp,s3_hetero_patch_051_large_clamp_t21,hetero_patch,90,0.949594,0.030674,5.382770e-06,1.578212e-05,1821,0.020449,5.676522e-06,0.040899,5.928136e-06,9.926253e-02,199,1,0,1,1,1
051_large_clamp,s3_hetero_patch_051_large_clamp_t22,hetero_patch,11,0.952774,0.031393,2.692414e-06,6.705923e-06,1124,0.020928,2.399862e-06,0.041857,3.853614e-06,2.694855e-03,155,1,0,1,1,0
051_large_clamp,s3_hetero_patch_051_large_clamp_t23,hetero_patch,0,0.963900,0.032543,1.673613e-06,3.027403e-06,3607,0.021695,1.707572e-06,0.043390,2.743744e-06,5.189575e-01,540,1,0,1,1,1
051_large_clamp,s3_hetero_patch_051_large_clamp_t24,hetero_patch,8,0.961123,0.031134,4.636312e-06,1.897405e-05,1556,0.020756,4.063970e-06,0.041512,6.065216e-06,1.289653e-01,196,1,0,1,1,1
022_windex_bottle,s3_duarte_mcd_022_windex_bottle_t0,duarte_mcd,21,0.914523,,,,,,,,,2.294708e-01,210,1,0,1,1,0
022_windex_bottle,s3_duarte_mcd_022_windex_bottle_t1,duarte_mcd,33,0.941785,,,,,,,,,0.000000e+00,79,1,0,1,1,0
022_windex_bottle,s3_duarte_mcd_022_windex_bottle_t2,duarte_mcd,709,0.691519,,,,,,,,,2.415948e-01,248,1,0,1,1,0
022_windex_bottle,s3_duarte_mcd_022_windex_bottle_t3,duarte_mcd,9,0.937263,,,,,,,,,0.000000e+00,36,1,0,1,1,0
022_windex_bottle,s3_duarte_mcd_022_windex_bottle_t4,duarte_mcd,99,0.916587,,,,,,,,,0.000000e+00,92,1,0,1,1,0
022_windex_bottle,s3_duarte_mcd_022_windex_bottle_t5,duarte_mcd,56,0.921556,,,,,,,,,0.000000e+00,93,1,0,1,1,0
022_windex_bottle,s3_duarte_mcd_022_windex_bottle_t6,duarte_mcd,6,0.952642,,,,,,,,,1.275092e-02,100,1,0,1,1,0
022_windex_bottle,s3_duarte_mcd_022_windex_bottle_t7,duarte_mcd,544,0.847680,,,,,,,,,0.000000e+00,138,1,0,1,1,0
022_windex_bottle,s3_duarte_mcd_022_windex_bottle_t8,duarte_mcd,90,0.915192,,,,,,,,,9.140236e-02,31,1,0,1,1,0
022_windex_bottle,s3_duarte_mcd_022_windex_bottle_t9,duarte_mcd,7,0.939504,,,,,,,,,1.524528e-01,94,1,0,1,1,1
022_windex_bottle,s3_duarte_mcd_022_windex_bottle_t11,duarte_mcd,494,0.674231,,,,,,,,,2.277624e-01,129,1,0,1,1,0
022_windex_bottle,s3_duarte_mcd_022_windex_bottle_t12,duarte_mcd,1130,0.460509,,,,,,,,,1.852324e-01,66,1,0,1,1,0
022_windex_bottle,s3_duarte_mcd_022_windex_bottle_t13,duarte_mcd,1,0.946330,,,,,,,,,1.511046e-01,125,1,0,1,1,0
022_windex_bottle,s3_duarte_mcd_022_windex_bottle_t14,duarte_mcd,249,0.862325,,,,,,,,,9.499714e-02,80,1,0,1,1,0
022_windex_bottle,s3_duarte_mcd_022_windex_bottle_t15,duarte_mcd,225,0.775998,,,,,,,,,1.858399e-02,25,1,0,1,1,0
022_windex_bottle,s3_duarte_mcd_022_windex_bottle_t16,duarte_mcd,102,0.876040,,,,,,,,,2.485356e-01,121,1,0,1,1,0
022_windex_bottle,s3_duarte_mcd_022_windex_bottle_t17,duarte_mcd,46,0.951115,,,,,,,,,0.000000e+00,107,1,0,1,1,0
022_windex_bottle,s3_duarte_mcd_022_windex_bottle_t18,duarte_mcd,71,0.889791,,,,,,,,,0.000000e+00,90,1,0,1,1,0
022_windex_bottle,s3_duarte_mcd_022_windex_bottle_t19,duarte_mcd,396,0.777261,,,,,,,,,0.000000e+00,51,1,0,1,1,0
022_windex_bottle,s3_duarte_mcd_022_windex_bottle_t20,duarte_mcd,2,0.896706,,,,,,,,,1.147597e-02,187,1,0,1,1,1
022_windex_bottle,s3_duarte_mcd_022_windex_bottle_t21,duarte_mcd,7,0.953562,,,,,,,,,0.000000e+00,150,1,0,1,1,0
022_windex_bottle,s3_duarte_mcd_022_windex_bottle_t22,duarte_mcd,340,0.891917,,,,,,,,,5.917430e-01,556,1,0,1,1,0
022_windex_bottle,s3_duarte_mcd_022_windex_bottle_t23,duarte_mcd,3,0.960208,,,,,,,,,3.843119e-03,75,1,0,1,1,0
022_windex_bottle,s3_duarte_mcd_022_windex_bottle_t24,duarte_mcd,81,0.917257,,,,,,,,,4.996457e-01,579,1,0,1,1,0
021_bleach_cleanser,s0_partial_only_021_bleach_cleanser_t0,partial_only,32,0.932906,,,,,,,,,,,1,0,1,1,0
021_bleach_cleanser,s0_partial_only_021_bleach_cleanser_t1,partial_only,71,0.939578,,,,,,,,,,,1,0,1,1,0
021_bleach_cleanser,s0_partial_only_021_bleach_cleanser_t2,partial_only,0,0.959864,,,,,,,,,,,1,0,1,1,0
021_bleach_cleanser,s0_partial_only_021_bleach_cleanser_t3,partial_only,3,0.960788,,,,,,,,,,,1,0,1,1,1
021_bleach_cleanser,s0_partial_only_021_bleach_cleanser_t4,partial_only,5,0.954887,,,,,,,,,,,1,0,1,1,1
021_bleach_cleanser,s0_partial_only_021_bleach_cleanser_t6,partial_only,0,0.937486,,,,,,,,,,,1,0,1,1,1
021_bleach_cleanser,s0_partial_only_021_bleach_cleanser_t7,partial_only,0,0.975942,,,,,,,,,,,1,0,1,1,0
021_bleach_cleanser,s0_partial_only_021_bleach_cleanser_t8,partial_only,15,0.899156,,,,,,,,,,,1,0,1,1,1
021_bleach_cleanser,s0_partial_only_021_bleach_cleanser_t9,partial_only,102,0.885137,,,,,,,,,,,1,0,1,1,0
021_bleach_cleanser,s0_partial_only_021_bleach_cleanser_t10,partial_only,8,0.936695,,,,,,,,,,,1,0,1,1,1
021_bleach_cleanser,s0_partial_only_021_bleach_cleanser_t11,partial_only,15,0.932997,,,,,,,,,,,1,0,1,1,1
021_bleach_cleanser,s0_partial_only_021_bleach_cleanser_t12,partial_only,33,0.925066,,,,,,,,,,,1,0,1,1,1
021_bleach_cleanser,s0_partial_only_021_bleach_cleanser_t13,partial_only,3,0.932362,,,,,,,,,,,1,0,1,1,0
021_bleach_cleanser,s0_partial_only_021_bleach_cleanser_t14,partial_only,431,0.861391,,,,,,,,,,,1,0,1,1,0
021_bleach_cleanser,s0_partial_only_021_bleach_cleanser_t15,partial_only,23,0.935650,,,,,,,,,,,1,0,1,1,1
021_bleach_cleanser,s0_partial_only_021_bleach_cleanser_t16,partial_only,5,0.938019,,,,,,,,,,,1,0,1,1,1
021_bleach_cleanser,s0_partial_only_021_bleach_cleanser_t18,partial_only,0,0.955904,,,,,,,,,,,1,0,1,1,1
021_bleach_cleanser,s0_partial_only_021_bleach_cleanser_t19,partial_only,15,0.939458,,,,,,,,,,,1,0,1,1,0
021_bleach_cleanser,s0_partial_only_021_bleach_cleanser_t20,partial_only,34,0.937548,,,,,,,,,,,1,0,1,1,1
021_bleach_cleanser,s0_partial_only_021_bleach_cleanser_t22,partial_only,33,0.936371,,,,,,,,,,,1,0,1,1,1
021_bleach_cleanser,s0_partial_only_021_bleach_cleanser_t23,partial_only,1176,0.854308,,,,,,,,,,,1,0,1,1,0
021_bleach_cleanser,s0_partial_only_021_bleach_cleanser_t24,partial_only,69,0.959872,,,,,,,,,,,1,0,1,1,0
061_foam_brick,s0_partial_only_061_foam_brick_t0,partial_only,496,0.882753,,,,,,,,,,,1,0,1,1,1
061_foam_brick,s0_partial_only_061_foam_brick_t1,partial_only,242,0.946239,,,,,,,,,,,1,0,1,1,1
061_foam_brick,s0_partial_only_061_foam_brick_t2,partial_only,136,0.915455,,,,,,,,,,,1,0,1,1,1
061_foam_brick,s0_partial_only_061_foam_brick_t3,partial_only,784,0.803242,,,,,,,,,,,1,0,1,1,1
061_foam_brick,s0_partial_only_061_foam_brick_t4,partial_only,281,0.958316,,,,,,,,,,,1,0,1,1,1
061_foam_brick,s0_partial_only_061_foam_brick_t5,partial_only,130,0.966712,,,,,,,,,,,1,0,1,1,1
061_foam_brick,s0_partial_only_061_foam_brick_t6,partial_only,216,0.938176,,,,,,,,,,,1,0,1,1,1
061_foam_brick,s0_partial_only_061_foam_brick_t7,partial_only,97,0.928454,,,,,,,,,,,1,0,1,1,1
061_foam_brick,s0_partial_only_061_foam_brick_t8,partial_only,553,0.871050,,,,,,,,,,,1,0,1,1,1
061_foam_brick,s0_partial_only_061_foam_brick_t9,partial_only,27,0.934539,,,,,,,,,,,1,0,1,1,1
061_foam_brick,s0_partial_only_061_foam_brick_t10,partial_only,326,0.936219,,,,,,,,,,,1,0,1,1,1
061_foam_brick,s0_partial_only_061_foam_brick_t11,partial_only,627,0.849936,,,,,,,,,,,1,0,1,1,1
061_foam_brick,s0_partial_only_061_foam_brick_t12,partial_only,414,0.936932,,,,,,,,,,,1,0,1,1,1
061_foam_brick,s0_partial_only_061_foam_brick_t13,partial_only,147,0.917603,,,,,,,,,,,1,0,1,1,1
061_foam_brick,s0_partial_only_061_foam_brick_t14,partial_only,624,0.850762,,,,,,,,,,,1,0,1,1,1
061_foam_brick,s0_partial_only_061_foam_brick_t15,partial_only,575,0.822324,,,,,,,,,,,1,0,1,1,1
061_foam_brick,s0_partial_only_061_foam_brick_t16,partial_only,141,0.943080,,,,,,,,,,,1,0,1,1,1
061_foam_brick,s0_partial_only_061_foam_brick_t17,partial_only,25,0.951958,,,,,,,,,,,1,0,1,1,1
061_foam_brick,s0_partial_only_061_foam_brick_t18,partial_only,213,0.963457,,,,,,,,,,,1,0,1,1,1
061_foam_brick,s0_partial_only_061_foam_brick_t19,partial_only,530,0.935993,,,,,,,,,,,1,0,1,1,1
061_foam_brick,s0_partial_only_061_foam_brick_t20,partial_only,231,0.937616,,,,,,,,,,,1,0,1,1,1
061_foam_brick,s0_partial_only_061_foam_brick_t21,partial_only,808,0.781457,,,,,,,,,,,1,0,1,1,1
061_foam_brick,s0_partial_only_061_foam_brick_t22,partial_only,456,0.915345,,,,,,,,,,,1,0,1,1,1
061_foam_brick,s0_partial_only_061_foam_brick_t23,partial_only,61,0.929448,,,,,,,,,,,1,0,1,1,1
061_foam_brick,s0_partial_only_061_foam_brick_t24,partial_only,324,0.890906,,,,,,,,,,,1,0,1,1,1
010_potted_meat_can,s0_complete_only_010_potted_meat_can_t0,complete_only,12,0.871717,0.021554,4.494014e-06,4.845168e-06,661,0.014369,1.700562e-06,0.028739,5.343456e-06,2.569733e-01,492,1,0,1,1,1
010_potted_meat_can,s0_complete_only_010_potted_meat_can_t2,complete_only,133,0.780744,0.021197,4.347433e-06,1.996638e-05,670,0.014132,4.656528e-06,0.028263,4.428852e-06,5.725134e-01,669,1,0,1,1,1
010_potted_meat_can,s0_complete_only_010_potted_meat_can_t3,complete_only,65,0.833737,0.020526,2.176499e-06,4.099505e-06,748,0.013684,1.220376e-06,0.027367,2.894424e-06,7.957230e-01,800,1,0,1,1,0
010_potted_meat_can,s0_complete_only_010_potted_meat_can_t4,complete_only,27,0.791785,0.021121,2.001704e-06,6.824466e-06,581,0.014081,1.818187e-06,0.028161,2.170656e-06,2.150980e-01,201,1,0,1,1,0
010_potted_meat_can,s0_complete_only_010_potted_meat_can_t5,complete_only,6,0.799498,0.021060,5.681295e-06,6.027079e-05,716,0.014040,9.549984e-06,0.028080,4.956660e-06,6.456261e-01,755,1,0,1,1,1
010_potted_meat_can,s0_complete_only_010_potted_meat_can_t6,complete_only,0,0.914921,0.020885,2.048172e-05,4.068204e-06,738,0.013923,1.367638e-06,0.027846,2.213555e-05,5.994569e-01,793,1,0,1,1,1
010_potted_meat_can,s0_complete_only_010_potted_meat_can_t7,complete_only,694,0.776799,0.019740,1.332740e-06,5.754839e-06,727,0.013160,1.731665e-06,0.026319,1.208330e-06,3.340638e-01,629,1,0,1,1,1
010_potted_meat_can,s0_complete_only_010_potted_meat_can_t8,complete_only,20,0.899083,0.020679,2.029862e-06,7.887657e-06,811,0.013786,1.645621e-06,0.027571,2.244386e-06,6.558959e-01,742,1,0,1,1,0
010_potted_meat_can,s0_complete_only_010_potted_meat_can_t9,complete_only,0,0.871096,0.021137,2.920926e-06,1.396080e-05,371,0.014091,4.448255e-06,0.028182,2.905093e-06,3.721717e-01,553,1,0,1,1,1
010_potted_meat_can,s0_complete_only_010_potted_meat_can_t10,complete_only,112,0.762687,0.021029,9.960972e-06,1.384897e-05,704,0.014019,1.070265e-05,0.028038,1.067308e-05,7.591488e-01,831,1,0,1,1,1
010_potted_meat_can,s0_complete_only_010_potted_meat_can_t11,complete_only,12,0.816956,0.021206,5.807048e-06,2.333186e-06,738,0.014137,4.460879e-06,0.028275,6.297552e-06,8.706634e-01,941,1,0,1,1,0
010_potted_meat_can,s0_complete_only_010_potted_meat_can_t12,complete_only,0,0.917601,0.020725,1.197602e-06,2.920216e-06,498,0.013817,1.347199e-06,0.027633,1.995959e-05,3.255067e-01,481,1,0,1,1,1
010_potted_meat_can,s0_complete_only_010_potted_meat_can_t13,complete_only,0,0.898476,0.020798,1.034976e-06,3.545517e-06,620,0.013865,9.949174e-07,0.027731,1.070403e-05,2.574908e-01,535,1,0,1,1,1
010_potted_meat_can,s0_complete_only_010_potted_meat_can_t14,complete_only,437,0.740273,0.033558,3.935483e-06,2.990674e-06,2330,0.022372,1.860606e-06,0.044744,1.006438e-05,4.311904e-01,456,1,0,1,1,0
010_potted_meat_can,s0_complete_only_010_potted_meat_can_t15,complete_only,37,0.847224,0.020963,2.731805e-06,1.143607e-05,693,0.013975,2.930807e-06,0.027950,2.942778e-06,6.800683e-01,750,1,0,1,1,0
010_potted_meat_can,s0_complete_only_010_potted_meat_can_t16,complete_only,53,0.784174,0.021120,1.928179e-06,7.419718e-06,431,0.014080,1.480845e-06,0.028160,3.415909e-06,1.405667e-01,317,1,0,1,1,1
010_potted_meat_can,s0_complete_only_010_potted_meat_can_t17,complete_only,2,0.927530,0.020198,1.585410e-06,7.446650e-06,752,0.013465,1.786746e-06,0.026930,1.568735e-06,3.909534e-01,655,1,0,1,1,1
010_potted_meat_can,s0_complete_only_010_potted_meat_can_t18,complete_only,0,0.920310,0.021296,5.282550e-06,3.158732e-06,793,0.014197,1.700584e-06,0.028395,8.279686e-06,4.882859e-01,687,1,0,1,1,1
010_potted_meat_can,s0_complete_only_010_potted_meat_can_t19,complete_only,3,0.914443,0.020804,7.166805e-07,1.641959e-06,578,0.013869,6.954150e-07,0.027738,6.723263e-07,4.006882e-01,664,1,0,1,1,1
010_potted_meat_can,s0_complete_only_010_potted_meat_can_t20,complete_only,0,0.889979,0.020986,1.325228e-06,4.107807e-06,415,0.013991,1.719443e-06,0.027981,2.379921e-05,2.483902e-01,448,1,0,1,1,1
010_potted_meat_can,s0_complete_only_010_potted_meat_can_t21,complete_only,445,0.826478,0.008536,5.038361e-07,1.558218e-06,1433,0.005690,7.403929e-07,0.011381,3.986911e-07,2.163023e+00,5768,1,0,1,1,0
010_potted_meat_can,s0_complete_only_010_potted_meat_can_t22,complete_only,0,0.875111,0.021000,4.416386e-06,3.437357e-06,727,0.014000,1.199340e-06,0.028000,6.031157e-06,3.763854e-01,568,1,0,1,1,1
010_potted_meat_can,s0_complete_only_010_potted_meat_can_t23,complete_only,37,0.783128,0.020858,3.212109e-06,5.794419e-06,890,0.013905,3.392172e-06,0.027810,3.422953e-06,5.968157e-01,756,1,0,1,1,1
010_potted_meat_can,s0_complete_only_010_potted_meat_can_t24,complete_only,0,0.902615,0.019797,1.284012e-06,4.595538e-06,752,0.013198,1.577889e-06,0.026396,1.051264e-06,4.156562e-01,687,1,0,1,1,1
005_tomato_soup_can,s0_epi_max_005_tomato_soup_can_t0,complete_epi,22,0.866087,0.019010,5.013931e-07,1.946443e-06,407,0.012673,2.138314e-07,0.025346,6.382339e-07,2.062314e-01,611,1,0,1,1,1
005_tomato_soup_can,s0_epi_max_005_tomato_soup_can_t1,complete_epi,77,0.856452,0.019032,7.714288e-07,1.467508e-06,604,0.012688,7.259167e-07,0.025376,7.856856e-07,3.324834e-01,763,1,0,1,1,1
005_tomato_soup_can,s0_epi_max_005_tomato_soup_can_t2,complete_epi,28,0.880428,0.019136,7.836115e-07,1.380592e-06,604,0.012758,8.257411e-07,0.025515,7.515545e-07,4.000890e-01,819,1,0,1,1,1
005_tomato_soup_can,s0_epi_max_005_tomato_soup_can_t3,complete_epi,45,0.877101,0.019042,5.360505e-07,1.333584e-06,440,0.012694,2.847704e-07,0.025389,6.184786e-07,2.251825e-01,638,1,0,1,1,1
005_tomato_soup_can,s0_epi_max_005_tomato_soup_can_t4,complete_epi,44,0.938312,0.024288,3.238461e-05,2.174143e-04,987,0.016192,2.981163e-05,0.032384,4.808797e-05,1.062335e+00,696,1,0,1,1,0
005_tomato_soup_can,s0_epi_max_005_tomato_soup_can_t5,complete_epi,68,0.862639,0.019059,7.676141e-07,1.438112e-06,618,0.012706,7.729916e-07,0.025412,7.792338e-07,4.453669e-01,875,1,0,1,1,1
005_tomato_soup_can,s0_epi_max_005_tomato_soup_can_t6,complete_epi,56,0.862780,0.019269,6.908611e-07,1.551799e-06,588,0.012846,8.182987e-07,0.025692,6.434296e-07,3.703558e-01,773,1,0,1,1,1
005_tomato_soup_can,s0_epi_max_005_tomato_soup_can_t7,complete_epi,18,0.888095,0.018867,4.797591e-07,1.744678e-06,431,0.012578,3.456488e-07,0.025155,5.880475e-07,2.356064e-01,644,1,0,1,1,1
005_tomato_soup_can,s0_epi_max_005_tomato_soup_can_t8,complete_epi,32,0.870286,0.018784,8.260148e-07,1.780634e-06,653,0.012523,7.718424e-07,0.025046,8.521266e-07,5.249288e-01,955,1,0,1,1,0
005_tomato_soup_can,s0_epi_max_005_tomato_soup_can_t9,complete_epi,69,0.868835,0.018901,7.063886e-07,1.464539e-06,588,0.012601,6.040193e-07,0.025202,7.436065e-07,3.294053e-01,741,1,0,1,1,1
005_tomato_soup_can,s0_epi_max_005_tomato_soup_can_t10,complete_epi,63,0.875825,0.019016,6.274328e-07,1.773071e-06,542,0.012677,7.069786e-07,0.025354,5.571471e-07,3.198660e-01,716,1,0,1,1,1
005_tomato_soup_can,s0_epi_max_005_tomato_soup_can_t11,complete_epi,82,0.861094,0.019064,4.603466e-07,1.750217e-06,451,0.012709,5.050551e-07,0.025418,5.002835e-07,2.890252e-01,704,1,0,1,1,1
005_tomato_soup_can,s0_epi_max_005_tomato_soup_can_t12,complete_epi,29,0.880267,0.018898,7.201093e-07,2.174980e-06,567,0.012599,6.666234e-07,0.025198,6.911364e-07,4.017039e-01,803,1,0,1,1,1
005_tomato_soup_can,s0_epi_max_005_tomato_soup_can_t14,complete_epi,66,0.870867,0.019043,6.374178e-07,1.639542e-06,581,0.012695,6.306839e-07,0.025390,6.479800e-07,3.387640e-01,759,1,0,1,1,1
005_tomato_soup_can,s0_epi_max_005_tomato_soup_can_t15,complete_epi,388,0.959635,0.012005,3.669605e-06,3.374736e-06,1393,0.008003,4.035121e-06,0.016007,4.374335e-06,2.972159e+00,3921,1,0,1,1,0
005_tomato_soup_can,s0_epi_max_005_tomato_soup_can_t16,complete_epi,89,0.857747,0.018770,7.481107e-07,1.538771e-06,583,0.012513,6.373938e-07,0.025026,6.928704e-07,3.283331e-01,756,1,0,1,1,1
005_tomato_soup_can,s0_epi_max_005_tomato_soup_can_t17,complete_epi,37,0.878765,0.018892,6.522113e-07,1.606246e-06,601,0.012595,6.021652e-07,0.025190,6.590768e-07,3.696552e-01,776,1,0,1,1,1
005_tomato_soup_can,s0_epi_max_005_tomato_soup_can_t18,complete_epi,29,0.887473,0.019264,6.476742e-07,1.671105e-06,463,0.012843,4.507080e-07,0.025686,7.123319e-07,2.230087e-01,562,1,0,1,1,1
005_tomato_soup_can,s0_epi_max_005_tomato_soup_can_t19,complete_epi,359,0.831542,0.026197,1.717728e-06,9.422290e-06,1300,0.017465,3.638555e-06,0.034929,2.710824e-06,3.025038e-01,693,1,0,1,1,1
005_tomato_soup_can,s0_epi_max_005_tomato_soup_can_t20,complete_epi,4,0.881193,0.019123,7.988682e-07,1.582904e-06,667,0.012748,7.889820e-07,0.025497,8.137948e-07,4.600071e-01,889,1,0,1,1,1
005_tomato_soup_can,s0_epi_max_005_tomato_soup_can_t21,complete_epi,23,0.878998,0.018985,5.198987e-07,1.437312e-06,438,0.012657,1.972684e-07,0.025314,6.389611e-07,2.429439e-01,654,1,0,1,1,1
005_tomato_soup_can,s0_epi_max_005_tomato_soup_can_t22,complete_epi,49,0.872553,0.019247,7.987925e-07,1.417375e-06,608,0.012832,8.215966e-07,0.025663,7.828905e-07,4.554573e-01,842,1,0,1,1,0
005_tomato_soup_can,s0_epi_max_005_tomato_soup_can_t23,complete_epi,99,0.864500,0.019054,7.029250e-07,1.428141e-06,584,0.012703,6.348311e-07,0.025406,7.261790e-07,3.593801e-01,800,1,0,1,1,1
005_tomato_soup_can,s0_epi_max_005_tomato_soup_can_t24,complete_epi,12,0.880724,0.019063,5.403422e-07,1.751140e-06,416,0.012709,3.080995e-07,0.025418,6.818301e-07,2.386995e-01,638,1,0,1,1,1
035_power_drill,s0_epi_max_035_power_drill_t0,complete_epi,394,0.870620,0.041577,8.928936e-07,0.000000e+00,522,0.027718,0.000000e+00,0.055436,8.792739e-06,0.000000e+00,114,1,0,1,1,1
035_power_drill,s0_epi_max_035_power_drill_t1,complete_epi,482,0.787603,0.039074,2.220824e-06,9.031793e-06,987,0.026050,2.033967e-06,0.052099,7.053684e-06,0.000000e+00,183,1,0,1,1,0
035_power_drill,s0_epi_max_035_power_drill_t2,complete_epi,133,0.914286,0.051116,9.425663e-07,5.378580e-06,1018,0.034077,0.000000e+00,0.068155,2.022015e-06,0.000000e+00,128,1,0,1,1,1
035_power_drill,s0_epi_max_035_power_drill_t3,complete_epi,322,0.883802,0.040015,7.691854e-07,4.197025e-06,719,0.026677,1.127390e-06,0.053353,5.238948e-06,0.000000e+00,138,1,0,1,1,1
035_power_drill,s0_epi_max_035_power_drill_t4,complete_epi,41,0.899499,0.041798,1.344149e-06,7.981088e-06,900,0.027866,1.033000e-06,0.055731,3.398323e-06,0.000000e+00,166,1,0,1,1,1
035_power_drill,s0_epi_max_035_power_drill_t5,complete_epi,31,0.897932,0.043596,7.083462e-06,0.000000e+00,510,0.029064,0.000000e+00,0.058129,3.570190e-05,0.000000e+00,119,1,0,1,1,1
035_power_drill,s0_epi_max_035_power_drill_t6,complete_epi,5,0.928255,0.024842,9.511687e-05,6.228696e-04,1749,0.016561,3.260652e-04,0.033123,2.146443e-05,6.720283e-01,675,1,0,1,1,0
035_power_drill,s0_epi_max_035_power_drill_t7,complete_epi,15,0.968009,0.027849,1.354167e-05,3.487276e-05,2593,0.018566,2.111534e-05,0.037132,9.650845e-06,1.530470e+00,1088,1,0,1,1,1
035_power_drill,s0_epi_max_035_power_drill_t9,complete_epi,14,0.907059,0.039313,2.631140e-06,8.176662e-06,979,0.026209,3.126599e-06,0.052417,2.523444e-06,0.000000e+00,173,1,0,1,1,1
035_power_drill,s0_epi_max_035_power_drill_t10,complete_epi,1,0.970978,0.034109,1.072668e-04,5.119374e-04,1888,0.022739,8.056724e-05,0.045479,1.265388e-04,5.769998e-01,406,1,0,1,1,1
035_power_drill,s0_epi_max_035_power_drill_t11,complete_epi,983,0.664460,0.042743,0.000000e+00,0.000000e+00,566,0.028495,0.000000e+00,0.056990,2.225304e-06,0.000000e+00,86,1,0,1,1,0
035_power_drill,s0_epi_max_035_power_drill_t12,complete_epi,339,0.852020,0.042654,2.621211e-05,1.684359e-04,981,0.028436,1.944606e-05,0.056872,3.193350e-05,0.000000e+00,150,1,0,1,1,1
035_power_drill,s0_epi_max_035_power_drill_t13,complete_epi,1270,0.677258,0.035440,1.623500e-05,5.253203e-06,788,0.023627,1.004210e-06,0.047253,3.082566e-05,0.000000e+00,218,1,0,1,1,0
035_power_drill,s0_epi_max_035_power_drill_t14,complete_epi,307,0.795961,0.062953,4.893878e-04,3.337498e-03,3319,0.041968,4.265461e-04,0.083937,8.210174e-04,4.414809e-01,92,1,0,1,1,1
035_power_drill,s0_epi_max_035_power_drill_t15,complete_epi,271,0.887092,0.043004,1.399816e-05,0.000000e+00,646,0.028669,5.091985e-06,0.057338,2.268371e-05,0.000000e+00,105,1,0,1,1,0
035_power_drill,s0_epi_max_035_power_drill_t17,complete_epi,48,0.892157,0.058353,5.636531e-06,1.074012e-05,7131,0.038902,4.049465e-06,0.077804,1.187055e-05,5.360661e-01,509,1,0,1,1,1
035_power_drill,s0_epi_max_035_power_drill_t19,complete_epi,202,0.841187,0.038988,2.565763e-06,5.621057e-06,874,0.025992,8.725004e-08,0.051984,3.841667e-06,0.000000e+00,176,1,0,1,1,1
035_power_drill,s0_epi_max_035_power_drill_t21,complete_epi,11,0.904155,0.040723,3.782987e-05,8.476967e-05,2521,0.027149,3.037407e-05,0.054297,5.637650e-05,1.836453e+00,755,1,0,1,1,0
035_power_drill,s0_epi_max_035_power_drill_t22,complete_epi,775,0.711860,0.031627,0.000000e+00,0.000000e+00,637,0.021085,0.000000e+00,0.042170,8.312390e-09,0.000000e+00,298,1,0,1,1,0
035_power_drill,s0_epi_max_035_power_drill_t23,complete_epi,82,0.919086,0.039461,9.154573e-04,2.363705e-03,1132,0.026307,1.203928e-03,0.052615,2.841705e-04,3.094767e+00,236,1,0,1,1,0
035_power_drill,s0_epi_max_035_power_drill_t24,complete_epi,235,0.878719,0.044128,1.249237e-05,1.046872e-05,3075,0.029419,1.240767e-05,0.058837,1.880853e-05,1.090802e+00,639,1,0,1,1,1
021_bleach_cleanser,s0_epi_mean_021_bleach_cleanser_t0,complete_epi,314,0.863162,0.039125,2.131190e-05,2.981210e-04,757,0.026083,4.094557e-05,0.052167,3.962404e-05,0.000000e+00,85,1,0,1,1,1
021_bleach_cleanser,s0_epi_mean_021_bleach_cleanser_t1,complete_epi,11,0.920545,0.026758,1.251454e-04,6.597365e-04,830,0.017839,3.566662e-04,0.035677,5.737884e-05,2.869466e-01,121,1,0,1,1,0
021_bleach_cleanser,s0_epi_mean_021_bleach_cleanser_t2,complete_epi,318,0.861426,0.011535,5.133587e-07,6.337953e-06,419,0.007690,0.000000e+00,0.015380,1.340437e-06,4.905530e-01,777,1,0,1,1,0
021_bleach_cleanser,s0_epi_mean_021_bleach_cleanser_t3,complete_epi,21,0.939980,0.039551,2.778268e-05,3.436628e-04,1231,0.026367,2.864285e-05,0.052735,4.561320e-05,0.000000e+00,89,1,0,1,1,1
021_bleach_cleanser,s0_epi_mean_021_bleach_cleanser_t4,complete_epi,53,0.905547,0.038868,1.574325e-05,1.486147e-04,900,0.025912,2.651681e-05,0.051824,1.613079e-05,1.213102e-02,139,1,0,1,1,1
021_bleach_cleanser,s0_epi_mean_021_bleach_cleanser_t6,complete_epi,75,0.931778,0.039139,4.594369e-06,5.012168e-06,881,0.026093,1.978888e-06,0.052185,1.790356e-05,0.000000e+00,41,1,0,1,1,0
021_bleach_cleanser,s0_epi_mean_021_bleach_cleanser_t7,complete_epi,213,0.909222,0.039561,1.132968e-06,3.789431e-06,1652,0.026374,1.250888e-06,0.052748,1.437687e-06,0.000000e+00,175,1,0,1,1,0
021_bleach_cleanser,s0_epi_mean_021_bleach_cleanser_t8,complete_epi,511,0.833693,0.038876,3.740977e-05,2.456012e-04,1333,0.025917,9.433528e-05,0.051835,4.517354e-05,1.246955e-01,118,1,0,1,1,1
021_bleach_cleanser,s0_epi_mean_021_bleach_cleanser_t9,complete_epi,19,0.948372,0.039039,6.477585e-06,1.611437e-05,664,0.026026,0.000000e+00,0.052052,3.643498e-05,0.000000e+00,106,1,0,1,1,0
021_bleach_cleanser,s0_epi_mean_021_bleach_cleanser_t10,complete_epi,79,0.895937,0.039375,2.934188e-05,2.134315e-04,748,0.026250,3.661950e-05,0.052500,6.758652e-05,2.108593e-01,125,1,0,1,1,0
021_bleach_cleanser,s0_epi_mean_021_bleach_cleanser_t11,complete_epi,46,0.921453,0.039391,5.694356e-05,4.885793e-04,714,0.026261,7.808454e-05,0.052521,7.099593e-05,4.437009e-01,164,1,0,1,1,1
021_bleach_cleanser,s0_epi_mean_021_bleach_cleanser_t12,complete_epi,265,0.796500,0.058759,1.335407e-04,1.203739e-03,6325,0.039173,9.912250e-04,0.078345,1.630148e-04,1.154905e+00,461,1,0,1,1,0
021_bleach_cleanser,s0_epi_mean_021_bleach_cleanser_t13,complete_epi,112,0.921599,0.040121,2.239301e-05,8.229916e-05,1100,0.026748,7.877957e-06,0.053495,2.891094e-05,0.000000e+00,88,1,0,1,1,1
021_bleach_cleanser,s0_epi_mean_021_bleach_cleanser_t14,complete_epi,2,0.928285,0.039890,4.700022e-05,3.809032e-04,1116,0.026593,8.333523e-05,0.053187,5.964638e-05,5.246576e-01,187,1,0,1,1,1
021_bleach_cleanser,s0_epi_mean_021_bleach_cleanser_t15,complete_epi,431,0.884916,0.039099,4.706276e-06,4.916331e-05,836,0.026066,8.694353e-07,0.052132,1.175164e-05,0.000000e+00,110,1,0,1,1,1
021_bleach_cleanser,s0_epi_mean_021_bleach_cleanser_t16,complete_epi,53,0.934442,0.039560,4.758437e-05,4.272114e-04,1077,0.026373,4.302302e-05,0.052746,5.857828e-05,0.000000e+00,117,1,0,1,1,1
021_bleach_cleanser,s0_epi_mean_021_bleach_cleanser_t17,complete_epi,103,0.889281,0.040087,4.493839e-06,6.834406e-05,675,0.026725,3.613556e-06,0.053450,7.292729e-06,0.000000e+00,145,1,0,1,1,1
021_bleach_cleanser,s0_epi_mean_021_bleach_cleanser_t18,complete_epi,66,0.934306,0.038760,4.692123e-05,3.950849e-04,1106,0.025840,7.040679e-05,0.051681,3.648733e-05,9.756917e-02,136,1,0,1,1,1
021_bleach_cleanser,s0_epi_mean_021_bleach_cleanser_t20,complete_epi,32,0.938024,0.039484,7.506277e-06,5.233444e-05,839,0.026323,5.033388e-06,0.052645,2.720787e-05,0.000000e+00,43,1,0,1,1,0
021_bleach_cleanser,s0_epi_mean_021_bleach_cleanser_t21,complete_epi,61,0.899463,0.038673,2.370000e-06,6.609141e-06,1343,0.025782,2.788776e-06,0.051564,2.487334e-06,1.535202e-02,189,1,0,1,1,1
021_bleach_cleanser,s0_epi_mean_021_bleach_cleanser_t22,complete_epi,441,0.900382,0.005341,1.110283e-06,1.183693e-05,471,0.003561,1.523920e-06,0.007122,1.796653e-06,4.861018e+00,6530,1,0,1,1,0
021_bleach_cleanser,s0_epi_mean_021_bleach_cleanser_t23,complete_epi,244,0.877330,0.039256,5.633430e-06,4.933697e-05,880,0.026170,7.681607e-06,0.052341,1.048873e-05,0.000000e+00,89,1,0,1,1,0
061_foam_brick,s0_epi_mean_061_foam_brick_t0,complete_epi,709,0.871997,0.016189,2.027212e-05,3.138585e-04,910,0.010793,4.047437e-05,0.021586,3.502972e-05,1.232898e+00,1031,1,0,1,1,1
061_foam_brick,s0_epi_mean_061_foam_brick_t1,complete_epi,23,0.964986,0.016488,8.493639e-07,1.202611e-06,624,0.010992,6.309593e-06,0.021984,2.877902e-06,1.228223e+00,1279,1,0,1,1,0
061_foam_brick,s0_epi_mean_061_foam_brick_t2,complete_epi,1068,0.804167,0.016776,5.229820e-06,3.543235e-05,442,0.011184,7.384012e-06,0.022367,1.245931e-05,1.162345e+00,1342,1,0,1,1,1
061_foam_brick,s0_epi_mean_061_foam_brick_t3,complete_epi,1276,0.611885,0.016958,3.644011e-07,1.083289e-06,721,0.011305,5.035190e-07,0.022611,2.796246e-06,1.174737e+00,1319,1,0,1,1,0
061_foam_brick,s0_epi_mean_061_foam_brick_t4,complete_epi,88,0.972833,0.017055,3.615459e-04,2.873872e-03,590,0.011370,7.601638e-04,0.022739,1.321290e-04,8.445655e-01,1035,1,0,1,1,1
061_foam_brick,s0_epi_mean_061_foam_brick_t5,complete_epi,925,0.841319,0.016738,3.500113e-06,2.849588e-05,467,0.011158,1.041444e-05,0.022317,1.522942e-05,1.354900e+00,949,1,0,1,1,1
061_foam_brick,s0_epi_mean_061_foam_brick_t6,complete_epi,5,0.954272,0.016899,8.003706e-06,4.893276e-05,501,0.011266,1.174504e-05,0.022531,3.615719e-05,1.272478e+00,968,1,0,1,1,1
061_foam_brick,s0_epi_mean_061_foam_brick_t7,complete_epi,320,0.933561,0.017198,4.342296e-07,7.591537e-07,1087,0.011465,4.893546e-07,0.022930,4.732902e-07,1.102728e+00,1889,1,0,1,1,0
061_foam_brick,s0_epi_mean_061_foam_brick_t8,complete_epi,351,0.925123,0.016997,2.417945e-06,8.762002e-06,987,0.011331,4.357822e-06,0.022662,7.424104e-06,1.817587e+00,1574,1,0,1,1,1
061_foam_brick,s0_epi_mean_061_foam_brick_t9,complete_epi,38,0.955204,0.016635,5.713021e-06,2.242347e-06,940,0.011090,1.004365e-06,0.022180,2.337827e-05,1.060058e+00,1088,1,0,1,1,1
061_foam_brick,s0_epi_mean_061_foam_brick_t10,complete_epi,1270,0.749395,0.016607,1.733230e-06,1.309162e-05,769,0.011071,2.373937e-06,0.022143,3.026233e-06,1.334346e+00,1450,1,0,1,1,1
061_foam_brick,s0_epi_mean_061_foam_brick_t11,complete_epi,1154,0.794919,0.015996,3.252755e-05,3.165470e-04,283,0.010664,4.998994e-05,0.021328,4.597618e-05,7.452947e-01,981,1,0,1,1,1
061_foam_brick,s0_epi_mean_061_foam_brick_t12,complete_epi,0,0.976626,0.016361,1.747111e-05,2.472367e-04,769,0.010907,2.444503e-05,0.021814,4.101611e-05,1.801185e+00,1158,1,0,1,1,1
061_foam_brick,s0_epi_mean_061_foam_brick_t13,complete_epi,109,0.925361,0.015837,7.436384e-06,5.554712e-05,659,0.010558,2.114988e-05,0.021116,3.339671e-05,1.183513e+00,887,1,0,1,1,1
061_foam_brick,s0_epi_mean_061_foam_brick_t14,complete_epi,1110,0.827242,0.016153,2.830557e-05,3.541401e-04,282,0.010769,5.888753e-05,0.021538,2.123826e-05,7.699849e-01,886,1,0,1,1,1
061_foam_brick,s0_epi_mean_061_foam_brick_t15,complete_epi,803,0.888705,0.017156,1.653224e-06,9.777001e-06,1123,0.011437,1.873342e-06,0.022875,8.619141e-06,2.561362e+00,1988,1,0,1,1,1
061_foam_brick,s0_epi_mean_061_foam_brick_t16,complete_epi,0,0.974965,0.016565,7.181315e-07,2.641594e-06,456,0.011043,1.043075e-06,0.022086,8.806371e-06,9.052397e-01,889,1,0,1,1,1
061_foam_brick,s0_epi_mean_061_foam_brick_t17,complete_epi,790,0.858335,0.017910,5.157265e-07,9.845796e-07,977,0.011940,5.882032e-07,0.023880,5.303401e-07,1.082944e+00,1609,1,0,1,1,1
061_foam_brick,s0_epi_mean_061_foam_brick_t18,complete_epi,410,0.954998,0.017293,2.062537e-06,2.630017e-05,923,0.011528,4.778231e-06,0.023057,7.582687e-06,9.990273e-01,866,1,0,1,1,1
061_foam_brick,s0_epi_mean_061_foam_brick_t19,complete_epi,122,0.953464,0.016365,6.310618e-07,3.748705e-06,328,0.010910,5.930788e-07,0.021820,1.246653e-05,1.049075e+00,1165,1,0,1,1,1
061_foam_brick,s0_epi_mean_061_foam_brick_t20,complete_epi,1,0.966285,0.016638,4.237699e-06,1.701491e-05,601,0.011092,4.337176e-06,0.022184,3.675866e-05,1.198758e+00,977,1,0,1,1,1
061_foam_brick,s0_epi_mean_061_foam_brick_t21,complete_epi,575,0.899708,0.017046,4.643211e-07,7.556278e-07,1369,0.011364,4.952612e-07,0.022728,4.772099e-07,1.161568e+00,1853,1,0,1,1,1
061_foam_brick,s0_epi_mean_061_foam_brick_t22,complete_epi,46,0.928883,0.016106,6.793809e-06,1.361273e-04,495,0.010737,1.847203e-05,0.021475,1.033635e-05,8.468673e-01,952,1,0,1,1,1
061_foam_brick,s0_epi_mean_061_foam_brick_t23,complete_epi,1133,0.775618,0.017238,1.027362e-04,1.021502e-03,367,0.011492,1.583119e-04,0.022984,8.018555e-05,1.396694e+00,1106,1,0,1,1,1
061_foam_brick,s0_epi_mean_061_foam_brick_t24,complete_epi,644,0.898278,0.017211,4.559145e-07,9.140954e-07,984,0.011474,3.762054e-07,0.022948,4.926189e-07,1.243303e+00,2001,1,0,1,1,1
010_potted_meat_can,s0_hetero_patch_010_potted_meat_can_t0,hetero_patch,10,0.868754,0.021554,1.589822e-06,4.273072e-06,599,0.014369,1.537765e-06,0.028739,2.278507e-06,2.151387e-01,460,1,0,1,1,1
010_potted_meat_can,s0_hetero_patch_010_potted_meat_can_t1,hetero_patch,187,0.855612,0.020666,8.568135e-07,1.985228e-06,727,0.013777,7.355973e-07,0.027555,7.684953e-07,3.450827e-01,676,1,0,1,1,1
010_potted_meat_can,s0_hetero_patch_010_potted_meat_can_t2,hetero_patch,3,0.835442,0.021021,2.848735e-06,4.589939e-06,596,0.014014,2.492742e-06,0.028027,2.980835e-06,6.930041e-01,718,1,0,1,1,1
010_potted_meat_can,s0_hetero_patch_010_potted_meat_can_t3,hetero_patch,42,0.855095,0.020485,2.139501e-06,8.091440e-06,716,0.013657,1.713742e-06,0.027314,3.125444e-06,6.762532e-01,740,1,0,1,1,1
010_potted_meat_can,s0_hetero_patch_010_potted_meat_can_t4,hetero_patch,83,0.731428,0.021108,1.727457e-06,3.873238e-06,737,0.014072,2.081787e-06,0.028144,1.779647e-06,2.938490e-01,317,1,0,1,1,1
010_potted_meat_can,s0_hetero_patch_010_potted_meat_can_t5,hetero_patch,127,0.745643,0.021098,2.443346e-06,5.272279e-06,831,0.014065,2.080523e-06,0.028130,2.592421e-06,8.038850e-01,797,1,0,1,1,0
010_potted_meat_can,s0_hetero_patch_010_potted_meat_can_t6,hetero_patch,0,0.882666,0.020842,2.924905e-06,3.423058e-06,543,0.013894,1.524786e-06,0.027789,3.662238e-06,3.280370e-01,507,1,0,1,1,1
010_potted_meat_can,s0_hetero_patch_010_potted_meat_can_t7,hetero_patch,220,0.899466,0.019859,7.020474e-07,1.666386e-06,575,0.013239,6.749861e-07,0.026479,6.605162e-07,3.200756e-01,632,1,0,1,1,1
010_potted_meat_can,s0_hetero_patch_010_potted_meat_can_t8,hetero_patch,15,0.897661,0.020607,3.165164e-06,1.417049e-05,717,0.013738,2.539985e-06,0.027477,4.002328e-06,6.035393e-01,622,1,0,1,1,1
010_potted_meat_can,s0_hetero_patch_010_potted_meat_can_t9,hetero_patch,150,0.852383,0.027892,1.380229e-06,3.769483e-06,1143,0.018595,1.764633e-06,0.037189,3.570839e-06,5.650341e-01,718,1,0,1,1,1
010_potted_meat_can,s0_hetero_patch_010_potted_meat_can_t10,hetero_patch,23,0.840182,0.021306,6.299358e-06,1.087691e-05,723,0.014204,4.408542e-06,0.028408,7.792991e-06,4.466112e-01,595,1,0,1,1,1
010_potted_meat_can,s0_hetero_patch_010_potted_meat_can_t11,hetero_patch,15,0.794360,0.021171,4.704395e-06,8.460154e-06,816,0.014114,5.332124e-06,0.028228,6.285265e-06,8.769655e-01,777,1,0,1,1,1
010_potted_meat_can,s0_hetero_patch_010_potted_meat_can_t12,hetero_patch,79,0.785364,0.020730,1.256185e-06,2.859625e-06,470,0.013820,6.277727e-07,0.027640,1.713607e-06,1.050151e-01,104,1,0,1,1,0
010_potted_meat_can,s0_hetero_patch_010_potted_meat_can_t13,hetero_patch,5,0.852693,0.021247,3.877098e-06,5.573625e-06,740,0.014165,2.555340e-06,0.028329,3.860375e-06,3.153312e-01,520,1,0,1,1,1
010_potted_meat_can,s0_hetero_patch_010_potted_meat_can_t15,hetero_patch,165,0.814547,0.020925,3.270939e-06,1.529578e-05,970,0.013950,3.260638e-06,0.027901,3.867000e-06,6.831635e-01,724,1,0,1,1,0
010_potted_meat_can,s0_hetero_patch_010_potted_meat_can_t16,hetero_patch,31,0.826905,0.021106,8.493176e-07,3.147236e-06,375,0.014071,1.606343e-07,0.028142,1.416439e-06,8.544213e-02,180,1,0,1,1,1
010_potted_meat_can,s0_hetero_patch_010_potted_meat_can_t17,hetero_patch,2,0.932525,0.020199,1.457255e-06,4.731802e-06,748,0.013466,1.579127e-06,0.026932,1.296958e-06,3.810275e-01,651,1,0,1,1,1
010_potted_meat_can,s0_hetero_patch_010_potted_meat_can_t18,hetero_patch,173,0.808105,0.021223,4.249378e-06,6.081905e-06,672,0.014148,4.441376e-06,0.028297,4.338612e-06,5.545403e-01,695,1,0,1,1,1
010_potted_meat_can,s0_hetero_patch_010_potted_meat_can_t19,hetero_patch,1,0.919008,0.020816,7.713167e-07,2.369567e-06,648,0.013877,7.847359e-07,0.027755,1.473649e-06,3.850220e-01,602,1,0,1,1,1
010_potted_meat_can,s0_hetero_patch_010_potted_meat_can_t21,hetero_patch,2,0.886212,0.020009,1.604199e-06,2.197004e-06,597,0.013339,8.615213e-07,0.026679,2.695929e-06,3.290157e-01,622,1,0,1,1,1
010_potted_meat_can,s0_hetero_patch_010_potted_meat_can_t22,hetero_patch,279,0.743740,0.029160,4.559615e-06,4.353237e-06,1570,0.019440,1.890070e-06,0.038880,6.973182e-06,8.603734e-01,929,1,0,1,1,1
010_potted_meat_can,s0_hetero_patch_010_potted_meat_can_t23,hetero_patch,75,0.789224,0.020872,3.565921e-06,4.515633e-06,539,0.013915,2.899406e-06,0.027830,4.549761e-06,4.760463e-01,664,1,0,1,1,1
010_potted_meat_can,s0_hetero_patch_010_potted_meat_can_t24,hetero_patch,37,0.927843,0.019809,9.253134e-07,2.125459e-06,702,0.013206,1.096251e-06,0.026412,8.193640e-07,3.689020e-01,660,1,0,1,1,1
005_tomato_soup_can,s0_duarte_mcd_005_tomato_soup_can_t0,duarte_mcd,32,0.881486,,,,,,,,,2.200359e-01,560,1,0,1,1,1
005_tomato_soup_can,s0_duarte_mcd_005_tomato_soup_can_t1,duarte_mcd,54,0.875068,,,,,,,,,4.274077e-01,811,1,0,1,1,1
005_tomato_soup_can,s0_duarte_mcd_005_tomato_soup_can_t3,duarte_mcd,80,0.863310,,,,,,,,,4.782889e-01,762,1,0,1,1,1
005_tomato_soup_can,s0_duarte_mcd_005_tomato_soup_can_t4,duarte_mcd,1254,0.915708,,,,,,,,,1.439602e+00,4748,1,0,1,1,0
005_tomato_soup_can,s0_duarte_mcd_005_tomato_soup_can_t5,duarte_mcd,114,0.855792,,,,,,,,,3.741206e-01,785,1,0,1,1,1
005_tomato_soup_can,s0_duarte_mcd_005_tomato_soup_can_t6,duarte_mcd,1210,0.548864,,,,,,,,,2.490502e-03,458,1,0,1,1,0
005_tomato_soup_can,s0_duarte_mcd_005_tomato_soup_can_t7,duarte_mcd,13,0.884241,,,,,,,,,2.550509e-01,600,1,0,1,1,1
005_tomato_soup_can,s0_duarte_mcd_005_tomato_soup_can_t8,duarte_mcd,46,0.873919,,,,,,,,,4.959718e-01,817,1,0,1,1,1
005_tomato_soup_can,s0_duarte_mcd_005_tomato_soup_can_t9,duarte_mcd,33,0.881868,,,,,,,,,4.994341e-01,835,1,0,1,1,1
005_tomato_soup_can,s0_duarte_mcd_005_tomato_soup_can_t10,duarte_mcd,28,0.892076,,,,,,,,,3.386239e-01,631,1,0,1,1,1
005_tomato_soup_can,s0_duarte_mcd_005_tomato_soup_can_t11,duarte_mcd,24,0.897445,,,,,,,,,4.284093e-01,735,1,0,1,1,1
005_tomato_soup_can,s0_duarte_mcd_005_tomato_soup_can_t13,duarte_mcd,109,0.867326,,,,,,,,,2.618512e-01,649,1,0,1,1,1
005_tomato_soup_can,s0_duarte_mcd_005_tomato_soup_can_t14,duarte_mcd,59,0.886949,,,,,,,,,2.412328e-01,583,1,0,1,1,1
005_tomato_soup_can,s0_duarte_mcd_005_tomato_soup_can_t15,duarte_mcd,70,0.868110,,,,,,,,,2.738115e-01,525,1,0,1,1,1
005_tomato_soup_can,s0_duarte_mcd_005_tomato_soup_can_t16,duarte_mcd,72,0.860914,,,,,,,,,3.802722e-01,728,1,0,1,1,0
005_tomato_soup_can,s0_duarte_mcd_005_tomato_soup_can_t17,duarte_mcd,40,0.875637,,,,,,,,,4.810374e-01,776,1,0,1,1,1
005_tomato_soup_can,s0_duarte_mcd_005_tomato_soup_can_t18,duarte_mcd,57,0.889914,,,,,,,,,2.862659e-01,603,1,0,1,1,1
005_tomato_soup_can,s0_duarte_mcd_005_tomato_soup_can_t19,duarte_mcd,25,0.885515,,,,,,,,,4.629851e-01,843,1,0,1,1,1
005_tomato_soup_can,s0_duarte_mcd_005_tomato_soup_can_t20,duarte_mcd,52,0.873314,,,,,,,,,2.223321e-01,558,1,0,1,1,1
005_tomato_soup_can,s0_duarte_mcd_005_tomato_soup_can_t21,duarte_mcd,107,0.860899,,,,,,,,,1.999255e-01,544,1,0,1,1,1
005_tomato_soup_can,s0_duarte_mcd_005_tomato_soup_can_t22,duarte_mcd,22,0.886920,,,,,,,,,4.453886e-01,886,1,0,1,1,1
005_tomato_soup_can,s0_duarte_mcd_005_tomato_soup_can_t23,duarte_mcd,88,0.866110,,,,,,,,,1.702636e-01,517,1,0,1,1,1
005_tomato_soup_can,s0_duarte_mcd_005_tomato_soup_can_t24,duarte_mcd,55,0.863302,,,,,,,,,2.466619e-01,611,1,0,1,1,1
035_power_drill,s0_duarte_mcd_035_power_drill_t0,duarte_mcd,14,0.921504,,,,,,,,,0.000000e+00,133,1,0,1,1,1
035_power_drill,s0_duarte_mcd_035_power_drill_t2,duarte_mcd,142,0.883323,,,,,,,,,1.077122e-01,157,1,0,1,1,1
035_power_drill,s0_duarte_mcd_035_power_drill_t3,duarte_mcd,16,0.920424,,,,,,,,,0.000000e+00,123,1,0,1,1,0
035_power_drill,s0_duarte_mcd_035_power_drill_t4,duarte_mcd,713,0.926988,,,,,,,,,7.373308e-01,1047,1,0,1,1,0
035_power_drill,s0_duarte_mcd_035_power_drill_t5,duarte_mcd,1232,0.541165,,,,,,,,,0.000000e+00,140,1,0,1,1,1
035_power_drill,s0_duarte_mcd_035_power_drill_t6,duarte_mcd,1308,0.584000,,,,,,,,,1.541475e+00,7828,1,0,1,1,0
035_power_drill,s0_duarte_mcd_035_power_drill_t7,duarte_mcd,538,0.916561,,,,,,,,,7.950034e-02,240,1,0,1,1,0
035_power_drill,s0_duarte_mcd_035_power_drill_t8,duarte_mcd,208,0.868780,,,,,,,,,5.362601e-02,152,1,0,1,1,1
035_power_drill,s0_duarte_mcd_035_power_drill_t9,duarte_mcd,0,0.974324,,,,,,,,,0.000000e+00,181,0,0,1,1,
035_power_drill,s0_duarte_mcd_035_power_drill_t10,duarte_mcd,232,0.875778,,,,,,,,,0.000000e+00,132,1,0,1,1,0
035_power_drill,s0_duarte_mcd_035_power_drill_t11,duarte_mcd,169,0.893459,,,,,,,,,0.000000e+00,98,1,0,1,1,0
035_power_drill,s0_duarte_mcd_035_power_drill_t13,duarte_mcd,202,0.837880,,,,,,,,,0.000000e+00,233,1,0,1,1,0
035_power_drill,s0_duarte_mcd_035_power_drill_t14,duarte_mcd,20,0.955738,,,,,,,,,2.997041e-01,560,1,0,1,1,0
035_power_drill,s0_duarte_mcd_035_power_drill_t15,duarte_mcd,1,0.939666,,,,,,,,,2.160362e-01,296,1,0,1,1,1
035_power_drill,s0_duarte_mcd_035_power_drill_t16,duarte_mcd,4,0.908261,,,,,,,,,0.000000e+00,142,1,0,1,1,0
035_power_drill,s0_duarte_mcd_035_power_drill_t17,duarte_mcd,247,0.846957,,,,,,,,,6.448788e-01,515,1,0,1,1,1
035_power_drill,s0_duarte_mcd_035_power_drill_t18,duarte_mcd,1352,0.707322,,,,,,,,,8.564390e-02,278,1,0,1,1,0
035_power_drill,s0_duarte_mcd_035_power_drill_t19,duarte_mcd,310,0.806541,,,,,,,,,5.869428e-01,295,1,0,1,1,1
035_power_drill,s0_duarte_mcd_035_power_drill_t21,duarte_mcd,188,0.868918,,,,,,,,,1.152935e-01,277,1,0,1,1,0
035_power_drill,s0_duarte_mcd_035_power_drill_t22,duarte_mcd,147,0.864244,,,,,,,,,4.199053e-02,118,1,0,1,1,0
035_power_drill,s0_duarte_mcd_035_power_drill_t23,duarte_mcd,172,0.887291,,,,,,,,,1.922795e-01,59,1,0,1,1,0
035_power_drill,s0_duarte_mcd_035_power_drill_t24,duarte_mcd,691,0.809192,,,,,,,,,3.598417e-01,381,1,0,1,1,1
021_bleach_cleanser,s1_partial_only_021_bleach_cleanser_t0,partial_only,5,0.951374,,,,,,,,,,,1,0,1,1,1
021_bleach_cleanser,s1_partial_only_021_bleach_cleanser_t1,partial_only,265,0.891857,,,,,,,,,,,1,0,1,1,0
021_bleach_cleanser,s1_partial_only_021_bleach_cleanser_t2,partial_only,131,0.907607,,,,,,,,,,,1,0,1,1,1
021_bleach_cleanser,s1_partial_only_021_bleach_cleanser_t3,partial_only,15,0.934418,,,,,,,,,,,1,0,1,1,1
021_bleach_cleanser,s1_partial_only_021_bleach_cleanser_t4,partial_only,4,0.919255,,,,,,,,,,,1,0,1,1,1
021_bleach_cleanser,s1_partial_only_021_bleach_cleanser_t5,partial_only,685,0.773271,,,,,,,,,,,1,0,1,1,0
021_bleach_cleanser,s1_partial_only_021_bleach_cleanser_t6,partial_only,13,0.935989,,,,,,,,,,,1,0,1,1,1
021_bleach_cleanser,s1_partial_only_021_bleach_cleanser_t7,partial_only,10,0.957775,,,,,,,,,,,1,0,1,1,1
021_bleach_cleanser,s1_partial_only_021_bleach_cleanser_t8,partial_only,79,0.914966,,,,,,,,,,,1,0,1,1,1
021_bleach_cleanser,s1_partial_only_021_bleach_cleanser_t9,partial_only,1,0.948737,,,,,,,,,,,1,0,1,1,1
021_bleach_cleanser,s1_partial_only_021_bleach_cleanser_t10,partial_only,287,0.844209,,,,,,,,,,,1,0,1,1,1
021_bleach_cleanser,s1_partial_only_021_bleach_cleanser_t11,partial_only,0,0.968769,,,,,,,,,,,1,0,1,1,1
021_bleach_cleanser,s1_partial_only_021_bleach_cleanser_t12,partial_only,71,0.924531,,,,,,,,,,,1,0,1,1,0
021_bleach_cleanser,s1_partial_only_021_bleach_cleanser_t13,partial_only,4,0.948328,,,,,,,,,,,1,0,1,1,1
021_bleach_cleanser,s1_partial_only_021_bleach_cleanser_t14,partial_only,40,0.918489,,,,,,,,,,,1,0,1,1,1
021_bleach_cleanser,s1_partial_only_021_bleach_cleanser_t15,partial_only,4,0.941044,,,,,,,,,,,1,0,1,1,1
021_bleach_cleanser,s1_partial_only_021_bleach_cleanser_t16,partial_only,21,0.955930,,,,,,,,,,,1,0,1,1,0
021_bleach_cleanser,s1_partial_only_021_bleach_cleanser_t17,partial_only,227,0.881645,,,,,,,,,,,1,0,1,1,0
021_bleach_cleanser,s1_partial_only_021_bleach_cleanser_t18,partial_only,90,0.910347,,,,,,,,,,,1,0,1,1,1
021_bleach_cleanser,s1_partial_only_021_bleach_cleanser_t19,partial_only,20,0.913210,,,,,,,,,,,1,0,1,1,1
021_bleach_cleanser,s1_partial_only_021_bleach_cleanser_t20,partial_only,2,0.945399,,,,,,,,,,,1,0,1,1,1
021_bleach_cleanser,s1_partial_only_021_bleach_cleanser_t22,partial_only,14,0.936722,,,,,,,,,,,1,0,1,1,1
021_bleach_cleanser,s1_partial_only_021_bleach_cleanser_t23,partial_only,297,0.876902,,,,,,,,,,,1,0,1,1,1
021_bleach_cleanser,s1_partial_only_021_bleach_cleanser_t24,partial_only,0,0.940234,,,,,,,,,,,1,0,1,1,1
061_foam_brick,s1_partial_only_061_foam_brick_t0,partial_only,124,0.954152,,,,,,,,,,,1,0,1,1,1
061_foam_brick,s1_partial_only_061_foam_brick_t1,partial_only,132,0.930927,,,,,,,,,,,1,0,1,1,1
061_foam_brick,s1_partial_only_061_foam_brick_t2,partial_only,597,0.912484,,,,,,,,,,,1,0,1,1,1
061_foam_brick,s1_partial_only_061_foam_brick_t3,partial_only,620,0.842927,,,,,,,,,,,1,0,1,1,1
061_foam_brick,s1_partial_only_061_foam_brick_t4,partial_only,701,0.812596,,,,,,,,,,,1,0,1,1,1
061_foam_brick,s1_partial_only_061_foam_brick_t5,partial_only,54,0.954816,,,,,,,,,,,1,0,1,1,0
061_foam_brick,s1_partial_only_061_foam_brick_t6,partial_only,736,0.874170,,,,,,,,,,,1,0,1,1,1
061_foam_brick,s1_partial_only_061_foam_brick_t7,partial_only,361,0.929425,,,,,,,,,,,1,0,1,1,1
061_foam_brick,s1_partial_only_061_foam_brick_t8,partial_only,685,0.832870,,,,,,,,,,,1,0,1,1,0
061_foam_brick,s1_partial_only_061_foam_brick_t9,partial_only,298,0.927644,,,,,,,,,,,1,0,1,1,1
061_foam_brick,s1_partial_only_061_foam_brick_t10,partial_only,460,0.896504,,,,,,,,,,,1,0,1,1,0
061_foam_brick,s1_partial_only_061_foam_brick_t11,partial_only,442,0.865430,,,,,,,,,,,1,0,1,1,1
061_foam_brick,s1_partial_only_061_foam_brick_t12,partial_only,343,0.916866,,,,,,,,,,,1,0,1,1,0
061_foam_brick,s1_partial_only_061_foam_brick_t13,partial_only,702,0.856733,,,,,,,,,,,1,0,1,1,1
061_foam_brick,s1_partial_only_061_foam_brick_t14,partial_only,504,0.913094,,,,,,,,,,,1,0,1,1,1
061_foam_brick,s1_partial_only_061_foam_brick_t15,partial_only,669,0.883182,,,,,,,,,,,1,0,1,1,1
061_foam_brick,s1_partial_only_061_foam_brick_t16,partial_only,27,0.972002,,,,,,,,,,,1,0,1,1,1
061_foam_brick,s1_partial_only_061_foam_brick_t17,partial_only,429,0.873166,,,,,,,,,,,1,0,1,1,1
061_foam_brick,s1_partial_only_061_foam_brick_t18,partial_only,691,0.850481,,,,,,,,,,,1,0,1,1,1
061_foam_brick,s1_partial_only_061_foam_brick_t19,partial_only,139,0.924322,,,,,,,,,,,1,0,1,1,1
061_foam_brick,s1_partial_only_061_foam_brick_t20,partial_only,699,0.819081,,,,,,,,,,,1,0,1,1,1
061_foam_brick,s1_partial_only_061_foam_brick_t21,partial_only,860,0.791523,,,,,,,,,,,1,0,1,1,1
061_foam_brick,s1_partial_only_061_foam_brick_t22,partial_only,826,0.749339,,,,,,,,,,,1,0,1,1,1
061_foam_brick,s1_partial_only_061_foam_brick_t23,partial_only,244,0.907584,,,,,,,,,,,1,0,1,1,1
061_foam_brick,s1_partial_only_061_foam_brick_t24,partial_only,684,0.827306,,,,,,,,,,,1,0,1,1,1
010_potted_meat_can,s1_complete_only_010_potted_meat_can_t0,complete_only,152,0.790103,0.021428,8.383161e-06,4.781123e-05,879,0.014286,8.719588e-06,0.028571,8.549141e-06,5.477082e-01,611,1,0,1,1,1
010_potted_meat_can,s1_complete_only_010_potted_meat_can_t1,complete_only,35,0.764573,0.020922,2.709351e-06,7.913685e-06,651,0.013948,3.710004e-06,0.027896,2.910036e-06,5.064681e-01,638,1,0,1,1,1
010_potted_meat_can,s1_complete_only_010_potted_meat_can_t2,complete_only,71,0.773527,0.020697,1.178038e-05,4.385946e-06,725,0.013798,1.742162e-06,0.027596,1.653573e-05,5.251798e-01,676,1,0,1,1,1
010_potted_meat_can,s1_complete_only_010_potted_meat_can_t3,complete_only,17,0.904832,0.020869,1.276121e-05,3.673697e-05,597,0.013912,1.444855e-05,0.027825,8.529755e-06,7.834132e-01,794,1,0,1,1,0
010_potted_meat_can,s1_complete_only_010_potted_meat_can_t4,complete_only,233,0.809759,0.020516,4.392816e-06,7.846327e-06,654,0.013677,4.181113e-06,0.027355,5.685310e-06,8.454753e-01,763,1,0,1,1,1
010_potted_meat_can,s1_complete_only_010_potted_meat_can_t5,complete_only,56,0.864585,0.021397,1.262591e-06,3.826119e-06,933,0.014264,1.386532e-06,0.028529,1.103389e-06,5.051201e-01,728,1,0,1,1,1
010_potted_meat_can,s1_complete_only_010_potted_meat_can_t6,complete_only,0,0.900958,0.025624,7.186037e-06,5.233107e-05,1812,0.017083,7.234516e-06,0.034166,8.237068e-06,7.070993e-01,771,1,0,1,1,1
010_potted_meat_can,s1_complete_only_010_potted_meat_can_t7,complete_only,8,0.828544,0.021058,3.851087e-06,1.906735e-05,632,0.014039,2.895649e-06,0.028078,4.556335e-06,5.150042e-01,724,1,0,1,1,0
010_potted_meat_can,s1_complete_only_010_potted_meat_can_t8,complete_only,11,0.903666,0.029139,8.442679e-07,1.322355e-06,2296,0.019426,8.649575e-07,0.038852,8.225377e-07,4.939316e-02,88,1,0,1,1,1
010_potted_meat_can,s1_complete_only_010_potted_meat_can_t9,complete_only,0,0.921021,0.020948,6.418817e-06,2.164359e-06,537,0.013965,7.090032e-07,0.027930,8.937949e-06,3.085992e-01,587,1,0,1,1,1
010_potted_meat_can,s1_complete_only_010_potted_meat_can_t10,complete_only,29,0.872924,0.020994,1.278399e-06,4.745683e-06,789,0.013996,1.122914e-06,0.027992,1.427316e-06,4.947944e-01,680,1,0,1,1,1
010_potted_meat_can,s1_complete_only_010_potted_meat_can_t11,complete_only,145,0.837468,0.020459,1.206101e-06,2.803335e-06,635,0.013639,1.078165e-06,0.027278,1.320525e-06,6.567795e-01,804,1,0,1,1,0
010_potted_meat_can,s1_complete_only_010_potted_meat_can_t12,complete_only,77,0.913480,0.019927,8.076405e-07,1.594597e-06,708,0.013285,8.820668e-07,0.026569,7.372749e-07,1.951714e-01,511,1,0,1,1,1
010_potted_meat_can,s1_complete_only_010_potted_meat_can_t13,complete_only,0,0.928390,0.020640,6.676714e-07,2.255160e-06,514,0.013760,5.360642e-07,0.027520,1.792669e-06,3.982477e-01,650,1,0,1,1,1
010_potted_meat_can,s1_complete_only_010_potted_meat_can_t14,complete_only,197,0.742855,0.021042,1.554812e-06,3.163614e-06,1044,0.014028,1.926474e-06,0.028056,2.476185e-06,3.104680e-01,522,1,0,1,1,0
010_potted_meat_can,s1_complete_only_010_potted_meat_can_t15,complete_only,0,0.924586,0.021056,6.144236e-07,2.093737e-06,457,0.014037,5.024952e-07,0.028075,1.053063e-05,3.181348e-01,585,1,0,1,1,1
010_potted_meat_can,s1_complete_only_010_potted_meat_can_t16,complete_only,0,0.928803,0.021580,2.774700e-05,1.859712e-04,550,0.014386,2.983054e-05,0.028773,2.572080e-05,2.690919e-01,373,1,0,1,1,1
010_potted_meat_can,s1_complete_only_010_potted_meat_can_t17,complete_only,55,0.822307,0.020583,1.690684e-06,6.008585e-06,478,0.013722,8.336642e-07,0.027444,3.628439e-06,2.764058e-01,456,1,0,1,1,1
010_potted_meat_can,s1_complete_only_010_potted_meat_can_t18,complete_only,246,0.883574,0.019797,8.283189e-07,2.427813e-06,586,0.013198,9.022205e-07,0.026396,7.393079e-07,2.509226e-01,587,1,0,1,1,1
010_potted_meat_can,s1_complete_only_010_potted_meat_can_t19,complete_only,981,0.803062,0.015716,1.990037e-07,5.058710e-07,5428,0.010477,2.066989e-07,0.020955,1.716752e-07,1.021401e+00,3025,1,0,1,1,0
010_potted_meat_can,s1_complete_only_010_potted_meat_can_t20,complete_only,594,0.768147,0.020956,2.535215e-06,3.141505e-06,656,0.013971,2.367117e-06,0.027942,3.183049e-06,3.987117e-01,474,1,0,1,1,0
010_potted_meat_can,s1_complete_only_010_potted_meat_can_t21,complete_only,208,0.817156,0.020614,2.885743e-06,7.638622e-06,660,0.013742,1.242149e-06,0.027485,3.994930e-06,8.212507e-01,807,1,0,1,1,1
010_potted_meat_can,s1_complete_only_010_potted_meat_can_t22,complete_only,5,0.872396,0.020539,2.332619e-05,1.234358e-04,826,0.013693,2.267619e-05,0.027386,2.331718e-05,1.061061e+00,799,1,0,1,1,1
010_potted_meat_can,s1_complete_only_010_potted_meat_can_t23,complete_only,5,0.906011,0.019610,7.466626e-07,1.744521e-06,619,0.013073,7.887781e-07,0.026146,6.544205e-07,9.200685e-02,106,1,0,1,1,1
005_tomato_soup_can,s1_epi_max_005_tomato_soup_can_t0,complete_epi,38,0.879997,0.019058,5.627295e-07,1.665855e-06,546,0.012706,6.383678e-07,0.025411,5.502291e-07,3.428071e-01,758,1,0,1,1,1
005_tomato_soup_can,s1_epi_max_005_tomato_soup_can_t1,complete_epi,15,0.874068,0.019054,8.112362e-07,1.438511e-06,666,0.012703,7.877502e-07,0.025405,7.928855e-07,3.989804e-01,803,1,0,1,1,1
005_tomato_soup_can,s1_epi_max_005_tomato_soup_can_t2,complete_epi,22,0.886378,0.018706,5.598108e-07,1.901670e-06,409,0.012471,3.441175e-07,0.024942,6.671538e-07,2.482568e-01,671,1,0,1,1,1
005_tomato_soup_can,s1_epi_max_005_tomato_soup_can_t3,complete_epi,31,0.878330,0.018834,7.673015e-07,1.555171e-06,669,0.012556,7.116680e-07,0.025112,8.186578e-07,4.646160e-01,866,1,0,1,1,0
005_tomato_soup_can,s1_epi_max_005_tomato_soup_can_t4,complete_epi,68,0.866300,0.019080,7.948565e-07,1.463633e-06,709,0.012720,7.783172e-07,0.025440,8.036367e-07,4.312534e-01,837,1,0,1,1,1
005_tomato_soup_can,s1_epi_max_005_tomato_soup_can_t5,complete_epi,35,0.883129,0.019015,6.465877e-07,1.881009e-06,564,0.012677,6.372566e-07,0.025353,6.454766e-07,3.228105e-01,722,1,0,1,1,1
005_tomato_soup_can,s1_epi_max_005_tomato_soup_can_t6,complete_epi,63,0.866512,0.019032,7.507265e-07,1.468877e-06,680,0.012688,7.106056e-07,0.025376,8.005241e-07,5.030150e-01,901,1,0,1,1,0
005_tomato_soup_can,s1_epi_max_005_tomato_soup_can_t7,complete_epi,102,0.861942,0.019115,7.805115e-07,1.598507e-06,682,0.012744,7.517052e-07,0.025487,8.079356e-07,3.907185e-01,814,1,0,1,1,1
005_tomato_soup_can,s1_epi_max_005_tomato_soup_can_t8,complete_epi,80,0.832195,0.028006,7.270901e-05,3.958606e-05,1480,0.018671,8.528577e-05,0.037342,5.903601e-05,1.780802e+00,1061,1,0,1,1,0
005_tomato_soup_can,s1_epi_max_005_tomato_soup_can_t9,complete_epi,21,0.887534,0.018802,6.325309e-07,1.505634e-06,561,0.012535,5.911457e-07,0.025070,6.107549e-07,2.941483e-01,660,1,0,1,1,1
005_tomato_soup_can,s1_epi_max_005_tomato_soup_can_t11,complete_epi,9,0.883291,0.019115,6.625903e-07,2.484330e-06,523,0.012743,6.514624e-07,0.025486,6.046898e-07,3.199587e-01,751,1,0,1,1,1
005_tomato_soup_can,s1_epi_max_005_tomato_soup_can_t12,complete_epi,37,0.870618,0.019115,7.289852e-07,1.530127e-06,632,0.012743,6.768820e-07,0.025487,7.672848e-07,2.958389e-01,730,1,0,1,1,1
005_tomato_soup_can,s1_epi_max_005_tomato_soup_can_t13,complete_epi,22,0.879930,0.019075,7.616239e-07,1.530288e-06,735,0.012717,7.187061e-07,0.025434,7.672130e-07,5.038168e-01,960,1,0,1,1,1
005_tomato_soup_can,s1_epi_max_005_tomato_soup_can_t14,complete_epi,57,0.878455,0.019060,5.128439e-07,1.582859e-06,516,0.012706,4.733869e-07,0.025413,5.513892e-07,3.333449e-01,763,1,0,1,1,1
005_tomato_soup_can,s1_epi_max_005_tomato_soup_can_t15,complete_epi,116,0.860969,0.019050,7.244357e-07,1.656067e-06,538,0.012700,6.639880e-07,0.025399,7.426869e-07,3.064113e-01,724,1,0,1,1,1
005_tomato_soup_can,s1_epi_max_005_tomato_soup_can_t16,complete_epi,13,0.881876,0.018979,7.615306e-07,1.359312e-06,730,0.012653,7.044896e-07,0.025305,7.747176e-07,4.890917e-01,915,1,0,1,1,1
005_tomato_soup_can,s1_epi_max_005_tomato_soup_can_t18,complete_epi,47,0.872691,0.018887,8.370641e-07,1.567391e-06,732,0.012592,8.316786e-07,0.025183,8.514937e-07,5.471065e-01,979,1,0,1,1,1
005_tomato_soup_can,s1_epi_max_005_tomato_soup_can_t19,complete_epi,14,0.880697,0.018813,7.904368e-07,1.489131e-06,691,0.012542,7.933686e-07,0.025084,8.028155e-07,4.669580e-01,899,1,0,1,1,1
005_tomato_soup_can,s1_epi_max_005_tomato_soup_can_t20,complete_epi,53,0.872251,0.019011,7.956186e-07,1.476858e-06,625,0.012674,7.692339e-07,0.025349,8.127303e-07,3.460129e-01,791,1,0,1,1,1
005_tomato_soup_can,s1_epi_max_005_tomato_soup_can_t21,complete_epi,49,0.862332,0.019012,7.951677e-07,1.479486e-06,696,0.012675,8.030594e-07,0.025350,7.862525e-07,4.634377e-01,892,1,0,1,1,0
005_tomato_soup_can,s1_epi_max_005_tomato_soup_can_t22,complete_epi,7,0.887405,0.018914,8.251908e-07,1.664977e-06,693,0.012609,7.503802e-07,0.025218,8.166124e-07,4.986030e-01,884,1,0,1,1,1
005_tomato_soup_can,s1_epi_max_005_tomato_soup_can_t23,complete_epi,49,0.879045,0.018971,4.352904e-07,1.597384e-06,422,0.012648,3.393666e-07,0.025295,5.533576e-07,2.388252e-01,651,1,0,1,1,1
005_tomato_soup_can,s1_epi_max_005_tomato_soup_can_t24,complete_epi,67,0.865173,0.018923,7.235801e-07,1.898387e-06,584,0.012615,6.710854e-07,0.025231,7.319707e-07,2.963848e-01,681,1,0,1,1,1
035_power_drill,s1_epi_max_035_power_drill_t0,complete_epi,848,0.743833,0.041747,5.051093e-07,3.252265e-06,760,0.027831,0.000000e+00,0.055663,8.820532e-07,0.000000e+00,164,1,0,1,1,1
035_power_drill,s1_epi_max_035_power_drill_t1,complete_epi,307,0.894708,0.040927,2.904968e-06,0.000000e+00,1205,0.027285,0.000000e+00,0.054570,6.105707e-06,0.000000e+00,233,1,0,1,1,0
035_power_drill,s1_epi_max_035_power_drill_t3,complete_epi,84,0.905083,0.045754,1.081910e-04,9.587288e-04,993,0.030503,7.629209e-05,0.061006,1.660383e-04,1.700362e-01,133,1,0,1,1,1
035_power_drill,s1_epi_max_035_power_drill_t4,complete_epi,0,0.952602,0.025591,3.691409e-05,2.051603e-04,2299,0.017061,2.606586e-05,0.034122,4.566591e-05,7.401480e-01,567,1,0,1,1,0
035_power_drill,s1_epi_max_035_power_drill_t5,complete_epi,0,0.764873,0.002835,1.057828e-06,4.495978e-06,1977,0.001890,1.025046e-06,0.003780,9.976271e-07,2.661179e+00,7807,0,0,1,1,
035_power_drill,s1_epi_max_035_power_drill_t6,complete_epi,176,0.912119,0.042172,5.000112e-07,3.795767e-06,768,0.028115,0.000000e+00,0.056230,2.112961e-06,0.000000e+00,133,1,0,1,1,1
035_power_drill,s1_epi_max_035_power_drill_t7,complete_epi,1727,0.213728,0.055813,2.078205e-05,6.951991e-05,2257,0.037208,1.825389e-05,0.074417,3.311217e-05,4.423931e-01,236,1,0,1,1,0
035_power_drill,s1_epi_max_035_power_drill_t8,complete_epi,123,0.957964,0.028860,3.966168e-05,2.110579e-04,1245,0.019240,2.906335e-05,0.038481,2.567306e-05,1.720826e+00,1070,1,0,1,1,0
035_power_drill,s1_epi_max_035_power_drill_t9,complete_epi,527,0.810601,0.027482,8.408060e-07,2.109779e-06,866,0.018321,4.596593e-07,0.036642,9.020830e-07,0.000000e+00,219,1,0,1,1,0
035_power_drill,s1_epi_max_035_power_drill_t10,complete_epi,1,0.961756,0.035350,3.336685e-04,1.034023e-03,1588,0.023566,3.327290e-04,0.047133,2.725826e-04,1.019186e+00,389,1,0,1,1,0
035_power_drill,s1_epi_max_035_power_drill_t11,complete_epi,228,0.856183,0.027951,0.000000e+00,0.000000e+00,887,0.018634,0.000000e+00,0.037268,3.945639e-07,0.000000e+00,337,1,0,1,1,0
035_power_drill,s1_epi_max_035_power_drill_t12,complete_epi,765,0.759535,0.045167,2.940476e-05,2.360481e-05,3043,0.030111,3.207747e-05,0.060223,3.227851e-05,7.792371e-01,571,1,0,1,1,1
035_power_drill,s1_epi_max_035_power_drill_t13,complete_epi,259,0.861233,0.039125,3.573399e-06,9.334239e-06,1234,0.026083,2.896429e-06,0.052167,9.550849e-06,5.592269e-01,412,1,0,1,1,1
035_power_drill,s1_epi_max_035_power_drill_t15,complete_epi,473,0.793445,0.042639,6.971496e-05,3.629737e-04,774,0.028426,3.901725e-05,0.056852,1.406250e-04,4.608304e-02,117,1,0,1,1,0
035_power_drill,s1_epi_max_035_power_drill_t16,complete_epi,221,0.821248,0.031466,4.842080e-06,1.027607e-05,3616,0.020977,5.931621e-06,0.041955,2.185695e-05,8.788404e-01,948,1,0,1,1,0
035_power_drill,s1_epi_max_035_power_drill_t17,complete_epi,191,0.870349,0.043292,4.905594e-05,3.852971e-04,585,0.028861,6.151720e-05,0.057723,1.450000e-04,4.744887e-02,137,1,0,1,1,1
035_power_drill,s1_epi_max_035_power_drill_t19,complete_epi,97,0.887524,0.046699,1.473133e-04,8.064210e-04,1050,0.031133,1.276539e-04,0.062266,1.465330e-04,6.225363e-01,173,1,0,1,1,1
035_power_drill,s1_epi_max_035_power_drill_t20,complete_epi,14,0.897953,0.043405,2.055087e-05,0.000000e+00,622,0.028936,0.000000e+00,0.057873,8.640918e-05,0.000000e+00,132,1,0,1,1,1
035_power_drill,s1_epi_max_035_power_drill_t22,complete_epi,246,0.862497,0.046722,1.247484e-04,4.345940e-04,975,0.031148,9.565408e-05,0.062296,1.740136e-04,9.011051e-02,141,1,0,1,1,1
035_power_drill,s1_epi_max_035_power_drill_t24,complete_epi,203,0.864883,0.043370,9.075860e-05,5.273395e-04,755,0.028914,5.471860e-05,0.057827,1.491921e-04,4.288764e-02,126,1,0,1,1,1
021_bleach_cleanser,s1_epi_mean_021_bleach_cleanser_t0,complete_epi,17,0.937743,0.038889,6.749579e-05,6.287317e-04,1010,0.025926,8.976012e-05,0.051852,9.190675e-05,1.962817e-01,109,1,0,1,1,1
021_bleach_cleanser,s1_epi_mean_021_bleach_cleanser_t1,complete_epi,690,0.682054,0.060235,3.689793e-05,2.437089e-04,5201,0.040157,4.673882e-05,0.080314,5.891279e-05,1.131913e+00,261,1,0,1,1,0
021_bleach_cleanser,s1_epi_mean_021_bleach_cleanser_t2,complete_epi,31,0.939166,0.039386,2.397542e-05,2.888271e-04,973,0.026257,3.896294e-05,0.052515,2.154872e-05,1.726498e-01,161,1,0,1,1,1
021_bleach_cleanser,s1_epi_mean_021_bleach_cleanser_t3,complete_epi,686,0.830684,0.039098,1.968077e-05,1.912569e-04,757,0.026066,8.593511e-05,0.052131,4.216016e-05,5.717367e-02,118,1,0,1,1,1
021_bleach_cleanser,s1_epi_mean_021_bleach_cleanser_t4,complete_epi,1299,0.317782,0.055018,1.715923e-04,1.387191e-03,2890,0.036679,4.637116e-04,0.073357,2.859554e-04,1.414940e+00,318,1,0,1,1,1
021_bleach_cleanser,s1_epi_mean_021_bleach_cleanser_t5,complete_epi,195,0.920127,0.040635,7.159150e-05,6.752802e-04,1560,0.027090,1.491035e-04,0.054180,6.752198e-05,4.800514e-01,234,1,0,1,1,1
021_bleach_cleanser,s1_epi_mean_021_bleach_cleanser_t7,complete_epi,22,0.903606,0.062952,5.919267e-05,2.634134e-04,6277,0.041968,9.305793e-05,0.083936,6.046234e-05,1.775251e+00,457,1,0,1,1,0
021_bleach_cleanser,s1_epi_mean_021_bleach_cleanser_t8,complete_epi,127,0.884777,0.040407,9.355077e-06,1.204390e-04,616,0.026938,2.035190e-05,0.053876,1.291581e-05,0.000000e+00,120,1,0,1,1,1
021_bleach_cleanser,s1_epi_mean_021_bleach_cleanser_t10,complete_epi,1,0.869240,0.021628,4.975407e-06,2.212509e-05,1302,0.014419,1.005003e-05,0.028837,7.278779e-06,6.850901e-01,465,1,0,1,1,0
021_bleach_cleanser,s1_epi_mean_021_bleach_cleanser_t11,complete_epi,1431,0.502618,0.003618,3.264458e-08,2.347088e-07,386,0.002412,1.218132e-08,0.004824,1.085662e-07,2.764195e+00,8192,1,0,1,1,0
021_bleach_cleanser,s1_epi_mean_021_bleach_cleanser_t12,complete_epi,83,0.884343,0.038958,2.198615e-05,3.372501e-04,1196,0.025972,3.226793e-05,0.051943,2.885697e-05,0.000000e+00,110,1,0,1,1,1
021_bleach_cleanser,s1_epi_mean_021_bleach_cleanser_t13,complete_epi,0,0.934614,0.053078,1.762743e-04,1.453926e-03,3077,0.035386,5.134476e-04,0.070771,2.436349e-04,1.837383e+00,235,1,0,1,1,1
021_bleach_cleanser,s1_epi_mean_021_bleach_cleanser_t14,complete_epi,10,0.938230,0.039395,6.393587e-05,5.761335e-04,1001,0.026263,1.057128e-04,0.052526,7.229689e-05,6.182394e-02,110,1,0,1,1,1
021_bleach_cleanser,s1_epi_mean_021_bleach_cleanser_t15,complete_epi,567,0.865139,0.039005,1.019258e-04,9.007654e-04,1108,0.026003,2.296456e-04,0.052007,7.260086e-05,3.675738e-01,153,1,0,1,1,1
021_bleach_cleanser,s1_epi_mean_021_bleach_cleanser_t17,complete_epi,7,0.912244,0.023744,1.305335e-05,7.560608e-05,3404,0.015829,4.520024e-05,0.031658,1.531589e-05,2.493429e+00,1101,1,0,1,1,0
021_bleach_cleanser,s1_epi_mean_021_bleach_cleanser_t18,complete_epi,134,0.897160,0.040209,9.651657e-06,9.238551e-05,1582,0.026806,1.665057e-05,0.053612,9.804288e-06,1.149825e-01,217,1,0,1,1,1
021_bleach_cleanser,s1_epi_mean_021_bleach_cleanser_t19,complete_epi,7,0.905935,0.038663,2.595222e-05,1.575337e-04,1277,0.025775,6.156859e-05,0.051551,3.119866e-05,1.534587e-01,144,1,0,1,1,1
021_bleach_cleanser,s1_epi_mean_021_bleach_cleanser_t20,complete_epi,966,0.777071,0.038998,1.376834e-05,1.466848e-04,1296,0.025999,6.782451e-05,0.051997,2.627530e-05,1.655130e-01,116,1,0,1,1,1
021_bleach_cleanser,s1_epi_mean_021_bleach_cleanser_t21,complete_epi,3,0.939730,0.018660,4.472106e-08,8.854413e-07,802,0.012440,0.000000e+00,0.024880,5.175211e-07,0.000000e+00,400,1,0,1,1,0
021_bleach_cleanser,s1_epi_mean_021_bleach_cleanser_t22,complete_epi,724,0.822086,0.039757,2.501835e-05,2.534824e-04,1086,0.026504,1.141372e-04,0.053009,5.339023e-05,3.249479e-02,67,1,0,1,1,1
021_bleach_cleanser,s1_epi_mean_021_bleach_cleanser_t23,complete_epi,2,0.929053,0.049416,9.792875e-05,7.531018e-04,2157,0.032944,1.727736e-04,0.065888,1.727362e-04,1.568640e+00,278,1,0,1,1,1
021_bleach_cleanser,s1_epi_mean_021_bleach_cleanser_t24,complete_epi,859,0.783995,0.039336,9.061803e-05,7.462329e-04,659,0.026224,3.341014e-04,0.052448,1.054243e-04,1.904428e-01,97,1,0,1,1,1
061_foam_brick,s1_epi_mean_061_foam_brick_t0,complete_epi,1068,0.840519,0.016198,1.645041e-06,8.133567e-06,408,0.010799,3.127324e-06,0.021597,2.786963e-06,8.729633e-01,1239,1,0,1,1,1
061_foam_brick,s1_epi_mean_061_foam_brick_t1,complete_epi,1160,0.763316,0.016597,9.164631e-05,5.687750e-04,309,0.011064,3.527881e-04,0.022129,1.474533e-04,1.648981e+00,1073,1,0,1,1,1
061_foam_brick,s1_epi_mean_061_foam_brick_t2,complete_epi,653,0.903184,0.017436,6.088591e-07,1.654841e-06,1194,0.011624,8.180553e-07,0.023248,5.810654e-07,1.089545e+00,1580,1,0,1,1,1
061_foam_brick,s1_epi_mean_061_foam_brick_t3,complete_epi,355,0.921742,0.017461,2.474461e-06,1.340019e-05,1401,0.011641,3.268760e-06,0.023282,8.319323e-06,2.051886e+00,1489,1,0,1,1,1
061_foam_brick,s1_epi_mean_061_foam_brick_t4,complete_epi,1156,0.690773,0.016641,4.191296e-06,2.909620e-05,890,0.011094,6.773156e-06,0.022187,9.128049e-06,1.297958e+00,1233,1,0,1,1,1
061_foam_brick,s1_epi_mean_061_foam_brick_t5,complete_epi,0,0.980908,0.016548,8.289277e-07,2.673297e-06,702,0.011032,8.868572e-07,0.022064,1.229463e-05,1.380212e+00,1121,1,0,1,1,1
061_foam_brick,s1_epi_mean_061_foam_brick_t6,complete_epi,1036,0.719825,0.017354,2.250545e-06,2.022378e-05,1379,0.011570,2.444915e-06,0.023139,6.283930e-06,1.237696e+00,879,1,0,1,1,1
061_foam_brick,s1_epi_mean_061_foam_brick_t7,complete_epi,1170,0.750807,0.017365,3.690726e-06,2.952093e-05,690,0.011577,6.815987e-06,0.023154,8.176376e-06,1.389432e+00,1290,1,0,1,1,1
061_foam_brick,s1_epi_mean_061_foam_brick_t8,complete_epi,423,0.899799,0.017042,3.734188e-07,6.764290e-07,913,0.011361,4.069258e-07,0.022722,3.923138e-07,9.276681e-01,1765,1,0,1,1,0
061_foam_brick,s1_epi_mean_061_foam_brick_t9,complete_epi,435,0.897066,0.016182,3.207582e-06,2.176518e-06,1000,0.010788,9.509212e-07,0.021576,1.804758e-05,9.491115e-01,950,1,0,1,1,1
061_foam_brick,s1_epi_mean_061_foam_brick_t10,complete_epi,15,0.954572,0.017331,1.733416e-06,6.385077e-06,1414,0.011554,9.271828e-07,0.023108,4.522030e-06,1.222476e+00,1808,1,0,1,1,1
061_foam_brick,s1_epi_mean_061_foam_brick_t11,complete_epi,185,0.906030,0.016711,1.411564e-06,1.542151e-06,1073,0.011140,5.210989e-07,0.022281,3.911624e-06,1.983755e+00,2255,1,0,1,1,1
061_foam_brick,s1_epi_mean_061_foam_brick_t12,complete_epi,551,0.903846,0.016941,3.964821e-07,8.065125e-07,856,0.011294,4.586357e-07,0.022588,2.852532e-06,1.280812e+00,1902,1,0,1,1,1
061_foam_brick,s1_epi_mean_061_foam_brick_t13,complete_epi,0,0.955157,0.015871,2.451593e-06,1.597014e-05,539,0.010581,2.846816e-06,0.021162,5.491897e-06,1.152082e+00,1018,1,0,1,1,1
061_foam_brick,s1_epi_mean_061_foam_brick_t14,complete_epi,1137,0.806765,0.016190,2.698273e-06,6.521794e-06,988,0.010793,2.356997e-06,0.021586,5.421153e-06,6.724798e-01,987,1,0,1,1,1
061_foam_brick,s1_epi_mean_061_foam_brick_t15,complete_epi,3,0.940360,0.016123,4.600435e-06,1.847350e-05,785,0.010749,3.233910e-06,0.021497,3.586373e-05,2.074185e+00,1097,1,0,1,1,1
061_foam_brick,s1_epi_mean_061_foam_brick_t16,complete_epi,174,0.963934,0.017224,2.256575e-05,1.133151e-04,563,0.011482,1.537117e-05,0.022965,3.834798e-05,1.320463e+00,986,1,0,1,1,1
061_foam_brick,s1_epi_mean_061_foam_brick_t17,complete_epi,1283,0.586596,0.015861,1.435588e-05,9.116453e-05,741,0.010574,5.355188e-05,0.021148,2.210221e-05,1.551063e+00,1315,1,0,1,1,1
061_foam_brick,s1_epi_mean_061_foam_brick_t18,complete_epi,160,0.936558,0.016847,3.518835e-07,6.561364e-07,1199,0.011231,4.356240e-07,0.022462,4.967463e-07,9.924681e-01,1835,1,0,1,1,1
061_foam_brick,s1_epi_mean_061_foam_brick_t19,complete_epi,18,0.951936,0.017196,6.132662e-07,2.012376e-06,948,0.011464,7.377469e-07,0.022928,9.662267e-07,1.585652e+00,1881,1,0,1,1,0
061_foam_brick,s1_epi_mean_061_foam_brick_t20,complete_epi,1321,0.598175,0.016451,3.743249e-06,3.318219e-05,1079,0.010967,4.989260e-06,0.021935,1.019971e-05,2.759510e+00,1548,1,0,1,1,1
061_foam_brick,s1_epi_mean_061_foam_brick_t21,complete_epi,1230,0.615066,0.015619,3.474776e-05,1.195210e-04,567,0.010412,8.244580e-05,0.020825,4.659972e-05,1.720030e+00,1242,1,0,1,1,1
061_foam_brick,s1_epi_mean_061_foam_brick_t22,complete_epi,1356,0.555053,0.015999,2.614331e-05,1.622067e-04,575,0.010666,6.638766e-05,0.021332,4.297145e-05,3.459724e+00,1281,1,0,1,1,1
061_foam_brick,s1_epi_mean_061_foam_brick_t23,complete_epi,170,0.936273,0.017127,4.422767e-07,9.371456e-07,1311,0.011418,5.240352e-07,0.022837,4.880898e-07,1.218682e+00,1788,1,0,1,1,1
061_foam_brick,s1_epi_mean_061_foam_brick_t24,complete_epi,1299,0.598823,0.016059,1.279994e-05,7.657546e-05,875,0.010706,3.840751e-05,0.021412,1.884210e-05,1.492378e+00,1125,1,0,1,1,1
010_potted_meat_can,s1_hetero_patch_010_potted_meat_can_t0,hetero_patch,129,0.790458,0.021428,6.119399e-06,1.946504e-05,606,0.014286,5.673628e-06,0.028571,7.517073e-06,5.299559e-01,655,1,0,1,1,1
010_potted_meat_can,s1_hetero_patch_010_potted_meat_can_t1,hetero_patch,52,0.762193,0.020879,2.696556e-06,4.537175e-06,560,0.013920,2.588770e-06,0.027839,3.628415e-06,8.660257e-01,920,1,0,1,1,1
010_potted_meat_can,s1_hetero_patch_010_potted_meat_can_t2,hetero_patch,223,0.694310,0.020761,1.522040e-06,3.989386e-06,670,0.013841,1.730975e-06,0.027681,1.339959e-06,5.331297e-01,721,1,0,1,1,1
010_potted_meat_can,s1_hetero_patch_010_potted_meat_can_t3,hetero_patch,0,0.922134,0.027286,4.810101e-06,3.009568e-05,1236,0.018191,3.448802e-06,0.036381,5.851810e-06,7.222282e-01,731,1,0,1,1,1
010_potted_meat_can,s1_hetero_patch_010_potted_meat_can_t5,hetero_patch,55,0.831937,0.021483,1.274259e-06,4.772955e-06,839,0.014322,1.056820e-06,0.028644,1.203137e-06,5.551756e-01,697,1,0,1,1,1
010_potted_meat_can,s1_hetero_patch_010_potted_meat_can_t6,hetero_patch,222,0.790071,0.020866,2.657484e-06,5.911563e-06,867,0.013911,2.432101e-06,0.027821,3.591293e-06,6.279192e-01,663,1,0,1,1,1
010_potted_meat_can,s1_hetero_patch_010_potted_meat_can_t7,hetero_patch,204,0.752585,0.021739,2.729238e-06,4.090877e-06,732,0.014493,2.235855e-06,0.028986,2.953061e-06,3.589236e-01,479,1,0,1,1,0
010_potted_meat_can,s1_hetero_patch_010_potted_meat_can_t8,hetero_patch,21,0.922408,0.020112,9.203558e-07,2.582960e-06,642,0.013408,1.156590e-06,0.026816,7.769976e-07,2.968876e-01,588,1,0,1,1,1
010_potted_meat_can,s1_hetero_patch_010_potted_meat_can_t9,hetero_patch,444,0.851217,0.007813,5.272915e-07,2.812846e-06,670,0.005209,2.076641e-06,0.010418,3.832041e-07,2.074050e+00,7245,1,0,1,1,0
010_potted_meat_can,s1_hetero_patch_010_potted_meat_can_t10,hetero_patch,25,0.850620,0.020894,2.082198e-06,8.297961e-06,777,0.013929,1.978897e-06,0.027859,2.201627e-06,6.701908e-01,795,1,0,1,1,1
010_potted_meat_can,s1_hetero_patch_010_potted_meat_can_t11,hetero_patch,2,0.915092,0.026572,3.763641e-06,2.253350e-05,1632,0.017715,2.820559e-06,0.035429,4.439617e-06,8.975278e-01,834,1,0,1,1,0
010_potted_meat_can,s1_hetero_patch_010_potted_meat_can_t12,hetero_patch,30,0.916143,0.019932,8.824279e-07,1.971938e-06,709,0.013288,9.893287e-07,0.026576,7.894926e-07,3.603136e-01,672,1,0,1,1,1
010_potted_meat_can,s1_hetero_patch_010_potted_meat_can_t13,hetero_patch,0,0.932484,0.020720,9.313996e-07,3.013608e-06,603,0.013813,5.457767e-07,0.027626,1.555546e-06,4.490748e-01,677,1,0,1,1,1
010_potted_meat_can,s1_hetero_patch_010_potted_meat_can_t14,hetero_patch,99,0.827364,0.021294,3.056448e-06,5.898173e-06,560,0.014196,2.578753e-06,0.028392,3.473418e-06,6.291430e-01,742,1,0,1,1,1
010_potted_meat_can,s1_hetero_patch_010_potted_meat_can_t15,hetero_patch,1,0.923373,0.021051,3.803025e-06,4.690316e-06,726,0.014034,1.775024e-06,0.028067,4.156761e-06,3.686356e-01,544,1,0,1,1,1
010_potted_meat_can,s1_hetero_patch_010_potted_meat_can_t16,hetero_patch,2,0.910208,0.021626,3.481189e-06,4.107341e-06,585,0.014417,1.956107e-06,0.028834,4.392951e-06,4.150981e-01,566,1,0,1,1,1
010_potted_meat_can,s1_hetero_patch_010_potted_meat_can_t17,hetero_patch,1,0.864661,0.027719,6.018259e-06,4.396113e-05,1610,0.018479,5.970990e-06,0.036958,5.582719e-06,8.081165e-01,847,1,0,1,1,0
010_potted_meat_can,s1_hetero_patch_010_potted_meat_can_t18,hetero_patch,279,0.866720,0.019784,7.165560e-07,1.699584e-06,582,0.013189,7.587450e-07,0.026379,6.632104e-07,1.574983e-01,503,1,0,1,1,1
010_potted_meat_can,s1_hetero_patch_010_potted_meat_can_t19,hetero_patch,17,0.933640,0.020618,1.150960e-06,3.469209e-06,667,0.013746,1.085135e-06,0.027491,1.266708e-06,4.084382e-01,646,1,0,1,1,1
010_potted_meat_can,s1_hetero_patch_010_potted_meat_can_t20,hetero_patch,262,0.814964,0.021103,2.576056e-06,5.164161e-06,834,0.014069,2.090843e-06,0.028138,3.572021e-06,5.154040e-01,487,1,0,1,1,1
010_potted_meat_can,s1_hetero_patch_010_potted_meat_can_t21,hetero_patch,1,0.869857,0.026439,4.632457e-06,3.476329e-05,1462,0.017626,3.746154e-06,0.035253,5.290240e-06,8.830697e-01,819,1,0,1,1,0
010_potted_meat_can,s1_hetero_patch_010_potted_meat_can_t22,hetero_patch,9,0.868213,0.020508,1.724883e-06,6.082459e-06,625,0.013672,1.023237e-06,0.027344,2.117355e-06,4.147289e-01,536,1,0,1,1,0
010_potted_meat_can,s1_hetero_patch_010_potted_meat_can_t23,hetero_patch,2,0.915957,0.019500,1.011718e-06,3.811416e-06,617,0.013000,1.163119e-06,0.025999,8.864822e-07,0.000000e+00,27,1,0,1,1,0
010_potted_meat_can,s1_hetero_patch_010_potted_meat_can_t24,hetero_patch,47,0.790370,0.020678,4.020688e-06,1.906633e-05,465,0.013785,3.384407e-06,0.027571,5.240268e-06,1.603215e-01,334,1,0,1,1,1
005_tomato_soup_can,s1_duarte_mcd_005_tomato_soup_can_t0,duarte_mcd,79,0.881744,,,,,,,,,4.085218e-01,773,1,0,1,1,1
005_tomato_soup_can,s1_duarte_mcd_005_tomato_soup_can_t1,duarte_mcd,139,0.863254,,,,,,,,,7.364903e-01,588,1,0,1,1,0
005_tomato_soup_can,s1_duarte_mcd_005_tomato_soup_can_t2,duarte_mcd,14,0.898036,,,,,,,,,1.536616e-01,544,1,0,1,1,1
005_tomato_soup_can,s1_duarte_mcd_005_tomato_soup_can_t3,duarte_mcd,42,0.880792,,,,,,,,,4.572736e-01,887,1,0,1,1,1
005_tomato_soup_can,s1_duarte_mcd_005_tomato_soup_can_t4,duarte_mcd,31,0.889504,,,,,,,,,4.261585e-01,856,1,0,1,1,1
005_tomato_soup_can,s1_duarte_mcd_005_tomato_soup_can_t5,duarte_mcd,18,0.894417,,,,,,,,,2.219042e-01,581,1,0,1,1,1
005_tomato_soup_can,s1_duarte_mcd_005_tomato_soup_can_t6,duarte_mcd,15,0.894083,,,,,,,,,4.467868e-01,856,1,0,1,1,0
005_tomato_soup_can,s1_duarte_mcd_005_tomato_soup_can_t7,duarte_mcd,59,0.868038,,,,,,,,,2.332441e-01,581,1,0,1,1,1
005_tomato_soup_can,s1_duarte_mcd_005_tomato_soup_can_t9,duarte_mcd,32,0.886114,,,,,,,,,4.751253e-01,862,1,0,1,1,1
005_tomato_soup_can,s1_duarte_mcd_005_tomato_soup_can_t11,duarte_mcd,120,0.865633,,,,,,,,,1.948690e-01,587,1,0,1,1,1
005_tomato_soup_can,s1_duarte_mcd_005_tomato_soup_can_t12,duarte_mcd,34,0.871013,,,,,,,,,3.631460e-01,770,1,0,1,1,0
005_tomato_soup_can,s1_duarte_mcd_005_tomato_soup_can_t13,duarte_mcd,74,0.869005,,,,,,,,,3.308366e-01,614,1,0,1,1,1
005_tomato_soup_can,s1_duarte_mcd_005_tomato_soup_can_t14,duarte_mcd,43,0.888568,,,,,,,,,4.012344e-01,723,1,0,1,1,1
005_tomato_soup_can,s1_duarte_mcd_005_tomato_soup_can_t15,duarte_mcd,145,0.859893,,,,,,,,,1.800203e-01,486,1,0,1,1,1
005_tomato_soup_can,s1_duarte_mcd_005_tomato_soup_can_t16,duarte_mcd,18,0.876690,,,,,,,,,4.681725e-01,863,1,0,1,1,0
005_tomato_soup_can,s1_duarte_mcd_005_tomato_soup_can_t17,duarte_mcd,98,0.862397,,,,,,,,,2.458954e-01,605,1,0,1,1,1
005_tomato_soup_can,s1_duarte_mcd_005_tomato_soup_can_t18,duarte_mcd,8,0.890788,,,,,,,,,4.509895e-01,862,1,0,1,1,1
005_tomato_soup_can,s1_duarte_mcd_005_tomato_soup_can_t19,duarte_mcd,101,0.867251,,,,,,,,,1.973234e-01,561,1,0,1,1,0
005_tomato_soup_can,s1_duarte_mcd_005_tomato_soup_can_t20,duarte_mcd,29,0.885011,,,,,,,,,4.508006e-01,855,1,0,1,1,1
005_tomato_soup_can,s1_duarte_mcd_005_tomato_soup_can_t21,duarte_mcd,33,0.887572,,,,,,,,,5.087586e-01,912,1,0,1,1,0
005_tomato_soup_can,s1_duarte_mcd_005_tomato_soup_can_t22,duarte_mcd,44,0.867490,,,,,,,,,4.220729e-01,825,1,0,1,1,1
005_tomato_soup_can,s1_duarte_mcd_005_tomato_soup_can_t23,duarte_mcd,52,0.876931,,,,,,,,,1.830013e-01,530,1,0,1,1,1
005_tomato_soup_can,s1_duarte_mcd_005_tomato_soup_can_t24,duarte_mcd,29,0.885764,,,,,,,,,5.185645e-01,840,1,0,1,1,1
035_power_drill,s1_duarte_mcd_035_power_drill_t0,duarte_mcd,166,0.896674,,,,,,,,,0.000000e+00,157,1,0,1,1,1
035_power_drill,s1_duarte_mcd_035_power_drill_t1,duarte_mcd,89,0.897085,,,,,,,,,0.000000e+00,133,1,0,1,1,0
035_power_drill,s1_duarte_mcd_035_power_drill_t2,duarte_mcd,1146,0.659805,,,,,,,,,9.394370e-01,494,1,0,1,1,0
035_power_drill,s1_duarte_mcd_035_power_drill_t3,duarte_mcd,303,0.885572,,,,,,,,,0.000000e+00,210,1,0,1,1,0
035_power_drill,s1_duarte_mcd_035_power_drill_t4,duarte_mcd,88,0.853451,,,,,,,,,1.323192e-02,134,1,0,1,1,1
035_power_drill,s1_duarte_mcd_035_power_drill_t6,duarte_mcd,232,0.900942,,,,,,,,,0.000000e+00,120,1,0,1,1,0
035_power_drill,s1_duarte_mcd_035_power_drill_t7,duarte_mcd,78,0.934617,,,,,,,,,0.000000e+00,235,1,0,1,1,1
035_power_drill,s1_duarte_mcd_035_power_drill_t8,duarte_mcd,167,0.880183,,,,,,,,,6.928107e-02,251,1,0,1,1,0
035_power_drill,s1_duarte_mcd_035_power_drill_t9,duarte_mcd,488,0.824892,,,,,,,,,0.000000e+00,144,1,0,1,1,0
035_power_drill,s1_duarte_mcd_035_power_drill_t10,duarte_mcd,98,0.909628,,,,,,,,,0.000000e+00,126,1,0,1,1,0
035_power_drill,s1_duarte_mcd_035_power_drill_t11,duarte_mcd,91,0.907687,,,,,,,,,0.000000e+00,119,1,0,1,1,0
035_power_drill,s1_duarte_mcd_035_power_drill_t13,duarte_mcd,40,0.897516,,,,,,,,,0.000000e+00,139,1,0,1,1,0
035_power_drill,s1_duarte_mcd_035_power_drill_t14,duarte_mcd,245,0.864119,,,,,,,,,0.000000e+00,163,1,0,1,1,1
035_power_drill,s1_duarte_mcd_035_power_drill_t15,duarte_mcd,3,0.960355,,,,,,,,,1.237247e-02,115,1,0,1,1,1
035_power_drill,s1_duarte_mcd_035_power_drill_t16,duarte_mcd,123,0.886013,,,,,,,,,8.463472e-02,212,1,0,1,1,1
035_power_drill,s1_duarte_mcd_035_power_drill_t17,duarte_mcd,829,0.687448,,,,,,,,,0.000000e+00,127,1,0,1,1,1
035_power_drill,s1_duarte_mcd_035_power_drill_t19,duarte_mcd,52,0.941353,,,,,,,,,4.171969e-01,204,1,0,1,1,1
035_power_drill,s1_duarte_mcd_035_power_drill_t20,duarte_mcd,256,0.853087,,,,,,,,,0.000000e+00,114,1,0,1,1,0
035_power_drill,s1_duarte_mcd_035_power_drill_t21,duarte_mcd,81,0.933178,,,,,,,,,3.388671e-01,357,1,0,1,1,0
035_power_drill,s1_duarte_mcd_035_power_drill_t22,duarte_mcd,1010,0.676338,,,,,,,,,0.000000e+00,114,1,0,1,1,1
035_power_drill,s1_duarte_mcd_035_power_drill_t23,duarte_mcd,277,0.938659,,,,,,,,,2.314022e-01,392,1,0,1,1,1
035_power_drill,s1_duarte_mcd_035_power_drill_t24,duarte_mcd,724,0.724227,,,,,,,,,0.000000e+00,132,1,0,1,1,1
021_bleach_cleanser,s2_partial_only_021_bleach_cleanser_t0,partial_only,24,0.942584,,,,,,,,,,,1,0,1,1,1
021_bleach_cleanser,s2_partial_only_021_bleach_cleanser_t1,partial_only,64,0.933324,,,,,,,,,,,1,0,1,1,1
021_bleach_cleanser,s2_partial_only_021_bleach_cleanser_t2,partial_only,49,0.947465,,,,,,,,,,,1,0,1,1,1
021_bleach_cleanser,s2_partial_only_021_bleach_cleanser_t4,partial_only,30,0.940057,,,,,,,,,,,1,0,1,1,1
021_bleach_cleanser,s2_partial_only_021_bleach_cleanser_t5,partial_only,93,0.922199,,,,,,,,,,,1,0,1,1,0
021_bleach_cleanser,s2_partial_only_021_bleach_cleanser_t6,partial_only,70,0.920571,,,,,,,,,,,1,0,1,1,0
021_bleach_cleanser,s2_partial_only_021_bleach_cleanser_t7,partial_only,8,0.902878,,,,,,,,,,,1,0,1,1,1
021_bleach_cleanser,s2_partial_only_021_bleach_cleanser_t8,partial_only,1,0.937992,,,,,,,,,,,1,0,1,1,0
021_bleach_cleanser,s2_partial_only_021_bleach_cleanser_t9,partial_only,4,0.944222,,,,,,,,,,,1,0,1,1,0
021_bleach_cleanser,s2_partial_only_021_bleach_cleanser_t10,partial_only,137,0.925201,,,,,,,,,,,1,0,1,1,1
021_bleach_cleanser,s2_partial_only_021_bleach_cleanser_t11,partial_only,0,0.955794,,,,,,,,,,,1,0,1,1,0
021_bleach_cleanser,s2_partial_only_021_bleach_cleanser_t12,partial_only,12,0.942952,,,,,,,,,,,1,0,1,1,0
021_bleach_cleanser,s2_partial_only_021_bleach_cleanser_t13,partial_only,1,0.955945,,,,,,,,,,,1,0,1,1,1
021_bleach_cleanser,s2_partial_only_021_bleach_cleanser_t14,partial_only,85,0.922022,,,,,,,,,,,1,0,1,1,0
021_bleach_cleanser,s2_partial_only_021_bleach_cleanser_t15,partial_only,66,0.934536,,,,,,,,,,,1,0,1,1,0
021_bleach_cleanser,s2_partial_only_021_bleach_cleanser_t16,partial_only,190,0.899993,,,,,,,,,,,1,0,1,1,1
021_bleach_cleanser,s2_partial_only_021_bleach_cleanser_t18,partial_only,40,0.931699,,,,,,,,,,,1,0,1,1,1
021_bleach_cleanser,s2_partial_only_021_bleach_cleanser_t19,partial_only,826,0.624983,,,,,,,,,,,1,0,1,1,0
021_bleach_cleanser,s2_partial_only_021_bleach_cleanser_t20,partial_only,71,0.940026,,,,,,,,,,,1,0,1,1,1
021_bleach_cleanser,s2_partial_only_021_bleach_cleanser_t22,partial_only,6,0.905156,,,,,,,,,,,1,0,1,1,1
021_bleach_cleanser,s2_partial_only_021_bleach_cleanser_t23,partial_only,47,0.917260,,,,,,,,,,,1,0,1,1,1
021_bleach_cleanser,s2_partial_only_021_bleach_cleanser_t24,partial_only,43,0.943010,,,,,,,,,,,1,0,1,1,1
061_foam_brick,s2_partial_only_061_foam_brick_t0,partial_only,138,0.935950,,,,,,,,,,,1,0,1,1,0
061_foam_brick,s2_partial_only_061_foam_brick_t1,partial_only,118,0.955784,,,,,,,,,,,1,0,1,1,1
061_foam_brick,s2_partial_only_061_foam_brick_t2,partial_only,179,0.928777,,,,,,,,,,,1,0,1,1,1
061_foam_brick,s2_partial_only_061_foam_brick_t3,partial_only,628,0.826200,,,,,,,,,,,1,0,1,1,1
061_foam_brick,s2_partial_only_061_foam_brick_t4,partial_only,528,0.930768,,,,,,,,,,,1,0,1,1,1
061_foam_brick,s2_partial_only_061_foam_brick_t5,partial_only,610,0.928813,,,,,,,,,,,1,0,1,1,1
061_foam_brick,s2_partial_only_061_foam_brick_t6,partial_only,524,0.842759,,,,,,,,,,,1,0,1,1,1
061_foam_brick,s2_partial_only_061_foam_brick_t7,partial_only,146,0.929495,,,,,,,,,,,1,0,1,1,0
061_foam_brick,s2_partial_only_061_foam_brick_t8,partial_only,289,0.944663,,,,,,,,,,,1,0,1,1,1
061_foam_brick,s2_partial_only_061_foam_brick_t9,partial_only,88,0.937552,,,,,,,,,,,1,0,1,1,0
061_foam_brick,s2_partial_only_061_foam_brick_t10,partial_only,544,0.884158,,,,,,,,,,,1,0,1,1,1
061_foam_brick,s2_partial_only_061_foam_brick_t11,partial_only,934,0.803098,,,,,,,,,,,1,0,1,1,1
061_foam_brick,s2_partial_only_061_foam_brick_t12,partial_only,449,0.873481,,,,,,,,,,,1,0,1,1,1
061_foam_brick,s2_partial_only_061_foam_brick_t13,partial_only,638,0.842041,,,,,,,,,,,1,0,1,1,1
061_foam_brick,s2_partial_only_061_foam_brick_t14,partial_only,268,0.942840,,,,,,,,,,,1,0,1,1,1
061_foam_brick,s2_partial_only_061_foam_brick_t15,partial_only,782,0.759615,,,,,,,,,,,1,0,1,1,1
061_foam_brick,s2_partial_only_061_foam_brick_t16,partial_only,515,0.862602,,,,,,,,,,,1,0,1,1,1
061_foam_brick,s2_partial_only_061_foam_brick_t17,partial_only,539,0.908730,,,,,,,,,,,1,0,1,1,1
061_foam_brick,s2_partial_only_061_foam_brick_t18,partial_only,107,0.954607,,,,,,,,,,,1,0,1,1,1
061_foam_brick,s2_partial_only_061_foam_brick_t19,partial_only,262,0.904211,,,,,,,,,,,1,0,1,1,1
061_foam_brick,s2_partial_only_061_foam_brick_t20,partial_only,13,0.969184,,,,,,,,,,,1,0,1,1,1
061_foam_brick,s2_partial_only_061_foam_brick_t21,partial_only,437,0.941640,,,,,,,,,,,1,0,1,1,1
061_foam_brick,s2_partial_only_061_foam_brick_t22,partial_only,372,0.886844,,,,,,,,,,,1,0,1,1,1
061_foam_brick,s2_partial_only_061_foam_brick_t23,partial_only,320,0.954750,,,,,,,,,,,1,0,1,1,1
061_foam_brick,s2_partial_only_061_foam_brick_t24,partial_only,625,0.863826,,,,,,,,,,,1,0,1,1,0
010_potted_meat_can,s2_complete_only_010_potted_meat_can_t0,complete_only,1,0.923975,0.020054,1.441677e-06,4.273846e-06,707,0.013369,1.568417e-06,0.026738,1.371048e-06,4.098607e-01,674,1,0,1,1,1
010_potted_meat_can,s2_complete_only_010_potted_meat_can_t1,complete_only,11,0.888063,0.021713,1.233132e-06,3.066414e-06,719,0.014475,1.530363e-06,0.028951,4.947373e-06,3.820154e-01,609,1,0,1,1,1
010_potted_meat_can,s2_complete_only_010_potted_meat_can_t2,complete_only,0,0.904658,0.020377,1.238724e-06,2.653351e-06,829,0.013584,1.281984e-06,0.027169,1.196650e-06,5.652688e-01,758,1,0,1,1,1
010_potted_meat_can,s2_complete_only_010_potted_meat_can_t3,complete_only,91,0.791967,0.020740,5.203286e-06,2.700195e-05,766,0.013827,4.645543e-06,0.027653,7.323187e-06,5.290939e-01,583,1,0,1,1,1
010_potted_meat_can,s2_complete_only_010_potted_meat_can_t4,complete_only,38,0.893028,0.020682,2.102334e-06,1.346651e-05,678,0.013788,2.406531e-06,0.027577,1.885110e-06,3.865127e-01,628,1,0,1,1,1
010_potted_meat_can,s2_complete_only_010_potted_meat_can_t5,complete_only,3,0.910833,0.020919,7.395764e-07,2.876140e-06,636,0.013946,6.824156e-07,0.027893,1.438352e-05,3.387026e-01,581,1,0,1,1,1
010_potted_meat_can,s2_complete_only_010_potted_meat_can_t6,complete_only,3,0.896720,0.020785,1.042794e-06,2.811536e-06,947,0.013857,1.033902e-06,0.027714,1.067104e-06,6.341666e-01,849,1,0,1,1,1
010_potted_meat_can,s2_complete_only_010_potted_meat_can_t7,complete_only,2,0.936157,0.020628,1.011947e-06,2.726457e-06,741,0.013752,9.710689e-07,0.027504,1.107753e-06,4.098040e-01,655,1,0,1,1,0
010_potted_meat_can,s2_complete_only_010_potted_meat_can_t8,complete_only,30,0.824168,0.021464,2.248839e-05,3.706837e-06,686,0.014309,1.597130e-05,0.028618,2.060835e-05,4.360977e-01,612,1,0,1,1,1
010_potted_meat_can,s2_complete_only_010_potted_meat_can_t9,complete_only,22,0.917731,0.020210,9.244183e-07,3.008905e-06,696,0.013474,1.009535e-06,0.026947,8.244394e-07,3.536691e-01,680,1,0,1,1,1
010_potted_meat_can,s2_complete_only_010_potted_meat_can_t10,complete_only,109,0.832418,0.020870,1.167968e-06,3.136348e-06,686,0.013914,1.289322e-06,0.027827,2.549901e-06,2.901670e-01,499,1,0,1,1,1
010_potted_meat_can,s2_complete_only_010_potted_meat_can_t12,complete_only,96,0.909061,0.019827,1.307899e-06,4.665250e-06,695,0.013218,1.611613e-06,0.026437,1.095112e-06,3.831717e-01,678,1,0,1,1,1
010_potted_meat_can,s2_complete_only_010_potted_meat_can_t13,complete_only,293,0.802999,0.020813,4.845207e-06,1.541351e-05,970,0.013875,4.735222e-06,0.027750,5.937245e-06,9.858636e-01,859,1,0,1,1,1
010_potted_meat_can,s2_complete_only_010_potted_meat_can_t14,complete_only,90,0.844285,0.020660,7.461473e-06,6.807490e-06,703,0.013773,2.247765e-06,0.027546,8.617301e-06,5.471374e-01,697,1,0,1,1,0
010_potted_meat_can,s2_complete_only_010_potted_meat_can_t15,complete_only,0,0.927195,0.020402,4.010206e-06,8.889565e-06,617,0.013601,5.549336e-06,0.027203,3.459531e-06,4.730393e-01,679,1,0,1,1,1
010_potted_meat_can,s2_complete_only_010_potted_meat_can_t16,complete_only,1,0.912965,0.019667,8.024701e-07,1.878909e-06,687,0.013111,8.365295e-07,0.026222,8.623433e-07,1.721595e-01,438,1,0,1,1,0
010_potted_meat_can,s2_complete_only_010_potted_meat_can_t17,complete_only,0,0.928594,0.021129,6.426204e-06,4.920843e-06,542,0.014086,1.422052e-06,0.028172,1.237099e-05,3.709264e-01,596,1,0,1,1,1
010_potted_meat_can,s2_complete_only_010_potted_meat_can_t18,complete_only,14,0.856715,0.020699,2.082791e-06,5.681384e-06,694,0.013799,2.669977e-06,0.027599,2.714481e-06,7.432504e-01,937,1,0,1,1,1
010_potted_meat_can,s2_complete_only_010_potted_meat_can_t19,complete_only,1,0.930142,0.020620,9.205468e-07,2.278432e-06,701,0.013746,8.758461e-07,0.027493,1.002896e-06,5.103103e-01,745,1,0,1,1,1
010_potted_meat_can,s2_complete_only_010_potted_meat_can_t20,complete_only,0,0.917164,0.021400,1.700730e-05,3.915839e-06,580,0.014267,1.611871e-05,0.028534,1.697241e-05,4.347051e-01,627,1,0,1,1,1
010_potted_meat_can,s2_complete_only_010_potted_meat_can_t21,complete_only,0,0.870585,0.021489,4.670355e-06,1.967093e-05,672,0.014326,6.833552e-06,0.028651,4.413224e-06,6.524684e-01,691,1,0,1,1,0
010_potted_meat_can,s2_complete_only_010_potted_meat_can_t22,complete_only,348,0.898465,0.010249,9.824595e-06,1.521027e-05,2450,0.006832,1.905647e-05,0.013665,7.461306e-06,3.469799e+00,4140,1,0,1,1,0
010_potted_meat_can,s2_complete_only_010_potted_meat_can_t23,complete_only,0,0.923568,0.021309,2.665891e-05,3.190379e-06,638,0.014206,2.345394e-05,0.028413,2.267622e-05,4.378202e-01,634,1,0,1,1,1
010_potted_meat_can,s2_complete_only_010_potted_meat_can_t24,complete_only,0,0.932048,0.019998,1.600434e-06,7.357887e-06,770,0.013332,2.110459e-06,0.026664,1.565073e-06,4.039718e-01,679,1,0,1,1,1
005_tomato_soup_can,s2_epi_max_005_tomato_soup_can_t0,complete_epi,35,0.879781,0.018947,7.611710e-07,1.386790e-06,685,0.012632,7.195047e-07,0.025263,7.823527e-07,4.104718e-01,846,1,0,1,1,1
005_tomato_soup_can,s2_epi_max_005_tomato_soup_can_t1,complete_epi,47,0.884947,0.018640,6.953021e-07,1.841746e-06,573,0.012427,6.244921e-07,0.024854,7.036419e-07,3.486244e-01,761,1,0,1,1,1
005_tomato_soup_can,s2_epi_max_005_tomato_soup_can_t2,complete_epi,6,0.887300,0.019022,8.008513e-07,1.535513e-06,624,0.012681,7.967940e-07,0.025362,7.924836e-07,3.688772e-01,802,1,0,1,1,1
005_tomato_soup_can,s2_epi_max_005_tomato_soup_can_t3,complete_epi,33,0.881786,0.019142,6.409312e-07,1.422883e-06,602,0.012761,6.345217e-07,0.025523,6.094462e-07,3.596361e-01,776,1,0,1,1,1
005_tomato_soup_can,s2_epi_max_005_tomato_soup_can_t4,complete_epi,40,0.916192,0.014766,3.353249e-07,5.869008e-07,1114,0.009844,3.104071e-07,0.019687,3.370963e-07,9.029031e-01,2006,1,0,1,1,1
005_tomato_soup_can,s2_epi_max_005_tomato_soup_can_t5,complete_epi,91,0.853404,0.018942,6.783551e-07,1.419862e-06,550,0.012628,6.159278e-07,0.025256,6.825117e-07,3.264807e-01,794,1,0,1,1,1
005_tomato_soup_can,s2_epi_max_005_tomato_soup_can_t6,complete_epi,31,0.883814,0.018893,5.785846e-07,1.603568e-06,532,0.012596,5.989133e-07,0.025191,6.115141e-07,3.874784e-01,750,1,0,1,1,1
005_tomato_soup_can,s2_epi_max_005_tomato_soup_can_t7,complete_epi,929,0.550315,0.045216,2.084005e-03,1.122835e-02,1883,0.030144,4.492866e-03,0.060288,1.078246e-03,4.379374e+00,136,1,0,1,1,0
005_tomato_soup_can,s2_epi_max_005_tomato_soup_can_t8,complete_epi,49,0.878976,0.018657,6.391057e-07,1.774166e-06,532,0.012438,5.247699e-07,0.024875,6.721550e-07,2.386784e-01,687,1,0,1,1,1
005_tomato_soup_can,s2_epi_max_005_tomato_soup_can_t9,complete_epi,22,0.878944,0.018907,6.992216e-07,1.541415e-06,602,0.012605,6.628533e-07,0.025210,7.450181e-07,3.072747e-01,735,1,0,1,1,1
005_tomato_soup_can,s2_epi_max_005_tomato_soup_can_t10,complete_epi,3,0.894738,0.019462,8.656363e-07,1.474020e-06,649,0.012975,8.790187e-07,0.025949,8.513761e-07,3.671587e-01,703,1,0,1,1,1
005_tomato_soup_can,s2_epi_max_005_tomato_soup_can_t11,complete_epi,95,0.856471,0.019052,8.174401e-07,1.564204e-06,641,0.012701,8.057801e-07,0.025402,8.270334e-07,3.820024e-01,774,1,0,1,1,1
005_tomato_soup_can,s2_epi_max_005_tomato_soup_can_t12,complete_epi,19,0.876343,0.018806,7.154179e-07,1.441191e-06,695,0.012537,6.791987e-07,0.025075,7.566481e-07,4.145587e-01,856,1,0,1,1,1
005_tomato_soup_can,s2_epi_max_005_tomato_soup_can_t13,complete_epi,186,0.723346,0.026708,8.718999e-06,5.311131e-05,1445,0.017805,1.153750e-05,0.035610,9.758813e-06,6.928758e-01,697,1,0,1,1,0
005_tomato_soup_can,s2_epi_max_005_tomato_soup_can_t14,complete_epi,12,0.888992,0.018691,6.133667e-07,2.051362e-06,465,0.012460,4.207799e-07,0.024921,7.056156e-07,2.287508e-01,642,1,0,1,1,1
005_tomato_soup_can,s2_epi_max_005_tomato_soup_can_t15,complete_epi,17,0.882938,0.019077,7.618144e-07,1.616902e-06,677,0.012718,7.553102e-07,0.025436,7.729011e-07,4.750796e-01,902,1,0,1,1,1
005_tomato_soup_can,s2_epi_max_005_tomato_soup_can_t16,complete_epi,88,0.869865,0.019034,7.078003e-07,1.703966e-06,674,0.012689,6.440991e-07,0.025378,7.271502e-07,3.340920e-01,789,1,0,1,1,1
005_tomato_soup_can,s2_epi_max_005_tomato_soup_can_t17,complete_epi,52,0.871360,0.019126,8.560447e-07,1.562656e-06,804,0.012751,8.153101e-07,0.025502,8.628939e-07,4.640085e-01,824,1,0,1,1,0
005_tomato_soup_can,s2_epi_max_005_tomato_soup_can_t18,complete_epi,41,0.878245,0.019057,8.104127e-07,1.489527e-06,634,0.012705,7.865504e-07,0.025410,8.129490e-07,4.561941e-01,831,1,0,1,1,1
005_tomato_soup_can,s2_epi_max_005_tomato_soup_can_t19,complete_epi,43,0.870952,0.018876,8.124192e-07,1.602869e-06,689,0.012584,7.526960e-07,0.025168,8.370040e-07,4.471930e-01,875,1,0,1,1,0
005_tomato_soup_can,s2_epi_max_005_tomato_soup_can_t20,complete_epi,18,0.881214,0.019015,7.951645e-07,1.462143e-06,634,0.012677,8.185563e-07,0.025354,7.902602e-07,4.248422e-01,856,1,0,1,1,1
005_tomato_soup_can,s2_epi_max_005_tomato_soup_can_t21,complete_epi,73,0.865164,0.018843,6.128955e-07,1.878208e-06,531,0.012562,7.058217e-07,0.025124,7.094576e-07,3.404249e-01,715,1,0,1,1,1
005_tomato_soup_can,s2_epi_max_005_tomato_soup_can_t22,complete_epi,27,0.875784,0.018798,7.907315e-07,1.567715e-06,638,0.012532,7.506752e-07,0.025065,8.098473e-07,4.735436e-01,869,1,0,1,1,1
005_tomato_soup_can,s2_epi_max_005_tomato_soup_can_t23,complete_epi,10,0.898342,0.018606,5.930016e-07,1.805582e-06,464,0.012404,4.588740e-07,0.024809,6.036220e-07,2.749091e-01,706,1,0,1,1,1
005_tomato_soup_can,s2_epi_max_005_tomato_soup_can_t24,complete_epi,32,0.883024,0.018883,7.178153e-07,1.530604e-06,836,0.012589,6.627174e-07,0.025178,7.587296e-07,5.002042e-01,953,1,0,1,1,1
035_power_drill,s2_epi_max_035_power_drill_t0,complete_epi,262,0.864805,0.039149,4.943191e-06,2.773454e-05,1245,0.026099,4.125695e-06,0.052199,9.540532e-06,1.373368e-02,176,1,0,1,1,0
035_power_drill,s2_epi_max_035_power_drill_t1,complete_epi,258,0.847015,0.040816,7.773282e-07,4.870171e-06,802,0.027211,0.000000e+00,0.054421,1.941197e-06,0.000000e+00,147,1,0,1,1,0
035_power_drill,s2_epi_max_035_power_drill_t2,complete_epi,150,0.899940,0.026126,3.186814e-06,1.318131e-05,586,0.017417,1.509031e-06,0.034835,2.299028e-05,1.015021e-02,307,1,0,1,1,0
035_power_drill,s2_epi_max_035_power_drill_t3,complete_epi,7,0.963108,0.023720,9.065996e-06,3.920342e-05,3746,0.015814,6.723156e-06,0.031627,1.942663e-05,3.748935e+00,3190,1,0,1,1,1
035_power_drill,s2_epi_max_035_power_drill_t4,complete_epi,849,0.796795,0.048497,4.265249e-06,1.477298e-05,1966,0.032331,1.066614e-06,0.064663,1.846167e-05,0.000000e+00,214,1,0,1,1,1
035_power_drill,s2_epi_max_035_power_drill_t5,complete_epi,157,0.846906,0.039205,5.681850e-06,7.561974e-06,1265,0.026137,5.781640e-06,0.052273,5.405141e-06,2.139453e-01,255,1,0,1,1,1
035_power_drill,s2_epi_max_035_power_drill_t6,complete_epi,401,0.865837,0.031831,9.147551e-06,2.608225e-05,1063,0.021221,1.384939e-05,0.042441,8.993788e-06,1.066045e-01,230,1,0,1,1,0
035_power_drill,s2_epi_max_035_power_drill_t7,complete_epi,631,0.804193,0.048062,1.365875e-04,8.154974e-04,1241,0.032042,1.618496e-04,0.064083,1.267572e-04,5.093843e-01,182,1,0,1,1,1
035_power_drill,s2_epi_max_035_power_drill_t8,complete_epi,361,0.834253,0.041123,3.936382e-06,1.414981e-05,1054,0.027415,5.387845e-06,0.054831,5.470433e-06,0.000000e+00,177,1,0,1,1,1
035_power_drill,s2_epi_max_035_power_drill_t9,complete_epi,178,0.940007,0.021337,1.456544e-05,7.264898e-05,1786,0.014225,1.371989e-05,0.028450,1.886038e-05,2.422421e+00,2380,1,0,1,1,0
035_power_drill,s2_epi_max_035_power_drill_t10,complete_epi,414,0.786449,0.042964,6.182520e-05,1.591383e-04,873,0.028643,2.849298e-05,0.057285,1.352256e-04,1.429040e-02,128,1,0,1,1,1
035_power_drill,s2_epi_max_035_power_drill_t11,complete_epi,95,0.876140,0.045343,1.060414e-04,6.743913e-04,928,0.030228,4.490770e-05,0.060457,9.508884e-05,3.939714e-01,185,1,0,1,1,1
035_power_drill,s2_epi_max_035_power_drill_t12,complete_epi,60,0.969219,0.028425,3.571748e-05,1.759793e-04,2095,0.018950,3.677310e-05,0.037901,2.763826e-05,1.247880e+00,789,1,0,1,1,0
035_power_drill,s2_epi_max_035_power_drill_t13,complete_epi,191,0.856341,0.043259,1.555626e-04,2.240274e-04,1030,0.028839,5.391556e-05,0.057679,1.407346e-04,5.602119e-01,311,1,0,1,1,1
035_power_drill,s2_epi_max_035_power_drill_t14,complete_epi,665,0.786851,0.040527,7.748350e-06,7.105805e-05,1028,0.027018,5.358461e-06,0.054036,9.955918e-06,0.000000e+00,179,1,0,1,1,0
035_power_drill,s2_epi_max_035_power_drill_t15,complete_epi,245,0.819732,0.063459,7.667904e-06,8.004468e-06,6738,0.042306,3.911774e-06,0.084612,1.460410e-05,7.830635e-01,683,1,0,1,1,0
035_power_drill,s2_epi_max_035_power_drill_t16,complete_epi,569,0.838129,0.036909,1.974410e-05,1.065154e-04,2303,0.024606,1.624481e-05,0.049211,2.530839e-05,2.402277e-01,313,1,0,1,1,1
035_power_drill,s2_epi_max_035_power_drill_t18,complete_epi,2,0.937534,0.034625,8.194378e-04,1.983970e-03,198,0.023083,1.264983e-03,0.046166,4.596442e-04,1.498239e+00,57,1,0,1,1,0
035_power_drill,s2_epi_max_035_power_drill_t19,complete_epi,1276,0.445696,0.061605,1.530365e-05,6.265802e-05,2547,0.041070,1.506775e-05,0.082140,2.113432e-05,3.868716e-01,229,1,0,1,1,0
035_power_drill,s2_epi_max_035_power_drill_t20,complete_epi,868,0.709447,0.054859,3.141126e-05,3.325999e-05,3760,0.036573,1.184231e-05,0.073146,7.716025e-05,2.197295e-01,262,1,0,1,1,1
035_power_drill,s2_epi_max_035_power_drill_t21,complete_epi,63,0.889244,0.038809,4.004141e-05,1.397350e-04,2630,0.025873,2.808265e-05,0.051746,4.221219e-05,4.574231e-01,374,1,0,1,1,0
035_power_drill,s2_epi_max_035_power_drill_t22,complete_epi,111,0.873185,0.048725,3.185207e-04,2.133521e-03,874,0.032484,2.557736e-04,0.064967,3.766157e-04,3.111093e-01,133,1,0,1,1,0
035_power_drill,s2_epi_max_035_power_drill_t23,complete_epi,1598,0.297313,0.052864,5.382715e-06,9.463537e-06,2541,0.035242,4.349675e-06,0.070485,1.722605e-05,1.014888e+00,577,1,0,1,1,0
035_power_drill,s2_epi_max_035_power_drill_t24,complete_epi,69,0.889055,0.046252,3.484377e-05,3.151904e-05,4181,0.030835,1.745891e-05,0.061670,3.876056e-05,2.298348e+00,1072,1,0,1,1,1
021_bleach_cleanser,s2_epi_mean_021_bleach_cleanser_t0,complete_epi,11,0.911973,0.039332,1.437696e-05,1.927751e-04,708,0.026221,1.689949e-05,0.052442,2.575700e-05,0.000000e+00,100,1,0,1,1,1
021_bleach_cleanser,s2_epi_mean_021_bleach_cleanser_t2,complete_epi,0,0.889311,0.022350,6.697444e-05,2.392432e-04,1075,0.014900,1.421287e-04,0.029800,1.240060e-04,1.303664e+00,214,1,0,1,1,0
021_bleach_cleanser,s2_epi_mean_021_bleach_cleanser_t3,complete_epi,931,0.799794,0.039305,2.140242e-05,2.041900e-04,856,0.026203,7.009831e-05,0.052407,2.516196e-05,5.151611e-02,124,1,0,1,1,1
021_bleach_cleanser,s2_epi_mean_021_bleach_cleanser_t4,complete_epi,49,0.928852,0.038834,5.025356e-05,5.687752e-04,924,0.025889,8.258764e-05,0.051778,4.274862e-05,3.055060e-01,171,1,0,1,1,1
021_bleach_cleanser,s2_epi_mean_021_bleach_cleanser_t5,complete_epi,36,0.933964,0.040025,2.683408e-05,2.847782e-04,893,0.026683,3.292966e-05,0.053366,3.795309e-05,0.000000e+00,67,1,0,1,1,0
021_bleach_cleanser,s2_epi_mean_021_bleach_cleanser_t6,complete_epi,13,0.910212,0.038926,1.244707e-05,5.857629e-05,1142,0.025951,2.160131e-05,0.051902,1.365334e-05,9.704151e-02,141,1,0,1,1,1
021_bleach_cleanser,s2_epi_mean_021_bleach_cleanser_t7,complete_epi,1443,0.157916,0.052592,3.445130e-05,1.971717e-04,2631,0.035061,4.208860e-05,0.070123,6.184154e-05,1.094917e+00,299,1,0,1,1,1
021_bleach_cleanser,s2_epi_mean_021_bleach_cleanser_t8,complete_epi,51,0.933524,0.038747,4.067850e-05,3.028334e-04,1029,0.025831,5.863686e-05,0.051662,3.905445e-05,3.527588e-02,139,1,0,1,1,1
021_bleach_cleanser,s2_epi_mean_021_bleach_cleanser_t9,complete_epi,6,0.922649,0.038822,3.406131e-05,3.698122e-04,1134,0.025882,6.290989e-05,0.051763,3.494115e-05,3.465062e-02,191,1,0,1,1,1
021_bleach_cleanser,s2_epi_mean_021_bleach_cleanser_t10,complete_epi,485,0.871356,0.039820,9.547140e-05,8.495410e-04,1162,0.026547,2.553987e-04,0.053094,1.087880e-04,3.283091e-01,144,1,0,1,1,1
021_bleach_cleanser,s2_epi_mean_021_bleach_cleanser_t11,complete_epi,526,0.858328,0.039883,1.034840e-04,1.036006e-03,649,0.026589,2.984310e-04,0.053178,8.628387e-05,2.387098e-01,115,1,0,1,1,1
021_bleach_cleanser,s2_epi_mean_021_bleach_cleanser_t13,complete_epi,686,0.828490,0.040065,1.946813e-05,1.548230e-04,942,0.026710,5.933255e-05,0.053421,2.058429e-05,1.404338e-01,150,1,0,1,1,1
021_bleach_cleanser,s2_epi_mean_021_bleach_cleanser_t14,complete_epi,6,0.946816,0.026700,1.277372e-07,1.475224e-06,933,0.017800,0.000000e+00,0.035601,1.564073e-06,0.000000e+00,269,1,0,1,1,1
021_bleach_cleanser,s2_epi_mean_021_bleach_cleanser_t15,complete_epi,8,0.813540,0.039251,4.518915e-06,1.193608e-05,1353,0.026167,5.851551e-06,0.052335,4.236595e-06,1.734177e-01,262,1,0,1,1,1
021_bleach_cleanser,s2_epi_mean_021_bleach_cleanser_t17,complete_epi,643,0.862568,0.039262,8.420014e-05,8.686914e-04,1168,0.026175,2.470309e-04,0.052350,8.214837e-05,3.525830e-01,148,1,0,1,1,1
021_bleach_cleanser,s2_epi_mean_021_bleach_cleanser_t18,complete_epi,56,0.914572,0.039258,6.835913e-06,4.739054e-05,899,0.026172,1.370922e-05,0.052344,1.149301e-05,4.514513e-02,116,1,0,1,1,0
021_bleach_cleanser,s2_epi_mean_021_bleach_cleanser_t19,complete_epi,5,0.915260,0.020095,4.276549e-06,1.697765e-05,1226,0.013397,8.384456e-06,0.026794,7.506862e-06,8.483067e-01,636,1,0,1,1,0
021_bleach_cleanser,s2_epi_mean_021_bleach_cleanser_t20,complete_epi,47,0.924574,0.039612,4.186138e-06,1.253048e-05,1442,0.026408,6.294414e-06,0.052816,4.802291e-06,1.043263e-01,197,1,0,1,1,1
021_bleach_cleanser,s2_epi_mean_021_bleach_cleanser_t22,complete_epi,220,0.883454,0.039101,3.058974e-05,1.812900e-04,1298,0.026068,7.844655e-05,0.052135,4.173505e-05,3.614054e-01,126,1,0,1,1,1
021_bleach_cleanser,s2_epi_mean_021_bleach_cleanser_t23,complete_epi,0,0.935218,0.021713,4.125070e-06,1.636640e-05,1243,0.014475,8.016768e-06,0.028950,5.213164e-06,7.229171e-01,398,1,0,1,1,0
021_bleach_cleanser,s2_epi_mean_021_bleach_cleanser_t24,complete_epi,88,0.895649,0.040196,2.277172e-05,1.847738e-04,1131,0.026797,4.316742e-05,0.053595,2.270710e-05,0.000000e+00,147,1,0,1,1,1
061_foam_brick,s2_epi_mean_061_foam_brick_t0,complete_epi,307,0.936583,0.017153,4.436690e-06,8.573224e-07,671,0.011435,2.725766e-05,0.022871,8.662340e-06,1.319419e+00,1560,1,0,1,1,0
061_foam_brick,s2_epi_mean_061_foam_brick_t1,complete_epi,324,0.958830,0.016697,6.815384e-07,1.545370e-06,1276,0.011131,6.606982e-07,0.022263,1.678285e-06,1.098025e+00,1605,1,0,1,1,1
061_foam_brick,s2_epi_mean_061_foam_brick_t2,complete_epi,234,0.960153,0.018002,2.022992e-06,2.002173e-05,1038,0.012001,6.584395e-06,0.024002,7.633761e-06,1.212623e+00,1562,1,0,1,1,1
061_foam_brick,s2_epi_mean_061_foam_brick_t3,complete_epi,1282,0.529361,0.016476,4.859045e-06,4.081572e-05,809,0.010984,1.132817e-05,0.021968,1.000030e-05,1.604644e+00,1422,1,0,1,1,1
061_foam_brick,s2_epi_mean_061_foam_brick_t4,complete_epi,276,0.962226,0.016491,2.269120e-06,4.135521e-06,785,0.010994,1.649311e-06,0.021988,6.264032e-06,1.145059e+00,1187,1,0,1,1,1
061_foam_brick,s2_epi_mean_061_foam_brick_t5,complete_epi,0,0.977042,0.016250,1.087665e-06,3.782894e-06,292,0.010833,2.015710e-06,0.021666,8.589655e-06,1.184640e+00,1050,1,0,1,1,1
061_foam_brick,s2_epi_mean_061_foam_brick_t6,complete_epi,49,0.948743,0.017172,1.545858e-06,1.644181e-06,1037,0.011448,9.200494e-07,0.022896,3.539875e-06,1.551659e+00,1761,1,0,1,1,1
061_foam_brick,s2_epi_mean_061_foam_brick_t7,complete_epi,31,0.955425,0.017194,6.790606e-07,1.482130e-06,1419,0.011463,9.026190e-07,0.022925,3.040875e-06,1.594164e+00,2121,1,0,1,1,0
061_foam_brick,s2_epi_mean_061_foam_brick_t8,complete_epi,114,0.970330,0.016582,5.051093e-06,8.178882e-06,822,0.011055,2.034932e-06,0.022109,1.261249e-05,1.180376e+00,997,1,0,1,1,1
061_foam_brick,s2_epi_mean_061_foam_brick_t9,complete_epi,782,0.887136,0.016797,9.778261e-07,2.093129e-06,1072,0.011198,1.316555e-06,0.022397,2.751921e-06,1.102305e+00,1644,1,0,1,1,0
061_foam_brick,s2_epi_mean_061_foam_brick_t10,complete_epi,1005,0.792625,0.016074,1.436439e-05,1.256053e-04,715,0.010716,5.439594e-05,0.021432,2.604787e-05,9.376157e-01,776,1,0,1,1,1
061_foam_brick,s2_epi_mean_061_foam_brick_t11,complete_epi,1118,0.784286,0.015849,1.967016e-05,1.352195e-04,652,0.010566,7.494492e-05,0.021132,1.563471e-05,7.240500e-01,1059,1,0,1,1,1
061_foam_brick,s2_epi_mean_061_foam_brick_t12,complete_epi,422,0.916746,0.016838,3.372852e-07,8.190449e-07,1008,0.011225,4.675858e-07,0.022450,3.973727e-07,1.065415e+00,2012,1,0,1,1,1
061_foam_brick,s2_epi_mean_061_foam_brick_t13,complete_epi,1250,0.659706,0.016460,9.736479e-06,5.461535e-05,552,0.010974,2.032361e-05,0.021947,1.751072e-05,1.179350e+00,1360,1,0,1,1,1
061_foam_brick,s2_epi_mean_061_foam_brick_t14,complete_epi,171,0.967342,0.017203,1.652719e-06,1.696771e-06,788,0.011469,3.994469e-06,0.022938,1.001455e-05,1.116058e+00,1400,1,0,1,1,1
061_foam_brick,s2_epi_mean_061_foam_brick_t15,complete_epi,854,0.844790,0.016962,9.237123e-07,4.599329e-06,1017,0.011308,1.630595e-06,0.022616,2.750853e-06,1.050265e+00,1597,1,0,1,1,0
061_foam_brick,s2_epi_mean_061_foam_brick_t16,complete_epi,783,0.889975,0.017798,4.874549e-07,8.170110e-07,1360,0.011865,5.583078e-07,0.023731,2.586590e-06,9.487378e-01,1499,1,0,1,1,0
061_foam_brick,s2_epi_mean_061_foam_brick_t17,complete_epi,715,0.854062,0.016479,6.584825e-06,4.295350e-05,953,0.010986,1.446379e-05,0.021972,1.357062e-05,1.934353e+00,1141,1,0,1,1,1
061_foam_brick,s2_epi_mean_061_foam_brick_t18,complete_epi,1173,0.756148,0.016691,3.640285e-06,2.073963e-05,530,0.011128,4.490904e-06,0.022255,6.909752e-06,1.256821e+00,1135,1,0,1,1,1
061_foam_brick,s2_epi_mean_061_foam_brick_t19,complete_epi,6,0.944538,0.017615,9.340274e-07,4.173065e-06,1306,0.011744,1.473706e-06,0.023487,1.370250e-06,1.502219e+00,1895,1,0,1,1,0
061_foam_brick,s2_epi_mean_061_foam_brick_t20,complete_epi,258,0.952469,0.017405,2.291018e-05,2.793100e-04,835,0.011603,6.931872e-05,0.023206,6.155077e-05,1.463721e+00,1070,1,0,1,1,1
061_foam_brick,s2_epi_mean_061_foam_brick_t21,complete_epi,568,0.925304,0.016210,3.877820e-06,1.069190e-05,658,0.010806,3.406871e-06,0.021613,9.618667e-06,1.153322e+00,841,1,0,1,1,1
061_foam_brick,s2_epi_mean_061_foam_brick_t22,complete_epi,40,0.948865,0.017586,1.431403e-06,4.205700e-06,1385,0.011724,1.438982e-06,0.023449,7.494974e-06,1.621202e+00,2172,1,0,1,1,1
061_foam_brick,s2_epi_mean_061_foam_brick_t23,complete_epi,299,0.954232,0.016869,5.771881e-06,8.841135e-06,702,0.011246,2.384356e-06,0.022492,1.346682e-05,1.096036e+00,908,1,0,1,1,1
061_foam_brick,s2_epi_mean_061_foam_brick_t24,complete_epi,819,0.826183,0.017650,4.476832e-07,7.288108e-07,966,0.011767,4.469016e-07,0.023533,4.636260e-07,9.197749e-01,1581,1,0,1,1,0
010_potted_meat_can,s2_hetero_patch_010_potted_meat_can_t0,hetero_patch,0,0.932153,0.020054,8.531418e-07,1.627082e-06,659,0.013369,8.752880e-07,0.026738,8.385436e-07,3.976111e-01,692,1,0,1,1,1
010_potted_meat_can,s2_hetero_patch_010_potted_meat_can_t1,hetero_patch,2,0.898054,0.021611,2.213969e-06,4.863365e-06,777,0.014407,2.233297e-06,0.028815,2.633626e-06,6.181922e-01,739,1,0,1,1,1
010_potted_meat_can,s2_hetero_patch_010_potted_meat_can_t2,hetero_patch,1,0.921640,0.020135,6.168718e-06,6.554443e-05,610,0.013423,6.882475e-06,0.026847,5.098419e-06,5.082834e-01,641,1,0,1,1,1
010_potted_meat_can,s2_hetero_patch_010_potted_meat_can_t3,hetero_patch,308,0.727830,0.020949,2.631816e-06,6.246744e-06,609,0.013966,2.941680e-06,0.027932,3.619959e-06,3.743811e-01,428,1,0,1,1,0
010_potted_meat_can,s2_hetero_patch_010_potted_meat_can_t4,hetero_patch,0,0.930700,0.020477,1.487823e-06,3.740042e-06,752,0.013652,1.772494e-06,0.027303,1.359090e-06,5.915479e-01,765,1,0,1,1,0
010_potted_meat_can,s2_hetero_patch_010_potted_meat_can_t5,hetero_patch,0,0.922307,0.021033,7.104662e-07,2.644551e-06,499,0.014022,8.437683e-07,0.028044,8.569898e-07,3.274094e-01,520,1,0,1,1,1
010_potted_meat_can,s2_hetero_patch_010_potted_meat_can_t6,hetero_patch,4,0.910818,0.020806,1.574708e-06,7.566222e-06,816,0.013871,1.596817e-06,0.027742,1.583974e-06,6.099951e-01,754,1,0,1,1,1
010_potted_meat_can,s2_hetero_patch_010_potted_meat_can_t7,hetero_patch,22,0.927397,0.020638,1.298346e-06,3.730583e-06,804,0.013759,1.271017e-06,0.027518,1.314079e-06,4.451213e-01,638,1,0,1,1,1
010_potted_meat_can,s2_hetero_patch_010_potted_meat_can_t8,hetero_patch,7,0.845583,0.021791,2.394513e-06,3.689958e-06,556,0.014527,2.033573e-06,0.029054,3.328230e-06,4.237704e-01,617,1,0,1,1,1
010_potted_meat_can,s2_hetero_patch_010_potted_meat_can_t9,hetero_patch,81,0.916012,0.020265,1.021017e-06,1.878010e-06,719,0.013510,1.161657e-06,0.027020,1.093099e-06,3.847885e-01,686,1,0,1,1,1
010_potted_meat_can,s2_hetero_patch_010_potted_meat_can_t10,hetero_patch,12,0.871107,0.020868,1.917534e-06,4.299399e-06,708,0.013912,1.746575e-06,0.027824,2.541428e-06,2.841274e-01,476,1,0,1,1,0
010_potted_meat_can,s2_hetero_patch_010_potted_meat_can_t11,hetero_patch,181,0.770995,0.020758,1.125095e-06,2.637200e-06,428,0.013839,1.210368e-06,0.027678,9.574913e-07,0.000000e+00,173,1,0,1,1,0
010_potted_meat_can,s2_hetero_patch_010_potted_meat_can_t12,hetero_patch,79,0.914421,0.019815,1.072633e-06,2.600347e-06,643,0.013210,1.326593e-06,0.026420,9.552360e-07,2.561365e-01,563,1,0,1,1,1
010_potted_meat_can,s2_hetero_patch_010_potted_meat_can_t13,hetero_patch,79,0.810214,0.021128,3.360942e-06,8.772406e-06,870,0.014085,2.709051e-06,0.028170,4.446966e-06,2.270606e-01,228,1,0,1,1,0
010_potted_meat_can,s2_hetero_patch_010_potted_meat_can_t14,hetero_patch,106,0.802217,0.020787,1.996026e-06,5.165654e-06,651,0.013858,2.006898e-06,0.027716,2.222175e-06,4.976590e-01,670,1,0,1,1,1
010_potted_meat_can,s2_hetero_patch_010_potted_meat_can_t15,hetero_patch,49,0.877823,0.020361,1.066860e-06,2.563547e-06,594,0.013574,1.170281e-06,0.027148,9.255053e-07,3.059209e-01,571,1,0,1,1,1
010_potted_meat_can,s2_hetero_patch_010_potted_meat_can_t16,hetero_patch,1,0.912469,0.019663,7.401341e-07,1.679225e-06,658,0.013109,8.711992e-07,0.026218,7.354586e-07,1.624932e-01,418,1,0,1,1,1
010_potted_meat_can,s2_hetero_patch_010_potted_meat_can_t17,hetero_patch,16,0.799382,0.021300,3.666357e-06,3.989018e-06,557,0.014200,1.860272e-06,0.028400,6.227663e-06,3.481932e-01,523,1,0,1,1,1
010_potted_meat_can,s2_hetero_patch_010_potted_meat_can_t18,hetero_patch,76,0.778812,0.020961,2.957659e-06,1.544411e-05,695,0.013974,3.624125e-06,0.027948,2.857217e-06,6.055392e-01,733,1,0,1,1,1
010_potted_meat_can,s2_hetero_patch_010_potted_meat_can_t19,hetero_patch,19,0.940524,0.020811,1.120927e-06,3.025851e-06,758,0.013874,1.109934e-06,0.027748,1.222911e-06,4.509701e-01,642,1,0,1,1,1
010_potted_meat_can,s2_hetero_patch_010_potted_meat_can_t20,hetero_patch,254,0.803299,0.021457,1.668452e-06,3.717991e-06,546,0.014304,2.220710e-06,0.028609,1.447095e-06,2.822215e-01,470,1,0,1,1,1
010_potted_meat_can,s2_hetero_patch_010_potted_meat_can_t21,hetero_patch,26,0.737452,0.021218,2.010999e-06,4.801385e-06,721,0.014146,2.556245e-06,0.028291,1.744856e-06,4.943080e-01,566,1,0,1,1,0
010_potted_meat_can,s2_hetero_patch_010_potted_meat_can_t22,hetero_patch,12,0.892007,0.020638,1.183041e-06,1.787568e-06,735,0.013759,1.058326e-06,0.027517,1.377110e-06,4.141483e-01,641,1,0,1,1,1
010_potted_meat_can,s2_hetero_patch_010_potted_meat_can_t23,hetero_patch,0,0.910626,0.021305,2.371113e-06,4.619754e-06,874,0.014203,2.163173e-06,0.028407,2.286132e-06,6.227703e-01,743,1,0,1,1,1
010_potted_meat_can,s2_hetero_patch_010_potted_meat_can_t24,hetero_patch,5,0.874960,0.019985,8.902452e-07,2.379331e-06,606,0.013323,1.058924e-06,0.026646,8.956775e-07,3.818923e-01,682,1,0,1,1,1
005_tomato_soup_can,s2_duarte_mcd_005_tomato_soup_can_t0,duarte_mcd,124,0.849098,,,,,,,,,2.176913e-01,571,1,0,1,1,1
005_tomato_soup_can,s2_duarte_mcd_005_tomato_soup_can_t1,duarte_mcd,1,0.925136,,,,,,,,,2.177969e-01,584,1,0,1,1,1
005_tomato_soup_can,s2_duarte_mcd_005_tomato_soup_can_t2,duarte_mcd,544,0.626150,,,,,,,,,5.306736e-01,772,1,0,1,1,0
005_tomato_soup_can,s2_duarte_mcd_005_tomato_soup_can_t3,duarte_mcd,246,0.840444,,,,,,,,,1.186895e-01,500,1,0,1,1,1
005_tomato_soup_can,s2_duarte_mcd_005_tomato_soup_can_t5,duarte_mcd,63,0.874278,,,,,,,,,4.030856e-01,827,1,0,1,1,0
005_tomato_soup_can,s2_duarte_mcd_005_tomato_soup_can_t6,duarte_mcd,6,0.903193,,,,,,,,,3.826463e-01,846,1,0,1,1,1
005_tomato_soup_can,s2_duarte_mcd_005_tomato_soup_can_t7,duarte_mcd,129,0.864632,,,,,,,,,1.420989e-01,569,1,0,1,1,1
005_tomato_soup_can,s2_duarte_mcd_005_tomato_soup_can_t8,duarte_mcd,34,0.898881,,,,,,,,,3.647232e-01,698,1,0,1,1,1
005_tomato_soup_can,s2_duarte_mcd_005_tomato_soup_can_t9,duarte_mcd,17,0.890689,,,,,,,,,4.359509e-01,797,1,0,1,1,1
005_tomato_soup_can,s2_duarte_mcd_005_tomato_soup_can_t10,duarte_mcd,104,0.865868,,,,,,,,,2.564010e-01,610,1,0,1,1,1
005_tomato_soup_can,s2_duarte_mcd_005_tomato_soup_can_t11,duarte_mcd,146,0.855699,,,,,,,,,3.253700e-01,573,1,0,1,1,1
005_tomato_soup_can,s2_duarte_mcd_005_tomato_soup_can_t12,duarte_mcd,14,0.892743,,,,,,,,,2.662507e-01,585,1,0,1,1,1
005_tomato_soup_can,s2_duarte_mcd_005_tomato_soup_can_t13,duarte_mcd,116,0.866556,,,,,,,,,3.133788e-01,585,1,0,1,1,1
005_tomato_soup_can,s2_duarte_mcd_005_tomato_soup_can_t15,duarte_mcd,3,0.897384,,,,,,,,,4.844273e-01,865,1,0,1,1,1
005_tomato_soup_can,s2_duarte_mcd_005_tomato_soup_can_t16,duarte_mcd,10,0.894947,,,,,,,,,2.596337e-01,615,1,0,1,1,1
005_tomato_soup_can,s2_duarte_mcd_005_tomato_soup_can_t17,duarte_mcd,29,0.893721,,,,,,,,,4.896401e-01,811,1,0,1,1,1
005_tomato_soup_can,s2_duarte_mcd_005_tomato_soup_can_t18,duarte_mcd,28,0.891139,,,,,,,,,5.033272e-01,823,1,0,1,1,1
005_tomato_soup_can,s2_duarte_mcd_005_tomato_soup_can_t19,duarte_mcd,140,0.853561,,,,,,,,,1.740109e-01,537,1,0,1,1,1
005_tomato_soup_can,s2_duarte_mcd_005_tomato_soup_can_t20,duarte_mcd,36,0.882505,,,,,,,,,1.426081e-01,437,1,0,1,1,1
005_tomato_soup_can,s2_duarte_mcd_005_tomato_soup_can_t21,duarte_mcd,23,0.896074,,,,,,,,,3.035516e-01,589,1,0,1,1,0
005_tomato_soup_can,s2_duarte_mcd_005_tomato_soup_can_t22,duarte_mcd,7,0.897710,,,,,,,,,5.058747e-01,829,1,0,1,1,1
005_tomato_soup_can,s2_duarte_mcd_005_tomato_soup_can_t23,duarte_mcd,37,0.893142,,,,,,,,,1.557586e-01,558,1,0,1,1,1
005_tomato_soup_can,s2_duarte_mcd_005_tomato_soup_can_t24,duarte_mcd,38,0.890448,,,,,,,,,3.011111e-01,585,1,0,1,1,1
035_power_drill,s2_duarte_mcd_035_power_drill_t0,duarte_mcd,297,0.801634,,,,,,,,,7.580664e-03,191,1,0,1,1,0
035_power_drill,s2_duarte_mcd_035_power_drill_t1,duarte_mcd,332,0.802656,,,,,,,,,0.000000e+00,186,1,0,1,1,1
035_power_drill,s2_duarte_mcd_035_power_drill_t3,duarte_mcd,84,0.865688,,,,,,,,,0.000000e+00,117,1,0,1,1,0
035_power_drill,s2_duarte_mcd_035_power_drill_t4,duarte_mcd,121,0.853502,,,,,,,,,1.408531e-01,260,1,0,1,1,1
035_power_drill,s2_duarte_mcd_035_power_drill_t6,duarte_mcd,33,0.931706,,,,,,,,,3.757907e-01,279,1,0,1,1,1
035_power_drill,s2_duarte_mcd_035_power_drill_t7,duarte_mcd,26,0.942888,,,,,,,,,2.310738e-01,202,1,0,1,1,1
035_power_drill,s2_duarte_mcd_035_power_drill_t8,duarte_mcd,314,0.950257,,,,,,,,,1.414234e+00,2127,1,0,1,1,0
035_power_drill,s2_duarte_mcd_035_power_drill_t9,duarte_mcd,284,0.906985,,,,,,,,,1.505893e-01,421,1,0,1,1,0
035_power_drill,s2_duarte_mcd_035_power_drill_t10,duarte_mcd,248,0.830129,,,,,,,,,7.356963e-01,359,1,0,1,1,1
035_power_drill,s2_duarte_mcd_035_power_drill_t11,duarte_mcd,2,0.906798,,,,,,,,,9.633604e-03,147,1,0,1,1,1
035_power_drill,s2_duarte_mcd_035_power_drill_t13,duarte_mcd,90,0.887278,,,,,,,,,0.000000e+00,118,1,0,1,1,1
035_power_drill,s2_duarte_mcd_035_power_drill_t14,duarte_mcd,84,0.869603,,,,,,,,,5.423507e-01,307,1,0,1,1,0
035_power_drill,s2_duarte_mcd_035_power_drill_t15,duarte_mcd,835,0.741803,,,,,,,,,3.387382e-01,326,1,0,1,1,1
035_power_drill,s2_duarte_mcd_035_power_drill_t16,duarte_mcd,140,0.891691,,,,,,,,,8.492928e-01,654,1,0,1,1,0
035_power_drill,s2_duarte_mcd_035_power_drill_t17,duarte_mcd,313,0.805097,,,,,,,,,2.790704e-01,221,1,0,1,1,0
035_power_drill,s2_duarte_mcd_035_power_drill_t18,duarte_mcd,70,0.903703,,,,,,,,,0.000000e+00,133,1,0,1,1,0
035_power_drill,s2_duarte_mcd_035_power_drill_t19,duarte_mcd,45,0.923177,,,,,,,,,3.071127e-01,125,1,0,1,1,0
035_power_drill,s2_duarte_mcd_035_power_drill_t21,duarte_mcd,210,0.893232,,,,,,,,,5.758262e-03,258,1,0,1,1,0
035_power_drill,s2_duarte_mcd_035_power_drill_t22,duarte_mcd,109,0.904737,,,,,,,,,1.907005e-01,193,1,0,1,1,1
035_power_drill,s2_duarte_mcd_035_power_drill_t23,duarte_mcd,9,0.913261,,,,,,,,,1.926276e-01,242,1,0,1,1,1
035_power_drill,s2_duarte_mcd_035_power_drill_t24,duarte_mcd,49,0.971770,,,,,,,,,8.525847e-01,1008,1,0,1,1,0
021_bleach_cleanser,s3_partial_only_021_bleach_cleanser_t0,partial_only,184,0.883081,,,,,,,,,,,1,0,1,1,1
021_bleach_cleanser,s3_partial_only_021_bleach_cleanser_t1,partial_only,40,0.925949,,,,,,,,,,,1,0,1,1,1
021_bleach_cleanser,s3_partial_only_021_bleach_cleanser_t2,partial_only,0,0.940470,,,,,,,,,,,1,0,1,1,0
021_bleach_cleanser,s3_partial_only_021_bleach_cleanser_t3,partial_only,5,0.930085,,,,,,,,,,,1,0,1,1,1
021_bleach_cleanser,s3_partial_only_021_bleach_cleanser_t4,partial_only,5,0.938330,,,,,,,,,,,1,0,1,1,1
021_bleach_cleanser,s3_partial_only_021_bleach_cleanser_t5,partial_only,9,0.956423,,,,,,,,,,,1,0,1,1,0
021_bleach_cleanser,s3_partial_only_021_bleach_cleanser_t6,partial_only,97,0.879922,,,,,,,,,,,1,0,1,1,1
021_bleach_cleanser,s3_partial_only_021_bleach_cleanser_t7,partial_only,22,0.941230,,,,,,,,,,,1,0,1,1,1
021_bleach_cleanser,s3_partial_only_021_bleach_cleanser_t8,partial_only,10,0.955209,,,,,,,,,,,1,0,1,1,1
021_bleach_cleanser,s3_partial_only_021_bleach_cleanser_t9,partial_only,51,0.925122,,,,,,,,,,,1,0,1,1,1
021_bleach_cleanser,s3_partial_only_021_bleach_cleanser_t10,partial_only,64,0.918298,,,,,,,,,,,1,0,1,1,0
021_bleach_cleanser,s3_partial_only_021_bleach_cleanser_t11,partial_only,1,0.941505,,,,,,,,,,,1,0,1,1,1
021_bleach_cleanser,s3_partial_only_021_bleach_cleanser_t13,partial_only,46,0.919924,,,,,,,,,,,1,0,1,1,0
021_bleach_cleanser,s3_partial_only_021_bleach_cleanser_t14,partial_only,30,0.936928,,,,,,,,,,,1,0,1,1,0
021_bleach_cleanser,s3_partial_only_021_bleach_cleanser_t15,partial_only,29,0.913076,,,,,,,,,,,1,0,1,1,1
021_bleach_cleanser,s3_partial_only_021_bleach_cleanser_t18,partial_only,6,0.945630,,,,,,,,,,,1,0,1,1,1
021_bleach_cleanser,s3_partial_only_021_bleach_cleanser_t19,partial_only,0,0.967256,,,,,,,,,,,1,0,1,1,1
021_bleach_cleanser,s3_partial_only_021_bleach_cleanser_t20,partial_only,119,0.924226,,,,,,,,,,,1,0,1,1,1
021_bleach_cleanser,s3_partial_only_021_bleach_cleanser_t22,partial_only,56,0.918316,,,,,,,,,,,1,0,1,1,1
021_bleach_cleanser,s3_partial_only_021_bleach_cleanser_t23,partial_only,162,0.909573,,,,,,,,,,,1,0,1,1,1
021_bleach_cleanser,s3_partial_only_021_bleach_cleanser_t24,partial_only,31,0.922166,,,,,,,,,,,1,0,1,1,1
061_foam_brick,s3_partial_only_061_foam_brick_t0,partial_only,368,0.922597,,,,,,,,,,,1,0,1,1,1
061_foam_brick,s3_partial_only_061_foam_brick_t1,partial_only,532,0.896862,,,,,,,,,,,1,0,1,1,1
061_foam_brick,s3_partial_only_061_foam_brick_t2,partial_only,0,0.975517,,,,,,,,,,,1,0,1,1,0
061_foam_brick,s3_partial_only_061_foam_brick_t3,partial_only,140,0.919723,,,,,,,,,,,1,0,1,1,0
061_foam_brick,s3_partial_only_061_foam_brick_t4,partial_only,486,0.919049,,,,,,,,,,,1,0,1,1,1
061_foam_brick,s3_partial_only_061_foam_brick_t5,partial_only,285,0.943673,,,,,,,,,,,1,0,1,1,1
061_foam_brick,s3_partial_only_061_foam_brick_t6,partial_only,476,0.906931,,,,,,,,,,,1,0,1,1,1
061_foam_brick,s3_partial_only_061_foam_brick_t7,partial_only,7,0.974500,,,,,,,,,,,1,0,1,1,0
061_foam_brick,s3_partial_only_061_foam_brick_t8,partial_only,453,0.851911,,,,,,,,,,,1,0,1,1,1
061_foam_brick,s3_partial_only_061_foam_brick_t9,partial_only,462,0.895549,,,,,,,,,,,1,0,1,1,1
061_foam_brick,s3_partial_only_061_foam_brick_t10,partial_only,508,0.868445,,,,,,,,,,,1,0,1,1,1
061_foam_brick,s3_partial_only_061_foam_brick_t11,partial_only,22,0.959139,,,,,,,,,,,1,0,1,1,0
061_foam_brick,s3_partial_only_061_foam_brick_t12,partial_only,327,0.908787,,,,,,,,,,,1,0,1,1,0
061_foam_brick,s3_partial_only_061_foam_brick_t13,partial_only,269,0.920608,,,,,,,,,,,1,0,1,1,1
061_foam_brick,s3_partial_only_061_foam_brick_t14,partial_only,94,0.934052,,,,,,,,,,,1,0,1,1,0
061_foam_brick,s3_partial_only_061_foam_brick_t15,partial_only,127,0.947649,,,,,,,,,,,1,0,1,1,1
061_foam_brick,s3_partial_only_061_foam_brick_t16,partial_only,319,0.906184,,,,,,,,,,,1,0,1,1,1
061_foam_brick,s3_partial_only_061_foam_brick_t17,partial_only,9,0.966061,,,,,,,,,,,1,0,1,1,0
061_foam_brick,s3_partial_only_061_foam_brick_t18,partial_only,619,0.881068,,,,,,,,,,,1,0,1,1,1
061_foam_brick,s3_partial_only_061_foam_brick_t19,partial_only,515,0.861676,,,,,,,,,,,1,0,1,1,1
061_foam_brick,s3_partial_only_061_foam_brick_t20,partial_only,523,0.897812,,,,,,,,,,,1,0,1,1,1
061_foam_brick,s3_partial_only_061_foam_brick_t21,partial_only,402,0.930040,,,,,,,,,,,1,0,1,1,1
061_foam_brick,s3_partial_only_061_foam_brick_t22,partial_only,585,0.844451,,,,,,,,,,,1,0,1,1,1
061_foam_brick,s3_partial_only_061_foam_brick_t23,partial_only,0,0.976742,,,,,,,,,,,1,0,1,1,0
061_foam_brick,s3_partial_only_061_foam_brick_t24,partial_only,599,0.822724,,,,,,,,,,,1,0,1,1,0
010_potted_meat_can,s3_complete_only_010_potted_meat_can_t0,complete_only,0,0.900963,0.020939,1.080021e-06,3.576301e-06,816,0.013959,1.045862e-06,0.027919,1.169063e-06,3.523575e-01,590,1,0,1,1,0
010_potted_meat_can,s3_complete_only_010_potted_meat_can_t1,complete_only,250,0.748688,0.021097,1.932255e-06,3.404880e-06,797,0.014065,2.004960e-06,0.028130,2.444484e-06,7.987251e-01,718,1,0,1,1,1
010_potted_meat_can,s3_complete_only_010_potted_meat_can_t2,complete_only,8,0.928320,0.020352,8.947498e-07,2.509466e-06,700,0.013568,1.110014e-06,0.027135,8.334959e-07,3.114813e-01,631,1,0,1,1,1
010_potted_meat_can,s3_complete_only_010_potted_meat_can_t3,complete_only,1,0.925993,0.020810,9.030410e-07,2.494847e-06,781,0.013873,8.609351e-07,0.027746,9.516449e-07,4.712347e-01,741,1,0,1,1,1
010_potted_meat_can,s3_complete_only_010_potted_meat_can_t4,complete_only,25,0.814006,0.021225,4.420261e-06,5.073358e-06,809,0.014150,2.806120e-06,0.028300,5.002046e-06,4.313557e-01,681,1,0,1,1,0
010_potted_meat_can,s3_complete_only_010_potted_meat_can_t5,complete_only,18,0.862452,0.021071,2.957982e-06,6.588781e-06,661,0.014047,3.017345e-06,0.028095,3.342555e-06,4.899103e-01,656,1,0,1,1,1
010_potted_meat_can,s3_complete_only_010_potted_meat_can_t6,complete_only,277,0.771979,0.021125,3.097943e-06,1.151905e-05,1021,0.014083,2.635539e-06,0.028166,3.425464e-06,6.008790e-01,722,1,0,1,1,0
010_potted_meat_can,s3_complete_only_010_potted_meat_can_t7,complete_only,0,0.865744,0.020397,8.487376e-06,2.890575e-06,636,0.013598,4.398018e-06,0.027196,1.078071e-05,2.826685e-01,591,1,0,1,1,1
010_potted_meat_can,s3_complete_only_010_potted_meat_can_t8,complete_only,63,0.896813,0.019888,6.954078e-07,1.761927e-06,593,0.013259,5.205015e-07,0.026517,7.241273e-07,2.958908e-01,575,1,0,1,1,1
010_potted_meat_can,s3_complete_only_010_potted_meat_can_t9,complete_only,328,0.713419,0.021777,8.445334e-06,4.229256e-05,753,0.014518,9.116969e-06,0.029036,8.530838e-06,4.399474e-01,468,1,0,1,1,1
010_potted_meat_can,s3_complete_only_010_potted_meat_can_t10,complete_only,0,0.936356,0.019887,1.167666e-06,4.520950e-06,713,0.013258,1.341557e-06,0.026516,9.851276e-07,3.553081e-01,639,1,0,1,1,1
010_potted_meat_can,s3_complete_only_010_potted_meat_can_t11,complete_only,140,0.872842,0.021061,9.081678e-07,2.491770e-06,678,0.014041,7.343522e-07,0.028081,8.932913e-07,4.409059e-01,719,1,0,1,1,1
010_potted_meat_can,s3_complete_only_010_potted_meat_can_t12,complete_only,1,0.922782,0.019554,8.437129e-07,1.776417e-06,614,0.013036,9.587467e-07,0.026072,7.730605e-07,3.572159e-01,652,1,0,1,1,1
010_potted_meat_can,s3_complete_only_010_potted_meat_can_t13,complete_only,60,0.839984,0.021062,1.395132e-05,1.452472e-04,458,0.014041,3.959821e-05,0.028083,9.663576e-06,5.423498e-01,705,1,0,1,1,1
010_potted_meat_can,s3_complete_only_010_potted_meat_can_t14,complete_only,0,0.885045,0.019902,9.600997e-07,2.918546e-06,684,0.013268,1.107895e-06,0.026537,8.143091e-07,4.120500e-01,730,1,0,1,1,0
010_potted_meat_can,s3_complete_only_010_potted_meat_can_t15,complete_only,0,0.932525,0.020844,6.929993e-07,2.950457e-06,490,0.013896,6.878281e-07,0.027791,9.096048e-07,3.486442e-01,530,1,0,1,1,1
010_potted_meat_can,s3_complete_only_010_potted_meat_can_t16,complete_only,151,0.903188,0.019836,9.212922e-07,1.666419e-06,530,0.013224,9.085549e-07,0.026449,1.046400e-06,3.930695e-01,631,1,0,1,1,0
010_potted_meat_can,s3_complete_only_010_potted_meat_can_t17,complete_only,0,0.862537,0.020188,1.480786e-06,2.464901e-06,585,0.013459,1.141749e-06,0.026917,1.732686e-06,3.608761e-01,621,1,0,1,1,1
010_potted_meat_can,s3_complete_only_010_potted_meat_can_t18,complete_only,1,0.932825,0.021824,1.371304e-06,5.175837e-06,705,0.014549,4.668371e-07,0.029099,1.124842e-06,4.171409e-01,649,1,0,1,1,1
010_potted_meat_can,s3_complete_only_010_potted_meat_can_t19,complete_only,2,0.886824,0.021368,1.451053e-06,4.406713e-06,526,0.014245,1.741620e-06,0.028491,3.824719e-06,1.998862e-01,454,1,0,1,1,1
010_potted_meat_can,s3_complete_only_010_potted_meat_can_t20,complete_only,15,0.872550,0.028561,9.203755e-07,2.121736e-06,1799,0.019041,1.013469e-06,0.038082,2.509102e-06,5.526840e-01,775,1,0,1,1,1
010_potted_meat_can,s3_complete_only_010_potted_meat_can_t21,complete_only,0,0.919691,0.020895,5.663417e-06,2.896923e-06,542,0.013930,1.151172e-06,0.027860,8.308708e-06,2.952544e-01,530,1,0,1,1,1
010_potted_meat_can,s3_complete_only_010_potted_meat_can_t22,complete_only,198,0.853954,0.020985,1.987800e-06,5.916060e-06,971,0.013990,1.890428e-06,0.027980,2.153716e-06,5.536082e-01,716,1,0,1,1,1
010_potted_meat_can,s3_complete_only_010_potted_meat_can_t23,complete_only,399,0.837720,0.020541,1.032016e-06,2.658571e-06,745,0.013694,1.204251e-06,0.027388,9.286585e-07,4.331558e-01,677,1,0,1,1,1
010_potted_meat_can,s3_complete_only_010_potted_meat_can_t24,complete_only,24,0.856664,0.020905,2.515916e-06,1.006946e-05,828,0.013937,2.387099e-06,0.027873,2.975089e-06,6.348940e-01,740,1,0,1,1,0
005_tomato_soup_can,s3_epi_max_005_tomato_soup_can_t0,complete_epi,14,0.891894,0.018905,7.716462e-07,1.591784e-06,717,0.012603,7.408487e-07,0.025207,8.089331e-07,4.688515e-01,888,1,0,1,1,1
005_tomato_soup_can,s3_epi_max_005_tomato_soup_can_t1,complete_epi,140,0.857559,0.018934,8.391557e-07,1.667139e-06,723,0.012623,7.987376e-07,0.025245,8.448801e-07,5.205476e-01,880,1,0,1,1,0
005_tomato_soup_can,s3_epi_max_005_tomato_soup_can_t2,complete_epi,114,0.853189,0.018758,6.755391e-07,1.434603e-06,619,0.012505,6.389444e-07,0.025010,7.055482e-07,3.567222e-01,795,1,0,1,1,1
005_tomato_soup_can,s3_epi_max_005_tomato_soup_can_t4,complete_epi,34,0.886486,0.018867,7.064890e-07,2.419263e-06,547,0.012578,7.732772e-07,0.025156,6.240157e-07,3.371293e-01,760,1,0,1,1,1
005_tomato_soup_can,s3_epi_max_005_tomato_soup_can_t5,complete_epi,82,0.865723,0.019008,6.157595e-07,2.162330e-06,473,0.012672,5.727933e-07,0.025344,6.236340e-07,2.819102e-01,685,1,0,1,1,1
005_tomato_soup_can,s3_epi_max_005_tomato_soup_can_t6,complete_epi,23,0.879260,0.018980,7.273798e-07,1.803866e-06,608,0.012653,6.723560e-07,0.025307,7.683683e-07,3.668132e-01,800,1,0,1,1,1
005_tomato_soup_can,s3_epi_max_005_tomato_soup_can_t8,complete_epi,27,0.884486,0.018893,5.247111e-07,1.640002e-06,421,0.012596,6.105336e-07,0.025191,5.048556e-07,2.364699e-01,648,1,0,1,1,1
005_tomato_soup_can,s3_epi_max_005_tomato_soup_can_t9,complete_epi,63,0.864557,0.019103,7.679485e-07,1.620588e-06,678,0.012735,7.497824e-07,0.025471,7.838845e-07,4.201726e-01,792,1,0,1,1,1
005_tomato_soup_can,s3_epi_max_005_tomato_soup_can_t11,complete_epi,52,0.863216,0.018817,8.253153e-07,1.501876e-06,687,0.012545,7.919285e-07,0.025089,8.320359e-07,4.065796e-01,810,1,0,1,1,0
005_tomato_soup_can,s3_epi_max_005_tomato_soup_can_t12,complete_epi,1,0.897174,0.018859,5.361670e-07,1.843612e-06,417,0.012573,5.865165e-07,0.025146,5.755096e-07,2.807709e-01,668,1,0,1,1,1
005_tomato_soup_can,s3_epi_max_005_tomato_soup_can_t13,complete_epi,28,0.876852,0.019119,8.374145e-07,1.688614e-06,675,0.012746,8.007959e-07,0.025492,8.424998e-07,5.361407e-01,957,1,0,1,1,1
005_tomato_soup_can,s3_epi_max_005_tomato_soup_can_t14,complete_epi,43,0.857429,0.018757,7.744809e-07,1.587664e-06,592,0.012505,6.688766e-07,0.025010,7.308141e-07,3.456551e-01,762,1,0,1,1,0
005_tomato_soup_can,s3_epi_max_005_tomato_soup_can_t15,complete_epi,78,0.862257,0.018855,8.022306e-07,1.559434e-06,669,0.012570,7.791099e-07,0.025140,8.045189e-07,4.239366e-01,841,1,0,1,1,1
005_tomato_soup_can,s3_epi_max_005_tomato_soup_can_t16,complete_epi,38,0.878970,0.018745,5.260648e-07,1.540693e-06,439,0.012497,4.271686e-07,0.024994,5.581416e-07,2.522510e-01,659,1,0,1,1,1
005_tomato_soup_can,s3_epi_max_005_tomato_soup_can_t17,complete_epi,31,0.869915,0.018760,7.433022e-07,1.398090e-06,709,0.012507,7.320573e-07,0.025013,7.659103e-07,3.973415e-01,810,1,0,1,1,1
005_tomato_soup_can,s3_epi_max_005_tomato_soup_can_t18,complete_epi,47,0.860516,0.018809,6.743758e-07,1.464970e-06,617,0.012539,6.347903e-07,0.025079,6.862059e-07,3.444252e-01,797,1,0,1,1,1
005_tomato_soup_can,s3_epi_max_005_tomato_soup_can_t19,complete_epi,20,0.882466,0.018960,7.443374e-07,1.412862e-06,725,0.012640,6.893666e-07,0.025280,7.629413e-07,4.437530e-01,882,1,0,1,1,1
005_tomato_soup_can,s3_epi_max_005_tomato_soup_can_t20,complete_epi,80,0.843664,0.019044,6.342650e-07,1.625922e-06,638,0.012696,5.660390e-07,0.025392,6.289285e-07,4.410097e-01,860,1,0,1,1,1
005_tomato_soup_can,s3_epi_max_005_tomato_soup_can_t21,complete_epi,36,0.875248,0.019029,7.409442e-07,1.445011e-06,646,0.012686,7.130491e-07,0.025371,7.386323e-07,2.964416e-01,702,1,0,1,1,0
005_tomato_soup_can,s3_epi_max_005_tomato_soup_can_t22,complete_epi,57,0.871074,0.018926,5.640171e-07,1.544019e-06,433,0.012617,4.250025e-07,0.025234,6.413271e-07,2.747521e-01,679,1,0,1,1,1
005_tomato_soup_can,s3_epi_max_005_tomato_soup_can_t23,complete_epi,50,0.883787,0.018986,6.197846e-07,1.793865e-06,477,0.012657,7.441953e-07,0.025315,5.807531e-07,2.601943e-01,674,1,0,1,1,1
005_tomato_soup_can,s3_epi_max_005_tomato_soup_can_t24,complete_epi,51,0.872301,0.019016,5.154271e-07,1.755997e-06,461,0.012677,6.867370e-07,0.025355,5.095096e-07,2.669842e-01,703,1,0,1,1,1
035_power_drill,s3_epi_max_035_power_drill_t0,complete_epi,104,0.887190,0.045196,1.008270e-04,7.454351e-04,1148,0.030131,6.796614e-05,0.060262,1.042790e-04,4.686549e-01,151,1,0,1,1,1
035_power_drill,s3_epi_max_035_power_drill_t1,complete_epi,441,0.848944,0.043876,1.404522e-05,1.526295e-05,1189,0.029251,4.819424e-06,0.058501,1.578152e-05,4.703113e-02,167,1,0,1,1,1
035_power_drill,s3_epi_max_035_power_drill_t2,complete_epi,247,0.869939,0.042367,2.567146e-05,6.346266e-05,3068,0.028245,3.226570e-05,0.056489,2.422907e-05,1.201107e+00,559,1,0,1,1,1
035_power_drill,s3_epi_max_035_power_drill_t3,complete_epi,11,0.950428,0.031454,4.613854e-04,2.297617e-03,1329,0.020969,6.402396e-04,0.041938,8.643902e-05,1.842194e+00,817,1,0,1,1,0
035_power_drill,s3_epi_max_035_power_drill_t4,complete_epi,1034,0.641794,0.047791,0.000000e+00,0.000000e+00,799,0.031860,0.000000e+00,0.063721,2.998305e-06,0.000000e+00,165,1,0,1,1,0
035_power_drill,s3_epi_max_035_power_drill_t5,complete_epi,31,0.953314,0.019609,3.867061e-05,1.725092e-04,1361,0.013073,2.902010e-05,0.026145,2.935781e-05,1.484098e+00,760,1,0,1,1,0
035_power_drill,s3_epi_max_035_power_drill_t6,complete_epi,171,0.887460,0.044683,0.000000e+00,0.000000e+00,623,0.029788,0.000000e+00,0.059577,1.646093e-06,0.000000e+00,110,1,0,1,1,0
035_power_drill,s3_epi_max_035_power_drill_t7,complete_epi,198,0.837454,0.043623,5.251367e-06,2.908347e-05,2869,0.029082,3.544337e-06,0.058163,2.324060e-05,5.453785e-01,485,1,0,1,1,0
035_power_drill,s3_epi_max_035_power_drill_t8,complete_epi,147,0.861511,0.044539,1.600534e-05,9.611764e-06,4607,0.029693,1.213350e-05,0.059385,1.608826e-05,1.781436e+00,934,1,0,1,1,1
035_power_drill,s3_epi_max_035_power_drill_t9,complete_epi,966,0.871820,0.016036,8.700850e-04,2.388190e-03,2155,0.010691,6.762675e-04,0.021381,8.746204e-04,3.856462e+00,1541,1,0,1,1,0
035_power_drill,s3_epi_max_035_power_drill_t10,complete_epi,23,0.967703,0.015579,3.997391e-05,1.458934e-04,993,0.010386,6.838661e-05,0.020772,2.651134e-05,3.100217e+00,2319,1,0,1,1,0
035_power_drill,s3_epi_max_035_power_drill_t11,complete_epi,187,0.901716,0.024393,3.507492e-06,1.453383e-05,1504,0.016262,2.138760e-06,0.032524,4.398292e-06,1.063198e-01,363,1,0,1,1,0
035_power_drill,s3_epi_max_035_power_drill_t12,complete_epi,178,0.882019,0.043373,2.157828e-05,1.505986e-05,4534,0.028916,5.482771e-06,0.057831,2.047652e-05,1.882460e+00,1036,1,0,1,1,1
035_power_drill,s3_epi_max_035_power_drill_t13,complete_epi,539,0.829164,0.043811,2.222535e-05,5.800912e-05,605,0.029207,0.000000e+00,0.058415,4.885293e-05,0.000000e+00,61,1,0,1,1,0
035_power_drill,s3_epi_max_035_power_drill_t14,complete_epi,34,0.975626,0.028237,2.668602e-05,1.342054e-04,1465,0.018825,3.093137e-05,0.037650,1.904491e-05,1.461590e+00,884,1,0,1,1,1
035_power_drill,s3_epi_max_035_power_drill_t15,complete_epi,1,0.925247,0.039177,5.160859e-06,7.346058e-06,1191,0.026118,1.792870e-06,0.052236,9.973847e-06,0.000000e+00,168,1,0,1,1,1
035_power_drill,s3_epi_max_035_power_drill_t17,complete_epi,687,0.755314,0.058693,4.551594e-06,7.366644e-06,4501,0.039128,3.045676e-06,0.078257,8.699688e-06,6.863742e-01,559,1,0,1,1,0
035_power_drill,s3_epi_max_035_power_drill_t18,complete_epi,574,0.828295,0.040118,1.186250e-05,1.212108e-04,623,0.026745,1.625290e-05,0.053491,1.397724e-05,0.000000e+00,107,1,0,1,1,0
035_power_drill,s3_epi_max_035_power_drill_t19,complete_epi,1030,0.817116,0.020878,1.664400e-04,5.510294e-04,1052,0.013918,1.637772e-04,0.027837,1.604144e-04,2.574248e+00,1413,1,0,1,1,1
035_power_drill,s3_epi_max_035_power_drill_t20,complete_epi,14,0.925556,0.043270,2.652410e-05,3.542137e-05,959,0.028847,1.781956e-05,0.057694,4.670148e-05,5.531701e-03,135,1,0,1,1,0
035_power_drill,s3_epi_max_035_power_drill_t21,complete_epi,282,0.889713,0.042890,9.727935e-05,4.182491e-04,732,0.028593,3.992438e-05,0.057186,1.495957e-04,6.961672e-02,122,1,0,1,1,1
035_power_drill,s3_epi_max_035_power_drill_t22,complete_epi,300,0.879122,0.043370,2.790441e-06,0.000000e+00,463,0.028913,0.000000e+00,0.057827,1.061990e-05,0.000000e+00,105,1,0,1,1,0
035_power_drill,s3_epi_max_035_power_drill_t23,complete_epi,1,0.952726,0.021912,1.599852e-05,1.148045e-04,2249,0.014608,1.486414e-05,0.029216,2.352194e-05,1.660012e+00,1323,1,0,1,1,0
035_power_drill,s3_epi_max_035_power_drill_t24,complete_epi,82,0.903910,0.043511,9.190404e-06,0.000000e+00,553,0.029007,0.000000e+00,0.058015,2.651643e-05,0.000000e+00,121,1,0,1,1,0
021_bleach_cleanser,s3_epi_mean_021_bleach_cleanser_t0,complete_epi,25,0.924734,0.038890,3.351122e-05,2.560226e-04,1057,0.025926,7.349509e-05,0.051853,4.433593e-05,3.521024e-01,107,1,0,1,1,1
021_bleach_cleanser,s3_epi_mean_021_bleach_cleanser_t1,complete_epi,341,0.910300,0.064203,1.371112e-04,6.039286e-04,9108,0.042802,1.546204e-04,0.085604,2.761637e-04,4.011281e+00,757,1,0,1,1,0
021_bleach_cleanser,s3_epi_mean_021_bleach_cleanser_t2,complete_epi,11,0.905723,0.038588,3.928874e-05,4.496277e-04,928,0.025725,7.885943e-05,0.051451,4.076277e-05,6.727505e-03,88,1,0,1,1,0
021_bleach_cleanser,s3_epi_mean_021_bleach_cleanser_t3,complete_epi,2,0.882931,0.038628,2.944014e-05,1.868400e-04,1249,0.025752,6.578126e-05,0.051504,4.283742e-05,2.541307e-01,169,1,0,1,1,1
021_bleach_cleanser,s3_epi_mean_021_bleach_cleanser_t4,complete_epi,17,0.934641,0.039335,4.092272e-05,3.494240e-04,996,0.026223,5.888256e-05,0.052446,4.432658e-05,9.712367e-02,121,1,0,1,1,1
021_bleach_cleanser,s3_epi_mean_021_bleach_cleanser_t5,complete_epi,5,0.937423,0.039391,3.369348e-05,3.258971e-04,1053,0.026261,6.675202e-05,0.052522,3.514881e-05,2.984978e-01,167,1,0,1,1,1
021_bleach_cleanser,s3_epi_mean_021_bleach_cleanser_t6,complete_epi,461,0.850862,0.038714,1.832022e-05,1.428630e-04,774,0.025809,0.000000e+00,0.051619,3.535430e-05,0.000000e+00,29,1,0,1,1,0
021_bleach_cleanser,s3_epi_mean_021_bleach_cleanser_t7,complete_epi,361,0.903430,0.055115,1.402845e-04,7.414498e-04,1770,0.036743,2.630867e-04,0.073486,1.208752e-04,1.025056e+00,61,1,0,1,1,0
021_bleach_cleanser,s3_epi_mean_021_bleach_cleanser_t8,complete_epi,313,0.753065,0.022751,7.793164e-05,5.632152e-04,1217,0.015167,2.565590e-04,0.030334,1.071888e-04,1.244371e+00,598,1,0,1,1,0
021_bleach_cleanser,s3_epi_mean_021_bleach_cleanser_t9,complete_epi,104,0.906490,0.039317,1.142805e-05,8.458783e-05,1021,0.026211,1.769656e-05,0.052423,1.446637e-05,5.565027e-02,106,1,0,1,1,0
021_bleach_cleanser,s3_epi_mean_021_bleach_cleanser_t10,complete_epi,154,0.887268,0.040234,2.147732e-05,2.221448e-04,1056,0.026823,2.210235e-05,0.053645,1.976748e-05,8.457811e-02,200,1,0,1,1,1
021_bleach_cleanser,s3_epi_mean_021_bleach_cleanser_t11,complete_epi,64,0.932699,0.039595,3.052273e-05,3.213850e-04,996,0.026397,3.477974e-05,0.052793,4.214495e-05,0.000000e+00,120,1,0,1,1,1
021_bleach_cleanser,s3_epi_mean_021_bleach_cleanser_t13,complete_epi,1152,0.196185,0.048211,8.227495e-06,3.018341e-05,1565,0.032140,7.454683e-06,0.064281,9.659804e-06,9.205941e-02,124,1,0,1,1,0
021_bleach_cleanser,s3_epi_mean_021_bleach_cleanser_t14,complete_epi,197,0.874623,0.040375,2.587420e-06,0.000000e+00,718,0.026917,0.000000e+00,0.053833,7.402902e-06,0.000000e+00,138,1,0,1,1,0
021_bleach_cleanser,s3_epi_mean_021_bleach_cleanser_t15,complete_epi,27,0.936526,0.039995,4.711077e-05,4.979877e-04,1009,0.026663,8.124315e-05,0.053327,6.079032e-05,0.000000e+00,102,1,0,1,1,1
021_bleach_cleanser,s3_epi_mean_021_bleach_cleanser_t18,complete_epi,8,0.935852,0.039691,1.014364e-05,4.392370e-05,987,0.026461,2.871542e-06,0.052922,2.242182e-05,0.000000e+00,95,1,0,1,1,0
021_bleach_cleanser,s3_epi_mean_021_bleach_cleanser_t19,complete_epi,164,0.888593,0.038890,8.709581e-06,6.165641e-05,1071,0.025927,4.612954e-06,0.051854,1.917554e-05,0.000000e+00,92,1,0,1,1,1
021_bleach_cleanser,s3_epi_mean_021_bleach_cleanser_t21,complete_epi,828,0.821267,0.039102,1.634964e-04,1.392385e-03,594,0.026068,5.973246e-04,0.052136,1.327386e-04,3.569715e-01,94,1,0,1,1,1
021_bleach_cleanser,s3_epi_mean_021_bleach_cleanser_t22,complete_epi,307,0.897935,0.039935,4.738469e-06,5.450225e-05,785,0.026623,0.000000e+00,0.053246,1.426271e-05,0.000000e+00,114,1,0,1,1,1
021_bleach_cleanser,s3_epi_mean_021_bleach_cleanser_t23,complete_epi,32,0.876841,0.020629,8.888738e-05,7.807623e-04,1419,0.013753,1.892046e-04,0.027506,1.733142e-04,1.683894e+00,742,1,0,1,1,0
021_bleach_cleanser,s3_epi_mean_021_bleach_cleanser_t24,complete_epi,827,0.827333,0.039488,2.717963e-05,1.585808e-04,846,0.026326,7.288364e-05,0.052651,3.305952e-05,5.580962e-02,144,1,0,1,1,0
061_foam_brick,s3_epi_mean_061_foam_brick_t0,complete_epi,36,0.950733,0.017526,1.165900e-06,2.192899e-06,1796,0.011684,1.214894e-06,0.023368,2.943637e-06,2.001888e+00,2257,1,0,1,1,0
061_foam_brick,s3_epi_mean_061_foam_brick_t1,complete_epi,1153,0.658590,0.016878,2.169434e-06,2.233250e-05,1793,0.011252,2.818181e-06,0.022504,6.861102e-06,1.664848e+00,1634,1,0,1,1,1
061_foam_brick,s3_epi_mean_061_foam_brick_t2,complete_epi,695,0.907791,0.017312,4.209244e-07,1.215007e-06,1251,0.011541,6.355327e-07,0.023082,1.236305e-06,1.429008e+00,1751,1,0,1,1,0
061_foam_brick,s3_epi_mean_061_foam_brick_t3,complete_epi,4,0.962108,0.017426,1.051362e-06,4.362823e-06,723,0.011617,1.466721e-06,0.023235,1.397539e-06,1.394031e+00,1802,1,0,1,1,0
061_foam_brick,s3_epi_mean_061_foam_brick_t4,complete_epi,276,0.914147,0.016013,2.143315e-05,1.756120e-04,389,0.010675,8.807550e-05,0.021350,1.346209e-05,1.095472e+00,1243,1,0,1,1,1
061_foam_brick,s3_epi_mean_061_foam_brick_t5,complete_epi,1106,0.825663,0.015841,3.297720e-06,1.095891e-05,616,0.010561,6.424136e-06,0.021122,7.233364e-06,1.394843e+00,1182,1,0,1,1,1
061_foam_brick,s3_epi_mean_061_foam_brick_t6,complete_epi,1009,0.772295,0.017744,7.757151e-07,3.478771e-06,787,0.011829,7.510880e-07,0.023658,4.441932e-06,4.465249e-01,483,1,0,1,1,0
061_foam_brick,s3_epi_mean_061_foam_brick_t7,complete_epi,651,0.911373,0.016823,1.219430e-06,6.012199e-06,1201,0.011215,9.779264e-07,0.022431,4.245054e-06,1.443618e+00,1683,1,0,1,1,1
061_foam_brick,s3_epi_mean_061_foam_brick_t8,complete_epi,472,0.926605,0.017613,4.726003e-07,8.468884e-07,1389,0.011742,6.182148e-07,0.023485,7.519641e-07,1.183556e+00,1864,1,0,1,1,1
061_foam_brick,s3_epi_mean_061_foam_brick_t9,complete_epi,1098,0.793733,0.016956,1.057935e-05,7.480726e-05,571,0.011304,7.503817e-06,0.022608,1.592825e-05,2.655025e+00,969,1,0,1,1,1
061_foam_brick,s3_epi_mean_061_foam_brick_t10,complete_epi,458,0.911260,0.017685,4.176852e-07,6.965239e-07,1121,0.011790,3.355828e-07,0.023580,4.522757e-07,1.029497e+00,1829,1,0,1,1,1
061_foam_brick,s3_epi_mean_061_foam_brick_t11,complete_epi,41,0.964483,0.016348,4.419886e-06,1.040740e-05,438,0.010898,1.911783e-06,0.021797,1.588189e-05,1.609555e+00,1137,1,0,1,1,1
061_foam_brick,s3_epi_mean_061_foam_brick_t12,complete_epi,897,0.824975,0.021832,4.314150e-07,7.703661e-07,1883,0.014555,5.188833e-07,0.029110,6.995644e-07,8.854079e-01,1563,1,0,1,1,1
061_foam_brick,s3_epi_mean_061_foam_brick_t13,complete_epi,1151,0.780672,0.016685,3.940941e-06,2.956441e-05,687,0.011123,5.649938e-06,0.022247,8.679004e-06,1.787404e+00,989,1,0,1,1,1
061_foam_brick,s3_epi_mean_061_foam_brick_t14,complete_epi,386,0.916612,0.016809,3.326733e-07,7.549326e-07,1206,0.011206,3.962855e-07,0.022412,3.915250e-07,1.010242e+00,1936,1,0,1,1,1
061_foam_brick,s3_epi_mean_061_foam_brick_t15,complete_epi,51,0.954444,0.016589,9.991111e-07,6.044695e-06,389,0.011059,7.007989e-07,0.022118,1.159862e-06,9.626382e-01,1039,1,0,1,1,1
061_foam_brick,s3_epi_mean_061_foam_brick_t16,complete_epi,330,0.928344,0.017203,4.403144e-07,7.372697e-07,1203,0.011469,5.480350e-07,0.022937,1.179909e-06,1.543496e+00,1929,1,0,1,1,1
061_foam_brick,s3_epi_mean_061_foam_brick_t17,complete_epi,817,0.843334,0.020493,5.672877e-07,1.678249e-06,1466,0.013662,6.984104e-07,0.027324,6.315853e-07,1.266224e+00,1845,1,0,1,1,0
061_foam_brick,s3_epi_mean_061_foam_brick_t18,complete_epi,186,0.921801,0.017270,8.803974e-06,3.375058e-05,1122,0.011514,2.719737e-05,0.023027,1.895731e-05,2.081652e+00,1780,1,0,1,1,1
061_foam_brick,s3_epi_mean_061_foam_brick_t19,complete_epi,855,0.842018,0.016036,6.199806e-05,4.960607e-04,916,0.010691,1.794699e-04,0.021381,7.242274e-05,1.082632e+00,1047,1,0,1,1,1
061_foam_brick,s3_epi_mean_061_foam_brick_t20,complete_epi,518,0.922310,0.018010,1.869865e-06,9.135254e-06,833,0.012007,1.728629e-06,0.024013,1.162300e-05,1.000826e+00,1257,1,0,1,1,0
061_foam_brick,s3_epi_mean_061_foam_brick_t21,complete_epi,12,0.950796,0.015999,1.632327e-05,1.213468e-04,713,0.010666,3.035024e-05,0.021332,3.445589e-05,1.236563e+00,828,1,0,1,1,1
061_foam_brick,s3_epi_mean_061_foam_brick_t22,complete_epi,396,0.912975,0.017364,1.473221e-06,2.936300e-06,1017,0.011576,2.863298e-06,0.023152,2.886909e-06,2.185730e+00,2144,1,0,1,1,0
061_foam_brick,s3_epi_mean_061_foam_brick_t23,complete_epi,252,0.948755,0.016781,1.879128e-06,2.201814e-05,532,0.011187,7.659448e-06,0.022375,1.963028e-06,1.120197e+00,1280,1,0,1,1,0
061_foam_brick,s3_epi_mean_061_foam_brick_t24,complete_epi,569,0.918027,0.017278,1.457243e-06,9.410706e-06,1230,0.011519,3.194193e-06,0.023037,5.153367e-06,2.558741e+00,2234,1,0,1,1,1
010_potted_meat_can,s3_hetero_patch_010_potted_meat_can_t0,hetero_patch,12,0.892798,0.020939,1.616637e-06,7.289444e-06,737,0.013959,1.356138e-06,0.027919,1.984843e-06,3.255070e-01,521,1,0,1,1,1
010_potted_meat_can,s3_hetero_patch_010_potted_meat_can_t1,hetero_patch,183,0.793246,0.021092,1.596511e-06,4.506582e-06,543,0.014061,1.372261e-06,0.028122,2.117857e-06,1.434624e-01,376,1,0,1,1,1
010_potted_meat_can,s3_hetero_patch_010_potted_meat_can_t2,hetero_patch,2,0.925803,0.019992,9.360480e-07,2.731450e-06,680,0.013328,1.039383e-06,0.026656,9.192483e-07,3.465117e-01,634,1,0,1,1,1
010_potted_meat_can,s3_hetero_patch_010_potted_meat_can_t3,hetero_patch,0,0.942147,0.020710,1.105480e-06,2.790499e-06,803,0.013807,1.045580e-06,0.027613,1.162836e-06,3.756217e-01,611,1,0,1,1,0
010_potted_meat_can,s3_hetero_patch_010_potted_meat_can_t4,hetero_patch,35,0.795020,0.021100,1.833146e-06,5.135328e-06,1003,0.014067,2.216335e-06,0.028134,1.945617e-06,3.286455e-01,476,1,0,1,1,0
010_potted_meat_can,s3_hetero_patch_010_potted_meat_can_t5,hetero_patch,2,0.893608,0.021079,4.894455e-06,9.803415e-06,663,0.014053,4.969121e-06,0.028105,4.997292e-06,6.500449e-01,717,1,0,1,1,1
010_potted_meat_can,s3_hetero_patch_010_potted_meat_can_t6,hetero_patch,287,0.784568,0.021132,3.546971e-06,9.945175e-06,850,0.014088,3.414550e-06,0.028176,3.912554e-06,4.644453e-01,577,1,0,1,1,0
010_potted_meat_can,s3_hetero_patch_010_potted_meat_can_t7,hetero_patch,37,0.763540,0.020410,1.396693e-06,3.778540e-06,637,0.013607,1.687199e-06,0.027214,1.274877e-06,4.133347e-01,638,1,0,1,1,1
010_potted_meat_can,s3_hetero_patch_010_potted_meat_can_t8,hetero_patch,98,0.807915,0.020019,1.691435e-06,3.989451e-06,530,0.013346,1.911054e-06,0.026693,1.465127e-06,3.613799e-01,499,1,0,1,1,1
010_potted_meat_can,s3_hetero_patch_010_potted_meat_can_t9,hetero_patch,162,0.878647,0.031103,2.220185e-06,5.200669e-06,2246,0.020736,2.300451e-06,0.041471,2.412448e-06,1.041317e+00,950,1,0,1,1,0
010_potted_meat_can,s3_hetero_patch_010_potted_meat_can_t10,hetero_patch,0,0.922308,0.019875,1.328456e-06,2.569599e-06,699,0.013250,1.555865e-06,0.026500,1.298164e-06,3.165035e-01,590,1,0,1,1,1
010_potted_meat_can,s3_hetero_patch_010_potted_meat_can_t12,hetero_patch,0,0.927669,0.019769,1.027279e-06,3.294981e-06,671,0.013180,1.129682e-06,0.026359,9.970236e-07,3.935596e-01,684,1,0,1,1,1
010_potted_meat_can,s3_hetero_patch_010_potted_meat_can_t13,hetero_patch,42,0.769648,0.021081,2.280845e-06,5.071773e-06,788,0.014054,2.673609e-06,0.028108,2.094502e-06,5.834876e-01,603,1,0,1,1,0
010_potted_meat_can,s3_hetero_patch_010_potted_meat_can_t14,hetero_patch,8,0.903527,0.019866,1.382968e-06,2.085294e-06,590,0.013244,1.249761e-06,0.026487,1.497180e-06,2.730458e-01,586,1,0,1,1,1
010_potted_meat_can,s3_hetero_patch_010_potted_meat_can_t15,hetero_patch,0,0.928159,0.020857,7.156643e-07,2.068462e-06,507,0.013905,7.630962e-07,0.027809,1.944826e-06,3.293517e-01,522,1,0,1,1,1
010_potted_meat_can,s3_hetero_patch_010_potted_meat_can_t16,hetero_patch,344,0.782578,0.020079,7.603131e-07,1.593621e-06,925,0.013386,7.808921e-07,0.026772,7.680427e-07,4.568061e-01,776,1,0,1,1,1
010_potted_meat_can,s3_hetero_patch_010_potted_meat_can_t17,hetero_patch,0,0.912123,0.020261,1.550620e-06,3.806939e-06,702,0.013507,1.709923e-06,0.027014,1.408246e-06,3.849657e-01,613,1,0,1,1,1
010_potted_meat_can,s3_hetero_patch_010_potted_meat_can_t18,hetero_patch,0,0.914795,0.021411,1.871345e-06,3.129636e-06,585,0.014274,1.255301e-06,0.028548,3.562021e-06,3.118362e-01,555,1,0,1,1,1
010_potted_meat_can,s3_hetero_patch_010_potted_meat_can_t19,hetero_patch,1,0.894174,0.021367,3.078771e-06,6.241585e-06,650,0.014244,2.159751e-06,0.028489,3.627083e-06,4.116035e-01,605,1,0,1,1,1
010_potted_meat_can,s3_hetero_patch_010_potted_meat_can_t20,hetero_patch,60,0.827713,0.029940,2.041210e-06,1.914485e-06,2898,0.019960,1.912256e-06,0.039920,2.350143e-06,0.000000e+00,37,1,0,1,1,1
010_potted_meat_can,s3_hetero_patch_010_potted_meat_can_t21,hetero_patch,281,0.803893,0.027680,1.244693e-06,3.349907e-06,1345,0.018453,1.337805e-06,0.036907,3.709085e-06,5.214679e-01,692,1,0,1,1,1
010_potted_meat_can,s3_hetero_patch_010_potted_meat_can_t22,hetero_patch,14,0.881934,0.020641,3.786788e-06,1.398713e-05,881,0.013760,3.745342e-06,0.027521,4.056692e-06,1.119514e+00,895,1,0,1,1,1
010_potted_meat_can,s3_hetero_patch_010_potted_meat_can_t23,hetero_patch,283,0.829848,0.021016,1.045761e-06,3.805849e-06,938,0.014011,1.124363e-06,0.028021,1.557238e-06,5.441183e-01,730,1,0,1,1,1
010_potted_meat_can,s3_hetero_patch_010_potted_meat_can_t24,hetero_patch,21,0.857761,0.020946,2.916629e-06,9.479859e-06,865,0.013964,2.722644e-06,0.027928,3.350125e-06,7.806301e-01,818,1,0,1,1,1
005_tomato_soup_can,s3_duarte_mcd_005_tomato_soup_can_t0,duarte_mcd,10,0.885708,,,,,,,,,4.443913e-01,863,1,0,1,1,1
005_tomato_soup_can,s3_duarte_mcd_005_tomato_soup_can_t1,duarte_mcd,10,0.901904,,,,,,,,,5.147616e-01,843,1,0,1,1,1
005_tomato_soup_can,s3_duarte_mcd_005_tomato_soup_can_t2,duarte_mcd,33,0.876078,,,,,,,,,5.366721e-01,883,1,0,1,1,1
005_tomato_soup_can,s3_duarte_mcd_005_tomato_soup_can_t3,duarte_mcd,872,0.620240,,,,,,,,,4.913246e-02,110,1,0,1,1,0
005_tomato_soup_can,s3_duarte_mcd_005_tomato_soup_can_t4,duarte_mcd,28,0.900561,,,,,,,,,4.397587e-01,783,1,0,1,1,1
005_tomato_soup_can,s3_duarte_mcd_005_tomato_soup_can_t6,duarte_mcd,19,0.889041,,,,,,,,,4.923367e-01,835,1,0,1,1,1
005_tomato_soup_can,s3_duarte_mcd_005_tomato_soup_can_t7,duarte_mcd,65,0.880402,,,,,,,,,2.186019e-01,584,1,0,1,1,1
005_tomato_soup_can,s3_duarte_mcd_005_tomato_soup_can_t8,duarte_mcd,41,0.878127,,,,,,,,,2.875352e-01,597,1,0,1,1,1
005_tomato_soup_can,s3_duarte_mcd_005_tomato_soup_can_t9,duarte_mcd,30,0.884446,,,,,,,,,3.573124e-01,788,1,0,1,1,1
005_tomato_soup_can,s3_duarte_mcd_005_tomato_soup_can_t10,duarte_mcd,38,0.871395,,,,,,,,,2.773782e-01,613,1,0,1,1,1
005_tomato_soup_can,s3_duarte_mcd_005_tomato_soup_can_t11,duarte_mcd,88,0.861971,,,,,,,,,3.774669e-01,750,1,0,1,1,0
005_tomato_soup_can,s3_duarte_mcd_005_tomato_soup_can_t12,duarte_mcd,26,0.892435,,,,,,,,,2.775677e-01,566,1,0,1,1,1
005_tomato_soup_can,s3_duarte_mcd_005_tomato_soup_can_t13,duarte_mcd,48,0.879813,,,,,,,,,2.645611e-01,587,1,0,1,1,1
005_tomato_soup_can,s3_duarte_mcd_005_tomato_soup_can_t14,duarte_mcd,217,0.915347,,,,,,,,,3.262763e-01,568,1,0,1,1,0
005_tomato_soup_can,s3_duarte_mcd_005_tomato_soup_can_t15,duarte_mcd,10,0.884518,,,,,,,,,4.242937e-01,737,1,0,1,1,1
005_tomato_soup_can,s3_duarte_mcd_005_tomato_soup_can_t16,duarte_mcd,63,0.864983,,,,,,,,,2.984700e-01,625,1,0,1,1,1
005_tomato_soup_can,s3_duarte_mcd_005_tomato_soup_can_t17,duarte_mcd,90,0.790439,,,,,,,,,4.122272e-01,711,1,0,1,1,0
005_tomato_soup_can,s3_duarte_mcd_005_tomato_soup_can_t18,duarte_mcd,75,0.864085,,,,,,,,,2.544314e-01,619,1,0,1,1,1
005_tomato_soup_can,s3_duarte_mcd_005_tomato_soup_can_t19,duarte_mcd,14,0.888629,,,,,,,,,4.769659e-01,809,1,0,1,1,1
005_tomato_soup_can,s3_duarte_mcd_005_tomato_soup_can_t20,duarte_mcd,18,0.885181,,,,,,,,,4.686612e-01,856,1,0,1,1,0
005_tomato_soup_can,s3_duarte_mcd_005_tomato_soup_can_t21,duarte_mcd,64,0.884995,,,,,,,,,3.882617e-01,746,1,0,1,1,1
005_tomato_soup_can,s3_duarte_mcd_005_tomato_soup_can_t23,duarte_mcd,29,0.895182,,,,,,,,,2.278641e-01,588,1,0,1,1,1
005_tomato_soup_can,s3_duarte_mcd_005_tomato_soup_can_t24,duarte_mcd,68,0.875625,,,,,,,,,2.744421e-01,637,1,0,1,1,1
035_power_drill,s3_duarte_mcd_035_power_drill_t0,duarte_mcd,72,0.916675,,,,,,,,,3.787752e-02,123,1,0,1,1,0
035_power_drill,s3_duarte_mcd_035_power_drill_t1,duarte_mcd,125,0.911922,,,,,,,,,1.592421e-01,160,1,0,1,1,1
035_power_drill,s3_duarte_mcd_035_power_drill_t2,duarte_mcd,174,0.914957,,,,,,,,,5.201335e-02,345,1,0,1,1,0
035_power_drill,s3_duarte_mcd_035_power_drill_t3,duarte_mcd,846,0.652403,,,,,,,,,0.000000e+00,95,1,0,1,1,0
035_power_drill,s3_duarte_mcd_035_power_drill_t4,duarte_mcd,141,0.902342,,,,,,,,,0.000000e+00,155,1,0,1,1,0
035_power_drill,s3_duarte_mcd_035_power_drill_t6,duarte_mcd,150,0.909838,,,,,,,,,0.000000e+00,133,1,0,1,1,0
035_power_drill,s3_duarte_mcd_035_power_drill_t7,duarte_mcd,147,0.844549,,,,,,,,,4.935865e-01,453,1,0,1,1,1
035_power_drill,s3_duarte_mcd_035_power_drill_t9,duarte_mcd,185,0.867779,,,,,,,,,2.248303e-01,227,1,0,1,1,1
035_power_drill,s3_duarte_mcd_035_power_drill_t10,duarte_mcd,119,0.957641,,,,,,,,,5.717824e-01,831,1,0,1,1,1
035_power_drill,s3_duarte_mcd_035_power_drill_t11,duarte_mcd,107,0.913133,,,,,,,,,8.714095e-01,1508,1,0,1,1,0
035_power_drill,s3_duarte_mcd_035_power_drill_t12,duarte_mcd,1317,0.627537,,,,,,,,,0.000000e+00,187,1,0,1,1,0
035_power_drill,s3_duarte_mcd_035_power_drill_t13,duarte_mcd,175,0.890856,,,,,,,,,0.000000e+00,122,1,0,1,1,1
035_power_drill,s3_duarte_mcd_035_power_drill_t14,duarte_mcd,61,0.969670,,,,,,,,,6.551066e-01,954,1,0,1,1,1
035_power_drill,s3_duarte_mcd_035_power_drill_t15,duarte_mcd,0,0.943335,,,,,,,,,0.000000e+00,166,1,0,1,1,1
035_power_drill,s3_duarte_mcd_035_power_drill_t17,duarte_mcd,709,0.746457,,,,,,,,,2.889893e-02,235,1,0,1,1,0
035_power_drill,s3_duarte_mcd_035_power_drill_t18,duarte_mcd,42,0.897981,,,,,,,,,0.000000e+00,152,1,0,1,1,1
035_power_drill,s3_duarte_mcd_035_power_drill_t19,duarte_mcd,576,0.910315,,,,,,,,,4.587194e-01,706,1,0,1,1,0
035_power_drill,s3_duarte_mcd_035_power_drill_t20,duarte_mcd,477,0.804714,,,,,,,,,0.000000e+00,157,1,0,1,1,0
035_power_drill,s3_duarte_mcd_035_power_drill_t22,duarte_mcd,0,0.946896,,,,,,,,,0.000000e+00,218,1,0,1,1,0
035_power_drill,s3_duarte_mcd_035_power_drill_t23,duarte_mcd,395,0.781110,,,,,,,,,3.326956e-01,327,1,0,1,1,1
025_mug,s0_partial_only_025_mug_t0,partial_only,103,0.863573,,,,,,,,,,,1,0,1,1,1
025_mug,s0_partial_only_025_mug_t1,partial_only,351,0.812334,,,,,,,,,,,1,0,1,1,1
025_mug,s0_partial_only_025_mug_t2,partial_only,27,0.922035,,,,,,,,,,,1,0,1,1,1
025_mug,s0_partial_only_025_mug_t3,partial_only,79,0.885204,,,,,,,,,,,1,0,1,1,0
025_mug,s0_partial_only_025_mug_t4,partial_only,244,0.847261,,,,,,,,,,,1,0,1,1,1
025_mug,s0_partial_only_025_mug_t5,partial_only,151,0.924549,,,,,,,,,,,1,0,1,1,0
025_mug,s0_partial_only_025_mug_t6,partial_only,67,0.892631,,,,,,,,,,,1,0,1,1,1
025_mug,s0_partial_only_025_mug_t7,partial_only,110,0.916817,,,,,,,,,,,1,0,1,1,1
025_mug,s0_partial_only_025_mug_t8,partial_only,160,0.903860,,,,,,,,,,,1,0,1,1,1
025_mug,s0_partial_only_025_mug_t9,partial_only,167,0.869712,,,,,,,,,,,1,0,1,1,0
025_mug,s0_partial_only_025_mug_t10,partial_only,183,0.870465,,,,,,,,,,,1,0,1,1,1
025_mug,s0_partial_only_025_mug_t11,partial_only,159,0.877612,,,,,,,,,,,1,0,1,1,1
025_mug,s0_partial_only_025_mug_t12,partial_only,92,0.919927,,,,,,,,,,,1,0,1,1,1
025_mug,s0_partial_only_025_mug_t13,partial_only,28,0.920718,,,,,,,,,,,1,0,1,1,1
025_mug,s0_partial_only_025_mug_t14,partial_only,47,0.925657,,,,,,,,,,,1,0,1,1,0
025_mug,s0_partial_only_025_mug_t15,partial_only,128,0.873135,,,,,,,,,,,1,0,1,1,1
025_mug,s0_partial_only_025_mug_t17,partial_only,137,0.854730,,,,,,,,,,,1,0,1,1,1
025_mug,s0_partial_only_025_mug_t18,partial_only,166,0.843001,,,,,,,,,,,1,0,1,1,0
025_mug,s0_partial_only_025_mug_t19,partial_only,38,0.902921,,,,,,,,,,,1,0,1,1,1
025_mug,s0_partial_only_025_mug_t20,partial_only,102,0.878376,,,,,,,,,,,1,0,1,1,1
025_mug,s0_partial_only_025_mug_t21,partial_only,102,0.904446,,,,,,,,,,,1,0,1,1,1
025_mug,s0_partial_only_025_mug_t23,partial_only,225,0.899273,,,,,,,,,,,1,0,1,1,1
025_mug,s0_partial_only_025_mug_t24,partial_only,115,0.896250,,,,,,,,,,,1,0,1,1,1
051_large_clamp,s0_partial_only_051_large_clamp_t0,partial_only,0,0.968097,,,,,,,,,,,1,0,1,1,1
051_large_clamp,s0_partial_only_051_large_clamp_t1,partial_only,0,0.962884,,,,,,,,,,,1,0,1,1,1
051_large_clamp,s0_partial_only_051_large_clamp_t2,partial_only,2,0.953896,,,,,,,,,,,1,0,1,1,0
051_large_clamp,s0_partial_only_051_large_clamp_t3,partial_only,0,0.965219,,,,,,,,,,,1,0,1,1,1
051_large_clamp,s0_partial_only_051_large_clamp_t4,partial_only,1,0.974339,,,,,,,,,,,1,0,1,1,0
051_large_clamp,s0_partial_only_051_large_clamp_t5,partial_only,2,0.974528,,,,,,,,,,,1,0,1,1,1
051_large_clamp,s0_partial_only_051_large_clamp_t6,partial_only,1,0.967185,,,,,,,,,,,1,0,1,1,0
051_large_clamp,s0_partial_only_051_large_clamp_t7,partial_only,0,0.977081,,,,,,,,,,,1,0,1,1,1
051_large_clamp,s0_partial_only_051_large_clamp_t8,partial_only,0,0.952831,,,,,,,,,,,1,0,1,1,1
051_large_clamp,s0_partial_only_051_large_clamp_t9,partial_only,1,0.964696,,,,,,,,,,,1,0,1,1,0
051_large_clamp,s0_partial_only_051_large_clamp_t10,partial_only,2,0.967549,,,,,,,,,,,1,0,1,1,0
051_large_clamp,s0_partial_only_051_large_clamp_t11,partial_only,4,0.967850,,,,,,,,,,,1,0,1,1,0
051_large_clamp,s0_partial_only_051_large_clamp_t12,partial_only,0,0.978463,,,,,,,,,,,1,0,1,1,1
051_large_clamp,s0_partial_only_051_large_clamp_t13,partial_only,61,0.965419,,,,,,,,,,,1,0,1,1,0
051_large_clamp,s0_partial_only_051_large_clamp_t14,partial_only,3,0.963731,,,,,,,,,,,1,0,1,1,1
051_large_clamp,s0_partial_only_051_large_clamp_t15,partial_only,4,0.967920,,,,,,,,,,,1,0,1,1,0
051_large_clamp,s0_partial_only_051_large_clamp_t16,partial_only,0,0.962773,,,,,,,,,,,1,0,1,1,1
051_large_clamp,s0_partial_only_051_large_clamp_t17,partial_only,18,0.942527,,,,,,,,,,,1,0,1,1,0
051_large_clamp,s0_partial_only_051_large_clamp_t18,partial_only,2,0.958620,,,,,,,,,,,1,0,1,1,0
051_large_clamp,s0_partial_only_051_large_clamp_t19,partial_only,0,0.961674,,,,,,,,,,,1,0,1,1,0
051_large_clamp,s0_partial_only_051_large_clamp_t20,partial_only,10,0.956835,,,,,,,,,,,1,0,1,1,1
051_large_clamp,s0_partial_only_051_large_clamp_t21,partial_only,4,0.981034,,,,,,,,,,,1,0,1,1,1
051_large_clamp,s0_partial_only_051_large_clamp_t22,partial_only,0,0.969410,,,,,,,,,,,1,0,1,1,1
051_large_clamp,s0_partial_only_051_large_clamp_t23,partial_only,8,0.967599,,,,,,,,,,,1,0,1,1,1
022_windex_bottle,s0_complete_only_022_windex_bottle_t0,complete_only,204,0.881615,0.037098,6.062429e-04,4.471800e-03,2305,0.024732,1.120539e-03,0.049463,3.981067e-05,1.673344e+00,1205,1,0,1,1,1
022_windex_bottle,s0_complete_only_022_windex_bottle_t1,complete_only,376,0.727052,0.039384,1.018273e-04,6.518278e-04,2617,0.026256,1.508195e-04,0.052512,1.455175e-04,2.248660e+00,635,1,0,1,1,0
022_windex_bottle,s0_complete_only_022_windex_bottle_t2,complete_only,0,0.931735,0.038777,7.636489e-05,4.734585e-04,2255,0.025851,1.373712e-04,0.051702,5.206080e-05,1.322222e+00,634,1,0,1,1,1
022_windex_bottle,s0_complete_only_022_windex_bottle_t3,complete_only,0,0.818274,0.001775,5.789690e-07,2.513026e-06,856,0.001183,5.113427e-07,0.002367,5.280672e-07,6.200301e-01,2208,0,0,1,1,
022_windex_bottle,s0_complete_only_022_windex_bottle_t4,complete_only,0,0.940370,0.045323,1.168656e-05,3.904886e-05,1204,0.030215,4.008203e-06,0.060430,2.332213e-05,0.000000e+00,37,1,0,1,1,0
022_windex_bottle,s0_complete_only_022_windex_bottle_t5,complete_only,398,0.851982,0.039753,7.243230e-05,5.738856e-04,2832,0.026502,2.340789e-04,0.053005,9.200842e-05,1.679134e+00,932,1,0,1,1,0
022_windex_bottle,s0_complete_only_022_windex_bottle_t6,complete_only,164,0.836605,0.043363,5.092440e-06,8.126018e-06,7567,0.028908,2.726106e-06,0.057817,1.064179e-05,2.938824e+00,1900,1,0,1,1,1
022_windex_bottle,s0_complete_only_022_windex_bottle_t7,complete_only,320,0.815252,0.038426,3.796991e-04,1.160486e-03,1167,0.025618,3.836903e-04,0.051235,3.615433e-04,1.948038e+00,192,1,0,1,1,0
022_windex_bottle,s0_complete_only_022_windex_bottle_t8,complete_only,2,0.951385,0.042229,3.969306e-05,2.234751e-04,1705,0.028153,4.332279e-05,0.056306,8.943360e-05,1.647263e+00,462,1,0,1,1,0
022_windex_bottle,s0_complete_only_022_windex_bottle_t9,complete_only,136,0.882496,0.040791,4.004799e-04,1.836117e-03,493,0.027194,2.567947e-04,0.054388,4.411833e-04,2.635214e-01,35,1,0,1,1,0
022_windex_bottle,s0_complete_only_022_windex_bottle_t10,complete_only,1,0.940669,0.044742,1.027692e-05,3.068148e-05,1297,0.029828,1.959844e-06,0.059656,4.552164e-05,2.802718e-02,143,1,0,1,1,0
022_windex_bottle,s0_complete_only_022_windex_bottle_t11,complete_only,2,0.940758,0.044370,7.423026e-06,4.899200e-05,1116,0.029580,2.743477e-06,0.059160,5.276397e-05,1.849973e-01,195,1,0,1,1,0
022_windex_bottle,s0_complete_only_022_windex_bottle_t12,complete_only,23,0.943448,0.041321,9.776178e-06,3.851591e-05,780,0.027547,3.435235e-06,0.055095,2.148281e-05,0.000000e+00,146,1,0,1,1,0
022_windex_bottle,s0_complete_only_022_windex_bottle_t13,complete_only,38,0.920239,0.037217,1.014977e-04,4.753510e-04,466,0.024811,7.492208e-05,0.049622,1.554190e-04,2.069986e-01,110,1,0,1,1,0
022_windex_bottle,s0_complete_only_022_windex_bottle_t14,complete_only,27,0.936976,0.044538,1.153528e-05,4.977277e-05,867,0.029692,4.344918e-06,0.059384,5.125173e-05,0.000000e+00,102,1,0,1,1,0
022_windex_bottle,s0_complete_only_022_windex_bottle_t15,complete_only,0,0.888932,0.036430,1.514404e-04,4.456805e-04,1095,0.024286,5.610287e-05,0.048573,1.620657e-04,1.896466e-01,218,1,0,1,1,0
022_windex_bottle,s0_complete_only_022_windex_bottle_t16,complete_only,161,0.898766,0.040770,6.154838e-04,3.191356e-03,400,0.027180,3.190882e-04,0.054360,6.288357e-04,2.303169e-01,105,1,0,1,1,0
022_windex_bottle,s0_complete_only_022_windex_bottle_t17,complete_only,3,0.923007,0.039930,3.255180e-06,6.967358e-06,4858,0.026620,1.943976e-06,0.053240,5.344589e-06,1.372935e-01,193,1,0,1,1,0
022_windex_bottle,s0_complete_only_022_windex_bottle_t18,complete_only,40,0.926830,0.042540,3.876620e-06,7.350236e-06,4075,0.028360,2.486538e-06,0.056720,7.454316e-06,2.313815e-01,218,1,0,1,1,0
022_windex_bottle,s0_complete_only_022_windex_bottle_t19,complete_only,129,0.882907,0.039308,1.357233e-03,5.585802e-03,359,0.026205,1.894340e-03,0.052411,1.813560e-03,2.536246e-01,10,1,0,1,1,0
022_windex_bottle,s0_complete_only_022_windex_bottle_t20,complete_only,9,0.885771,0.043048,6.756542e-06,1.556954e-05,7280,0.028699,3.686934e-06,0.057397,1.287208e-05,2.647859e+00,1751,1,0,1,1,0
022_windex_bottle,s0_complete_only_022_windex_bottle_t21,complete_only,0,0.939412,0.031731,1.093277e-04,8.912649e-04,1291,0.021154,4.449199e-05,0.042308,1.899995e-04,1.510618e+00,684,1,0,1,1,0
022_windex_bottle,s0_complete_only_022_windex_bottle_t22,complete_only,0,0.943144,0.044009,2.129581e-05,8.317946e-05,1043,0.029339,1.389112e-05,0.058678,4.987835e-05,1.529857e-01,199,1,0,1,1,0
022_windex_bottle,s0_complete_only_022_windex_bottle_t23,complete_only,38,0.893694,0.039372,1.490359e-04,6.463370e-04,1724,0.026248,2.134023e-04,0.052496,7.791908e-05,2.076674e-01,39,1,0,1,1,0
022_windex_bottle,s0_complete_only_022_windex_bottle_t24,complete_only,3,0.911467,0.032650,1.268682e-04,6.897112e-04,1322,0.021767,3.551201e-05,0.043533,2.452609e-04,1.747235e+00,774,1,0,1,1,1
006_mustard_bottle,s0_epi_max_006_mustard_bottle_t0,complete_epi,107,0.813472,0.032858,1.977381e-05,3.867440e-05,2063,0.021906,1.026517e-05,0.043811,2.441689e-05,8.010161e-01,584,1,0,1,1,1
006_mustard_bottle,s0_epi_max_006_mustard_bottle_t1,complete_epi,226,0.786238,0.031923,1.205931e-05,2.906708e-05,2113,0.021282,7.278164e-06,0.042564,1.932893e-05,7.180848e-01,651,1,0,1,1,1
006_mustard_bottle,s0_epi_max_006_mustard_bottle_t2,complete_epi,0,0.836149,0.031674,5.084260e-06,1.106381e-05,1211,0.021116,6.178401e-06,0.042232,4.312984e-06,1.569814e-01,220,1,0,1,1,1
006_mustard_bottle,s0_epi_max_006_mustard_bottle_t3,complete_epi,26,0.807594,0.032512,6.020312e-06,1.795309e-05,2109,0.021674,5.471762e-06,0.043349,6.426045e-06,8.721539e-01,557,1,0,1,1,1
006_mustard_bottle,s0_epi_max_006_mustard_bottle_t4,complete_epi,72,0.815314,0.031782,6.671358e-06,2.085509e-05,1769,0.021188,5.001556e-06,0.042375,8.244660e-06,5.106399e-01,506,1,0,1,1,1
006_mustard_bottle,s0_epi_max_006_mustard_bottle_t5,complete_epi,0,0.864089,0.032641,7.628135e-06,1.795114e-05,1756,0.021760,7.083534e-06,0.043521,8.781425e-06,1.213523e-01,307,1,0,1,1,1
006_mustard_bottle,s0_epi_max_006_mustard_bottle_t6,complete_epi,213,0.888271,0.029132,9.108042e-06,4.753114e-05,923,0.019421,6.282586e-06,0.038843,9.602399e-06,0.000000e+00,189,1,0,1,1,1
006_mustard_bottle,s0_epi_max_006_mustard_bottle_t7,complete_epi,8,0.962839,0.015117,8.545174e-07,1.076943e-06,492,0.010078,9.056476e-08,0.020155,2.608157e-06,8.175876e-02,496,1,0,1,1,0
006_mustard_bottle,s0_epi_max_006_mustard_bottle_t8,complete_epi,6,0.869165,0.031900,5.366255e-06,9.804734e-06,1826,0.021267,6.191038e-06,0.042534,4.622049e-06,5.454765e-01,410,1,0,1,1,1
006_mustard_bottle,s0_epi_max_006_mustard_bottle_t9,complete_epi,101,0.977241,0.015328,3.452523e-04,1.554333e-03,1346,0.010218,2.090640e-04,0.020437,2.537674e-04,5.890179e+00,1726,1,0,1,1,0
006_mustard_bottle,s0_epi_max_006_mustard_bottle_t10,complete_epi,0,0.876210,0.032632,1.180966e-05,2.601319e-05,1516,0.021754,1.227968e-05,0.043509,1.076615e-05,6.981412e-01,356,1,0,1,1,1
006_mustard_bottle,s0_epi_max_006_mustard_bottle_t11,complete_epi,0,0.866093,0.031770,1.011151e-05,2.628998e-05,1356,0.021180,1.017945e-05,0.042360,9.421713e-06,2.845388e-01,312,1,0,1,1,1
006_mustard_bottle,s0_epi_max_006_mustard_bottle_t12,complete_epi,258,0.798693,0.031872,3.742783e-05,1.501075e-04,1849,0.021248,2.266859e-05,0.042496,5.124044e-05,1.130678e+00,699,1,0,1,1,1
006_mustard_bottle,s0_epi_max_006_mustard_bottle_t13,complete_epi,216,0.745141,0.033595,1.324979e-05,3.876329e-05,2232,0.022397,1.186765e-05,0.044793,1.693339e-05,5.890826e-01,454,1,0,1,1,1
006_mustard_bottle,s0_epi_max_006_mustard_bottle_t15,complete_epi,1,0.899321,0.031929,6.479340e-06,1.690921e-05,1712,0.021286,7.161509e-06,0.042572,5.797694e-06,8.054242e-01,515,1,0,1,1,0
006_mustard_bottle,s0_epi_max_006_mustard_bottle_t16,complete_epi,355,0.760435,0.032009,1.612522e-05,4.700840e-05,1749,0.021339,9.464564e-06,0.042678,2.226217e-05,8.642066e-01,677,1,0,1,1,1
006_mustard_bottle,s0_epi_max_006_mustard_bottle_t17,complete_epi,13,0.916540,0.030198,5.383230e-06,1.461716e-05,1482,0.020132,4.487544e-06,0.040264,6.242576e-06,5.736601e-01,395,1,0,1,1,0
006_mustard_bottle,s0_epi_max_006_mustard_bottle_t18,complete_epi,19,0.848206,0.031425,5.009682e-06,1.632505e-05,2029,0.020950,3.454684e-06,0.041900,6.399418e-06,4.567389e-01,479,1,0,1,1,0
006_mustard_bottle,s0_epi_max_006_mustard_bottle_t19,complete_epi,140,0.801962,0.032732,3.269179e-05,1.144883e-04,2139,0.021821,1.576238e-05,0.043642,4.029015e-05,1.252901e+00,905,1,0,1,1,1
006_mustard_bottle,s0_epi_max_006_mustard_bottle_t20,complete_epi,280,0.801846,0.032656,1.975810e-05,4.984296e-05,1951,0.021770,1.226556e-05,0.043541,2.824756e-05,7.599476e-01,578,1,0,1,1,1
006_mustard_bottle,s0_epi_max_006_mustard_bottle_t21,complete_epi,2,0.947433,0.029953,3.774878e-06,1.275281e-05,1752,0.019969,3.064040e-06,0.039937,4.979494e-06,2.506212e-01,507,1,0,1,1,1
006_mustard_bottle,s0_epi_max_006_mustard_bottle_t22,complete_epi,198,0.830777,0.032053,1.343312e-05,4.759161e-05,1726,0.021369,1.330356e-05,0.042737,1.304667e-05,9.052889e-01,498,1,0,1,1,1
006_mustard_bottle,s0_epi_max_006_mustard_bottle_t23,complete_epi,44,0.784726,0.032782,9.896980e-06,2.434729e-05,1632,0.021855,9.455852e-06,0.043709,9.764383e-06,3.244059e-01,326,1,0,1,1,1
006_mustard_bottle,s0_epi_max_006_mustard_bottle_t24,complete_epi,10,0.946335,0.029902,4.306058e-06,1.608100e-05,1818,0.019935,3.214084e-06,0.039870,5.986603e-06,8.712711e-01,852,1,0,1,1,1
011_banana,s0_epi_max_011_banana_t0,complete_epi,948,0.863474,0.032608,2.570596e-04,1.306781e-03,1931,0.021739,7.750515e-04,0.043477,2.118911e-04,1.731894e+00,569,1,0,1,1,0
011_banana,s0_epi_max_011_banana_t1,complete_epi,1704,0.458730,0.031968,2.696270e-04,2.256814e-03,1525,0.021312,2.305029e-03,0.042624,2.466074e-04,1.217792e+00,524,1,0,1,1,1
011_banana,s0_epi_max_011_banana_t2,complete_epi,1134,0.761549,0.030926,6.143941e-05,7.373836e-05,2727,0.020617,4.921188e-05,0.041234,7.397728e-05,7.837368e-01,768,1,0,1,1,0
011_banana,s0_epi_max_011_banana_t3,complete_epi,1442,0.710777,0.032959,2.411351e-05,7.513985e-05,3315,0.021973,1.565158e-05,0.043946,3.363568e-05,5.448762e-01,366,1,0,1,1,0
011_banana,s0_epi_max_011_banana_t4,complete_epi,1351,0.677182,0.030883,9.040384e-05,5.895869e-04,1389,0.020589,4.415165e-04,0.041177,5.439882e-05,3.304658e-01,387,1,0,1,1,0
011_banana,s0_epi_max_011_banana_t5,complete_epi,1018,0.779927,0.032097,7.560169e-05,2.676010e-04,1826,0.021398,1.599672e-04,0.042796,5.755940e-05,9.243938e-01,710,1,0,1,1,0
011_banana,s0_epi_max_011_banana_t6,complete_epi,1622,0.487620,0.031644,3.410944e-04,2.144906e-03,1719,0.021096,1.373896e-03,0.042192,2.670473e-04,2.268889e+00,589,1,0,1,1,1
011_banana,s0_epi_max_011_banana_t7,complete_epi,1050,0.750243,0.031269,8.517325e-05,3.014789e-04,2148,0.020846,9.597241e-05,0.041692,6.381488e-05,1.868323e+00,1141,1,0,1,1,1
011_banana,s0_epi_max_011_banana_t8,complete_epi,1836,0.335232,0.031489,3.434732e-05,1.554326e-04,2144,0.020993,3.501647e-05,0.041985,3.441570e-05,9.144449e-01,593,1,0,1,1,0
011_banana,s0_epi_max_011_banana_t9,complete_epi,700,0.845039,0.031018,1.125982e-04,1.921050e-04,3276,0.020679,7.988858e-05,0.041358,2.454769e-04,6.825918e-01,393,1,0,1,1,0
011_banana,s0_epi_max_011_banana_t10,complete_epi,1590,0.496562,0.030636,4.832293e-05,3.353011e-04,1872,0.020424,4.676444e-05,0.040848,5.697878e-05,1.130432e+00,492,1,0,1,1,1
011_banana,s0_epi_max_011_banana_t11,complete_epi,1539,0.560684,0.030691,7.410904e-05,3.425467e-04,2364,0.020460,8.381050e-05,0.040921,7.159916e-05,1.095542e+00,521,1,0,1,1,0
011_banana,s0_epi_max_011_banana_t12,complete_epi,1902,0.138855,0.031043,4.545125e-04,2.504015e-03,1845,0.020695,8.984070e-04,0.041391,3.108706e-04,2.889297e+00,900,1,0,1,1,0
011_banana,s0_epi_max_011_banana_t13,complete_epi,1095,0.801435,0.032365,8.671642e-05,3.564167e-04,1980,0.021577,1.157392e-04,0.043153,8.891787e-05,1.254417e+00,478,1,0,1,1,1
011_banana,s0_epi_max_011_banana_t14,complete_epi,1675,0.442506,0.032022,1.575790e-04,9.085280e-04,2010,0.021348,5.757221e-04,0.042697,1.066502e-04,8.073996e-01,442,1,0,1,1,1
011_banana,s0_epi_max_011_banana_t15,complete_epi,1002,0.733531,0.032870,2.419456e-05,3.865649e-05,1707,0.021914,1.504122e-05,0.043827,3.861927e-05,7.918519e-03,170,1,0,1,1,0
011_banana,s0_epi_max_011_banana_t16,complete_epi,1738,0.370844,0.031066,6.958586e-04,2.749544e-03,1481,0.020710,1.634838e-03,0.041421,4.292073e-04,3.473987e+00,651,1,0,1,1,0
011_banana,s0_epi_max_011_banana_t17,complete_epi,1587,0.582343,0.031965,2.365421e-05,4.658756e-05,1936,0.021310,5.424857e-05,0.042620,2.640540e-05,7.111516e-01,700,1,0,1,1,0
011_banana,s0_epi_max_011_banana_t18,complete_epi,1457,0.654417,0.031366,2.469540e-05,7.969015e-05,1615,0.020911,4.867339e-05,0.041822,2.424597e-05,3.441223e-01,405,1,0,1,1,0
011_banana,s0_epi_max_011_banana_t19,complete_epi,1781,0.340446,0.032113,3.273814e-04,2.007488e-03,2088,0.021409,4.336109e-04,0.042817,2.827356e-04,1.765403e+00,605,1,0,1,1,1
011_banana,s0_epi_max_011_banana_t20,complete_epi,1665,0.490772,0.031437,4.373578e-04,2.728783e-03,1514,0.020958,8.824409e-04,0.041916,3.284839e-04,2.830958e+00,800,1,0,1,1,0
011_banana,s0_epi_max_011_banana_t21,complete_epi,781,0.853187,0.032277,1.303650e-05,5.536793e-05,2330,0.021518,5.616673e-06,0.043036,1.283495e-05,4.783389e-01,559,1,0,1,1,1
011_banana,s0_epi_max_011_banana_t22,complete_epi,1917,0.167475,0.030839,1.536881e-04,8.416827e-04,1897,0.020560,1.304441e-04,0.041119,1.391068e-04,1.047968e+00,963,1,0,1,1,0
011_banana,s0_epi_max_011_banana_t23,complete_epi,902,0.830190,0.031501,9.743442e-05,2.160651e-04,1680,0.021001,9.109863e-05,0.042001,6.972176e-05,7.253432e-01,425,1,0,1,1,0
011_banana,s0_epi_max_011_banana_t24,complete_epi,765,0.848692,0.031960,1.586594e-05,9.168527e-05,2030,0.021307,4.029970e-05,0.042613,1.611044e-05,4.910427e-01,425,1,0,1,1,0
025_mug,s0_epi_mean_025_mug_t0,complete_epi,24,0.940353,0.020684,2.245071e-05,9.872421e-05,294,0.013789,8.031522e-05,0.027579,8.893354e-06,4.450053e-01,237,1,0,1,1,1
025_mug,s0_epi_mean_025_mug_t1,complete_epi,84,0.925325,0.021063,1.079722e-06,2.188731e-06,694,0.014042,1.205504e-06,0.028083,1.238328e-06,1.588357e-01,202,1,0,1,1,1
025_mug,s0_epi_mean_025_mug_t2,complete_epi,24,0.804139,0.028051,2.129004e-06,3.467556e-06,1007,0.018701,2.363967e-06,0.037401,2.047295e-06,2.678009e-01,190,1,0,1,1,1
025_mug,s0_epi_mean_025_mug_t4,complete_epi,33,0.936138,0.020172,1.114238e-06,2.009434e-06,830,0.013448,1.206396e-06,0.026896,1.172615e-06,3.246139e-01,349,1,0,1,1,0
025_mug,s0_epi_mean_025_mug_t5,complete_epi,29,0.895107,0.020153,2.278667e-06,5.045837e-06,836,0.013436,2.515905e-06,0.026871,2.491773e-06,2.779067e-01,192,1,0,1,1,1
025_mug,s0_epi_mean_025_mug_t6,complete_epi,24,0.932775,0.020838,1.430005e-06,2.594697e-06,806,0.013892,1.625965e-06,0.027784,1.521414e-06,1.534742e-01,179,1,0,1,1,0
025_mug,s0_epi_mean_025_mug_t7,complete_epi,269,0.771675,0.020495,1.491286e-05,8.205710e-05,102,0.013663,4.639202e-05,0.027326,2.068877e-05,3.689208e-02,38,1,0,1,1,1
025_mug,s0_epi_mean_025_mug_t8,complete_epi,36,0.916079,0.020354,3.537707e-06,8.408554e-06,934,0.013570,1.872705e-05,0.027139,4.255707e-06,5.722262e-01,340,1,0,1,1,1
025_mug,s0_epi_mean_025_mug_t9,complete_epi,113,0.913554,0.020846,1.011691e-05,3.714088e-05,580,0.013898,1.469002e-05,0.027795,1.347938e-05,5.867428e-01,230,1,0,1,1,1
025_mug,s0_epi_mean_025_mug_t10,complete_epi,58,0.903865,0.019784,2.662442e-06,9.866983e-06,715,0.013189,2.964392e-06,0.026378,3.600284e-06,1.855695e-01,159,1,0,1,1,1
025_mug,s0_epi_mean_025_mug_t11,complete_epi,116,0.901771,0.019763,2.166653e-06,4.974623e-06,701,0.013175,2.075371e-06,0.026350,2.451574e-06,3.281399e-01,241,1,0,1,1,1
025_mug,s0_epi_mean_025_mug_t12,complete_epi,361,0.751238,0.019609,1.264761e-06,3.435958e-06,513,0.013073,1.409333e-06,0.026146,1.440869e-06,9.639525e-02,164,1,0,1,1,0
025_mug,s0_epi_mean_025_mug_t13,complete_epi,7,0.938624,0.020840,2.391621e-06,6.427173e-06,858,0.013893,2.755328e-06,0.027786,3.383619e-06,2.732568e-01,214,1,0,1,1,1
025_mug,s0_epi_mean_025_mug_t14,complete_epi,186,0.854073,0.019970,1.360481e-06,2.596904e-06,512,0.013313,1.599255e-06,0.026626,1.828807e-06,1.972863e-01,204,1,0,1,1,1
025_mug,s0_epi_mean_025_mug_t15,complete_epi,86,0.915308,0.023950,4.043650e-06,2.221760e-05,545,0.015967,6.814450e-06,0.031933,6.009716e-06,1.764792e-01,115,1,0,1,1,0
025_mug,s0_epi_mean_025_mug_t16,complete_epi,83,0.915554,0.020757,1.393993e-06,2.326034e-06,969,0.013838,1.700344e-06,0.027676,1.524023e-06,3.967220e-01,402,1,0,1,1,0
025_mug,s0_epi_mean_025_mug_t17,complete_epi,105,0.929166,0.023180,1.870820e-05,8.763725e-05,612,0.015453,1.332847e-05,0.030907,2.253361e-05,4.439111e-01,152,1,0,1,1,1
025_mug,s0_epi_mean_025_mug_t18,complete_epi,12,0.942887,0.021028,1.810625e-05,7.717986e-05,478,0.014019,1.873264e-05,0.028037,2.106857e-05,4.960576e-01,161,1,0,1,1,1
025_mug,s0_epi_mean_025_mug_t19,complete_epi,108,0.918463,0.020194,1.095382e-05,3.974406e-05,458,0.013463,1.073554e-05,0.026925,1.287438e-05,5.210669e-01,151,1,0,1,1,1
025_mug,s0_epi_mean_025_mug_t21,complete_epi,357,0.669181,0.020287,1.038719e-06,4.195813e-06,567,0.013525,1.978585e-06,0.027050,5.346878e-06,1.137900e-01,171,1,0,1,1,0
025_mug,s0_epi_mean_025_mug_t22,complete_epi,143,0.891406,0.019596,1.150003e-06,2.331955e-06,1011,0.013064,1.139561e-06,0.026128,1.172411e-06,1.687826e-01,238,1,0,1,1,1
025_mug,s0_epi_mean_025_mug_t23,complete_epi,133,0.867232,0.020092,5.222860e-07,1.865748e-06,334,0.013394,1.042185e-06,0.026789,1.076018e-06,1.274683e-01,209,1,0,1,1,1
025_mug,s0_epi_mean_025_mug_t24,complete_epi,466,0.689260,0.020237,1.299597e-05,6.658941e-05,443,0.013491,4.102418e-05,0.026982,1.660863e-05,2.158719e-01,141,1,0,1,1,1
051_large_clamp,s0_epi_mean_051_large_clamp_t0,complete_epi,20,0.944095,0.031974,7.953636e-06,0.000000e+00,732,0.021316,1.305447e-05,0.042632,1.934338e-05,0.000000e+00,154,1,0,1,1,1
051_large_clamp,s0_epi_mean_051_large_clamp_t2,complete_epi,65,0.964107,0.032697,8.131492e-06,2.152336e-05,1292,0.021798,7.114326e-06,0.043597,1.904078e-05,5.450711e-02,188,1,0,1,1,0
051_large_clamp,s0_epi_mean_051_large_clamp_t3,complete_epi,3,0.953312,0.032340,3.080815e-07,3.819895e-06,751,0.021560,0.000000e+00,0.043120,1.181828e-06,0.000000e+00,129,1,0,1,1,1
051_large_clamp,s0_epi_mean_051_large_clamp_t4,complete_epi,0,0.959546,0.029966,9.907539e-07,4.696349e-06,940,0.019977,1.549541e-06,0.039955,8.208881e-07,0.000000e+00,155,1,0,1,1,1
051_large_clamp,s0_epi_mean_051_large_clamp_t5,complete_epi,4,0.970585,0.032217,7.227451e-06,3.493754e-05,1307,0.021478,5.035296e-06,0.042956,1.800473e-05,1.764629e-01,250,1,0,1,1,1
051_large_clamp,s0_epi_mean_051_large_clamp_t6,complete_epi,16,0.951838,0.032271,0.000000e+00,0.000000e+00,696,0.021514,0.000000e+00,0.043029,0.000000e+00,0.000000e+00,165,1,0,1,1,0
051_large_clamp,s0_epi_mean_051_large_clamp_t7,complete_epi,0,0.961870,0.026171,7.859757e-07,2.078654e-06,1548,0.017448,4.036655e-07,0.034895,2.694997e-06,1.372860e-01,347,1,0,1,1,0
051_large_clamp,s0_epi_mean_051_large_clamp_t8,complete_epi,119,0.931198,0.031387,2.915878e-07,2.124067e-06,699,0.020925,0.000000e+00,0.041849,1.971129e-06,0.000000e+00,138,1,0,1,1,0
051_large_clamp,s0_epi_mean_051_large_clamp_t9,complete_epi,24,0.948775,0.032210,1.121600e-05,9.071796e-05,820,0.021473,2.073147e-05,0.042946,2.096664e-05,1.450525e-02,146,1,0,1,1,1
051_large_clamp,s0_epi_mean_051_large_clamp_t10,complete_epi,0,0.962859,0.029343,4.472022e-07,3.798034e-06,732,0.019562,9.939609e-07,0.039124,1.192232e-06,0.000000e+00,146,1,0,1,1,0
051_large_clamp,s0_epi_mean_051_large_clamp_t11,complete_epi,5,0.957738,0.029522,4.601862e-07,3.028568e-06,843,0.019681,7.749557e-07,0.039362,9.273693e-07,1.113496e-01,225,1,0,1,1,1
051_large_clamp,s0_epi_mean_051_large_clamp_t12,complete_epi,35,0.947102,0.031460,2.382072e-05,1.334106e-04,1773,0.020973,9.119694e-05,0.041947,4.763143e-05,8.906141e-01,455,1,0,1,1,1
051_large_clamp,s0_epi_mean_051_large_clamp_t13,complete_epi,13,0.940631,0.036952,7.089812e-06,6.975889e-06,1019,0.024634,1.791631e-07,0.049269,2.613135e-05,0.000000e+00,150,1,0,1,1,1
051_large_clamp,s0_epi_mean_051_large_clamp_t14,complete_epi,0,0.965269,0.029563,1.063736e-06,2.997505e-06,1330,0.019709,7.498420e-07,0.039417,9.746905e-07,0.000000e+00,165,1,0,1,1,0
051_large_clamp,s0_epi_mean_051_large_clamp_t15,complete_epi,5,0.955546,0.031340,5.606178e-06,3.097736e-05,1379,0.020893,1.077395e-05,0.041787,1.411125e-05,1.120211e-01,167,1,0,1,1,1
051_large_clamp,s0_epi_mean_051_large_clamp_t16,complete_epi,14,0.958771,0.031760,0.000000e+00,0.000000e+00,737,0.021174,0.000000e+00,0.042347,7.773334e-07,0.000000e+00,152,1,0,1,1,1
051_large_clamp,s0_epi_mean_051_large_clamp_t17,complete_epi,14,0.957179,0.030460,0.000000e+00,0.000000e+00,1051,0.020307,0.000000e+00,0.040613,5.466195e-07,0.000000e+00,226,1,0,1,1,1
051_large_clamp,s0_epi_mean_051_large_clamp_t18,complete_epi,0,0.963967,0.029840,0.000000e+00,0.000000e+00,791,0.019893,0.000000e+00,0.039787,2.201407e-07,0.000000e+00,177,1,0,1,1,1
051_large_clamp,s0_epi_mean_051_large_clamp_t19,complete_epi,4,0.953654,0.031923,7.164126e-08,0.000000e+00,740,0.021282,0.000000e+00,0.042564,1.286235e-06,0.000000e+00,181,1,0,1,1,0
051_large_clamp,s0_epi_mean_051_large_clamp_t20,complete_epi,19,0.953338,0.032643,2.303062e-05,3.241763e-04,973,0.021762,7.450168e-05,0.043524,3.185090e-05,7.738573e-02,164,1,0,1,1,1
051_large_clamp,s0_epi_mean_051_large_clamp_t21,complete_epi,10,0.970529,0.029312,2.501951e-06,1.860253e-05,1321,0.019542,3.935981e-06,0.039083,4.091701e-06,1.226138e-01,285,1,0,1,1,0
051_large_clamp,s0_epi_mean_051_large_clamp_t22,complete_epi,85,0.939998,0.030882,0.000000e+00,0.000000e+00,629,0.020588,0.000000e+00,0.041176,0.000000e+00,0.000000e+00,160,1,0,1,1,0
051_large_clamp,s0_epi_mean_051_large_clamp_t23,complete_epi,6,0.969542,0.032391,5.357404e-07,3.747164e-06,952,0.021594,0.000000e+00,0.043188,2.061417e-06,0.000000e+00,205,1,0,1,1,1
051_large_clamp,s0_epi_mean_051_large_clamp_t24,complete_epi,9,0.980530,0.027996,8.100840e-07,5.330688e-06,975,0.018664,1.723827e-06,0.037328,2.047367e-06,1.209250e-01,272,1,0,1,1,1
022_windex_bottle,s0_hetero_patch_022_windex_bottle_t0,hetero_patch,213,0.871819,0.037098,3.981907e-06,5.809248e-06,4258,0.024732,4.885937e-06,0.049463,6.014247e-06,1.709471e+00,1196,1,0,1,1,1
022_windex_bottle,s0_hetero_patch_022_windex_bottle_t1,hetero_patch,829,0.693832,0.038847,1.846545e-05,6.974849e-05,2769,0.025898,3.826057e-05,0.051795,1.653733e-05,1.569348e-02,26,1,0,1,1,0
022_windex_bottle,s0_hetero_patch_022_windex_bottle_t2,hetero_patch,2,0.935349,0.038741,7.666222e-06,2.668534e-05,3161,0.025827,9.795682e-06,0.051654,1.066385e-05,1.537653e+00,770,1,0,1,1,0
022_windex_bottle,s0_hetero_patch_022_windex_bottle_t3,hetero_patch,23,0.942063,0.028543,2.141430e-06,3.774420e-06,1322,0.019029,1.369613e-06,0.038057,2.352300e-06,7.032131e-01,589,1,0,1,1,0
022_windex_bottle,s0_hetero_patch_022_windex_bottle_t4,hetero_patch,22,0.923715,0.045303,1.017261e-05,3.664141e-05,1180,0.030202,3.930539e-06,0.060404,1.638753e-05,0.000000e+00,51,1,0,1,1,0
022_windex_bottle,s0_hetero_patch_022_windex_bottle_t5,hetero_patch,457,0.846121,0.039732,8.617933e-06,2.829254e-05,3614,0.026488,9.325975e-06,0.052976,1.546390e-05,1.582689e+00,867,1,0,1,1,0
022_windex_bottle,s0_hetero_patch_022_windex_bottle_t6,hetero_patch,361,0.863932,0.043355,5.429772e-06,1.434261e-05,6412,0.028903,4.456069e-06,0.057807,7.239100e-06,1.622928e+00,860,1,0,1,1,0
022_windex_bottle,s0_hetero_patch_022_windex_bottle_t7,hetero_patch,448,0.793707,0.038608,2.958692e-05,9.163226e-05,1857,0.025739,2.790199e-05,0.051478,2.932526e-05,6.188677e-01,180,1,0,1,1,0
022_windex_bottle,s0_hetero_patch_022_windex_bottle_t8,hetero_patch,0,0.964274,0.042220,1.314496e-05,3.764413e-05,1699,0.028147,1.427399e-05,0.056294,2.028499e-05,5.831982e-01,305,1,0,1,1,0
022_windex_bottle,s0_hetero_patch_022_windex_bottle_t9,hetero_patch,384,0.821933,0.040800,7.925658e-06,2.040931e-05,4110,0.027200,8.117035e-06,0.054401,9.168045e-06,2.371974e-01,117,1,0,1,1,0
022_windex_bottle,s0_hetero_patch_022_windex_bottle_t10,hetero_patch,0,0.951300,0.044433,4.505173e-06,7.949279e-06,1065,0.029622,4.137835e-06,0.059244,1.377295e-05,0.000000e+00,92,1,0,1,1,0
022_windex_bottle,s0_hetero_patch_022_windex_bottle_t11,hetero_patch,0,0.942465,0.044361,4.709013e-06,8.345978e-06,1093,0.029574,3.750147e-06,0.059149,1.522186e-05,5.205442e-01,284,1,0,1,1,0
022_windex_bottle,s0_hetero_patch_022_windex_bottle_t12,hetero_patch,35,0.945033,0.041297,8.537880e-06,3.219776e-05,773,0.027532,1.798100e-06,0.055063,1.508713e-05,6.065831e-03,128,1,0,1,1,0
022_windex_bottle,s0_hetero_patch_022_windex_bottle_t13,hetero_patch,146,0.868453,0.037085,3.714823e-06,1.078791e-05,4923,0.024723,3.856769e-06,0.049447,4.419906e-06,1.320469e+00,784,1,0,1,1,0
022_windex_bottle,s0_hetero_patch_022_windex_bottle_t14,hetero_patch,3,0.945389,0.044538,7.485165e-06,3.285983e-05,875,0.029692,5.669724e-06,0.059384,2.497001e-05,0.000000e+00,99,1,0,1,1,0
022_windex_bottle,s0_hetero_patch_022_windex_bottle_t15,hetero_patch,232,0.884680,0.030262,5.579310e-06,8.950217e-06,1372,0.020175,4.558037e-06,0.040350,7.037509e-06,9.415518e-03,180,1,0,1,1,0
022_windex_bottle,s0_hetero_patch_022_windex_bottle_t16,hetero_patch,126,0.918001,0.040757,4.710944e-06,1.842093e-05,5987,0.027171,3.356497e-06,0.054343,6.152597e-06,1.281311e+00,742,1,0,1,1,1
022_windex_bottle,s0_hetero_patch_022_windex_bottle_t17,hetero_patch,0,0.933955,0.039780,5.722579e-06,1.012275e-05,4688,0.026520,5.894180e-06,0.053040,7.110112e-06,5.795401e-01,374,1,0,1,1,0
022_windex_bottle,s0_hetero_patch_022_windex_bottle_t18,hetero_patch,43,0.936945,0.042544,5.607953e-06,1.361394e-05,4443,0.028362,4.007765e-06,0.056725,7.399620e-06,8.729568e-01,488,1,0,1,1,0
022_windex_bottle,s0_hetero_patch_022_windex_bottle_t19,hetero_patch,666,0.739602,0.039307,3.466506e-05,1.150986e-04,2499,0.026204,5.846294e-05,0.052409,3.499557e-05,7.232443e-02,79,1,0,1,1,0
022_windex_bottle,s0_hetero_patch_022_windex_bottle_t20,hetero_patch,187,0.853729,0.042965,4.886283e-06,1.297449e-05,7403,0.028643,3.202182e-06,0.057287,6.472489e-06,2.220057e+00,1461,1,0,1,1,1
022_windex_bottle,s0_hetero_patch_022_windex_bottle_t21,hetero_patch,3,0.906508,0.031739,1.448757e-05,6.137323e-05,1268,0.021159,9.180926e-06,0.042319,1.947875e-05,9.659088e-01,521,1,0,1,1,0
022_windex_bottle,s0_hetero_patch_022_windex_bottle_t22,hetero_patch,0,0.944941,0.044031,1.387605e-05,4.256457e-05,1065,0.029354,1.624018e-05,0.058708,2.102607e-05,2.420411e-01,197,1,0,1,1,0
022_windex_bottle,s0_hetero_patch_022_windex_bottle_t23,hetero_patch,77,0.879241,0.039372,1.394997e-05,6.109590e-05,2634,0.026248,2.385972e-05,0.052496,1.724028e-05,6.805942e-01,374,1,0,1,1,0
022_windex_bottle,s0_hetero_patch_022_windex_bottle_t24,hetero_patch,6,0.914355,0.032888,1.603170e-05,7.632794e-05,1819,0.021925,9.135162e-06,0.043850,2.659164e-05,1.467878e+00,769,1,0,1,1,1
006_mustard_bottle,s0_duarte_mcd_006_mustard_bottle_t0,duarte_mcd,13,0.852752,,,,,,,,,3.090551e-01,404,1,0,1,1,0
006_mustard_bottle,s0_duarte_mcd_006_mustard_bottle_t1,duarte_mcd,4,0.868971,,,,,,,,,1.043583e-01,439,1,0,1,1,1
006_mustard_bottle,s0_duarte_mcd_006_mustard_bottle_t2,duarte_mcd,268,0.852548,,,,,,,,,4.469037e-02,204,1,0,1,1,1
006_mustard_bottle,s0_duarte_mcd_006_mustard_bottle_t3,duarte_mcd,2,0.851947,,,,,,,,,2.737649e-01,359,1,0,1,1,1
006_mustard_bottle,s0_duarte_mcd_006_mustard_bottle_t4,duarte_mcd,0,0.937192,,,,,,,,,3.056693e-01,377,1,0,1,1,1
006_mustard_bottle,s0_duarte_mcd_006_mustard_bottle_t6,duarte_mcd,392,0.793758,,,,,,,,,4.899085e-01,530,1,0,1,1,1
006_mustard_bottle,s0_duarte_mcd_006_mustard_bottle_t8,duarte_mcd,5,0.887333,,,,,,,,,5.771991e-01,547,1,0,1,1,1
006_mustard_bottle,s0_duarte_mcd_006_mustard_bottle_t9,duarte_mcd,917,0.401528,,,,,,,,,5.651354e-01,256,1,0,1,1,0
006_mustard_bottle,s0_duarte_mcd_006_mustard_bottle_t10,duarte_mcd,119,0.908747,,,,,,,,,1.331619e-01,285,1,0,1,1,1
006_mustard_bottle,s0_duarte_mcd_006_mustard_bottle_t11,duarte_mcd,100,0.908808,,,,,,,,,2.462259e-01,296,1,0,1,1,1
006_mustard_bottle,s0_duarte_mcd_006_mustard_bottle_t12,duarte_mcd,494,0.812698,,,,,,,,,4.867191e-01,587,1,0,1,1,1
006_mustard_bottle,s0_duarte_mcd_006_mustard_bottle_t13,duarte_mcd,1,0.893235,,,,,,,,,4.788159e-01,359,1,0,1,1,1
006_mustard_bottle,s0_duarte_mcd_006_mustard_bottle_t14,duarte_mcd,154,0.907875,,,,,,,,,5.070296e-01,319,1,0,1,1,1
006_mustard_bottle,s0_duarte_mcd_006_mustard_bottle_t15,duarte_mcd,8,0.927997,,,,,,,,,1.406345e-01,78,1,0,1,1,0
006_mustard_bottle,s0_duarte_mcd_006_mustard_bottle_t16,duarte_mcd,207,0.850268,,,,,,,,,4.167814e-01,516,1,0,1,1,1
006_mustard_bottle,s0_duarte_mcd_006_mustard_bottle_t17,duarte_mcd,789,0.732379,,,,,,,,,1.298103e-01,204,1,0,1,1,0
006_mustard_bottle,s0_duarte_mcd_006_mustard_bottle_t18,duarte_mcd,251,0.885622,,,,,,,,,2.139745e-01,212,1,0,1,1,1
006_mustard_bottle,s0_duarte_mcd_006_mustard_bottle_t20,duarte_mcd,203,0.844662,,,,,,,,,5.364306e-01,645,1,0,1,1,1
006_mustard_bottle,s0_duarte_mcd_006_mustard_bottle_t21,duarte_mcd,291,0.953925,,,,,,,,,3.089436e-01,570,1,0,1,1,1
006_mustard_bottle,s0_duarte_mcd_006_mustard_bottle_t22,duarte_mcd,420,0.793517,,,,,,,,,1.709214e-01,51,1,0,1,1,0
006_mustard_bottle,s0_duarte_mcd_006_mustard_bottle_t23,duarte_mcd,99,0.881377,,,,,,,,,2.817317e-01,254,1,0,1,1,1
011_banana,s0_duarte_mcd_011_banana_t0,duarte_mcd,1143,0.823350,,,,,,,,,9.224412e-02,267,1,0,1,1,0
011_banana,s0_duarte_mcd_011_banana_t1,duarte_mcd,1772,0.339258,,,,,,,,,1.111717e+00,969,1,0,1,1,1
011_banana,s0_duarte_mcd_011_banana_t2,duarte_mcd,1601,0.485381,,,,,,,,,2.422758e-01,319,1,0,1,1,0
011_banana,s0_duarte_mcd_011_banana_t3,duarte_mcd,1601,0.572412,,,,,,,,,8.479544e-01,856,1,0,1,1,1
011_banana,s0_duarte_mcd_011_banana_t4,duarte_mcd,1644,0.454926,,,,,,,,,1.105601e-02,192,1,0,1,1,0
011_banana,s0_duarte_mcd_011_banana_t5,duarte_mcd,958,0.853356,,,,,,,,,2.767556e-01,489,1,0,1,1,0
011_banana,s0_duarte_mcd_011_banana_t6,duarte_mcd,1433,0.659282,,,,,,,,,1.436592e-01,333,1,0,1,1,0
011_banana,s0_duarte_mcd_011_banana_t7,duarte_mcd,172,0.927745,,,,,,,,,5.866780e-01,755,1,0,1,1,1
011_banana,s0_duarte_mcd_011_banana_t8,duarte_mcd,1510,0.640199,,,,,,,,,1.130452e-01,242,1,0,1,1,1
011_banana,s0_duarte_mcd_011_banana_t9,duarte_mcd,1221,0.725872,,,,,,,,,1.177946e+00,835,1,0,1,1,1
011_banana,s0_duarte_mcd_011_banana_t10,duarte_mcd,1817,0.205589,,,,,,,,,1.509302e-01,300,1,0,1,1,0
011_banana,s0_duarte_mcd_011_banana_t11,duarte_mcd,1848,0.168533,,,,,,,,,1.610381e-02,110,1,0,1,1,0
011_banana,s0_duarte_mcd_011_banana_t12,duarte_mcd,1650,0.566357,,,,,,,,,2.967406e-01,455,1,0,1,1,0
011_banana,s0_duarte_mcd_011_banana_t13,duarte_mcd,1578,0.606601,,,,,,,,,2.585203e-01,341,1,0,1,1,0
011_banana,s0_duarte_mcd_011_banana_t14,duarte_mcd,1424,0.548660,,,,,,,,,9.188322e-03,111,1,0,1,1,0
011_banana,s0_duarte_mcd_011_banana_t15,duarte_mcd,1229,0.671518,,,,,,,,,1.742685e-01,254,1,0,1,1,0
011_banana,s0_duarte_mcd_011_banana_t16,duarte_mcd,1720,0.386707,,,,,,,,,6.475551e-02,235,1,0,1,1,0
011_banana,s0_duarte_mcd_011_banana_t17,duarte_mcd,394,0.884573,,,,,,,,,2.069164e-02,239,1,0,1,1,0
011_banana,s0_duarte_mcd_011_banana_t18,duarte_mcd,1337,0.723745,,,,,,,,,1.979772e-01,280,1,0,1,1,0
011_banana,s0_duarte_mcd_011_banana_t19,duarte_mcd,1567,0.464697,,,,,,,,,5.338796e-02,99,1,0,1,1,0
011_banana,s0_duarte_mcd_011_banana_t20,duarte_mcd,1728,0.394319,,,,,,,,,1.786037e-01,337,1,0,1,1,1
011_banana,s0_duarte_mcd_011_banana_t21,duarte_mcd,310,0.899260,,,,,,,,,6.349016e-01,861,1,0,1,1,1
011_banana,s0_duarte_mcd_011_banana_t22,duarte_mcd,1933,0.107393,,,,,,,,,8.127414e-03,99,1,0,1,1,0
011_banana,s0_duarte_mcd_011_banana_t23,duarte_mcd,1134,0.805564,,,,,,,,,4.046766e-01,652,1,0,1,1,1
011_banana,s0_duarte_mcd_011_banana_t24,duarte_mcd,367,0.886703,,,,,,,,,7.296681e-01,976,1,0,1,1,1
025_mug,s1_partial_only_025_mug_t0,partial_only,85,0.891856,,,,,,,,,,,1,0,1,1,1
025_mug,s1_partial_only_025_mug_t1,partial_only,147,0.912234,,,,,,,,,,,1,0,1,1,0
025_mug,s1_partial_only_025_mug_t2,partial_only,65,0.905349,,,,,,,,,,,1,0,1,1,1
025_mug,s1_partial_only_025_mug_t3,partial_only,100,0.898849,,,,,,,,,,,1,0,1,1,0
025_mug,s1_partial_only_025_mug_t4,partial_only,150,0.866680,,,,,,,,,,,1,0,1,1,1
025_mug,s1_partial_only_025_mug_t6,partial_only,178,0.872082,,,,,,,,,,,1,0,1,1,1
025_mug,s1_partial_only_025_mug_t8,partial_only,253,0.861905,,,,,,,,,,,1,0,1,1,1
025_mug,s1_partial_only_025_mug_t9,partial_only,126,0.858539,,,,,,,,,,,1,0,1,1,0
025_mug,s1_partial_only_025_mug_t10,partial_only,136,0.880707,,,,,,,,,,,1,0,1,1,1
025_mug,s1_partial_only_025_mug_t11,partial_only,121,0.855692,,,,,,,,,,,1,0,1,1,1
025_mug,s1_partial_only_025_mug_t12,partial_only,111,0.872351,,,,,,,,,,,1,0,1,1,1
025_mug,s1_partial_only_025_mug_t13,partial_only,333,0.810000,,,,,,,,,,,1,0,1,1,1
025_mug,s1_partial_only_025_mug_t14,partial_only,115,0.894477,,,,,,,,,,,1,0,1,1,1
025_mug,s1_partial_only_025_mug_t15,partial_only,134,0.926524,,,,,,,,,,,1,0,1,1,1
025_mug,s1_partial_only_025_mug_t16,partial_only,65,0.913133,,,,,,,,,,,1,0,1,1,1
025_mug,s1_partial_only_025_mug_t17,partial_only,158,0.915745,,,,,,,,,,,1,0,1,1,0
025_mug,s1_partial_only_025_mug_t18,partial_only,288,0.822029,,,,,,,,,,,1,0,1,1,1
025_mug,s1_partial_only_025_mug_t19,partial_only,123,0.902174,,,,,,,,,,,1,0,1,1,1
025_mug,s1_partial_only_025_mug_t20,partial_only,265,0.829182,,,,,,,,,,,1,0,1,1,1
025_mug,s1_partial_only_025_mug_t21,partial_only,21,0.941670,,,,,,,,,,,1,0,1,1,1
025_mug,s1_partial_only_025_mug_t22,partial_only,91,0.926472,,,,,,,,,,,1,0,1,1,1
025_mug,s1_partial_only_025_mug_t24,partial_only,147,0.912352,,,,,,,,,,,1,0,1,1,1
051_large_clamp,s1_partial_only_051_large_clamp_t0,partial_only,0,0.972225,,,,,,,,,,,1,0,1,1,1
051_large_clamp,s1_partial_only_051_large_clamp_t1,partial_only,16,0.967453,,,,,,,,,,,1,0,1,1,0
051_large_clamp,s1_partial_only_051_large_clamp_t2,partial_only,8,0.960298,,,,,,,,,,,1,0,1,1,1
051_large_clamp,s1_partial_only_051_large_clamp_t3,partial_only,3,0.935980,,,,,,,,,,,1,0,1,1,1
051_large_clamp,s1_partial_only_051_large_clamp_t4,partial_only,7,0.967492,,,,,,,,,,,1,0,1,1,1
051_large_clamp,s1_partial_only_051_large_clamp_t5,partial_only,0,0.968983,,,,,,,,,,,1,0,1,1,0
051_large_clamp,s1_partial_only_051_large_clamp_t6,partial_only,1,0.971195,,,,,,,,,,,1,0,1,1,1
051_large_clamp,s1_partial_only_051_large_clamp_t7,partial_only,2,0.972206,,,,,,,,,,,1,0,1,1,0
051_large_clamp,s1_partial_only_051_large_clamp_t9,partial_only,0,0.969202,,,,,,,,,,,1,0,1,1,1
051_large_clamp,s1_partial_only_051_large_clamp_t10,partial_only,0,0.965863,,,,,,,,,,,1,0,1,1,1
051_large_clamp,s1_partial_only_051_large_clamp_t11,partial_only,4,0.959786,,,,,,,,,,,1,0,1,1,1
051_large_clamp,s1_partial_only_051_large_clamp_t12,partial_only,0,0.963210,,,,,,,,,,,1,0,1,1,0
051_large_clamp,s1_partial_only_051_large_clamp_t13,partial_only,10,0.956150,,,,,,,,,,,1,0,1,1,0
051_large_clamp,s1_partial_only_051_large_clamp_t14,partial_only,2,0.965219,,,,,,,,,,,1,0,1,1,1
051_large_clamp,s1_partial_only_051_large_clamp_t15,partial_only,0,0.976522,,,,,,,,,,,1,0,1,1,1
051_large_clamp,s1_partial_only_051_large_clamp_t16,partial_only,4,0.968876,,,,,,,,,,,1,0,1,1,0
051_large_clamp,s1_partial_only_051_large_clamp_t17,partial_only,10,0.959742,,,,,,,,,,,1,0,1,1,1
051_large_clamp,s1_partial_only_051_large_clamp_t19,partial_only,0,0.955132,,,,,,,,,,,1,0,1,1,0
051_large_clamp,s1_partial_only_051_large_clamp_t20,partial_only,1,0.969256,,,,,,,,,,,1,0,1,1,0
051_large_clamp,s1_partial_only_051_large_clamp_t21,partial_only,8,0.947155,,,,,,,,,,,1,0,1,1,1
051_large_clamp,s1_partial_only_051_large_clamp_t22,partial_only,22,0.945926,,,,,,,,,,,1,0,1,1,0
051_large_clamp,s1_partial_only_051_large_clamp_t23,partial_only,0,0.980038,,,,,,,,,,,1,0,1,1,1
051_large_clamp,s1_partial_only_051_large_clamp_t24,partial_only,2,0.956981,,,,,,,,,,,1,0,1,1,0
022_windex_bottle,s1_complete_only_022_windex_bottle_t0,complete_only,1,0.940608,0.044633,4.039670e-06,1.463156e-05,1418,0.029755,2.527290e-06,0.059510,4.376369e-05,2.140453e-02,103,1,0,1,1,0
022_windex_bottle,s1_complete_only_022_windex_bottle_t1,complete_only,0,0.949603,0.039441,3.045734e-04,1.253770e-03,1980,0.026294,4.479920e-04,0.052588,1.045928e-04,1.093233e+00,553,1,0,1,1,0
022_windex_bottle,s1_complete_only_022_windex_bottle_t2,complete_only,36,0.906166,0.040876,3.671810e-06,8.788998e-06,5324,0.027251,2.368012e-06,0.054502,6.290534e-06,6.392445e-01,486,1,0,1,1,0
022_windex_bottle,s1_complete_only_022_windex_bottle_t3,complete_only,2,0.951563,0.042369,5.048467e-05,4.525404e-04,1503,0.028246,1.573309e-05,0.056492,1.372010e-04,2.961230e-01,265,1,0,1,1,0
022_windex_bottle,s1_complete_only_022_windex_bottle_t4,complete_only,0,0.940969,0.042781,4.753711e-05,2.242820e-04,2519,0.028521,6.617171e-05,0.057042,7.314648e-05,3.326988e-01,50,1,0,1,1,0
022_windex_bottle,s1_complete_only_022_windex_bottle_t5,complete_only,4,0.938323,0.040930,1.972122e-05,1.007465e-04,1148,0.027287,1.039913e-05,0.054574,5.208742e-05,0.000000e+00,99,1,0,1,1,0
022_windex_bottle,s1_complete_only_022_windex_bottle_t6,complete_only,0,0.957968,0.045216,3.883138e-05,8.354394e-05,2037,0.030144,1.200388e-05,0.060288,1.157613e-04,1.071449e+00,648,1,0,1,1,0
022_windex_bottle,s1_complete_only_022_windex_bottle_t7,complete_only,0,0.927768,0.038691,3.310234e-05,1.574837e-04,2832,0.025794,8.279190e-05,0.051588,3.511010e-05,1.271568e+00,657,1,0,1,1,1
022_windex_bottle,s1_complete_only_022_windex_bottle_t8,complete_only,17,0.910371,0.043957,2.912729e-05,1.459464e-04,1949,0.029305,1.215524e-05,0.058609,5.184355e-05,4.906215e-01,200,1,0,1,1,0
022_windex_bottle,s1_complete_only_022_windex_bottle_t9,complete_only,110,0.896135,0.044371,5.367107e-05,2.617252e-04,826,0.029580,1.219676e-05,0.059161,9.365145e-05,4.330468e-03,45,1,0,1,1,0
022_windex_bottle,s1_complete_only_022_windex_bottle_t10,complete_only,30,0.910215,0.045429,7.646860e-05,4.231477e-04,2237,0.030286,6.225949e-05,0.060573,1.977825e-04,8.161974e-01,422,1,0,1,1,0
022_windex_bottle,s1_complete_only_022_windex_bottle_t11,complete_only,3,0.927979,0.029257,3.497843e-06,5.092708e-06,1404,0.019505,2.005260e-06,0.039009,8.573904e-06,2.465103e-01,310,1,0,1,1,0
022_windex_bottle,s1_complete_only_022_windex_bottle_t12,complete_only,261,0.841048,0.038269,2.316367e-03,4.084252e-03,323,0.025512,2.453723e-03,0.051025,1.682605e-03,5.638629e-01,14,1,0,1,1,0
022_windex_bottle,s1_complete_only_022_windex_bottle_t13,complete_only,212,0.914988,0.044196,1.702120e-04,7.219796e-04,1326,0.029464,1.509942e-04,0.058928,1.466152e-04,6.236447e-01,202,1,0,1,1,0
022_windex_bottle,s1_complete_only_022_windex_bottle_t14,complete_only,7,0.949310,0.044679,2.190153e-05,5.977841e-05,1077,0.029786,2.533106e-06,0.059571,7.275837e-05,0.000000e+00,85,1,0,1,1,0
022_windex_bottle,s1_complete_only_022_windex_bottle_t15,complete_only,0,0.953881,0.041729,1.926039e-05,1.177192e-04,923,0.027819,1.398009e-05,0.055638,4.675459e-05,1.151181e-02,159,1,0,1,1,0
022_windex_bottle,s1_complete_only_022_windex_bottle_t16,complete_only,99,0.853242,0.040450,6.715774e-04,2.975131e-03,2104,0.026967,1.318310e-03,0.053934,4.723717e-04,2.676828e+00,868,1,0,1,1,0
022_windex_bottle,s1_complete_only_022_windex_bottle_t17,complete_only,1,0.953815,0.042198,2.636771e-05,9.704764e-05,1069,0.028132,2.027870e-05,0.056264,5.176944e-05,2.122213e-01,191,1,0,1,1,0
022_windex_bottle,s1_complete_only_022_windex_bottle_t18,complete_only,310,0.881245,0.040218,8.050241e-05,4.244278e-04,3927,0.026812,5.012167e-05,0.053624,9.554128e-05,7.531384e-01,128,1,0,1,1,0
022_windex_bottle,s1_complete_only_022_windex_bottle_t19,complete_only,23,0.912395,0.043268,6.267746e-05,2.995229e-04,1401,0.028845,9.094396e-05,0.057691,9.238242e-05,2.476235e-01,143,1,0,1,1,0
022_windex_bottle,s1_complete_only_022_windex_bottle_t20,complete_only,2,0.956273,0.040251,2.349437e-05,1.116245e-04,2041,0.026834,1.618112e-05,0.053668,6.906702e-05,2.913828e-01,208,1,0,1,1,0
022_windex_bottle,s1_complete_only_022_windex_bottle_t21,complete_only,0,0.957360,0.042496,1.875843e-05,1.057092e-04,1196,0.028331,2.478403e-05,0.056662,6.399332e-05,4.758688e-01,273,1,0,1,1,0
022_windex_bottle,s1_complete_only_022_windex_bottle_t22,complete_only,2,0.951553,0.042702,1.050902e-04,4.976238e-04,1414,0.028468,3.313339e-05,0.056936,2.107915e-04,3.361038e-01,224,1,0,1,1,0
022_windex_bottle,s1_complete_only_022_windex_bottle_t23,complete_only,121,0.872746,0.038768,2.238052e-04,7.454843e-04,1469,0.025845,2.395434e-04,0.051691,2.509902e-04,1.369319e+00,149,1,0,1,1,0
022_windex_bottle,s1_complete_only_022_windex_bottle_t24,complete_only,1,0.949230,0.043060,1.248956e-05,4.831096e-05,1348,0.028707,1.608181e-05,0.057413,3.710399e-05,5.233362e-01,267,1,0,1,1,0
006_mustard_bottle,s1_epi_max_006_mustard_bottle_t0,complete_epi,0,0.867811,0.031806,7.793284e-06,2.100830e-05,1717,0.021204,6.606880e-06,0.042408,9.421121e-06,1.597617e-01,214,1,0,1,1,1
006_mustard_bottle,s1_epi_max_006_mustard_bottle_t1,complete_epi,9,0.849678,0.031801,8.505764e-06,1.901558e-05,1465,0.021201,8.606332e-06,0.042401,8.331190e-06,3.382062e-01,363,1,0,1,1,1
006_mustard_bottle,s1_epi_max_006_mustard_bottle_t2,complete_epi,173,0.838488,0.031595,7.581064e-06,2.419297e-05,1900,0.021063,7.953496e-06,0.042127,8.605292e-06,1.329830e-01,350,1,0,1,1,1
006_mustard_bottle,s1_epi_max_006_mustard_bottle_t3,complete_epi,0,0.890143,0.032210,6.544467e-06,1.371121e-05,2072,0.021474,7.671803e-06,0.042947,6.057030e-06,6.704808e-01,454,1,0,1,1,1
006_mustard_bottle,s1_epi_max_006_mustard_bottle_t4,complete_epi,188,0.772005,0.034656,5.202202e-06,9.268700e-06,1786,0.023104,5.807935e-06,0.046208,4.550703e-06,2.583327e-01,267,1,0,1,1,1
006_mustard_bottle,s1_epi_max_006_mustard_bottle_t5,complete_epi,50,0.809039,0.032518,1.058849e-05,2.374705e-05,2166,0.021678,6.122925e-06,0.043357,2.249137e-05,4.093231e-01,452,1,0,1,1,1
006_mustard_bottle,s1_epi_max_006_mustard_bottle_t6,complete_epi,0,0.918071,0.031405,9.771949e-06,1.987472e-05,1419,0.020937,9.989884e-06,0.041873,9.336393e-06,5.971898e-01,370,1,0,1,1,1
006_mustard_bottle,s1_epi_max_006_mustard_bottle_t7,complete_epi,0,0.884618,0.031678,7.324233e-06,1.570699e-05,1402,0.021119,8.380289e-06,0.042237,5.725311e-06,3.529703e-01,230,1,0,1,1,1
006_mustard_bottle,s1_epi_max_006_mustard_bottle_t8,complete_epi,150,0.876561,0.059699,1.709755e-04,1.881549e-04,13880,0.039800,8.722234e-05,0.079599,2.155055e-04,0.000000e+00,762,1,0,1,1,1
006_mustard_bottle,s1_epi_max_006_mustard_bottle_t9,complete_epi,454,0.889665,0.029168,3.812217e-05,1.978516e-04,1669,0.019445,9.318114e-05,0.038890,2.441662e-05,1.122759e-01,168,1,0,1,1,0
006_mustard_bottle,s1_epi_max_006_mustard_bottle_t10,complete_epi,105,0.872074,0.031947,5.928711e-06,1.018849e-05,1748,0.021298,6.340218e-06,0.042596,5.497447e-06,8.133119e-01,502,1,0,1,1,1
006_mustard_bottle,s1_epi_max_006_mustard_bottle_t11,complete_epi,5,0.944108,0.017159,1.208712e-04,1.829114e-04,2596,0.011439,1.292972e-04,0.022879,6.943409e-05,7.152044e+00,1213,1,0,1,1,0
006_mustard_bottle,s1_epi_max_006_mustard_bottle_t12,complete_epi,0,0.930148,0.030775,3.904562e-06,2.240297e-05,1903,0.020517,3.006452e-06,0.041033,5.179437e-06,5.849948e-01,769,1,0,1,1,0
006_mustard_bottle,s1_epi_max_006_mustard_bottle_t13,complete_epi,342,0.770501,0.032523,1.969511e-05,6.412658e-05,2077,0.021682,1.018754e-05,0.043364,2.803762e-05,1.017617e+00,762,1,0,1,1,1
006_mustard_bottle,s1_epi_max_006_mustard_bottle_t14,complete_epi,22,0.843873,0.032527,1.179251e-05,2.744327e-05,1492,0.021685,1.124672e-05,0.043370,1.115751e-05,5.251260e-01,287,1,0,1,1,0
006_mustard_bottle,s1_epi_max_006_mustard_bottle_t15,complete_epi,280,0.821261,0.032854,1.255150e-05,3.216272e-05,1940,0.021902,1.031766e-05,0.043805,1.306776e-05,5.934521e-01,398,1,0,1,1,1
006_mustard_bottle,s1_epi_max_006_mustard_bottle_t16,complete_epi,36,0.941970,0.053673,7.292656e-04,1.909973e-03,1101,0.035782,1.099135e-03,0.071564,7.113397e-04,2.887015e+00,127,1,0,1,1,0
006_mustard_bottle,s1_epi_max_006_mustard_bottle_t17,complete_epi,14,0.870901,0.033329,1.012380e-05,2.877437e-05,2062,0.022219,9.813093e-06,0.044438,1.104098e-05,7.152011e-01,415,1,0,1,1,1
006_mustard_bottle,s1_epi_max_006_mustard_bottle_t18,complete_epi,0,0.953225,0.018989,1.515608e-06,7.299426e-06,1200,0.012659,1.503437e-06,0.025319,4.530162e-06,1.046753e-01,598,1,0,1,1,1
006_mustard_bottle,s1_epi_max_006_mustard_bottle_t19,complete_epi,32,0.888157,0.031443,4.121558e-06,9.736857e-06,1802,0.020962,4.312424e-06,0.041923,3.751114e-06,5.657714e-01,425,1,0,1,1,1
006_mustard_bottle,s1_epi_max_006_mustard_bottle_t20,complete_epi,1296,0.184817,0.041057,1.116708e-05,3.920527e-05,2021,0.027371,1.414225e-05,0.054743,8.145794e-06,1.137136e+00,230,1,0,1,1,0
006_mustard_bottle,s1_epi_max_006_mustard_bottle_t21,complete_epi,0,0.880342,0.032347,6.660629e-06,1.623298e-05,1967,0.021564,7.066037e-06,0.043129,7.139743e-06,6.282073e-01,418,1,0,1,1,1
006_mustard_bottle,s1_epi_max_006_mustard_bottle_t22,complete_epi,252,0.894087,0.033693,2.470222e-05,7.174746e-05,1986,0.022462,3.131883e-05,0.044925,2.323477e-05,1.885070e+00,763,1,0,1,1,0
006_mustard_bottle,s1_epi_max_006_mustard_bottle_t23,complete_epi,23,0.953096,0.029357,2.049234e-06,5.303829e-06,1638,0.019571,1.679726e-06,0.039143,2.092831e-06,2.472832e-01,531,1,0,1,1,1
006_mustard_bottle,s1_epi_max_006_mustard_bottle_t24,complete_epi,407,0.870344,0.027381,1.142996e-05,3.151256e-05,1777,0.018254,1.936436e-05,0.036507,8.651983e-06,1.070006e-01,241,1,0,1,1,0
011_banana,s1_epi_max_011_banana_t0,complete_epi,1472,0.570047,0.032232,4.451127e-05,2.970477e-04,2144,0.021488,8.124545e-05,0.042976,4.878462e-05,1.074686e+00,485,1,0,1,1,0
011_banana,s1_epi_max_011_banana_t1,complete_epi,756,0.850616,0.031774,1.419292e-04,5.749837e-04,2082,0.021183,2.505561e-04,0.042366,1.273068e-04,1.276562e+00,755,1,0,1,1,1
011_banana,s1_epi_max_011_banana_t2,complete_epi,1493,0.601398,0.031820,3.695201e-05,1.232692e-04,1582,0.021214,5.999469e-05,0.042427,2.649013e-05,6.644922e-01,451,1,0,1,1,1
011_banana,s1_epi_max_011_banana_t3,complete_epi,1884,0.244221,0.031618,6.359618e-05,3.181024e-04,1921,0.021079,9.744941e-05,0.042158,5.952339e-05,7.460306e-01,517,1,0,1,1,1
011_banana,s1_epi_max_011_banana_t4,complete_epi,1398,0.599066,0.032775,9.207358e-05,4.962559e-04,3451,0.021850,9.535196e-05,0.043700,9.957430e-05,6.857599e-01,590,1,0,1,1,0
011_banana,s1_epi_max_011_banana_t5,complete_epi,1869,0.195075,0.031778,1.121105e-04,7.066455e-04,2176,0.021185,1.326932e-04,0.042371,1.050534e-04,4.945107e-01,493,1,0,1,1,0
011_banana,s1_epi_max_011_banana_t6,complete_epi,1934,0.064653,0.032881,8.946430e-05,3.685015e-04,2099,0.021920,1.549953e-04,0.043841,7.120131e-05,1.085877e+00,495,1,0,1,1,1
011_banana,s1_epi_max_011_banana_t7,complete_epi,409,0.920302,0.031667,4.482168e-05,7.037757e-05,2978,0.021111,3.748089e-05,0.042222,5.978920e-05,8.876324e-01,734,1,0,1,1,1
011_banana,s1_epi_max_011_banana_t8,complete_epi,555,0.873533,0.031436,8.561268e-06,2.645434e-05,2218,0.020958,2.071202e-05,0.041915,7.512282e-06,4.310539e-01,456,1,0,1,1,0
011_banana,s1_epi_max_011_banana_t9,complete_epi,964,0.818007,0.032227,2.163084e-04,1.104111e-03,2132,0.021485,3.796351e-04,0.042970,2.020102e-04,1.532834e+00,544,1,0,1,1,0
011_banana,s1_epi_max_011_banana_t10,complete_epi,1636,0.394712,0.032993,2.142858e-05,2.465374e-04,1354,0.021995,1.225409e-05,0.043991,2.103686e-05,0.000000e+00,74,1,0,1,1,0
011_banana,s1_epi_max_011_banana_t11,complete_epi,923,0.813403,0.032562,4.878043e-05,2.024073e-04,1191,0.021708,4.151364e-05,0.043416,4.021210e-05,7.744640e-02,237,1,0,1,1,0
011_banana,s1_epi_max_011_banana_t12,complete_epi,1082,0.793971,0.031855,2.112133e-04,1.388660e-03,1998,0.021237,6.866723e-04,0.042473,1.360630e-04,8.858854e-01,781,1,0,1,1,1
011_banana,s1_epi_max_011_banana_t13,complete_epi,1243,0.698303,0.031805,4.520786e-04,3.329043e-03,1203,0.021203,2.135980e-03,0.042407,3.337384e-04,2.154635e+00,388,1,0,1,1,0
011_banana,s1_epi_max_011_banana_t14,complete_epi,1243,0.728401,0.032098,1.309158e-04,9.294955e-04,1573,0.021399,5.306349e-04,0.042798,9.399824e-05,1.061459e+00,419,1,0,1,1,0
011_banana,s1_epi_max_011_banana_t15,complete_epi,1311,0.676169,0.030734,4.093843e-04,1.537652e-03,1464,0.020489,5.108132e-04,0.040979,2.166053e-04,2.282515e+00,843,1,0,1,1,1
011_banana,s1_epi_max_011_banana_t16,complete_epi,1097,0.713977,0.032639,7.018683e-05,3.709678e-04,2632,0.021759,8.219077e-05,0.043518,6.270495e-05,9.768420e-01,603,1,0,1,1,1
011_banana,s1_epi_max_011_banana_t17,complete_epi,1925,0.080695,0.032016,3.590730e-04,1.553648e-03,1547,0.021344,3.942912e-04,0.042688,1.942789e-04,2.160903e+00,640,1,0,1,1,1
011_banana,s1_epi_max_011_banana_t18,complete_epi,1075,0.767296,0.032900,7.672203e-06,3.477080e-05,3017,0.021934,6.263074e-06,0.043867,1.441850e-05,5.668639e-01,493,1,0,1,1,0
011_banana,s1_epi_max_011_banana_t19,complete_epi,1793,0.319418,0.032086,5.914729e-06,2.160931e-05,2337,0.021391,5.108651e-06,0.042782,7.613594e-06,2.188732e-01,320,1,0,1,1,0
011_banana,s1_epi_max_011_banana_t20,complete_epi,135,0.940313,0.032051,5.591442e-05,3.079171e-04,2765,0.021367,4.859288e-05,0.042735,6.257546e-05,6.939048e-01,468,1,0,1,1,0
011_banana,s1_epi_max_011_banana_t21,complete_epi,1892,0.192432,0.031686,1.623697e-04,9.073855e-04,1691,0.021124,2.979846e-04,0.042248,1.425365e-04,1.429278e+00,567,1,0,1,1,1
011_banana,s1_epi_max_011_banana_t22,complete_epi,1911,0.155051,0.031804,5.803510e-05,2.631556e-04,2156,0.021202,4.032813e-05,0.042405,7.981061e-05,5.993220e-01,402,1,0,1,1,0
011_banana,s1_epi_max_011_banana_t23,complete_epi,1394,0.632843,0.031839,5.003754e-05,2.795017e-04,1677,0.021226,1.804952e-04,0.042452,2.770041e-05,7.870531e-01,615,1,0,1,1,0
011_banana,s1_epi_max_011_banana_t24,complete_epi,1885,0.188327,0.031671,2.275831e-04,1.121367e-03,1243,0.021114,3.368981e-04,0.042228,1.551490e-04,4.673316e-01,246,1,0,1,1,0
025_mug,s1_epi_mean_025_mug_t0,complete_epi,121,0.872689,0.019955,1.469673e-06,4.623541e-06,523,0.013303,1.911754e-06,0.026607,1.767955e-06,1.952463e-01,206,1,0,1,1,1
025_mug,s1_epi_mean_025_mug_t1,complete_epi,121,0.882522,0.020115,6.960363e-07,2.056932e-06,529,0.013410,9.376229e-07,0.026820,1.165208e-06,1.029003e-01,168,1,0,1,1,1
025_mug,s1_epi_mean_025_mug_t2,complete_epi,618,0.696106,0.027377,0.000000e+00,0.000000e+00,263,0.018252,0.000000e+00,0.036503,0.000000e+00,0.000000e+00,68,1,0,1,1,1
025_mug,s1_epi_mean_025_mug_t3,complete_epi,0,0.959446,0.020339,1.789271e-06,6.731004e-06,214,0.013560,2.776594e-06,0.027119,2.103438e-06,3.184872e-02,43,1,0,1,1,1
025_mug,s1_epi_mean_025_mug_t5,complete_epi,27,0.847740,0.020333,1.026029e-06,1.200130e-05,369,0.013555,1.757668e-06,0.027110,6.060260e-06,2.676597e-01,214,1,0,1,1,1
025_mug,s1_epi_mean_025_mug_t7,complete_epi,121,0.910138,0.020326,1.300736e-06,3.685405e-06,518,0.013551,1.353580e-06,0.027102,1.304004e-06,1.641109e-01,189,1,0,1,1,1
025_mug,s1_epi_mean_025_mug_t9,complete_epi,149,0.912720,0.020903,5.957534e-06,2.683705e-05,583,0.013935,9.908814e-06,0.027870,6.676802e-06,2.899467e-01,201,1,0,1,1,1
025_mug,s1_epi_mean_025_mug_t11,complete_epi,30,0.920387,0.021089,1.242663e-06,1.917746e-06,985,0.014059,1.275681e-06,0.028118,1.354271e-06,4.130959e-01,379,1,0,1,1,1
025_mug,s1_epi_mean_025_mug_t13,complete_epi,103,0.905617,0.020831,1.012887e-05,5.300694e-05,671,0.013888,2.095684e-05,0.027775,1.048204e-05,2.937074e-01,122,1,0,1,1,1
025_mug,s1_epi_mean_025_mug_t14,complete_epi,14,0.944930,0.020016,2.506001e-06,6.205839e-06,758,0.013344,2.428842e-06,0.026688,3.016742e-06,2.531511e-01,212,1,0,1,1,1
025_mug,s1_epi_mean_025_mug_t16,complete_epi,125,0.759003,0.020045,1.835183e-06,5.004643e-06,677,0.013363,2.452570e-06,0.026727,3.312164e-06,1.768791e-01,161,1,0,1,1,1
025_mug,s1_epi_mean_025_mug_t17,complete_epi,99,0.909096,0.019952,6.723010e-07,2.418085e-06,436,0.013301,1.561231e-06,0.026603,1.271412e-06,3.235401e-01,337,1,0,1,1,1
025_mug,s1_epi_mean_025_mug_t18,complete_epi,157,0.923822,0.024320,1.156552e-05,6.011836e-05,759,0.016213,9.409275e-06,0.032427,1.426166e-05,3.554552e-01,181,1,0,1,1,1
025_mug,s1_epi_mean_025_mug_t19,complete_epi,9,0.933793,0.021587,1.102827e-06,1.855327e-06,797,0.014391,1.346034e-06,0.028783,1.870802e-06,1.242711e-01,231,1,0,1,1,1
025_mug,s1_epi_mean_025_mug_t20,complete_epi,16,0.941327,0.022111,3.468520e-06,1.355536e-05,594,0.014741,2.874880e-06,0.029481,4.859704e-06,3.093516e-01,178,1,0,1,1,1
025_mug,s1_epi_mean_025_mug_t21,complete_epi,145,0.896587,0.020697,2.533187e-06,6.479617e-06,778,0.013798,2.702173e-06,0.027596,2.980134e-06,3.035335e-01,214,1,0,1,1,1
025_mug,s1_epi_mean_025_mug_t22,complete_epi,206,0.869882,0.020095,0.000000e+00,0.000000e+00,225,0.013397,0.000000e+00,0.026793,4.623348e-07,0.000000e+00,80,1,0,1,1,1
025_mug,s1_epi_mean_025_mug_t23,complete_epi,253,0.725759,0.020458,8.152181e-07,5.875123e-06,294,0.013638,8.180501e-07,0.027277,1.884904e-06,5.331352e-02,106,1,0,1,1,0
025_mug,s1_epi_mean_025_mug_t24,complete_epi,30,0.924400,0.019948,7.492909e-07,4.399189e-06,207,0.013299,1.272258e-06,0.026597,1.649088e-06,0.000000e+00,50,1,0,1,1,1
051_large_clamp,s1_epi_mean_051_large_clamp_t0,complete_epi,0,0.964084,0.029898,5.373111e-07,4.105858e-06,930,0.019932,1.220520e-06,0.039864,1.085157e-06,0.000000e+00,154,1,0,1,1,0
051_large_clamp,s1_epi_mean_051_large_clamp_t1,complete_epi,1,0.972714,0.032394,4.327748e-05,4.553599e-04,933,0.021596,2.605638e-04,0.043192,4.277985e-05,2.214613e-01,243,1,0,1,1,1
051_large_clamp,s1_epi_mean_051_large_clamp_t2,complete_epi,118,0.938753,0.025357,9.828490e-06,7.832938e-05,3833,0.016904,2.697510e-05,0.033809,2.059295e-05,2.677467e+00,1058,1,0,1,1,0
051_large_clamp,s1_epi_mean_051_large_clamp_t3,complete_epi,128,0.925114,0.031461,2.531528e-05,1.615150e-04,2847,0.020974,4.184813e-05,0.041949,3.561723e-05,2.445558e+00,1062,1,0,1,1,1
051_large_clamp,s1_epi_mean_051_large_clamp_t4,complete_epi,17,0.950847,0.032337,2.222619e-06,6.600189e-06,2286,0.021558,2.146115e-06,0.043116,2.455325e-06,1.676775e-01,200,1,0,1,1,1
051_large_clamp,s1_epi_mean_051_large_clamp_t5,complete_epi,6,0.955513,0.032564,1.242810e-05,8.976781e-05,1813,0.021709,3.572767e-05,0.043419,2.334456e-05,3.410182e-01,266,1,0,1,1,0
051_large_clamp,s1_epi_mean_051_large_clamp_t6,complete_epi,5,0.960296,0.030027,0.000000e+00,0.000000e+00,558,0.020018,0.000000e+00,0.040036,5.173610e-07,0.000000e+00,139,1,0,1,1,0
051_large_clamp,s1_epi_mean_051_large_clamp_t7,complete_epi,30,0.963472,0.032413,6.738101e-05,8.118739e-04,838,0.021609,4.478049e-04,0.043217,4.042452e-05,4.313389e-01,253,1,0,1,1,1
051_large_clamp,s1_epi_mean_051_large_clamp_t8,complete_epi,4,0.957833,0.031033,9.235168e-08,1.991318e-06,1250,0.020688,0.000000e+00,0.041377,2.460592e-07,0.000000e+00,255,1,0,1,1,0
051_large_clamp,s1_epi_mean_051_large_clamp_t9,complete_epi,13,0.952533,0.026132,5.991676e-06,5.032869e-05,2157,0.017421,8.122599e-06,0.034843,8.736759e-06,6.714281e-01,528,1,0,1,1,0
051_large_clamp,s1_epi_mean_051_large_clamp_t10,complete_epi,146,0.947919,0.030378,9.226674e-06,3.531980e-05,1526,0.020252,1.272544e-05,0.040504,1.117313e-05,5.903593e-01,324,1,0,1,1,0
051_large_clamp,s1_epi_mean_051_large_clamp_t11,complete_epi,36,0.944892,0.032179,1.086804e-06,0.000000e+00,617,0.021453,0.000000e+00,0.042905,5.347479e-06,0.000000e+00,142,1,0,1,1,0
051_large_clamp,s1_epi_mean_051_large_clamp_t12,complete_epi,16,0.954249,0.030691,1.703193e-07,1.627095e-06,1228,0.020461,0.000000e+00,0.040921,2.433891e-07,0.000000e+00,216,1,0,1,1,1
051_large_clamp,s1_epi_mean_051_large_clamp_t13,complete_epi,2,0.954207,0.032034,4.409103e-07,0.000000e+00,814,0.021356,0.000000e+00,0.042711,3.042127e-06,0.000000e+00,152,1,0,1,1,1
051_large_clamp,s1_epi_mean_051_large_clamp_t14,complete_epi,0,0.965989,0.029529,6.767506e-07,2.393828e-06,984,0.019686,9.816770e-07,0.039371,9.019335e-07,0.000000e+00,164,1,0,1,1,1
051_large_clamp,s1_epi_mean_051_large_clamp_t15,complete_epi,25,0.963618,0.030066,5.462379e-06,9.231283e-06,1252,0.020044,1.162565e-06,0.040088,1.044693e-05,7.794953e-02,177,1,0,1,1,1
051_large_clamp,s1_epi_mean_051_large_clamp_t16,complete_epi,13,0.966825,0.033246,4.108092e-06,1.567856e-05,1024,0.022164,4.145804e-06,0.044328,4.135330e-06,1.962475e-01,233,1,0,1,1,1
051_large_clamp,s1_epi_mean_051_large_clamp_t17,complete_epi,57,0.930199,0.032028,0.000000e+00,0.000000e+00,620,0.021352,0.000000e+00,0.042704,5.866489e-07,0.000000e+00,147,1,0,1,1,1
051_large_clamp,s1_epi_mean_051_large_clamp_t18,complete_epi,5,0.952182,0.032659,2.686862e-07,3.587598e-06,1368,0.021772,8.685600e-08,0.043545,1.549206e-06,0.000000e+00,222,1,0,1,1,1
051_large_clamp,s1_epi_mean_051_large_clamp_t19,complete_epi,0,0.848502,0.040580,1.803350e-05,9.685361e-05,1983,0.027053,2.774389e-05,0.054107,2.598626e-05,1.393612e+00,630,1,0,1,1,1
051_large_clamp,s1_epi_mean_051_large_clamp_t20,complete_epi,13,0.957071,0.031564,1.949140e-05,1.410153e-04,1637,0.021043,3.044523e-05,0.042086,1.860230e-05,2.118083e-01,127,1,0,1,1,0
051_large_clamp,s1_epi_mean_051_large_clamp_t21,complete_epi,41,0.938482,0.031612,0.000000e+00,0.000000e+00,600,0.021075,0.000000e+00,0.042150,2.933586e-07,0.000000e+00,137,1,0,1,1,0
051_large_clamp,s1_epi_mean_051_large_clamp_t22,complete_epi,22,0.940414,0.031496,0.000000e+00,0.000000e+00,640,0.020997,0.000000e+00,0.041994,6.082813e-07,0.000000e+00,147,1,0,1,1,0
051_large_clamp,s1_epi_mean_051_large_clamp_t23,complete_epi,1,0.978276,0.026162,1.030800e-05,5.478684e-05,1411,0.017441,7.558110e-06,0.034882,1.163072e-05,2.229455e-01,318,1,0,1,1,1
051_large_clamp,s1_epi_mean_051_large_clamp_t24,complete_epi,132,0.924306,0.031628,2.662018e-08,0.000000e+00,632,0.021085,0.000000e+00,0.042170,1.095398e-06,0.000000e+00,135,1,0,1,1,0
022_windex_bottle,s1_hetero_patch_022_windex_bottle_t0,hetero_patch,0,0.943847,0.044633,5.752883e-06,1.692958e-05,1418,0.029755,4.181361e-06,0.059510,1.586553e-05,1.774885e-01,159,1,0,1,1,0
022_windex_bottle,s1_hetero_patch_022_windex_bottle_t1,hetero_patch,1,0.940592,0.039434,2.168458e-05,9.229350e-05,2440,0.026290,4.926433e-05,0.052579,1.685800e-05,1.489766e+00,725,1,0,1,1,1
022_windex_bottle,s1_hetero_patch_022_windex_bottle_t2,hetero_patch,28,0.934825,0.045056,6.377110e-06,1.366421e-05,1687,0.030037,4.927445e-06,0.060074,1.001267e-05,0.000000e+00,35,1,0,1,1,0
022_windex_bottle,s1_hetero_patch_022_windex_bottle_t3,hetero_patch,0,0.957370,0.042293,1.057098e-05,4.638158e-05,1499,0.028196,6.560556e-06,0.056391,1.413022e-05,5.833160e-01,345,1,0,1,1,0
022_windex_bottle,s1_hetero_patch_022_windex_bottle_t4,hetero_patch,3,0.939809,0.042773,1.916945e-05,9.816258e-05,433,0.028515,6.406359e-06,0.057031,2.524588e-05,1.537586e-02,120,1,0,1,1,0
022_windex_bottle,s1_hetero_patch_022_windex_bottle_t5,hetero_patch,31,0.927076,0.040930,8.789712e-06,3.466876e-05,845,0.027287,3.656186e-06,0.054574,1.862540e-05,0.000000e+00,96,1,0,1,1,0
022_windex_bottle,s1_hetero_patch_022_windex_bottle_t6,hetero_patch,0,0.960156,0.045106,1.187891e-05,4.067753e-05,2007,0.030070,7.207098e-06,0.060141,2.491377e-05,1.273125e+00,625,1,0,1,1,0
022_windex_bottle,s1_hetero_patch_022_windex_bottle_t7,hetero_patch,0,0.910685,0.038691,9.175619e-06,2.762755e-05,2989,0.025794,1.142060e-05,0.051588,1.070622e-05,1.069158e+00,556,1,0,1,1,1
022_windex_bottle,s1_hetero_patch_022_windex_bottle_t8,hetero_patch,379,0.757202,0.020118,1.509493e-05,3.660312e-05,1260,0.013412,1.768569e-05,0.026824,1.215713e-05,1.256111e+00,527,1,0,1,1,0
022_windex_bottle,s1_hetero_patch_022_windex_bottle_t9,hetero_patch,246,0.843176,0.044369,6.883889e-06,2.221455e-05,3663,0.029580,5.686875e-06,0.059159,9.327676e-06,5.369778e-03,6,1,0,1,1,0
022_windex_bottle,s1_hetero_patch_022_windex_bottle_t10,hetero_patch,0,0.928302,0.045280,2.126756e-05,9.535499e-05,2191,0.030187,2.552681e-05,0.060374,4.090210e-05,6.608397e-01,323,1,0,1,1,0
022_windex_bottle,s1_hetero_patch_022_windex_bottle_t11,hetero_patch,8,0.918668,0.029283,2.389406e-06,5.676265e-06,1670,0.019522,2.278929e-06,0.039044,3.340377e-06,6.084733e-01,539,1,0,1,1,0
022_windex_bottle,s1_hetero_patch_022_windex_bottle_t12,hetero_patch,1044,0.569608,0.038268,2.951168e-05,1.005448e-04,1725,0.025512,3.674881e-05,0.051025,2.025127e-05,4.630781e-01,233,1,0,1,1,0
022_windex_bottle,s1_hetero_patch_022_windex_bottle_t13,hetero_patch,635,0.830018,0.044214,5.830803e-06,1.537201e-05,7158,0.029476,3.531969e-06,0.058952,7.317949e-06,2.651774e+00,1548,1,0,1,1,1
022_windex_bottle,s1_hetero_patch_022_windex_bottle_t14,hetero_patch,0,0.955990,0.045102,6.255297e-06,1.402143e-05,1159,0.030068,4.204024e-06,0.060136,1.495098e-05,1.691830e-01,145,1,0,1,1,0
022_windex_bottle,s1_hetero_patch_022_windex_bottle_t15,hetero_patch,7,0.951862,0.042610,1.254196e-05,4.243769e-05,1074,0.028407,1.208243e-05,0.056813,1.971388e-05,2.701355e-01,197,1,0,1,1,0
022_windex_bottle,s1_hetero_patch_022_windex_bottle_t16,hetero_patch,267,0.800296,0.040453,4.106036e-05,1.600399e-04,2344,0.026969,5.941032e-05,0.053938,3.858555e-05,2.098491e+00,1009,1,0,1,1,0
022_windex_bottle,s1_hetero_patch_022_windex_bottle_t17,hetero_patch,0,0.957475,0.042270,1.259347e-05,4.961609e-05,1146,0.028180,1.332668e-05,0.056360,1.875882e-05,0.000000e+00,111,1,0,1,1,0
022_windex_bottle,s1_hetero_patch_022_windex_bottle_t18,hetero_patch,565,0.811727,0.040219,1.689689e-05,8.296825e-05,4103,0.026813,1.764319e-05,0.053625,1.467457e-05,2.586482e-01,179,1,0,1,1,0
022_windex_bottle,s1_hetero_patch_022_windex_bottle_t19,hetero_patch,0,0.948649,0.042224,8.617469e-06,2.862704e-05,1733,0.028149,6.784482e-06,0.056299,1.172628e-05,7.969400e-01,422,1,0,1,1,0
022_windex_bottle,s1_hetero_patch_022_windex_bottle_t20,hetero_patch,0,0.951720,0.040269,3.029323e-05,1.036801e-04,1283,0.026846,2.476411e-05,0.053692,3.160937e-05,3.867078e-01,112,1,0,1,1,0
022_windex_bottle,s1_hetero_patch_022_windex_bottle_t21,hetero_patch,0,0.953472,0.041609,8.551427e-06,3.105917e-05,1394,0.027739,8.203072e-06,0.055479,1.652130e-05,6.479921e-01,316,1,0,1,1,0
022_windex_bottle,s1_hetero_patch_022_windex_bottle_t22,hetero_patch,1,0.953303,0.042388,8.683220e-06,4.232816e-05,1114,0.028259,6.803550e-06,0.056517,1.372968e-05,4.200514e-01,198,1,0,1,1,0
022_windex_bottle,s1_hetero_patch_022_windex_bottle_t23,hetero_patch,645,0.732943,0.038746,2.658550e-05,9.445294e-05,2108,0.025831,1.260965e-05,0.051661,3.229662e-05,8.630080e-01,458,1,0,1,1,0
022_windex_bottle,s1_hetero_patch_022_windex_bottle_t24,hetero_patch,2,0.943784,0.043356,1.132580e-05,3.692412e-05,1266,0.028904,7.611031e-06,0.057807,1.621900e-05,2.071500e-01,199,1,0,1,1,0
006_mustard_bottle,s1_duarte_mcd_006_mustard_bottle_t0,duarte_mcd,363,0.838671,,,,,,,,,2.626758e-02,164,1,0,1,1,0
006_mustard_bottle,s1_duarte_mcd_006_mustard_bottle_t1,duarte_mcd,64,0.945848,,,,,,,,,7.145310e-02,499,1,0,1,1,0
006_mustard_bottle,s1_duarte_mcd_006_mustard_bottle_t2,duarte_mcd,9,0.948513,,,,,,,,,2.772332e-01,296,1,0,1,1,1
006_mustard_bottle,s1_duarte_mcd_006_mustard_bottle_t3,duarte_mcd,71,0.837507,,,,,,,,,2.186303e-01,294,1,0,1,1,1
006_mustard_bottle,s1_duarte_mcd_006_mustard_bottle_t4,duarte_mcd,225,0.740625,,,,,,,,,1.678587e-01,46,1,0,1,1,0
006_mustard_bottle,s1_duarte_mcd_006_mustard_bottle_t5,duarte_mcd,3,0.885569,,,,,,,,,1.754639e-01,403,1,0,1,1,0
006_mustard_bottle,s1_duarte_mcd_006_mustard_bottle_t6,duarte_mcd,50,0.889061,,,,,,,,,1.981695e-01,288,1,0,1,1,1
006_mustard_bottle,s1_duarte_mcd_006_mustard_bottle_t7,duarte_mcd,122,0.894879,,,,,,,,,1.280635e-01,197,1,0,1,1,1
006_mustard_bottle,s1_duarte_mcd_006_mustard_bottle_t8,duarte_mcd,64,0.970186,,,,,,,,,7.353774e-01,1702,1,0,1,1,0
006_mustard_bottle,s1_duarte_mcd_006_mustard_bottle_t9,duarte_mcd,213,0.830496,,,,,,,,,1.576624e-01,313,1,0,1,1,1
006_mustard_bottle,s1_duarte_mcd_006_mustard_bottle_t10,duarte_mcd,6,0.881136,,,,,,,,,3.071190e-01,290,1,0,1,1,1
006_mustard_bottle,s1_duarte_mcd_006_mustard_bottle_t11,duarte_mcd,4,0.936622,,,,,,,,,5.512046e-01,470,1,0,1,1,0
006_mustard_bottle,s1_duarte_mcd_006_mustard_bottle_t12,duarte_mcd,5,0.939487,,,,,,,,,2.257456e-01,549,1,0,1,1,1
006_mustard_bottle,s1_duarte_mcd_006_mustard_bottle_t13,duarte_mcd,107,0.873998,,,,,,,,,1.045640e-01,331,1,0,1,1,1
006_mustard_bottle,s1_duarte_mcd_006_mustard_bottle_t14,duarte_mcd,73,0.835468,,,,,,,,,1.669521e-01,40,1,0,1,1,0
006_mustard_bottle,s1_duarte_mcd_006_mustard_bottle_t15,duarte_mcd,124,0.870388,,,,,,,,,1.171151e-01,304,1,0,1,1,1
006_mustard_bottle,s1_duarte_mcd_006_mustard_bottle_t16,duarte_mcd,786,0.775385,,,,,,,,,4.768884e-01,155,1,0,1,1,0
006_mustard_bottle,s1_duarte_mcd_006_mustard_bottle_t17,duarte_mcd,5,0.885293,,,,,,,,,1.387984e-01,258,1,0,1,1,1
006_mustard_bottle,s1_duarte_mcd_006_mustard_bottle_t18,duarte_mcd,65,0.941207,,,,,,,,,2.360022e-03,400,1,0,1,1,1
006_mustard_bottle,s1_duarte_mcd_006_mustard_bottle_t19,duarte_mcd,107,0.864890,,,,,,,,,3.265079e-01,380,1,0,1,1,0
006_mustard_bottle,s1_duarte_mcd_006_mustard_bottle_t20,duarte_mcd,116,0.881064,,,,,,,,,2.926576e-01,402,1,0,1,1,1
006_mustard_bottle,s1_duarte_mcd_006_mustard_bottle_t21,duarte_mcd,0,0.887790,,,,,,,,,1.009154e-01,234,1,0,1,1,1
006_mustard_bottle,s1_duarte_mcd_006_mustard_bottle_t22,duarte_mcd,414,0.859349,,,,,,,,,8.846629e-02,29,1,0,1,1,0
006_mustard_bottle,s1_duarte_mcd_006_mustard_bottle_t23,duarte_mcd,8,0.978581,,,,,,,,,8.502355e-02,189,1,0,1,1,0
006_mustard_bottle,s1_duarte_mcd_006_mustard_bottle_t24,duarte_mcd,310,0.855609,,,,,,,,,7.543735e-02,179,1,0,1,1,1
011_banana,s1_duarte_mcd_011_banana_t0,duarte_mcd,1935,0.035890,,,,,,,,,7.640073e-02,131,1,0,1,1,0
011_banana,s1_duarte_mcd_011_banana_t1,duarte_mcd,1444,0.659462,,,,,,,,,3.283923e-01,488,1,0,1,1,0
011_banana,s1_duarte_mcd_011_banana_t2,duarte_mcd,795,0.857299,,,,,,,,,2.663437e-01,485,1,0,1,1,1
011_banana,s1_duarte_mcd_011_banana_t3,duarte_mcd,1754,0.415015,,,,,,,,,1.460315e-02,181,1,0,1,1,0
011_banana,s1_duarte_mcd_011_banana_t4,duarte_mcd,1510,0.647072,,,,,,,,,2.029678e-01,360,1,0,1,1,0
011_banana,s1_duarte_mcd_011_banana_t5,duarte_mcd,1616,0.542017,,,,,,,,,2.679570e-01,268,1,0,1,1,0
011_banana,s1_duarte_mcd_011_banana_t6,duarte_mcd,1848,0.140012,,,,,,,,,3.333114e-01,389,1,0,1,1,0
011_banana,s1_duarte_mcd_011_banana_t7,duarte_mcd,1146,0.803504,,,,,,,,,2.592593e-01,343,1,0,1,1,0
011_banana,s1_duarte_mcd_011_banana_t8,duarte_mcd,467,0.892314,,,,,,,,,7.025864e-01,1134,1,0,1,1,0
011_banana,s1_duarte_mcd_011_banana_t9,duarte_mcd,1534,0.627876,,,,,,,,,1.561023e-01,308,1,0,1,1,0
011_banana,s1_duarte_mcd_011_banana_t10,duarte_mcd,1704,0.401140,,,,,,,,,6.039722e-02,151,1,0,1,1,0
011_banana,s1_duarte_mcd_011_banana_t11,duarte_mcd,1146,0.726970,,,,,,,,,2.706973e-02,145,1,0,1,1,0
011_banana,s1_duarte_mcd_011_banana_t12,duarte_mcd,1418,0.665679,,,,,,,,,7.915306e-01,770,1,0,1,1,0
011_banana,s1_duarte_mcd_011_banana_t13,duarte_mcd,1052,0.743527,,,,,,,,,1.305115e+00,1104,1,0,1,1,1
011_banana,s1_duarte_mcd_011_banana_t14,duarte_mcd,1775,0.256048,,,,,,,,,2.981490e-01,505,1,0,1,1,0
011_banana,s1_duarte_mcd_011_banana_t15,duarte_mcd,1826,0.210402,,,,,,,,,1.459408e-01,345,1,0,1,1,0
011_banana,s1_duarte_mcd_011_banana_t16,duarte_mcd,1270,0.731797,,,,,,,,,5.330003e-01,779,1,0,1,1,1
011_banana,s1_duarte_mcd_011_banana_t17,duarte_mcd,1755,0.307614,,,,,,,,,4.564618e-01,472,1,0,1,1,1
011_banana,s1_duarte_mcd_011_banana_t18,duarte_mcd,70,0.910386,,,,,,,,,2.508456e-01,528,1,0,1,1,1
011_banana,s1_duarte_mcd_011_banana_t19,duarte_mcd,1437,0.644061,,,,,,,,,1.941684e-02,198,1,0,1,1,1
011_banana,s1_duarte_mcd_011_banana_t20,duarte_mcd,276,0.872922,,,,,,,,,1.659122e-01,210,1,0,1,1,0
011_banana,s1_duarte_mcd_011_banana_t21,duarte_mcd,1734,0.407287,,,,,,,,,1.074932e-01,255,1,0,1,1,0
011_banana,s1_duarte_mcd_011_banana_t22,duarte_mcd,1902,0.126257,,,,,,,,,1.032444e-01,204,1,0,1,1,1
011_banana,s1_duarte_mcd_011_banana_t23,duarte_mcd,542,0.847206,,,,,,,,,6.365683e-01,894,1,0,1,1,1
011_banana,s1_duarte_mcd_011_banana_t24,duarte_mcd,1875,0.150881,,,,,,,,,2.435458e-02,110,1,0,1,1,0
025_mug,s2_partial_only_025_mug_t0,partial_only,126,0.889444,,,,,,,,,,,1,0,1,1,1
025_mug,s2_partial_only_025_mug_t1,partial_only,210,0.835328,,,,,,,,,,,1,0,1,1,1
025_mug,s2_partial_only_025_mug_t2,partial_only,77,0.889206,,,,,,,,,,,1,0,1,1,1
025_mug,s2_partial_only_025_mug_t3,partial_only,175,0.887462,,,,,,,,,,,1,0,1,1,1
025_mug,s2_partial_only_025_mug_t4,partial_only,115,0.869169,,,,,,,,,,,1,0,1,1,1
025_mug,s2_partial_only_025_mug_t6,partial_only,95,0.873841,,,,,,,,,,,1,0,1,1,1
025_mug,s2_partial_only_025_mug_t7,partial_only,192,0.847930,,,,,,,,,,,1,0,1,1,0
025_mug,s2_partial_only_025_mug_t8,partial_only,127,0.864469,,,,,,,,,,,1,0,1,1,1
025_mug,s2_partial_only_025_mug_t9,partial_only,133,0.873248,,,,,,,,,,,1,0,1,1,1
025_mug,s2_partial_only_025_mug_t10,partial_only,207,0.899853,,,,,,,,,,,1,0,1,1,1
025_mug,s2_partial_only_025_mug_t11,partial_only,99,0.915530,,,,,,,,,,,1,0,1,1,1
025_mug,s2_partial_only_025_mug_t12,partial_only,86,0.890158,,,,,,,,,,,1,0,1,1,1
025_mug,s2_partial_only_025_mug_t13,partial_only,187,0.851037,,,,,,,,,,,1,0,1,1,1
025_mug,s2_partial_only_025_mug_t14,partial_only,102,0.862976,,,,,,,,,,,1,0,1,1,1
025_mug,s2_partial_only_025_mug_t15,partial_only,75,0.908811,,,,,,,,,,,1,0,1,1,1
025_mug,s2_partial_only_025_mug_t16,partial_only,123,0.910255,,,,,,,,,,,1,0,1,1,1
025_mug,s2_partial_only_025_mug_t17,partial_only,159,0.919092,,,,,,,,,,,1,0,1,1,1
025_mug,s2_partial_only_025_mug_t18,partial_only,68,0.901313,,,,,,,,,,,1,0,1,1,0
025_mug,s2_partial_only_025_mug_t19,partial_only,82,0.906585,,,,,,,,,,,1,0,1,1,1
025_mug,s2_partial_only_025_mug_t20,partial_only,79,0.899951,,,,,,,,,,,1,0,1,1,0
025_mug,s2_partial_only_025_mug_t21,partial_only,227,0.848564,,,,,,,,,,,1,0,1,1,1
025_mug,s2_partial_only_025_mug_t22,partial_only,94,0.905576,,,,,,,,,,,1,0,1,1,1
025_mug,s2_partial_only_025_mug_t23,partial_only,297,0.814295,,,,,,,,,,,1,0,1,1,1
025_mug,s2_partial_only_025_mug_t24,partial_only,93,0.879111,,,,,,,,,,,1,0,1,1,1
051_large_clamp,s2_partial_only_051_large_clamp_t0,partial_only,0,0.964631,,,,,,,,,,,1,0,1,1,0
051_large_clamp,s2_partial_only_051_large_clamp_t1,partial_only,0,0.970997,,,,,,,,,,,1,0,1,1,1
051_large_clamp,s2_partial_only_051_large_clamp_t2,partial_only,21,0.937586,,,,,,,,,,,1,0,1,1,0
051_large_clamp,s2_partial_only_051_large_clamp_t3,partial_only,0,0.969588,,,,,,,,,,,1,0,1,1,0
051_large_clamp,s2_partial_only_051_large_clamp_t4,partial_only,0,0.967102,,,,,,,,,,,1,0,1,1,0
051_large_clamp,s2_partial_only_051_large_clamp_t5,partial_only,2,0.960453,,,,,,,,,,,1,0,1,1,0
051_large_clamp,s2_partial_only_051_large_clamp_t6,partial_only,0,0.977212,,,,,,,,,,,1,0,1,1,1
051_large_clamp,s2_partial_only_051_large_clamp_t7,partial_only,16,0.948235,,,,,,,,,,,1,0,1,1,0
051_large_clamp,s2_partial_only_051_large_clamp_t8,partial_only,0,0.964638,,,,,,,,,,,1,0,1,1,1
051_large_clamp,s2_partial_only_051_large_clamp_t9,partial_only,0,0.949421,,,,,,,,,,,1,0,1,1,0
051_large_clamp,s2_partial_only_051_large_clamp_t10,partial_only,23,0.967137,,,,,,,,,,,1,0,1,1,0
051_large_clamp,s2_partial_only_051_large_clamp_t11,partial_only,1,0.965699,,,,,,,,,,,1,0,1,1,1
051_large_clamp,s2_partial_only_051_large_clamp_t12,partial_only,4,0.967446,,,,,,,,,,,1,0,1,1,1
051_large_clamp,s2_partial_only_051_large_clamp_t13,partial_only,6,0.964266,,,,,,,,,,,1,0,1,1,0
051_large_clamp,s2_partial_only_051_large_clamp_t14,partial_only,0,0.959349,,,,,,,,,,,1,0,1,1,1
051_large_clamp,s2_partial_only_051_large_clamp_t15,partial_only,0,0.983529,,,,,,,,,,,1,0,1,1,0
051_large_clamp,s2_partial_only_051_large_clamp_t16,partial_only,10,0.976105,,,,,,,,,,,1,0,1,1,1
051_large_clamp,s2_partial_only_051_large_clamp_t17,partial_only,0,0.970950,,,,,,,,,,,1,0,1,1,1
051_large_clamp,s2_partial_only_051_large_clamp_t18,partial_only,2,0.972390,,,,,,,,,,,1,0,1,1,1
051_large_clamp,s2_partial_only_051_large_clamp_t19,partial_only,4,0.953087,,,,,,,,,,,1,0,1,1,0
051_large_clamp,s2_partial_only_051_large_clamp_t20,partial_only,0,0.969153,,,,,,,,,,,1,0,1,1,0
051_large_clamp,s2_partial_only_051_large_clamp_t21,partial_only,0,0.970860,,,,,,,,,,,1,0,1,1,0
051_large_clamp,s2_partial_only_051_large_clamp_t22,partial_only,0,0.955104,,,,,,,,,,,1,0,1,1,1
051_large_clamp,s2_partial_only_051_large_clamp_t23,partial_only,101,0.930312,,,,,,,,,,,1,0,1,1,0
051_large_clamp,s2_partial_only_051_large_clamp_t24,partial_only,0,0.976054,,,,,,,,,,,1,0,1,1,1
022_windex_bottle,s2_complete_only_022_windex_bottle_t0,complete_only,84,0.903635,0.038365,4.329944e-03,6.758677e-03,640,0.025577,4.926178e-03,0.051154,3.199614e-03,4.654334e-01,15,1,0,1,1,0
022_windex_bottle,s2_complete_only_022_windex_bottle_t1,complete_only,240,0.914551,0.045662,1.032294e-05,2.333095e-05,5070,0.030442,5.193376e-06,0.060883,1.544921e-05,3.361601e-01,187,1,0,1,1,0
022_windex_bottle,s2_complete_only_022_windex_bottle_t2,complete_only,4,0.932142,0.032167,3.638860e-05,2.475756e-04,1105,0.021444,1.952188e-05,0.042889,7.614067e-05,1.105802e-01,204,1,0,1,1,0
022_windex_bottle,s2_complete_only_022_windex_bottle_t3,complete_only,0,0.952037,0.040599,4.330598e-05,2.424758e-04,1226,0.027066,4.452502e-05,0.054132,6.092440e-05,3.077286e-01,36,1,0,1,1,0
022_windex_bottle,s2_complete_only_022_windex_bottle_t4,complete_only,4,0.929483,0.041871,4.199404e-06,8.235601e-06,5582,0.027914,2.504525e-06,0.055828,7.956122e-06,1.203968e+00,832,1,0,1,1,0
022_windex_bottle,s2_complete_only_022_windex_bottle_t5,complete_only,539,0.798149,0.039746,1.966224e-03,5.405811e-03,336,0.026497,2.662530e-03,0.052995,1.655208e-03,2.694123e-01,26,1,0,1,1,0
022_windex_bottle,s2_complete_only_022_windex_bottle_t6,complete_only,52,0.927722,0.029299,7.323095e-05,7.536689e-05,986,0.019533,3.790479e-05,0.039066,6.103313e-05,4.149620e-01,385,1,0,1,1,0
022_windex_bottle,s2_complete_only_022_windex_bottle_t7,complete_only,5,0.949625,0.041998,2.395548e-05,1.152744e-04,1450,0.027999,1.741972e-05,0.055998,4.724273e-05,1.514221e-01,211,1,0,1,1,0
022_windex_bottle,s2_complete_only_022_windex_bottle_t8,complete_only,7,0.955799,0.045711,8.688255e-06,2.098303e-05,5471,0.030474,3.800528e-06,0.060948,1.670425e-05,9.665915e-01,667,1,0,1,1,0
022_windex_bottle,s2_complete_only_022_windex_bottle_t9,complete_only,111,0.859225,0.038646,2.696362e-03,5.075782e-03,278,0.025764,2.872507e-03,0.051528,7.718385e-04,2.524917e-01,10,1,0,1,1,0
022_windex_bottle,s2_complete_only_022_windex_bottle_t10,complete_only,3,0.946552,0.042294,2.021819e-05,1.339171e-04,1203,0.028196,6.368117e-06,0.056392,5.075232e-05,3.458769e-01,247,1,0,1,1,0
022_windex_bottle,s2_complete_only_022_windex_bottle_t11,complete_only,4,0.941072,0.042365,9.954556e-06,3.748655e-05,966,0.028243,1.685973e-06,0.056487,3.697982e-05,0.000000e+00,103,1,0,1,1,0
022_windex_bottle,s2_complete_only_022_windex_bottle_t12,complete_only,149,0.891505,0.040897,5.548117e-04,1.406500e-03,839,0.027265,5.299949e-04,0.054530,5.563277e-04,8.056741e-01,36,1,0,1,1,0
022_windex_bottle,s2_complete_only_022_windex_bottle_t13,complete_only,370,0.786260,0.004882,1.370452e-06,4.799437e-06,515,0.003255,1.007299e-06,0.006510,2.228008e-06,4.134599e+00,8173,1,0,1,1,0
022_windex_bottle,s2_complete_only_022_windex_bottle_t14,complete_only,0,0.928834,0.041861,4.109857e-06,1.095914e-05,5269,0.027908,2.981972e-06,0.055815,7.223386e-06,1.966189e+00,1288,1,0,1,1,0
022_windex_bottle,s2_complete_only_022_windex_bottle_t15,complete_only,2,0.917654,0.032184,1.411411e-04,5.390267e-04,1042,0.021456,9.126970e-05,0.042912,1.649723e-04,1.081202e+00,479,1,0,1,1,0
022_windex_bottle,s2_complete_only_022_windex_bottle_t16,complete_only,3,0.943538,0.039756,3.078353e-04,1.433058e-03,1449,0.026504,2.405076e-04,0.053009,3.083222e-04,1.577906e+00,333,1,0,1,1,0
022_windex_bottle,s2_complete_only_022_windex_bottle_t17,complete_only,1,0.951040,0.042024,1.872698e-05,5.012477e-05,952,0.028016,1.928746e-07,0.056032,4.420093e-05,0.000000e+00,145,1,0,1,1,0
022_windex_bottle,s2_complete_only_022_windex_bottle_t18,complete_only,0,0.932038,0.039326,7.934825e-05,5.330386e-04,2290,0.026217,1.298849e-04,0.052434,5.461863e-05,1.886037e+00,1089,1,0,1,1,1
022_windex_bottle,s2_complete_only_022_windex_bottle_t19,complete_only,0,0.952063,0.042387,7.386480e-05,4.237481e-04,1985,0.028258,3.899273e-05,0.056516,1.666797e-04,9.553712e-01,457,1,0,1,1,0
022_windex_bottle,s2_complete_only_022_windex_bottle_t20,complete_only,736,0.632259,0.040756,5.468442e-04,3.157025e-03,1989,0.027171,9.969954e-04,0.054342,4.498871e-04,3.647054e+00,1249,1,0,1,1,0
022_windex_bottle,s2_complete_only_022_windex_bottle_t21,complete_only,146,0.902948,0.045908,3.002407e-05,8.157112e-05,4238,0.030606,2.251556e-05,0.061211,4.659984e-05,2.744298e-01,66,1,0,1,1,0
022_windex_bottle,s2_complete_only_022_windex_bottle_t22,complete_only,1,0.953494,0.041698,1.746260e-04,1.106661e-03,1819,0.027799,1.712865e-04,0.055597,2.285105e-04,5.153082e-01,346,1,0,1,1,0
022_windex_bottle,s2_complete_only_022_windex_bottle_t23,complete_only,41,0.930861,0.046078,2.440961e-05,1.514925e-04,5200,0.030719,4.410936e-05,0.061437,3.222098e-05,7.339272e-01,391,1,0,1,1,0
022_windex_bottle,s2_complete_only_022_windex_bottle_t24,complete_only,15,0.884371,0.038993,5.912293e-06,1.909495e-05,3691,0.025995,3.012553e-06,0.051991,8.936385e-06,6.695979e-01,560,1,0,1,1,0
006_mustard_bottle,s2_epi_max_006_mustard_bottle_t0,complete_epi,0,0.916384,0.032013,1.387412e-05,2.488603e-05,2166,0.021342,4.027129e-06,0.042684,2.110086e-05,6.429070e-01,756,1,0,1,1,1
006_mustard_bottle,s2_epi_max_006_mustard_bottle_t1,complete_epi,130,0.882391,0.032397,4.682522e-06,2.131502e-05,1709,0.021598,7.316524e-06,0.043195,4.446569e-06,1.809140e-01,142,1,0,1,1,0
006_mustard_bottle,s2_epi_max_006_mustard_bottle_t2,complete_epi,3,0.930812,0.030258,7.490232e-06,2.477892e-05,1587,0.020172,5.570676e-06,0.040344,8.528248e-06,7.903145e-01,345,1,0,1,1,1
006_mustard_bottle,s2_epi_max_006_mustard_bottle_t3,complete_epi,0,0.910864,0.032530,5.606077e-06,1.087469e-05,1690,0.021687,5.956778e-06,0.043373,5.263703e-06,7.179774e-01,503,1,0,1,1,1
006_mustard_bottle,s2_epi_max_006_mustard_bottle_t4,complete_epi,35,0.898763,0.030826,1.058208e-05,3.140961e-05,1605,0.020550,9.394241e-06,0.041101,1.069159e-05,5.820257e-01,274,1,0,1,1,1
006_mustard_bottle,s2_epi_max_006_mustard_bottle_t5,complete_epi,455,0.836675,0.031427,2.572772e-05,1.001524e-04,2006,0.020951,1.709590e-05,0.041902,2.953056e-05,2.845768e-01,455,1,0,1,1,1
006_mustard_bottle,s2_epi_max_006_mustard_bottle_t6,complete_epi,6,0.880661,0.031978,3.838373e-06,6.540225e-06,1791,0.021319,4.033785e-06,0.042638,3.396136e-06,6.577157e-01,523,1,0,1,1,0
006_mustard_bottle,s2_epi_max_006_mustard_bottle_t7,complete_epi,51,0.860610,0.031136,5.824217e-06,1.417556e-05,1741,0.020758,5.731421e-06,0.041515,5.436340e-06,6.002770e-01,434,1,0,1,1,1
006_mustard_bottle,s2_epi_max_006_mustard_bottle_t8,complete_epi,13,0.863036,0.032038,1.506974e-05,4.137665e-05,1512,0.021359,1.291279e-05,0.042718,1.685529e-05,8.687163e-01,354,1,0,1,1,1
006_mustard_bottle,s2_epi_max_006_mustard_bottle_t9,complete_epi,89,0.963790,0.014611,4.545154e-05,1.026802e-04,1407,0.009741,5.167427e-05,0.019481,4.052755e-05,1.842719e+00,731,1,0,1,1,0
006_mustard_bottle,s2_epi_max_006_mustard_bottle_t10,complete_epi,157,0.845458,0.033334,1.137602e-05,3.239499e-05,2119,0.022222,1.279247e-05,0.044445,8.704385e-06,8.006708e-01,463,1,0,1,1,1
006_mustard_bottle,s2_epi_max_006_mustard_bottle_t11,complete_epi,0,0.909235,0.032715,1.357470e-05,3.777974e-05,2048,0.021810,1.579490e-05,0.043620,1.216816e-05,8.133307e-01,479,1,0,1,1,1
006_mustard_bottle,s2_epi_max_006_mustard_bottle_t12,complete_epi,2,0.978649,0.024252,2.638343e-06,9.372622e-06,3295,0.016168,1.975048e-06,0.032337,3.175739e-06,6.731462e-01,1381,1,0,1,1,0
006_mustard_bottle,s2_epi_max_006_mustard_bottle_t13,complete_epi,2,0.864389,0.032817,5.832542e-06,1.421164e-05,1819,0.021878,5.629875e-06,0.043756,5.566086e-06,7.042000e-01,451,1,0,1,1,1
006_mustard_bottle,s2_epi_max_006_mustard_bottle_t14,complete_epi,62,0.866827,0.031307,9.752231e-06,2.328083e-05,1675,0.020871,8.003951e-06,0.041742,1.161339e-05,7.074234e-01,302,1,0,1,1,1
006_mustard_bottle,s2_epi_max_006_mustard_bottle_t15,complete_epi,4,0.948005,0.030503,7.516179e-06,2.962265e-05,1500,0.020336,6.260412e-06,0.040671,8.719325e-06,5.407962e-01,336,1,0,1,1,1
006_mustard_bottle,s2_epi_max_006_mustard_bottle_t16,complete_epi,3,0.932717,0.030382,2.530430e-06,9.117597e-06,1860,0.020255,2.096053e-06,0.040510,3.088651e-06,5.284719e-03,384,1,0,1,1,0
006_mustard_bottle,s2_epi_max_006_mustard_bottle_t17,complete_epi,62,0.852132,0.032856,9.102210e-06,2.535911e-05,1967,0.021904,7.894228e-06,0.043808,9.104210e-06,7.895571e-01,624,1,0,1,1,1
006_mustard_bottle,s2_epi_max_006_mustard_bottle_t18,complete_epi,946,0.761659,0.051734,7.136202e-06,1.355966e-05,3120,0.034490,3.485882e-06,0.068979,1.257714e-05,1.472114e-01,191,1,0,1,1,0
006_mustard_bottle,s2_epi_max_006_mustard_bottle_t19,complete_epi,214,0.855335,0.030822,4.440980e-06,8.253126e-06,1500,0.020548,4.809438e-06,0.041096,3.837359e-06,5.491954e-01,412,1,0,1,1,1
006_mustard_bottle,s2_epi_max_006_mustard_bottle_t20,complete_epi,4,0.884471,0.031179,6.969366e-06,1.782885e-05,1628,0.020786,5.679078e-06,0.041572,8.384257e-06,6.970543e-01,312,1,0,1,1,1
006_mustard_bottle,s2_epi_max_006_mustard_bottle_t21,complete_epi,1036,0.378800,0.041671,1.173385e-05,5.355671e-05,2064,0.027781,1.129518e-05,0.055562,1.055311e-05,8.495170e-01,628,1,0,1,1,1
006_mustard_bottle,s2_epi_max_006_mustard_bottle_t22,complete_epi,11,0.957439,0.019565,4.923367e-05,1.097162e-04,2319,0.013043,7.248778e-05,0.026087,3.028116e-05,3.396028e+00,834,1,0,1,1,0
006_mustard_bottle,s2_epi_max_006_mustard_bottle_t23,complete_epi,34,0.857831,0.032028,1.154518e-05,2.675101e-05,1580,0.021352,9.478080e-06,0.042704,1.170879e-05,6.485301e-01,279,1,0,1,1,1
011_banana,s2_epi_max_011_banana_t0,complete_epi,1543,0.584148,0.032968,1.947749e-04,1.205014e-03,2642,0.021979,3.367630e-04,0.043957,1.370250e-04,1.353802e+00,998,1,0,1,1,0
011_banana,s2_epi_max_011_banana_t1,complete_epi,1346,0.709282,0.031990,5.637990e-05,2.190584e-04,1219,0.021327,1.110648e-04,0.042653,2.493796e-05,2.687693e-01,327,1,0,1,1,0
011_banana,s2_epi_max_011_banana_t2,complete_epi,1101,0.746779,0.032204,8.238893e-05,3.840247e-04,2040,0.021469,1.652587e-04,0.042939,5.389370e-05,1.755953e+00,838,1,0,1,1,1
011_banana,s2_epi_max_011_banana_t3,complete_epi,1569,0.508724,0.032899,7.569698e-05,3.904658e-04,3843,0.021933,4.963876e-05,0.043866,9.851651e-05,6.352536e-01,593,1,0,1,1,0
011_banana,s2_epi_max_011_banana_t4,complete_epi,1622,0.429289,0.030773,1.409746e-04,6.621720e-04,1578,0.020516,2.622296e-04,0.041031,1.036099e-04,8.167814e-01,706,1,0,1,1,1
011_banana,s2_epi_max_011_banana_t5,complete_epi,1773,0.327560,0.031692,3.110077e-04,2.249961e-03,1383,0.021128,2.364641e-03,0.042257,2.434504e-04,8.976496e-01,256,1,0,1,1,0
011_banana,s2_epi_max_011_banana_t6,complete_epi,515,0.869308,0.032355,1.686609e-05,6.820582e-05,4649,0.021570,1.837711e-05,0.043140,1.326148e-05,1.271690e+00,952,1,0,1,1,1
011_banana,s2_epi_max_011_banana_t7,complete_epi,1564,0.580678,0.032077,7.415798e-05,5.180183e-04,1825,0.021385,1.518872e-04,0.042769,5.937245e-05,5.593214e-01,237,1,0,1,1,0
011_banana,s2_epi_max_011_banana_t8,complete_epi,1532,0.602831,0.031540,4.245488e-05,2.100962e-04,1906,0.021027,1.024414e-04,0.042054,3.666448e-05,6.588803e-01,467,1,0,1,1,0
011_banana,s2_epi_max_011_banana_t9,complete_epi,1088,0.797069,0.031879,5.064158e-05,8.917325e-05,2439,0.021253,4.546457e-05,0.042506,4.862881e-05,5.178138e-01,277,1,0,1,1,0
011_banana,s2_epi_max_011_banana_t10,complete_epi,1911,0.116738,0.030914,3.177789e-04,1.534080e-03,1852,0.020609,3.353460e-04,0.041218,2.754055e-04,1.064757e+00,661,1,0,1,1,1
011_banana,s2_epi_max_011_banana_t11,complete_epi,1840,0.266833,0.031371,2.229259e-04,1.230043e-03,1164,0.020914,4.030281e-04,0.041828,1.232082e-04,1.237625e+00,703,1,0,1,1,1
011_banana,s2_epi_max_011_banana_t12,complete_epi,829,0.829698,0.031717,1.481988e-05,6.060435e-05,2162,0.021145,3.983779e-05,0.042290,1.438241e-05,3.337022e-01,348,1,0,1,1,0
011_banana,s2_epi_max_011_banana_t13,complete_epi,1280,0.713603,0.032267,6.160832e-05,3.348308e-04,2852,0.021511,6.127354e-05,0.043022,7.849301e-05,8.568058e-01,651,1,0,1,1,0
011_banana,s2_epi_max_011_banana_t14,complete_epi,1496,0.654232,0.031717,2.026673e-05,9.936251e-05,1873,0.021145,3.829602e-05,0.042290,1.941756e-05,3.511179e-01,310,1,0,1,1,0
011_banana,s2_epi_max_011_banana_t15,complete_epi,1084,0.779639,0.032577,2.168050e-05,5.107580e-05,2603,0.021718,2.208553e-05,0.043436,2.565499e-05,4.295108e-01,450,1,0,1,1,1
011_banana,s2_epi_max_011_banana_t16,complete_epi,1844,0.232985,0.033691,4.536592e-05,2.045531e-04,2045,0.022461,6.092406e-05,0.044922,4.808339e-05,7.133928e-01,305,1,0,1,1,0
011_banana,s2_epi_max_011_banana_t17,complete_epi,1918,0.154831,0.030476,2.950538e-04,1.054330e-03,1286,0.020317,3.667529e-04,0.040634,2.189504e-04,7.994724e-01,258,1,0,1,1,0
011_banana,s2_epi_max_011_banana_t18,complete_epi,710,0.862400,0.031478,5.116051e-05,9.089082e-05,2495,0.020985,3.298065e-05,0.041970,6.022152e-05,7.876444e-01,607,1,0,1,1,0
011_banana,s2_epi_max_011_banana_t19,complete_epi,1738,0.338529,0.032488,6.201051e-06,1.900082e-05,2513,0.021658,6.192691e-06,0.043317,6.840236e-06,5.653775e-01,502,1,0,1,1,0
011_banana,s2_epi_max_011_banana_t20,complete_epi,333,0.892456,0.032858,3.853007e-05,1.910232e-04,3081,0.021906,3.357168e-05,0.043811,4.763132e-05,1.018392e+00,707,1,0,1,1,1
011_banana,s2_epi_max_011_banana_t21,complete_epi,1170,0.777811,0.032273,2.509788e-05,8.714503e-05,1828,0.021515,3.377671e-05,0.043031,2.403996e-05,1.786837e-01,264,1,0,1,1,0
011_banana,s2_epi_max_011_banana_t22,complete_epi,1822,0.340717,0.031166,1.587188e-05,6.006633e-05,1726,0.020777,2.123351e-05,0.041555,1.743671e-05,4.714240e-01,446,1,0,1,1,1
011_banana,s2_epi_max_011_banana_t23,complete_epi,1361,0.702600,0.031509,7.174403e-05,3.641401e-04,1303,0.021006,1.384780e-04,0.042012,4.416529e-05,8.826157e-01,551,1,0,1,1,0
011_banana,s2_epi_max_011_banana_t24,complete_epi,1509,0.644809,0.032027,1.483410e-05,4.597746e-05,1962,0.021352,2.464290e-05,0.042703,1.271823e-05,3.372464e-01,402,1,0,1,1,0
025_mug,s2_epi_mean_025_mug_t0,complete_epi,28,0.933282,0.020731,7.491077e-06,2.498414e-05,485,0.013821,1.260069e-05,0.027641,1.213467e-05,2.144291e-01,110,1,0,1,1,1
025_mug,s2_epi_mean_025_mug_t1,complete_epi,65,0.927434,0.019824,1.251492e-05,3.296678e-05,459,0.013216,1.870801e-05,0.026432,1.646188e-05,4.165575e-01,142,1,0,1,1,1
025_mug,s2_epi_mean_025_mug_t2,complete_epi,182,0.837187,0.020050,2.207699e-06,7.569986e-06,637,0.013366,2.041818e-06,0.026733,3.051194e-06,1.712102e-01,157,1,0,1,1,1
025_mug,s2_epi_mean_025_mug_t3,complete_epi,11,0.943138,0.022487,2.610417e-05,1.522280e-04,381,0.014991,6.272950e-05,0.029983,2.870535e-05,2.438825e-01,115,1,0,1,1,1
025_mug,s2_epi_mean_025_mug_t5,complete_epi,128,0.925104,0.020704,9.893210e-06,4.169232e-05,624,0.013802,1.619125e-05,0.027605,1.006111e-05,6.316716e-01,248,1,0,1,1,1
025_mug,s2_epi_mean_025_mug_t6,complete_epi,109,0.911419,0.024848,4.287249e-06,1.981887e-05,684,0.016565,5.110900e-06,0.033130,5.988646e-06,3.071387e-01,166,1,0,1,1,1
025_mug,s2_epi_mean_025_mug_t7,complete_epi,169,0.858565,0.022776,9.838107e-07,4.245323e-06,435,0.015184,2.078086e-06,0.030367,1.726889e-06,2.681525e-01,271,1,0,1,1,0
025_mug,s2_epi_mean_025_mug_t8,complete_epi,169,0.903017,0.020601,1.512546e-06,2.455226e-06,1027,0.013734,1.728175e-06,0.027468,1.833082e-06,6.151156e-01,558,1,0,1,1,1
025_mug,s2_epi_mean_025_mug_t9,complete_epi,100,0.931936,0.021149,7.706432e-06,2.620544e-05,465,0.014099,1.130563e-05,0.028199,1.067651e-05,2.865040e-01,158,1,0,1,1,1
025_mug,s2_epi_mean_025_mug_t11,complete_epi,33,0.942095,0.019734,2.376877e-06,1.122189e-05,711,0.013156,1.434899e-06,0.026312,3.079169e-06,3.149779e-01,303,1,0,1,1,1
025_mug,s2_epi_mean_025_mug_t13,complete_epi,65,0.897255,0.021577,1.139995e-06,1.818684e-06,1367,0.014385,1.229002e-06,0.028769,1.183261e-06,1.192378e-01,175,1,0,1,1,1
025_mug,s2_epi_mean_025_mug_t14,complete_epi,26,0.934332,0.020006,7.411617e-06,2.170847e-05,321,0.013338,1.685202e-05,0.026675,8.261016e-06,3.394576e-01,135,1,0,1,1,1
025_mug,s2_epi_mean_025_mug_t15,complete_epi,53,0.865899,0.020257,2.633948e-06,1.014381e-05,431,0.013504,4.517658e-06,0.027009,2.951966e-06,3.334961e-02,38,1,0,1,1,1
025_mug,s2_epi_mean_025_mug_t16,complete_epi,205,0.695217,0.020904,5.717584e-06,3.001131e-05,230,0.013936,1.339343e-06,0.027872,6.022328e-06,2.342042e-01,170,1,0,1,1,0
025_mug,s2_epi_mean_025_mug_t17,complete_epi,133,0.899137,0.019566,6.531597e-07,2.175566e-06,446,0.013044,1.390592e-06,0.026088,1.216541e-06,2.272292e-01,268,1,0,1,1,1
025_mug,s2_epi_mean_025_mug_t18,complete_epi,2,0.920744,0.020022,2.233630e-06,6.584826e-06,812,0.013348,2.345939e-06,0.026696,2.876581e-06,3.019352e-01,231,1,0,1,1,1
025_mug,s2_epi_mean_025_mug_t19,complete_epi,41,0.923379,0.020364,1.286636e-05,8.146744e-05,801,0.013576,3.847143e-05,0.027152,1.946403e-05,4.432353e-01,305,1,0,1,1,1
025_mug,s2_epi_mean_025_mug_t21,complete_epi,56,0.938385,0.021953,1.260044e-06,2.609344e-06,930,0.014635,1.298346e-06,0.029271,1.350894e-06,3.304512e-01,332,1,0,1,1,1
025_mug,s2_epi_mean_025_mug_t22,complete_epi,74,0.918332,0.020665,1.382849e-06,2.362091e-06,1279,0.013777,1.534735e-06,0.027553,1.384190e-06,1.558597e-01,213,1,0,1,1,1
025_mug,s2_epi_mean_025_mug_t23,complete_epi,114,0.914349,0.019715,1.105345e-05,3.475637e-05,592,0.013144,1.884487e-05,0.026287,1.738195e-05,4.168603e-01,169,1,0,1,1,1
025_mug,s2_epi_mean_025_mug_t24,complete_epi,227,0.906335,0.023021,3.505773e-05,1.482580e-04,517,0.015347,4.869433e-05,0.030694,4.007930e-05,1.160665e-01,54,1,0,1,1,1
051_large_clamp,s2_epi_mean_051_large_clamp_t0,complete_epi,5,0.955458,0.030638,7.148925e-08,1.282293e-06,930,0.020425,0.000000e+00,0.040851,1.103856e-07,0.000000e+00,209,1,0,1,1,0
051_large_clamp,s2_epi_mean_051_large_clamp_t1,complete_epi,0,0.967045,0.029145,0.000000e+00,0.000000e+00,672,0.019430,0.000000e+00,0.038860,1.419295e-07,0.000000e+00,163,1,0,1,1,0
051_large_clamp,s2_epi_mean_051_large_clamp_t2,complete_epi,6,0.967601,0.033762,2.272484e-06,1.280111e-05,2443,0.022508,2.133646e-06,0.045016,5.528831e-06,1.194407e-01,276,1,0,1,1,0
051_large_clamp,s2_epi_mean_051_large_clamp_t3,complete_epi,10,0.950628,0.031858,4.191312e-06,1.677538e-05,660,0.021239,5.476330e-05,0.042478,1.066898e-05,1.366737e-02,156,1,0,1,1,1
051_large_clamp,s2_epi_mean_051_large_clamp_t4,complete_epi,0,0.967122,0.029434,1.135406e-07,1.919535e-06,763,0.019623,0.000000e+00,0.039246,1.773871e-07,0.000000e+00,195,1,0,1,1,0
051_large_clamp,s2_epi_mean_051_large_clamp_t5,complete_epi,1,0.959806,0.031821,0.000000e+00,0.000000e+00,702,0.021214,0.000000e+00,0.042428,0.000000e+00,0.000000e+00,165,1,0,1,1,0
051_large_clamp,s2_epi_mean_051_large_clamp_t6,complete_epi,18,0.962140,0.030896,7.763564e-06,1.420436e-05,1709,0.020597,8.947498e-06,0.041195,1.054952e-05,2.345350e-01,264,1,0,1,1,1
051_large_clamp,s2_epi_mean_051_large_clamp_t7,complete_epi,132,0.950944,0.030777,2.099848e-06,8.712780e-06,2524,0.020518,2.193631e-06,0.041036,3.666581e-06,4.652145e-01,471,1,0,1,1,1
051_large_clamp,s2_epi_mean_051_large_clamp_t8,complete_epi,0,0.963402,0.029285,0.000000e+00,0.000000e+00,622,0.019524,0.000000e+00,0.039047,0.000000e+00,0.000000e+00,173,1,0,1,1,0
051_large_clamp,s2_epi_mean_051_large_clamp_t9,complete_epi,1,0.955467,0.030783,5.787562e-08,1.226767e-06,1153,0.020522,0.000000e+00,0.041044,1.101133e-07,0.000000e+00,220,1,0,1,1,1
051_large_clamp,s2_epi_mean_051_large_clamp_t10,complete_epi,39,0.945186,0.032323,0.000000e+00,0.000000e+00,605,0.021549,0.000000e+00,0.043097,9.483386e-07,0.000000e+00,131,1,0,1,1,0
051_large_clamp,s2_epi_mean_051_large_clamp_t11,complete_epi,60,0.928872,0.032038,0.000000e+00,0.000000e+00,638,0.021359,0.000000e+00,0.042717,2.299690e-06,0.000000e+00,144,1,0,1,1,0
051_large_clamp,s2_epi_mean_051_large_clamp_t12,complete_epi,0,0.979385,0.019927,1.327723e-05,1.899578e-04,1869,0.013284,5.688545e-05,0.026569,1.969268e-05,1.710736e+00,2103,1,0,1,1,1
051_large_clamp,s2_epi_mean_051_large_clamp_t13,complete_epi,8,0.956604,0.031869,2.355933e-06,8.341315e-06,2336,0.021246,5.335733e-06,0.042493,3.989177e-06,8.251718e-01,588,1,0,1,1,1
051_large_clamp,s2_epi_mean_051_large_clamp_t15,complete_epi,14,0.967280,0.033337,7.600409e-07,5.010409e-06,1462,0.022225,1.153265e-06,0.044449,1.095904e-06,3.231727e-02,225,1,0,1,1,1
051_large_clamp,s2_epi_mean_051_large_clamp_t16,complete_epi,1,0.975884,0.031748,1.236677e-06,3.141891e-06,2591,0.021166,1.257864e-06,0.042331,3.760952e-06,5.221092e-01,603,1,0,1,1,1
051_large_clamp,s2_epi_mean_051_large_clamp_t17,complete_epi,75,0.940259,0.030671,3.364556e-05,2.348721e-04,1154,0.020448,2.256427e-04,0.040895,5.481942e-05,2.468108e-01,201,1,0,1,1,0
051_large_clamp,s2_epi_mean_051_large_clamp_t18,complete_epi,10,0.967525,0.032180,1.165889e-04,1.493262e-03,974,0.021454,7.995654e-04,0.042907,5.560729e-05,4.300997e-01,261,1,0,1,1,1
051_large_clamp,s2_epi_mean_051_large_clamp_t19,complete_epi,53,0.962960,0.029911,2.557076e-06,7.359226e-06,2010,0.019941,3.452917e-06,0.039881,3.142299e-06,6.992167e-01,561,1,0,1,1,0
051_large_clamp,s2_epi_mean_051_large_clamp_t20,complete_epi,12,0.967522,0.032922,2.348698e-05,1.999938e-04,1514,0.021948,6.928829e-05,0.043895,4.452186e-05,3.388027e-01,251,1,0,1,1,0
051_large_clamp,s2_epi_mean_051_large_clamp_t21,complete_epi,0,0.968097,0.029972,5.516737e-07,3.992489e-06,794,0.019981,1.298754e-06,0.039963,9.414507e-07,0.000000e+00,146,1,0,1,1,1
051_large_clamp,s2_epi_mean_051_large_clamp_t22,complete_epi,128,0.936096,0.030622,1.180947e-05,3.054609e-05,2649,0.020415,9.905412e-06,0.040830,1.225240e-05,9.839603e-01,528,1,0,1,1,1
051_large_clamp,s2_epi_mean_051_large_clamp_t23,complete_epi,0,0.968264,0.028913,0.000000e+00,0.000000e+00,669,0.019275,0.000000e+00,0.038550,0.000000e+00,0.000000e+00,166,1,0,1,1,0
051_large_clamp,s2_epi_mean_051_large_clamp_t24,complete_epi,12,0.962836,0.030941,3.823905e-06,1.401751e-05,2300,0.020627,4.591476e-06,0.041254,1.048814e-05,4.464286e-01,443,1,0,1,1,0
022_windex_bottle,s2_hetero_patch_022_windex_bottle_t0,hetero_patch,1170,0.497483,0.038365,3.314850e-05,1.716516e-04,2878,0.025577,8.461439e-05,0.051154,2.597739e-05,1.060647e+00,627,1,0,1,1,0
022_windex_bottle,s2_hetero_patch_022_windex_bottle_t1,hetero_patch,20,0.931936,0.045855,7.658965e-06,2.904311e-05,5103,0.030570,5.550172e-06,0.061140,9.266925e-06,7.095351e-01,370,1,0,1,1,0
022_windex_bottle,s2_hetero_patch_022_windex_bottle_t2,hetero_patch,2,0.931190,0.032175,1.148307e-05,5.878993e-05,1164,0.021450,7.466076e-06,0.042901,1.933364e-05,5.729680e-01,471,1,0,1,1,0
022_windex_bottle,s2_hetero_patch_022_windex_bottle_t3,hetero_patch,0,0.956784,0.040602,5.913827e-06,3.679707e-05,2214,0.027068,6.777624e-06,0.054136,8.839894e-06,2.314234e-01,212,1,0,1,1,0
022_windex_bottle,s2_hetero_patch_022_windex_bottle_t4,hetero_patch,122,0.903915,0.041769,5.576534e-06,1.284727e-05,4814,0.027846,4.388644e-06,0.055693,6.196629e-06,2.621037e-01,229,1,0,1,1,0
022_windex_bottle,s2_hetero_patch_022_windex_bottle_t5,hetero_patch,735,0.718775,0.039748,2.239634e-05,1.036666e-04,1667,0.026499,3.138745e-05,0.052997,3.151809e-05,1.837042e-01,24,1,0,1,1,0
022_windex_bottle,s2_hetero_patch_022_windex_bottle_t6,hetero_patch,118,0.910492,0.029311,9.330736e-06,2.368013e-05,1458,0.019540,9.588766e-06,0.039081,9.380269e-06,1.574403e-01,244,1,0,1,1,0
022_windex_bottle,s2_hetero_patch_022_windex_bottle_t7,hetero_patch,1,0.955420,0.042058,1.340772e-05,4.722729e-05,1516,0.028039,9.398399e-06,0.056077,1.928415e-05,4.202661e-01,270,1,0,1,1,0
022_windex_bottle,s2_hetero_patch_022_windex_bottle_t8,hetero_patch,36,0.946538,0.045685,9.414470e-06,2.894015e-05,5212,0.030457,7.117786e-06,0.060914,1.150955e-05,6.975405e-01,350,1,0,1,1,0
022_windex_bottle,s2_hetero_patch_022_windex_bottle_t9,hetero_patch,1454,0.392203,0.038593,2.849365e-05,1.194598e-04,3558,0.025729,4.307586e-05,0.051458,2.479772e-05,2.425742e+00,1196,1,0,1,1,0
022_windex_bottle,s2_hetero_patch_022_windex_bottle_t10,hetero_patch,0,0.940152,0.043218,8.448161e-06,2.165704e-05,1064,0.028812,5.190650e-06,0.057624,1.235153e-05,2.009114e-01,203,1,0,1,1,0
022_windex_bottle,s2_hetero_patch_022_windex_bottle_t11,hetero_patch,5,0.941019,0.042365,8.361593e-06,4.251322e-05,988,0.028244,3.627509e-06,0.056487,1.868104e-05,2.194411e-01,229,1,0,1,1,0
022_windex_bottle,s2_hetero_patch_022_windex_bottle_t12,hetero_patch,209,0.865471,0.040902,7.101348e-06,1.791526e-05,4959,0.027268,5.255923e-06,0.054536,8.552490e-06,6.578974e-01,444,1,0,1,1,0
022_windex_bottle,s2_hetero_patch_022_windex_bottle_t13,hetero_patch,2,0.933422,0.040940,5.721979e-06,2.634803e-05,2514,0.027293,5.250660e-06,0.054586,8.676802e-06,2.591360e-01,149,1,0,1,1,0
022_windex_bottle,s2_hetero_patch_022_windex_bottle_t14,hetero_patch,151,0.873691,0.041959,4.852650e-06,1.211399e-05,4898,0.027973,4.225119e-06,0.055946,6.078018e-06,1.171557e+00,713,1,0,1,1,0
022_windex_bottle,s2_hetero_patch_022_windex_bottle_t15,hetero_patch,3,0.913215,0.032180,1.471711e-05,5.089196e-05,1048,0.021453,1.438185e-05,0.042907,1.639043e-05,8.663404e-01,464,1,0,1,1,0
022_windex_bottle,s2_hetero_patch_022_windex_bottle_t16,hetero_patch,15,0.936294,0.039756,3.230594e-05,1.244056e-04,1055,0.026504,2.210924e-05,0.053008,3.365998e-05,7.132587e-01,271,1,0,1,1,0
022_windex_bottle,s2_hetero_patch_022_windex_bottle_t17,hetero_patch,1,0.943068,0.043782,1.018720e-05,3.939598e-05,1020,0.029188,2.332172e-07,0.058376,1.553830e-05,0.000000e+00,147,1,0,1,1,0
022_windex_bottle,s2_hetero_patch_022_windex_bottle_t18,hetero_patch,1,0.926577,0.039318,2.587860e-05,9.871064e-05,2428,0.026212,2.619885e-05,0.052424,1.755263e-05,1.938860e+00,1028,1,0,1,1,1
022_windex_bottle,s2_hetero_patch_022_windex_bottle_t19,hetero_patch,0,0.961777,0.043247,1.298434e-05,4.830433e-05,1870,0.028831,8.370278e-06,0.057662,2.283548e-05,4.987792e-01,313,1,0,1,1,0
022_windex_bottle,s2_hetero_patch_022_windex_bottle_t20,hetero_patch,524,0.694911,0.040741,2.648199e-05,1.020763e-04,2375,0.027160,3.385875e-05,0.054321,2.800401e-05,1.309205e+00,843,1,0,1,1,0
022_windex_bottle,s2_hetero_patch_022_windex_bottle_t21,hetero_patch,107,0.909859,0.045860,1.644868e-05,4.559045e-05,2126,0.030573,1.313388e-05,0.061147,2.355512e-05,5.213775e-01,250,1,0,1,1,0
022_windex_bottle,s2_hetero_patch_022_windex_bottle_t22,hetero_patch,2,0.949479,0.041670,9.485710e-06,5.259015e-05,1223,0.027780,6.839559e-06,0.055560,1.553736e-05,1.597148e-01,198,1,0,1,1,0
022_windex_bottle,s2_hetero_patch_022_windex_bottle_t23,hetero_patch,12,0.935185,0.046078,1.140897e-05,5.537989e-05,5954,0.030719,1.062537e-05,0.061438,1.361606e-05,6.086075e-01,223,1,0,1,1,0
022_windex_bottle,s2_hetero_patch_022_windex_bottle_t24,hetero_patch,168,0.839809,0.039003,6.190041e-06,1.373800e-05,4027,0.026002,3.896074e-06,0.052004,7.333801e-06,1.303661e+00,763,1,0,1,1,0
006_mustard_bottle,s2_duarte_mcd_006_mustard_bottle_t0,duarte_mcd,2,0.923333,,,,,,,,,2.733956e-01,487,1,0,1,1,1
006_mustard_bottle,s2_duarte_mcd_006_mustard_bottle_t1,duarte_mcd,142,0.951763,,,,,,,,,3.788736e-01,327,1,0,1,1,0
006_mustard_bottle,s2_duarte_mcd_006_mustard_bottle_t2,duarte_mcd,51,0.921980,,,,,,,,,1.207627e-01,264,1,0,1,1,0
006_mustard_bottle,s2_duarte_mcd_006_mustard_bottle_t3,duarte_mcd,181,0.871021,,,,,,,,,1.207062e-01,210,1,0,1,1,1
006_mustard_bottle,s2_duarte_mcd_006_mustard_bottle_t4,duarte_mcd,21,0.940647,,,,,,,,,1.204123e-01,369,1,0,1,1,0
006_mustard_bottle,s2_duarte_mcd_006_mustard_bottle_t5,duarte_mcd,10,0.870609,,,,,,,,,2.560123e-01,370,1,0,1,1,1
006_mustard_bottle,s2_duarte_mcd_006_mustard_bottle_t6,duarte_mcd,129,0.881449,,,,,,,,,2.160143e-01,299,1,0,1,1,1
006_mustard_bottle,s2_duarte_mcd_006_mustard_bottle_t7,duarte_mcd,393,0.795268,,,,,,,,,5.372743e-02,877,1,0,1,1,1
006_mustard_bottle,s2_duarte_mcd_006_mustard_bottle_t8,duarte_mcd,149,0.896256,,,,,,,,,1.432365e-01,321,1,0,1,1,1
006_mustard_bottle,s2_duarte_mcd_006_mustard_bottle_t9,duarte_mcd,0,0.950040,,,,,,,,,3.726259e-01,634,1,0,1,1,1
006_mustard_bottle,s2_duarte_mcd_006_mustard_bottle_t10,duarte_mcd,0,0.893861,,,,,,,,,3.054143e-01,272,1,0,1,1,1
006_mustard_bottle,s2_duarte_mcd_006_mustard_bottle_t11,duarte_mcd,77,0.848803,,,,,,,,,8.437607e-02,179,1,0,1,1,1
006_mustard_bottle,s2_duarte_mcd_006_mustard_bottle_t12,duarte_mcd,670,0.785462,,,,,,,,,3.745172e-03,641,1,0,1,1,1
006_mustard_bottle,s2_duarte_mcd_006_mustard_bottle_t13,duarte_mcd,99,0.899888,,,,,,,,,2.631845e-01,287,1,0,1,1,1
006_mustard_bottle,s2_duarte_mcd_006_mustard_bottle_t14,duarte_mcd,214,0.902507,,,,,,,,,2.220484e-01,282,1,0,1,1,1
006_mustard_bottle,s2_duarte_mcd_006_mustard_bottle_t15,duarte_mcd,1,0.955445,,,,,,,,,3.637679e-03,633,1,0,1,1,0
006_mustard_bottle,s2_duarte_mcd_006_mustard_bottle_t16,duarte_mcd,6,0.938784,,,,,,,,,1.236999e-01,442,1,0,1,1,1
006_mustard_bottle,s2_duarte_mcd_006_mustard_bottle_t17,duarte_mcd,163,0.864439,,,,,,,,,2.344012e-01,342,1,0,1,1,1
006_mustard_bottle,s2_duarte_mcd_006_mustard_bottle_t18,duarte_mcd,288,0.853093,,,,,,,,,4.399636e-01,106,1,0,1,1,0
006_mustard_bottle,s2_duarte_mcd_006_mustard_bottle_t19,duarte_mcd,57,0.945395,,,,,,,,,3.146753e-01,374,1,0,1,1,0
006_mustard_bottle,s2_duarte_mcd_006_mustard_bottle_t20,duarte_mcd,37,0.915117,,,,,,,,,2.246429e-01,328,1,0,1,1,1
006_mustard_bottle,s2_duarte_mcd_006_mustard_bottle_t21,duarte_mcd,189,0.890515,,,,,,,,,5.984420e-02,252,1,0,1,1,1
006_mustard_bottle,s2_duarte_mcd_006_mustard_bottle_t22,duarte_mcd,54,0.865125,,,,,,,,,3.499695e-01,364,1,0,1,1,1
006_mustard_bottle,s2_duarte_mcd_006_mustard_bottle_t23,duarte_mcd,36,0.944335,,,,,,,,,2.101664e-01,1119,1,0,1,1,1
006_mustard_bottle,s2_duarte_mcd_006_mustard_bottle_t24,duarte_mcd,10,0.944252,,,,,,,,,9.613951e-02,411,1,0,1,1,1
011_banana,s2_duarte_mcd_011_banana_t0,duarte_mcd,1449,0.662038,,,,,,,,,5.595728e-01,641,1,0,1,1,0
011_banana,s2_duarte_mcd_011_banana_t1,duarte_mcd,1399,0.677783,,,,,,,,,1.432546e-01,320,1,0,1,1,0
011_banana,s2_duarte_mcd_011_banana_t2,duarte_mcd,1018,0.830382,,,,,,,,,3.831658e-01,634,1,0,1,1,1
011_banana,s2_duarte_mcd_011_banana_t3,duarte_mcd,1782,0.361176,,,,,,,,,6.650137e-01,767,1,0,1,1,0
011_banana,s2_duarte_mcd_011_banana_t4,duarte_mcd,1359,0.715627,,,,,,,,,5.218181e-01,645,1,0,1,1,0
011_banana,s2_duarte_mcd_011_banana_t5,duarte_mcd,1801,0.268603,,,,,,,,,7.122294e-01,833,1,0,1,1,0
011_banana,s2_duarte_mcd_011_banana_t6,duarte_mcd,951,0.823424,,,,,,,,,7.899129e-01,837,1,0,1,1,1
011_banana,s2_duarte_mcd_011_banana_t7,duarte_mcd,1465,0.618087,,,,,,,,,2.319543e-01,392,1,0,1,1,1
011_banana,s2_duarte_mcd_011_banana_t8,duarte_mcd,1642,0.502499,,,,,,,,,6.933064e-01,787,1,0,1,1,1
011_banana,s2_duarte_mcd_011_banana_t9,duarte_mcd,1187,0.756719,,,,,,,,,7.667904e-01,1100,1,0,1,1,0
011_banana,s2_duarte_mcd_011_banana_t10,duarte_mcd,1895,0.169828,,,,,,,,,3.877532e-02,135,1,0,1,1,0
011_banana,s2_duarte_mcd_011_banana_t11,duarte_mcd,1906,0.127763,,,,,,,,,3.501420e-01,452,1,0,1,1,0
011_banana,s2_duarte_mcd_011_banana_t12,duarte_mcd,837,0.835845,,,,,,,,,1.609067e+00,1134,1,0,1,1,1
011_banana,s2_duarte_mcd_011_banana_t13,duarte_mcd,1824,0.216213,,,,,,,,,7.316670e-01,744,1,0,1,1,0
011_banana,s2_duarte_mcd_011_banana_t14,duarte_mcd,1392,0.696465,,,,,,,,,4.699878e-01,655,1,0,1,1,0
011_banana,s2_duarte_mcd_011_banana_t15,duarte_mcd,976,0.818633,,,,,,,,,6.132231e-01,798,1,0,1,1,1
011_banana,s2_duarte_mcd_011_banana_t16,duarte_mcd,1475,0.628647,,,,,,,,,8.929204e-01,711,1,0,1,1,0
011_banana,s2_duarte_mcd_011_banana_t17,duarte_mcd,1826,0.254163,,,,,,,,,1.948477e-01,304,1,0,1,1,1
011_banana,s2_duarte_mcd_011_banana_t18,duarte_mcd,982,0.838033,,,,,,,,,2.880732e-01,508,1,0,1,1,1
011_banana,s2_duarte_mcd_011_banana_t19,duarte_mcd,1491,0.624661,,,,,,,,,3.535529e-01,544,1,0,1,1,1
011_banana,s2_duarte_mcd_011_banana_t20,duarte_mcd,1019,0.856578,,,,,,,,,4.433094e-01,685,1,0,1,1,1
011_banana,s2_duarte_mcd_011_banana_t21,duarte_mcd,1313,0.716610,,,,,,,,,5.040537e-01,463,1,0,1,1,0
011_banana,s2_duarte_mcd_011_banana_t22,duarte_mcd,1454,0.665829,,,,,,,,,7.149680e-03,192,1,0,1,1,1
011_banana,s2_duarte_mcd_011_banana_t23,duarte_mcd,1578,0.585680,,,,,,,,,2.157861e-01,375,1,0,1,1,1
011_banana,s2_duarte_mcd_011_banana_t24,duarte_mcd,988,0.816217,,,,,,,,,4.596012e-01,827,1,0,1,1,1
025_mug,s3_partial_only_025_mug_t0,partial_only,190,0.853833,,,,,,,,,,,1,0,1,1,1
025_mug,s3_partial_only_025_mug_t1,partial_only,129,0.865633,,,,,,,,,,,1,0,1,1,1
025_mug,s3_partial_only_025_mug_t2,partial_only,119,0.881625,,,,,,,,,,,1,0,1,1,1
025_mug,s3_partial_only_025_mug_t4,partial_only,196,0.848331,,,,,,,,,,,1,0,1,1,1
025_mug,s3_partial_only_025_mug_t5,partial_only,89,0.884029,,,,,,,,,,,1,0,1,1,1
025_mug,s3_partial_only_025_mug_t6,partial_only,156,0.893069,,,,,,,,,,,1,0,1,1,1
025_mug,s3_partial_only_025_mug_t7,partial_only,115,0.889709,,,,,,,,,,,1,0,1,1,1
025_mug,s3_partial_only_025_mug_t8,partial_only,121,0.925286,,,,,,,,,,,1,0,1,1,1
025_mug,s3_partial_only_025_mug_t10,partial_only,114,0.890594,,,,,,,,,,,1,0,1,1,1
025_mug,s3_partial_only_025_mug_t11,partial_only,182,0.851702,,,,,,,,,,,1,0,1,1,1
025_mug,s3_partial_only_025_mug_t12,partial_only,159,0.906035,,,,,,,,,,,1,0,1,1,1
025_mug,s3_partial_only_025_mug_t13,partial_only,163,0.868732,,,,,,,,,,,1,0,1,1,1
025_mug,s3_partial_only_025_mug_t15,partial_only,100,0.878389,,,,,,,,,,,1,0,1,1,1
025_mug,s3_partial_only_025_mug_t16,partial_only,79,0.915902,,,,,,,,,,,1,0,1,1,1
025_mug,s3_partial_only_025_mug_t18,partial_only,39,0.918353,,,,,,,,,,,1,0,1,1,1
025_mug,s3_partial_only_025_mug_t20,partial_only,170,0.889158,,,,,,,,,,,1,0,1,1,1
025_mug,s3_partial_only_025_mug_t21,partial_only,236,0.903211,,,,,,,,,,,1,0,1,1,1
025_mug,s3_partial_only_025_mug_t22,partial_only,155,0.863415,,,,,,,,,,,1,0,1,1,1
025_mug,s3_partial_only_025_mug_t23,partial_only,56,0.920956,,,,,,,,,,,1,0,1,1,1
025_mug,s3_partial_only_025_mug_t24,partial_only,127,0.904889,,,,,,,,,,,1,0,1,1,1
051_large_clamp,s3_partial_only_051_large_clamp_t0,partial_only,14,0.957885,,,,,,,,,,,1,0,1,1,1
051_large_clamp,s3_partial_only_051_large_clamp_t1,partial_only,2,0.966827,,,,,,,,,,,1,0,1,1,0
051_large_clamp,s3_partial_only_051_large_clamp_t2,partial_only,5,0.954065,,,,,,,,,,,1,0,1,1,0
051_large_clamp,s3_partial_only_051_large_clamp_t3,partial_only,0,0.969015,,,,,,,,,,,1,0,1,1,0
051_large_clamp,s3_partial_only_051_large_clamp_t4,partial_only,1,0.966234,,,,,,,,,,,1,0,1,1,1
051_large_clamp,s3_partial_only_051_large_clamp_t5,partial_only,0,0.970829,,,,,,,,,,,1,0,1,1,1
051_large_clamp,s3_partial_only_051_large_clamp_t6,partial_only,0,0.975003,,,,,,,,,,,1,0,1,1,1
051_large_clamp,s3_partial_only_051_large_clamp_t7,partial_only,0,0.960830,,,,,,,,,,,0,0,1,1,
051_large_clamp,s3_partial_only_051_large_clamp_t8,partial_only,8,0.980306,,,,,,,,,,,1,0,1,1,1
051_large_clamp,s3_partial_only_051_large_clamp_t9,partial_only,10,0.968361,,,,,,,,,,,1,0,1,1,1
051_large_clamp,s3_partial_only_051_large_clamp_t11,partial_only,1,0.963827,,,,,,,,,,,1,0,1,1,1
051_large_clamp,s3_partial_only_051_large_clamp_t12,partial_only,58,0.965067,,,,,,,,,,,1,0,1,1,0
051_large_clamp,s3_partial_only_051_large_clamp_t13,partial_only,8,0.967686,,,,,,,,,,,1,0,1,1,1
051_large_clamp,s3_partial_only_051_large_clamp_t14,partial_only,0,0.965534,,,,,,,,,,,1,0,1,1,1
051_large_clamp,s3_partial_only_051_large_clamp_t15,partial_only,2,0.956844,,,,,,,,,,,1,0,1,1,1
051_large_clamp,s3_partial_only_051_large_clamp_t16,partial_only,2,0.980316,,,,,,,,,,,1,0,1,1,1
051_large_clamp,s3_partial_only_051_large_clamp_t17,partial_only,0,0.966521,,,,,,,,,,,1,0,1,1,0
051_large_clamp,s3_partial_only_051_large_clamp_t18,partial_only,0,0.968966,,,,,,,,,,,1,0,1,1,1
051_large_clamp,s3_partial_only_051_large_clamp_t19,partial_only,0,0.964670,,,,,,,,,,,1,0,1,1,1
051_large_clamp,s3_partial_only_051_large_clamp_t20,partial_only,0,0.984242,,,,,,,,,,,1,0,1,1,0
051_large_clamp,s3_partial_only_051_large_clamp_t21,partial_only,0,0.972657,,,,,,,,,,,1,0,1,1,1
051_large_clamp,s3_partial_only_051_large_clamp_t22,partial_only,2,0.970404,,,,,,,,,,,1,0,1,1,0
051_large_clamp,s3_partial_only_051_large_clamp_t23,partial_only,0,0.963179,,,,,,,,,,,1,0,1,1,1
051_large_clamp,s3_partial_only_051_large_clamp_t24,partial_only,3,0.964812,,,,,,,,,,,1,0,1,1,0
022_windex_bottle,s3_complete_only_022_windex_bottle_t0,complete_only,0,0.910368,0.044826,2.856525e-05,1.236892e-04,2290,0.029884,1.014917e-05,0.059768,1.081487e-04,6.588137e-01,347,1,0,1,1,0
022_windex_bottle,s3_complete_only_022_windex_bottle_t1,complete_only,0,0.949852,0.045768,4.676236e-05,9.611924e-05,1801,0.030512,2.204828e-05,0.061023,1.307158e-04,1.286303e+00,696,1,0,1,1,0
022_windex_bottle,s3_complete_only_022_windex_bottle_t2,complete_only,19,0.912991,0.038484,1.790985e-03,4.660734e-03,300,0.025656,2.914782e-03,0.051312,2.113704e-03,1.236071e+00,49,1,0,1,1,1
022_windex_bottle,s3_complete_only_022_windex_bottle_t3,complete_only,1,0.961080,0.042418,1.660081e-05,4.313312e-05,1774,0.028279,2.236558e-05,0.056557,3.861691e-05,2.643002e-01,166,1,0,1,1,0
022_windex_bottle,s3_complete_only_022_windex_bottle_t4,complete_only,36,0.939105,0.044683,4.490143e-06,1.561944e-05,1304,0.029788,2.339300e-06,0.059577,3.222653e-05,0.000000e+00,105,1,0,1,1,0
022_windex_bottle,s3_complete_only_022_windex_bottle_t5,complete_only,4,0.931454,0.044739,7.635208e-06,2.470686e-05,1325,0.029826,3.532285e-06,0.059652,5.779549e-05,0.000000e+00,99,1,0,1,1,0
022_windex_bottle,s3_complete_only_022_windex_bottle_t6,complete_only,0,0.967599,0.044921,2.690084e-05,8.243835e-05,1768,0.029947,2.851651e-05,0.059895,8.289709e-05,1.056231e+00,500,1,0,1,1,0
022_windex_bottle,s3_complete_only_022_windex_bottle_t7,complete_only,1,0.924107,0.040382,3.769985e-06,1.074535e-05,5025,0.026921,2.601544e-06,0.053842,6.108523e-06,7.236368e-01,587,1,0,1,1,1
022_windex_bottle,s3_complete_only_022_windex_bottle_t8,complete_only,1,0.962867,0.041564,2.804283e-05,8.150776e-05,1346,0.027709,1.088949e-05,0.055419,6.938897e-05,2.580262e-01,236,1,0,1,1,0
022_windex_bottle,s3_complete_only_022_windex_bottle_t9,complete_only,15,0.897457,0.039212,2.781913e-05,1.211094e-04,2677,0.026141,6.050755e-05,0.052282,3.608277e-05,4.720275e-02,44,1,0,1,1,1
022_windex_bottle,s3_complete_only_022_windex_bottle_t10,complete_only,233,0.842677,0.041615,3.752722e-06,7.500834e-06,3605,0.027744,3.457025e-06,0.055487,5.350456e-06,3.832204e-01,286,1,0,1,1,0
022_windex_bottle,s3_complete_only_022_windex_bottle_t11,complete_only,640,0.750603,0.039593,1.717231e-03,7.566116e-03,419,0.026395,1.471195e-03,0.052791,1.931332e-03,1.811905e-01,3,1,0,1,1,0
022_windex_bottle,s3_complete_only_022_windex_bottle_t12,complete_only,26,0.923432,0.032063,2.132910e-05,1.409587e-04,1474,0.021375,8.384938e-06,0.042750,4.926492e-05,5.159571e-01,343,1,0,1,1,0
022_windex_bottle,s3_complete_only_022_windex_bottle_t13,complete_only,0,0.922282,0.039153,9.529770e-05,5.397214e-04,2337,0.026102,2.244087e-04,0.052205,6.204431e-05,1.805408e+00,974,1,0,1,1,1
022_windex_bottle,s3_complete_only_022_windex_bottle_t14,complete_only,0,0.971416,0.014541,1.011398e-04,3.821293e-04,2454,0.009694,1.007921e-04,0.019388,6.980605e-05,2.976841e+00,2455,1,0,1,1,0
022_windex_bottle,s3_complete_only_022_windex_bottle_t15,complete_only,199,0.834587,0.039697,1.724288e-03,1.057233e-02,386,0.026465,4.252977e-03,0.052929,1.674991e-03,6.016330e-01,74,1,0,1,1,0
022_windex_bottle,s3_complete_only_022_windex_bottle_t16,complete_only,124,0.898355,0.038762,2.923934e-04,1.109401e-03,1509,0.025841,2.493201e-04,0.051682,2.254801e-04,1.232140e+00,443,1,0,1,1,1
022_windex_bottle,s3_complete_only_022_windex_bottle_t17,complete_only,0,0.970351,0.040118,5.045749e-05,1.601793e-04,10291,0.026745,5.636662e-05,0.053491,9.283214e-05,3.383962e+00,2011,1,0,1,1,0
022_windex_bottle,s3_complete_only_022_windex_bottle_t18,complete_only,108,0.915886,0.041274,8.422081e-05,2.158465e-04,475,0.027516,3.889037e-05,0.055032,8.829037e-05,8.417491e-03,142,1,0,1,1,0
022_windex_bottle,s3_complete_only_022_windex_bottle_t19,complete_only,99,0.901666,0.036806,2.842565e-06,4.849901e-06,5801,0.024538,2.568813e-06,0.049075,4.198654e-06,8.575921e-01,635,1,0,1,1,0
022_windex_bottle,s3_complete_only_022_windex_bottle_t20,complete_only,4,0.926685,0.032356,3.214087e-05,1.129068e-04,1249,0.021571,1.835932e-05,0.043142,4.713595e-05,6.494681e-01,491,1,0,1,1,0
022_windex_bottle,s3_complete_only_022_windex_bottle_t21,complete_only,2,0.959323,0.042071,1.429991e-05,1.216219e-04,746,0.028047,2.279763e-06,0.056095,3.846931e-05,0.000000e+00,153,1,0,1,1,0
022_windex_bottle,s3_complete_only_022_windex_bottle_t22,complete_only,62,0.918175,0.029810,1.194465e-04,6.132911e-04,1371,0.019873,9.395875e-05,0.039747,1.046377e-04,2.726066e-02,182,1,0,1,1,0
022_windex_bottle,s3_complete_only_022_windex_bottle_t23,complete_only,3,0.965859,0.040884,3.367942e-05,1.764261e-04,1893,0.027256,1.480081e-05,0.054512,6.744212e-05,5.564443e-01,250,1,0,1,1,0
022_windex_bottle,s3_complete_only_022_windex_bottle_t24,complete_only,348,0.884467,0.029970,2.759560e-05,1.431178e-04,424,0.019980,2.091107e-05,0.039961,3.062889e-05,9.953772e-03,160,1,0,1,1,0
006_mustard_bottle,s3_epi_max_006_mustard_bottle_t0,complete_epi,87,0.851384,0.031558,4.382300e-06,1.250885e-05,1704,0.021039,4.535525e-06,0.042078,3.966233e-06,7.051014e-01,511,1,0,1,1,1
006_mustard_bottle,s3_epi_max_006_mustard_bottle_t1,complete_epi,2,0.906427,0.032306,9.023219e-06,1.816051e-05,1751,0.021537,9.397835e-06,0.043074,8.249769e-06,8.603924e-01,529,1,0,1,1,1
006_mustard_bottle,s3_epi_max_006_mustard_bottle_t2,complete_epi,0,0.907508,0.030973,5.441272e-06,1.499935e-05,1941,0.020648,3.378019e-06,0.041297,8.152552e-06,3.829443e-01,630,1,0,1,1,1
006_mustard_bottle,s3_epi_max_006_mustard_bottle_t3,complete_epi,5,0.883679,0.031158,4.833290e-06,9.569117e-06,1568,0.020772,4.998562e-06,0.041543,4.295276e-06,9.809274e-01,636,1,0,1,1,1
006_mustard_bottle,s3_epi_max_006_mustard_bottle_t4,complete_epi,0,0.821014,0.031598,8.174460e-06,2.642707e-05,1657,0.021065,5.401698e-06,0.042130,9.427660e-06,3.414061e-01,351,1,0,1,1,1
006_mustard_bottle,s3_epi_max_006_mustard_bottle_t5,complete_epi,41,0.941371,0.034078,3.025908e-05,6.877764e-05,1513,0.022719,4.494268e-05,0.045437,2.211077e-05,3.369571e-01,138,1,0,1,1,0
006_mustard_bottle,s3_epi_max_006_mustard_bottle_t6,complete_epi,0,0.913874,0.031416,6.383308e-06,1.403371e-05,1511,0.020944,7.505184e-06,0.041888,5.290155e-06,3.663229e-01,303,1,0,1,1,1
006_mustard_bottle,s3_epi_max_006_mustard_bottle_t7,complete_epi,0,0.928030,0.030668,5.170041e-06,1.608221e-05,1469,0.020445,3.837204e-06,0.040891,5.761299e-06,7.985791e-01,396,1,0,1,1,1
006_mustard_bottle,s3_epi_max_006_mustard_bottle_t8,complete_epi,3,0.950927,0.030003,2.521009e-06,5.935438e-06,1765,0.020002,2.284375e-06,0.040004,2.803587e-06,1.187627e-01,489,1,0,1,1,1
006_mustard_bottle,s3_epi_max_006_mustard_bottle_t9,complete_epi,145,0.835298,0.033953,1.440113e-05,3.182669e-05,1489,0.022635,1.553983e-05,0.045271,1.338724e-05,4.750935e-01,278,1,0,1,1,1
006_mustard_bottle,s3_epi_max_006_mustard_bottle_t10,complete_epi,1,0.922511,0.030408,2.906225e-06,8.200807e-06,1611,0.020272,2.537683e-06,0.040544,3.389823e-06,2.625802e-01,500,1,0,1,1,1
006_mustard_bottle,s3_epi_max_006_mustard_bottle_t11,complete_epi,65,0.791878,0.032404,1.839754e-05,7.347901e-05,1993,0.021603,1.210750e-05,0.043205,2.407271e-05,1.288300e+00,975,1,0,1,1,1
006_mustard_bottle,s3_epi_max_006_mustard_bottle_t12,complete_epi,102,0.932803,0.011790,4.316028e-06,6.364474e-06,5291,0.007860,1.445443e-06,0.015720,1.084098e-05,6.207767e+00,6088,1,0,1,1,0
006_mustard_bottle,s3_epi_max_006_mustard_bottle_t13,complete_epi,0,0.862747,0.032838,6.210255e-06,1.434611e-05,1621,0.021892,6.108219e-06,0.043784,6.196480e-06,4.359667e-01,316,1,0,1,1,0
006_mustard_bottle,s3_epi_max_006_mustard_bottle_t14,complete_epi,12,0.936490,0.029636,1.949414e-06,6.700276e-06,1866,0.019758,1.640794e-06,0.039515,2.134636e-06,1.071424e-01,447,1,0,1,1,0
006_mustard_bottle,s3_epi_max_006_mustard_bottle_t15,complete_epi,95,0.941727,0.024701,4.758300e-08,6.851365e-07,837,0.016467,0.000000e+00,0.032934,2.887588e-07,0.000000e+00,233,1,0,1,1,0
006_mustard_bottle,s3_epi_max_006_mustard_bottle_t16,complete_epi,3,0.960733,0.028881,2.325282e-06,1.209473e-05,1132,0.019254,2.602652e-06,0.038508,2.016104e-06,4.717201e-02,360,1,0,1,1,1
006_mustard_bottle,s3_epi_max_006_mustard_bottle_t18,complete_epi,333,0.754878,0.032646,1.670186e-05,3.813963e-05,2001,0.021764,1.058448e-05,0.043528,2.640341e-05,8.555964e-01,623,1,0,1,1,1
006_mustard_bottle,s3_epi_max_006_mustard_bottle_t19,complete_epi,0,0.898413,0.033726,7.975476e-06,1.696212e-05,2237,0.022484,8.680587e-06,0.044967,8.138433e-06,4.268580e-01,349,1,0,1,1,1
006_mustard_bottle,s3_epi_max_006_mustard_bottle_t20,complete_epi,287,0.972378,0.014655,9.362441e-05,3.062607e-04,1127,0.009770,9.206317e-05,0.019540,8.965549e-05,4.356655e+00,1563,1,0,1,1,0
006_mustard_bottle,s3_epi_max_006_mustard_bottle_t21,complete_epi,185,0.822098,0.032444,1.791906e-05,6.612509e-05,1919,0.021629,1.576905e-05,0.043259,2.591323e-05,8.585853e-01,567,1,0,1,1,1
006_mustard_bottle,s3_epi_max_006_mustard_bottle_t22,complete_epi,2,0.897230,0.032023,5.078737e-06,1.027195e-05,1681,0.021349,5.696116e-06,0.042697,4.476925e-06,6.441823e-01,445,1,0,1,1,1
006_mustard_bottle,s3_epi_max_006_mustard_bottle_t23,complete_epi,7,0.832138,0.032816,4.115805e-06,1.423691e-05,2134,0.021878,4.031907e-06,0.043755,5.147673e-06,1.763720e-01,427,1,0,1,1,1
006_mustard_bottle,s3_epi_max_006_mustard_bottle_t24,complete_epi,1098,0.609404,0.050878,1.780796e-04,6.961531e-04,2627,0.033919,2.222005e-04,0.067838,1.954804e-04,1.518697e+00,134,1,0,1,1,0
011_banana,s3_epi_max_011_banana_t0,complete_epi,1591,0.464269,0.032562,4.606186e-05,5.390371e-05,2270,0.021708,3.005634e-05,0.043416,7.177418e-05,3.285505e-01,319,1,0,1,1,0
011_banana,s3_epi_max_011_banana_t1,complete_epi,1917,0.064303,0.033208,1.334990e-04,4.862402e-04,2065,0.022139,1.477409e-04,0.044277,1.306440e-04,2.703836e+00,661,1,0,1,1,1
011_banana,s3_epi_max_011_banana_t3,complete_epi,1596,0.540476,0.032082,6.365129e-06,3.025901e-05,2082,0.021388,5.549562e-06,0.042776,9.422096e-06,4.576973e-01,497,1,0,1,1,1
011_banana,s3_epi_max_011_banana_t4,complete_epi,1735,0.374163,0.030292,1.054014e-04,5.531583e-04,2231,0.020195,1.551983e-04,0.040390,8.339645e-05,1.125175e+00,767,1,0,1,1,0
011_banana,s3_epi_max_011_banana_t5,complete_epi,1666,0.400816,0.030527,1.508747e-04,1.053614e-03,1013,0.020351,4.712236e-04,0.040702,7.916977e-05,2.711629e-01,218,1,0,1,1,0
011_banana,s3_epi_max_011_banana_t6,complete_epi,1947,0.061097,0.033208,3.625669e-05,1.533273e-04,1146,0.022139,3.425241e-05,0.044277,4.362120e-05,7.802309e-02,123,1,0,1,1,0
011_banana,s3_epi_max_011_banana_t7,complete_epi,1297,0.729565,0.031805,1.042532e-05,3.250138e-05,1488,0.021203,1.868298e-05,0.042406,9.953523e-06,1.918153e-01,266,1,0,1,1,0
011_banana,s3_epi_max_011_banana_t8,complete_epi,1502,0.603518,0.033907,8.333598e-05,4.107343e-04,2078,0.022605,1.933542e-04,0.045209,4.218770e-05,9.369873e-01,656,1,0,1,1,1
011_banana,s3_epi_max_011_banana_t9,complete_epi,643,0.859166,0.031325,1.276540e-04,3.697648e-04,2397,0.020883,2.465110e-04,0.041766,1.164864e-04,7.429006e-01,671,1,0,1,1,1
011_banana,s3_epi_max_011_banana_t10,complete_epi,261,0.934237,0.032548,2.001588e-05,8.558376e-05,2610,0.021699,1.289762e-05,0.043397,2.299123e-05,5.064019e-01,446,1,0,1,1,1
011_banana,s3_epi_max_011_banana_t11,complete_epi,1597,0.502587,0.030932,9.063561e-05,9.312868e-05,2377,0.020621,9.345474e-05,0.041242,1.111886e-04,6.373635e-01,550,1,0,1,1,0
011_banana,s3_epi_max_011_banana_t12,complete_epi,1687,0.447879,0.033929,1.166729e-04,5.680070e-04,1751,0.022619,2.262652e-04,0.045238,6.449853e-05,1.416946e+00,1029,1,0,1,1,1
011_banana,s3_epi_max_011_banana_t13,complete_epi,1321,0.667587,0.031397,1.174321e-04,4.146970e-04,2083,0.020932,1.282100e-04,0.041863,9.819904e-05,1.416493e+00,786,1,0,1,1,1
011_banana,s3_epi_max_011_banana_t14,complete_epi,822,0.838387,0.031577,1.958749e-05,6.275380e-05,2199,0.021051,5.518186e-05,0.042103,1.327401e-05,5.054948e-01,320,1,0,1,1,0
011_banana,s3_epi_max_011_banana_t15,complete_epi,1641,0.405733,0.032154,4.266978e-05,4.404546e-05,3360,0.021436,1.465182e-05,0.042871,8.389874e-05,3.156723e-01,408,1,0,1,1,1
011_banana,s3_epi_max_011_banana_t16,complete_epi,827,0.787301,0.032096,1.972437e-05,5.717326e-05,3419,0.021397,2.345028e-05,0.042794,1.987109e-05,5.663210e-01,574,1,0,1,1,1
011_banana,s3_epi_max_011_banana_t17,complete_epi,1358,0.664644,0.031857,3.470350e-05,1.031357e-04,1706,0.021238,5.855510e-05,0.042476,2.594955e-05,5.389376e-01,479,1,0,1,1,0
011_banana,s3_epi_max_011_banana_t18,complete_epi,1503,0.563882,0.031974,4.862580e-04,3.136348e-03,1233,0.021316,1.864964e-03,0.042632,3.156617e-04,1.121408e+00,323,1,0,1,1,0
011_banana,s3_epi_max_011_banana_t19,complete_epi,1138,0.794667,0.032460,2.770635e-04,1.418715e-03,1508,0.021640,4.855272e-04,0.043280,2.188389e-04,1.332154e+00,483,1,0,1,1,0
011_banana,s3_epi_max_011_banana_t20,complete_epi,1051,0.805150,0.032570,2.189428e-05,1.076616e-04,2797,0.021714,2.161173e-05,0.043427,2.617685e-05,8.505434e-01,578,1,0,1,1,1
011_banana,s3_epi_max_011_banana_t21,complete_epi,1897,0.159250,0.030337,1.070896e-04,5.670732e-04,1222,0.020224,2.222375e-04,0.040449,1.297130e-04,1.995844e+00,640,1,0,1,1,1
011_banana,s3_epi_max_011_banana_t22,complete_epi,1025,0.751572,0.032983,1.800622e-05,2.768396e-05,3281,0.021989,6.427701e-06,0.043978,3.325441e-05,1.054160e-01,181,1,0,1,1,0
011_banana,s3_epi_max_011_banana_t23,complete_epi,1732,0.447769,0.033679,1.880022e-04,9.758195e-04,2000,0.022452,2.856310e-04,0.044905,1.106742e-04,1.907870e+00,934,1,0,1,1,0
011_banana,s3_epi_max_011_banana_t24,complete_epi,1254,0.666304,0.033070,7.774578e-05,8.346865e-05,1956,0.022047,4.449088e-05,0.044094,1.167568e-04,9.551382e-02,175,1,0,1,1,0
025_mug,s3_epi_mean_025_mug_t0,complete_epi,145,0.917692,0.020518,3.627617e-07,1.627482e-06,365,0.013679,4.274950e-07,0.027357,9.895113e-07,1.268190e-03,66,1,0,1,1,1
025_mug,s3_epi_mean_025_mug_t1,complete_epi,57,0.913857,0.020098,2.179126e-06,6.511451e-06,1342,0.013398,2.367444e-06,0.026797,2.998779e-06,3.494278e-01,319,1,0,1,1,1
025_mug,s3_epi_mean_025_mug_t2,complete_epi,136,0.913084,0.022104,1.343088e-05,8.572918e-05,678,0.014736,1.284059e-05,0.029471,1.949006e-05,3.024824e-01,152,1,0,1,1,1
025_mug,s3_epi_mean_025_mug_t3,complete_epi,1,0.954449,0.021979,7.899781e-07,4.006949e-06,864,0.014653,1.062161e-06,0.029306,1.447249e-06,0.000000e+00,104,1,0,1,1,1
025_mug,s3_epi_mean_025_mug_t4,complete_epi,5,0.936228,0.020048,5.878665e-06,1.773666e-05,709,0.013365,6.474711e-06,0.026730,6.124256e-06,2.130669e-01,128,1,0,1,1,1
025_mug,s3_epi_mean_025_mug_t5,complete_epi,54,0.939359,0.019956,6.083804e-06,3.616743e-05,438,0.013304,6.447772e-06,0.026609,8.654663e-06,3.310769e-01,144,1,0,1,1,1
025_mug,s3_epi_mean_025_mug_t6,complete_epi,77,0.924288,0.020477,3.082555e-06,1.012171e-05,514,0.013651,4.008107e-06,0.027303,3.743283e-06,3.533347e-01,237,1,0,1,1,1
025_mug,s3_epi_mean_025_mug_t7,complete_epi,44,0.934040,0.021888,2.082649e-05,9.397095e-05,571,0.014592,1.587443e-05,0.029184,3.190386e-05,3.621349e-01,137,1,0,1,1,1
025_mug,s3_epi_mean_025_mug_t9,complete_epi,62,0.914879,0.020359,2.330076e-06,4.823290e-06,842,0.013573,2.695207e-06,0.027146,3.381432e-06,3.828814e-01,256,1,0,1,1,1
025_mug,s3_epi_mean_025_mug_t11,complete_epi,164,0.900425,0.020440,1.185876e-05,4.953284e-05,528,0.013627,2.374712e-05,0.027253,1.517675e-05,2.691781e-01,155,1,0,1,1,1
025_mug,s3_epi_mean_025_mug_t13,complete_epi,31,0.927479,0.020289,2.154205e-06,5.074176e-06,818,0.013526,2.368019e-06,0.027052,2.458958e-06,2.490429e-01,193,1,0,1,1,1
025_mug,s3_epi_mean_025_mug_t14,complete_epi,23,0.945931,0.022924,1.782515e-05,9.451191e-05,596,0.015283,2.134013e-05,0.030565,1.698959e-05,3.601450e-01,131,1,0,1,1,1
025_mug,s3_epi_mean_025_mug_t15,complete_epi,71,0.927279,0.020401,9.666804e-06,4.181401e-05,591,0.013601,2.079185e-05,0.027202,1.212793e-05,5.139921e-01,205,1,0,1,1,1
025_mug,s3_epi_mean_025_mug_t16,complete_epi,14,0.860668,0.020378,7.397275e-06,3.777418e-05,145,0.013585,2.473759e-05,0.027171,9.244440e-06,3.983715e-02,38,1,0,1,1,1
025_mug,s3_epi_mean_025_mug_t17,complete_epi,19,0.930078,0.025383,2.742697e-05,1.479710e-04,592,0.016922,3.790581e-05,0.033844,2.831355e-05,4.319005e-01,138,1,0,1,1,1
025_mug,s3_epi_mean_025_mug_t18,complete_epi,41,0.923226,0.020866,2.598535e-06,9.657134e-06,434,0.013910,3.233773e-06,0.027821,2.557256e-06,2.229612e-01,175,1,0,1,1,1
025_mug,s3_epi_mean_025_mug_t19,complete_epi,12,0.939550,0.020765,6.581268e-06,7.842203e-05,568,0.013844,6.281262e-05,0.027687,8.638965e-06,1.236399e-01,120,1,0,1,1,1
025_mug,s3_epi_mean_025_mug_t20,complete_epi,321,0.715217,0.022768,1.358246e-06,2.473821e-06,505,0.015179,3.367411e-06,0.030358,5.821487e-06,1.709040e-02,77,1,0,1,1,0
025_mug,s3_epi_mean_025_mug_t21,complete_epi,124,0.872646,0.019712,9.078008e-07,3.805528e-06,514,0.013141,1.292959e-06,0.026282,1.828491e-06,2.512765e-01,261,1,0,1,1,1
025_mug,s3_epi_mean_025_mug_t23,complete_epi,489,0.656280,0.020630,2.082748e-06,5.991399e-06,573,0.013754,1.546351e-06,0.027507,4.470766e-06,2.364935e-01,225,1,0,1,1,0
025_mug,s3_epi_mean_025_mug_t24,complete_epi,40,0.930529,0.023360,4.621118e-06,2.234361e-05,671,0.015573,4.794451e-06,0.031147,7.196237e-06,2.658860e-01,144,1,0,1,1,1
022_windex_bottle,s3_hetero_patch_022_windex_bottle_t0,hetero_patch,0,0.931618,0.044826,1.544976e-05,5.127723e-05,2299,0.029884,2.647141e-05,0.059768,2.403880e-05,1.687817e-01,40,1,0,1,1,0
022_windex_bottle,s3_hetero_patch_022_windex_bottle_t1,hetero_patch,0,0.950876,0.045784,9.063347e-06,1.601024e-05,1740,0.030522,6.860394e-06,0.061045,2.201336e-05,1.206726e+00,617,1,0,1,1,0
022_windex_bottle,s3_hetero_patch_022_windex_bottle_t2,hetero_patch,1126,0.522174,0.038496,1.655232e-05,8.498920e-05,2389,0.025664,1.878425e-05,0.051327,1.949631e-05,1.260333e-01,52,1,0,1,1,0
022_windex_bottle,s3_hetero_patch_022_windex_bottle_t3,hetero_patch,8,0.943295,0.042892,9.189372e-06,1.791866e-05,1784,0.028594,6.313156e-06,0.057189,1.411096e-05,4.645157e-01,322,1,0,1,1,0
022_windex_bottle,s3_hetero_patch_022_windex_bottle_t4,hetero_patch,8,0.953200,0.045169,4.179207e-06,2.299734e-05,1146,0.030112,0.000000e+00,0.060225,1.883622e-05,0.000000e+00,89,1,0,1,1,0
022_windex_bottle,s3_hetero_patch_022_windex_bottle_t5,hetero_patch,22,0.921762,0.044739,7.357891e-06,3.121937e-05,1309,0.029826,4.527636e-06,0.059651,2.444445e-05,0.000000e+00,100,1,0,1,1,0
022_windex_bottle,s3_hetero_patch_022_windex_bottle_t6,hetero_patch,0,0.953744,0.044901,1.057325e-05,3.313376e-05,1885,0.029934,1.075450e-05,0.059868,1.932969e-05,9.400319e-01,431,1,0,1,1,0
022_windex_bottle,s3_hetero_patch_022_windex_bottle_t7,hetero_patch,0,0.932996,0.040349,6.038527e-06,1.462714e-05,4848,0.026899,3.969825e-06,0.053798,7.209158e-06,9.230940e-01,571,1,0,1,1,0
022_windex_bottle,s3_hetero_patch_022_windex_bottle_t8,hetero_patch,14,0.931386,0.039365,2.993423e-05,1.181087e-04,1627,0.026243,2.293570e-05,0.052487,3.428986e-05,5.917805e-01,173,1,0,1,1,0
022_windex_bottle,s3_hetero_patch_022_windex_bottle_t9,hetero_patch,1,0.929860,0.038200,1.022309e-05,4.438795e-05,2282,0.025467,1.750606e-05,0.050933,1.138010e-05,1.421081e-01,44,1,0,1,1,0
022_windex_bottle,s3_hetero_patch_022_windex_bottle_t10,hetero_patch,275,0.811487,0.041075,5.754092e-06,1.213365e-05,4679,0.027383,4.760911e-06,0.054766,6.540996e-06,8.480416e-01,510,1,0,1,1,0
022_windex_bottle,s3_hetero_patch_022_windex_bottle_t11,hetero_patch,576,0.736964,0.039563,2.625375e-05,7.050673e-05,3795,0.026375,9.225021e-05,0.052750,3.842631e-05,1.264000e+00,626,1,0,1,1,0
022_windex_bottle,s3_hetero_patch_022_windex_bottle_t12,hetero_patch,16,0.940731,0.039760,2.922342e-05,1.379456e-04,1715,0.026507,4.102816e-05,0.053013,2.653096e-05,2.497079e-01,55,1,0,1,1,0
022_windex_bottle,s3_hetero_patch_022_windex_bottle_t13,hetero_patch,6,0.890075,0.039129,7.835276e-06,3.477349e-05,2932,0.026086,8.673455e-06,0.052171,1.191420e-05,1.902436e-01,134,1,0,1,1,1
022_windex_bottle,s3_hetero_patch_022_windex_bottle_t14,hetero_patch,145,0.740124,0.018912,1.423026e-06,5.966409e-06,661,0.012608,8.443766e-07,0.025216,1.653322e-06,1.354922e-01,227,1,0,1,1,0
022_windex_bottle,s3_hetero_patch_022_windex_bottle_t15,hetero_patch,771,0.706482,0.039710,1.566682e-05,8.401801e-05,5080,0.026473,3.330404e-05,0.052946,1.400344e-05,6.630700e-01,462,1,0,1,1,1
022_windex_bottle,s3_hetero_patch_022_windex_bottle_t16,hetero_patch,233,0.859910,0.038784,1.672725e-05,5.369975e-05,2744,0.025856,9.998843e-06,0.051711,2.082698e-05,7.683406e-01,468,1,0,1,1,1
022_windex_bottle,s3_hetero_patch_022_windex_bottle_t17,hetero_patch,5,0.872325,0.039608,5.312680e-06,1.171443e-05,5073,0.026406,3.254101e-06,0.052811,6.868678e-06,3.236462e-02,141,1,0,1,1,1
022_windex_bottle,s3_hetero_patch_022_windex_bottle_t18,hetero_patch,205,0.889193,0.039872,5.692217e-06,1.818875e-05,4158,0.026581,5.377259e-06,0.053163,6.558117e-06,3.640378e-01,258,1,0,1,1,0
022_windex_bottle,s3_hetero_patch_022_windex_bottle_t19,hetero_patch,346,0.879616,0.036823,3.641564e-06,6.404213e-06,4772,0.024549,7.434527e-06,0.049097,4.121924e-06,1.701301e+00,1087,1,0,1,1,0
022_windex_bottle,s3_hetero_patch_022_windex_bottle_t20,hetero_patch,3,0.921486,0.032357,9.957443e-06,3.973293e-05,1324,0.021571,8.570053e-06,0.043143,1.209705e-05,5.226152e-01,423,1,0,1,1,0
022_windex_bottle,s3_hetero_patch_022_windex_bottle_t21,hetero_patch,0,0.965612,0.042071,8.097579e-06,4.959665e-05,771,0.028047,2.637926e-06,0.056095,1.955087e-05,0.000000e+00,150,1,0,1,1,0
022_windex_bottle,s3_hetero_patch_022_windex_bottle_t22,hetero_patch,129,0.905620,0.029824,1.886640e-05,8.379536e-05,797,0.019883,1.516387e-05,0.039765,1.771633e-05,2.694253e-03,166,1,0,1,1,0
022_windex_bottle,s3_hetero_patch_022_windex_bottle_t23,hetero_patch,0,0.965114,0.040908,1.582700e-05,4.577225e-05,1876,0.027272,1.267762e-05,0.054544,2.151986e-05,9.926894e-01,408,1,0,1,1,0
022_windex_bottle,s3_hetero_patch_022_windex_bottle_t24,hetero_patch,349,0.885814,0.029970,1.127101e-05,2.884365e-05,464,0.019980,1.119633e-05,0.039961,1.038843e-05,1.821543e-02,182,1,0,1,1,0
006_mustard_bottle,s3_duarte_mcd_006_mustard_bottle_t0,duarte_mcd,208,0.852348,,,,,,,,,4.173093e-01,500,1,0,1,1,0
006_mustard_bottle,s3_duarte_mcd_006_mustard_bottle_t1,duarte_mcd,74,0.929256,,,,,,,,,1.208128e-01,178,1,0,1,1,1
006_mustard_bottle,s3_duarte_mcd_006_mustard_bottle_t2,duarte_mcd,3,0.919755,,,,,,,,,2.470117e-01,640,1,0,1,1,0
006_mustard_bottle,s3_duarte_mcd_006_mustard_bottle_t3,duarte_mcd,117,0.916276,,,,,,,,,1.665287e-01,256,1,0,1,1,1
006_mustard_bottle,s3_duarte_mcd_006_mustard_bottle_t4,duarte_mcd,81,0.907053,,,,,,,,,2.799104e-02,197,1,0,1,1,1
006_mustard_bottle,s3_duarte_mcd_006_mustard_bottle_t5,duarte_mcd,69,0.940288,,,,,,,,,6.067140e-02,180,1,0,1,1,0
006_mustard_bottle,s3_duarte_mcd_006_mustard_bottle_t6,duarte_mcd,30,0.916744,,,,,,,,,1.645399e-01,236,1,0,1,1,1
006_mustard_bottle,s3_duarte_mcd_006_mustard_bottle_t7,duarte_mcd,9,0.942565,,,,,,,,,2.459639e-01,535,1,0,1,1,1
006_mustard_bottle,s3_duarte_mcd_006_mustard_bottle_t8,duarte_mcd,7,0.947027,,,,,,,,,1.522782e-01,406,1,0,1,1,1
006_mustard_bottle,s3_duarte_mcd_006_mustard_bottle_t9,duarte_mcd,242,0.868039,,,,,,,,,2.031601e-01,279,1,0,1,1,1
006_mustard_bottle,s3_duarte_mcd_006_mustard_bottle_t10,duarte_mcd,33,0.940789,,,,,,,,,2.564572e-02,324,1,0,1,1,1
006_mustard_bottle,s3_duarte_mcd_006_mustard_bottle_t11,duarte_mcd,0,0.927301,,,,,,,,,5.058832e-01,711,1,0,1,1,1
006_mustard_bottle,s3_duarte_mcd_006_mustard_bottle_t12,duarte_mcd,121,0.952327,,,,,,,,,6.271506e-01,1848,1,0,1,1,1
006_mustard_bottle,s3_duarte_mcd_006_mustard_bottle_t13,duarte_mcd,168,0.874303,,,,,,,,,1.091685e-01,202,1,0,1,1,1
006_mustard_bottle,s3_duarte_mcd_006_mustard_bottle_t14,duarte_mcd,2,0.951820,,,,,,,,,3.887071e-02,339,1,0,1,1,1
006_mustard_bottle,s3_duarte_mcd_006_mustard_bottle_t15,duarte_mcd,170,0.881994,,,,,,,,,3.462282e-01,531,1,0,1,1,1
006_mustard_bottle,s3_duarte_mcd_006_mustard_bottle_t16,duarte_mcd,5,0.966235,,,,,,,,,0.000000e+00,334,1,0,1,1,1
006_mustard_bottle,s3_duarte_mcd_006_mustard_bottle_t17,duarte_mcd,1,0.955751,,,,,,,,,2.610964e-01,344,1,0,1,1,1
006_mustard_bottle,s3_duarte_mcd_006_mustard_bottle_t18,duarte_mcd,1094,0.485997,,,,,,,,,5.188636e-01,270,1,0,1,1,0
006_mustard_bottle,s3_duarte_mcd_006_mustard_bottle_t19,duarte_mcd,105,0.866491,,,,,,,,,2.387366e-01,278,1,0,1,1,1
006_mustard_bottle,s3_duarte_mcd_006_mustard_bottle_t20,duarte_mcd,6,0.923962,,,,,,,,,7.002961e-01,478,1,0,1,1,1
006_mustard_bottle,s3_duarte_mcd_006_mustard_bottle_t21,duarte_mcd,957,0.736874,,,,,,,,,1.063119e+00,434,1,0,1,1,1
006_mustard_bottle,s3_duarte_mcd_006_mustard_bottle_t22,duarte_mcd,1,0.908535,,,,,,,,,3.182793e-01,339,1,0,1,1,1
006_mustard_bottle,s3_duarte_mcd_006_mustard_bottle_t23,duarte_mcd,1,0.900730,,,,,,,,,3.726133e-01,547,1,0,1,1,1
006_mustard_bottle,s3_duarte_mcd_006_mustard_bottle_t24,duarte_mcd,1037,0.693500,,,,,,,,,2.286832e-01,60,1,0,1,1,0
011_banana,s3_duarte_mcd_011_banana_t0,duarte_mcd,751,0.825372,,,,,,,,,8.702480e-01,1030,1,0,1,1,0
011_banana,s3_duarte_mcd_011_banana_t1,duarte_mcd,1886,0.091264,,,,,,,,,1.603744e-01,170,1,0,1,1,0
011_banana,s3_duarte_mcd_011_banana_t2,duarte_mcd,1386,0.692712,,,,,,,,,1.282160e-01,187,1,0,1,1,0
011_banana,s3_duarte_mcd_011_banana_t3,duarte_mcd,1508,0.596449,,,,,,,,,2.451475e-01,447,1,0,1,1,1
011_banana,s3_duarte_mcd_011_banana_t4,duarte_mcd,1737,0.354837,,,,,,,,,1.435801e-01,352,1,0,1,1,0
011_banana,s3_duarte_mcd_011_banana_t5,duarte_mcd,1808,0.332061,,,,,,,,,8.454746e-03,203,1,0,1,1,1
011_banana,s3_duarte_mcd_011_banana_t6,duarte_mcd,1784,0.271812,,,,,,,,,8.181732e-01,835,1,0,1,1,0
011_banana,s3_duarte_mcd_011_banana_t7,duarte_mcd,113,0.945828,,,,,,,,,5.785711e-01,416,1,0,1,1,1
011_banana,s3_duarte_mcd_011_banana_t8,duarte_mcd,1195,0.750927,,,,,,,,,4.074828e-01,212,1,0,1,1,0
011_banana,s3_duarte_mcd_011_banana_t9,duarte_mcd,1152,0.813232,,,,,,,,,3.284719e-01,586,1,0,1,1,1
011_banana,s3_duarte_mcd_011_banana_t10,duarte_mcd,323,0.906049,,,,,,,,,2.880156e-01,696,1,0,1,1,1
011_banana,s3_duarte_mcd_011_banana_t11,duarte_mcd,1935,0.061737,,,,,,,,,3.770501e-02,71,1,0,1,1,0
011_banana,s3_duarte_mcd_011_banana_t12,duarte_mcd,1288,0.690118,,,,,,,,,2.080847e-01,224,1,0,1,1,0
011_banana,s3_duarte_mcd_011_banana_t13,duarte_mcd,1156,0.817637,,,,,,,,,3.023974e-01,481,1,0,1,1,1
011_banana,s3_duarte_mcd_011_banana_t14,duarte_mcd,319,0.863713,,,,,,,,,4.816118e-01,407,1,0,1,1,1
011_banana,s3_duarte_mcd_011_banana_t15,duarte_mcd,1887,0.162936,,,,,,,,,9.150694e-01,679,1,0,1,1,1
011_banana,s3_duarte_mcd_011_banana_t16,duarte_mcd,15,0.968599,,,,,,,,,7.783156e-01,1487,1,0,1,1,0
011_banana,s3_duarte_mcd_011_banana_t17,duarte_mcd,877,0.832229,,,,,,,,,2.801671e-01,417,1,0,1,1,1
011_banana,s3_duarte_mcd_011_banana_t18,duarte_mcd,1490,0.676944,,,,,,,,,3.107576e-01,406,1,0,1,1,0
011_banana,s3_duarte_mcd_011_banana_t19,duarte_mcd,1316,0.778134,,,,,,,,,6.042839e-02,267,1,0,1,1,0
011_banana,s3_duarte_mcd_011_banana_t20,duarte_mcd,1203,0.752728,,,,,,,,,3.033536e-01,307,1,0,1,1,0
011_banana,s3_duarte_mcd_011_banana_t21,duarte_mcd,1888,0.150328,,,,,,,,,1.676374e-01,69,1,0,1,1,0
011_banana,s3_duarte_mcd_011_banana_t22,duarte_mcd,1354,0.600326,,,,,,,,,9.409324e-02,195,1,0,1,1,0
011_banana,s3_duarte_mcd_011_banana_t23,duarte_mcd,1656,0.524387,,,,,,,,,1.824884e-01,195,1,0,1,1,0
011_banana,s3_duarte_mcd_011_banana_t24,duarte_mcd,1421,0.592357,,,,,,,,,9.439164e-02,227,1,0,1,1,0
010_potted_meat_can,s0_partial_only_010_potted_meat_can_t0,partial_only,1289,0.689431,,,,,,,,,,,1,0,1,1,0
010_potted_meat_can,s0_partial_only_010_potted_meat_can_t1,partial_only,524,0.802304,,,,,,,,,,,1,0,1,1,1
010_potted_meat_can,s0_partial_only_010_potted_meat_can_t2,partial_only,647,0.817360,,,,,,,,,,,1,0,1,1,1
010_potted_meat_can,s0_partial_only_010_potted_meat_can_t3,partial_only,1238,0.645803,,,,,,,,,,,1,0,1,1,0
010_potted_meat_can,s0_partial_only_010_potted_meat_can_t4,partial_only,2,0.898421,,,,,,,,,,,1,0,1,1,1
010_potted_meat_can,s0_partial_only_010_potted_meat_can_t5,partial_only,222,0.860994,,,,,,,,,,,1,0,1,1,0
010_potted_meat_can,s0_partial_only_010_potted_meat_can_t6,partial_only,1228,0.638059,,,,,,,,,,,1,0,1,1,1
010_potted_meat_can,s0_partial_only_010_potted_meat_can_t7,partial_only,965,0.791035,,,,,,,,,,,1,0,1,1,0
010_potted_meat_can,s0_partial_only_010_potted_meat_can_t8,partial_only,1107,0.736631,,,,,,,,,,,1,0,1,1,0
010_potted_meat_can,s0_partial_only_010_potted_meat_can_t9,partial_only,21,0.841460,,,,,,,,,,,1,0,1,1,0
010_potted_meat_can,s0_partial_only_010_potted_meat_can_t10,partial_only,73,0.858500,,,,,,,,,,,1,0,1,1,1
010_potted_meat_can,s0_partial_only_010_potted_meat_can_t11,partial_only,252,0.832641,,,,,,,,,,,1,0,1,1,1
010_potted_meat_can,s0_partial_only_010_potted_meat_can_t13,partial_only,1464,0.542098,,,,,,,,,,,1,0,1,1,1
010_potted_meat_can,s0_partial_only_010_potted_meat_can_t14,partial_only,808,0.820651,,,,,,,,,,,1,0,1,1,1
010_potted_meat_can,s0_partial_only_010_potted_meat_can_t15,partial_only,1386,0.595615,,,,,,,,,,,1,0,1,1,0
010_potted_meat_can,s0_partial_only_010_potted_meat_can_t16,partial_only,116,0.805103,,,,,,,,,,,1,0,1,1,1
010_potted_meat_can,s0_partial_only_010_potted_meat_can_t17,partial_only,202,0.874080,,,,,,,,,,,1,0,1,1,1
010_potted_meat_can,s0_partial_only_010_potted_meat_can_t18,partial_only,12,0.921448,,,,,,,,,,,1,0,1,1,1
010_potted_meat_can,s0_partial_only_010_potted_meat_can_t19,partial_only,977,0.674999,,,,,,,,,,,1,0,1,1,1
010_potted_meat_can,s0_partial_only_010_potted_meat_can_t20,partial_only,169,0.829832,,,,,,,,,,,1,0,1,1,1
010_potted_meat_can,s0_partial_only_010_potted_meat_can_t21,partial_only,865,0.732734,,,,,,,,,,,1,0,1,1,1
010_potted_meat_can,s0_partial_only_010_potted_meat_can_t22,partial_only,1397,0.597828,,,,,,,,,,,1,0,1,1,1
010_potted_meat_can,s0_partial_only_010_potted_meat_can_t23,partial_only,16,0.894075,,,,,,,,,,,1,0,1,1,1
010_potted_meat_can,s0_partial_only_010_potted_meat_can_t24,partial_only,827,0.828308,,,,,,,,,,,1,0,1,1,1
005_tomato_soup_can,s0_complete_only_005_tomato_soup_can_t0,complete_only,42,0.862725,0.019010,5.806017e-07,1.684412e-06,458,0.012673,3.580403e-07,0.025346,6.949170e-07,1.998183e-01,613,1,0,1,1,1
005_tomato_soup_can,s0_complete_only_005_tomato_soup_can_t1,complete_only,45,0.871877,0.019019,8.563443e-07,1.566566e-06,714,0.012679,8.577981e-07,0.025358,8.538301e-07,3.792933e-01,773,1,0,1,1,1
005_tomato_soup_can,s0_complete_only_005_tomato_soup_can_t2,complete_only,25,0.878385,0.019132,7.480604e-07,1.472131e-06,604,0.012755,7.059427e-07,0.025509,7.605987e-07,3.428380e-01,787,1,0,1,1,1
005_tomato_soup_can,s0_complete_only_005_tomato_soup_can_t4,complete_only,42,0.878173,0.018784,5.648726e-07,1.694176e-06,490,0.012523,6.662114e-07,0.025046,5.495737e-07,3.468412e-01,748,1,0,1,1,1
005_tomato_soup_can,s0_complete_only_005_tomato_soup_can_t5,complete_only,71,0.864811,0.019191,9.272328e-07,1.772774e-06,534,0.012794,8.072293e-07,0.025589,7.718563e-07,3.463593e-01,778,1,0,1,1,0
005_tomato_soup_can,s0_complete_only_005_tomato_soup_can_t6,complete_only,50,0.873544,0.019130,1.296058e-06,1.711069e-06,647,0.012753,1.404928e-06,0.025506,1.111006e-06,4.852762e-01,885,1,0,1,1,1
005_tomato_soup_can,s0_complete_only_005_tomato_soup_can_t7,complete_only,21,0.893729,0.018855,4.233544e-07,1.451357e-06,419,0.012570,3.698042e-07,0.025140,5.451007e-07,2.388752e-01,652,1,0,1,1,1
005_tomato_soup_can,s0_complete_only_005_tomato_soup_can_t8,complete_only,2,0.897636,0.018827,7.963766e-07,1.637106e-06,650,0.012551,7.503542e-07,0.025102,8.055539e-07,4.101957e-01,830,1,0,1,1,0
005_tomato_soup_can,s0_complete_only_005_tomato_soup_can_t9,complete_only,49,0.867014,0.018792,8.189641e-07,1.499816e-06,645,0.012528,7.876033e-07,0.025056,8.073436e-07,3.814734e-01,795,1,0,1,1,0
005_tomato_soup_can,s0_complete_only_005_tomato_soup_can_t10,complete_only,37,0.881808,0.018994,6.342698e-07,1.704843e-06,570,0.012663,7.162400e-07,0.025326,6.288724e-07,3.216238e-01,727,1,0,1,1,1
005_tomato_soup_can,s0_complete_only_005_tomato_soup_can_t11,complete_only,77,0.870731,0.019082,8.572134e-07,2.003496e-06,493,0.012722,6.288600e-07,0.025443,8.047681e-07,3.342485e-01,713,1,0,1,1,1
005_tomato_soup_can,s0_complete_only_005_tomato_soup_can_t12,complete_only,21,0.891716,0.019032,1.082330e-06,2.919837e-06,521,0.012688,1.041794e-06,0.025376,8.971202e-07,4.249458e-01,848,1,0,1,1,1
005_tomato_soup_can,s0_complete_only_005_tomato_soup_can_t13,complete_only,44,0.872834,0.018987,6.592971e-07,1.747560e-06,568,0.012658,6.398308e-07,0.025316,6.392248e-07,3.273824e-01,730,1,0,1,1,1
005_tomato_soup_can,s0_complete_only_005_tomato_soup_can_t14,complete_only,39,0.883250,0.019184,5.914531e-07,1.609073e-06,543,0.012790,6.337184e-07,0.025579,5.850395e-07,2.954744e-01,686,1,0,1,1,1
005_tomato_soup_can,s0_complete_only_005_tomato_soup_can_t15,complete_only,23,0.874712,0.018878,1.222918e-06,2.157491e-06,427,0.012585,1.392856e-06,0.025171,9.344253e-07,2.797506e-01,682,1,0,1,1,1
005_tomato_soup_can,s0_complete_only_005_tomato_soup_can_t16,complete_only,72,0.863934,0.018783,8.407066e-07,1.433647e-06,646,0.012522,7.980996e-07,0.025044,8.344693e-07,5.055159e-01,884,1,0,1,1,1
005_tomato_soup_can,s0_complete_only_005_tomato_soup_can_t17,complete_only,46,0.878064,0.018882,9.754211e-07,1.626431e-06,741,0.012588,1.125219e-06,0.025177,9.438220e-07,3.621904e-01,776,1,0,1,1,0
005_tomato_soup_can,s0_complete_only_005_tomato_soup_can_t18,complete_only,20,0.885562,0.018681,4.299815e-07,2.122993e-06,410,0.012454,3.866049e-07,0.024909,5.915637e-07,2.419520e-01,648,1,0,1,1,1
005_tomato_soup_can,s0_complete_only_005_tomato_soup_can_t19,complete_only,35,0.868099,0.019005,1.001416e-06,1.555664e-06,700,0.012670,1.200404e-06,0.025340,9.469050e-07,3.919984e-01,802,1,0,1,1,0
005_tomato_soup_can,s0_complete_only_005_tomato_soup_can_t20,complete_only,28,0.877539,0.019142,7.507766e-07,1.700238e-06,670,0.012762,6.935861e-07,0.025523,7.538479e-07,3.099871e-01,753,1,0,1,1,1
005_tomato_soup_can,s0_complete_only_005_tomato_soup_can_t21,complete_only,357,0.849824,0.028376,3.417485e-05,1.275419e-04,1280,0.018917,2.942964e-05,0.037835,5.154220e-05,2.809106e+00,1174,1,0,1,1,0
005_tomato_soup_can,s0_complete_only_005_tomato_soup_can_t22,complete_only,34,0.876714,0.019283,7.683791e-07,1.450105e-06,659,0.012856,7.747339e-07,0.025711,7.644235e-07,3.822527e-01,810,1,0,1,1,1
005_tomato_soup_can,s0_complete_only_005_tomato_soup_can_t23,complete_only,29,0.873099,0.019059,7.129834e-07,1.471962e-06,526,0.012706,6.186100e-07,0.025413,7.333580e-07,3.033113e-01,757,1,0,1,1,1
005_tomato_soup_can,s0_complete_only_005_tomato_soup_can_t24,complete_only,13,0.887548,0.018926,5.938654e-07,1.554115e-06,458,0.012617,3.403957e-07,0.025234,6.728890e-07,2.402535e-01,660,1,0,1,1,1
035_power_drill,s0_complete_only_035_power_drill_t0,complete_only,345,0.874097,0.041577,1.011461e-05,0.000000e+00,543,0.027718,0.000000e+00,0.055436,2.117911e-05,0.000000e+00,107,1,0,1,1,0
035_power_drill,s0_complete_only_035_power_drill_t1,complete_only,522,0.805024,0.039530,3.036469e-05,3.343249e-05,1560,0.026353,4.513103e-05,0.052707,2.630355e-05,1.960352e-01,249,1,0,1,1,1
035_power_drill,s0_complete_only_035_power_drill_t2,complete_only,0,0.694323,0.001586,1.109517e-05,1.698747e-05,1465,0.001057,1.377845e-05,0.002114,8.501062e-06,8.602937e-01,5149,0,0,1,1,
035_power_drill,s0_complete_only_035_power_drill_t3,complete_only,307,0.866745,0.039930,1.380452e-07,0.000000e+00,478,0.026620,0.000000e+00,0.053240,1.259938e-05,0.000000e+00,138,1,0,1,1,1
035_power_drill,s0_complete_only_035_power_drill_t4,complete_only,0,0.935697,0.024908,2.696457e-05,4.116946e-05,1406,0.016605,1.483657e-04,0.033210,2.376115e-05,1.620461e+00,1284,1,0,1,1,0
035_power_drill,s0_complete_only_035_power_drill_t5,complete_only,1,0.925511,0.034009,4.299629e-04,1.673560e-03,669,0.022672,6.347651e-04,0.045345,2.299117e-04,2.578529e+00,285,1,0,1,1,0
035_power_drill,s0_complete_only_035_power_drill_t6,complete_only,190,0.860940,0.039362,1.957221e-06,7.185837e-06,978,0.026241,2.688007e-06,0.052482,3.987192e-06,0.000000e+00,177,1,0,1,1,1
035_power_drill,s0_complete_only_035_power_drill_t7,complete_only,427,0.845588,0.052335,3.534104e-06,5.471847e-06,3300,0.034890,8.442264e-07,0.069780,7.409944e-06,0.000000e+00,421,1,0,1,1,1
035_power_drill,s0_complete_only_035_power_drill_t8,complete_only,19,0.915456,0.049503,4.768835e-04,3.823994e-03,641,0.033002,3.109803e-04,0.066004,5.133060e-04,4.845668e-01,114,1,0,1,1,1
035_power_drill,s0_complete_only_035_power_drill_t9,complete_only,52,0.880011,0.039572,7.432001e-07,3.843748e-06,609,0.026382,0.000000e+00,0.052763,1.592832e-06,0.000000e+00,114,1,0,1,1,0
035_power_drill,s0_complete_only_035_power_drill_t10,complete_only,491,0.820337,0.043789,5.017844e-04,2.886315e-03,534,0.029193,1.596531e-03,0.058385,3.018821e-04,6.387773e-01,171,1,0,1,1,1
035_power_drill,s0_complete_only_035_power_drill_t11,complete_only,510,0.828471,0.042371,4.094182e-04,1.984236e-03,847,0.028247,2.685704e-04,0.056494,4.564939e-04,1.005231e+00,185,1,0,1,1,0
035_power_drill,s0_complete_only_035_power_drill_t12,complete_only,345,0.856467,0.042597,1.252598e-04,7.761450e-04,1022,0.028398,1.273981e-04,0.056796,9.190199e-05,2.636373e-01,188,1,0,1,1,1
035_power_drill,s0_complete_only_035_power_drill_t13,complete_only,0,0.987126,0.014257,1.678071e-04,3.578598e-04,1258,0.009505,1.700755e-04,0.019010,1.704203e-04,6.239914e+00,2931,1,0,1,1,0
035_power_drill,s0_complete_only_035_power_drill_t14,complete_only,3,0.960489,0.025423,1.034971e-05,4.696808e-05,1812,0.016948,4.905242e-06,0.033897,1.229507e-05,8.717819e-01,1000,1,0,1,1,0
035_power_drill,s0_complete_only_035_power_drill_t15,complete_only,0,0.941573,0.041250,6.276401e-04,1.854736e-03,734,0.027500,1.069709e-03,0.055000,1.835093e-04,3.836409e-01,133,1,0,1,1,1
035_power_drill,s0_complete_only_035_power_drill_t16,complete_only,21,0.901822,0.039044,2.467912e-06,7.980907e-06,1166,0.026030,3.088279e-06,0.052059,4.049086e-06,1.798055e-01,218,1,0,1,1,1
035_power_drill,s0_complete_only_035_power_drill_t18,complete_only,639,0.792863,0.040955,2.280292e-05,7.248528e-06,1090,0.027304,2.866513e-06,0.054607,2.920115e-05,0.000000e+00,182,1,0,1,1,1
035_power_drill,s0_complete_only_035_power_drill_t19,complete_only,34,0.962021,0.023653,1.181188e-04,4.768583e-04,1440,0.015768,2.084449e-04,0.031537,6.470150e-05,2.126391e+00,1811,1,0,1,1,0
035_power_drill,s0_complete_only_035_power_drill_t20,complete_only,126,0.886128,0.039215,2.539766e-06,1.132651e-05,979,0.026143,3.022640e-06,0.052287,5.264470e-06,1.476671e-01,207,1,0,1,1,1
035_power_drill,s0_complete_only_035_power_drill_t21,complete_only,3,0.921572,0.042322,4.151322e-05,4.180847e-05,4005,0.028215,1.441188e-05,0.056430,6.309020e-05,4.264358e+00,2005,1,0,1,1,1
035_power_drill,s0_complete_only_035_power_drill_t22,complete_only,2,0.958813,0.049141,8.819628e-05,4.075324e-04,2402,0.032761,5.829822e-05,0.065521,8.660294e-05,2.621553e-01,244,1,0,1,1,0
035_power_drill,s0_complete_only_035_power_drill_t23,complete_only,104,0.923235,0.033635,2.795960e-04,6.058954e-04,1061,0.022423,3.082640e-04,0.044847,1.380107e-04,1.652447e+00,154,1,0,1,1,0
035_power_drill,s0_complete_only_035_power_drill_t24,complete_only,76,0.906835,0.044505,2.846099e-05,2.055623e-05,4303,0.029670,7.646332e-06,0.059340,3.624844e-05,2.053076e+00,1247,1,0,1,1,1
021_bleach_cleanser,s0_epi_max_021_bleach_cleanser_t0,complete_epi,296,0.864008,0.039125,2.035009e-05,1.857136e-04,1135,0.026083,1.158951e-06,0.052167,2.914476e-05,0.000000e+00,70,1,0,1,1,1
021_bleach_cleanser,s0_epi_max_021_bleach_cleanser_t1,complete_epi,17,0.942244,0.039833,5.360815e-05,3.306583e-04,1088,0.026555,6.180286e-05,0.053111,3.393005e-05,0.000000e+00,133,1,0,1,1,1
021_bleach_cleanser,s0_epi_max_021_bleach_cleanser_t2,complete_epi,30,0.933758,0.022828,1.591348e-05,5.905046e-05,1835,0.015219,1.216896e-05,0.030437,1.851237e-05,3.755660e-01,574,1,0,1,1,0
021_bleach_cleanser,s0_epi_max_021_bleach_cleanser_t3,complete_epi,84,0.920578,0.039546,6.414966e-05,3.798520e-04,1139,0.026364,4.472411e-05,0.052728,4.853225e-05,9.258330e-03,61,1,0,1,1,1
021_bleach_cleanser,s0_epi_max_021_bleach_cleanser_t4,complete_epi,75,0.945621,0.022306,4.864741e-06,1.869374e-05,1077,0.014871,4.148608e-06,0.029741,5.144400e-06,0.000000e+00,416,1,0,1,1,0
021_bleach_cleanser,s0_epi_max_021_bleach_cleanser_t5,complete_epi,59,0.905934,0.040068,7.768148e-06,2.302060e-05,1236,0.026712,7.601870e-06,0.053424,7.647617e-06,5.637817e-03,99,1,0,1,1,1
021_bleach_cleanser,s0_epi_max_021_bleach_cleanser_t6,complete_epi,0,0.805657,0.005973,2.139293e-05,5.066327e-05,593,0.003982,2.475579e-05,0.007964,1.812466e-05,4.650736e+00,7217,0,0,1,1,
021_bleach_cleanser,s0_epi_max_021_bleach_cleanser_t7,complete_epi,141,0.921138,0.039481,1.490498e-06,3.770866e-06,1504,0.026321,1.494144e-06,0.052642,1.507037e-06,0.000000e+00,227,1,0,1,1,1
021_bleach_cleanser,s0_epi_max_021_bleach_cleanser_t9,complete_epi,81,0.940552,0.039064,2.189293e-06,1.432903e-05,646,0.026043,0.000000e+00,0.052086,1.337188e-05,0.000000e+00,96,1,0,1,1,1
021_bleach_cleanser,s0_epi_max_021_bleach_cleanser_t10,complete_epi,17,0.909269,0.039470,7.799993e-05,3.815164e-04,912,0.026313,7.589790e-05,0.052627,7.161751e-05,2.489836e-01,162,1,0,1,1,1
021_bleach_cleanser,s0_epi_max_021_bleach_cleanser_t11,complete_epi,51,0.912962,0.039488,5.850998e-05,2.554806e-04,1237,0.026325,7.792949e-05,0.052650,5.259440e-05,2.376623e-02,75,1,0,1,1,1
021_bleach_cleanser,s0_epi_max_021_bleach_cleanser_t12,complete_epi,192,0.904704,0.040394,4.872271e-05,1.942376e-04,1240,0.026929,6.091143e-05,0.053859,3.030135e-05,1.678738e-01,177,1,0,1,1,1
021_bleach_cleanser,s0_epi_max_021_bleach_cleanser_t13,complete_epi,0,0.961753,0.026694,0.000000e+00,0.000000e+00,602,0.017796,0.000000e+00,0.035592,5.114551e-06,0.000000e+00,195,1,0,1,1,0
021_bleach_cleanser,s0_epi_max_021_bleach_cleanser_t14,complete_epi,1,0.945701,0.026912,2.226478e-05,1.879780e-04,831,0.017941,2.112327e-05,0.035883,2.021710e-05,7.014043e-01,175,1,0,1,1,0
021_bleach_cleanser,s0_epi_max_021_bleach_cleanser_t15,complete_epi,452,0.884946,0.039234,6.724091e-06,6.808624e-05,827,0.026156,7.156548e-08,0.052312,1.478054e-05,0.000000e+00,122,1,0,1,1,1
021_bleach_cleanser,s0_epi_max_021_bleach_cleanser_t16,complete_epi,1,0.899860,0.057030,2.762145e-04,1.322891e-03,3248,0.038020,3.344794e-04,0.076040,2.282458e-04,1.730277e+00,259,1,0,1,1,0
021_bleach_cleanser,s0_epi_max_021_bleach_cleanser_t17,complete_epi,126,0.882375,0.039942,1.888211e-05,0.000000e+00,591,0.026628,0.000000e+00,0.053256,2.652169e-05,0.000000e+00,104,1,0,1,1,1
021_bleach_cleanser,s0_epi_max_021_bleach_cleanser_t18,complete_epi,0,0.894720,0.020224,2.329268e-06,5.271435e-06,1021,0.013483,2.166651e-06,0.026965,2.183607e-06,3.677305e-01,305,1,0,1,1,0
021_bleach_cleanser,s0_epi_max_021_bleach_cleanser_t19,complete_epi,11,0.945198,0.039306,2.569073e-05,1.612659e-04,886,0.026204,8.654638e-06,0.052408,3.989647e-05,0.000000e+00,84,1,0,1,1,1
021_bleach_cleanser,s0_epi_max_021_bleach_cleanser_t20,complete_epi,1,0.948116,0.039696,1.298814e-04,6.348561e-04,809,0.026464,9.551194e-05,0.052928,9.950242e-05,9.458673e-02,70,1,0,1,1,0
021_bleach_cleanser,s0_epi_max_021_bleach_cleanser_t21,complete_epi,5,0.921033,0.039771,3.296506e-06,9.147015e-06,1455,0.026514,3.705753e-06,0.053028,3.171159e-06,1.787251e-02,194,1,0,1,1,1
021_bleach_cleanser,s0_epi_max_021_bleach_cleanser_t23,complete_epi,322,0.867079,0.039384,1.012888e-05,5.663340e-05,881,0.026256,1.153923e-05,0.052512,1.195001e-05,0.000000e+00,98,1,0,1,1,0
021_bleach_cleanser,s0_epi_max_021_bleach_cleanser_t24,complete_epi,1239,0.882188,0.027418,1.587671e-07,1.125701e-06,612,0.018279,4.160165e-08,0.036558,2.995134e-07,0.000000e+00,133,1,0,1,1,0
061_foam_brick,s0_epi_max_061_foam_brick_t0,complete_epi,678,0.878947,0.016189,1.393446e-04,5.742666e-04,663,0.010793,2.314154e-04,0.021586,8.201957e-05,2.145416e+00,1351,1,0,1,1,1
061_foam_brick,s0_epi_max_061_foam_brick_t1,complete_epi,27,0.963071,0.016531,1.795582e-06,1.483858e-05,548,0.011021,7.621073e-06,0.022041,3.168248e-06,1.301497e+00,1244,1,0,1,1,0
061_foam_brick,s0_epi_max_061_foam_brick_t2,complete_epi,1003,0.811356,0.016758,9.004269e-06,4.067700e-05,552,0.011172,3.698000e-06,0.022343,1.442986e-05,1.907538e+00,933,1,0,1,1,1
061_foam_brick,s0_epi_max_061_foam_brick_t3,complete_epi,1380,0.504233,0.016978,6.168218e-07,2.077350e-06,912,0.011319,6.232142e-07,0.022637,3.025756e-06,1.045493e+00,1233,1,0,1,1,0
061_foam_brick,s0_epi_max_061_foam_brick_t4,complete_epi,195,0.961897,0.017027,3.659470e-04,1.716599e-03,668,0.011351,5.771680e-04,0.022702,1.305622e-04,1.470308e+00,1045,1,0,1,1,1
061_foam_brick,s0_epi_max_061_foam_brick_t5,complete_epi,987,0.825090,0.016741,3.133739e-04,1.244124e-03,329,0.011161,3.423743e-04,0.022322,2.561099e-04,1.451022e+00,975,1,0,1,1,1
061_foam_brick,s0_epi_max_061_foam_brick_t6,complete_epi,9,0.958426,0.016851,1.450103e-05,4.475471e-05,519,0.011234,1.103438e-05,0.022468,4.202114e-05,1.074267e+00,857,1,0,1,1,1
061_foam_brick,s0_epi_max_061_foam_brick_t7,complete_epi,505,0.915643,0.017224,5.020315e-07,7.536076e-07,1250,0.011482,4.947916e-07,0.022965,6.609165e-07,1.144940e+00,1828,1,0,1,1,1
061_foam_brick,s0_epi_max_061_foam_brick_t8,complete_epi,449,0.902005,0.016954,1.403048e-06,2.516528e-06,1144,0.011303,9.066007e-07,0.022606,1.873380e-06,1.651554e+00,2299,1,0,1,1,0
061_foam_brick,s0_epi_max_061_foam_brick_t9,complete_epi,9,0.960552,0.016680,8.446418e-06,2.347786e-06,708,0.011120,1.040492e-06,0.022240,1.993421e-05,1.281243e+00,1051,1,0,1,1,1
061_foam_brick,s0_epi_max_061_foam_brick_t10,complete_epi,1175,0.788579,0.016574,2.721989e-06,1.223584e-05,668,0.011050,1.904896e-06,0.022099,3.004693e-06,1.221761e+00,1201,1,0,1,1,1
061_foam_brick,s0_epi_max_061_foam_brick_t11,complete_epi,1110,0.802093,0.015977,7.987049e-05,3.376835e-04,637,0.010651,7.339883e-05,0.021302,3.527481e-05,7.800988e-01,1057,1,0,1,1,1
061_foam_brick,s0_epi_max_061_foam_brick_t12,complete_epi,1,0.968958,0.016546,2.808116e-06,2.078278e-06,941,0.011031,1.015555e-06,0.022061,1.192824e-05,1.156762e+00,1012,1,0,1,1,1
061_foam_brick,s0_epi_max_061_foam_brick_t13,complete_epi,238,0.910392,0.015854,7.644382e-06,4.223910e-05,504,0.010570,8.681416e-06,0.021139,2.491447e-05,1.261723e+00,905,1,0,1,1,1
061_foam_brick,s0_epi_max_061_foam_brick_t14,complete_epi,1041,0.830667,0.016161,1.947528e-06,5.151748e-06,561,0.010774,2.267976e-06,0.021548,1.803793e-06,6.600238e-01,842,1,0,1,1,1
061_foam_brick,s0_epi_max_061_foam_brick_t15,complete_epi,787,0.880783,0.017142,2.674395e-06,1.039503e-05,1135,0.011428,5.263526e-06,0.022855,7.878908e-06,2.814572e+00,1807,1,0,1,1,1
061_foam_brick,s0_epi_max_061_foam_brick_t16,complete_epi,0,0.972475,0.016653,9.600241e-07,2.927096e-06,837,0.011102,1.228189e-06,0.022204,9.728697e-06,7.067680e-01,770,1,0,1,1,1
061_foam_brick,s0_epi_max_061_foam_brick_t17,complete_epi,761,0.853834,0.017942,5.090115e-07,9.817447e-07,933,0.011961,5.509227e-07,0.023923,5.207289e-07,1.093332e+00,1628,1,0,1,1,1
061_foam_brick,s0_epi_max_061_foam_brick_t18,complete_epi,407,0.959970,0.017091,2.523963e-06,8.626168e-06,516,0.011394,2.052438e-06,0.022788,2.581743e-06,1.115298e+00,981,1,0,1,1,1
061_foam_brick,s0_epi_max_061_foam_brick_t19,complete_epi,33,0.961674,0.016379,5.774355e-06,3.594261e-06,324,0.010919,6.178936e-07,0.021838,1.667019e-05,1.346650e+00,1009,1,0,1,1,1
061_foam_brick,s0_epi_max_061_foam_brick_t20,complete_epi,2,0.962201,0.016631,8.347181e-06,1.841661e-05,968,0.011087,5.707990e-06,0.022175,2.193257e-05,9.314327e-01,900,1,0,1,1,1
061_foam_brick,s0_epi_max_061_foam_brick_t21,complete_epi,392,0.905181,0.017066,4.566178e-07,7.415687e-07,1200,0.011377,4.757320e-07,0.022755,4.728615e-07,1.171352e+00,1937,1,0,1,1,1
061_foam_brick,s0_epi_max_061_foam_brick_t22,complete_epi,382,0.883615,0.016099,2.848817e-05,1.678859e-04,512,0.010733,3.903499e-05,0.021465,2.650127e-05,1.113419e+00,1082,1,0,1,1,1
061_foam_brick,s0_epi_max_061_foam_brick_t23,complete_epi,1286,0.695762,0.017341,4.373539e-06,1.437886e-05,628,0.011561,6.274028e-06,0.023121,5.365780e-06,1.125718e+00,1132,1,0,1,1,1
061_foam_brick,s0_epi_max_061_foam_brick_t24,complete_epi,628,0.890877,0.017224,5.050462e-07,9.065136e-07,1033,0.011483,4.703465e-07,0.022965,4.902237e-07,1.246408e+00,2054,1,0,1,1,1
010_potted_meat_can,s0_epi_mean_010_potted_meat_can_t0,complete_epi,15,0.876572,0.021554,1.015502e-06,4.324614e-06,542,0.014369,1.490959e-06,0.028739,4.128139e-06,3.548434e-01,564,1,0,1,1,1
010_potted_meat_can,s0_epi_mean_010_potted_meat_can_t1,complete_epi,264,0.826505,0.020657,6.018369e-07,1.736564e-06,771,0.013771,8.955380e-07,0.027542,5.545727e-06,3.777193e-01,680,1,0,1,1,1
010_potted_meat_can,s0_epi_mean_010_potted_meat_can_t2,complete_epi,85,0.779281,0.020938,2.301901e-06,2.492568e-06,647,0.013958,1.646282e-06,0.027917,4.431671e-06,6.130459e-01,780,1,0,1,1,1
010_potted_meat_can,s0_epi_mean_010_potted_meat_can_t3,complete_epi,180,0.809703,0.020477,1.590665e-06,5.323990e-06,648,0.013652,1.047700e-06,0.027303,4.022854e-06,4.407127e-01,528,1,0,1,1,1
010_potted_meat_can,s0_epi_mean_010_potted_meat_can_t4,complete_epi,31,0.780788,0.021169,1.068255e-06,5.986706e-06,563,0.014113,1.948257e-06,0.028226,2.235343e-06,4.252417e-01,505,1,0,1,1,1
010_potted_meat_can,s0_epi_mean_010_potted_meat_can_t5,complete_epi,22,0.813314,0.021084,3.230529e-06,3.794793e-05,675,0.014056,1.117318e-05,0.028112,4.571277e-06,7.425342e-01,855,1,0,1,1,1
010_potted_meat_can,s0_epi_mean_010_potted_meat_can_t6,complete_epi,0,0.920727,0.020898,8.765682e-07,3.051847e-06,489,0.013932,8.621494e-07,0.027865,8.468069e-07,2.925383e-01,528,1,0,1,1,1
010_potted_meat_can,s0_epi_mean_010_potted_meat_can_t7,complete_epi,37,0.903100,0.019646,4.944843e-07,2.042920e-06,538,0.013097,8.655173e-07,0.026195,6.737345e-07,3.139840e-01,607,1,0,1,1,1
010_potted_meat_can,s0_epi_mean_010_potted_meat_can_t8,complete_epi,2,0.884225,0.020755,8.586392e-07,2.932228e-06,736,0.013836,9.198497e-07,0.027673,1.272236e-06,5.190574e-01,731,1,0,1,1,1
010_potted_meat_can,s0_epi_mean_010_potted_meat_can_t9,complete_epi,98,0.780414,0.021044,1.638560e-06,7.891436e-06,443,0.014030,3.197525e-06,0.028059,2.462945e-06,1.191679e-01,199,1,0,1,1,1
010_potted_meat_can,s0_epi_mean_010_potted_meat_can_t10,complete_epi,190,0.768635,0.021099,4.528114e-06,1.583591e-05,930,0.014066,4.838894e-06,0.028133,9.669010e-06,6.849756e-01,841,1,0,1,1,1
010_potted_meat_can,s0_epi_mean_010_potted_meat_can_t11,complete_epi,79,0.811035,0.021206,2.523053e-06,2.029009e-05,904,0.014137,4.503151e-06,0.028274,4.354728e-06,8.382879e-01,827,1,0,1,1,1
010_potted_meat_can,s0_epi_mean_010_potted_meat_can_t12,complete_epi,0,0.842316,0.020762,1.159725e-06,3.983273e-06,559,0.013841,1.368539e-06,0.027682,9.734204e-06,1.434671e-01,210,1,0,1,1,1
010_potted_meat_can,s0_epi_mean_010_potted_meat_can_t13,complete_epi,2,0.850797,0.020799,3.398079e-06,2.783794e-06,642,0.013866,1.022274e-06,0.027731,8.853535e-06,2.873656e-01,553,1,0,1,1,1
010_potted_meat_can,s0_epi_mean_010_potted_meat_can_t14,complete_epi,109,0.774395,0.020995,1.613065e-06,9.627541e-06,605,0.013997,3.528321e-06,0.027994,2.804416e-06,6.055523e-01,705,1,0,1,1,1
010_potted_meat_can,s0_epi_mean_010_potted_meat_can_t15,complete_epi,63,0.830013,0.020785,1.510123e-06,9.229594e-06,862,0.013857,2.451752e-06,0.027714,2.741991e-06,4.179395e-01,574,1,0,1,1,1
010_potted_meat_can,s0_epi_mean_010_potted_meat_can_t16,complete_epi,1,0.839575,0.021133,1.113811e-06,5.337654e-06,465,0.014088,2.057625e-06,0.028177,1.336015e-05,2.023707e-01,384,1,0,1,1,1
010_potted_meat_can,s0_epi_mean_010_potted_meat_can_t18,complete_epi,21,0.876174,0.021377,7.218803e-06,3.538278e-06,755,0.014251,6.174272e-06,0.028503,1.446298e-05,5.368255e-01,715,1,0,1,1,1
010_potted_meat_can,s0_epi_mean_010_potted_meat_can_t19,complete_epi,11,0.898554,0.020769,6.773693e-07,1.931621e-06,641,0.013846,5.662424e-07,0.027692,1.880305e-05,3.170913e-01,535,1,0,1,1,1
010_potted_meat_can,s0_epi_mean_010_potted_meat_can_t20,complete_epi,0,0.884532,0.020985,7.890381e-07,4.338905e-06,357,0.013990,1.447431e-06,0.027980,1.221131e-05,3.170951e-01,528,1,0,1,1,1
010_potted_meat_can,s0_epi_mean_010_potted_meat_can_t21,complete_epi,3,0.938421,0.019839,7.294759e-07,2.348104e-06,684,0.013226,1.137453e-06,0.026452,8.466950e-07,3.629201e-01,629,1,0,1,1,1
010_potted_meat_can,s0_epi_mean_010_potted_meat_can_t22,complete_epi,6,0.863367,0.021070,8.966197e-07,3.133117e-06,612,0.014047,9.332041e-07,0.028094,3.364282e-06,2.582427e-01,471,1,0,1,1,1
010_potted_meat_can,s0_epi_mean_010_potted_meat_can_t23,complete_epi,31,0.818522,0.020897,1.219310e-06,6.318835e-06,616,0.013931,2.875496e-06,0.027862,2.512425e-06,4.719015e-01,648,1,0,1,1,1
010_potted_meat_can,s0_epi_mean_010_potted_meat_can_t24,complete_epi,1,0.921230,0.019765,7.955267e-07,4.693119e-06,689,0.013177,1.142085e-06,0.026354,9.668255e-07,3.422995e-01,632,1,0,1,1,1
005_tomato_soup_can,s0_hetero_patch_005_tomato_soup_can_t0,hetero_patch,46,0.856607,0.019010,7.874869e-07,2.241729e-06,519,0.012673,6.959538e-07,0.025346,8.106168e-07,3.592976e-01,745,1,0,1,1,1
005_tomato_soup_can,s0_hetero_patch_005_tomato_soup_can_t1,hetero_patch,92,0.848937,0.019003,9.606382e-07,2.031942e-06,617,0.012669,8.997410e-07,0.025337,9.719671e-07,2.842538e-01,663,1,0,1,1,1
005_tomato_soup_can,s0_hetero_patch_005_tomato_soup_can_t3,hetero_patch,15,0.890174,0.019058,7.577371e-07,2.148944e-06,566,0.012706,7.936479e-07,0.025411,7.973854e-07,3.808723e-01,750,1,0,1,1,1
005_tomato_soup_can,s0_hetero_patch_005_tomato_soup_can_t5,hetero_patch,31,0.876549,0.019057,8.778204e-07,1.966239e-06,640,0.012705,8.462940e-07,0.025409,9.147744e-07,3.605992e-01,768,1,0,1,1,1
005_tomato_soup_can,s0_hetero_patch_005_tomato_soup_can_t6,hetero_patch,32,0.873143,0.019266,7.748448e-07,1.926054e-06,581,0.012844,6.402317e-07,0.025688,8.122625e-07,2.838086e-01,702,1,0,1,1,1
005_tomato_soup_can,s0_hetero_patch_005_tomato_soup_can_t7,hetero_patch,12,0.890679,0.019002,7.131615e-07,1.887720e-06,524,0.012668,7.827222e-07,0.025336,8.119733e-07,4.071571e-01,774,1,0,1,1,1
005_tomato_soup_can,s0_hetero_patch_005_tomato_soup_can_t8,hetero_patch,31,0.866048,0.018796,7.322685e-07,2.033652e-06,477,0.012531,4.956319e-07,0.025062,8.777299e-07,2.896807e-01,692,1,0,1,1,1
005_tomato_soup_can,s0_hetero_patch_005_tomato_soup_can_t9,hetero_patch,14,0.874743,0.019206,8.442236e-07,1.600578e-06,647,0.012804,8.000657e-07,0.025608,8.626221e-07,3.995601e-01,803,1,0,1,1,0
005_tomato_soup_can,s0_hetero_patch_005_tomato_soup_can_t10,hetero_patch,45,0.877160,0.019007,7.642770e-07,1.711725e-06,560,0.012671,6.946982e-07,0.025343,7.935597e-07,3.309915e-01,737,1,0,1,1,1
005_tomato_soup_can,s0_hetero_patch_005_tomato_soup_can_t11,hetero_patch,0,0.974031,0.014402,3.751127e-06,6.437794e-06,1160,0.009601,4.024693e-06,0.019202,3.367530e-06,1.095777e+00,1242,1,0,1,1,0
005_tomato_soup_can,s0_hetero_patch_005_tomato_soup_can_t12,hetero_patch,27,0.881501,0.018922,8.824277e-07,1.584914e-06,688,0.012615,7.897182e-07,0.025229,8.970589e-07,5.503214e-01,909,1,0,1,1,1
005_tomato_soup_can,s0_hetero_patch_005_tomato_soup_can_t13,hetero_patch,1,0.893996,0.018964,8.103234e-07,1.491566e-06,733,0.012643,8.038065e-07,0.025286,8.337038e-07,4.656353e-01,875,1,0,1,1,1
005_tomato_soup_can,s0_hetero_patch_005_tomato_soup_can_t14,hetero_patch,90,0.866072,0.019042,6.718585e-07,2.325210e-06,495,0.012695,5.897615e-07,0.025390,6.978271e-07,2.924309e-01,691,1,0,1,1,1
005_tomato_soup_can,s0_hetero_patch_005_tomato_soup_can_t15,hetero_patch,38,0.835628,0.024822,2.158466e-06,1.359751e-05,920,0.016548,1.800983e-06,0.033096,2.869967e-06,3.972124e-01,721,1,0,1,1,1
005_tomato_soup_can,s0_hetero_patch_005_tomato_soup_can_t16,hetero_patch,18,0.883280,0.018785,8.657577e-07,1.545634e-06,639,0.012523,8.625327e-07,0.025047,9.030917e-07,4.215446e-01,813,1,0,1,1,1
005_tomato_soup_can,s0_hetero_patch_005_tomato_soup_can_t17,hetero_patch,70,0.869166,0.018881,8.506284e-07,1.613535e-06,829,0.012587,8.145945e-07,0.025174,8.981285e-07,3.957890e-01,776,1,0,1,1,1
005_tomato_soup_can,s0_hetero_patch_005_tomato_soup_can_t18,hetero_patch,51,0.873936,0.018648,6.492629e-07,1.831839e-06,441,0.012432,3.673669e-07,0.024864,8.303426e-07,2.404201e-01,639,1,0,1,1,1
005_tomato_soup_can,s0_hetero_patch_005_tomato_soup_can_t19,hetero_patch,66,0.861158,0.019008,8.822794e-07,1.627657e-06,669,0.012672,8.413951e-07,0.025343,9.031315e-07,4.012993e-01,776,1,0,1,1,0
005_tomato_soup_can,s0_hetero_patch_005_tomato_soup_can_t20,hetero_patch,81,0.860410,0.019131,8.475356e-07,1.620282e-06,636,0.012754,8.373419e-07,0.025508,8.903738e-07,4.522030e-01,864,1,0,1,1,1
005_tomato_soup_can,s0_hetero_patch_005_tomato_soup_can_t21,hetero_patch,0,0.782649,0.026208,2.828358e-06,4.447418e-06,843,0.017472,1.822038e-06,0.034945,3.427540e-06,2.507043e-01,554,1,0,1,1,0
005_tomato_soup_can,s0_hetero_patch_005_tomato_soup_can_t22,hetero_patch,35,0.880642,0.019289,8.849899e-07,1.703032e-06,685,0.012859,8.144539e-07,0.025719,9.118333e-07,4.391478e-01,836,1,0,1,1,1
005_tomato_soup_can,s0_hetero_patch_005_tomato_soup_can_t23,hetero_patch,235,0.800816,0.032842,3.567059e-06,1.396226e-05,2774,0.021895,2.854567e-06,0.043790,5.180369e-06,2.221832e+00,1542,1,0,1,1,0
005_tomato_soup_can,s0_hetero_patch_005_tomato_soup_can_t24,hetero_patch,38,0.878674,0.018932,6.793080e-07,1.659589e-06,457,0.012621,4.390488e-07,0.025242,7.889190e-07,2.656116e-01,676,1,0,1,1,1
035_power_drill,s0_hetero_patch_035_power_drill_t0,hetero_patch,261,0.887703,0.041577,1.815740e-05,6.959524e-05,838,0.027718,1.782306e-05,0.055436,1.969273e-05,4.490652e-01,229,1,0,1,1,1
035_power_drill,s0_hetero_patch_035_power_drill_t1,hetero_patch,651,0.788232,0.038940,2.151261e-06,9.012130e-06,977,0.025960,3.637077e-07,0.051920,2.613984e-06,0.000000e+00,124,1,0,1,1,0
035_power_drill,s0_hetero_patch_035_power_drill_t2,hetero_patch,438,0.849359,0.043453,0.000000e+00,0.000000e+00,464,0.028969,0.000000e+00,0.057937,3.624127e-06,0.000000e+00,31,1,0,1,1,0
035_power_drill,s0_hetero_patch_035_power_drill_t3,hetero_patch,517,0.738549,0.050876,1.655732e-05,5.992037e-05,965,0.033917,1.250021e-05,0.067834,2.433343e-05,0.000000e+00,113,1,0,1,1,1
035_power_drill,s0_hetero_patch_035_power_drill_t4,hetero_patch,112,0.899969,0.041733,1.893869e-06,1.022537e-05,981,0.027822,0.000000e+00,0.055644,2.967162e-06,0.000000e+00,169,1,0,1,1,1
035_power_drill,s0_hetero_patch_035_power_drill_t5,hetero_patch,723,0.779509,0.043688,1.111715e-05,4.244602e-05,1292,0.029125,8.662982e-06,0.058250,1.327088e-05,1.664113e-02,166,1,0,1,1,1
035_power_drill,s0_hetero_patch_035_power_drill_t6,hetero_patch,203,0.863549,0.039915,1.356068e-06,0.000000e+00,530,0.026610,0.000000e+00,0.053221,3.661600e-06,0.000000e+00,159,1,0,1,1,0
035_power_drill,s0_hetero_patch_035_power_drill_t7,hetero_patch,68,0.959931,0.028435,9.661862e-06,1.815089e-05,1589,0.018957,1.383332e-05,0.037913,1.013439e-05,1.379067e+00,1209,1,0,1,1,1
035_power_drill,s0_hetero_patch_035_power_drill_t9,hetero_patch,22,0.917239,0.039529,1.866858e-06,4.396635e-06,941,0.026353,1.127335e-06,0.052705,2.125158e-06,0.000000e+00,161,1,0,1,1,1
035_power_drill,s0_hetero_patch_035_power_drill_t11,hetero_patch,884,0.704724,0.042410,0.000000e+00,0.000000e+00,558,0.028273,0.000000e+00,0.056547,7.438360e-07,0.000000e+00,130,1,0,1,1,0
035_power_drill,s0_hetero_patch_035_power_drill_t12,hetero_patch,455,0.823632,0.042665,1.688930e-05,8.023924e-05,893,0.028443,1.764530e-05,0.056886,1.383029e-05,1.377297e-01,173,1,0,1,1,1
035_power_drill,s0_hetero_patch_035_power_drill_t13,hetero_patch,1427,0.678633,0.017938,1.241785e-05,2.300897e-05,2115,0.011959,1.099033e-05,0.023917,1.303690e-05,2.277947e+00,2184,1,0,1,1,0
035_power_drill,s0_hetero_patch_035_power_drill_t14,hetero_patch,0,0.952368,0.037274,3.436337e-06,9.536162e-06,1263,0.024849,3.444092e-06,0.049699,3.157008e-06,3.287820e-01,256,1,0,1,1,0
035_power_drill,s0_hetero_patch_035_power_drill_t15,hetero_patch,3,0.945957,0.033078,9.256582e-05,2.812874e-04,1406,0.022052,1.270198e-04,0.044104,5.390013e-05,5.884110e-01,263,1,0,1,1,0
035_power_drill,s0_hetero_patch_035_power_drill_t16,hetero_patch,15,0.920535,0.038835,2.773111e-06,4.715758e-06,1039,0.025890,2.321693e-06,0.051779,2.840653e-06,0.000000e+00,165,1,0,1,1,1
035_power_drill,s0_hetero_patch_035_power_drill_t18,hetero_patch,426,0.853639,0.041013,2.229344e-06,7.392714e-06,1004,0.027342,3.467707e-07,0.054684,3.132695e-06,0.000000e+00,134,1,0,1,1,0
035_power_drill,s0_hetero_patch_035_power_drill_t19,hetero_patch,234,0.857559,0.039196,3.170490e-06,1.035616e-05,1301,0.026131,3.038319e-06,0.052262,3.442988e-06,5.739656e-01,438,1,0,1,1,1
035_power_drill,s0_hetero_patch_035_power_drill_t20,hetero_patch,179,0.882004,0.039062,2.016850e-06,4.445336e-06,1084,0.026041,1.694037e-06,0.052083,2.178505e-06,0.000000e+00,153,1,0,1,1,1
035_power_drill,s0_hetero_patch_035_power_drill_t22,hetero_patch,45,0.916209,0.025176,1.148208e-06,2.894947e-06,642,0.016784,9.158430e-07,0.033568,4.015698e-06,0.000000e+00,205,1,0,1,1,0
035_power_drill,s0_hetero_patch_035_power_drill_t23,hetero_patch,3,0.937872,0.043871,1.623594e-05,1.325127e-05,879,0.029247,1.200229e-05,0.058495,1.776637e-05,1.161371e-02,113,1,0,1,1,0
035_power_drill,s0_hetero_patch_035_power_drill_t24,hetero_patch,863,0.777403,0.053969,9.437172e-06,3.120260e-05,5770,0.035979,1.082143e-05,0.071959,1.120003e-05,1.879211e+00,1052,1,0,1,1,1
021_bleach_cleanser,s0_duarte_mcd_021_bleach_cleanser_t0,duarte_mcd,3,0.936065,,,,,,,,,0.000000e+00,66,1,0,1,1,1
021_bleach_cleanser,s0_duarte_mcd_021_bleach_cleanser_t1,duarte_mcd,15,0.942986,,,,,,,,,2.327001e-02,140,1,0,1,1,1
021_bleach_cleanser,s0_duarte_mcd_021_bleach_cleanser_t2,duarte_mcd,6,0.958512,,,,,,,,,0.000000e+00,303,1,0,1,1,0
021_bleach_cleanser,s0_duarte_mcd_021_bleach_cleanser_t3,duarte_mcd,32,0.947789,,,,,,,,,2.425817e-02,104,1,0,1,1,1
021_bleach_cleanser,s0_duarte_mcd_021_bleach_cleanser_t4,duarte_mcd,19,0.937780,,,,,,,,,4.583202e-03,95,1,0,1,1,1
021_bleach_cleanser,s0_duarte_mcd_021_bleach_cleanser_t5,duarte_mcd,200,0.919399,,,,,,,,,7.799826e-02,145,1,0,1,1,1
021_bleach_cleanser,s0_duarte_mcd_021_bleach_cleanser_t6,duarte_mcd,7,0.947971,,,,,,,,,4.370959e-02,124,1,0,1,1,1
021_bleach_cleanser,s0_duarte_mcd_021_bleach_cleanser_t8,duarte_mcd,198,0.901725,,,,,,,,,5.022317e-02,130,1,0,1,1,1
021_bleach_cleanser,s0_duarte_mcd_021_bleach_cleanser_t9,duarte_mcd,11,0.952420,,,,,,,,,1.183900e-02,343,1,0,1,1,0
021_bleach_cleanser,s0_duarte_mcd_021_bleach_cleanser_t10,duarte_mcd,93,0.934273,,,,,,,,,1.587275e-02,66,1,0,1,1,0
021_bleach_cleanser,s0_duarte_mcd_021_bleach_cleanser_t11,duarte_mcd,9,0.954323,,,,,,,,,3.111175e-02,115,1,0,1,1,1
021_bleach_cleanser,s0_duarte_mcd_021_bleach_cleanser_t13,duarte_mcd,41,0.925579,,,,,,,,,0.000000e+00,110,1,0,1,1,1
021_bleach_cleanser,s0_duarte_mcd_021_bleach_cleanser_t14,duarte_mcd,10,0.947022,,,,,,,,,7.970425e-03,101,1,0,1,1,1
021_bleach_cleanser,s0_duarte_mcd_021_bleach_cleanser_t15,duarte_mcd,15,0.941144,,,,,,,,,7.627748e-02,330,1,0,1,1,0
021_bleach_cleanser,s0_duarte_mcd_021_bleach_cleanser_t16,duarte_mcd,16,0.942355,,,,,,,,,3.442981e-02,90,1,0,1,1,1
021_bleach_cleanser,s0_duarte_mcd_021_bleach_cleanser_t17,duarte_mcd,502,0.748062,,,,,,,,,2.825806e-01,117,1,0,1,1,0
021_bleach_cleanser,s0_duarte_mcd_021_bleach_cleanser_t18,duarte_mcd,45,0.937470,,,,,,,,,0.000000e+00,112,1,0,1,1,1
021_bleach_cleanser,s0_duarte_mcd_021_bleach_cleanser_t19,duarte_mcd,2,0.951636,,,,,,,,,1.142584e-02,115,1,0,1,1,1
021_bleach_cleanser,s0_duarte_mcd_021_bleach_cleanser_t20,duarte_mcd,2,0.952632,,,,,,,,,2.580799e-02,101,1,0,1,1,0
021_bleach_cleanser,s0_duarte_mcd_021_bleach_cleanser_t21,duarte_mcd,17,0.947876,,,,,,,,,2.259255e-02,147,1,0,1,1,1
021_bleach_cleanser,s0_duarte_mcd_021_bleach_cleanser_t23,duarte_mcd,448,0.887419,,,,,,,,,6.686205e-02,125,1,0,1,1,1
061_foam_brick,s0_duarte_mcd_061_foam_brick_t0,duarte_mcd,1126,0.739153,,,,,,,,,7.297996e-01,1017,1,0,1,1,1
061_foam_brick,s0_duarte_mcd_061_foam_brick_t1,duarte_mcd,224,0.949754,,,,,,,,,5.913286e-01,965,1,0,1,1,1
061_foam_brick,s0_duarte_mcd_061_foam_brick_t2,duarte_mcd,922,0.835454,,,,,,,,,1.096515e+00,1572,1,0,1,1,1
061_foam_brick,s0_duarte_mcd_061_foam_brick_t3,duarte_mcd,972,0.684507,,,,,,,,,5.601453e-01,751,1,0,1,1,1
061_foam_brick,s0_duarte_mcd_061_foam_brick_t4,duarte_mcd,118,0.958552,,,,,,,,,6.059938e-01,1161,1,0,1,1,1
061_foam_brick,s0_duarte_mcd_061_foam_brick_t5,duarte_mcd,539,0.913612,,,,,,,,,6.456558e-01,990,1,0,1,1,1
061_foam_brick,s0_duarte_mcd_061_foam_brick_t6,duarte_mcd,115,0.930730,,,,,,,,,7.601628e-01,1090,1,0,1,1,1
061_foam_brick,s0_duarte_mcd_061_foam_brick_t7,duarte_mcd,257,0.911389,,,,,,,,,5.922346e-01,1580,1,0,1,1,0
061_foam_brick,s0_duarte_mcd_061_foam_brick_t8,duarte_mcd,90,0.927095,,,,,,,,,8.461328e-01,1773,1,0,1,1,1
061_foam_brick,s0_duarte_mcd_061_foam_brick_t9,duarte_mcd,215,0.918177,,,,,,,,,5.660839e-01,976,1,0,1,1,1
061_foam_brick,s0_duarte_mcd_061_foam_brick_t10,duarte_mcd,961,0.842992,,,,,,,,,7.459777e-01,1002,1,0,1,1,1
061_foam_brick,s0_duarte_mcd_061_foam_brick_t11,duarte_mcd,1077,0.820876,,,,,,,,,5.190232e-01,965,1,0,1,1,1
061_foam_brick,s0_duarte_mcd_061_foam_brick_t12,duarte_mcd,2,0.965531,,,,,,,,,6.634954e-01,1134,1,0,1,1,1
061_foam_brick,s0_duarte_mcd_061_foam_brick_t13,duarte_mcd,345,0.904414,,,,,,,,,8.040069e-01,1122,1,0,1,1,1
061_foam_brick,s0_duarte_mcd_061_foam_brick_t14,duarte_mcd,64,0.937945,,,,,,,,,6.366415e-01,1065,1,0,1,1,1
061_foam_brick,s0_duarte_mcd_061_foam_brick_t15,duarte_mcd,125,0.910920,,,,,,,,,7.120757e-01,1432,1,0,1,1,0
061_foam_brick,s0_duarte_mcd_061_foam_brick_t16,duarte_mcd,117,0.937888,,,,,,,,,6.858135e-01,1237,1,0,1,1,1
061_foam_brick,s0_duarte_mcd_061_foam_brick_t17,duarte_mcd,89,0.940882,,,,,,,,,6.251385e-01,1319,1,0,1,1,0
061_foam_brick,s0_duarte_mcd_061_foam_brick_t18,duarte_mcd,211,0.941441,,,,,,,,,4.950682e-01,750,1,0,1,1,1
061_foam_brick,s0_duarte_mcd_061_foam_brick_t19,duarte_mcd,73,0.948169,,,,,,,,,6.312135e-01,863,1,0,1,1,1
061_foam_brick,s0_duarte_mcd_061_foam_brick_t20,duarte_mcd,62,0.928023,,,,,,,,,5.896684e-01,980,1,0,1,1,1
061_foam_brick,s0_duarte_mcd_061_foam_brick_t21,duarte_mcd,236,0.906700,,,,,,,,,6.995137e-01,1505,1,0,1,1,1
061_foam_brick,s0_duarte_mcd_061_foam_brick_t22,duarte_mcd,415,0.866430,,,,,,,,,1.147901e+00,1229,1,0,1,1,1
061_foam_brick,s0_duarte_mcd_061_foam_brick_t23,duarte_mcd,804,0.874417,,,,,,,,,6.779916e-01,1050,1,0,1,1,1
061_foam_brick,s0_duarte_mcd_061_foam_brick_t24,duarte_mcd,233,0.901311,,,,,,,,,6.521010e-01,1703,1,0,1,1,1
010_potted_meat_can,s1_partial_only_010_potted_meat_can_t0,partial_only,29,0.905087,,,,,,,,,,,1,0,1,1,0
010_potted_meat_can,s1_partial_only_010_potted_meat_can_t1,partial_only,49,0.888350,,,,,,,,,,,1,0,1,1,1
010_potted_meat_can,s1_partial_only_010_potted_meat_can_t2,partial_only,200,0.858492,,,,,,,,,,,1,0,1,1,1
010_potted_meat_can,s1_partial_only_010_potted_meat_can_t3,partial_only,1095,0.702177,,,,,,,,,,,1,0,1,1,1
010_potted_meat_can,s1_partial_only_010_potted_meat_can_t4,partial_only,1532,0.532419,,,,,,,,,,,1,0,1,1,0
010_potted_meat_can,s1_partial_only_010_potted_meat_can_t5,partial_only,105,0.863840,,,,,,,,,,,1,0,1,1,1
010_potted_meat_can,s1_partial_only_010_potted_meat_can_t6,partial_only,1469,0.584830,,,,,,,,,,,1,0,1,1,0
010_potted_meat_can,s1_partial_only_010_potted_meat_can_t7,partial_only,1310,0.651222,,,,,,,,,,,1,0,1,1,0
010_potted_meat_can,s1_partial_only_010_potted_meat_can_t8,partial_only,258,0.857045,,,,,,,,,,,1,0,1,1,1
010_potted_meat_can,s1_partial_only_010_potted_meat_can_t9,partial_only,264,0.815790,,,,,,,,,,,1,0,1,1,1
010_potted_meat_can,s1_partial_only_010_potted_meat_can_t10,partial_only,1216,0.703265,,,,,,,,,,,1,0,1,1,0
010_potted_meat_can,s1_partial_only_010_potted_meat_can_t11,partial_only,1186,0.710569,,,,,,,,,,,1,0,1,1,0
010_potted_meat_can,s1_partial_only_010_potted_meat_can_t12,partial_only,1116,0.634891,,,,,,,,,,,1,0,1,1,1
010_potted_meat_can,s1_partial_only_010_potted_meat_can_t13,partial_only,43,0.822886,,,,,,,,,,,1,0,1,1,1
010_potted_meat_can,s1_partial_only_010_potted_meat_can_t15,partial_only,1422,0.578414,,,,,,,,,,,1,0,1,1,1
010_potted_meat_can,s1_partial_only_010_potted_meat_can_t16,partial_only,73,0.899386,,,,,,,,,,,1,0,1,1,1
010_potted_meat_can,s1_partial_only_010_potted_meat_can_t17,partial_only,1011,0.712132,,,,,,,,,,,1,0,1,1,1
010_potted_meat_can,s1_partial_only_010_potted_meat_can_t18,partial_only,654,0.807158,,,,,,,,,,,1,0,1,1,1
010_potted_meat_can,s1_partial_only_010_potted_meat_can_t19,partial_only,849,0.787338,,,,,,,,,,,1,0,1,1,1
010_potted_meat_can,s1_partial_only_010_potted_meat_can_t20,partial_only,1325,0.610440,,,,,,,,,,,1,0,1,1,1
010_potted_meat_can,s1_partial_only_010_potted_meat_can_t21,partial_only,1476,0.501483,,,,,,,,,,,1,0,1,1,0
010_potted_meat_can,s1_partial_only_010_potted_meat_can_t22,partial_only,1344,0.602242,,,,,,,,,,,1,0,1,1,0
010_potted_meat_can,s1_partial_only_010_potted_meat_can_t23,partial_only,488,0.824667,,,,,,,,,,,1,0,1,1,1
010_potted_meat_can,s1_partial_only_010_potted_meat_can_t24,partial_only,1450,0.548716,,,,,,,,,,,1,0,1,1,1
005_tomato_soup_can,s1_complete_only_005_tomato_soup_can_t0,complete_only,55,0.872894,0.019058,6.401313e-07,1.754456e-06,449,0.012706,4.419264e-07,0.025411,7.272027e-07,2.542076e-01,650,1,0,1,1,1
005_tomato_soup_can,s1_complete_only_005_tomato_soup_can_t1,complete_only,22,0.883136,0.019101,6.956612e-07,1.495197e-06,540,0.012734,6.591306e-07,0.025468,7.166329e-07,3.178515e-01,750,1,0,1,1,1
005_tomato_soup_can,s1_complete_only_005_tomato_soup_can_t2,complete_only,85,0.863515,0.018721,7.968281e-07,1.507574e-06,718,0.012481,7.514116e-07,0.024961,8.233917e-07,4.474810e-01,869,1,0,1,1,1
005_tomato_soup_can,s1_complete_only_005_tomato_soup_can_t3,complete_only,12,0.888851,0.018830,7.913825e-07,1.608397e-06,718,0.012554,7.337351e-07,0.025107,8.281288e-07,5.092015e-01,942,1,0,1,1,1
005_tomato_soup_can,s1_complete_only_005_tomato_soup_can_t4,complete_only,45,0.876802,0.019120,7.983602e-07,1.505893e-06,721,0.012746,7.276635e-07,0.025493,8.041735e-07,4.535620e-01,869,1,0,1,1,1
005_tomato_soup_can,s1_complete_only_005_tomato_soup_can_t5,complete_only,20,0.895247,0.018928,6.565991e-07,1.809550e-06,476,0.012619,7.333309e-07,0.025238,6.370980e-07,2.884206e-01,678,1,0,1,1,1
005_tomato_soup_can,s1_complete_only_005_tomato_soup_can_t6,complete_only,30,0.872982,0.019011,7.023842e-07,1.761022e-06,702,0.012674,6.422993e-07,0.025348,7.353716e-07,3.826585e-01,823,1,0,1,1,1
005_tomato_soup_can,s1_complete_only_005_tomato_soup_can_t8,complete_only,25,0.876483,0.018786,7.783954e-07,1.494354e-06,673,0.012524,7.128610e-07,0.025048,8.126092e-07,4.248828e-01,854,1,0,1,1,1
005_tomato_soup_can,s1_complete_only_005_tomato_soup_can_t9,complete_only,32,0.879932,0.018814,7.206329e-07,1.438629e-06,703,0.012543,6.941060e-07,0.025085,7.469380e-07,4.398772e-01,852,1,0,1,1,1
005_tomato_soup_can,s1_complete_only_005_tomato_soup_can_t10,complete_only,64,0.859861,0.018861,7.020614e-07,1.498314e-06,564,0.012574,6.346276e-07,0.025147,7.110785e-07,3.489654e-01,806,1,0,1,1,1
005_tomato_soup_can,s1_complete_only_005_tomato_soup_can_t11,complete_only,122,0.874785,0.019447,8.108130e-07,1.665661e-06,829,0.012965,7.338029e-07,0.025929,8.085204e-07,5.962002e-01,1037,1,0,1,1,0
005_tomato_soup_can,s1_complete_only_005_tomato_soup_can_t12,complete_only,90,0.862031,0.019099,7.908845e-07,1.527598e-06,710,0.012732,7.337457e-07,0.025465,7.773856e-07,4.329878e-01,877,1,0,1,1,1
005_tomato_soup_can,s1_complete_only_005_tomato_soup_can_t13,complete_only,42,0.880519,0.019052,7.347384e-07,1.677049e-06,643,0.012701,6.754174e-07,0.025402,7.430409e-07,3.843740e-01,814,1,0,1,1,1
005_tomato_soup_can,s1_complete_only_005_tomato_soup_can_t14,complete_only,54,0.885120,0.019106,8.004722e-07,1.476806e-06,711,0.012738,7.993540e-07,0.025475,8.052197e-07,4.590063e-01,884,1,0,1,1,1
005_tomato_soup_can,s1_complete_only_005_tomato_soup_can_t15,complete_only,107,0.861011,0.018965,7.281728e-07,1.630739e-06,552,0.012643,6.682974e-07,0.025287,6.913007e-07,3.414511e-01,745,1,0,1,1,1
005_tomato_soup_can,s1_complete_only_005_tomato_soup_can_t16,complete_only,21,0.877476,0.019163,6.963901e-07,1.424653e-06,530,0.012776,6.356665e-07,0.025551,7.051039e-07,2.423231e-01,678,1,0,1,1,1
005_tomato_soup_can,s1_complete_only_005_tomato_soup_can_t17,complete_only,38,0.867814,0.019032,1.069588e-06,1.987485e-06,754,0.012688,1.341135e-06,0.025375,1.015820e-06,5.268547e-01,962,1,0,1,1,0
005_tomato_soup_can,s1_complete_only_005_tomato_soup_can_t18,complete_only,27,0.885733,0.018889,6.167623e-07,1.822989e-06,471,0.012593,6.750407e-07,0.025186,6.035434e-07,2.844650e-01,696,1,0,1,1,1
005_tomato_soup_can,s1_complete_only_005_tomato_soup_can_t19,complete_only,37,0.874556,0.018816,1.445344e-06,1.728873e-06,590,0.012544,1.554668e-06,0.025088,1.167208e-06,4.729876e-01,903,1,0,1,1,1
005_tomato_soup_can,s1_complete_only_005_tomato_soup_can_t20,complete_only,24,0.886266,0.019051,7.654040e-07,1.571208e-06,683,0.012701,7.368428e-07,0.025402,7.716085e-07,4.841084e-01,921,1,0,1,1,1
005_tomato_soup_can,s1_complete_only_005_tomato_soup_can_t21,complete_only,13,0.887100,0.018912,7.752070e-07,1.552434e-06,655,0.012608,7.682003e-07,0.025216,7.999113e-07,3.977858e-01,831,1,0,1,1,1
005_tomato_soup_can,s1_complete_only_005_tomato_soup_can_t22,complete_only,8,0.885679,0.018904,1.058431e-06,1.846765e-06,738,0.012603,1.324294e-06,0.025205,9.993966e-07,4.449046e-01,872,1,0,1,1,0
005_tomato_soup_can,s1_complete_only_005_tomato_soup_can_t23,complete_only,19,0.889626,0.018958,4.581721e-07,1.586720e-06,402,0.012639,1.140900e-07,0.025278,6.229915e-07,2.180381e-01,638,1,0,1,1,1
005_tomato_soup_can,s1_complete_only_005_tomato_soup_can_t24,complete_only,38,0.879830,0.018989,7.923770e-07,1.549225e-06,680,0.012659,8.215869e-07,0.025318,7.875821e-07,4.362622e-01,872,1,0,1,1,1
035_power_drill,s1_complete_only_035_power_drill_t0,complete_only,844,0.740625,0.041747,2.414036e-04,1.384343e-03,983,0.027831,2.072905e-04,0.055663,3.236821e-04,1.000383e+00,210,1,0,1,1,0
035_power_drill,s1_complete_only_035_power_drill_t1,complete_only,373,0.877276,0.043791,5.141991e-05,2.246276e-04,1158,0.029194,3.386167e-05,0.058388,1.120872e-04,0.000000e+00,134,1,0,1,1,1
035_power_drill,s1_complete_only_035_power_drill_t3,complete_only,92,0.903347,0.046556,2.043462e-04,1.796707e-03,902,0.031037,1.483701e-04,0.062075,2.955126e-04,4.430435e-01,130,1,0,1,1,1
035_power_drill,s1_complete_only_035_power_drill_t4,complete_only,154,0.853960,0.043561,1.528134e-05,0.000000e+00,619,0.029041,0.000000e+00,0.058081,3.799081e-05,0.000000e+00,99,1,0,1,1,0
035_power_drill,s1_complete_only_035_power_drill_t5,complete_only,0,0.971836,0.015337,1.048229e-05,4.366487e-05,1183,0.010224,1.250238e-05,0.020449,1.921469e-05,1.733835e+00,2205,1,0,1,1,0
035_power_drill,s1_complete_only_035_power_drill_t6,complete_only,130,0.924830,0.042483,1.278453e-03,5.181430e-03,740,0.028322,2.856411e-03,0.056643,7.462951e-04,1.281524e+00,196,1,0,1,1,1
035_power_drill,s1_complete_only_035_power_drill_t7,complete_only,678,0.875146,0.021804,1.011673e-06,4.757522e-06,887,0.014536,2.230144e-07,0.029072,2.595010e-06,0.000000e+00,382,1,0,1,1,0
035_power_drill,s1_complete_only_035_power_drill_t8,complete_only,0,0.953862,0.018807,4.211433e-05,2.366639e-04,886,0.012538,3.972495e-05,0.025076,3.590421e-05,1.939033e+00,1685,1,0,1,1,0
035_power_drill,s1_complete_only_035_power_drill_t9,complete_only,760,0.712321,0.052224,2.443128e-06,8.987999e-06,1874,0.034816,1.702421e-06,0.069633,4.516728e-06,0.000000e+00,138,1,0,1,1,1
035_power_drill,s1_complete_only_035_power_drill_t10,complete_only,74,0.910640,0.046761,1.611147e-04,8.023089e-04,1160,0.031174,1.893866e-04,0.062348,2.178300e-04,3.638727e-01,140,1,0,1,1,1
035_power_drill,s1_complete_only_035_power_drill_t11,complete_only,0,0.955355,0.018410,1.316670e-04,3.211542e-04,786,0.012273,1.303986e-04,0.024546,1.279023e-04,3.891693e+00,698,1,0,1,1,0
035_power_drill,s1_complete_only_035_power_drill_t12,complete_only,126,0.892236,0.038528,2.465362e-06,7.538259e-06,1443,0.025685,1.934924e-06,0.051371,4.416975e-06,4.806268e-02,215,1,0,1,1,1
035_power_drill,s1_complete_only_035_power_drill_t14,complete_only,1,0.937891,0.025434,1.065976e-04,5.521375e-04,1023,0.016956,2.161465e-04,0.033911,8.211307e-05,1.633648e+00,965,1,0,1,1,0
035_power_drill,s1_complete_only_035_power_drill_t15,complete_only,543,0.825512,0.043006,5.213772e-04,1.783707e-03,631,0.028670,5.201940e-04,0.057341,4.596176e-04,3.510553e-01,161,1,0,1,1,1
035_power_drill,s1_complete_only_035_power_drill_t16,complete_only,8,0.932348,0.043325,1.742292e-05,5.427175e-05,827,0.028883,1.069244e-05,0.057767,4.446777e-05,2.802499e-02,198,1,0,1,1,0
035_power_drill,s1_complete_only_035_power_drill_t17,complete_only,125,0.887294,0.045174,1.700810e-04,1.078224e-03,864,0.030116,9.588069e-05,0.060233,2.138536e-04,3.741298e-01,165,1,0,1,1,1
035_power_drill,s1_complete_only_035_power_drill_t18,complete_only,150,0.961019,0.028653,9.823244e-06,5.883469e-05,2264,0.019102,1.179905e-05,0.038203,9.465258e-06,1.358840e+00,1158,1,0,1,1,1
035_power_drill,s1_complete_only_035_power_drill_t20,complete_only,4,0.905605,0.043239,5.070199e-06,0.000000e+00,531,0.028826,2.869699e-06,0.057652,1.053222e-04,0.000000e+00,131,1,0,1,1,1
035_power_drill,s1_complete_only_035_power_drill_t21,complete_only,83,0.903718,0.048144,4.606734e-04,3.391395e-03,963,0.032096,8.242174e-04,0.064191,5.945026e-04,2.140950e-01,131,1,0,1,1,1
035_power_drill,s1_complete_only_035_power_drill_t23,complete_only,11,0.968779,0.027559,9.792821e-06,2.441469e-05,1252,0.018373,5.110494e-06,0.036746,7.031727e-06,9.332989e-01,892,1,0,1,1,1
035_power_drill,s1_complete_only_035_power_drill_t24,complete_only,0,0.962971,0.021137,2.624311e-04,1.460597e-03,417,0.014092,1.698700e-04,0.028183,1.413796e-04,2.535409e+00,771,1,0,1,1,0
021_bleach_cleanser,s1_epi_max_021_bleach_cleanser_t0,complete_epi,17,0.936896,0.038889,1.123365e-04,6.194115e-04,785,0.025926,9.563847e-05,0.051852,8.172998e-05,2.432412e-01,154,1,0,1,1,1
021_bleach_cleanser,s1_epi_max_021_bleach_cleanser_t2,complete_epi,16,0.942651,0.039178,4.788074e-05,4.241994e-04,1115,0.026118,9.021241e-05,0.052237,2.749673e-05,2.783039e-02,118,1,0,1,1,1
021_bleach_cleanser,s1_epi_max_021_bleach_cleanser_t3,complete_epi,455,0.824719,0.039220,3.902789e-05,2.340241e-04,826,0.026146,7.872862e-05,0.052293,4.435623e-05,1.990337e-02,106,1,0,1,1,1
021_bleach_cleanser,s1_epi_max_021_bleach_cleanser_t4,complete_epi,701,0.801132,0.053864,1.648139e-04,1.096685e-03,2862,0.035910,2.721010e-04,0.071819,2.512140e-04,6.638812e-01,215,1,0,1,1,1
021_bleach_cleanser,s1_epi_max_021_bleach_cleanser_t5,complete_epi,499,0.835187,0.029220,1.168185e-05,5.120417e-05,1827,0.019480,8.387058e-06,0.038961,2.407463e-05,2.150789e-01,647,1,0,1,1,1
021_bleach_cleanser,s1_epi_max_021_bleach_cleanser_t6,complete_epi,1,0.964963,0.029754,0.000000e+00,0.000000e+00,689,0.019836,0.000000e+00,0.039672,2.653636e-06,0.000000e+00,193,1,0,1,1,0
021_bleach_cleanser,s1_epi_max_021_bleach_cleanser_t7,complete_epi,27,0.955197,0.015275,5.293984e-07,9.848508e-07,969,0.010183,3.659840e-07,0.020367,1.200144e-06,9.679634e-03,482,1,0,1,1,0
021_bleach_cleanser,s1_epi_max_021_bleach_cleanser_t8,complete_epi,60,0.902515,0.040381,1.226278e-05,1.026063e-04,1015,0.026921,1.522263e-05,0.053842,1.180555e-05,0.000000e+00,157,1,0,1,1,1
021_bleach_cleanser,s1_epi_max_021_bleach_cleanser_t9,complete_epi,79,0.918063,0.039919,9.099541e-05,4.946114e-04,1109,0.026612,6.487848e-05,0.053225,6.525930e-05,4.547825e-02,114,1,0,1,1,1
021_bleach_cleanser,s1_epi_max_021_bleach_cleanser_t10,complete_epi,39,0.893812,0.038859,3.205100e-05,1.710501e-04,1402,0.025906,5.528740e-05,0.051812,2.612763e-05,1.361524e-01,96,1,0,1,1,1
021_bleach_cleanser,s1_epi_max_021_bleach_cleanser_t11,complete_epi,25,0.916055,0.020198,6.970895e-06,1.864739e-05,1286,0.013465,5.273130e-06,0.026930,8.924446e-06,1.235860e+00,614,1,0,1,1,0
021_bleach_cleanser,s1_epi_max_021_bleach_cleanser_t12,complete_epi,91,0.887925,0.038958,3.797921e-05,3.697952e-04,1135,0.025972,6.727798e-05,0.051944,3.220266e-05,0.000000e+00,171,1,0,1,1,0
021_bleach_cleanser,s1_epi_max_021_bleach_cleanser_t13,complete_epi,147,0.910130,0.039530,1.178974e-05,2.363630e-05,1077,0.026353,1.234060e-05,0.052706,2.639208e-05,0.000000e+00,99,1,0,1,1,1
021_bleach_cleanser,s1_epi_max_021_bleach_cleanser_t14,complete_epi,14,0.940134,0.038927,1.177218e-04,5.166829e-04,1022,0.025951,9.102361e-05,0.051903,7.617178e-05,2.265869e-01,144,1,0,1,1,1
021_bleach_cleanser,s1_epi_max_021_bleach_cleanser_t15,complete_epi,428,0.884731,0.039084,1.063804e-04,5.603869e-04,1085,0.026056,1.727210e-04,0.052112,6.460183e-05,2.392312e-01,133,1,0,1,1,1
021_bleach_cleanser,s1_epi_max_021_bleach_cleanser_t16,complete_epi,58,0.913993,0.039286,5.040828e-06,1.139592e-05,1383,0.026190,5.625827e-06,0.052381,4.469241e-06,1.129996e-01,204,1,0,1,1,1
021_bleach_cleanser,s1_epi_max_021_bleach_cleanser_t17,complete_epi,283,0.882513,0.040352,1.016529e-04,4.438024e-04,1216,0.026901,1.463099e-04,0.053802,5.577904e-05,3.689128e-01,205,1,0,1,1,1
021_bleach_cleanser,s1_epi_max_021_bleach_cleanser_t19,complete_epi,11,0.902479,0.038530,3.919581e-05,1.298110e-04,1340,0.025687,5.410361e-05,0.051373,2.852435e-05,1.257459e-01,135,1,0,1,1,1
021_bleach_cleanser,s1_epi_max_021_bleach_cleanser_t20,complete_epi,1,0.955183,0.024508,8.803023e-06,2.453539e-05,1305,0.016339,6.737593e-06,0.032678,9.608437e-06,2.408002e-01,365,1,0,1,1,0
021_bleach_cleanser,s1_epi_max_021_bleach_cleanser_t21,complete_epi,387,0.907269,0.009991,3.103952e-06,1.349657e-05,2064,0.006661,3.874312e-06,0.013322,3.623115e-06,3.062927e+00,4607,1,0,1,1,0
021_bleach_cleanser,s1_epi_max_021_bleach_cleanser_t22,complete_epi,710,0.817379,0.039664,5.218451e-05,2.622855e-04,1028,0.026442,1.107934e-04,0.052885,5.665920e-05,3.032881e-02,90,1,0,1,1,0
021_bleach_cleanser,s1_epi_max_021_bleach_cleanser_t23,complete_epi,157,0.910941,0.039667,1.804268e-06,4.032212e-06,1475,0.026445,1.975392e-06,0.052890,1.666867e-06,1.670568e-02,272,1,0,1,1,0
021_bleach_cleanser,s1_epi_max_021_bleach_cleanser_t24,complete_epi,761,0.815246,0.039567,1.752098e-04,7.706307e-04,1242,0.026378,3.114516e-04,0.052756,8.970241e-05,3.105571e-01,136,1,0,1,1,1
061_foam_brick,s1_epi_max_061_foam_brick_t0,complete_epi,939,0.857004,0.016198,3.029856e-06,1.462198e-05,719,0.010799,4.389224e-06,0.021597,2.403689e-06,7.693496e-01,1087,1,0,1,1,1
061_foam_brick,s1_epi_max_061_foam_brick_t1,complete_epi,1189,0.730814,0.017317,2.646570e-04,9.694993e-04,389,0.011545,3.326139e-04,0.023089,2.133155e-04,1.236712e+00,1062,1,0,1,1,1
061_foam_brick,s1_epi_max_061_foam_brick_t2,complete_epi,758,0.879341,0.017372,6.324872e-07,9.078558e-07,938,0.011581,5.676679e-07,0.023163,1.157132e-06,1.249086e+00,1664,1,0,1,1,1
061_foam_brick,s1_epi_max_061_foam_brick_t3,complete_epi,519,0.907540,0.016410,6.457983e-07,1.270302e-06,1219,0.010940,4.323550e-07,0.021880,1.181532e-06,1.350819e+00,1924,1,0,1,1,1
061_foam_brick,s1_epi_max_061_foam_brick_t4,complete_epi,1275,0.634909,0.016394,4.747293e-06,2.012504e-05,764,0.010929,5.205587e-06,0.021859,5.723225e-06,1.186443e+00,1126,1,0,1,1,1
061_foam_brick,s1_epi_max_061_foam_brick_t5,complete_epi,0,0.980346,0.016477,1.431639e-06,5.020985e-06,571,0.010984,1.954032e-06,0.021969,1.119196e-05,1.501655e+00,1085,1,0,1,1,1
061_foam_brick,s1_epi_max_061_foam_brick_t6,complete_epi,1087,0.716143,0.018679,9.345819e-06,5.087916e-05,1573,0.012453,8.673701e-06,0.024905,1.073028e-05,1.235388e+00,926,1,0,1,1,0
061_foam_brick,s1_epi_max_061_foam_brick_t7,complete_epi,1075,0.766118,0.017360,4.467525e-06,1.753861e-05,500,0.011573,4.751345e-06,0.023146,8.199423e-06,1.503007e+00,1016,1,0,1,1,1
061_foam_brick,s1_epi_max_061_foam_brick_t8,complete_epi,476,0.901318,0.017063,4.544997e-07,7.263046e-07,1240,0.011376,4.727227e-07,0.022751,4.282873e-07,9.914889e-01,1873,1,0,1,1,1
061_foam_brick,s1_epi_max_061_foam_brick_t9,complete_epi,407,0.904946,0.016247,5.378757e-06,2.107598e-06,1022,0.010832,9.081842e-07,0.021663,1.971683e-05,1.140597e+00,1126,1,0,1,1,1
061_foam_brick,s1_epi_max_061_foam_brick_t10,complete_epi,24,0.954450,0.017334,2.468818e-06,7.678683e-06,1478,0.011556,2.681890e-06,0.023113,4.261784e-06,1.912660e+00,2461,1,0,1,1,0
061_foam_brick,s1_epi_max_061_foam_brick_t11,complete_epi,110,0.906682,0.016792,1.277597e-06,6.316892e-06,1489,0.011194,1.428754e-06,0.022389,2.555009e-06,1.615481e+00,1810,1,0,1,1,0
061_foam_brick,s1_epi_max_061_foam_brick_t12,complete_epi,548,0.919715,0.016954,2.584520e-06,8.311872e-06,1180,0.011303,4.267001e-06,0.022606,3.474280e-06,1.100113e+00,1590,1,0,1,1,0
061_foam_brick,s1_epi_max_061_foam_brick_t13,complete_epi,6,0.947804,0.015801,1.823804e-06,7.529707e-06,768,0.010534,1.771633e-06,0.021068,8.584253e-06,6.621789e-01,855,1,0,1,1,1
061_foam_brick,s1_epi_max_061_foam_brick_t14,complete_epi,1229,0.765992,0.016175,3.087333e-06,1.192018e-05,748,0.010784,1.987878e-06,0.021567,3.308472e-06,9.336214e-01,1067,1,0,1,1,1
061_foam_brick,s1_epi_max_061_foam_brick_t15,complete_epi,28,0.925549,0.016190,5.008620e-06,1.742904e-06,884,0.010793,9.686631e-07,0.021587,2.011490e-05,1.147452e+00,949,1,0,1,1,1
061_foam_brick,s1_epi_max_061_foam_brick_t16,complete_epi,286,0.947518,0.017370,3.673972e-05,1.097999e-04,881,0.011580,1.590024e-05,0.023160,3.776771e-05,1.135284e+00,1035,1,0,1,1,1
061_foam_brick,s1_epi_max_061_foam_brick_t17,complete_epi,1301,0.575270,0.015816,4.363837e-05,1.013472e-04,629,0.010544,6.367706e-05,0.021088,2.755509e-05,1.648979e+00,1396,1,0,1,1,1
061_foam_brick,s1_epi_max_061_foam_brick_t18,complete_epi,262,0.922550,0.016893,5.373442e-07,6.917987e-07,1210,0.011262,4.818543e-07,0.022524,7.744007e-07,9.965082e-01,1697,1,0,1,1,1
061_foam_brick,s1_epi_max_061_foam_brick_t19,complete_epi,9,0.956591,0.017193,7.891952e-07,1.726482e-06,1168,0.011462,7.088287e-07,0.022924,1.078200e-06,1.710831e+00,2080,1,0,1,1,0
061_foam_brick,s1_epi_max_061_foam_brick_t20,complete_epi,1282,0.602251,0.016454,5.970991e-06,2.978800e-05,1008,0.010969,4.790615e-06,0.021939,9.630436e-06,3.103832e+00,1347,1,0,1,1,1
061_foam_brick,s1_epi_max_061_foam_brick_t21,complete_epi,1217,0.684124,0.015658,5.309980e-07,1.098021e-06,566,0.010439,5.560645e-07,0.020877,1.761201e-06,1.322037e+00,1315,1,0,1,1,1
061_foam_brick,s1_epi_max_061_foam_brick_t22,complete_epi,1308,0.621152,0.015987,2.778621e-05,1.298901e-04,600,0.010658,3.880270e-05,0.021316,2.557335e-05,2.928427e+00,1138,1,0,1,1,1
061_foam_brick,s1_epi_max_061_foam_brick_t23,complete_epi,178,0.930566,0.017057,5.072010e-07,9.019734e-07,1136,0.011371,5.224578e-07,0.022743,4.844424e-07,1.155510e+00,1965,1,0,1,1,1
061_foam_brick,s1_epi_max_061_foam_brick_t24,complete_epi,1268,0.632160,0.016063,1.332666e-05,5.246355e-05,772,0.010709,1.945997e-05,0.021418,1.199506e-05,8.096159e-01,937,1,0,1,1,1
010_potted_meat_can,s1_epi_mean_010_potted_meat_can_t0,complete_epi,153,0.785447,0.021428,2.190705e-06,2.384867e-06,520,0.014286,1.498998e-06,0.028571,5.100263e-06,5.981574e-01,800,1,0,1,1,1
010_potted_meat_can,s1_epi_mean_010_potted_meat_can_t1,complete_epi,4,0.956766,0.021328,2.046148e-06,1.902960e-05,926,0.014219,3.051577e-06,0.028438,4.811775e-06,9.229229e-01,858,1,0,1,1,0
010_potted_meat_can,s1_epi_mean_010_potted_meat_can_t2,complete_epi,2,0.823614,0.020747,1.108022e-06,4.058956e-06,744,0.013831,1.677242e-06,0.027662,1.779071e-06,4.276444e-01,651,1,0,1,1,1
010_potted_meat_can,s1_epi_mean_010_potted_meat_can_t3,complete_epi,1,0.938298,0.020799,6.470160e-06,5.287120e-05,869,0.013866,1.240271e-05,0.027732,1.205508e-05,7.076316e-01,600,1,0,1,1,0
010_potted_meat_can,s1_epi_mean_010_potted_meat_can_t4,complete_epi,126,0.823303,0.020513,2.458047e-06,5.855017e-06,684,0.013675,2.430541e-06,0.027351,4.608756e-06,6.848903e-01,675,1,0,1,1,1
010_potted_meat_can,s1_epi_mean_010_potted_meat_can_t5,complete_epi,109,0.828990,0.021360,6.697349e-07,2.597448e-06,684,0.014240,6.057483e-07,0.028480,1.477613e-06,3.748969e-01,624,1,0,1,1,1
010_potted_meat_can,s1_epi_mean_010_potted_meat_can_t6,complete_epi,487,0.728357,0.021171,1.710252e-06,4.332516e-06,947,0.014114,2.219215e-06,0.028228,2.687500e-06,7.042809e-01,776,1,0,1,1,0
010_potted_meat_can,s1_epi_mean_010_potted_meat_can_t8,complete_epi,25,0.911243,0.020127,6.417973e-07,2.504687e-06,645,0.013418,1.061764e-06,0.026836,7.328630e-07,3.137641e-01,641,1,0,1,1,1
010_potted_meat_can,s1_epi_mean_010_potted_meat_can_t9,complete_epi,12,0.898346,0.020891,5.696609e-06,2.116691e-05,475,0.013927,1.408114e-05,0.027854,1.525560e-05,3.445050e-01,386,1,0,1,1,0
010_potted_meat_can,s1_epi_mean_010_potted_meat_can_t10,complete_epi,28,0.858033,0.020909,9.367485e-07,4.154219e-06,817,0.013939,1.146327e-06,0.027878,1.389293e-06,4.837868e-01,669,1,0,1,1,0
010_potted_meat_can,s1_epi_mean_010_potted_meat_can_t11,complete_epi,45,0.879183,0.020636,1.322226e-06,6.631838e-06,800,0.013758,1.622588e-06,0.027515,2.076581e-06,5.081501e-01,673,1,0,1,1,1
010_potted_meat_can,s1_epi_mean_010_potted_meat_can_t12,complete_epi,1,0.933759,0.020071,5.616401e-07,3.021240e-06,681,0.013381,1.143952e-06,0.026762,9.085672e-07,3.158760e-01,637,1,0,1,1,1
010_potted_meat_can,s1_epi_mean_010_potted_meat_can_t13,complete_epi,0,0.929513,0.020892,2.243886e-06,2.423870e-06,713,0.013928,1.090606e-06,0.027855,8.341666e-06,4.591198e-01,683,1,0,1,1,1
010_potted_meat_can,s1_epi_mean_010_potted_meat_can_t14,complete_epi,132,0.774297,0.021045,1.551219e-06,3.434542e-06,1011,0.014030,2.296266e-06,0.028060,3.162252e-06,3.117150e-01,524,1,0,1,1,0
010_potted_meat_can,s1_epi_mean_010_potted_meat_can_t15,complete_epi,0,0.921770,0.021056,5.344784e-06,2.600467e-06,651,0.014037,1.007443e-06,0.028074,1.488627e-05,3.135814e-01,559,1,0,1,1,1
010_potted_meat_can,s1_epi_mean_010_potted_meat_can_t16,complete_epi,0,0.893946,0.021300,9.136562e-06,2.087318e-04,540,0.014200,1.966315e-05,0.028400,1.770828e-05,2.167372e-01,333,1,0,1,1,1
010_potted_meat_can,s1_epi_mean_010_potted_meat_can_t17,complete_epi,3,0.859405,0.027436,1.161755e-05,1.034487e-04,1522,0.018291,9.211461e-06,0.036581,2.591692e-05,1.658728e+00,975,1,0,1,1,0
010_potted_meat_can,s1_epi_mean_010_potted_meat_can_t18,complete_epi,309,0.863166,0.019788,6.289659e-07,3.045546e-06,638,0.013192,1.324392e-06,0.026384,8.388969e-07,3.238014e-01,650,1,0,1,1,1
010_potted_meat_can,s1_epi_mean_010_potted_meat_can_t19,complete_epi,22,0.930205,0.020744,6.582463e-07,2.553086e-06,756,0.013829,8.476160e-07,0.027658,9.061476e-07,4.234943e-01,691,1,0,1,1,1
010_potted_meat_can,s1_epi_mean_010_potted_meat_can_t20,complete_epi,60,0.848901,0.021048,1.741251e-06,3.776569e-06,930,0.014032,1.942638e-06,0.028064,3.221796e-06,7.809680e-01,803,1,0,1,1,1
010_potted_meat_can,s1_epi_mean_010_potted_meat_can_t21,complete_epi,89,0.847703,0.020607,9.039060e-07,2.530925e-06,512,0.013738,1.016013e-06,0.027475,2.587029e-06,4.694351e-01,640,1,0,1,1,1
010_potted_meat_can,s1_epi_mean_010_potted_meat_can_t22,complete_epi,5,0.880384,0.020529,9.670257e-06,8.958910e-05,851,0.013686,1.439199e-05,0.027372,1.892438e-05,1.061703e+00,787,1,0,1,1,1
010_potted_meat_can,s1_epi_mean_010_potted_meat_can_t23,complete_epi,41,0.908917,0.019608,5.201834e-07,2.021678e-06,586,0.013072,1.005955e-06,0.026144,6.673028e-07,2.782193e-01,570,1,0,1,1,1
005_tomato_soup_can,s1_hetero_patch_005_tomato_soup_can_t0,hetero_patch,43,0.882794,0.019058,6.284448e-07,1.635869e-06,546,0.012706,6.631707e-07,0.025411,6.334412e-07,3.330496e-01,727,1,0,1,1,1
005_tomato_soup_can,s1_hetero_patch_005_tomato_soup_can_t1,hetero_patch,39,0.878812,0.019118,7.784971e-07,2.301494e-06,604,0.012745,8.270931e-07,0.025491,8.333391e-07,2.984089e-01,659,1,0,1,1,1
005_tomato_soup_can,s1_hetero_patch_005_tomato_soup_can_t3,hetero_patch,80,0.853132,0.018833,9.301817e-07,1.901870e-06,686,0.012555,8.676810e-07,0.025111,1.028454e-06,5.845158e-01,970,1,0,1,1,1
005_tomato_soup_can,s1_hetero_patch_005_tomato_soup_can_t4,hetero_patch,40,0.878378,0.019093,8.655820e-07,1.594575e-06,648,0.012729,8.801740e-07,0.025457,9.109538e-07,4.923153e-01,907,1,0,1,1,1
005_tomato_soup_can,s1_hetero_patch_005_tomato_soup_can_t5,hetero_patch,7,0.903214,0.018970,8.958050e-07,2.956588e-06,579,0.012646,7.700387e-07,0.025293,8.736851e-07,3.584903e-01,723,1,0,1,1,1
005_tomato_soup_can,s1_hetero_patch_005_tomato_soup_can_t6,hetero_patch,56,0.869750,0.018970,8.860014e-07,1.667207e-06,734,0.012647,8.273060e-07,0.025293,9.053277e-07,5.920103e-01,994,1,0,1,1,1
005_tomato_soup_can,s1_hetero_patch_005_tomato_soup_can_t7,hetero_patch,16,0.876448,0.019036,7.887236e-07,1.803308e-06,568,0.012691,6.873044e-07,0.025382,8.558085e-07,3.398614e-01,747,1,0,1,1,1
005_tomato_soup_can,s1_hetero_patch_005_tomato_soup_can_t8,hetero_patch,0,0.944293,0.015639,7.468535e-06,2.035087e-05,880,0.010426,7.587742e-06,0.020852,7.669891e-06,1.138304e+00,485,1,0,1,1,0
005_tomato_soup_can,s1_hetero_patch_005_tomato_soup_can_t9,hetero_patch,16,0.880410,0.018800,7.761015e-07,1.415350e-06,800,0.012533,7.831243e-07,0.025067,8.216399e-07,4.448358e-01,827,1,0,1,1,0
005_tomato_soup_can,s1_hetero_patch_005_tomato_soup_can_t10,hetero_patch,63,0.856674,0.018800,9.211116e-07,1.808895e-06,694,0.012533,8.555373e-07,0.025067,9.470791e-07,5.755828e-01,975,1,0,1,1,1
005_tomato_soup_can,s1_hetero_patch_005_tomato_soup_can_t11,hetero_patch,33,0.883471,0.018974,8.481448e-07,1.499327e-06,702,0.012649,8.337632e-07,0.025298,8.865668e-07,4.150960e-01,837,1,0,1,1,1
005_tomato_soup_can,s1_hetero_patch_005_tomato_soup_can_t12,hetero_patch,45,0.871176,0.019126,8.401617e-07,1.629576e-06,697,0.012750,7.971322e-07,0.025501,8.564382e-07,4.089295e-01,811,1,0,1,1,1
005_tomato_soup_can,s1_hetero_patch_005_tomato_soup_can_t13,hetero_patch,97,0.858838,0.019031,6.650670e-07,2.035236e-06,545,0.012687,7.119578e-07,0.025374,6.954347e-07,3.133033e-01,704,1,0,1,1,0
005_tomato_soup_can,s1_hetero_patch_005_tomato_soup_can_t14,hetero_patch,72,0.873270,0.019068,6.056239e-07,1.576970e-06,526,0.012712,5.701304e-07,0.025424,6.417357e-07,3.517201e-01,733,1,0,1,1,1
005_tomato_soup_can,s1_hetero_patch_005_tomato_soup_can_t15,hetero_patch,518,0.762019,0.025626,2.703971e-06,6.603897e-06,855,0.017084,2.744206e-06,0.034168,3.057406e-06,6.907642e-01,756,1,0,1,1,1
005_tomato_soup_can,s1_hetero_patch_005_tomato_soup_can_t16,hetero_patch,43,0.867140,0.019081,7.815442e-07,1.759087e-06,606,0.012720,6.919718e-07,0.025441,8.413954e-07,3.475893e-01,749,1,0,1,1,1
005_tomato_soup_can,s1_hetero_patch_005_tomato_soup_can_t17,hetero_patch,17,0.880288,0.018986,9.280973e-07,1.909375e-06,715,0.012658,8.967489e-07,0.025315,9.502524e-07,5.578752e-01,956,1,0,1,1,1
005_tomato_soup_can,s1_hetero_patch_005_tomato_soup_can_t18,hetero_patch,58,0.866167,0.018778,8.847432e-07,1.712673e-06,704,0.012519,8.393589e-07,0.025037,9.132633e-07,4.685922e-01,863,1,0,1,1,1
005_tomato_soup_can,s1_hetero_patch_005_tomato_soup_can_t19,hetero_patch,70,0.857674,0.018817,8.060407e-07,1.944727e-06,695,0.012545,7.380216e-07,0.025089,8.670578e-07,3.302218e-01,746,1,0,1,1,1
005_tomato_soup_can,s1_hetero_patch_005_tomato_soup_can_t20,hetero_patch,21,0.884268,0.019071,8.639807e-07,1.574114e-06,655,0.012714,8.474251e-07,0.025429,8.732669e-07,4.407624e-01,844,1,0,1,1,1
005_tomato_soup_can,s1_hetero_patch_005_tomato_soup_can_t21,hetero_patch,4,0.895496,0.018921,8.886507e-07,1.761539e-06,651,0.012614,8.713170e-07,0.025228,9.332598e-07,4.394139e-01,831,1,0,1,1,0
005_tomato_soup_can,s1_hetero_patch_005_tomato_soup_can_t22,hetero_patch,23,0.870499,0.018874,9.350059e-07,1.903420e-06,669,0.012582,8.369221e-07,0.025165,9.672006e-07,5.181771e-01,898,1,0,1,1,1
005_tomato_soup_can,s1_hetero_patch_005_tomato_soup_can_t23,hetero_patch,26,0.878471,0.019007,5.945697e-07,1.744294e-06,440,0.012671,4.736023e-07,0.025342,7.834544e-07,2.615379e-01,640,1,0,1,1,1
005_tomato_soup_can,s1_hetero_patch_005_tomato_soup_can_t24,hetero_patch,26,0.878991,0.018986,7.837571e-07,1.919408e-06,559,0.012657,6.748570e-07,0.025315,8.090937e-07,3.018610e-01,716,1,0,1,1,1
035_power_drill,s1_hetero_patch_035_power_drill_t0,hetero_patch,810,0.767243,0.041747,9.877004e-07,6.109563e-06,658,0.027831,0.000000e+00,0.055663,1.548707e-06,0.000000e+00,133,1,0,1,1,0
035_power_drill,s1_hetero_patch_035_power_drill_t1,hetero_patch,0,0.979945,0.020885,6.898554e-06,3.182838e-05,1138,0.013924,4.043102e-05,0.027847,9.047456e-06,1.585350e+00,873,1,0,1,1,0
035_power_drill,s1_hetero_patch_035_power_drill_t2,hetero_patch,982,0.809829,0.018040,7.571573e-06,2.494387e-05,1111,0.012027,7.873449e-06,0.024053,8.612604e-06,2.582983e+00,1768,1,0,1,1,0
035_power_drill,s1_hetero_patch_035_power_drill_t3,hetero_patch,105,0.894934,0.045580,2.602074e-05,1.820286e-04,987,0.030387,1.388680e-05,0.060774,3.352387e-05,0.000000e+00,118,1,0,1,1,1
035_power_drill,s1_hetero_patch_035_power_drill_t4,hetero_patch,64,0.881340,0.043558,9.989744e-06,8.883931e-05,733,0.029039,5.985996e-06,0.058078,1.576717e-05,0.000000e+00,131,1,0,1,1,0
035_power_drill,s1_hetero_patch_035_power_drill_t5,hetero_patch,218,0.867019,0.041565,1.112463e-05,5.865222e-05,1029,0.027710,1.026189e-05,0.055420,1.592970e-05,0.000000e+00,175,1,0,1,1,1
035_power_drill,s1_hetero_patch_035_power_drill_t6,hetero_patch,323,0.876595,0.042740,2.338758e-06,9.318157e-06,962,0.028493,1.666973e-06,0.056987,4.199363e-06,0.000000e+00,139,1,0,1,1,1
035_power_drill,s1_hetero_patch_035_power_drill_t7,hetero_patch,0,0.953736,0.023802,2.979664e-06,2.836031e-05,1132,0.015868,1.735917e-06,0.031736,3.833938e-06,6.132214e-01,809,1,0,1,1,0
035_power_drill,s1_hetero_patch_035_power_drill_t8,hetero_patch,3,0.976773,0.016985,8.348446e-06,2.826545e-05,838,0.011323,1.117259e-05,0.022646,8.082884e-06,1.229235e+00,1355,1,0,1,1,0
035_power_drill,s1_hetero_patch_035_power_drill_t10,hetero_patch,1,0.962294,0.035319,8.605309e-05,3.228067e-04,1300,0.023546,1.466515e-04,0.047091,9.127549e-05,1.018860e+00,472,1,0,1,1,0
035_power_drill,s1_hetero_patch_035_power_drill_t11,hetero_patch,570,0.877709,0.022051,8.191895e-05,1.534321e-04,755,0.014700,8.230042e-05,0.029401,6.437314e-05,3.767670e-01,671,1,0,1,1,0
035_power_drill,s1_hetero_patch_035_power_drill_t12,hetero_patch,644,0.773533,0.045590,5.960782e-06,1.516669e-05,3385,0.030393,6.487946e-06,0.060787,8.252821e-06,8.069999e-01,614,1,0,1,1,0
035_power_drill,s1_hetero_patch_035_power_drill_t13,hetero_patch,264,0.872705,0.039072,8.658653e-07,3.861667e-06,573,0.026048,0.000000e+00,0.052097,1.862913e-06,0.000000e+00,125,1,0,1,1,1
035_power_drill,s1_hetero_patch_035_power_drill_t14,hetero_patch,1026,0.707986,0.054131,4.702971e-06,2.450293e-05,1818,0.036087,6.571148e-06,0.072174,6.455961e-06,0.000000e+00,158,1,0,1,1,1
035_power_drill,s1_hetero_patch_035_power_drill_t15,hetero_patch,321,0.818259,0.042362,1.247416e-05,8.033450e-05,779,0.028241,6.386761e-06,0.056483,1.822337e-05,2.626861e-02,145,1,0,1,1,0
035_power_drill,s1_hetero_patch_035_power_drill_t17,hetero_patch,972,0.687491,0.060012,4.768880e-05,2.143825e-04,3186,0.040008,4.026113e-05,0.080016,7.066528e-05,6.949679e-01,242,1,0,1,1,1
035_power_drill,s1_hetero_patch_035_power_drill_t18,hetero_patch,146,0.960675,0.028454,5.148961e-06,1.827312e-05,1833,0.018969,5.303551e-06,0.037938,5.617350e-06,1.266532e+00,1101,1,0,1,1,1
035_power_drill,s1_hetero_patch_035_power_drill_t19,hetero_patch,107,0.892248,0.046353,2.148390e-05,1.266736e-04,1038,0.030902,1.888368e-05,0.061804,2.297711e-05,2.366700e-01,173,1,0,1,1,1
035_power_drill,s1_hetero_patch_035_power_drill_t20,hetero_patch,1063,0.622474,0.064005,2.003531e-05,6.363300e-05,2508,0.042670,1.638106e-05,0.085340,2.791737e-05,2.648525e-02,140,1,0,1,1,0
035_power_drill,s1_hetero_patch_035_power_drill_t21,hetero_patch,1395,0.537718,0.061555,7.963745e-06,2.393845e-05,2770,0.041037,7.722204e-06,0.082074,1.001139e-05,0.000000e+00,83,1,0,1,1,1
035_power_drill,s1_hetero_patch_035_power_drill_t22,hetero_patch,0,0.961311,0.020454,1.727070e-05,4.953155e-05,1283,0.013636,3.355619e-05,0.027272,1.306039e-05,7.546163e-01,506,1,0,1,1,0
035_power_drill,s1_hetero_patch_035_power_drill_t23,hetero_patch,2,0.972637,0.027557,1.394533e-05,2.719133e-05,1632,0.018371,2.062547e-05,0.036743,1.214537e-05,1.193370e+00,957,1,0,1,1,1
035_power_drill,s1_hetero_patch_035_power_drill_t24,hetero_patch,1203,0.742873,0.024096,5.060816e-06,1.905446e-05,3582,0.016064,6.443528e-06,0.032128,5.266782e-06,7.286343e-01,825,1,0,1,1,0
021_bleach_cleanser,s1_duarte_mcd_021_bleach_cleanser_t0,duarte_mcd,53,0.937881,,,,,,,,,1.337620e-02,64,1,0,1,1,0
021_bleach_cleanser,s1_duarte_mcd_021_bleach_cleanser_t1,duarte_mcd,55,0.937938,,,,,,,,,0.000000e+00,193,1,0,1,1,0
021_bleach_cleanser,s1_duarte_mcd_021_bleach_cleanser_t2,duarte_mcd,34,0.966332,,,,,,,,,1.826185e-02,140,1,0,1,1,1
021_bleach_cleanser,s1_duarte_mcd_021_bleach_cleanser_t3,duarte_mcd,52,0.943907,,,,,,,,,5.673813e-02,123,1,0,1,1,1
021_bleach_cleanser,s1_duarte_mcd_021_bleach_cleanser_t4,duarte_mcd,485,0.904397,,,,,,,,,2.113729e-02,152,1,0,1,1,1
021_bleach_cleanser,s1_duarte_mcd_021_bleach_cleanser_t5,duarte_mcd,140,0.907955,,,,,,,,,1.139163e-01,207,1,0,1,1,1
021_bleach_cleanser,s1_duarte_mcd_021_bleach_cleanser_t6,duarte_mcd,0,0.909973,,,,,,,,,1.218058e-02,19,0,0,1,1,
021_bleach_cleanser,s1_duarte_mcd_021_bleach_cleanser_t7,duarte_mcd,70,0.948923,,,,,,,,,3.606474e-02,530,1,0,1,1,0
021_bleach_cleanser,s1_duarte_mcd_021_bleach_cleanser_t8,duarte_mcd,161,0.930183,,,,,,,,,7.755431e-03,165,1,0,1,1,1
021_bleach_cleanser,s1_duarte_mcd_021_bleach_cleanser_t9,duarte_mcd,10,0.941275,,,,,,,,,6.315297e-03,89,1,0,1,1,1
021_bleach_cleanser,s1_duarte_mcd_021_bleach_cleanser_t10,duarte_mcd,182,0.869548,,,,,,,,,1.999216e-01,45,1,0,1,1,0
021_bleach_cleanser,s1_duarte_mcd_021_bleach_cleanser_t12,duarte_mcd,41,0.937352,,,,,,,,,1.744890e-02,102,1,0,1,1,1
021_bleach_cleanser,s1_duarte_mcd_021_bleach_cleanser_t13,duarte_mcd,9,0.946759,,,,,,,,,0.000000e+00,79,1,0,1,1,0
021_bleach_cleanser,s1_duarte_mcd_021_bleach_cleanser_t14,duarte_mcd,60,0.931655,,,,,,,,,2.429215e-02,120,1,0,1,1,1
021_bleach_cleanser,s1_duarte_mcd_021_bleach_cleanser_t15,duarte_mcd,272,0.879872,,,,,,,,,0.000000e+00,323,1,0,1,1,0
021_bleach_cleanser,s1_duarte_mcd_021_bleach_cleanser_t17,duarte_mcd,65,0.933898,,,,,,,,,6.204408e-01,561,1,0,1,1,0
021_bleach_cleanser,s1_duarte_mcd_021_bleach_cleanser_t18,duarte_mcd,78,0.933537,,,,,,,,,8.642525e-03,204,1,0,1,1,1
021_bleach_cleanser,s1_duarte_mcd_021_bleach_cleanser_t19,duarte_mcd,63,0.892497,,,,,,,,,3.131291e-02,124,1,0,1,1,1
021_bleach_cleanser,s1_duarte_mcd_021_bleach_cleanser_t20,duarte_mcd,755,0.839923,,,,,,,,,4.897830e-02,153,1,0,1,1,0
021_bleach_cleanser,s1_duarte_mcd_021_bleach_cleanser_t21,duarte_mcd,969,0.645184,,,,,,,,,1.403622e-01,37,1,0,1,1,0
021_bleach_cleanser,s1_duarte_mcd_021_bleach_cleanser_t22,duarte_mcd,233,0.921002,,,,,,,,,6.164190e-02,77,1,0,1,1,0
021_bleach_cleanser,s1_duarte_mcd_021_bleach_cleanser_t23,duarte_mcd,187,0.954669,,,,,,,,,0.000000e+00,529,1,0,1,1,0
021_bleach_cleanser,s1_duarte_mcd_021_bleach_cleanser_t24,duarte_mcd,304,0.919696,,,,,,,,,2.674029e-02,131,1,0,1,1,1
061_foam_brick,s1_duarte_mcd_061_foam_brick_t0,duarte_mcd,514,0.888700,,,,,,,,,6.159922e-01,1040,1,0,1,1,1
061_foam_brick,s1_duarte_mcd_061_foam_brick_t1,duarte_mcd,834,0.868986,,,,,,,,,5.658618e-01,963,1,0,1,1,1
061_foam_brick,s1_duarte_mcd_061_foam_brick_t2,duarte_mcd,455,0.927587,,,,,,,,,5.399643e-01,1003,1,0,1,1,1
061_foam_brick,s1_duarte_mcd_061_foam_brick_t3,duarte_mcd,29,0.919461,,,,,,,,,1.090410e+00,2194,1,0,1,1,1
061_foam_brick,s1_duarte_mcd_061_foam_brick_t4,duarte_mcd,1232,0.680273,,,,,,,,,9.307491e-01,1258,1,0,1,1,1
061_foam_brick,s1_duarte_mcd_061_foam_brick_t5,duarte_mcd,26,0.965588,,,,,,,,,4.297523e-01,850,1,0,1,1,1
061_foam_brick,s1_duarte_mcd_061_foam_brick_t6,duarte_mcd,801,0.742647,,,,,,,,,9.668959e-01,1609,1,0,1,1,1
061_foam_brick,s1_duarte_mcd_061_foam_brick_t7,duarte_mcd,634,0.891148,,,,,,,,,9.190101e-01,1600,1,0,1,1,1
061_foam_brick,s1_duarte_mcd_061_foam_brick_t8,duarte_mcd,433,0.885640,,,,,,,,,6.464537e-01,1602,1,0,1,1,1
061_foam_brick,s1_duarte_mcd_061_foam_brick_t9,duarte_mcd,750,0.865338,,,,,,,,,6.158165e-01,990,1,0,1,1,1
061_foam_brick,s1_duarte_mcd_061_foam_brick_t10,duarte_mcd,448,0.868435,,,,,,,,,2.750933e-01,634,1,0,1,1,0
061_foam_brick,s1_duarte_mcd_061_foam_brick_t11,duarte_mcd,179,0.902833,,,,,,,,,2.808510e-01,681,1,0,1,1,1
061_foam_brick,s1_duarte_mcd_061_foam_brick_t12,duarte_mcd,695,0.857672,,,,,,,,,4.627402e-01,1094,1,0,1,1,1
061_foam_brick,s1_duarte_mcd_061_foam_brick_t13,duarte_mcd,47,0.912630,,,,,,,,,6.875165e-01,1151,1,0,1,1,1
061_foam_brick,s1_duarte_mcd_061_foam_brick_t14,duarte_mcd,530,0.890074,,,,,,,,,5.602879e-01,972,1,0,1,1,1
061_foam_brick,s1_duarte_mcd_061_foam_brick_t15,duarte_mcd,104,0.935848,,,,,,,,,2.307019e-01,619,1,0,1,1,1
061_foam_brick,s1_duarte_mcd_061_foam_brick_t16,duarte_mcd,227,0.955448,,,,,,,,,6.338043e-01,1011,1,0,1,1,1
061_foam_brick,s1_duarte_mcd_061_foam_brick_t17,duarte_mcd,983,0.721719,,,,,,,,,6.406059e-01,1002,1,0,1,1,1
061_foam_brick,s1_duarte_mcd_061_foam_brick_t18,duarte_mcd,202,0.918605,,,,,,,,,5.106948e-01,1309,1,0,1,1,1
061_foam_brick,s1_duarte_mcd_061_foam_brick_t19,duarte_mcd,50,0.932790,,,,,,,,,6.370748e-01,1555,1,0,1,1,1
061_foam_brick,s1_duarte_mcd_061_foam_brick_t20,duarte_mcd,1265,0.606092,,,,,,,,,5.846461e-01,894,1,0,1,1,1
061_foam_brick,s1_duarte_mcd_061_foam_brick_t21,duarte_mcd,1063,0.692682,,,,,,,,,1.106829e+00,1350,1,0,1,1,1
061_foam_brick,s1_duarte_mcd_061_foam_brick_t22,duarte_mcd,959,0.738436,,,,,,,,,8.706792e-01,1392,1,0,1,1,1
061_foam_brick,s1_duarte_mcd_061_foam_brick_t23,duarte_mcd,322,0.893706,,,,,,,,,6.270379e-01,1640,1,0,1,1,1
061_foam_brick,s1_duarte_mcd_061_foam_brick_t24,duarte_mcd,1098,0.651327,,,,,,,,,9.437958e-01,1081,1,0,1,1,1
010_potted_meat_can,s2_partial_only_010_potted_meat_can_t0,partial_only,152,0.865266,,,,,,,,,,,1,0,1,1,1
010_potted_meat_can,s2_partial_only_010_potted_meat_can_t1,partial_only,33,0.895563,,,,,,,,,,,1,0,1,1,1
010_potted_meat_can,s2_partial_only_010_potted_meat_can_t2,partial_only,471,0.835219,,,,,,,,,,,1,0,1,1,1
010_potted_meat_can,s2_partial_only_010_potted_meat_can_t3,partial_only,1307,0.606051,,,,,,,,,,,1,0,1,1,1
010_potted_meat_can,s2_partial_only_010_potted_meat_can_t5,partial_only,536,0.783364,,,,,,,,,,,1,0,1,1,0
010_potted_meat_can,s2_partial_only_010_potted_meat_can_t6,partial_only,1266,0.659331,,,,,,,,,,,1,0,1,1,0
010_potted_meat_can,s2_partial_only_010_potted_meat_can_t7,partial_only,941,0.759735,,,,,,,,,,,1,0,1,1,0
010_potted_meat_can,s2_partial_only_010_potted_meat_can_t8,partial_only,561,0.851506,,,,,,,,,,,1,0,1,1,1
010_potted_meat_can,s2_partial_only_010_potted_meat_can_t9,partial_only,1283,0.621501,,,,,,,,,,,1,0,1,1,1
010_potted_meat_can,s2_partial_only_010_potted_meat_can_t10,partial_only,1620,0.364394,,,,,,,,,,,1,0,1,1,0
010_potted_meat_can,s2_partial_only_010_potted_meat_can_t11,partial_only,1108,0.676578,,,,,,,,,,,1,0,1,1,1
010_potted_meat_can,s2_partial_only_010_potted_meat_can_t12,partial_only,128,0.891989,,,,,,,,,,,1,0,1,1,1
010_potted_meat_can,s2_partial_only_010_potted_meat_can_t13,partial_only,1526,0.512885,,,,,,,,,,,1,0,1,1,0
010_potted_meat_can,s2_partial_only_010_potted_meat_can_t14,partial_only,92,0.907674,,,,,,,,,,,1,0,1,1,1
010_potted_meat_can,s2_partial_only_010_potted_meat_can_t15,partial_only,237,0.894368,,,,,,,,,,,1,0,1,1,0
010_potted_meat_can,s2_partial_only_010_potted_meat_can_t16,partial_only,714,0.839890,,,,,,,,,,,1,0,1,1,1
010_potted_meat_can,s2_partial_only_010_potted_meat_can_t17,partial_only,911,0.762902,,,,,,,,,,,1,0,1,1,1
010_potted_meat_can,s2_partial_only_010_potted_meat_can_t18,partial_only,9,0.906880,,,,,,,,,,,1,0,1,1,1
010_potted_meat_can,s2_partial_only_010_potted_meat_can_t19,partial_only,1273,0.652173,,,,,,,,,,,1,0,1,1,1
010_potted_meat_can,s2_partial_only_010_potted_meat_can_t21,partial_only,0,0.913080,,,,,,,,,,,1,0,1,1,1
010_potted_meat_can,s2_partial_only_010_potted_meat_can_t22,partial_only,950,0.790836,,,,,,,,,,,1,0,1,1,0
010_potted_meat_can,s2_partial_only_010_potted_meat_can_t23,partial_only,38,0.890279,,,,,,,,,,,1,0,1,1,1
010_potted_meat_can,s2_partial_only_010_potted_meat_can_t24,partial_only,176,0.893592,,,,,,,,,,,1,0,1,1,1
005_tomato_soup_can,s2_complete_only_005_tomato_soup_can_t0,complete_only,25,0.875577,0.018947,7.790850e-07,1.406283e-06,726,0.012632,7.212979e-07,0.025263,7.792947e-07,4.033338e-01,816,1,0,1,1,1
005_tomato_soup_can,s2_complete_only_005_tomato_soup_can_t1,complete_only,32,0.885906,0.018676,6.445834e-07,2.246043e-06,444,0.012451,6.295408e-07,0.024902,6.712620e-07,2.791846e-01,697,1,0,1,1,1
005_tomato_soup_can,s2_complete_only_005_tomato_soup_can_t2,complete_only,64,0.861598,0.018971,8.254305e-07,1.711530e-06,721,0.012648,7.820300e-07,0.025295,8.191219e-07,4.853641e-01,893,1,0,1,1,1
005_tomato_soup_can,s2_complete_only_005_tomato_soup_can_t3,complete_only,18,0.892101,0.019142,7.266578e-07,1.384281e-06,680,0.012761,7.221349e-07,0.025522,7.412379e-07,3.337298e-01,773,1,0,1,1,1
005_tomato_soup_can,s2_complete_only_005_tomato_soup_can_t4,complete_only,21,0.894682,0.018795,7.846456e-07,1.438957e-06,740,0.012530,7.368620e-07,0.025060,7.873496e-07,4.499810e-01,891,1,0,1,1,1
005_tomato_soup_can,s2_complete_only_005_tomato_soup_can_t5,complete_only,25,0.886547,0.019028,6.926031e-07,1.394482e-06,581,0.012685,6.702792e-07,0.025371,7.224483e-07,2.918839e-01,735,1,0,1,1,1
005_tomato_soup_can,s2_complete_only_005_tomato_soup_can_t6,complete_only,1,0.899284,0.018922,5.753488e-07,1.726121e-06,430,0.012615,3.434323e-07,0.025229,6.774842e-07,2.583715e-01,669,1,0,1,1,1
005_tomato_soup_can,s2_complete_only_005_tomato_soup_can_t7,complete_only,50,0.859768,0.019027,8.325387e-07,1.585255e-06,729,0.012685,7.962870e-07,0.025370,8.324216e-07,5.097635e-01,934,1,0,1,1,1
005_tomato_soup_can,s2_complete_only_005_tomato_soup_can_t8,complete_only,24,0.885043,0.018654,6.102879e-07,2.148377e-06,431,0.012436,4.349757e-07,0.024872,6.915501e-07,2.641736e-01,687,1,0,1,1,1
005_tomato_soup_can,s2_complete_only_005_tomato_soup_can_t9,complete_only,10,0.887875,0.018906,6.946286e-07,1.533596e-06,600,0.012604,6.609025e-07,0.025208,7.425725e-07,3.185353e-01,766,1,0,1,1,1
005_tomato_soup_can,s2_complete_only_005_tomato_soup_can_t11,complete_only,73,0.857704,0.019044,7.283944e-07,1.489794e-06,627,0.012696,7.155058e-07,0.025392,7.353309e-07,2.974295e-01,717,1,0,1,1,1
005_tomato_soup_can,s2_complete_only_005_tomato_soup_can_t12,complete_only,18,0.883520,0.019144,6.791647e-07,1.954695e-06,465,0.012762,3.881822e-07,0.025525,7.246584e-07,2.294245e-01,637,1,0,1,1,1
005_tomato_soup_can,s2_complete_only_005_tomato_soup_can_t13,complete_only,13,0.890772,0.019121,7.463544e-07,1.358454e-06,638,0.012748,7.012781e-07,0.025495,7.650688e-07,3.172640e-01,786,1,0,1,1,1
005_tomato_soup_can,s2_complete_only_005_tomato_soup_can_t14,complete_only,23,0.886803,0.018816,6.494201e-07,1.788087e-06,440,0.012544,4.731144e-07,0.025088,7.170126e-07,2.640835e-01,676,1,0,1,1,1
005_tomato_soup_can,s2_complete_only_005_tomato_soup_can_t15,complete_only,9,0.893119,0.019105,6.994544e-07,1.590986e-06,570,0.012736,6.059205e-07,0.025473,7.066444e-07,3.107891e-01,753,1,0,1,1,1
005_tomato_soup_can,s2_complete_only_005_tomato_soup_can_t16,complete_only,36,0.886051,0.018947,7.519457e-07,1.395116e-06,874,0.012631,7.354025e-07,0.025263,7.814563e-07,5.004113e-01,955,1,0,1,1,1
005_tomato_soup_can,s2_complete_only_005_tomato_soup_can_t17,complete_only,24,0.885277,0.019169,8.124729e-07,1.563641e-06,720,0.012779,7.840556e-07,0.025559,8.241430e-07,5.215631e-01,935,1,0,1,1,1
005_tomato_soup_can,s2_complete_only_005_tomato_soup_can_t18,complete_only,11,0.885850,0.018954,7.926889e-07,1.477958e-06,653,0.012636,7.537248e-07,0.025272,7.892784e-07,4.536955e-01,864,1,0,1,1,1
005_tomato_soup_can,s2_complete_only_005_tomato_soup_can_t19,complete_only,7,0.882717,0.018911,8.196387e-07,1.657531e-06,695,0.012607,7.300918e-07,0.025215,8.416433e-07,5.061025e-01,945,1,0,1,1,1
005_tomato_soup_can,s2_complete_only_005_tomato_soup_can_t20,complete_only,39,0.871757,0.019171,6.822225e-07,1.422841e-06,536,0.012781,6.169779e-07,0.025561,7.008799e-07,2.780728e-01,722,1,0,1,1,1
005_tomato_soup_can,s2_complete_only_005_tomato_soup_can_t21,complete_only,0,0.847070,0.026118,3.233182e-06,7.809303e-06,885,0.017412,3.224442e-06,0.034823,6.306803e-06,6.730003e-01,777,1,0,1,1,1
005_tomato_soup_can,s2_complete_only_005_tomato_soup_can_t22,complete_only,20,0.876120,0.018739,8.178093e-07,1.525906e-06,685,0.012493,7.791979e-07,0.024985,8.214872e-07,4.689982e-01,907,1,0,1,1,0
005_tomato_soup_can,s2_complete_only_005_tomato_soup_can_t23,complete_only,7,0.898656,0.018592,5.726118e-07,1.802959e-06,435,0.012395,4.025571e-07,0.024790,6.693995e-07,2.576496e-01,695,1,0,1,1,1
005_tomato_soup_can,s2_complete_only_005_tomato_soup_can_t24,complete_only,19,0.883023,0.018890,8.847530e-07,1.708566e-06,517,0.012594,7.806547e-07,0.025187,7.569619e-07,3.337064e-01,768,1,0,1,1,1
035_power_drill,s2_complete_only_035_power_drill_t0,complete_only,209,0.874441,0.039149,4.943191e-06,2.773454e-05,1442,0.026099,4.125695e-06,0.052199,1.059994e-05,2.170174e-01,281,1,0,1,1,0
035_power_drill,s2_complete_only_035_power_drill_t1,complete_only,798,0.769300,0.041115,1.637636e-06,6.601934e-06,914,0.027410,0.000000e+00,0.054820,1.670240e-06,0.000000e+00,152,1,0,1,1,0
035_power_drill,s2_complete_only_035_power_drill_t2,complete_only,243,0.860472,0.041827,4.258604e-05,1.497273e-04,1514,0.027884,2.698271e-05,0.055769,5.582907e-05,1.094372e+00,527,1,0,1,1,1
035_power_drill,s2_complete_only_035_power_drill_t3,complete_only,6,0.890063,0.043572,3.424236e-05,3.056534e-04,711,0.029048,8.841076e-06,0.058096,4.356284e-05,0.000000e+00,132,1,0,1,1,1
035_power_drill,s2_complete_only_035_power_drill_t4,complete_only,789,0.755508,0.039905,3.378528e-06,1.346179e-05,1528,0.026603,3.310733e-06,0.053207,7.532993e-06,2.188815e-01,315,1,0,1,1,1
035_power_drill,s2_complete_only_035_power_drill_t5,complete_only,118,0.908396,0.053769,3.636177e-05,3.166356e-05,9813,0.035846,2.196913e-05,0.071692,3.959595e-05,2.037377e+00,1195,1,0,1,1,0
035_power_drill,s2_complete_only_035_power_drill_t6,complete_only,42,0.913953,0.041724,8.356431e-05,2.103484e-04,1239,0.027816,8.708086e-05,0.055632,8.703049e-05,1.009268e+00,426,1,0,1,1,1
035_power_drill,s2_complete_only_035_power_drill_t8,complete_only,812,0.686115,0.040806,1.456470e-05,3.127820e-05,1308,0.027204,1.131400e-05,0.054408,2.760309e-05,2.720861e-01,256,1,0,1,1,0
035_power_drill,s2_complete_only_035_power_drill_t9,complete_only,777,0.758609,0.040876,1.421797e-04,3.998310e-04,3179,0.027251,3.439283e-04,0.054501,1.251710e-04,2.775341e+00,897,1,0,1,1,0
035_power_drill,s2_complete_only_035_power_drill_t10,complete_only,365,0.835014,0.042762,1.579849e-04,6.671379e-04,625,0.028508,1.645279e-04,0.057016,2.447460e-04,1.148490e-01,137,1,0,1,1,1
035_power_drill,s2_complete_only_035_power_drill_t11,complete_only,108,0.876633,0.043331,1.998140e-04,9.647775e-04,736,0.028887,1.281085e-04,0.057774,3.039036e-04,2.024905e-01,158,1,0,1,1,1
035_power_drill,s2_complete_only_035_power_drill_t12,complete_only,489,0.869914,0.056168,4.531769e-06,1.666599e-05,5379,0.037446,2.083089e-06,0.074891,9.583776e-06,0.000000e+00,353,1,0,1,1,0
035_power_drill,s2_complete_only_035_power_drill_t13,complete_only,185,0.869513,0.043059,1.936333e-05,5.756165e-06,617,0.028706,3.238390e-06,0.057411,9.900506e-05,0.000000e+00,119,1,0,1,1,0
035_power_drill,s2_complete_only_035_power_drill_t14,complete_only,653,0.808806,0.040145,2.066953e-06,6.726529e-06,1018,0.026763,1.330141e-06,0.053526,4.170372e-06,0.000000e+00,146,1,0,1,1,0
035_power_drill,s2_complete_only_035_power_drill_t16,complete_only,31,0.971662,0.017578,1.017452e-04,2.920672e-04,888,0.011718,1.258570e-04,0.023437,9.518331e-05,2.176335e+00,1792,1,0,1,1,0
035_power_drill,s2_complete_only_035_power_drill_t17,complete_only,373,0.823293,0.042485,9.110690e-05,4.571727e-04,745,0.028324,4.368808e-05,0.056647,1.845380e-04,6.053653e-02,120,1,0,1,1,0
035_power_drill,s2_complete_only_035_power_drill_t18,complete_only,492,0.848687,0.043843,1.326388e-04,1.098748e-03,857,0.029229,1.203104e-04,0.058458,1.446183e-04,0.000000e+00,149,1,0,1,1,1
035_power_drill,s2_complete_only_035_power_drill_t19,complete_only,41,0.913769,0.047363,1.717342e-04,1.072320e-03,1036,0.031575,1.628032e-04,0.063151,1.572600e-04,5.170782e-01,155,1,0,1,1,1
035_power_drill,s2_complete_only_035_power_drill_t20,complete_only,8,0.917756,0.042675,1.185980e-04,2.085514e-04,1286,0.028450,1.275223e-04,0.056900,1.084741e-04,3.379232e-01,241,1,0,1,1,1
035_power_drill,s2_complete_only_035_power_drill_t21,complete_only,612,0.856502,0.018449,1.501136e-04,6.658948e-04,754,0.012299,2.450479e-04,0.024598,9.016991e-05,3.262521e+00,1825,1,0,1,1,0
035_power_drill,s2_complete_only_035_power_drill_t22,complete_only,12,0.917382,0.048951,3.769382e-04,2.380077e-03,850,0.032634,3.644301e-04,0.065268,3.323166e-04,5.709972e-01,151,1,0,1,1,1
035_power_drill,s2_complete_only_035_power_drill_t23,complete_only,712,0.777081,0.040848,9.031978e-07,5.667530e-06,746,0.027232,0.000000e+00,0.054464,2.840188e-06,0.000000e+00,154,1,0,1,1,0
035_power_drill,s2_complete_only_035_power_drill_t24,complete_only,624,0.804289,0.053575,1.696561e-05,1.124952e-05,7198,0.035717,1.912183e-05,0.071433,2.379405e-05,7.243156e-01,562,1,0,1,1,0
021_bleach_cleanser,s2_epi_max_021_bleach_cleanser_t0,complete_epi,22,0.913208,0.039332,2.546618e-05,1.927751e-04,711,0.026221,1.689949e-05,0.052442,2.575700e-05,0.000000e+00,105,1,0,1,1,1
021_bleach_cleanser,s2_epi_max_021_bleach_cleanser_t1,complete_epi,53,0.911264,0.039110,4.455104e-05,2.898727e-04,724,0.026073,6.754402e-05,0.052147,2.843327e-05,2.564852e-02,127,1,0,1,1,1
021_bleach_cleanser,s2_epi_max_021_bleach_cleanser_t2,complete_epi,25,0.806436,0.039177,4.267639e-06,1.060259e-05,1404,0.026118,4.689072e-06,0.052236,3.621364e-06,1.429926e-01,233,1,0,1,1,1
021_bleach_cleanser,s2_epi_max_021_bleach_cleanser_t3,complete_epi,832,0.806552,0.039264,7.502641e-05,2.910285e-04,967,0.026176,1.360183e-04,0.052352,4.169899e-05,3.500052e-01,152,1,0,1,1,1
021_bleach_cleanser,s2_epi_max_021_bleach_cleanser_t4,complete_epi,55,0.912448,0.037572,6.513259e-06,4.415901e-05,724,0.025048,1.145281e-05,0.050096,5.340560e-06,0.000000e+00,126,1,0,1,1,0
021_bleach_cleanser,s2_epi_max_021_bleach_cleanser_t5,complete_epi,25,0.936298,0.040356,5.170422e-05,3.094813e-04,922,0.026904,3.091591e-05,0.053809,4.782036e-05,0.000000e+00,53,1,0,1,1,0
021_bleach_cleanser,s2_epi_max_021_bleach_cleanser_t6,complete_epi,10,0.920109,0.038926,1.068159e-05,4.276076e-05,1198,0.025951,1.758150e-05,0.051902,8.612311e-06,1.788976e-02,127,1,0,1,1,1
021_bleach_cleanser,s2_epi_max_021_bleach_cleanser_t7,complete_epi,11,0.907317,0.019899,7.508242e-06,1.901669e-05,1313,0.013266,7.620617e-06,0.026532,7.129943e-06,8.813573e-01,638,1,0,1,1,0
021_bleach_cleanser,s2_epi_max_021_bleach_cleanser_t8,complete_epi,485,0.789200,0.050614,3.053866e-05,1.383932e-04,2838,0.033743,2.885537e-05,0.067485,2.912334e-05,7.127540e-01,344,1,0,1,1,1
021_bleach_cleanser,s2_epi_max_021_bleach_cleanser_t9,complete_epi,46,0.874369,0.038736,1.952573e-05,4.735838e-05,755,0.025824,3.126556e-06,0.051648,2.588610e-05,0.000000e+00,106,1,0,1,1,1
021_bleach_cleanser,s2_epi_max_021_bleach_cleanser_t10,complete_epi,419,0.888411,0.039994,1.449076e-04,8.389186e-04,1244,0.026663,2.309597e-04,0.053325,7.120124e-05,2.746573e-01,132,1,0,1,1,1
021_bleach_cleanser,s2_epi_max_021_bleach_cleanser_t11,complete_epi,501,0.862405,0.040348,1.102797e-04,5.585823e-04,1256,0.026898,9.957749e-05,0.053797,5.407812e-05,2.425103e-01,122,1,0,1,1,1
021_bleach_cleanser,s2_epi_max_021_bleach_cleanser_t12,complete_epi,0,0.974646,0.020336,4.693751e-07,1.004637e-06,2245,0.013558,4.425909e-07,0.027115,6.108985e-07,3.441952e-01,603,0,0,1,1,
021_bleach_cleanser,s2_epi_max_021_bleach_cleanser_t13,complete_epi,827,0.811749,0.039304,5.342624e-05,2.889887e-04,853,0.026203,1.059450e-04,0.052406,3.137706e-05,8.754030e-02,128,1,0,1,1,1
021_bleach_cleanser,s2_epi_max_021_bleach_cleanser_t14,complete_epi,729,0.790464,0.045237,2.529087e-04,1.541289e-03,1783,0.030158,4.856751e-04,0.060316,4.505120e-04,2.577589e-01,14,1,0,1,1,0
021_bleach_cleanser,s2_epi_max_021_bleach_cleanser_t15,complete_epi,3,0.912243,0.020667,5.451995e-05,1.078487e-04,998,0.013778,5.937294e-05,0.027556,5.236660e-05,1.070308e+00,462,1,0,1,1,0
021_bleach_cleanser,s2_epi_max_021_bleach_cleanser_t16,complete_epi,220,0.782549,0.040537,4.069919e-06,1.729955e-05,1900,0.027025,3.822961e-06,0.054050,4.491895e-06,3.320458e-01,338,1,0,1,1,1
021_bleach_cleanser,s2_epi_max_021_bleach_cleanser_t18,complete_epi,394,0.882088,0.039628,1.741744e-05,5.736222e-05,1124,0.026419,1.502990e-05,0.052838,1.588452e-05,1.702866e-01,173,1,0,1,1,1
021_bleach_cleanser,s2_epi_max_021_bleach_cleanser_t19,complete_epi,412,0.884388,0.031716,0.000000e+00,0.000000e+00,587,0.021144,0.000000e+00,0.042288,1.462965e-06,0.000000e+00,202,1,0,1,1,0
021_bleach_cleanser,s2_epi_max_021_bleach_cleanser_t20,complete_epi,37,0.926083,0.039598,4.553504e-06,1.193433e-05,1515,0.026399,4.992638e-06,0.052797,4.411368e-06,1.559355e-01,265,1,0,1,1,0
021_bleach_cleanser,s2_epi_max_021_bleach_cleanser_t21,complete_epi,15,0.933853,0.038526,4.310640e-05,2.273126e-04,692,0.025684,3.466750e-05,0.051368,3.793228e-05,3.661648e-02,112,1,0,1,1,1
021_bleach_cleanser,s2_epi_max_021_bleach_cleanser_t23,complete_epi,12,0.944393,0.038820,3.335517e-05,2.455951e-04,1100,0.025880,4.447921e-05,0.051760,3.231655e-05,2.659309e-01,177,1,0,1,1,1
021_bleach_cleanser,s2_epi_max_021_bleach_cleanser_t24,complete_epi,13,0.921420,0.040307,2.400101e-05,1.780227e-04,1008,0.026871,4.587951e-05,0.053743,2.130703e-05,4.013992e-02,165,1,0,1,1,1
061_foam_brick,s2_epi_max_061_foam_brick_t0,complete_epi,417,0.927300,0.017153,4.230971e-06,8.591243e-07,956,0.011435,4.893696e-07,0.022871,5.470917e-06,1.050547e+00,1529,1,0,1,1,0
061_foam_brick,s2_epi_max_061_foam_brick_t1,complete_epi,160,0.968339,0.016699,6.081726e-06,2.903759e-05,538,0.011133,9.288575e-06,0.022266,1.260575e-05,1.106670e+00,856,1,0,1,1,1
061_foam_brick,s2_epi_max_061_foam_brick_t2,complete_epi,356,0.952457,0.018041,1.836157e-06,1.268955e-05,1217,0.012027,3.402742e-06,0.024055,7.784532e-06,1.340713e+00,1784,1,0,1,1,1
061_foam_brick,s2_epi_max_061_foam_brick_t3,complete_epi,1390,0.454784,0.016474,1.976572e-05,6.205246e-05,779,0.010983,2.280653e-05,0.021965,2.278454e-05,1.242462e+00,1202,1,0,1,1,1
061_foam_brick,s2_epi_max_061_foam_brick_t4,complete_epi,555,0.939588,0.016491,2.693619e-06,4.259186e-06,913,0.010994,1.763193e-06,0.021989,6.315745e-06,1.621730e+00,1513,1,0,1,1,1
061_foam_brick,s2_epi_max_061_foam_brick_t5,complete_epi,0,0.976353,0.016229,1.102438e-06,3.075345e-06,721,0.010819,2.047065e-06,0.021639,8.506339e-06,1.140733e+00,878,1,0,1,1,1
061_foam_brick,s2_epi_max_061_foam_brick_t6,complete_epi,66,0.946435,0.017175,1.155757e-06,2.618154e-06,1175,0.011450,9.921481e-07,0.022900,1.785609e-06,1.796378e+00,2264,1,0,1,1,1
061_foam_brick,s2_epi_max_061_foam_brick_t7,complete_epi,14,0.950486,0.017481,1.070541e-06,1.041415e-06,1601,0.011654,9.089567e-07,0.023308,1.360570e-06,1.577384e+00,1779,1,0,1,1,0
061_foam_brick,s2_epi_max_061_foam_brick_t8,complete_epi,211,0.964951,0.016580,4.820937e-06,7.977480e-06,824,0.011053,2.002001e-06,0.022106,1.437964e-05,1.364157e+00,969,1,0,1,1,1
061_foam_brick,s2_epi_max_061_foam_brick_t9,complete_epi,699,0.887185,0.016789,1.176642e-06,2.280907e-06,945,0.011193,1.178979e-06,0.022385,1.925234e-06,9.912158e-01,1554,1,0,1,1,0
061_foam_brick,s2_epi_max_061_foam_brick_t10,complete_epi,940,0.802100,0.016048,8.729296e-06,8.066705e-05,636,0.010699,1.645997e-05,0.021398,8.737955e-06,9.553708e-01,1042,1,0,1,1,1
061_foam_brick,s2_epi_max_061_foam_brick_t11,complete_epi,904,0.845968,0.015847,1.589188e-05,1.038487e-04,632,0.010565,7.425714e-05,0.021130,1.144348e-05,6.906484e-01,1037,1,0,1,1,1
061_foam_brick,s2_epi_max_061_foam_brick_t12,complete_epi,396,0.916430,0.016797,4.171490e-07,7.814075e-07,1153,0.011198,4.660716e-07,0.022395,3.966103e-07,9.213829e-01,1800,1,0,1,1,0
061_foam_brick,s2_epi_max_061_foam_brick_t13,complete_epi,1229,0.699637,0.016457,7.781685e-06,3.030489e-05,747,0.010971,8.897381e-06,0.021942,9.653006e-06,1.198746e+00,1271,1,0,1,1,1
061_foam_brick,s2_epi_max_061_foam_brick_t14,complete_epi,79,0.974978,0.017215,1.321680e-05,1.452446e-05,930,0.011477,1.970098e-06,0.022953,1.708651e-05,1.180387e+00,979,1,0,1,1,1
061_foam_brick,s2_epi_max_061_foam_brick_t15,complete_epi,773,0.900831,0.017056,1.355798e-06,3.619262e-06,1201,0.011370,1.002983e-06,0.022741,3.488375e-06,1.469460e+00,2040,1,0,1,1,1
061_foam_brick,s2_epi_max_061_foam_brick_t16,complete_epi,696,0.912118,0.017797,4.336915e-07,1.753431e-06,248,0.011865,6.896020e-07,0.023730,5.073512e-07,4.703785e-01,918,1,0,1,1,1
061_foam_brick,s2_epi_max_061_foam_brick_t17,complete_epi,604,0.860446,0.016450,1.239338e-05,4.106976e-05,949,0.010966,1.493645e-05,0.021933,1.409383e-05,2.264679e+00,1220,1,0,1,1,1
061_foam_brick,s2_epi_max_061_foam_brick_t18,complete_epi,1013,0.805226,0.016930,5.622395e-06,3.297375e-05,755,0.011286,2.654488e-06,0.022573,7.928635e-06,1.234830e+00,1359,1,0,1,1,1
061_foam_brick,s2_epi_max_061_foam_brick_t19,complete_epi,13,0.941003,0.017613,2.390448e-06,1.260659e-06,1445,0.011742,8.065244e-07,0.023484,3.071126e-06,1.483331e+00,1836,1,0,1,1,1
061_foam_brick,s2_epi_max_061_foam_brick_t20,complete_epi,393,0.943081,0.017572,4.315557e-05,3.907529e-05,907,0.011715,8.156581e-05,0.023429,4.518687e-05,1.577862e+00,1112,1,0,1,1,1
061_foam_brick,s2_epi_max_061_foam_brick_t21,complete_epi,393,0.947511,0.016234,6.525057e-06,9.870020e-06,832,0.010823,3.301652e-06,0.021646,9.982655e-06,1.508088e+00,971,1,0,1,1,1
061_foam_brick,s2_epi_max_061_foam_brick_t22,complete_epi,33,0.945530,0.017593,2.172450e-06,3.696474e-06,1235,0.011728,1.357840e-06,0.023457,3.870393e-06,1.689343e+00,2262,1,0,1,1,1
061_foam_brick,s2_epi_max_061_foam_brick_t23,complete_epi,472,0.944438,0.016895,4.603813e-05,1.619479e-04,530,0.011263,7.573499e-05,0.022526,2.363445e-05,1.484075e+00,1400,1,0,1,1,1
061_foam_brick,s2_epi_max_061_foam_brick_t24,complete_epi,857,0.841332,0.017623,4.852127e-07,7.896525e-07,1071,0.011748,4.645234e-07,0.023497,4.785426e-07,1.006721e+00,1725,1,0,1,1,1
010_potted_meat_can,s2_epi_mean_010_potted_meat_can_t0,complete_epi,6,0.920858,0.020054,9.457562e-07,4.933030e-06,720,0.013369,1.676758e-06,0.026738,1.534711e-06,4.308351e-01,695,1,0,1,1,1
010_potted_meat_can,s2_epi_mean_010_potted_meat_can_t1,complete_epi,33,0.864285,0.021497,9.473615e-07,4.876422e-06,796,0.014332,1.876482e-06,0.028663,4.650591e-06,4.749093e-01,668,1,0,1,1,1
010_potted_meat_can,s2_epi_mean_010_potted_meat_can_t2,complete_epi,1,0.908943,0.020505,8.056747e-07,2.589219e-06,673,0.013670,1.421590e-06,0.027340,1.201197e-06,4.584972e-01,680,1,0,1,1,1
010_potted_meat_can,s2_epi_mean_010_potted_meat_can_t3,complete_epi,452,0.771328,0.020823,2.769489e-06,3.816698e-06,636,0.013882,4.531013e-06,0.027764,5.904433e-06,7.132638e-01,710,1,0,1,1,1
010_potted_meat_can,s2_epi_mean_010_potted_meat_can_t4,complete_epi,67,0.835405,0.020598,1.386437e-06,3.623550e-06,715,0.013732,2.606467e-06,0.027463,2.204430e-06,3.964925e-01,642,1,0,1,1,1
010_potted_meat_can,s2_epi_mean_010_potted_meat_can_t5,complete_epi,21,0.914336,0.020968,4.678287e-07,1.770983e-06,467,0.013978,5.902625e-07,0.027957,7.708021e-07,3.086709e-01,560,1,0,1,1,1
010_potted_meat_can,s2_epi_mean_010_potted_meat_can_t6,complete_epi,0,0.909911,0.020729,7.967817e-07,2.633841e-06,867,0.013820,8.836399e-07,0.027639,9.655824e-07,4.340082e-01,692,1,0,1,1,1
010_potted_meat_can,s2_epi_mean_010_potted_meat_can_t7,complete_epi,194,0.921525,0.020787,7.571645e-07,2.595958e-06,697,0.013858,9.673639e-07,0.027716,1.067950e-06,4.031212e-01,628,1,0,1,1,0
010_potted_meat_can,s2_epi_mean_010_potted_meat_can_t8,complete_epi,67,0.815212,0.021465,8.326157e-06,3.359402e-06,716,0.014310,8.095071e-06,0.028619,1.580687e-05,4.066837e-01,620,1,0,1,1,1
010_potted_meat_can,s2_epi_mean_010_potted_meat_can_t9,complete_epi,57,0.825063,0.020935,6.250962e-07,2.833535e-06,776,0.013957,9.859609e-07,0.027913,8.260456e-07,3.479541e-01,669,1,0,1,1,1
010_potted_meat_can,s2_epi_mean_010_potted_meat_can_t10,complete_epi,0,0.920689,0.021318,5.136821e-06,5.424307e-05,1073,0.014212,9.462075e-06,0.028424,8.786806e-06,7.238380e-01,813,1,0,1,1,1
010_potted_meat_can,s2_epi_mean_010_potted_meat_can_t11,complete_epi,23,0.811948,0.020795,7.507290e-06,5.694725e-05,867,0.013864,8.996369e-06,0.027727,1.935925e-05,5.038615e-01,555,1,0,1,1,1
010_potted_meat_can,s2_epi_mean_010_potted_meat_can_t12,complete_epi,12,0.919994,0.019817,6.415236e-07,2.991081e-06,638,0.013211,1.236682e-06,0.026423,7.937040e-07,3.328836e-01,635,1,0,1,1,1
010_potted_meat_can,s2_epi_mean_010_potted_meat_can_t13,complete_epi,177,0.798361,0.020962,1.810443e-06,1.266724e-05,893,0.013975,2.369046e-06,0.027950,3.633282e-06,5.966784e-01,688,1,0,1,1,1
010_potted_meat_can,s2_epi_mean_010_potted_meat_can_t14,complete_epi,358,0.894939,0.008406,1.358189e-06,1.160929e-05,566,0.005604,1.141686e-06,0.011208,3.694494e-06,4.305711e+00,6913,1,0,1,1,1
010_potted_meat_can,s2_epi_mean_010_potted_meat_can_t15,complete_epi,16,0.899546,0.020396,1.700129e-06,2.161616e-05,612,0.013598,2.494450e-06,0.027195,2.684336e-06,4.223306e-01,615,1,0,1,1,0
010_potted_meat_can,s2_epi_mean_010_potted_meat_can_t16,complete_epi,9,0.912502,0.019687,5.617556e-07,2.159643e-06,704,0.013125,1.004625e-06,0.026250,7.507216e-07,0.000000e+00,33,1,0,1,1,0
010_potted_meat_can,s2_epi_mean_010_potted_meat_can_t17,complete_epi,0,0.922336,0.021115,3.596156e-06,4.877028e-06,585,0.014077,1.422614e-06,0.028153,1.254671e-05,3.490875e-01,576,1,0,1,1,1
010_potted_meat_can,s2_epi_mean_010_potted_meat_can_t18,complete_epi,39,0.854416,0.020953,1.329585e-06,5.770271e-06,611,0.013968,3.137308e-06,0.027937,3.279452e-06,5.102587e-01,675,1,0,1,1,0
010_potted_meat_can,s2_epi_mean_010_potted_meat_can_t19,complete_epi,0,0.929350,0.020799,6.830326e-07,2.252964e-06,750,0.013866,8.601180e-07,0.027732,9.026170e-07,3.889827e-01,633,1,0,1,1,1
010_potted_meat_can,s2_epi_mean_010_potted_meat_can_t20,complete_epi,0,0.912394,0.021378,1.158584e-05,3.862029e-06,607,0.014252,1.466265e-05,0.028504,2.231222e-05,4.358339e-01,684,1,0,1,1,1
010_potted_meat_can,s2_epi_mean_010_potted_meat_can_t21,complete_epi,0,0.932621,0.021272,3.547398e-06,6.566937e-05,763,0.014181,1.157470e-05,0.028363,7.748491e-06,4.220144e-01,617,1,0,1,1,1
010_potted_meat_can,s2_epi_mean_010_potted_meat_can_t22,complete_epi,25,0.868145,0.020709,9.838161e-07,4.786860e-06,789,0.013806,1.273097e-06,0.027612,1.456637e-06,5.114489e-01,698,1,0,1,1,1
010_potted_meat_can,s2_epi_mean_010_potted_meat_can_t23,complete_epi,0,0.880991,0.021314,9.753482e-06,3.129541e-06,647,0.014209,1.356700e-05,0.028418,1.721452e-05,5.108985e-01,664,1,0,1,1,1
010_potted_meat_can,s2_epi_mean_010_potted_meat_can_t24,complete_epi,0,0.921466,0.020027,1.184723e-06,6.187393e-06,713,0.013351,1.997983e-06,0.026702,1.231256e-06,3.867691e-01,671,1,0,1,1,1
005_tomato_soup_can,s2_hetero_patch_005_tomato_soup_can_t0,hetero_patch,30,0.873261,0.018947,8.452910e-07,1.887908e-06,644,0.012632,8.132180e-07,0.025263,9.165618e-07,3.733145e-01,790,1,0,1,1,1
005_tomato_soup_can,s2_hetero_patch_005_tomato_soup_can_t1,hetero_patch,26,0.893852,0.018750,8.147318e-07,2.676122e-06,561,0.012500,6.894477e-07,0.025000,8.691759e-07,3.925006e-01,764,1,0,1,1,1
005_tomato_soup_can,s2_hetero_patch_005_tomato_soup_can_t3,hetero_patch,73,0.864897,0.019136,6.868116e-07,1.611038e-06,600,0.012758,5.985129e-07,0.025515,7.290304e-07,2.989622e-01,724,1,0,1,1,1
005_tomato_soup_can,s2_hetero_patch_005_tomato_soup_can_t4,hetero_patch,310,0.909992,0.014217,3.194928e-07,5.726575e-07,1058,0.009478,3.189011e-07,0.018956,3.548636e-07,8.968827e-01,1952,1,0,1,1,1
005_tomato_soup_can,s2_hetero_patch_005_tomato_soup_can_t5,hetero_patch,25,0.881396,0.019056,8.766122e-07,1.679221e-06,729,0.012704,8.589639e-07,0.025408,8.992863e-07,5.110586e-01,902,1,0,1,1,1
005_tomato_soup_can,s2_hetero_patch_005_tomato_soup_can_t6,hetero_patch,56,0.873831,0.018950,7.779548e-07,1.717436e-06,595,0.012633,7.184550e-07,0.025266,8.360007e-07,3.658645e-01,807,1,0,1,1,1
005_tomato_soup_can,s2_hetero_patch_005_tomato_soup_can_t7,hetero_patch,58,0.860380,0.018893,8.675210e-07,2.551503e-06,622,0.012595,7.597562e-07,0.025190,8.543833e-07,3.502223e-01,751,1,0,1,1,1
005_tomato_soup_can,s2_hetero_patch_005_tomato_soup_can_t8,hetero_patch,22,0.888648,0.018582,8.517577e-07,2.845102e-06,488,0.012388,6.451728e-07,0.024777,9.435659e-07,2.861074e-01,663,1,0,1,1,1
005_tomato_soup_can,s2_hetero_patch_005_tomato_soup_can_t9,hetero_patch,38,0.875653,0.018918,9.215029e-07,1.798844e-06,673,0.012612,8.597732e-07,0.025224,9.516407e-07,4.883651e-01,833,1,0,1,1,1
005_tomato_soup_can,s2_hetero_patch_005_tomato_soup_can_t10,hetero_patch,1097,0.571824,0.036314,1.528232e-06,4.974644e-06,3156,0.024209,1.589044e-06,0.048419,1.855232e-06,5.056386e-01,717,1,0,1,1,0
005_tomato_soup_can,s2_hetero_patch_005_tomato_soup_can_t11,hetero_patch,53,0.865759,0.019044,7.758009e-07,1.529081e-06,588,0.012696,7.273535e-07,0.025392,8.407485e-07,3.620296e-01,786,1,0,1,1,1
005_tomato_soup_can,s2_hetero_patch_005_tomato_soup_can_t12,hetero_patch,1,0.910007,0.026909,6.695701e-06,1.470312e-05,1135,0.017939,5.872856e-06,0.035878,8.443015e-06,1.413366e+00,871,1,0,1,1,0
005_tomato_soup_can,s2_hetero_patch_005_tomato_soup_can_t13,hetero_patch,26,0.889828,0.019112,7.969134e-07,1.751032e-06,600,0.012742,6.830957e-07,0.025483,8.245498e-07,3.218883e-01,741,1,0,1,1,1
005_tomato_soup_can,s2_hetero_patch_005_tomato_soup_can_t14,hetero_patch,32,0.875636,0.018641,8.310173e-07,2.652130e-06,511,0.012427,7.543904e-07,0.024854,8.188878e-07,3.327461e-01,712,1,0,1,1,1
005_tomato_soup_can,s2_hetero_patch_005_tomato_soup_can_t15,hetero_patch,12,0.889937,0.019037,8.803252e-07,1.587518e-06,665,0.012691,8.656847e-07,0.025382,8.963416e-07,4.936584e-01,901,1,0,1,1,1
005_tomato_soup_can,s2_hetero_patch_005_tomato_soup_can_t16,hetero_patch,35,0.881546,0.019000,5.916272e-07,1.629848e-06,448,0.012667,6.768882e-07,0.025334,6.090812e-07,2.623873e-01,652,1,0,1,1,1
005_tomato_soup_can,s2_hetero_patch_005_tomato_soup_can_t17,hetero_patch,53,0.876975,0.019176,8.233703e-07,2.049509e-06,517,0.012784,7.951870e-07,0.025569,8.092449e-07,3.229380e-01,711,1,0,1,1,1
005_tomato_soup_can,s2_hetero_patch_005_tomato_soup_can_t19,hetero_patch,26,0.878825,0.018836,8.697952e-07,1.741817e-06,705,0.012558,8.292291e-07,0.025115,9.070281e-07,5.448779e-01,946,1,0,1,1,1
005_tomato_soup_can,s2_hetero_patch_005_tomato_soup_can_t20,hetero_patch,12,0.879160,0.019140,9.535277e-07,1.798403e-06,672,0.012760,9.269334e-07,0.025520,9.558889e-07,4.574922e-01,866,1,0,1,1,1
005_tomato_soup_can,s2_hetero_patch_005_tomato_soup_can_t21,hetero_patch,15,0.893400,0.018744,7.659485e-07,2.932303e-06,555,0.012496,7.318405e-07,0.024992,8.332280e-07,3.972368e-01,779,1,0,1,1,1
005_tomato_soup_can,s2_hetero_patch_005_tomato_soup_can_t22,hetero_patch,10,0.879850,0.018704,8.852233e-07,1.718215e-06,694,0.012469,8.320484e-07,0.024939,9.268779e-07,5.003982e-01,909,1,0,1,1,0
005_tomato_soup_can,s2_hetero_patch_005_tomato_soup_can_t23,hetero_patch,17,0.892490,0.018688,7.917475e-07,2.236442e-06,467,0.012459,5.735061e-07,0.024918,8.954354e-07,3.062642e-01,695,1,0,1,1,1
005_tomato_soup_can,s2_hetero_patch_005_tomato_soup_can_t24,hetero_patch,27,0.883522,0.018884,7.041433e-07,2.084624e-06,544,0.012589,5.939973e-07,0.025179,7.597052e-07,3.462878e-01,762,1,0,1,1,1
035_power_drill,s2_hetero_patch_035_power_drill_t0,hetero_patch,188,0.883501,0.039149,5.424578e-06,1.878714e-05,1563,0.026099,5.560778e-06,0.052199,5.477014e-06,4.490961e-01,367,1,0,1,1,1
035_power_drill,s2_hetero_patch_035_power_drill_t1,hetero_patch,1239,0.601365,0.064823,6.351262e-06,2.145760e-05,7356,0.043215,3.620051e-06,0.086431,1.001096e-05,1.264738e+00,847,1,0,1,1,1
035_power_drill,s2_hetero_patch_035_power_drill_t2,hetero_patch,31,0.901586,0.041834,7.729755e-06,3.016507e-05,1492,0.027890,7.680401e-06,0.055779,1.066391e-05,1.940510e-01,257,1,0,1,1,1
035_power_drill,s2_hetero_patch_035_power_drill_t3,hetero_patch,56,0.883712,0.043096,5.673189e-07,0.000000e+00,463,0.028731,0.000000e+00,0.057462,5.778122e-06,0.000000e+00,78,1,0,1,1,1
035_power_drill,s2_hetero_patch_035_power_drill_t4,hetero_patch,116,0.876611,0.040176,3.148369e-06,8.957611e-06,1468,0.026784,3.718234e-06,0.053568,4.406059e-06,1.176595e-01,250,1,0,1,1,1
035_power_drill,s2_hetero_patch_035_power_drill_t5,hetero_patch,868,0.723575,0.038941,5.276962e-06,1.436274e-05,3249,0.025961,4.942252e-06,0.051922,6.131911e-06,0.000000e+00,180,1,0,1,1,0
035_power_drill,s2_hetero_patch_035_power_drill_t6,hetero_patch,33,0.927498,0.041719,1.608557e-06,4.259118e-06,768,0.027813,6.387546e-07,0.055625,2.699684e-06,0.000000e+00,119,1,0,1,1,0
035_power_drill,s2_hetero_patch_035_power_drill_t7,hetero_patch,17,0.953733,0.031413,2.618418e-05,9.514208e-05,2330,0.020942,5.932351e-05,0.041883,2.253220e-05,7.111356e-01,337,1,0,1,1,0
035_power_drill,s2_hetero_patch_035_power_drill_t8,hetero_patch,616,0.786455,0.041112,2.796574e-06,7.289730e-06,1014,0.027408,2.165463e-06,0.054815,3.377001e-06,0.000000e+00,170,1,0,1,1,0
035_power_drill,s2_hetero_patch_035_power_drill_t9,hetero_patch,18,0.854961,0.050029,3.601393e-05,1.612066e-04,1789,0.033353,3.605634e-05,0.066706,3.066490e-05,1.783096e+00,620,1,0,1,1,0
035_power_drill,s2_hetero_patch_035_power_drill_t10,hetero_patch,509,0.808693,0.043100,1.875582e-05,8.162807e-05,694,0.028733,1.604969e-05,0.057467,2.205523e-05,3.635359e-02,132,1,0,1,1,0
035_power_drill,s2_hetero_patch_035_power_drill_t11,hetero_patch,0,0.954215,0.019012,1.176097e-05,5.029508e-05,1230,0.012675,5.590387e-05,0.025349,8.327826e-06,7.752632e-01,575,1,0,1,1,0
035_power_drill,s2_hetero_patch_035_power_drill_t12,hetero_patch,84,0.887762,0.047783,5.046362e-06,1.837398e-05,4583,0.031856,6.426110e-06,0.063711,5.759172e-06,1.316696e+00,845,1,0,1,1,0
035_power_drill,s2_hetero_patch_035_power_drill_t13,hetero_patch,30,0.901677,0.043238,3.181661e-06,4.909174e-06,714,0.028825,1.318032e-06,0.057650,1.299325e-05,0.000000e+00,140,1,0,1,1,1
035_power_drill,s2_hetero_patch_035_power_drill_t14,hetero_patch,5,0.922329,0.039536,3.480100e-06,1.159073e-05,1145,0.026357,3.425130e-06,0.052714,3.309257e-06,1.181998e-01,206,1,0,1,1,1
035_power_drill,s2_hetero_patch_035_power_drill_t15,hetero_patch,113,0.863950,0.040700,1.097899e-05,2.243416e-05,1576,0.027134,8.881258e-06,0.054267,1.352456e-05,1.178632e+00,667,1,0,1,1,1
035_power_drill,s2_hetero_patch_035_power_drill_t16,hetero_patch,842,0.784962,0.036591,1.162900e-05,5.831766e-05,1780,0.024394,1.154522e-05,0.048788,1.390662e-05,1.619549e-01,273,1,0,1,1,1
035_power_drill,s2_hetero_patch_035_power_drill_t17,hetero_patch,0,0.952799,0.021782,3.279920e-05,9.783661e-05,527,0.014521,4.271427e-05,0.029043,2.095807e-05,2.303128e+00,767,1,0,1,1,0
035_power_drill,s2_hetero_patch_035_power_drill_t18,hetero_patch,32,0.908588,0.035894,1.419675e-04,6.043843e-04,534,0.023929,2.320735e-04,0.047858,3.569328e-05,6.780524e-01,81,1,0,1,1,0
035_power_drill,s2_hetero_patch_035_power_drill_t19,hetero_patch,64,0.856980,0.049273,4.086568e-04,9.507913e-04,1000,0.032849,4.223184e-04,0.065697,3.910495e-04,2.535420e+00,117,1,0,1,1,0
035_power_drill,s2_hetero_patch_035_power_drill_t20,hetero_patch,19,0.930956,0.042717,6.277461e-05,2.978197e-04,749,0.028478,1.018188e-04,0.056956,5.211967e-05,1.161028e+00,410,1,0,1,1,0
035_power_drill,s2_hetero_patch_035_power_drill_t21,hetero_patch,162,0.903539,0.039409,1.177446e-04,2.753607e-04,1237,0.026273,1.600956e-04,0.052546,1.063237e-04,5.544055e+00,708,1,0,1,1,0
035_power_drill,s2_hetero_patch_035_power_drill_t22,hetero_patch,51,0.898511,0.048907,4.369197e-05,2.890444e-04,853,0.032605,2.321405e-05,0.065209,4.401739e-05,2.045044e-01,142,1,0,1,1,1
035_power_drill,s2_hetero_patch_035_power_drill_t23,hetero_patch,591,0.746978,0.050333,4.433142e-06,1.088632e-05,1280,0.033555,1.809842e-06,0.067110,5.695678e-06,0.000000e+00,175,1,0,1,1,1
035_power_drill,s2_hetero_patch_035_power_drill_t24,hetero_patch,110,0.873039,0.044371,4.524838e-06,1.080875e-05,2692,0.029581,5.190104e-06,0.059161,6.713912e-06,6.553632e-01,511,1,0,1,1,0
021_bleach_cleanser,s2_duarte_mcd_021_bleach_cleanser_t0,duarte_mcd,17,0.935053,,,,,,,,,0.000000e+00,108,1,0,1,1,0
021_bleach_cleanser,s2_duarte_mcd_021_bleach_cleanser_t1,duarte_mcd,38,0.937763,,,,,,,,,1.817884e-02,123,1,0,1,1,1
021_bleach_cleanser,s2_duarte_mcd_021_bleach_cleanser_t2,duarte_mcd,508,0.770614,,,,,,,,,1.613284e-01,40,1,0,1,1,0
021_bleach_cleanser,s2_duarte_mcd_021_bleach_cleanser_t3,duarte_mcd,489,0.880277,,,,,,,,,6.418536e-02,151,1,0,1,1,1
021_bleach_cleanser,s2_duarte_mcd_021_bleach_cleanser_t4,duarte_mcd,51,0.939110,,,,,,,,,2.761711e-02,135,1,0,1,1,1
021_bleach_cleanser,s2_duarte_mcd_021_bleach_cleanser_t5,duarte_mcd,13,0.927540,,,,,,,,,2.430077e-02,113,1,0,1,1,0
021_bleach_cleanser,s2_duarte_mcd_021_bleach_cleanser_t6,duarte_mcd,56,0.901497,,,,,,,,,1.191228e-02,123,1,0,1,1,1
021_bleach_cleanser,s2_duarte_mcd_021_bleach_cleanser_t7,duarte_mcd,7,0.895942,,,,,,,,,3.959313e-02,132,1,0,1,1,1
021_bleach_cleanser,s2_duarte_mcd_021_bleach_cleanser_t8,duarte_mcd,11,0.960976,,,,,,,,,1.511200e-02,114,1,0,1,1,1
021_bleach_cleanser,s2_duarte_mcd_021_bleach_cleanser_t9,duarte_mcd,2,0.968031,,,,,,,,,0.000000e+00,326,1,0,1,1,0
021_bleach_cleanser,s2_duarte_mcd_021_bleach_cleanser_t10,duarte_mcd,54,0.939902,,,,,,,,,2.321158e-02,71,1,0,1,1,1
021_bleach_cleanser,s2_duarte_mcd_021_bleach_cleanser_t11,duarte_mcd,427,0.918180,,,,,,,,,1.121109e-02,81,1,0,1,1,1
021_bleach_cleanser,s2_duarte_mcd_021_bleach_cleanser_t12,duarte_mcd,8,0.943190,,,,,,,,,0.000000e+00,343,1,0,1,1,1
021_bleach_cleanser,s2_duarte_mcd_021_bleach_cleanser_t13,duarte_mcd,0,0.960698,,,,,,,,,7.245641e-03,256,1,0,1,1,0
021_bleach_cleanser,s2_duarte_mcd_021_bleach_cleanser_t14,duarte_mcd,13,0.949200,,,,,,,,,2.472167e-02,114,1,0,1,1,1
021_bleach_cleanser,s2_duarte_mcd_021_bleach_cleanser_t15,duarte_mcd,36,0.855922,,,,,,,,,7.829693e-02,300,1,0,1,1,1
021_bleach_cleanser,s2_duarte_mcd_021_bleach_cleanser_t17,duarte_mcd,337,0.905021,,,,,,,,,5.385310e-03,89,1,0,1,1,1
021_bleach_cleanser,s2_duarte_mcd_021_bleach_cleanser_t18,duarte_mcd,315,0.916292,,,,,,,,,7.460925e-02,162,1,0,1,1,1
021_bleach_cleanser,s2_duarte_mcd_021_bleach_cleanser_t19,duarte_mcd,54,0.893351,,,,,,,,,4.644948e-02,101,1,0,1,1,1
021_bleach_cleanser,s2_duarte_mcd_021_bleach_cleanser_t20,duarte_mcd,64,0.929081,,,,,,,,,1.717524e-01,245,1,0,1,1,1
021_bleach_cleanser,s2_duarte_mcd_021_bleach_cleanser_t22,duarte_mcd,122,0.859838,,,,,,,,,4.885309e-02,135,1,0,1,1,1
021_bleach_cleanser,s2_duarte_mcd_021_bleach_cleanser_t23,duarte_mcd,18,0.948031,,,,,,,,,5.470071e-01,922,1,0,1,1,0
021_bleach_cleanser,s2_duarte_mcd_021_bleach_cleanser_t24,duarte_mcd,71,0.928127,,,,,,,,,4.526644e-02,185,1,0,1,1,1
061_foam_brick,s2_duarte_mcd_061_foam_brick_t0,duarte_mcd,727,0.901687,,,,,,,,,6.728829e-01,1288,1,0,1,1,0
061_foam_brick,s2_duarte_mcd_061_foam_brick_t1,duarte_mcd,26,0.963713,,,,,,,,,6.526996e-01,952,1,0,1,1,1
061_foam_brick,s2_duarte_mcd_061_foam_brick_t2,duarte_mcd,402,0.952579,,,,,,,,,4.629918e-01,994,1,0,1,1,1
061_foam_brick,s2_duarte_mcd_061_foam_brick_t3,duarte_mcd,1113,0.774329,,,,,,,,,1.314319e+00,1606,1,0,1,1,1
061_foam_brick,s2_duarte_mcd_061_foam_brick_t4,duarte_mcd,251,0.947657,,,,,,,,,5.314672e-01,985,1,0,1,1,1
061_foam_brick,s2_duarte_mcd_061_foam_brick_t5,duarte_mcd,29,0.960379,,,,,,,,,3.561786e-01,659,1,0,1,1,1
061_foam_brick,s2_duarte_mcd_061_foam_brick_t6,duarte_mcd,128,0.929079,,,,,,,,,5.438062e-01,1357,1,0,1,1,0
061_foam_brick,s2_duarte_mcd_061_foam_brick_t7,duarte_mcd,301,0.919068,,,,,,,,,3.413792e-01,854,1,0,1,1,1
061_foam_brick,s2_duarte_mcd_061_foam_brick_t8,duarte_mcd,111,0.958276,,,,,,,,,6.265507e-01,833,1,0,1,1,1
061_foam_brick,s2_duarte_mcd_061_foam_brick_t9,duarte_mcd,767,0.869446,,,,,,,,,5.660539e-01,1066,1,0,1,1,0
061_foam_brick,s2_duarte_mcd_061_foam_brick_t10,duarte_mcd,253,0.879010,,,,,,,,,5.425398e-01,1088,1,0,1,1,1
061_foam_brick,s2_duarte_mcd_061_foam_brick_t11,duarte_mcd,892,0.749364,,,,,,,,,6.258700e-01,1224,1,0,1,1,1
061_foam_brick,s2_duarte_mcd_061_foam_brick_t12,duarte_mcd,199,0.896338,,,,,,,,,3.307962e-01,959,1,0,1,1,1
061_foam_brick,s2_duarte_mcd_061_foam_brick_t13,duarte_mcd,1248,0.661395,,,,,,,,,2.108786e-01,527,1,0,1,1,0
061_foam_brick,s2_duarte_mcd_061_foam_brick_t14,duarte_mcd,252,0.955723,,,,,,,,,3.916948e-01,764,1,0,1,1,1
061_foam_brick,s2_duarte_mcd_061_foam_brick_t15,duarte_mcd,607,0.917618,,,,,,,,,5.364943e-01,1038,1,0,1,1,1
061_foam_brick,s2_duarte_mcd_061_foam_brick_t16,duarte_mcd,167,0.933590,,,,,,,,,6.431162e-01,782,1,0,1,1,0
061_foam_brick,s2_duarte_mcd_061_foam_brick_t17,duarte_mcd,85,0.918956,,,,,,,,,9.065119e-01,1188,1,0,1,1,1
061_foam_brick,s2_duarte_mcd_061_foam_brick_t18,duarte_mcd,686,0.896275,,,,,,,,,6.535927e-01,915,1,0,1,1,1
061_foam_brick,s2_duarte_mcd_061_foam_brick_t19,duarte_mcd,109,0.942605,,,,,,,,,7.291904e-01,1651,1,0,1,1,1
061_foam_brick,s2_duarte_mcd_061_foam_brick_t20,duarte_mcd,224,0.960405,,,,,,,,,6.654124e-01,1057,1,0,1,1,1
061_foam_brick,s2_duarte_mcd_061_foam_brick_t21,duarte_mcd,28,0.964913,,,,,,,,,7.428698e-01,1011,1,0,1,1,1
061_foam_brick,s2_duarte_mcd_061_foam_brick_t22,duarte_mcd,161,0.906979,,,,,,,,,5.161754e-01,914,1,0,1,1,1
061_foam_brick,s2_duarte_mcd_061_foam_brick_t23,duarte_mcd,7,0.962929,,,,,,,,,6.579172e-01,1088,1,0,1,1,1
061_foam_brick,s2_duarte_mcd_061_foam_brick_t24,duarte_mcd,48,0.935796,,,,,,,,,6.018710e-01,1314,1,0,1,1,0
010_potted_meat_can,s3_partial_only_010_potted_meat_can_t0,partial_only,1326,0.654984,,,,,,,,,,,1,0,1,1,1
010_potted_meat_can,s3_partial_only_010_potted_meat_can_t1,partial_only,1281,0.637780,,,,,,,,,,,1,0,1,1,1
010_potted_meat_can,s3_partial_only_010_potted_meat_can_t2,partial_only,1080,0.774863,,,,,,,,,,,1,0,1,1,1
010_potted_meat_can,s3_partial_only_010_potted_meat_can_t3,partial_only,688,0.810307,,,,,,,,,,,1,0,1,1,0
010_potted_meat_can,s3_partial_only_010_potted_meat_can_t4,partial_only,0,0.939828,,,,,,,,,,,1,0,1,1,1
010_potted_meat_can,s3_partial_only_010_potted_meat_can_t5,partial_only,8,0.923019,,,,,,,,,,,1,0,1,1,1
010_potted_meat_can,s3_partial_only_010_potted_meat_can_t6,partial_only,1151,0.722774,,,,,,,,,,,1,0,1,1,1
010_potted_meat_can,s3_partial_only_010_potted_meat_can_t7,partial_only,779,0.779886,,,,,,,,,,,1,0,1,1,1
010_potted_meat_can,s3_partial_only_010_potted_meat_can_t8,partial_only,1244,0.659653,,,,,,,,,,,1,0,1,1,0
010_potted_meat_can,s3_partial_only_010_potted_meat_can_t9,partial_only,157,0.871319,,,,,,,,,,,1,0,1,1,1
010_potted_meat_can,s3_partial_only_010_potted_meat_can_t10,partial_only,684,0.805131,,,,,,,,,,,1,0,1,1,1
010_potted_meat_can,s3_partial_only_010_potted_meat_can_t11,partial_only,222,0.833235,,,,,,,,,,,1,0,1,1,1
010_potted_meat_can,s3_partial_only_010_potted_meat_can_t12,partial_only,21,0.914761,,,,,,,,,,,1,0,1,1,1
010_potted_meat_can,s3_partial_only_010_potted_meat_can_t13,partial_only,761,0.821954,,,,,,,,,,,1,0,1,1,1
010_potted_meat_can,s3_partial_only_010_potted_meat_can_t14,partial_only,101,0.851086,,,,,,,,,,,1,0,1,1,1
010_potted_meat_can,s3_partial_only_010_potted_meat_can_t15,partial_only,106,0.876126,,,,,,,,,,,1,0,1,1,1
010_potted_meat_can,s3_partial_only_010_potted_meat_can_t16,partial_only,3,0.906352,,,,,,,,,,,1,0,1,1,1
010_potted_meat_can,s3_partial_only_010_potted_meat_can_t18,partial_only,592,0.789034,,,,,,,,,,,1,0,1,1,1
010_potted_meat_can,s3_partial_only_010_potted_meat_can_t19,partial_only,809,0.755711,,,,,,,,,,,1,0,1,1,1
010_potted_meat_can,s3_partial_only_010_potted_meat_can_t20,partial_only,787,0.833520,,,,,,,,,,,1,0,1,1,1
010_potted_meat_can,s3_partial_only_010_potted_meat_can_t21,partial_only,337,0.801841,,,,,,,,,,,1,0,1,1,0
010_potted_meat_can,s3_partial_only_010_potted_meat_can_t22,partial_only,1169,0.711769,,,,,,,,,,,1,0,1,1,1
010_potted_meat_can,s3_partial_only_010_potted_meat_can_t23,partial_only,1372,0.619606,,,,,,,,,,,1,0,1,1,1
010_potted_meat_can,s3_partial_only_010_potted_meat_can_t24,partial_only,1246,0.678259,,,,,,,,,,,1,0,1,1,1
005_tomato_soup_can,s3_complete_only_005_tomato_soup_can_t0,complete_only,74,0.873143,0.018905,1.253881e-06,3.810077e-06,475,0.012603,1.509551e-06,0.025207,9.146710e-07,3.212532e-01,750,1,0,1,1,1
005_tomato_soup_can,s3_complete_only_005_tomato_soup_can_t1,complete_only,70,0.868362,0.018922,8.553161e-07,1.707642e-06,696,0.012615,8.097733e-07,0.025230,8.554170e-07,5.306059e-01,883,1,0,1,1,1
005_tomato_soup_can,s3_complete_only_005_tomato_soup_can_t2,complete_only,21,0.880593,0.018834,7.387313e-07,1.678651e-06,737,0.012556,7.238748e-07,0.025112,7.866487e-07,5.454353e-01,962,1,0,1,1,1
005_tomato_soup_can,s3_complete_only_005_tomato_soup_can_t3,complete_only,68,0.862697,0.018864,1.284298e-06,2.753220e-06,501,0.012576,1.361768e-06,0.025153,1.036948e-06,2.780035e-01,706,1,0,1,1,1
005_tomato_soup_can,s3_complete_only_005_tomato_soup_can_t4,complete_only,55,0.885248,0.018948,8.791600e-07,1.746808e-06,435,0.012632,7.808174e-07,0.025264,7.896407e-07,2.912849e-01,723,1,0,1,1,1
005_tomato_soup_can,s3_complete_only_005_tomato_soup_can_t5,complete_only,82,0.870509,0.019017,6.038172e-07,1.872956e-06,509,0.012678,6.610228e-07,0.025355,5.707678e-07,3.086501e-01,710,1,0,1,1,1
005_tomato_soup_can,s3_complete_only_005_tomato_soup_can_t6,complete_only,35,0.876283,0.018986,7.907355e-07,1.510552e-06,650,0.012657,7.307100e-07,0.025314,8.133904e-07,4.181837e-01,816,1,0,1,1,1
005_tomato_soup_can,s3_complete_only_005_tomato_soup_can_t7,complete_only,40,0.878539,0.018802,5.806841e-07,1.698880e-06,567,0.012534,6.612586e-07,0.025069,6.184714e-07,3.800200e-01,798,1,0,1,1,1
005_tomato_soup_can,s3_complete_only_005_tomato_soup_can_t9,complete_only,38,0.868138,0.019193,8.081955e-07,1.444532e-06,664,0.012795,7.921899e-07,0.025591,8.141607e-07,3.817667e-01,790,1,0,1,1,1
005_tomato_soup_can,s3_complete_only_005_tomato_soup_can_t10,complete_only,30,0.881386,0.018821,5.515872e-07,1.650096e-06,520,0.012547,6.684659e-07,0.025094,6.001797e-07,2.907163e-01,718,1,0,1,1,1
005_tomato_soup_can,s3_complete_only_005_tomato_soup_can_t11,complete_only,58,0.862990,0.018828,8.301312e-07,1.501021e-06,689,0.012552,7.872676e-07,0.025104,8.297875e-07,4.753878e-01,849,1,0,1,1,1
005_tomato_soup_can,s3_complete_only_005_tomato_soup_can_t12,complete_only,10,0.900377,0.018916,5.592602e-07,1.699857e-06,431,0.012611,3.177532e-07,0.025221,6.809127e-07,2.481266e-01,650,1,0,1,1,1
005_tomato_soup_can,s3_complete_only_005_tomato_soup_can_t13,complete_only,31,0.877183,0.019025,8.107239e-07,1.598789e-06,685,0.012683,7.671353e-07,0.025367,8.269580e-07,5.530872e-01,968,1,0,1,1,1
005_tomato_soup_can,s3_complete_only_005_tomato_soup_can_t14,complete_only,24,0.883571,0.018835,7.602602e-07,1.754632e-06,610,0.012557,6.713558e-07,0.025114,7.751059e-07,4.060642e-01,844,1,0,1,1,1
005_tomato_soup_can,s3_complete_only_005_tomato_soup_can_t15,complete_only,53,0.864332,0.018803,7.431912e-07,1.397986e-06,657,0.012535,7.004577e-07,0.025070,7.693656e-07,3.135476e-01,747,1,0,1,1,1
005_tomato_soup_can,s3_complete_only_005_tomato_soup_can_t17,complete_only,14,0.890437,0.018830,7.673817e-07,1.411692e-06,660,0.012554,7.157956e-07,0.025107,7.991784e-07,4.072707e-01,841,1,0,1,1,1
005_tomato_soup_can,s3_complete_only_005_tomato_soup_can_t18,complete_only,51,0.865039,0.018841,9.039661e-07,2.009486e-06,501,0.012561,9.251924e-07,0.025122,7.567895e-07,3.186524e-01,728,1,0,1,1,1
005_tomato_soup_can,s3_complete_only_005_tomato_soup_can_t19,complete_only,63,0.869728,0.018967,7.994776e-07,1.561193e-06,753,0.012645,7.809998e-07,0.025289,8.316601e-07,5.747034e-01,1011,1,0,1,1,1
005_tomato_soup_can,s3_complete_only_005_tomato_soup_can_t20,complete_only,22,0.877853,0.019065,7.902092e-07,1.588225e-06,676,0.012710,7.326130e-07,0.025421,7.765196e-07,4.144525e-01,856,1,0,1,1,1
005_tomato_soup_can,s3_complete_only_005_tomato_soup_can_t21,complete_only,63,0.873252,0.019037,6.615506e-07,1.471894e-06,509,0.012691,6.636439e-07,0.025382,6.285854e-07,3.063234e-01,719,1,0,1,1,1
005_tomato_soup_can,s3_complete_only_005_tomato_soup_can_t22,complete_only,18,0.893490,0.019021,7.696510e-07,1.478138e-06,794,0.012681,7.101241e-07,0.025361,7.947455e-07,4.606060e-01,923,1,0,1,1,1
005_tomato_soup_can,s3_complete_only_005_tomato_soup_can_t23,complete_only,26,0.900759,0.018965,1.069898e-06,1.988974e-06,752,0.012644,1.444764e-06,0.025287,1.037814e-06,5.279064e-01,981,1,0,1,1,0
005_tomato_soup_can,s3_complete_only_005_tomato_soup_can_t24,complete_only,7,0.898782,0.019012,1.128162e-06,2.159696e-06,428,0.012675,1.118808e-06,0.025350,9.964618e-07,2.974652e-01,719,1,0,1,1,1
035_power_drill,s3_complete_only_035_power_drill_t0,complete_only,54,0.902756,0.045196,1.364032e-04,9.230597e-04,1133,0.030131,1.833839e-04,0.060262,1.611726e-04,3.048086e-01,117,1,0,1,1,0
035_power_drill,s3_complete_only_035_power_drill_t1,complete_only,379,0.864701,0.044002,1.706016e-04,9.614092e-04,1019,0.029335,1.516198e-04,0.058670,2.412799e-04,3.175871e-01,122,1,0,1,1,1
035_power_drill,s3_complete_only_035_power_drill_t2,complete_only,184,0.857181,0.042505,1.859754e-05,6.207855e-05,3403,0.028337,1.750564e-05,0.056673,2.147368e-05,1.126349e+00,604,1,0,1,1,1
035_power_drill,s3_complete_only_035_power_drill_t3,complete_only,69,0.902766,0.046685,1.956342e-04,1.182769e-03,1091,0.031123,1.188819e-04,0.062247,1.841884e-04,7.180499e-01,169,1,0,1,1,1
035_power_drill,s3_complete_only_035_power_drill_t4,complete_only,210,0.866528,0.042878,0.000000e+00,0.000000e+00,611,0.028586,0.000000e+00,0.057171,5.239205e-07,0.000000e+00,107,1,0,1,1,0
035_power_drill,s3_complete_only_035_power_drill_t5,complete_only,14,0.944660,0.023489,3.855967e-05,1.442087e-04,2033,0.015659,2.126498e-04,0.031319,3.036813e-05,2.745735e+00,2276,1,0,1,1,0
035_power_drill,s3_complete_only_035_power_drill_t6,complete_only,180,0.876992,0.044616,1.491915e-04,9.135887e-04,903,0.029744,8.301803e-05,0.059488,2.154417e-04,2.956464e-01,131,1,0,1,1,1
035_power_drill,s3_complete_only_035_power_drill_t7,complete_only,125,0.860205,0.043890,1.239992e-05,2.003604e-05,3249,0.029260,1.139716e-05,0.058520,2.129809e-05,7.145662e-01,558,1,0,1,1,1
035_power_drill,s3_complete_only_035_power_drill_t9,complete_only,300,0.823765,0.049021,7.463823e-05,2.710565e-04,649,0.032680,2.435186e-05,0.065361,1.495754e-04,0.000000e+00,68,1,0,1,1,0
035_power_drill,s3_complete_only_035_power_drill_t11,complete_only,5,0.923899,0.059054,2.747176e-05,6.748718e-05,7461,0.039369,2.725424e-05,0.078738,5.999831e-05,1.351645e+00,637,1,0,1,1,0
035_power_drill,s3_complete_only_035_power_drill_t12,complete_only,150,0.875285,0.043367,3.046918e-05,1.673210e-05,4120,0.028911,1.961231e-05,0.057822,4.491593e-05,2.731718e+00,1522,1,0,1,1,1
035_power_drill,s3_complete_only_035_power_drill_t13,complete_only,6,0.921748,0.043252,0.000000e+00,0.000000e+00,467,0.028835,0.000000e+00,0.057670,1.859783e-05,0.000000e+00,123,1,0,1,1,1
035_power_drill,s3_complete_only_035_power_drill_t14,complete_only,12,0.939192,0.019660,2.382169e-04,1.247891e-03,857,0.013107,2.796032e-04,0.026213,2.234578e-04,3.577300e+00,1954,1,0,1,1,0
035_power_drill,s3_complete_only_035_power_drill_t15,complete_only,214,0.948727,0.015819,1.824247e-04,6.198809e-04,1472,0.010546,2.347804e-04,0.021093,1.568957e-04,3.447188e+00,2517,1,0,1,1,0
035_power_drill,s3_complete_only_035_power_drill_t16,complete_only,0,0.899010,0.057017,8.146609e-06,1.531739e-05,10572,0.038011,9.495796e-06,0.076023,1.741641e-05,6.453201e-01,606,1,0,1,1,0
035_power_drill,s3_complete_only_035_power_drill_t17,complete_only,44,0.891239,0.044359,1.556399e-05,1.495939e-05,3857,0.029573,5.006565e-06,0.059146,2.102617e-05,1.753239e+00,1052,1,0,1,1,1
035_power_drill,s3_complete_only_035_power_drill_t19,complete_only,469,0.854754,0.041066,7.168596e-05,2.640894e-04,893,0.027378,5.825069e-05,0.054755,1.187900e-04,6.327382e-01,202,1,0,1,1,1
035_power_drill,s3_complete_only_035_power_drill_t21,complete_only,29,0.903761,0.039240,1.768622e-05,1.223174e-04,795,0.026160,8.645711e-06,0.052320,2.631547e-05,7.762031e-02,149,1,0,1,1,0
035_power_drill,s3_complete_only_035_power_drill_t22,complete_only,1,0.957627,0.027938,1.229720e-05,3.698959e-05,2131,0.018625,1.288312e-05,0.037250,1.551893e-05,9.916754e-01,658,1,0,1,1,0
035_power_drill,s3_complete_only_035_power_drill_t23,complete_only,657,0.850910,0.045484,2.415337e-05,3.106642e-05,1836,0.030323,7.437160e-06,0.060645,5.526087e-05,2.887684e-01,312,1,0,1,1,1
035_power_drill,s3_complete_only_035_power_drill_t24,complete_only,31,0.910030,0.042727,1.279051e-06,0.000000e+00,580,0.028485,0.000000e+00,0.056970,1.436648e-05,0.000000e+00,117,1,0,1,1,0
021_bleach_cleanser,s3_epi_max_021_bleach_cleanser_t0,complete_epi,46,0.915888,0.038890,4.338931e-05,1.997791e-04,928,0.025926,7.021937e-05,0.051853,3.471278e-05,1.281227e-01,112,1,0,1,1,1
021_bleach_cleanser,s3_epi_max_021_bleach_cleanser_t1,complete_epi,207,0.874663,0.039342,1.467030e-04,7.561910e-04,651,0.026228,1.963710e-04,0.052456,7.173571e-05,5.717123e-02,66,1,0,1,1,0
021_bleach_cleanser,s3_epi_max_021_bleach_cleanser_t2,complete_epi,21,0.881310,0.038606,3.910091e-05,3.474362e-04,1193,0.025737,5.771498e-05,0.051475,2.943436e-05,0.000000e+00,144,1,0,1,1,1
021_bleach_cleanser,s3_epi_max_021_bleach_cleanser_t4,complete_epi,15,0.923588,0.039428,4.453555e-05,2.623192e-04,1213,0.026285,5.273060e-05,0.052570,4.521820e-05,2.730678e-01,155,1,0,1,1,1
021_bleach_cleanser,s3_epi_max_021_bleach_cleanser_t5,complete_epi,10,0.928327,0.039272,7.764957e-05,3.974717e-04,1006,0.026181,7.829453e-05,0.052362,4.519523e-05,2.377851e-01,157,1,0,1,1,1
021_bleach_cleanser,s3_epi_max_021_bleach_cleanser_t6,complete_epi,516,0.844265,0.038718,1.539436e-05,1.181742e-04,1047,0.025812,3.391533e-06,0.051624,2.886152e-05,0.000000e+00,46,1,0,1,1,1
021_bleach_cleanser,s3_epi_max_021_bleach_cleanser_t8,complete_epi,42,0.867441,0.022688,4.104642e-05,1.056800e-04,676,0.015125,4.309318e-05,0.030251,3.955735e-05,1.036089e+00,206,1,0,1,1,0
021_bleach_cleanser,s3_epi_max_021_bleach_cleanser_t9,complete_epi,215,0.881369,0.039317,1.373156e-05,6.991755e-05,1106,0.026211,1.516982e-05,0.052422,1.397114e-05,1.923850e-02,112,1,0,1,1,1
021_bleach_cleanser,s3_epi_max_021_bleach_cleanser_t10,complete_epi,2,0.931650,0.055911,2.080722e-04,1.293441e-03,3887,0.037274,2.707164e-04,0.074548,2.749887e-04,1.678347e+00,236,1,0,1,1,0
021_bleach_cleanser,s3_epi_max_021_bleach_cleanser_t11,complete_epi,3,0.954180,0.039707,5.275732e-05,3.471552e-04,990,0.026471,4.882030e-05,0.052943,4.634531e-05,0.000000e+00,63,1,0,1,1,0
021_bleach_cleanser,s3_epi_max_021_bleach_cleanser_t12,complete_epi,19,0.878187,0.039497,5.653390e-06,2.704066e-05,1818,0.026332,5.300377e-06,0.052663,5.807394e-06,2.312032e-01,300,1,0,1,1,1
021_bleach_cleanser,s3_epi_max_021_bleach_cleanser_t13,complete_epi,201,0.921575,0.041712,1.704500e-05,6.093588e-05,1886,0.027808,1.963965e-05,0.055616,1.800024e-05,1.015749e-01,134,1,0,1,1,1
021_bleach_cleanser,s3_epi_max_021_bleach_cleanser_t14,complete_epi,97,0.892965,0.040534,1.144948e-05,8.195380e-05,1040,0.027023,1.249293e-05,0.054046,1.022124e-05,0.000000e+00,192,1,0,1,1,1
021_bleach_cleanser,s3_epi_max_021_bleach_cleanser_t15,complete_epi,208,0.897809,0.039913,1.506034e-05,7.607645e-05,846,0.026609,7.413598e-06,0.053218,2.971028e-05,0.000000e+00,91,1,0,1,1,1
021_bleach_cleanser,s3_epi_max_021_bleach_cleanser_t18,complete_epi,7,0.940406,0.039689,1.307313e-05,9.541055e-05,1093,0.026460,5.408076e-06,0.052919,2.302418e-05,0.000000e+00,66,1,0,1,1,1
021_bleach_cleanser,s3_epi_max_021_bleach_cleanser_t19,complete_epi,182,0.895340,0.039272,1.954380e-05,5.836749e-05,898,0.026181,0.000000e+00,0.052362,2.608695e-05,0.000000e+00,65,1,0,1,1,1
021_bleach_cleanser,s3_epi_max_021_bleach_cleanser_t21,complete_epi,1142,0.265233,0.049989,2.086225e-05,9.650033e-05,1611,0.033326,2.655139e-05,0.066652,1.914389e-05,6.247356e-01,132,1,0,1,1,0
021_bleach_cleanser,s3_epi_max_021_bleach_cleanser_t22,complete_epi,243,0.902009,0.039760,6.790966e-06,6.801559e-05,631,0.026506,0.000000e+00,0.053013,1.427738e-05,0.000000e+00,106,1,0,1,1,1
021_bleach_cleanser,s3_epi_max_021_bleach_cleanser_t23,complete_epi,125,0.900682,0.041443,2.840975e-05,8.409863e-05,1757,0.027629,2.709275e-05,0.055258,2.068045e-05,3.715197e-01,283,1,0,1,1,1
021_bleach_cleanser,s3_epi_max_021_bleach_cleanser_t24,complete_epi,1278,0.708275,0.016078,3.293528e-06,1.908125e-05,2464,0.010719,2.804257e-06,0.021438,3.443146e-06,1.627772e+00,1732,1,0,1,1,0
061_foam_brick,s3_epi_max_061_foam_brick_t0,complete_epi,23,0.950359,0.017526,1.540251e-06,7.907995e-06,1331,0.011684,8.474596e-07,0.023368,2.689896e-06,9.941898e-01,1634,1,0,1,1,1
061_foam_brick,s3_epi_max_061_foam_brick_t1,complete_epi,1315,0.605953,0.016823,3.371988e-06,1.572660e-05,1319,0.011215,2.113678e-06,0.022431,6.712552e-06,8.519471e-01,857,1,0,1,1,1
061_foam_brick,s3_epi_max_061_foam_brick_t2,complete_epi,730,0.903424,0.017332,5.310186e-07,9.822564e-07,950,0.011555,5.787909e-07,0.023110,3.324164e-06,1.477625e+00,1607,1,0,1,1,1
061_foam_brick,s3_epi_max_061_foam_brick_t3,complete_epi,1,0.964254,0.017426,2.206493e-06,1.626045e-06,1191,0.011618,7.494985e-07,0.023235,4.155622e-06,1.655165e+00,1981,1,0,1,1,1
061_foam_brick,s3_epi_max_061_foam_brick_t4,complete_epi,120,0.938910,0.015946,4.315170e-05,7.899156e-05,357,0.010631,1.020398e-04,0.021261,1.713967e-05,1.069795e+00,1350,1,0,1,1,1
061_foam_brick,s3_epi_max_061_foam_brick_t5,complete_epi,1143,0.810611,0.015844,1.536857e-04,3.318972e-04,398,0.010563,1.913297e-04,0.021125,1.620408e-04,1.060512e+00,1249,1,0,1,1,1
061_foam_brick,s3_epi_max_061_foam_brick_t6,complete_epi,1095,0.719142,0.017757,5.141550e-06,3.792922e-06,1282,0.011838,7.650268e-07,0.023676,1.111716e-05,1.898396e+00,1644,1,0,1,1,0
061_foam_brick,s3_epi_max_061_foam_brick_t7,complete_epi,418,0.938110,0.016807,8.695759e-07,4.086790e-06,1206,0.011204,1.077132e-06,0.022409,1.037454e-06,1.221132e+00,1752,1,0,1,1,0
061_foam_brick,s3_epi_max_061_foam_brick_t8,complete_epi,695,0.901980,0.017730,2.494575e-06,1.567775e-06,1203,0.011820,5.387064e-07,0.023640,6.827581e-06,1.795985e+00,1693,1,0,1,1,1
061_foam_brick,s3_epi_max_061_foam_brick_t9,complete_epi,1147,0.778467,0.016955,2.468522e-04,8.921701e-04,213,0.011303,2.765193e-04,0.022607,8.077218e-05,1.099390e+00,1255,1,0,1,1,0
061_foam_brick,s3_epi_max_061_foam_brick_t10,complete_epi,767,0.877427,0.017754,4.351535e-07,6.995940e-07,1423,0.011836,4.761499e-07,0.023672,4.787334e-07,1.156535e+00,1969,1,0,1,1,1
061_foam_brick,s3_epi_max_061_foam_brick_t11,complete_epi,23,0.966559,0.016345,1.169786e-06,2.900715e-06,723,0.010897,1.538678e-06,0.021794,1.110468e-05,1.354938e+00,1204,1,0,1,1,1
061_foam_brick,s3_epi_max_061_foam_brick_t12,complete_epi,777,0.904536,0.017283,5.033318e-07,8.013570e-07,631,0.011522,5.264431e-07,0.023044,5.135047e-07,5.350817e-01,1049,1,0,1,1,0
061_foam_brick,s3_epi_max_061_foam_brick_t13,complete_epi,1215,0.750714,0.016683,5.364677e-06,2.831503e-05,633,0.011122,5.447727e-06,0.022244,8.390461e-06,1.543921e+00,998,1,0,1,1,1
061_foam_brick,s3_epi_max_061_foam_brick_t14,complete_epi,501,0.908597,0.016956,3.962539e-07,7.582205e-07,1163,0.011304,4.339800e-07,0.022608,3.790826e-07,8.788270e-01,1764,1,0,1,1,1
061_foam_brick,s3_epi_max_061_foam_brick_t15,complete_epi,61,0.951541,0.016594,8.968570e-07,1.790723e-06,704,0.011063,7.310295e-07,0.022126,9.848029e-07,9.135785e-01,960,1,0,1,1,1
061_foam_brick,s3_epi_max_061_foam_brick_t16,complete_epi,172,0.939489,0.017436,6.116517e-07,7.902098e-07,1258,0.011624,6.082934e-07,0.023248,1.269339e-06,1.361125e+00,1807,1,0,1,1,1
061_foam_brick,s3_epi_max_061_foam_brick_t17,complete_epi,356,0.929870,0.016655,7.258350e-07,2.467126e-06,943,0.011103,8.630371e-07,0.022206,8.152397e-07,1.094402e+00,1667,1,0,1,1,1
061_foam_brick,s3_epi_max_061_foam_brick_t18,complete_epi,146,0.931371,0.017259,1.687047e-05,3.441138e-05,1121,0.011506,2.732458e-05,0.023012,2.105034e-05,1.827411e+00,1498,1,0,1,1,1
061_foam_brick,s3_epi_max_061_foam_brick_t19,complete_epi,846,0.837207,0.016042,3.778955e-05,3.727846e-04,619,0.010695,4.383319e-05,0.021390,2.957268e-05,8.395835e-01,963,1,0,1,1,1
061_foam_brick,s3_epi_max_061_foam_brick_t20,complete_epi,591,0.906401,0.018026,3.804806e-06,9.869202e-06,642,0.012017,1.815252e-06,0.024034,7.664436e-06,1.388849e+00,1346,1,0,1,1,1
061_foam_brick,s3_epi_max_061_foam_brick_t21,complete_epi,86,0.937160,0.015999,7.099793e-06,1.299328e-05,812,0.010666,2.767463e-06,0.021332,1.393803e-05,1.461388e+00,1261,1,0,1,1,1
061_foam_brick,s3_epi_max_061_foam_brick_t22,complete_epi,394,0.917138,0.017284,1.821730e-06,4.604549e-06,1461,0.011523,2.140975e-06,0.023045,2.260296e-06,2.134414e+00,1983,1,0,1,1,1
061_foam_brick,s3_epi_max_061_foam_brick_t23,complete_epi,61,0.962794,0.017210,1.212994e-05,3.235746e-05,1038,0.011473,6.063490e-06,0.022947,2.144117e-05,1.073416e+00,949,1,0,1,1,1
061_foam_brick,s3_epi_max_061_foam_brick_t24,complete_epi,629,0.908652,0.017273,2.232980e-06,9.211231e-06,1275,0.011515,3.115159e-06,0.023031,5.132446e-06,2.261499e+00,2285,1,0,1,1,0
010_potted_meat_can,s3_epi_mean_010_potted_meat_can_t0,complete_epi,0,0.897370,0.020939,8.276000e-07,3.974793e-06,846,0.013959,1.054047e-06,0.027919,1.200187e-06,2.534244e-01,478,1,0,1,1,0
010_potted_meat_can,s3_epi_mean_010_potted_meat_can_t1,complete_epi,230,0.758666,0.021106,1.099208e-06,4.553893e-06,652,0.014070,1.658377e-06,0.028141,2.328304e-06,2.448767e-01,369,1,0,1,1,1
010_potted_meat_can,s3_epi_mean_010_potted_meat_can_t2,complete_epi,73,0.910656,0.020121,6.821791e-07,3.040578e-06,671,0.013414,1.364670e-06,0.026827,1.106280e-06,3.278199e-01,618,1,0,1,1,1
010_potted_meat_can,s3_epi_mean_010_potted_meat_can_t3,complete_epi,2,0.926807,0.020857,6.933830e-07,2.416319e-06,751,0.013904,9.237672e-07,0.027809,9.653484e-07,3.970397e-01,639,1,0,1,1,1
010_potted_meat_can,s3_epi_mean_010_potted_meat_can_t4,complete_epi,445,0.616356,0.021873,7.909706e-07,3.293076e-06,846,0.014582,1.336199e-06,0.029164,1.806535e-06,2.991433e-01,590,1,0,1,1,1
010_potted_meat_can,s3_epi_mean_010_potted_meat_can_t6,complete_epi,95,0.807175,0.021052,1.956384e-06,1.015047e-05,917,0.014035,2.846230e-06,0.028069,3.835903e-06,8.502853e-01,791,1,0,1,1,0
010_potted_meat_can,s3_epi_mean_010_potted_meat_can_t7,complete_epi,25,0.810215,0.020394,9.050391e-07,7.271448e-06,673,0.013596,1.299587e-06,0.027191,1.245387e-06,4.328002e-01,669,1,0,1,1,1
010_potted_meat_can,s3_epi_mean_010_potted_meat_can_t9,complete_epi,1,0.835268,0.020967,1.719208e-06,1.123149e-05,598,0.013978,3.479870e-06,0.027956,3.767481e-06,6.114076e-01,743,1,0,1,1,1
010_potted_meat_can,s3_epi_mean_010_potted_meat_can_t10,complete_epi,45,0.910462,0.019880,9.572106e-07,1.792839e-06,667,0.013253,9.812273e-07,0.026507,9.599909e-07,3.707711e-01,685,1,0,1,1,1
010_potted_meat_can,s3_epi_mean_010_potted_meat_can_t11,complete_epi,50,0.884772,0.020990,8.921785e-07,2.849831e-06,770,0.013993,1.057377e-06,0.027987,9.075877e-07,4.041207e-01,646,1,0,1,1,1
010_potted_meat_can,s3_epi_mean_010_potted_meat_can_t12,complete_epi,133,0.829496,0.034705,2.954069e-06,5.230524e-06,3066,0.023137,1.181989e-06,0.046274,9.119791e-06,5.316529e-01,619,1,0,1,1,1
010_potted_meat_can,s3_epi_mean_010_potted_meat_can_t13,complete_epi,106,0.847924,0.021045,2.280461e-06,1.030734e-05,660,0.014030,1.601560e-06,0.028059,4.308401e-06,4.649844e-01,690,1,0,1,1,1
010_potted_meat_can,s3_epi_mean_010_potted_meat_can_t14,complete_epi,4,0.912259,0.019912,7.593929e-07,1.871893e-06,695,0.013275,1.200755e-06,0.026550,1.031414e-06,3.023321e-01,592,1,0,1,1,0
010_potted_meat_can,s3_epi_mean_010_potted_meat_can_t15,complete_epi,0,0.925643,0.020836,6.948343e-07,2.949018e-06,505,0.013891,6.972843e-07,0.027781,1.380180e-05,2.940890e-01,441,1,0,1,1,1
010_potted_meat_can,s3_epi_mean_010_potted_meat_can_t16,complete_epi,15,0.912967,0.019426,8.098263e-07,5.544545e-06,667,0.012951,1.510591e-06,0.025901,1.107282e-06,3.953239e-01,677,1,0,1,1,1
010_potted_meat_can,s3_epi_mean_010_potted_meat_can_t17,complete_epi,0,0.886146,0.020206,9.332975e-07,3.771229e-06,596,0.013471,1.072770e-06,0.026942,1.533793e-06,3.834716e-01,630,1,0,1,1,1
010_potted_meat_can,s3_epi_mean_010_potted_meat_can_t18,complete_epi,1090,0.568106,0.002533,0.000000e+00,0.000000e+00,439,0.001689,0.000000e+00,0.003378,0.000000e+00,1.829608e+00,8192,1,0,1,1,0
010_potted_meat_can,s3_epi_mean_010_potted_meat_can_t19,complete_epi,3,0.879889,0.021522,1.071212e-06,4.809574e-06,554,0.014348,1.739037e-06,0.028696,3.774053e-06,2.253720e-01,479,1,0,1,1,1
010_potted_meat_can,s3_epi_mean_010_potted_meat_can_t20,complete_epi,46,0.856143,0.028656,1.149621e-06,2.656775e-06,2037,0.019104,1.128888e-06,0.038208,2.193765e-06,7.205771e-01,924,1,0,1,1,1
010_potted_meat_can,s3_epi_mean_010_potted_meat_can_t21,complete_epi,0,0.918553,0.020704,1.833955e-06,2.535736e-06,531,0.013803,1.190297e-06,0.027605,6.445120e-06,2.876088e-01,511,1,0,1,1,1
010_potted_meat_can,s3_epi_mean_010_potted_meat_can_t22,complete_epi,132,0.872190,0.020852,1.524432e-06,8.205164e-06,861,0.013901,2.253687e-06,0.027803,2.568499e-06,8.788737e-01,857,1,0,1,1,0
010_potted_meat_can,s3_epi_mean_010_potted_meat_can_t23,complete_epi,400,0.807477,0.020915,7.511310e-07,2.856082e-06,768,0.013943,1.219345e-06,0.027886,1.344023e-05,3.927112e-01,645,1,0,1,1,1
010_potted_meat_can,s3_epi_mean_010_potted_meat_can_t24,complete_epi,55,0.839990,0.020918,1.709763e-06,8.463162e-06,887,0.013945,2.259146e-06,0.027891,2.616826e-06,5.603285e-01,542,1,0,1,1,0
005_tomato_soup_can,s3_hetero_patch_005_tomato_soup_can_t0,hetero_patch,30,0.885516,0.018905,9.584488e-07,1.869927e-06,791,0.012603,9.131728e-07,0.025207,9.989099e-07,5.147310e-01,880,1,0,1,1,1
005_tomato_soup_can,s3_hetero_patch_005_tomato_soup_can_t1,hetero_patch,6,0.896967,0.018922,7.557406e-07,2.101819e-06,709,0.012615,6.573222e-07,0.025230,8.623382e-07,4.113879e-01,828,1,0,1,1,1
005_tomato_soup_can,s3_hetero_patch_005_tomato_soup_can_t2,hetero_patch,92,0.853909,0.018815,7.815756e-07,1.924521e-06,636,0.012544,6.874374e-07,0.025087,8.169217e-07,3.691947e-01,790,1,0,1,1,1
005_tomato_soup_can,s3_hetero_patch_005_tomato_soup_can_t4,hetero_patch,18,0.895216,0.018862,8.648166e-07,2.626578e-06,541,0.012574,9.218334e-07,0.025149,7.856631e-07,3.482598e-01,742,1,0,1,1,1
005_tomato_soup_can,s3_hetero_patch_005_tomato_soup_can_t5,hetero_patch,59,0.877843,0.019016,6.623674e-07,2.411082e-06,513,0.012677,6.480016e-07,0.025354,6.532735e-07,3.388776e-01,726,1,0,1,1,1
005_tomato_soup_can,s3_hetero_patch_005_tomato_soup_can_t6,hetero_patch,76,0.856746,0.018951,8.728144e-07,1.710691e-06,665,0.012634,8.286238e-07,0.025267,9.151370e-07,4.823838e-01,856,1,0,1,1,1
005_tomato_soup_can,s3_hetero_patch_005_tomato_soup_can_t7,hetero_patch,60,0.858815,0.018819,6.584649e-07,1.629800e-06,457,0.012546,5.029967e-07,0.025092,7.760625e-07,3.486944e-01,720,1,0,1,1,1
005_tomato_soup_can,s3_hetero_patch_005_tomato_soup_can_t8,hetero_patch,131,0.864500,0.019305,7.497666e-07,1.609041e-06,724,0.012870,6.547757e-07,0.025740,8.083889e-07,3.478029e-01,747,1,0,1,1,1
005_tomato_soup_can,s3_hetero_patch_005_tomato_soup_can_t9,hetero_patch,18,0.887774,0.019153,8.663132e-07,1.592836e-06,653,0.012768,8.633878e-07,0.025537,9.023887e-07,4.570966e-01,872,1,0,1,1,1
005_tomato_soup_can,s3_hetero_patch_005_tomato_soup_can_t10,hetero_patch,34,0.876650,0.018813,7.119749e-07,1.878000e-06,476,0.012542,7.397509e-07,0.025085,7.370152e-07,3.046474e-01,703,1,0,1,1,0
005_tomato_soup_can,s3_hetero_patch_005_tomato_soup_can_t11,hetero_patch,42,0.864846,0.018829,8.388413e-07,1.670327e-06,608,0.012552,8.042807e-07,0.025105,8.638240e-07,3.617317e-01,773,1,0,1,1,1
005_tomato_soup_can,s3_hetero_patch_005_tomato_soup_can_t12,hetero_patch,32,0.909622,0.024842,1.222589e-06,3.913862e-06,922,0.016561,1.155582e-06,0.033123,1.443222e-06,3.667296e-01,650,1,0,1,1,1
005_tomato_soup_can,s3_hetero_patch_005_tomato_soup_can_t13,hetero_patch,41,0.879758,0.019020,9.012084e-07,1.724343e-06,685,0.012680,8.477886e-07,0.025361,9.345559e-07,5.321147e-01,879,1,0,1,1,1
005_tomato_soup_can,s3_hetero_patch_005_tomato_soup_can_t15,hetero_patch,51,0.864640,0.018755,8.191305e-07,1.889653e-06,616,0.012504,7.656923e-07,0.025007,8.619785e-07,3.489384e-01,750,1,0,1,1,0
005_tomato_soup_can,s3_hetero_patch_005_tomato_soup_can_t16,hetero_patch,14,0.894738,0.018746,6.364232e-07,1.588802e-06,431,0.012498,3.899507e-07,0.024995,7.956636e-07,2.874870e-01,677,1,0,1,1,1
005_tomato_soup_can,s3_hetero_patch_005_tomato_soup_can_t17,hetero_patch,31,0.864773,0.019161,7.146529e-07,1.885342e-06,454,0.012774,5.444961e-07,0.025548,8.279960e-07,2.179963e-01,607,1,0,1,1,0
005_tomato_soup_can,s3_hetero_patch_005_tomato_soup_can_t18,hetero_patch,75,0.858002,0.018841,8.761152e-07,1.593763e-06,723,0.012560,9.089564e-07,0.025121,9.097307e-07,4.991765e-01,890,1,0,1,1,1
005_tomato_soup_can,s3_hetero_patch_005_tomato_soup_can_t19,hetero_patch,61,0.861121,0.019007,5.453943e-07,2.470481e-06,398,0.012671,2.037893e-07,0.025342,7.298277e-07,2.265289e-01,613,1,0,1,1,1
005_tomato_soup_can,s3_hetero_patch_005_tomato_soup_can_t20,hetero_patch,55,0.871068,0.019033,9.009694e-07,1.709131e-06,664,0.012689,8.417361e-07,0.025377,9.246356e-07,5.059068e-01,847,1,0,1,1,1
005_tomato_soup_can,s3_hetero_patch_005_tomato_soup_can_t21,hetero_patch,120,0.861440,0.019066,7.408525e-07,2.781507e-06,489,0.012711,6.988284e-07,0.025421,7.022198e-07,2.998533e-01,670,1,0,1,1,1
005_tomato_soup_can,s3_hetero_patch_005_tomato_soup_can_t22,hetero_patch,32,0.882596,0.019100,6.402162e-07,1.765317e-06,532,0.012733,7.716167e-07,0.025466,6.691076e-07,3.087104e-01,702,1,0,1,1,1
005_tomato_soup_can,s3_hetero_patch_005_tomato_soup_can_t23,hetero_patch,0,0.900826,0.011412,5.364684e-05,1.265980e-04,380,0.007608,7.050139e-05,0.015216,3.076821e-05,3.408940e+00,5102,0,0,1,1,
005_tomato_soup_can,s3_hetero_patch_005_tomato_soup_can_t24,hetero_patch,21,0.894546,0.018994,8.491143e-07,2.053286e-06,611,0.012663,7.783147e-07,0.025326,8.716983e-07,4.211818e-01,846,1,0,1,1,1
035_power_drill,s3_hetero_patch_035_power_drill_t0,hetero_patch,163,0.860103,0.045196,2.341279e-06,2.474296e-05,576,0.030131,3.881429e-07,0.060262,3.089735e-06,0.000000e+00,106,1,0,1,1,0
035_power_drill,s3_hetero_patch_035_power_drill_t1,hetero_patch,349,0.856058,0.044501,4.540133e-06,2.145305e-05,676,0.029667,2.094859e-07,0.059335,5.260526e-06,0.000000e+00,133,1,0,1,1,0
035_power_drill,s3_hetero_patch_035_power_drill_t2,hetero_patch,700,0.775296,0.039445,1.226292e-05,2.708306e-05,2237,0.026297,2.449261e-05,0.052594,1.031695e-05,7.938822e-01,459,1,0,1,1,1
035_power_drill,s3_hetero_patch_035_power_drill_t3,hetero_patch,55,0.858071,0.023623,1.613790e-05,3.208058e-05,1815,0.015748,7.960933e-05,0.031497,1.318148e-05,1.076443e+00,302,1,0,1,1,0
035_power_drill,s3_hetero_patch_035_power_drill_t4,hetero_patch,917,0.710070,0.041800,2.159403e-06,1.236989e-05,869,0.027867,0.000000e+00,0.055733,4.147061e-06,0.000000e+00,156,1,0,1,1,1
035_power_drill,s3_hetero_patch_035_power_drill_t5,hetero_patch,1008,0.692313,0.042705,0.000000e+00,0.000000e+00,597,0.028470,0.000000e+00,0.056939,1.446207e-06,0.000000e+00,136,1,0,1,1,0
035_power_drill,s3_hetero_patch_035_power_drill_t6,hetero_patch,0,0.966205,0.017840,5.279952e-05,2.004458e-04,913,0.011893,6.282078e-05,0.023786,3.431667e-05,1.167077e+00,559,1,0,1,1,0
035_power_drill,s3_hetero_patch_035_power_drill_t7,hetero_patch,108,0.856750,0.035100,1.183370e-04,3.894818e-04,694,0.023400,1.990637e-04,0.046799,3.239556e-05,3.994792e-01,41,1,0,1,1,0
035_power_drill,s3_hetero_patch_035_power_drill_t8,hetero_patch,138,0.884009,0.044378,4.730242e-06,1.054659e-05,4424,0.029586,3.478204e-06,0.059171,6.319291e-06,7.094837e-01,576,1,0,1,1,1
035_power_drill,s3_hetero_patch_035_power_drill_t9,hetero_patch,90,0.929568,0.029500,9.960348e-05,2.382942e-04,473,0.019666,1.231715e-04,0.039333,5.078579e-05,5.651697e-01,63,1,0,1,1,0
035_power_drill,s3_hetero_patch_035_power_drill_t11,hetero_patch,255,0.930234,0.016373,2.971183e-05,1.151594e-04,666,0.010916,7.970690e-05,0.021831,1.945729e-05,2.347508e+00,2495,1,0,1,1,0
035_power_drill,s3_hetero_patch_035_power_drill_t12,hetero_patch,140,0.870335,0.042531,6.176327e-06,3.313227e-05,3659,0.028354,4.722943e-06,0.056708,1.008994e-05,2.139020e-01,365,1,0,1,1,1
035_power_drill,s3_hetero_patch_035_power_drill_t13,hetero_patch,322,0.942169,0.020358,3.935253e-05,2.234748e-04,1385,0.013572,8.150384e-05,0.027144,1.759573e-05,1.092982e+00,842,1,0,1,1,0
035_power_drill,s3_hetero_patch_035_power_drill_t14,hetero_patch,575,0.887498,0.019560,9.022151e-06,2.823036e-05,885,0.013040,1.482651e-05,0.026080,6.736341e-06,2.134392e+00,1918,1,0,1,1,0
035_power_drill,s3_hetero_patch_035_power_drill_t15,hetero_patch,70,0.948781,0.016105,1.144155e-05,3.650276e-05,905,0.010736,9.248896e-06,0.021473,9.746154e-06,1.825114e+00,2074,1,0,1,1,0
035_power_drill,s3_hetero_patch_035_power_drill_t16,hetero_patch,66,0.964157,0.027886,1.701962e-05,1.725711e-05,2721,0.018591,1.222018e-05,0.037181,1.300762e-05,1.503764e+00,1166,1,0,1,1,1
035_power_drill,s3_hetero_patch_035_power_drill_t18,hetero_patch,0,0.936385,0.039062,0.000000e+00,0.000000e+00,516,0.026041,0.000000e+00,0.052082,0.000000e+00,0.000000e+00,110,1,0,1,1,0
035_power_drill,s3_hetero_patch_035_power_drill_t19,hetero_patch,220,0.891621,0.041056,9.555770e-06,5.845712e-05,936,0.027371,6.529480e-06,0.054741,1.360405e-05,2.772814e-01,256,1,0,1,1,1
035_power_drill,s3_hetero_patch_035_power_drill_t20,hetero_patch,47,0.893358,0.041671,1.401155e-05,5.069340e-05,1414,0.027781,1.235685e-05,0.055562,1.353983e-05,4.777360e-01,356,1,0,1,1,1
035_power_drill,s3_hetero_patch_035_power_drill_t21,hetero_patch,121,0.886446,0.043192,2.417933e-06,1.875146e-05,733,0.028795,0.000000e+00,0.057589,1.077218e-05,0.000000e+00,111,1,0,1,1,0
035_power_drill,s3_hetero_patch_035_power_drill_t22,hetero_patch,0,0.945788,0.027925,1.723092e-05,3.711257e-05,2430,0.018617,2.422721e-05,0.037234,1.469617e-05,1.031003e+00,680,1,0,1,1,0
035_power_drill,s3_hetero_patch_035_power_drill_t23,hetero_patch,467,0.853159,0.048204,7.699465e-06,3.783545e-05,1902,0.032136,7.936491e-06,0.064272,1.303558e-05,3.397665e-01,275,1,0,1,1,0
035_power_drill,s3_hetero_patch_035_power_drill_t24,hetero_patch,43,0.907425,0.042853,6.214766e-07,0.000000e+00,458,0.028569,0.000000e+00,0.057138,1.570752e-06,0.000000e+00,111,1,0,1,1,1
021_bleach_cleanser,s3_duarte_mcd_021_bleach_cleanser_t0,duarte_mcd,74,0.914478,,,,,,,,,2.921090e-02,130,1,0,1,1,1
021_bleach_cleanser,s3_duarte_mcd_021_bleach_cleanser_t1,duarte_mcd,122,0.930403,,,,,,,,,0.000000e+00,70,1,0,1,1,1
021_bleach_cleanser,s3_duarte_mcd_021_bleach_cleanser_t2,duarte_mcd,13,0.934256,,,,,,,,,0.000000e+00,87,1,0,1,1,0
021_bleach_cleanser,s3_duarte_mcd_021_bleach_cleanser_t3,duarte_mcd,55,0.888154,,,,,,,,,3.739943e-02,161,1,0,1,1,1
021_bleach_cleanser,s3_duarte_mcd_021_bleach_cleanser_t4,duarte_mcd,49,0.941946,,,,,,,,,0.000000e+00,87,1,0,1,1,1
021_bleach_cleanser,s3_duarte_mcd_021_bleach_cleanser_t5,duarte_mcd,35,0.962720,,,,,,,,,0.000000e+00,197,1,0,1,1,0
021_bleach_cleanser,s3_duarte_mcd_021_bleach_cleanser_t6,duarte_mcd,55,0.932753,,,,,,,,,0.000000e+00,57,1,0,1,1,1
021_bleach_cleanser,s3_duarte_mcd_021_bleach_cleanser_t7,duarte_mcd,0,0.904567,,,,,,,,,3.125433e-01,316,1,0,1,1,0
021_bleach_cleanser,s3_duarte_mcd_021_bleach_cleanser_t8,duarte_mcd,3,0.918221,,,,,,,,,2.056446e-01,148,1,0,1,1,0
021_bleach_cleanser,s3_duarte_mcd_021_bleach_cleanser_t9,duarte_mcd,476,0.880895,,,,,,,,,4.155804e-02,149,1,0,1,1,1
021_bleach_cleanser,s3_duarte_mcd_021_bleach_cleanser_t10,duarte_mcd,36,0.941717,,,,,,,,,1.149992e-02,184,1,0,1,1,1
021_bleach_cleanser,s3_duarte_mcd_021_bleach_cleanser_t11,duarte_mcd,23,0.932640,,,,,,,,,4.942393e-02,145,1,0,1,1,1
021_bleach_cleanser,s3_duarte_mcd_021_bleach_cleanser_t12,duarte_mcd,7,0.967530,,,,,,,,,1.411907e-01,243,1,0,1,1,0
021_bleach_cleanser,s3_duarte_mcd_021_bleach_cleanser_t13,duarte_mcd,323,0.654999,,,,,,,,,4.627849e-01,342,1,0,1,1,1
021_bleach_cleanser,s3_duarte_mcd_021_bleach_cleanser_t14,duarte_mcd,5,0.957980,,,,,,,,,0.000000e+00,178,1,0,1,1,0
021_bleach_cleanser,s3_duarte_mcd_021_bleach_cleanser_t15,duarte_mcd,11,0.940912,,,,,,,,,3.105804e-02,136,1,0,1,1,1
021_bleach_cleanser,s3_duarte_mcd_021_bleach_cleanser_t18,duarte_mcd,10,0.947083,,,,,,,,,0.000000e+00,85,1,0,1,1,1
021_bleach_cleanser,s3_duarte_mcd_021_bleach_cleanser_t19,duarte_mcd,5,0.939771,,,,,,,,,0.000000e+00,77,1,0,1,1,1
021_bleach_cleanser,s3_duarte_mcd_021_bleach_cleanser_t20,duarte_mcd,27,0.927670,,,,,,,,,3.834439e-01,393,1,0,1,1,1
021_bleach_cleanser,s3_duarte_mcd_021_bleach_cleanser_t21,duarte_mcd,361,0.892959,,,,,,,,,0.000000e+00,76,1,0,1,1,1
021_bleach_cleanser,s3_duarte_mcd_021_bleach_cleanser_t23,duarte_mcd,203,0.947758,,,,,,,,,6.750061e-02,602,1,0,1,1,0
021_bleach_cleanser,s3_duarte_mcd_021_bleach_cleanser_t24,duarte_mcd,615,0.848575,,,,,,,,,1.169715e-01,122,1,0,1,1,1
061_foam_brick,s3_duarte_mcd_061_foam_brick_t0,duarte_mcd,308,0.904720,,,,,,,,,3.712011e-01,901,1,0,1,1,0
061_foam_brick,s3_duarte_mcd_061_foam_brick_t1,duarte_mcd,1075,0.675561,,,,,,,,,4.296725e-01,1021,1,0,1,1,1
061_foam_brick,s3_duarte_mcd_061_foam_brick_t2,duarte_mcd,814,0.873425,,,,,,,,,4.929044e-01,1216,1,0,1,1,1
061_foam_brick,s3_duarte_mcd_061_foam_brick_t3,duarte_mcd,293,0.925016,,,,,,,,,4.662250e-01,939,1,0,1,1,1
061_foam_brick,s3_duarte_mcd_061_foam_brick_t4,duarte_mcd,107,0.937291,,,,,,,,,5.603170e-01,885,1,0,1,1,1
061_foam_brick,s3_duarte_mcd_061_foam_brick_t5,duarte_mcd,39,0.956038,,,,,,,,,9.294305e-01,1319,1,0,1,1,1
061_foam_brick,s3_duarte_mcd_061_foam_brick_t6,duarte_mcd,875,0.772341,,,,,,,,,5.466575e-01,1048,1,0,1,1,1
061_foam_brick,s3_duarte_mcd_061_foam_brick_t7,duarte_mcd,412,0.916841,,,,,,,,,4.767275e-01,947,1,0,1,1,1
061_foam_brick,s3_duarte_mcd_061_foam_brick_t8,duarte_mcd,252,0.923820,,,,,,,,,4.175570e-01,1040,1,0,1,1,1
061_foam_brick,s3_duarte_mcd_061_foam_brick_t9,duarte_mcd,838,0.864406,,,,,,,,,5.952537e-01,1177,1,0,1,1,0
061_foam_brick,s3_duarte_mcd_061_foam_brick_t10,duarte_mcd,101,0.922955,,,,,,,,,5.432056e-01,1400,1,0,1,1,0
061_foam_brick,s3_duarte_mcd_061_foam_brick_t11,duarte_mcd,91,0.961347,,,,,,,,,3.313578e-01,712,1,0,1,1,1
061_foam_brick,s3_duarte_mcd_061_foam_brick_t12,duarte_mcd,892,0.851752,,,,,,,,,4.123129e-01,1005,1,0,1,1,1
061_foam_brick,s3_duarte_mcd_061_foam_brick_t13,duarte_mcd,876,0.850504,,,,,,,,,4.884099e-01,978,1,0,1,1,1
061_foam_brick,s3_duarte_mcd_061_foam_brick_t14,duarte_mcd,185,0.925783,,,,,,,,,5.574634e-01,1544,1,0,1,1,1
061_foam_brick,s3_duarte_mcd_061_foam_brick_t15,duarte_mcd,17,0.964587,,,,,,,,,6.163269e-01,900,1,0,1,1,1
061_foam_brick,s3_duarte_mcd_061_foam_brick_t16,duarte_mcd,175,0.918855,,,,,,,,,4.990701e-01,1385,1,0,1,1,1
061_foam_brick,s3_duarte_mcd_061_foam_brick_t17,duarte_mcd,383,0.899783,,,,,,,,,5.539162e-01,1141,1,0,1,1,1
061_foam_brick,s3_duarte_mcd_061_foam_brick_t18,duarte_mcd,573,0.887698,,,,,,,,,6.429551e-01,1315,1,0,1,1,1
061_foam_brick,s3_duarte_mcd_061_foam_brick_t19,duarte_mcd,825,0.844750,,,,,,,,,5.669073e-01,1046,1,0,1,1,1
061_foam_brick,s3_duarte_mcd_061_foam_brick_t20,duarte_mcd,365,0.955808,,,,,,,,,4.418349e-01,906,1,0,1,1,1
061_foam_brick,s3_duarte_mcd_061_foam_brick_t21,duarte_mcd,180,0.921346,,,,,,,,,3.821309e-01,887,1,0,1,1,1
061_foam_brick,s3_duarte_mcd_061_foam_brick_t22,duarte_mcd,275,0.876722,,,,,,,,,6.832307e-01,1098,1,0,1,1,1
061_foam_brick,s3_duarte_mcd_061_foam_brick_t23,duarte_mcd,98,0.964585,,,,,,,,,5.189611e-01,1081,1,0,1,1,1
061_foam_brick,s3_duarte_mcd_061_foam_brick_t24,duarte_mcd,499,0.875758,,,,,,,,,4.462098e-01,979,1,0,1,1,1
022_windex_bottle,s0_partial_only_022_windex_bottle_t0,partial_only,110,0.906365,,,,,,,,,,,1,0,1,1,0
022_windex_bottle,s0_partial_only_022_windex_bottle_t1,partial_only,25,0.910582,,,,,,,,,,,1,0,1,1,0
022_windex_bottle,s0_partial_only_022_windex_bottle_t2,partial_only,307,0.898187,,,,,,,,,,,1,0,1,1,1
022_windex_bottle,s0_partial_only_022_windex_bottle_t3,partial_only,0,0.788065,,,,,,,,,,,0,0,1,1,
022_windex_bottle,s0_partial_only_022_windex_bottle_t4,partial_only,0,0.882448,,,,,,,,,,,1,0,1,1,0
022_windex_bottle,s0_partial_only_022_windex_bottle_t5,partial_only,249,0.897022,,,,,,,,,,,1,0,1,1,0
022_windex_bottle,s0_partial_only_022_windex_bottle_t6,partial_only,116,0.897009,,,,,,,,,,,1,0,1,1,1
022_windex_bottle,s0_partial_only_022_windex_bottle_t7,partial_only,139,0.896702,,,,,,,,,,,1,0,1,1,0
022_windex_bottle,s0_partial_only_022_windex_bottle_t8,partial_only,0,0.935416,,,,,,,,,,,1,0,1,1,0
022_windex_bottle,s0_partial_only_022_windex_bottle_t9,partial_only,159,0.873015,,,,,,,,,,,1,0,1,1,1
022_windex_bottle,s0_partial_only_022_windex_bottle_t10,partial_only,0,0.905100,,,,,,,,,,,1,0,1,1,0
022_windex_bottle,s0_partial_only_022_windex_bottle_t11,partial_only,0,0.896404,,,,,,,,,,,1,0,1,1,0
022_windex_bottle,s0_partial_only_022_windex_bottle_t12,partial_only,2,0.905886,,,,,,,,,,,1,0,1,1,0
022_windex_bottle,s0_partial_only_022_windex_bottle_t13,partial_only,213,0.886652,,,,,,,,,,,1,0,1,1,0
022_windex_bottle,s0_partial_only_022_windex_bottle_t14,partial_only,0,0.897559,,,,,,,,,,,1,0,1,1,0
022_windex_bottle,s0_partial_only_022_windex_bottle_t15,partial_only,752,0.874596,,,,,,,,,,,1,0,1,1,0
022_windex_bottle,s0_partial_only_022_windex_bottle_t16,partial_only,135,0.909793,,,,,,,,,,,1,0,1,1,1
022_windex_bottle,s0_partial_only_022_windex_bottle_t17,partial_only,58,0.916248,,,,,,,,,,,1,0,1,1,0
022_windex_bottle,s0_partial_only_022_windex_bottle_t18,partial_only,0,0.948055,,,,,,,,,,,1,0,1,1,1
022_windex_bottle,s0_partial_only_022_windex_bottle_t19,partial_only,111,0.892292,,,,,,,,,,,1,0,1,1,1
022_windex_bottle,s0_partial_only_022_windex_bottle_t20,partial_only,331,0.860908,,,,,,,,,,,1,0,1,1,1
022_windex_bottle,s0_partial_only_022_windex_bottle_t21,partial_only,110,0.924726,,,,,,,,,,,1,0,1,1,0
022_windex_bottle,s0_partial_only_022_windex_bottle_t22,partial_only,0,0.921539,,,,,,,,,,,1,0,1,1,0
022_windex_bottle,s0_partial_only_022_windex_bottle_t23,partial_only,232,0.905469,,,,,,,,,,,1,0,1,1,0
022_windex_bottle,s0_partial_only_022_windex_bottle_t24,partial_only,26,0.943027,,,,,,,,,,,1,0,1,1,0
006_mustard_bottle,s0_complete_only_006_mustard_bottle_t0,complete_only,101,0.831789,0.032858,1.674021e-05,3.783036e-05,1812,0.021906,1.407300e-05,0.043811,2.088660e-05,7.566601e-01,530,1,0,1,1,1
006_mustard_bottle,s0_complete_only_006_mustard_bottle_t1,complete_only,304,0.840260,0.030201,5.885694e-06,1.567437e-05,2249,0.020134,5.039908e-06,0.040268,6.480494e-06,1.009943e+00,745,1,0,1,1,0
006_mustard_bottle,s0_complete_only_006_mustard_bottle_t2,complete_only,0,0.910904,0.032154,5.888605e-06,1.303663e-05,1377,0.021436,7.104815e-06,0.042871,5.141646e-06,2.033562e-01,245,1,0,1,1,1
006_mustard_bottle,s0_complete_only_006_mustard_bottle_t3,complete_only,6,0.832818,0.032619,5.908825e-06,1.539320e-05,2074,0.021746,5.333882e-06,0.043492,5.960162e-06,7.335636e-01,492,1,0,1,1,1
006_mustard_bottle,s0_complete_only_006_mustard_bottle_t5,complete_only,13,0.832719,0.032252,4.271541e-06,1.033326e-05,1555,0.021501,4.201100e-06,0.043002,5.027483e-06,1.365476e-01,225,1,0,1,1,1
006_mustard_bottle,s0_complete_only_006_mustard_bottle_t6,complete_only,315,0.779084,0.032579,2.267172e-05,6.001204e-05,1954,0.021719,1.394834e-05,0.043438,2.649168e-05,1.113798e+00,752,1,0,1,1,1
006_mustard_bottle,s0_complete_only_006_mustard_bottle_t7,complete_only,13,0.958292,0.029268,3.195805e-06,1.877031e-05,1852,0.019512,2.207262e-06,0.039023,3.768404e-06,8.094905e-02,335,1,0,1,1,1
006_mustard_bottle,s0_complete_only_006_mustard_bottle_t8,complete_only,0,0.861674,0.032357,6.018828e-06,1.080143e-05,1957,0.021571,6.772276e-06,0.043143,5.410432e-06,8.941852e-01,562,1,0,1,1,0
006_mustard_bottle,s0_complete_only_006_mustard_bottle_t9,complete_only,270,0.772053,0.032013,2.119119e-05,6.971800e-05,1916,0.021342,1.538934e-05,0.042684,2.827525e-05,1.234540e+00,878,1,0,1,1,1
006_mustard_bottle,s0_complete_only_006_mustard_bottle_t10,complete_only,27,0.938498,0.029807,2.740078e-05,9.727806e-05,2009,0.019871,3.805967e-05,0.039742,2.223332e-05,3.092684e-02,328,1,0,1,1,1
006_mustard_bottle,s0_complete_only_006_mustard_bottle_t11,complete_only,1279,0.184398,0.042136,1.269130e-05,4.655294e-05,2231,0.028091,1.119437e-05,0.056181,1.129181e-05,4.898904e-01,261,1,0,1,1,1
006_mustard_bottle,s0_complete_only_006_mustard_bottle_t12,complete_only,301,0.804902,0.032571,1.435779e-05,4.863981e-05,2088,0.021714,1.234214e-05,0.043428,1.824981e-05,7.826699e-01,504,1,0,1,1,1
006_mustard_bottle,s0_complete_only_006_mustard_bottle_t13,complete_only,292,0.799405,0.032450,1.434274e-05,3.877828e-05,1799,0.021633,1.303943e-05,0.043266,1.459517e-05,4.821120e-01,373,1,0,1,1,1
006_mustard_bottle,s0_complete_only_006_mustard_bottle_t14,complete_only,3,0.836951,0.032077,7.971789e-06,1.948085e-05,1556,0.021385,6.751811e-06,0.042769,9.649928e-06,3.246646e-01,382,1,0,1,1,1
006_mustard_bottle,s0_complete_only_006_mustard_bottle_t16,complete_only,452,0.753448,0.032008,1.618395e-05,4.799497e-05,1988,0.021339,9.568709e-06,0.042678,2.271977e-05,9.625450e-01,712,1,0,1,1,1
006_mustard_bottle,s0_complete_only_006_mustard_bottle_t17,complete_only,5,0.926038,0.030057,4.639322e-06,1.876372e-05,1735,0.020038,4.188947e-06,0.040075,5.296585e-06,7.314701e-01,714,1,0,1,1,1
006_mustard_bottle,s0_complete_only_006_mustard_bottle_t18,complete_only,26,0.868589,0.031470,8.890991e-06,2.506458e-05,1745,0.020980,7.282204e-06,0.041960,1.090311e-05,9.075418e-01,374,1,0,1,1,1
006_mustard_bottle,s0_complete_only_006_mustard_bottle_t19,complete_only,76,0.820404,0.031988,3.462202e-05,1.005880e-04,1992,0.021325,1.779673e-05,0.042650,4.157297e-05,1.252143e+00,865,1,0,1,1,1
006_mustard_bottle,s0_complete_only_006_mustard_bottle_t20,complete_only,182,0.799518,0.032589,2.118739e-05,6.044637e-05,1906,0.021726,1.394531e-05,0.043452,2.795803e-05,9.890043e-01,711,1,0,1,1,1
006_mustard_bottle,s0_complete_only_006_mustard_bottle_t22,complete_only,1,0.901482,0.032456,1.351789e-05,4.196149e-05,1919,0.021637,1.381723e-05,0.043275,1.367901e-05,7.587032e-01,502,1,0,1,1,1
006_mustard_bottle,s0_complete_only_006_mustard_bottle_t23,complete_only,504,0.699921,0.051643,1.752088e-03,4.637458e-03,756,0.034428,1.847388e-03,0.068857,1.330133e-03,3.143651e+00,76,1,0,1,1,0
006_mustard_bottle,s0_complete_only_006_mustard_bottle_t24,complete_only,13,0.930814,0.029864,3.296437e-06,1.013609e-05,1796,0.019910,2.564800e-06,0.039819,4.368131e-06,4.071713e-01,603,1,0,1,1,1
011_banana,s0_complete_only_011_banana_t0,complete_only,1310,0.752464,0.032608,2.570596e-04,1.306781e-03,1886,0.021739,7.750515e-04,0.043477,2.118911e-04,2.352694e+00,599,1,0,1,1,1
011_banana,s0_complete_only_011_banana_t1,complete_only,1541,0.591518,0.031833,4.065592e-05,4.395095e-05,2882,0.021222,3.091952e-05,0.042444,5.559890e-05,7.311961e-01,749,1,0,1,1,0
011_banana,s0_complete_only_011_banana_t2,complete_only,1273,0.701491,0.030912,6.418368e-05,7.415112e-05,2211,0.020608,5.450682e-05,0.041216,6.910187e-05,7.722015e-01,625,1,0,1,1,0
011_banana,s0_complete_only_011_banana_t3,complete_only,1569,0.629429,0.032957,2.118036e-05,6.831311e-05,2462,0.021972,1.961780e-05,0.043943,2.626465e-05,5.751869e-02,79,1,0,1,1,0
011_banana,s0_complete_only_011_banana_t4,complete_only,1437,0.621301,0.030895,9.682415e-05,5.979695e-04,1314,0.020597,5.055616e-04,0.041193,5.698887e-05,1.869005e-01,251,1,0,1,1,0
011_banana,s0_complete_only_011_banana_t5,complete_only,870,0.837602,0.032095,3.748929e-05,1.185220e-04,2936,0.021397,2.653194e-05,0.042794,4.733034e-05,7.760320e-01,657,1,0,1,1,1
011_banana,s0_complete_only_011_banana_t6,complete_only,1704,0.431536,0.031203,8.901865e-04,3.560478e-03,1277,0.020802,1.978712e-03,0.041604,4.945846e-04,2.851623e+00,597,1,0,1,1,0
011_banana,s0_complete_only_011_banana_t7,complete_only,895,0.809727,0.031371,7.441321e-06,1.116020e-05,2776,0.020914,2.346364e-06,0.041828,1.108985e-05,6.046384e-01,664,1,0,1,1,1
011_banana,s0_complete_only_011_banana_t8,complete_only,1794,0.344330,0.031457,5.289563e-04,1.221246e-03,1708,0.020972,8.105133e-04,0.041943,2.724659e-04,2.279052e+00,443,1,0,1,1,1
011_banana,s0_complete_only_011_banana_t9,complete_only,1675,0.456307,0.032561,5.462073e-04,2.610421e-03,1788,0.021708,1.051362e-03,0.043415,4.001918e-04,2.805462e+00,588,1,0,1,1,1
011_banana,s0_complete_only_011_banana_t10,complete_only,1638,0.458935,0.030648,1.445508e-04,7.215675e-04,1937,0.020432,5.526325e-04,0.040864,1.201546e-04,1.510357e+00,591,1,0,1,1,0
011_banana,s0_complete_only_011_banana_t11,complete_only,1521,0.563238,0.030653,5.402849e-05,2.972022e-04,2413,0.020435,5.910713e-05,0.040870,5.054574e-05,1.040809e+00,441,1,0,1,1,0
011_banana,s0_complete_only_011_banana_t12,complete_only,1876,0.168394,0.031037,2.588839e-04,1.392302e-03,1981,0.020692,3.390840e-04,0.041383,2.124781e-04,4.460966e-01,516,1,0,1,1,1
011_banana,s0_complete_only_011_banana_t13,complete_only,1386,0.657354,0.032368,2.474221e-04,1.184873e-03,2231,0.021579,3.661215e-04,0.043157,2.096043e-04,1.395364e+00,775,1,0,1,1,1
011_banana,s0_complete_only_011_banana_t14,complete_only,1647,0.441869,0.032022,3.756105e-04,1.949941e-03,1550,0.021348,8.396964e-04,0.042697,1.260210e-04,6.113665e-01,324,1,0,1,1,0
011_banana,s0_complete_only_011_banana_t15,complete_only,390,0.882615,0.032934,2.794438e-05,9.973498e-05,4710,0.021956,1.539023e-05,0.043912,6.075753e-05,1.251924e+00,1070,1,0,1,1,1
011_banana,s0_complete_only_011_banana_t16,complete_only,1652,0.436136,0.031098,1.547799e-04,4.460274e-04,1800,0.020732,2.328457e-04,0.041464,1.995976e-04,4.830742e-01,323,1,0,1,1,0
011_banana,s0_complete_only_011_banana_t17,complete_only,1645,0.502600,0.031948,6.169963e-05,1.893143e-04,1975,0.021299,1.522312e-04,0.042598,3.422886e-05,9.251254e-01,673,1,0,1,1,0
011_banana,s0_complete_only_011_banana_t18,complete_only,1560,0.576551,0.031420,5.938715e-05,2.820290e-04,1451,0.020946,1.392044e-04,0.041893,3.663607e-05,4.984383e-01,471,1,0,1,1,1
011_banana,s0_complete_only_011_banana_t19,complete_only,1619,0.477478,0.032099,2.431500e-04,1.520075e-03,1892,0.021399,1.847513e-03,0.042799,2.302663e-04,9.582083e-01,261,1,0,1,1,1
011_banana,s0_complete_only_011_banana_t20,complete_only,1499,0.615151,0.031345,3.416221e-04,2.419851e-03,1465,0.020896,6.727670e-04,0.041793,2.910852e-04,1.758031e+00,528,1,0,1,1,0
011_banana,s0_complete_only_011_banana_t21,complete_only,961,0.778689,0.032231,2.590954e-05,1.161174e-04,4262,0.021488,2.493829e-05,0.042975,2.950048e-05,1.311028e+00,906,1,0,1,1,1
011_banana,s0_complete_only_011_banana_t22,complete_only,1901,0.163104,0.030989,4.345071e-04,1.407515e-03,841,0.020660,4.518542e-04,0.041319,3.286450e-04,8.751356e-01,260,1,0,1,1,0
011_banana,s0_complete_only_011_banana_t23,complete_only,565,0.906272,0.031491,8.799459e-06,2.946802e-05,2516,0.020994,8.917948e-06,0.041988,2.492549e-05,3.538592e-01,331,1,0,1,1,1
011_banana,s0_complete_only_011_banana_t24,complete_only,933,0.800093,0.031959,1.846753e-05,1.038231e-04,2462,0.021306,2.962905e-05,0.042612,1.661863e-05,8.768089e-01,721,1,0,1,1,0
025_mug,s0_epi_max_025_mug_t0,complete_epi,11,0.942077,0.020684,1.693717e-06,3.807273e-06,1024,0.013789,1.501695e-06,0.027579,1.629955e-06,3.901201e-01,400,1,0,1,1,1
025_mug,s0_epi_max_025_mug_t2,complete_epi,15,0.947779,0.020181,2.795146e-06,5.099241e-06,952,0.013454,2.321584e-06,0.026909,3.141876e-06,4.747884e-01,312,1,0,1,1,1
025_mug,s0_epi_max_025_mug_t3,complete_epi,412,0.799080,0.031557,4.363001e-05,2.778237e-04,2233,0.021038,1.053336e-04,0.042076,4.245121e-05,1.091593e+00,587,1,0,1,1,1
025_mug,s0_epi_max_025_mug_t4,complete_epi,96,0.927123,0.020563,1.684806e-06,2.891877e-06,1124,0.013709,1.556360e-06,0.027417,1.860845e-06,4.467583e-01,465,1,0,1,1,1
025_mug,s0_epi_max_025_mug_t5,complete_epi,584,0.739133,0.037195,1.509756e-06,3.858486e-06,2327,0.024797,1.621913e-06,0.049593,1.810548e-06,9.751955e-02,164,1,0,1,1,0
025_mug,s0_epi_max_025_mug_t6,complete_epi,108,0.912332,0.020910,7.288945e-06,2.175275e-05,898,0.013940,6.405638e-06,0.027880,7.806303e-06,5.529722e-01,262,1,0,1,1,1
025_mug,s0_epi_max_025_mug_t7,complete_epi,3,0.920394,0.020664,4.809100e-06,1.610551e-05,189,0.013776,7.438741e-06,0.027552,3.832056e-06,1.867400e-02,36,1,0,1,1,1
025_mug,s0_epi_max_025_mug_t8,complete_epi,23,0.910932,0.020702,0.000000e+00,0.000000e+00,197,0.013801,0.000000e+00,0.027603,0.000000e+00,0.000000e+00,78,1,0,1,1,1
025_mug,s0_epi_max_025_mug_t9,complete_epi,59,0.935107,0.020708,9.135491e-06,2.935571e-05,589,0.013806,9.173374e-06,0.027611,9.335715e-06,4.417346e-01,189,1,0,1,1,0
025_mug,s0_epi_max_025_mug_t10,complete_epi,3,0.941391,0.019730,1.267951e-06,4.003964e-06,387,0.013154,1.466585e-06,0.026307,1.301117e-06,5.993714e-02,114,1,0,1,1,1
025_mug,s0_epi_max_025_mug_t11,complete_epi,15,0.924118,0.019811,2.330189e-06,4.305777e-06,807,0.013208,2.292878e-06,0.026415,2.391752e-06,2.685040e-01,225,1,0,1,1,1
025_mug,s0_epi_max_025_mug_t12,complete_epi,13,0.922164,0.029006,1.992149e-06,4.850820e-06,1223,0.019337,1.731941e-06,0.038675,3.156130e-06,6.905967e-02,74,1,0,1,1,0
025_mug,s0_epi_max_025_mug_t13,complete_epi,19,0.927320,0.020843,2.527327e-06,6.223801e-06,591,0.013895,8.074767e-06,0.027791,3.419597e-06,1.674779e-01,213,1,0,1,1,1
025_mug,s0_epi_max_025_mug_t14,complete_epi,270,0.873044,0.019881,1.119380e-06,2.664953e-06,615,0.013254,1.030839e-06,0.026508,1.158040e-06,1.807389e-01,255,1,0,1,1,1
025_mug,s0_epi_max_025_mug_t15,complete_epi,24,0.904429,0.027334,2.283220e-06,4.131863e-06,1187,0.018223,2.100018e-06,0.036446,2.243098e-06,2.338287e-01,197,1,0,1,1,1
025_mug,s0_epi_max_025_mug_t16,complete_epi,24,0.937484,0.020778,1.195228e-06,2.143401e-06,795,0.013852,1.180740e-06,0.027704,1.265128e-06,2.200317e-01,250,1,0,1,1,1
025_mug,s0_epi_max_025_mug_t17,complete_epi,96,0.924177,0.024099,1.212498e-06,2.594124e-06,876,0.016066,1.169615e-06,0.032132,1.446575e-06,2.556249e-01,304,1,0,1,1,1
025_mug,s0_epi_max_025_mug_t18,complete_epi,118,0.915029,0.019841,2.606108e-05,7.775254e-05,466,0.013227,2.830743e-05,0.026455,2.915250e-05,5.181476e-01,160,1,0,1,1,1
025_mug,s0_epi_max_025_mug_t19,complete_epi,158,0.893443,0.025688,1.154732e-05,3.960425e-05,930,0.017126,1.112591e-05,0.034251,1.251581e-05,3.191790e-01,156,1,0,1,1,1
025_mug,s0_epi_max_025_mug_t20,complete_epi,105,0.915658,0.020887,6.202606e-06,1.871760e-05,568,0.013925,5.681371e-06,0.027850,5.950646e-06,2.465683e-01,131,1,0,1,1,1
025_mug,s0_epi_max_025_mug_t21,complete_epi,142,0.854835,0.020348,1.761380e-06,5.427385e-06,141,0.013565,3.147506e-06,0.027131,1.669166e-06,3.896752e-03,31,1,0,1,1,1
025_mug,s0_epi_max_025_mug_t22,complete_epi,192,0.879226,0.019588,1.941848e-06,4.451798e-06,709,0.013059,2.414121e-06,0.026117,1.707916e-06,3.411214e-01,306,1,0,1,1,1
025_mug,s0_epi_max_025_mug_t23,complete_epi,46,0.951852,0.020877,1.272908e-06,2.481167e-06,602,0.013918,1.181781e-06,0.027835,1.311247e-06,1.530362e-01,175,1,0,1,1,0
025_mug,s0_epi_max_025_mug_t24,complete_epi,509,0.692240,0.020293,1.685342e-06,4.699346e-06,289,0.013528,1.608341e-06,0.027057,1.636914e-06,7.341981e-02,151,1,0,1,1,0
051_large_clamp,s0_epi_max_051_large_clamp_t0,complete_epi,55,0.936456,0.031974,1.395102e-05,0.000000e+00,696,0.021316,1.305447e-05,0.042632,1.934338e-05,0.000000e+00,159,1,0,1,1,1
051_large_clamp,s0_epi_max_051_large_clamp_t1,complete_epi,11,0.933943,0.015400,2.080668e-06,1.652389e-05,1740,0.010266,4.902818e-06,0.020533,3.668229e-06,1.777133e+00,2021,1,0,1,1,0
051_large_clamp,s0_epi_max_051_large_clamp_t2,complete_epi,17,0.972254,0.032698,1.171768e-05,1.808649e-05,2786,0.021799,6.660750e-06,0.043597,9.516575e-06,1.523737e+00,1041,1,0,1,1,1
051_large_clamp,s0_epi_max_051_large_clamp_t4,complete_epi,0,0.964524,0.030157,9.084093e-07,4.379159e-06,860,0.020105,0.000000e+00,0.040210,9.314891e-07,0.000000e+00,149,1,0,1,1,1
051_large_clamp,s0_epi_max_051_large_clamp_t5,complete_epi,3,0.971449,0.031489,4.285106e-05,2.436710e-04,1032,0.020993,1.341870e-04,0.041986,2.662450e-05,2.784559e-01,248,1,0,1,1,0
051_large_clamp,s0_epi_max_051_large_clamp_t6,complete_epi,1,0.957461,0.032152,1.187224e-06,0.000000e+00,796,0.021435,0.000000e+00,0.042870,5.240885e-06,0.000000e+00,158,1,0,1,1,1
051_large_clamp,s0_epi_max_051_large_clamp_t7,complete_epi,2,0.978488,0.039754,1.830800e-05,6.681370e-05,4862,0.026503,1.871504e-05,0.053005,2.416639e-05,8.200462e-01,449,1,0,1,1,0
051_large_clamp,s0_epi_max_051_large_clamp_t8,complete_epi,108,0.925259,0.031330,1.048890e-07,0.000000e+00,690,0.020886,0.000000e+00,0.041773,1.902835e-06,0.000000e+00,143,1,0,1,1,1
051_large_clamp,s0_epi_max_051_large_clamp_t9,complete_epi,10,0.956630,0.032224,0.000000e+00,0.000000e+00,767,0.021483,0.000000e+00,0.042966,1.356791e-06,0.000000e+00,186,1,0,1,1,0
051_large_clamp,s0_epi_max_051_large_clamp_t10,complete_epi,0,0.966228,0.030175,9.203251e-07,3.183885e-06,956,0.020117,2.599351e-08,0.040234,1.127501e-06,0.000000e+00,146,1,0,1,1,1
051_large_clamp,s0_epi_max_051_large_clamp_t11,complete_epi,5,0.958212,0.029701,1.109789e-06,4.185731e-06,1272,0.019801,1.341745e-06,0.039601,1.087197e-06,1.307578e-01,228,1,0,1,1,1
051_large_clamp,s0_epi_max_051_large_clamp_t12,complete_epi,17,0.948321,0.031446,2.487344e-05,7.874797e-05,2249,0.020964,8.918179e-05,0.041928,2.675400e-05,1.225512e+00,691,1,0,1,1,1
051_large_clamp,s0_epi_max_051_large_clamp_t13,complete_epi,6,0.953293,0.039938,2.578358e-06,3.941440e-06,1584,0.026625,1.910299e-06,0.053250,1.091612e-05,2.364783e-01,257,1,0,1,1,1
051_large_clamp,s0_epi_max_051_large_clamp_t14,complete_epi,19,0.939206,0.025719,2.863945e-05,1.457957e-04,1837,0.017146,1.221900e-04,0.034292,1.538676e-05,2.952079e-01,90,1,0,1,1,0
051_large_clamp,s0_epi_max_051_large_clamp_t15,complete_epi,15,0.949582,0.031339,6.219442e-06,2.626001e-05,1672,0.020893,1.131316e-05,0.041786,1.439658e-05,7.688730e-02,152,1,0,1,1,1
051_large_clamp,s0_epi_max_051_large_clamp_t16,complete_epi,6,0.964521,0.031997,9.675675e-06,6.456711e-05,1053,0.021331,7.172717e-06,0.042663,1.644776e-05,8.058388e-03,147,1,0,1,1,1
051_large_clamp,s0_epi_max_051_large_clamp_t17,complete_epi,3,0.961397,0.047635,3.555591e-06,5.802315e-06,1616,0.031756,1.182100e-06,0.063513,1.013918e-05,2.644455e-01,304,1,0,1,1,1
051_large_clamp,s0_epi_max_051_large_clamp_t18,complete_epi,0,0.960704,0.029472,3.968198e-07,2.976056e-06,806,0.019648,0.000000e+00,0.039295,3.541120e-07,0.000000e+00,177,1,0,1,1,1
051_large_clamp,s0_epi_max_051_large_clamp_t19,complete_epi,73,0.934808,0.018525,4.034297e-05,2.289554e-04,3202,0.012350,1.140925e-04,0.024700,2.224926e-05,3.264294e+00,2682,1,0,1,1,0
051_large_clamp,s0_epi_max_051_large_clamp_t20,complete_epi,5,0.960865,0.032643,2.836929e-06,0.000000e+00,775,0.021762,1.312242e-06,0.043524,7.561488e-06,0.000000e+00,150,1,0,1,1,1
051_large_clamp,s0_epi_max_051_large_clamp_t21,complete_epi,5,0.970448,0.029395,2.530027e-06,1.438873e-05,1121,0.019597,2.442168e-06,0.039194,2.813093e-06,6.925015e-03,224,1,0,1,1,1
051_large_clamp,s0_epi_max_051_large_clamp_t22,complete_epi,77,0.938768,0.030929,2.370050e-08,0.000000e+00,736,0.020619,0.000000e+00,0.041238,1.328952e-06,0.000000e+00,153,1,0,1,1,1
051_large_clamp,s0_epi_max_051_large_clamp_t23,complete_epi,1,0.964345,0.032259,1.733403e-06,9.577048e-06,1568,0.021506,2.591154e-06,0.043013,1.840293e-06,2.092906e-01,250,1,0,1,1,0
051_large_clamp,s0_epi_max_051_large_clamp_t24,complete_epi,55,0.975834,0.027805,5.160110e-06,2.736659e-05,1913,0.018537,4.535564e-06,0.037073,6.597189e-06,4.567399e-01,523,1,0,1,1,1
022_windex_bottle,s0_epi_mean_022_windex_bottle_t0,complete_epi,247,0.875827,0.037098,3.072375e-06,6.216203e-06,4890,0.024732,2.092040e-06,0.049463,6.414251e-06,1.673186e+00,1203,1,0,1,1,0
022_windex_bottle,s0_epi_mean_022_windex_bottle_t1,complete_epi,65,0.813623,0.039285,5.694678e-05,1.449948e-04,2256,0.026190,1.838625e-04,0.052381,8.360573e-05,1.015135e+00,240,1,0,1,1,0
022_windex_bottle,s0_epi_mean_022_windex_bottle_t2,complete_epi,0,0.939683,0.038779,1.672428e-05,1.090560e-04,2910,0.025853,3.962478e-05,0.051705,3.950020e-05,7.867195e-01,361,1,0,1,1,1
022_windex_bottle,s0_epi_mean_022_windex_bottle_t3,complete_epi,346,0.770893,0.039237,1.580384e-06,4.444272e-06,2062,0.026158,2.126032e-06,0.052316,2.004062e-06,5.411555e-01,526,1,0,1,1,0
022_windex_bottle,s0_epi_mean_022_windex_bottle_t4,complete_epi,10,0.931515,0.045308,9.792897e-06,5.055269e-05,1083,0.030205,7.016837e-06,0.060410,4.020411e-05,0.000000e+00,31,1,0,1,1,0
022_windex_bottle,s0_epi_mean_022_windex_bottle_t5,complete_epi,445,0.837779,0.039753,1.935837e-05,6.738920e-05,3449,0.026502,4.443735e-05,0.053004,5.643512e-05,1.550974e+00,919,1,0,1,1,0
022_windex_bottle,s0_epi_mean_022_windex_bottle_t6,complete_epi,104,0.840326,0.043363,4.028669e-06,7.658748e-06,7336,0.028908,3.241423e-06,0.057817,1.165261e-05,2.321613e+00,1362,1,0,1,1,1
022_windex_bottle,s0_epi_mean_022_windex_bottle_t7,complete_epi,196,0.864498,0.038468,6.661156e-05,4.478715e-04,2767,0.025645,4.925077e-05,0.051291,1.552827e-04,7.741771e-01,453,1,0,1,1,0
022_windex_bottle,s0_epi_mean_022_windex_bottle_t8,complete_epi,0,0.963522,0.042229,3.910552e-05,2.310777e-04,1734,0.028152,4.613386e-05,0.056305,9.675045e-05,5.033069e-01,312,1,0,1,1,0
022_windex_bottle,s0_epi_mean_022_windex_bottle_t9,complete_epi,420,0.810538,0.040791,5.940724e-06,1.400408e-05,5463,0.027194,4.527330e-06,0.054388,1.387521e-05,1.601939e+00,1135,1,0,1,1,1
022_windex_bottle,s0_epi_mean_022_windex_bottle_t10,complete_epi,1,0.943205,0.044814,3.106096e-05,1.738313e-04,1512,0.029876,3.812420e-05,0.059751,8.727663e-05,0.000000e+00,60,1,0,1,1,0
022_windex_bottle,s0_epi_mean_022_windex_bottle_t11,complete_epi,0,0.950917,0.044366,3.112579e-06,6.230333e-06,1034,0.029577,2.521954e-06,0.059154,3.035991e-05,0.000000e+00,98,1,0,1,1,0
022_windex_bottle,s0_epi_mean_022_windex_bottle_t12,complete_epi,9,0.953706,0.041272,9.119111e-06,3.563130e-05,877,0.027515,1.091344e-05,0.055029,2.363761e-05,1.168469e-02,134,1,0,1,1,0
022_windex_bottle,s0_epi_mean_022_windex_bottle_t13,complete_epi,89,0.878580,0.037100,4.140143e-06,1.084612e-05,4451,0.024733,3.368736e-06,0.049466,8.005107e-06,1.010320e+00,670,1,0,1,1,0
022_windex_bottle,s0_epi_mean_022_windex_bottle_t14,complete_epi,8,0.936299,0.044564,1.079213e-05,4.966901e-05,875,0.029709,4.337132e-06,0.059419,4.557807e-05,0.000000e+00,100,1,0,1,1,0
022_windex_bottle,s0_epi_mean_022_windex_bottle_t15,complete_epi,65,0.915506,0.030262,4.901810e-05,3.324628e-04,726,0.020175,5.111184e-05,0.040350,7.946770e-05,2.285700e-01,316,1,0,1,1,0
022_windex_bottle,s0_epi_mean_022_windex_bottle_t16,complete_epi,143,0.905899,0.040772,4.256343e-06,2.147159e-05,4650,0.027181,5.101673e-06,0.054362,8.877736e-06,3.501195e-02,80,1,0,1,1,0
022_windex_bottle,s0_epi_mean_022_windex_bottle_t17,complete_epi,43,0.903804,0.039743,3.161195e-06,8.419274e-06,4607,0.026495,2.573945e-06,0.052990,6.404193e-06,2.497017e-01,265,1,0,1,1,0
022_windex_bottle,s0_epi_mean_022_windex_bottle_t18,complete_epi,121,0.930445,0.042574,4.681230e-06,2.675682e-05,5296,0.028383,3.129280e-06,0.056765,1.188716e-05,6.522623e-01,514,1,0,1,1,0
022_windex_bottle,s0_epi_mean_022_windex_bottle_t19,complete_epi,579,0.754079,0.039318,8.594562e-05,4.634519e-04,3120,0.026212,3.742186e-04,0.052423,1.840428e-04,1.731122e+00,834,1,0,1,1,0
022_windex_bottle,s0_epi_mean_022_windex_bottle_t20,complete_epi,454,0.835596,0.042965,4.102864e-06,1.075705e-05,7128,0.028643,2.771386e-06,0.057287,1.073657e-05,2.357484e+00,1548,1,0,1,1,0
022_windex_bottle,s0_epi_mean_022_windex_bottle_t21,complete_epi,0,0.938297,0.031749,7.266516e-05,9.432646e-04,1255,0.021166,5.310463e-05,0.042332,1.938584e-04,1.574217e+00,751,1,0,1,1,1
022_windex_bottle,s0_epi_mean_022_windex_bottle_t22,complete_epi,1,0.936525,0.044003,1.562840e-05,8.481099e-05,1029,0.029336,6.385877e-06,0.058671,5.011483e-05,4.878823e-01,309,1,0,1,1,0
022_windex_bottle,s0_epi_mean_022_windex_bottle_t23,complete_epi,89,0.868760,0.039372,3.432735e-05,3.335956e-04,2511,0.026248,1.050224e-04,0.052496,5.595666e-05,1.728904e+00,927,1,0,1,1,1
022_windex_bottle,s0_epi_mean_022_windex_bottle_t24,complete_epi,6,0.910263,0.032579,8.195316e-05,5.889620e-04,1473,0.021719,1.787841e-05,0.043439,2.057394e-04,1.836082e+00,823,1,0,1,1,1
006_mustard_bottle,s0_hetero_patch_006_mustard_bottle_t0,hetero_patch,119,0.831410,0.032858,9.635608e-06,2.462707e-05,1853,0.021906,8.384255e-06,0.043811,9.841581e-06,6.723003e-01,495,1,0,1,1,1
006_mustard_bottle,s0_hetero_patch_006_mustard_bottle_t1,hetero_patch,29,0.840244,0.031301,1.000846e-05,2.995815e-05,2156,0.020868,7.829616e-06,0.041735,1.092327e-05,1.038183e+00,783,1,0,1,1,1
006_mustard_bottle,s0_hetero_patch_006_mustard_bottle_t2,hetero_patch,0,0.844829,0.031799,5.566271e-06,1.130948e-05,1545,0.021199,6.518836e-06,0.042399,4.509404e-06,2.737626e-01,272,1,0,1,1,1
006_mustard_bottle,s0_hetero_patch_006_mustard_bottle_t3,hetero_patch,21,0.816378,0.032533,6.541760e-06,1.894787e-05,2057,0.021688,6.538478e-06,0.043377,6.464732e-06,5.835365e-01,458,1,0,1,1,1
006_mustard_bottle,s0_hetero_patch_006_mustard_bottle_t4,hetero_patch,63,0.776730,0.032064,5.010374e-06,1.200522e-05,1900,0.021376,4.488018e-06,0.042752,5.386414e-06,5.783270e-02,208,1,0,1,1,1
006_mustard_bottle,s0_hetero_patch_006_mustard_bottle_t5,hetero_patch,9,0.848062,0.032257,5.277219e-06,1.219843e-05,1683,0.021505,5.897211e-06,0.043010,4.886999e-06,1.476218e-01,271,1,0,1,1,1
006_mustard_bottle,s0_hetero_patch_006_mustard_bottle_t6,hetero_patch,257,0.758907,0.032562,1.028380e-05,3.670839e-05,1917,0.021708,7.331721e-06,0.043416,1.204694e-05,7.284633e-01,623,1,0,1,1,1
006_mustard_bottle,s0_hetero_patch_006_mustard_bottle_t8,hetero_patch,9,0.864412,0.031911,5.322829e-06,1.224115e-05,1906,0.021274,5.737723e-06,0.042548,4.965589e-06,8.056974e-01,546,1,0,1,1,1
006_mustard_bottle,s0_hetero_patch_006_mustard_bottle_t9,hetero_patch,199,0.945440,0.014542,4.997489e-05,9.645970e-05,2128,0.009695,6.326736e-05,0.019390,3.636795e-05,3.872320e+00,2167,1,0,1,1,0
006_mustard_bottle,s0_hetero_patch_006_mustard_bottle_t10,hetero_patch,0,0.889912,0.032634,9.100305e-06,2.007065e-05,1536,0.021756,9.980846e-06,0.043512,8.364370e-06,1.820882e-01,248,1,0,1,1,1
006_mustard_bottle,s0_hetero_patch_006_mustard_bottle_t11,hetero_patch,1,0.891839,0.032066,8.198070e-06,1.907161e-05,1718,0.021377,7.429117e-06,0.042755,9.083445e-06,4.361005e-01,395,1,0,1,1,1
006_mustard_bottle,s0_hetero_patch_006_mustard_bottle_t12,hetero_patch,290,0.785707,0.032586,1.166093e-05,3.358015e-05,2015,0.021724,8.142028e-06,0.043448,1.358500e-05,6.934942e-01,558,1,0,1,1,1
006_mustard_bottle,s0_hetero_patch_006_mustard_bottle_t13,hetero_patch,173,0.827273,0.032465,1.020274e-05,2.381305e-05,2084,0.021643,1.239417e-05,0.043286,9.378372e-06,7.080407e-01,525,1,0,1,1,1
006_mustard_bottle,s0_hetero_patch_006_mustard_bottle_t14,hetero_patch,0,0.853934,0.032294,5.648883e-06,1.337328e-05,1516,0.021529,5.393315e-06,0.043059,5.885634e-06,1.693019e-01,272,1,0,1,1,1
006_mustard_bottle,s0_hetero_patch_006_mustard_bottle_t15,hetero_patch,5,0.870533,0.031737,5.876151e-06,1.109657e-05,1440,0.021158,6.367615e-06,0.042316,5.244481e-06,4.352927e-01,288,1,0,1,1,1
006_mustard_bottle,s0_hetero_patch_006_mustard_bottle_t16,hetero_patch,131,0.833035,0.032291,1.171272e-05,3.288037e-05,2000,0.021528,9.572313e-06,0.043055,1.367497e-05,1.012935e+00,779,1,0,1,1,1
006_mustard_bottle,s0_hetero_patch_006_mustard_bottle_t17,hetero_patch,2,0.943692,0.030658,4.724916e-06,1.135885e-05,1707,0.020438,3.550977e-06,0.040877,5.462349e-06,3.693905e-01,550,1,0,1,1,1
006_mustard_bottle,s0_hetero_patch_006_mustard_bottle_t18,hetero_patch,5,0.869028,0.031386,5.158245e-06,1.437058e-05,1935,0.020924,3.678514e-06,0.041848,6.209228e-06,4.937853e-01,523,1,0,1,1,1
006_mustard_bottle,s0_hetero_patch_006_mustard_bottle_t19,hetero_patch,42,0.823042,0.031975,8.323939e-06,2.503791e-05,2028,0.021317,6.054884e-06,0.042634,1.016493e-05,8.906511e-01,861,1,0,1,1,1
006_mustard_bottle,s0_hetero_patch_006_mustard_bottle_t20,hetero_patch,631,0.766038,0.031992,1.491069e-05,5.259605e-05,1906,0.021328,1.076046e-05,0.042656,2.023626e-05,6.708196e-01,530,1,0,1,1,1
006_mustard_bottle,s0_hetero_patch_006_mustard_bottle_t22,hetero_patch,2,0.886590,0.032412,1.096025e-05,2.854216e-05,1836,0.021608,1.070955e-05,0.043215,1.124458e-05,7.408826e-01,546,1,0,1,1,1
006_mustard_bottle,s0_hetero_patch_006_mustard_bottle_t23,hetero_patch,149,0.753940,0.032779,7.610784e-06,1.710466e-05,1481,0.021853,8.326226e-06,0.043706,7.131411e-06,1.242501e-01,247,1,0,1,1,1
006_mustard_bottle,s0_hetero_patch_006_mustard_bottle_t24,hetero_patch,11,0.943238,0.029788,3.397068e-06,1.059383e-05,1721,0.019859,2.653911e-06,0.039717,4.267045e-06,4.872401e-01,615,1,0,1,1,1
011_banana,s0_hetero_patch_011_banana_t0,hetero_patch,1132,0.806573,0.032608,8.586201e-06,4.263249e-05,1784,0.021739,6.457405e-06,0.043477,1.069512e-05,1.531212e-01,226,1,0,1,1,0
011_banana,s0_hetero_patch_011_banana_t1,hetero_patch,1738,0.436724,0.031853,1.482713e-05,3.068755e-05,2067,0.021235,1.811831e-05,0.042470,1.463050e-05,7.270301e-01,544,1,0,1,1,1
011_banana,s0_hetero_patch_011_banana_t2,hetero_patch,1187,0.720954,0.031666,1.236268e-05,3.629856e-05,2054,0.021111,2.454141e-05,0.042221,1.045073e-05,7.060316e-01,616,1,0,1,1,1
011_banana,s0_hetero_patch_011_banana_t3,hetero_patch,1609,0.562236,0.032987,1.873957e-05,4.050782e-05,1687,0.021992,4.351757e-05,0.043983,1.585104e-05,5.969220e-01,304,1,0,1,1,0
011_banana,s0_hetero_patch_011_banana_t4,hetero_patch,1448,0.642389,0.030847,3.986037e-06,8.284755e-06,2224,0.020564,3.372967e-06,0.041129,4.996930e-06,2.690537e-01,363,1,0,1,1,0
011_banana,s0_hetero_patch_011_banana_t5,hetero_patch,1132,0.759552,0.032117,9.827637e-06,3.506307e-05,2846,0.021412,1.113577e-05,0.042823,1.058390e-05,6.988669e-01,640,1,0,1,1,0
011_banana,s0_hetero_patch_011_banana_t6,hetero_patch,1661,0.409106,0.031652,7.379575e-06,1.958429e-05,2749,0.021101,4.284067e-06,0.042203,1.000360e-05,4.538641e-01,451,1,0,1,1,0
011_banana,s0_hetero_patch_011_banana_t7,hetero_patch,961,0.800436,0.031327,8.552845e-06,2.497033e-05,2426,0.020884,1.517245e-05,0.041769,6.344929e-06,1.565353e+00,1250,1,0,1,1,1
011_banana,s0_hetero_patch_011_banana_t8,hetero_patch,1824,0.376779,0.031401,8.858736e-06,3.679809e-05,1975,0.020934,6.400313e-06,0.041868,1.025033e-05,7.808986e-01,595,1,0,1,1,1
011_banana,s0_hetero_patch_011_banana_t9,hetero_patch,1266,0.661042,0.032814,9.722853e-06,3.114310e-05,2311,0.021876,7.658142e-06,0.043753,1.186416e-05,1.517686e-02,72,1,0,1,1,0
011_banana,s0_hetero_patch_011_banana_t10,hetero_patch,1603,0.493840,0.030626,1.578969e-05,5.850155e-05,1366,0.020417,8.265626e-05,0.040834,1.056335e-05,6.683061e-01,545,1,0,1,1,0
011_banana,s0_hetero_patch_011_banana_t11,hetero_patch,1512,0.561674,0.030682,1.293472e-05,6.158766e-05,1563,0.020455,6.114866e-05,0.040910,1.027175e-05,5.083733e-01,426,1,0,1,1,0
011_banana,s0_hetero_patch_011_banana_t12,hetero_patch,1925,0.078882,0.031038,1.853051e-05,8.213316e-05,2286,0.020692,4.019644e-05,0.041384,1.434388e-05,1.178110e+00,816,1,0,1,1,1
011_banana,s0_hetero_patch_011_banana_t13,hetero_patch,1402,0.634667,0.032357,2.523835e-05,1.288563e-04,2011,0.021572,5.056719e-05,0.043143,2.175045e-05,1.338545e+00,700,1,0,1,1,0
011_banana,s0_hetero_patch_011_banana_t14,hetero_patch,1632,0.472430,0.032034,1.247048e-05,5.700147e-05,1815,0.021356,4.083738e-05,0.042712,1.139524e-05,2.848789e-01,327,1,0,1,1,0
011_banana,s0_hetero_patch_011_banana_t15,hetero_patch,1027,0.733843,0.032866,5.211373e-06,1.568077e-05,2164,0.021911,4.391915e-06,0.043822,6.650561e-06,1.376380e-01,235,1,0,1,1,0
011_banana,s0_hetero_patch_011_banana_t16,hetero_patch,1444,0.655348,0.031408,6.964127e-06,2.263327e-05,3128,0.020939,4.693612e-06,0.041877,9.268824e-06,5.244048e-01,468,1,0,1,1,1
011_banana,s0_hetero_patch_011_banana_t17,hetero_patch,1528,0.625573,0.031951,5.713846e-06,2.437953e-05,1755,0.021301,1.017182e-05,0.042602,5.358819e-06,1.103107e-01,235,1,0,1,1,0
011_banana,s0_hetero_patch_011_banana_t18,hetero_patch,1521,0.645305,0.031375,1.112446e-05,3.195581e-05,1209,0.020917,1.391888e-05,0.041833,8.268978e-06,2.029775e-01,274,1,0,1,1,0
011_banana,s0_hetero_patch_011_banana_t19,hetero_patch,1865,0.176837,0.032111,2.491853e-05,1.093502e-04,2741,0.021407,5.027837e-05,0.042814,2.363139e-05,1.654955e+00,1202,1,0,1,1,1
011_banana,s0_hetero_patch_011_banana_t20,hetero_patch,1582,0.577631,0.031368,4.331239e-05,1.819865e-04,1318,0.020912,1.289211e-04,0.041824,2.778659e-05,4.390889e-01,298,1,0,1,1,0
011_banana,s0_hetero_patch_011_banana_t21,hetero_patch,1127,0.770043,0.032257,3.016886e-06,1.363306e-05,2144,0.021505,2.332178e-06,0.043009,3.033285e-06,2.449525e-01,386,1,0,1,1,0
011_banana,s0_hetero_patch_011_banana_t22,hetero_patch,1885,0.146253,0.030799,1.190939e-05,5.123121e-05,1854,0.020533,1.199681e-05,0.041066,1.192232e-05,2.109749e-01,167,1,0,1,1,0
011_banana,s0_hetero_patch_011_banana_t23,hetero_patch,859,0.825472,0.031514,4.448525e-06,1.258909e-05,3124,0.021009,3.255705e-06,0.042018,6.397443e-06,4.596048e-01,515,1,0,1,1,0
011_banana,s0_hetero_patch_011_banana_t24,hetero_patch,969,0.805281,0.031958,2.298700e-06,8.682739e-06,2487,0.021305,1.983261e-06,0.042610,2.671356e-06,5.392626e-01,636,1,0,1,1,1
025_mug,s0_duarte_mcd_025_mug_t0,duarte_mcd,34,0.908001,,,,,,,,,1.630207e-01,206,1,0,1,1,1
025_mug,s0_duarte_mcd_025_mug_t1,duarte_mcd,53,0.944819,,,,,,,,,9.464480e-02,78,1,0,1,1,1
025_mug,s0_duarte_mcd_025_mug_t2,duarte_mcd,51,0.932951,,,,,,,,,1.454922e-01,125,1,0,1,1,0
025_mug,s0_duarte_mcd_025_mug_t3,duarte_mcd,22,0.934734,,,,,,,,,1.085511e-01,123,1,0,1,1,1
025_mug,s0_duarte_mcd_025_mug_t4,duarte_mcd,11,0.948238,,,,,,,,,2.343684e-01,182,1,0,1,1,1
025_mug,s0_duarte_mcd_025_mug_t5,duarte_mcd,96,0.883218,,,,,,,,,1.417038e-01,151,1,0,1,1,1
025_mug,s0_duarte_mcd_025_mug_t6,duarte_mcd,164,0.895059,,,,,,,,,1.315477e-01,239,1,0,1,1,0
025_mug,s0_duarte_mcd_025_mug_t7,duarte_mcd,2,0.940758,,,,,,,,,1.189507e-01,61,1,0,1,1,1
025_mug,s0_duarte_mcd_025_mug_t8,duarte_mcd,72,0.909450,,,,,,,,,4.866244e-02,76,1,0,1,1,1
025_mug,s0_duarte_mcd_025_mug_t9,duarte_mcd,88,0.926674,,,,,,,,,1.470595e-01,287,1,0,1,1,1
025_mug,s0_duarte_mcd_025_mug_t10,duarte_mcd,103,0.907438,,,,,,,,,1.125842e-01,147,1,0,1,1,1
025_mug,s0_duarte_mcd_025_mug_t11,duarte_mcd,48,0.929487,,,,,,,,,1.009832e-01,115,1,0,1,1,1
025_mug,s0_duarte_mcd_025_mug_t12,duarte_mcd,97,0.820208,,,,,,,,,5.968513e-02,96,1,0,1,1,1
025_mug,s0_duarte_mcd_025_mug_t13,duarte_mcd,73,0.901784,,,,,,,,,1.813849e-01,126,1,0,1,1,1
025_mug,s0_duarte_mcd_025_mug_t15,duarte_mcd,4,0.951423,,,,,,,,,1.632487e-01,128,1,0,1,1,1
025_mug,s0_duarte_mcd_025_mug_t16,duarte_mcd,245,0.909237,,,,,,,,,6.880121e-02,136,1,0,1,1,0
025_mug,s0_duarte_mcd_025_mug_t17,duarte_mcd,10,0.951934,,,,,,,,,2.092389e-01,137,1,0,1,1,1
025_mug,s0_duarte_mcd_025_mug_t18,duarte_mcd,56,0.920599,,,,,,,,,1.620581e-01,221,1,0,1,1,1
025_mug,s0_duarte_mcd_025_mug_t19,duarte_mcd,85,0.917106,,,,,,,,,1.460946e-01,164,1,0,1,1,1
025_mug,s0_duarte_mcd_025_mug_t21,duarte_mcd,72,0.811122,,,,,,,,,1.101783e-01,171,1,0,1,1,1
025_mug,s0_duarte_mcd_025_mug_t23,duarte_mcd,29,0.909762,,,,,,,,,1.776508e-01,138,1,0,1,1,1
025_mug,s0_duarte_mcd_025_mug_t24,duarte_mcd,38,0.867896,,,,,,,,,2.310849e-01,275,1,0,1,1,0
051_large_clamp,s0_duarte_mcd_051_large_clamp_t0,duarte_mcd,18,0.959257,,,,,,,,,0.000000e+00,146,1,0,1,1,1
051_large_clamp,s0_duarte_mcd_051_large_clamp_t1,duarte_mcd,2,0.950200,,,,,,,,,0.000000e+00,202,1,0,1,1,0
051_large_clamp,s0_duarte_mcd_051_large_clamp_t2,duarte_mcd,13,0.959932,,,,,,,,,9.584552e-02,221,1,0,1,1,1
051_large_clamp,s0_duarte_mcd_051_large_clamp_t4,duarte_mcd,0,0.961926,,,,,,,,,0.000000e+00,162,1,0,1,1,0
051_large_clamp,s0_duarte_mcd_051_large_clamp_t5,duarte_mcd,124,0.949462,,,,,,,,,0.000000e+00,178,1,0,1,1,0
051_large_clamp,s0_duarte_mcd_051_large_clamp_t6,duarte_mcd,1,0.964825,,,,,,,,,0.000000e+00,158,1,0,1,1,1
051_large_clamp,s0_duarte_mcd_051_large_clamp_t7,duarte_mcd,1,0.979799,,,,,,,,,1.825832e-02,242,1,0,1,1,0
051_large_clamp,s0_duarte_mcd_051_large_clamp_t8,duarte_mcd,2,0.955269,,,,,,,,,0.000000e+00,147,1,0,1,1,1
051_large_clamp,s0_duarte_mcd_051_large_clamp_t9,duarte_mcd,1,0.963241,,,,,,,,,8.299551e-03,154,1,0,1,1,1
051_large_clamp,s0_duarte_mcd_051_large_clamp_t10,duarte_mcd,4,0.953925,,,,,,,,,0.000000e+00,92,1,0,1,1,0
051_large_clamp,s0_duarte_mcd_051_large_clamp_t11,duarte_mcd,8,0.961764,,,,,,,,,0.000000e+00,145,1,0,1,1,0
051_large_clamp,s0_duarte_mcd_051_large_clamp_t12,duarte_mcd,13,0.964966,,,,,,,,,2.167384e-01,255,1,0,1,1,0
051_large_clamp,s0_duarte_mcd_051_large_clamp_t13,duarte_mcd,7,0.960127,,,,,,,,,0.000000e+00,154,1,0,1,1,1
051_large_clamp,s0_duarte_mcd_051_large_clamp_t14,duarte_mcd,0,0.966048,,,,,,,,,0.000000e+00,135,1,0,1,1,1
051_large_clamp,s0_duarte_mcd_051_large_clamp_t15,duarte_mcd,11,0.954500,,,,,,,,,0.000000e+00,141,1,0,1,1,1
051_large_clamp,s0_duarte_mcd_051_large_clamp_t16,duarte_mcd,31,0.946175,,,,,,,,,0.000000e+00,151,1,0,1,1,0
051_large_clamp,s0_duarte_mcd_051_large_clamp_t17,duarte_mcd,0,0.970046,,,,,,,,,0.000000e+00,246,1,0,1,1,0
051_large_clamp,s0_duarte_mcd_051_large_clamp_t18,duarte_mcd,0,0.967041,,,,,,,,,0.000000e+00,174,1,0,1,1,0
051_large_clamp,s0_duarte_mcd_051_large_clamp_t20,duarte_mcd,3,0.962285,,,,,,,,,0.000000e+00,151,1,0,1,1,1
051_large_clamp,s0_duarte_mcd_051_large_clamp_t21,duarte_mcd,0,0.975984,,,,,,,,,0.000000e+00,226,1,0,1,1,0
051_large_clamp,s0_duarte_mcd_051_large_clamp_t22,duarte_mcd,5,0.957196,,,,,,,,,1.353419e-01,196,1,0,1,1,0
051_large_clamp,s0_duarte_mcd_051_large_clamp_t23,duarte_mcd,105,0.953074,,,,,,,,,0.000000e+00,178,1,0,1,1,0
051_large_clamp,s0_duarte_mcd_051_large_clamp_t24,duarte_mcd,21,0.980404,,,,,,,,,0.000000e+00,218,1,0,1,1,0
022_windex_bottle,s1_partial_only_022_windex_bottle_t0,partial_only,0,0.875630,,,,,,,,,,,1,0,1,1,0
022_windex_bottle,s1_partial_only_022_windex_bottle_t1,partial_only,269,0.893811,,,,,,,,,,,1,0,1,1,1
022_windex_bottle,s1_partial_only_022_windex_bottle_t2,partial_only,0,0.956800,,,,,,,,,,,1,0,1,1,0
022_windex_bottle,s1_partial_only_022_windex_bottle_t3,partial_only,0,0.941876,,,,,,,,,,,1,0,1,1,0
022_windex_bottle,s1_partial_only_022_windex_bottle_t4,partial_only,62,0.928564,,,,,,,,,,,1,0,1,1,0
022_windex_bottle,s1_partial_only_022_windex_bottle_t5,partial_only,0,0.921034,,,,,,,,,,,1,0,1,1,0
022_windex_bottle,s1_partial_only_022_windex_bottle_t6,partial_only,0,0.912865,,,,,,,,,,,1,0,1,1,0
022_windex_bottle,s1_partial_only_022_windex_bottle_t7,partial_only,75,0.936671,,,,,,,,,,,1,0,1,1,1
022_windex_bottle,s1_partial_only_022_windex_bottle_t8,partial_only,4,0.864260,,,,,,,,,,,1,0,1,1,0
022_windex_bottle,s1_partial_only_022_windex_bottle_t9,partial_only,140,0.896859,,,,,,,,,,,1,0,1,1,1
022_windex_bottle,s1_partial_only_022_windex_bottle_t10,partial_only,0,0.910690,,,,,,,,,,,1,0,1,1,0
022_windex_bottle,s1_partial_only_022_windex_bottle_t11,partial_only,109,0.922915,,,,,,,,,,,1,0,1,1,1
022_windex_bottle,s1_partial_only_022_windex_bottle_t12,partial_only,34,0.939854,,,,,,,,,,,1,0,1,1,0
022_windex_bottle,s1_partial_only_022_windex_bottle_t13,partial_only,138,0.894896,,,,,,,,,,,1,0,1,1,1
022_windex_bottle,s1_partial_only_022_windex_bottle_t14,partial_only,0,0.889607,,,,,,,,,,,1,0,1,1,0
022_windex_bottle,s1_partial_only_022_windex_bottle_t15,partial_only,1,0.918346,,,,,,,,,,,1,0,1,1,0
022_windex_bottle,s1_partial_only_022_windex_bottle_t16,partial_only,2,0.948176,,,,,,,,,,,1,0,1,1,0
022_windex_bottle,s1_partial_only_022_windex_bottle_t17,partial_only,0,0.924132,,,,,,,,,,,1,0,1,1,0
022_windex_bottle,s1_partial_only_022_windex_bottle_t18,partial_only,8,0.936390,,,,,,,,,,,1,0,1,1,0
022_windex_bottle,s1_partial_only_022_windex_bottle_t19,partial_only,0,0.940394,,,,,,,,,,,1,0,1,1,0
022_windex_bottle,s1_partial_only_022_windex_bottle_t20,partial_only,73,0.925583,,,,,,,,,,,1,0,1,1,0
022_windex_bottle,s1_partial_only_022_windex_bottle_t21,partial_only,1,0.921888,,,,,,,,,,,1,0,1,1,0
022_windex_bottle,s1_partial_only_022_windex_bottle_t22,partial_only,1,0.944622,,,,,,,,,,,1,0,1,1,0
022_windex_bottle,s1_partial_only_022_windex_bottle_t23,partial_only,18,0.946067,,,,,,,,,,,1,0,1,1,1
022_windex_bottle,s1_partial_only_022_windex_bottle_t24,partial_only,0,0.937450,,,,,,,,,,,1,0,1,1,0
006_mustard_bottle,s1_complete_only_006_mustard_bottle_t0,complete_only,0,0.878400,0.031806,8.563497e-06,2.106258e-05,1475,0.021204,8.542887e-06,0.042408,8.668815e-06,1.409855e-01,269,1,0,1,1,1
006_mustard_bottle,s1_complete_only_006_mustard_bottle_t1,complete_only,8,0.843257,0.032315,6.775778e-06,1.605936e-05,1685,0.021543,6.801579e-06,0.043086,6.623162e-06,3.521173e-01,282,1,0,1,1,1
006_mustard_bottle,s1_complete_only_006_mustard_bottle_t2,complete_only,0,0.875516,0.039990,1.244514e-05,3.615669e-05,1790,0.026660,1.044245e-05,0.053321,1.375635e-05,7.834347e-01,401,1,0,1,1,0
006_mustard_bottle,s1_complete_only_006_mustard_bottle_t3,complete_only,1,0.867575,0.031681,5.951979e-06,1.230916e-05,1802,0.021121,7.148175e-06,0.042241,5.117137e-06,5.805533e-01,412,1,0,1,1,1
006_mustard_bottle,s1_complete_only_006_mustard_bottle_t4,complete_only,111,0.913203,0.052278,3.487534e-04,6.158824e-04,10978,0.034852,5.611882e-03,0.069704,4.119675e-04,1.157778e+01,4255,1,0,1,1,0
006_mustard_bottle,s1_complete_only_006_mustard_bottle_t5,complete_only,145,0.763579,0.032317,1.832482e-05,3.469011e-05,1945,0.021545,8.394041e-06,0.043090,2.773305e-05,5.221566e-01,509,1,0,1,1,1
006_mustard_bottle,s1_complete_only_006_mustard_bottle_t6,complete_only,0,0.953546,0.012892,3.181542e-03,8.892528e-03,1933,0.008595,4.890679e-03,0.017189,1.543477e-03,1.525067e+00,1329,0,0,1,1,
006_mustard_bottle,s1_complete_only_006_mustard_bottle_t7,complete_only,0,0.859756,0.032538,6.506109e-06,1.612861e-05,1852,0.021692,6.839496e-06,0.043385,6.956956e-06,1.714970e-01,276,1,0,1,1,1
006_mustard_bottle,s1_complete_only_006_mustard_bottle_t8,complete_only,1,0.953564,0.029535,1.733157e-06,5.476758e-06,1751,0.019690,1.517659e-06,0.039380,2.118313e-06,7.466259e-02,386,1,0,1,1,1
006_mustard_bottle,s1_complete_only_006_mustard_bottle_t9,complete_only,260,0.813504,0.032775,2.620667e-05,9.531327e-05,1901,0.021850,2.285603e-05,0.043701,3.246164e-05,7.261984e-01,504,1,0,1,1,1
006_mustard_bottle,s1_complete_only_006_mustard_bottle_t10,complete_only,0,0.890580,0.031650,5.001558e-06,1.017192e-05,1791,0.021100,5.157294e-06,0.042201,4.539187e-06,7.875245e-01,522,1,0,1,1,1
006_mustard_bottle,s1_complete_only_006_mustard_bottle_t11,complete_only,6,0.961368,0.014520,2.518539e-06,8.281681e-06,993,0.009680,2.192733e-06,0.019360,5.125276e-06,9.228448e-01,1257,1,0,1,1,1
006_mustard_bottle,s1_complete_only_006_mustard_bottle_t12,complete_only,1,0.915256,0.030836,5.963588e-06,2.322634e-05,1820,0.020557,4.576151e-06,0.041115,9.656751e-06,9.346981e-01,897,1,0,1,1,1
006_mustard_bottle,s1_complete_only_006_mustard_bottle_t13,complete_only,390,0.755536,0.032509,1.577051e-05,5.462299e-05,2054,0.021673,9.525952e-06,0.043345,2.403998e-05,1.144090e+00,825,1,0,1,1,1
006_mustard_bottle,s1_complete_only_006_mustard_bottle_t14,complete_only,11,0.837716,0.031609,9.358757e-06,1.947103e-05,1389,0.021073,8.841570e-06,0.042146,9.195233e-06,2.726993e-01,288,1,0,1,1,1
006_mustard_bottle,s1_complete_only_006_mustard_bottle_t15,complete_only,441,0.790891,0.033016,1.915833e-05,6.401654e-05,2187,0.022011,1.599281e-05,0.044021,2.284287e-05,6.468337e-01,392,1,0,1,1,1
006_mustard_bottle,s1_complete_only_006_mustard_bottle_t16,complete_only,64,0.819481,0.031864,9.482538e-06,2.150345e-05,1658,0.021243,7.583154e-06,0.042486,1.094763e-05,6.582180e-01,296,1,0,1,1,0
006_mustard_bottle,s1_complete_only_006_mustard_bottle_t17,complete_only,0,0.887210,0.033336,8.556752e-06,1.835449e-05,2186,0.022224,9.138676e-06,0.044448,7.779503e-06,5.869278e-01,440,1,0,1,1,1
006_mustard_bottle,s1_complete_only_006_mustard_bottle_t18,complete_only,6,0.961883,0.028987,1.741225e-06,5.924579e-06,1739,0.019325,1.578638e-06,0.038649,1.918501e-06,1.316868e-01,445,1,0,1,1,1
006_mustard_bottle,s1_complete_only_006_mustard_bottle_t19,complete_only,139,0.862607,0.031687,3.923631e-06,8.209360e-06,1699,0.021125,4.021854e-06,0.042249,3.458822e-06,5.568678e-01,388,1,0,1,1,1
006_mustard_bottle,s1_complete_only_006_mustard_bottle_t20,complete_only,0,0.926050,0.033509,7.435636e-06,1.546519e-05,1930,0.022340,7.317420e-06,0.044679,6.983690e-06,9.285599e-01,537,1,0,1,1,1
006_mustard_bottle,s1_complete_only_006_mustard_bottle_t21,complete_only,1,0.968020,0.017186,3.404805e-04,9.054723e-04,1546,0.011457,3.999431e-04,0.022914,2.818385e-04,7.646562e+00,1631,1,0,1,1,0
006_mustard_bottle,s1_complete_only_006_mustard_bottle_t22,complete_only,0,0.883179,0.033123,7.028233e-06,1.900863e-05,2355,0.022082,7.065164e-06,0.044164,9.184816e-06,7.572241e-01,550,1,0,1,1,1
006_mustard_bottle,s1_complete_only_006_mustard_bottle_t23,complete_only,11,0.950783,0.029150,1.623365e-06,4.035640e-06,1710,0.019433,1.660586e-06,0.038867,1.643896e-06,1.804854e-01,483,1,0,1,1,1
006_mustard_bottle,s1_complete_only_006_mustard_bottle_t24,complete_only,0,0.944969,0.033293,5.709962e-06,1.650718e-05,1878,0.022195,9.928008e-06,0.044391,5.757108e-06,2.046390e-01,201,1,0,1,1,1
011_banana,s1_complete_only_011_banana_t0,complete_only,1525,0.565475,0.032232,1.707663e-04,9.940528e-04,1561,0.021488,4.956250e-04,0.042976,8.494623e-05,1.082896e+00,517,1,0,1,1,0
011_banana,s1_complete_only_011_banana_t1,complete_only,869,0.836163,0.031763,8.597328e-05,2.498712e-04,2351,0.021175,7.622726e-05,0.042350,8.377848e-05,9.651701e-01,628,1,0,1,1,0
011_banana,s1_complete_only_011_banana_t2,complete_only,1525,0.604372,0.031679,3.926039e-05,1.350798e-04,1799,0.021119,8.816179e-05,0.042239,2.556346e-05,7.498893e-01,570,1,0,1,1,1
011_banana,s1_complete_only_011_banana_t3,complete_only,1846,0.274473,0.031615,3.802134e-04,1.575773e-03,2559,0.021077,6.959521e-04,0.042154,2.109677e-04,1.674026e+00,973,1,0,1,1,1
011_banana,s1_complete_only_011_banana_t4,complete_only,363,0.919118,0.031543,3.414990e-05,2.958090e-05,2928,0.021029,2.458196e-05,0.042057,5.621709e-05,5.452172e-01,445,1,0,1,1,0
011_banana,s1_complete_only_011_banana_t5,complete_only,1911,0.102840,0.031585,5.990487e-04,2.113743e-03,1352,0.021057,8.387107e-04,0.042114,3.722670e-04,2.032754e+00,340,1,0,1,1,0
011_banana,s1_complete_only_011_banana_t6,complete_only,1930,0.056897,0.032876,1.242288e-04,4.547307e-04,1149,0.021917,1.696898e-04,0.043835,9.824078e-05,3.276968e-01,235,1,0,1,1,0
011_banana,s1_complete_only_011_banana_t7,complete_only,909,0.836780,0.031291,1.303022e-04,4.831041e-04,1870,0.020861,7.641860e-04,0.041722,1.040613e-04,8.228927e-01,773,1,0,1,1,1
011_banana,s1_complete_only_011_banana_t8,complete_only,76,0.954336,0.032184,2.810754e-05,1.769204e-05,2581,0.021456,3.142206e-05,0.042911,3.695928e-05,4.417900e-01,457,1,0,1,1,0
011_banana,s1_complete_only_011_banana_t9,complete_only,1230,0.715992,0.032311,1.070273e-04,4.707821e-04,2306,0.021541,1.301948e-04,0.043082,1.133709e-04,8.116728e-01,488,1,0,1,1,1
011_banana,s1_complete_only_011_banana_t10,complete_only,1651,0.432301,0.032996,2.423631e-05,1.416797e-04,1580,0.021997,3.011118e-05,0.043995,2.179536e-05,3.673319e-02,89,1,0,1,1,0
011_banana,s1_complete_only_011_banana_t11,complete_only,745,0.834777,0.032549,1.131039e-04,4.533660e-04,2795,0.021699,5.192640e-04,0.043399,6.058309e-05,2.675915e+00,1394,1,0,1,1,0
011_banana,s1_complete_only_011_banana_t12,complete_only,1219,0.748146,0.031772,2.351261e-04,1.786227e-03,1979,0.021181,6.962443e-04,0.042362,1.534821e-04,1.071628e+00,791,1,0,1,1,1
011_banana,s1_complete_only_011_banana_t13,complete_only,1467,0.604552,0.032426,6.303875e-05,6.768456e-05,3562,0.021618,2.600556e-05,0.043235,9.876182e-05,3.613173e-01,318,1,0,1,1,0
011_banana,s1_complete_only_011_banana_t14,complete_only,1352,0.688042,0.032775,2.627013e-04,1.628616e-03,1729,0.021850,1.456165e-03,0.043700,1.324144e-04,1.487205e+00,565,1,0,1,1,0
011_banana,s1_complete_only_011_banana_t15,complete_only,1440,0.627115,0.030728,2.569343e-04,1.059750e-03,1289,0.020486,3.214030e-04,0.040971,1.425727e-04,2.590823e+00,988,1,0,1,1,0
011_banana,s1_complete_only_011_banana_t16,complete_only,1140,0.733202,0.032640,4.443287e-05,1.567284e-04,2249,0.021760,5.124348e-05,0.043519,5.261904e-05,1.284297e+00,770,1,0,1,1,1
011_banana,s1_complete_only_011_banana_t17,complete_only,1853,0.173938,0.031990,2.427724e-04,1.007951e-03,1014,0.021327,3.678389e-04,0.042654,1.492904e-04,3.491888e-01,213,1,0,1,1,0
011_banana,s1_complete_only_011_banana_t18,complete_only,496,0.895630,0.031224,2.295523e-05,3.780577e-05,2741,0.020816,4.248118e-05,0.041632,1.552105e-05,1.567458e+00,1195,1,0,1,1,1
011_banana,s1_complete_only_011_banana_t19,complete_only,1702,0.450377,0.032136,7.208846e-05,3.837777e-04,1556,0.021424,1.255101e-04,0.042847,4.868533e-05,8.124753e-01,278,1,0,1,1,1
011_banana,s1_complete_only_011_banana_t20,complete_only,860,0.843625,0.032827,5.692090e-05,3.105457e-04,3789,0.021885,2.969211e-05,0.043770,8.311789e-05,5.419830e-01,566,1,0,1,1,0
011_banana,s1_complete_only_011_banana_t21,complete_only,1776,0.402120,0.031900,1.577246e-04,7.068268e-04,1392,0.021267,2.613468e-04,0.042534,1.284145e-04,7.506067e-01,355,1,0,1,1,1
011_banana,s1_complete_only_011_banana_t22,complete_only,1911,0.152083,0.031807,3.352533e-04,1.486572e-03,2232,0.021205,3.731533e-04,0.042409,2.179294e-04,1.586971e+00,903,1,0,1,1,0
011_banana,s1_complete_only_011_banana_t23,complete_only,1321,0.660909,0.031857,5.397867e-05,2.611669e-04,2304,0.021238,1.032695e-04,0.042476,2.726063e-05,8.937050e-01,756,1,0,1,1,1
011_banana,s1_complete_only_011_banana_t24,complete_only,1861,0.191459,0.031546,2.603109e-05,1.276097e-04,2044,0.021031,2.015205e-05,0.042061,3.694336e-05,2.538139e-01,209,1,0,1,1,0
025_mug,s1_epi_max_025_mug_t0,complete_epi,21,0.920478,0.019955,2.474569e-06,5.408477e-06,947,0.013303,2.595289e-06,0.026607,2.888338e-06,3.297238e-01,254,1,0,1,1,1
025_mug,s1_epi_max_025_mug_t1,complete_epi,7,0.949633,0.020095,6.000605e-06,1.988058e-05,756,0.013397,5.944094e-06,0.026793,6.093295e-06,2.292888e-01,153,1,0,1,1,1
025_mug,s1_epi_max_025_mug_t2,complete_epi,30,0.937310,0.021805,2.507102e-05,7.723746e-05,514,0.014537,3.462945e-05,0.029073,2.286950e-05,3.362135e-01,121,1,0,1,1,1
025_mug,s1_epi_max_025_mug_t3,complete_epi,43,0.922008,0.021447,2.976106e-05,1.069039e-04,463,0.014298,3.091637e-05,0.028596,1.365770e-05,5.465025e-01,253,1,0,1,1,1
025_mug,s1_epi_max_025_mug_t4,complete_epi,1,0.950885,0.022213,1.253627e-05,3.561675e-05,448,0.014809,1.673783e-05,0.029617,8.516342e-06,2.447760e-01,139,1,0,1,1,1
025_mug,s1_epi_max_025_mug_t5,complete_epi,5,0.878633,0.020532,3.860066e-06,1.613582e-05,381,0.013688,3.136249e-06,0.027376,4.830495e-06,2.887416e-01,198,1,0,1,1,0
025_mug,s1_epi_max_025_mug_t6,complete_epi,141,0.921927,0.020149,2.857383e-06,1.080150e-05,718,0.013433,2.241822e-06,0.026866,3.398127e-06,2.728476e-01,270,1,0,1,1,1
025_mug,s1_epi_max_025_mug_t7,complete_epi,66,0.911354,0.020139,1.691233e-06,2.785062e-06,1049,0.013426,1.740337e-06,0.026852,1.688142e-06,3.123832e-01,317,1,0,1,1,0
025_mug,s1_epi_max_025_mug_t8,complete_epi,189,0.920669,0.024692,1.342588e-06,2.245379e-06,975,0.016462,1.412932e-06,0.032923,1.312802e-06,3.036372e-01,307,1,0,1,1,1
025_mug,s1_epi_max_025_mug_t9,complete_epi,47,0.931064,0.020828,1.339879e-06,2.383229e-06,1015,0.013885,1.254193e-06,0.027771,1.266901e-06,3.464332e-01,352,1,0,1,1,1
025_mug,s1_epi_max_025_mug_t10,complete_epi,52,0.942482,0.020710,4.726083e-06,1.284456e-05,1085,0.013807,6.380995e-06,0.027613,5.770338e-06,4.382045e-01,353,1,0,1,1,1
025_mug,s1_epi_max_025_mug_t11,complete_epi,48,0.911834,0.021274,3.765210e-06,1.294246e-05,543,0.014182,3.967554e-06,0.028365,3.932840e-06,1.781500e-01,124,1,0,1,1,1
025_mug,s1_epi_max_025_mug_t12,complete_epi,143,0.924027,0.021538,1.266440e-05,3.572861e-05,571,0.014359,1.182845e-05,0.028717,1.408278e-05,3.546067e-01,145,1,0,1,1,1
025_mug,s1_epi_max_025_mug_t13,complete_epi,109,0.907039,0.020873,6.045481e-06,2.001474e-05,458,0.013915,5.229199e-06,0.027830,7.185142e-06,7.838873e-01,368,1,0,1,1,1
025_mug,s1_epi_max_025_mug_t14,complete_epi,7,0.945488,0.019625,1.292039e-03,2.178401e-03,824,0.013083,2.003313e-03,0.026167,6.573107e-04,1.442499e+00,941,1,0,1,1,0
025_mug,s1_epi_max_025_mug_t15,complete_epi,27,0.860734,0.026840,3.560568e-06,1.111375e-05,642,0.017894,4.038255e-06,0.035787,3.107285e-06,1.426672e-01,176,1,0,1,1,1
025_mug,s1_epi_max_025_mug_t17,complete_epi,150,0.899469,0.019788,2.257384e-06,5.237367e-06,184,0.013192,2.960076e-06,0.026385,1.789117e-06,1.396311e-02,39,1,0,1,1,1
025_mug,s1_epi_max_025_mug_t18,complete_epi,59,0.937694,0.021431,1.600888e-06,3.767953e-06,884,0.014287,1.603916e-06,0.028574,1.599510e-06,3.214810e-01,292,1,0,1,1,1
025_mug,s1_epi_max_025_mug_t19,complete_epi,36,0.922301,0.020831,1.127011e-06,2.106044e-06,667,0.013888,9.481849e-07,0.027775,1.711169e-06,0.000000e+00,104,1,0,1,1,1
025_mug,s1_epi_max_025_mug_t20,complete_epi,394,0.806233,0.010723,1.072408e-07,2.252994e-07,2874,0.007148,7.258123e-08,0.014297,1.230588e-07,2.836032e+00,6446,1,0,1,1,1
025_mug,s1_epi_max_025_mug_t21,complete_epi,30,0.955886,0.019835,1.080062e-06,1.914232e-06,611,0.013223,1.045429e-06,0.026446,1.120210e-06,8.717369e-02,128,1,0,1,1,0
025_mug,s1_epi_max_025_mug_t22,complete_epi,52,0.917958,0.020084,2.525328e-08,0.000000e+00,237,0.013389,0.000000e+00,0.026778,8.492340e-07,0.000000e+00,85,1,0,1,1,1
025_mug,s1_epi_max_025_mug_t23,complete_epi,10,0.868416,0.020430,2.835489e-06,1.214681e-05,1226,0.013620,2.546841e-06,0.027239,3.064569e-06,2.967321e-01,273,1,0,1,1,1
025_mug,s1_epi_max_025_mug_t24,complete_epi,103,0.899901,0.020069,1.756101e-06,4.402345e-06,172,0.013379,1.249272e-06,0.026758,1.759200e-06,0.000000e+00,39,1,0,1,1,1
051_large_clamp,s1_epi_max_051_large_clamp_t0,complete_epi,0,0.960744,0.029898,9.723605e-07,4.115701e-06,925,0.019932,1.440447e-07,0.039864,1.134042e-06,0.000000e+00,159,1,0,1,1,0
051_large_clamp,s1_epi_max_051_large_clamp_t1,complete_epi,3,0.969445,0.032394,7.662094e-05,4.553599e-04,933,0.021596,2.605638e-04,0.043192,4.277985e-05,3.274225e-01,274,1,0,1,1,1
051_large_clamp,s1_epi_max_051_large_clamp_t3,complete_epi,110,0.926746,0.031463,5.649658e-05,2.244353e-04,1928,0.020976,3.396661e-05,0.041951,4.979921e-05,1.924870e+00,768,1,0,1,1,1
051_large_clamp,s1_epi_max_051_large_clamp_t4,complete_epi,13,0.948705,0.031958,2.363582e-06,3.694400e-06,1265,0.021305,4.853057e-07,0.042611,5.579786e-06,3.361112e-03,156,1,0,1,1,1
051_large_clamp,s1_epi_max_051_large_clamp_t5,complete_epi,2,0.960869,0.032798,4.137464e-06,1.716236e-05,2282,0.021865,6.890067e-06,0.043731,4.935539e-06,3.325582e-01,277,1,0,1,1,0
051_large_clamp,s1_epi_max_051_large_clamp_t6,complete_epi,13,0.958907,0.029936,5.475108e-07,1.269429e-06,932,0.019957,0.000000e+00,0.039914,7.396777e-07,0.000000e+00,132,1,0,1,1,0
051_large_clamp,s1_epi_max_051_large_clamp_t7,complete_epi,9,0.970647,0.032239,7.576714e-05,3.446080e-04,1420,0.021493,1.647462e-04,0.042986,3.213089e-05,4.393179e-01,290,1,0,1,1,0
051_large_clamp,s1_epi_max_051_large_clamp_t8,complete_epi,19,0.972800,0.022406,6.602429e-06,4.805938e-06,1372,0.014938,9.839053e-06,0.029875,8.009638e-06,1.259289e+00,1524,1,0,1,1,0
051_large_clamp,s1_epi_max_051_large_clamp_t9,complete_epi,0,0.962604,0.032000,2.226206e-06,3.696265e-06,840,0.021333,1.627830e-06,0.042667,2.977796e-06,0.000000e+00,159,1,0,1,1,1
051_large_clamp,s1_epi_max_051_large_clamp_t10,complete_epi,33,0.953322,0.030467,1.748841e-07,1.088797e-06,611,0.020311,0.000000e+00,0.040623,7.241804e-07,0.000000e+00,136,1,0,1,1,0
051_large_clamp,s1_epi_max_051_large_clamp_t11,complete_epi,74,0.936014,0.032172,6.538618e-05,2.187235e-04,1902,0.021448,8.805328e-05,0.042896,4.672954e-05,1.899243e+00,794,1,0,1,1,1
051_large_clamp,s1_epi_max_051_large_clamp_t12,complete_epi,3,0.953518,0.030385,2.470936e-07,1.300867e-06,1153,0.020257,3.659144e-07,0.040514,4.023674e-07,0.000000e+00,227,1,0,1,1,0
051_large_clamp,s1_epi_max_051_large_clamp_t13,complete_epi,42,0.938427,0.032216,3.256309e-05,8.524914e-05,2825,0.021477,9.835491e-06,0.042954,3.420654e-05,2.057623e-01,163,1,0,1,1,1
051_large_clamp,s1_epi_max_051_large_clamp_t14,complete_epi,0,0.960499,0.029592,1.296496e-08,0.000000e+00,539,0.019728,0.000000e+00,0.039456,8.087602e-07,0.000000e+00,159,1,0,1,1,0
051_large_clamp,s1_epi_max_051_large_clamp_t15,complete_epi,26,0.960524,0.030138,5.597257e-06,1.315048e-05,1524,0.020092,4.228375e-06,0.040184,6.642297e-06,1.009633e-01,183,1,0,1,1,1
051_large_clamp,s1_epi_max_051_large_clamp_t16,complete_epi,5,0.963814,0.032888,2.664198e-06,1.649194e-05,1494,0.021925,4.689229e-06,0.043850,2.681321e-06,7.312653e-02,204,1,0,1,1,1
051_large_clamp,s1_epi_max_051_large_clamp_t17,complete_epi,75,0.927099,0.032124,1.590975e-07,2.713290e-06,676,0.021416,0.000000e+00,0.042831,9.701119e-07,0.000000e+00,147,1,0,1,1,1
051_large_clamp,s1_epi_max_051_large_clamp_t18,complete_epi,0,0.958073,0.035955,8.833839e-07,3.441278e-06,2141,0.023970,8.753570e-07,0.047941,1.238807e-06,1.054631e-01,286,1,0,1,1,0
051_large_clamp,s1_epi_max_051_large_clamp_t19,complete_epi,68,0.952853,0.030509,1.954688e-06,5.558679e-06,2494,0.020339,2.074307e-06,0.040679,2.634085e-06,5.234756e-01,509,1,0,1,1,1
051_large_clamp,s1_epi_max_051_large_clamp_t20,complete_epi,195,0.872229,0.055975,1.829848e-05,9.850321e-06,3856,0.037317,7.123106e-06,0.074634,3.349281e-05,0.000000e+00,119,1,0,1,1,1
051_large_clamp,s1_epi_max_051_large_clamp_t21,complete_epi,24,0.942590,0.031708,0.000000e+00,0.000000e+00,632,0.021139,0.000000e+00,0.042278,4.284226e-07,0.000000e+00,146,1,0,1,1,0
051_large_clamp,s1_epi_max_051_large_clamp_t22,complete_epi,93,0.924366,0.031563,0.000000e+00,0.000000e+00,599,0.021042,0.000000e+00,0.042084,0.000000e+00,0.000000e+00,149,1,0,1,1,0
051_large_clamp,s1_epi_max_051_large_clamp_t23,complete_epi,1,0.976004,0.026164,9.711851e-06,4.949403e-05,2249,0.017442,1.103439e-05,0.034885,1.161038e-05,5.206686e-01,513,1,0,1,1,1
051_large_clamp,s1_epi_max_051_large_clamp_t24,complete_epi,170,0.917716,0.031668,0.000000e+00,0.000000e+00,622,0.021112,0.000000e+00,0.042224,7.427952e-07,0.000000e+00,139,1,0,1,1,1
022_windex_bottle,s1_epi_mean_022_windex_bottle_t0,complete_epi,0,0.944807,0.044633,3.327275e-06,1.463156e-05,1397,0.029755,2.543488e-06,0.059510,4.376369e-05,0.000000e+00,87,1,0,1,1,0
022_windex_bottle,s1_epi_mean_022_windex_bottle_t1,complete_epi,0,0.938488,0.039436,3.321013e-05,4.196974e-04,2451,0.026291,1.129787e-04,0.052582,4.603529e-05,1.418356e+00,767,1,0,1,1,0
022_windex_bottle,s1_epi_mean_022_windex_bottle_t2,complete_epi,0,0.953170,0.028788,2.987491e-05,2.781667e-04,4518,0.019192,1.750841e-04,0.038384,8.326434e-05,2.898854e+00,2233,1,0,1,1,0
022_windex_bottle,s1_epi_mean_022_windex_bottle_t3,complete_epi,3,0.955470,0.042353,1.206376e-05,2.007348e-05,1398,0.028235,7.937789e-06,0.056470,4.861214e-05,1.562334e-01,224,1,0,1,1,0
022_windex_bottle,s1_epi_mean_022_windex_bottle_t4,complete_epi,13,0.926742,0.042776,8.362413e-05,8.014851e-04,1550,0.028517,1.517909e-04,0.057035,7.960583e-05,3.087565e-01,35,1,0,1,1,0
022_windex_bottle,s1_epi_mean_022_windex_bottle_t5,complete_epi,5,0.933060,0.040957,9.771511e-06,4.421044e-05,902,0.027305,5.035666e-06,0.054610,3.899688e-05,0.000000e+00,99,1,0,1,1,0
022_windex_bottle,s1_epi_mean_022_windex_bottle_t6,complete_epi,0,0.952513,0.045216,2.880276e-05,8.318082e-05,2035,0.030144,9.596506e-06,0.060288,1.090391e-04,9.109607e-01,590,1,0,1,1,0
022_windex_bottle,s1_epi_mean_022_windex_bottle_t7,complete_epi,1,0.923339,0.038693,1.598295e-05,1.064224e-04,3044,0.025795,7.155485e-05,0.051590,3.536381e-05,4.316390e-01,239,1,0,1,1,0
022_windex_bottle,s1_epi_mean_022_windex_bottle_t8,complete_epi,568,0.742700,0.041225,5.347600e-06,1.630579e-05,5360,0.027483,3.853313e-06,0.054966,1.050274e-05,3.956074e-01,365,1,0,1,1,0
022_windex_bottle,s1_epi_mean_022_windex_bottle_t9,complete_epi,267,0.848086,0.044371,6.342404e-06,2.386972e-05,3655,0.029580,4.818578e-06,0.059161,1.577625e-05,9.440331e-03,16,1,0,1,1,1
022_windex_bottle,s1_epi_mean_022_windex_bottle_t10,complete_epi,6,0.881177,0.044757,5.894326e-05,5.497514e-04,2374,0.029838,3.983519e-05,0.059676,1.806925e-04,1.045267e+00,589,1,0,1,1,0
022_windex_bottle,s1_epi_mean_022_windex_bottle_t11,complete_epi,10,0.916549,0.029283,2.305003e-06,4.870902e-06,1384,0.019522,1.810433e-06,0.039044,8.199773e-06,1.794019e-01,269,1,0,1,1,0
022_windex_bottle,s1_epi_mean_022_windex_bottle_t12,complete_epi,1121,0.540382,0.038254,3.091943e-05,1.102335e-04,2445,0.025503,4.598338e-05,0.051006,4.407386e-05,1.277781e+00,498,1,0,1,1,0
022_windex_bottle,s1_epi_mean_022_windex_bottle_t13,complete_epi,369,0.862469,0.044214,4.180292e-06,1.106457e-05,6142,0.029476,2.754287e-06,0.058952,9.930996e-06,1.060092e+00,769,1,0,1,1,0
022_windex_bottle,s1_epi_mean_022_windex_bottle_t14,complete_epi,14,0.941072,0.044633,1.341010e-05,6.177626e-05,1100,0.029755,2.567733e-06,0.059511,7.856293e-05,0.000000e+00,73,1,0,1,1,0
022_windex_bottle,s1_epi_mean_022_windex_bottle_t15,complete_epi,1,0.957293,0.041688,2.203530e-05,1.285961e-04,933,0.027792,1.801986e-05,0.055584,6.383882e-05,1.158124e-02,145,1,0,1,1,0
022_windex_bottle,s1_epi_mean_022_windex_bottle_t16,complete_epi,279,0.801864,0.040447,1.974623e-04,2.457615e-03,2095,0.026964,6.343571e-04,0.053929,3.017075e-04,2.959195e+00,894,1,0,1,1,0
022_windex_bottle,s1_epi_mean_022_windex_bottle_t17,complete_epi,0,0.955791,0.042270,2.214756e-05,9.972144e-05,1061,0.028180,2.186608e-05,0.056360,5.265082e-05,2.810167e-01,211,1,0,1,1,0
022_windex_bottle,s1_epi_mean_022_windex_bottle_t18,complete_epi,546,0.808406,0.040223,2.285852e-05,2.059489e-04,4208,0.026815,3.209988e-05,0.053630,2.626404e-05,8.759652e-01,497,1,0,1,1,0
022_windex_bottle,s1_epi_mean_022_windex_bottle_t19,complete_epi,0,0.953628,0.042211,1.638271e-05,9.390606e-05,2016,0.028141,1.174436e-05,0.056282,5.835587e-05,1.078028e+00,420,1,0,1,1,0
022_windex_bottle,s1_epi_mean_022_windex_bottle_t20,complete_epi,2,0.952219,0.040268,2.220028e-05,1.200015e-04,1965,0.026845,3.333176e-05,0.053691,5.047409e-05,2.313448e-01,125,1,0,1,1,1
022_windex_bottle,s1_epi_mean_022_windex_bottle_t21,complete_epi,2,0.953722,0.042405,1.853011e-05,1.806156e-04,1234,0.028270,6.178965e-06,0.056540,5.315081e-05,3.496987e-01,261,1,0,1,1,0
022_windex_bottle,s1_epi_mean_022_windex_bottle_t22,complete_epi,1,0.955147,0.042719,1.147178e-05,1.280261e-04,1097,0.028480,8.909125e-06,0.056959,6.592098e-05,4.854592e-01,356,1,0,1,1,0
022_windex_bottle,s1_epi_mean_022_windex_bottle_t23,complete_epi,537,0.768841,0.038768,6.173516e-05,5.185612e-04,2946,0.025845,7.510661e-05,0.051691,1.214882e-04,6.956020e-01,412,1,0,1,1,0
022_windex_bottle,s1_epi_mean_022_windex_bottle_t24,complete_epi,0,0.944913,0.043019,3.107693e-05,1.176260e-04,1629,0.028680,1.519151e-05,0.057359,8.988122e-05,6.839076e-01,251,1,0,1,1,0
006_mustard_bottle,s1_hetero_patch_006_mustard_bottle_t0,hetero_patch,0,0.866483,0.031806,9.713918e-06,2.086491e-05,1434,0.021204,1.046541e-05,0.042408,7.691853e-06,2.789947e-01,233,1,0,1,1,1
006_mustard_bottle,s1_hetero_patch_006_mustard_bottle_t1,hetero_patch,22,0.832826,0.031777,6.082017e-06,1.499481e-05,1534,0.021184,6.776105e-06,0.042369,5.336596e-06,1.071139e-01,281,1,0,1,1,1
006_mustard_bottle,s1_hetero_patch_006_mustard_bottle_t2,hetero_patch,12,0.911603,0.030765,5.903941e-06,1.707637e-05,1306,0.020510,6.527997e-06,0.041019,5.668764e-06,2.106575e-01,204,1,0,1,1,1
006_mustard_bottle,s1_hetero_patch_006_mustard_bottle_t3,hetero_patch,31,0.928060,0.016362,2.843232e-06,8.799351e-06,1850,0.010908,2.735306e-06,0.021816,2.965892e-06,1.802983e+00,1938,1,0,1,1,0
006_mustard_bottle,s1_hetero_patch_006_mustard_bottle_t4,hetero_patch,0,0.893836,0.032130,5.837762e-06,1.222466e-05,1517,0.021420,6.320261e-06,0.042840,5.366481e-06,2.681366e-01,275,1,0,1,1,1
006_mustard_bottle,s1_hetero_patch_006_mustard_bottle_t5,hetero_patch,42,0.809252,0.032458,8.940147e-06,3.104075e-05,2088,0.021639,6.657483e-06,0.043277,1.103389e-05,5.801518e-01,552,1,0,1,1,1
006_mustard_bottle,s1_hetero_patch_006_mustard_bottle_t7,hetero_patch,0,0.869052,0.032523,5.689784e-06,1.364676e-05,1725,0.021682,5.914436e-06,0.043365,5.394264e-06,2.450217e-01,211,1,0,1,1,1
006_mustard_bottle,s1_hetero_patch_006_mustard_bottle_t8,hetero_patch,7,0.939250,0.029709,2.605649e-06,5.660168e-06,1617,0.019806,2.245017e-06,0.039612,2.753672e-06,5.299941e-01,667,1,0,1,1,1
006_mustard_bottle,s1_hetero_patch_006_mustard_bottle_t9,hetero_patch,63,0.791366,0.032901,1.432162e-05,4.440553e-05,1746,0.021934,9.653716e-06,0.043868,1.689309e-05,5.833515e-01,479,1,0,1,1,1
006_mustard_bottle,s1_hetero_patch_006_mustard_bottle_t10,hetero_patch,3,0.889750,0.031950,5.962366e-06,1.214974e-05,1629,0.021300,6.735761e-06,0.042600,5.504735e-06,6.327256e-01,423,1,0,1,1,1
006_mustard_bottle,s1_hetero_patch_006_mustard_bottle_t11,hetero_patch,0,0.964639,0.018899,3.262621e-05,7.309750e-05,813,0.012599,3.154646e-05,0.025199,3.319127e-05,1.406495e+00,731,1,0,1,1,0
006_mustard_bottle,s1_hetero_patch_006_mustard_bottle_t12,hetero_patch,0,0.931731,0.030773,4.719899e-06,1.164221e-05,1807,0.020515,3.438772e-06,0.041031,5.241777e-06,4.543865e-01,734,1,0,1,1,1
006_mustard_bottle,s1_hetero_patch_006_mustard_bottle_t13,hetero_patch,597,0.743902,0.032528,1.181057e-05,4.131447e-05,2084,0.021685,8.108139e-06,0.043371,1.401726e-05,9.794338e-01,760,1,0,1,1,1
006_mustard_bottle,s1_hetero_patch_006_mustard_bottle_t14,hetero_patch,111,0.915036,0.019081,9.821973e-06,1.952799e-05,1714,0.012721,9.546756e-06,0.025441,9.304692e-06,1.627454e+00,1448,1,0,1,1,0
006_mustard_bottle,s1_hetero_patch_006_mustard_bottle_t15,hetero_patch,341,0.806711,0.032854,1.103607e-05,3.092289e-05,2081,0.021903,9.143557e-06,0.043806,1.191375e-05,5.035924e-01,361,1,0,1,1,1
006_mustard_bottle,s1_hetero_patch_006_mustard_bottle_t16,hetero_patch,11,0.939122,0.032288,5.032370e-06,1.000124e-05,1777,0.021525,5.145050e-06,0.043051,4.379479e-06,4.858879e-01,259,1,0,1,1,0
006_mustard_bottle,s1_hetero_patch_006_mustard_bottle_t17,hetero_patch,0,0.874903,0.033247,8.788678e-06,2.263205e-05,1994,0.022165,8.856666e-06,0.044330,8.519472e-06,5.685878e-01,411,1,0,1,1,1
006_mustard_bottle,s1_hetero_patch_006_mustard_bottle_t19,hetero_patch,128,0.869089,0.031524,5.006720e-06,9.671575e-06,1605,0.021016,5.362275e-06,0.042032,4.586816e-06,5.030821e-01,420,1,0,1,1,1
006_mustard_bottle,s1_hetero_patch_006_mustard_bottle_t20,hetero_patch,0,0.909273,0.032132,5.595898e-06,1.184900e-05,1663,0.021421,6.216148e-06,0.042843,5.361841e-06,3.546243e-01,306,1,0,1,1,1
006_mustard_bottle,s1_hetero_patch_006_mustard_bottle_t21,hetero_patch,5,0.942661,0.020241,6.185377e-05,1.341083e-04,1133,0.013494,8.582592e-05,0.026988,2.792646e-05,7.214792e-01,311,1,0,1,1,0
006_mustard_bottle,s1_hetero_patch_006_mustard_bottle_t22,hetero_patch,6,0.859807,0.033090,6.516269e-06,1.815549e-05,2354,0.022060,6.385194e-06,0.044119,6.848214e-06,5.640246e-01,435,1,0,1,1,1
006_mustard_bottle,s1_hetero_patch_006_mustard_bottle_t23,hetero_patch,9,0.956384,0.029159,1.928121e-06,4.566454e-06,1680,0.019439,1.799412e-06,0.038879,2.093842e-06,2.951143e-01,554,1,0,1,1,1
006_mustard_bottle,s1_hetero_patch_006_mustard_bottle_t24,hetero_patch,0,0.924721,0.033106,9.887821e-06,2.681829e-05,2163,0.022071,1.197699e-05,0.044142,9.749884e-06,5.626620e-01,453,1,0,1,1,1
011_banana,s1_hetero_patch_011_banana_t0,hetero_patch,1485,0.592445,0.032232,5.370415e-06,2.285113e-05,2194,0.021488,5.976109e-06,0.042976,6.640480e-06,2.331187e-01,267,1,0,1,1,0
011_banana,s1_hetero_patch_011_banana_t1,hetero_patch,925,0.823673,0.031774,1.762598e-05,5.630909e-05,2263,0.021183,1.515119e-05,0.042365,1.391301e-05,6.869847e-01,580,1,0,1,1,0
011_banana,s1_hetero_patch_011_banana_t2,hetero_patch,1207,0.779942,0.031773,6.984808e-06,2.598184e-05,1772,0.021182,1.138891e-05,0.042364,7.525076e-06,2.342797e-01,353,1,0,1,1,0
011_banana,s1_hetero_patch_011_banana_t3,hetero_patch,1836,0.317991,0.031616,1.552141e-05,8.305066e-05,1260,0.021077,5.392343e-05,0.042154,2.138188e-05,5.459164e-01,402,1,0,1,1,0
011_banana,s1_hetero_patch_011_banana_t4,hetero_patch,1444,0.608727,0.031757,8.836465e-06,2.720363e-05,2156,0.021171,9.646016e-06,0.042342,1.037866e-05,6.165658e-01,490,1,0,1,1,1
011_banana,s1_hetero_patch_011_banana_t5,hetero_patch,1908,0.084257,0.032208,2.728600e-05,1.176985e-04,2573,0.021472,3.283525e-05,0.042945,2.126333e-05,8.239956e-01,625,1,0,1,1,1
011_banana,s1_hetero_patch_011_banana_t6,hetero_patch,1954,0.036531,0.032896,3.627648e-05,1.231357e-04,2831,0.021930,4.730793e-05,0.043861,2.932415e-05,1.462054e+00,656,1,0,1,1,0
011_banana,s1_hetero_patch_011_banana_t7,hetero_patch,1037,0.818140,0.031241,1.931982e-05,6.174738e-05,1634,0.020827,6.223272e-05,0.041654,1.496758e-05,3.051010e-01,303,1,0,1,1,1
011_banana,s1_hetero_patch_011_banana_t8,hetero_patch,968,0.816142,0.031505,8.592098e-06,3.851968e-05,1995,0.021003,2.057191e-05,0.042007,5.807985e-06,5.568319e-01,541,1,0,1,1,1
011_banana,s1_hetero_patch_011_banana_t9,hetero_patch,1462,0.600905,0.032204,1.525834e-05,9.938197e-05,3142,0.021469,1.641673e-05,0.042939,1.877673e-05,8.603196e-01,670,1,0,1,1,1
011_banana,s1_hetero_patch_011_banana_t10,hetero_patch,1687,0.416661,0.032904,1.972362e-05,6.484150e-05,1313,0.021936,3.284044e-05,0.043872,1.690618e-05,2.227681e-01,161,1,0,1,1,0
011_banana,s1_hetero_patch_011_banana_t11,hetero_patch,107,0.945477,0.032594,8.222486e-06,2.917968e-05,2860,0.021729,8.862639e-06,0.043458,1.050672e-05,3.113219e-01,361,1,0,1,1,1
011_banana,s1_hetero_patch_011_banana_t12,hetero_patch,803,0.828361,0.031645,9.263635e-06,3.703673e-05,3003,0.021097,1.046532e-05,0.042193,9.939343e-06,1.161576e+00,841,1,0,1,1,1
011_banana,s1_hetero_patch_011_banana_t13,hetero_patch,1505,0.575949,0.031123,3.547854e-05,1.540365e-04,1591,0.020748,8.254425e-05,0.041497,2.935239e-05,1.225992e+00,622,1,0,1,1,0
011_banana,s1_hetero_patch_011_banana_t14,hetero_patch,1565,0.547324,0.032062,8.621700e-06,4.536279e-05,1409,0.021375,1.904131e-05,0.042750,8.020233e-06,2.207942e-01,231,1,0,1,1,0
011_banana,s1_hetero_patch_011_banana_t15,hetero_patch,1916,0.089815,0.030527,1.340664e-05,5.934867e-05,3321,0.020351,1.873109e-05,0.040702,1.475089e-05,5.957686e-01,569,1,0,1,1,0
011_banana,s1_hetero_patch_011_banana_t16,hetero_patch,1226,0.678951,0.032634,9.513734e-06,3.818458e-05,2256,0.021756,1.528924e-05,0.043512,9.253083e-06,9.265883e-01,719,1,0,1,1,1
011_banana,s1_hetero_patch_011_banana_t17,hetero_patch,1910,0.103662,0.032000,2.002809e-05,7.737104e-05,3213,0.021333,2.205668e-05,0.042667,1.962316e-05,1.052180e+00,954,1,0,1,1,1
011_banana,s1_hetero_patch_011_banana_t18,hetero_patch,593,0.891754,0.031200,4.585609e-06,1.276057e-05,2961,0.020800,5.211373e-06,0.041600,4.297483e-06,2.651965e-01,332,1,0,1,1,0
011_banana,s1_hetero_patch_011_banana_t19,hetero_patch,1354,0.687492,0.032163,1.752379e-05,7.854733e-05,3196,0.021442,1.664478e-05,0.042883,1.873746e-05,1.244153e+00,756,1,0,1,1,0
011_banana,s1_hetero_patch_011_banana_t20,hetero_patch,958,0.808916,0.033097,7.093688e-06,2.627950e-05,2798,0.022065,6.609851e-06,0.044129,8.194172e-06,4.289389e-01,356,1,0,1,1,0
011_banana,s1_hetero_patch_011_banana_t21,hetero_patch,1833,0.321768,0.031912,2.432941e-05,9.052789e-05,1449,0.021274,2.527619e-05,0.042549,1.767829e-05,3.701974e-01,287,1,0,1,1,1
011_banana,s1_hetero_patch_011_banana_t22,hetero_patch,1927,0.089689,0.031766,1.995196e-05,9.535004e-05,1433,0.021178,2.549502e-05,0.042355,2.190930e-05,2.611696e-01,248,1,0,1,1,0
011_banana,s1_hetero_patch_011_banana_t23,hetero_patch,1449,0.598038,0.031857,1.818353e-05,5.797568e-05,1798,0.021238,7.680658e-05,0.042476,7.566006e-06,6.045601e-01,580,1,0,1,1,0
011_banana,s1_hetero_patch_011_banana_t24,hetero_patch,1927,0.095279,0.031665,2.956321e-05,1.238797e-04,1722,0.021110,4.941211e-05,0.042220,2.178739e-05,1.119007e+00,588,1,0,1,1,0
025_mug,s1_duarte_mcd_025_mug_t0,duarte_mcd,26,0.934144,,,,,,,,,1.420365e-01,166,1,0,1,1,1
025_mug,s1_duarte_mcd_025_mug_t1,duarte_mcd,1,0.930447,,,,,,,,,1.130560e-01,113,1,0,1,1,1
025_mug,s1_duarte_mcd_025_mug_t2,duarte_mcd,273,0.921982,,,,,,,,,2.270660e-01,194,1,0,1,1,1
025_mug,s1_duarte_mcd_025_mug_t3,duarte_mcd,448,0.732196,,,,,,,,,0.000000e+00,131,1,0,1,1,0
025_mug,s1_duarte_mcd_025_mug_t4,duarte_mcd,28,0.948565,,,,,,,,,1.423328e-01,121,1,0,1,1,1
025_mug,s1_duarte_mcd_025_mug_t5,duarte_mcd,0,0.929940,,,,,,,,,6.440091e-02,83,1,0,1,1,1
025_mug,s1_duarte_mcd_025_mug_t7,duarte_mcd,44,0.919370,,,,,,,,,1.416675e-01,116,1,0,1,1,0
025_mug,s1_duarte_mcd_025_mug_t8,duarte_mcd,34,0.941394,,,,,,,,,8.122364e-02,98,1,0,1,1,1
025_mug,s1_duarte_mcd_025_mug_t9,duarte_mcd,54,0.922167,,,,,,,,,3.825094e-01,305,1,0,1,1,1
025_mug,s1_duarte_mcd_025_mug_t10,duarte_mcd,34,0.914645,,,,,,,,,1.697406e-01,206,1,0,1,1,1
025_mug,s1_duarte_mcd_025_mug_t11,duarte_mcd,47,0.941643,,,,,,,,,1.760432e-01,209,1,0,1,1,0
025_mug,s1_duarte_mcd_025_mug_t12,duarte_mcd,11,0.940523,,,,,,,,,3.011878e-01,156,1,0,1,1,1
025_mug,s1_duarte_mcd_025_mug_t13,duarte_mcd,40,0.922715,,,,,,,,,7.923073e-02,151,1,0,1,1,1
025_mug,s1_duarte_mcd_025_mug_t15,duarte_mcd,1,0.954691,,,,,,,,,2.377549e-01,216,1,0,1,1,1
025_mug,s1_duarte_mcd_025_mug_t16,duarte_mcd,46,0.828848,,,,,,,,,6.933083e-02,103,1,0,1,1,1
025_mug,s1_duarte_mcd_025_mug_t17,duarte_mcd,947,0.686365,,,,,,,,,1.980160e+00,6870,1,0,1,1,0
025_mug,s1_duarte_mcd_025_mug_t18,duarte_mcd,54,0.939659,,,,,,,,,1.372882e-01,128,1,0,1,1,1
025_mug,s1_duarte_mcd_025_mug_t20,duarte_mcd,25,0.954698,,,,,,,,,1.159087e-01,104,1,0,1,1,1
025_mug,s1_duarte_mcd_025_mug_t22,duarte_mcd,109,0.921280,,,,,,,,,1.330192e-01,220,1,0,1,1,1
025_mug,s1_duarte_mcd_025_mug_t23,duarte_mcd,11,0.932365,,,,,,,,,4.356150e-02,59,1,0,1,1,1
025_mug,s1_duarte_mcd_025_mug_t24,duarte_mcd,118,0.917471,,,,,,,,,1.124961e-01,135,1,0,1,1,1
051_large_clamp,s1_duarte_mcd_051_large_clamp_t0,duarte_mcd,0,0.967021,,,,,,,,,0.000000e+00,161,1,0,1,1,0
051_large_clamp,s1_duarte_mcd_051_large_clamp_t1,duarte_mcd,31,0.953129,,,,,,,,,8.539528e-03,183,1,0,1,1,0
051_large_clamp,s1_duarte_mcd_051_large_clamp_t3,duarte_mcd,34,0.933207,,,,,,,,,0.000000e+00,136,1,0,1,1,0
051_large_clamp,s1_duarte_mcd_051_large_clamp_t4,duarte_mcd,82,0.945551,,,,,,,,,0.000000e+00,149,1,0,1,1,1
051_large_clamp,s1_duarte_mcd_051_large_clamp_t5,duarte_mcd,4,0.963273,,,,,,,,,9.534861e-02,193,1,0,1,1,1
051_large_clamp,s1_duarte_mcd_051_large_clamp_t6,duarte_mcd,2,0.960465,,,,,,,,,0.000000e+00,138,1,0,1,1,0
051_large_clamp,s1_duarte_mcd_051_large_clamp_t7,duarte_mcd,161,0.951222,,,,,,,,,0.000000e+00,170,1,0,1,1,1
051_large_clamp,s1_duarte_mcd_051_large_clamp_t8,duarte_mcd,0,0.974755,,,,,,,,,0.000000e+00,251,1,0,1,1,0
051_large_clamp,s1_duarte_mcd_051_large_clamp_t9,duarte_mcd,3,0.962885,,,,,,,,,0.000000e+00,166,1,0,1,1,1
051_large_clamp,s1_duarte_mcd_051_large_clamp_t10,duarte_mcd,147,0.939155,,,,,,,,,0.000000e+00,146,1,0,1,1,0
051_large_clamp,s1_duarte_mcd_051_large_clamp_t11,duarte_mcd,6,0.956856,,,,,,,,,0.000000e+00,136,1,0,1,1,1
051_large_clamp,s1_duarte_mcd_051_large_clamp_t12,duarte_mcd,22,0.950309,,,,,,,,,2.076462e-02,123,1,0,1,1,0
051_large_clamp,s1_duarte_mcd_051_large_clamp_t13,duarte_mcd,3,0.962004,,,,,,,,,0.000000e+00,155,1,0,1,1,1
051_large_clamp,s1_duarte_mcd_051_large_clamp_t14,duarte_mcd,6,0.958183,,,,,,,,,0.000000e+00,103,1,0,1,1,0
051_large_clamp,s1_duarte_mcd_051_large_clamp_t15,duarte_mcd,1,0.971912,,,,,,,,,1.406760e-01,220,1,0,1,1,0
051_large_clamp,s1_duarte_mcd_051_large_clamp_t16,duarte_mcd,184,0.951388,,,,,,,,,0.000000e+00,185,1,0,1,1,1
051_large_clamp,s1_duarte_mcd_051_large_clamp_t17,duarte_mcd,100,0.931067,,,,,,,,,0.000000e+00,135,1,0,1,1,1
051_large_clamp,s1_duarte_mcd_051_large_clamp_t18,duarte_mcd,113,0.971473,,,,,,,,,7.855614e-01,1436,1,0,1,1,0
051_large_clamp,s1_duarte_mcd_051_large_clamp_t19,duarte_mcd,44,0.966459,,,,,,,,,1.276813e-01,227,1,0,1,1,0
051_large_clamp,s1_duarte_mcd_051_large_clamp_t20,duarte_mcd,19,0.946142,,,,,,,,,0.000000e+00,143,1,0,1,1,1
051_large_clamp,s1_duarte_mcd_051_large_clamp_t21,duarte_mcd,101,0.924661,,,,,,,,,0.000000e+00,136,1,0,1,1,1
051_large_clamp,s1_duarte_mcd_051_large_clamp_t22,duarte_mcd,55,0.931366,,,,,,,,,0.000000e+00,141,1,0,1,1,1
051_large_clamp,s1_duarte_mcd_051_large_clamp_t23,duarte_mcd,0,0.981350,,,,,,,,,6.619644e-02,274,1,0,1,1,0
051_large_clamp,s1_duarte_mcd_051_large_clamp_t24,duarte_mcd,107,0.928806,,,,,,,,,0.000000e+00,142,1,0,1,1,0
022_windex_bottle,s2_partial_only_022_windex_bottle_t0,partial_only,2,0.948492,,,,,,,,,,,1,0,1,1,1
022_windex_bottle,s2_partial_only_022_windex_bottle_t1,partial_only,0,0.930541,,,,,,,,,,,1,0,1,1,1
022_windex_bottle,s2_partial_only_022_windex_bottle_t2,partial_only,20,0.947886,,,,,,,,,,,1,0,1,1,1
022_windex_bottle,s2_partial_only_022_windex_bottle_t3,partial_only,106,0.934386,,,,,,,,,,,1,0,1,1,0
022_windex_bottle,s2_partial_only_022_windex_bottle_t4,partial_only,8,0.944971,,,,,,,,,,,1,0,1,1,1
022_windex_bottle,s2_partial_only_022_windex_bottle_t5,partial_only,200,0.870358,,,,,,,,,,,1,0,1,1,1
022_windex_bottle,s2_partial_only_022_windex_bottle_t6,partial_only,355,0.885516,,,,,,,,,,,1,0,1,1,0
022_windex_bottle,s2_partial_only_022_windex_bottle_t7,partial_only,0,0.947386,,,,,,,,,,,1,0,1,1,1
022_windex_bottle,s2_partial_only_022_windex_bottle_t8,partial_only,0,0.929998,,,,,,,,,,,1,0,1,1,0
022_windex_bottle,s2_partial_only_022_windex_bottle_t9,partial_only,1,0.948663,,,,,,,,,,,1,0,1,1,0
022_windex_bottle,s2_partial_only_022_windex_bottle_t10,partial_only,0,0.926041,,,,,,,,,,,1,0,1,1,0
022_windex_bottle,s2_partial_only_022_windex_bottle_t11,partial_only,0,0.920869,,,,,,,,,,,1,0,1,1,0
022_windex_bottle,s2_partial_only_022_windex_bottle_t12,partial_only,6,0.931303,,,,,,,,,,,1,0,1,1,0
022_windex_bottle,s2_partial_only_022_windex_bottle_t13,partial_only,32,0.940636,,,,,,,,,,,1,0,1,1,0
022_windex_bottle,s2_partial_only_022_windex_bottle_t14,partial_only,3,0.946181,,,,,,,,,,,1,0,1,1,0
022_windex_bottle,s2_partial_only_022_windex_bottle_t15,partial_only,37,0.931921,,,,,,,,,,,1,0,1,1,0
022_windex_bottle,s2_partial_only_022_windex_bottle_t16,partial_only,22,0.905351,,,,,,,,,,,1,0,1,1,0
022_windex_bottle,s2_partial_only_022_windex_bottle_t17,partial_only,0,0.916082,,,,,,,,,,,1,0,1,1,0
022_windex_bottle,s2_partial_only_022_windex_bottle_t18,partial_only,183,0.919553,,,,,,,,,,,1,0,1,1,1
022_windex_bottle,s2_partial_only_022_windex_bottle_t19,partial_only,1,0.939049,,,,,,,,,,,1,0,1,1,0
022_windex_bottle,s2_partial_only_022_windex_bottle_t20,partial_only,35,0.926406,,,,,,,,,,,1,0,1,1,1
022_windex_bottle,s2_partial_only_022_windex_bottle_t21,partial_only,0,0.879781,,,,,,,,,,,1,0,1,1,0
022_windex_bottle,s2_partial_only_022_windex_bottle_t22,partial_only,0,0.953752,,,,,,,,,,,1,0,1,1,0
022_windex_bottle,s2_partial_only_022_windex_bottle_t23,partial_only,0,0.919979,,,,,,,,,,,1,0,1,1,1
022_windex_bottle,s2_partial_only_022_windex_bottle_t24,partial_only,27,0.932882,,,,,,,,,,,1,0,1,1,0
006_mustard_bottle,s2_complete_only_006_mustard_bottle_t0,complete_only,0,0.893707,0.032013,1.387412e-05,2.488603e-05,2079,0.021342,4.027129e-06,0.042684,2.110086e-05,6.496272e-01,844,1,0,1,1,1
006_mustard_bottle,s2_complete_only_006_mustard_bottle_t1,complete_only,98,0.848761,0.031391,1.271109e-05,2.878070e-05,1609,0.020927,1.052970e-05,0.041854,1.465048e-05,7.909138e-01,350,1,0,1,1,1
006_mustard_bottle,s2_complete_only_006_mustard_bottle_t2,complete_only,7,0.865873,0.029925,8.674498e-06,2.789433e-05,1482,0.019950,6.905951e-06,0.039900,9.500880e-06,5.801878e-01,321,1,0,1,1,1
006_mustard_bottle,s2_complete_only_006_mustard_bottle_t3,complete_only,1,0.901971,0.032189,7.165721e-06,1.297365e-05,1957,0.021459,7.208353e-06,0.042918,6.728958e-06,6.095513e-01,437,1,0,1,1,1
006_mustard_bottle,s2_complete_only_006_mustard_bottle_t4,complete_only,22,0.907929,0.030699,1.520481e-05,4.201437e-05,1604,0.020466,1.170223e-05,0.040933,1.764747e-05,9.559741e-01,396,1,0,1,1,1
006_mustard_bottle,s2_complete_only_006_mustard_bottle_t5,complete_only,281,0.867370,0.048070,2.101006e-05,1.311563e-04,3221,0.032047,2.157773e-05,0.064093,2.139011e-05,5.184794e-01,387,1,0,1,1,1
006_mustard_bottle,s2_complete_only_006_mustard_bottle_t6,complete_only,6,0.870601,0.031957,4.229222e-06,9.224537e-06,1864,0.021305,4.419710e-06,0.042610,3.682227e-06,8.768497e-01,634,1,0,1,1,0
006_mustard_bottle,s2_complete_only_006_mustard_bottle_t7,complete_only,20,0.886624,0.031212,5.856524e-06,1.505284e-05,1598,0.020808,5.956720e-06,0.041616,5.461617e-06,6.078617e-01,390,1,0,1,1,1
006_mustard_bottle,s2_complete_only_006_mustard_bottle_t8,complete_only,16,0.836450,0.032252,1.251486e-05,3.180221e-05,1627,0.021501,9.981294e-06,0.043003,1.464042e-05,7.344785e-01,308,1,0,1,1,1
006_mustard_bottle,s2_complete_only_006_mustard_bottle_t9,complete_only,1,0.951595,0.017555,7.072425e-06,2.748690e-05,1909,0.011703,2.895788e-06,0.023406,1.064609e-05,5.352946e-01,664,1,0,1,1,0
006_mustard_bottle,s2_complete_only_006_mustard_bottle_t10,complete_only,189,0.829922,0.033315,1.353923e-05,3.828952e-05,1937,0.022210,1.333601e-05,0.044420,1.358788e-05,8.534916e-01,438,1,0,1,1,1
006_mustard_bottle,s2_complete_only_006_mustard_bottle_t11,complete_only,276,0.882145,0.033034,2.119012e-05,7.588505e-05,2285,0.022023,2.578925e-05,0.044046,1.616001e-05,5.947081e-01,292,1,0,1,1,1
006_mustard_bottle,s2_complete_only_006_mustard_bottle_t12,complete_only,10,0.944943,0.029597,2.773417e-06,1.055360e-05,1424,0.019731,4.015319e-06,0.039462,2.222758e-06,6.902776e-02,323,1,0,1,1,1
006_mustard_bottle,s2_complete_only_006_mustard_bottle_t13,complete_only,0,0.894487,0.032826,6.160502e-06,1.373550e-05,1832,0.021884,6.092282e-06,0.043768,5.889695e-06,6.377101e-01,433,1,0,1,1,1
006_mustard_bottle,s2_complete_only_006_mustard_bottle_t14,complete_only,13,0.874743,0.031575,6.286789e-06,2.578599e-05,1553,0.021050,1.137484e-05,0.042100,7.282336e-06,3.798761e-01,262,1,0,1,1,1
006_mustard_bottle,s2_complete_only_006_mustard_bottle_t15,complete_only,0,0.915091,0.030851,8.272241e-06,2.208147e-05,1561,0.020567,6.816816e-06,0.041134,9.267384e-06,7.760689e-01,389,1,0,1,1,0
006_mustard_bottle,s2_complete_only_006_mustard_bottle_t16,complete_only,7,0.909867,0.029990,2.868423e-06,1.242195e-05,1758,0.019994,2.510440e-06,0.039987,3.551569e-06,4.155701e-01,581,1,0,1,1,0
006_mustard_bottle,s2_complete_only_006_mustard_bottle_t17,complete_only,148,0.809367,0.032910,1.460567e-05,5.000570e-05,2039,0.021940,1.486482e-05,0.043880,2.035021e-05,8.342350e-01,618,1,0,1,1,1
006_mustard_bottle,s2_complete_only_006_mustard_bottle_t18,complete_only,40,0.831048,0.032110,6.460279e-06,1.833733e-05,1777,0.021406,5.333583e-06,0.042813,7.828368e-06,3.340511e-01,354,1,0,1,1,1
006_mustard_bottle,s2_complete_only_006_mustard_bottle_t19,complete_only,18,0.889080,0.030927,4.446178e-06,9.979382e-06,1645,0.020618,4.807997e-06,0.041236,3.891560e-06,4.967494e-01,339,1,0,1,1,1
006_mustard_bottle,s2_complete_only_006_mustard_bottle_t20,complete_only,766,0.584344,0.039973,4.020974e-05,1.373885e-04,1638,0.026649,4.542053e-05,0.053298,3.267394e-05,1.794760e+00,469,1,0,1,1,1
006_mustard_bottle,s2_complete_only_006_mustard_bottle_t21,complete_only,7,0.955046,0.033081,5.875387e-05,1.692644e-04,1446,0.022054,5.842685e-05,0.044108,5.687663e-05,1.133294e+00,159,1,0,1,1,0
006_mustard_bottle,s2_complete_only_006_mustard_bottle_t22,complete_only,53,0.883656,0.031300,3.753354e-06,8.463383e-06,1777,0.020866,4.084953e-06,0.041733,3.331050e-06,3.077547e-01,319,1,0,1,1,1
006_mustard_bottle,s2_complete_only_006_mustard_bottle_t23,complete_only,2,0.970954,0.019159,8.629075e-05,2.682785e-04,839,0.012773,9.892966e-05,0.025545,7.589748e-05,3.440590e+00,921,1,0,1,1,0
006_mustard_bottle,s2_complete_only_006_mustard_bottle_t24,complete_only,2,0.933755,0.029822,3.442242e-06,1.055963e-05,1443,0.019881,2.960641e-06,0.039763,3.979829e-06,5.224393e-01,623,1,0,1,1,1
011_banana,s2_complete_only_011_banana_t0,complete_only,1581,0.591171,0.032968,1.947749e-04,1.205014e-03,2460,0.021979,3.367630e-04,0.043957,1.370250e-04,1.033086e+00,759,1,0,1,1,1
011_banana,s2_complete_only_011_banana_t1,complete_only,1337,0.727007,0.032033,5.286582e-06,2.254960e-05,1547,0.021355,3.157807e-06,0.042710,7.592977e-06,1.291731e-01,196,1,0,1,1,0
011_banana,s2_complete_only_011_banana_t2,complete_only,841,0.832085,0.032201,1.140210e-03,3.307763e-03,2030,0.021468,1.596070e-03,0.042935,4.509052e-04,2.087203e+00,476,1,0,1,1,0
011_banana,s2_complete_only_011_banana_t3,complete_only,1252,0.722433,0.032856,4.949693e-05,1.776727e-04,3109,0.021904,3.899417e-05,0.043809,7.401303e-05,4.270593e-01,451,1,0,1,1,0
011_banana,s2_complete_only_011_banana_t4,complete_only,1401,0.694202,0.031582,6.328455e-05,2.687477e-04,1405,0.021055,1.246722e-04,0.042109,2.690201e-05,4.454929e-01,377,1,0,1,1,0
011_banana,s2_complete_only_011_banana_t5,complete_only,1663,0.455471,0.031588,4.349805e-04,3.018737e-03,1964,0.021059,1.400796e-03,0.042117,3.071378e-04,1.483015e+00,935,1,0,1,1,0
011_banana,s2_complete_only_011_banana_t6,complete_only,345,0.890877,0.032477,2.254141e-06,5.885676e-06,2202,0.021652,1.653795e-06,0.043303,3.918682e-06,0.000000e+00,156,1,0,1,1,0
011_banana,s2_complete_only_011_banana_t7,complete_only,1484,0.610769,0.032159,1.081754e-05,5.100794e-05,2775,0.021439,8.528351e-06,0.042878,1.235693e-05,4.566736e-01,368,1,0,1,1,1
011_banana,s2_complete_only_011_banana_t8,complete_only,1401,0.680756,0.031599,9.842114e-05,4.307755e-04,1125,0.021066,2.793908e-04,0.042133,5.199039e-05,3.353584e-01,264,1,0,1,1,0
011_banana,s2_complete_only_011_banana_t9,complete_only,1241,0.734405,0.031873,5.550284e-05,1.192742e-04,1880,0.021249,1.399764e-04,0.042498,5.388667e-05,1.120155e+00,759,1,0,1,1,0
011_banana,s2_complete_only_011_banana_t10,complete_only,1849,0.237800,0.030876,2.686298e-04,9.593416e-04,1094,0.020584,3.781844e-04,0.041168,1.734670e-04,7.336781e-01,234,1,0,1,1,0
011_banana,s2_complete_only_011_banana_t11,complete_only,1897,0.124111,0.031379,7.885288e-05,5.314951e-04,2429,0.020919,1.144456e-04,0.041839,9.173932e-05,1.948256e-01,290,1,0,1,1,0
011_banana,s2_complete_only_011_banana_t12,complete_only,511,0.890750,0.031255,3.887298e-05,2.373542e-04,2049,0.020837,1.359650e-04,0.041673,1.938473e-05,1.029975e+00,820,1,0,1,1,1
011_banana,s2_complete_only_011_banana_t13,complete_only,1262,0.716181,0.032322,1.798705e-04,9.976616e-04,2538,0.021548,4.104461e-04,0.043096,1.404144e-04,9.793502e-01,789,1,0,1,1,0
011_banana,s2_complete_only_011_banana_t14,complete_only,1503,0.666393,0.031289,2.282921e-05,5.623934e-05,1509,0.020859,3.036317e-05,0.041719,1.575683e-05,2.810720e-01,291,1,0,1,1,0
011_banana,s2_complete_only_011_banana_t15,complete_only,1261,0.713276,0.032582,5.821728e-05,3.548892e-04,2133,0.021721,1.362786e-04,0.043443,3.990919e-05,1.095034e+00,678,1,0,1,1,1
011_banana,s2_complete_only_011_banana_t16,complete_only,1764,0.293805,0.033736,8.029383e-05,4.439038e-04,2497,0.022491,1.160148e-04,0.044981,4.112116e-05,1.250430e+00,890,1,0,1,1,0
011_banana,s2_complete_only_011_banana_t17,complete_only,1870,0.197438,0.030458,2.624151e-04,1.038254e-03,1217,0.020305,3.714522e-04,0.040610,1.971336e-04,1.113398e+00,337,1,0,1,1,1
011_banana,s2_complete_only_011_banana_t18,complete_only,695,0.857727,0.031440,1.398955e-04,5.127738e-04,1990,0.020960,2.625381e-04,0.041919,1.076067e-04,1.158124e+00,743,1,0,1,1,1
011_banana,s2_complete_only_011_banana_t19,complete_only,1598,0.488449,0.032455,3.155868e-05,1.122908e-04,2174,0.021637,4.028172e-05,0.043273,2.294970e-05,6.263957e-01,371,1,0,1,1,1
011_banana,s2_complete_only_011_banana_t20,complete_only,1375,0.685173,0.032588,6.849409e-05,3.057477e-04,2280,0.021725,1.317089e-04,0.043451,5.017837e-05,1.147253e+00,783,1,0,1,1,1
011_banana,s2_complete_only_011_banana_t21,complete_only,1275,0.715068,0.031356,1.157783e-04,7.944966e-04,1802,0.020904,3.732575e-04,0.041808,1.043804e-04,1.194336e+00,678,1,0,1,1,0
011_banana,s2_complete_only_011_banana_t22,complete_only,1730,0.449794,0.031166,1.587188e-05,6.006633e-05,2052,0.020777,2.123351e-05,0.041555,1.743671e-05,7.411791e-01,556,1,0,1,1,1
011_banana,s2_complete_only_011_banana_t23,complete_only,1410,0.659855,0.031988,3.060440e-05,9.757149e-05,1673,0.021326,6.015478e-05,0.042651,3.053940e-05,3.506214e-01,344,1,0,1,1,0
011_banana,s2_complete_only_011_banana_t24,complete_only,1632,0.549232,0.032032,3.807508e-05,1.549215e-04,1558,0.021355,7.135030e-05,0.042710,2.357861e-05,6.326409e-01,496,1,0,1,1,1
025_mug,s2_epi_max_025_mug_t0,complete_epi,31,0.931097,0.020731,5.189517e-06,2.069341e-05,455,0.013821,7.206226e-06,0.027641,4.975496e-06,2.121454e-01,115,1,0,1,1,1
025_mug,s2_epi_max_025_mug_t1,complete_epi,50,0.932024,0.019915,1.722568e-05,7.689509e-05,379,0.013277,1.660993e-05,0.026553,1.756441e-05,5.075415e-01,176,1,0,1,1,1
025_mug,s2_epi_max_025_mug_t2,complete_epi,328,0.701224,0.020201,1.540996e-06,5.750661e-06,428,0.013467,1.739792e-06,0.026935,1.627304e-06,2.154289e-01,246,1,0,1,1,0
025_mug,s2_epi_max_025_mug_t3,complete_epi,8,0.951329,0.022040,5.424233e-05,3.289153e-04,419,0.014693,1.280196e-04,0.029387,3.973211e-05,3.272636e-01,142,1,0,1,1,1
025_mug,s2_epi_max_025_mug_t4,complete_epi,82,0.930006,0.021399,2.464600e-05,8.100916e-05,466,0.014266,4.659851e-05,0.028532,3.024602e-05,4.973423e-01,122,1,0,1,1,1
025_mug,s2_epi_max_025_mug_t5,complete_epi,128,0.919972,0.020812,9.543057e-06,3.364356e-05,596,0.013875,1.203165e-05,0.027750,9.911562e-06,5.337528e-01,179,1,0,1,1,1
025_mug,s2_epi_max_025_mug_t6,complete_epi,42,0.934659,0.027932,2.540655e-06,4.653217e-06,912,0.018621,2.449198e-06,0.037243,2.501472e-06,2.878301e-01,210,1,0,1,1,1
025_mug,s2_epi_max_025_mug_t7,complete_epi,4,0.944746,0.021082,1.667081e-06,7.067805e-06,783,0.014055,1.386797e-06,0.028109,2.511296e-06,2.489991e-01,259,1,0,1,1,1
025_mug,s2_epi_max_025_mug_t8,complete_epi,15,0.939908,0.020593,1.696203e-05,2.834988e-05,446,0.013729,2.534135e-05,0.027458,1.289477e-05,4.488063e-01,142,1,0,1,1,1
025_mug,s2_epi_max_025_mug_t9,complete_epi,153,0.924939,0.021661,5.503946e-06,1.300753e-05,502,0.014441,5.318573e-06,0.028882,6.046434e-06,2.475760e-01,141,1,0,1,1,1
025_mug,s2_epi_max_025_mug_t10,complete_epi,82,0.918158,0.019674,2.191458e-06,5.353880e-06,661,0.013116,2.465834e-06,0.026232,2.209860e-06,1.359550e-01,112,1,0,1,1,1
025_mug,s2_epi_max_025_mug_t11,complete_epi,60,0.923448,0.019732,1.425591e-06,2.893570e-06,1248,0.013154,1.493302e-06,0.026309,1.285851e-06,2.426688e-01,295,1,0,1,1,1
025_mug,s2_epi_max_025_mug_t12,complete_epi,22,0.942808,0.022638,1.669731e-05,5.188520e-05,492,0.015092,1.349815e-05,0.030183,1.494786e-05,2.085477e-01,129,1,0,1,1,1
025_mug,s2_epi_max_025_mug_t13,complete_epi,63,0.891051,0.021831,2.240223e-06,4.969617e-06,926,0.014554,2.220765e-06,0.029108,2.308613e-06,1.946328e-01,150,1,0,1,1,1
025_mug,s2_epi_max_025_mug_t15,complete_epi,156,0.832453,0.020260,1.905269e-06,5.635729e-06,439,0.013507,2.523182e-06,0.027014,1.924623e-06,2.200707e-01,213,1,0,1,1,1
025_mug,s2_epi_max_025_mug_t16,complete_epi,161,0.724205,0.020814,2.214313e-06,7.934863e-06,462,0.013876,2.648952e-06,0.027752,2.062863e-06,7.404301e-02,95,1,0,1,1,0
025_mug,s2_epi_max_025_mug_t17,complete_epi,72,0.913731,0.019570,1.098305e-06,2.052849e-06,467,0.013047,1.123911e-06,0.026094,1.176412e-06,1.738376e-01,217,1,0,1,1,1
025_mug,s2_epi_max_025_mug_t19,complete_epi,62,0.920033,0.020413,2.439673e-06,4.806365e-06,874,0.013609,2.242618e-06,0.027217,2.677088e-06,3.735143e-01,287,1,0,1,1,1
025_mug,s2_epi_max_025_mug_t20,complete_epi,83,0.780695,0.020264,5.366972e-06,1.143164e-05,544,0.013509,4.184607e-06,0.027019,5.620026e-06,1.537807e-01,102,1,0,1,1,1
025_mug,s2_epi_max_025_mug_t21,complete_epi,34,0.936006,0.022687,1.397358e-06,3.980247e-06,924,0.015125,1.564918e-06,0.030249,1.437187e-06,1.243757e-01,156,1,0,1,1,0
025_mug,s2_epi_max_025_mug_t22,complete_epi,214,0.874793,0.020445,2.603503e-06,6.306118e-06,974,0.013630,2.320636e-06,0.027260,2.832688e-06,4.617992e-01,323,1,0,1,1,1
025_mug,s2_epi_max_025_mug_t23,complete_epi,10,0.946950,0.020254,2.402845e-05,9.471932e-05,362,0.013503,2.148874e-05,0.027005,2.342652e-05,3.827608e-01,148,1,0,1,1,1
025_mug,s2_epi_max_025_mug_t24,complete_epi,147,0.908796,0.022905,1.364276e-06,2.032934e-06,988,0.015270,1.394983e-06,0.030540,1.379744e-06,2.762827e-01,303,1,0,1,1,0
051_large_clamp,s2_epi_max_051_large_clamp_t0,complete_epi,1,0.957494,0.030638,1.508941e-07,1.283233e-06,936,0.020425,0.000000e+00,0.040851,1.066631e-07,0.000000e+00,209,1,0,1,1,0
051_large_clamp,s2_epi_max_051_large_clamp_t1,complete_epi,0,0.965752,0.031019,1.370545e-06,3.498220e-06,924,0.020680,1.467198e-06,0.041359,1.301810e-06,2.100874e-01,252,1,0,1,1,0
051_large_clamp,s2_epi_max_051_large_clamp_t2,complete_epi,4,0.970240,0.033771,3.223205e-06,1.271917e-05,2448,0.022514,2.087197e-06,0.045028,5.536579e-06,2.232769e-01,331,1,0,1,1,1
051_large_clamp,s2_epi_max_051_large_clamp_t3,complete_epi,19,0.946199,0.031831,6.580236e-06,1.471043e-05,1292,0.021221,5.688346e-06,0.042441,1.326854e-05,1.439336e-02,156,1,0,1,1,1
051_large_clamp,s2_epi_max_051_large_clamp_t5,complete_epi,1,0.963847,0.031818,0.000000e+00,0.000000e+00,781,0.021212,0.000000e+00,0.042424,9.374051e-07,0.000000e+00,168,1,0,1,1,1
051_large_clamp,s2_epi_max_051_large_clamp_t6,complete_epi,0,0.977805,0.030994,8.957820e-06,1.027599e-05,1094,0.020663,6.243386e-06,0.041325,8.772986e-06,4.646474e-02,171,1,0,1,1,1
051_large_clamp,s2_epi_max_051_large_clamp_t7,complete_epi,17,0.958245,0.030676,2.567374e-06,1.230359e-05,2422,0.020451,2.314604e-06,0.040901,2.625373e-06,3.258437e-01,345,1,0,1,1,0
051_large_clamp,s2_epi_max_051_large_clamp_t8,complete_epi,0,0.964099,0.029318,0.000000e+00,0.000000e+00,692,0.019545,0.000000e+00,0.039091,0.000000e+00,0.000000e+00,166,1,0,1,1,0
051_large_clamp,s2_epi_max_051_large_clamp_t9,complete_epi,6,0.954691,0.030716,2.540106e-06,1.814388e-06,1255,0.020477,3.192644e-07,0.040955,5.853274e-06,0.000000e+00,214,1,0,1,1,1
051_large_clamp,s2_epi_max_051_large_clamp_t10,complete_epi,60,0.933757,0.030992,0.000000e+00,0.000000e+00,609,0.020661,0.000000e+00,0.041322,3.234073e-07,0.000000e+00,160,1,0,1,1,0
051_large_clamp,s2_epi_max_051_large_clamp_t11,complete_epi,115,0.919010,0.031496,0.000000e+00,0.000000e+00,563,0.020997,0.000000e+00,0.041995,0.000000e+00,0.000000e+00,152,1,0,1,1,1
051_large_clamp,s2_epi_max_051_large_clamp_t12,complete_epi,14,0.970618,0.025741,0.000000e+00,0.000000e+00,941,0.017160,0.000000e+00,0.034321,0.000000e+00,0.000000e+00,251,1,0,1,1,0
051_large_clamp,s2_epi_max_051_large_clamp_t13,complete_epi,13,0.954298,0.032163,2.260651e-05,3.139564e-05,2409,0.021442,1.397854e-05,0.042884,3.342855e-05,1.250828e+00,757,1,0,1,1,1
051_large_clamp,s2_epi_max_051_large_clamp_t15,complete_epi,30,0.962283,0.033326,2.494855e-06,6.119549e-06,3188,0.022217,2.074272e-06,0.044435,4.433824e-06,4.991773e-01,485,1,0,1,1,0
051_large_clamp,s2_epi_max_051_large_clamp_t16,complete_epi,0,0.972544,0.031962,2.237926e-06,6.222954e-06,2815,0.021308,1.133110e-06,0.042616,4.326071e-06,4.189456e-01,509,1,0,1,1,0
051_large_clamp,s2_epi_max_051_large_clamp_t17,complete_epi,134,0.934160,0.030365,0.000000e+00,0.000000e+00,650,0.020243,0.000000e+00,0.040487,2.267515e-08,0.000000e+00,166,1,0,1,1,0
051_large_clamp,s2_epi_max_051_large_clamp_t18,complete_epi,24,0.958845,0.032400,9.296023e-06,4.794190e-05,2682,0.021600,1.556069e-05,0.043200,1.101646e-05,9.943452e-01,723,1,0,1,1,1
051_large_clamp,s2_epi_max_051_large_clamp_t19,complete_epi,46,0.961091,0.030611,3.720506e-06,1.408389e-05,2207,0.020408,4.852337e-06,0.040815,4.229011e-06,5.084661e-01,441,1,0,1,1,1
051_large_clamp,s2_epi_max_051_large_clamp_t20,complete_epi,8,0.964371,0.032917,1.664231e-07,0.000000e+00,965,0.021945,5.786258e-08,0.043890,1.022299e-06,0.000000e+00,193,1,0,1,1,0
051_large_clamp,s2_epi_max_051_large_clamp_t21,complete_epi,0,0.971660,0.029972,1.394346e-07,0.000000e+00,564,0.019982,0.000000e+00,0.039963,7.967488e-07,0.000000e+00,149,1,0,1,1,0
051_large_clamp,s2_epi_max_051_large_clamp_t22,complete_epi,88,0.940935,0.030683,3.210002e-05,9.656973e-05,2121,0.020455,2.988415e-05,0.040910,2.320052e-05,7.657426e-01,380,1,0,1,1,0
051_large_clamp,s2_epi_max_051_large_clamp_t23,complete_epi,0,0.971120,0.028915,0.000000e+00,0.000000e+00,664,0.019277,0.000000e+00,0.038554,3.265165e-07,0.000000e+00,168,1,0,1,1,0
051_large_clamp,s2_epi_max_051_large_clamp_t24,complete_epi,8,0.958201,0.030929,0.000000e+00,0.000000e+00,1090,0.020619,0.000000e+00,0.041238,3.718349e-07,0.000000e+00,241,1,0,1,1,1
022_windex_bottle,s2_epi_mean_022_windex_bottle_t0,complete_epi,1222,0.454351,0.038365,4.263142e-05,4.097733e-04,2537,0.025577,1.380198e-04,0.051154,6.385437e-05,1.460657e+00,749,1,0,1,1,0
022_windex_bottle,s2_epi_mean_022_windex_bottle_t1,complete_epi,6,0.958676,0.045657,1.127785e-05,4.955026e-05,5192,0.030438,6.757432e-06,0.060876,1.858272e-05,3.691904e-01,250,1,0,1,1,0
022_windex_bottle,s2_epi_mean_022_windex_bottle_t2,complete_epi,3,0.936027,0.032167,3.023600e-05,2.475756e-04,1167,0.021444,1.952188e-05,0.042889,7.614067e-05,3.542471e-01,354,1,0,1,1,0
022_windex_bottle,s2_epi_mean_022_windex_bottle_t3,complete_epi,0,0.956024,0.040599,1.428163e-05,2.072264e-05,2437,0.027066,1.445888e-05,0.054132,3.718309e-05,2.854355e-01,293,1,0,1,1,0
022_windex_bottle,s2_epi_mean_022_windex_bottle_t4,complete_epi,99,0.909072,0.041768,3.726944e-06,8.880465e-06,4891,0.027845,4.084199e-06,0.055691,1.102741e-05,8.209064e-01,625,1,0,1,1,0
022_windex_bottle,s2_epi_mean_022_windex_bottle_t5,complete_epi,1158,0.549689,0.039743,6.781836e-05,4.427937e-04,3557,0.026496,2.209879e-04,0.052991,7.325782e-05,1.761851e+00,1034,1,0,1,1,0
022_windex_bottle,s2_epi_mean_022_windex_bottle_t6,complete_epi,24,0.928795,0.029309,3.949167e-05,6.840458e-05,1165,0.019539,3.616268e-05,0.039079,6.034501e-05,3.834629e-01,370,1,0,1,1,0
022_windex_bottle,s2_epi_mean_022_windex_bottle_t7,complete_epi,1,0.949615,0.041839,1.975513e-05,8.326123e-05,1436,0.027893,1.418045e-05,0.055786,4.326437e-05,3.063545e-01,244,1,0,1,1,0
022_windex_bottle,s2_epi_mean_022_windex_bottle_t8,complete_epi,18,0.952447,0.045685,1.077760e-05,5.080451e-05,5496,0.030457,1.009042e-05,0.060914,2.433896e-05,5.607659e-01,368,1,0,1,1,0
022_windex_bottle,s2_epi_mean_022_windex_bottle_t9,complete_epi,1272,0.479761,0.038660,2.991695e-05,1.515461e-04,2210,0.025773,4.605255e-05,0.051547,4.659429e-05,1.233690e+00,518,1,0,1,1,0
022_windex_bottle,s2_epi_mean_022_windex_bottle_t10,complete_epi,1,0.940996,0.045077,4.582312e-05,2.861776e-04,1113,0.030051,2.846683e-05,0.060103,1.372579e-04,2.093205e-01,194,1,0,1,1,0
022_windex_bottle,s2_epi_mean_022_windex_bottle_t11,complete_epi,9,0.935757,0.042365,9.079309e-06,3.748655e-05,933,0.028243,1.813698e-06,0.056487,3.548721e-05,1.701252e-01,228,1,0,1,1,0
022_windex_bottle,s2_epi_mean_022_windex_bottle_t12,complete_epi,244,0.855379,0.040902,5.921993e-06,2.024286e-05,4797,0.027268,4.003018e-06,0.054536,1.041639e-05,7.525902e-01,606,1,0,1,1,0
022_windex_bottle,s2_epi_mean_022_windex_bottle_t13,complete_epi,0,0.936393,0.040866,1.534657e-05,4.305818e-05,2550,0.027244,1.058983e-05,0.054488,3.578446e-05,4.471678e-01,232,1,0,1,1,0
022_windex_bottle,s2_epi_mean_022_windex_bottle_t14,complete_epi,140,0.874694,0.041962,4.354331e-06,1.945069e-05,4429,0.027974,6.184692e-06,0.055949,9.987350e-06,1.133678e+00,620,1,0,1,1,0
022_windex_bottle,s2_epi_mean_022_windex_bottle_t15,complete_epi,1,0.921275,0.032181,7.106951e-05,3.417504e-04,1090,0.021454,3.745356e-05,0.042908,1.342883e-04,8.449138e-01,445,1,0,1,1,0
022_windex_bottle,s2_epi_mean_022_windex_bottle_t16,complete_epi,47,0.930311,0.039756,1.438466e-04,9.800456e-04,1074,0.026504,8.659387e-05,0.053008,2.029739e-04,6.929261e-01,195,1,0,1,1,0
022_windex_bottle,s2_epi_mean_022_windex_bottle_t17,complete_epi,0,0.945805,0.043782,1.594198e-05,1.582431e-04,1007,0.029188,8.462847e-06,0.058376,4.243302e-05,0.000000e+00,165,1,0,1,1,0
022_windex_bottle,s2_epi_mean_022_windex_bottle_t18,complete_epi,0,0.934500,0.039347,4.257437e-05,5.171703e-04,2427,0.026231,1.276000e-04,0.052463,5.334032e-05,1.766697e+00,1085,1,0,1,1,1
022_windex_bottle,s2_epi_mean_022_windex_bottle_t19,complete_epi,0,0.955327,0.043029,9.188397e-06,5.611842e-05,1508,0.028686,5.172698e-06,0.057373,4.114636e-05,4.915021e-01,343,1,0,1,1,0
022_windex_bottle,s2_epi_mean_022_windex_bottle_t20,complete_epi,615,0.696292,0.040649,1.748265e-04,1.804249e-03,1943,0.027099,6.458368e-04,0.054199,2.960272e-04,4.121124e+00,1321,1,0,1,1,0
022_windex_bottle,s2_epi_mean_022_windex_bottle_t21,complete_epi,75,0.916173,0.045905,8.887541e-06,4.202811e-05,1972,0.030603,5.314222e-06,0.061207,1.815199e-05,3.637903e-01,242,1,0,1,1,0
022_windex_bottle,s2_epi_mean_022_windex_bottle_t22,complete_epi,3,0.958951,0.041719,4.565982e-05,3.117392e-04,1337,0.027813,5.388769e-05,0.055626,1.020273e-04,2.848341e-01,274,1,0,1,1,0
022_windex_bottle,s2_epi_mean_022_windex_bottle_t23,complete_epi,6,0.935402,0.046158,1.920097e-05,6.800165e-05,5259,0.030772,4.740586e-05,0.061544,2.808832e-05,5.864359e-01,236,1,0,1,1,0
022_windex_bottle,s2_epi_mean_022_windex_bottle_t24,complete_epi,41,0.871419,0.038993,3.048157e-06,1.251789e-05,4020,0.025995,1.979759e-06,0.051991,6.828759e-06,7.017250e-01,564,1,0,1,1,0
006_mustard_bottle,s2_hetero_patch_006_mustard_bottle_t0,hetero_patch,0,0.911692,0.032013,3.076562e-06,9.419463e-06,2311,0.021342,2.280722e-06,0.042684,4.839330e-06,3.331451e-01,448,1,0,1,1,1
006_mustard_bottle,s2_hetero_patch_006_mustard_bottle_t1,hetero_patch,190,0.823727,0.032159,6.298181e-06,1.841786e-05,2100,0.021439,5.067699e-06,0.042879,6.442934e-06,5.523397e-01,562,1,0,1,1,1
006_mustard_bottle,s2_hetero_patch_006_mustard_bottle_t2,hetero_patch,22,0.885671,0.030020,3.747251e-06,9.348216e-06,1796,0.020014,3.067260e-06,0.040027,4.428796e-06,1.933949e-01,368,1,0,1,1,1
006_mustard_bottle,s2_hetero_patch_006_mustard_bottle_t3,hetero_patch,0,0.908161,0.032175,6.765855e-06,1.277802e-05,1561,0.021450,7.212154e-06,0.042900,6.417540e-06,5.599273e-01,444,1,0,1,1,1
006_mustard_bottle,s2_hetero_patch_006_mustard_bottle_t4,hetero_patch,16,0.892323,0.030844,9.155190e-06,2.300490e-05,1568,0.020563,8.165648e-06,0.041125,9.458464e-06,7.046289e-01,347,1,0,1,1,1
006_mustard_bottle,s2_hetero_patch_006_mustard_bottle_t5,hetero_patch,221,0.779824,0.032225,1.113422e-05,4.573041e-05,1977,0.021483,1.417269e-05,0.042966,1.232326e-05,1.189425e+00,897,1,0,1,1,1
006_mustard_bottle,s2_hetero_patch_006_mustard_bottle_t8,hetero_patch,167,0.833542,0.032346,1.145005e-05,2.479792e-05,1567,0.021564,1.082965e-05,0.043128,1.119234e-05,4.693535e-01,217,1,0,1,1,1
006_mustard_bottle,s2_hetero_patch_006_mustard_bottle_t9,hetero_patch,2,0.897234,0.031252,5.578619e-06,1.724031e-05,1920,0.020835,4.962517e-06,0.041670,6.284754e-06,8.524812e-01,854,1,0,1,1,1
006_mustard_bottle,s2_hetero_patch_006_mustard_bottle_t10,hetero_patch,105,0.842147,0.032747,1.177820e-05,2.989898e-05,2017,0.021831,1.120752e-05,0.043663,1.175056e-05,9.292401e-01,673,1,0,1,1,1
006_mustard_bottle,s2_hetero_patch_006_mustard_bottle_t11,hetero_patch,1,0.876054,0.032737,9.069447e-06,2.955586e-05,1950,0.021825,9.502933e-06,0.043649,8.389124e-06,6.755001e-01,418,1,0,1,1,1
006_mustard_bottle,s2_hetero_patch_006_mustard_bottle_t12,hetero_patch,7,0.952986,0.029547,2.127578e-06,4.874274e-06,1706,0.019698,1.892272e-06,0.039396,2.375948e-06,1.373035e-01,437,1,0,1,1,1
006_mustard_bottle,s2_hetero_patch_006_mustard_bottle_t13,hetero_patch,0,0.888947,0.032416,7.522051e-06,1.410897e-05,1739,0.021611,8.164346e-06,0.043222,7.453088e-06,5.974441e-01,418,1,0,1,1,1
006_mustard_bottle,s2_hetero_patch_006_mustard_bottle_t14,hetero_patch,131,0.843983,0.031280,4.543655e-06,1.414425e-05,2380,0.020853,4.075488e-06,0.041707,5.508189e-06,6.394542e-01,617,1,0,1,1,1
006_mustard_bottle,s2_hetero_patch_006_mustard_bottle_t15,hetero_patch,28,0.912432,0.030338,6.799443e-06,1.965878e-05,1620,0.020226,5.505914e-06,0.040451,7.240710e-06,4.943639e-01,577,1,0,1,1,1
006_mustard_bottle,s2_hetero_patch_006_mustard_bottle_t16,hetero_patch,2,0.937817,0.029966,2.068853e-06,7.074458e-06,1842,0.019977,1.830844e-06,0.039955,2.429008e-06,4.655345e-02,329,1,0,1,1,1
006_mustard_bottle,s2_hetero_patch_006_mustard_bottle_t17,hetero_patch,1,0.958722,0.025801,3.778171e-05,1.001707e-04,1252,0.017201,4.293135e-05,0.034402,3.495187e-05,1.273211e+00,530,1,0,1,1,0
006_mustard_bottle,s2_hetero_patch_006_mustard_bottle_t18,hetero_patch,0,0.892812,0.032254,5.275810e-06,1.127995e-05,1211,0.021503,6.283317e-06,0.043005,5.064406e-06,1.065286e-01,238,1,0,1,1,1
006_mustard_bottle,s2_hetero_patch_006_mustard_bottle_t19,hetero_patch,243,0.866280,0.031035,4.442377e-06,9.698402e-06,1698,0.020690,4.215293e-06,0.041381,4.270419e-06,1.056020e+00,728,1,0,1,1,1
006_mustard_bottle,s2_hetero_patch_006_mustard_bottle_t20,hetero_patch,3,0.860978,0.031258,6.520478e-06,1.495980e-05,1574,0.020839,5.881316e-06,0.041678,7.054587e-06,5.165273e-01,296,1,0,1,1,1
006_mustard_bottle,s2_hetero_patch_006_mustard_bottle_t21,hetero_patch,52,0.800230,0.031889,5.628099e-06,1.482228e-05,1815,0.021260,4.836678e-06,0.042519,6.162727e-06,4.483629e-01,467,1,0,1,1,1
006_mustard_bottle,s2_hetero_patch_006_mustard_bottle_t22,hetero_patch,206,0.841746,0.031474,3.812667e-06,8.705655e-06,1732,0.020983,3.614057e-06,0.041965,3.791726e-06,4.088405e-01,398,1,0,1,1,1
006_mustard_bottle,s2_hetero_patch_006_mustard_bottle_t23,hetero_patch,28,0.888792,0.031356,1.092464e-05,2.207613e-05,1239,0.020904,1.125182e-05,0.041808,9.981961e-06,4.212926e-01,200,1,0,1,1,1
006_mustard_bottle,s2_hetero_patch_006_mustard_bottle_t24,hetero_patch,295,0.834615,0.054868,1.005179e-04,2.790111e-04,2136,0.036579,1.119511e-04,0.073157,9.665144e-05,6.725483e-01,55,1,0,1,1,0
011_banana,s2_hetero_patch_011_banana_t0,hetero_patch,1697,0.503383,0.032968,2.136681e-05,8.355702e-05,1827,0.021979,1.638303e-04,0.043957,2.063232e-05,5.022834e-01,327,1,0,1,1,0
011_banana,s2_hetero_patch_011_banana_t1,hetero_patch,1323,0.740549,0.032056,2.244132e-05,5.980547e-05,1193,0.021371,5.295348e-05,0.042742,9.709589e-06,2.201794e-01,315,1,0,1,1,0
011_banana,s2_hetero_patch_011_banana_t2,hetero_patch,1195,0.713248,0.032204,1.345013e-05,4.448914e-05,2053,0.021469,3.004746e-05,0.042939,9.208246e-06,9.189260e-01,781,1,0,1,1,1
011_banana,s2_hetero_patch_011_banana_t3,hetero_patch,1470,0.585236,0.032897,3.119440e-05,1.338812e-04,2328,0.021931,1.201415e-04,0.043863,1.907131e-05,8.478122e-01,693,1,0,1,1,0
011_banana,s2_hetero_patch_011_banana_t4,hetero_patch,1604,0.575230,0.031802,3.011840e-05,8.879220e-05,1864,0.021201,4.878001e-05,0.042403,1.186002e-05,4.154968e-01,467,1,0,1,1,1
011_banana,s2_hetero_patch_011_banana_t5,hetero_patch,1835,0.284029,0.031588,4.586501e-06,1.608008e-05,2833,0.021059,3.486092e-06,0.042117,6.012667e-06,3.477874e-01,354,1,0,1,1,0
011_banana,s2_hetero_patch_011_banana_t6,hetero_patch,609,0.857070,0.032346,8.365738e-06,2.352139e-05,3787,0.021564,1.887009e-05,0.043128,6.752222e-06,2.732257e+00,1671,1,0,1,1,1
011_banana,s2_hetero_patch_011_banana_t7,hetero_patch,206,0.903610,0.035064,4.836397e-05,2.262438e-04,1760,0.023376,2.126000e-04,0.046752,2.921344e-05,1.630523e+00,191,1,0,1,1,0
011_banana,s2_hetero_patch_011_banana_t8,hetero_patch,1450,0.637605,0.031575,2.433490e-05,9.435172e-05,1242,0.021050,9.705503e-05,0.042100,1.801376e-05,3.003099e-01,351,1,0,1,1,0
011_banana,s2_hetero_patch_011_banana_t9,hetero_patch,1252,0.726881,0.031877,1.665701e-05,6.414533e-05,2195,0.021251,1.770900e-05,0.042503,1.141863e-05,9.490195e-01,532,1,0,1,1,1
011_banana,s2_hetero_patch_011_banana_t10,hetero_patch,1821,0.267543,0.030883,3.627048e-05,1.195335e-04,1709,0.020589,5.207868e-05,0.041177,2.560968e-05,8.959904e-01,803,1,0,1,1,0
011_banana,s2_hetero_patch_011_banana_t11,hetero_patch,1862,0.212820,0.031353,9.912017e-06,4.007566e-05,1775,0.020902,1.073034e-05,0.041804,1.178970e-05,7.543499e-01,574,1,0,1,1,1
011_banana,s2_hetero_patch_011_banana_t12,hetero_patch,867,0.837529,0.031555,1.269558e-05,4.427318e-05,2377,0.021037,4.841190e-05,0.042074,7.275664e-06,7.026666e-01,489,1,0,1,1,0
011_banana,s2_hetero_patch_011_banana_t13,hetero_patch,938,0.839649,0.032252,1.464699e-05,8.815677e-05,2230,0.021501,7.101526e-05,0.043002,1.385766e-05,9.187561e-01,739,1,0,1,1,0
011_banana,s2_hetero_patch_011_banana_t14,hetero_patch,1407,0.706437,0.031850,1.978502e-05,7.732096e-05,1488,0.021233,3.984904e-05,0.042467,1.307979e-05,3.443077e-01,355,1,0,1,1,0
011_banana,s2_hetero_patch_011_banana_t15,hetero_patch,1072,0.787127,0.032571,5.112095e-06,1.683287e-05,2357,0.021714,6.594878e-06,0.043427,5.254916e-06,3.597902e-01,453,1,0,1,1,0
011_banana,s2_hetero_patch_011_banana_t16,hetero_patch,1721,0.354010,0.033728,1.522284e-05,5.752510e-05,2507,0.022485,2.110023e-05,0.044970,8.836766e-06,8.238837e-01,854,1,0,1,1,0
011_banana,s2_hetero_patch_011_banana_t17,hetero_patch,1943,0.062317,0.030467,3.877299e-05,1.403842e-04,2072,0.020311,5.771735e-05,0.040623,2.906547e-05,2.018386e+00,1076,1,0,1,1,1
011_banana,s2_hetero_patch_011_banana_t18,hetero_patch,592,0.884577,0.031428,1.453118e-05,3.485284e-05,2414,0.020952,1.708624e-05,0.041904,1.226238e-05,7.702582e-01,646,1,0,1,1,1
011_banana,s2_hetero_patch_011_banana_t19,hetero_patch,1614,0.460814,0.032518,1.755756e-05,5.421594e-05,2021,0.021678,2.572704e-05,0.043357,1.386742e-05,3.866565e-01,284,1,0,1,1,0
011_banana,s2_hetero_patch_011_banana_t20,hetero_patch,1009,0.801511,0.032718,2.086077e-05,9.140498e-05,2597,0.021812,2.772923e-05,0.043624,1.337890e-05,1.043792e+00,748,1,0,1,1,1
011_banana,s2_hetero_patch_011_banana_t21,hetero_patch,1451,0.630772,0.031766,1.896723e-05,7.343880e-05,1622,0.021177,3.248744e-05,0.042355,1.124564e-05,2.546219e-01,367,1,0,1,1,0
011_banana,s2_hetero_patch_011_banana_t22,hetero_patch,1813,0.300722,0.031174,9.287122e-06,4.233102e-05,2211,0.020783,7.781736e-06,0.041565,1.147093e-05,1.106219e+00,768,1,0,1,1,0
011_banana,s2_hetero_patch_011_banana_t23,hetero_patch,1522,0.586692,0.031591,2.327558e-05,7.995566e-05,1202,0.021061,6.830688e-05,0.042122,1.482094e-05,3.435579e-01,352,1,0,1,1,0
011_banana,s2_hetero_patch_011_banana_t24,hetero_patch,1373,0.732042,0.032027,1.902751e-05,8.097015e-05,1421,0.021351,4.589681e-05,0.042703,9.816276e-06,3.990110e-01,418,1,0,1,1,1
025_mug,s2_duarte_mcd_025_mug_t0,duarte_mcd,86,0.939947,,,,,,,,,1.246672e-01,224,1,0,1,1,1
025_mug,s2_duarte_mcd_025_mug_t1,duarte_mcd,18,0.937717,,,,,,,,,2.495064e-01,196,1,0,1,1,1
025_mug,s2_duarte_mcd_025_mug_t2,duarte_mcd,99,0.905025,,,,,,,,,1.040073e-01,129,1,0,1,1,1
025_mug,s2_duarte_mcd_025_mug_t3,duarte_mcd,17,0.935770,,,,,,,,,1.615448e-01,143,1,0,1,1,1
025_mug,s2_duarte_mcd_025_mug_t4,duarte_mcd,41,0.937511,,,,,,,,,2.480688e-01,175,1,0,1,1,1
025_mug,s2_duarte_mcd_025_mug_t5,duarte_mcd,102,0.920717,,,,,,,,,1.899518e-01,182,1,0,1,1,1
025_mug,s2_duarte_mcd_025_mug_t6,duarte_mcd,18,0.949664,,,,,,,,,1.711855e-01,182,1,0,1,1,1
025_mug,s2_duarte_mcd_025_mug_t7,duarte_mcd,51,0.919696,,,,,,,,,2.572886e-01,259,1,0,1,1,1
025_mug,s2_duarte_mcd_025_mug_t8,duarte_mcd,19,0.933728,,,,,,,,,1.822671e-01,138,1,0,1,1,0
025_mug,s2_duarte_mcd_025_mug_t9,duarte_mcd,121,0.917291,,,,,,,,,6.703663e-02,87,1,0,1,1,1
025_mug,s2_duarte_mcd_025_mug_t11,duarte_mcd,52,0.934632,,,,,,,,,1.635054e-01,264,1,0,1,1,1
025_mug,s2_duarte_mcd_025_mug_t12,duarte_mcd,18,0.941954,,,,,,,,,1.538213e-01,149,1,0,1,1,1
025_mug,s2_duarte_mcd_025_mug_t13,duarte_mcd,7,0.957736,,,,,,,,,1.933074e-01,157,1,0,1,1,0
025_mug,s2_duarte_mcd_025_mug_t14,duarte_mcd,53,0.923396,,,,,,,,,1.163932e-01,195,1,0,1,1,1
025_mug,s2_duarte_mcd_025_mug_t15,duarte_mcd,175,0.803116,,,,,,,,,1.036735e-01,164,1,0,1,1,1
025_mug,s2_duarte_mcd_025_mug_t16,duarte_mcd,30,0.896545,,,,,,,,,1.818991e-01,230,1,0,1,1,0
025_mug,s2_duarte_mcd_025_mug_t17,duarte_mcd,32,0.917745,,,,,,,,,2.277949e-01,223,1,0,1,1,1
025_mug,s2_duarte_mcd_025_mug_t18,duarte_mcd,23,0.937624,,,,,,,,,0.000000e+00,54,1,0,1,1,1
025_mug,s2_duarte_mcd_025_mug_t19,duarte_mcd,62,0.913570,,,,,,,,,1.088979e-01,122,1,0,1,1,0
025_mug,s2_duarte_mcd_025_mug_t20,duarte_mcd,223,0.929144,,,,,,,,,1.883553e-01,488,1,0,1,1,0
025_mug,s2_duarte_mcd_025_mug_t21,duarte_mcd,77,0.924327,,,,,,,,,1.804950e-01,159,1,0,1,1,1
025_mug,s2_duarte_mcd_025_mug_t22,duarte_mcd,108,0.905562,,,,,,,,,1.456425e-01,157,1,0,1,1,1
025_mug,s2_duarte_mcd_025_mug_t23,duarte_mcd,31,0.939625,,,,,,,,,1.911346e-01,151,1,0,1,1,1
025_mug,s2_duarte_mcd_025_mug_t24,duarte_mcd,15,0.948405,,,,,,,,,2.581259e-01,165,1,0,1,1,1
051_large_clamp,s2_duarte_mcd_051_large_clamp_t0,duarte_mcd,10,0.944527,,,,,,,,,0.000000e+00,210,1,0,1,1,1
051_large_clamp,s2_duarte_mcd_051_large_clamp_t2,duarte_mcd,12,0.964088,,,,,,,,,6.153123e-02,225,1,0,1,1,1
051_large_clamp,s2_duarte_mcd_051_large_clamp_t3,duarte_mcd,4,0.951259,,,,,,,,,0.000000e+00,137,1,0,1,1,1
051_large_clamp,s2_duarte_mcd_051_large_clamp_t5,duarte_mcd,8,0.953458,,,,,,,,,0.000000e+00,163,1,0,1,1,1
051_large_clamp,s2_duarte_mcd_051_large_clamp_t6,duarte_mcd,488,0.853741,,,,,,,,,1.797685e-01,85,1,0,1,1,0
051_large_clamp,s2_duarte_mcd_051_large_clamp_t7,duarte_mcd,250,0.940551,,,,,,,,,0.000000e+00,151,1,0,1,1,1
051_large_clamp,s2_duarte_mcd_051_large_clamp_t8,duarte_mcd,0,0.967762,,,,,,,,,0.000000e+00,169,1,0,1,1,1
051_large_clamp,s2_duarte_mcd_051_large_clamp_t9,duarte_mcd,0,0.955255,,,,,,,,,0.000000e+00,222,1,0,1,1,1
051_large_clamp,s2_duarte_mcd_051_large_clamp_t10,duarte_mcd,285,0.912364,,,,,,,,,0.000000e+00,149,1,0,1,1,1
051_large_clamp,s2_duarte_mcd_051_large_clamp_t11,duarte_mcd,124,0.925741,,,,,,,,,0.000000e+00,141,1,0,1,1,1
051_large_clamp,s2_duarte_mcd_051_large_clamp_t12,duarte_mcd,77,0.965545,,,,,,,,,5.143607e-01,849,1,0,1,1,0
051_large_clamp,s2_duarte_mcd_051_large_clamp_t13,duarte_mcd,26,0.949208,,,,,,,,,0.000000e+00,141,1,0,1,1,1
051_large_clamp,s2_duarte_mcd_051_large_clamp_t15,duarte_mcd,3,0.973691,,,,,,,,,0.000000e+00,212,1,0,1,1,1
051_large_clamp,s2_duarte_mcd_051_large_clamp_t16,duarte_mcd,4,0.966252,,,,,,,,,0.000000e+00,217,1,0,1,1,0
051_large_clamp,s2_duarte_mcd_051_large_clamp_t17,duarte_mcd,169,0.932395,,,,,,,,,0.000000e+00,156,1,0,1,1,1
051_large_clamp,s2_duarte_mcd_051_large_clamp_t18,duarte_mcd,233,0.942947,,,,,,,,,0.000000e+00,166,1,0,1,1,0
051_large_clamp,s2_duarte_mcd_051_large_clamp_t19,duarte_mcd,34,0.964835,,,,,,,,,2.589110e-01,301,1,0,1,1,0
051_large_clamp,s2_duarte_mcd_051_large_clamp_t20,duarte_mcd,19,0.969404,,,,,,,,,0.000000e+00,187,1,0,1,1,1
051_large_clamp,s2_duarte_mcd_051_large_clamp_t21,duarte_mcd,0,0.964644,,,,,,,,,0.000000e+00,141,1,0,1,1,0
051_large_clamp,s2_duarte_mcd_051_large_clamp_t22,duarte_mcd,1330,0.601198,,,,,,,,,1.540389e-01,75,1,0,1,1,0
051_large_clamp,s2_duarte_mcd_051_large_clamp_t23,duarte_mcd,0,0.967281,,,,,,,,,0.000000e+00,166,1,0,1,1,0
051_large_clamp,s2_duarte_mcd_051_large_clamp_t24,duarte_mcd,0,0.967157,,,,,,,,,0.000000e+00,225,1,0,1,1,0
022_windex_bottle,s3_partial_only_022_windex_bottle_t0,partial_only,1,0.906487,,,,,,,,,,,1,0,1,1,0
022_windex_bottle,s3_partial_only_022_windex_bottle_t1,partial_only,0,0.928994,,,,,,,,,,,1,0,1,1,0
022_windex_bottle,s3_partial_only_022_windex_bottle_t2,partial_only,7,0.953337,,,,,,,,,,,1,0,1,1,0
022_windex_bottle,s3_partial_only_022_windex_bottle_t3,partial_only,0,0.940432,,,,,,,,,,,1,0,1,1,0
022_windex_bottle,s3_partial_only_022_windex_bottle_t4,partial_only,0,0.904050,,,,,,,,,,,1,0,1,1,0
022_windex_bottle,s3_partial_only_022_windex_bottle_t5,partial_only,0,0.896368,,,,,,,,,,,1,0,1,1,0
022_windex_bottle,s3_partial_only_022_windex_bottle_t6,partial_only,3,0.896099,,,,,,,,,,,1,0,1,1,0
022_windex_bottle,s3_partial_only_022_windex_bottle_t7,partial_only,1,0.942968,,,,,,,,,,,1,0,1,1,0
022_windex_bottle,s3_partial_only_022_windex_bottle_t8,partial_only,29,0.938978,,,,,,,,,,,1,0,1,1,1
022_windex_bottle,s3_partial_only_022_windex_bottle_t9,partial_only,238,0.904462,,,,,,,,,,,1,0,1,1,0
022_windex_bottle,s3_partial_only_022_windex_bottle_t10,partial_only,12,0.924599,,,,,,,,,,,1,0,1,1,1
022_windex_bottle,s3_partial_only_022_windex_bottle_t11,partial_only,79,0.880334,,,,,,,,,,,1,0,1,1,0
022_windex_bottle,s3_partial_only_022_windex_bottle_t13,partial_only,176,0.913715,,,,,,,,,,,1,0,1,1,1
022_windex_bottle,s3_partial_only_022_windex_bottle_t14,partial_only,685,0.901219,,,,,,,,,,,1,0,1,1,0
022_windex_bottle,s3_partial_only_022_windex_bottle_t15,partial_only,309,0.862390,,,,,,,,,,,1,0,1,1,1
022_windex_bottle,s3_partial_only_022_windex_bottle_t16,partial_only,1189,0.685956,,,,,,,,,,,1,0,1,1,0
022_windex_bottle,s3_partial_only_022_windex_bottle_t17,partial_only,1,0.939916,,,,,,,,,,,1,0,1,1,1
022_windex_bottle,s3_partial_only_022_windex_bottle_t19,partial_only,53,0.941007,,,,,,,,,,,1,0,1,1,1
022_windex_bottle,s3_partial_only_022_windex_bottle_t20,partial_only,14,0.926724,,,,,,,,,,,1,0,1,1,0
022_windex_bottle,s3_partial_only_022_windex_bottle_t21,partial_only,0,0.914341,,,,,,,,,,,1,0,1,1,0
022_windex_bottle,s3_partial_only_022_windex_bottle_t22,partial_only,607,0.905828,,,,,,,,,,,1,0,1,1,0
022_windex_bottle,s3_partial_only_022_windex_bottle_t23,partial_only,24,0.899077,,,,,,,,,,,1,0,1,1,1
022_windex_bottle,s3_partial_only_022_windex_bottle_t24,partial_only,574,0.892345,,,,,,,,,,,1,0,1,1,0
006_mustard_bottle,s3_complete_only_006_mustard_bottle_t0,complete_only,92,0.843785,0.031558,4.382300e-06,1.250885e-05,1710,0.021039,4.535525e-06,0.042078,3.966233e-06,8.403215e-01,580,1,0,1,1,1
006_mustard_bottle,s3_complete_only_006_mustard_bottle_t1,complete_only,0,0.957145,0.024537,7.457106e-05,2.108830e-04,1724,0.016358,7.578498e-05,0.032717,6.141875e-05,1.866147e+00,452,1,0,1,1,0
006_mustard_bottle,s3_complete_only_006_mustard_bottle_t2,complete_only,518,0.914336,0.017202,5.902041e-05,1.859513e-04,318,0.011468,6.461821e-05,0.022937,4.895470e-05,1.379270e+00,232,1,0,1,1,0
006_mustard_bottle,s3_complete_only_006_mustard_bottle_t3,complete_only,14,0.881115,0.031661,5.658815e-06,1.389129e-05,1559,0.021108,6.658410e-06,0.042215,4.617261e-06,6.135461e-01,441,1,0,1,1,1
006_mustard_bottle,s3_complete_only_006_mustard_bottle_t4,complete_only,1,0.816059,0.031763,9.951174e-06,2.284876e-05,1473,0.021175,9.436213e-06,0.042350,1.062314e-05,4.315013e-01,359,1,0,1,1,1
006_mustard_bottle,s3_complete_only_006_mustard_bottle_t5,complete_only,0,0.863077,0.031976,9.990595e-06,2.389829e-05,1646,0.021317,1.018681e-05,0.042634,8.803977e-06,3.846734e-01,296,1,0,1,1,1
006_mustard_bottle,s3_complete_only_006_mustard_bottle_t7,complete_only,1,0.939743,0.030222,7.759270e-06,2.664076e-05,1542,0.020148,6.508685e-06,0.040297,8.566172e-06,8.537162e-01,431,1,0,1,1,1
006_mustard_bottle,s3_complete_only_006_mustard_bottle_t8,complete_only,12,0.865220,0.038703,3.072430e-06,7.956989e-06,2241,0.025802,3.205684e-06,0.051604,3.880035e-06,5.845235e-01,693,1,0,1,1,0
006_mustard_bottle,s3_complete_only_006_mustard_bottle_t9,complete_only,0,0.817896,0.032553,5.699246e-06,1.868254e-05,1452,0.021702,7.817721e-06,0.043404,4.912154e-06,1.115711e-01,207,1,0,1,1,1
006_mustard_bottle,s3_complete_only_006_mustard_bottle_t10,complete_only,346,0.943399,0.027355,2.635680e-06,2.191199e-05,1366,0.018236,8.417084e-07,0.036473,8.141620e-06,1.949858e-01,301,1,0,1,1,0
006_mustard_bottle,s3_complete_only_006_mustard_bottle_t11,complete_only,174,0.779711,0.032453,2.647620e-05,1.038097e-04,2091,0.021635,1.751044e-05,0.043270,3.515305e-05,1.246417e+00,915,1,0,1,1,1
006_mustard_bottle,s3_complete_only_006_mustard_bottle_t12,complete_only,924,0.654155,0.058365,2.845601e-04,4.918465e-04,14113,0.038910,2.594927e-04,0.077821,4.237288e-04,6.694266e+00,1798,1,0,1,1,0
006_mustard_bottle,s3_complete_only_006_mustard_bottle_t13,complete_only,11,0.836610,0.032820,7.270996e-06,1.724411e-05,1565,0.021880,6.910930e-06,0.043760,7.429632e-06,3.655253e-01,268,1,0,1,1,1
006_mustard_bottle,s3_complete_only_006_mustard_bottle_t14,complete_only,21,0.939817,0.029375,2.027126e-06,5.257413e-06,1706,0.019584,1.874904e-06,0.039167,2.009192e-06,1.747337e-02,354,1,0,1,1,1
006_mustard_bottle,s3_complete_only_006_mustard_bottle_t15,complete_only,91,0.789744,0.034207,3.940372e-05,1.393096e-04,1912,0.022805,3.123337e-05,0.045610,4.591261e-05,1.211757e+00,760,1,0,1,1,1
006_mustard_bottle,s3_complete_only_006_mustard_bottle_t16,complete_only,8,0.965454,0.028873,2.412662e-06,1.894992e-05,1578,0.019249,2.480252e-06,0.038497,2.058342e-06,1.395529e-03,325,1,0,1,1,1
006_mustard_bottle,s3_complete_only_006_mustard_bottle_t17,complete_only,143,0.864936,0.053605,2.716077e-03,1.021002e-02,1068,0.035736,4.099799e-03,0.071473,2.605026e-03,5.002347e+00,142,1,0,1,1,0
006_mustard_bottle,s3_complete_only_006_mustard_bottle_t18,complete_only,286,0.797109,0.032656,1.358542e-05,3.190239e-05,1868,0.021771,1.203274e-05,0.043541,1.599176e-05,7.675483e-01,518,1,0,1,1,1
006_mustard_bottle,s3_complete_only_006_mustard_bottle_t19,complete_only,20,0.868031,0.033742,8.321150e-06,1.876628e-05,2171,0.022494,8.194991e-06,0.044989,9.552921e-06,6.181597e-01,387,1,0,1,1,0
006_mustard_bottle,s3_complete_only_006_mustard_bottle_t20,complete_only,8,0.879654,0.030638,6.076638e-06,2.227519e-05,1670,0.020425,5.429921e-06,0.040850,6.823604e-06,8.331041e-01,351,1,0,1,1,0
006_mustard_bottle,s3_complete_only_006_mustard_bottle_t21,complete_only,158,0.827602,0.032432,2.357439e-05,1.032622e-04,1933,0.021621,1.847873e-05,0.043242,3.216553e-05,1.058913e+00,718,1,0,1,1,1
006_mustard_bottle,s3_complete_only_006_mustard_bottle_t22,complete_only,3,0.874026,0.032004,5.542395e-06,1.083237e-05,1721,0.021336,6.008246e-06,0.042672,4.807786e-06,3.916471e-01,346,1,0,1,1,1
006_mustard_bottle,s3_complete_only_006_mustard_bottle_t23,complete_only,0,0.860937,0.032614,1.117775e-05,2.474176e-05,2218,0.021743,6.891485e-06,0.043485,2.183877e-05,6.684911e-01,738,1,0,1,1,0
006_mustard_bottle,s3_complete_only_006_mustard_bottle_t24,complete_only,0,0.911430,0.031833,4.534160e-06,9.472138e-06,1954,0.021222,4.639801e-06,0.042444,4.278986e-06,5.678080e-01,379,1,0,1,1,0
011_banana,s3_complete_only_011_banana_t0,complete_only,1472,0.548631,0.032562,8.917878e-05,8.096442e-05,2261,0.021708,8.490274e-05,0.043416,1.129762e-04,8.934202e-01,481,1,0,1,1,0
011_banana,s3_complete_only_011_banana_t1,complete_only,1938,0.059149,0.033218,3.378830e-04,8.861782e-04,2543,0.022145,4.119488e-04,0.044290,2.184196e-04,1.345907e+00,750,1,0,1,1,0
011_banana,s3_complete_only_011_banana_t2,complete_only,1188,0.764904,0.031867,4.384972e-05,2.795927e-05,2844,0.021244,3.094559e-05,0.042489,6.036535e-05,6.963901e-01,673,1,0,1,1,1
011_banana,s3_complete_only_011_banana_t3,complete_only,1588,0.552008,0.032091,6.282119e-05,4.007783e-04,1084,0.021394,8.636022e-05,0.042789,5.017324e-05,3.994148e-01,153,1,0,1,1,0
011_banana,s3_complete_only_011_banana_t4,complete_only,1501,0.617160,0.030280,2.332851e-04,1.662110e-03,1502,0.020187,5.504119e-04,0.040374,1.006953e-04,6.952998e-01,410,1,0,1,1,0
011_banana,s3_complete_only_011_banana_t5,complete_only,1500,0.597691,0.030462,1.613707e-04,1.143254e-03,1256,0.020308,4.873360e-04,0.040616,7.972857e-05,3.881171e-01,252,1,0,1,1,0
011_banana,s3_complete_only_011_banana_t6,complete_only,1877,0.146523,0.033210,6.382817e-05,3.215744e-04,1656,0.022140,9.390574e-05,0.044281,5.326287e-05,4.813559e-01,266,1,0,1,1,0
011_banana,s3_complete_only_011_banana_t7,complete_only,312,0.890291,0.031105,3.139354e-05,1.341396e-04,2004,0.020737,4.786036e-05,0.041474,6.220908e-05,6.272402e-01,425,1,0,1,1,0
011_banana,s3_complete_only_011_banana_t8,complete_only,1661,0.455833,0.033907,2.043616e-05,9.333474e-05,3652,0.022604,2.767911e-05,0.045209,2.076537e-05,9.126067e-01,982,1,0,1,1,0
011_banana,s3_complete_only_011_banana_t9,complete_only,787,0.869676,0.031312,4.058671e-05,3.332798e-05,2873,0.020875,1.479722e-05,0.041750,6.634986e-05,4.917283e-01,430,1,0,1,1,0
011_banana,s3_complete_only_011_banana_t10,complete_only,877,0.816090,0.031657,4.890242e-05,1.879981e-04,2008,0.021105,1.055874e-04,0.042209,2.756692e-05,8.819745e-01,614,1,0,1,1,0
011_banana,s3_complete_only_011_banana_t11,complete_only,1873,0.186058,0.030892,3.082700e-04,1.987426e-03,2371,0.020595,3.072487e-04,0.041189,2.685435e-04,2.331244e+00,1245,1,0,1,1,1
011_banana,s3_complete_only_011_banana_t12,complete_only,70,0.966288,0.018896,1.475326e-05,6.613513e-05,1506,0.012597,2.062638e-05,0.025194,1.288603e-05,1.564345e+00,1642,1,0,1,1,1
011_banana,s3_complete_only_011_banana_t13,complete_only,1000,0.814473,0.031398,4.169683e-05,1.052280e-04,1979,0.020932,2.945342e-05,0.041864,4.540133e-05,9.025755e-01,555,1,0,1,1,0
011_banana,s3_complete_only_011_banana_t14,complete_only,710,0.862645,0.031571,1.475116e-04,6.759338e-04,1782,0.021048,3.087907e-04,0.042095,7.538862e-05,2.280135e+00,1283,1,0,1,1,1
011_banana,s3_complete_only_011_banana_t15,complete_only,1706,0.363818,0.032258,7.734260e-05,7.249591e-05,2439,0.021506,4.104493e-05,0.043011,1.181960e-04,3.727211e-01,296,1,0,1,1,0
011_banana,s3_complete_only_011_banana_t16,complete_only,1244,0.702760,0.031686,6.606674e-06,1.527800e-05,2780,0.021124,1.525069e-05,0.042248,6.670977e-06,1.033239e+00,871,1,0,1,1,1
011_banana,s3_complete_only_011_banana_t17,complete_only,1164,0.771514,0.031487,1.029737e-05,3.927239e-05,1699,0.020991,2.075212e-05,0.041982,1.005473e-05,2.643896e-01,329,1,0,1,1,0
011_banana,s3_complete_only_011_banana_t18,complete_only,1116,0.765809,0.031970,3.926268e-04,2.881126e-03,1557,0.021313,1.338636e-03,0.042626,3.425413e-04,2.722702e+00,665,1,0,1,1,0
011_banana,s3_complete_only_011_banana_t19,complete_only,1304,0.764877,0.032472,1.005344e-04,9.709328e-04,1466,0.021648,8.332011e-05,0.043296,1.011350e-04,1.291488e-01,206,1,0,1,1,0
011_banana,s3_complete_only_011_banana_t20,complete_only,409,0.891548,0.032664,8.348621e-05,2.941672e-04,1925,0.021776,1.241344e-04,0.043552,7.530697e-05,8.347144e-01,613,1,0,1,1,1
011_banana,s3_complete_only_011_banana_t21,complete_only,1946,0.034888,0.030340,1.122536e-03,2.931745e-03,1131,0.020227,1.269691e-03,0.040453,8.243915e-04,3.771701e+00,714,1,0,1,1,0
011_banana,s3_complete_only_011_banana_t22,complete_only,1137,0.701084,0.033021,3.826386e-05,9.142828e-05,3901,0.022014,3.240076e-05,0.044028,5.709619e-05,1.321953e+00,1052,1,0,1,1,1
011_banana,s3_complete_only_011_banana_t23,complete_only,1409,0.671858,0.033456,3.275476e-04,1.725675e-03,1579,0.022304,6.551715e-04,0.044608,2.335528e-04,9.140196e-01,314,1,0,1,1,0
011_banana,s3_complete_only_011_banana_t24,complete_only,1242,0.653507,0.033042,3.191482e-05,3.500855e-05,1566,0.022028,1.922347e-05,0.044056,6.925236e-05,0.000000e+00,169,1,0,1,1,0
025_mug,s3_epi_max_025_mug_t0,complete_epi,181,0.912399,0.020518,1.125533e-06,1.919864e-06,684,0.013679,1.392913e-06,0.027357,1.093126e-06,9.901405e-02,161,1,0,1,1,1
025_mug,s3_epi_max_025_mug_t1,complete_epi,34,0.915254,0.020116,2.820862e-06,8.997005e-06,1352,0.013411,2.479098e-06,0.026822,3.081460e-06,3.205262e-01,312,1,0,1,1,1
025_mug,s3_epi_max_025_mug_t2,complete_epi,37,0.939469,0.022246,5.557740e-06,1.623977e-05,688,0.014831,5.334164e-06,0.029662,7.936698e-06,2.043140e-01,123,1,0,1,1,1
025_mug,s3_epi_max_025_mug_t3,complete_epi,41,0.914913,0.020767,3.176408e-06,5.581752e-06,381,0.013845,2.776510e-07,0.027689,3.294050e-06,0.000000e+00,110,1,0,1,1,0
025_mug,s3_epi_max_025_mug_t4,complete_epi,24,0.922085,0.020037,5.396992e-06,1.618520e-05,543,0.013358,4.749817e-06,0.026716,6.394839e-06,3.273224e-01,182,1,0,1,1,1
025_mug,s3_epi_max_025_mug_t5,complete_epi,9,0.952533,0.019942,9.026603e-06,3.791858e-05,601,0.013294,1.720379e-05,0.026589,8.612090e-06,2.400621e-01,138,1,0,1,1,1
025_mug,s3_epi_max_025_mug_t6,complete_epi,120,0.912925,0.020488,1.565037e-05,4.154614e-05,365,0.013659,1.888439e-05,0.027318,1.311373e-05,2.105513e-01,193,1,0,1,1,1
025_mug,s3_epi_max_025_mug_t7,complete_epi,60,0.931003,0.021415,2.728872e-05,1.255794e-04,389,0.014277,2.206538e-05,0.028553,2.734600e-05,3.113359e-01,105,1,0,1,1,1
025_mug,s3_epi_max_025_mug_t9,complete_epi,15,0.936086,0.020358,2.497098e-06,5.771152e-06,766,0.013572,3.100968e-06,0.027144,3.417049e-06,3.575110e-01,233,1,0,1,1,1
025_mug,s3_epi_max_025_mug_t10,complete_epi,472,0.852406,0.020258,4.507804e-04,9.166198e-04,270,0.013505,7.060457e-04,0.027011,1.303610e-04,1.264829e-01,119,1,0,1,1,0
025_mug,s3_epi_max_025_mug_t11,complete_epi,133,0.917867,0.020420,1.328785e-06,2.445069e-06,923,0.013613,1.340896e-06,0.027226,1.238344e-06,1.422408e-01,200,1,0,1,1,1
025_mug,s3_epi_max_025_mug_t12,complete_epi,165,0.800965,0.020656,2.479848e-06,9.413509e-06,713,0.013771,2.780386e-06,0.027542,2.294826e-06,1.613220e-01,154,1,0,1,1,1
025_mug,s3_epi_max_025_mug_t13,complete_epi,120,0.895947,0.020129,1.048690e-06,2.087668e-06,356,0.013419,1.182348e-06,0.026839,1.027228e-06,2.299666e-01,277,1,0,1,1,1
025_mug,s3_epi_max_025_mug_t14,complete_epi,533,0.807142,0.020221,2.307256e-05,5.427336e-05,594,0.013481,2.615593e-05,0.026961,2.093211e-05,3.492874e-01,158,1,0,1,1,0
025_mug,s3_epi_max_025_mug_t15,complete_epi,54,0.933255,0.020381,1.270782e-05,4.129219e-05,494,0.013587,8.830826e-06,0.027174,1.352240e-05,6.046103e-01,254,1,0,1,1,1
025_mug,s3_epi_max_025_mug_t16,complete_epi,33,0.903734,0.020482,4.392135e-06,1.562836e-05,397,0.013655,5.092333e-06,0.027310,9.704129e-06,3.293606e-01,208,1,0,1,1,1
025_mug,s3_epi_max_025_mug_t18,complete_epi,197,0.895796,0.020930,1.538896e-06,3.415462e-06,676,0.013953,1.720962e-06,0.027907,1.675170e-06,1.559148e-01,203,1,0,1,1,1
025_mug,s3_epi_max_025_mug_t19,complete_epi,15,0.940680,0.020798,1.466967e-05,8.544851e-05,446,0.013865,8.719092e-05,0.027731,9.756092e-06,1.488159e-01,104,1,0,1,1,1
025_mug,s3_epi_max_025_mug_t20,complete_epi,17,0.840342,0.020278,1.134335e-06,4.709665e-06,141,0.013518,3.013252e-07,0.027037,1.541844e-06,0.000000e+00,35,1,0,1,1,1
025_mug,s3_epi_max_025_mug_t21,complete_epi,185,0.870898,0.019745,1.412914e-06,3.130532e-06,485,0.013163,1.446547e-06,0.026326,1.548800e-06,2.574839e-01,286,1,0,1,1,1
025_mug,s3_epi_max_025_mug_t22,complete_epi,137,0.923109,0.022781,4.266427e-06,1.129021e-05,553,0.015187,3.089726e-06,0.030374,5.472134e-06,2.849960e-01,175,1,0,1,1,1
025_mug,s3_epi_max_025_mug_t23,complete_epi,9,0.809629,0.020152,2.363280e-06,8.427814e-06,202,0.013435,2.963729e-06,0.026869,2.936056e-06,7.748825e-03,33,1,0,1,1,1
025_mug,s3_epi_max_025_mug_t24,complete_epi,51,0.926390,0.021425,5.336414e-06,1.789486e-05,597,0.014283,6.521981e-06,0.028566,5.546709e-06,2.783302e-01,160,1,0,1,1,1
051_large_clamp,s3_epi_max_051_large_clamp_t0,complete_epi,172,0.937584,0.030610,8.197506e-06,2.805678e-05,1719,0.020407,1.152242e-05,0.040814,9.179999e-06,4.875785e-01,316,1,0,1,1,1
051_large_clamp,s3_epi_max_051_large_clamp_t1,complete_epi,5,0.965908,0.029722,2.311862e-07,1.258131e-06,572,0.019815,0.000000e+00,0.039630,7.858969e-07,0.000000e+00,132,1,0,1,1,0
051_large_clamp,s3_epi_max_051_large_clamp_t2,complete_epi,6,0.955962,0.030478,0.000000e+00,0.000000e+00,927,0.020319,0.000000e+00,0.040638,1.744868e-07,0.000000e+00,219,1,0,1,1,1
051_large_clamp,s3_epi_max_051_large_clamp_t3,complete_epi,54,0.959712,0.030496,2.322847e-06,7.767880e-06,2294,0.020330,2.703843e-06,0.040661,3.270317e-06,5.526635e-01,481,1,0,1,1,1
051_large_clamp,s3_epi_max_051_large_clamp_t4,complete_epi,0,0.963416,0.029628,1.167062e-06,4.393308e-06,746,0.019752,0.000000e+00,0.039503,1.204631e-06,0.000000e+00,163,1,0,1,1,0
051_large_clamp,s3_epi_max_051_large_clamp_t5,complete_epi,2,0.951355,0.029701,7.795726e-07,4.786441e-06,829,0.019801,1.619008e-06,0.039601,1.338880e-06,1.403019e-01,225,1,0,1,1,1
051_large_clamp,s3_epi_max_051_large_clamp_t6,complete_epi,17,0.961472,0.030121,0.000000e+00,0.000000e+00,493,0.020080,0.000000e+00,0.040161,0.000000e+00,0.000000e+00,133,1,0,1,1,0
051_large_clamp,s3_epi_max_051_large_clamp_t7,complete_epi,0,0.966525,0.029761,0.000000e+00,0.000000e+00,731,0.019840,0.000000e+00,0.039681,0.000000e+00,0.000000e+00,205,1,0,1,1,0
051_large_clamp,s3_epi_max_051_large_clamp_t8,complete_epi,15,0.969429,0.031215,2.332955e-06,3.978630e-06,1888,0.020810,8.522088e-07,0.041619,6.220884e-06,2.523427e-01,379,1,0,1,1,1
051_large_clamp,s3_epi_max_051_large_clamp_t9,complete_epi,27,0.959512,0.032556,1.674184e-06,1.314055e-05,1188,0.021704,4.901198e-07,0.043407,2.390227e-06,2.446946e-02,202,1,0,1,1,1
051_large_clamp,s3_epi_max_051_large_clamp_t11,complete_epi,2,0.951370,0.031425,5.845427e-07,2.332305e-06,930,0.020950,0.000000e+00,0.041899,1.239213e-06,0.000000e+00,154,1,0,1,1,1
051_large_clamp,s3_epi_max_051_large_clamp_t12,complete_epi,2,0.972986,0.031626,9.872144e-07,2.181701e-06,2559,0.021084,9.903494e-07,0.042168,4.074947e-06,2.223234e-01,360,1,0,1,1,1
051_large_clamp,s3_epi_max_051_large_clamp_t13,complete_epi,19,0.967944,0.032645,2.605273e-06,1.045828e-05,1833,0.021763,2.316829e-06,0.043527,4.006102e-06,2.192139e-01,277,1,0,1,1,1
051_large_clamp,s3_epi_max_051_large_clamp_t14,complete_epi,10,0.959659,0.029828,1.284888e-04,6.571811e-04,745,0.019885,2.081441e-04,0.039770,9.124161e-05,2.013227e+00,240,1,0,1,1,0
051_large_clamp,s3_epi_max_051_large_clamp_t15,complete_epi,1,0.964758,0.031742,3.680277e-06,2.212768e-05,780,0.021161,7.403109e-07,0.042323,5.863959e-06,0.000000e+00,139,1,0,1,1,1
051_large_clamp,s3_epi_max_051_large_clamp_t16,complete_epi,1,0.976808,0.042863,5.884113e-05,1.680580e-04,11361,0.028575,5.144662e-05,0.057150,7.102268e-05,6.991219e+00,3107,1,0,1,1,0
051_large_clamp,s3_epi_max_051_large_clamp_t17,complete_epi,1,0.961559,0.029748,2.615617e-07,1.384229e-06,1069,0.019832,0.000000e+00,0.039664,3.764590e-07,0.000000e+00,211,1,0,1,1,1
051_large_clamp,s3_epi_max_051_large_clamp_t18,complete_epi,17,0.951801,0.032019,1.143714e-05,8.095244e-05,832,0.021346,4.044319e-05,0.042692,9.387534e-06,5.181656e-02,161,1,0,1,1,1
051_large_clamp,s3_epi_max_051_large_clamp_t19,complete_epi,36,0.948178,0.031948,2.310191e-07,0.000000e+00,790,0.021299,0.000000e+00,0.042598,3.328886e-06,0.000000e+00,143,1,0,1,1,1
051_large_clamp,s3_epi_max_051_large_clamp_t20,complete_epi,3,0.970692,0.032912,2.886822e-06,1.906844e-05,1695,0.021941,8.097260e-07,0.043882,4.319498e-06,1.128907e-01,274,1,0,1,1,0
051_large_clamp,s3_epi_max_051_large_clamp_t21,complete_epi,216,0.935682,0.030783,0.000000e+00,0.000000e+00,763,0.020522,0.000000e+00,0.041044,5.739651e-07,0.000000e+00,182,1,0,1,1,1
051_large_clamp,s3_epi_max_051_large_clamp_t22,complete_epi,3,0.962543,0.031377,4.780154e-06,1.688725e-05,1696,0.020918,3.002852e-06,0.041836,1.032058e-05,1.471087e-02,169,1,0,1,1,0
051_large_clamp,s3_epi_max_051_large_clamp_t23,complete_epi,2,0.962640,0.032508,1.452032e-06,3.488623e-06,2997,0.021672,1.572311e-06,0.043344,5.753685e-06,1.500443e-01,284,1,0,1,1,0
051_large_clamp,s3_epi_max_051_large_clamp_t24,complete_epi,6,0.960824,0.031257,6.156078e-06,2.237481e-05,1360,0.020838,8.299592e-06,0.041676,1.022569e-05,2.845814e-03,150,1,0,1,1,1
022_windex_bottle,s3_epi_mean_022_windex_bottle_t0,complete_epi,0,0.928748,0.044826,6.531359e-05,4.827253e-04,2455,0.029884,1.006435e-04,0.059768,1.274778e-04,1.840544e-01,62,1,0,1,1,0
022_windex_bottle,s3_epi_mean_022_windex_bottle_t1,complete_epi,0,0.952572,0.045768,2.458847e-05,6.771660e-05,1760,0.030512,2.291496e-05,0.061023,1.089040e-04,8.044029e-01,526,1,0,1,1,0
022_windex_bottle,s3_epi_mean_022_windex_bottle_t2,complete_epi,1092,0.573246,0.038495,3.649398e-05,1.636200e-04,2423,0.025663,5.206989e-05,0.051327,6.933791e-05,3.200390e-01,121,1,0,1,1,0
022_windex_bottle,s3_epi_mean_022_windex_bottle_t3,complete_epi,0,0.948876,0.042859,9.360258e-06,4.586292e-05,1654,0.028573,6.774801e-06,0.057145,2.171642e-05,2.466282e-01,258,1,0,1,1,0
022_windex_bottle,s3_epi_mean_022_windex_bottle_t4,complete_epi,14,0.945990,0.044669,3.958443e-06,1.563372e-05,1278,0.029780,1.996460e-06,0.059559,2.773896e-05,0.000000e+00,110,1,0,1,1,0
022_windex_bottle,s3_epi_mean_022_windex_bottle_t5,complete_epi,15,0.930211,0.044738,9.189214e-06,6.564865e-05,1404,0.029825,6.992240e-06,0.059650,4.742228e-05,1.577219e-01,203,1,0,1,1,0
022_windex_bottle,s3_epi_mean_022_windex_bottle_t6,complete_epi,0,0.957055,0.044913,1.796548e-05,7.019138e-05,1718,0.029942,1.502133e-05,0.059884,4.111458e-05,1.094263e+00,508,1,0,1,1,0
022_windex_bottle,s3_epi_mean_022_windex_bottle_t7,complete_epi,0,0.930511,0.040371,2.849804e-06,1.061092e-05,4821,0.026914,2.656015e-06,0.053828,6.082108e-06,1.585792e-01,216,1,0,1,1,0
022_windex_bottle,s3_epi_mean_022_windex_bottle_t8,complete_epi,168,0.890403,0.039400,7.536450e-05,3.734659e-04,1781,0.026267,5.164071e-05,0.052534,1.403584e-04,3.612040e-01,74,1,0,1,1,0
022_windex_bottle,s3_epi_mean_022_windex_bottle_t9,complete_epi,0,0.907811,0.039192,2.759630e-05,2.476848e-04,2573,0.026128,1.200509e-04,0.052256,5.018847e-05,3.002611e-01,196,1,0,1,1,1
022_windex_bottle,s3_epi_mean_022_windex_bottle_t10,complete_epi,356,0.802488,0.041075,2.592999e-06,9.092639e-06,3912,0.027383,3.481650e-06,0.054766,5.838715e-06,3.244208e-01,295,1,0,1,1,0
022_windex_bottle,s3_epi_mean_022_windex_bottle_t11,complete_epi,724,0.715702,0.039563,4.497810e-05,1.363740e-04,5021,0.026375,1.540257e-04,0.052750,1.282931e-04,1.725806e+00,850,1,0,1,1,0
022_windex_bottle,s3_epi_mean_022_windex_bottle_t12,complete_epi,10,0.939354,0.039760,6.143705e-05,3.909940e-04,1951,0.026507,5.140838e-05,0.053013,9.109808e-05,3.900383e-01,50,1,0,1,1,0
022_windex_bottle,s3_epi_mean_022_windex_bottle_t13,complete_epi,0,0.916190,0.039119,1.871129e-05,1.161078e-04,3031,0.026079,3.923764e-05,0.052159,4.125800e-05,1.872970e+00,1039,1,0,1,1,1
022_windex_bottle,s3_epi_mean_022_windex_bottle_t14,complete_epi,104,0.924481,0.045442,2.941742e-06,7.819762e-06,1558,0.030295,2.289141e-06,0.060589,7.847116e-06,0.000000e+00,74,1,0,1,1,0
022_windex_bottle,s3_epi_mean_022_windex_bottle_t15,complete_epi,452,0.788739,0.039723,5.605946e-05,2.353523e-04,4263,0.026482,2.907421e-04,0.052964,1.401607e-04,1.294330e+00,559,1,0,1,1,1
022_windex_bottle,s3_epi_mean_022_windex_bottle_t16,complete_epi,864,0.704135,0.029352,3.376872e-05,1.695124e-04,5730,0.019568,2.925755e-05,0.039135,7.999976e-05,2.144161e+00,2163,1,0,1,1,0
022_windex_bottle,s3_epi_mean_022_windex_bottle_t17,complete_epi,1,0.929105,0.039663,2.703121e-06,6.688478e-06,4795,0.026442,1.748465e-06,0.052885,8.151045e-06,4.127775e-01,392,1,0,1,1,0
022_windex_bottle,s3_epi_mean_022_windex_bottle_t18,complete_epi,117,0.900059,0.041319,5.465375e-06,4.023408e-05,3564,0.027546,1.339533e-05,0.055092,8.469691e-06,1.838087e-01,159,1,0,1,1,0
022_windex_bottle,s3_epi_mean_022_windex_bottle_t19,complete_epi,222,0.887778,0.036798,5.571463e-06,1.101144e-05,4308,0.024532,4.612194e-06,0.049064,1.197524e-05,4.724039e-01,327,1,0,1,1,0
022_windex_bottle,s3_epi_mean_022_windex_bottle_t20,complete_epi,3,0.921959,0.032356,2.091585e-05,1.129068e-04,1347,0.021571,1.835932e-05,0.043142,4.713595e-05,7.573522e-01,572,1,0,1,1,0
022_windex_bottle,s3_epi_mean_022_windex_bottle_t21,complete_epi,0,0.961122,0.042067,1.780441e-05,1.383522e-04,958,0.028045,1.346284e-05,0.056089,6.171906e-05,0.000000e+00,150,1,0,1,1,0
022_windex_bottle,s3_epi_mean_022_windex_bottle_t22,complete_epi,235,0.900711,0.029820,7.785192e-05,8.339708e-04,1288,0.019880,1.228016e-04,0.039760,1.201060e-04,6.686681e-02,214,1,0,1,1,0
022_windex_bottle,s3_epi_mean_022_windex_bottle_t23,complete_epi,4,0.957749,0.040884,3.369147e-05,3.101395e-04,1959,0.027256,2.277650e-05,0.054512,9.512238e-05,1.432815e+00,569,1,0,1,1,0
022_windex_bottle,s3_epi_mean_022_windex_bottle_t24,complete_epi,475,0.866149,0.029970,1.652725e-05,2.114203e-04,832,0.019980,4.956494e-05,0.039961,2.068500e-05,1.666742e-01,208,1,0,1,1,0
006_mustard_bottle,s3_hetero_patch_006_mustard_bottle_t0,hetero_patch,20,0.860960,0.031558,4.452991e-06,9.195088e-06,1671,0.021039,4.508511e-06,0.042078,4.143196e-06,6.807240e-01,506,1,0,1,1,1
006_mustard_bottle,s3_hetero_patch_006_mustard_bottle_t1,hetero_patch,0,0.963628,0.018434,2.241332e-05,4.652008e-05,866,0.012290,2.243893e-05,0.024579,2.186777e-05,2.065519e+00,575,1,0,1,1,0
006_mustard_bottle,s3_hetero_patch_006_mustard_bottle_t2,hetero_patch,9,0.847914,0.007556,4.192945e-05,1.949539e-04,974,0.005037,1.029303e-04,0.010075,2.989259e-05,2.293050e+00,5408,1,0,1,1,0
006_mustard_bottle,s3_hetero_patch_006_mustard_bottle_t3,hetero_patch,4,0.884691,0.031668,6.156496e-06,1.413546e-05,1724,0.021112,6.489303e-06,0.042224,5.537336e-06,6.947689e-01,503,1,0,1,1,1
006_mustard_bottle,s3_hetero_patch_006_mustard_bottle_t4,hetero_patch,1,0.835770,0.031582,6.819115e-06,1.539906e-05,1445,0.021055,6.814525e-06,0.042109,6.665231e-06,2.114942e-01,283,1,0,1,1,1
006_mustard_bottle,s3_hetero_patch_006_mustard_bottle_t5,hetero_patch,22,0.824625,0.031937,1.021789e-05,1.977105e-05,1415,0.021291,1.091503e-05,0.042583,9.005054e-06,4.866338e-01,414,1,0,1,1,1
006_mustard_bottle,s3_hetero_patch_006_mustard_bottle_t6,hetero_patch,0,0.893891,0.031229,6.735650e-06,1.325529e-05,1422,0.020819,6.980030e-06,0.041638,6.696118e-06,5.425294e-01,440,1,0,1,1,1
006_mustard_bottle,s3_hetero_patch_006_mustard_bottle_t7,hetero_patch,49,0.974501,0.015951,2.562941e-05,4.360571e-05,1127,0.010634,2.694681e-05,0.021267,2.289360e-05,1.139416e+00,905,1,0,1,1,0
006_mustard_bottle,s3_hetero_patch_006_mustard_bottle_t8,hetero_patch,12,0.945261,0.029884,2.417145e-06,5.627230e-06,1660,0.019923,1.991657e-06,0.039846,2.637911e-06,4.048515e-01,624,1,0,1,1,1
006_mustard_bottle,s3_hetero_patch_006_mustard_bottle_t9,hetero_patch,0,0.874791,0.031812,6.758544e-06,1.672917e-05,1672,0.021208,7.558719e-06,0.042416,6.531239e-06,2.450892e-01,275,1,0,1,1,1
006_mustard_bottle,s3_hetero_patch_006_mustard_bottle_t10,hetero_patch,0,0.978993,0.017496,5.063685e-06,1.618607e-05,1499,0.011664,8.687598e-06,0.023328,3.907261e-06,3.285862e-01,1011,1,0,1,1,1
006_mustard_bottle,s3_hetero_patch_006_mustard_bottle_t11,hetero_patch,286,0.742854,0.032309,9.040993e-06,2.959878e-05,2287,0.021539,7.376192e-06,0.043078,1.085933e-05,9.915967e-01,824,1,0,1,1,1
006_mustard_bottle,s3_hetero_patch_006_mustard_bottle_t13,hetero_patch,0,0.849729,0.032806,5.857232e-06,1.250966e-05,1561,0.021871,6.294622e-06,0.043741,5.361700e-06,2.764451e-01,224,1,0,1,1,1
006_mustard_bottle,s3_hetero_patch_006_mustard_bottle_t14,hetero_patch,3,0.951155,0.029653,2.047834e-06,4.922031e-06,1645,0.019769,1.860693e-06,0.039538,2.181330e-06,1.350932e-02,379,1,0,1,1,1
006_mustard_bottle,s3_hetero_patch_006_mustard_bottle_t15,hetero_patch,257,0.815766,0.032374,1.180607e-05,4.515285e-05,1997,0.021583,1.101818e-05,0.043166,1.263493e-05,9.125286e-01,727,1,0,1,1,1
006_mustard_bottle,s3_hetero_patch_006_mustard_bottle_t16,hetero_patch,0,0.707866,0.003626,3.690216e-05,1.096267e-04,1260,0.002417,6.871648e-05,0.004834,1.845379e-05,2.039639e+00,8192,0,0,1,1,
006_mustard_bottle,s3_hetero_patch_006_mustard_bottle_t17,hetero_patch,0,0.934222,0.030089,5.221185e-06,1.183887e-05,1542,0.020059,4.184761e-06,0.040119,6.167288e-06,8.779199e-01,479,1,0,1,1,0
006_mustard_bottle,s3_hetero_patch_006_mustard_bottle_t18,hetero_patch,381,0.802495,0.032621,9.223672e-06,2.293949e-05,1875,0.021747,7.941280e-06,0.043495,1.026035e-05,5.032576e-01,344,1,0,1,1,1
006_mustard_bottle,s3_hetero_patch_006_mustard_bottle_t19,hetero_patch,121,0.924526,0.029344,1.058508e-05,5.277610e-05,1529,0.019563,3.108448e-05,0.039125,7.240043e-06,1.252925e-01,151,1,0,1,1,0
006_mustard_bottle,s3_hetero_patch_006_mustard_bottle_t20,hetero_patch,12,0.876423,0.030647,3.726935e-06,1.286802e-05,1291,0.020431,4.440671e-06,0.040863,4.052574e-06,3.973105e-01,275,1,0,1,1,1
006_mustard_bottle,s3_hetero_patch_006_mustard_bottle_t21,hetero_patch,234,0.828161,0.032365,1.208447e-05,3.778092e-05,1918,0.021577,8.705074e-06,0.043153,1.410787e-05,7.495739e-01,578,1,0,1,1,1
006_mustard_bottle,s3_hetero_patch_006_mustard_bottle_t22,hetero_patch,1,0.907472,0.031512,5.118759e-06,9.439018e-06,1597,0.021008,5.554606e-06,0.042016,4.710590e-06,4.739713e-01,379,1,0,1,1,1
006_mustard_bottle,s3_hetero_patch_006_mustard_bottle_t23,hetero_patch,467,0.913325,0.020319,6.693945e-07,1.898556e-06,2400,0.013546,6.560360e-07,0.027092,8.474791e-07,1.734819e-01,826,1,0,1,1,0
006_mustard_bottle,s3_hetero_patch_006_mustard_bottle_t24,hetero_patch,8,0.896944,0.031791,4.908349e-06,9.320014e-06,1957,0.021194,5.199235e-06,0.042388,4.481847e-06,6.984231e-01,514,1,0,1,1,1
011_banana,s3_hetero_patch_011_banana_t0,hetero_patch,1507,0.550817,0.032562,2.005605e-05,6.642866e-05,1412,0.021708,2.852105e-05,0.043416,2.046316e-05,3.737615e-01,306,1,0,1,1,0
011_banana,s3_hetero_patch_011_banana_t1,hetero_patch,1917,0.067878,0.033200,6.671300e-05,2.245461e-04,2690,0.022134,7.424603e-05,0.044267,5.185745e-05,1.930664e+00,1018,1,0,1,1,1
011_banana,s3_hetero_patch_011_banana_t2,hetero_patch,1381,0.722761,0.031774,2.361082e-05,6.458273e-05,2178,0.021182,5.436756e-05,0.042365,1.685889e-05,9.520113e-01,599,1,0,1,1,0
011_banana,s3_hetero_patch_011_banana_t3,hetero_patch,1556,0.586535,0.032091,1.398556e-05,4.664336e-05,3319,0.021394,1.952628e-05,0.042788,1.161897e-05,1.378040e+00,865,1,0,1,1,0
011_banana,s3_hetero_patch_011_banana_t4,hetero_patch,1617,0.490323,0.030282,3.036256e-05,1.269793e-04,1481,0.020188,1.088898e-04,0.040376,1.888472e-05,4.406666e-01,409,1,0,1,1,0
011_banana,s3_hetero_patch_011_banana_t5,hetero_patch,1527,0.571913,0.030415,1.288903e-05,5.892942e-05,1805,0.020277,3.465446e-05,0.040554,9.384973e-06,5.911542e-01,521,1,0,1,1,0
011_banana,s3_hetero_patch_011_banana_t6,hetero_patch,1930,0.055892,0.033230,4.257532e-05,1.416577e-04,2823,0.022153,5.331003e-05,0.044306,3.721758e-05,1.842500e+00,1003,1,0,1,1,1
011_banana,s3_hetero_patch_011_banana_t7,hetero_patch,1512,0.625068,0.031835,5.577627e-06,1.662013e-05,2189,0.021223,1.088142e-05,0.042447,7.027723e-06,2.532394e-01,383,1,0,1,1,0
011_banana,s3_hetero_patch_011_banana_t8,hetero_patch,1692,0.421030,0.033871,1.022095e-05,3.553866e-05,3232,0.022581,1.278220e-05,0.045162,8.292082e-06,1.006443e+00,1018,1,0,1,1,0
011_banana,s3_hetero_patch_011_banana_t9,hetero_patch,954,0.796809,0.031339,1.509521e-05,4.855926e-05,2252,0.020893,2.202276e-05,0.041786,1.126002e-05,5.456042e-01,551,1,0,1,1,1
011_banana,s3_hetero_patch_011_banana_t10,hetero_patch,474,0.860809,0.032456,1.255756e-05,5.239277e-05,2296,0.021637,1.327955e-05,0.043274,1.419140e-05,4.976139e-01,467,1,0,1,1,1
011_banana,s3_hetero_patch_011_banana_t11,hetero_patch,1780,0.311647,0.030951,6.228552e-06,1.907460e-05,2587,0.020634,4.429197e-06,0.041268,7.537815e-06,2.643392e-01,166,1,0,1,1,0
011_banana,s3_hetero_patch_011_banana_t12,hetero_patch,1794,0.309818,0.033832,1.722888e-05,5.883729e-05,2446,0.022555,3.179117e-05,0.045109,1.071262e-05,5.541237e-01,412,1,0,1,1,0
011_banana,s3_hetero_patch_011_banana_t13,hetero_patch,1235,0.720888,0.031399,8.746845e-06,2.708045e-05,2648,0.020933,1.010678e-05,0.041865,9.761774e-06,7.556025e-01,651,1,0,1,1,0
011_banana,s3_hetero_patch_011_banana_t14,hetero_patch,545,0.879604,0.031605,5.290735e-06,2.037720e-05,2188,0.021070,1.795089e-05,0.042140,4.978265e-06,3.683639e-01,436,1,0,1,1,0
011_banana,s3_hetero_patch_011_banana_t15,hetero_patch,1836,0.214801,0.032249,2.781989e-05,1.091087e-04,2854,0.021499,2.537991e-05,0.042998,2.384513e-05,8.011496e-01,724,1,0,1,1,1
011_banana,s3_hetero_patch_011_banana_t16,hetero_patch,1285,0.701473,0.031662,2.411778e-06,6.811317e-06,3375,0.021108,4.291545e-06,0.042216,2.393784e-06,8.583124e-01,805,1,0,1,1,1
011_banana,s3_hetero_patch_011_banana_t17,hetero_patch,1202,0.687944,0.032284,4.175799e-05,1.976004e-04,1677,0.021522,7.755905e-05,0.043045,2.411108e-05,7.726119e-01,585,1,0,1,1,1
011_banana,s3_hetero_patch_011_banana_t18,hetero_patch,1538,0.549668,0.031974,2.996964e-05,1.697834e-04,2525,0.021316,1.168419e-04,0.042633,2.605142e-05,5.168303e-01,388,1,0,1,1,0
011_banana,s3_hetero_patch_011_banana_t19,hetero_patch,1160,0.813070,0.032461,1.740835e-05,7.452672e-05,1838,0.021641,2.579601e-05,0.043282,1.604104e-05,5.003928e-01,425,1,0,1,1,1
011_banana,s3_hetero_patch_011_banana_t20,hetero_patch,721,0.861766,0.032387,7.452446e-06,3.035732e-05,2804,0.021591,7.024889e-06,0.043182,7.900069e-06,7.003394e-01,671,1,0,1,1,1
011_banana,s3_hetero_patch_011_banana_t21,hetero_patch,1930,0.107650,0.030333,2.787306e-05,1.094637e-04,1611,0.020222,4.981698e-05,0.040444,2.135624e-05,8.777463e-01,570,1,0,1,1,1
011_banana,s3_hetero_patch_011_banana_t22,hetero_patch,1178,0.692417,0.032988,1.407990e-05,4.683319e-05,2163,0.021992,1.084485e-05,0.043984,1.747162e-05,4.208541e-01,326,1,0,1,1,1
011_banana,s3_hetero_patch_011_banana_t24,hetero_patch,1302,0.642731,0.033014,7.753765e-06,2.196831e-05,2014,0.022010,7.056546e-06,0.044019,1.105128e-05,7.248550e-02,230,1,0,1,1,1
025_mug,s3_duarte_mcd_025_mug_t0,duarte_mcd,151,0.909709,,,,,,,,,1.291664e-01,197,1,0,1,1,1
025_mug,s3_duarte_mcd_025_mug_t1,duarte_mcd,147,0.900841,,,,,,,,,1.406628e-01,205,1,0,1,1,1
025_mug,s3_duarte_mcd_025_mug_t2,duarte_mcd,80,0.934574,,,,,,,,,2.376980e-01,135,1,0,1,1,1
025_mug,s3_duarte_mcd_025_mug_t3,duarte_mcd,184,0.872218,,,,,,,,,1.681931e-01,133,1,0,1,1,0
025_mug,s3_duarte_mcd_025_mug_t4,duarte_mcd,146,0.887392,,,,,,,,,1.434855e-01,120,1,0,1,1,1
025_mug,s3_duarte_mcd_025_mug_t5,duarte_mcd,29,0.936223,,,,,,,,,1.729300e-01,147,1,0,1,1,1
025_mug,s3_duarte_mcd_025_mug_t6,duarte_mcd,38,0.925874,,,,,,,,,2.051177e-01,274,1,0,1,1,1
025_mug,s3_duarte_mcd_025_mug_t7,duarte_mcd,26,0.938179,,,,,,,,,1.226014e-01,114,1,0,1,1,1
025_mug,s3_duarte_mcd_025_mug_t9,duarte_mcd,49,0.925145,,,,,,,,,1.933960e-01,184,1,0,1,1,1
025_mug,s3_duarte_mcd_025_mug_t10,duarte_mcd,27,0.908244,,,,,,,,,1.585709e-01,211,1,0,1,1,1
025_mug,s3_duarte_mcd_025_mug_t11,duarte_mcd,25,0.939784,,,,,,,,,1.001910e-01,122,1,0,1,1,1
025_mug,s3_duarte_mcd_025_mug_t13,duarte_mcd,61,0.914628,,,,,,,,,1.807665e-01,251,1,0,1,1,1
025_mug,s3_duarte_mcd_025_mug_t14,duarte_mcd,6,0.954323,,,,,,,,,2.011503e-01,177,1,0,1,1,1
025_mug,s3_duarte_mcd_025_mug_t15,duarte_mcd,133,0.905439,,,,,,,,,1.695545e-01,239,1,0,1,1,0
025_mug,s3_duarte_mcd_025_mug_t16,duarte_mcd,10,0.944608,,,,,,,,,4.601315e-02,70,1,0,1,1,1
025_mug,s3_duarte_mcd_025_mug_t17,duarte_mcd,8,0.937291,,,,,,,,,1.704675e-01,172,1,0,1,1,0
025_mug,s3_duarte_mcd_025_mug_t18,duarte_mcd,131,0.918539,,,,,,,,,1.442010e-01,183,1,0,1,1,1
025_mug,s3_duarte_mcd_025_mug_t19,duarte_mcd,11,0.939107,,,,,,,,,2.142876e-01,199,1,0,1,1,1
025_mug,s3_duarte_mcd_025_mug_t21,duarte_mcd,4,0.948748,,,,,,,,,1.468514e-01,145,1,0,1,1,1
025_mug,s3_duarte_mcd_025_mug_t22,duarte_mcd,6,0.948754,,,,,,,,,2.091068e-01,320,1,0,1,1,1
025_mug,s3_duarte_mcd_025_mug_t23,duarte_mcd,342,0.836383,,,,,,,,,4.869061e-01,199,1,0,1,1,0
025_mug,s3_duarte_mcd_025_mug_t24,duarte_mcd,9,0.945248,,,,,,,,,1.874875e-01,152,1,0,1,1,1
051_large_clamp,s3_duarte_mcd_051_large_clamp_t0,duarte_mcd,56,0.952232,,,,,,,,,0.000000e+00,144,1,0,1,1,1
051_large_clamp,s3_duarte_mcd_051_large_clamp_t1,duarte_mcd,63,0.955958,,,,,,,,,0.000000e+00,135,1,0,1,1,1
051_large_clamp,s3_duarte_mcd_051_large_clamp_t2,duarte_mcd,0,0.965585,,,,,,,,,3.046470e-03,223,1,0,1,1,1
051_large_clamp,s3_duarte_mcd_051_large_clamp_t3,duarte_mcd,282,0.936548,,,,,,,,,0.000000e+00,154,1,0,1,1,1
051_large_clamp,s3_duarte_mcd_051_large_clamp_t4,duarte_mcd,3,0.956894,,,,,,,,,0.000000e+00,164,1,0,1,1,0
051_large_clamp,s3_duarte_mcd_051_large_clamp_t5,duarte_mcd,1,0.961548,,,,,,,,,0.000000e+00,158,1,0,1,1,0
051_large_clamp,s3_duarte_mcd_051_large_clamp_t6,duarte_mcd,0,0.970223,,,,,,,,,0.000000e+00,130,1,0,1,1,0
051_large_clamp,s3_duarte_mcd_051_large_clamp_t7,duarte_mcd,0,0.966417,,,,,,,,,0.000000e+00,205,1,0,1,1,1
051_large_clamp,s3_duarte_mcd_051_large_clamp_t8,duarte_mcd,4,0.966441,,,,,,,,,0.000000e+00,225,1,0,1,1,1
051_large_clamp,s3_duarte_mcd_051_large_clamp_t9,duarte_mcd,0,0.972580,,,,,,,,,0.000000e+00,173,1,0,1,1,0
051_large_clamp,s3_duarte_mcd_051_large_clamp_t10,duarte_mcd,0,0.962746,,,,,,,,,0.000000e+00,251,1,0,1,1,0
051_large_clamp,s3_duarte_mcd_051_large_clamp_t11,duarte_mcd,29,0.936197,,,,,,,,,0.000000e+00,169,1,0,1,1,0
051_large_clamp,s3_duarte_mcd_051_large_clamp_t12,duarte_mcd,20,0.955669,,,,,,,,,0.000000e+00,236,1,0,1,1,0
051_large_clamp,s3_duarte_mcd_051_large_clamp_t13,duarte_mcd,25,0.964022,,,,,,,,,0.000000e+00,183,1,0,1,1,1
051_large_clamp,s3_duarte_mcd_051_large_clamp_t14,duarte_mcd,88,0.911942,,,,,,,,,1.109791e+00,2265,1,0,1,1,0
051_large_clamp,s3_duarte_mcd_051_large_clamp_t15,duarte_mcd,4,0.949987,,,,,,,,,1.001941e-02,152,1,0,1,1,1
051_large_clamp,s3_duarte_mcd_051_large_clamp_t16,duarte_mcd,2,0.976742,,,,,,,,,2.565485e-02,257,1,0,1,1,0
051_large_clamp,s3_duarte_mcd_051_large_clamp_t17,duarte_mcd,2,0.965406,,,,,,,,,0.000000e+00,225,1,0,1,1,0
051_large_clamp,s3_duarte_mcd_051_large_clamp_t18,duarte_mcd,22,0.947743,,,,,,,,,6.237473e-03,156,1,0,1,1,1
051_large_clamp,s3_duarte_mcd_051_large_clamp_t20,duarte_mcd,20,0.967079,,,,,,,,,0.000000e+00,184,1,0,1,1,1
051_large_clamp,s3_duarte_mcd_051_large_clamp_t21,duarte_mcd,215,0.937507,,,,,,,,,0.000000e+00,168,1,0,1,1,0
051_large_clamp,s3_duarte_mcd_051_large_clamp_t22,duarte_mcd,8,0.967770,,,,,,,,,0.000000e+00,149,1,0,1,1,1
051_large_clamp,s3_duarte_mcd_051_large_clamp_t23,duarte_mcd,12,0.955090,,,,,,,,,0.000000e+00,204,1,0,1,1,1
051_large_clamp,s3_duarte_mcd_051_large_clamp_t24,duarte_mcd,7,0.968030,,,,,,,,,0.000000e+00,116,1,0,1,1,0
