object,trial,arm,grasp_id,confidence,patch_radius,patch_epi_mean,patch_epi_p95,patch_n,sens_lo_radius,patch_epi_mean_sens_lo,sens_hi_radius,patch_epi_mean_sens_hi,duarte_sigma_sum,duarte_box_n,geometry_gate_pass,uq_rejected,chosen,executed,lift_success
035_power_drill,s0_gate_010_035_power_drill_t0,complete_epi,366,0.874456,0.041577,7.329137e-07,0.000000e+00,518,0.027718,0.000000e+00,0.055436,2.863723e-06,0.000000e+00,49,1,0,1,1,0
035_power_drill,s0_gate_010_035_power_drill_t1,complete_epi,624,0.786731,0.038980,1.605776e-06,1.189936e-05,893,0.025987,3.275207e-07,0.051973,2.910277e-06,0.000000e+00,194,1,0,1,1,0
035_power_drill,s0_gate_010_035_power_drill_t2,complete_epi,137,0.910142,0.042942,2.843161e-05,2.977609e-05,1147,0.028628,4.906709e-06,0.057256,6.010822e-05,0.000000e+00,187,1,0,1,1,0
035_power_drill,s0_gate_010_035_power_drill_t3,complete_epi,869,0.805953,0.048586,3.840538e-04,2.354851e-03,1451,0.032391,9.356652e-04,0.064782,2.649707e-04,8.308769e-01,338,1,0,1,1,1
035_power_drill,s0_gate_010_035_power_drill_t4,complete_epi,18,0.942838,0.039470,3.314642e-04,1.581846e-03,479,0.026313,9.191737e-04,0.052627,3.790027e-04,5.522104e-01,120,1,0,1,1,0
035_power_drill,s0_gate_010_035_power_drill_t6,complete_epi,359,0.837201,0.039761,3.488082e-06,0.000000e+00,569,0.026507,0.000000e+00,0.053014,7.019009e-06,0.000000e+00,136,1,0,1,1,1
035_power_drill,s0_gate_010_035_power_drill_t7,complete_epi,161,0.907807,0.017431,6.574664e-07,1.537056e-06,754,0.011621,6.580027e-07,0.023242,6.875311e-07,7.050141e-01,1318,1,0,1,1,0
035_power_drill,s0_gate_010_035_power_drill_t8,complete_epi,90,0.897373,0.049646,3.445023e-04,2.575832e-03,1279,0.033098,3.116257e-04,0.066195,3.283216e-04,0.000000e+00,107,1,0,1,1,1
035_power_drill,s0_gate_010_035_power_drill_t9,complete_epi,4,0.900068,0.038961,1.389097e-06,7.646717e-06,888,0.025974,2.139286e-06,0.051948,3.297071e-06,0.000000e+00,169,1,0,1,1,1
035_power_drill,s0_gate_010_035_power_drill_t10,complete_epi,11,0.875606,0.053070,1.469126e-04,4.146086e-04,1224,0.035380,1.068712e-04,0.070761,1.795452e-04,1.049683e+00,128,1,0,1,1,0
035_power_drill,s0_gate_010_035_power_drill_t11,complete_epi,831,0.719148,0.042754,0.000000e+00,0.000000e+00,570,0.028502,0.000000e+00,0.057005,6.969454e-07,0.000000e+00,108,1,0,1,1,0
035_power_drill,s0_gate_010_035_power_drill_t12,complete_epi,394,0.846496,0.042684,3.888146e-05,1.442967e-04,980,0.028456,2.894622e-05,0.056912,5.401069e-05,0.000000e+00,152,1,0,1,1,1
035_power_drill,s0_gate_010_035_power_drill_t14,complete_epi,15,0.943759,0.025459,6.826535e-06,3.953851e-05,2396,0.016973,4.330896e-06,0.033945,9.388038e-06,9.344430e-01,1041,1,0,1,1,0
035_power_drill,s0_gate_010_035_power_drill_t15,complete_epi,223,0.905217,0.022759,2.414110e-04,1.117873e-03,1308,0.015173,4.481787e-04,0.030345,7.360172e-05,3.896676e+00,1703,1,0,1,1,0
035_power_drill,s0_gate_010_035_power_drill_t16,complete_epi,44,0.900585,0.038925,1.164152e-05,5.935784e-06,1059,0.025950,1.121755e-05,0.051899,1.539935e-05,1.386189e-02,155,1,0,1,1,1
035_power_drill,s0_gate_010_035_power_drill_t18,complete_epi,501,0.826197,0.040973,1.605067e-06,6.214302e-06,885,0.027316,0.000000e+00,0.054631,9.074859e-06,0.000000e+00,143,1,0,1,1,0
035_power_drill,s0_gate_010_035_power_drill_t19,complete_epi,411,0.788593,0.053375,3.833040e-05,2.056101e-04,2486,0.035583,3.904685e-05,0.071166,4.091495e-05,3.334393e-01,262,1,0,1,1,1
005_tomato_soup_can,s0_gate_070_005_tomato_soup_can_t0,complete_epi,53,0.856317,0.019010,5.340759e-07,1.938330e-06,422,0.012673,2.840539e-07,0.025346,6.582746e-07,2.214086e-01,622,1,0,1,1,1
005_tomato_soup_can,s0_gate_070_005_tomato_soup_can_t1,complete_epi,253,0.823228,0.019049,5.760745e-07,1.621601e-06,458,0.012699,3.020473e-07,0.025399,6.679558e-07,2.251684e-01,618,1,0,1,1,1
005_tomato_soup_can,s0_gate_070_005_tomato_soup_can_t2,complete_epi,66,0.867980,0.019123,5.891037e-07,1.589220e-06,500,0.012749,4.804556e-07,0.025498,6.369618e-07,2.290142e-01,643,1,0,1,1,1
005_tomato_soup_can,s0_gate_070_005_tomato_soup_can_t3,complete_epi,27,0.879613,0.019045,6.185421e-07,1.590362e-06,505,0.012697,6.194770e-07,0.025393,5.952515e-07,3.151541e-01,749,1,0,1,1,1
005_tomato_soup_can,s0_gate_070_005_tomato_soup_can_t4,complete_epi,44,0.880931,0.018827,4.909600e-07,1.539152e-06,493,0.012551,5.660207e-07,0.025103,5.324244e-07,3.204673e-01,756,1,0,1,1,1
005_tomato_soup_can,s0_gate_070_005_tomato_soup_can_t5,complete_epi,138,0.858789,0.019069,6.889332e-07,1.359705e-06,541,0.012713,5.970857e-07,0.025425,7.042523e-07,2.582822e-01,679,1,0,1,1,1
005_tomato_soup_can,s0_gate_070_005_tomato_soup_can_t6,complete_epi,5,0.950822,0.031155,1.557749e-04,9.945202e-04,12778,0.020770,1.048143e-04,0.041541,1.900005e-04,1.385814e+01,5831,1,0,1,1,0
005_tomato_soup_can,s0_gate_070_005_tomato_soup_can_t7,complete_epi,55,0.873754,0.018800,4.536086e-07,1.479328e-06,456,0.012533,5.072428e-07,0.025066,4.846540e-07,2.533346e-01,703,1,0,1,1,1
005_tomato_soup_can,s0_gate_070_005_tomato_soup_can_t8,complete_epi,94,0.851972,0.018797,6.797785e-07,1.730914e-06,566,0.012531,6.144284e-07,0.025063,7.115664e-07,4.573976e-01,864,1,0,1,1,1
005_tomato_soup_can,s0_gate_070_005_tomato_soup_can_t9,complete_epi,259,0.829623,0.018845,6.181957e-07,1.540309e-06,535,0.012563,6.012025e-07,0.025126,6.355035e-07,3.211838e-01,711,1,0,1,1,1
005_tomato_soup_can,s0_gate_070_005_tomato_soup_can_t10,complete_epi,43,0.881479,0.019094,5.813950e-07,1.545482e-06,484,0.012729,5.389991e-07,0.025459,5.819576e-07,3.225863e-01,704,1,0,1,1,0
005_tomato_soup_can,s0_gate_070_005_tomato_soup_can_t11,complete_epi,137,0.856905,0.019055,5.690946e-07,1.764432e-06,516,0.012703,5.414449e-07,0.025406,5.871683e-07,3.171058e-01,722,1,0,1,1,1
005_tomato_soup_can,s0_gate_070_005_tomato_soup_can_t12,complete_epi,60,0.869157,0.018957,7.381491e-07,1.461051e-06,594,0.012638,6.785304e-07,0.025276,7.365194e-07,3.570591e-01,787,1,0,1,1,1
005_tomato_soup_can,s0_gate_070_005_tomato_soup_can_t13,complete_epi,116,0.853703,0.018981,6.003260e-07,1.696150e-06,522,0.012654,5.947116e-07,0.025307,6.315666e-07,2.733430e-01,692,1,0,1,1,1
005_tomato_soup_can,s0_gate_070_005_tomato_soup_can_t14,complete_epi,29,0.885825,0.019034,5.743483e-07,1.741995e-06,418,0.012689,3.913344e-07,0.025378,6.745589e-07,1.799649e-01,605,1,0,1,1,1
005_tomato_soup_can,s0_gate_070_005_tomato_soup_can_t15,complete_epi,16,0.890862,0.018864,5.403767e-07,1.614387e-06,527,0.012576,6.418583e-07,0.025152,5.553295e-07,3.457813e-01,784,1,0,1,1,0
005_tomato_soup_can,s0_gate_070_005_tomato_soup_can_t16,complete_epi,122,0.851032,0.018771,6.494300e-07,1.447049e-06,615,0.012514,6.241480e-07,0.025027,6.568280e-07,3.626770e-01,769,1,0,1,1,1
005_tomato_soup_can,s0_gate_070_005_tomato_soup_can_t17,complete_epi,15,0.886816,0.018750,5.290964e-07,1.846388e-06,437,0.012500,3.617792e-07,0.025000,5.505468e-07,2.986081e-01,689,1,0,1,1,1
005_tomato_soup_can,s0_gate_070_005_tomato_soup_can_t18,complete_epi,23,0.884367,0.018649,5.385782e-07,1.802973e-06,480,0.012433,5.363687e-07,0.024866,5.907984e-07,3.016221e-01,729,1,0,1,1,1
005_tomato_soup_can,s0_gate_070_005_tomato_soup_can_t19,complete_epi,41,0.874268,0.018986,6.615151e-07,1.368498e-06,566,0.012657,6.169689e-07,0.025315,6.776374e-07,2.957260e-01,735,1,0,1,1,1
005_tomato_soup_can,s0_gate_off_005_tomato_soup_can_t0,complete_only,79,0.849120,0.019010,7.853368e-07,1.541169e-06,784,0.012673,7.687560e-07,0.025346,7.979002e-07,5.746115e-01,967,1,0,1,1,1
005_tomato_soup_can,s0_gate_off_005_tomato_soup_can_t1,complete_only,43,0.867229,0.019015,8.217801e-07,1.564982e-06,666,0.012676,8.316638e-07,0.025353,8.211694e-07,4.434757e-01,860,1,0,1,1,1
005_tomato_soup_can,s0_gate_off_005_tomato_soup_can_t2,complete_only,15,0.883370,0.019242,8.042699e-07,1.506733e-06,655,0.012828,7.511887e-07,0.025656,8.149883e-07,4.348673e-01,852,1,0,1,1,1
005_tomato_soup_can,s0_gate_off_005_tomato_soup_can_t3,complete_only,27,0.881833,0.019018,1.106823e-06,1.835961e-06,450,0.012679,1.090791e-06,0.025358,8.966344e-07,2.780759e-01,698,1,0,1,1,1
005_tomato_soup_can,s0_gate_off_005_tomato_soup_can_t4,complete_only,31,0.888601,0.018857,6.082956e-07,1.670676e-06,488,0.012571,6.501043e-07,0.025143,5.846021e-07,3.036731e-01,718,1,0,1,1,1
005_tomato_soup_can,s0_gate_off_005_tomato_soup_can_t5,complete_only,120,0.841468,0.018879,7.621326e-07,1.502187e-06,536,0.012586,8.877896e-07,0.025171,7.175657e-07,3.637355e-01,768,1,0,1,1,0
005_tomato_soup_can,s0_gate_off_005_tomato_soup_can_t6,complete_only,54,0.876084,0.019127,7.757095e-07,1.640149e-06,792,0.012751,7.802946e-07,0.025503,8.202948e-07,5.017551e-01,915,1,0,1,1,1
005_tomato_soup_can,s0_gate_off_005_tomato_soup_can_t7,complete_only,68,0.872536,0.018808,5.014757e-07,1.747338e-06,430,0.012538,2.247601e-07,0.025077,6.409239e-07,2.332214e-01,656,1,0,1,1,1
005_tomato_soup_can,s0_gate_off_005_tomato_soup_can_t8,complete_only,21,0.877034,0.018764,7.255320e-07,1.525313e-06,645,0.012509,7.154733e-07,0.025018,7.733932e-07,3.922722e-01,814,1,0,1,1,1
005_tomato_soup_can,s0_gate_off_005_tomato_soup_can_t9,complete_only,33,0.867762,0.019207,6.143220e-07,1.342777e-06,563,0.012805,6.305690e-07,0.025609,5.776930e-07,2.869217e-01,691,1,0,1,1,1
005_tomato_soup_can,s0_gate_off_005_tomato_soup_can_t10,complete_only,28,0.888547,0.019051,7.677403e-07,1.410648e-06,725,0.012701,7.447248e-07,0.025402,7.588690e-07,4.475679e-01,844,1,0,1,1,1
005_tomato_soup_can,s0_gate_off_005_tomato_soup_can_t11,complete_only,81,0.871619,0.019082,8.070610e-07,1.526260e-06,683,0.012722,7.833134e-07,0.025443,7.999174e-07,4.952450e-01,904,1,0,1,1,0
005_tomato_soup_can,s0_gate_off_005_tomato_soup_can_t12,complete_only,46,0.869684,0.018925,1.266845e-06,3.113007e-06,457,0.012617,1.541659e-06,0.025233,9.845314e-07,3.872513e-01,766,1,0,1,1,1
005_tomato_soup_can,s0_gate_off_005_tomato_soup_can_t13,complete_only,65,0.872108,0.018981,7.630416e-07,1.384761e-06,706,0.012654,7.389833e-07,0.025308,7.656292e-07,4.498084e-01,855,1,0,1,1,1
005_tomato_soup_can,s0_gate_off_005_tomato_soup_can_t14,complete_only,79,0.869889,0.018926,1.025997e-06,2.034882e-06,467,0.012617,1.096101e-06,0.025235,8.243423e-07,2.898846e-01,687,1,0,1,1,1
005_tomato_soup_can,s0_gate_off_005_tomato_soup_can_t15,complete_only,31,0.883227,0.018924,6.057286e-07,1.809172e-06,462,0.012616,6.703279e-07,0.025232,5.348864e-07,2.605599e-01,660,1,0,1,1,1
005_tomato_soup_can,s0_gate_off_005_tomato_soup_can_t16,complete_only,50,0.863587,0.018783,7.093108e-07,1.394243e-06,613,0.012522,6.603493e-07,0.025044,7.182530e-07,3.249243e-01,776,1,0,1,1,1
005_tomato_soup_can,s0_gate_off_005_tomato_soup_can_t17,complete_only,28,0.884877,0.018880,7.474561e-07,1.469170e-06,806,0.012587,7.040163e-07,0.025173,7.705698e-07,3.816921e-01,821,1,0,1,1,1
005_tomato_soup_can,s0_gate_off_005_tomato_soup_can_t18,complete_only,17,0.891172,0.018645,7.973196e-07,1.426909e-06,773,0.012430,7.664070e-07,0.024860,8.116114e-07,5.224393e-01,958,1,0,1,1,1
005_tomato_soup_can,s0_gate_off_005_tomato_soup_can_t19,complete_only,22,0.871465,0.018993,7.945218e-07,1.438782e-06,645,0.012662,7.705702e-07,0.025324,8.005178e-07,4.027659e-01,813,1,0,1,1,0
035_power_drill,s0_gate_off_035_power_drill_t0,complete_only,263,0.891133,0.041577,1.142207e-05,3.959541e-05,736,0.027718,4.668843e-06,0.055436,1.862085e-05,0.000000e+00,144,1,0,1,1,1
035_power_drill,s0_gate_off_035_power_drill_t2,complete_only,111,0.880134,0.043460,5.639350e-05,8.497355e-05,1056,0.028973,3.802873e-05,0.057946,1.097646e-04,0.000000e+00,128,1,0,1,1,1
035_power_drill,s0_gate_off_035_power_drill_t4,complete_only,15,0.948699,0.036065,1.768708e-04,9.692813e-04,1810,0.024043,8.328995e-05,0.048086,2.490551e-04,1.740693e+00,462,1,0,1,1,0
035_power_drill,s0_gate_off_035_power_drill_t5,complete_only,2,0.931926,0.070591,4.458832e-04,2.648529e-03,2239,0.047061,2.762388e-04,0.094122,5.752175e-04,1.323323e+00,94,1,0,1,1,0
035_power_drill,s0_gate_off_035_power_drill_t6,complete_only,197,0.878553,0.039431,1.380880e-07,0.000000e+00,558,0.026287,0.000000e+00,0.052575,1.821071e-06,0.000000e+00,159,1,0,1,1,1
035_power_drill,s0_gate_off_035_power_drill_t7,complete_only,57,0.962432,0.028436,7.107345e-06,2.451976e-05,1468,0.018957,7.061088e-06,0.037915,5.932817e-06,7.609744e-01,763,1,0,1,1,1
035_power_drill,s0_gate_off_035_power_drill_t8,complete_only,0,0.973747,0.020066,3.340562e-04,1.185058e-03,267,0.013377,5.309982e-04,0.026755,2.504655e-04,2.718400e+00,446,1,0,1,1,0
035_power_drill,s0_gate_off_035_power_drill_t9,complete_only,6,0.920992,0.039340,3.031197e-06,1.429273e-05,1074,0.026227,3.079575e-06,0.052453,1.462951e-05,0.000000e+00,167,1,0,1,1,1
035_power_drill,s0_gate_off_035_power_drill_t10,complete_only,0,0.968922,0.038954,4.589559e-05,2.403344e-04,1889,0.025969,1.823102e-05,0.051939,8.965886e-05,1.372692e-01,138,1,0,1,1,0
035_power_drill,s0_gate_off_035_power_drill_t11,complete_only,547,0.828283,0.042323,3.894703e-04,2.370528e-03,865,0.028216,3.062267e-04,0.056431,3.602253e-04,9.554940e-01,258,1,0,1,1,1
035_power_drill,s0_gate_off_035_power_drill_t12,complete_only,258,0.881783,0.042643,5.869658e-05,2.998176e-04,833,0.028429,4.973845e-05,0.056857,6.221536e-05,4.016465e-02,154,1,0,1,1,1
035_power_drill,s0_gate_off_035_power_drill_t14,complete_only,31,0.940449,0.025580,1.042700e-05,5.139033e-05,1368,0.017054,6.123753e-06,0.034107,1.515648e-05,9.283570e-01,944,1,0,1,1,0
035_power_drill,s0_gate_off_035_power_drill_t15,complete_only,10,0.943208,0.041536,1.161216e-06,0.000000e+00,873,0.027691,0.000000e+00,0.055382,3.505461e-06,0.000000e+00,173,1,0,1,1,1
035_power_drill,s0_gate_off_035_power_drill_t16,complete_only,153,0.858035,0.039396,6.438163e-06,6.919210e-06,1004,0.026264,1.150430e-07,0.052528,1.015660e-05,0.000000e+00,161,1,0,1,1,1
035_power_drill,s0_gate_off_035_power_drill_t17,complete_only,16,0.935453,0.038802,1.280342e-06,5.008453e-06,845,0.025868,1.030143e-06,0.051736,1.339798e-06,0.000000e+00,172,1,0,1,1,0
035_power_drill,s0_gate_off_035_power_drill_t18,complete_only,0,0.977972,0.022588,1.582034e-04,7.211850e-04,1582,0.015059,2.133643e-04,0.030118,1.031194e-04,3.047925e+00,1294,1,0,1,1,0
035_power_drill,s0_gate_off_035_power_drill_t19,complete_only,405,0.789727,0.042367,7.544571e-05,3.941988e-04,1464,0.028245,1.530269e-04,0.056489,1.160804e-04,8.326864e-01,440,1,0,1,1,1
021_bleach_cleanser,s0_gate_010_021_bleach_cleanser_t0,complete_epi,273,0.873944,0.039125,1.149143e-04,5.892213e-04,1139,0.026083,1.295931e-04,0.052167,6.365076e-05,1.326674e-02,83,1,0,1,1,0
021_bleach_cleanser,s0_gate_010_021_bleach_cleanser_t1,complete_epi,5,0.946730,0.040045,6.694945e-05,3.269070e-04,1227,0.026697,5.328975e-05,0.053393,4.249038e-05,1.563857e-02,109,1,0,1,1,0
021_bleach_cleanser,s0_gate_010_021_bleach_cleanser_t2,complete_epi,152,0.941730,0.031951,5.365120e-05,2.395515e-04,886,0.021300,5.365694e-05,0.042601,3.603422e-05,1.292857e-01,271,1,0,1,1,0
021_bleach_cleanser,s0_gate_010_021_bleach_cleanser_t3,complete_epi,41,0.930934,0.039582,1.306638e-05,4.238706e-05,1019,0.026388,8.026498e-06,0.052776,2.088000e-05,0.000000e+00,69,1,0,1,1,0
021_bleach_cleanser,s0_gate_010_021_bleach_cleanser_t4,complete_epi,32,0.917092,0.038925,5.976256e-05,3.362549e-04,835,0.025950,5.544933e-05,0.051899,3.356372e-05,1.463807e-02,125,1,0,1,1,1
021_bleach_cleanser,s0_gate_010_021_bleach_cleanser_t5,complete_epi,20,0.910257,0.040070,1.351732e-05,3.618779e-05,1334,0.026713,1.397874e-05,0.053427,1.071026e-05,1.006966e-01,145,1,0,1,1,1
021_bleach_cleanser,s0_gate_010_021_bleach_cleanser_t7,complete_epi,151,0.916812,0.039567,1.609280e-06,3.913548e-06,1442,0.026378,1.770469e-06,0.052756,1.541066e-06,1.727186e-03,245,1,0,1,1,1
021_bleach_cleanser,s0_gate_010_021_bleach_cleanser_t8,complete_epi,0,0.963012,0.061590,3.306282e-04,1.100613e-03,2595,0.041060,2.399719e-03,0.082120,3.278662e-04,5.544783e-01,58,0,0,1,1,
021_bleach_cleanser,s0_gate_010_021_bleach_cleanser_t9,complete_epi,56,0.942590,0.039067,6.685197e-05,4.047736e-04,917,0.026045,4.599943e-05,0.052090,5.343093e-05,0.000000e+00,109,1,0,1,1,1
021_bleach_cleanser,s0_gate_010_021_bleach_cleanser_t10,complete_epi,31,0.910731,0.039503,1.091866e-04,6.140799e-04,929,0.026336,9.083169e-05,0.052671,7.595803e-05,5.618830e-01,213,1,0,1,1,1
021_bleach_cleanser,s0_gate_010_021_bleach_cleanser_t11,complete_epi,10,0.947840,0.039222,1.163206e-04,4.955607e-04,873,0.026148,1.253862e-04,0.052296,8.225151e-05,1.695858e-01,150,1,0,1,1,1
021_bleach_cleanser,s0_gate_010_021_bleach_cleanser_t12,complete_epi,560,0.859258,0.041505,4.377448e-05,1.718662e-04,1758,0.027670,6.868328e-05,0.055339,2.542086e-05,1.796781e-01,156,1,0,1,1,1
021_bleach_cleanser,s0_gate_010_021_bleach_cleanser_t13,complete_epi,2,0.941796,0.019110,2.678855e-04,5.115590e-04,1377,0.012740,3.023699e-04,0.025479,2.460465e-04,2.034336e+00,455,1,0,1,1,0
021_bleach_cleanser,s0_gate_010_021_bleach_cleanser_t14,complete_epi,0,0.948469,0.027183,3.452889e-05,1.540889e-04,906,0.018122,3.018553e-05,0.036243,3.149223e-05,8.240464e-01,261,1,0,1,1,0
021_bleach_cleanser,s0_gate_010_021_bleach_cleanser_t15,complete_epi,194,0.918462,0.039226,6.780812e-06,6.839732e-05,624,0.026151,0.000000e+00,0.052301,1.507950e-05,0.000000e+00,110,1,0,1,1,1
021_bleach_cleanser,s0_gate_010_021_bleach_cleanser_t16,complete_epi,50,0.935095,0.039011,1.751488e-05,1.470421e-04,1015,0.026008,5.987639e-06,0.052015,2.921459e-05,0.000000e+00,100,1,0,1,1,0
021_bleach_cleanser,s0_gate_010_021_bleach_cleanser_t17,complete_epi,36,0.908723,0.039938,1.721752e-05,1.717838e-04,1104,0.026626,2.051693e-05,0.053251,1.821374e-05,0.000000e+00,157,1,0,1,1,1
021_bleach_cleanser,s0_gate_010_021_bleach_cleanser_t18,complete_epi,36,0.927466,0.038685,6.800982e-05,5.787543e-04,964,0.025790,8.846550e-05,0.051580,4.454251e-05,1.390782e-01,129,1,0,1,1,1
021_bleach_cleanser,s0_gate_010_021_bleach_cleanser_t19,complete_epi,3,0.959226,0.027441,5.053160e-06,0.000000e+00,683,0.018294,6.437386e-06,0.036588,5.907098e-06,0.000000e+00,215,1,0,1,1,1
061_foam_brick,s0_gate_010_061_foam_brick_t0,complete_epi,747,0.873869,0.016189,1.874557e-04,4.895985e-04,693,0.010793,1.661814e-04,0.021586,1.958172e-04,1.941788e+00,1301,1,0,1,1,1
061_foam_brick,s0_gate_010_061_foam_brick_t1,complete_epi,14,0.965806,0.016477,1.366565e-06,1.845965e-06,590,0.010985,6.399072e-06,0.021969,2.861687e-06,1.136758e+00,1495,1,0,1,1,0
061_foam_brick,s0_gate_010_061_foam_brick_t2,complete_epi,940,0.842705,0.017242,2.593147e-04,7.493792e-04,795,0.011494,4.297449e-04,0.022989,1.825744e-04,1.900582e+00,961,1,0,1,1,1
061_foam_brick,s0_gate_010_061_foam_brick_t3,complete_epi,1324,0.582348,0.017002,3.028889e-06,8.635493e-06,868,0.011335,5.494976e-07,0.022670,5.093152e-06,1.224577e+00,1321,1,0,1,1,1
061_foam_brick,s0_gate_010_061_foam_brick_t4,complete_epi,187,0.963269,0.016989,9.754081e-04,3.271135e-03,568,0.011326,8.916065e-04,0.022652,2.081583e-04,1.092275e+00,835,1,0,1,1,1
061_foam_brick,s0_gate_010_061_foam_brick_t5,complete_epi,1045,0.810399,0.016748,4.034650e-04,1.900373e-03,370,0.011166,5.880753e-04,0.022331,2.651878e-04,1.920615e+00,987,1,0,1,1,1
061_foam_brick,s0_gate_010_061_foam_brick_t6,complete_epi,1,0.955836,0.016898,1.327990e-05,4.453323e-05,512,0.011265,1.249741e-05,0.022531,3.763651e-05,1.472937e+00,862,1,0,1,1,1
061_foam_brick,s0_gate_010_061_foam_brick_t7,complete_epi,549,0.901753,0.017237,4.957717e-07,7.919835e-07,1108,0.011491,4.779208e-07,0.022982,4.843531e-07,1.008950e+00,1722,1,0,1,1,0
061_foam_brick,s0_gate_010_061_foam_brick_t8,complete_epi,242,0.934356,0.016991,7.888665e-07,2.293346e-06,830,0.011327,9.777651e-07,0.022655,2.892651e-06,1.663492e+00,2273,1,0,1,1,1
061_foam_brick,s0_gate_010_061_foam_brick_t9,complete_epi,1,0.962945,0.016668,2.805614e-06,2.035011e-06,848,0.011112,1.045478e-06,0.022224,2.014126e-05,1.372975e+00,1037,1,0,1,1,1
061_foam_brick,s0_gate_010_061_foam_brick_t10,complete_epi,1089,0.819414,0.016580,1.826679e-04,9.103515e-04,511,0.011053,2.921994e-04,0.022107,7.366617e-05,1.067450e+00,1144,1,0,1,1,1
061_foam_brick,s0_gate_010_061_foam_brick_t11,complete_epi,1152,0.795072,0.015995,1.380719e-04,8.761827e-04,471,0.010663,2.836056e-04,0.021327,9.238996e-05,1.042991e+00,1137,1,0,1,1,1
061_foam_brick,s0_gate_010_061_foam_brick_t12,complete_epi,0,0.973736,0.016533,2.643068e-05,1.083618e-04,898,0.011022,6.004131e-06,0.022044,2.986285e-05,1.573976e+00,1055,1,0,1,1,1
061_foam_brick,s0_gate_010_061_foam_brick_t13,complete_epi,159,0.923091,0.015833,1.313731e-05,5.391491e-05,522,0.010555,1.914539e-05,0.021110,3.870002e-05,1.617372e+00,940,1,0,1,1,1
061_foam_brick,s0_gate_010_061_foam_brick_t14,complete_epi,1036,0.828929,0.016177,5.048248e-05,2.071348e-04,372,0.010785,6.095220e-05,0.021570,1.964720e-05,6.958163e-01,923,1,0,1,1,1
061_foam_brick,s0_gate_010_061_foam_brick_t15,complete_epi,824,0.879361,0.017155,2.624063e-06,9.580925e-06,1100,0.011437,4.741508e-06,0.022874,1.067309e-05,2.625231e+00,1941,1,0,1,1,0
061_foam_brick,s0_gate_010_061_foam_brick_t16,complete_epi,0,0.970997,0.016802,3.407749e-05,7.225179e-05,880,0.011201,6.854329e-07,0.022403,6.229410e-05,1.013492e+00,954,1,0,1,1,1
061_foam_brick,s0_gate_010_061_foam_brick_t17,complete_epi,410,0.918282,0.017872,5.355333e-07,9.813535e-07,975,0.011915,5.843215e-07,0.023829,5.373803e-07,1.049800e+00,1609,1,0,1,1,0
061_foam_brick,s0_gate_010_061_foam_brick_t18,complete_epi,491,0.948167,0.017286,2.495624e-06,7.664609e-06,827,0.011524,1.779128e-06,0.023048,2.796472e-06,1.142901e+00,1283,1,0,1,1,1
061_foam_brick,s0_gate_010_061_foam_brick_t19,complete_epi,160,0.951903,0.016358,1.437686e-06,3.989247e-06,577,0.010905,1.901927e-06,0.021811,1.454698e-05,8.960791e-01,919,1,0,1,1,1
010_potted_meat_can,s0_gate_020_010_potted_meat_can_t0,complete_epi,15,0.873408,0.021554,1.406342e-06,4.324614e-06,561,0.014369,1.490959e-06,0.028739,4.128139e-06,2.128791e-01,462,1,0,1,1,1
010_potted_meat_can,s0_gate_020_010_potted_meat_can_t1,complete_epi,246,0.824465,0.020689,8.203546e-07,1.735651e-06,794,0.013793,8.921447e-07,0.027585,5.338856e-06,4.991939e-01,778,1,0,1,1,1
010_potted_meat_can,s0_gate_020_010_potted_meat_can_t2,complete_epi,61,0.769386,0.020960,1.931497e-06,4.383639e-06,809,0.013973,2.210712e-06,0.027947,2.879886e-06,6.555483e-01,704,1,0,1,1,1
010_potted_meat_can,s0_gate_020_010_potted_meat_can_t3,complete_epi,123,0.846314,0.020532,4.942330e-06,1.127622e-05,726,0.013688,1.390451e-06,0.027377,5.715697e-06,7.158830e-01,805,1,0,1,1,1
010_potted_meat_can,s0_gate_020_010_potted_meat_can_t4,complete_epi,11,0.973184,0.046153,2.257178e-03,1.021648e-02,1420,0.030769,5.888333e-03,0.061538,1.758347e-03,6.071263e+00,141,1,0,1,1,0
010_potted_meat_can,s0_gate_020_010_potted_meat_can_t5,complete_epi,29,0.768647,0.021056,3.140006e-06,2.722139e-06,721,0.014037,1.913247e-06,0.028074,3.443236e-06,5.906565e-01,786,1,0,1,1,1
010_potted_meat_can,s0_gate_020_010_potted_meat_can_t6,complete_epi,0,0.920779,0.020884,7.186137e-06,3.091054e-06,675,0.013923,1.212265e-06,0.027846,1.284398e-05,4.415776e-01,628,1,0,1,1,1
010_potted_meat_can,s0_gate_020_010_potted_meat_can_t7,complete_epi,236,0.848559,0.019621,6.965249e-07,2.175785e-06,645,0.013080,6.279899e-07,0.026161,1.732467e-06,3.237388e-01,625,1,0,1,1,1
010_potted_meat_can,s0_gate_020_010_potted_meat_can_t8,complete_epi,0,0.895118,0.023642,1.035934e-05,4.564110e-05,1277,0.015761,7.247850e-06,0.031523,1.181831e-05,1.112243e+00,916,1,0,1,1,1
010_potted_meat_can,s0_gate_020_010_potted_meat_can_t9,complete_epi,0,0.858853,0.020874,1.395053e-06,3.812964e-06,629,0.013916,1.226844e-06,0.027832,1.235980e-06,1.931240e-01,249,1,0,1,1,1
010_potted_meat_can,s0_gate_020_010_potted_meat_can_t10,complete_epi,107,0.809909,0.021025,1.067512e-05,2.742329e-06,558,0.014017,1.529459e-05,0.028033,9.731692e-06,7.418052e-01,860,1,0,1,1,1
010_potted_meat_can,s0_gate_020_010_potted_meat_can_t11,complete_epi,60,0.808690,0.021205,8.554751e-06,1.327331e-05,584,0.014137,6.123283e-06,0.028274,7.923691e-06,4.014613e-01,612,1,0,1,1,1
010_potted_meat_can,s0_gate_020_010_potted_meat_can_t12,complete_epi,26,0.798092,0.020738,1.299181e-06,3.918431e-06,543,0.013825,1.276787e-06,0.027651,1.028198e-05,3.038601e-01,426,1,0,1,1,1
010_potted_meat_can,s0_gate_020_010_potted_meat_can_t13,complete_epi,16,0.877809,0.021052,8.397849e-07,2.471398e-06,491,0.014035,8.799777e-07,0.028070,7.451415e-06,1.980964e-01,476,1,0,1,1,1
010_potted_meat_can,s0_gate_020_010_potted_meat_can_t14,complete_epi,78,0.800868,0.021145,3.494548e-06,6.545571e-06,553,0.014097,1.807545e-06,0.028194,4.142576e-06,5.312503e-01,721,1,0,1,1,1
010_potted_meat_can,s0_gate_020_010_potted_meat_can_t15,complete_epi,0,0.890572,0.025694,8.531128e-06,6.683071e-05,1696,0.017129,6.973108e-06,0.034258,9.288558e-06,5.791732e-01,709,1,0,1,1,1
010_potted_meat_can,s0_gate_020_010_potted_meat_can_t16,complete_epi,0,0.840002,0.021108,1.454660e-06,5.009095e-06,508,0.014072,1.557812e-06,0.028144,1.229176e-05,1.843805e-01,337,1,0,1,1,1
010_potted_meat_can,s0_gate_020_010_potted_meat_can_t17,complete_epi,23,0.904576,0.020647,1.454458e-06,4.902027e-06,557,0.013765,1.375313e-06,0.027529,1.518163e-06,3.022097e-01,488,1,0,1,1,0
010_potted_meat_can,s0_gate_020_010_potted_meat_can_t18,complete_epi,9,0.905610,0.021344,6.185845e-06,4.356091e-06,762,0.014230,1.759271e-06,0.028459,7.869316e-06,5.185382e-01,706,1,0,1,1,1
010_potted_meat_can,s0_gate_020_010_potted_meat_can_t19,complete_epi,0,0.911105,0.020784,8.110844e-07,3.390657e-06,579,0.013856,6.396728e-07,0.027713,8.099107e-07,2.701649e-01,536,1,0,1,1,1
005_tomato_soup_can,s0_gate_030_005_tomato_soup_can_t0,complete_epi,49,0.860006,0.019010,6.898834e-07,1.575167e-06,653,0.012673,6.217040e-07,0.025346,7.092007e-07,3.877198e-01,835,1,0,1,1,1
005_tomato_soup_can,s0_gate_030_005_tomato_soup_can_t1,complete_epi,94,0.853075,0.018967,7.031149e-07,1.414162e-06,661,0.012644,6.764896e-07,0.025289,7.259314e-07,3.507524e-01,791,1,0,1,1,1
005_tomato_soup_can,s0_gate_030_005_tomato_soup_can_t2,complete_epi,112,0.865924,0.019148,7.544270e-07,1.357043e-06,641,0.012765,7.089719e-07,0.025531,7.736741e-07,3.347224e-01,802,1,0,1,1,1
005_tomato_soup_can,s0_gate_030_005_tomato_soup_can_t3,complete_epi,39,0.876541,0.019057,6.535127e-07,1.522623e-06,523,0.012705,6.353490e-07,0.025410,6.465256e-07,3.235160e-01,737,1,0,1,1,1
005_tomato_soup_can,s0_gate_030_005_tomato_soup_can_t4,complete_epi,0,0.700448,0.007090,5.124211e-08,1.055254e-07,5256,0.004727,5.035832e-08,0.009453,5.461259e-08,1.169659e+00,6092,0,0,1,1,
005_tomato_soup_can,s0_gate_030_005_tomato_soup_can_t5,complete_epi,14,0.889908,0.019061,7.035264e-07,1.414325e-06,571,0.012708,6.333457e-07,0.025415,7.347260e-07,3.189960e-01,754,1,0,1,1,1
005_tomato_soup_can,s0_gate_030_005_tomato_soup_can_t6,complete_epi,22,0.872350,0.019169,7.129767e-07,1.471338e-06,562,0.012779,6.733980e-07,0.025559,7.167542e-07,2.627127e-01,708,1,0,1,1,1
005_tomato_soup_can,s0_gate_030_005_tomato_soup_can_t7,complete_epi,11,0.897103,0.018941,3.976110e-07,1.455748e-06,381,0.012627,3.207742e-07,0.025255,5.999247e-07,2.102102e-01,619,1,0,1,1,1
005_tomato_soup_can,s0_gate_030_005_tomato_soup_can_t8,complete_epi,7,0.880147,0.018793,7.934351e-07,1.572685e-06,651,0.012528,7.505898e-07,0.025057,8.056663e-07,4.569160e-01,876,1,0,1,1,1
005_tomato_soup_can,s0_gate_030_005_tomato_soup_can_t9,complete_epi,24,0.868436,0.019125,6.834823e-07,1.443631e-06,697,0.012750,6.202198e-07,0.025500,7.324726e-07,3.344876e-01,769,1,0,1,1,1
005_tomato_soup_can,s0_gate_030_005_tomato_soup_can_t10,complete_epi,47,0.878435,0.019041,5.604472e-07,1.522456e-06,465,0.012694,5.293199e-07,0.025388,5.649035e-07,2.790115e-01,680,1,0,1,1,1
005_tomato_soup_can,s0_gate_030_005_tomato_soup_can_t11,complete_epi,95,0.869291,0.019087,5.627970e-07,1.773219e-06,516,0.012725,6.999671e-07,0.025449,5.718571e-07,2.894517e-01,716,1,0,1,1,1
005_tomato_soup_can,s0_gate_030_005_tomato_soup_can_t12,complete_epi,47,0.875701,0.018958,7.416705e-07,1.510201e-06,560,0.012639,6.884060e-07,0.025277,7.131246e-07,3.281099e-01,748,1,0,1,1,1
005_tomato_soup_can,s0_gate_030_005_tomato_soup_can_t13,complete_epi,148,0.842311,0.019092,7.027391e-07,1.624410e-06,531,0.012728,9.486373e-07,0.025456,6.817410e-07,2.495534e-01,685,1,0,1,1,1
005_tomato_soup_can,s0_gate_030_005_tomato_soup_can_t14,complete_epi,32,0.886329,0.019040,5.660427e-07,1.572724e-06,527,0.012694,5.613449e-07,0.025387,5.873024e-07,3.097017e-01,722,1,0,1,1,1
005_tomato_soup_can,s0_gate_030_005_tomato_soup_can_t15,complete_epi,28,0.882173,0.018927,4.420411e-07,1.856110e-06,442,0.012618,4.143282e-07,0.025235,5.676682e-07,2.416892e-01,648,1,0,1,1,1
005_tomato_soup_can,s0_gate_030_005_tomato_soup_can_t16,complete_epi,60,0.865725,0.018782,7.088658e-07,1.393679e-06,613,0.012521,6.645728e-07,0.025043,7.187077e-07,3.160954e-01,762,1,0,1,1,1
005_tomato_soup_can,s0_gate_030_005_tomato_soup_can_t17,complete_epi,56,0.874201,0.018898,6.531229e-07,1.671728e-06,626,0.012599,6.255650e-07,0.025198,6.431141e-07,2.632955e-01,650,1,0,1,1,1
005_tomato_soup_can,s0_gate_030_005_tomato_soup_can_t18,complete_epi,33,0.874832,0.018673,7.105883e-07,1.912063e-06,562,0.012448,6.588460e-07,0.024897,7.105119e-07,3.315068e-01,762,1,0,1,1,1
005_tomato_soup_can,s0_gate_030_005_tomato_soup_can_t19,complete_epi,14,0.877247,0.019005,6.943183e-07,1.375792e-06,578,0.012670,6.672643e-07,0.025340,7.280848e-07,2.831894e-01,720,1,0,1,1,1
035_power_drill,s0_gate_030_035_power_drill_t0,complete_epi,305,0.875025,0.041577,8.928936e-07,0.000000e+00,522,0.027718,0.000000e+00,0.055436,8.792739e-06,0.000000e+00,102,1,0,1,1,0
035_power_drill,s0_gate_030_035_power_drill_t1,complete_epi,394,0.819048,0.039427,1.151851e-05,5.313868e-05,1254,0.026284,6.679112e-06,0.052569,1.188414e-05,6.050197e-01,442,1,0,1,1,1
035_power_drill,s0_gate_030_035_power_drill_t3,complete_epi,481,0.853511,0.040337,3.211720e-05,1.164746e-04,1181,0.026891,1.623309e-05,0.053782,4.118312e-05,2.110274e-01,222,1,0,1,1,1
035_power_drill,s0_gate_030_035_power_drill_t5,complete_epi,278,0.727446,0.010241,1.808067e-05,6.681516e-05,4729,0.006827,4.245728e-05,0.013654,2.001374e-06,3.418785e+00,7022,1,0,1,1,0
035_power_drill,s0_gate_030_035_power_drill_t6,complete_epi,188,0.875705,0.039427,1.474038e-06,7.219673e-06,664,0.026285,0.000000e+00,0.052570,1.813674e-06,0.000000e+00,158,1,0,1,1,1
035_power_drill,s0_gate_030_035_power_drill_t7,complete_epi,14,0.907098,0.058343,6.139788e-06,1.010295e-05,6423,0.038895,5.359912e-06,0.077791,9.651289e-06,8.846394e-01,679,1,0,1,1,1
035_power_drill,s0_gate_030_035_power_drill_t8,complete_epi,0,0.967796,0.020017,1.140668e-04,3.834277e-04,996,0.013344,1.929556e-04,0.026689,9.102006e-05,2.181491e+00,725,1,0,1,1,0
035_power_drill,s0_gate_030_035_power_drill_t9,complete_epi,802,0.873415,0.016798,2.552448e-05,5.714165e-05,1628,0.011199,1.468168e-05,0.022397,1.526325e-05,2.101291e+00,3251,1,0,1,1,0
035_power_drill,s0_gate_030_035_power_drill_t10,complete_epi,985,0.696001,0.041985,1.659898e-06,3.623532e-06,723,0.027990,9.161432e-07,0.055980,5.202926e-06,0.000000e+00,145,1,0,1,1,1
035_power_drill,s0_gate_030_035_power_drill_t11,complete_epi,985,0.649915,0.042492,0.000000e+00,0.000000e+00,689,0.028328,0.000000e+00,0.056656,5.926834e-07,0.000000e+00,154,1,0,1,1,1
035_power_drill,s0_gate_030_035_power_drill_t12,complete_epi,324,0.862762,0.042559,4.722661e-05,2.417792e-04,848,0.028373,2.790638e-05,0.056746,7.155785e-05,1.366963e-02,153,1,0,1,1,0
035_power_drill,s0_gate_030_035_power_drill_t13,complete_epi,122,0.929373,0.018750,3.570944e-04,1.086665e-03,973,0.012500,6.579760e-04,0.025000,1.509529e-04,2.677647e+00,890,1,0,1,1,0
035_power_drill,s0_gate_030_035_power_drill_t14,complete_epi,378,0.782316,0.063028,5.054494e-04,2.992346e-03,4161,0.042019,5.684587e-04,0.084037,7.428646e-04,1.176546e+00,298,1,0,1,1,1
035_power_drill,s0_gate_030_035_power_drill_t15,complete_epi,2,0.938063,0.043670,3.129756e-04,1.406511e-03,815,0.029113,3.098955e-04,0.058227,3.282747e-04,5.318906e-01,141,1,0,1,1,0
035_power_drill,s0_gate_030_035_power_drill_t16,complete_epi,24,0.906373,0.038952,2.823697e-06,3.280960e-06,763,0.025968,0.000000e+00,0.051936,6.477644e-06,0.000000e+00,168,1,0,1,1,1
035_power_drill,s0_gate_030_035_power_drill_t17,complete_epi,425,0.844508,0.044284,4.144013e-05,1.124617e-05,3709,0.029523,4.017952e-06,0.059046,5.361018e-05,1.114993e+00,803,1,0,1,1,1
035_power_drill,s0_gate_030_035_power_drill_t18,complete_epi,0,0.976699,0.022544,9.898376e-05,4.377032e-04,1505,0.015029,1.454668e-04,0.030059,6.348751e-05,3.091408e+00,1046,1,0,1,1,0
035_power_drill,s0_gate_030_035_power_drill_t19,complete_epi,70,0.897533,0.039063,2.640457e-06,5.523931e-06,898,0.026042,1.199854e-07,0.052084,4.417178e-06,0.000000e+00,178,1,0,1,1,1
021_bleach_cleanser,s0_gate_050_021_bleach_cleanser_t0,complete_epi,452,0.824783,0.039125,2.035009e-05,1.857136e-04,1147,0.026083,2.458072e-06,0.052167,2.914476e-05,0.000000e+00,83,1,0,1,1,1
021_bleach_cleanser,s0_gate_050_021_bleach_cleanser_t1,complete_epi,26,0.935447,0.040227,7.150784e-06,5.193917e-05,1250,0.026818,4.481620e-06,0.053636,1.466570e-05,0.000000e+00,132,1,0,1,1,0
021_bleach_cleanser,s0_gate_050_021_bleach_cleanser_t2,complete_epi,105,0.951415,0.013713,1.132053e-07,5.689259e-07,510,0.009142,0.000000e+00,0.018284,3.469498e-07,2.122612e-01,565,1,0,1,1,0
021_bleach_cleanser,s0_gate_050_021_bleach_cleanser_t3,complete_epi,50,0.928540,0.039546,1.115437e-05,4.194271e-05,712,0.026364,3.563337e-06,0.052728,2.003561e-05,0.000000e+00,94,1,0,1,1,1
021_bleach_cleanser,s0_gate_050_021_bleach_cleanser_t4,complete_epi,16,0.952438,0.038679,1.146557e-04,5.946778e-04,1027,0.025786,1.182148e-04,0.051572,5.455972e-05,4.156562e-02,153,1,0,1,1,1
021_bleach_cleanser,s0_gate_050_021_bleach_cleanser_t5,complete_epi,225,0.948468,0.011799,6.484125e-06,1.212917e-05,1463,0.007866,5.149316e-06,0.015732,6.785518e-06,2.388126e+00,2446,1,0,1,1,0
021_bleach_cleanser,s0_gate_050_021_bleach_cleanser_t6,complete_epi,57,0.933969,0.039125,7.790015e-06,4.580588e-06,919,0.026084,1.797306e-06,0.052167,1.939741e-05,0.000000e+00,63,1,0,1,1,1
021_bleach_cleanser,s0_gate_050_021_bleach_cleanser_t8,complete_epi,573,0.853937,0.039280,5.426413e-05,2.333734e-04,1317,0.026187,8.153226e-05,0.052373,3.360889e-05,1.000177e-01,133,1,0,1,1,1
021_bleach_cleanser,s0_gate_050_021_bleach_cleanser_t9,complete_epi,31,0.947538,0.022684,7.987149e-05,3.026753e-04,2220,0.015123,1.329822e-04,0.030245,2.882372e-05,1.270567e+00,663,1,0,1,1,0
021_bleach_cleanser,s0_gate_050_021_bleach_cleanser_t10,complete_epi,70,0.896602,0.039391,5.527168e-05,2.193097e-04,851,0.026261,3.629310e-05,0.052521,6.847290e-05,3.368342e-01,174,1,0,1,1,1
021_bleach_cleanser,s0_gate_050_021_bleach_cleanser_t11,complete_epi,53,0.925024,0.039327,4.792753e-05,1.915960e-04,1298,0.026218,3.926981e-05,0.052436,4.409014e-05,7.918607e-02,138,1,0,1,1,1
021_bleach_cleanser,s0_gate_050_021_bleach_cleanser_t12,complete_epi,228,0.909918,0.040154,4.274159e-05,2.022287e-04,1359,0.026769,4.263084e-05,0.053539,2.480397e-05,1.541879e-01,132,1,0,1,1,1
021_bleach_cleanser,s0_gate_050_021_bleach_cleanser_t14,complete_epi,24,0.902772,0.039292,3.197249e-05,1.901319e-04,860,0.026195,2.963621e-05,0.052390,4.272706e-05,0.000000e+00,87,1,0,1,1,1
021_bleach_cleanser,s0_gate_050_021_bleach_cleanser_t15,complete_epi,414,0.938742,0.039141,6.172636e-06,4.014052e-05,1113,0.026094,5.740726e-06,0.052188,8.897917e-06,0.000000e+00,93,1,0,1,1,0
021_bleach_cleanser,s0_gate_050_021_bleach_cleanser_t16,complete_epi,75,0.928904,0.039475,9.092087e-06,1.636916e-05,951,0.026317,3.418414e-06,0.052634,2.178674e-05,0.000000e+00,91,1,0,1,1,1
021_bleach_cleanser,s0_gate_050_021_bleach_cleanser_t17,complete_epi,122,0.886430,0.039995,5.006452e-06,4.858934e-05,881,0.026664,3.654669e-06,0.053327,6.924558e-06,0.000000e+00,118,1,0,1,1,0
021_bleach_cleanser,s0_gate_050_021_bleach_cleanser_t18,complete_epi,72,0.906909,0.038673,4.147918e-05,3.259677e-04,792,0.025782,4.957184e-05,0.051564,3.731390e-05,0.000000e+00,91,1,0,1,1,0
021_bleach_cleanser,s0_gate_050_021_bleach_cleanser_t19,complete_epi,32,0.928586,0.039929,2.580651e-05,1.818335e-04,1257,0.026619,1.759619e-05,0.053239,3.433665e-05,0.000000e+00,97,1,0,1,1,1
061_foam_brick,s0_gate_050_061_foam_brick_t0,complete_epi,749,0.868625,0.016189,3.949664e-05,2.145249e-04,896,0.010793,5.461958e-05,0.021586,3.634389e-05,8.880267e-01,868,1,0,1,1,1
061_foam_brick,s0_gate_050_061_foam_brick_t1,complete_epi,37,0.962031,0.016508,1.513494e-06,2.301164e-06,617,0.011005,5.905520e-06,0.022011,3.123003e-06,9.984554e-01,1261,1,0,1,1,1
061_foam_brick,s0_gate_050_061_foam_brick_t2,complete_epi,1081,0.817103,0.017242,8.150804e-06,3.714513e-05,623,0.011494,2.044100e-06,0.022989,1.501413e-05,1.615791e+00,878,1,0,1,1,1
061_foam_brick,s0_gate_050_061_foam_brick_t3,complete_epi,1345,0.553057,0.016971,5.110077e-07,1.133965e-06,736,0.011314,3.012479e-07,0.022628,2.866699e-06,1.585486e+00,1519,1,0,1,1,0
061_foam_brick,s0_gate_050_061_foam_brick_t4,complete_epi,334,0.949031,0.017040,4.031447e-06,1.103396e-05,1158,0.011360,2.252278e-06,0.022720,1.115204e-05,1.021732e+00,1090,1,0,1,1,1
061_foam_brick,s0_gate_050_061_foam_brick_t5,complete_epi,958,0.852520,0.016762,5.257013e-06,2.539370e-05,571,0.011175,9.788777e-06,0.022349,1.429367e-05,1.493977e+00,1022,1,0,1,1,1
061_foam_brick,s0_gate_050_061_foam_brick_t6,complete_epi,27,0.940501,0.016899,1.469612e-05,4.248664e-05,767,0.011266,8.895443e-06,0.022532,3.389111e-05,1.819592e+00,1297,1,0,1,1,1
061_foam_brick,s0_gate_050_061_foam_brick_t7,complete_epi,479,0.921180,0.017324,4.854574e-07,8.017023e-07,1077,0.011549,4.674162e-07,0.023099,4.724741e-07,1.128382e+00,1926,1,0,1,1,1
061_foam_brick,s0_gate_050_061_foam_brick_t8,complete_epi,275,0.929320,0.016989,7.938619e-07,2.189558e-06,1199,0.011326,6.164401e-07,0.022652,1.648743e-06,1.652710e+00,2278,1,0,1,1,1
061_foam_brick,s0_gate_050_061_foam_brick_t9,complete_epi,3,0.966594,0.016712,9.332858e-06,2.265280e-06,944,0.011141,9.881927e-07,0.022283,2.271439e-05,1.470448e+00,1164,1,0,1,1,1
061_foam_brick,s0_gate_050_061_foam_brick_t10,complete_epi,1155,0.787280,0.016579,4.556770e-06,1.541095e-05,836,0.011052,5.425278e-06,0.022105,6.036501e-06,1.094770e+00,1391,1,0,1,1,1
061_foam_brick,s0_gate_050_061_foam_brick_t11,complete_epi,1254,0.743588,0.015990,5.599000e-05,1.096486e-04,640,0.010660,5.518088e-05,0.021321,6.010756e-05,1.168321e+00,1143,1,0,1,1,1
061_foam_brick,s0_gate_050_061_foam_brick_t12,complete_epi,0,0.975688,0.016343,1.878462e-05,7.258393e-05,998,0.010896,1.465965e-05,0.021791,3.049100e-05,1.577779e+00,1160,1,0,1,1,1
061_foam_brick,s0_gate_050_061_foam_brick_t13,complete_epi,270,0.898817,0.015856,7.160627e-06,4.063940e-05,489,0.010570,7.260940e-06,0.021141,2.399475e-05,9.327840e-01,801,1,0,1,1,1
061_foam_brick,s0_gate_050_061_foam_brick_t14,complete_epi,1135,0.811172,0.016145,1.794662e-06,4.994269e-06,470,0.010763,2.338710e-06,0.021527,2.256197e-06,9.075749e-01,1187,1,0,1,1,1
061_foam_brick,s0_gate_050_061_foam_brick_t15,complete_epi,817,0.882045,0.017148,2.310069e-06,1.019380e-05,979,0.011432,3.529868e-06,0.022864,9.804685e-06,2.864903e+00,1842,1,0,1,1,0
061_foam_brick,s0_gate_050_061_foam_brick_t16,complete_epi,7,0.970653,0.016588,7.907577e-07,2.592028e-06,483,0.011059,8.986891e-07,0.022117,8.137191e-06,7.222047e-01,787,1,0,1,1,1
061_foam_brick,s0_gate_050_061_foam_brick_t17,complete_epi,635,0.892222,0.017890,5.568167e-07,9.021251e-07,1048,0.011927,5.434779e-07,0.023854,5.429981e-07,8.339801e-01,1375,1,0,1,1,0
061_foam_brick,s0_gate_050_061_foam_brick_t18,complete_epi,379,0.956830,0.017093,2.455639e-06,8.475224e-06,691,0.011395,2.065830e-06,0.022790,2.494279e-06,1.026654e+00,989,1,0,1,1,1
061_foam_brick,s0_gate_050_061_foam_brick_t19,complete_epi,36,0.963881,0.016371,6.162278e-07,1.254186e-06,734,0.010914,5.927077e-07,0.021827,1.280389e-05,1.395652e+00,1052,1,0,1,1,1
010_potted_meat_can,s0_gate_070_010_potted_meat_can_t0,complete_epi,72,0.843351,0.021554,1.406342e-06,4.324614e-06,529,0.014369,1.490959e-06,0.028739,4.128139e-06,1.918299e-01,451,1,0,1,1,1
010_potted_meat_can,s0_gate_070_010_potted_meat_can_t1,complete_epi,192,0.850189,0.020801,8.291084e-07,1.865062e-06,740,0.013867,8.327442e-07,0.027734,7.842082e-07,3.990425e-01,689,1,0,1,1,1
010_potted_meat_can,s0_gate_070_010_potted_meat_can_t2,complete_epi,66,0.808477,0.021010,2.993451e-06,2.948104e-06,702,0.014007,1.695708e-06,0.028013,4.213062e-06,6.813050e-01,811,1,0,1,1,1
010_potted_meat_can,s0_gate_070_010_potted_meat_can_t3,complete_epi,100,0.832915,0.020518,4.876286e-06,1.392290e-05,726,0.013678,1.687014e-06,0.027357,5.121238e-06,5.546547e-01,673,1,0,1,1,1
010_potted_meat_can,s0_gate_070_010_potted_meat_can_t4,complete_epi,114,0.727535,0.021082,1.296538e-06,3.042807e-06,550,0.014055,1.275014e-06,0.028109,1.769648e-06,5.910546e-02,173,1,0,1,1,0
010_potted_meat_can,s0_gate_070_010_potted_meat_can_t5,complete_epi,130,0.743356,0.021062,1.681534e-06,7.082068e-06,1001,0.014042,1.217778e-06,0.028083,2.792498e-06,1.696119e-01,403,1,0,1,1,0
010_potted_meat_can,s0_gate_070_010_potted_meat_can_t6,complete_epi,0,0.880948,0.020831,1.083846e-06,3.492949e-06,527,0.013887,9.991469e-07,0.027774,6.351993e-06,2.530547e-01,429,1,0,1,1,1
010_potted_meat_can,s0_gate_070_010_potted_meat_can_t7,complete_epi,2,0.896116,0.023880,5.614170e-07,1.648630e-06,959,0.015920,6.200853e-07,0.031840,5.419589e-07,3.489401e-01,662,1,0,1,1,1
010_potted_meat_can,s0_gate_070_010_potted_meat_can_t8,complete_epi,67,0.872498,0.020846,1.786755e-06,8.816130e-06,820,0.013897,1.368838e-06,0.027794,2.280848e-06,5.379823e-01,696,1,0,1,1,0
010_potted_meat_can,s0_gate_070_010_potted_meat_can_t9,complete_epi,0,0.872653,0.021148,2.660996e-06,1.259902e-05,359,0.014098,3.932218e-06,0.028197,2.659688e-06,2.064263e-01,348,1,0,1,1,1
010_potted_meat_can,s0_gate_070_010_potted_meat_can_t10,complete_epi,180,0.781537,0.021339,3.317479e-06,3.347317e-06,900,0.014226,1.350580e-06,0.028452,4.588089e-06,8.516585e-01,864,1,0,1,1,0
010_potted_meat_can,s0_gate_070_010_potted_meat_can_t11,complete_epi,36,0.803163,0.021179,3.956124e-06,1.778383e-05,1063,0.014120,3.861329e-06,0.028239,4.423165e-06,5.289998e-01,665,1,0,1,1,1
010_potted_meat_can,s0_gate_070_010_potted_meat_can_t12,complete_epi,54,0.798930,0.020735,1.341565e-06,3.805706e-06,469,0.013823,4.628836e-07,0.027647,3.312624e-06,3.205163e-01,445,1,0,1,1,0
010_potted_meat_can,s0_gate_070_010_potted_meat_can_t13,complete_epi,5,0.885246,0.020930,9.965911e-07,2.433484e-06,575,0.013954,1.067896e-06,0.027907,1.001465e-05,2.641427e-01,533,1,0,1,1,1
010_potted_meat_can,s0_gate_070_010_potted_meat_can_t14,complete_epi,18,0.807518,0.021226,1.459749e-06,5.485345e-06,650,0.014150,1.269012e-06,0.028301,1.210413e-06,6.470124e-01,742,1,0,1,1,0
010_potted_meat_can,s0_gate_070_010_potted_meat_can_t15,complete_epi,58,0.841342,0.020913,2.598573e-06,1.069926e-05,790,0.013942,2.840082e-06,0.027884,2.946425e-06,8.719633e-01,871,1,0,1,1,1
010_potted_meat_can,s0_gate_070_010_potted_meat_can_t16,complete_epi,0,0.860281,0.021132,1.979216e-06,7.508833e-06,446,0.014088,1.506224e-06,0.028176,3.673687e-06,1.607444e-01,335,1,0,1,1,1
010_potted_meat_can,s0_gate_070_010_potted_meat_can_t17,complete_epi,4,0.932973,0.020189,8.958281e-07,2.380529e-06,584,0.013459,9.419399e-07,0.026919,9.201065e-07,3.667537e-01,648,1,0,1,1,1
010_potted_meat_can,s0_gate_070_010_potted_meat_can_t18,complete_epi,35,0.863534,0.021229,1.556276e-06,4.402140e-06,697,0.014152,1.838739e-06,0.028305,4.207989e-06,3.984910e-01,603,1,0,1,1,1
010_potted_meat_can,s0_gate_070_010_potted_meat_can_t19,complete_epi,87,0.871528,0.020811,6.872242e-07,1.690733e-06,610,0.013874,7.432323e-07,0.027748,9.307967e-06,3.595867e-01,606,1,0,1,1,1
005_tomato_soup_can,s1_gate_off_005_tomato_soup_can_t0,complete_only,40,0.876951,0.019058,1.033906e-06,1.666808e-06,771,0.012706,1.344861e-06,0.025411,9.951826e-07,4.167865e-01,804,1,0,1,1,1
005_tomato_soup_can,s1_gate_off_005_tomato_soup_can_t1,complete_only,22,0.874595,0.018906,7.804702e-07,1.427199e-06,634,0.012604,7.920145e-07,0.025208,7.720392e-07,4.155640e-01,823,1,0,1,1,1
005_tomato_soup_can,s1_gate_off_005_tomato_soup_can_t2,complete_only,18,0.889712,0.018747,6.652907e-07,2.235640e-06,423,0.012498,5.113019e-07,0.024996,7.299044e-07,2.683789e-01,677,1,0,1,1,1
005_tomato_soup_can,s1_gate_off_005_tomato_soup_can_t3,complete_only,30,0.869852,0.018837,8.320530e-07,1.671041e-06,732,0.012558,7.881421e-07,0.025115,8.470592e-07,4.906194e-01,924,1,0,1,1,0
005_tomato_soup_can,s1_gate_off_005_tomato_soup_can_t4,complete_only,27,0.884154,0.019076,9.413982e-07,1.982031e-06,584,0.012717,9.384996e-07,0.025434,7.949576e-07,2.924544e-01,683,1,0,1,1,1
005_tomato_soup_can,s1_gate_off_005_tomato_soup_can_t5,complete_only,43,0.885558,0.018987,7.066981e-07,1.757712e-06,650,0.012658,6.699152e-07,0.025316,7.280100e-07,4.021677e-01,821,1,0,1,1,1
005_tomato_soup_can,s1_gate_off_005_tomato_soup_can_t6,complete_only,24,0.869435,0.018976,7.369538e-07,1.525976e-06,626,0.012651,7.065334e-07,0.025302,7.709300e-07,3.104100e-01,737,1,0,1,1,1
005_tomato_soup_can,s1_gate_off_005_tomato_soup_can_t7,complete_only,0,0.961950,0.041399,1.366579e-04,1.088286e-03,3347,0.027599,1.530012e-03,0.055199,2.995736e-04,2.035263e+00,395,1,0,1,1,0
005_tomato_soup_can,s1_gate_off_005_tomato_soup_can_t8,complete_only,20,0.882000,0.018780,9.797650e-07,2.332023e-06,544,0.012520,1.148388e-06,0.025041,8.081106e-07,3.473947e-01,756,1,0,1,1,1
005_tomato_soup_can,s1_gate_off_005_tomato_soup_can_t9,complete_only,63,0.865792,0.018811,6.836479e-07,1.519080e-06,591,0.012540,6.491847e-07,0.025081,6.429500e-07,3.173430e-01,725,1,0,1,1,1
005_tomato_soup_can,s1_gate_off_005_tomato_soup_can_t11,complete_only,14,0.884737,0.019116,7.074453e-07,2.936454e-06,496,0.012744,6.959345e-07,0.025489,6.854768e-07,3.276269e-01,740,1,0,1,1,1
005_tomato_soup_can,s1_gate_off_005_tomato_soup_can_t12,complete_only,31,0.874422,0.019114,7.865023e-07,1.483963e-06,707,0.012743,7.265553e-07,0.025486,7.757275e-07,4.843037e-01,926,1,0,1,1,1
005_tomato_soup_can,s1_gate_off_005_tomato_soup_can_t13,complete_only,49,0.865989,0.018988,6.955439e-07,1.533485e-06,613,0.012659,6.411681e-07,0.025317,6.942879e-07,3.234983e-01,763,1,0,1,1,1
005_tomato_soup_can,s1_gate_off_005_tomato_soup_can_t14,complete_only,66,0.876029,0.019086,7.936102e-07,1.453948e-06,709,0.012724,7.346166e-07,0.025448,7.903490e-07,4.268092e-01,842,1,0,1,1,1
005_tomato_soup_can,s1_gate_off_005_tomato_soup_can_t15,complete_only,68,0.869923,0.019006,9.421466e-07,2.313787e-06,509,0.012671,7.925428e-07,0.025342,8.175833e-07,3.374434e-01,753,1,0,1,1,1
005_tomato_soup_can,s1_gate_off_005_tomato_soup_can_t16,complete_only,8,0.885401,0.019161,7.887488e-07,1.465435e-06,641,0.012774,8.089201e-07,0.025548,7.807694e-07,4.042857e-01,844,1,0,1,1,1
005_tomato_soup_can,s1_gate_off_005_tomato_soup_can_t17,complete_only,70,0.871839,0.019028,7.992919e-07,1.643864e-06,705,0.012686,7.680991e-07,0.025371,8.208174e-07,4.082350e-01,831,1,0,1,1,1
005_tomato_soup_can,s1_gate_off_005_tomato_soup_can_t18,complete_only,16,0.892182,0.018919,8.084079e-07,1.462720e-06,680,0.012613,7.939705e-07,0.025226,8.259860e-07,4.467529e-01,868,1,0,1,1,1
005_tomato_soup_can,s1_gate_off_005_tomato_soup_can_t19,complete_only,16,0.876815,0.018821,7.870421e-07,1.496473e-06,684,0.012547,7.824426e-07,0.025095,8.011531e-07,4.504784e-01,880,1,0,1,1,1
035_power_drill,s1_gate_off_035_power_drill_t0,complete_only,725,0.780040,0.041747,5.197878e-04,2.471165e-03,859,0.027831,8.160689e-04,0.055663,3.951709e-04,7.618005e-01,189,1,0,1,1,0
035_power_drill,s1_gate_off_035_power_drill_t1,complete_only,476,0.854426,0.043785,9.482233e-05,4.540846e-05,574,0.029190,5.796283e-05,0.058380,1.715509e-04,0.000000e+00,138,1,0,1,1,1
035_power_drill,s1_gate_off_035_power_drill_t2,complete_only,53,0.965510,0.011090,1.489760e-04,3.277674e-04,1056,0.007393,1.476667e-04,0.014786,1.441341e-04,6.722853e+00,2561,1,0,1,1,0
035_power_drill,s1_gate_off_035_power_drill_t3,complete_only,85,0.903506,0.044206,1.554353e-04,1.518469e-03,906,0.029471,1.527816e-04,0.058941,2.171295e-04,3.941729e-01,132,1,0,1,1,1
035_power_drill,s1_gate_off_035_power_drill_t4,complete_only,44,0.925094,0.023066,4.512291e-05,1.797118e-04,1168,0.015378,4.917619e-05,0.030755,4.020599e-05,2.232520e+00,1313,1,0,1,1,0
035_power_drill,s1_gate_off_035_power_drill_t5,complete_only,0,0.978812,0.015393,1.200773e-04,3.615541e-04,1043,0.010262,1.546468e-04,0.020524,1.060280e-04,3.380486e+00,2241,1,0,1,1,0
035_power_drill,s1_gate_off_035_power_drill_t6,complete_only,168,0.910735,0.042208,0.000000e+00,0.000000e+00,549,0.028139,0.000000e+00,0.056277,4.977342e-07,0.000000e+00,125,1,0,1,1,0
035_power_drill,s1_gate_off_035_power_drill_t7,complete_only,662,0.815040,0.043650,1.257560e-04,1.146572e-03,873,0.029100,6.283835e-05,0.058200,1.911881e-04,4.049146e-02,143,1,0,1,1,1
035_power_drill,s1_gate_off_035_power_drill_t8,complete_only,216,0.947347,0.028813,3.434513e-05,1.751427e-04,1863,0.019209,4.027755e-05,0.038418,2.718711e-05,1.474404e+00,938,1,0,1,1,1
035_power_drill,s1_gate_off_035_power_drill_t9,complete_only,201,0.870845,0.039623,1.834227e-05,7.840223e-05,781,0.026415,2.281207e-05,0.052830,1.898267e-05,1.522535e-02,151,1,0,1,1,0
035_power_drill,s1_gate_off_035_power_drill_t11,complete_only,13,0.931627,0.033911,2.539675e-04,9.528977e-04,3092,0.022607,3.991273e-04,0.045215,1.160623e-04,3.337410e+00,700,1,0,1,1,0
035_power_drill,s1_gate_off_035_power_drill_t12,complete_only,36,0.891493,0.039739,6.397800e-06,1.626594e-05,1477,0.026492,3.326976e-06,0.052985,1.662555e-05,0.000000e+00,202,1,0,1,1,0
035_power_drill,s1_gate_off_035_power_drill_t14,complete_only,762,0.761392,0.042109,1.755291e-04,8.505313e-04,986,0.028073,1.336461e-04,0.056145,2.071978e-04,1.137327e+00,228,1,0,1,1,0
035_power_drill,s1_gate_off_035_power_drill_t15,complete_only,509,0.791953,0.042609,4.703572e-04,1.658536e-03,878,0.028406,3.332085e-04,0.056812,3.719004e-04,4.125716e-01,162,1,0,1,1,1
035_power_drill,s1_gate_off_035_power_drill_t17,complete_only,119,0.880367,0.048259,6.011284e-04,2.922295e-03,751,0.032172,5.483122e-04,0.064345,5.489509e-04,2.458206e-01,125,1,0,1,1,1
035_power_drill,s1_gate_off_035_power_drill_t18,complete_only,35,0.971593,0.028380,1.137730e-05,5.504799e-05,1910,0.018920,1.063624e-05,0.037840,1.287466e-05,1.513233e+00,1049,1,0,1,1,1
035_power_drill,s1_gate_off_035_power_drill_t19,complete_only,0,0.951894,0.021071,5.320335e-04,1.732372e-03,1015,0.014047,9.344881e-04,0.028095,2.519388e-04,2.145750e+00,587,1,0,1,1,0
021_bleach_cleanser,s1_gate_010_021_bleach_cleanser_t0,complete_epi,5,0.941500,0.038889,1.202483e-04,6.637616e-04,875,0.025926,1.095112e-04,0.051852,8.983653e-05,3.037630e-01,156,1,0,1,1,1
021_bleach_cleanser,s1_gate_010_021_bleach_cleanser_t1,complete_epi,117,0.935865,0.029689,3.381182e-05,1.739662e-04,1208,0.019792,2.132588e-05,0.039585,2.328524e-05,8.447840e-02,307,1,0,1,1,0
021_bleach_cleanser,s1_gate_010_021_bleach_cleanser_t2,complete_epi,30,0.941599,0.039186,3.641735e-05,3.613647e-04,1058,0.026124,4.167082e-05,0.052248,2.443001e-05,1.263270e-01,161,1,0,1,1,1
021_bleach_cleanser,s1_gate_010_021_bleach_cleanser_t3,complete_epi,537,0.864993,0.039530,3.904495e-05,2.010075e-04,1222,0.026353,9.874144e-05,0.052707,4.203556e-05,2.068568e-01,58,1,0,1,1,0
021_bleach_cleanser,s1_gate_010_021_bleach_cleanser_t4,complete_epi,695,0.852836,0.039818,1.063133e-04,4.731950e-04,831,0.026545,1.541819e-04,0.053090,5.878335e-05,2.202240e-01,138,1,0,1,1,1
021_bleach_cleanser,s1_gate_010_021_bleach_cleanser_t5,complete_epi,0,0.962172,0.057915,4.627609e-04,2.885312e-03,4279,0.038610,1.325124e-03,0.077220,3.841571e-04,3.452780e+00,338,1,0,1,1,0
021_bleach_cleanser,s1_gate_010_021_bleach_cleanser_t6,complete_epi,469,0.832964,0.039560,2.826045e-05,2.324728e-04,1046,0.026373,2.284206e-05,0.052746,3.570684e-05,7.170611e-02,105,1,0,1,1,1
021_bleach_cleanser,s1_gate_010_021_bleach_cleanser_t7,complete_epi,387,0.896043,0.042038,4.366634e-05,1.301889e-04,1129,0.028025,5.803485e-05,0.056050,2.025352e-05,6.016151e-01,205,1,0,1,1,0
021_bleach_cleanser,s1_gate_010_021_bleach_cleanser_t8,complete_epi,73,0.900233,0.040380,1.355347e-05,1.073283e-04,1180,0.026920,1.170981e-05,0.053840,1.190387e-05,0.000000e+00,172,1,0,1,1,1
021_bleach_cleanser,s1_gate_010_021_bleach_cleanser_t9,complete_epi,3,0.899716,0.055624,2.358518e-04,1.034841e-03,3648,0.037082,4.956016e-04,0.074165,2.280872e-04,4.574523e-01,183,1,0,1,1,0
021_bleach_cleanser,s1_gate_010_021_bleach_cleanser_t10,complete_epi,0,0.916721,0.038683,4.538041e-05,2.380872e-04,1247,0.025789,9.289951e-05,0.051577,3.331732e-05,1.803589e-01,149,1,0,1,1,1
021_bleach_cleanser,s1_gate_010_021_bleach_cleanser_t11,complete_epi,0,0.959246,0.020922,2.804644e-06,4.098135e-06,1180,0.013948,3.061772e-06,0.027897,2.617903e-06,6.027351e-02,310,1,0,1,1,0
021_bleach_cleanser,s1_gate_010_021_bleach_cleanser_t12,complete_epi,14,0.906276,0.039005,1.593683e-05,7.038223e-05,601,0.026003,0.000000e+00,0.052007,2.277140e-05,0.000000e+00,97,1,0,1,1,1
021_bleach_cleanser,s1_gate_010_021_bleach_cleanser_t14,complete_epi,10,0.938678,0.039104,1.019113e-04,5.327584e-04,1010,0.026069,9.250850e-05,0.052138,6.096496e-05,1.450203e-01,124,1,0,1,1,1
021_bleach_cleanser,s1_gate_010_021_bleach_cleanser_t15,complete_epi,631,0.852775,0.039004,1.558852e-04,7.259608e-04,1102,0.026003,2.026700e-04,0.052006,7.193305e-05,3.751920e-01,151,1,0,1,1,1
021_bleach_cleanser,s1_gate_010_021_bleach_cleanser_t16,complete_epi,34,0.912940,0.040266,7.756488e-06,1.829269e-05,1239,0.026844,7.628656e-06,0.053687,8.072348e-06,8.937604e-02,179,1,0,1,1,1
021_bleach_cleanser,s1_gate_010_021_bleach_cleanser_t17,complete_epi,275,0.885195,0.039863,7.994580e-05,3.178285e-04,1318,0.026575,1.480886e-04,0.053151,7.396322e-05,2.009046e-01,132,1,0,1,1,1
021_bleach_cleanser,s1_gate_010_021_bleach_cleanser_t18,complete_epi,3,0.917611,0.035971,4.661143e-05,2.461774e-04,1921,0.023981,8.984197e-05,0.047961,4.407883e-05,4.501696e-01,53,1,0,1,1,0
021_bleach_cleanser,s1_gate_010_021_bleach_cleanser_t19,complete_epi,4,0.905747,0.038598,4.187169e-05,1.313207e-04,1323,0.025732,5.091359e-05,0.051464,2.886332e-05,1.910157e-01,147,1,0,1,1,1
061_foam_brick,s1_gate_010_061_foam_brick_t0,complete_epi,1003,0.840245,0.016198,3.861010e-05,1.476578e-04,473,0.010799,6.404455e-05,0.021597,2.722250e-05,6.917247e-01,1024,1,0,1,1,1
061_foam_brick,s1_gate_010_061_foam_brick_t1,complete_epi,1175,0.720558,0.017292,6.351495e-04,1.930985e-03,318,0.011528,6.414245e-04,0.023056,3.454654e-04,1.326024e+00,1001,1,0,1,1,1
061_foam_brick,s1_gate_010_061_foam_brick_t2,complete_epi,707,0.891352,0.017340,8.021438e-07,1.815289e-06,1063,0.011560,6.870691e-07,0.023120,1.512439e-06,9.595611e-01,1457,1,0,1,1,1
061_foam_brick,s1_gate_010_061_foam_brick_t3,complete_epi,290,0.909456,0.016977,5.107297e-06,9.099834e-07,1192,0.011318,1.681541e-06,0.022635,9.007558e-06,1.939492e+00,1434,1,0,1,1,1
061_foam_brick,s1_gate_010_061_foam_brick_t4,complete_epi,1135,0.716759,0.016643,4.485896e-06,1.670464e-05,773,0.011095,4.939000e-06,0.022191,5.838563e-06,1.024282e+00,1066,1,0,1,1,1
061_foam_brick,s1_gate_010_061_foam_brick_t5,complete_epi,0,0.979130,0.016461,1.194688e-05,5.041056e-06,831,0.010974,3.980833e-06,0.021948,2.299174e-05,1.666628e+00,1002,1,0,1,1,1
061_foam_brick,s1_gate_010_061_foam_brick_t6,complete_epi,1080,0.709143,0.017348,3.604565e-06,1.995039e-05,1500,0.011565,2.491861e-06,0.023130,5.687772e-06,1.448907e+00,1212,1,0,1,1,1
061_foam_brick,s1_gate_010_061_foam_brick_t7,complete_epi,1046,0.797841,0.017399,6.331733e-06,2.890121e-05,642,0.011599,6.751594e-06,0.023198,8.179782e-06,1.379535e+00,1290,1,0,1,1,1
061_foam_brick,s1_gate_010_061_foam_brick_t8,complete_epi,572,0.896088,0.017015,4.026009e-07,6.859966e-07,914,0.011343,4.120878e-07,0.022686,4.004133e-07,9.451626e-01,1782,1,0,1,1,0
061_foam_brick,s1_gate_010_061_foam_brick_t9,complete_epi,497,0.898447,0.016213,7.312060e-06,3.396443e-06,527,0.010809,1.160690e-06,0.021618,1.713253e-05,1.525893e+00,1223,1,0,1,1,1
061_foam_brick,s1_gate_010_061_foam_brick_t10,complete_epi,49,0.949678,0.017350,2.287527e-06,6.233736e-06,1374,0.011567,2.469980e-06,0.023134,4.022978e-06,1.585537e+00,2087,1,0,1,1,0
061_foam_brick,s1_gate_010_061_foam_brick_t11,complete_epi,56,0.928595,0.016779,1.224011e-06,5.956905e-06,1461,0.011186,1.345308e-06,0.022372,2.584979e-06,1.695387e+00,2196,1,0,1,1,1
061_foam_brick,s1_gate_010_061_foam_brick_t12,complete_epi,508,0.914203,0.016962,3.251399e-06,3.314213e-06,978,0.011308,4.301022e-07,0.022617,6.884705e-06,2.684750e+00,1882,1,0,1,1,1
061_foam_brick,s1_gate_010_061_foam_brick_t13,complete_epi,0,0.961540,0.015854,4.927847e-06,1.875002e-05,638,0.010569,2.836717e-06,0.021138,6.474083e-06,1.069609e+00,984,1,0,1,1,1
061_foam_brick,s1_gate_010_061_foam_brick_t14,complete_epi,1242,0.770604,0.016166,3.105996e-06,1.239600e-05,648,0.010777,2.015052e-06,0.021555,3.304974e-06,1.233446e+00,1250,1,0,1,1,1
061_foam_brick,s1_gate_010_061_foam_brick_t15,complete_epi,3,0.941028,0.016154,1.137540e-05,1.710854e-06,866,0.010769,9.362807e-07,0.021538,4.097045e-05,1.209327e+00,880,1,0,1,1,1
061_foam_brick,s1_gate_010_061_foam_brick_t16,complete_epi,273,0.956488,0.017207,3.229674e-04,2.893247e-03,551,0.011471,1.647343e-04,0.022942,1.266964e-04,1.294373e+00,947,1,0,1,1,1
061_foam_brick,s1_gate_010_061_foam_brick_t17,complete_epi,1298,0.557383,0.015817,5.032121e-05,1.080098e-04,715,0.010545,6.345448e-05,0.021090,3.041363e-05,1.489848e+00,1309,1,0,1,1,1
061_foam_brick,s1_gate_010_061_foam_brick_t18,complete_epi,293,0.916218,0.016852,5.486226e-07,6.927639e-07,1158,0.011234,4.990947e-07,0.022469,7.617026e-07,1.387702e+00,1782,1,0,1,1,1
061_foam_brick,s1_gate_010_061_foam_brick_t19,complete_epi,7,0.957578,0.017194,8.166452e-07,2.015965e-06,947,0.011463,7.379586e-07,0.022926,9.673994e-07,1.529069e+00,1951,1,0,1,1,0
010_potted_meat_can,s1_gate_020_010_potted_meat_can_t0,complete_epi,164,0.785453,0.021428,4.500764e-06,2.504323e-06,541,0.014286,2.055365e-06,0.028571,5.871450e-06,4.376225e-01,668,1,0,1,1,1
010_potted_meat_can,s1_gate_020_010_potted_meat_can_t1,complete_epi,21,0.795930,0.020869,2.719172e-06,3.012623e-06,569,0.013912,2.026360e-06,0.027825,3.687218e-06,6.163435e-01,765,1,0,1,1,1
010_potted_meat_can,s1_gate_020_010_potted_meat_can_t2,complete_epi,1,0.878073,0.020538,1.210383e-06,3.309147e-06,685,0.013692,1.369414e-06,0.027385,4.429449e-06,4.565362e-01,660,1,0,1,1,1
010_potted_meat_can,s1_gate_020_010_potted_meat_can_t3,complete_epi,130,0.826746,0.020851,4.587680e-06,1.185396e-05,726,0.013900,4.621100e-06,0.027801,4.568948e-06,6.515692e-01,702,1,0,1,1,0
010_potted_meat_can,s1_gate_020_010_potted_meat_can_t4,complete_epi,151,0.813087,0.020512,4.089586e-06,5.815885e-06,629,0.013675,3.065928e-06,0.027349,5.330418e-06,7.772143e-01,695,1,0,1,1,1
010_potted_meat_can,s1_gate_020_010_potted_meat_can_t5,complete_epi,36,0.857696,0.021270,1.166618e-06,3.764518e-06,868,0.014180,1.210327e-06,0.028359,1.085443e-06,4.739326e-01,694,1,0,1,1,1
010_potted_meat_can,s1_gate_020_010_potted_meat_can_t6,complete_epi,59,0.801612,0.026065,3.430091e-06,1.517052e-05,1319,0.017377,2.923265e-06,0.034753,7.456815e-06,8.519962e-01,841,1,0,1,1,1
010_potted_meat_can,s1_gate_020_010_potted_meat_can_t7,complete_epi,74,0.816074,0.020939,2.456682e-06,2.586064e-06,856,0.013959,1.483948e-06,0.027918,3.564531e-06,6.255287e-01,782,1,0,1,1,1
010_potted_meat_can,s1_gate_020_010_potted_meat_can_t8,complete_epi,4,0.933675,0.019770,1.422808e-06,1.133862e-05,738,0.013180,1.568307e-06,0.026360,1.273185e-06,3.740006e-01,642,1,0,1,1,1
010_potted_meat_can,s1_gate_020_010_potted_meat_can_t9,complete_epi,0,0.918040,0.020999,6.525839e-06,2.310564e-06,608,0.013999,7.469482e-07,0.027999,1.339182e-05,2.986254e-01,579,1,0,1,1,1
010_potted_meat_can,s1_gate_020_010_potted_meat_can_t10,complete_epi,42,0.856552,0.021017,1.381534e-06,3.323869e-06,882,0.014011,1.363167e-06,0.028023,1.435653e-06,6.272465e-01,783,1,0,1,1,1
010_potted_meat_can,s1_gate_020_010_potted_meat_can_t11,complete_epi,114,0.900946,0.020483,2.273884e-06,6.992458e-06,736,0.013655,2.035138e-06,0.027311,2.428541e-06,7.395807e-01,768,1,0,1,1,1
010_potted_meat_can,s1_gate_020_010_potted_meat_can_t12,complete_epi,18,0.908028,0.020019,7.718374e-07,1.667448e-06,710,0.013346,9.038626e-07,0.026692,7.391773e-07,1.988882e-01,495,1,0,1,1,1
010_potted_meat_can,s1_gate_020_010_potted_meat_can_t14,complete_epi,39,0.865625,0.021231,4.263418e-06,1.424079e-05,693,0.014154,4.841929e-06,0.028309,5.291883e-06,3.370712e-01,531,1,0,1,1,1
010_potted_meat_can,s1_gate_020_010_potted_meat_can_t15,complete_epi,0,0.924403,0.021062,6.279788e-07,2.112992e-06,457,0.014041,4.967042e-07,0.028082,1.010182e-05,2.941722e-01,561,1,0,1,1,1
010_potted_meat_can,s1_gate_020_010_potted_meat_can_t16,complete_epi,0,0.864488,0.021400,1.542098e-06,3.050664e-06,532,0.014266,1.771095e-06,0.028533,5.701877e-06,4.439471e-01,635,1,0,1,1,1
010_potted_meat_can,s1_gate_020_010_potted_meat_can_t17,complete_epi,7,0.863518,0.026631,7.183817e-06,2.782787e-05,1570,0.017754,4.395714e-06,0.035508,7.085283e-06,9.832695e-01,977,1,0,1,1,0
010_potted_meat_can,s1_gate_020_010_potted_meat_can_t18,complete_epi,321,0.859453,0.019787,9.043706e-07,2.825903e-06,679,0.013192,1.130738e-06,0.026383,7.630225e-07,3.875173e-01,686,1,0,1,1,1
010_potted_meat_can,s1_gate_020_010_potted_meat_can_t19,complete_epi,4,0.924312,0.020739,8.387346e-07,2.380109e-06,749,0.013826,8.428237e-07,0.027651,8.882785e-07,3.844022e-01,650,1,0,1,1,1
005_tomato_soup_can,s1_gate_030_005_tomato_soup_can_t0,complete_epi,34,0.881378,0.019058,7.965327e-07,1.625976e-06,708,0.012706,7.794235e-07,0.025411,8.107395e-07,4.094298e-01,824,1,0,1,1,1
005_tomato_soup_can,s1_gate_030_005_tomato_soup_can_t1,complete_epi,50,0.868679,0.019123,6.104050e-07,1.591699e-06,513,0.012749,5.410271e-07,0.025498,6.368889e-07,2.799114e-01,706,1,0,1,1,1
005_tomato_soup_can,s1_gate_030_005_tomato_soup_can_t2,complete_epi,142,0.857791,0.018763,7.084529e-07,1.662391e-06,561,0.012508,6.528093e-07,0.025017,6.831904e-07,3.422267e-01,763,1,0,1,1,1
005_tomato_soup_can,s1_gate_030_005_tomato_soup_can_t3,complete_epi,45,0.874114,0.018834,7.970893e-07,1.633466e-06,714,0.012556,7.404296e-07,0.025112,8.346848e-07,5.003794e-01,930,1,0,1,1,1
005_tomato_soup_can,s1_gate_030_005_tomato_soup_can_t4,complete_epi,54,0.878552,0.019104,7.630384e-07,1.673528e-06,603,0.012736,7.413914e-07,0.025472,7.764557e-07,2.854586e-01,713,1,0,1,1,1
005_tomato_soup_can,s1_gate_030_005_tomato_soup_can_t5,complete_epi,20,0.898866,0.019153,5.936564e-07,1.777821e-06,491,0.012769,6.496200e-07,0.025538,5.924775e-07,2.428592e-01,642,1,0,1,1,1
005_tomato_soup_can,s1_gate_030_005_tomato_soup_can_t6,complete_epi,24,0.880375,0.018992,5.554118e-07,1.411556e-06,516,0.012661,5.181471e-07,0.025323,5.931878e-07,3.162375e-01,735,1,0,1,1,1
005_tomato_soup_can,s1_gate_030_005_tomato_soup_can_t7,complete_epi,75,0.858436,0.019085,7.761424e-07,1.523612e-06,685,0.012723,7.757541e-07,0.025447,7.926683e-07,5.103158e-01,915,1,0,1,1,1
005_tomato_soup_can,s1_gate_030_005_tomato_soup_can_t9,complete_epi,36,0.881923,0.018795,7.385992e-07,1.448406e-06,656,0.012530,7.070941e-07,0.025060,7.408837e-07,4.841291e-01,898,1,0,1,1,1
005_tomato_soup_can,s1_gate_030_005_tomato_soup_can_t10,complete_epi,49,0.870410,0.018822,7.684494e-07,1.532854e-06,650,0.012548,7.464272e-07,0.025096,8.332372e-07,4.221647e-01,840,1,0,1,1,1
005_tomato_soup_can,s1_gate_030_005_tomato_soup_can_t11,complete_epi,30,0.882649,0.018949,7.256732e-07,1.368071e-06,690,0.012633,6.982470e-07,0.025265,7.582927e-07,4.636679e-01,915,1,0,1,1,0
005_tomato_soup_can,s1_gate_030_005_tomato_soup_can_t12,complete_epi,56,0.865249,0.019110,7.151782e-07,1.504816e-06,630,0.012740,6.633651e-07,0.025480,7.484384e-07,2.879372e-01,720,1,0,1,1,1
005_tomato_soup_can,s1_gate_030_005_tomato_soup_can_t13,complete_epi,98,0.907448,0.007462,1.724259e-04,3.684984e-04,2045,0.004975,2.751447e-04,0.009949,1.304169e-04,9.600571e+00,6902,1,0,1,1,0
005_tomato_soup_can,s1_gate_030_005_tomato_soup_can_t14,complete_epi,72,0.880234,0.019064,5.760162e-07,1.711102e-06,498,0.012709,5.153113e-07,0.025419,5.636370e-07,2.824788e-01,703,1,0,1,1,1
005_tomato_soup_can,s1_gate_030_005_tomato_soup_can_t15,complete_epi,72,0.862793,0.018959,6.912650e-07,2.008208e-06,544,0.012639,6.421327e-07,0.025278,6.753713e-07,2.931252e-01,683,1,0,1,1,1
005_tomato_soup_can,s1_gate_030_005_tomato_soup_can_t16,complete_epi,20,0.884473,0.019058,7.975588e-07,1.470465e-06,650,0.012705,8.098050e-07,0.025411,7.939989e-07,4.522382e-01,867,1,0,1,1,1
005_tomato_soup_can,s1_gate_030_005_tomato_soup_can_t17,complete_epi,50,0.867341,0.019051,8.238469e-07,1.671707e-06,715,0.012701,8.041769e-07,0.025402,8.407327e-07,4.711392e-01,851,1,0,1,1,1
005_tomato_soup_can,s1_gate_030_005_tomato_soup_can_t18,complete_epi,26,0.876410,0.018828,7.678601e-07,1.516972e-06,723,0.012552,7.493741e-07,0.025104,7.903238e-07,3.214713e-01,766,1,0,1,1,1
035_power_drill,s1_gate_030_035_power_drill_t0,complete_epi,812,0.744804,0.041747,5.255178e-07,3.253426e-06,658,0.027831,0.000000e+00,0.055663,9.326217e-07,0.000000e+00,154,1,0,1,1,1
035_power_drill,s1_gate_030_035_power_drill_t1,complete_epi,414,0.810242,0.070323,2.096849e-04,1.159708e-03,3785,0.046882,1.040420e-04,0.093764,4.085372e-04,6.354995e-01,202,1,0,1,1,0
035_power_drill,s1_gate_030_035_power_drill_t3,complete_epi,58,0.914188,0.044644,1.924665e-04,1.528727e-03,856,0.029763,1.123079e-04,0.059526,2.728454e-04,2.055796e-01,130,1,0,1,1,1
035_power_drill,s1_gate_030_035_power_drill_t4,complete_epi,52,0.902322,0.043103,6.786459e-05,2.528412e-05,696,0.028736,0.000000e+00,0.057471,1.667929e-04,0.000000e+00,125,1,0,1,1,1
035_power_drill,s1_gate_030_035_power_drill_t5,complete_epi,623,0.799036,0.041925,1.504681e-06,1.296457e-05,624,0.027950,0.000000e+00,0.055900,2.096756e-05,0.000000e+00,160,1,0,1,1,0
035_power_drill,s1_gate_030_035_power_drill_t6,complete_epi,404,0.846707,0.042652,5.546260e-07,3.935751e-06,709,0.028435,0.000000e+00,0.056870,4.253382e-07,0.000000e+00,125,1,0,1,1,0
035_power_drill,s1_gate_030_035_power_drill_t7,complete_epi,783,0.791584,0.043756,1.290043e-04,1.183134e-03,714,0.029170,3.346425e-05,0.058341,1.612084e-04,0.000000e+00,139,1,0,1,1,1
035_power_drill,s1_gate_030_035_power_drill_t8,complete_epi,95,0.963825,0.028989,2.697419e-05,1.705921e-04,1955,0.019326,3.182561e-05,0.038652,2.235818e-05,1.534100e+00,967,1,0,1,1,0
035_power_drill,s1_gate_030_035_power_drill_t9,complete_epi,1640,0.507836,0.061558,5.034044e-05,6.527967e-05,5902,0.041039,7.939253e-06,0.082077,1.116295e-04,3.744284e-01,490,1,0,1,1,0
035_power_drill,s1_gate_030_035_power_drill_t10,complete_epi,218,0.867681,0.048010,1.107493e-04,5.880458e-04,1085,0.032007,7.165919e-05,0.064013,1.930944e-04,4.900676e-01,163,1,0,1,1,0
035_power_drill,s1_gate_030_035_power_drill_t11,complete_epi,28,0.896446,0.041327,1.409684e-06,0.000000e+00,593,0.027551,0.000000e+00,0.055102,4.226984e-06,0.000000e+00,131,1,0,1,1,0
035_power_drill,s1_gate_030_035_power_drill_t12,complete_epi,527,0.785715,0.045597,2.638947e-05,2.098352e-05,3827,0.030398,2.876186e-05,0.060797,2.438068e-05,7.678490e-01,564,1,0,1,1,0
035_power_drill,s1_gate_030_035_power_drill_t14,complete_epi,152,0.886501,0.028430,1.931208e-06,5.693671e-06,1383,0.018953,8.852150e-07,0.037906,2.442278e-06,2.621948e-01,471,1,0,1,1,1
035_power_drill,s1_gate_030_035_power_drill_t15,complete_epi,155,0.868739,0.043231,3.987776e-05,5.065355e-06,676,0.028821,1.428592e-06,0.057641,1.453889e-04,0.000000e+00,110,1,0,1,1,0
035_power_drill,s1_gate_030_035_power_drill_t17,complete_epi,176,0.865769,0.043371,1.575171e-04,9.338523e-04,775,0.028914,5.462988e-05,0.057828,1.775669e-04,1.922399e-01,154,1,0,1,1,1
035_power_drill,s1_gate_030_035_power_drill_t19,complete_epi,63,0.900699,0.047949,1.122074e-04,6.589025e-04,1010,0.031966,1.044158e-04,0.063932,1.676703e-04,3.275465e-01,126,1,0,1,1,1
021_bleach_cleanser,s1_gate_050_021_bleach_cleanser_t0,complete_epi,39,0.921873,0.038889,7.843845e-05,4.658790e-04,868,0.025926,6.709535e-05,0.051852,6.455709e-05,1.554125e-01,151,1,0,1,1,1
021_bleach_cleanser,s1_gate_050_021_bleach_cleanser_t1,complete_epi,75,0.908338,0.039692,1.246090e-05,4.304913e-05,849,0.026462,1.423533e-05,0.052923,1.210312e-05,9.386582e-02,164,1,0,1,1,1
021_bleach_cleanser,s1_gate_050_021_bleach_cleanser_t2,complete_epi,52,0.940521,0.039010,2.491527e-05,1.637525e-04,1185,0.026007,2.936339e-05,0.052013,1.741942e-05,3.951976e-01,219,1,0,1,1,1
021_bleach_cleanser,s1_gate_050_021_bleach_cleanser_t3,complete_epi,651,0.826333,0.039206,3.635764e-05,2.019042e-04,1320,0.026138,7.271558e-05,0.052275,3.771008e-05,5.438550e-02,145,1,0,1,1,1
021_bleach_cleanser,s1_gate_050_021_bleach_cleanser_t4,complete_epi,855,0.813457,0.039503,6.453810e-05,2.863644e-04,895,0.026335,1.233786e-04,0.052671,3.958391e-05,1.918265e-01,143,1,0,1,1,1
021_bleach_cleanser,s1_gate_050_021_bleach_cleanser_t6,complete_epi,401,0.844426,0.039471,1.787552e-05,1.559296e-04,782,0.026314,0.000000e+00,0.052629,3.198217e-05,0.000000e+00,21,1,0,1,1,0
021_bleach_cleanser,s1_gate_050_021_bleach_cleanser_t7,complete_epi,95,0.913949,0.015592,1.589518e-06,5.880238e-06,1725,0.010395,1.488751e-06,0.020790,1.587049e-06,1.251932e-01,540,1,0,1,1,0
021_bleach_cleanser,s1_gate_050_021_bleach_cleanser_t8,complete_epi,152,0.880286,0.040376,9.830719e-06,9.211627e-05,938,0.026917,3.973077e-06,0.053834,1.052227e-05,0.000000e+00,121,1,0,1,1,1
021_bleach_cleanser,s1_gate_050_021_bleach_cleanser_t9,complete_epi,38,0.931765,0.040224,8.455175e-06,5.583287e-05,581,0.026816,0.000000e+00,0.053632,3.620141e-05,0.000000e+00,64,1,0,1,1,0
021_bleach_cleanser,s1_gate_050_021_bleach_cleanser_t10,complete_epi,20,0.905930,0.021701,2.843986e-06,6.700974e-06,1531,0.014468,2.775297e-06,0.028935,2.597391e-06,7.985197e-01,757,1,0,1,1,0
021_bleach_cleanser,s1_gate_050_021_bleach_cleanser_t12,complete_epi,19,0.908053,0.038983,2.676954e-05,2.504695e-04,1043,0.025988,2.917462e-05,0.051977,2.203890e-05,0.000000e+00,135,1,0,1,1,1
021_bleach_cleanser,s1_gate_050_021_bleach_cleanser_t13,complete_epi,206,0.914533,0.040062,1.405330e-05,7.986630e-05,795,0.026708,1.793398e-06,0.053417,2.458915e-05,0.000000e+00,69,1,0,1,1,0
021_bleach_cleanser,s1_gate_050_021_bleach_cleanser_t14,complete_epi,14,0.938310,0.039121,2.140980e-05,1.528126e-04,983,0.026080,2.162833e-05,0.052161,2.712847e-05,4.629442e-02,83,1,0,1,1,1
021_bleach_cleanser,s1_gate_050_021_bleach_cleanser_t15,complete_epi,556,0.860627,0.038969,1.339002e-04,7.243040e-04,1010,0.025979,1.438148e-04,0.051959,5.479213e-05,3.203619e-01,155,1,0,1,1,1
021_bleach_cleanser,s1_gate_050_021_bleach_cleanser_t16,complete_epi,40,0.913052,0.039632,5.485280e-06,1.479763e-05,1542,0.026422,5.355485e-06,0.052843,5.543845e-06,2.926560e-02,121,1,0,1,1,1
021_bleach_cleanser,s1_gate_050_021_bleach_cleanser_t17,complete_epi,8,0.949739,0.021070,3.625513e-04,1.027508e-03,785,0.014047,3.440469e-04,0.028094,2.513584e-04,1.785485e+00,514,1,0,1,1,0
021_bleach_cleanser,s1_gate_050_021_bleach_cleanser_t18,complete_epi,153,0.894327,0.040207,8.335906e-06,4.799706e-05,990,0.026804,3.384077e-06,0.053609,7.475061e-06,0.000000e+00,133,1,0,1,1,1
021_bleach_cleanser,s1_gate_050_021_bleach_cleanser_t19,complete_epi,77,0.892375,0.038793,5.660232e-05,1.910379e-04,1356,0.025862,8.776980e-05,0.051723,3.907046e-05,2.334032e-01,120,1,0,1,1,1
061_foam_brick,s1_gate_050_061_foam_brick_t0,complete_epi,1199,0.828731,0.016198,3.029856e-06,1.462198e-05,719,0.010799,4.389224e-06,0.021597,2.403689e-06,8.210828e-01,1095,1,0,1,1,1
061_foam_brick,s1_gate_050_061_foam_brick_t1,complete_epi,1294,0.699816,0.017277,4.011785e-06,1.910515e-05,755,0.011518,3.195718e-06,0.023036,4.871886e-06,1.455396e+00,1490,1,0,1,1,1
061_foam_brick,s1_gate_050_061_foam_brick_t2,complete_epi,656,0.924223,0.017379,5.860210e-07,1.390176e-06,1218,0.011586,7.198815e-07,0.023172,5.505815e-07,1.134685e+00,1739,1,0,1,1,1
061_foam_brick,s1_gate_050_061_foam_brick_t3,complete_epi,356,0.911926,0.016984,1.585029e-06,8.994743e-06,1469,0.011322,4.351983e-07,0.022645,2.910431e-06,2.194754e+00,1790,1,0,1,1,1
061_foam_brick,s1_gate_050_061_foam_brick_t4,complete_epi,1135,0.746823,0.016663,4.296755e-06,1.747501e-05,824,0.011108,4.901453e-06,0.022217,5.763587e-06,8.972973e-01,1004,1,0,1,1,1
061_foam_brick,s1_gate_050_061_foam_brick_t5,complete_epi,2,0.976368,0.016455,1.839709e-06,4.662433e-06,417,0.010970,1.302117e-06,0.021940,1.138784e-05,1.396200e+00,1070,1,0,1,1,1
061_foam_brick,s1_gate_050_061_foam_brick_t6,complete_epi,1046,0.719876,0.017338,1.466044e-06,7.791166e-06,1125,0.011558,5.690272e-07,0.023117,2.682724e-06,1.682488e+00,1432,1,0,1,1,1
061_foam_brick,s1_gate_050_061_foam_brick_t7,complete_epi,993,0.807293,0.017382,4.542755e-06,1.733326e-05,498,0.011588,4.719230e-06,0.023177,8.313065e-06,1.574930e+00,927,1,0,1,1,1
061_foam_brick,s1_gate_050_061_foam_brick_t8,complete_epi,367,0.910423,0.017035,4.204658e-07,7.051595e-07,1062,0.011357,4.225421e-07,0.022713,4.290678e-07,1.046201e+00,1910,1,0,1,1,1
061_foam_brick,s1_gate_050_061_foam_brick_t9,complete_epi,369,0.907749,0.016209,6.736264e-06,2.558974e-06,508,0.010806,1.122772e-06,0.021612,1.893919e-05,1.484880e+00,1171,1,0,1,1,1
061_foam_brick,s1_gate_050_061_foam_brick_t10,complete_epi,30,0.950857,0.017338,2.399699e-06,6.178376e-06,1638,0.011559,2.522648e-06,0.023117,4.260876e-06,1.973812e+00,2212,1,0,1,1,1
061_foam_brick,s1_gate_050_061_foam_brick_t11,complete_epi,72,0.916542,0.016791,2.139608e-06,6.310899e-06,1597,0.011194,1.346688e-06,0.022388,2.658152e-06,1.855271e+00,1907,1,0,1,1,1
061_foam_brick,s1_gate_050_061_foam_brick_t12,complete_epi,590,0.911110,0.016938,2.799479e-06,7.913669e-06,999,0.011292,6.305177e-06,0.022584,7.297269e-06,1.718680e+00,1639,1,0,1,1,1
061_foam_brick,s1_gate_050_061_foam_brick_t13,complete_epi,0,0.959365,0.015903,1.924811e-06,7.874515e-06,776,0.010602,1.955809e-06,0.021205,9.084065e-06,6.167509e-01,843,1,0,1,1,1
061_foam_brick,s1_gate_050_061_foam_brick_t14,complete_epi,1335,0.719682,0.016182,3.030233e-06,1.159983e-05,660,0.010788,1.961924e-06,0.021576,3.197556e-06,1.094126e+00,1120,1,0,1,1,1
061_foam_brick,s1_gate_050_061_foam_brick_t15,complete_epi,31,0.931904,0.016167,1.224677e-06,5.124701e-06,756,0.010778,3.229373e-06,0.021555,2.513289e-05,1.392898e+00,980,1,0,1,1,1
061_foam_brick,s1_gate_050_061_foam_brick_t16,complete_epi,314,0.950148,0.017451,3.627693e-05,1.196003e-04,729,0.011634,1.444574e-05,0.023269,3.801488e-05,2.001566e+00,1082,1,0,1,1,1
061_foam_brick,s1_gate_050_061_foam_brick_t17,complete_epi,1351,0.502832,0.015861,3.077630e-05,1.164021e-04,561,0.010574,7.315583e-05,0.021148,2.339535e-05,1.452938e+00,1220,1,0,1,1,1
061_foam_brick,s1_gate_050_061_foam_brick_t18,complete_epi,326,0.913326,0.016848,4.597860e-07,6.818544e-07,1244,0.011232,4.193400e-07,0.022464,7.167211e-07,1.547989e+00,1909,1,0,1,1,1
061_foam_brick,s1_gate_050_061_foam_brick_t19,complete_epi,10,0.958702,0.017190,7.945650e-07,1.756177e-06,1244,0.011460,7.171599e-07,0.022920,1.088900e-06,1.609404e+00,2044,1,0,1,1,0
010_potted_meat_can,s1_gate_070_010_potted_meat_can_t0,complete_epi,194,0.773538,0.021428,1.763632e-06,2.498428e-06,1126,0.014286,1.205467e-06,0.028571,2.985736e-06,7.210199e-01,872,1,0,1,1,0
010_potted_meat_can,s1_gate_070_010_potted_meat_can_t1,complete_epi,53,0.816435,0.021166,2.177944e-06,2.066599e-06,775,0.014111,1.258790e-06,0.028221,2.704467e-06,8.730665e-01,969,1,0,1,1,1
010_potted_meat_can,s1_gate_070_010_potted_meat_can_t3,complete_epi,32,0.847980,0.020963,1.086374e-06,2.206352e-06,670,0.013975,8.216725e-07,0.027951,1.282034e-06,5.407231e-01,765,1,0,1,1,1
010_potted_meat_can,s1_gate_070_010_potted_meat_can_t4,complete_epi,145,0.782340,0.020854,2.616534e-06,4.197581e-06,503,0.013903,2.755964e-06,0.027805,4.529589e-06,4.946512e-01,468,1,0,1,1,0
010_potted_meat_can,s1_gate_070_010_potted_meat_can_t5,complete_epi,390,0.762108,0.021571,1.345435e-06,2.411150e-06,871,0.014381,1.197536e-06,0.028761,9.438763e-06,5.045828e-01,657,1,0,1,1,1
010_potted_meat_can,s1_gate_070_010_potted_meat_can_t6,complete_epi,48,0.809213,0.026070,3.016275e-06,4.631114e-06,1364,0.017380,2.230014e-06,0.034760,5.004843e-06,4.522378e-01,566,1,0,1,1,0
010_potted_meat_can,s1_gate_070_010_potted_meat_can_t7,complete_epi,26,0.822839,0.021105,1.156304e-06,3.029868e-06,1060,0.014070,1.269991e-06,0.028140,2.126997e-06,6.359199e-01,798,1,0,1,1,0
010_potted_meat_can,s1_gate_070_010_potted_meat_can_t8,complete_epi,22,0.918380,0.020144,8.117171e-07,2.578458e-06,636,0.013430,7.102408e-07,0.026859,7.861316e-07,3.120298e-01,632,1,0,1,1,1
010_potted_meat_can,s1_gate_070_010_potted_meat_can_t9,complete_epi,1,0.922604,0.068923,2.022839e-05,7.325244e-05,2802,0.045949,2.351076e-05,0.091897,2.047849e-05,3.460167e-01,80,1,0,1,1,0
010_potted_meat_can,s1_gate_070_010_potted_meat_can_t10,complete_epi,37,0.847181,0.020896,1.368553e-06,5.076489e-06,981,0.013931,1.241873e-06,0.027862,1.566191e-06,5.029589e-01,711,1,0,1,1,0
010_potted_meat_can,s1_gate_070_010_potted_meat_can_t11,complete_epi,96,0.866751,0.020639,1.245691e-06,3.423765e-06,681,0.013759,9.873633e-07,0.027519,1.253345e-06,4.819607e-01,706,1,0,1,1,0
010_potted_meat_can,s1_gate_070_010_potted_meat_can_t12,complete_epi,72,0.915239,0.019939,8.599106e-07,2.377610e-06,711,0.013293,9.669850e-07,0.026586,7.711740e-07,3.877948e-01,729,1,0,1,1,1
010_potted_meat_can,s1_gate_070_010_potted_meat_can_t13,complete_epi,1,0.932008,0.021530,9.383171e-07,2.892291e-06,650,0.014353,5.468020e-07,0.028707,9.749747e-07,4.360554e-01,671,1,0,1,1,1
010_potted_meat_can,s1_gate_070_010_potted_meat_can_t14,complete_epi,210,0.784097,0.021099,2.274536e-06,2.776186e-06,680,0.014066,1.474032e-06,0.028132,3.414831e-06,4.943106e-01,729,1,0,1,1,1
010_potted_meat_can,s1_gate_070_010_potted_meat_can_t15,complete_epi,0,0.918507,0.021059,6.278106e-07,2.132261e-06,443,0.014039,4.920758e-07,0.028078,1.031845e-05,3.081164e-01,570,1,0,1,1,1
010_potted_meat_can,s1_gate_070_010_potted_meat_can_t16,complete_epi,22,0.856745,0.027989,7.703822e-06,3.165002e-05,1349,0.018659,5.280913e-06,0.037318,1.250150e-05,6.541238e-01,762,1,0,1,1,1
010_potted_meat_can,s1_gate_070_010_potted_meat_can_t17,complete_epi,65,0.849501,0.020640,2.620403e-06,1.131240e-05,524,0.013760,8.099072e-07,0.027519,4.607838e-06,1.412299e-01,292,1,0,1,1,1
010_potted_meat_can,s1_gate_070_010_potted_meat_can_t18,complete_epi,403,0.885924,0.019828,7.736426e-07,2.448997e-06,544,0.013219,7.648788e-07,0.026437,7.427637e-07,1.484631e-01,461,1,0,1,1,1
010_potted_meat_can,s1_gate_070_010_potted_meat_can_t19,complete_epi,209,0.927965,0.020846,8.362601e-07,2.273241e-06,740,0.013897,8.638306e-07,0.027794,8.884888e-07,4.581629e-01,727,1,0,1,1,1
005_tomato_soup_can,s2_gate_off_005_tomato_soup_can_t0,complete_only,77,0.862668,0.018947,7.611710e-07,1.386790e-06,702,0.012632,7.195047e-07,0.025263,7.823527e-07,4.389210e-01,857,1,0,1,1,0
005_tomato_soup_can,s2_gate_off_005_tomato_soup_can_t1,complete_only,27,0.896462,0.018785,6.451922e-07,2.460418e-06,428,0.012523,4.756773e-07,0.025047,7.483416e-07,2.449215e-01,651,1,0,1,1,1
005_tomato_soup_can,s2_gate_off_005_tomato_soup_can_t2,complete_only,30,0.873086,0.018982,7.903951e-07,1.656560e-06,665,0.012655,7.644278e-07,0.025309,8.007738e-07,5.169480e-01,945,1,0,1,1,1
005_tomato_soup_can,s2_gate_off_005_tomato_soup_can_t3,complete_only,60,0.876488,0.019144,6.709578e-07,1.348831e-06,677,0.012763,6.243635e-07,0.025526,6.748185e-07,2.811552e-01,741,1,0,1,1,1
005_tomato_soup_can,s2_gate_off_005_tomato_soup_can_t4,complete_only,14,0.888684,0.018715,5.705149e-07,1.781290e-06,450,0.012477,3.074963e-07,0.024954,6.868233e-07,2.601321e-01,690,1,0,1,1,1
005_tomato_soup_can,s2_gate_off_005_tomato_soup_can_t5,complete_only,44,0.877673,0.019024,7.730504e-07,1.669149e-06,680,0.012683,7.621766e-07,0.025365,7.914050e-07,4.362866e-01,852,1,0,1,1,1
005_tomato_soup_can,s2_gate_off_005_tomato_soup_can_t6,complete_only,26,0.884839,0.019036,7.759560e-07,1.591436e-06,708,0.012691,7.121359e-07,0.025381,7.972259e-07,4.188048e-01,856,1,0,1,1,0
005_tomato_soup_can,s2_gate_off_005_tomato_soup_can_t7,complete_only,48,0.871376,0.018866,7.709319e-07,1.531447e-06,700,0.012578,7.302276e-07,0.025155,7.725436e-07,4.506624e-01,878,1,0,1,1,0
005_tomato_soup_can,s2_gate_off_005_tomato_soup_can_t8,complete_only,31,0.885934,0.018658,4.954147e-07,1.675863e-06,462,0.012438,4.864133e-07,0.024877,4.881570e-07,2.275631e-01,669,1,0,1,1,1
005_tomato_soup_can,s2_gate_off_005_tomato_soup_can_t9,complete_only,53,0.867864,0.018920,7.024423e-07,1.550085e-06,603,0.012613,6.674243e-07,0.025226,7.503741e-07,2.653263e-01,688,1,0,1,1,1
005_tomato_soup_can,s2_gate_off_005_tomato_soup_can_t11,complete_only,6,0.894334,0.019044,8.304563e-07,1.558369e-06,654,0.012696,8.090233e-07,0.025392,8.340002e-07,4.215298e-01,831,1,0,1,1,1
005_tomato_soup_can,s2_gate_off_005_tomato_soup_can_t12,complete_only,11,0.886390,0.018709,6.341291e-07,1.771685e-06,449,0.012472,4.463341e-07,0.024945,6.918049e-07,3.014731e-01,698,1,0,1,1,0
005_tomato_soup_can,s2_gate_off_005_tomato_soup_can_t13,complete_only,61,0.877869,0.019073,7.732834e-07,1.405817e-06,670,0.012715,7.499626e-07,0.025431,7.849287e-07,4.813048e-01,922,1,0,1,1,1
005_tomato_soup_can,s2_gate_off_005_tomato_soup_can_t14,complete_only,24,0.892024,0.018575,5.658881e-07,1.984700e-06,422,0.012383,3.616437e-07,0.024766,7.027401e-07,2.250213e-01,651,1,0,1,1,1
005_tomato_soup_can,s2_gate_off_005_tomato_soup_can_t15,complete_only,45,0.865958,0.019074,7.181936e-07,1.565296e-06,591,0.012716,6.607686e-07,0.025432,7.350462e-07,3.457326e-01,787,1,0,1,1,1
005_tomato_soup_can,s2_gate_off_005_tomato_soup_can_t16,complete_only,14,0.893069,0.019007,6.306456e-07,1.573072e-06,533,0.012671,5.889584e-07,0.025343,6.122814e-07,2.971250e-01,721,1,0,1,1,0
005_tomato_soup_can,s2_gate_off_005_tomato_soup_can_t17,complete_only,82,0.870181,0.019174,8.616180e-07,1.650036e-06,477,0.012783,9.204315e-07,0.025566,7.355609e-07,2.891440e-01,692,1,0,1,1,1
005_tomato_soup_can,s2_gate_off_005_tomato_soup_can_t18,complete_only,6,0.930779,0.018689,2.328713e-06,7.639943e-06,607,0.012459,2.593291e-06,0.024919,2.137126e-06,3.829380e-01,791,1,0,1,1,1
005_tomato_soup_can,s2_gate_off_005_tomato_soup_can_t19,complete_only,37,0.866455,0.019064,7.561554e-07,1.467657e-06,659,0.012710,7.265890e-07,0.025419,8.085758e-07,5.040847e-01,879,1,0,1,1,1
035_power_drill,s2_gate_off_035_power_drill_t0,complete_only,249,0.868810,0.039149,4.943191e-06,2.773454e-05,1346,0.026099,4.125695e-06,0.052199,6.141972e-06,2.794241e-02,208,1,0,1,1,0
035_power_drill,s2_gate_off_035_power_drill_t1,complete_only,527,0.810723,0.040630,1.820091e-06,1.102522e-05,766,0.027086,2.192817e-07,0.054173,2.531870e-06,0.000000e+00,147,1,0,1,1,0
035_power_drill,s2_gate_off_035_power_drill_t2,complete_only,183,0.875052,0.041665,2.470735e-05,1.921221e-04,1926,0.027776,2.209345e-05,0.055553,4.063482e-05,4.147273e-01,322,1,0,1,1,1
035_power_drill,s2_gate_off_035_power_drill_t3,complete_only,15,0.901304,0.043423,1.573506e-05,0.000000e+00,620,0.028948,0.000000e+00,0.057897,8.156937e-05,0.000000e+00,119,1,0,1,1,1
035_power_drill,s2_gate_off_035_power_drill_t5,complete_only,13,0.925243,0.040580,6.045606e-06,1.513693e-05,1159,0.027054,3.109713e-06,0.054107,1.920861e-05,0.000000e+00,148,1,0,1,1,0
035_power_drill,s2_gate_off_035_power_drill_t6,complete_only,25,0.926433,0.041730,6.781606e-06,0.000000e+00,644,0.027820,2.675284e-06,0.055640,1.481615e-05,0.000000e+00,126,1,0,1,1,1
035_power_drill,s2_gate_off_035_power_drill_t7,complete_only,84,0.906328,0.046664,1.485232e-04,8.799098e-04,901,0.031110,1.333059e-04,0.062219,1.568172e-04,4.502507e-01,142,1,0,1,1,1
035_power_drill,s2_gate_off_035_power_drill_t8,complete_only,390,0.837048,0.040741,2.073290e-06,8.586514e-06,727,0.027161,0.000000e+00,0.054322,2.232031e-06,0.000000e+00,76,1,0,1,1,0
035_power_drill,s2_gate_off_035_power_drill_t9,complete_only,0,0.971714,0.017921,3.029239e-05,1.497851e-04,1234,0.011947,2.180566e-05,0.023894,3.193140e-05,1.585519e+00,1518,1,0,1,1,0
035_power_drill,s2_gate_off_035_power_drill_t10,complete_only,462,0.803379,0.042882,2.096063e-04,7.799435e-04,627,0.028588,2.366948e-04,0.057176,3.159794e-04,2.035291e-01,127,1,0,1,1,1
035_power_drill,s2_gate_off_035_power_drill_t11,complete_only,988,0.659008,0.033918,2.325267e-04,1.246764e-03,841,0.022612,3.774160e-04,0.045224,1.747044e-04,1.022013e+00,286,1,0,1,1,0
035_power_drill,s2_gate_off_035_power_drill_t12,complete_only,140,0.960625,0.028705,2.448000e-05,8.342403e-05,1946,0.019137,2.061732e-05,0.038274,1.822127e-05,1.868650e+00,1095,1,0,1,1,0
035_power_drill,s2_gate_off_035_power_drill_t13,complete_only,303,0.864084,0.054579,3.307567e-05,1.370593e-04,1471,0.036386,2.715664e-05,0.072772,6.496785e-05,1.096038e-02,115,1,0,1,1,0
035_power_drill,s2_gate_off_035_power_drill_t14,complete_only,272,0.840196,0.039700,9.394783e-06,1.712847e-05,1545,0.026467,5.787224e-06,0.052934,2.871615e-05,2.701711e-01,331,1,0,1,1,1
035_power_drill,s2_gate_off_035_power_drill_t15,complete_only,205,0.882369,0.019030,4.578365e-06,1.677976e-05,931,0.012687,8.387566e-06,0.025374,3.953817e-06,1.070687e+00,1513,1,0,1,1,0
035_power_drill,s2_gate_off_035_power_drill_t16,complete_only,19,0.972602,0.017492,8.144064e-05,3.024248e-04,556,0.011661,9.185196e-05,0.023323,8.415857e-05,2.110770e+00,2038,1,0,1,1,0
035_power_drill,s2_gate_off_035_power_drill_t17,complete_only,467,0.804963,0.042479,2.249841e-04,7.707410e-04,715,0.028320,2.187800e-04,0.056639,2.991676e-04,4.140644e-01,146,1,0,1,1,1
035_power_drill,s2_gate_off_035_power_drill_t18,complete_only,88,0.911762,0.026028,2.776589e-05,7.416455e-05,4796,0.017352,3.482591e-05,0.034704,3.874674e-05,9.391390e-01,917,1,0,1,1,0
035_power_drill,s2_gate_off_035_power_drill_t19,complete_only,209,0.869158,0.045521,1.411014e-04,7.306569e-04,1223,0.030348,1.241880e-04,0.060695,2.105473e-04,3.622896e-01,138,1,0,1,1,1
021_bleach_cleanser,s2_gate_010_021_bleach_cleanser_t0,complete_epi,3,0.926302,0.039332,3.128860e-05,2.336936e-04,701,0.026221,3.403453e-05,0.052442,2.733484e-05,0.000000e+00,112,1,0,1,1,1
021_bleach_cleanser,s2_gate_010_021_bleach_cleanser_t2,complete_epi,1,0.887782,0.022316,9.760440e-05,2.091283e-04,1099,0.014878,1.037772e-04,0.029755,8.143124e-05,1.322465e+00,238,1,0,1,1,0
021_bleach_cleanser,s2_gate_010_021_bleach_cleanser_t3,complete_epi,1189,0.250950,0.051794,7.013179e-05,2.434662e-04,1456,0.034530,9.056290e-05,0.069059,5.464985e-05,1.742093e-01,19,1,0,1,1,0
021_bleach_cleanser,s2_gate_010_021_bleach_cleanser_t4,complete_epi,32,0.943052,0.038862,4.740438e-05,3.831453e-04,859,0.025908,5.832594e-05,0.051816,3.424830e-05,8.100172e-02,126,1,0,1,1,1
021_bleach_cleanser,s2_gate_010_021_bleach_cleanser_t5,complete_epi,69,0.931078,0.040144,6.051902e-05,3.642836e-04,942,0.026763,2.823513e-05,0.053525,5.246791e-05,0.000000e+00,69,1,0,1,1,0
021_bleach_cleanser,s2_gate_010_021_bleach_cleanser_t6,complete_epi,13,0.912997,0.038926,2.487188e-05,6.179700e-05,952,0.025951,2.459290e-05,0.051902,1.614034e-05,1.117803e-01,150,1,0,1,1,1
021_bleach_cleanser,s2_gate_010_021_bleach_cleanser_t7,complete_epi,6,0.920117,0.019990,1.851224e-05,3.539381e-05,1205,0.013326,1.996014e-05,0.026653,1.724876e-05,1.030712e+00,501,1,0,1,1,0
021_bleach_cleanser,s2_gate_010_021_bleach_cleanser_t8,complete_epi,44,0.928179,0.038743,7.411017e-05,4.273330e-04,511,0.025828,7.013665e-05,0.051657,4.925776e-05,1.698530e-01,134,1,0,1,1,1
021_bleach_cleanser,s2_gate_010_021_bleach_cleanser_t9,complete_epi,3,0.948087,0.014299,8.665900e-07,2.201915e-06,1389,0.009532,8.215749e-07,0.019065,8.848387e-07,3.121700e-02,434,1,0,1,1,0
021_bleach_cleanser,s2_gate_010_021_bleach_cleanser_t10,complete_epi,396,0.884996,0.039978,1.578381e-04,8.436778e-04,1137,0.026652,2.357312e-04,0.053304,7.314657e-05,2.779486e-01,134,1,0,1,1,1
021_bleach_cleanser,s2_gate_010_021_bleach_cleanser_t11,complete_epi,453,0.873990,0.040334,9.504731e-05,3.919324e-04,1262,0.026890,9.378844e-05,0.053779,5.701220e-05,2.164722e-01,134,1,0,1,1,1
021_bleach_cleanser,s2_gate_010_021_bleach_cleanser_t12,complete_epi,96,0.903850,0.040439,1.142735e-05,1.001986e-04,929,0.026959,1.393395e-05,0.053918,1.070640e-05,0.000000e+00,138,1,0,1,1,1
021_bleach_cleanser,s2_gate_010_021_bleach_cleanser_t13,complete_epi,957,0.769422,0.039812,4.197155e-05,1.856907e-04,944,0.026541,7.916927e-05,0.053082,2.833188e-05,2.310763e-01,162,1,0,1,1,1
021_bleach_cleanser,s2_gate_010_021_bleach_cleanser_t14,complete_epi,33,0.932766,0.038885,4.531236e-05,4.020077e-04,841,0.025923,5.640926e-05,0.051847,2.797802e-05,1.675452e-01,162,1,0,1,1,1
021_bleach_cleanser,s2_gate_010_021_bleach_cleanser_t15,complete_epi,231,0.794608,0.039068,4.681412e-06,8.980648e-06,1447,0.026045,5.108562e-06,0.052091,3.731313e-06,1.588953e-01,282,1,0,1,1,1
021_bleach_cleanser,s2_gate_010_021_bleach_cleanser_t16,complete_epi,130,0.775418,0.040461,6.564542e-06,2.527608e-05,1781,0.026974,7.592232e-06,0.053948,5.403706e-06,2.892178e-01,340,1,0,1,1,1
021_bleach_cleanser,s2_gate_010_021_bleach_cleanser_t18,complete_epi,279,0.886459,0.039673,2.888346e-05,1.158827e-04,953,0.026449,3.042011e-05,0.052898,2.186869e-05,1.149477e-01,121,1,0,1,1,0
021_bleach_cleanser,s2_gate_010_021_bleach_cleanser_t19,complete_epi,38,0.948992,0.023659,2.558805e-05,1.041432e-04,1561,0.015773,4.780045e-05,0.031546,1.391365e-05,1.055223e+00,432,1,0,1,1,0
061_foam_brick,s2_gate_010_061_foam_brick_t0,complete_epi,317,0.936909,0.017153,1.253901e-05,8.705317e-07,532,0.011435,8.917883e-05,0.022871,1.034199e-05,1.267106e+00,1534,1,0,1,1,0
061_foam_brick,s2_gate_010_061_foam_brick_t1,complete_epi,415,0.955599,0.016693,5.391040e-06,2.509329e-05,617,0.011129,7.018429e-06,0.022257,9.347270e-06,8.517397e-01,872,1,0,1,1,1
061_foam_brick,s2_gate_010_061_foam_brick_t2,complete_epi,157,0.965366,0.017963,1.465894e-06,6.801138e-06,900,0.011976,2.164490e-06,0.023951,8.258632e-06,1.421800e+00,1345,1,0,1,1,1
061_foam_brick,s2_gate_010_061_foam_brick_t3,complete_epi,1309,0.526758,0.016478,9.740865e-06,4.490479e-05,756,0.010985,1.169437e-05,0.021970,1.091256e-05,1.272326e+00,1212,1,0,1,1,1
061_foam_brick,s2_gate_010_061_foam_brick_t4,complete_epi,786,0.895965,0.016411,2.504511e-06,3.069547e-06,677,0.010941,1.451644e-06,0.021881,4.657660e-06,1.014132e+00,1233,1,0,1,1,1
061_foam_brick,s2_gate_010_061_foam_brick_t5,complete_epi,0,0.976049,0.016255,1.757914e-06,6.067711e-06,324,0.010837,2.098917e-06,0.021674,8.652350e-06,1.426806e+00,959,1,0,1,1,1
061_foam_brick,s2_gate_010_061_foam_brick_t6,complete_epi,41,0.956639,0.017227,4.756501e-06,1.746306e-05,1011,0.011485,1.730072e-05,0.022969,4.994275e-06,1.631681e+00,2202,1,0,1,1,1
061_foam_brick,s2_gate_010_061_foam_brick_t7,complete_epi,31,0.955692,0.017007,7.984625e-07,1.433665e-06,1371,0.011338,7.210504e-07,0.022676,5.669985e-06,1.526178e+00,1962,1,0,1,1,1
061_foam_brick,s2_gate_010_061_foam_brick_t8,complete_epi,184,0.963885,0.016613,2.359934e-06,1.021349e-05,750,0.011076,2.590979e-06,0.022151,1.493857e-05,9.534415e-01,1232,1,0,1,1,1
061_foam_brick,s2_gate_010_061_foam_brick_t9,complete_epi,686,0.898309,0.016800,1.272432e-06,2.024842e-06,1034,0.011200,1.396123e-06,0.022401,1.848413e-06,8.697038e-01,1421,1,0,1,1,0
061_foam_brick,s2_gate_010_061_foam_brick_t10,complete_epi,976,0.787803,0.016056,2.637984e-05,1.248490e-04,713,0.010704,5.508820e-05,0.021407,2.670763e-05,9.007199e-01,801,1,0,1,1,1
061_foam_brick,s2_gate_010_061_foam_brick_t11,complete_epi,1162,0.776681,0.015841,3.638789e-05,8.803052e-05,729,0.010561,4.756435e-05,0.021121,2.991145e-05,8.945171e-01,991,1,0,1,1,1
061_foam_brick,s2_gate_010_061_foam_brick_t12,complete_epi,506,0.898882,0.016964,4.193116e-07,7.544588e-07,1021,0.011310,4.871061e-07,0.022619,3.892818e-07,8.514683e-01,1695,1,0,1,1,1
061_foam_brick,s2_gate_010_061_foam_brick_t13,complete_epi,1182,0.724968,0.016465,2.506544e-05,5.703888e-05,678,0.010976,2.367674e-05,0.021953,2.240170e-05,1.177226e+00,1274,1,0,1,1,1
061_foam_brick,s2_gate_010_061_foam_brick_t14,complete_epi,105,0.971654,0.017210,1.124245e-05,1.379887e-05,1107,0.011474,2.139559e-06,0.022947,1.520402e-05,1.366186e+00,1006,1,0,1,1,1
061_foam_brick,s2_gate_010_061_foam_brick_t15,complete_epi,825,0.883302,0.016886,9.265209e-06,4.887800e-05,985,0.011257,5.916218e-06,0.022514,9.390697e-06,1.548767e+00,2048,1,0,1,1,1
061_foam_brick,s2_gate_010_061_foam_brick_t16,complete_epi,759,0.906193,0.017865,8.150278e-06,2.454205e-06,1419,0.011910,2.744225e-06,0.023820,1.097645e-05,1.155727e+00,1596,1,0,1,1,1
061_foam_brick,s2_gate_010_061_foam_brick_t17,complete_epi,430,0.883094,0.016479,1.074464e-05,3.447777e-05,914,0.010986,1.521434e-05,0.021972,2.469838e-05,1.798299e+00,1036,1,0,1,1,1
061_foam_brick,s2_gate_010_061_foam_brick_t18,complete_epi,1142,0.780145,0.016704,5.701668e-06,2.154028e-05,529,0.011136,4.352500e-06,0.022271,6.752003e-06,1.600414e+00,1140,1,0,1,1,1
061_foam_brick,s2_gate_010_061_foam_brick_t19,complete_epi,23,0.934518,0.017615,1.554400e-06,1.192280e-06,1469,0.011744,8.078262e-07,0.023487,3.105751e-06,1.651716e+00,1910,1,0,1,1,1
010_potted_meat_can,s2_gate_020_010_potted_meat_can_t0,complete_epi,0,0.926253,0.020054,1.600233e-06,4.933030e-06,720,0.013369,1.676758e-06,0.026738,1.534711e-06,4.118188e-01,669,1,0,1,1,1
010_potted_meat_can,s2_gate_020_010_potted_meat_can_t1,complete_epi,43,0.874159,0.021182,1.084237e-05,1.015881e-04,663,0.014121,1.394582e-05,0.028242,8.386812e-06,3.621987e-01,543,1,0,1,1,1
010_potted_meat_can,s2_gate_020_010_potted_meat_can_t2,complete_epi,10,0.832451,0.020461,2.283759e-06,4.688480e-06,703,0.013640,1.913721e-06,0.027281,2.102257e-06,4.364020e-01,642,1,0,1,1,1
010_potted_meat_can,s2_gate_020_010_potted_meat_can_t3,complete_epi,195,0.779074,0.020948,2.058702e-06,3.668948e-06,690,0.013965,2.249112e-06,0.027931,3.834310e-06,5.275639e-01,512,1,0,1,1,1
010_potted_meat_can,s2_gate_020_010_potted_meat_can_t4,complete_epi,108,0.819211,0.020672,1.818889e-05,9.211642e-05,705,0.013781,2.048411e-05,0.027562,1.690102e-05,5.101047e-01,679,1,0,1,1,1
010_potted_meat_can,s2_gate_020_010_potted_meat_can_t5,complete_epi,0,0.936273,0.020857,6.522304e-07,2.102293e-06,595,0.013905,5.422366e-07,0.027810,2.366827e-05,4.054296e-01,678,1,0,1,1,1
010_potted_meat_can,s2_gate_020_010_potted_meat_can_t6,complete_epi,2,0.910793,0.020717,9.785544e-07,2.922596e-06,760,0.013812,9.453074e-07,0.027623,1.011796e-06,3.233092e-01,574,1,0,1,1,1
010_potted_meat_can,s2_gate_020_010_potted_meat_can_t7,complete_epi,86,0.911569,0.020578,1.177167e-06,2.616172e-06,787,0.013718,1.117508e-06,0.027437,1.256421e-06,5.141270e-01,678,1,0,1,1,1
010_potted_meat_can,s2_gate_020_010_potted_meat_can_t8,complete_epi,28,0.816374,0.021547,2.607277e-05,3.949104e-06,622,0.014365,1.836538e-05,0.028730,2.209798e-05,5.673476e-01,619,1,0,1,1,1
010_potted_meat_can,s2_gate_020_010_potted_meat_can_t9,complete_epi,189,0.908766,0.020147,9.616024e-07,3.264661e-06,724,0.013432,1.120391e-06,0.026863,8.778512e-07,3.751018e-01,683,1,0,1,1,1
010_potted_meat_can,s2_gate_020_010_potted_meat_can_t10,complete_epi,1,0.917752,0.020841,1.560154e-06,6.257834e-06,803,0.013894,1.507218e-06,0.027787,1.587263e-06,5.706956e-01,679,1,0,1,1,0
010_potted_meat_can,s2_gate_020_010_potted_meat_can_t11,complete_epi,225,0.789228,0.020800,1.887173e-05,6.028964e-05,474,0.013867,6.177371e-06,0.027733,2.135710e-05,2.222993e-01,405,1,0,1,1,1
010_potted_meat_can,s2_gate_020_010_potted_meat_can_t12,complete_epi,33,0.904057,0.019798,3.256056e-06,2.176159e-05,730,0.013198,4.934493e-06,0.026397,2.785892e-06,4.393360e-01,642,1,0,1,1,1
010_potted_meat_can,s2_gate_020_010_potted_meat_can_t13,complete_epi,115,0.831175,0.021053,2.849169e-06,3.390731e-06,664,0.014035,2.394219e-06,0.028070,3.830553e-06,7.183923e-01,797,1,0,1,1,1
010_potted_meat_can,s2_gate_020_010_potted_meat_can_t14,complete_epi,845,0.631131,0.033357,2.017313e-05,3.049667e-05,5166,0.022238,1.299541e-05,0.044477,3.401435e-05,5.115748e+00,2499,1,0,1,1,0
010_potted_meat_can,s2_gate_020_010_potted_meat_can_t15,complete_epi,0,0.907490,0.020397,2.922774e-06,9.309705e-06,625,0.013598,3.983143e-06,0.027196,2.610670e-06,4.722550e-01,678,1,0,1,1,1
010_potted_meat_can,s2_gate_020_010_potted_meat_can_t16,complete_epi,0,0.897189,0.019686,8.052234e-07,1.511440e-06,686,0.013124,7.999854e-07,0.026248,7.497889e-07,0.000000e+00,16,1,0,1,1,0
010_potted_meat_can,s2_gate_020_010_potted_meat_can_t17,complete_epi,0,0.922873,0.021115,6.022070e-06,3.344752e-06,595,0.014077,1.251505e-06,0.028153,1.214574e-05,2.722283e-01,528,1,0,1,1,1
010_potted_meat_can,s2_gate_020_010_potted_meat_can_t18,complete_epi,109,0.767188,0.021040,8.181006e-07,1.660578e-06,961,0.014027,5.961331e-07,0.028053,9.439361e-07,1.248813e-01,276,1,0,1,1,0
010_potted_meat_can,s2_gate_020_010_potted_meat_can_t19,complete_epi,0,0.929320,0.020806,1.063524e-06,2.388971e-06,819,0.013871,1.091252e-06,0.027742,1.011576e-06,5.552902e-01,792,1,0,1,1,1
005_tomato_soup_can,s2_gate_030_005_tomato_soup_can_t0,complete_epi,86,0.859186,0.018947,7.611710e-07,1.386790e-06,702,0.012632,7.195047e-07,0.025263,7.823527e-07,5.172102e-01,955,1,0,1,1,0
005_tomato_soup_can,s2_gate_030_005_tomato_soup_can_t1,complete_epi,31,0.892848,0.018783,6.608671e-07,1.843089e-06,566,0.012522,6.657240e-07,0.025045,7.001952e-07,3.646573e-01,763,1,0,1,1,1
005_tomato_soup_can,s2_gate_030_005_tomato_soup_can_t3,complete_epi,36,0.878699,0.019134,6.491111e-07,1.304779e-06,595,0.012756,6.249924e-07,0.025512,6.703643e-07,2.841077e-01,747,1,0,1,1,1
005_tomato_soup_can,s2_gate_030_005_tomato_soup_can_t4,complete_epi,8,0.886219,0.018722,7.101543e-07,1.460513e-06,625,0.012481,6.487613e-07,0.024963,7.400581e-07,3.956753e-01,868,1,0,1,1,1
005_tomato_soup_can,s2_gate_030_005_tomato_soup_can_t5,complete_epi,25,0.872525,0.019016,6.411972e-07,1.396196e-06,617,0.012677,6.090922e-07,0.025354,6.658599e-07,3.304236e-01,781,1,0,1,1,1
005_tomato_soup_can,s2_gate_030_005_tomato_soup_can_t7,complete_epi,99,0.853682,0.018998,6.878547e-07,1.459752e-06,578,0.012665,6.309377e-07,0.025331,7.294778e-07,3.225513e-01,784,1,0,1,1,1
005_tomato_soup_can,s2_gate_030_005_tomato_soup_can_t8,complete_epi,37,0.886563,0.018713,7.211128e-07,1.991934e-06,552,0.012475,6.986850e-07,0.024951,7.421954e-07,3.236852e-01,743,1,0,1,1,1
005_tomato_soup_can,s2_gate_030_005_tomato_soup_can_t9,complete_epi,11,0.882117,0.018857,7.885802e-07,1.520187e-06,680,0.012571,7.413512e-07,0.025142,7.970448e-07,4.394780e-01,828,1,0,1,1,1
005_tomato_soup_can,s2_gate_030_005_tomato_soup_can_t10,complete_epi,86,0.860882,0.019122,7.601807e-07,1.472848e-06,658,0.012748,7.557573e-07,0.025496,7.659265e-07,4.287901e-01,876,1,0,1,1,1
005_tomato_soup_can,s2_gate_030_005_tomato_soup_can_t11,complete_epi,38,0.866906,0.019072,8.345355e-07,1.592382e-06,641,0.012714,8.119217e-07,0.025429,8.324386e-07,4.727706e-01,846,1,0,1,1,0
005_tomato_soup_can,s2_gate_030_005_tomato_soup_can_t12,complete_epi,28,0.867557,0.018775,7.445410e-07,1.512304e-06,671,0.012516,7.002546e-07,0.025033,7.795544e-07,3.674796e-01,798,1,0,1,1,1
005_tomato_soup_can,s2_gate_030_005_tomato_soup_can_t13,complete_epi,102,0.861006,0.019148,6.286121e-07,1.878956e-06,478,0.012766,4.770950e-07,0.025531,6.665158e-07,2.537651e-01,661,1,0,1,1,1
005_tomato_soup_can,s2_gate_030_005_tomato_soup_can_t15,complete_epi,4,0.893511,0.018975,7.798858e-07,1.414946e-06,616,0.012650,7.699123e-07,0.025300,7.921558e-07,4.745183e-01,870,1,0,1,1,1
005_tomato_soup_can,s2_gate_030_005_tomato_soup_can_t16,complete_epi,58,0.874294,0.019051,7.045832e-07,1.671995e-06,709,0.012701,6.467340e-07,0.025402,7.266997e-07,3.317445e-01,780,1,0,1,1,1
005_tomato_soup_can,s2_gate_030_005_tomato_soup_can_t17,complete_epi,49,0.882270,0.019287,8.214445e-07,1.514111e-06,706,0.012858,7.931142e-07,0.025715,8.022226e-07,4.612968e-01,882,1,0,1,1,1
005_tomato_soup_can,s2_gate_030_005_tomato_soup_can_t18,complete_epi,35,0.873849,0.019074,8.016012e-07,1.434895e-06,650,0.012716,8.396628e-07,0.025432,7.944298e-07,4.668230e-01,892,1,0,1,1,1
005_tomato_soup_can,s2_gate_030_005_tomato_soup_can_t19,complete_epi,23,0.882976,0.018892,8.152139e-07,1.718385e-06,729,0.012594,7.635423e-07,0.025189,8.417723e-07,4.856374e-01,904,1,0,1,1,1
035_power_drill,s2_gate_030_035_power_drill_t0,complete_epi,315,0.850829,0.039149,4.943191e-06,2.773454e-05,1414,0.026099,4.125695e-06,0.052199,9.800124e-06,1.476523e-01,265,1,0,1,1,1
035_power_drill,s2_gate_030_035_power_drill_t1,complete_epi,0,0.981931,0.020047,8.266866e-05,3.003381e-04,1069,0.013365,9.314418e-05,0.026729,6.960117e-05,1.544514e+00,1243,1,0,1,1,0
035_power_drill,s2_gate_030_035_power_drill_t2,complete_epi,632,0.756291,0.042660,7.375255e-06,1.050330e-05,1035,0.028440,1.676718e-06,0.056881,1.858549e-05,0.000000e+00,127,1,0,1,1,0
035_power_drill,s2_gate_030_035_power_drill_t3,complete_epi,3,0.907140,0.043637,1.673609e-05,0.000000e+00,522,0.029091,5.018091e-06,0.058183,4.029253e-05,0.000000e+00,134,1,0,1,1,1
035_power_drill,s2_gate_030_035_power_drill_t4,complete_epi,257,0.850709,0.040130,2.039503e-06,9.251746e-06,1093,0.026753,0.000000e+00,0.053506,2.232097e-06,0.000000e+00,155,1,0,1,1,0
035_power_drill,s2_gate_030_035_power_drill_t5,complete_epi,91,0.882050,0.039369,4.187098e-06,8.760599e-06,1271,0.026246,3.795906e-06,0.052492,4.428150e-06,1.476563e-01,226,1,0,1,1,1
035_power_drill,s2_gate_030_035_power_drill_t6,complete_epi,42,0.923426,0.041545,0.000000e+00,0.000000e+00,467,0.027697,0.000000e+00,0.055394,2.556529e-06,0.000000e+00,89,1,0,1,1,0
035_power_drill,s2_gate_030_035_power_drill_t7,complete_epi,205,0.875673,0.047154,1.309747e-04,7.796409e-04,1035,0.031436,9.588982e-05,0.062872,1.766745e-04,5.845735e-01,157,1,0,1,1,1
035_power_drill,s2_gate_030_035_power_drill_t8,complete_epi,73,0.896023,0.040727,1.964390e-06,8.668645e-06,1138,0.027151,2.914545e-06,0.054303,2.648315e-06,0.000000e+00,180,1,0,1,1,1
035_power_drill,s2_gate_030_035_power_drill_t10,complete_epi,351,0.839231,0.043028,6.785227e-05,1.818376e-04,660,0.028685,3.572081e-05,0.057370,9.225232e-05,5.746765e-02,134,1,0,1,1,0
035_power_drill,s2_gate_030_035_power_drill_t11,complete_epi,79,0.880920,0.045434,1.581726e-04,1.427149e-03,998,0.030290,1.089476e-04,0.060579,2.105997e-04,1.545785e-01,126,1,0,1,1,1
035_power_drill,s2_gate_030_035_power_drill_t12,complete_epi,110,0.960057,0.028192,3.823484e-05,1.828231e-04,1301,0.018795,4.484877e-05,0.037589,3.264071e-05,1.788935e+00,1145,1,0,1,1,1
035_power_drill,s2_gate_030_035_power_drill_t13,complete_epi,25,0.942338,0.038772,1.627730e-04,8.286563e-04,3135,0.025848,4.397963e-04,0.051696,1.306380e-04,2.008012e+00,554,1,0,1,1,0
035_power_drill,s2_gate_030_035_power_drill_t14,complete_epi,1143,0.559791,0.053221,1.161059e-05,3.008800e-05,2518,0.035480,8.037579e-06,0.070961,3.271624e-05,6.429555e-01,416,1,0,1,1,0
035_power_drill,s2_gate_030_035_power_drill_t15,complete_epi,101,0.900032,0.043851,3.768070e-05,5.633258e-05,5018,0.029234,1.851302e-05,0.058468,3.845472e-05,2.077941e+00,1522,1,0,1,1,1
035_power_drill,s2_gate_030_035_power_drill_t16,complete_epi,446,0.925573,0.023530,8.192175e-05,3.353400e-04,2059,0.015687,1.007260e-04,0.031374,7.354753e-05,1.772897e+00,1300,1,0,1,1,0
035_power_drill,s2_gate_030_035_power_drill_t17,complete_epi,710,0.726219,0.042449,8.238773e-05,4.920996e-04,761,0.028299,3.430048e-05,0.056598,1.396566e-04,9.213093e-02,131,1,0,1,1,0
035_power_drill,s2_gate_030_035_power_drill_t18,complete_epi,647,0.769210,0.053154,8.995540e-05,3.338244e-04,1295,0.035436,1.951278e-04,0.070872,1.141700e-04,1.995878e-01,150,1,0,1,1,0
035_power_drill,s2_gate_030_035_power_drill_t19,complete_epi,111,0.888294,0.046602,1.411409e-04,7.168594e-04,1001,0.031068,1.461337e-04,0.062136,1.267475e-04,5.782111e-01,173,1,0,1,1,1
021_bleach_cleanser,s2_gate_050_021_bleach_cleanser_t0,complete_epi,12,0.910094,0.039332,3.128860e-05,2.336936e-04,1018,0.026221,3.403453e-05,0.052442,2.733484e-05,0.000000e+00,131,1,0,1,1,1
021_bleach_cleanser,s2_gate_050_021_bleach_cleanser_t2,complete_epi,89,0.823326,0.022653,1.099963e-04,2.472284e-04,1086,0.015102,1.050850e-04,0.030204,7.161211e-05,8.166419e-01,306,1,0,1,1,0
021_bleach_cleanser,s2_gate_050_021_bleach_cleanser_t3,complete_epi,1260,0.223721,0.052573,7.067233e-05,3.833737e-04,1950,0.035049,8.401324e-05,0.070098,7.081825e-05,1.702847e+00,179,1,0,1,1,0
021_bleach_cleanser,s2_gate_050_021_bleach_cleanser_t4,complete_epi,24,0.945562,0.038926,1.910617e-05,1.264109e-04,1234,0.025951,2.657452e-05,0.051902,1.848178e-05,1.691352e-02,125,1,0,1,1,1
021_bleach_cleanser,s2_gate_050_021_bleach_cleanser_t5,complete_epi,44,0.929767,0.040421,7.764240e-06,1.293959e-05,1021,0.026947,3.190614e-06,0.053895,2.360036e-05,0.000000e+00,52,1,0,1,1,0
021_bleach_cleanser,s2_gate_050_021_bleach_cleanser_t6,complete_epi,3,0.918398,0.038926,2.067105e-05,5.438094e-05,1155,0.025951,2.079708e-05,0.051902,1.302917e-05,8.017398e-02,146,1,0,1,1,1
021_bleach_cleanser,s2_gate_050_021_bleach_cleanser_t7,complete_epi,122,0.876777,0.038466,3.996257e-05,1.625515e-04,1355,0.025644,6.679237e-05,0.051289,3.355623e-05,1.248304e-01,134,1,0,1,1,1
021_bleach_cleanser,s2_gate_050_021_bleach_cleanser_t8,complete_epi,112,0.905786,0.038857,3.449878e-05,3.460253e-04,636,0.025905,9.310731e-06,0.051810,3.298014e-05,0.000000e+00,95,1,0,1,1,1
021_bleach_cleanser,s2_gate_050_021_bleach_cleanser_t9,complete_epi,7,0.909667,0.039291,1.062278e-05,1.852244e-05,1038,0.026194,1.691018e-05,0.052388,2.188177e-05,0.000000e+00,102,1,0,1,1,1
021_bleach_cleanser,s2_gate_050_021_bleach_cleanser_t10,complete_epi,384,0.893938,0.039897,8.234786e-05,4.227324e-04,1330,0.026598,1.022981e-04,0.053197,4.157213e-05,2.027658e-01,134,1,0,1,1,1
021_bleach_cleanser,s2_gate_050_021_bleach_cleanser_t12,complete_epi,284,0.852535,0.040487,1.190523e-05,1.129876e-04,959,0.026992,6.146907e-06,0.053983,1.301125e-05,0.000000e+00,142,1,0,1,1,1
021_bleach_cleanser,s2_gate_050_021_bleach_cleanser_t13,complete_epi,1024,0.766473,0.040247,7.631185e-05,3.522841e-04,1007,0.026831,1.127297e-04,0.053662,5.486467e-05,1.203655e-02,108,1,0,1,1,0
021_bleach_cleanser,s2_gate_050_021_bleach_cleanser_t14,complete_epi,18,0.941564,0.038841,3.832016e-05,3.642376e-04,892,0.025894,5.263964e-05,0.051788,2.563861e-05,2.321398e-02,111,1,0,1,1,1
021_bleach_cleanser,s2_gate_050_021_bleach_cleanser_t15,complete_epi,10,0.863570,0.039667,5.367978e-06,1.534435e-05,1438,0.026445,6.260821e-06,0.052890,4.819554e-06,2.359221e-01,288,1,0,1,1,1
021_bleach_cleanser,s2_gate_050_021_bleach_cleanser_t16,complete_epi,64,0.801206,0.040497,3.878226e-06,1.691743e-05,1939,0.026998,3.619468e-06,0.053996,4.015131e-06,1.849746e-01,272,1,0,1,1,1
021_bleach_cleanser,s2_gate_050_021_bleach_cleanser_t17,complete_epi,187,0.929624,0.026086,4.729026e-07,1.916761e-06,1181,0.017391,3.452188e-07,0.034781,1.917310e-06,0.000000e+00,238,1,0,1,1,1
021_bleach_cleanser,s2_gate_050_021_bleach_cleanser_t18,complete_epi,165,0.884399,0.039574,1.427438e-05,5.821280e-05,988,0.026383,1.475156e-05,0.052765,1.319194e-05,4.716936e-02,123,1,0,1,1,1
061_foam_brick,s2_gate_050_061_foam_brick_t0,complete_epi,394,0.932542,0.017153,4.230971e-06,8.591243e-07,956,0.011435,4.893696e-07,0.022871,5.470917e-06,1.181946e+00,1558,1,0,1,1,0
061_foam_brick,s2_gate_050_061_foam_brick_t1,complete_epi,305,0.959540,0.016696,5.558256e-06,2.159052e-05,722,0.011130,9.472107e-06,0.022261,4.661605e-06,9.680019e-01,1205,1,0,1,1,1
061_foam_brick,s2_gate_050_061_foam_brick_t2,complete_epi,336,0.951618,0.018074,1.492446e-06,7.464172e-06,1189,0.012050,6.348538e-06,0.024099,5.373650e-06,1.296041e+00,1738,1,0,1,1,1
061_foam_brick,s2_gate_050_061_foam_brick_t3,complete_epi,1358,0.533821,0.016479,8.412922e-06,4.220137e-05,841,0.010986,1.015758e-05,0.021972,9.447182e-06,1.241319e+00,1395,1,0,1,1,1
061_foam_brick,s2_gate_050_061_foam_brick_t4,complete_epi,520,0.941763,0.016054,1.339880e-06,1.717879e-06,818,0.010703,1.298729e-06,0.021406,2.244861e-06,8.298451e-01,1127,1,0,1,1,1
061_foam_brick,s2_gate_050_061_foam_brick_t5,complete_epi,2,0.974508,0.016274,1.113114e-06,3.907587e-06,393,0.010850,2.063939e-06,0.021699,8.589965e-06,1.218698e+00,924,1,0,1,1,1
061_foam_brick,s2_gate_050_061_foam_brick_t6,complete_epi,20,0.962840,0.017123,1.097302e-06,2.938895e-06,1187,0.011415,9.831318e-07,0.022831,1.301547e-06,1.659631e+00,2245,1,0,1,1,0
061_foam_brick,s2_gate_050_061_foam_brick_t7,complete_epi,25,0.950663,0.017001,7.878498e-07,1.438385e-06,1506,0.011334,7.095870e-07,0.022668,2.509785e-06,1.659406e+00,2083,1,0,1,1,0
061_foam_brick,s2_gate_050_061_foam_brick_t8,complete_epi,439,0.946547,0.016752,1.013392e-06,4.029655e-06,923,0.011168,1.676333e-06,0.022336,9.559830e-07,1.227625e+00,1718,1,0,1,1,1
061_foam_brick,s2_gate_050_061_foam_brick_t9,complete_epi,842,0.870711,0.016802,1.491561e-06,1.968014e-06,1057,0.011201,1.170133e-06,0.022403,2.558918e-06,1.216390e+00,1695,1,0,1,1,1
061_foam_brick,s2_gate_050_061_foam_brick_t10,complete_epi,1004,0.780878,0.016052,2.500499e-05,1.185198e-04,753,0.010701,5.123604e-05,0.021403,2.467684e-05,9.938776e-01,840,1,0,1,1,1
061_foam_brick,s2_gate_050_061_foam_brick_t11,complete_epi,1165,0.768942,0.015871,1.734474e-05,8.201777e-05,708,0.010580,2.529288e-05,0.021161,1.386870e-05,6.755165e-01,919,1,0,1,1,1
061_foam_brick,s2_gate_050_061_foam_brick_t12,complete_epi,508,0.907183,0.016830,4.192852e-07,8.060922e-07,1145,0.011220,4.666450e-07,0.022439,3.978436e-07,9.374922e-01,1808,1,0,1,1,1
061_foam_brick,s2_gate_050_061_foam_brick_t13,complete_epi,1296,0.647072,0.016457,5.418666e-06,2.584111e-05,666,0.010971,6.370472e-06,0.021942,5.330335e-06,1.371574e+00,1372,1,0,1,1,1
061_foam_brick,s2_gate_050_061_foam_brick_t14,complete_epi,275,0.961213,0.017207,6.752250e-06,1.778077e-06,1134,0.011471,2.708622e-06,0.022942,1.520966e-05,1.276942e+00,1633,1,0,1,1,1
061_foam_brick,s2_gate_050_061_foam_brick_t15,complete_epi,800,0.877696,0.017134,1.423164e-06,5.061325e-06,1100,0.011423,1.802500e-06,0.022846,2.046597e-06,1.132118e+00,1726,1,0,1,1,0
061_foam_brick,s2_gate_050_061_foam_brick_t16,complete_epi,814,0.897595,0.017813,5.648974e-07,7.970036e-07,1235,0.011875,5.840386e-07,0.023750,5.581711e-07,9.998972e-01,1552,1,0,1,1,1
061_foam_brick,s2_gate_050_061_foam_brick_t17,complete_epi,633,0.858549,0.016453,1.137657e-05,3.923451e-05,942,0.010968,1.543002e-05,0.021937,1.352845e-05,1.972747e+00,1132,1,0,1,1,1
061_foam_brick,s2_gate_050_061_foam_brick_t18,complete_epi,1096,0.793223,0.016706,6.808890e-06,2.329259e-05,499,0.011137,6.283539e-06,0.022275,7.745615e-06,1.384001e+00,1069,1,0,1,1,1
061_foam_brick,s2_gate_050_061_foam_brick_t19,complete_epi,4,0.944566,0.017612,7.552192e-07,1.300146e-06,1403,0.011742,6.243246e-07,0.023483,2.703315e-06,8.461627e-01,1226,1,0,1,1,1
010_potted_meat_can,s2_gate_070_010_potted_meat_can_t0,complete_epi,20,0.912554,0.020054,8.549915e-07,2.042787e-06,641,0.013369,9.185338e-07,0.026738,8.165304e-07,2.279826e-01,569,1,0,1,1,1
010_potted_meat_can,s2_gate_070_010_potted_meat_can_t1,complete_epi,5,0.949770,0.020094,1.905072e-05,5.134246e-05,1485,0.013396,1.982087e-05,0.026792,1.222517e-05,1.174556e+00,392,1,0,1,1,0
010_potted_meat_can,s2_gate_070_010_potted_meat_can_t2,complete_epi,57,0.796338,0.020389,1.497735e-06,6.660151e-06,608,0.013593,1.376652e-06,0.027185,1.450408e-06,4.251773e-01,636,1,0,1,1,1
010_potted_meat_can,s2_gate_070_010_potted_meat_can_t4,complete_epi,6,0.912135,0.020549,1.954913e-06,2.813393e-06,807,0.013699,1.745345e-06,0.027398,1.900316e-06,4.753085e-01,681,1,0,1,1,1
010_potted_meat_can,s2_gate_070_010_potted_meat_can_t5,complete_epi,154,0.836685,0.020956,5.490082e-07,1.624438e-06,439,0.013971,1.890940e-07,0.027941,7.462783e-07,2.697373e-01,509,1,0,1,1,1
010_potted_meat_can,s2_gate_070_010_potted_meat_can_t6,complete_epi,4,0.899752,0.020733,9.028132e-07,2.176333e-06,908,0.013822,8.616666e-07,0.027644,9.563636e-07,4.192593e-01,683,1,0,1,1,0
010_potted_meat_can,s2_gate_070_010_potted_meat_can_t7,complete_epi,16,0.911391,0.020703,9.436632e-07,2.640803e-06,705,0.013802,9.365195e-07,0.027604,1.005591e-06,3.436643e-01,583,1,0,1,1,1
010_potted_meat_can,s2_gate_070_010_potted_meat_can_t8,complete_epi,83,0.783876,0.021547,1.288833e-06,3.061390e-06,555,0.014365,1.537261e-06,0.028730,6.303014e-06,3.866168e-01,618,1,0,1,1,1
010_potted_meat_can,s2_gate_070_010_potted_meat_can_t9,complete_epi,68,0.910170,0.020235,8.004672e-07,1.848550e-06,700,0.013490,9.020895e-07,0.026979,7.558743e-07,2.944742e-01,620,1,0,1,1,1
010_potted_meat_can,s2_gate_070_010_potted_meat_can_t10,complete_epi,52,0.858081,0.020725,1.376708e-06,4.079575e-06,687,0.013817,1.536723e-06,0.027633,2.942544e-06,1.985684e-01,423,1,0,1,1,0
010_potted_meat_can,s2_gate_070_010_potted_meat_can_t12,complete_epi,298,0.887064,0.019820,9.914953e-07,2.887911e-06,596,0.013213,1.053975e-06,0.026426,9.295453e-07,2.488645e-01,558,1,0,1,1,0
010_potted_meat_can,s2_gate_070_010_potted_meat_can_t13,complete_epi,131,0.813445,0.021059,2.422875e-06,3.507081e-06,575,0.014039,2.129019e-06,0.028079,3.070980e-06,3.416524e-01,469,1,0,1,1,1
010_potted_meat_can,s2_gate_070_010_potted_meat_can_t15,complete_epi,15,0.903941,0.020402,9.276585e-07,2.294607e-06,681,0.013601,7.547099e-07,0.027203,8.973853e-07,3.697279e-01,640,1,0,1,1,1
010_potted_meat_can,s2_gate_070_010_potted_meat_can_t16,complete_epi,31,0.914565,0.019708,9.080899e-07,1.586503e-06,703,0.013138,8.714568e-07,0.026277,9.843160e-07,1.735887e-01,414,1,0,1,1,1
010_potted_meat_can,s2_gate_070_010_potted_meat_can_t17,complete_epi,982,0.454016,0.028386,1.266145e-06,2.654332e-06,1798,0.018924,1.400709e-06,0.037848,1.251385e-06,5.854638e-02,81,1,0,1,1,0
010_potted_meat_can,s2_gate_070_010_potted_meat_can_t18,complete_epi,149,0.778147,0.020933,2.028432e-06,9.069711e-06,831,0.013956,1.976952e-06,0.027911,2.372321e-06,5.638709e-01,759,1,0,1,1,1
010_potted_meat_can,s2_gate_070_010_potted_meat_can_t19,complete_epi,8,0.909430,0.027261,3.636570e-06,2.632012e-05,1969,0.018174,3.071745e-06,0.036348,4.462805e-06,1.053198e+00,1116,1,0,1,1,1
006_mustard_bottle,s0_gate_off_006_mustard_bottle_t0,complete_only,140,0.816432,0.032858,1.674021e-05,3.783036e-05,2008,0.021906,1.407300e-05,0.043811,2.088660e-05,8.429099e-01,575,1,0,1,1,1
006_mustard_bottle,s0_gate_off_006_mustard_bottle_t1,complete_only,93,0.760486,0.031955,1.357556e-05,3.451218e-05,2033,0.021303,1.036191e-05,0.042607,1.647142e-05,7.989438e-01,770,1,0,1,1,1
006_mustard_bottle,s0_gate_off_006_mustard_bottle_t3,complete_only,50,0.811165,0.032607,6.503658e-06,1.567876e-05,2056,0.021738,6.538424e-06,0.043476,7.731731e-06,6.857308e-01,449,1,0,1,1,1
006_mustard_bottle,s0_gate_off_006_mustard_bottle_t4,complete_only,119,0.770906,0.032099,9.526984e-06,3.272494e-05,1625,0.021400,7.814095e-06,0.042799,1.213336e-05,7.633141e-01,315,1,0,1,1,0
006_mustard_bottle,s0_gate_off_006_mustard_bottle_t5,complete_only,1108,0.683641,0.046604,1.446187e-04,1.292689e-04,2208,0.031069,1.828782e-04,0.062139,1.374489e-04,2.321843e-01,99,1,0,1,1,0
006_mustard_bottle,s0_gate_off_006_mustard_bottle_t6,complete_only,211,0.806633,0.032720,1.555059e-05,2.926009e-05,2066,0.021813,7.309438e-06,0.043626,2.041168e-05,7.993225e-01,625,1,0,1,1,1
006_mustard_bottle,s0_gate_off_006_mustard_bottle_t7,complete_only,162,0.937154,0.012073,3.504778e-06,1.178148e-05,2371,0.008048,2.716532e-06,0.016097,1.308249e-05,3.302917e+00,3968,1,0,1,1,0
006_mustard_bottle,s0_gate_off_006_mustard_bottle_t8,complete_only,0,0.871162,0.031687,5.890662e-06,1.192155e-05,1868,0.021125,6.802820e-06,0.042250,5.230340e-06,8.556960e-01,559,1,0,1,1,1
006_mustard_bottle,s0_gate_off_006_mustard_bottle_t9,complete_only,233,0.809979,0.031998,1.951533e-05,7.705575e-05,1902,0.021332,1.425555e-05,0.042664,2.659542e-05,1.205442e+00,883,1,0,1,1,1
006_mustard_bottle,s0_gate_off_006_mustard_bottle_t10,complete_only,0,0.917515,0.032473,7.593095e-06,1.693359e-05,1504,0.021649,8.668363e-06,0.043298,6.478158e-06,2.938778e-01,268,1,0,1,1,1
006_mustard_bottle,s0_gate_off_006_mustard_bottle_t11,complete_only,705,0.763540,0.061110,6.527828e-05,1.085502e-04,11025,0.040740,4.358000e-05,0.081479,1.185101e-04,1.729148e+00,799,1,0,1,1,0
006_mustard_bottle,s0_gate_off_006_mustard_bottle_t12,complete_only,300,0.795321,0.032429,3.936369e-05,2.086029e-04,1815,0.021619,3.497497e-05,0.043238,5.000886e-05,1.007729e+00,623,1,0,1,1,1
006_mustard_bottle,s0_gate_off_006_mustard_bottle_t13,complete_only,889,0.585664,0.046610,8.572433e-04,3.602498e-03,1094,0.031073,7.815786e-04,0.062146,8.987250e-04,4.435764e+00,242,1,0,1,1,0
006_mustard_bottle,s0_gate_off_006_mustard_bottle_t14,complete_only,5,0.838728,0.032279,8.808693e-06,2.000647e-05,1472,0.021519,8.053558e-06,0.043038,8.641822e-06,3.645388e-01,376,1,0,1,1,1
006_mustard_bottle,s0_gate_off_006_mustard_bottle_t15,complete_only,0,0.890408,0.031462,6.120636e-06,1.061796e-05,1803,0.020975,6.821240e-06,0.041949,5.409006e-06,6.020357e-01,374,1,0,1,1,0
006_mustard_bottle,s0_gate_off_006_mustard_bottle_t16,complete_only,337,0.763281,0.032010,1.616603e-05,4.721428e-05,1801,0.021340,9.494387e-06,0.042681,2.227613e-05,7.723793e-01,609,1,0,1,1,1
006_mustard_bottle,s0_gate_off_006_mustard_bottle_t17,complete_only,4,0.932434,0.030425,6.878629e-06,2.130496e-05,1572,0.020284,5.773683e-06,0.040567,8.003599e-06,9.343592e-01,474,1,0,1,1,0
006_mustard_bottle,s0_gate_off_006_mustard_bottle_t18,complete_only,33,0.848104,0.031416,1.110557e-05,3.181646e-05,1414,0.020944,1.458298e-05,0.041888,9.322627e-06,5.811452e-01,195,1,0,1,1,0
006_mustard_bottle,s0_gate_off_006_mustard_bottle_t19,complete_only,51,0.811996,0.032740,3.267825e-05,1.141821e-04,2089,0.021827,1.576249e-05,0.043654,4.036758e-05,1.377185e+00,979,1,0,1,1,1
011_banana,s0_gate_off_011_banana_t0,complete_only,1053,0.833583,0.032608,3.756990e-04,1.831020e-03,1840,0.021739,1.080841e-03,0.043477,2.751323e-04,2.275545e+00,650,1,0,1,1,1
011_banana,s0_gate_off_011_banana_t1,complete_only,1772,0.359104,0.031835,1.282753e-04,9.257725e-05,2380,0.021224,1.760449e-04,0.042447,1.397180e-04,1.005204e+00,805,1,0,1,1,0
011_banana,s0_gate_off_011_banana_t2,complete_only,1264,0.679235,0.030934,6.053136e-05,7.527207e-05,2620,0.020623,5.216646e-05,0.041245,7.666765e-05,7.300394e-01,736,1,0,1,1,1
011_banana,s0_gate_off_011_banana_t3,complete_only,1466,0.696593,0.032966,6.150537e-05,1.459288e-04,1308,0.021978,3.186180e-05,0.043955,1.094892e-04,2.803972e-01,281,1,0,1,1,0
011_banana,s0_gate_off_011_banana_t4,complete_only,1386,0.694489,0.030885,2.233041e-04,1.071425e-03,1401,0.020590,4.626243e-04,0.041180,8.172128e-05,8.158387e-01,579,1,0,1,1,0
011_banana,s0_gate_off_011_banana_t5,complete_only,1238,0.690792,0.032119,6.201500e-05,2.311067e-04,2745,0.021413,5.104095e-05,0.042825,6.356881e-05,9.877688e-01,698,1,0,1,1,1
011_banana,s0_gate_off_011_banana_t6,complete_only,1668,0.497806,0.031644,3.815987e-04,2.282249e-03,1305,0.021096,1.641603e-03,0.042192,2.694638e-04,5.101164e-01,225,1,0,1,1,0
011_banana,s0_gate_off_011_banana_t7,complete_only,981,0.781871,0.031373,1.086436e-04,4.016703e-04,2349,0.020915,1.262443e-04,0.041831,8.987244e-05,1.943243e+00,1303,1,0,1,1,1
011_banana,s0_gate_off_011_banana_t8,complete_only,1793,0.431866,0.031406,1.950374e-05,6.940922e-05,1752,0.020938,1.704298e-05,0.041875,2.294153e-05,2.759223e-01,348,1,0,1,1,1
011_banana,s0_gate_off_011_banana_t9,complete_only,1687,0.381404,0.032859,5.787243e-04,2.668860e-03,1652,0.021906,1.130265e-03,0.043812,4.387599e-04,2.468761e+00,599,1,0,1,1,0
011_banana,s0_gate_off_011_banana_t10,complete_only,1497,0.561971,0.030642,1.330671e-04,6.992664e-04,1604,0.020428,5.221138e-04,0.040856,1.169093e-04,1.310697e+00,539,1,0,1,1,0
011_banana,s0_gate_off_011_banana_t11,complete_only,1585,0.527048,0.030686,7.353912e-05,3.445449e-04,2158,0.020457,8.318857e-05,0.040915,6.963043e-05,1.079924e+00,535,1,0,1,1,1
011_banana,s0_gate_off_011_banana_t12,complete_only,1885,0.133945,0.031048,1.367533e-04,7.565452e-04,1631,0.020699,2.575102e-04,0.041397,1.728589e-04,8.436663e-01,359,1,0,1,1,0
011_banana,s0_gate_off_011_banana_t13,complete_only,1183,0.766960,0.032368,1.649609e-04,6.500222e-04,1790,0.021579,3.824633e-04,0.043157,1.502659e-04,2.000802e+00,488,1,0,1,1,0
011_banana,s0_gate_off_011_banana_t14,complete_only,1759,0.339433,0.031988,1.135420e-04,7.583683e-04,1652,0.021326,3.997179e-04,0.042651,9.603540e-05,5.012400e-01,297,1,0,1,1,0
011_banana,s0_gate_off_011_banana_t15,complete_only,1068,0.747007,0.032883,2.327712e-05,3.811708e-05,2019,0.021922,1.828064e-05,0.043843,3.874575e-05,3.061269e-02,189,1,0,1,1,0
011_banana,s0_gate_off_011_banana_t16,complete_only,1460,0.617889,0.031352,1.729853e-04,1.009755e-03,2217,0.020902,2.613966e-04,0.041803,2.221983e-04,8.399016e-01,519,1,0,1,1,0
011_banana,s0_gate_off_011_banana_t17,complete_only,1545,0.598209,0.031934,2.510227e-05,5.052793e-05,1809,0.021290,5.380503e-05,0.042579,2.752764e-05,3.848235e-01,367,1,0,1,1,0
011_banana,s0_gate_off_011_banana_t18,complete_only,1530,0.596444,0.031406,2.677656e-05,6.215458e-05,1224,0.020937,3.915362e-05,0.041875,2.373241e-05,2.668716e-01,309,1,0,1,1,0
011_banana,s0_gate_off_011_banana_t19,complete_only,1577,0.488089,0.032111,2.292584e-04,1.556349e-03,1452,0.021407,5.839664e-04,0.042814,1.888134e-04,5.407767e-01,231,1,0,1,1,0
025_mug,s0_gate_010_025_mug_t0,complete_epi,14,0.942837,0.020684,1.159444e-05,5.966951e-05,500,0.013789,6.756308e-05,0.027579,7.970566e-06,4.022077e-01,231,1,0,1,1,1
025_mug,s0_gate_010_025_mug_t1,complete_epi,145,0.919513,0.021627,1.311497e-05,3.724985e-05,457,0.014418,1.562800e-05,0.028836,1.051841e-05,2.768317e-01,140,1,0,1,1,1
025_mug,s0_gate_010_025_mug_t2,complete_epi,2,0.892822,0.028482,3.279611e-06,7.824832e-06,454,0.018988,6.282589e-06,0.037976,2.879468e-06,1.156104e-01,78,1,0,1,1,1
025_mug,s0_gate_010_025_mug_t3,complete_epi,13,0.916184,0.021610,2.564414e-06,1.216005e-05,466,0.014407,1.684991e-06,0.028814,3.707025e-06,1.976798e-01,165,1,0,1,1,1
025_mug,s0_gate_010_025_mug_t4,complete_epi,5,0.950285,0.020082,1.675440e-05,4.239216e-05,676,0.013388,3.030430e-05,0.026776,1.638451e-05,5.671955e-01,181,1,0,1,1,1
025_mug,s0_gate_010_025_mug_t5,complete_epi,22,0.938920,0.016873,2.644156e-04,1.023830e-03,603,0.011248,6.599708e-04,0.022497,1.153876e-04,2.122873e+00,1799,1,0,1,1,1
025_mug,s0_gate_010_025_mug_t7,complete_epi,1,0.866547,0.020499,2.905210e-05,8.116485e-05,122,0.013666,4.546218e-05,0.027332,2.029945e-05,1.004273e-01,45,1,0,1,1,1
025_mug,s0_gate_010_025_mug_t8,complete_epi,115,0.894526,0.022553,2.065377e-06,3.514033e-06,1021,0.015036,2.043646e-06,0.030071,2.025480e-06,2.284539e-01,180,1,0,1,1,1
025_mug,s0_gate_010_025_mug_t9,complete_epi,23,0.929863,0.020708,1.269736e-06,2.174542e-06,946,0.013805,1.203431e-06,0.027611,1.259996e-06,3.014334e-01,327,1,0,1,1,1
025_mug,s0_gate_010_025_mug_t11,complete_epi,40,0.930734,0.019877,2.065187e-06,4.853647e-06,613,0.013252,1.981848e-06,0.026503,2.366094e-06,1.636835e-01,146,1,0,1,1,1
025_mug,s0_gate_010_025_mug_t13,complete_epi,51,0.912830,0.020843,2.724231e-06,6.227564e-06,573,0.013895,8.129142e-06,0.027791,3.553544e-06,1.545628e-01,192,1,0,1,1,1
025_mug,s0_gate_010_025_mug_t14,complete_epi,27,0.927642,0.019971,2.567618e-06,5.411506e-06,773,0.013314,2.390439e-06,0.026628,3.093007e-06,2.616443e-01,207,1,0,1,1,1
025_mug,s0_gate_010_025_mug_t15,complete_epi,56,0.917465,0.021884,4.307361e-06,1.060851e-05,468,0.014589,3.617946e-06,0.029179,4.521348e-06,1.787307e-01,123,1,0,1,1,1
025_mug,s0_gate_010_025_mug_t16,complete_epi,53,0.934351,0.021413,1.149077e-05,3.556863e-05,641,0.014275,1.208527e-05,0.028551,1.108363e-05,6.000826e-01,205,1,0,1,1,1
025_mug,s0_gate_010_025_mug_t18,complete_epi,22,0.945646,0.021158,1.132485e-06,2.053681e-06,658,0.014105,1.204545e-06,0.028210,1.215413e-06,1.064545e-01,167,1,0,1,1,1
025_mug,s0_gate_010_025_mug_t19,complete_epi,37,0.933825,0.020245,6.055247e-06,2.628058e-05,531,0.013496,4.905557e-06,0.026993,7.775956e-06,2.810786e-01,143,1,0,1,1,1
051_large_clamp,s0_gate_010_051_large_clamp_t0,complete_epi,0,0.963110,0.031974,2.908312e-05,1.850946e-04,759,0.021316,3.387832e-05,0.042632,2.324401e-05,2.045492e-02,135,1,0,1,1,1
051_large_clamp,s0_gate_010_051_large_clamp_t1,complete_epi,5,0.953004,0.030876,3.388873e-08,0.000000e+00,899,0.020584,0.000000e+00,0.041168,8.105803e-07,0.000000e+00,197,1,0,1,1,1
051_large_clamp,s0_gate_010_051_large_clamp_t2,complete_epi,2,0.970192,0.032354,3.636540e-05,2.097328e-04,645,0.021570,1.176689e-04,0.043139,6.583181e-06,2.548015e-01,249,1,0,1,1,0
051_large_clamp,s0_gate_010_051_large_clamp_t3,complete_epi,2,0.961967,0.032266,2.581251e-07,0.000000e+00,706,0.021510,0.000000e+00,0.043021,5.266651e-07,0.000000e+00,138,1,0,1,1,1
051_large_clamp,s0_gate_010_051_large_clamp_t4,complete_epi,0,0.973120,0.030243,3.332858e-05,1.330867e-04,6966,0.020162,3.480759e-05,0.040324,5.246819e-05,6.669445e-01,789,1,0,1,1,0
051_large_clamp,s0_gate_010_051_large_clamp_t5,complete_epi,11,0.965411,0.032332,4.254259e-06,1.724451e-05,1381,0.021555,3.500940e-06,0.043109,4.611582e-06,1.098203e-01,228,1,0,1,1,1
051_large_clamp,s0_gate_010_051_large_clamp_t7,complete_epi,0,0.961415,0.026183,5.606979e-06,2.302620e-05,4495,0.017455,3.854313e-06,0.034911,7.593436e-06,7.742954e-01,799,1,0,1,1,1
051_large_clamp,s0_gate_010_051_large_clamp_t8,complete_epi,132,0.925534,0.031361,0.000000e+00,0.000000e+00,651,0.020907,0.000000e+00,0.041814,9.201443e-09,0.000000e+00,142,1,0,1,1,1
051_large_clamp,s0_gate_010_051_large_clamp_t9,complete_epi,14,0.959769,0.031997,2.958604e-06,5.200877e-06,788,0.021331,1.701587e-06,0.042662,7.143874e-06,0.000000e+00,147,1,0,1,1,1
051_large_clamp,s0_gate_010_051_large_clamp_t10,complete_epi,0,0.969859,0.029720,6.967186e-07,4.380116e-06,836,0.019814,1.558956e-06,0.039627,6.688154e-07,0.000000e+00,157,1,0,1,1,0
051_large_clamp,s0_gate_010_051_large_clamp_t11,complete_epi,0,0.968022,0.029653,6.598758e-07,3.966581e-06,788,0.019769,5.402145e-07,0.039538,9.783408e-07,0.000000e+00,165,1,0,1,1,1
051_large_clamp,s0_gate_010_051_large_clamp_t12,complete_epi,3,0.953458,0.031472,1.793275e-05,7.658190e-05,1978,0.020981,2.593086e-05,0.041963,2.487958e-05,8.066953e-01,474,1,0,1,1,1
051_large_clamp,s0_gate_010_051_large_clamp_t13,complete_epi,11,0.953241,0.031786,3.630529e-05,2.915703e-04,601,0.021191,1.201478e-04,0.042382,2.643497e-05,4.077729e-02,166,1,0,1,1,0
051_large_clamp,s0_gate_010_051_large_clamp_t14,complete_epi,0,0.970294,0.041306,1.166106e-06,2.169623e-06,1419,0.027538,1.181034e-06,0.055075,1.207302e-06,0.000000e+00,128,1,0,1,1,0
051_large_clamp,s0_gate_010_051_large_clamp_t15,complete_epi,14,0.953780,0.031311,2.714815e-05,1.598688e-04,2310,0.020874,1.429380e-05,0.041747,3.940197e-05,7.607230e-01,442,1,0,1,1,1
051_large_clamp,s0_gate_010_051_large_clamp_t16,complete_epi,3,0.965416,0.032269,5.969110e-07,0.000000e+00,731,0.021513,0.000000e+00,0.043025,4.140679e-06,0.000000e+00,149,1,0,1,1,0
051_large_clamp,s0_gate_010_051_large_clamp_t17,complete_epi,0,0.973608,0.030558,8.426743e-06,2.977723e-05,1362,0.020372,3.209653e-06,0.040744,3.193432e-05,1.678906e-01,155,1,0,1,1,0
051_large_clamp,s0_gate_010_051_large_clamp_t18,complete_epi,0,0.964244,0.029327,1.547712e-07,3.044034e-07,688,0.019551,0.000000e+00,0.039102,3.649851e-07,0.000000e+00,179,1,0,1,1,0
051_large_clamp,s0_gate_010_051_large_clamp_t19,complete_epi,45,0.934513,0.032103,0.000000e+00,0.000000e+00,717,0.021402,0.000000e+00,0.042804,2.203285e-07,0.000000e+00,163,1,0,1,1,0
022_windex_bottle,s0_gate_020_022_windex_bottle_t0,complete_epi,180,0.883104,0.037098,3.943951e-06,4.420928e-06,4405,0.024732,2.619076e-06,0.049463,6.394611e-06,1.872602e+00,1380,1,0,1,1,1
022_windex_bottle,s0_gate_020_022_windex_bottle_t1,complete_epi,345,0.800252,0.038895,2.232383e-04,1.070173e-03,1550,0.025930,1.171541e-03,0.051860,2.407509e-04,4.790953e-01,46,1,0,1,1,0
022_windex_bottle,s0_gate_020_022_windex_bottle_t2,complete_epi,1,0.929593,0.038762,2.698185e-05,9.635538e-05,2587,0.025841,3.414641e-05,0.051683,3.509335e-05,6.336824e-01,305,1,0,1,1,0
022_windex_bottle,s0_gate_020_022_windex_bottle_t3,complete_epi,18,0.943259,0.028546,2.008142e-06,6.681052e-06,1244,0.019031,1.947588e-06,0.038062,3.720064e-06,8.758645e-01,725,1,0,1,1,0
022_windex_bottle,s0_gate_020_022_windex_bottle_t4,complete_epi,9,0.926218,0.045303,1.138210e-05,3.289967e-05,1158,0.030202,1.258079e-06,0.060404,2.057795e-05,0.000000e+00,111,1,0,1,1,0
022_windex_bottle,s0_gate_020_022_windex_bottle_t5,complete_epi,250,0.866162,0.039732,3.926836e-05,3.373813e-04,2882,0.026488,7.106716e-05,0.052976,6.629881e-05,6.997499e-01,461,1,0,1,1,0
022_windex_bottle,s0_gate_020_022_windex_bottle_t7,complete_epi,457,0.796947,0.038603,1.535126e-04,6.199755e-04,1699,0.025735,1.285714e-04,0.051470,1.661750e-04,9.901596e-01,276,1,0,1,1,0
022_windex_bottle,s0_gate_020_022_windex_bottle_t8,complete_epi,0,0.966472,0.042288,5.245702e-05,3.068425e-04,1610,0.028192,4.588727e-05,0.056384,1.166517e-04,2.111764e-01,143,1,0,1,1,0
022_windex_bottle,s0_gate_020_022_windex_bottle_t9,complete_epi,228,0.856829,0.040800,2.973388e-05,7.444167e-05,3896,0.027200,1.401778e-04,0.054400,1.543625e-05,1.138189e+00,775,1,0,1,1,1
022_windex_bottle,s0_gate_020_022_windex_bottle_t10,complete_epi,6,0.938438,0.044652,3.551478e-05,7.940757e-05,923,0.029768,2.735460e-06,0.059535,1.041185e-04,0.000000e+00,75,1,0,1,1,0
022_windex_bottle,s0_gate_020_022_windex_bottle_t11,complete_epi,0,0.938900,0.044371,3.883855e-06,6.505896e-06,1050,0.029581,2.397193e-06,0.059162,3.129785e-05,0.000000e+00,108,1,0,1,1,0
022_windex_bottle,s0_gate_020_022_windex_bottle_t12,complete_epi,18,0.947088,0.041325,1.313829e-05,4.398702e-05,938,0.027550,8.514082e-06,0.055099,2.870873e-05,0.000000e+00,143,1,0,1,1,0
022_windex_bottle,s0_gate_020_022_windex_bottle_t13,complete_epi,95,0.893033,0.037085,1.252570e-05,4.667840e-05,2083,0.024723,3.015915e-05,0.049447,1.556452e-05,2.390094e-01,28,1,0,1,1,0
022_windex_bottle,s0_gate_020_022_windex_bottle_t14,complete_epi,12,0.947712,0.044564,1.615057e-05,4.966901e-05,874,0.029709,4.209570e-06,0.059419,4.557807e-05,0.000000e+00,101,1,0,1,1,0
022_windex_bottle,s0_gate_020_022_windex_bottle_t15,complete_epi,71,0.911699,0.030262,7.736147e-05,3.328755e-04,332,0.020175,5.119906e-05,0.040349,7.946291e-05,0.000000e+00,172,1,0,1,1,0
022_windex_bottle,s0_gate_020_022_windex_bottle_t16,complete_epi,236,0.900418,0.040776,1.800198e-05,5.766677e-05,2469,0.027184,1.372235e-05,0.054368,6.741789e-05,1.604596e-02,5,1,0,1,1,0
022_windex_bottle,s0_gate_020_022_windex_bottle_t17,complete_epi,136,0.899597,0.039805,2.805518e-06,5.662494e-06,3999,0.026537,2.490167e-06,0.053073,3.017368e-06,9.626123e-01,735,1,0,1,1,0
022_windex_bottle,s0_gate_020_022_windex_bottle_t18,complete_epi,57,0.926853,0.042541,6.549799e-06,2.417192e-05,5303,0.028361,2.956560e-06,0.056722,1.174652e-05,9.847433e-01,684,1,0,1,1,0
022_windex_bottle,s0_gate_020_022_windex_bottle_t19,complete_epi,617,0.750692,0.039344,7.569329e-05,1.456908e-04,2241,0.026229,4.743736e-05,0.052459,9.737282e-05,3.406537e-02,54,1,0,1,1,0
006_mustard_bottle,s0_gate_030_006_mustard_bottle_t0,complete_epi,197,0.801231,0.032858,1.674021e-05,3.783036e-05,2008,0.021906,1.407300e-05,0.043811,2.088660e-05,8.400444e-01,540,1,0,1,1,1
006_mustard_bottle,s0_gate_030_006_mustard_bottle_t1,complete_epi,1156,0.662443,0.030149,6.958382e-06,1.955736e-05,1385,0.020099,7.068073e-06,0.040199,7.211013e-06,1.918943e-02,132,1,0,1,1,0
006_mustard_bottle,s0_gate_030_006_mustard_bottle_t2,complete_epi,0,0.908692,0.032154,5.888605e-06,1.303663e-05,1472,0.021436,7.104815e-06,0.042871,5.141646e-06,1.502024e-01,248,1,0,1,1,1
006_mustard_bottle,s0_gate_030_006_mustard_bottle_t4,complete_epi,120,0.804065,0.031912,1.009000e-05,2.457489e-05,1470,0.021275,9.628676e-06,0.042550,1.017460e-05,5.096302e-01,246,1,0,1,1,1
006_mustard_bottle,s0_gate_030_006_mustard_bottle_t5,complete_epi,937,0.502625,0.043234,2.657292e-05,7.093176e-05,2212,0.028822,3.557077e-05,0.057645,3.597809e-05,1.482356e-01,71,1,0,1,1,0
006_mustard_bottle,s0_gate_030_006_mustard_bottle_t6,complete_epi,147,0.809739,0.032692,1.678892e-05,3.184122e-05,2126,0.021795,7.519374e-06,0.043590,2.169582e-05,7.323189e-01,593,1,0,1,1,1
006_mustard_bottle,s0_gate_030_006_mustard_bottle_t7,complete_epi,2,0.969964,0.018331,5.461580e-07,2.491186e-06,1040,0.012221,5.136998e-07,0.024442,5.862438e-07,1.820575e-03,687,1,0,1,1,1
006_mustard_bottle,s0_gate_030_006_mustard_bottle_t9,complete_epi,233,0.782778,0.031966,2.188600e-05,7.022641e-05,1924,0.021311,1.564484e-05,0.042621,2.902485e-05,1.493655e+00,1016,1,0,1,1,1
006_mustard_bottle,s0_gate_030_006_mustard_bottle_t10,complete_epi,987,0.658748,0.066234,1.264184e-03,8.244836e-03,3939,0.044156,2.026825e-03,0.088312,1.089938e-03,4.629915e+00,129,1,0,1,1,0
006_mustard_bottle,s0_gate_030_006_mustard_bottle_t11,complete_epi,0,0.876056,0.031653,8.021427e-06,1.910605e-05,1444,0.021102,8.055382e-06,0.042205,9.299144e-06,4.027460e-01,425,1,0,1,1,1
006_mustard_bottle,s0_gate_030_006_mustard_bottle_t12,complete_epi,322,0.802989,0.032208,3.299831e-05,1.029605e-04,1940,0.021472,1.943442e-05,0.042944,3.718121e-05,1.185105e+00,791,1,0,1,1,1
006_mustard_bottle,s0_gate_030_006_mustard_bottle_t13,complete_epi,231,0.780029,0.032992,1.898409e-05,5.614848e-05,2082,0.021995,2.034740e-05,0.043990,1.849603e-05,9.349138e-01,494,1,0,1,1,0
006_mustard_bottle,s0_gate_030_006_mustard_bottle_t14,complete_epi,0,0.838147,0.032393,9.339380e-06,2.269356e-05,1490,0.021595,9.050823e-06,0.043190,8.871921e-06,2.765140e-01,310,1,0,1,1,1
006_mustard_bottle,s0_gate_030_006_mustard_bottle_t15,complete_epi,3,0.890993,0.031808,6.046708e-06,1.523058e-05,1631,0.021205,6.782455e-06,0.042410,5.304033e-06,7.450811e-01,501,1,0,1,1,1
006_mustard_bottle,s0_gate_030_006_mustard_bottle_t16,complete_epi,257,0.770930,0.032014,1.006261e-05,2.113109e-05,1986,0.021343,7.137794e-06,0.042685,1.846585e-05,9.302147e-01,722,1,0,1,1,1
006_mustard_bottle,s0_gate_030_006_mustard_bottle_t17,complete_epi,17,0.925135,0.030472,4.699240e-06,1.630377e-05,1555,0.020315,3.616944e-06,0.040629,5.293045e-06,2.734348e-01,559,1,0,1,1,1
006_mustard_bottle,s0_gate_030_006_mustard_bottle_t18,complete_epi,39,0.838664,0.031310,6.640718e-06,2.420899e-05,2083,0.020873,5.289031e-06,0.041746,7.496111e-06,6.079934e-01,567,1,0,1,1,1
006_mustard_bottle,s0_gate_030_006_mustard_bottle_t19,complete_epi,43,0.848189,0.032595,3.806250e-05,9.753818e-05,2170,0.021730,1.857006e-05,0.043459,4.514150e-05,1.209915e+00,883,1,0,1,1,1
011_banana,s0_gate_030_011_banana_t0,complete_epi,966,0.853781,0.032608,2.570596e-04,1.306781e-03,1886,0.021739,7.750515e-04,0.043477,2.118911e-04,1.459522e+00,547,1,0,1,1,0
011_banana,s0_gate_030_011_banana_t1,complete_epi,1677,0.444972,0.031833,2.725525e-04,2.390205e-03,1487,0.021222,2.542253e-03,0.042444,2.320678e-04,1.674642e+00,738,1,0,1,1,0
011_banana,s0_gate_030_011_banana_t2,complete_epi,1314,0.660496,0.030934,6.822618e-05,9.005503e-05,2199,0.020623,6.012001e-05,0.041245,7.097688e-05,7.080125e-01,544,1,0,1,1,1
011_banana,s0_gate_030_011_banana_t3,complete_epi,1618,0.552221,0.033002,5.501946e-05,1.964105e-04,2044,0.022001,1.042532e-04,0.044002,5.774604e-05,6.885522e-01,366,1,0,1,1,0
011_banana,s0_gate_030_011_banana_t4,complete_epi,1486,0.634284,0.030880,9.038722e-05,5.901245e-04,1342,0.020587,4.418197e-04,0.041173,5.443094e-05,1.656468e-01,258,1,0,1,1,0
011_banana,s0_gate_030_011_banana_t5,complete_epi,817,0.834763,0.032101,7.475805e-05,2.677757e-04,1867,0.021401,1.548555e-04,0.042802,5.452680e-05,1.026834e+00,637,1,0,1,1,1
011_banana,s0_gate_030_011_banana_t6,complete_epi,1448,0.587643,0.031687,2.885821e-04,9.582604e-04,2080,0.021125,2.550993e-03,0.042249,2.547449e-04,5.337881e-01,430,1,0,1,1,1
011_banana,s0_gate_030_011_banana_t7,complete_epi,456,0.922867,0.024669,5.855689e-06,3.447060e-06,840,0.016446,6.444610e-07,0.032892,7.815375e-06,5.145191e-01,718,1,0,1,1,1
011_banana,s0_gate_030_011_banana_t8,complete_epi,1762,0.421188,0.031476,6.456861e-06,3.796587e-05,1398,0.020984,4.680782e-06,0.041969,1.580279e-05,1.175482e-01,216,1,0,1,1,0
011_banana,s0_gate_030_011_banana_t9,complete_epi,1750,0.390554,0.031378,3.877371e-05,6.065961e-05,2943,0.020919,1.511844e-05,0.041837,7.371030e-05,3.541110e-01,270,1,0,1,1,0
011_banana,s0_gate_030_011_banana_t10,complete_epi,1567,0.489644,0.030648,5.954100e-05,3.887640e-04,2137,0.020432,6.822204e-05,0.040863,7.031367e-05,1.223860e+00,546,1,0,1,1,0
011_banana,s0_gate_030_011_banana_t11,complete_epi,1504,0.596218,0.030655,1.663028e-04,9.957443e-04,1415,0.020437,1.003191e-03,0.040874,1.198347e-04,1.019074e+00,414,1,0,1,1,0
011_banana,s0_gate_030_011_banana_t12,complete_epi,1873,0.204731,0.031037,4.946295e-04,2.202428e-03,1388,0.020692,6.620266e-04,0.041383,2.546479e-04,1.941871e+00,461,1,0,1,1,0
011_banana,s0_gate_030_011_banana_t13,complete_epi,1111,0.787602,0.032394,1.161876e-04,3.468086e-04,1518,0.021596,1.631218e-04,0.043192,1.054148e-04,7.613793e-01,309,1,0,1,1,0
011_banana,s0_gate_030_011_banana_t14,complete_epi,1068,0.778182,0.030890,7.585997e-05,2.219955e-05,2163,0.020593,7.946117e-05,0.041186,7.498318e-05,5.667976e-01,342,1,0,1,1,0
011_banana,s0_gate_030_011_banana_t15,complete_epi,1294,0.631618,0.032858,1.389235e-05,2.237438e-05,1433,0.021905,5.142096e-06,0.043811,2.206160e-05,0.000000e+00,106,1,0,1,1,0
011_banana,s0_gate_030_011_banana_t16,complete_epi,1697,0.433294,0.031350,3.815966e-04,1.933018e-03,1604,0.020900,1.150648e-03,0.041800,2.926804e-04,3.133595e+00,721,1,0,1,1,0
011_banana,s0_gate_030_011_banana_t17,complete_epi,1565,0.591100,0.031980,3.293351e-05,8.279072e-05,2013,0.021320,6.408210e-05,0.042640,2.761879e-05,5.569777e-01,503,1,0,1,1,0
011_banana,s0_gate_030_011_banana_t18,complete_epi,1471,0.660513,0.031366,5.789526e-05,2.781111e-04,1586,0.020911,1.439089e-04,0.041821,3.523823e-05,3.918955e-01,390,1,0,1,1,1
011_banana,s0_gate_030_011_banana_t19,complete_epi,1380,0.621095,0.031965,3.404599e-05,3.909289e-05,2798,0.021310,1.595666e-05,0.042619,5.283637e-05,4.808997e-01,520,1,0,1,1,0
025_mug,s0_gate_050_025_mug_t0,complete_epi,30,0.938302,0.020684,7.428078e-06,3.791030e-05,542,0.013789,1.308369e-05,0.027579,6.570350e-06,2.588996e-01,191,1,0,1,1,1
025_mug,s0_gate_050_025_mug_t2,complete_epi,28,0.944608,0.020180,1.576704e-06,4.187788e-06,504,0.013453,2.704539e-06,0.026906,1.637008e-06,1.021518e-01,171,1,0,1,1,1
025_mug,s0_gate_050_025_mug_t3,complete_epi,6,0.925194,0.021215,1.787455e-05,7.354751e-05,401,0.014143,1.247753e-05,0.028286,2.631567e-05,1.806636e-01,120,1,0,1,1,1
025_mug,s0_gate_050_025_mug_t4,complete_epi,80,0.920672,0.020134,1.129848e-06,1.977844e-06,735,0.013423,1.197313e-06,0.026845,1.137700e-06,1.524459e-01,188,1,0,1,1,1
025_mug,s0_gate_050_025_mug_t5,complete_epi,221,0.881981,0.020299,9.300919e-07,1.988172e-06,366,0.013532,9.436636e-07,0.027065,9.565026e-07,1.837843e-01,259,1,0,1,1,1
025_mug,s0_gate_050_025_mug_t7,complete_epi,210,0.787522,0.020495,3.284264e-06,1.043023e-05,702,0.013663,6.886969e-06,0.027326,2.393989e-06,3.028039e-01,260,1,0,1,1,1
025_mug,s0_gate_050_025_mug_t8,complete_epi,180,0.900231,0.021144,4.032194e-06,7.899055e-06,855,0.014096,1.796899e-06,0.028192,6.613308e-06,2.451267e-01,268,1,0,1,1,1
025_mug,s0_gate_050_025_mug_t9,complete_epi,74,0.922805,0.020714,1.504060e-06,2.257683e-06,1010,0.013810,1.462732e-06,0.027619,1.463586e-06,3.502410e-01,345,1,0,1,1,0
025_mug,s0_gate_050_025_mug_t10,complete_epi,38,0.929633,0.019760,3.143914e-06,7.450133e-06,1147,0.013173,2.807141e-06,0.026347,3.751871e-06,4.816864e-01,386,1,0,1,1,1
025_mug,s0_gate_050_025_mug_t11,complete_epi,49,0.923664,0.019866,2.658762e-06,1.070490e-05,843,0.013244,2.147325e-06,0.026488,3.173613e-06,2.194340e-01,199,1,0,1,1,1
025_mug,s0_gate_050_025_mug_t12,complete_epi,140,0.828335,0.020245,1.680164e-06,4.131715e-06,683,0.013497,2.177706e-06,0.026993,1.695957e-06,2.223892e-01,276,1,0,1,1,0
025_mug,s0_gate_050_025_mug_t13,complete_epi,32,0.923227,0.020862,2.751508e-06,6.777381e-06,515,0.013908,6.408779e-06,0.027816,3.915716e-06,1.378042e-01,174,1,0,1,1,1
025_mug,s0_gate_050_025_mug_t15,complete_epi,112,0.904026,0.021763,5.902970e-06,1.354840e-05,472,0.014509,5.266550e-06,0.029017,5.876600e-06,2.123963e-01,127,1,0,1,1,1
025_mug,s0_gate_050_025_mug_t16,complete_epi,59,0.922208,0.020668,1.152220e-06,2.462473e-06,562,0.013778,1.151050e-06,0.027557,1.170315e-06,2.045497e-01,240,1,0,1,1,1
025_mug,s0_gate_050_025_mug_t18,complete_epi,4,0.952164,0.021196,1.936595e-05,7.727538e-05,491,0.014131,1.978729e-05,0.028262,1.956456e-05,5.056036e-01,158,1,0,1,1,1
025_mug,s0_gate_050_025_mug_t19,complete_epi,56,0.925648,0.020281,5.551679e-06,1.194260e-05,515,0.013521,4.992072e-06,0.027041,6.999323e-06,2.647460e-01,139,1,0,1,1,1
051_large_clamp,s0_gate_050_051_large_clamp_t0,complete_epi,0,0.966248,0.031974,1.395102e-05,0.000000e+00,742,0.021316,1.305447e-05,0.042632,1.934338e-05,0.000000e+00,142,1,0,1,1,1
051_large_clamp,s0_gate_050_051_large_clamp_t1,complete_epi,1291,0.671379,0.009473,3.129514e-05,6.434883e-05,151,0.006315,2.465520e-05,0.012630,3.119707e-05,5.688933e+00,5573,1,0,1,1,0
051_large_clamp,s0_gate_050_051_large_clamp_t2,complete_epi,78,0.964849,0.032674,7.100247e-06,1.548857e-05,1753,0.021783,2.873138e-06,0.043565,1.274702e-05,2.863298e-01,275,1,0,1,1,1
051_large_clamp,s0_gate_050_051_large_clamp_t4,complete_epi,0,0.969301,0.030182,0.000000e+00,0.000000e+00,584,0.020122,0.000000e+00,0.040243,6.551504e-07,0.000000e+00,155,1,0,1,1,0
051_large_clamp,s0_gate_050_051_large_clamp_t5,complete_epi,0,0.975160,0.032320,1.792521e-06,9.530971e-06,1074,0.021547,3.573127e-07,0.043093,2.912284e-06,5.063780e-03,209,1,0,1,1,0
051_large_clamp,s0_gate_050_051_large_clamp_t6,complete_epi,21,0.947373,0.032192,3.892632e-06,0.000000e+00,810,0.021461,2.173847e-06,0.042923,7.961799e-06,0.000000e+00,178,1,0,1,1,0
051_large_clamp,s0_gate_050_051_large_clamp_t7,complete_epi,1,0.957582,0.026168,6.523882e-06,2.403695e-05,4521,0.017445,5.012338e-06,0.034891,7.880870e-06,8.574096e-01,852,1,0,1,1,1
051_large_clamp,s0_gate_050_051_large_clamp_t8,complete_epi,95,0.932897,0.031367,4.061199e-06,1.649833e-05,1348,0.020911,2.977132e-06,0.041822,7.535731e-06,0.000000e+00,144,1,0,1,1,1
051_large_clamp,s0_gate_050_051_large_clamp_t9,complete_epi,348,0.912824,0.024269,1.589882e-05,9.670423e-05,3346,0.016179,9.888234e-06,0.032358,1.645518e-05,6.177699e-01,977,1,0,1,1,0
051_large_clamp,s0_gate_050_051_large_clamp_t10,complete_epi,0,0.970746,0.030195,7.662405e-07,3.126900e-06,928,0.020130,0.000000e+00,0.040260,9.973450e-07,0.000000e+00,146,1,0,1,1,0
051_large_clamp,s0_gate_050_051_large_clamp_t11,complete_epi,5,0.958543,0.029709,6.769811e-07,4.339999e-06,710,0.019806,3.374705e-07,0.039612,9.626306e-07,0.000000e+00,157,1,0,1,1,1
051_large_clamp,s0_gate_050_051_large_clamp_t12,complete_epi,69,0.943810,0.031499,0.000000e+00,0.000000e+00,879,0.020999,0.000000e+00,0.041999,8.073657e-07,0.000000e+00,186,1,0,1,1,1
051_large_clamp,s0_gate_050_051_large_clamp_t13,complete_epi,48,0.953869,0.032122,8.897960e-05,3.325329e-04,2481,0.021415,8.932589e-05,0.042830,3.834173e-05,6.878082e-01,364,1,0,1,1,1
051_large_clamp,s0_gate_050_051_large_clamp_t14,complete_epi,0,0.961292,0.041350,4.215478e-06,5.559419e-06,2475,0.027567,1.736019e-06,0.055134,1.003756e-05,3.556200e-01,315,1,0,1,1,0
051_large_clamp,s0_gate_050_051_large_clamp_t15,complete_epi,1,0.969366,0.031270,1.137615e-05,5.981482e-05,1490,0.020847,4.551598e-06,0.041693,2.512194e-05,4.467986e-03,149,1,0,1,1,1
051_large_clamp,s0_gate_050_051_large_clamp_t16,complete_epi,42,0.943111,0.031810,0.000000e+00,0.000000e+00,661,0.021207,0.000000e+00,0.042414,7.210803e-07,0.000000e+00,151,1,0,1,1,0
051_large_clamp,s0_gate_050_051_large_clamp_t18,complete_epi,0,0.962497,0.029306,4.510419e-07,3.235582e-06,822,0.019537,0.000000e+00,0.039075,3.874665e-07,0.000000e+00,190,1,0,1,1,1
051_large_clamp,s0_gate_050_051_large_clamp_t19,complete_epi,6,0.958778,0.031848,6.644406e-07,2.698783e-06,847,0.021232,0.000000e+00,0.042464,1.104899e-06,0.000000e+00,146,1,0,1,1,1
022_windex_bottle,s0_gate_070_022_windex_bottle_t0,complete_epi,330,0.852561,0.037098,3.183378e-06,4.090331e-06,5285,0.024732,2.122410e-06,0.049463,5.175363e-06,1.597775e+00,1145,1,0,1,1,0
022_windex_bottle,s0_gate_070_022_windex_bottle_t1,complete_epi,669,0.666091,0.039292,1.072955e-05,6.224557e-06,1143,0.026195,1.114579e-06,0.052390,1.936205e-05,0.000000e+00,176,1,0,1,1,0
022_windex_bottle,s0_gate_070_022_windex_bottle_t2,complete_epi,8,0.924707,0.038749,2.085308e-05,7.790637e-05,2956,0.025833,2.374509e-05,0.051666,3.096218e-05,1.028664e+00,552,1,0,1,1,0
022_windex_bottle,s0_gate_070_022_windex_bottle_t3,complete_epi,75,0.932875,0.028543,1.743726e-06,3.141859e-06,1041,0.019029,1.455357e-06,0.038057,2.854914e-06,5.541899e-01,503,1,0,1,1,0
022_windex_bottle,s0_gate_070_022_windex_bottle_t4,complete_epi,6,0.927362,0.045315,1.131553e-05,3.252297e-05,1149,0.030210,8.218358e-07,0.060420,2.040775e-05,0.000000e+00,104,1,0,1,1,0
022_windex_bottle,s0_gate_070_022_windex_bottle_t5,complete_epi,375,0.842640,0.039753,1.942843e-05,1.160555e-05,3162,0.026502,1.281884e-05,0.053004,3.930820e-05,1.509850e+00,899,1,0,1,1,0
022_windex_bottle,s0_gate_070_022_windex_bottle_t6,complete_epi,84,0.855900,0.043363,4.596628e-06,7.221542e-06,7619,0.028908,2.523458e-06,0.057817,1.006591e-05,3.007631e+00,1959,1,0,1,1,1
022_windex_bottle,s0_gate_070_022_windex_bottle_t7,complete_epi,567,0.780348,0.038470,5.461604e-05,3.008667e-04,3262,0.025647,2.509731e-05,0.051294,7.615081e-05,3.936203e-01,365,1,0,1,1,0
022_windex_bottle,s0_gate_070_022_windex_bottle_t8,complete_epi,10,0.947173,0.042239,4.107938e-05,2.239529e-04,1738,0.028159,4.429050e-05,0.056319,9.099916e-05,6.555386e-01,351,1,0,1,1,0
022_windex_bottle,s0_gate_070_022_windex_bottle_t9,complete_epi,411,0.810731,0.040791,7.803416e-06,2.231617e-05,4056,0.027194,5.761938e-06,0.054388,1.433595e-05,1.710647e-01,58,1,0,1,1,1
022_windex_bottle,s0_gate_070_022_windex_bottle_t10,complete_epi,0,0.945345,0.044755,4.036874e-06,7.477795e-06,1197,0.029837,1.637944e-06,0.059673,4.315866e-05,0.000000e+00,102,1,0,1,1,0
022_windex_bottle,s0_gate_070_022_windex_bottle_t11,complete_epi,0,0.946089,0.044361,3.771292e-06,6.374489e-06,1034,0.029574,2.562341e-06,0.059149,3.085053e-05,0.000000e+00,93,1,0,1,1,0
022_windex_bottle,s0_gate_070_022_windex_bottle_t12,complete_epi,10,0.950428,0.041271,1.153851e-05,3.373456e-05,858,0.027514,1.005898e-05,0.055029,2.174648e-05,2.219711e-02,122,1,0,1,1,0
022_windex_bottle,s0_gate_070_022_windex_bottle_t13,complete_epi,219,0.870540,0.037217,2.909087e-06,7.089956e-06,5470,0.024811,2.171850e-06,0.049623,4.526275e-06,7.183380e-01,569,1,0,1,1,0
022_windex_bottle,s0_gate_070_022_windex_bottle_t14,complete_epi,82,0.918873,0.044538,1.153528e-05,4.977277e-05,857,0.029692,4.082167e-06,0.059384,5.125173e-05,0.000000e+00,93,1,0,1,1,0
022_windex_bottle,s0_gate_070_022_windex_bottle_t15,complete_epi,11,0.893631,0.036464,3.131424e-05,3.636811e-05,1664,0.024309,6.650556e-06,0.048619,8.568842e-05,2.209400e-01,243,1,0,1,1,0
022_windex_bottle,s0_gate_070_022_windex_bottle_t16,complete_epi,274,0.888692,0.040757,4.853826e-06,1.360846e-05,6085,0.027171,3.342418e-06,0.054343,7.972906e-06,9.602589e-01,603,1,0,1,1,0
022_windex_bottle,s0_gate_070_022_windex_bottle_t17,complete_epi,10,0.891371,0.039930,3.246228e-06,6.949437e-06,4854,0.026620,1.945877e-06,0.053240,5.344496e-06,6.461446e-01,519,1,0,1,1,0
022_windex_bottle,s0_gate_070_022_windex_bottle_t18,complete_epi,6,0.932704,0.042520,6.204214e-06,1.999840e-05,4799,0.028347,3.217595e-06,0.056694,1.329365e-05,4.897728e-01,402,1,0,1,1,0
022_windex_bottle,s0_gate_070_022_windex_bottle_t19,complete_epi,824,0.651648,0.039279,4.029078e-05,8.712719e-05,1902,0.026186,2.222651e-05,0.052371,1.237095e-04,5.803745e-01,226,1,0,1,1,0
006_mustard_bottle,s1_gate_off_006_mustard_bottle_t0,complete_only,0,0.861116,0.031806,9.634344e-06,2.325800e-05,1361,0.021204,9.630507e-06,0.042408,8.548357e-06,1.800905e-01,233,1,0,1,1,1
006_mustard_bottle,s1_gate_off_006_mustard_bottle_t1,complete_only,0,0.850553,0.032358,4.596550e-06,1.043176e-05,1381,0.021572,5.012597e-06,0.043144,4.621721e-06,1.133299e-01,234,1,0,1,1,1
006_mustard_bottle,s1_gate_off_006_mustard_bottle_t2,complete_only,0,0.837118,0.038562,7.068552e-06,2.026182e-05,1936,0.025708,7.120363e-06,0.051415,7.020866e-06,9.273769e-01,473,1,0,1,1,1
006_mustard_bottle,s1_gate_off_006_mustard_bottle_t3,complete_only,1111,0.382911,0.039546,5.504108e-06,1.145824e-05,2574,0.026364,6.861333e-06,0.052728,3.994738e-06,6.189803e-01,374,1,0,1,1,1
006_mustard_bottle,s1_gate_off_006_mustard_bottle_t4,complete_only,0,0.912812,0.032409,7.431453e-06,1.406793e-05,1415,0.021606,8.258992e-06,0.043213,6.387207e-06,4.230201e-01,337,1,0,1,1,1
006_mustard_bottle,s1_gate_off_006_mustard_bottle_t5,complete_only,77,0.949558,0.019542,1.213129e-04,6.152715e-04,843,0.013028,2.111486e-04,0.026056,9.255787e-05,1.799320e+00,587,1,0,1,1,0
006_mustard_bottle,s1_gate_off_006_mustard_bottle_t6,complete_only,0,0.916825,0.031859,1.165858e-05,2.070588e-05,1713,0.021240,1.271985e-05,0.042479,1.058073e-05,6.815362e-01,491,1,0,1,1,1
006_mustard_bottle,s1_gate_off_006_mustard_bottle_t7,complete_only,0,0.958631,0.024891,1.749293e-04,5.628125e-04,1353,0.016594,1.698445e-04,0.033188,1.306904e-04,1.562501e+00,302,1,0,1,1,0
006_mustard_bottle,s1_gate_off_006_mustard_bottle_t8,complete_only,9,0.943254,0.029737,2.012504e-06,7.216411e-06,1744,0.019824,1.681530e-06,0.039649,2.262487e-06,1.174820e-01,420,1,0,1,1,1
006_mustard_bottle,s1_gate_off_006_mustard_bottle_t9,complete_only,179,0.768979,0.032696,2.385913e-05,8.521431e-05,1989,0.021797,1.454151e-05,0.043595,2.823396e-05,1.021978e+00,706,1,0,1,1,1
006_mustard_bottle,s1_gate_off_006_mustard_bottle_t10,complete_only,42,0.879190,0.031936,6.091915e-06,1.674087e-05,1525,0.021291,6.725147e-06,0.042582,5.505443e-06,7.440063e-01,497,1,0,1,1,1
006_mustard_bottle,s1_gate_off_006_mustard_bottle_t11,complete_only,0,0.966482,0.018196,1.672190e-06,2.411061e-06,2469,0.012131,1.660593e-06,0.024261,2.063421e-06,7.026546e-01,1243,1,0,1,1,1
006_mustard_bottle,s1_gate_off_006_mustard_bottle_t12,complete_only,0,0.933033,0.030988,4.698102e-06,1.714180e-05,1935,0.020659,3.337438e-06,0.041317,6.081899e-06,3.821580e-01,664,1,0,1,1,1
006_mustard_bottle,s1_gate_off_006_mustard_bottle_t14,complete_only,0,0.848896,0.031634,8.606489e-06,2.023950e-05,1418,0.021090,8.052276e-06,0.042179,9.166693e-06,2.227689e-01,265,1,0,1,1,1
006_mustard_bottle,s1_gate_off_006_mustard_bottle_t15,complete_only,46,0.944433,0.032764,6.898174e-05,2.059665e-04,1931,0.021843,1.037522e-04,0.043685,3.048658e-05,1.007687e+00,411,1,0,1,1,0
006_mustard_bottle,s1_gate_off_006_mustard_bottle_t16,complete_only,2,0.845962,0.031402,9.834648e-06,2.548353e-05,1386,0.020935,1.011941e-05,0.041870,9.043767e-06,5.500148e-01,245,1,0,1,1,1
006_mustard_bottle,s1_gate_off_006_mustard_bottle_t17,complete_only,0,0.882694,0.033084,9.815591e-06,2.270947e-05,1936,0.022056,1.118104e-05,0.044111,1.232240e-05,7.379319e-01,429,1,0,1,1,1
006_mustard_bottle,s1_gate_off_006_mustard_bottle_t19,complete_only,181,0.843763,0.031573,4.899825e-06,9.314292e-06,1821,0.021049,5.495773e-06,0.042098,4.230957e-06,6.271314e-01,413,1,0,1,1,1
011_banana,s1_gate_off_011_banana_t0,complete_only,1462,0.606612,0.032232,1.707663e-04,9.940528e-04,1561,0.021488,4.956250e-04,0.042976,8.494623e-05,1.084898e+00,478,1,0,1,1,0
011_banana,s1_gate_off_011_banana_t1,complete_only,860,0.833250,0.031765,1.419536e-04,5.801402e-04,2077,0.021177,2.764711e-04,0.042354,1.272202e-04,1.383379e+00,794,1,0,1,1,1
011_banana,s1_gate_off_011_banana_t2,complete_only,1325,0.719602,0.031410,1.263902e-04,6.207330e-04,1182,0.020940,3.049388e-04,0.041880,4.727170e-05,5.518014e-01,417,1,0,1,1,0
011_banana,s1_gate_off_011_banana_t3,complete_only,1847,0.308227,0.031618,7.987587e-04,2.089140e-03,2192,0.021079,1.178158e-03,0.042158,4.728906e-04,3.961995e+00,1138,1,0,1,1,1
011_banana,s1_gate_off_011_banana_t4,complete_only,916,0.837257,0.032509,5.174123e-05,7.279451e-05,3131,0.021673,3.899044e-05,0.043346,8.260463e-05,8.806345e-01,705,1,0,1,1,1
011_banana,s1_gate_off_011_banana_t5,complete_only,1927,0.068524,0.032101,1.948274e-03,6.776500e-03,1363,0.021401,3.425969e-03,0.042801,1.654560e-03,2.421542e+00,80,1,0,1,1,0
011_banana,s1_gate_off_011_banana_t6,complete_only,1910,0.098596,0.032886,4.337586e-05,2.944840e-04,2853,0.021924,9.816987e-05,0.043848,5.096417e-05,1.908521e+00,1133,1,0,1,1,0
011_banana,s1_gate_off_011_banana_t7,complete_only,795,0.865167,0.031243,1.201745e-04,3.981757e-04,1845,0.020828,7.020656e-04,0.041657,9.270870e-05,8.010273e-01,722,1,0,1,1,1
011_banana,s1_gate_off_011_banana_t8,complete_only,854,0.842338,0.031834,1.938122e-05,8.362902e-05,1928,0.021223,5.122358e-05,0.042446,1.246697e-05,4.865927e-01,461,1,0,1,1,0
011_banana,s1_gate_off_011_banana_t9,complete_only,466,0.907382,0.031929,5.392922e-04,2.729128e-03,1484,0.021286,1.678530e-03,0.042573,3.510689e-04,1.429522e+00,526,1,0,1,1,0
011_banana,s1_gate_off_011_banana_t10,complete_only,1735,0.329604,0.032932,7.841713e-05,4.017869e-04,1255,0.021954,1.140263e-04,0.043909,4.309259e-05,7.213476e-01,305,1,0,1,1,0
011_banana,s1_gate_off_011_banana_t11,complete_only,823,0.828049,0.032634,4.680337e-05,2.431769e-04,3195,0.021756,1.259787e-04,0.043512,2.583333e-05,2.196855e+00,1199,1,0,1,1,1
011_banana,s1_gate_off_011_banana_t12,complete_only,633,0.868287,0.031942,1.128811e-04,1.178659e-04,2387,0.021295,1.452433e-04,0.042590,9.689992e-05,8.415861e-01,808,1,0,1,1,1
011_banana,s1_gate_off_011_banana_t13,complete_only,1644,0.471030,0.031164,3.905145e-04,2.573927e-03,1671,0.020776,1.068630e-03,0.041553,3.232637e-04,2.732250e+00,550,1,0,1,1,0
011_banana,s1_gate_off_011_banana_t14,complete_only,1041,0.793597,0.032066,1.298467e-04,8.950930e-04,1591,0.021377,5.474053e-04,0.042754,9.420120e-05,1.142834e+00,453,1,0,1,1,0
011_banana,s1_gate_off_011_banana_t15,complete_only,1414,0.616508,0.030722,2.604607e-04,1.072005e-03,1277,0.020481,3.309841e-04,0.040962,1.441064e-04,1.858464e+00,680,1,0,1,1,0
011_banana,s1_gate_off_011_banana_t16,complete_only,1178,0.713996,0.032657,5.996782e-05,2.668546e-04,2374,0.021772,7.729024e-05,0.043543,6.290519e-05,1.413014e+00,700,1,0,1,1,1
011_banana,s1_gate_off_011_banana_t17,complete_only,1875,0.203065,0.032012,2.851023e-04,1.384565e-03,2000,0.021341,3.678509e-04,0.042683,2.025933e-04,1.260798e+00,1010,1,0,1,1,0
011_banana,s1_gate_off_011_banana_t18,complete_only,638,0.884827,0.031111,5.861375e-05,1.990777e-04,2116,0.020741,2.081823e-04,0.041482,2.870608e-05,2.179678e+00,1460,1,0,1,1,0
011_banana,s1_gate_off_011_banana_t19,complete_only,1679,0.469699,0.032141,1.016578e-05,3.823849e-05,2802,0.021427,8.636438e-06,0.042855,1.250578e-05,6.730733e-01,587,1,0,1,1,0
025_mug,s1_gate_010_025_mug_t0,complete_epi,43,0.904549,0.019955,2.627081e-06,5.695255e-06,666,0.013303,2.814726e-06,0.026607,2.498907e-06,3.737674e-01,263,1,0,1,1,1
025_mug,s1_gate_010_025_mug_t1,complete_epi,0,0.864740,0.027647,4.989982e-06,1.540011e-05,601,0.018432,5.194981e-06,0.036863,4.469570e-06,1.506576e-01,82,1,0,1,1,0
025_mug,s1_gate_010_025_mug_t2,complete_epi,16,0.936895,0.020640,3.315008e-05,1.473397e-04,470,0.013760,3.242448e-05,0.027520,3.115350e-05,5.727956e-01,168,1,0,1,1,0
025_mug,s1_gate_010_025_mug_t3,complete_epi,111,0.869204,0.020282,9.318124e-07,1.545710e-06,535,0.013522,0.000000e+00,0.027043,1.211198e-06,0.000000e+00,96,1,0,1,1,1
025_mug,s1_gate_010_025_mug_t4,complete_epi,0,0.945729,0.021521,4.849140e-05,2.295932e-04,393,0.014347,1.015769e-04,0.028695,2.920486e-05,2.914865e-01,171,1,0,1,1,1
025_mug,s1_gate_010_025_mug_t5,complete_epi,305,0.718467,0.020350,1.741453e-06,5.263094e-06,425,0.013567,1.827555e-06,0.027134,1.642314e-06,1.598394e-01,155,1,0,1,1,0
025_mug,s1_gate_010_025_mug_t6,complete_epi,96,0.927924,0.020147,1.241109e-05,4.082383e-05,1004,0.013432,1.043889e-05,0.026863,1.468186e-05,2.513254e-01,279,1,0,1,1,1
025_mug,s1_gate_010_025_mug_t7,complete_epi,34,0.923690,0.020309,2.378628e-06,5.171519e-06,1045,0.013539,2.230610e-06,0.027078,2.579000e-06,4.197968e-01,315,1,0,1,1,1
025_mug,s1_gate_010_025_mug_t8,complete_epi,67,0.930206,0.024479,2.046426e-05,1.178631e-04,697,0.016319,1.168357e-05,0.032638,2.312005e-05,4.765311e-01,189,1,0,1,1,0
025_mug,s1_gate_010_025_mug_t9,complete_epi,104,0.926625,0.020905,1.263503e-06,2.230517e-06,842,0.013937,1.293341e-06,0.027874,1.274002e-06,2.047983e-01,226,1,0,1,1,1
025_mug,s1_gate_010_025_mug_t10,complete_epi,342,0.786682,0.020617,1.344184e-05,1.006217e-04,531,0.013744,1.735083e-05,0.027489,7.085891e-06,3.145568e-01,278,1,0,1,1,0
025_mug,s1_gate_010_025_mug_t11,complete_epi,61,0.906341,0.021006,1.511950e-05,6.009807e-05,490,0.014004,9.346163e-06,0.028008,1.818921e-05,2.026854e-01,132,1,0,1,1,1
025_mug,s1_gate_010_025_mug_t12,complete_epi,117,0.920447,0.021699,8.490378e-06,2.416973e-05,537,0.014466,9.706879e-06,0.028932,8.453149e-06,3.230583e-01,160,1,0,1,1,1
025_mug,s1_gate_010_025_mug_t13,complete_epi,4,0.943145,0.020876,1.022519e-05,2.931633e-05,706,0.013917,1.014477e-05,0.027835,8.015999e-06,4.590385e-01,237,1,0,1,1,1
025_mug,s1_gate_010_025_mug_t14,complete_epi,7,0.879300,0.006437,1.162340e-04,2.284422e-04,2723,0.004292,1.685842e-04,0.008583,9.769635e-05,1.145637e+01,7205,1,0,1,1,0
025_mug,s1_gate_010_025_mug_t15,complete_epi,81,0.895663,0.019640,3.021291e-06,7.075213e-06,732,0.013093,3.415452e-06,0.026187,2.811308e-06,3.526042e-01,265,1,0,1,1,1
025_mug,s1_gate_010_025_mug_t16,complete_epi,390,0.718819,0.020179,1.326819e-06,4.501592e-06,257,0.013453,9.574483e-07,0.026906,1.369510e-06,0.000000e+00,65,1,0,1,1,1
025_mug,s1_gate_010_025_mug_t17,complete_epi,107,0.901594,0.019842,3.279897e-06,5.968247e-06,831,0.013228,3.122083e-06,0.026456,3.454336e-06,2.450624e-01,164,1,0,1,1,1
025_mug,s1_gate_010_025_mug_t18,complete_epi,103,0.935210,0.023996,2.109117e-05,7.855255e-05,476,0.015997,2.391328e-05,0.031995,2.394476e-05,3.012849e-01,127,1,0,1,1,1
025_mug,s1_gate_010_025_mug_t19,complete_epi,111,0.909368,0.021650,1.820675e-05,1.022250e-04,761,0.014433,2.051735e-05,0.028866,1.832616e-05,5.598066e-01,284,1,0,1,1,1
051_large_clamp,s1_gate_010_051_large_clamp_t0,complete_epi,0,0.963886,0.029898,9.723605e-07,4.119913e-06,1146,0.019932,5.788160e-07,0.039864,1.134042e-06,1.138176e-01,220,1,0,1,1,0
051_large_clamp,s1_gate_010_051_large_clamp_t1,complete_epi,0,0.970834,0.032642,3.986604e-06,1.791684e-05,1339,0.021762,2.535648e-06,0.043523,1.366621e-05,3.231217e-01,290,1,0,1,1,1
051_large_clamp,s1_gate_010_051_large_clamp_t2,complete_epi,14,0.928810,0.041474,5.217160e-07,3.623386e-06,1252,0.027649,5.567354e-07,0.055299,1.267839e-06,0.000000e+00,179,1,0,1,1,0
051_large_clamp,s1_gate_010_051_large_clamp_t3,complete_epi,159,0.922761,0.031492,1.066621e-08,0.000000e+00,658,0.020994,0.000000e+00,0.041989,1.380712e-06,0.000000e+00,140,1,0,1,1,0
051_large_clamp,s1_gate_010_051_large_clamp_t4,complete_epi,7,0.952716,0.032074,2.037816e-06,4.940738e-06,1697,0.021382,1.864004e-06,0.042765,2.525606e-06,1.080076e-01,216,1,0,1,1,1
051_large_clamp,s1_gate_010_051_large_clamp_t5,complete_epi,2,0.958170,0.032673,1.026606e-05,4.146706e-05,2427,0.021782,2.594184e-05,0.043565,1.246270e-05,2.431348e-01,214,1,0,1,1,0
051_large_clamp,s1_gate_010_051_large_clamp_t6,complete_epi,2,0.964251,0.030027,0.000000e+00,0.000000e+00,523,0.020018,0.000000e+00,0.040036,4.812610e-07,0.000000e+00,134,1,0,1,1,0
051_large_clamp,s1_gate_010_051_large_clamp_t7,complete_epi,5,0.965896,0.032413,3.343196e-04,1.416725e-03,674,0.021609,8.129431e-04,0.043217,6.971209e-05,4.528770e-01,275,1,0,1,1,0
051_large_clamp,s1_gate_010_051_large_clamp_t9,complete_epi,0,0.969280,0.031922,1.897078e-07,0.000000e+00,801,0.021281,0.000000e+00,0.042562,1.767354e-06,0.000000e+00,158,1,0,1,1,1
051_large_clamp,s1_gate_010_051_large_clamp_t10,complete_epi,118,0.944990,0.030505,1.521989e-05,6.163851e-05,4015,0.020337,1.327021e-05,0.040674,1.063378e-05,1.820757e+00,1191,1,0,1,1,1
051_large_clamp,s1_gate_010_051_large_clamp_t11,complete_epi,9,0.958643,0.032236,1.749659e-06,0.000000e+00,768,0.021490,0.000000e+00,0.042981,4.618887e-06,0.000000e+00,140,1,0,1,1,1
051_large_clamp,s1_gate_010_051_large_clamp_t12,complete_epi,7,0.962298,0.030666,1.752397e-07,1.533812e-06,1113,0.020444,7.054825e-08,0.040888,1.691926e-07,0.000000e+00,235,1,0,1,1,1
051_large_clamp,s1_gate_010_051_large_clamp_t13,complete_epi,21,0.966042,0.029139,4.530171e-05,1.648224e-04,475,0.019426,2.206844e-04,0.038852,2.992894e-05,1.034902e-01,162,1,0,1,1,0
051_large_clamp,s1_gate_010_051_large_clamp_t14,complete_epi,0,0.967762,0.029738,6.323748e-07,3.963258e-06,729,0.019825,0.000000e+00,0.039650,9.030001e-07,0.000000e+00,162,1,0,1,1,0
051_large_clamp,s1_gate_010_051_large_clamp_t15,complete_epi,75,0.957058,0.030138,6.102549e-06,1.323747e-05,1764,0.020092,5.669018e-06,0.040184,7.484769e-06,2.431801e-01,266,1,0,1,1,1
051_large_clamp,s1_gate_010_051_large_clamp_t16,complete_epi,3,0.966478,0.033037,1.018994e-05,5.483950e-05,1016,0.022025,4.163667e-06,0.044049,1.981679e-05,3.271399e-01,240,1,0,1,1,0
051_large_clamp,s1_gate_010_051_large_clamp_t17,complete_epi,117,0.925062,0.031813,2.320606e-08,0.000000e+00,658,0.021209,0.000000e+00,0.042418,1.886114e-06,0.000000e+00,150,1,0,1,1,1
051_large_clamp,s1_gate_010_051_large_clamp_t18,complete_epi,0,0.973720,0.017108,9.775666e-06,5.556713e-05,1284,0.011405,1.231718e-05,0.022811,1.292108e-05,1.701682e+00,1299,1,0,1,1,0
051_large_clamp,s1_gate_010_051_large_clamp_t19,complete_epi,52,0.956695,0.030500,1.984311e-06,5.647430e-06,2472,0.020333,2.137121e-06,0.040667,2.623885e-06,5.469966e-01,538,1,0,1,1,1
022_windex_bottle,s1_gate_020_022_windex_bottle_t0,complete_epi,5,0.941004,0.044633,4.343423e-06,1.463156e-05,1447,0.029755,2.504012e-06,0.059510,4.376369e-05,2.881268e-01,252,1,0,1,1,0
022_windex_bottle,s1_gate_020_022_windex_bottle_t1,complete_epi,4,0.931690,0.039436,5.958859e-05,4.189319e-04,2453,0.026291,1.138662e-04,0.052581,4.624163e-05,1.416983e+00,770,1,0,1,1,1
022_windex_bottle,s1_gate_020_022_windex_bottle_t2,complete_epi,32,0.927429,0.044890,5.779655e-06,9.920111e-06,2219,0.029927,1.594456e-06,0.059853,1.574774e-05,0.000000e+00,54,1,0,1,1,0
022_windex_bottle,s1_gate_020_022_windex_bottle_t3,complete_epi,1,0.958507,0.042346,1.083548e-05,2.002420e-05,1383,0.028231,7.981424e-06,0.056462,4.844317e-05,3.690562e-01,312,1,0,1,1,0
022_windex_bottle,s1_gate_020_022_windex_bottle_t4,complete_epi,0,0.952756,0.042783,1.372886e-04,8.002654e-04,607,0.028522,1.535634e-04,0.057044,1.287793e-04,2.116758e-01,113,1,0,1,1,0
022_windex_bottle,s1_gate_020_022_windex_bottle_t5,complete_epi,3,0.941062,0.040957,1.694859e-05,8.851731e-05,969,0.027305,9.910631e-06,0.054610,4.428776e-05,0.000000e+00,108,1,0,1,1,0
022_windex_bottle,s1_gate_020_022_windex_bottle_t6,complete_epi,0,0.959318,0.045216,3.995745e-05,1.074789e-04,2037,0.030144,1.642676e-05,0.060288,1.354095e-04,7.731749e-01,545,1,0,1,1,0
022_windex_bottle,s1_gate_020_022_windex_bottle_t7,complete_epi,2,0.917731,0.038686,2.024930e-05,6.338100e-05,3000,0.025791,3.071282e-05,0.051582,2.361288e-05,1.895025e+00,1080,1,0,1,1,1
022_windex_bottle,s1_gate_020_022_windex_bottle_t8,complete_epi,239,0.819520,0.042625,7.701688e-06,2.352216e-05,1315,0.028416,0.000000e+00,0.056833,1.091331e-05,0.000000e+00,56,1,0,1,1,0
022_windex_bottle,s1_gate_020_022_windex_bottle_t9,complete_epi,271,0.855879,0.044369,1.715931e-05,7.894865e-05,1281,0.029580,1.087700e-05,0.059159,6.335936e-05,2.413710e-01,134,1,0,1,1,0
022_windex_bottle,s1_gate_020_022_windex_bottle_t10,complete_epi,0,0.932856,0.045280,3.207819e-05,1.924298e-04,1995,0.030187,1.323037e-05,0.060374,1.121640e-04,7.628563e-01,413,1,0,1,1,0
022_windex_bottle,s1_gate_020_022_windex_bottle_t11,complete_epi,16,0.920919,0.029265,3.289317e-06,5.096545e-06,1408,0.019510,2.151898e-06,0.039019,8.198957e-06,3.285268e-01,361,1,0,1,1,0
022_windex_bottle,s1_gate_020_022_windex_bottle_t12,complete_epi,1173,0.516563,0.038269,4.862583e-05,2.159134e-04,3047,0.025512,5.232006e-05,0.051025,5.002269e-05,2.353942e+00,1070,1,0,1,1,0
022_windex_bottle,s1_gate_020_022_windex_bottle_t13,complete_epi,216,0.906415,0.044215,4.498850e-05,1.200342e-04,4949,0.029477,1.986264e-04,0.058953,3.483406e-05,2.482243e+00,1477,1,0,1,1,0
022_windex_bottle,s1_gate_020_022_windex_bottle_t14,complete_epi,8,0.945629,0.044679,2.218326e-05,6.173829e-05,1095,0.029786,2.602506e-06,0.059571,8.228947e-05,0.000000e+00,107,1,0,1,1,0
022_windex_bottle,s1_gate_020_022_windex_bottle_t15,complete_epi,0,0.961809,0.041686,2.060113e-05,1.196419e-04,900,0.027791,1.641170e-05,0.055582,5.549854e-05,1.172216e-02,153,1,0,1,1,0
022_windex_bottle,s1_gate_020_022_windex_bottle_t16,complete_epi,93,0.847343,0.040448,2.907515e-04,1.951727e-03,2276,0.026965,4.414024e-04,0.053931,2.653189e-04,2.620348e+00,1097,1,0,1,1,0
022_windex_bottle,s1_gate_020_022_windex_bottle_t17,complete_epi,1,0.951000,0.042198,3.468747e-05,1.080800e-04,1217,0.028132,2.034673e-05,0.056264,7.394352e-05,5.255151e-01,234,1,0,1,1,0
022_windex_bottle,s1_gate_020_022_windex_bottle_t18,complete_epi,631,0.798080,0.040223,3.421714e-05,2.059489e-04,3349,0.026815,3.209988e-05,0.053630,3.643384e-05,8.494580e-01,274,1,0,1,1,0
022_windex_bottle,s1_gate_020_022_windex_bottle_t19,complete_epi,0,0.956005,0.042211,1.194571e-05,6.839755e-05,1788,0.028141,1.030183e-05,0.056282,2.681334e-05,1.597408e-01,221,1,0,1,1,0
006_mustard_bottle,s1_gate_030_006_mustard_bottle_t0,complete_epi,0,0.874070,0.031806,1.037421e-05,2.593747e-05,1566,0.021204,9.481935e-06,0.042408,1.054836e-05,1.430192e-01,274,1,0,1,1,1
006_mustard_bottle,s1_gate_030_006_mustard_bottle_t1,complete_epi,28,0.824211,0.031744,6.696516e-06,1.629425e-05,1291,0.021163,6.656830e-06,0.042325,7.205870e-06,2.352995e-01,234,1,0,1,1,1
006_mustard_bottle,s1_gate_030_006_mustard_bottle_t2,complete_epi,44,0.899191,0.056593,5.515293e-05,2.312349e-04,9340,0.037729,2.266391e-05,0.075457,1.292997e-04,2.299583e-03,310,1,0,1,1,1
006_mustard_bottle,s1_gate_030_006_mustard_bottle_t3,complete_epi,2,0.845251,0.031839,6.557616e-06,1.323305e-05,1743,0.021226,7.134798e-06,0.042452,5.983207e-06,5.305882e-01,404,1,0,1,1,1
006_mustard_bottle,s1_gate_030_006_mustard_bottle_t4,complete_epi,0,0.883629,0.032483,7.141206e-06,1.354677e-05,1769,0.021656,7.510814e-06,0.043311,6.835727e-06,4.942423e-01,418,1,0,1,1,1
006_mustard_bottle,s1_gate_030_006_mustard_bottle_t5,complete_epi,125,0.833222,0.032115,2.123812e-05,6.025671e-05,1842,0.021410,1.299670e-05,0.042820,2.827428e-05,1.049476e+00,789,1,0,1,1,1
006_mustard_bottle,s1_gate_030_006_mustard_bottle_t6,complete_epi,86,0.862625,0.061352,1.128450e-03,4.091737e-03,1644,0.040901,1.651973e-03,0.081803,1.225849e-03,3.307742e+00,98,1,0,1,1,0
006_mustard_bottle,s1_gate_030_006_mustard_bottle_t7,complete_epi,0,0.868950,0.032445,7.298212e-06,1.704678e-05,1779,0.021630,7.971346e-06,0.043261,7.041659e-06,2.391661e-01,285,1,0,1,1,1
006_mustard_bottle,s1_gate_030_006_mustard_bottle_t8,complete_epi,0,0.938609,0.064823,1.303760e-04,4.288452e-04,11780,0.043215,4.715642e-05,0.086430,2.191105e-04,9.743484e-02,434,1,0,1,1,1
006_mustard_bottle,s1_gate_030_006_mustard_bottle_t9,complete_epi,322,0.745316,0.032434,1.871314e-05,5.565963e-05,1832,0.021623,1.181108e-05,0.043245,2.912262e-05,8.741324e-01,636,1,0,1,1,1
006_mustard_bottle,s1_gate_030_006_mustard_bottle_t10,complete_epi,40,0.877596,0.031814,4.329525e-06,1.083407e-05,1681,0.021209,4.770541e-06,0.042418,3.935297e-06,4.249559e-01,373,1,0,1,1,1
006_mustard_bottle,s1_gate_030_006_mustard_bottle_t11,complete_epi,1166,0.326035,0.040542,3.043746e-05,1.602209e-04,1996,0.027028,4.127005e-05,0.054055,1.888974e-05,1.089634e+00,150,1,0,1,1,0
006_mustard_bottle,s1_gate_030_006_mustard_bottle_t12,complete_epi,0,0.920161,0.030667,4.164726e-06,1.555638e-05,1947,0.020444,3.418501e-06,0.040889,4.890721e-06,4.550927e-01,605,1,0,1,1,1
006_mustard_bottle,s1_gate_030_006_mustard_bottle_t13,complete_epi,556,0.745638,0.032589,1.586033e-05,5.574450e-05,2040,0.021726,1.058657e-05,0.043451,2.581489e-05,7.025682e-01,532,1,0,1,1,1
006_mustard_bottle,s1_gate_030_006_mustard_bottle_t14,complete_epi,1,0.852393,0.031756,1.723902e-05,4.422132e-05,1320,0.021170,1.505434e-05,0.042341,1.702989e-05,3.934818e-01,390,1,0,1,1,1
006_mustard_bottle,s1_gate_030_006_mustard_bottle_t15,complete_epi,366,0.778525,0.032870,1.280084e-05,3.513824e-05,1997,0.021913,1.100136e-05,0.043827,1.531321e-05,6.302110e-01,429,1,0,1,1,1
006_mustard_bottle,s1_gate_030_006_mustard_bottle_t16,complete_epi,9,0.950968,0.032294,8.296659e-06,2.373635e-05,1666,0.021529,9.262791e-06,0.043059,7.351800e-06,5.012515e-01,218,1,0,1,1,0
006_mustard_bottle,s1_gate_030_006_mustard_bottle_t17,complete_epi,3,0.869820,0.033240,8.052435e-06,2.076843e-05,2213,0.022160,9.083418e-06,0.044319,7.403729e-06,6.592263e-01,430,1,0,1,1,1
006_mustard_bottle,s1_gate_030_006_mustard_bottle_t18,complete_epi,0,0.957949,0.020072,2.903815e-04,9.118122e-04,2298,0.013381,6.015471e-04,0.026762,2.152617e-04,4.560120e+00,4280,0,0,1,1,
006_mustard_bottle,s1_gate_030_006_mustard_bottle_t19,complete_epi,95,0.886486,0.031516,4.249414e-06,8.691643e-06,1682,0.021011,4.523577e-06,0.042022,3.776462e-06,9.299016e-01,599,1,0,1,1,1
011_banana,s1_gate_030_011_banana_t0,complete_epi,1589,0.535471,0.032232,6.313151e-05,3.940207e-04,2446,0.021488,2.237286e-04,0.042976,5.887127e-05,1.144232e+00,505,1,0,1,1,0
011_banana,s1_gate_030_011_banana_t1,complete_epi,1033,0.807785,0.031773,1.482733e-04,6.085678e-04,2058,0.021182,3.119129e-04,0.042365,1.314633e-04,1.274238e+00,735,1,0,1,1,1
011_banana,s1_gate_030_011_banana_t2,complete_epi,1252,0.742734,0.031939,1.164897e-05,3.374786e-05,1828,0.021293,2.102065e-05,0.042585,9.346232e-06,2.604789e-01,313,1,0,1,1,0
011_banana,s1_gate_030_011_banana_t3,complete_epi,1845,0.299818,0.031635,1.061246e-04,4.301242e-04,1447,0.021090,2.472975e-04,0.042179,8.960480e-05,6.515505e-01,426,1,0,1,1,0
011_banana,s1_gate_030_011_banana_t4,complete_epi,540,0.893264,0.032945,5.324426e-05,7.701301e-05,3005,0.021963,3.869658e-05,0.043926,8.638416e-05,6.643168e-01,484,1,0,1,1,0
011_banana,s1_gate_030_011_banana_t5,complete_epi,1954,0.046172,0.031638,1.469877e-04,9.287450e-04,2764,0.021092,1.931220e-04,0.042184,1.414447e-04,2.083602e+00,1060,1,0,1,1,1
011_banana,s1_gate_030_011_banana_t6,complete_epi,1898,0.099528,0.032922,1.469947e-04,4.354512e-04,1118,0.021948,2.009943e-04,0.043896,1.091925e-04,5.360936e-01,297,1,0,1,1,0
011_banana,s1_gate_030_011_banana_t7,complete_epi,747,0.868701,0.031288,5.382109e-05,1.219807e-04,2775,0.020858,3.457274e-05,0.041717,6.605078e-05,7.790659e-01,753,1,0,1,1,1
011_banana,s1_gate_030_011_banana_t8,complete_epi,463,0.858896,0.034182,1.701555e-05,1.600182e-05,2573,0.022788,5.903858e-06,0.045576,1.985349e-05,4.182913e-01,421,1,0,1,1,0
011_banana,s1_gate_030_011_banana_t9,complete_epi,899,0.810868,0.032151,2.114420e-04,1.286042e-03,2521,0.021434,4.339853e-04,0.042868,2.221787e-04,2.281956e+00,634,1,0,1,1,0
011_banana,s1_gate_030_011_banana_t10,complete_epi,1864,0.163158,0.032930,1.124309e-05,5.451361e-05,2030,0.021953,1.849653e-05,0.043906,8.826616e-06,5.456144e-01,316,1,0,1,1,0
011_banana,s1_gate_030_011_banana_t11,complete_epi,764,0.839998,0.032562,2.443016e-05,1.383329e-04,1529,0.021708,2.497126e-05,0.043416,2.738515e-05,4.418075e-02,219,1,0,1,1,0
011_banana,s1_gate_030_011_banana_t12,complete_epi,1372,0.721156,0.031738,1.456279e-04,2.587007e-04,1962,0.021159,2.326378e-04,0.042317,9.821484e-05,1.053608e+00,817,1,0,1,1,1
011_banana,s1_gate_030_011_banana_t13,complete_epi,1477,0.561375,0.031544,7.091816e-05,5.050336e-05,2916,0.021029,5.100727e-05,0.042058,1.130952e-04,5.226757e-01,407,1,0,1,1,1
011_banana,s1_gate_030_011_banana_t14,complete_epi,1530,0.565761,0.032838,1.286512e-04,9.007729e-04,1729,0.021892,6.496528e-04,0.043784,9.639382e-05,1.163836e+00,462,1,0,1,1,0
011_banana,s1_gate_030_011_banana_t15,complete_epi,1435,0.590697,0.030565,6.226615e-04,3.229644e-03,1215,0.020376,1.186370e-03,0.040753,5.065318e-04,1.384810e+00,631,1,0,1,1,0
011_banana,s1_gate_030_011_banana_t16,complete_epi,1196,0.683127,0.032620,4.547264e-05,2.038179e-04,2513,0.021747,4.892011e-05,0.043494,5.594096e-05,1.277832e+00,658,1,0,1,1,1
011_banana,s1_gate_030_011_banana_t17,complete_epi,1867,0.227280,0.031994,2.740848e-04,1.389311e-03,906,0.021329,3.646260e-04,0.042658,1.619382e-04,2.830751e-01,188,1,0,1,1,0
011_banana,s1_gate_030_011_banana_t18,complete_epi,562,0.877955,0.033212,4.377998e-06,1.740729e-05,3986,0.022142,2.118383e-06,0.044283,1.195304e-05,2.166137e-01,324,1,0,1,1,1
011_banana,s1_gate_030_011_banana_t19,complete_epi,1806,0.360737,0.032142,4.143702e-06,2.329351e-05,1966,0.021428,2.452759e-06,0.042856,6.064388e-06,1.624660e-01,283,1,0,1,1,0
025_mug,s1_gate_050_025_mug_t0,complete_epi,6,0.930889,0.019955,2.481935e-06,6.005959e-06,701,0.013303,2.930850e-06,0.026607,2.674040e-06,1.804377e-01,146,1,0,1,1,1
025_mug,s1_gate_050_025_mug_t1,complete_epi,243,0.875209,0.020152,1.017715e-06,2.223077e-06,367,0.013435,1.013734e-06,0.026870,9.927985e-07,6.880132e-02,138,1,0,1,1,1
025_mug,s1_gate_050_025_mug_t2,complete_epi,29,0.941527,0.021831,1.984596e-05,6.985517e-05,500,0.014554,2.834193e-05,0.029108,2.136852e-05,3.959043e-01,141,1,0,1,1,1
025_mug,s1_gate_050_025_mug_t3,complete_epi,50,0.928445,0.020898,1.339442e-06,2.336343e-06,1131,0.013932,1.291089e-06,0.027864,1.335852e-06,2.768546e-01,322,1,0,1,1,1
025_mug,s1_gate_050_025_mug_t4,complete_epi,1,0.954850,0.021781,1.675739e-05,1.081183e-04,534,0.014521,2.895204e-05,0.029042,1.677305e-05,3.112606e-01,145,1,0,1,1,1
025_mug,s1_gate_050_025_mug_t5,complete_epi,226,0.703686,0.020461,2.511419e-06,6.788486e-06,335,0.013641,2.449404e-06,0.027282,2.918041e-06,7.362540e-02,111,1,0,1,1,1
025_mug,s1_gate_050_025_mug_t6,complete_epi,6,0.948462,0.020861,1.594440e-06,6.385232e-06,763,0.013907,1.180578e-06,0.027815,1.588974e-06,0.000000e+00,103,1,0,1,1,1
025_mug,s1_gate_050_025_mug_t7,complete_epi,124,0.914396,0.020296,1.412666e-06,2.204135e-06,966,0.013531,1.165857e-06,0.027061,1.764162e-06,1.045607e-01,156,1,0,1,1,1
025_mug,s1_gate_050_025_mug_t8,complete_epi,10,0.959890,0.018852,7.422596e-07,2.294010e-06,732,0.012568,6.973744e-07,0.025137,8.415620e-07,1.382245e-01,232,1,0,1,1,0
025_mug,s1_gate_050_025_mug_t9,complete_epi,75,0.924420,0.020903,6.689002e-06,2.736174e-05,630,0.013935,9.763988e-06,0.027871,6.693478e-06,3.184680e-01,228,1,0,1,1,1
025_mug,s1_gate_050_025_mug_t10,complete_epi,99,0.921340,0.021020,4.297479e-06,1.009916e-05,956,0.014013,4.581711e-06,0.028026,5.345875e-06,2.998666e-01,305,1,0,1,1,0
025_mug,s1_gate_050_025_mug_t11,complete_epi,23,0.915966,0.021218,3.606787e-06,1.060982e-05,629,0.014146,3.765691e-06,0.028291,4.123962e-06,1.835174e-01,120,1,0,1,1,1
025_mug,s1_gate_050_025_mug_t12,complete_epi,183,0.915830,0.021634,1.163047e-05,3.111380e-05,590,0.014423,1.020536e-05,0.028845,1.488815e-05,3.716109e-01,184,1,0,1,1,1
025_mug,s1_gate_050_025_mug_t13,complete_epi,18,0.893279,0.019149,7.449919e-07,4.987699e-06,592,0.012766,1.410913e-08,0.025532,9.466506e-07,8.774313e-03,206,1,0,1,1,1
025_mug,s1_gate_050_025_mug_t14,complete_epi,23,0.924738,0.028515,2.395668e-06,4.334750e-06,1049,0.019010,2.503970e-06,0.038020,2.165943e-06,2.368303e-01,168,1,0,1,1,1
025_mug,s1_gate_050_025_mug_t16,complete_epi,85,0.768842,0.020040,1.755803e-06,4.099857e-06,358,0.013360,1.806748e-06,0.026720,1.765172e-06,1.722879e-01,196,1,0,1,1,0
025_mug,s1_gate_050_025_mug_t17,complete_epi,106,0.907053,0.019800,1.719790e-06,3.382233e-06,535,0.013200,1.868098e-06,0.026401,1.621503e-06,3.383962e-01,344,1,0,1,1,1
025_mug,s1_gate_050_025_mug_t18,complete_epi,35,0.941494,0.023278,1.221812e-06,2.288794e-06,779,0.015519,1.321582e-06,0.031037,1.275620e-06,2.822562e-01,294,1,0,1,1,1
025_mug,s1_gate_050_025_mug_t19,complete_epi,31,0.929936,0.020784,1.159022e-06,1.941072e-06,634,0.013856,1.116078e-06,0.027712,1.193441e-06,8.845116e-02,149,1,0,1,1,1
051_large_clamp,s1_gate_050_051_large_clamp_t0,complete_epi,0,0.963509,0.029898,9.723605e-07,4.148342e-06,968,0.019932,1.440447e-07,0.039864,1.134042e-06,0.000000e+00,155,1,0,1,1,1
051_large_clamp,s1_gate_050_051_large_clamp_t1,complete_epi,9,0.941052,0.046978,3.402749e-05,2.022675e-05,8207,0.031318,1.683012e-05,0.062637,6.811227e-05,5.938938e-01,433,1,0,1,1,0
051_large_clamp,s1_gate_050_051_large_clamp_t2,complete_epi,0,0.964159,0.029640,0.000000e+00,0.000000e+00,886,0.019760,0.000000e+00,0.039520,4.134384e-07,0.000000e+00,208,1,0,1,1,1
051_large_clamp,s1_gate_050_051_large_clamp_t3,complete_epi,69,0.938216,0.031395,7.094022e-07,2.014429e-06,749,0.020930,0.000000e+00,0.041860,6.242953e-06,0.000000e+00,138,1,0,1,1,1
051_large_clamp,s1_gate_050_051_large_clamp_t4,complete_epi,9,0.954351,0.032586,8.220929e-06,8.680589e-06,2104,0.021724,8.098914e-06,0.043448,9.808997e-06,2.660878e-01,270,1,0,1,1,1
051_large_clamp,s1_gate_050_051_large_clamp_t5,complete_epi,128,0.930338,0.032552,7.540300e-06,3.468042e-05,1921,0.021701,4.991178e-06,0.043403,9.566149e-06,8.008149e-01,580,1,0,1,1,1
051_large_clamp,s1_gate_050_051_large_clamp_t6,complete_epi,14,0.962346,0.029967,0.000000e+00,0.000000e+00,586,0.019978,0.000000e+00,0.039956,5.624920e-07,0.000000e+00,140,1,0,1,1,0
051_large_clamp,s1_gate_050_051_large_clamp_t7,complete_epi,256,0.863403,0.049541,6.604113e-06,4.924947e-05,2198,0.033027,3.043578e-06,0.066054,1.520519e-05,0.000000e+00,179,1,0,1,1,0
051_large_clamp,s1_gate_050_051_large_clamp_t9,complete_epi,12,0.954979,0.031941,3.707951e-07,0.000000e+00,826,0.021294,0.000000e+00,0.042588,1.447277e-06,0.000000e+00,167,1,0,1,1,1
051_large_clamp,s1_gate_050_051_large_clamp_t10,complete_epi,161,0.937888,0.030183,8.320248e-06,2.443113e-05,1492,0.020122,1.010047e-05,0.040245,9.271471e-06,5.036303e-01,347,1,0,1,1,1
051_large_clamp,s1_gate_050_051_large_clamp_t12,complete_epi,31,0.958086,0.030642,1.645725e-07,1.499176e-06,1247,0.020428,0.000000e+00,0.040857,1.002610e-06,0.000000e+00,221,1,0,1,1,1
051_large_clamp,s1_gate_050_051_large_clamp_t13,complete_epi,13,0.949347,0.032117,7.567055e-08,0.000000e+00,782,0.021411,0.000000e+00,0.042822,1.165349e-06,0.000000e+00,181,1,0,1,1,1
051_large_clamp,s1_gate_050_051_large_clamp_t14,complete_epi,0,0.954041,0.029476,4.779035e-07,2.995180e-06,843,0.019651,9.493648e-07,0.039301,7.205253e-07,0.000000e+00,171,1,0,1,1,0
051_large_clamp,s1_gate_050_051_large_clamp_t15,complete_epi,216,0.940476,0.030054,0.000000e+00,0.000000e+00,655,0.020036,0.000000e+00,0.040072,0.000000e+00,0.000000e+00,174,1,0,1,1,0
051_large_clamp,s1_gate_050_051_large_clamp_t16,complete_epi,6,0.964186,0.033150,1.191994e-06,3.486832e-06,2423,0.022100,1.382927e-06,0.044200,2.313481e-06,1.406299e-01,262,1,0,1,1,1
051_large_clamp,s1_gate_050_051_large_clamp_t17,complete_epi,59,0.938781,0.031845,0.000000e+00,0.000000e+00,622,0.021230,0.000000e+00,0.042459,1.479809e-07,0.000000e+00,138,1,0,1,1,0
051_large_clamp,s1_gate_050_051_large_clamp_t18,complete_epi,67,0.943649,0.031986,1.177248e-06,2.583634e-06,1506,0.021324,4.855132e-07,0.042647,4.070658e-06,1.023302e-01,271,1,0,1,1,1
051_large_clamp,s1_gate_050_051_large_clamp_t19,complete_epi,36,0.965339,0.030446,1.834347e-06,5.226353e-06,2326,0.020298,2.110236e-06,0.040595,2.621582e-06,4.811291e-01,470,1,0,1,1,1
022_windex_bottle,s1_gate_070_022_windex_bottle_t0,complete_epi,2,0.943460,0.044633,4.039670e-06,1.463156e-05,1418,0.029755,2.527290e-06,0.059510,4.376369e-05,2.881268e-01,229,1,0,1,1,0
022_windex_bottle,s1_gate_070_022_windex_bottle_t1,complete_epi,0,0.945670,0.039436,2.081401e-05,8.687815e-05,2894,0.026291,1.993681e-05,0.052581,3.340791e-05,6.370589e-01,333,1,0,1,1,0
022_windex_bottle,s1_gate_070_022_windex_bottle_t2,complete_epi,28,0.905492,0.040876,3.917893e-06,9.609374e-06,5420,0.027251,2.368012e-06,0.054502,6.562467e-06,5.364257e-01,452,1,0,1,1,0
022_windex_bottle,s1_gate_070_022_windex_bottle_t3,complete_epi,12,0.931745,0.042303,2.662863e-05,1.849154e-04,1482,0.028202,1.064059e-05,0.056404,5.792481e-05,0.000000e+00,50,1,0,1,1,0
022_windex_bottle,s1_gate_070_022_windex_bottle_t4,complete_epi,83,0.889880,0.042784,2.191922e-05,8.948187e-05,3202,0.028523,1.145646e-05,0.057046,5.454955e-05,7.284713e-01,446,1,0,1,1,1
022_windex_bottle,s1_gate_070_022_windex_bottle_t5,complete_epi,34,0.924981,0.040956,1.050801e-05,3.433031e-05,948,0.027304,3.796437e-06,0.054608,3.180117e-05,0.000000e+00,100,1,0,1,1,0
022_windex_bottle,s1_gate_070_022_windex_bottle_t6,complete_epi,3,0.954648,0.045143,2.897928e-05,3.965914e-05,1954,0.030095,9.350770e-06,0.060190,8.037417e-05,8.894382e-01,509,1,0,1,1,0
022_windex_bottle,s1_gate_070_022_windex_bottle_t7,complete_epi,85,0.861768,0.038691,1.346764e-05,3.744106e-05,3528,0.025794,1.116910e-05,0.051588,2.323426e-05,1.570940e+00,903,1,0,1,1,0
022_windex_bottle,s1_gate_070_022_windex_bottle_t8,complete_epi,679,0.727890,0.041224,6.963875e-06,1.561905e-05,4542,0.027483,3.068790e-06,0.054965,8.784125e-06,8.898238e-01,692,1,0,1,1,0
022_windex_bottle,s1_gate_070_022_windex_bottle_t9,complete_epi,388,0.794854,0.044369,5.844349e-06,1.607890e-05,6520,0.029580,4.045993e-06,0.059159,8.920840e-06,1.448694e+00,998,1,0,1,1,1
022_windex_bottle,s1_gate_070_022_windex_bottle_t10,complete_epi,7,0.939230,0.040001,3.373803e-05,2.000632e-04,1751,0.026667,1.973694e-05,0.053334,6.428208e-05,9.624115e-01,516,1,0,1,1,0
022_windex_bottle,s1_gate_070_022_windex_bottle_t11,complete_epi,25,0.914928,0.029272,2.711530e-06,5.205049e-06,1215,0.019514,2.249455e-06,0.039029,7.715944e-06,4.638056e-01,472,1,0,1,1,0
022_windex_bottle,s1_gate_070_022_windex_bottle_t12,complete_epi,1418,0.412300,0.038269,3.789259e-05,1.758477e-04,2841,0.025512,3.800493e-05,0.051025,4.086466e-05,1.696399e+00,964,1,0,1,1,0
022_windex_bottle,s1_gate_070_022_windex_bottle_t13,complete_epi,592,0.853950,0.044201,7.970095e-06,1.374523e-05,7186,0.029467,4.584458e-06,0.058935,1.660464e-05,2.458137e+00,1510,1,0,1,1,1
022_windex_bottle,s1_gate_070_022_windex_bottle_t14,complete_epi,34,0.937421,0.044857,3.808400e-06,1.154451e-05,1251,0.029905,1.541281e-06,0.059809,4.171334e-05,1.243775e-01,182,1,0,1,1,0
022_windex_bottle,s1_gate_070_022_windex_bottle_t15,complete_epi,595,0.737263,0.042624,1.391836e-05,1.880032e-05,4947,0.028416,2.389110e-05,0.056832,3.076143e-05,1.299866e+00,806,1,0,1,1,1
022_windex_bottle,s1_gate_070_022_windex_bottle_t16,complete_epi,976,0.609003,0.040420,1.407310e-04,1.122802e-03,3095,0.026947,1.022916e-04,0.053893,1.887564e-04,1.714377e+00,868,1,0,1,1,0
022_windex_bottle,s1_gate_070_022_windex_bottle_t17,complete_epi,1,0.952417,0.042198,1.868171e-05,9.556669e-05,1007,0.028132,1.635654e-05,0.056264,4.838696e-05,3.725892e-01,229,1,0,1,1,0
022_windex_bottle,s1_gate_070_022_windex_bottle_t18,complete_epi,914,0.715829,0.040223,1.108010e-05,4.195934e-05,4299,0.026815,8.354909e-06,0.053630,1.902825e-05,1.048525e+00,635,1,0,1,1,0
022_windex_bottle,s1_gate_070_022_windex_bottle_t19,complete_epi,0,0.955148,0.042224,1.198038e-05,6.884946e-05,1770,0.028149,1.031331e-05,0.056299,2.756372e-05,4.312584e-02,95,1,0,1,1,0
006_mustard_bottle,s2_gate_off_006_mustard_bottle_t0,complete_only,0,0.922782,0.032013,1.125492e-05,2.231524e-05,2289,0.021342,2.922316e-06,0.042684,1.579865e-05,3.734525e-01,555,1,0,1,1,1
006_mustard_bottle,s2_gate_off_006_mustard_bottle_t1,complete_only,36,0.865754,0.031406,1.459266e-05,3.670750e-05,1468,0.020937,1.223344e-05,0.041874,1.653325e-05,8.104398e-01,321,1,0,1,1,1
006_mustard_bottle,s2_gate_off_006_mustard_bottle_t2,complete_only,18,0.859719,0.030103,9.168960e-06,2.850821e-05,1501,0.020068,7.576284e-06,0.040137,1.029488e-05,7.727591e-01,331,1,0,1,1,1
006_mustard_bottle,s2_gate_off_006_mustard_bottle_t3,complete_only,0,0.908634,0.032192,6.290520e-06,1.257383e-05,1668,0.021461,6.369134e-06,0.042923,5.995756e-06,3.571150e-01,305,1,0,1,1,1
006_mustard_bottle,s2_gate_off_006_mustard_bottle_t4,complete_only,3,0.920329,0.030803,1.401881e-05,4.933020e-05,1440,0.020535,1.133219e-05,0.041070,1.543855e-05,8.597822e-01,322,1,0,1,1,1
006_mustard_bottle,s2_gate_off_006_mustard_bottle_t5,complete_only,227,0.776536,0.031978,2.421321e-05,6.866569e-05,1999,0.021319,1.453846e-05,0.042637,2.879654e-05,8.622553e-01,692,1,0,1,1,1
006_mustard_bottle,s2_gate_off_006_mustard_bottle_t6,complete_only,1133,0.226389,0.041430,2.746845e-06,8.091363e-06,2341,0.027620,2.011103e-06,0.055240,4.907985e-06,0.000000e+00,132,1,0,1,1,1
006_mustard_bottle,s2_gate_off_006_mustard_bottle_t7,complete_only,3,0.891860,0.031110,5.408190e-06,1.338143e-05,1575,0.020740,5.489955e-06,0.041480,4.949694e-06,4.441818e-01,360,1,0,1,1,1
006_mustard_bottle,s2_gate_off_006_mustard_bottle_t8,complete_only,46,0.849331,0.032037,1.509628e-05,3.930840e-05,1621,0.021358,1.264459e-05,0.042716,1.691042e-05,6.768492e-01,311,1,0,1,1,1
006_mustard_bottle,s2_gate_off_006_mustard_bottle_t9,complete_only,1,0.920179,0.031033,6.738312e-06,2.744117e-05,1935,0.020689,5.366664e-06,0.041377,1.222919e-05,8.633502e-01,835,1,0,1,1,1
006_mustard_bottle,s2_gate_off_006_mustard_bottle_t10,complete_only,0,0.978128,0.016274,9.445731e-04,1.453698e-03,1299,0.010849,1.060965e-03,0.021699,7.703570e-04,6.659046e+00,1156,1,0,1,1,0
006_mustard_bottle,s2_gate_off_006_mustard_bottle_t11,complete_only,0,0.889284,0.032947,1.131596e-05,2.973177e-05,1965,0.021965,1.120345e-05,0.043929,1.482199e-05,7.663222e-01,523,1,0,1,1,1
006_mustard_bottle,s2_gate_off_006_mustard_bottle_t12,complete_only,7,0.947597,0.030325,2.339386e-06,7.645249e-06,1554,0.020217,2.089848e-06,0.040434,2.527353e-06,1.186101e-01,485,1,0,1,1,1
006_mustard_bottle,s2_gate_off_006_mustard_bottle_t13,complete_only,16,0.863873,0.032507,5.816795e-06,1.134186e-05,2181,0.021671,5.764096e-06,0.043342,5.666436e-06,1.841739e-01,181,1,0,1,1,0
006_mustard_bottle,s2_gate_off_006_mustard_bottle_t14,complete_only,19,0.890881,0.030948,1.140360e-05,3.089337e-05,1684,0.020632,8.945907e-06,0.041264,1.318449e-05,1.019064e+00,422,1,0,1,1,1
006_mustard_bottle,s2_gate_off_006_mustard_bottle_t15,complete_only,23,0.933386,0.030443,1.026757e-05,3.649382e-05,1398,0.020296,8.846193e-06,0.040591,1.126919e-05,1.005371e+00,456,1,0,1,1,0
006_mustard_bottle,s2_gate_off_006_mustard_bottle_t16,complete_only,19,0.913219,0.030004,4.093481e-06,1.904768e-05,1688,0.020003,3.462011e-06,0.040005,4.533694e-06,7.076465e-01,768,1,0,1,1,0
006_mustard_bottle,s2_gate_off_006_mustard_bottle_t17,complete_only,8,0.855056,0.032917,9.028905e-06,2.565952e-05,2013,0.021944,7.935394e-06,0.043889,9.213892e-06,7.953143e-01,575,1,0,1,1,1
006_mustard_bottle,s2_gate_off_006_mustard_bottle_t18,complete_only,88,0.788336,0.032445,9.438838e-06,2.683227e-05,1733,0.021630,6.966218e-06,0.043261,1.151204e-05,5.502440e-01,505,1,0,1,1,1
006_mustard_bottle,s2_gate_off_006_mustard_bottle_t19,complete_only,116,0.886449,0.031077,4.139168e-06,8.048394e-06,1697,0.020718,4.434838e-06,0.041436,3.691048e-06,4.158522e-01,364,1,0,1,1,1
011_banana,s2_gate_off_011_banana_t0,complete_only,1556,0.599106,0.032968,1.062023e-04,3.035342e-04,3371,0.021979,7.913008e-05,0.043957,1.066689e-04,8.452986e-01,788,1,0,1,1,1
011_banana,s2_gate_off_011_banana_t1,complete_only,1073,0.810177,0.031990,6.685538e-06,2.681461e-05,1620,0.021327,5.945371e-06,0.042653,8.660855e-06,1.735598e-01,246,1,0,1,1,0
011_banana,s2_gate_off_011_banana_t2,complete_only,1040,0.781190,0.032200,5.402892e-04,2.658674e-03,1896,0.021467,1.040666e-03,0.042933,2.596368e-04,9.924568e-01,256,1,0,1,1,0
011_banana,s2_gate_off_011_banana_t3,complete_only,1365,0.647347,0.032839,1.932410e-04,1.051774e-03,2024,0.021893,1.348740e-03,0.043786,1.621074e-04,7.394898e-01,332,1,0,1,1,0
011_banana,s2_gate_off_011_banana_t4,complete_only,1198,0.648265,0.030766,4.552855e-05,2.337834e-04,1856,0.020511,8.197920e-05,0.041022,4.899491e-05,5.922043e-01,493,1,0,1,1,1
011_banana,s2_gate_off_011_banana_t5,complete_only,1695,0.408745,0.031582,3.324608e-04,2.253272e-03,1724,0.021054,2.237734e-03,0.042109,2.750710e-04,1.252490e+00,413,1,0,1,1,1
011_banana,s2_gate_off_011_banana_t6,complete_only,495,0.890947,0.031653,2.428292e-05,4.908111e-05,3172,0.021102,2.270685e-05,0.042204,2.845583e-05,6.853471e-01,508,1,0,1,1,1
011_banana,s2_gate_off_011_banana_t7,complete_only,1760,0.397848,0.031923,8.575273e-06,3.163521e-05,2132,0.021282,7.405539e-06,0.042564,9.884908e-06,3.133490e-01,337,1,0,1,1,0
011_banana,s2_gate_off_011_banana_t8,complete_only,1464,0.643884,0.031544,2.971649e-05,1.129002e-04,1756,0.021029,3.902554e-05,0.042058,2.225711e-05,5.091381e-01,405,1,0,1,1,1
011_banana,s2_gate_off_011_banana_t9,complete_only,1229,0.740447,0.031879,2.347440e-05,6.684821e-05,3252,0.021253,1.463433e-05,0.042506,3.452150e-05,7.117545e-01,776,1,0,1,1,1
011_banana,s2_gate_off_011_banana_t10,complete_only,1911,0.119957,0.030935,9.051073e-05,5.090984e-04,1107,0.020623,1.261259e-04,0.041246,9.097319e-05,1.433895e-01,114,1,0,1,1,0
011_banana,s2_gate_off_011_banana_t11,complete_only,1803,0.310454,0.031376,7.762084e-05,3.553190e-04,1293,0.020918,1.462876e-04,0.041835,7.421248e-05,1.740895e-01,246,1,0,1,1,1
011_banana,s2_gate_off_011_banana_t12,complete_only,689,0.844636,0.032262,1.644275e-05,7.241114e-05,3945,0.021508,2.148114e-05,0.043017,3.547168e-05,1.012132e+00,940,1,0,1,1,1
011_banana,s2_gate_off_011_banana_t13,complete_only,917,0.841865,0.032366,3.169940e-05,1.237360e-04,3103,0.021578,1.876900e-05,0.043155,5.176793e-05,6.592648e-01,559,1,0,1,1,0
011_banana,s2_gate_off_011_banana_t14,complete_only,1595,0.572946,0.031689,4.499917e-05,2.111511e-04,1843,0.021126,1.226357e-04,0.042252,3.166607e-05,1.024851e+00,653,1,0,1,1,0
011_banana,s2_gate_off_011_banana_t15,complete_only,1203,0.761316,0.032590,2.990373e-05,1.515104e-04,3020,0.021726,2.830830e-05,0.043453,2.674611e-05,8.768144e-01,625,1,0,1,1,1
011_banana,s2_gate_off_011_banana_t16,complete_only,1685,0.406487,0.033678,1.456001e-04,7.281469e-04,1761,0.022452,3.050152e-04,0.044903,9.137941e-05,1.233913e+00,406,1,0,1,1,0
011_banana,s2_gate_off_011_banana_t17,complete_only,1888,0.165721,0.030475,1.219436e-04,7.243891e-04,1498,0.020317,2.215872e-04,0.040633,1.254033e-04,1.727323e+00,580,1,0,1,1,1
011_banana,s2_gate_off_011_banana_t18,complete_only,577,0.886877,0.031440,7.129727e-05,1.426189e-04,2288,0.020960,6.148365e-05,0.041920,6.658722e-05,9.953012e-01,712,1,0,1,1,1
011_banana,s2_gate_off_011_banana_t19,complete_only,1613,0.485200,0.032489,4.282964e-05,1.274560e-04,1411,0.021659,5.635567e-05,0.043319,2.859435e-05,5.784475e-01,183,1,0,1,1,0
025_mug,s2_gate_010_025_mug_t0,complete_epi,11,0.939224,0.020731,1.101991e-05,2.498414e-05,485,0.013821,1.260069e-05,0.027641,1.213467e-05,2.438839e-01,125,1,0,1,1,1
025_mug,s2_gate_010_025_mug_t1,complete_epi,55,0.933773,0.019854,1.246916e-05,6.354558e-05,409,0.013236,1.321776e-05,0.026472,1.566550e-05,3.976016e-01,175,1,0,1,1,1
025_mug,s2_gate_010_025_mug_t2,complete_epi,504,0.690204,0.020975,1.261061e-06,3.077301e-06,549,0.013983,1.051978e-06,0.027966,1.150544e-06,1.007800e-01,179,1,0,1,1,0
025_mug,s2_gate_010_025_mug_t3,complete_epi,35,0.937726,0.022038,1.958618e-05,1.255682e-04,476,0.014692,2.719392e-05,0.029384,1.576754e-05,2.447863e-01,123,1,0,1,1,1
025_mug,s2_gate_010_025_mug_t4,complete_epi,0,0.928526,0.030251,6.318796e-05,1.293961e-05,1892,0.020168,2.632508e-05,0.040335,1.040474e-04,5.063842e-01,359,1,0,1,1,0
025_mug,s2_gate_010_025_mug_t5,complete_epi,10,0.953624,0.020719,1.062478e-06,1.760046e-06,737,0.013813,1.027528e-06,0.027625,1.099372e-06,1.858833e-01,212,1,0,1,1,1
025_mug,s2_gate_010_025_mug_t6,complete_epi,360,0.873052,0.023700,1.530116e-06,4.257029e-06,1151,0.015800,1.510793e-06,0.031600,1.516835e-06,4.065741e-02,88,1,0,1,1,0
025_mug,s2_gate_010_025_mug_t7,complete_epi,78,0.928380,0.021827,2.151401e-06,5.626822e-06,1322,0.014552,1.157423e-06,0.029103,3.612986e-06,3.212419e-01,358,1,0,1,1,0
025_mug,s2_gate_010_025_mug_t8,complete_epi,23,0.937146,0.020857,2.405072e-05,4.601166e-05,451,0.013905,3.611419e-05,0.027809,2.060358e-05,5.081992e-01,143,1,0,1,1,1
025_mug,s2_gate_010_025_mug_t9,complete_epi,60,0.934061,0.019890,5.362211e-06,1.087046e-05,404,0.013260,5.417192e-06,0.026520,5.451041e-06,2.406939e-01,132,1,0,1,1,1
025_mug,s2_gate_010_025_mug_t11,complete_epi,101,0.920314,0.019738,2.810324e-06,1.073255e-05,697,0.013159,1.728680e-06,0.026317,3.115948e-06,2.713643e-01,268,1,0,1,1,1
025_mug,s2_gate_010_025_mug_t12,complete_epi,266,0.902479,0.023351,1.638263e-06,2.721858e-06,998,0.015567,1.643841e-06,0.031135,1.763085e-06,3.213394e-01,296,1,0,1,1,1
025_mug,s2_gate_010_025_mug_t13,complete_epi,5,0.908769,0.022100,9.359102e-06,4.332419e-05,500,0.014734,8.920186e-06,0.029467,1.202220e-05,2.046974e-01,120,1,0,1,1,1
025_mug,s2_gate_010_025_mug_t14,complete_epi,38,0.938970,0.020281,2.007709e-05,7.939165e-05,474,0.013521,2.585171e-05,0.027042,1.957444e-05,4.042444e-01,157,1,0,1,1,1
025_mug,s2_gate_010_025_mug_t15,complete_epi,73,0.834026,0.020454,6.972376e-06,2.090038e-05,261,0.013636,1.555909e-05,0.027271,9.086963e-06,2.101521e-01,82,1,0,1,1,1
025_mug,s2_gate_010_025_mug_t17,complete_epi,202,0.888228,0.019571,1.250892e-06,2.281212e-06,638,0.013048,1.309195e-06,0.026095,1.218059e-06,1.909634e-01,212,1,0,1,1,1
025_mug,s2_gate_010_025_mug_t18,complete_epi,18,0.920424,0.020424,1.999551e-06,3.151813e-06,871,0.013616,1.837672e-06,0.027232,2.406077e-06,3.615640e-01,268,1,0,1,1,1
025_mug,s2_gate_010_025_mug_t19,complete_epi,126,0.911072,0.021178,3.466309e-06,8.472446e-06,771,0.014119,1.805151e-06,0.028237,5.825836e-06,5.966299e-02,141,1,0,1,1,1
051_large_clamp,s2_gate_010_051_large_clamp_t0,complete_epi,0,0.959702,0.030638,1.528574e-07,1.283278e-06,995,0.020425,0.000000e+00,0.040851,1.033132e-07,0.000000e+00,205,1,0,1,1,1
051_large_clamp,s2_gate_010_051_large_clamp_t1,complete_epi,0,0.970173,0.029108,0.000000e+00,0.000000e+00,624,0.019406,0.000000e+00,0.038811,0.000000e+00,0.000000e+00,161,1,0,1,1,0
051_large_clamp,s2_gate_010_051_large_clamp_t2,complete_epi,0,0.973357,0.033753,3.146868e-06,1.254328e-05,2084,0.022502,2.051366e-06,0.045005,5.417837e-06,7.645994e-02,261,1,0,1,1,1
051_large_clamp,s2_gate_010_051_large_clamp_t3,complete_epi,7,0.952060,0.031846,3.377457e-05,1.414379e-04,1942,0.021231,3.081396e-05,0.042461,3.557038e-05,1.467769e+00,800,1,0,1,1,1
051_large_clamp,s2_gate_010_051_large_clamp_t5,complete_epi,1,0.962359,0.031795,0.000000e+00,0.000000e+00,686,0.021197,0.000000e+00,0.042393,0.000000e+00,0.000000e+00,168,1,0,1,1,0
051_large_clamp,s2_gate_010_051_large_clamp_t6,complete_epi,30,0.955552,0.030891,4.655348e-06,1.225117e-05,2555,0.020594,8.162807e-06,0.041187,6.505194e-06,7.772209e-01,633,1,0,1,1,1
051_large_clamp,s2_gate_010_051_large_clamp_t7,complete_epi,79,0.938448,0.030634,1.568239e-06,6.660372e-06,1065,0.020423,8.145567e-07,0.040846,2.034395e-06,0.000000e+00,138,1,0,1,1,1
051_large_clamp,s2_gate_010_051_large_clamp_t8,complete_epi,0,0.960954,0.029288,0.000000e+00,0.000000e+00,691,0.019525,0.000000e+00,0.039051,0.000000e+00,0.000000e+00,175,1,0,1,1,0
051_large_clamp,s2_gate_010_051_large_clamp_t9,complete_epi,3,0.947687,0.030784,1.364836e-07,1.228092e-06,1196,0.020523,0.000000e+00,0.041046,3.206267e-06,0.000000e+00,230,1,0,1,1,1
051_large_clamp,s2_gate_010_051_large_clamp_t10,complete_epi,0,0.967298,0.037509,1.648903e-06,4.476307e-06,1758,0.025006,9.670023e-08,0.050013,2.981893e-06,0.000000e+00,145,1,0,1,1,0
051_large_clamp,s2_gate_010_051_large_clamp_t11,complete_epi,66,0.927796,0.031518,8.076105e-09,0.000000e+00,673,0.021012,0.000000e+00,0.042024,1.395463e-06,0.000000e+00,138,1,0,1,1,0
051_large_clamp,s2_gate_010_051_large_clamp_t12,complete_epi,1,0.957099,0.031432,4.446203e-07,3.035229e-06,1330,0.020955,0.000000e+00,0.041910,6.190032e-07,0.000000e+00,234,1,0,1,1,0
051_large_clamp,s2_gate_010_051_large_clamp_t13,complete_epi,6,0.960262,0.032211,1.905300e-05,7.990098e-05,2630,0.021474,1.333454e-05,0.042948,2.079140e-05,1.499749e+00,788,1,0,1,1,1
051_large_clamp,s2_gate_010_051_large_clamp_t14,complete_epi,0,0.959025,0.019329,3.140721e-05,2.325015e-04,3328,0.012886,1.432059e-05,0.025772,3.200170e-05,5.212584e+00,2427,1,0,1,1,1
051_large_clamp,s2_gate_010_051_large_clamp_t15,complete_epi,3,0.970282,0.033130,3.486346e-06,1.184526e-05,2147,0.022087,2.346279e-06,0.044174,7.165958e-06,1.856649e-01,338,1,0,1,1,0
051_large_clamp,s2_gate_010_051_large_clamp_t16,complete_epi,1,0.971800,0.031962,2.237926e-06,6.222954e-06,2853,0.021308,1.053980e-06,0.042616,4.747948e-06,3.985055e-01,490,1,0,1,1,1
051_large_clamp,s2_gate_010_051_large_clamp_t17,complete_epi,112,0.944192,0.030500,0.000000e+00,0.000000e+00,685,0.020333,0.000000e+00,0.040666,5.502922e-07,0.000000e+00,154,1,0,1,1,0
051_large_clamp,s2_gate_010_051_large_clamp_t18,complete_epi,0,0.972504,0.032344,2.253180e-04,1.457206e-03,1292,0.021562,7.708638e-04,0.043125,5.030007e-05,3.294170e-01,216,1,0,1,1,1
051_large_clamp,s2_gate_010_051_large_clamp_t19,complete_epi,94,0.950195,0.030066,2.907739e-06,7.597680e-06,2017,0.020044,3.891640e-06,0.040088,3.189343e-06,4.360636e-01,371,1,0,1,1,1
022_windex_bottle,s2_gate_020_022_windex_bottle_t0,complete_epi,993,0.573267,0.038365,2.680724e-05,1.391722e-05,3670,0.025577,1.665942e-05,0.051154,5.874540e-05,9.226474e-01,536,1,0,1,1,0
022_windex_bottle,s2_gate_020_022_windex_bottle_t1,complete_epi,67,0.925749,0.045855,1.285186e-05,5.976588e-05,6154,0.030570,2.785775e-05,0.061140,2.061565e-05,5.548355e-01,389,1,0,1,1,0
022_windex_bottle,s2_gate_020_022_windex_bottle_t2,complete_epi,4,0.911122,0.032175,3.699667e-05,2.528329e-04,1171,0.021450,1.932293e-05,0.042901,7.589193e-05,5.315400e-01,455,1,0,1,1,0
022_windex_bottle,s2_gate_020_022_windex_bottle_t3,complete_epi,0,0.955376,0.040599,1.861930e-05,1.476138e-04,2059,0.027066,2.193511e-05,0.054132,3.776504e-05,2.753321e-01,109,1,0,1,1,1
022_windex_bottle,s2_gate_020_022_windex_bottle_t4,complete_epi,243,0.895800,0.040657,2.912309e-06,7.370959e-06,5021,0.027105,2.241211e-06,0.054210,4.691729e-06,1.408663e+00,1015,1,0,1,1,0
022_windex_bottle,s2_gate_020_022_windex_bottle_t5,complete_epi,1035,0.604720,0.039747,2.739012e-05,8.370774e-05,2248,0.026498,2.228019e-05,0.052996,5.788117e-05,2.399532e-01,67,1,0,1,1,0
022_windex_bottle,s2_gate_020_022_windex_bottle_t6,complete_epi,57,0.920385,0.029314,7.384656e-05,7.647524e-05,1160,0.019543,3.783420e-05,0.039086,6.183685e-05,3.351005e-01,369,1,0,1,1,0
022_windex_bottle,s2_gate_020_022_windex_bottle_t7,complete_epi,1,0.954113,0.041839,2.436336e-05,1.257537e-04,1457,0.027893,1.829983e-05,0.055786,5.379390e-05,3.316756e-01,278,1,0,1,1,0
022_windex_bottle,s2_gate_020_022_windex_bottle_t8,complete_epi,26,0.953140,0.045709,1.320576e-05,5.619770e-05,5773,0.030473,1.057163e-05,0.060946,2.362900e-05,4.748408e-01,189,1,0,1,1,0
022_windex_bottle,s2_gate_020_022_windex_bottle_t9,complete_epi,1142,0.506384,0.038619,5.110138e-05,9.413313e-05,2108,0.025746,1.130576e-04,0.051492,9.526518e-05,5.778980e-01,257,1,0,1,1,0
022_windex_bottle,s2_gate_020_022_windex_bottle_t10,complete_epi,1,0.933007,0.045079,5.397832e-05,3.167328e-04,994,0.030053,4.202338e-05,0.060106,1.237717e-04,1.772546e-01,218,1,0,1,1,0
022_windex_bottle,s2_gate_020_022_windex_bottle_t11,complete_epi,6,0.936329,0.042215,1.374140e-05,1.247655e-04,1028,0.028143,8.674154e-06,0.056287,5.178756e-05,1.643878e-01,220,1,0,1,1,0
022_windex_bottle,s2_gate_020_022_windex_bottle_t12,complete_epi,227,0.868874,0.040896,8.994640e-06,2.314456e-05,4998,0.027264,5.569765e-06,0.054528,1.364431e-05,1.485475e-01,163,1,0,1,1,0
022_windex_bottle,s2_gate_020_022_windex_bottle_t13,complete_epi,0,0.942074,0.040939,2.372063e-05,1.021554e-04,2407,0.027292,2.133441e-05,0.054585,5.221253e-05,3.840810e-01,198,1,0,1,1,0
022_windex_bottle,s2_gate_020_022_windex_bottle_t14,complete_epi,235,0.876145,0.041936,3.754825e-06,8.902841e-06,5117,0.027957,2.835557e-06,0.055914,8.626218e-06,7.902104e-01,599,1,0,1,1,0
022_windex_bottle,s2_gate_020_022_windex_bottle_t15,complete_epi,10,0.915085,0.032187,1.208896e-04,4.087580e-04,927,0.021458,5.416124e-05,0.042916,1.373683e-04,1.401721e+00,486,1,0,1,1,0
022_windex_bottle,s2_gate_020_022_windex_bottle_t16,complete_epi,0,0.948814,0.039750,1.744199e-04,9.679502e-04,1061,0.026500,8.484270e-05,0.053001,2.069781e-04,9.359232e-01,272,1,0,1,1,0
022_windex_bottle,s2_gate_020_022_windex_bottle_t17,complete_epi,1,0.948552,0.043751,1.815835e-05,1.442830e-04,1078,0.029167,7.765010e-06,0.058334,4.211654e-05,0.000000e+00,160,1,0,1,1,0
022_windex_bottle,s2_gate_020_022_windex_bottle_t18,complete_epi,0,0.933681,0.039347,7.899096e-05,5.171703e-04,2402,0.026231,1.276000e-04,0.052463,5.334032e-05,1.817302e+00,1074,1,0,1,1,1
022_windex_bottle,s2_gate_020_022_windex_bottle_t19,complete_epi,0,0.946850,0.043355,1.169700e-05,7.774938e-05,1597,0.028903,6.539589e-06,0.057807,3.837098e-05,4.459211e-02,140,1,0,1,1,0
006_mustard_bottle,s2_gate_030_006_mustard_bottle_t0,complete_epi,0,0.904113,0.032013,1.387412e-05,2.488603e-05,2079,0.021342,4.027129e-06,0.042684,2.110086e-05,7.239031e-01,794,1,0,1,1,1
006_mustard_bottle,s2_gate_030_006_mustard_bottle_t1,complete_epi,14,0.876505,0.032053,9.629517e-06,2.157022e-05,1525,0.021369,8.409784e-06,0.042737,1.050807e-05,5.683875e-01,276,1,0,1,1,1
006_mustard_bottle,s2_gate_030_006_mustard_bottle_t2,complete_epi,382,0.894277,0.041407,5.090563e-05,2.089823e-04,1779,0.027605,4.584680e-05,0.055209,6.171503e-05,1.742675e+00,336,1,0,1,1,0
006_mustard_bottle,s2_gate_030_006_mustard_bottle_t3,complete_epi,0,0.926147,0.032077,6.751351e-06,1.276110e-05,1720,0.021385,6.753243e-06,0.042770,6.394828e-06,4.502029e-01,347,1,0,1,1,1
006_mustard_bottle,s2_gate_030_006_mustard_bottle_t4,complete_epi,12,0.893496,0.031260,1.089086e-05,4.269680e-05,1631,0.020840,9.879433e-06,0.041681,1.264064e-05,8.418143e-01,338,1,0,1,1,1
006_mustard_bottle,s2_gate_030_006_mustard_bottle_t5,complete_epi,96,0.836503,0.032647,2.361111e-05,8.288753e-05,2001,0.021764,1.686998e-05,0.043529,3.386989e-05,8.464675e-01,653,1,0,1,1,1
006_mustard_bottle,s2_gate_030_006_mustard_bottle_t6,complete_epi,164,0.839466,0.031890,3.357434e-06,5.506067e-06,1869,0.021260,3.374575e-06,0.042519,3.234872e-06,7.183210e-01,524,1,0,1,1,1
006_mustard_bottle,s2_gate_030_006_mustard_bottle_t7,complete_epi,28,0.938957,0.017754,1.359109e-06,3.206511e-06,2054,0.011836,1.318710e-06,0.023672,2.596388e-06,1.481972e+00,2243,1,0,1,1,1
006_mustard_bottle,s2_gate_030_006_mustard_bottle_t8,complete_epi,34,0.835125,0.032035,9.204499e-06,3.307288e-05,1753,0.021357,6.839744e-06,0.042714,9.332534e-06,6.676307e-01,610,1,0,1,1,1
006_mustard_bottle,s2_gate_030_006_mustard_bottle_t9,complete_epi,0,0.909283,0.031259,7.729232e-06,2.890170e-05,1933,0.020839,5.775599e-06,0.041678,1.414363e-05,6.174976e-01,785,1,0,1,1,1
006_mustard_bottle,s2_gate_030_006_mustard_bottle_t10,complete_epi,17,0.965380,0.019495,1.526932e-05,6.117674e-05,2402,0.012996,3.371304e-05,0.025993,1.134807e-05,3.331854e+00,2086,1,0,1,1,0
006_mustard_bottle,s2_gate_030_006_mustard_bottle_t11,complete_epi,44,0.865819,0.032984,1.056728e-05,2.786241e-05,2078,0.021990,1.194308e-05,0.043979,1.026256e-05,7.607379e-01,482,1,0,1,1,1
006_mustard_bottle,s2_gate_030_006_mustard_bottle_t12,complete_epi,10,0.943563,0.029726,2.415370e-06,6.432329e-06,1709,0.019817,1.904927e-06,0.039635,2.888311e-06,2.973172e-01,541,1,0,1,1,1
006_mustard_bottle,s2_gate_030_006_mustard_bottle_t14,complete_epi,12,0.893575,0.030990,1.177545e-05,3.141053e-05,1707,0.020660,9.180132e-06,0.041320,1.376766e-05,8.748000e-01,380,1,0,1,1,1
006_mustard_bottle,s2_gate_030_006_mustard_bottle_t15,complete_epi,5,0.941343,0.030315,8.091531e-06,2.900390e-05,1435,0.020210,7.358683e-06,0.040420,9.414818e-06,7.218851e-01,340,1,0,1,1,0
006_mustard_bottle,s2_gate_030_006_mustard_bottle_t16,complete_epi,38,0.905130,0.030005,2.191205e-06,5.713847e-06,1836,0.020004,1.832163e-06,0.040007,2.547632e-06,5.481394e-02,267,1,0,1,1,1
006_mustard_bottle,s2_gate_030_006_mustard_bottle_t17,complete_epi,151,0.840106,0.030036,8.455873e-06,3.421357e-05,1033,0.020024,1.417575e-05,0.040048,6.826414e-06,2.448242e-02,174,1,0,1,1,1
006_mustard_bottle,s2_gate_030_006_mustard_bottle_t18,complete_epi,24,0.878081,0.032681,1.913854e-05,6.299630e-05,1499,0.021787,2.308411e-05,0.043574,1.578963e-05,4.028071e-01,320,1,0,1,1,1
006_mustard_bottle,s2_gate_030_006_mustard_bottle_t19,complete_epi,54,0.901898,0.031007,3.959607e-06,7.879563e-06,1644,0.020671,4.025713e-06,0.041343,3.683018e-06,3.956545e-01,332,1,0,1,1,1
011_banana,s2_gate_030_011_banana_t0,complete_epi,1649,0.516272,0.032968,2.238859e-04,1.597145e-03,1998,0.021979,6.452785e-04,0.043957,1.732586e-04,1.443720e+00,742,1,0,1,1,1
011_banana,s2_gate_030_011_banana_t1,complete_epi,1197,0.777020,0.032016,5.466119e-05,2.111847e-04,1288,0.021344,1.085145e-04,0.042688,2.483812e-05,2.644265e-01,321,1,0,1,1,0
011_banana,s2_gate_030_011_banana_t2,complete_epi,941,0.780383,0.032204,7.932194e-05,3.748886e-04,2150,0.021469,1.569016e-04,0.042939,5.320094e-05,1.680522e+00,757,1,0,1,1,0
011_banana,s2_gate_030_011_banana_t3,complete_epi,1338,0.680106,0.031857,5.249901e-05,1.630584e-04,2969,0.021238,2.928169e-05,0.042477,7.619103e-05,5.397249e-01,507,1,0,1,1,0
011_banana,s2_gate_030_011_banana_t4,complete_epi,1537,0.600963,0.031431,3.629098e-05,1.805737e-04,1589,0.020954,7.704308e-05,0.041908,2.380833e-05,8.868727e-01,629,1,0,1,1,1
011_banana,s2_gate_030_011_banana_t5,complete_epi,1733,0.383535,0.031650,2.754810e-04,1.760375e-03,2750,0.021100,7.052739e-04,0.042200,2.133272e-04,8.282292e-01,737,1,0,1,1,1
011_banana,s2_gate_030_011_banana_t6,complete_epi,423,0.890953,0.032260,1.111370e-05,4.233526e-05,4376,0.021507,1.809259e-05,0.043014,9.869282e-06,1.468258e+00,1176,1,0,1,1,1
011_banana,s2_gate_030_011_banana_t7,complete_epi,1624,0.480233,0.032133,1.062946e-05,4.378066e-05,2631,0.021422,9.028641e-06,0.042844,1.217736e-05,4.098560e-01,352,1,0,1,1,0
011_banana,s2_gate_030_011_banana_t8,complete_epi,1532,0.594735,0.031569,8.290579e-05,3.903338e-04,1102,0.021046,2.425831e-04,0.042091,5.056745e-05,3.861468e-01,336,1,0,1,1,0
011_banana,s2_gate_030_011_banana_t9,complete_epi,1263,0.698196,0.031877,9.607067e-05,3.190441e-04,2474,0.021251,1.486212e-04,0.042502,5.940624e-05,8.590899e-01,804,1,0,1,1,0
011_banana,s2_gate_030_011_banana_t10,complete_epi,1883,0.145037,0.030908,1.233365e-04,6.349124e-04,1508,0.020606,1.520727e-04,0.041211,1.023059e-04,6.351024e-01,314,1,0,1,1,1
011_banana,s2_gate_030_011_banana_t11,complete_epi,1904,0.123933,0.031386,9.622613e-05,7.102030e-04,2455,0.020924,8.259179e-05,0.041848,1.273270e-04,4.687353e-01,561,1,0,1,1,1
011_banana,s2_gate_030_011_banana_t12,complete_epi,709,0.867710,0.031413,2.553060e-05,1.283878e-04,2009,0.020942,7.642437e-05,0.041883,1.268417e-05,5.867893e-01,443,1,0,1,1,0
011_banana,s2_gate_030_011_banana_t13,complete_epi,846,0.856776,0.032252,3.987904e-05,1.759970e-04,2883,0.021501,3.011985e-05,0.043002,6.052360e-05,7.938892e-01,696,1,0,1,1,1
011_banana,s2_gate_030_011_banana_t14,complete_epi,915,0.827269,0.030709,1.314444e-04,6.777592e-04,1535,0.020473,1.479736e-04,0.040945,9.405579e-05,5.292801e-01,338,1,0,1,1,0
011_banana,s2_gate_030_011_banana_t15,complete_epi,955,0.812640,0.032577,2.168050e-05,5.107580e-05,2379,0.021718,2.208553e-05,0.043436,2.565499e-05,4.233408e-01,458,1,0,1,1,1
011_banana,s2_gate_030_011_banana_t16,complete_epi,1767,0.335640,0.033779,1.080735e-04,4.901718e-04,1861,0.022519,2.560389e-04,0.045038,6.626368e-05,1.753756e+00,591,1,0,1,1,0
011_banana,s2_gate_030_011_banana_t17,complete_epi,1912,0.138882,0.030471,4.300686e-04,1.365297e-03,1294,0.020314,4.844860e-04,0.040628,2.856883e-04,2.100664e+00,585,1,0,1,1,1
011_banana,s2_gate_030_011_banana_t18,complete_epi,653,0.880817,0.031486,5.547922e-05,1.607705e-04,1906,0.020991,5.621354e-05,0.041982,5.719608e-05,6.528523e-01,386,1,0,1,1,0
011_banana,s2_gate_030_011_banana_t19,complete_epi,1775,0.283119,0.032489,4.895585e-06,1.778940e-05,2547,0.021659,5.084983e-06,0.043318,5.497070e-06,4.479076e-01,463,1,0,1,1,1
025_mug,s2_gate_050_025_mug_t0,complete_epi,93,0.919471,0.020731,1.007961e-05,2.800582e-05,601,0.013821,7.604294e-06,0.027641,1.295323e-05,4.033852e-01,216,1,0,1,1,1
025_mug,s2_gate_050_025_mug_t2,complete_epi,414,0.730166,0.020367,1.586293e-06,3.832921e-06,353,0.013578,1.659169e-06,0.027156,1.573741e-06,1.836076e-01,273,1,0,1,1,0
025_mug,s2_gate_050_025_mug_t3,complete_epi,7,0.953050,0.021983,2.137672e-05,5.064286e-05,410,0.014655,3.245959e-05,0.029311,1.409754e-05,2.126768e-01,111,1,0,1,1,1
025_mug,s2_gate_050_025_mug_t4,complete_epi,199,0.907221,0.020277,9.718084e-07,2.101190e-06,646,0.013518,9.954290e-07,0.027036,1.135064e-06,1.705211e-01,231,1,0,1,1,1
025_mug,s2_gate_050_025_mug_t5,complete_epi,122,0.911738,0.020453,8.772410e-06,2.906451e-05,646,0.013635,6.487186e-06,0.027270,1.176234e-05,3.428210e-01,178,1,0,1,1,1
025_mug,s2_gate_050_025_mug_t6,complete_epi,16,0.935718,0.024690,6.171910e-06,1.996347e-05,697,0.016460,1.058334e-05,0.032920,5.846988e-06,1.792333e-01,111,1,0,1,1,1
025_mug,s2_gate_050_025_mug_t7,complete_epi,16,0.925040,0.021787,1.549466e-06,2.560334e-06,258,0.014525,1.650133e-06,0.029050,1.513667e-06,3.888097e-03,37,1,0,1,1,1
025_mug,s2_gate_050_025_mug_t8,complete_epi,40,0.937895,0.019822,1.585965e-06,2.500989e-06,756,0.013215,1.489403e-06,0.026430,1.564878e-06,3.376410e-01,344,1,0,1,1,1
025_mug,s2_gate_050_025_mug_t9,complete_epi,58,0.944975,0.021115,9.500621e-07,1.919631e-06,575,0.014077,1.144074e-06,0.028153,1.073709e-06,1.944059e-01,235,1,0,1,1,1
025_mug,s2_gate_050_025_mug_t10,complete_epi,95,0.905427,0.019500,1.408851e-06,3.009875e-06,507,0.013000,1.501121e-06,0.026000,1.424527e-06,2.157135e-01,229,1,0,1,1,1
025_mug,s2_gate_050_025_mug_t11,complete_epi,148,0.905005,0.019878,2.373030e-06,6.976349e-06,726,0.013252,2.252909e-06,0.026503,3.587444e-06,3.269433e-01,290,1,0,1,1,1
025_mug,s2_gate_050_025_mug_t13,complete_epi,11,0.932597,0.021699,9.663976e-06,2.211235e-05,463,0.014466,1.246378e-05,0.028933,1.101083e-05,2.130134e-01,134,1,0,1,1,1
025_mug,s2_gate_050_025_mug_t14,complete_epi,16,0.936013,0.020448,1.249401e-06,2.117975e-06,920,0.013632,1.167406e-06,0.027264,1.253916e-06,1.951014e-01,230,1,0,1,1,1
025_mug,s2_gate_050_025_mug_t15,complete_epi,274,0.801363,0.020176,1.706401e-06,4.001816e-06,303,0.013451,1.705508e-06,0.026901,1.513040e-06,1.071835e-01,128,1,0,1,1,0
025_mug,s2_gate_050_025_mug_t16,complete_epi,240,0.717459,0.020815,2.377357e-06,6.831196e-06,455,0.013877,2.291242e-06,0.027754,3.999384e-06,2.954408e-01,187,1,0,1,1,0
025_mug,s2_gate_050_025_mug_t17,complete_epi,41,0.918631,0.019550,1.191797e-06,2.048249e-06,420,0.013033,1.224538e-06,0.026066,1.149055e-06,2.715991e-01,362,1,0,1,1,1
025_mug,s2_gate_050_025_mug_t19,complete_epi,64,0.923824,0.020825,1.220757e-06,4.554627e-06,264,0.013884,1.041118e-06,0.027767,9.908462e-07,5.623117e-02,102,1,0,1,1,1
051_large_clamp,s2_gate_050_051_large_clamp_t0,complete_epi,1,0.962787,0.030638,1.429785e-07,1.282293e-06,930,0.020425,0.000000e+00,0.040851,1.103856e-07,0.000000e+00,210,1,0,1,1,0
051_large_clamp,s2_gate_050_051_large_clamp_t1,complete_epi,0,0.967466,0.029098,0.000000e+00,0.000000e+00,617,0.019398,0.000000e+00,0.038797,1.592178e-07,0.000000e+00,168,1,0,1,1,1
051_large_clamp,s2_gate_050_051_large_clamp_t2,complete_epi,6,0.964998,0.033611,1.797926e-06,7.406216e-06,4027,0.022407,1.295021e-06,0.044814,3.687219e-06,1.899018e-01,341,1,0,1,1,0
051_large_clamp,s2_gate_050_051_large_clamp_t3,complete_epi,9,0.949233,0.031847,2.605618e-05,7.184060e-05,2209,0.021231,3.153388e-05,0.042462,2.068289e-05,1.094567e+00,700,1,0,1,1,1
051_large_clamp,s2_gate_050_051_large_clamp_t4,complete_epi,0,0.972176,0.038952,2.573908e-07,2.238552e-06,1151,0.025968,3.812944e-07,0.051936,6.238742e-07,0.000000e+00,190,1,0,1,1,0
051_large_clamp,s2_gate_050_051_large_clamp_t5,complete_epi,2,0.964336,0.031818,1.768021e-06,0.000000e+00,811,0.021212,0.000000e+00,0.042424,5.048479e-06,0.000000e+00,154,1,0,1,1,1
051_large_clamp,s2_gate_050_051_large_clamp_t6,complete_epi,0,0.973116,0.030909,2.116836e-06,4.619731e-06,1849,0.020606,1.968133e-06,0.041212,5.283952e-06,1.547295e-02,151,1,0,1,1,1
051_large_clamp,s2_gate_050_051_large_clamp_t7,complete_epi,71,0.954395,0.030781,1.848983e-06,5.487058e-06,2779,0.020520,2.408700e-06,0.041041,3.606471e-06,5.790977e-01,561,1,0,1,1,1
051_large_clamp,s2_gate_050_051_large_clamp_t8,complete_epi,0,0.949880,0.016979,6.923271e-05,2.002967e-04,1666,0.011319,1.343915e-04,0.022638,1.292974e-05,2.527897e+00,2014,1,0,1,1,0
051_large_clamp,s2_gate_050_051_large_clamp_t9,complete_epi,3,0.944139,0.030787,6.101214e-07,2.879682e-06,1386,0.020525,3.921040e-07,0.041050,3.919752e-06,6.948513e-02,270,1,0,1,1,1
051_large_clamp,s2_gate_050_051_large_clamp_t10,complete_epi,146,0.930776,0.031382,0.000000e+00,0.000000e+00,657,0.020921,0.000000e+00,0.041842,0.000000e+00,0.000000e+00,168,1,0,1,1,0
051_large_clamp,s2_gate_050_051_large_clamp_t11,complete_epi,74,0.926869,0.032037,0.000000e+00,0.000000e+00,643,0.021358,0.000000e+00,0.042716,3.020634e-06,0.000000e+00,150,1,0,1,1,0
051_large_clamp,s2_gate_050_051_large_clamp_t12,complete_epi,4,0.955619,0.030976,0.000000e+00,0.000000e+00,1253,0.020651,0.000000e+00,0.041301,2.834637e-07,0.000000e+00,226,1,0,1,1,1
051_large_clamp,s2_gate_050_051_large_clamp_t14,complete_epi,0,0.967372,0.029284,3.694436e-07,2.738304e-06,839,0.019523,0.000000e+00,0.039046,4.017761e-07,0.000000e+00,190,1,0,1,1,0
051_large_clamp,s2_gate_050_051_large_clamp_t15,complete_epi,28,0.962192,0.033350,1.763076e-06,5.275746e-06,4152,0.022233,1.389503e-06,0.044466,3.377936e-06,4.812788e-01,535,1,0,1,1,1
051_large_clamp,s2_gate_050_051_large_clamp_t16,complete_epi,57,0.951988,0.031925,1.529677e-06,3.433636e-06,2870,0.021283,1.224796e-06,0.042567,4.312317e-06,4.885494e-01,589,1,0,1,1,0
051_large_clamp,s2_gate_050_051_large_clamp_t17,complete_epi,194,0.930820,0.030440,0.000000e+00,0.000000e+00,655,0.020293,0.000000e+00,0.040586,2.248827e-08,0.000000e+00,170,1,0,1,1,1
051_large_clamp,s2_gate_050_051_large_clamp_t18,complete_epi,74,0.956858,0.032401,8.360874e-06,1.687806e-05,2152,0.021601,7.987055e-06,0.043201,1.723578e-05,2.462547e-01,259,1,0,1,1,0
051_large_clamp,s2_gate_050_051_large_clamp_t19,complete_epi,102,0.942936,0.030272,2.814878e-06,7.605874e-06,2234,0.020182,3.747895e-06,0.040363,3.150887e-06,5.399187e-01,467,1,0,1,1,1
022_windex_bottle,s2_gate_070_022_windex_bottle_t0,complete_epi,1586,0.307755,0.038365,3.170890e-05,2.067481e-04,1560,0.025577,1.575919e-05,0.051154,3.193809e-05,5.810416e-01,324,1,0,1,1,0
022_windex_bottle,s2_gate_070_022_windex_bottle_t1,complete_epi,16,0.949162,0.045656,7.451211e-06,9.042686e-06,5231,0.030437,3.666783e-06,0.060874,1.324986e-05,1.256910e+00,862,1,0,1,1,0
022_windex_bottle,s2_gate_070_022_windex_bottle_t2,complete_epi,74,0.903708,0.032160,3.532501e-05,2.560210e-04,1435,0.021440,1.775540e-05,0.042880,7.335583e-05,1.036093e-01,176,1,0,1,1,0
022_windex_bottle,s2_gate_070_022_windex_bottle_t3,complete_epi,19,0.954521,0.040589,1.280562e-05,2.147698e-05,2743,0.027059,6.474828e-06,0.054119,2.831199e-05,2.396809e-01,287,1,0,1,1,0
022_windex_bottle,s2_gate_070_022_windex_bottle_t4,complete_epi,222,0.874714,0.041769,3.990904e-06,1.321635e-05,4323,0.027846,3.307642e-06,0.055692,5.797668e-06,1.543926e+00,1073,1,0,1,1,0
022_windex_bottle,s2_gate_070_022_windex_bottle_t5,complete_epi,1060,0.589865,0.039743,2.051036e-05,5.323416e-05,3107,0.026496,1.630625e-05,0.052991,4.635483e-05,7.273242e-01,354,1,0,1,1,0
022_windex_bottle,s2_gate_070_022_windex_bottle_t6,complete_epi,119,0.907445,0.029314,3.109501e-05,4.310757e-05,1340,0.019543,5.583371e-05,0.039086,3.843109e-05,3.748008e-01,375,1,0,1,1,0
022_windex_bottle,s2_gate_070_022_windex_bottle_t7,complete_epi,0,0.954418,0.041998,2.292128e-05,8.789143e-05,1454,0.027999,9.974080e-06,0.055998,3.916628e-05,2.671894e-01,262,1,0,1,1,0
022_windex_bottle,s2_gate_070_022_windex_bottle_t8,complete_epi,15,0.953416,0.045697,6.149902e-06,1.516553e-05,5264,0.030465,3.526790e-06,0.060929,1.134332e-05,1.388780e+00,883,1,0,1,1,0
022_windex_bottle,s2_gate_070_022_windex_bottle_t9,complete_epi,1709,0.253976,0.038619,1.174263e-05,6.896701e-05,2509,0.025746,1.163910e-05,0.051492,1.788859e-05,1.638551e-01,131,1,0,1,1,0
022_windex_bottle,s2_gate_070_022_windex_bottle_t10,complete_epi,4,0.930950,0.045207,2.642955e-05,1.805180e-04,934,0.030138,6.319529e-06,0.060277,7.430033e-05,1.612775e-01,198,1,0,1,1,0
022_windex_bottle,s2_gate_070_022_windex_bottle_t11,complete_epi,1,0.947111,0.042215,9.905921e-06,2.283515e-05,1040,0.028143,1.825312e-06,0.056287,3.090925e-05,1.780521e-01,228,1,0,1,1,0
022_windex_bottle,s2_gate_070_022_windex_bottle_t12,complete_epi,263,0.846682,0.040902,7.037322e-06,1.985445e-05,4902,0.027268,3.610569e-06,0.054536,1.023773e-05,1.027018e+00,730,1,0,1,1,0
022_windex_bottle,s2_gate_070_022_windex_bottle_t13,complete_epi,20,0.914273,0.040862,9.302196e-06,6.787748e-06,2653,0.027241,5.320213e-06,0.054482,2.628572e-05,6.088758e-01,432,1,0,1,1,0
022_windex_bottle,s2_gate_070_022_windex_bottle_t14,complete_epi,144,0.882359,0.041959,3.106563e-06,6.486209e-06,5142,0.027973,2.754075e-06,0.055946,6.950024e-06,5.249035e-01,412,1,0,1,1,0
022_windex_bottle,s2_gate_070_022_windex_bottle_t15,complete_epi,3,0.908947,0.032185,1.217875e-04,4.087082e-04,1035,0.021457,4.846872e-05,0.042914,1.403840e-04,8.023480e-01,450,1,0,1,1,0
022_windex_bottle,s2_gate_070_022_windex_bottle_t16,complete_epi,414,0.846345,0.039756,7.615700e-05,5.026812e-04,2394,0.026504,3.911485e-05,0.053008,1.009846e-04,2.363336e-01,142,1,0,1,1,0
022_windex_bottle,s2_gate_070_022_windex_bottle_t17,complete_epi,2,0.948787,0.042009,1.667226e-05,3.851469e-05,952,0.028006,3.696535e-07,0.056012,4.173659e-05,0.000000e+00,140,1,0,1,1,0
022_windex_bottle,s2_gate_070_022_windex_bottle_t18,complete_epi,19,0.894525,0.039326,2.739864e-05,9.624540e-05,3407,0.026217,3.999452e-05,0.052434,4.130431e-05,1.645908e+00,1027,1,0,1,1,0
022_windex_bottle,s2_gate_070_022_windex_bottle_t19,complete_epi,0,0.951141,0.042930,1.723949e-05,9.380654e-05,1579,0.028620,4.964134e-06,0.057240,3.889889e-05,3.429402e-01,301,1,0,1,1,0
021_bleach_cleanser,s0_gate_off_021_bleach_cleanser_t0,complete_only,255,0.870949,0.039125,1.088906e-04,5.194906e-04,1149,0.026083,1.084235e-04,0.052167,7.301260e-05,3.435608e-02,108,1,0,1,1,1
021_bleach_cleanser,s0_gate_off_021_bleach_cleanser_t1,complete_only,21,0.927096,0.039282,3.287085e-05,2.062831e-04,1022,0.026188,2.114338e-05,0.052375,2.936657e-05,0.000000e+00,124,1,0,1,1,1
021_bleach_cleanser,s0_gate_off_021_bleach_cleanser_t3,complete_only,2,0.953278,0.040285,5.209376e-05,3.252516e-04,1585,0.026857,1.142379e-04,0.053713,6.069181e-05,2.214844e-02,58,1,0,1,1,1
021_bleach_cleanser,s0_gate_off_021_bleach_cleanser_t5,complete_only,13,0.919901,0.040035,2.149522e-05,8.289655e-05,1029,0.026690,2.292043e-05,0.053380,1.701184e-05,2.908189e-01,120,1,0,1,1,0
021_bleach_cleanser,s0_gate_off_021_bleach_cleanser_t6,complete_only,6,0.941235,0.039273,7.972444e-06,6.219753e-06,939,0.026182,2.116450e-06,0.052364,1.876658e-05,0.000000e+00,57,1,0,1,1,0
021_bleach_cleanser,s0_gate_off_021_bleach_cleanser_t7,complete_only,203,0.911369,0.039475,1.509898e-06,3.742068e-06,1571,0.026317,1.345014e-06,0.052633,1.458030e-06,0.000000e+00,212,1,0,1,1,1
021_bleach_cleanser,s0_gate_off_021_bleach_cleanser_t8,complete_only,4,0.959671,0.022427,6.229746e-06,1.478097e-05,2079,0.014951,6.446502e-06,0.029903,7.536589e-06,5.138649e-01,688,1,0,1,1,0
021_bleach_cleanser,s0_gate_off_021_bleach_cleanser_t9,complete_only,50,0.943690,0.039137,6.482761e-05,4.030723e-04,902,0.026091,4.319911e-05,0.052182,5.185633e-05,0.000000e+00,104,1,0,1,1,1
021_bleach_cleanser,s0_gate_off_021_bleach_cleanser_t10,complete_only,20,0.906567,0.039581,4.988007e-05,1.837973e-04,1111,0.026387,4.435900e-05,0.052774,5.440616e-05,4.439506e-01,209,1,0,1,1,1
021_bleach_cleanser,s0_gate_off_021_bleach_cleanser_t11,complete_only,21,0.944034,0.039228,1.600829e-04,7.167581e-04,615,0.026152,1.804150e-04,0.052304,1.164685e-04,1.471726e-01,125,1,0,1,1,1
021_bleach_cleanser,s0_gate_off_021_bleach_cleanser_t12,complete_only,367,0.880243,0.024570,6.448779e-07,1.836590e-06,2238,0.016380,5.199251e-07,0.032760,1.468250e-06,0.000000e+00,442,1,0,1,1,1
021_bleach_cleanser,s0_gate_off_021_bleach_cleanser_t13,complete_only,155,0.914814,0.039753,8.885892e-05,6.036586e-04,1234,0.026502,1.238896e-04,0.053004,7.953534e-05,0.000000e+00,99,1,0,1,1,1
021_bleach_cleanser,s0_gate_off_021_bleach_cleanser_t14,complete_only,107,0.875532,0.009152,5.196626e-06,2.535348e-05,1502,0.006102,6.699374e-06,0.012203,2.833649e-06,5.329742e+00,6275,1,0,1,1,0
021_bleach_cleanser,s0_gate_off_021_bleach_cleanser_t15,complete_only,478,0.883091,0.039458,7.170107e-06,6.918746e-05,833,0.026305,1.246677e-07,0.052611,1.507409e-05,0.000000e+00,118,1,0,1,1,1
021_bleach_cleanser,s0_gate_off_021_bleach_cleanser_t16,complete_only,90,0.927800,0.039623,4.624318e-05,2.383725e-04,446,0.026415,2.459953e-05,0.052831,3.485174e-05,0.000000e+00,90,1,0,1,1,0
021_bleach_cleanser,s0_gate_off_021_bleach_cleanser_t17,complete_only,17,0.917349,0.039937,2.569183e-05,1.776176e-04,1045,0.026624,4.613413e-05,0.053249,2.118938e-05,3.187900e-02,172,1,0,1,1,1
021_bleach_cleanser,s0_gate_off_021_bleach_cleanser_t18,complete_only,66,0.916077,0.038611,1.162282e-04,6.392252e-04,440,0.025741,7.885991e-05,0.051481,6.255762e-05,5.201774e-02,108,1,0,1,1,1
021_bleach_cleanser,s0_gate_off_021_bleach_cleanser_t19,complete_only,5,0.945808,0.023076,1.460563e-05,1.256901e-04,828,0.015384,1.014678e-05,0.030767,1.280328e-05,0.000000e+00,248,1,0,1,1,0
061_foam_brick,s0_gate_off_061_foam_brick_t0,complete_only,543,0.899588,0.016189,3.949664e-05,2.145249e-04,896,0.010793,5.461958e-05,0.021586,3.634389e-05,9.023696e-01,873,1,0,1,1,1
061_foam_brick,s0_gate_off_061_foam_brick_t1,complete_only,6,0.966534,0.016536,1.817299e-06,1.473759e-05,558,0.011024,7.674368e-06,0.022048,3.209877e-06,1.221567e+00,1189,1,0,1,1,0
061_foam_brick,s0_gate_off_061_foam_brick_t2,complete_only,1090,0.800273,0.016737,4.020830e-04,1.078423e-03,309,0.011158,4.047257e-04,0.022315,3.885017e-04,1.202071e+00,778,1,0,1,1,1
061_foam_brick,s0_gate_off_061_foam_brick_t3,complete_only,1299,0.603195,0.016987,4.910078e-07,1.082149e-06,741,0.011324,5.831478e-07,0.022649,2.932083e-06,1.225162e+00,1411,1,0,1,1,0
061_foam_brick,s0_gate_off_061_foam_brick_t4,complete_only,114,0.969969,0.017019,1.123496e-03,3.253621e-03,561,0.011346,1.677224e-03,0.022692,6.427550e-04,1.261629e+00,863,1,0,1,1,1
061_foam_brick,s0_gate_off_061_foam_brick_t5,complete_only,938,0.844497,0.016746,5.882704e-04,1.885531e-03,346,0.011164,5.150046e-04,0.022328,3.764555e-04,1.397799e+00,919,1,0,1,1,1
061_foam_brick,s0_gate_off_061_foam_brick_t6,complete_only,1,0.955269,0.016901,1.376126e-05,4.046242e-05,750,0.011268,1.072950e-05,0.022535,3.616158e-05,1.254239e+00,952,1,0,1,1,1
061_foam_brick,s0_gate_off_061_foam_brick_t7,complete_only,450,0.921464,0.017206,9.940108e-07,1.504376e-06,1080,0.011471,5.295814e-07,0.022941,1.091955e-06,1.778985e+00,1959,1,0,1,1,1
061_foam_brick,s0_gate_off_061_foam_brick_t8,complete_only,569,0.890775,0.016715,4.847064e-06,7.899385e-07,1069,0.011143,4.635775e-07,0.022287,8.858859e-06,1.794715e+00,1487,1,0,1,1,1
061_foam_brick,s0_gate_off_061_foam_brick_t9,complete_only,1,0.971563,0.016617,1.944212e-05,2.711063e-06,586,0.011078,1.134529e-06,0.022155,3.688229e-05,1.619248e+00,1010,1,0,1,1,1
061_foam_brick,s0_gate_off_061_foam_brick_t10,complete_only,1075,0.814318,0.016576,2.630945e-04,1.345438e-03,568,0.011051,1.894017e-04,0.022101,6.187685e-05,1.086145e+00,1139,1,0,1,1,1
061_foam_brick,s0_gate_off_061_foam_brick_t11,complete_only,968,0.848288,0.015960,3.503756e-06,1.399737e-05,541,0.010640,3.845008e-06,0.021280,3.824815e-06,7.222217e-01,924,1,0,1,1,1
061_foam_brick,s0_gate_off_061_foam_brick_t12,complete_only,0,0.967687,0.016390,3.520508e-05,2.442373e-04,712,0.010927,1.251695e-05,0.021853,4.008275e-05,1.539427e+00,1035,1,0,1,1,1
061_foam_brick,s0_gate_off_061_foam_brick_t13,complete_only,319,0.903588,0.015856,8.574532e-06,4.628116e-05,562,0.010571,1.182706e-05,0.021142,3.584250e-05,1.651652e+00,992,1,0,1,1,1
061_foam_brick,s0_gate_off_061_foam_brick_t14,complete_only,1035,0.825376,0.016150,1.044158e-04,3.737750e-04,558,0.010767,1.433708e-04,0.021533,1.003825e-04,9.597847e-01,943,1,0,1,1,1
061_foam_brick,s0_gate_off_061_foam_brick_t15,complete_only,681,0.906715,0.017144,2.612015e-06,9.944888e-06,872,0.011429,4.978596e-06,0.022859,1.108339e-05,2.169972e+00,1890,1,0,1,1,1
061_foam_brick,s0_gate_off_061_foam_brick_t16,complete_only,0,0.972858,0.016632,3.397553e-05,2.821249e-04,584,0.011088,2.729573e-05,0.022176,4.367664e-05,1.305662e+00,948,1,0,1,1,1
061_foam_brick,s0_gate_off_061_foam_brick_t17,complete_only,653,0.901909,0.017920,5.444860e-07,9.991004e-07,974,0.011947,5.867938e-07,0.023894,5.286454e-07,1.116787e+00,1701,1,0,1,1,0
061_foam_brick,s0_gate_off_061_foam_brick_t18,complete_only,355,0.960407,0.017287,3.536378e-06,2.771912e-05,962,0.011525,3.933451e-06,0.023049,7.160827e-06,1.153176e+00,893,1,0,1,1,1
061_foam_brick,s0_gate_off_061_foam_brick_t19,complete_only,42,0.961367,0.016414,3.423429e-06,1.679579e-05,357,0.010943,2.922852e-06,0.021885,1.214159e-05,1.354547e+00,995,1,0,1,1,1
010_potted_meat_can,s0_gate_010_010_potted_meat_can_t0,complete_epi,7,0.878603,0.021554,1.406342e-06,4.324614e-06,600,0.014369,1.490959e-06,0.028739,4.128139e-06,3.254695e-01,546,1,0,1,1,1
010_potted_meat_can,s0_gate_010_010_potted_meat_can_t1,complete_epi,115,0.879162,0.020652,1.157267e-05,1.907022e-06,770,0.013768,3.374060e-06,0.027537,2.774986e-05,1.101533e+00,716,1,0,1,1,1
010_potted_meat_can,s0_gate_010_010_potted_meat_can_t3,complete_epi,57,0.823738,0.020491,1.748915e-05,1.076478e-04,773,0.013661,1.763775e-05,0.027321,1.780694e-05,6.962019e-01,570,1,0,1,1,1
010_potted_meat_can,s0_gate_010_010_potted_meat_can_t4,complete_epi,58,0.781862,0.021271,2.106514e-06,7.030764e-06,676,0.014181,1.940769e-06,0.028362,2.266369e-06,3.586846e-01,468,1,0,1,1,0
010_potted_meat_can,s0_gate_010_010_potted_meat_can_t5,complete_epi,43,0.778170,0.021061,1.152956e-05,8.032470e-05,554,0.014041,2.917894e-05,0.028082,7.929709e-06,7.370142e-01,813,1,0,1,1,1
010_potted_meat_can,s0_gate_010_010_potted_meat_can_t6,complete_epi,0,0.905992,0.020926,1.161153e-05,4.202770e-06,611,0.013951,1.283796e-06,0.027901,2.386741e-05,3.860272e-01,558,1,0,1,1,1
010_potted_meat_can,s0_gate_010_010_potted_meat_can_t7,complete_epi,7,0.877234,0.028869,7.767046e-07,1.361166e-06,2269,0.019246,8.646296e-07,0.038492,7.264659e-07,5.923113e-02,135,1,0,1,1,1
010_potted_meat_can,s0_gate_010_010_potted_meat_can_t9,complete_epi,28,0.824847,0.021150,4.117065e-06,1.581307e-05,409,0.014100,4.310541e-06,0.028201,4.463624e-06,2.954639e-01,429,1,0,1,1,1
010_potted_meat_can,s0_gate_010_010_potted_meat_can_t10,complete_epi,120,0.799225,0.021287,4.290534e-06,9.714174e-06,736,0.014191,3.324408e-06,0.028383,5.883786e-06,4.775732e-01,665,1,0,1,1,0
010_potted_meat_can,s0_gate_010_010_potted_meat_can_t11,complete_epi,19,0.823915,0.021198,4.032633e-06,2.351339e-06,809,0.014132,1.152184e-06,0.028264,4.903606e-06,8.273042e-01,902,1,0,1,1,0
010_potted_meat_can,s0_gate_010_010_potted_meat_can_t12,complete_epi,0,0.919395,0.020726,1.159043e-06,3.526418e-06,451,0.013818,3.529891e-07,0.027635,3.807983e-06,3.273968e-01,478,1,0,1,1,1
010_potted_meat_can,s0_gate_010_010_potted_meat_can_t13,complete_epi,1,0.889517,0.021006,5.266020e-06,2.486296e-06,617,0.014004,9.657263e-07,0.028008,7.378033e-06,2.804429e-01,557,1,0,1,1,0
010_potted_meat_can,s0_gate_010_010_potted_meat_can_t14,complete_epi,25,0.826728,0.021169,3.537791e-06,7.785789e-06,651,0.014112,2.077328e-06,0.028225,4.374501e-06,5.405863e-01,748,1,0,1,1,1
010_potted_meat_can,s0_gate_010_010_potted_meat_can_t15,complete_epi,66,0.861966,0.020735,3.503216e-06,1.678869e-05,875,0.013823,3.540274e-06,0.027646,3.593395e-06,8.446707e-01,860,1,0,1,1,1
010_potted_meat_can,s0_gate_010_010_potted_meat_can_t16,complete_epi,18,0.813652,0.021130,1.919044e-06,7.388733e-06,389,0.014086,1.461506e-06,0.028173,3.378792e-06,3.024769e-01,447,1,0,1,1,1
010_potted_meat_can,s0_gate_010_010_potted_meat_can_t17,complete_epi,0,0.942555,0.020170,1.645471e-06,8.055731e-06,768,0.013447,1.904210e-06,0.026894,1.411862e-06,3.972382e-01,657,1,0,1,1,1
010_potted_meat_can,s0_gate_010_010_potted_meat_can_t18,complete_epi,15,0.871408,0.021204,8.736533e-06,3.137373e-06,753,0.014136,3.357190e-06,0.028272,9.438152e-06,5.433592e-01,721,1,0,1,1,1
010_potted_meat_can,s0_gate_010_010_potted_meat_can_t19,complete_epi,60,0.871358,0.020807,7.069128e-07,1.974201e-06,654,0.013871,7.108473e-07,0.027743,1.993616e-05,3.600682e-01,580,1,0,1,1,1
005_tomato_soup_can,s0_gate_020_005_tomato_soup_can_t0,complete_epi,41,0.864631,0.019010,7.853368e-07,1.541169e-06,784,0.012673,7.687560e-07,0.025346,7.979002e-07,5.059779e-01,922,1,0,1,1,1
005_tomato_soup_can,s0_gate_020_005_tomato_soup_can_t1,complete_epi,39,0.868681,0.018973,7.723452e-07,1.534414e-06,679,0.012649,7.234161e-07,0.025298,7.792648e-07,4.781026e-01,895,1,0,1,1,1
005_tomato_soup_can,s0_gate_020_005_tomato_soup_can_t2,complete_epi,33,0.873344,0.019123,7.493987e-07,1.470940e-06,582,0.012749,7.145901e-07,0.025498,7.418817e-07,3.287388e-01,777,1,0,1,1,1
005_tomato_soup_can,s0_gate_020_005_tomato_soup_can_t3,complete_epi,24,0.884092,0.019019,5.099586e-07,1.532494e-06,456,0.012679,3.937063e-07,0.025358,6.213991e-07,2.283150e-01,636,1,0,1,1,1
005_tomato_soup_can,s0_gate_020_005_tomato_soup_can_t4,complete_epi,35,0.966448,0.018887,1.834979e-06,2.741819e-06,846,0.012592,1.826288e-06,0.025183,1.885040e-06,6.977660e-01,997,1,0,1,1,1
005_tomato_soup_can,s0_gate_020_005_tomato_soup_can_t5,complete_epi,32,0.869862,0.019052,7.748485e-07,1.662612e-06,693,0.012701,7.650600e-07,0.025402,7.962341e-07,4.686789e-01,881,1,0,1,1,1
005_tomato_soup_can,s0_gate_020_005_tomato_soup_can_t7,complete_epi,15,0.883943,0.018809,4.822667e-07,1.484675e-06,430,0.012540,5.127625e-07,0.025079,4.715330e-07,2.382204e-01,651,1,0,1,1,1
005_tomato_soup_can,s0_gate_020_005_tomato_soup_can_t8,complete_epi,5,0.881261,0.018832,8.074614e-07,1.650775e-06,645,0.012554,7.727812e-07,0.025109,8.254026e-07,4.208513e-01,838,1,0,1,1,1
005_tomato_soup_can,s0_gate_020_005_tomato_soup_can_t9,complete_epi,73,0.866173,0.018826,6.775827e-07,1.515607e-06,589,0.012551,6.140341e-07,0.025102,6.853552e-07,3.548655e-01,803,1,0,1,1,1
005_tomato_soup_can,s0_gate_020_005_tomato_soup_can_t10,complete_epi,50,0.879663,0.019012,6.592976e-07,1.756895e-06,530,0.012674,6.141554e-07,0.025349,6.588903e-07,3.440957e-01,735,1,0,1,1,1
005_tomato_soup_can,s0_gate_020_005_tomato_soup_can_t11,complete_epi,123,0.863204,0.019046,5.682536e-07,1.826558e-06,514,0.012697,5.501806e-07,0.025395,5.902720e-07,3.868361e-01,790,1,0,1,1,1
005_tomato_soup_can,s0_gate_020_005_tomato_soup_can_t13,complete_epi,60,0.872658,0.019099,6.529865e-07,1.376496e-06,572,0.012733,5.985521e-07,0.025466,6.629992e-07,2.807968e-01,732,1,0,1,1,1
005_tomato_soup_can,s0_gate_020_005_tomato_soup_can_t14,complete_epi,39,0.883514,0.019053,5.709071e-07,1.676498e-06,541,0.012702,6.120807e-07,0.025404,5.998681e-07,3.374444e-01,752,1,0,1,1,1
005_tomato_soup_can,s0_gate_020_005_tomato_soup_can_t15,complete_epi,15,0.875494,0.018960,9.986891e-07,2.162812e-06,491,0.012640,8.650127e-07,0.025280,8.011265e-07,3.890085e-01,776,1,0,1,1,0
005_tomato_soup_can,s0_gate_020_005_tomato_soup_can_t16,complete_epi,26,0.873131,0.018747,8.127059e-07,1.533383e-06,662,0.012498,7.783023e-07,0.024996,8.041826e-07,3.556140e-01,772,1,0,1,1,1
005_tomato_soup_can,s0_gate_020_005_tomato_soup_can_t17,complete_epi,31,0.885146,0.018888,9.143635e-07,1.705057e-06,567,0.012592,9.133363e-07,0.025184,7.577401e-07,3.187168e-01,738,1,0,1,1,1
005_tomato_soup_can,s0_gate_020_005_tomato_soup_can_t18,complete_epi,16,0.886420,0.018671,4.919050e-07,2.099595e-06,424,0.012448,4.034483e-07,0.024895,6.473853e-07,2.296765e-01,651,1,0,1,1,1
005_tomato_soup_can,s0_gate_020_005_tomato_soup_can_t19,complete_epi,13,0.876504,0.019014,7.955950e-07,1.429838e-06,657,0.012676,7.691494e-07,0.025352,8.009215e-07,3.807557e-01,788,1,0,1,1,1
035_power_drill,s0_gate_020_035_power_drill_t0,complete_epi,260,0.890832,0.041577,8.928936e-07,0.000000e+00,522,0.027718,0.000000e+00,0.055436,8.792739e-06,0.000000e+00,108,1,0,1,1,0
035_power_drill,s0_gate_020_035_power_drill_t1,complete_epi,1666,0.420916,0.012573,2.505978e-05,6.277366e-05,328,0.008382,4.452841e-05,0.016764,7.917554e-06,2.223756e+00,2315,1,0,1,1,0
035_power_drill,s0_gate_020_035_power_drill_t2,complete_epi,420,0.830322,0.043445,1.125189e-04,4.721498e-04,883,0.028963,8.861750e-05,0.057926,1.674898e-04,0.000000e+00,128,1,0,1,1,1
035_power_drill,s0_gate_020_035_power_drill_t3,complete_epi,243,0.879757,0.040583,1.213567e-06,7.882070e-06,631,0.027055,2.066401e-06,0.054111,3.668586e-06,0.000000e+00,119,1,0,1,1,0
035_power_drill,s0_gate_020_035_power_drill_t4,complete_epi,53,0.886050,0.041476,8.966347e-07,7.347923e-06,906,0.027651,0.000000e+00,0.055301,1.668213e-06,0.000000e+00,163,1,0,1,1,1
035_power_drill,s0_gate_020_035_power_drill_t5,complete_epi,464,0.844965,0.043479,2.834091e-05,9.508110e-05,1063,0.028986,1.964837e-05,0.057971,7.471507e-05,4.805508e-02,155,1,0,1,1,1
035_power_drill,s0_gate_020_035_power_drill_t6,complete_epi,453,0.802983,0.040006,6.124476e-06,0.000000e+00,536,0.026670,0.000000e+00,0.053341,1.026194e-05,0.000000e+00,155,1,0,1,1,0
035_power_drill,s0_gate_020_035_power_drill_t7,complete_epi,31,0.968931,0.028436,1.062537e-05,4.824968e-05,1865,0.018957,1.585449e-05,0.037915,7.834391e-06,1.427008e+00,1192,1,0,1,1,1
035_power_drill,s0_gate_020_035_power_drill_t9,complete_epi,51,0.896714,0.039551,0.000000e+00,0.000000e+00,623,0.026367,0.000000e+00,0.052735,1.093844e-06,0.000000e+00,169,1,0,1,1,1
035_power_drill,s0_gate_020_035_power_drill_t10,complete_epi,0,0.937496,0.042463,1.170401e-06,4.417453e-06,1005,0.028309,1.992232e-06,0.056618,4.342712e-06,0.000000e+00,112,1,0,1,1,0
035_power_drill,s0_gate_020_035_power_drill_t11,complete_epi,902,0.697973,0.042359,5.850630e-05,2.504353e-04,1131,0.028240,6.890827e-05,0.056479,6.612820e-05,2.607770e-01,272,1,0,1,1,1
035_power_drill,s0_gate_020_035_power_drill_t12,complete_epi,470,0.769643,0.054939,2.630857e-04,1.540885e-03,1957,0.036626,3.856786e-04,0.073251,3.118410e-04,2.810536e-01,235,1,0,1,1,1
035_power_drill,s0_gate_020_035_power_drill_t13,complete_epi,351,0.890953,0.040787,1.419802e-04,4.149546e-04,938,0.027191,7.694426e-05,0.054383,1.590157e-04,3.290457e-01,232,1,0,1,1,1
035_power_drill,s0_gate_020_035_power_drill_t14,complete_epi,940,0.697881,0.042169,1.093473e-06,5.335567e-06,824,0.028112,1.119194e-06,0.056225,9.316702e-07,0.000000e+00,150,1,0,1,1,0
035_power_drill,s0_gate_020_035_power_drill_t16,complete_epi,1,0.921295,0.038835,1.218285e-06,3.133865e-06,575,0.025890,0.000000e+00,0.051780,4.374221e-06,0.000000e+00,168,1,0,1,1,0
035_power_drill,s0_gate_020_035_power_drill_t18,complete_epi,370,0.857669,0.041022,1.566027e-06,6.214366e-06,914,0.027348,0.000000e+00,0.054696,9.152577e-06,0.000000e+00,108,1,0,1,1,0
035_power_drill,s0_gate_020_035_power_drill_t19,complete_epi,283,0.851012,0.052780,7.559945e-06,8.069185e-06,1421,0.035187,1.460287e-06,0.070373,2.229634e-05,1.763480e-02,155,1,0,1,1,0
021_bleach_cleanser,s0_gate_030_021_bleach_cleanser_t0,complete_epi,258,0.872400,0.039125,2.260997e-05,2.181960e-04,1111,0.026083,2.964945e-06,0.052167,2.792385e-05,0.000000e+00,66,1,0,1,1,1
021_bleach_cleanser,s0_gate_030_021_bleach_cleanser_t2,complete_epi,153,0.917175,0.011446,2.945601e-07,4.921528e-07,806,0.007631,2.846978e-07,0.015262,2.880622e-07,1.949709e+00,2679,1,0,1,1,0
021_bleach_cleanser,s0_gate_030_021_bleach_cleanser_t3,complete_epi,17,0.939935,0.039550,1.361378e-05,4.235358e-05,1062,0.026367,1.196645e-05,0.052734,2.105212e-05,0.000000e+00,89,1,0,1,1,1
021_bleach_cleanser,s0_gate_030_021_bleach_cleanser_t4,complete_epi,35,0.932845,0.038871,3.594517e-05,1.849250e-04,770,0.025914,3.002600e-05,0.051828,1.775061e-05,1.438391e-02,134,1,0,1,1,1
021_bleach_cleanser,s0_gate_030_021_bleach_cleanser_t5,complete_epi,102,0.901661,0.040167,1.028901e-05,2.759522e-05,1523,0.026778,9.881558e-06,0.053556,8.846358e-06,1.257330e-01,163,1,0,1,1,1
021_bleach_cleanser,s0_gate_030_021_bleach_cleanser_t7,complete_epi,111,0.935205,0.039487,1.437635e-06,3.874313e-06,1579,0.026325,1.472562e-06,0.052650,1.528735e-06,0.000000e+00,205,1,0,1,1,1
021_bleach_cleanser,s0_gate_030_021_bleach_cleanser_t8,complete_epi,258,0.889829,0.038559,2.866702e-05,1.205993e-04,1382,0.025706,4.109773e-05,0.051412,2.632173e-05,1.104375e-01,87,1,0,1,1,1
021_bleach_cleanser,s0_gate_030_021_bleach_cleanser_t9,complete_epi,38,0.863796,0.056201,1.884117e-04,1.175378e-03,4351,0.037468,4.130355e-04,0.074935,1.596026e-04,1.057407e+00,199,1,0,1,1,0
021_bleach_cleanser,s0_gate_030_021_bleach_cleanser_t10,complete_epi,23,0.914145,0.039365,9.892015e-05,4.574075e-04,930,0.026243,8.832427e-05,0.052487,7.643779e-05,2.767970e-01,105,1,0,1,1,0
021_bleach_cleanser,s0_gate_030_021_bleach_cleanser_t11,complete_epi,19,0.937152,0.039616,1.095175e-04,4.746950e-04,1039,0.026411,8.904761e-05,0.052821,8.046482e-05,1.028817e-01,127,1,0,1,1,1
021_bleach_cleanser,s0_gate_030_021_bleach_cleanser_t12,complete_epi,647,0.862822,0.040246,4.910095e-05,1.917597e-04,1314,0.026831,7.744925e-05,0.053661,3.218608e-05,1.890269e-01,162,1,0,1,1,1
021_bleach_cleanser,s0_gate_030_021_bleach_cleanser_t13,complete_epi,0,0.962399,0.028944,2.435160e-05,7.724783e-05,1132,0.019296,2.910652e-05,0.038592,1.083037e-05,2.911509e-02,230,1,0,1,1,0
021_bleach_cleanser,s0_gate_030_021_bleach_cleanser_t14,complete_epi,0,0.955511,0.027528,2.165723e-05,8.898807e-05,1265,0.018352,2.093820e-05,0.036704,1.948307e-05,7.489431e-01,232,1,0,1,1,0
021_bleach_cleanser,s0_gate_030_021_bleach_cleanser_t15,complete_epi,213,0.911329,0.039126,6.674477e-06,5.997408e-05,627,0.026084,0.000000e+00,0.052168,1.493157e-05,0.000000e+00,109,1,0,1,1,1
021_bleach_cleanser,s0_gate_030_021_bleach_cleanser_t16,complete_epi,11,0.945297,0.039445,2.289908e-06,1.208163e-05,601,0.026297,0.000000e+00,0.052593,1.217565e-05,0.000000e+00,79,1,0,1,1,0
021_bleach_cleanser,s0_gate_030_021_bleach_cleanser_t17,complete_epi,95,0.895307,0.039936,1.879666e-05,0.000000e+00,603,0.026624,0.000000e+00,0.053248,2.640361e-05,0.000000e+00,85,1,0,1,1,0
021_bleach_cleanser,s0_gate_030_021_bleach_cleanser_t18,complete_epi,59,0.919327,0.038706,3.472009e-05,2.725280e-04,859,0.025804,4.115236e-05,0.051608,3.281434e-05,0.000000e+00,84,1,0,1,1,1
021_bleach_cleanser,s0_gate_030_021_bleach_cleanser_t19,complete_epi,38,0.935271,0.039650,2.909461e-06,0.000000e+00,470,0.026433,0.000000e+00,0.052866,1.942303e-05,0.000000e+00,69,1,0,1,1,0
061_foam_brick,s0_gate_030_061_foam_brick_t0,complete_epi,490,0.904448,0.016189,6.788152e-05,5.867583e-04,910,0.010793,1.777294e-04,0.021586,5.775312e-05,1.189522e+00,1042,1,0,1,1,1
061_foam_brick,s0_gate_030_061_foam_brick_t1,complete_epi,24,0.963336,0.016536,1.675268e-06,4.425619e-06,567,0.011024,7.544298e-06,0.022047,2.612748e-06,1.157211e+00,1322,1,0,1,1,1
061_foam_brick,s0_gate_030_061_foam_brick_t2,complete_epi,1059,0.823161,0.016767,8.900932e-06,3.775619e-05,568,0.011178,5.828960e-06,0.022356,1.329520e-05,1.909635e+00,999,1,0,1,1,1
061_foam_brick,s0_gate_030_061_foam_brick_t3,complete_epi,1378,0.531175,0.016996,5.101010e-07,1.910969e-06,761,0.011331,5.101331e-07,0.022661,2.963999e-06,1.106032e+00,1374,1,0,1,1,1
061_foam_brick,s0_gate_030_061_foam_brick_t4,complete_epi,83,0.966637,0.016757,8.233600e-06,1.682896e-05,723,0.011171,3.379404e-06,0.022343,8.533442e-06,1.074569e+00,985,1,0,1,1,1
061_foam_brick,s0_gate_030_061_foam_brick_t5,complete_epi,1036,0.833813,0.016738,6.318605e-06,2.887165e-05,476,0.011159,1.028311e-05,0.022318,1.588653e-05,1.399139e+00,965,1,0,1,1,1
061_foam_brick,s0_gate_030_061_foam_brick_t6,complete_epi,25,0.949255,0.016624,5.419359e-06,1.102702e-05,492,0.011083,5.035732e-06,0.022166,2.484705e-05,1.415222e+00,815,1,0,1,1,1
061_foam_brick,s0_gate_030_061_foam_brick_t7,complete_epi,622,0.899141,0.017198,4.890997e-07,7.686410e-07,1074,0.011465,4.827036e-07,0.022930,4.750105e-07,1.166307e+00,1964,1,0,1,1,0
061_foam_brick,s0_gate_030_061_foam_brick_t8,complete_epi,290,0.930807,0.016991,7.753900e-07,1.894139e-06,1409,0.011327,6.132662e-07,0.022655,1.674540e-06,1.408013e+00,2132,1,0,1,1,1
061_foam_brick,s0_gate_030_061_foam_brick_t9,complete_epi,1,0.966300,0.016723,1.318732e-05,2.295624e-06,958,0.011149,1.042536e-06,0.022297,2.074051e-05,1.202394e+00,1039,1,0,1,1,1
061_foam_brick,s0_gate_030_061_foam_brick_t10,complete_epi,1113,0.801194,0.016584,3.657595e-06,1.251041e-05,774,0.011056,2.313207e-06,0.022112,7.541914e-06,1.223995e+00,1283,1,0,1,1,1
061_foam_brick,s0_gate_030_061_foam_brick_t11,complete_epi,1194,0.781215,0.015990,6.593602e-05,3.284363e-04,455,0.010660,4.899822e-05,0.021320,4.863052e-05,7.848751e-01,1024,1,0,1,1,1
061_foam_brick,s0_gate_030_061_foam_brick_t12,complete_epi,0,0.969302,0.016329,6.321237e-06,2.523612e-06,470,0.010886,1.089864e-06,0.021771,8.408314e-06,1.156806e+00,994,1,0,1,1,1
061_foam_brick,s0_gate_030_061_foam_brick_t13,complete_epi,180,0.916126,0.015833,1.183257e-05,4.555762e-05,538,0.010555,1.652137e-05,0.021111,2.376836e-05,1.732245e+00,1047,1,0,1,1,1
061_foam_brick,s0_gate_030_061_foam_brick_t14,complete_epi,905,0.861603,0.016135,1.899593e-06,5.075142e-06,581,0.010757,2.448188e-06,0.021514,2.853668e-06,6.478729e-01,849,1,0,1,1,1
061_foam_brick,s0_gate_030_061_foam_brick_t15,complete_epi,896,0.863329,0.017141,2.352979e-06,1.035241e-05,1315,0.011427,3.627221e-06,0.022855,1.011108e-05,3.221425e+00,1778,1,0,1,1,0
061_foam_brick,s0_gate_030_061_foam_brick_t16,complete_epi,1,0.976111,0.016612,9.215296e-07,2.877037e-06,677,0.011074,1.121334e-06,0.022149,1.242597e-05,1.181088e+00,931,1,0,1,1,1
061_foam_brick,s0_gate_030_061_foam_brick_t17,complete_epi,577,0.910478,0.017918,5.556321e-07,9.453016e-07,1029,0.011945,5.681433e-07,0.023890,5.321069e-07,8.988300e-01,1446,1,0,1,1,0
061_foam_brick,s0_gate_030_061_foam_brick_t18,complete_epi,457,0.954777,0.017246,3.016978e-06,9.368310e-06,909,0.011497,2.225733e-06,0.022994,4.784101e-06,1.221142e+00,1226,1,0,1,1,0
061_foam_brick,s0_gate_030_061_foam_brick_t19,complete_epi,66,0.958605,0.016438,4.207209e-06,1.912852e-05,366,0.010958,3.500944e-06,0.021917,1.228456e-05,1.529321e+00,1016,1,0,1,1,1
010_potted_meat_can,s0_gate_050_010_potted_meat_can_t0,complete_epi,5,0.879213,0.021554,1.406342e-06,4.324614e-06,600,0.014369,1.490959e-06,0.028739,4.128139e-06,3.048839e-01,550,1,0,1,1,1
010_potted_meat_can,s0_gate_050_010_potted_meat_can_t1,complete_epi,192,0.826833,0.020387,7.883837e-07,1.552851e-06,765,0.013591,7.932754e-07,0.027182,7.924992e-07,3.990074e-01,646,1,0,1,1,1
010_potted_meat_can,s0_gate_050_010_potted_meat_can_t3,complete_epi,39,0.843834,0.020488,7.038453e-06,4.706841e-05,714,0.013659,2.811083e-06,0.027317,6.645723e-06,6.161985e-01,719,1,0,1,1,0
010_potted_meat_can,s0_gate_050_010_potted_meat_can_t4,complete_epi,79,0.743930,0.021043,2.257330e-06,6.260991e-06,559,0.014029,2.094814e-06,0.028057,2.052208e-06,5.330616e-02,115,1,0,1,1,0
010_potted_meat_can,s0_gate_050_010_potted_meat_can_t5,complete_epi,68,0.746401,0.021060,4.683370e-06,7.504085e-06,780,0.014040,5.354088e-06,0.028080,4.372462e-06,6.117926e-01,774,1,0,1,1,1
010_potted_meat_can,s0_gate_050_010_potted_meat_can_t6,complete_epi,0,0.919082,0.020737,1.092798e-06,2.899443e-06,692,0.013825,6.206097e-07,0.027650,4.388602e-06,3.815236e-01,595,1,0,1,1,0
010_potted_meat_can,s0_gate_050_010_potted_meat_can_t7,complete_epi,277,0.850837,0.019735,8.200242e-07,1.494961e-06,622,0.013157,8.737001e-07,0.026314,7.827821e-07,3.120533e-01,711,1,0,1,1,1
010_potted_meat_can,s0_gate_050_010_potted_meat_can_t8,complete_epi,36,0.916773,0.020591,2.249793e-06,8.613096e-06,725,0.013727,1.858267e-06,0.027454,2.618460e-06,5.990602e-01,690,1,0,1,1,0
010_potted_meat_can,s0_gate_050_010_potted_meat_can_t9,complete_epi,67,0.805897,0.021148,2.879492e-06,1.407518e-05,358,0.014099,4.533222e-06,0.028198,2.958949e-06,3.019491e-01,423,1,0,1,1,1
010_potted_meat_can,s0_gate_050_010_potted_meat_can_t10,complete_epi,91,0.847477,0.021215,5.073188e-06,2.577181e-05,908,0.014144,4.653325e-06,0.028287,6.699999e-06,7.171963e-01,753,1,0,1,1,1
010_potted_meat_can,s0_gate_050_010_potted_meat_can_t11,complete_epi,21,0.817711,0.021211,4.776823e-06,2.126263e-05,957,0.014140,5.176364e-06,0.028281,5.390133e-06,7.123452e-01,774,1,0,1,1,1
010_potted_meat_can,s0_gate_050_010_potted_meat_can_t12,complete_epi,33,0.795792,0.020731,1.416087e-06,3.805975e-06,468,0.013820,7.983045e-07,0.027641,6.825281e-06,3.328774e-01,472,1,0,1,1,1
010_potted_meat_can,s0_gate_050_010_potted_meat_can_t13,complete_epi,13,0.864499,0.020927,1.160562e-06,4.035957e-06,754,0.013951,1.144866e-06,0.027903,8.056629e-06,4.533312e-01,652,1,0,1,1,1
010_potted_meat_can,s0_gate_050_010_potted_meat_can_t14,complete_epi,54,0.835543,0.021112,2.822721e-06,3.111512e-06,559,0.014074,1.561130e-06,0.028149,3.542165e-06,6.837452e-01,820,1,0,1,1,1
010_potted_meat_can,s0_gate_050_010_potted_meat_can_t15,complete_epi,52,0.821625,0.020865,2.175367e-06,8.713538e-06,796,0.013910,2.239758e-06,0.027821,2.426065e-06,4.751256e-01,640,1,0,1,1,0
010_potted_meat_can,s0_gate_050_010_potted_meat_can_t16,complete_epi,7,0.806038,0.021143,1.920831e-06,7.426028e-06,391,0.014095,1.389377e-06,0.028190,3.391153e-06,2.134402e-01,384,1,0,1,1,1
010_potted_meat_can,s0_gate_050_010_potted_meat_can_t17,complete_epi,5,0.919464,0.020216,1.548840e-06,7.137327e-06,732,0.013477,1.506555e-06,0.026955,1.544224e-06,4.341479e-01,678,1,0,1,1,1
010_potted_meat_can,s0_gate_050_010_potted_meat_can_t18,complete_epi,101,0.829534,0.021236,5.088518e-06,4.207054e-06,745,0.014157,1.918484e-06,0.028315,8.547133e-06,4.622523e-01,671,1,0,1,1,1
010_potted_meat_can,s0_gate_050_010_potted_meat_can_t19,complete_epi,93,0.875988,0.020849,9.221485e-07,2.641204e-06,665,0.013899,7.213067e-07,0.027798,9.215632e-06,3.327441e-01,568,1,0,1,1,1
005_tomato_soup_can,s0_gate_070_005_tomato_soup_can_t0,complete_epi,13,0.875043,0.019010,5.013931e-07,1.946443e-06,424,0.012673,3.334765e-07,0.025346,6.382339e-07,1.961796e-01,608,1,0,1,1,1
005_tomato_soup_can,s0_gate_070_005_tomato_soup_can_t1,complete_epi,129,0.845919,0.019004,6.076307e-07,1.597713e-06,585,0.012669,6.266981e-07,0.025339,6.560643e-07,3.445680e-01,740,1,0,1,1,1
035_power_drill,s0_gate_070_035_power_drill_t0,complete_epi,435,0.855952,0.041577,8.928936e-07,0.000000e+00,522,0.027718,0.000000e+00,0.055436,8.792739e-06,0.000000e+00,147,1,0,1,1,1
035_power_drill,s0_gate_070_035_power_drill_t1,complete_epi,0,0.963808,0.023117,3.203190e-04,1.370306e-03,1704,0.015411,4.240834e-04,0.030822,2.347004e-04,3.267275e+00,727,1,0,1,1,0
035_power_drill,s0_gate_070_035_power_drill_t2,complete_epi,209,0.861640,0.043446,4.750208e-05,5.975167e-05,808,0.028964,3.312242e-05,0.057928,8.833532e-05,0.000000e+00,128,1,0,1,1,0
035_power_drill,s0_gate_070_035_power_drill_t3,complete_epi,283,0.889703,0.041128,0.000000e+00,0.000000e+00,524,0.027419,0.000000e+00,0.054838,7.681350e-07,0.000000e+00,124,1,0,1,1,0
035_power_drill,s0_gate_070_035_power_drill_t4,complete_epi,0,0.784921,0.003153,9.919698e-07,3.699990e-06,555,0.002102,7.612186e-07,0.004203,1.276016e-06,6.254633e+00,8190,0,0,1,1,
035_power_drill,s0_gate_070_035_power_drill_t6,complete_epi,157,0.872347,0.039326,1.810397e-06,1.047645e-05,611,0.026218,2.992676e-06,0.052435,2.167094e-06,0.000000e+00,158,1,0,1,1,1
035_power_drill,s0_gate_070_035_power_drill_t8,complete_epi,374,0.822673,0.049705,6.428741e-05,6.566585e-05,1117,0.033136,1.922212e-05,0.066273,1.176139e-04,0.000000e+00,114,1,0,1,1,1
035_power_drill,s0_gate_070_035_power_drill_t9,complete_epi,1,0.916526,0.039414,1.132394e-06,5.341761e-06,917,0.026276,1.419139e-06,0.052553,2.014032e-06,0.000000e+00,172,1,0,1,1,1
035_power_drill,s0_gate_070_035_power_drill_t10,complete_epi,699,0.921765,0.018215,4.319862e-06,1.021617e-05,2215,0.012143,4.807654e-06,0.024287,3.799995e-06,2.031674e+00,2464,1,0,1,1,0
035_power_drill,s0_gate_070_035_power_drill_t11,complete_epi,804,0.749493,0.042427,4.515718e-07,0.000000e+00,675,0.028285,0.000000e+00,0.056569,4.890951e-06,0.000000e+00,150,1,0,1,1,0
035_power_drill,s0_gate_070_035_power_drill_t12,complete_epi,415,0.902528,0.018747,3.218043e-05,1.243802e-04,2151,0.012498,1.703143e-05,0.024996,4.234167e-05,1.710582e+00,1161,1,0,1,1,0
035_power_drill,s0_gate_070_035_power_drill_t13,complete_epi,91,0.951247,0.022059,8.724684e-05,4.237124e-04,1339,0.014706,1.418795e-04,0.029413,5.913739e-05,2.885324e+00,632,1,0,1,1,0
035_power_drill,s0_gate_070_035_power_drill_t14,complete_epi,82,0.942753,0.025382,4.092430e-06,2.493449e-05,2229,0.016921,3.003562e-06,0.033843,7.054999e-06,7.886372e-01,930,1,0,1,1,0
035_power_drill,s0_gate_070_035_power_drill_t15,complete_epi,1131,0.817754,0.019160,2.026871e-07,1.108270e-06,852,0.012774,2.164886e-07,0.025547,6.175004e-07,7.437403e-02,641,1,0,1,1,0
035_power_drill,s0_gate_070_035_power_drill_t16,complete_epi,0,0.918554,0.038834,8.070856e-06,5.555043e-06,1039,0.025889,5.269877e-06,0.051779,1.410335e-05,0.000000e+00,161,1,0,1,1,1
035_power_drill,s0_gate_070_035_power_drill_t17,complete_epi,85,0.898323,0.047736,5.635020e-06,1.861519e-05,2054,0.031824,2.564298e-06,0.063647,7.909014e-06,1.430285e-01,199,1,0,1,1,1
035_power_drill,s0_gate_070_035_power_drill_t18,complete_epi,945,0.731410,0.050953,6.005326e-06,1.613108e-05,1880,0.033968,5.926724e-06,0.067937,7.029666e-06,0.000000e+00,69,1,0,1,1,0
035_power_drill,s0_gate_070_035_power_drill_t19,complete_epi,1427,0.591035,0.040824,5.532872e-06,1.859803e-05,849,0.027216,2.851857e-06,0.054432,1.241740e-05,0.000000e+00,189,1,0,1,1,0
021_bleach_cleanser,s1_gate_off_021_bleach_cleanser_t0,complete_only,7,0.939683,0.038889,1.722041e-04,7.466092e-04,425,0.025926,1.833765e-04,0.051852,1.201402e-04,2.354794e-01,131,1,0,1,1,1
021_bleach_cleanser,s1_gate_off_021_bleach_cleanser_t1,complete_only,243,0.891153,0.040694,1.073004e-05,4.834699e-05,1093,0.027129,9.695530e-06,0.054259,1.142804e-05,6.755455e-02,133,1,0,1,1,1
021_bleach_cleanser,s1_gate_off_021_bleach_cleanser_t2,complete_only,33,0.937247,0.039125,2.751997e-05,3.152871e-04,1219,0.026084,5.028331e-05,0.052167,2.319765e-05,3.618254e-01,210,1,0,1,1,1
021_bleach_cleanser,s1_gate_off_021_bleach_cleanser_t3,complete_only,634,0.810736,0.039217,1.122632e-04,3.389565e-04,1241,0.026145,1.757297e-04,0.052289,7.416317e-05,2.400127e-01,148,1,0,1,1,1
021_bleach_cleanser,s1_gate_off_021_bleach_cleanser_t4,complete_only,802,0.828198,0.039482,4.108815e-05,2.179965e-04,993,0.026322,9.616288e-05,0.052643,3.479640e-05,1.851851e-01,136,1,0,1,1,1
021_bleach_cleanser,s1_gate_off_021_bleach_cleanser_t5,complete_only,11,0.976683,0.014396,1.614595e-04,3.859775e-04,1247,0.009597,1.570024e-04,0.019195,1.680438e-04,4.981493e+00,1973,1,0,1,1,0
021_bleach_cleanser,s1_gate_off_021_bleach_cleanser_t6,complete_only,360,0.862785,0.039502,1.263521e-04,6.381561e-04,1018,0.026335,1.190759e-04,0.052669,7.277334e-05,3.146532e-01,64,1,0,1,1,0
021_bleach_cleanser,s1_gate_off_021_bleach_cleanser_t7,complete_only,233,0.924454,0.011113,1.875312e-06,5.497733e-06,1469,0.007409,2.520972e-06,0.014817,1.452455e-06,2.061804e+00,2973,1,0,1,1,0
021_bleach_cleanser,s1_gate_off_021_bleach_cleanser_t8,complete_only,47,0.913887,0.040383,1.458655e-05,1.105159e-04,1029,0.026922,1.734097e-05,0.053845,1.167562e-05,1.869138e-02,183,1,0,1,1,1
021_bleach_cleanser,s1_gate_off_021_bleach_cleanser_t9,complete_only,140,0.914138,0.039856,1.273417e-05,7.558396e-05,952,0.026570,7.407670e-06,0.053141,2.871908e-05,0.000000e+00,59,1,0,1,1,1
021_bleach_cleanser,s1_gate_off_021_bleach_cleanser_t10,complete_only,11,0.912730,0.038802,4.123924e-05,2.104396e-04,1339,0.025868,5.143956e-05,0.051736,2.850095e-05,1.961113e-01,140,1,0,1,1,1
021_bleach_cleanser,s1_gate_off_021_bleach_cleanser_t11,complete_only,6,0.911975,0.038996,2.737348e-05,1.040128e-04,638,0.025998,3.419306e-05,0.051995,2.182131e-05,3.496472e-02,100,1,0,1,1,1
021_bleach_cleanser,s1_gate_off_021_bleach_cleanser_t12,complete_only,10,0.926999,0.039306,1.424712e-05,7.368293e-05,712,0.026204,0.000000e+00,0.052407,1.980849e-05,0.000000e+00,95,1,0,1,1,0
021_bleach_cleanser,s1_gate_off_021_bleach_cleanser_t13,complete_only,87,0.929334,0.039531,1.123471e-05,2.319611e-05,1059,0.026354,1.040234e-05,0.052707,2.556451e-05,0.000000e+00,101,1,0,1,1,1
021_bleach_cleanser,s1_gate_off_021_bleach_cleanser_t14,complete_only,6,0.941674,0.039167,8.936026e-05,4.129647e-04,792,0.026111,8.269941e-05,0.052223,6.903163e-05,3.713187e-01,173,1,0,1,1,1
021_bleach_cleanser,s1_gate_off_021_bleach_cleanser_t15,complete_only,620,0.856700,0.038993,1.441278e-04,6.538496e-04,1028,0.025995,2.587928e-04,0.051991,9.169892e-05,4.260954e-01,169,1,0,1,1,1
021_bleach_cleanser,s1_gate_off_021_bleach_cleanser_t16,complete_only,63,0.908566,0.039701,5.269917e-06,1.099482e-05,1391,0.026467,5.529386e-06,0.052934,4.680346e-06,1.053254e-01,187,1,0,1,1,1
021_bleach_cleanser,s1_gate_off_021_bleach_cleanser_t18,complete_only,154,0.897626,0.040138,7.174273e-06,4.426911e-05,1111,0.026758,3.543969e-06,0.053517,9.223203e-06,0.000000e+00,115,1,0,1,1,0
021_bleach_cleanser,s1_gate_off_021_bleach_cleanser_t19,complete_only,6,0.907384,0.038527,3.761422e-05,1.245968e-04,1351,0.025685,5.259851e-05,0.051369,2.767452e-05,1.178016e-01,139,1,0,1,1,0
061_foam_brick,s1_gate_off_061_foam_brick_t0,complete_only,766,0.878883,0.016198,1.707240e-04,8.119747e-04,430,0.010799,2.379089e-04,0.021597,1.196799e-04,8.084994e-01,1034,1,0,1,1,1
061_foam_brick,s1_gate_off_061_foam_brick_t1,complete_only,1085,0.758667,0.017084,7.690560e-04,2.796479e-03,340,0.011389,1.159460e-03,0.022779,5.709056e-04,1.731122e+00,1091,1,0,1,1,0
061_foam_brick,s1_gate_off_061_foam_brick_t2,complete_only,822,0.853435,0.017188,5.879374e-07,1.465846e-06,1091,0.011459,7.523417e-07,0.022918,7.644372e-07,1.296988e+00,1919,1,0,1,1,0
061_foam_brick,s1_gate_off_061_foam_brick_t3,complete_only,207,0.935658,0.017434,6.759603e-06,7.614420e-06,1471,0.011622,6.911517e-06,0.023245,1.048887e-05,2.172325e+00,1562,1,0,1,1,1
061_foam_brick,s1_gate_off_061_foam_brick_t4,complete_only,1174,0.687733,0.016628,4.452453e-06,1.726088e-05,832,0.011085,4.874988e-06,0.022171,5.735409e-06,8.664078e-01,985,1,0,1,1,1
061_foam_brick,s1_gate_off_061_foam_brick_t5,complete_only,0,0.972835,0.016287,5.975998e-06,5.768048e-06,500,0.010858,4.273936e-06,0.021716,2.274528e-05,2.108011e+00,1028,1,0,1,1,1
061_foam_brick,s1_gate_off_061_foam_brick_t6,complete_only,996,0.762402,0.017347,7.759829e-06,4.999052e-05,1637,0.011564,7.084106e-06,0.023129,1.034872e-05,1.234977e+00,1148,1,0,1,1,1
061_foam_brick,s1_gate_off_061_foam_brick_t7,complete_only,878,0.830709,0.017388,1.774481e-04,4.906362e-04,740,0.011592,2.814533e-04,0.023185,6.618651e-05,1.235209e+00,1136,1,0,1,1,1
061_foam_brick,s1_gate_off_061_foam_brick_t8,complete_only,448,0.902831,0.017041,4.038607e-07,6.925444e-07,898,0.011361,3.860486e-07,0.022722,4.233784e-07,1.020368e+00,1822,1,0,1,1,1
061_foam_brick,s1_gate_off_061_foam_brick_t9,complete_only,369,0.915166,0.016256,5.360772e-04,8.845754e-04,750,0.010837,5.895096e-04,0.021675,2.760033e-04,1.570297e+00,1242,1,0,1,1,1
061_foam_brick,s1_gate_off_061_foam_brick_t10,complete_only,19,0.954021,0.017347,2.586332e-06,6.493597e-06,1467,0.011565,2.844284e-06,0.023129,4.461076e-06,1.829942e+00,2408,1,0,1,1,0
061_foam_brick,s1_gate_off_061_foam_brick_t11,complete_only,94,0.917572,0.016793,1.280884e-06,6.348938e-06,1495,0.011195,1.423010e-06,0.022391,2.579404e-06,1.437661e+00,1999,1,0,1,1,1
061_foam_brick,s1_gate_off_061_foam_brick_t12,complete_only,337,0.936112,0.016998,2.776335e-06,5.435177e-06,969,0.011332,1.366404e-06,0.022665,5.797330e-06,1.811028e+00,1770,1,0,1,1,1
061_foam_brick,s1_gate_off_061_foam_brick_t13,complete_only,0,0.954517,0.015886,2.795646e-06,9.338506e-06,622,0.010590,3.456528e-06,0.021181,4.895388e-06,8.243994e-01,889,1,0,1,1,1
061_foam_brick,s1_gate_off_061_foam_brick_t14,complete_only,587,0.881064,0.016186,2.858939e-06,1.727787e-05,419,0.010791,1.687903e-06,0.021582,2.957528e-06,8.029861e-01,1039,1,0,1,1,1
061_foam_brick,s1_gate_off_061_foam_brick_t15,complete_only,20,0.931563,0.016195,4.936455e-06,5.198858e-06,880,0.010797,9.369892e-07,0.021593,2.498109e-05,8.406966e-01,792,1,0,1,1,1
061_foam_brick,s1_gate_off_061_foam_brick_t16,complete_only,122,0.967283,0.017221,4.383144e-05,1.227249e-04,874,0.011481,3.125297e-05,0.022962,4.233886e-05,1.710276e+00,978,1,0,1,1,1
061_foam_brick,s1_gate_off_061_foam_brick_t17,complete_only,1249,0.614069,0.015861,2.009334e-05,8.662091e-05,820,0.010574,3.249474e-05,0.021149,1.748924e-05,1.428917e+00,1290,1,0,1,1,1
061_foam_brick,s1_gate_off_061_foam_brick_t18,complete_only,295,0.913805,0.016822,4.319681e-07,6.948430e-07,1071,0.011215,4.417856e-07,0.022430,4.477011e-07,8.948119e-01,1565,1,0,1,1,1
061_foam_brick,s1_gate_off_061_foam_brick_t19,complete_only,10,0.955747,0.017193,7.866790e-07,1.729181e-06,1241,0.011462,7.085749e-07,0.022925,1.072536e-06,1.526253e+00,2021,1,0,1,1,0
010_potted_meat_can,s1_gate_010_010_potted_meat_can_t0,complete_epi,177,0.778730,0.021428,4.771128e-06,2.636832e-05,540,0.014286,5.459874e-06,0.028571,7.311294e-06,4.208526e-01,587,1,0,1,1,0
010_potted_meat_can,s1_gate_010_010_potted_meat_can_t1,complete_epi,8,0.837572,0.021166,3.408337e-06,8.561347e-06,614,0.014111,2.431125e-06,0.028222,3.588442e-06,4.422846e-01,657,1,0,1,1,1
010_potted_meat_can,s1_gate_010_010_potted_meat_can_t2,complete_epi,27,0.818040,0.020616,2.116562e-05,3.190002e-06,700,0.013744,1.665006e-05,0.027488,1.889186e-05,6.111747e-01,685,1,0,1,1,1
010_potted_meat_can,s1_gate_010_010_potted_meat_can_t3,complete_epi,40,0.856207,0.020740,5.008083e-06,2.478999e-05,857,0.013827,3.992283e-06,0.027654,5.078912e-06,5.277006e-01,626,1,0,1,1,0
010_potted_meat_can,s1_gate_010_010_potted_meat_can_t4,complete_epi,130,0.808225,0.020521,4.722442e-06,1.550199e-05,847,0.013681,4.290645e-06,0.027362,6.176577e-06,7.853500e-01,666,1,0,1,1,1
010_potted_meat_can,s1_gate_010_010_potted_meat_can_t5,complete_epi,76,0.840247,0.021327,7.669807e-07,1.407751e-06,646,0.014218,6.546654e-07,0.028436,1.949394e-06,4.001457e-01,658,1,0,1,1,1
010_potted_meat_can,s1_gate_010_010_potted_meat_can_t6,complete_epi,292,0.768482,0.020989,2.886473e-06,4.410296e-06,863,0.013993,2.152379e-06,0.027985,3.197112e-06,6.457291e-01,679,1,0,1,1,0
010_potted_meat_can,s1_gate_010_010_potted_meat_can_t7,complete_epi,7,0.863936,0.020981,7.489720e-06,8.961587e-05,532,0.013987,1.134671e-05,0.027974,6.125719e-06,7.306811e-01,834,1,0,1,1,1
010_potted_meat_can,s1_gate_010_010_potted_meat_can_t8,complete_epi,1,0.933361,0.020030,6.425440e-07,2.265041e-06,647,0.013353,5.834096e-07,0.026706,6.997517e-07,3.293860e-01,633,1,0,1,1,1
010_potted_meat_can,s1_gate_010_010_potted_meat_can_t9,complete_epi,0,0.912918,0.021033,6.254501e-06,2.286158e-06,578,0.014022,7.303006e-07,0.028044,1.314242e-05,3.050707e-01,585,1,0,1,1,1
010_potted_meat_can,s1_gate_010_010_potted_meat_can_t10,complete_epi,100,0.843699,0.020934,1.338022e-06,4.080894e-06,784,0.013956,1.305953e-06,0.027911,1.402479e-06,5.356129e-01,725,1,0,1,1,1
010_potted_meat_can,s1_gate_010_010_potted_meat_can_t11,complete_epi,429,0.709545,0.027498,3.619877e-05,1.812599e-04,1851,0.018332,3.518093e-05,0.036665,3.807904e-05,1.213650e+00,901,1,0,1,1,1
010_potted_meat_can,s1_gate_010_010_potted_meat_can_t12,complete_epi,77,0.895359,0.019844,9.016757e-07,1.732871e-06,647,0.013229,9.666357e-07,0.026458,6.691487e-06,3.214843e-01,612,1,0,1,1,1
010_potted_meat_can,s1_gate_010_010_potted_meat_can_t14,complete_epi,23,0.873256,0.021222,4.609123e-06,1.639928e-05,835,0.014148,4.343953e-06,0.028296,4.713056e-06,4.563130e-01,592,1,0,1,1,1
010_potted_meat_can,s1_gate_010_010_potted_meat_can_t15,complete_epi,0,0.910940,0.021047,5.291100e-06,2.570700e-06,492,0.014031,9.959174e-07,0.028062,1.222551e-05,2.917062e-01,562,1,0,1,1,1
010_potted_meat_can,s1_gate_010_010_potted_meat_can_t16,complete_epi,2,0.915161,0.021640,3.109943e-05,3.066170e-04,539,0.014426,2.042576e-05,0.028853,2.497007e-05,2.346560e-01,313,1,0,1,1,1
010_potted_meat_can,s1_gate_010_010_potted_meat_can_t18,complete_epi,350,0.871488,0.019807,8.062874e-07,2.412047e-06,580,0.013204,8.622833e-07,0.026409,7.252287e-07,3.508559e-01,684,1,0,1,1,1
010_potted_meat_can,s1_gate_010_010_potted_meat_can_t19,complete_epi,158,0.930178,0.020805,1.124767e-06,2.504264e-06,796,0.013870,1.142230e-06,0.027740,1.041266e-06,5.569205e-01,754,1,0,1,1,1
005_tomato_soup_can,s1_gate_020_005_tomato_soup_can_t0,complete_epi,50,0.872370,0.019058,6.177456e-07,1.752385e-06,511,0.012706,5.847428e-07,0.025411,6.096082e-07,2.851551e-01,701,1,0,1,1,1
005_tomato_soup_can,s1_gate_020_005_tomato_soup_can_t1,complete_epi,50,0.863692,0.019063,8.260529e-07,1.431989e-06,790,0.012709,8.250762e-07,0.025417,8.026538e-07,4.036859e-01,787,1,0,1,1,1
005_tomato_soup_can,s1_gate_020_005_tomato_soup_can_t2,complete_epi,30,0.882350,0.018763,6.253841e-07,1.789714e-06,529,0.012509,7.274692e-07,0.025017,6.296985e-07,3.084653e-01,748,1,0,1,1,0
005_tomato_soup_can,s1_gate_020_005_tomato_soup_can_t3,complete_epi,41,0.871915,0.018846,6.906194e-07,1.590511e-06,625,0.012564,6.218714e-07,0.025128,7.659004e-07,3.811418e-01,836,1,0,1,1,1
005_tomato_soup_can,s1_gate_020_005_tomato_soup_can_t4,complete_epi,59,0.874442,0.019106,7.826751e-07,1.575043e-06,613,0.012737,7.688820e-07,0.025474,7.938278e-07,2.921652e-01,722,1,0,1,1,1
005_tomato_soup_can,s1_gate_020_005_tomato_soup_can_t5,complete_epi,8,0.895969,0.019010,7.426494e-07,1.857590e-06,598,0.012673,6.877710e-07,0.025347,7.210782e-07,3.940374e-01,799,1,0,1,1,1
005_tomato_soup_can,s1_gate_020_005_tomato_soup_can_t7,complete_epi,43,0.875577,0.019116,7.289156e-07,1.506375e-06,605,0.012744,6.823334e-07,0.025487,7.458492e-07,3.284035e-01,751,1,0,1,1,1
005_tomato_soup_can,s1_gate_020_005_tomato_soup_can_t9,complete_epi,8,0.890343,0.018803,6.075100e-07,1.306679e-06,564,0.012535,5.470999e-07,0.025071,6.329602e-07,3.242133e-01,782,1,0,1,1,1
005_tomato_soup_can,s1_gate_020_005_tomato_soup_can_t10,complete_epi,66,0.862492,0.018852,7.581881e-07,1.601499e-06,752,0.012568,6.979480e-07,0.025136,7.730585e-07,3.669259e-01,794,1,0,1,1,1
005_tomato_soup_can,s1_gate_020_005_tomato_soup_can_t11,complete_epi,58,0.876858,0.018873,7.809819e-07,1.420631e-06,812,0.012582,7.546257e-07,0.025164,7.933892e-07,5.119591e-01,923,1,0,1,1,1
005_tomato_soup_can,s1_gate_020_005_tomato_soup_can_t12,complete_epi,39,0.873981,0.019024,8.150388e-07,1.451604e-06,700,0.012683,7.769699e-07,0.025365,8.097437e-07,4.116310e-01,827,1,0,1,1,1
005_tomato_soup_can,s1_gate_020_005_tomato_soup_can_t13,complete_epi,128,0.844359,0.019076,6.765082e-07,1.426582e-06,606,0.012717,6.591884e-07,0.025435,6.810262e-07,2.853078e-01,725,1,0,1,1,1
005_tomato_soup_can,s1_gate_020_005_tomato_soup_can_t14,complete_epi,52,0.880098,0.019106,5.467833e-07,1.592346e-06,537,0.012737,5.004655e-07,0.025475,5.801666e-07,3.418998e-01,766,1,0,1,1,1
005_tomato_soup_can,s1_gate_020_005_tomato_soup_can_t15,complete_epi,52,0.882677,0.018981,7.557083e-07,1.610700e-06,574,0.012654,7.031836e-07,0.025307,7.560754e-07,3.082188e-01,709,1,0,1,1,1
005_tomato_soup_can,s1_gate_020_005_tomato_soup_can_t16,complete_epi,85,0.867181,0.019031,8.409871e-07,1.519767e-06,685,0.012687,8.458064e-07,0.025375,8.354886e-07,4.843956e-01,924,1,0,1,1,1
005_tomato_soup_can,s1_gate_020_005_tomato_soup_can_t17,complete_epi,90,0.865375,0.019075,7.613365e-07,1.615498e-06,732,0.012717,6.955779e-07,0.025434,8.138314e-07,4.962173e-01,884,1,0,1,1,1
005_tomato_soup_can,s1_gate_020_005_tomato_soup_can_t18,complete_epi,15,0.884831,0.018889,7.422160e-07,1.669626e-06,653,0.012593,7.294876e-07,0.025186,7.766403e-07,3.870477e-01,810,1,0,1,1,0
005_tomato_soup_can,s1_gate_020_005_tomato_soup_can_t19,complete_epi,91,0.856903,0.018897,7.369080e-07,1.874536e-06,528,0.012598,7.170190e-07,0.025196,7.530832e-07,3.098726e-01,701,1,0,1,1,1
035_power_drill,s1_gate_020_035_power_drill_t0,complete_epi,879,0.737430,0.041747,9.330259e-07,4.734185e-06,918,0.027831,1.370439e-06,0.055663,3.009805e-06,0.000000e+00,163,1,0,1,1,1
035_power_drill,s1_gate_020_035_power_drill_t1,complete_epi,797,0.744596,0.044791,6.513999e-05,0.000000e+00,763,0.029860,4.804578e-05,0.059721,9.731079e-05,0.000000e+00,142,1,0,1,1,0
035_power_drill,s1_gate_020_035_power_drill_t3,complete_epi,73,0.893381,0.046208,2.184472e-04,2.021177e-03,966,0.030805,1.886226e-04,0.061610,4.024972e-04,2.314114e-01,131,1,0,1,1,1
035_power_drill,s1_gate_020_035_power_drill_t4,complete_epi,80,0.925482,0.030037,2.531755e-07,2.833977e-06,957,0.020025,0.000000e+00,0.040050,6.390210e-07,0.000000e+00,210,1,0,1,1,0
035_power_drill,s1_gate_020_035_power_drill_t5,complete_epi,0,0.975993,0.015274,1.736591e-05,7.960579e-05,1387,0.010183,1.356429e-05,0.020365,2.135748e-05,1.743887e+00,2280,1,0,1,1,0
035_power_drill,s1_gate_020_035_power_drill_t6,complete_epi,186,0.908381,0.042003,5.332695e-07,3.792825e-06,763,0.028002,0.000000e+00,0.056004,2.453247e-06,0.000000e+00,140,1,0,1,1,1
035_power_drill,s1_gate_020_035_power_drill_t7,complete_epi,80,0.888688,0.041535,1.126590e-04,6.442961e-04,1000,0.027690,7.529905e-05,0.055380,1.645900e-04,1.163135e-01,146,1,0,1,1,0
035_power_drill,s1_gate_020_035_power_drill_t8,complete_epi,0,0.960814,0.059670,3.528390e-05,5.819615e-05,12364,0.039780,2.085472e-05,0.079560,5.566008e-05,1.516658e+00,1150,1,0,1,1,0
035_power_drill,s1_gate_020_035_power_drill_t9,complete_epi,103,0.944750,0.016992,8.223333e-05,1.891289e-04,921,0.011328,7.920630e-05,0.022655,8.167834e-05,3.749561e+00,1887,1,0,1,1,0
035_power_drill,s1_gate_020_035_power_drill_t10,complete_epi,93,0.918982,0.049079,1.018935e-04,5.612253e-04,1027,0.032719,8.135130e-05,0.065439,1.100600e-04,3.132616e-01,128,1,0,1,1,0
035_power_drill,s1_gate_020_035_power_drill_t11,complete_epi,167,0.896382,0.035942,7.047210e-04,2.041616e-03,872,0.023961,8.528085e-04,0.047922,3.491749e-04,4.194285e+00,154,1,0,1,1,0
035_power_drill,s1_gate_020_035_power_drill_t12,complete_epi,527,0.797430,0.044791,1.105368e-05,1.528721e-05,3074,0.029861,5.179953e-06,0.059722,1.149467e-05,1.158622e+00,777,1,0,1,1,1
035_power_drill,s1_gate_020_035_power_drill_t14,complete_epi,58,0.917155,0.025308,2.861840e-04,9.224160e-04,1003,0.016872,4.183137e-04,0.033743,1.324000e-04,2.007456e+00,1180,1,0,1,1,0
035_power_drill,s1_gate_020_035_power_drill_t15,complete_epi,690,0.743550,0.042589,2.242533e-05,3.936246e-05,692,0.028393,0.000000e+00,0.056785,6.046385e-05,0.000000e+00,146,1,0,1,1,1
035_power_drill,s1_gate_020_035_power_drill_t16,complete_epi,234,0.941303,0.021357,8.623659e-06,4.278143e-05,1675,0.014238,8.244618e-06,0.028476,9.922380e-06,1.481312e+00,1550,1,0,1,1,0
035_power_drill,s1_gate_020_035_power_drill_t17,complete_epi,196,0.852928,0.043010,9.705906e-05,5.109987e-04,734,0.028673,8.488571e-05,0.057347,1.586130e-04,6.523588e-02,126,1,0,1,1,1
035_power_drill,s1_gate_020_035_power_drill_t19,complete_epi,25,0.908180,0.046371,1.663898e-04,9.910940e-04,985,0.030914,1.003913e-04,0.061828,1.843962e-04,6.030933e-01,162,1,0,1,1,1
021_bleach_cleanser,s1_gate_030_021_bleach_cleanser_t0,complete_epi,2,0.943583,0.038889,1.095905e-04,6.156835e-04,877,0.025926,9.438589e-05,0.051852,7.350910e-05,5.434143e-02,113,1,0,1,1,1
021_bleach_cleanser,s1_gate_030_021_bleach_cleanser_t1,complete_epi,17,0.950030,0.021720,1.320357e-04,3.098125e-04,1100,0.014480,1.357310e-04,0.028961,1.442381e-04,1.330893e+00,327,1,0,1,1,0
021_bleach_cleanser,s1_gate_030_021_bleach_cleanser_t2,complete_epi,22,0.941024,0.039152,4.613090e-05,4.035490e-04,915,0.026101,8.170317e-05,0.052203,2.659599e-05,1.713423e-01,163,1,0,1,1,1
021_bleach_cleanser,s1_gate_030_021_bleach_cleanser_t3,complete_epi,396,0.876338,0.040112,4.534754e-05,2.037503e-04,1270,0.026742,6.156109e-05,0.053483,4.165704e-05,7.010587e-02,117,1,0,1,1,0
021_bleach_cleanser,s1_gate_030_021_bleach_cleanser_t4,complete_epi,850,0.852026,0.039352,5.742142e-05,3.779413e-04,1050,0.026235,7.216836e-05,0.052469,3.834564e-05,1.558584e-01,108,1,0,1,1,1
021_bleach_cleanser,s1_gate_030_021_bleach_cleanser_t5,complete_epi,156,0.918618,0.040699,7.884267e-05,3.045461e-04,1608,0.027133,8.449002e-05,0.054265,5.391908e-05,3.657484e-01,182,1,0,1,1,1
021_bleach_cleanser,s1_gate_030_021_bleach_cleanser_t6,complete_epi,413,0.850790,0.039691,6.128257e-05,2.959946e-04,1410,0.026461,1.303714e-04,0.052921,5.889139e-05,3.886377e-02,96,1,0,1,1,1
021_bleach_cleanser,s1_gate_030_021_bleach_cleanser_t7,complete_epi,5,0.953895,0.018942,2.105677e-05,4.919831e-05,1729,0.012628,2.084658e-05,0.025257,2.365204e-05,8.153089e-01,1039,1,0,1,1,0
021_bleach_cleanser,s1_gate_030_021_bleach_cleanser_t8,complete_epi,58,0.909388,0.040399,1.378801e-05,1.130591e-04,1173,0.026933,1.151324e-05,0.053865,1.233047e-05,0.000000e+00,169,1,0,1,1,1
021_bleach_cleanser,s1_gate_030_021_bleach_cleanser_t9,complete_epi,108,0.925590,0.039826,1.058527e-05,8.610210e-05,643,0.026551,0.000000e+00,0.053102,2.877994e-05,0.000000e+00,81,1,0,1,1,1
021_bleach_cleanser,s1_gate_030_021_bleach_cleanser_t10,complete_epi,13,0.907744,0.038700,4.994132e-05,1.903661e-04,1277,0.025800,5.449456e-05,0.051599,3.398075e-05,2.643022e-01,163,1,0,1,1,1
021_bleach_cleanser,s1_gate_030_021_bleach_cleanser_t11,complete_epi,0,0.944790,0.022385,5.336116e-07,1.296719e-06,966,0.014923,4.058253e-07,0.029847,5.784916e-07,5.949645e-03,282,1,0,1,1,0
021_bleach_cleanser,s1_gate_030_021_bleach_cleanser_t12,complete_epi,3,0.920950,0.038979,2.590429e-05,2.142670e-04,793,0.025986,2.921775e-05,0.051973,2.211826e-05,0.000000e+00,123,1,0,1,1,1
021_bleach_cleanser,s1_gate_030_021_bleach_cleanser_t13,complete_epi,8,0.945898,0.039723,1.825249e-04,6.042784e-04,888,0.026482,1.513365e-04,0.052964,1.144128e-04,1.875518e-01,113,1,0,1,1,0
021_bleach_cleanser,s1_gate_030_021_bleach_cleanser_t14,complete_epi,15,0.934001,0.039109,8.167604e-05,4.640721e-04,1010,0.026073,8.623366e-05,0.052146,6.118842e-05,2.280900e-01,130,1,0,1,1,1
021_bleach_cleanser,s1_gate_030_021_bleach_cleanser_t15,complete_epi,569,0.871200,0.039114,1.117108e-04,6.050306e-04,1083,0.026076,1.255492e-04,0.052152,4.657322e-05,2.953780e-01,154,1,0,1,1,1
021_bleach_cleanser,s1_gate_030_021_bleach_cleanser_t16,complete_epi,153,0.917152,0.034440,5.265460e-06,2.598921e-05,1019,0.022960,8.119477e-06,0.045919,4.557635e-06,2.091813e-02,262,1,0,1,1,0
021_bleach_cleanser,s1_gate_030_021_bleach_cleanser_t17,complete_epi,54,0.927921,0.024014,3.361397e-05,1.724560e-04,3113,0.016009,1.035613e-04,0.032019,2.293324e-05,2.594322e+00,634,1,0,1,1,0
021_bleach_cleanser,s1_gate_030_021_bleach_cleanser_t18,complete_epi,171,0.893753,0.040122,1.303836e-05,9.602750e-05,1491,0.026748,1.689390e-05,0.053496,1.005349e-05,3.352355e-02,217,1,0,1,1,1
021_bleach_cleanser,s1_gate_030_021_bleach_cleanser_t19,complete_epi,75,0.887230,0.038552,4.770545e-05,1.790763e-04,1288,0.025701,5.129372e-05,0.051402,3.575637e-05,1.851591e-01,140,1,0,1,1,1
061_foam_brick,s1_gate_030_061_foam_brick_t0,complete_epi,1041,0.842579,0.016198,2.177426e-06,8.443120e-06,589,0.010799,1.943598e-06,0.021597,3.088456e-06,6.498426e-01,993,1,0,1,1,1
061_foam_brick,s1_gate_030_061_foam_brick_t1,complete_epi,1130,0.750886,0.016730,4.732589e-06,2.610050e-05,741,0.011153,5.085980e-06,0.022307,5.288726e-06,1.497423e+00,1174,1,0,1,1,1
061_foam_brick,s1_gate_030_061_foam_brick_t2,complete_epi,620,0.907203,0.017270,5.511692e-07,1.246017e-06,1022,0.011513,5.550345e-07,0.023027,6.920850e-07,1.001392e+00,1579,1,0,1,1,1
061_foam_brick,s1_gate_030_061_foam_brick_t3,complete_epi,312,0.889896,0.017371,1.383894e-06,1.447283e-06,1653,0.011580,6.287036e-07,0.023161,3.058722e-06,1.809404e+00,2308,1,0,1,1,0
061_foam_brick,s1_gate_030_061_foam_brick_t4,complete_epi,1205,0.650732,0.016644,3.560811e-06,1.209414e-05,833,0.011096,4.216756e-06,0.022192,5.204715e-06,8.792016e-01,1039,1,0,1,1,1
061_foam_brick,s1_gate_030_061_foam_brick_t5,complete_epi,1,0.975910,0.016273,1.833164e-06,5.023905e-06,394,0.010849,1.113984e-06,0.021698,8.662265e-06,1.175224e+00,1077,1,0,1,1,1
061_foam_brick,s1_gate_030_061_foam_brick_t6,complete_epi,1100,0.682614,0.017342,1.420671e-06,7.758416e-06,947,0.011561,4.319535e-07,0.023123,3.189930e-06,1.408750e+00,1109,1,0,1,1,0
061_foam_brick,s1_gate_030_061_foam_brick_t7,complete_epi,1125,0.756738,0.017402,4.809459e-06,1.515078e-05,484,0.011601,4.171057e-06,0.023203,8.226973e-06,1.334040e+00,863,1,0,1,1,1
061_foam_brick,s1_gate_030_061_foam_brick_t8,complete_epi,478,0.905753,0.017044,4.014190e-07,6.918175e-07,893,0.011363,3.856495e-07,0.022726,4.227961e-07,9.240828e-01,1724,1,0,1,1,1
061_foam_brick,s1_gate_030_061_foam_brick_t9,complete_epi,387,0.908754,0.016247,9.912442e-06,8.374274e-06,1020,0.010831,2.509836e-06,0.021663,1.805801e-05,1.659771e+00,1472,1,0,1,1,1
061_foam_brick,s1_gate_030_061_foam_brick_t10,complete_epi,31,0.951268,0.017354,1.663272e-06,6.443958e-06,1763,0.011569,1.883129e-06,0.023139,4.053452e-06,1.850876e+00,1919,1,0,1,1,0
061_foam_brick,s1_gate_030_061_foam_brick_t11,complete_epi,107,0.914944,0.016774,1.299059e-06,6.343313e-06,1462,0.011183,1.423157e-06,0.022365,2.509992e-06,1.602224e+00,2094,1,0,1,1,1
061_foam_brick,s1_gate_030_061_foam_brick_t12,complete_epi,640,0.901458,0.016998,3.286551e-06,9.625069e-07,950,0.011332,1.046610e-06,0.022664,4.453125e-06,1.028716e+00,1589,1,0,1,1,0
061_foam_brick,s1_gate_030_061_foam_brick_t13,complete_epi,0,0.958519,0.015805,2.632636e-06,1.025464e-05,413,0.010537,3.283532e-06,0.021073,5.461118e-06,8.549007e-01,944,1,0,1,1,1
061_foam_brick,s1_gate_030_061_foam_brick_t14,complete_epi,874,0.847261,0.016186,3.107112e-06,1.196960e-05,611,0.010790,1.850369e-06,0.021581,3.241029e-06,9.186955e-01,1073,1,0,1,1,1
061_foam_brick,s1_gate_030_061_foam_brick_t15,complete_epi,1,0.947834,0.016197,1.014460e-06,3.944738e-06,860,0.010798,1.311511e-06,0.021596,1.776842e-05,9.946276e-01,830,1,0,1,1,1
061_foam_brick,s1_gate_030_061_foam_brick_t16,complete_epi,253,0.955267,0.017213,3.129966e-04,2.878153e-03,258,0.011475,1.639597e-04,0.022950,1.264284e-04,1.650867e+00,1028,1,0,1,1,1
061_foam_brick,s1_gate_030_061_foam_brick_t17,complete_epi,1329,0.583459,0.015821,5.597036e-05,1.368840e-04,565,0.010547,6.930352e-05,0.021095,3.544382e-05,1.656166e+00,992,1,0,1,1,1
061_foam_brick,s1_gate_030_061_foam_brick_t18,complete_epi,225,0.921079,0.016851,4.718240e-07,6.921597e-07,1198,0.011234,4.750601e-07,0.022468,8.342645e-07,1.235798e+00,1792,1,0,1,1,1
061_foam_brick,s1_gate_030_061_foam_brick_t19,complete_epi,6,0.955698,0.017197,8.138463e-07,1.983928e-06,1010,0.011465,7.315064e-07,0.022929,9.542242e-07,1.499138e+00,1923,1,0,1,1,0
010_potted_meat_can,s1_gate_050_010_potted_meat_can_t0,complete_epi,96,0.815216,0.021428,4.500764e-06,2.504323e-06,541,0.014286,2.055365e-06,0.028571,5.871450e-06,4.648096e-01,700,1,0,1,1,1
010_potted_meat_can,s1_gate_050_010_potted_meat_can_t1,complete_epi,218,0.759679,0.022156,1.160799e-06,2.832144e-06,1194,0.014771,1.687355e-06,0.029542,1.130646e-06,4.525976e-01,674,1,0,1,1,0
010_potted_meat_can,s1_gate_050_010_potted_meat_can_t2,complete_epi,1,0.865138,0.020763,7.803457e-06,4.595698e-06,692,0.013842,5.149610e-06,0.027683,1.111110e-05,4.661858e-01,694,1,0,1,1,1
010_potted_meat_can,s1_gate_050_010_potted_meat_can_t3,complete_epi,1076,0.918776,0.017035,3.449084e-07,1.393062e-06,3109,0.011357,3.291724e-07,0.022713,3.701190e-07,1.589063e+00,3302,1,0,1,1,0
010_potted_meat_can,s1_gate_050_010_potted_meat_can_t4,complete_epi,307,0.770789,0.020516,3.642153e-06,5.898371e-06,687,0.013677,2.781103e-06,0.027355,5.115497e-06,7.467165e-01,673,1,0,1,1,1
010_potted_meat_can,s1_gate_050_010_potted_meat_can_t5,complete_epi,118,0.815818,0.021320,8.854210e-07,2.545699e-06,692,0.014214,6.461673e-07,0.028427,8.770124e-07,4.147689e-01,650,1,0,1,1,1
010_potted_meat_can,s1_gate_050_010_potted_meat_can_t6,complete_epi,0,0.854433,0.024093,5.583153e-06,3.928108e-05,1475,0.016062,4.904686e-06,0.032124,6.491379e-06,8.202199e-01,826,1,0,1,1,1
010_potted_meat_can,s1_gate_050_010_potted_meat_can_t8,complete_epi,16,0.918946,0.020127,8.291277e-07,5.579024e-06,678,0.013418,6.764121e-07,0.026836,8.993655e-07,3.252569e-01,637,1,0,1,1,1
010_potted_meat_can,s1_gate_050_010_potted_meat_can_t9,complete_epi,0,0.902284,0.020891,6.248813e-06,2.259186e-06,643,0.013927,7.288605e-07,0.027855,1.259786e-05,2.426890e-01,546,1,0,1,1,1
010_potted_meat_can,s1_gate_050_010_potted_meat_can_t10,complete_epi,151,0.863927,0.020891,1.425194e-06,5.985970e-06,873,0.013927,1.290916e-06,0.027855,1.671022e-06,4.326104e-01,627,1,0,1,1,0
010_potted_meat_can,s1_gate_050_010_potted_meat_can_t11,complete_epi,47,0.884326,0.020641,1.372312e-06,4.626411e-06,834,0.013761,1.343489e-06,0.027522,1.490286e-06,5.095334e-01,685,1,0,1,1,0
010_potted_meat_can,s1_gate_050_010_potted_meat_can_t12,complete_epi,30,0.916242,0.019932,8.609416e-07,2.393988e-06,700,0.013288,9.660712e-07,0.026576,7.669378e-07,3.727011e-01,708,1,0,1,1,1
010_potted_meat_can,s1_gate_050_010_potted_meat_can_t13,complete_epi,0,0.919896,0.021273,9.109900e-07,2.172015e-06,717,0.014182,8.830808e-07,0.028364,1.044051e-05,3.423819e-01,582,1,0,1,1,1
010_potted_meat_can,s1_gate_050_010_potted_meat_can_t15,complete_epi,0,0.927081,0.021059,1.018481e-05,2.588909e-06,643,0.014039,9.817102e-07,0.028079,1.526918e-05,2.986646e-01,555,1,0,1,1,1
010_potted_meat_can,s1_gate_050_010_potted_meat_can_t16,complete_epi,6,0.887446,0.021815,2.040289e-05,4.185020e-06,624,0.014543,1.276666e-05,0.029087,2.071298e-05,4.897848e-01,547,1,0,1,1,1
010_potted_meat_can,s1_gate_050_010_potted_meat_can_t17,complete_epi,149,0.821846,0.020736,8.917200e-06,6.623881e-05,816,0.013824,5.366716e-06,0.027648,1.007996e-05,7.390085e-01,757,1,0,1,1,1
010_potted_meat_can,s1_gate_050_010_potted_meat_can_t18,complete_epi,382,0.850237,0.019811,7.382443e-07,1.952191e-06,685,0.013207,6.939498e-07,0.026415,7.610859e-07,3.302280e-01,631,1,0,1,1,1
010_potted_meat_can,s1_gate_050_010_potted_meat_can_t19,complete_epi,0,0.944524,0.020690,9.359400e-07,2.661402e-06,672,0.013794,9.091716e-07,0.027587,1.039106e-06,3.540590e-01,605,1,0,1,1,1
005_tomato_soup_can,s1_gate_070_005_tomato_soup_can_t0,complete_epi,95,0.858189,0.019058,6.401313e-07,1.754456e-06,449,0.012706,4.419264e-07,0.025411,7.272027e-07,2.278439e-01,629,1,0,1,1,1
005_tomato_soup_can,s1_gate_070_005_tomato_soup_can_t1,complete_epi,62,0.856514,0.019054,6.872795e-07,1.492626e-06,693,0.012703,6.152485e-07,0.025405,6.753247e-07,3.194013e-01,719,1,0,1,1,1
005_tomato_soup_can,s1_gate_070_005_tomato_soup_can_t2,complete_epi,107,0.858255,0.018798,6.680155e-07,1.756177e-06,533,0.012532,7.487951e-07,0.025064,6.663274e-07,3.054341e-01,746,1,0,1,1,0
005_tomato_soup_can,s1_gate_070_005_tomato_soup_can_t3,complete_epi,107,0.853581,0.018836,5.304959e-07,1.838120e-06,447,0.012558,1.993378e-07,0.025115,6.721545e-07,2.360660e-01,660,1,0,1,1,1
005_tomato_soup_can,s1_gate_070_005_tomato_soup_can_t4,complete_epi,39,0.877463,0.019148,5.053811e-07,1.491911e-06,423,0.012766,2.840068e-07,0.025531,6.174782e-07,2.139848e-01,621,1,0,1,1,1
005_tomato_soup_can,s1_gate_070_005_tomato_soup_can_t5,complete_epi,25,0.890463,0.018895,5.903427e-07,1.784691e-06,510,0.012596,6.028265e-07,0.025193,6.278146e-07,3.289787e-01,709,1,0,1,1,1
005_tomato_soup_can,s1_gate_070_005_tomato_soup_can_t6,complete_epi,80,0.862522,0.018968,6.393838e-07,1.689172e-06,527,0.012645,5.463397e-07,0.025290,6.466996e-07,4.003213e-01,785,1,0,1,1,1
005_tomato_soup_can,s1_gate_070_005_tomato_soup_can_t7,complete_epi,162,0.825948,0.018924,6.555066e-07,1.493398e-06,579,0.012616,8.264071e-07,0.025232,6.705335e-07,3.141687e-01,706,1,0,1,1,1
005_tomato_soup_can,s1_gate_070_005_tomato_soup_can_t8,complete_epi,12,0.884716,0.018793,5.628102e-07,1.741793e-06,440,0.012528,7.226093e-07,0.025057,5.200054e-07,2.441527e-01,656,1,0,1,1,1
005_tomato_soup_can,s1_gate_070_005_tomato_soup_can_t9,complete_epi,214,0.841116,0.018817,5.263645e-07,1.531172e-06,481,0.012545,5.780353e-07,0.025089,5.294519e-07,2.228842e-01,652,1,0,1,1,1
005_tomato_soup_can,s1_gate_070_005_tomato_soup_can_t10,complete_epi,35,0.875872,0.018834,7.271866e-07,1.616305e-06,703,0.012556,6.092257e-07,0.025113,7.603991e-07,3.396313e-01,782,1,0,1,1,0
005_tomato_soup_can,s1_gate_070_005_tomato_soup_can_t11,complete_epi,150,0.851204,0.019111,5.733059e-07,1.768306e-06,523,0.012741,6.307040e-07,0.025482,5.978147e-07,3.450677e-01,753,1,0,1,1,1
005_tomato_soup_can,s1_gate_070_005_tomato_soup_can_t12,complete_epi,92,0.850865,0.019115,6.641718e-07,1.546320e-06,623,0.012743,6.031206e-07,0.025487,6.872462e-07,3.066431e-01,767,1,0,1,1,1
005_tomato_soup_can,s1_gate_070_005_tomato_soup_can_t13,complete_epi,98,0.862928,0.019060,6.172602e-07,1.615910e-06,488,0.012706,6.072088e-07,0.025413,6.295740e-07,2.587906e-01,666,1,0,1,1,1
005_tomato_soup_can,s1_gate_070_005_tomato_soup_can_t14,complete_epi,23,0.880355,0.019104,5.497396e-07,1.548828e-06,548,0.012736,5.053494e-07,0.025472,5.773713e-07,3.416112e-01,756,1,0,1,1,1
005_tomato_soup_can,s1_gate_070_005_tomato_soup_can_t15,complete_epi,94,0.870938,0.019087,7.064026e-07,1.830238e-06,555,0.012725,7.280330e-07,0.025449,6.942576e-07,3.267808e-01,722,1,0,1,1,1
005_tomato_soup_can,s1_gate_070_005_tomato_soup_can_t17,complete_epi,151,0.856956,0.018935,5.790723e-07,1.805804e-06,444,0.012623,4.525725e-07,0.025247,6.603827e-07,2.746331e-01,692,1,0,1,1,1
005_tomato_soup_can,s1_gate_070_005_tomato_soup_can_t18,complete_epi,35,0.872000,0.018797,6.438474e-07,1.720825e-06,542,0.012531,6.445922e-07,0.025062,6.648877e-07,2.689721e-01,697,1,0,1,1,1
005_tomato_soup_can,s1_gate_070_005_tomato_soup_can_t19,complete_epi,93,0.858214,0.018815,6.749702e-07,1.928577e-06,492,0.012544,7.952131e-07,0.025087,6.405555e-07,3.116399e-01,709,1,0,1,1,1
035_power_drill,s1_gate_070_035_power_drill_t0,complete_epi,886,0.731436,0.041747,5.255178e-07,3.253426e-06,714,0.027831,0.000000e+00,0.055663,9.326217e-07,0.000000e+00,161,1,0,1,1,1
035_power_drill,s1_gate_070_035_power_drill_t1,complete_epi,1317,0.796501,0.020526,3.614693e-06,1.185762e-05,1291,0.013684,1.100834e-05,0.027368,2.485714e-06,1.603378e+00,2255,1,0,1,1,0
035_power_drill,s1_gate_070_035_power_drill_t2,complete_epi,255,0.913742,0.019736,2.076886e-05,1.358073e-04,1738,0.013157,3.197109e-05,0.026314,2.657614e-05,2.962702e+00,1624,1,0,1,1,1
035_power_drill,s1_gate_070_035_power_drill_t3,complete_epi,1,0.967562,0.019527,8.669235e-05,3.860225e-04,1169,0.013018,1.726854e-04,0.026036,6.288884e-05,1.340852e+00,592,1,0,1,1,0
035_power_drill,s1_gate_070_035_power_drill_t4,complete_epi,27,0.887581,0.043080,1.315713e-06,0.000000e+00,465,0.028720,0.000000e+00,0.057440,3.988922e-05,0.000000e+00,77,1,0,1,1,1
035_power_drill,s1_gate_070_035_power_drill_t5,complete_epi,1027,0.712295,0.042069,3.775813e-05,2.162617e-04,998,0.028046,1.955845e-05,0.056092,6.014142e-05,3.861605e-02,193,1,0,1,1,1
035_power_drill,s1_gate_070_035_power_drill_t6,complete_epi,165,0.917215,0.028042,2.511252e-05,1.001165e-04,1737,0.018695,2.565772e-05,0.037390,2.284608e-05,1.624527e+00,864,1,0,1,1,0
035_power_drill,s1_gate_070_035_power_drill_t7,complete_epi,577,0.825819,0.043642,1.270089e-04,1.201218e-03,729,0.029095,2.829616e-05,0.058189,1.748763e-04,0.000000e+00,143,1,0,1,1,1
035_power_drill,s1_gate_070_035_power_drill_t8,complete_epi,325,0.936619,0.028936,7.137028e-06,3.676517e-05,1455,0.019291,9.587769e-06,0.038581,7.929898e-06,3.706369e-01,431,1,0,1,1,0
035_power_drill,s1_gate_070_035_power_drill_t9,complete_epi,80,0.932019,0.025459,2.288873e-06,3.798372e-06,1070,0.016973,5.236783e-07,0.033945,3.775544e-06,2.857331e-01,496,1,0,1,1,0
035_power_drill,s1_gate_070_035_power_drill_t10,complete_epi,186,0.868091,0.047809,1.759950e-05,0.000000e+00,947,0.031873,1.026994e-05,0.063746,3.381113e-05,0.000000e+00,134,1,0,1,1,1
035_power_drill,s1_gate_070_035_power_drill_t11,complete_epi,98,0.889972,0.041562,0.000000e+00,0.000000e+00,511,0.027708,0.000000e+00,0.055417,1.919082e-05,0.000000e+00,105,1,0,1,1,0
035_power_drill,s1_gate_070_035_power_drill_t12,complete_epi,1504,0.530135,0.045226,1.384593e-05,2.204990e-05,3929,0.030150,1.050008e-05,0.060301,1.947140e-05,2.333197e+00,1259,1,0,1,1,1
035_power_drill,s1_gate_070_035_power_drill_t14,complete_epi,1096,0.741651,0.047210,3.615962e-06,2.002420e-05,2661,0.031473,4.593231e-06,0.062946,3.956623e-05,0.000000e+00,385,1,0,1,1,0
035_power_drill,s1_gate_070_035_power_drill_t15,complete_epi,370,0.809458,0.042823,0.000000e+00,0.000000e+00,551,0.028549,0.000000e+00,0.057097,1.140475e-05,0.000000e+00,122,1,0,1,1,1
035_power_drill,s1_gate_070_035_power_drill_t17,complete_epi,377,0.828688,0.043622,5.499360e-05,2.884184e-04,793,0.029081,3.621842e-05,0.058163,5.740095e-05,1.106498e-01,129,1,0,1,1,1
035_power_drill,s1_gate_070_035_power_drill_t18,complete_epi,295,0.947354,0.028465,7.931418e-06,3.455269e-05,2882,0.018977,8.094513e-06,0.037953,1.040149e-05,1.451579e+00,1245,1,0,1,1,1
035_power_drill,s1_gate_070_035_power_drill_t19,complete_epi,164,0.893770,0.051457,1.324822e-06,0.000000e+00,765,0.034305,0.000000e+00,0.068610,6.152764e-06,0.000000e+00,100,1,0,1,1,0
021_bleach_cleanser,s2_gate_off_021_bleach_cleanser_t0,complete_only,10,0.918775,0.039332,1.114753e-05,1.156698e-04,629,0.026221,0.000000e+00,0.052442,2.395924e-05,0.000000e+00,88,1,0,1,1,1
021_bleach_cleanser,s2_gate_off_021_bleach_cleanser_t1,complete_only,32,0.936311,0.039248,6.056465e-05,2.439899e-04,410,0.026165,1.590449e-05,0.052331,3.980105e-05,3.014172e-02,121,1,0,1,1,1
021_bleach_cleanser,s2_gate_off_021_bleach_cleanser_t2,complete_only,45,0.817524,0.039291,4.536366e-06,1.190878e-05,1309,0.026194,4.900827e-06,0.052388,4.034614e-06,7.839548e-02,127,1,0,1,1,1
021_bleach_cleanser,s2_gate_off_021_bleach_cleanser_t3,complete_only,596,0.863189,0.039183,4.176609e-05,2.126859e-04,666,0.026122,6.756416e-05,0.052244,2.353058e-05,5.945779e-02,134,1,0,1,1,0
021_bleach_cleanser,s2_gate_off_021_bleach_cleanser_t4,complete_only,20,0.940428,0.038702,1.339891e-04,1.144254e-03,595,0.025801,1.089947e-04,0.051602,8.240699e-05,1.468473e-01,125,1,0,1,1,1
021_bleach_cleanser,s2_gate_off_021_bleach_cleanser_t5,complete_only,88,0.928962,0.040052,1.980145e-05,9.628585e-05,1114,0.026701,1.059567e-05,0.053403,3.422092e-05,0.000000e+00,67,1,0,1,1,1
021_bleach_cleanser,s2_gate_off_021_bleach_cleanser_t6,complete_only,15,0.935907,0.022110,1.380226e-04,3.780149e-04,633,0.014740,2.643178e-04,0.029480,7.450011e-05,2.515539e+00,244,1,0,1,1,0
021_bleach_cleanser,s2_gate_off_021_bleach_cleanser_t7,complete_only,530,0.810029,0.027480,3.507234e-05,1.213176e-04,1361,0.018320,8.475463e-05,0.036641,1.176377e-05,3.041844e-01,241,1,0,1,1,0
021_bleach_cleanser,s2_gate_off_021_bleach_cleanser_t8,complete_only,52,0.928092,0.038760,5.924493e-05,3.720129e-04,1114,0.025840,5.744061e-05,0.051680,4.280026e-05,2.097654e-01,159,1,0,1,1,1
021_bleach_cleanser,s2_gate_off_021_bleach_cleanser_t9,complete_only,17,0.909769,0.038953,4.762095e-05,3.500319e-04,515,0.025969,4.234424e-05,0.051937,3.988833e-05,0.000000e+00,157,1,0,1,1,1
021_bleach_cleanser,s2_gate_off_021_bleach_cleanser_t11,complete_only,629,0.826994,0.040083,2.102116e-04,1.052422e-03,1137,0.026722,2.689549e-04,0.053444,9.633278e-05,3.441546e-01,127,1,0,1,1,1
021_bleach_cleanser,s2_gate_off_021_bleach_cleanser_t12,complete_only,202,0.877702,0.040458,1.693808e-05,1.202954e-04,964,0.026972,2.070566e-05,0.053944,1.413214e-05,0.000000e+00,130,1,0,1,1,0
021_bleach_cleanser,s2_gate_off_021_bleach_cleanser_t13,complete_only,763,0.837517,0.039571,8.324561e-05,3.499206e-04,844,0.026381,1.122891e-04,0.052762,4.292504e-05,1.527764e-01,133,1,0,1,1,1
021_bleach_cleanser,s2_gate_off_021_bleach_cleanser_t14,complete_only,14,0.941942,0.038851,3.567010e-05,3.209598e-04,1020,0.025900,5.069368e-05,0.051801,2.486268e-05,0.000000e+00,129,1,0,1,1,1
021_bleach_cleanser,s2_gate_off_021_bleach_cleanser_t15,complete_only,19,0.873257,0.039317,5.000194e-06,1.322726e-05,1633,0.026211,5.741793e-06,0.052422,4.103357e-06,1.607326e-01,259,1,0,1,1,1
021_bleach_cleanser,s2_gate_off_021_bleach_cleanser_t16,complete_only,40,0.798618,0.040537,5.203128e-06,1.837521e-05,1772,0.027025,4.991223e-06,0.054050,4.497610e-06,2.810779e-01,329,1,0,1,1,1
021_bleach_cleanser,s2_gate_off_021_bleach_cleanser_t17,complete_only,658,0.866879,0.039503,6.214133e-05,3.236319e-04,1344,0.026336,1.084712e-04,0.052671,6.599789e-05,8.661772e-02,100,1,0,1,1,1
021_bleach_cleanser,s2_gate_off_021_bleach_cleanser_t18,complete_only,16,0.941010,0.039273,1.134888e-04,3.024306e-04,854,0.026182,1.420507e-04,0.052364,5.344245e-05,5.278536e-01,121,1,0,1,1,0
021_bleach_cleanser,s2_gate_off_021_bleach_cleanser_t19,complete_only,27,0.921253,0.019828,5.339568e-06,1.244882e-05,1329,0.013219,5.426471e-06,0.026437,5.066834e-06,1.175979e+00,1012,1,0,1,1,0
061_foam_brick,s2_gate_off_061_foam_brick_t0,complete_only,505,0.922353,0.017153,4.230971e-06,8.591243e-07,988,0.011435,4.893696e-07,0.022871,5.470917e-06,1.250057e+00,1572,1,0,1,1,0
061_foam_brick,s2_gate_off_061_foam_brick_t1,complete_only,127,0.970735,0.016702,6.027564e-06,2.836213e-05,591,0.011135,8.033105e-06,0.022270,1.185708e-05,1.242887e+00,866,1,0,1,1,1
061_foam_brick,s2_gate_off_061_foam_brick_t2,complete_only,305,0.957109,0.018056,1.165593e-05,1.109126e-05,905,0.012037,1.694549e-05,0.024074,1.970878e-05,1.602738e+00,1470,1,0,1,1,1
061_foam_brick,s2_gate_off_061_foam_brick_t3,complete_only,1318,0.523944,0.016484,6.151628e-05,2.838124e-04,675,0.010989,5.738554e-05,0.021978,3.780764e-05,1.321664e+00,1421,1,0,1,1,1
061_foam_brick,s2_gate_off_061_foam_brick_t4,complete_only,236,0.962613,0.016486,2.526593e-06,3.266744e-06,698,0.010991,1.512114e-06,0.021982,5.160747e-06,1.005481e+00,1183,1,0,1,1,1
061_foam_brick,s2_gate_off_061_foam_brick_t5,complete_only,0,0.975854,0.016252,1.103196e-06,3.058503e-06,720,0.010834,2.089453e-06,0.021669,8.743050e-06,1.136288e+00,1002,1,0,1,1,1
061_foam_brick,s2_gate_off_061_foam_brick_t6,complete_only,17,0.964985,0.017220,4.809989e-06,1.749330e-05,1007,0.011480,1.740137e-05,0.022960,4.957993e-06,1.700101e+00,2232,1,0,1,1,0
061_foam_brick,s2_gate_off_061_foam_brick_t7,complete_only,19,0.956541,0.016984,7.740231e-07,1.412460e-06,1471,0.011323,6.944396e-07,0.022645,2.488923e-06,1.673612e+00,2117,1,0,1,1,0
061_foam_brick,s2_gate_off_061_foam_brick_t8,complete_only,117,0.969101,0.016735,4.924845e-06,7.475144e-06,847,0.011157,1.640374e-06,0.022314,1.300572e-05,1.118722e+00,955,1,0,1,1,1
061_foam_brick,s2_gate_off_061_foam_brick_t9,complete_only,763,0.881252,0.016805,5.310670e-06,1.027061e-05,776,0.011203,6.132177e-06,0.022407,6.232650e-06,1.531504e+00,1722,1,0,1,1,1
061_foam_brick,s2_gate_off_061_foam_brick_t10,complete_only,983,0.808607,0.016074,1.864879e-05,1.163150e-04,742,0.010716,4.916481e-05,0.021433,1.982023e-05,9.747924e-01,909,1,0,1,1,1
061_foam_brick,s2_gate_off_061_foam_brick_t11,complete_only,1094,0.789282,0.015858,2.436975e-05,8.128124e-05,860,0.010572,4.209981e-05,0.021145,2.124101e-05,1.713277e+00,1403,1,0,1,1,1
061_foam_brick,s2_gate_off_061_foam_brick_t12,complete_only,398,0.917229,0.016824,4.229410e-07,8.447730e-07,1113,0.011216,4.697751e-07,0.022432,4.002928e-07,9.729391e-01,1882,1,0,1,1,1
061_foam_brick,s2_gate_off_061_foam_brick_t13,complete_only,1309,0.655637,0.016460,5.343073e-06,2.599792e-05,660,0.010974,6.210115e-06,0.021947,5.162282e-06,1.149722e+00,1306,1,0,1,1,1
061_foam_brick,s2_gate_off_061_foam_brick_t14,complete_only,87,0.973106,0.017204,4.268210e-05,6.722047e-05,576,0.011469,3.338499e-04,0.022938,3.254685e-05,1.388705e+00,1158,1,0,1,1,1
061_foam_brick,s2_gate_off_061_foam_brick_t15,complete_only,871,0.845764,0.016995,1.412098e-06,4.791558e-06,991,0.011330,2.629388e-06,0.022660,1.848175e-06,1.142671e+00,1777,1,0,1,1,1
061_foam_brick,s2_gate_off_061_foam_brick_t16,complete_only,789,0.895662,0.017828,1.079352e-05,8.429009e-05,937,0.011885,1.259992e-05,0.023770,1.787272e-05,1.671221e+00,1688,1,0,1,1,1
061_foam_brick,s2_gate_off_061_foam_brick_t17,complete_only,453,0.878924,0.016440,6.645593e-06,1.402238e-05,671,0.010960,5.043753e-06,0.021920,2.256557e-05,1.627710e+00,910,1,0,1,1,1
061_foam_brick,s2_gate_off_061_foam_brick_t18,complete_only,1091,0.805188,0.016688,4.113378e-04,1.860909e-03,295,0.011125,4.368991e-04,0.022250,1.492883e-04,8.860058e-01,936,1,0,1,1,1
061_foam_brick,s2_gate_off_061_foam_brick_t19,complete_only,10,0.940581,0.017629,2.479138e-05,6.065157e-05,643,0.011753,1.955865e-05,0.023506,7.014276e-06,1.775321e+00,1978,1,0,1,1,0
010_potted_meat_can,s2_gate_010_010_potted_meat_can_t0,complete_epi,0,0.931816,0.020054,1.149379e-06,3.993460e-06,640,0.013369,1.157183e-06,0.026738,1.048649e-06,3.917058e-01,705,1,0,1,1,1
010_potted_meat_can,s2_gate_010_010_potted_meat_can_t1,complete_epi,17,0.886233,0.021698,1.286502e-06,2.783466e-06,697,0.014465,1.439145e-06,0.028930,6.357833e-06,4.316450e-01,644,1,0,1,1,1
010_potted_meat_can,s2_gate_010_010_potted_meat_can_t2,complete_epi,1728,0.604352,0.008738,1.217879e-07,1.736716e-07,1372,0.005825,1.142231e-07,0.011650,1.282170e-07,1.694207e+00,5018,1,0,1,1,0
010_potted_meat_can,s2_gate_010_010_potted_meat_can_t3,complete_epi,144,0.757788,0.020992,2.261378e-06,3.880680e-06,572,0.013995,2.593973e-06,0.027990,4.370526e-06,5.485116e-01,576,1,0,1,1,1
010_potted_meat_can,s2_gate_010_010_potted_meat_can_t5,complete_epi,0,0.939300,0.021061,6.942620e-07,2.474926e-06,509,0.014041,6.752552e-07,0.028082,7.853589e-07,3.311589e-01,553,1,0,1,1,1
010_potted_meat_can,s2_gate_010_010_potted_meat_can_t6,complete_epi,142,0.967298,0.017195,1.013386e-06,1.632486e-06,2479,0.011464,9.213469e-07,0.022927,2.286390e-06,1.538387e+00,2541,1,0,1,1,0
010_potted_meat_can,s2_gate_010_010_potted_meat_can_t7,complete_epi,12,0.925743,0.020747,9.454083e-07,2.601522e-06,683,0.013831,9.464681e-07,0.027662,1.000182e-06,3.735341e-01,616,1,0,1,1,1
010_potted_meat_can,s2_gate_010_010_potted_meat_can_t8,complete_epi,42,0.842560,0.021524,1.418767e-06,3.761670e-06,656,0.014349,1.468792e-06,0.028698,5.367938e-06,4.188601e-01,629,1,0,1,1,1
010_potted_meat_can,s2_gate_010_010_potted_meat_can_t9,complete_epi,39,0.910493,0.020232,1.051498e-06,3.776892e-06,692,0.013488,1.137677e-06,0.026975,9.006759e-07,3.705640e-01,708,1,0,1,1,1
010_potted_meat_can,s2_gate_010_010_potted_meat_can_t10,complete_epi,68,0.844613,0.020719,6.671363e-06,3.814754e-05,747,0.013812,6.562834e-06,0.027625,6.630166e-06,5.883206e-01,662,1,0,1,1,1
010_potted_meat_can,s2_gate_010_010_potted_meat_can_t11,complete_epi,109,0.770946,0.020754,1.497883e-05,9.188439e-05,875,0.013836,9.481392e-06,0.027672,1.854368e-05,5.528438e-01,612,1,0,1,1,1
010_potted_meat_can,s2_gate_010_010_potted_meat_can_t12,complete_epi,9,0.926603,0.027843,1.482083e-06,8.656889e-07,3247,0.018562,5.032184e-07,0.037124,3.416050e-06,8.064614e-01,1558,1,0,1,1,1
010_potted_meat_can,s2_gate_010_010_potted_meat_can_t13,complete_epi,192,0.782082,0.021116,2.291451e-06,4.085471e-06,776,0.014077,2.246628e-06,0.028154,4.468496e-06,5.740960e-01,580,1,0,1,1,1
010_potted_meat_can,s2_gate_010_010_potted_meat_can_t14,complete_epi,10,0.884003,0.020592,1.563582e-05,3.468259e-06,755,0.013728,1.503085e-05,0.027455,1.339111e-05,4.841446e-01,689,1,0,1,1,1
010_potted_meat_can,s2_gate_010_010_potted_meat_can_t15,complete_epi,1497,0.496492,0.016219,6.484793e-07,1.768692e-06,1409,0.010813,7.507284e-07,0.021625,5.779458e-06,1.085638e+00,1977,1,0,1,1,1
010_potted_meat_can,s2_gate_010_010_potted_meat_can_t16,complete_epi,0,0.914707,0.019812,8.715816e-07,2.545993e-06,703,0.013208,9.646215e-07,0.026416,7.808073e-07,5.580762e-02,223,1,0,1,1,0
010_potted_meat_can,s2_gate_010_010_potted_meat_can_t17,complete_epi,0,0.918141,0.021109,6.648542e-06,5.052539e-06,503,0.014073,1.523278e-06,0.028146,1.281364e-05,2.451310e-01,501,1,0,1,1,1
010_potted_meat_can,s2_gate_010_010_potted_meat_can_t18,complete_epi,906,0.716502,0.032206,1.956640e-06,2.558631e-06,2210,0.021471,1.762983e-06,0.042941,9.971646e-06,1.239928e+00,1096,1,0,1,1,1
010_potted_meat_can,s2_gate_010_010_potted_meat_can_t19,complete_epi,0,0.883519,0.025592,3.166164e-06,1.699983e-05,1309,0.017061,2.858392e-06,0.034123,3.361749e-06,6.219490e-01,743,1,0,1,1,1
005_tomato_soup_can,s2_gate_020_005_tomato_soup_can_t0,complete_epi,77,0.859427,0.018947,7.424735e-07,1.514788e-06,631,0.012632,7.125923e-07,0.025263,7.598386e-07,3.281185e-01,772,1,0,1,1,1
005_tomato_soup_can,s2_gate_020_005_tomato_soup_can_t1,complete_epi,24,0.886201,0.018667,6.113246e-07,2.101513e-06,482,0.012444,6.220847e-07,0.024889,5.883041e-07,3.050270e-01,718,1,0,1,1,1
005_tomato_soup_can,s2_gate_020_005_tomato_soup_can_t2,complete_epi,89,0.858955,0.019171,7.574056e-07,1.445314e-06,606,0.012780,7.681042e-07,0.025561,7.592706e-07,4.599581e-01,892,1,0,1,1,1
005_tomato_soup_can,s2_gate_020_005_tomato_soup_can_t3,complete_epi,66,0.872051,0.019133,6.291745e-07,1.367724e-06,608,0.012755,5.574272e-07,0.025510,6.206187e-07,3.027148e-01,771,1,0,1,1,1
005_tomato_soup_can,s2_gate_020_005_tomato_soup_can_t4,complete_epi,34,0.873650,0.018600,8.138159e-07,1.999460e-06,525,0.012400,1.015850e-06,0.024800,7.342578e-07,2.841426e-01,703,1,0,1,1,1
005_tomato_soup_can,s2_gate_020_005_tomato_soup_can_t5,complete_epi,115,0.860373,0.019038,8.082585e-07,1.625954e-06,695,0.012692,7.708530e-07,0.025384,8.126712e-07,4.648082e-01,871,1,0,1,1,1
005_tomato_soup_can,s2_gate_020_005_tomato_soup_can_t6,complete_epi,14,0.898875,0.018913,5.845193e-07,1.623760e-06,499,0.012609,6.597141e-07,0.025217,5.724784e-07,2.837794e-01,706,1,0,1,1,1
005_tomato_soup_can,s2_gate_020_005_tomato_soup_can_t7,complete_epi,33,0.875907,0.018770,8.304308e-07,1.653390e-06,695,0.012514,7.699900e-07,0.025027,8.467163e-07,4.485683e-01,856,1,0,1,1,1
005_tomato_soup_can,s2_gate_020_005_tomato_soup_can_t8,complete_epi,32,0.885219,0.018669,7.210710e-07,2.150283e-06,558,0.012446,7.779926e-07,0.024892,7.377069e-07,3.065205e-01,721,1,0,1,1,1
005_tomato_soup_can,s2_gate_020_005_tomato_soup_can_t9,complete_epi,38,0.869550,0.018878,7.933035e-07,1.525691e-06,681,0.012586,7.512258e-07,0.025171,7.970638e-07,4.628847e-01,901,1,0,1,1,0
005_tomato_soup_can,s2_gate_020_005_tomato_soup_can_t10,complete_epi,26,0.881403,0.019208,7.352486e-07,1.405130e-06,708,0.012805,7.873374e-07,0.025610,7.421864e-07,3.994054e-01,828,1,0,1,1,1
005_tomato_soup_can,s2_gate_020_005_tomato_soup_can_t11,complete_epi,3,0.893097,0.019058,8.230510e-07,1.568549e-06,631,0.012705,8.134479e-07,0.025410,8.298366e-07,3.511235e-01,756,1,0,1,1,1
005_tomato_soup_can,s2_gate_020_005_tomato_soup_can_t12,complete_epi,18,0.884923,0.018870,7.809258e-07,1.473834e-06,700,0.012580,7.589787e-07,0.025160,8.018872e-07,4.350052e-01,816,1,0,1,1,1
005_tomato_soup_can,s2_gate_020_005_tomato_soup_can_t13,complete_epi,45,0.848234,0.022113,8.264218e-07,1.904734e-06,1064,0.014742,7.967764e-07,0.029485,8.330442e-07,5.478882e-01,977,1,0,1,1,0
005_tomato_soup_can,s2_gate_020_005_tomato_soup_can_t14,complete_epi,23,0.882648,0.018695,6.574952e-07,2.024087e-06,506,0.012464,6.692680e-07,0.024927,6.286570e-07,2.849564e-01,705,1,0,1,1,1
005_tomato_soup_can,s2_gate_020_005_tomato_soup_can_t15,complete_epi,15,0.886679,0.018969,6.617253e-07,1.970370e-06,512,0.012646,7.099394e-07,0.025292,6.649514e-07,3.215556e-01,726,1,0,1,1,1
005_tomato_soup_can,s2_gate_020_005_tomato_soup_can_t16,complete_epi,44,0.881451,0.019024,7.059549e-07,1.644492e-06,711,0.012683,6.693234e-07,0.025365,7.286159e-07,3.157108e-01,760,1,0,1,1,1
005_tomato_soup_can,s2_gate_020_005_tomato_soup_can_t17,complete_epi,47,0.883435,0.019175,8.281453e-07,1.599321e-06,725,0.012783,7.670443e-07,0.025566,8.287085e-07,4.877048e-01,895,1,0,1,1,0
005_tomato_soup_can,s2_gate_020_005_tomato_soup_can_t18,complete_epi,29,0.881496,0.019047,8.108793e-07,1.468732e-06,632,0.012698,8.331862e-07,0.025396,8.116274e-07,3.861223e-01,785,1,0,1,1,1
005_tomato_soup_can,s2_gate_020_005_tomato_soup_can_t19,complete_epi,7,0.892865,0.019037,7.818881e-07,1.552567e-06,760,0.012691,7.282235e-07,0.025382,8.033888e-07,5.214463e-01,961,1,0,1,1,0
035_power_drill,s2_gate_020_035_power_drill_t0,complete_epi,285,0.859410,0.039149,7.430288e-06,3.172949e-05,1616,0.026099,6.185126e-06,0.052199,1.431812e-05,4.778459e-01,388,1,0,1,1,1
035_power_drill,s2_gate_020_035_power_drill_t1,complete_epi,220,0.921016,0.023020,4.527678e-06,1.129100e-05,2666,0.015346,3.722440e-06,0.030693,1.013462e-05,9.737897e-01,1019,1,0,1,1,0
035_power_drill,s2_gate_020_035_power_drill_t2,complete_epi,21,0.901813,0.041614,7.209207e-05,2.093575e-04,1142,0.027743,1.077103e-04,0.055486,7.419148e-05,7.631936e-01,409,1,0,1,1,1
035_power_drill,s2_gate_020_035_power_drill_t3,complete_epi,1,0.950506,0.022446,8.694364e-05,6.450525e-04,946,0.014964,2.322913e-04,0.029927,6.576117e-05,2.821485e+00,657,1,0,1,1,0
035_power_drill,s2_gate_020_035_power_drill_t4,complete_epi,676,0.783391,0.040268,4.904551e-05,1.189581e-04,1058,0.026846,2.708939e-05,0.053691,7.745067e-05,3.170502e-01,217,1,0,1,1,1
035_power_drill,s2_gate_020_035_power_drill_t6,complete_epi,5,0.932468,0.041750,2.731680e-06,0.000000e+00,560,0.027833,0.000000e+00,0.055666,1.609145e-05,0.000000e+00,108,1,0,1,1,0
035_power_drill,s2_gate_020_035_power_drill_t7,complete_epi,7,0.931183,0.046461,1.219390e-04,7.498863e-04,884,0.030974,8.970033e-05,0.061948,1.768269e-04,5.047043e-01,142,1,0,1,1,1
035_power_drill,s2_gate_020_035_power_drill_t8,complete_epi,340,0.837195,0.040938,3.166485e-06,8.284425e-06,1321,0.027292,2.352183e-06,0.054584,1.714993e-05,1.130913e-01,243,1,0,1,1,1
035_power_drill,s2_gate_020_035_power_drill_t10,complete_epi,1679,0.352016,0.058076,5.534465e-05,1.147079e-04,3981,0.038717,3.227654e-05,0.077434,8.633996e-05,3.584955e-01,237,1,0,1,1,0
035_power_drill,s2_gate_020_035_power_drill_t11,complete_epi,73,0.893457,0.045495,2.620157e-04,1.647419e-03,982,0.030330,2.994045e-04,0.060660,2.496146e-04,1.118863e-01,130,1,0,1,1,1
035_power_drill,s2_gate_020_035_power_drill_t13,complete_epi,154,0.884093,0.042879,6.571253e-06,9.269236e-06,738,0.028586,2.926882e-06,0.057172,1.090609e-04,0.000000e+00,128,1,0,1,1,1
035_power_drill,s2_gate_020_035_power_drill_t14,complete_epi,708,0.767149,0.040377,7.099784e-06,1.271595e-05,1442,0.026918,4.894893e-06,0.053836,2.318235e-05,2.027334e-01,277,1,0,1,1,1
035_power_drill,s2_gate_020_035_power_drill_t15,complete_epi,1,0.923948,0.041454,0.000000e+00,0.000000e+00,343,0.027636,0.000000e+00,0.055272,6.576302e-07,0.000000e+00,37,1,0,1,1,0
035_power_drill,s2_gate_020_035_power_drill_t16,complete_epi,678,0.869060,0.020236,1.640429e-04,5.121843e-04,689,0.013491,2.709577e-04,0.026982,1.216884e-04,2.297975e+00,1383,1,0,1,1,0
035_power_drill,s2_gate_020_035_power_drill_t17,complete_epi,360,0.843246,0.042445,8.378417e-05,2.899700e-04,666,0.028296,2.203975e-05,0.056593,1.447618e-04,1.900162e-02,113,1,0,1,1,1
035_power_drill,s2_gate_020_035_power_drill_t18,complete_epi,613,0.830067,0.043874,0.000000e+00,0.000000e+00,542,0.029249,0.000000e+00,0.058498,2.297928e-05,0.000000e+00,74,1,0,1,1,0
035_power_drill,s2_gate_020_035_power_drill_t19,complete_epi,583,0.736679,0.055677,1.092731e-06,9.263953e-06,738,0.037118,0.000000e+00,0.074236,1.770786e-05,0.000000e+00,80,1,0,1,1,0
021_bleach_cleanser,s2_gate_030_021_bleach_cleanser_t0,complete_epi,3,0.923513,0.039332,3.546016e-05,2.589687e-04,947,0.026221,4.204312e-05,0.052442,2.843656e-05,0.000000e+00,121,1,0,1,1,1
021_bleach_cleanser,s2_gate_030_021_bleach_cleanser_t1,complete_epi,24,0.932941,0.039002,2.480390e-05,1.796033e-04,963,0.026002,4.054948e-05,0.052003,1.840927e-05,0.000000e+00,112,1,0,1,1,0
021_bleach_cleanser,s2_gate_030_021_bleach_cleanser_t2,complete_epi,16,0.887182,0.039149,3.633614e-06,9.429712e-06,1512,0.026100,3.760526e-06,0.052199,3.467891e-06,7.323801e-02,254,1,0,1,1,0
021_bleach_cleanser,s2_gate_030_021_bleach_cleanser_t3,complete_epi,920,0.790494,0.039469,4.197924e-05,2.162894e-04,1096,0.026313,6.705902e-05,0.052626,2.723158e-05,2.932125e-02,111,1,0,1,1,1
021_bleach_cleanser,s2_gate_030_021_bleach_cleanser_t4,complete_epi,47,0.922363,0.038786,2.485406e-05,2.029882e-04,875,0.025857,2.404153e-05,0.051714,1.936755e-05,0.000000e+00,110,1,0,1,1,1
021_bleach_cleanser,s2_gate_030_021_bleach_cleanser_t5,complete_epi,44,0.927319,0.039977,1.218010e-05,4.314463e-05,882,0.026651,4.865468e-06,0.053302,2.236256e-05,0.000000e+00,74,1,0,1,1,1
021_bleach_cleanser,s2_gate_030_021_bleach_cleanser_t7,complete_epi,312,0.935389,0.026834,1.539646e-05,9.229626e-05,1037,0.017889,1.035336e-04,0.035778,1.376021e-05,1.706797e-01,107,1,0,1,1,0
021_bleach_cleanser,s2_gate_030_021_bleach_cleanser_t8,complete_epi,24,0.938757,0.038792,4.799840e-05,3.390925e-04,1139,0.025861,4.562808e-05,0.051722,3.691360e-05,3.447306e-01,175,1,0,1,1,1
021_bleach_cleanser,s2_gate_030_021_bleach_cleanser_t9,complete_epi,23,0.897284,0.038884,5.296814e-05,3.182706e-04,1113,0.025923,5.372750e-05,0.051845,3.340739e-05,2.872760e-02,170,1,0,1,1,1
021_bleach_cleanser,s2_gate_030_021_bleach_cleanser_t10,complete_epi,60,0.919504,0.049181,5.283556e-04,2.903174e-03,2276,0.032787,8.264602e-04,0.065575,3.277129e-04,1.820910e+00,324,1,0,1,1,1
021_bleach_cleanser,s2_gate_030_021_bleach_cleanser_t12,complete_epi,167,0.874734,0.040491,1.832110e-05,1.415091e-04,1132,0.026994,1.727851e-05,0.053988,1.614515e-05,0.000000e+00,174,1,0,1,1,1
021_bleach_cleanser,s2_gate_030_021_bleach_cleanser_t14,complete_epi,22,0.942936,0.038839,4.632867e-05,3.953412e-04,821,0.025892,5.555159e-05,0.051785,2.813984e-05,1.915524e-01,169,1,0,1,1,1
021_bleach_cleanser,s2_gate_030_021_bleach_cleanser_t15,complete_epi,64,0.930437,0.040480,6.696337e-06,3.626042e-05,1795,0.026987,3.589093e-06,0.053973,1.030961e-05,2.056813e-02,261,1,0,1,1,1
021_bleach_cleanser,s2_gate_030_021_bleach_cleanser_t16,complete_epi,12,0.822923,0.039910,7.922070e-06,3.703471e-05,1694,0.026607,7.545051e-06,0.053213,6.801202e-06,3.098364e-01,325,1,0,1,1,1
021_bleach_cleanser,s2_gate_030_021_bleach_cleanser_t18,complete_epi,326,0.869547,0.039714,3.937211e-06,2.411003e-05,846,0.026476,9.495444e-07,0.052951,7.380959e-06,0.000000e+00,90,1,0,1,1,1
021_bleach_cleanser,s2_gate_030_021_bleach_cleanser_t19,complete_epi,0,0.965099,0.024849,3.335259e-06,5.580379e-06,1679,0.016566,3.366042e-06,0.033132,3.418710e-06,3.514850e-01,587,1,0,1,1,0
061_foam_brick,s2_gate_030_061_foam_brick_t0,complete_epi,356,0.935714,0.017153,3.050089e-06,8.738730e-07,842,0.011435,4.097282e-07,0.022871,4.226362e-06,1.120601e+00,1411,1,0,1,1,1
061_foam_brick,s2_gate_030_061_foam_brick_t1,complete_epi,204,0.967723,0.016700,6.096582e-06,2.948905e-05,544,0.011133,9.234778e-06,0.022266,1.313814e-05,1.050006e+00,834,1,0,1,1,1
061_foam_brick,s2_gate_030_061_foam_brick_t2,complete_epi,167,0.965972,0.017969,2.615797e-06,1.375980e-06,1027,0.011979,4.096025e-06,0.023959,2.062619e-06,1.199975e+00,1722,1,0,1,1,0
061_foam_brick,s2_gate_030_061_foam_brick_t3,complete_epi,1407,0.521727,0.016473,9.461454e-06,4.319907e-05,804,0.010982,1.167452e-05,0.021964,1.015765e-05,1.546361e+00,1435,1,0,1,1,1
061_foam_brick,s2_gate_030_061_foam_brick_t4,complete_epi,373,0.954723,0.016492,2.457152e-06,3.510326e-06,757,0.010995,1.621317e-06,0.021990,5.339383e-06,1.329344e+00,1221,1,0,1,1,1
061_foam_brick,s2_gate_030_061_foam_brick_t5,complete_epi,0,0.975928,0.016228,1.105887e-06,3.893505e-06,305,0.010819,2.057779e-06,0.021638,8.757842e-06,1.155396e+00,1043,1,0,1,1,1
061_foam_brick,s2_gate_030_061_foam_brick_t6,complete_epi,51,0.961210,0.017131,1.928476e-06,1.127767e-06,1272,0.011421,8.730652e-07,0.022841,3.435275e-06,1.598662e+00,1668,1,0,1,1,0
061_foam_brick,s2_gate_030_061_foam_brick_t7,complete_epi,10,0.959008,0.016979,7.755000e-07,1.393704e-06,1300,0.011319,6.890586e-07,0.022638,2.795504e-06,1.700263e+00,2222,1,0,1,1,0
061_foam_brick,s2_gate_030_061_foam_brick_t8,complete_epi,40,0.976452,0.016743,5.156691e-06,7.988139e-06,824,0.011162,1.832543e-06,0.022324,1.327705e-05,1.319288e+00,937,1,0,1,1,1
061_foam_brick,s2_gate_030_061_foam_brick_t9,complete_epi,788,0.875283,0.016806,8.652826e-07,1.273855e-06,953,0.011204,6.241588e-07,0.022408,1.126192e-06,9.528369e-01,1493,1,0,1,1,0
061_foam_brick,s2_gate_030_061_foam_brick_t10,complete_epi,850,0.838114,0.016074,1.895731e-05,1.206125e-04,636,0.010716,5.052783e-05,0.021432,2.009834e-05,8.897831e-01,840,1,0,1,1,1
061_foam_brick,s2_gate_030_061_foam_brick_t11,complete_epi,1122,0.766441,0.015852,1.946276e-05,8.549918e-05,735,0.010568,3.764107e-05,0.021136,1.581042e-05,6.533895e-01,941,1,0,1,1,1
061_foam_brick,s2_gate_030_061_foam_brick_t12,complete_epi,582,0.897333,0.016841,4.170476e-07,7.930846e-07,1262,0.011228,4.156327e-07,0.022455,3.972389e-07,1.017867e+00,1913,1,0,1,1,1
061_foam_brick,s2_gate_030_061_foam_brick_t13,complete_epi,1244,0.666822,0.016459,1.428211e-06,2.343842e-06,815,0.010972,8.074338e-07,0.021945,4.064505e-06,9.970720e-01,724,1,0,1,1,1
061_foam_brick,s2_gate_030_061_foam_brick_t14,complete_epi,247,0.966589,0.017216,2.638825e-06,1.854950e-06,1142,0.011478,2.726360e-06,0.022955,1.298201e-05,1.113288e+00,1344,1,0,1,1,1
061_foam_brick,s2_gate_030_061_foam_brick_t15,complete_epi,887,0.846314,0.016872,3.334978e-06,6.992839e-06,1012,0.011248,3.950360e-06,0.022496,4.624976e-06,1.295226e+00,1846,1,0,1,1,1
061_foam_brick,s2_gate_030_061_foam_brick_t16,complete_epi,738,0.899876,0.017813,5.611130e-06,9.432433e-07,1337,0.011875,5.348562e-06,0.023750,6.645858e-06,1.469306e+00,1920,1,0,1,1,1
061_foam_brick,s2_gate_030_061_foam_brick_t17,complete_epi,404,0.889592,0.016456,1.203641e-05,4.045659e-05,662,0.010970,1.495108e-05,0.021941,1.379528e-05,2.114576e+00,1361,1,0,1,1,1
061_foam_brick,s2_gate_030_061_foam_brick_t18,complete_epi,1172,0.771627,0.016692,5.435718e-06,2.059673e-05,550,0.011128,4.439385e-06,0.022256,6.831601e-06,1.559731e+00,1168,1,0,1,1,1
061_foam_brick,s2_gate_030_061_foam_brick_t19,complete_epi,5,0.942621,0.017606,2.262114e-06,1.260070e-06,1442,0.011737,9.034651e-07,0.023475,3.824248e-06,1.529625e+00,1891,1,0,1,1,1
010_potted_meat_can,s2_gate_050_010_potted_meat_can_t0,complete_epi,0,0.939087,0.020054,9.002392e-07,2.066475e-06,639,0.013369,1.010668e-06,0.026738,8.977595e-07,2.445245e-01,576,1,0,1,1,1
010_potted_meat_can,s2_gate_050_010_potted_meat_can_t1,complete_epi,0,0.852667,0.021144,2.763308e-06,9.375069e-06,592,0.014096,2.711168e-06,0.028192,2.816755e-06,4.962687e-01,566,1,0,1,1,0
010_potted_meat_can,s2_gate_050_010_potted_meat_can_t2,complete_epi,11,0.830844,0.020455,1.381696e-06,5.274211e-06,605,0.013637,1.284911e-06,0.027273,1.281345e-06,4.110046e-01,628,1,0,1,1,1
010_potted_meat_can,s2_gate_050_010_potted_meat_can_t3,complete_epi,169,0.798570,0.020703,3.121457e-06,4.194401e-06,512,0.013802,2.371974e-06,0.027603,4.072639e-06,5.829742e-01,543,1,0,1,1,1
010_potted_meat_can,s2_gate_050_010_potted_meat_can_t5,complete_epi,0,0.921949,0.021058,6.602292e-07,2.478525e-06,495,0.014038,7.123138e-07,0.028077,7.887429e-07,3.201808e-01,529,1,0,1,1,1
010_potted_meat_can,s2_gate_050_010_potted_meat_can_t7,complete_epi,26,0.922245,0.020754,9.587807e-07,2.477189e-06,763,0.013836,9.365818e-07,0.027672,9.942399e-07,4.202150e-01,672,1,0,1,1,0
010_potted_meat_can,s2_gate_050_010_potted_meat_can_t8,complete_epi,18,0.881673,0.021457,1.697701e-05,3.330691e-06,725,0.014305,6.153711e-06,0.028609,1.978279e-05,4.104716e-01,639,1,0,1,1,1
010_potted_meat_can,s2_gate_050_010_potted_meat_can_t9,complete_epi,2,0.921547,0.020089,9.001322e-07,2.140048e-06,697,0.013393,1.055454e-06,0.026786,8.169662e-07,2.778912e-01,603,1,0,1,1,1
010_potted_meat_can,s2_gate_050_010_potted_meat_can_t10,complete_epi,1360,0.857075,0.016210,2.081027e-07,4.186474e-07,2188,0.010807,1.858257e-07,0.021614,2.316179e-07,1.054768e+00,2765,1,0,1,1,0
010_potted_meat_can,s2_gate_050_010_potted_meat_can_t11,complete_epi,1,0.849524,0.020804,1.154053e-05,4.279010e-05,625,0.013869,8.402247e-06,0.027739,1.856258e-05,4.763518e-01,587,1,0,1,1,1
010_potted_meat_can,s2_gate_050_010_potted_meat_can_t12,complete_epi,4,0.931298,0.029087,6.974146e-07,1.142344e-06,2419,0.019391,7.240413e-07,0.038782,6.952390e-07,5.475944e-01,898,1,0,1,1,1
010_potted_meat_can,s2_gate_050_010_potted_meat_can_t13,complete_epi,23,0.835550,0.021103,2.465720e-06,4.684041e-06,519,0.014069,2.528869e-06,0.028137,3.277546e-06,4.138949e-01,532,1,0,1,1,0
010_potted_meat_can,s2_gate_050_010_potted_meat_can_t14,complete_epi,79,0.843135,0.020676,1.622578e-06,3.608122e-06,684,0.013784,1.642446e-06,0.027567,1.458694e-06,5.091472e-01,682,1,0,1,1,1
010_potted_meat_can,s2_gate_050_010_potted_meat_can_t15,complete_epi,48,0.884049,0.020477,4.442137e-06,4.720648e-05,615,0.013651,3.121297e-06,0.027302,4.109876e-06,3.534478e-01,591,1,0,1,1,0
010_potted_meat_can,s2_gate_050_010_potted_meat_can_t16,complete_epi,27,0.876103,0.019879,8.008373e-07,2.314112e-06,598,0.013253,7.609445e-07,0.026505,7.473314e-07,2.307337e-01,541,1,0,1,1,1
010_potted_meat_can,s2_gate_050_010_potted_meat_can_t17,complete_epi,2,0.895116,0.021136,5.410730e-06,3.910921e-06,522,0.014090,1.238134e-06,0.028181,1.092203e-05,2.203183e-01,478,1,0,1,1,1
010_potted_meat_can,s2_gate_050_010_potted_meat_can_t18,complete_epi,35,0.841354,0.020852,1.779145e-06,5.365706e-06,829,0.013901,1.985560e-06,0.027803,2.131737e-06,7.896519e-01,912,1,0,1,1,1
010_potted_meat_can,s2_gate_050_010_potted_meat_can_t19,complete_epi,0,0.858606,0.026559,3.951902e-06,2.393084e-05,1600,0.017706,3.461141e-06,0.035412,4.780184e-06,6.050401e-01,765,1,0,1,1,0
005_tomato_soup_can,s2_gate_070_005_tomato_soup_can_t0,complete_epi,78,0.864746,0.018947,6.949907e-07,1.514534e-06,592,0.012632,6.624145e-07,0.025263,6.819332e-07,3.334119e-01,789,1,0,1,1,1
005_tomato_soup_can,s2_gate_070_005_tomato_soup_can_t2,complete_epi,151,0.830062,0.019027,6.506571e-07,1.365849e-06,617,0.012684,5.888885e-07,0.025369,6.572989e-07,3.096337e-01,757,1,0,1,1,1
005_tomato_soup_can,s2_gate_070_005_tomato_soup_can_t3,complete_epi,77,0.864606,0.019144,6.309519e-07,1.416902e-06,597,0.012763,6.371059e-07,0.025526,5.996333e-07,2.642481e-01,645,1,0,1,1,1
005_tomato_soup_can,s2_gate_070_005_tomato_soup_can_t4,complete_epi,1175,0.875533,0.010846,8.205339e-07,4.262441e-07,3380,0.007231,3.186263e-07,0.014462,9.422605e-07,1.254115e+00,3575,1,0,1,1,0
005_tomato_soup_can,s2_gate_070_005_tomato_soup_can_t5,complete_epi,174,0.847428,0.018956,5.835015e-07,1.724371e-06,552,0.012637,5.525730e-07,0.025274,5.814647e-07,3.760200e-01,787,1,0,1,1,1
005_tomato_soup_can,s2_gate_070_005_tomato_soup_can_t6,complete_epi,265,0.819216,0.029021,2.982283e-05,3.390645e-05,11900,0.019348,2.433234e-05,0.038695,3.634817e-05,5.602872e-01,423,1,0,1,1,0
005_tomato_soup_can,s2_gate_070_005_tomato_soup_can_t7,complete_epi,110,0.849240,0.018991,6.462808e-07,1.618778e-06,493,0.012661,5.665380e-07,0.025322,6.827502e-07,2.760817e-01,718,1,0,1,1,1
005_tomato_soup_can,s2_gate_070_005_tomato_soup_can_t8,complete_epi,20,0.886204,0.018607,7.525920e-07,2.535955e-06,520,0.012405,7.944241e-07,0.024809,6.709591e-07,2.980668e-01,711,1,0,1,1,1
005_tomato_soup_can,s2_gate_070_005_tomato_soup_can_t9,complete_epi,168,0.842568,0.018916,6.974253e-07,1.597656e-06,585,0.012611,6.149042e-07,0.025222,7.090487e-07,2.768373e-01,700,1,0,1,1,1
005_tomato_soup_can,s2_gate_070_005_tomato_soup_can_t11,complete_epi,147,0.844469,0.019043,5.634701e-07,1.465057e-06,520,0.012695,5.764266e-07,0.025390,5.767725e-07,3.007452e-01,736,1,0,1,1,1
005_tomato_soup_can,s2_gate_070_005_tomato_soup_can_t12,complete_epi,55,0.872065,0.018810,6.642607e-07,1.720160e-06,490,0.012540,4.869888e-07,0.025080,6.975765e-07,2.828464e-01,702,1,0,1,1,1
005_tomato_soup_can,s2_gate_070_005_tomato_soup_can_t13,complete_epi,52,0.866795,0.019245,4.266466e-07,1.220989e-06,406,0.012830,1.068495e-07,0.025660,5.505864e-07,1.791647e-01,601,1,0,1,1,0
005_tomato_soup_can,s2_gate_070_005_tomato_soup_can_t15,complete_epi,47,0.867035,0.018985,6.176570e-07,1.562214e-06,458,0.012656,5.009689e-07,0.025313,7.020364e-07,2.383888e-01,645,1,0,1,1,1
005_tomato_soup_can,s2_gate_070_005_tomato_soup_can_t16,complete_epi,100,0.865086,0.019043,4.933043e-07,1.531762e-06,418,0.012695,3.496685e-07,0.025391,6.190973e-07,2.378984e-01,654,1,0,1,1,1
005_tomato_soup_can,s2_gate_070_005_tomato_soup_can_t17,complete_epi,141,0.867504,0.019165,6.915445e-07,1.581815e-06,607,0.012777,6.906302e-07,0.025554,6.665061e-07,3.614830e-01,758,1,0,1,1,1
005_tomato_soup_can,s2_gate_070_005_tomato_soup_can_t19,complete_epi,127,0.857138,0.018836,5.096596e-07,1.387807e-06,504,0.012558,5.835384e-07,0.025115,5.399787e-07,3.043025e-01,740,1,0,1,1,1
035_power_drill,s2_gate_070_035_power_drill_t0,complete_epi,349,0.852374,0.039149,7.710154e-06,3.226410e-05,1544,0.026099,6.310859e-06,0.052199,1.182023e-05,2.239816e-01,288,1,0,1,1,1
035_power_drill,s2_gate_070_035_power_drill_t1,complete_epi,766,0.778327,0.041070,9.603083e-07,5.299063e-06,870,0.027380,0.000000e+00,0.054760,2.028545e-06,0.000000e+00,108,1,0,1,1,0
035_power_drill,s2_gate_070_035_power_drill_t2,complete_epi,237,0.870377,0.041673,1.006216e-05,3.771217e-05,1358,0.027782,7.509566e-06,0.055564,2.241904e-05,0.000000e+00,182,1,0,1,1,0
035_power_drill,s2_gate_070_035_power_drill_t3,complete_epi,1558,0.303286,0.063200,3.730491e-05,1.482347e-04,3481,0.042133,2.779687e-05,0.084266,1.305300e-04,1.187602e+00,475,1,0,1,1,0
035_power_drill,s2_gate_070_035_power_drill_t4,complete_epi,672,0.795495,0.040318,2.865118e-06,1.462618e-05,1324,0.026879,1.435880e-06,0.053758,6.594437e-06,0.000000e+00,190,1,0,1,1,0
035_power_drill,s2_gate_070_035_power_drill_t6,complete_epi,56,0.921218,0.041691,6.419242e-06,4.459282e-06,799,0.027794,2.518463e-06,0.055588,1.003479e-05,0.000000e+00,113,1,0,1,1,1
035_power_drill,s2_gate_070_035_power_drill_t7,complete_epi,0,0.971837,0.019872,3.806549e-05,1.328292e-04,1159,0.013248,5.968698e-05,0.026496,2.383721e-05,1.356453e+00,853,1,0,1,1,0
035_power_drill,s2_gate_070_035_power_drill_t8,complete_epi,911,0.739983,0.041009,1.053715e-06,4.033214e-06,842,0.027339,0.000000e+00,0.054679,2.801914e-06,0.000000e+00,97,1,0,1,1,0
035_power_drill,s2_gate_070_035_power_drill_t9,complete_epi,753,0.759564,0.041179,1.044272e-05,4.200715e-05,1994,0.027452,1.279034e-05,0.054905,1.733778e-05,4.771934e-01,390,1,0,1,1,0
035_power_drill,s2_gate_070_035_power_drill_t10,complete_epi,955,0.834730,0.017976,5.476924e-07,1.564693e-06,1775,0.011984,7.530912e-07,0.023968,3.696869e-06,2.436558e-01,495,1,0,1,1,0
035_power_drill,s2_gate_070_035_power_drill_t11,complete_epi,94,0.868899,0.045540,8.812046e-05,6.197347e-04,853,0.030360,7.123497e-05,0.060719,7.164851e-05,0.000000e+00,139,1,0,1,1,1
035_power_drill,s2_gate_070_035_power_drill_t12,complete_epi,318,0.942956,0.028684,2.829689e-05,1.543437e-04,1283,0.019123,2.535309e-05,0.038246,2.126478e-05,8.435284e-01,603,1,0,1,1,1
035_power_drill,s2_gate_070_035_power_drill_t13,complete_epi,113,0.872793,0.043178,3.978238e-05,0.000000e+00,538,0.028785,3.651026e-06,0.057571,1.566171e-04,0.000000e+00,134,1,0,1,1,0
035_power_drill,s2_gate_070_035_power_drill_t14,complete_epi,1468,0.425489,0.055525,7.186418e-06,1.163234e-05,3407,0.037017,3.362429e-06,0.074034,3.453688e-05,7.287843e-01,490,1,0,1,1,0
035_power_drill,s2_gate_070_035_power_drill_t15,complete_epi,196,0.875943,0.035639,2.584271e-05,1.138482e-04,1765,0.023760,2.884128e-05,0.047519,3.151066e-05,7.368840e-01,458,1,0,1,1,1
035_power_drill,s2_gate_070_035_power_drill_t16,complete_epi,1,0.929916,0.057085,9.689203e-06,9.669773e-06,4451,0.038057,2.051192e-06,0.076113,1.683428e-05,5.159060e-02,479,1,0,1,1,0
035_power_drill,s2_gate_070_035_power_drill_t17,complete_epi,385,0.807013,0.042523,3.328485e-05,3.717207e-04,717,0.028349,3.511269e-05,0.056697,3.690170e-05,0.000000e+00,143,1,0,1,1,1
035_power_drill,s2_gate_070_035_power_drill_t19,complete_epi,1405,0.456742,0.061410,1.729985e-05,4.909767e-05,4178,0.040940,9.904202e-06,0.081880,3.697060e-05,2.968490e-01,240,1,0,1,1,1
025_mug,s0_gate_off_025_mug_t0,complete_only,25,0.940436,0.020684,2.555455e-06,5.826889e-06,279,0.013789,2.266953e-06,0.027579,3.262662e-06,2.696618e-01,210,1,0,1,1,1
025_mug,s0_gate_off_025_mug_t1,complete_only,61,0.922545,0.021041,1.785821e-05,5.334968e-05,495,0.014028,2.900434e-05,0.028055,2.051587e-05,3.624101e-01,145,1,0,1,1,1
025_mug,s0_gate_off_025_mug_t2,complete_only,753,0.624474,0.027881,2.955215e-06,6.169993e-06,659,0.018587,3.021211e-06,0.037174,2.833240e-06,1.826929e-01,121,1,0,1,1,1
025_mug,s0_gate_off_025_mug_t3,complete_only,61,0.930694,0.020971,3.358747e-05,1.128685e-04,392,0.013981,2.035660e-05,0.027961,4.429985e-05,1.915326e-01,147,1,0,1,1,0
025_mug,s0_gate_off_025_mug_t5,complete_only,171,0.775683,0.020261,1.158902e-06,1.863293e-06,449,0.013508,1.180300e-06,0.027015,1.078844e-06,6.863656e-02,95,1,0,1,1,0
025_mug,s0_gate_off_025_mug_t6,complete_only,29,0.935052,0.020938,7.950336e-06,2.382619e-05,812,0.013959,9.242130e-06,0.027917,7.844645e-06,5.018665e-01,218,1,0,1,1,1
025_mug,s0_gate_off_025_mug_t7,complete_only,8,0.918200,0.021306,2.661201e-06,8.383979e-06,173,0.014204,3.761734e-06,0.028408,2.448994e-06,3.766391e-03,34,1,0,1,1,0
025_mug,s0_gate_off_025_mug_t8,complete_only,43,0.928508,0.020384,1.449675e-06,2.153564e-06,1553,0.013590,1.452272e-06,0.027179,1.388077e-06,2.451127e-01,290,1,0,1,1,1
025_mug,s0_gate_off_025_mug_t9,complete_only,44,0.906453,0.025081,1.860719e-05,4.458782e-05,1126,0.016721,2.151901e-05,0.033442,1.415948e-05,1.093101e+00,270,1,0,1,1,1
025_mug,s0_gate_off_025_mug_t10,complete_only,75,0.884459,0.019811,2.160707e-06,5.624578e-06,635,0.013208,2.551709e-06,0.026415,1.968736e-06,1.090710e-01,107,1,0,1,1,1
025_mug,s0_gate_off_025_mug_t11,complete_only,165,0.887843,0.019856,3.425050e-06,7.982042e-06,860,0.013237,3.083942e-06,0.026475,4.023940e-06,3.260801e-01,269,1,0,1,1,1
025_mug,s0_gate_off_025_mug_t12,complete_only,72,0.816086,0.019867,2.521015e-06,5.861946e-06,441,0.013245,2.986671e-06,0.026489,2.213327e-06,1.255796e-01,109,1,0,1,1,1
025_mug,s0_gate_off_025_mug_t13,complete_only,4,0.935586,0.020776,3.885803e-06,1.562313e-05,870,0.013851,2.709764e-06,0.027702,4.072790e-06,3.926401e-01,305,1,0,1,1,0
025_mug,s0_gate_off_025_mug_t15,complete_only,74,0.914821,0.021809,7.329762e-06,2.071183e-05,500,0.014540,1.172838e-05,0.029079,7.287924e-06,3.344776e-01,153,1,0,1,1,1
025_mug,s0_gate_off_025_mug_t16,complete_only,140,0.907503,0.020747,1.088639e-05,3.317837e-05,599,0.013832,1.222020e-05,0.027663,1.049667e-05,6.352824e-01,226,1,0,1,1,1
025_mug,s0_gate_off_025_mug_t17,complete_only,91,0.919822,0.023025,1.066237e-05,2.987322e-05,680,0.015350,1.367250e-05,0.030700,1.234007e-05,2.944569e-01,164,1,0,1,1,1
025_mug,s0_gate_off_025_mug_t18,complete_only,27,0.944418,0.021076,3.023008e-05,9.055528e-05,402,0.014050,6.870343e-05,0.028101,2.569488e-05,5.705777e-01,140,1,0,1,1,1
025_mug,s0_gate_off_025_mug_t19,complete_only,33,0.939010,0.020195,1.249545e-06,2.465532e-06,700,0.013463,1.146330e-06,0.026926,1.276863e-06,2.209044e-01,241,1,0,1,1,1
051_large_clamp,s0_gate_off_051_large_clamp_t0,complete_only,133,0.927598,0.031974,1.395102e-05,0.000000e+00,754,0.021316,1.305447e-05,0.042632,1.934338e-05,0.000000e+00,148,1,0,1,1,1
051_large_clamp,s0_gate_off_051_large_clamp_t1,complete_only,3,0.955628,0.030832,5.783745e-07,1.944220e-06,1160,0.020555,0.000000e+00,0.041110,7.355717e-07,0.000000e+00,186,1,0,1,1,1
051_large_clamp,s0_gate_off_051_large_clamp_t2,complete_only,1,0.968830,0.032369,1.393518e-04,4.056978e-04,1006,0.021579,2.626095e-04,0.043158,2.832288e-05,4.414004e-01,290,1,0,1,1,0
051_large_clamp,s0_gate_off_051_large_clamp_t3,complete_only,23,0.940296,0.032261,9.138423e-07,0.000000e+00,660,0.021507,0.000000e+00,0.043014,1.004431e-06,0.000000e+00,156,1,0,1,1,0
051_large_clamp,s0_gate_off_051_large_clamp_t4,complete_only,0,0.965817,0.030164,0.000000e+00,0.000000e+00,524,0.020109,0.000000e+00,0.040218,6.588569e-07,0.000000e+00,156,1,0,1,1,0
051_large_clamp,s0_gate_off_051_large_clamp_t5,complete_only,4,0.964692,0.032361,4.344950e-06,2.367950e-05,1500,0.021574,4.472800e-06,0.043147,4.403422e-06,8.514437e-02,221,1,0,1,1,1
051_large_clamp,s0_gate_off_051_large_clamp_t6,complete_only,14,0.957955,0.032172,0.000000e+00,0.000000e+00,697,0.021448,0.000000e+00,0.042896,6.841604e-07,0.000000e+00,164,1,0,1,1,0
051_large_clamp,s0_gate_off_051_large_clamp_t7,complete_only,0,0.962493,0.026170,4.772322e-06,1.047497e-05,3019,0.017447,3.220288e-06,0.034894,7.387726e-06,4.645239e-01,600,1,0,1,1,1
051_large_clamp,s0_gate_off_051_large_clamp_t8,complete_only,76,0.931513,0.031373,5.926445e-07,6.843898e-06,678,0.020915,0.000000e+00,0.041830,1.857560e-06,0.000000e+00,145,1,0,1,1,1
051_large_clamp,s0_gate_off_051_large_clamp_t9,complete_only,33,0.944922,0.032281,1.567879e-06,0.000000e+00,678,0.021521,0.000000e+00,0.043041,6.723534e-06,0.000000e+00,161,1,0,1,1,0
051_large_clamp,s0_gate_off_051_large_clamp_t10,complete_only,2,0.966458,0.030212,7.389803e-07,3.178296e-06,770,0.020141,0.000000e+00,0.040282,1.019241e-06,0.000000e+00,152,1,0,1,1,0
051_large_clamp,s0_gate_off_051_large_clamp_t11,complete_only,3,0.959277,0.029710,6.747113e-07,4.336926e-06,820,0.019807,6.084261e-07,0.039613,9.954526e-07,0.000000e+00,162,1,0,1,1,1
051_large_clamp,s0_gate_off_051_large_clamp_t12,complete_only,7,0.956959,0.031370,2.298782e-05,1.328590e-04,1773,0.020914,1.019327e-04,0.041827,2.400614e-05,8.061456e-01,453,1,0,1,1,1
051_large_clamp,s0_gate_off_051_large_clamp_t13,complete_only,35,0.951495,0.031777,6.517548e-06,9.599771e-06,925,0.021185,9.214034e-06,0.042369,8.582374e-06,0.000000e+00,164,1,0,1,1,1
051_large_clamp,s0_gate_off_051_large_clamp_t14,complete_only,0,0.971411,0.029792,1.108375e-06,3.272697e-06,919,0.019861,0.000000e+00,0.039723,1.220351e-06,0.000000e+00,152,1,0,1,1,0
051_large_clamp,s0_gate_off_051_large_clamp_t15,complete_only,4,0.962123,0.031301,9.508225e-06,4.825425e-05,1667,0.020867,3.411931e-06,0.041734,2.134272e-05,1.298845e-01,215,1,0,1,1,1
051_large_clamp,s0_gate_off_051_large_clamp_t16,complete_only,19,0.953771,0.031808,0.000000e+00,0.000000e+00,663,0.021205,0.000000e+00,0.042411,2.197618e-07,0.000000e+00,150,1,0,1,1,0
051_large_clamp,s0_gate_off_051_large_clamp_t17,complete_only,0,0.973975,0.030621,3.084260e-06,1.284217e-05,1677,0.020414,1.313978e-06,0.040828,1.630339e-05,1.247809e-01,218,1,0,1,1,0
051_large_clamp,s0_gate_off_051_large_clamp_t18,complete_only,0,0.968937,0.029357,0.000000e+00,0.000000e+00,758,0.019571,0.000000e+00,0.039142,3.743996e-07,0.000000e+00,176,1,0,1,1,0
051_large_clamp,s0_gate_off_051_large_clamp_t19,complete_only,13,0.948488,0.032107,2.928910e-07,0.000000e+00,745,0.021405,0.000000e+00,0.042810,1.812215e-06,0.000000e+00,176,1,0,1,1,0
022_windex_bottle,s0_gate_010_022_windex_bottle_t0,complete_epi,271,0.877178,0.037098,3.943951e-06,4.420928e-06,4405,0.024732,2.619076e-06,0.049463,6.394611e-06,1.731890e+00,1283,1,0,1,1,1
022_windex_bottle,s0_gate_010_022_windex_bottle_t1,complete_epi,18,0.839027,0.039285,6.851174e-05,1.408742e-04,2460,0.026190,1.832004e-04,0.052380,8.572696e-05,2.141250e+00,847,1,0,1,1,0
022_windex_bottle,s0_gate_010_022_windex_bottle_t2,complete_epi,0,0.948530,0.038742,2.804616e-05,1.105839e-04,3047,0.025828,4.273340e-05,0.051656,4.152810e-05,8.903263e-01,415,1,0,1,1,1
022_windex_bottle,s0_gate_010_022_windex_bottle_t3,complete_epi,0,0.808944,0.001990,1.119644e-06,2.414428e-06,777,0.001326,6.848634e-07,0.002653,2.999097e-07,8.140840e-01,2489,0,0,1,1,
022_windex_bottle,s0_gate_010_022_windex_bottle_t4,complete_epi,3,0.934944,0.045323,1.168656e-05,3.568440e-05,1175,0.030215,9.388024e-07,0.060430,2.257768e-05,0.000000e+00,96,1,0,1,1,0
022_windex_bottle,s0_gate_010_022_windex_bottle_t5,complete_epi,534,0.833484,0.039753,2.879473e-05,6.738920e-05,3270,0.026502,4.443735e-05,0.053004,5.643512e-05,1.336777e+00,804,1,0,1,1,1
022_windex_bottle,s0_gate_010_022_windex_bottle_t6,complete_epi,269,0.870356,0.043355,4.755643e-06,7.227555e-06,7094,0.028903,3.174722e-06,0.057807,1.122196e-05,2.299993e+00,1311,1,0,1,1,0
022_windex_bottle,s0_gate_010_022_windex_bottle_t7,complete_epi,390,0.800846,0.038608,1.408700e-04,5.745040e-04,1858,0.025739,1.068248e-04,0.051478,1.465859e-04,9.978157e-01,304,1,0,1,1,1
022_windex_bottle,s0_gate_010_022_windex_bottle_t8,complete_epi,0,0.957815,0.042259,5.173969e-05,2.941003e-04,1544,0.028173,4.512240e-05,0.056346,1.092703e-04,1.563646e-02,31,1,0,1,1,0
022_windex_bottle,s0_gate_010_022_windex_bottle_t9,complete_epi,169,0.860700,0.040791,3.422011e-05,1.075062e-04,3574,0.027194,1.580181e-04,0.054388,2.317050e-05,1.676547e+00,882,1,0,1,1,0
022_windex_bottle,s0_gate_010_022_windex_bottle_t10,complete_epi,0,0.955504,0.044459,8.138713e-06,1.163277e-05,1045,0.029639,3.167131e-06,0.059279,7.193653e-05,0.000000e+00,88,1,0,1,1,0
022_windex_bottle,s0_gate_010_022_windex_bottle_t11,complete_epi,0,0.944605,0.044361,3.771292e-06,6.374489e-06,1042,0.029574,2.494991e-06,0.059149,3.085053e-05,1.582908e-01,166,1,0,1,1,0
022_windex_bottle,s0_gate_010_022_windex_bottle_t12,complete_epi,23,0.950020,0.041272,1.113140e-05,3.620927e-05,863,0.027515,8.248602e-06,0.055029,2.750650e-05,3.302829e-02,148,1,0,1,1,0
022_windex_bottle,s0_gate_010_022_windex_bottle_t13,complete_epi,62,0.903985,0.037096,3.770534e-05,1.632332e-04,532,0.024731,3.728473e-05,0.049462,4.158173e-05,2.472148e-01,64,1,0,1,1,0
022_windex_bottle,s0_gate_010_022_windex_bottle_t14,complete_epi,33,0.938167,0.044564,1.177125e-05,4.864067e-05,841,0.029709,4.514283e-06,0.059419,5.037009e-05,0.000000e+00,80,1,0,1,1,0
022_windex_bottle,s0_gate_010_022_windex_bottle_t15,complete_epi,111,0.914289,0.030235,7.078582e-05,3.526814e-04,809,0.020157,6.588976e-05,0.040314,7.609830e-05,2.743473e-01,341,1,0,1,1,0
022_windex_bottle,s0_gate_010_022_windex_bottle_t16,complete_epi,136,0.917649,0.040785,5.623120e-06,1.938142e-05,5650,0.027190,3.476013e-06,0.054379,9.214041e-06,1.342132e+00,816,1,0,1,1,0
022_windex_bottle,s0_gate_010_022_windex_bottle_t17,complete_epi,9,0.906110,0.039802,3.260585e-06,6.945296e-06,4636,0.026535,2.417336e-06,0.053070,5.462817e-06,6.103373e-01,513,1,0,1,1,0
022_windex_bottle,s0_gate_010_022_windex_bottle_t18,complete_epi,35,0.936654,0.042544,3.987688e-06,7.238123e-06,4496,0.028362,2.482600e-06,0.056725,7.290469e-06,1.716571e-01,179,1,0,1,1,0
022_windex_bottle,s0_gate_010_022_windex_bottle_t19,complete_epi,351,0.823031,0.039279,1.206770e-03,5.361303e-03,350,0.026186,1.368944e-03,0.052372,1.074060e-03,1.099375e-01,6,1,0,1,1,0
006_mustard_bottle,s0_gate_020_006_mustard_bottle_t0,complete_epi,106,0.829233,0.032858,1.153634e-05,3.037858e-05,2132,0.021906,1.291138e-05,0.043811,1.423853e-05,7.159910e-01,502,1,0,1,1,1
006_mustard_bottle,s0_gate_020_006_mustard_bottle_t1,complete_epi,9,0.928934,0.052475,7.286618e-04,2.818369e-03,1388,0.034983,1.400766e-03,0.069967,5.739764e-04,3.008535e+00,123,1,0,1,1,0
006_mustard_bottle,s0_gate_020_006_mustard_bottle_t2,complete_epi,1,0.881160,0.032147,6.474048e-06,1.370973e-05,1576,0.021431,6.974364e-06,0.042863,6.168699e-06,1.990957e-01,262,1,0,1,1,1
006_mustard_bottle,s0_gate_020_006_mustard_bottle_t3,complete_epi,208,0.720390,0.040400,3.624056e-04,1.457811e-03,2734,0.026933,3.127423e-04,0.053866,3.257004e-04,1.835570e+00,540,1,0,1,1,1
006_mustard_bottle,s0_gate_020_006_mustard_bottle_t4,complete_epi,45,0.824167,0.031455,8.223369e-06,1.816751e-05,1567,0.020970,7.958712e-06,0.041940,8.449692e-06,2.989525e-01,176,1,0,1,1,0
006_mustard_bottle,s0_gate_020_006_mustard_bottle_t5,complete_epi,21,0.833182,0.032164,4.362764e-06,9.386042e-06,1243,0.021443,5.069128e-06,0.042886,4.343437e-06,7.105965e-02,237,1,0,1,1,1
006_mustard_bottle,s0_gate_020_006_mustard_bottle_t6,complete_epi,18,0.937569,0.014588,6.322105e-07,1.814698e-06,1692,0.009725,5.025163e-07,0.019450,1.264859e-06,1.353803e+00,2817,1,0,1,1,1
006_mustard_bottle,s0_gate_020_006_mustard_bottle_t7,complete_epi,40,0.953624,0.029322,2.835403e-06,5.084458e-06,1613,0.019548,2.056392e-06,0.039096,2.949184e-06,3.318719e-01,546,1,0,1,1,0
006_mustard_bottle,s0_gate_020_006_mustard_bottle_t8,complete_epi,5,0.868728,0.031922,5.328343e-06,9.660239e-06,1806,0.021281,6.170961e-06,0.042563,4.627715e-06,5.800189e-01,415,1,0,1,1,1
006_mustard_bottle,s0_gate_020_006_mustard_bottle_t9,complete_epi,481,0.851299,0.023045,3.036525e-05,7.706245e-05,2409,0.015364,3.327324e-05,0.030727,2.778247e-05,7.702450e-01,880,1,0,1,1,1
006_mustard_bottle,s0_gate_020_006_mustard_bottle_t10,complete_epi,3,0.974918,0.021039,1.429617e-04,4.705298e-04,1325,0.014026,1.522657e-04,0.028052,1.242872e-04,2.121556e+00,527,1,0,1,1,0
006_mustard_bottle,s0_gate_020_006_mustard_bottle_t11,complete_epi,0,0.892953,0.031371,1.185806e-05,2.677650e-05,1166,0.020914,1.173373e-05,0.041827,1.085961e-05,5.179174e-01,407,1,0,1,1,1
006_mustard_bottle,s0_gate_020_006_mustard_bottle_t12,complete_epi,279,0.818217,0.032357,1.879307e-05,6.678806e-05,1817,0.021572,1.352621e-05,0.043143,2.956864e-05,8.133540e-01,607,1,0,1,1,1
006_mustard_bottle,s0_gate_020_006_mustard_bottle_t13,complete_epi,61,0.842750,0.032314,9.724733e-06,2.418542e-05,1844,0.021542,1.023105e-05,0.043085,9.922629e-06,6.112892e-01,501,1,0,1,1,1
006_mustard_bottle,s0_gate_020_006_mustard_bottle_t14,complete_epi,1,0.865610,0.032206,1.503167e-05,5.132254e-05,1798,0.021471,1.142577e-05,0.042942,1.957169e-05,2.504053e-01,373,1,0,1,1,0
006_mustard_bottle,s0_gate_020_006_mustard_bottle_t15,complete_epi,706,0.647019,0.038717,6.316886e-05,1.579797e-04,2021,0.025811,8.301178e-05,0.051623,4.910011e-05,6.610652e-01,377,1,0,1,1,1
006_mustard_bottle,s0_gate_020_006_mustard_bottle_t16,complete_epi,317,0.785558,0.032011,1.570278e-05,4.611936e-05,1789,0.021340,9.461881e-06,0.042681,2.231546e-05,7.444653e-01,597,1,0,1,1,1
006_mustard_bottle,s0_gate_020_006_mustard_bottle_t17,complete_epi,66,0.933368,0.044851,2.052598e-04,4.548359e-04,1117,0.029901,2.551759e-04,0.059802,1.665675e-04,1.922223e+00,145,1,0,1,1,0
006_mustard_bottle,s0_gate_020_006_mustard_bottle_t18,complete_epi,19,0.859394,0.031448,5.878918e-06,1.605546e-05,2122,0.020965,4.031932e-06,0.041931,6.906008e-06,4.952872e-01,525,1,0,1,1,1
006_mustard_bottle,s0_gate_020_006_mustard_bottle_t19,complete_epi,6,0.856583,0.032166,1.154642e-05,2.807052e-05,2183,0.021444,8.646633e-06,0.042888,1.928366e-05,6.191382e-01,636,1,0,1,1,1
011_banana,s0_gate_020_011_banana_t0,complete_epi,693,0.897931,0.032608,1.288814e-04,8.178968e-04,2204,0.021739,1.187270e-04,0.043477,1.063364e-04,1.205589e+00,522,1,0,1,1,1
011_banana,s0_gate_020_011_banana_t1,complete_epi,1749,0.341187,0.031796,4.282536e-05,5.220421e-05,3311,0.021198,3.202909e-05,0.042395,7.250273e-05,7.481813e-01,756,1,0,1,1,0
011_banana,s0_gate_020_011_banana_t2,complete_epi,1343,0.629273,0.030934,7.720584e-05,8.397450e-05,1792,0.020623,1.297655e-04,0.041246,8.926422e-05,8.213260e-01,563,1,0,1,1,0
011_banana,s0_gate_020_011_banana_t3,complete_epi,1496,0.698572,0.032934,1.688997e-04,4.511025e-04,1185,0.021956,2.474985e-04,0.043912,1.695828e-04,4.827741e-01,394,1,0,1,1,0
011_banana,s0_gate_020_011_banana_t4,complete_epi,1433,0.647225,0.030953,5.427855e-06,1.489617e-05,1503,0.020635,1.848828e-06,0.041271,1.096994e-05,1.012688e-01,252,1,0,1,1,0
011_banana,s0_gate_020_011_banana_t5,complete_epi,703,0.854455,0.032089,5.720868e-05,2.186651e-04,2590,0.021392,5.168289e-05,0.042785,6.182631e-05,1.040346e+00,797,1,0,1,1,1
011_banana,s0_gate_020_011_banana_t6,complete_epi,1425,0.619715,0.031667,9.442365e-05,2.192681e-04,3159,0.021111,7.336564e-05,0.042223,1.281737e-04,3.149574e-01,294,1,0,1,1,0
011_banana,s0_gate_020_011_banana_t7,complete_epi,926,0.807248,0.031399,8.465681e-06,1.154924e-05,2775,0.020933,2.818835e-06,0.041866,1.274868e-05,6.396542e-01,714,1,0,1,1,0
011_banana,s0_gate_020_011_banana_t8,complete_epi,1755,0.439253,0.031458,1.620463e-05,7.483548e-05,1788,0.020972,8.804920e-06,0.041944,2.294232e-05,4.068676e-01,386,1,0,1,1,0
011_banana,s0_gate_020_011_banana_t9,complete_epi,1724,0.379447,0.031862,1.066024e-03,5.462235e-03,1704,0.021241,3.368405e-03,0.042483,5.760428e-04,1.129544e+00,443,1,0,1,1,0
011_banana,s0_gate_020_011_banana_t10,complete_epi,1547,0.551505,0.030648,4.496354e-05,3.207391e-04,1938,0.020432,5.807556e-05,0.040865,5.738861e-05,1.199746e+00,534,1,0,1,1,1
011_banana,s0_gate_020_011_banana_t11,complete_epi,1516,0.590674,0.030680,1.413439e-04,8.956706e-04,1462,0.020453,7.330329e-04,0.040906,1.095200e-04,1.103211e+00,426,1,0,1,1,0
011_banana,s0_gate_020_011_banana_t12,complete_epi,1879,0.209897,0.031036,5.443207e-04,2.369312e-03,1305,0.020691,7.307576e-04,0.041381,2.697252e-04,1.854570e+00,409,1,0,1,1,0
011_banana,s0_gate_020_011_banana_t14,complete_epi,1205,0.679840,0.030913,7.612952e-05,2.300513e-05,2161,0.020609,7.986533e-05,0.041218,7.620171e-05,6.590210e-01,486,1,0,1,1,0
011_banana,s0_gate_020_011_banana_t15,complete_epi,1394,0.557694,0.032869,2.276718e-05,3.032312e-05,1514,0.021912,1.850948e-05,0.043825,3.834211e-05,0.000000e+00,158,1,0,1,1,0
011_banana,s0_gate_020_011_banana_t16,complete_epi,1798,0.298067,0.031140,6.263508e-04,2.654990e-03,1513,0.020760,1.513299e-03,0.041521,3.842264e-04,2.752744e+00,630,1,0,1,1,0
011_banana,s0_gate_020_011_banana_t17,complete_epi,1452,0.682666,0.031951,1.631957e-05,3.505495e-05,1652,0.021301,2.669923e-05,0.042602,1.488356e-05,1.319576e-01,235,1,0,1,1,0
011_banana,s0_gate_020_011_banana_t18,complete_epi,1412,0.684609,0.031366,5.336083e-05,2.499569e-04,1231,0.020910,8.809676e-05,0.041821,3.467503e-05,6.131672e-01,530,1,0,1,1,0
011_banana,s0_gate_020_011_banana_t19,complete_epi,1469,0.606901,0.032092,3.102127e-05,5.706488e-05,2978,0.021394,1.506830e-05,0.042789,5.347681e-05,2.746929e-01,319,1,0,1,1,0
025_mug,s0_gate_030_025_mug_t0,complete_epi,35,0.941163,0.020684,1.159444e-05,5.966951e-05,506,0.013789,6.756308e-05,0.027579,7.970566e-06,3.014259e-01,170,1,0,1,1,1
025_mug,s0_gate_030_025_mug_t1,complete_epi,21,0.942863,0.021136,1.910619e-05,4.926043e-05,487,0.014090,2.410500e-05,0.028181,1.577162e-05,3.239615e-01,140,1,0,1,1,1
025_mug,s0_gate_030_025_mug_t2,complete_epi,49,0.939633,0.020279,1.146118e-06,1.739560e-06,1207,0.013519,1.171232e-06,0.027038,1.136966e-06,3.340951e-01,381,1,0,1,1,0
025_mug,s0_gate_030_025_mug_t3,complete_epi,10,0.939270,0.021430,2.254813e-05,8.763350e-05,446,0.014287,1.048604e-05,0.028573,3.683430e-05,3.146550e-01,182,1,0,1,1,1
025_mug,s0_gate_030_025_mug_t5,complete_epi,176,0.762530,0.020253,2.197256e-06,4.872943e-06,649,0.013502,2.177401e-06,0.027004,2.170974e-06,2.637260e-01,219,1,0,1,1,1
025_mug,s0_gate_030_025_mug_t6,complete_epi,103,0.911261,0.020874,1.225800e-06,2.620555e-06,816,0.013916,1.228964e-06,0.027832,1.234463e-06,2.000250e-01,229,1,0,1,1,1
025_mug,s0_gate_030_025_mug_t8,complete_epi,46,0.914765,0.020555,8.863790e-07,2.396298e-06,186,0.013704,2.196864e-07,0.027407,1.229040e-06,0.000000e+00,43,1,0,1,1,1
025_mug,s0_gate_030_025_mug_t9,complete_epi,143,0.942709,0.018764,1.063076e-06,2.998719e-06,1961,0.012510,9.267391e-07,0.025019,1.393553e-06,5.522659e-02,253,1,0,1,1,0
025_mug,s0_gate_030_025_mug_t10,complete_epi,31,0.919851,0.019760,1.381441e-06,3.127017e-06,676,0.013173,1.362746e-06,0.026347,1.587469e-06,1.286390e-01,178,1,0,1,1,1
025_mug,s0_gate_030_025_mug_t11,complete_epi,87,0.906304,0.019910,2.284995e-06,6.055225e-06,714,0.013274,2.299685e-06,0.026547,2.318290e-06,1.982587e-01,174,1,0,1,1,1
025_mug,s0_gate_030_025_mug_t12,complete_epi,227,0.786927,0.020093,1.416504e-06,2.760581e-06,643,0.013395,1.478384e-06,0.026791,1.885183e-06,8.955059e-02,148,1,0,1,1,1
025_mug,s0_gate_030_025_mug_t13,complete_epi,56,0.915868,0.020809,2.523001e-06,6.613482e-06,851,0.013872,2.151038e-06,0.027745,2.825353e-06,4.070299e-01,347,1,0,1,1,1
025_mug,s0_gate_030_025_mug_t14,complete_epi,50,0.926755,0.019907,3.210993e-06,7.743351e-06,579,0.013271,3.399339e-06,0.026543,3.793812e-06,1.720535e-01,154,1,0,1,1,1
025_mug,s0_gate_030_025_mug_t15,complete_epi,3,0.947074,0.023231,3.963716e-06,1.013739e-05,537,0.015487,3.595071e-06,0.030974,4.284803e-06,2.225676e-01,138,1,0,1,1,1
025_mug,s0_gate_030_025_mug_t17,complete_epi,60,0.938405,0.023053,1.125477e-05,2.938912e-05,607,0.015369,1.362490e-05,0.030737,1.100965e-05,2.318195e-01,131,1,0,1,1,1
025_mug,s0_gate_030_025_mug_t19,complete_epi,78,0.928571,0.020777,9.748166e-06,4.002312e-05,495,0.013852,1.089891e-05,0.027703,9.499302e-06,2.804162e-01,114,1,0,1,1,1
051_large_clamp,s0_gate_030_051_large_clamp_t0,complete_epi,5,0.951287,0.031974,1.395102e-05,0.000000e+00,733,0.021316,1.305447e-05,0.042632,1.934338e-05,0.000000e+00,138,1,0,1,1,1
051_large_clamp,s0_gate_030_051_large_clamp_t1,complete_epi,6,0.951753,0.029438,0.000000e+00,0.000000e+00,752,0.019626,0.000000e+00,0.039251,6.292524e-07,0.000000e+00,173,1,0,1,1,0
051_large_clamp,s0_gate_030_051_large_clamp_t2,complete_epi,45,0.969087,0.032679,7.348832e-06,1.585276e-05,1763,0.021786,3.386930e-06,0.043571,1.545961e-05,9.057468e-02,205,1,0,1,1,0
051_large_clamp,s0_gate_030_051_large_clamp_t3,complete_epi,7,0.944197,0.032293,1.497346e-06,0.000000e+00,696,0.021529,0.000000e+00,0.043057,3.114680e-06,0.000000e+00,146,1,0,1,1,1
051_large_clamp,s0_gate_030_051_large_clamp_t4,complete_epi,0,0.967687,0.030460,6.156772e-07,3.535592e-06,695,0.020307,0.000000e+00,0.040613,9.556552e-07,0.000000e+00,153,1,0,1,1,0
051_large_clamp,s0_gate_030_051_large_clamp_t5,complete_epi,11,0.964325,0.032321,4.640436e-06,2.232420e-05,1056,0.021547,3.245577e-06,0.043095,3.719865e-06,2.031538e-02,211,1,0,1,1,1
051_large_clamp,s0_gate_030_051_large_clamp_t6,complete_epi,39,0.941223,0.032477,7.612597e-07,0.000000e+00,747,0.021652,0.000000e+00,0.043303,2.715940e-06,0.000000e+00,165,1,0,1,1,1
051_large_clamp,s0_gate_030_051_large_clamp_t7,complete_epi,4,0.960389,0.026180,4.796673e-06,2.045624e-05,3190,0.017454,2.986759e-06,0.034907,5.965466e-06,5.605751e-01,657,1,0,1,1,1
051_large_clamp,s0_gate_030_051_large_clamp_t8,complete_epi,153,0.923048,0.031329,1.046219e-07,0.000000e+00,695,0.020886,0.000000e+00,0.041772,1.921501e-06,0.000000e+00,144,1,0,1,1,1
051_large_clamp,s0_gate_030_051_large_clamp_t10,complete_epi,0,0.971566,0.030128,7.528116e-07,3.235876e-06,827,0.020085,0.000000e+00,0.040170,1.034590e-06,0.000000e+00,149,1,0,1,1,0
051_large_clamp,s0_gate_030_051_large_clamp_t11,complete_epi,4,0.961149,0.029248,4.707656e-07,3.054765e-06,671,0.019499,1.017540e-06,0.038998,8.465920e-07,0.000000e+00,158,1,0,1,1,0
051_large_clamp,s0_gate_030_051_large_clamp_t12,complete_epi,15,0.954910,0.031447,2.377988e-05,1.160483e-04,1553,0.020965,5.137073e-05,0.041930,2.353116e-05,4.882486e-01,275,1,0,1,1,1
051_large_clamp,s0_gate_030_051_large_clamp_t13,complete_epi,91,0.938883,0.031821,8.063615e-06,7.150945e-06,903,0.021214,1.291155e-05,0.042427,7.972962e-06,0.000000e+00,162,1,0,1,1,1
051_large_clamp,s0_gate_030_051_large_clamp_t14,complete_epi,6,0.967834,0.029184,9.291922e-07,2.538057e-06,1027,0.019456,0.000000e+00,0.038911,8.425536e-07,0.000000e+00,157,1,0,1,1,0
051_large_clamp,s0_gate_030_051_large_clamp_t15,complete_epi,3,0.958219,0.031213,2.150576e-05,9.795943e-05,1964,0.020809,1.534553e-05,0.041617,2.936654e-05,6.965993e-01,407,1,0,1,1,1
051_large_clamp,s0_gate_030_051_large_clamp_t16,complete_epi,5,0.955848,0.031748,2.279089e-06,4.934983e-06,894,0.021165,0.000000e+00,0.042331,5.093903e-06,0.000000e+00,157,1,0,1,1,1
051_large_clamp,s0_gate_030_051_large_clamp_t17,complete_epi,0,0.977452,0.017352,3.445509e-06,2.466971e-05,1721,0.011568,5.586085e-06,0.023136,6.326251e-06,1.243430e+00,1706,1,0,1,1,0
051_large_clamp,s0_gate_030_051_large_clamp_t18,complete_epi,0,0.966044,0.029313,4.538136e-07,3.257610e-06,802,0.019542,0.000000e+00,0.039084,3.981905e-07,0.000000e+00,180,1,0,1,1,1
051_large_clamp,s0_gate_030_051_large_clamp_t19,complete_epi,8,0.958598,0.031711,6.125285e-08,0.000000e+00,807,0.021141,0.000000e+00,0.042281,1.198025e-06,0.000000e+00,174,1,0,1,1,1
022_windex_bottle,s0_gate_050_022_windex_bottle_t0,complete_epi,303,0.867459,0.037098,3.943951e-06,4.420928e-06,4405,0.024732,2.619076e-06,0.049463,6.394611e-06,1.447279e+00,1077,1,0,1,1,1
022_windex_bottle,s0_gate_050_022_windex_bottle_t1,complete_epi,290,0.749756,0.039285,6.883348e-05,1.449948e-04,3122,0.026190,1.838625e-04,0.052381,7.577768e-05,1.661408e+00,816,1,0,1,1,0
022_windex_bottle,s0_gate_050_022_windex_bottle_t2,complete_epi,1,0.929954,0.038778,3.964428e-05,1.784751e-04,2687,0.025852,7.273155e-05,0.051704,4.144738e-05,1.833476e+00,921,1,0,1,1,0
022_windex_bottle,s0_gate_050_022_windex_bottle_t3,complete_epi,58,0.931608,0.028537,1.988486e-06,6.646854e-06,1350,0.019025,3.364445e-06,0.038049,3.712897e-06,7.302607e-01,680,1,0,1,1,0
022_windex_bottle,s0_gate_050_022_windex_bottle_t4,complete_epi,12,0.924102,0.045303,1.138210e-05,3.289967e-05,1158,0.030202,1.258079e-06,0.060404,2.057795e-05,0.000000e+00,102,1,0,1,1,0
022_windex_bottle,s0_gate_050_022_windex_bottle_t5,complete_epi,763,0.766172,0.039753,1.941608e-05,3.843338e-05,2601,0.026502,1.276031e-05,0.053005,3.924232e-05,7.235885e-01,478,1,0,1,1,0
022_windex_bottle,s0_gate_050_022_windex_bottle_t6,complete_epi,43,0.855811,0.043363,4.361277e-06,7.148896e-06,7606,0.028908,2.563045e-06,0.057817,9.207448e-06,1.398666e+00,1032,1,0,1,1,0
022_windex_bottle,s0_gate_050_022_windex_bottle_t7,complete_epi,622,0.731887,0.038403,7.370658e-05,3.908604e-04,2867,0.025602,2.587620e-05,0.051205,1.017277e-04,6.478365e-01,423,1,0,1,1,1
022_windex_bottle,s0_gate_050_022_windex_bottle_t8,complete_epi,3,0.954008,0.044857,9.378875e-05,2.532757e-04,1937,0.029905,8.201349e-05,0.059809,1.842984e-04,8.984237e-01,353,1,0,1,1,0
022_windex_bottle,s0_gate_050_022_windex_bottle_t9,complete_epi,324,0.848913,0.040799,9.072396e-06,1.025873e-05,5552,0.027199,3.542047e-05,0.054399,1.179316e-05,1.183978e+00,818,1,0,1,1,1
022_windex_bottle,s0_gate_050_022_windex_bottle_t10,complete_epi,1,0.926904,0.044961,9.700299e-06,5.121849e-05,1031,0.029974,4.749845e-06,0.059948,3.168806e-05,1.493313e-01,122,1,0,1,1,0
022_windex_bottle,s0_gate_050_022_windex_bottle_t11,complete_epi,1,0.941369,0.044374,3.900512e-06,6.483902e-06,1025,0.029583,2.581257e-06,0.059166,3.009619e-05,1.625850e-01,151,1,0,1,1,0
022_windex_bottle,s0_gate_050_022_windex_bottle_t12,complete_epi,10,0.951445,0.041270,1.172569e-05,3.662397e-05,941,0.027514,1.095176e-05,0.055027,2.750893e-05,2.213747e-02,136,1,0,1,1,0
022_windex_bottle,s0_gate_050_022_windex_bottle_t13,complete_epi,291,0.831355,0.037085,3.305448e-06,7.817472e-06,4958,0.024723,2.808592e-06,0.049447,5.328681e-06,1.265420e+00,897,1,0,1,1,0
022_windex_bottle,s0_gate_050_022_windex_bottle_t14,complete_epi,23,0.938081,0.044538,1.153528e-05,4.977277e-05,875,0.029692,4.512030e-06,0.059384,5.125173e-05,0.000000e+00,91,1,0,1,1,0
022_windex_bottle,s0_gate_050_022_windex_bottle_t15,complete_epi,138,0.898907,0.030262,3.064138e-05,1.244485e-04,1187,0.020174,3.483290e-05,0.040349,3.795518e-05,2.577308e-01,335,1,0,1,1,0
022_windex_bottle,s0_gate_050_022_windex_bottle_t16,complete_epi,168,0.910443,0.040757,5.775368e-06,2.177764e-05,5493,0.027171,5.389585e-06,0.054343,9.683764e-06,6.802466e-01,407,1,0,1,1,0
022_windex_bottle,s0_gate_050_022_windex_bottle_t17,complete_epi,79,0.846378,0.039576,2.742131e-06,7.686631e-06,4394,0.026384,2.751516e-06,0.052769,3.959855e-06,5.042547e-01,401,1,0,1,1,0
022_windex_bottle,s0_gate_050_022_windex_bottle_t18,complete_epi,38,0.927344,0.042541,6.549799e-06,2.417192e-05,5303,0.028361,2.956560e-06,0.056722,1.174652e-05,8.970624e-01,638,1,0,1,1,0
022_windex_bottle,s0_gate_050_022_windex_bottle_t19,complete_epi,1303,0.443734,0.039327,9.375340e-05,2.176786e-04,3481,0.026218,1.463414e-04,0.052436,1.380511e-04,1.125115e+00,545,1,0,1,1,0
006_mustard_bottle,s0_gate_070_006_mustard_bottle_t0,complete_epi,159,0.817972,0.032858,1.674021e-05,3.783036e-05,2008,0.021906,1.407300e-05,0.043811,2.088660e-05,8.434358e-01,566,1,0,1,1,1
006_mustard_bottle,s0_gate_070_006_mustard_bottle_t1,complete_epi,80,0.801170,0.032031,8.214968e-06,2.977817e-05,2039,0.021354,5.945509e-06,0.042708,1.439614e-05,6.822913e-01,746,1,0,1,1,1
006_mustard_bottle,s0_gate_070_006_mustard_bottle_t3,complete_epi,12,0.821707,0.032531,5.845380e-06,1.738497e-05,2207,0.021687,5.252487e-06,0.043375,6.611779e-06,8.739610e-01,577,1,0,1,1,1
006_mustard_bottle,s0_gate_070_006_mustard_bottle_t4,complete_epi,1,0.853898,0.032152,5.436926e-06,1.544571e-05,1470,0.021435,5.668907e-06,0.042869,5.338095e-06,9.230226e-02,205,1,0,1,1,1
006_mustard_bottle,s0_gate_070_006_mustard_bottle_t5,complete_epi,164,0.764823,0.032328,4.439184e-06,1.116255e-05,1478,0.021552,4.468275e-06,0.043104,4.757714e-06,7.388733e-02,244,1,0,1,1,1
006_mustard_bottle,s0_gate_070_006_mustard_bottle_t6,complete_epi,326,0.755199,0.032731,1.281501e-05,2.093916e-05,2382,0.021821,5.832036e-06,0.043642,1.664620e-05,6.559850e-01,542,1,0,1,1,1
006_mustard_bottle,s0_gate_070_006_mustard_bottle_t8,complete_epi,291,0.797538,0.031907,4.784380e-06,9.602787e-06,2058,0.021271,4.617301e-06,0.042542,4.745323e-06,9.885297e-01,633,1,0,1,1,1
006_mustard_bottle,s0_gate_070_006_mustard_bottle_t9,complete_epi,250,0.813569,0.032316,1.410860e-05,3.358835e-05,2054,0.021544,7.660830e-06,0.043088,2.302480e-05,7.844931e-01,648,1,0,1,1,1
006_mustard_bottle,s0_gate_070_006_mustard_bottle_t10,complete_epi,0,0.868475,0.032350,8.954866e-06,2.675697e-05,1770,0.021567,6.093614e-06,0.043133,1.075702e-05,3.320212e-01,335,1,0,1,1,1
006_mustard_bottle,s0_gate_070_006_mustard_bottle_t11,complete_epi,4,0.865514,0.031894,1.149066e-05,2.836901e-05,1283,0.021263,1.095086e-05,0.042525,1.069799e-05,1.999182e-01,239,1,0,1,1,1
006_mustard_bottle,s0_gate_070_006_mustard_bottle_t12,complete_epi,542,0.733923,0.032371,2.039701e-05,7.143946e-05,1822,0.021581,1.380326e-05,0.043161,3.322092e-05,8.175263e-01,548,1,0,1,1,1
006_mustard_bottle,s0_gate_070_006_mustard_bottle_t13,complete_epi,172,0.757927,0.033301,1.160455e-05,4.248481e-05,1999,0.022201,1.064320e-05,0.044402,1.459737e-05,4.366898e-01,315,1,0,1,1,1
006_mustard_bottle,s0_gate_070_006_mustard_bottle_t15,complete_epi,76,0.844900,0.031943,6.077178e-06,1.044549e-05,1946,0.021296,6.177140e-06,0.042591,5.835182e-06,8.160339e-01,585,1,0,1,1,1
006_mustard_bottle,s0_gate_070_006_mustard_bottle_t16,complete_epi,314,0.762088,0.032268,1.411988e-05,4.051447e-05,2046,0.021512,1.082428e-05,0.043024,2.313055e-05,9.214114e-01,765,1,0,1,1,1
006_mustard_bottle,s0_gate_070_006_mustard_bottle_t17,complete_epi,19,0.915153,0.030556,3.705495e-06,1.362542e-05,1788,0.020370,2.843098e-06,0.040741,4.284459e-06,2.772988e-01,497,1,0,1,1,1
006_mustard_bottle,s0_gate_070_006_mustard_bottle_t18,complete_epi,12,0.866528,0.031367,6.185668e-06,2.256297e-05,1987,0.020911,4.110650e-06,0.041823,7.379602e-06,4.037895e-01,457,1,0,1,1,1
006_mustard_bottle,s0_gate_070_006_mustard_bottle_t19,complete_epi,2,0.870378,0.032163,3.053068e-05,7.278144e-05,2067,0.021442,1.785404e-05,0.042884,4.340674e-05,1.245176e+00,932,1,0,1,1,1
011_banana,s0_gate_070_011_banana_t0,complete_epi,1743,0.411514,0.032608,2.231925e-04,1.114506e-03,1325,0.021739,5.373191e-04,0.043477,1.722620e-04,2.107430e+00,571,1,0,1,1,0
011_banana,s0_gate_070_011_banana_t1,complete_epi,1616,0.537948,0.031859,4.378383e-05,5.086465e-05,3456,0.021239,3.092522e-05,0.042478,7.423948e-05,5.864007e-01,641,1,0,1,1,1
011_banana,s0_gate_070_011_banana_t2,complete_epi,1090,0.776595,0.031266,4.179757e-05,7.913990e-05,2322,0.020844,2.489396e-05,0.041689,4.638791e-05,8.136394e-01,714,1,0,1,1,1
011_banana,s0_gate_070_011_banana_t3,complete_epi,1648,0.542894,0.032987,5.490842e-05,1.556989e-04,1730,0.021992,1.242093e-04,0.043983,5.381949e-05,7.954160e-01,341,1,0,1,1,0
011_banana,s0_gate_070_011_banana_t4,complete_epi,1946,0.070506,0.030846,3.686871e-05,1.600784e-04,3139,0.020564,3.440705e-05,0.041128,4.329363e-05,1.075463e+00,799,1,0,1,1,1
011_banana,s0_gate_070_011_banana_t5,complete_epi,1016,0.802584,0.032118,1.509870e-05,6.601562e-05,3193,0.021412,1.112838e-05,0.042824,2.725671e-05,7.764419e-01,737,1,0,1,1,1
011_banana,s0_gate_070_011_banana_t6,complete_epi,1535,0.527669,0.031313,2.933726e-04,1.912604e-03,1895,0.020875,7.255884e-04,0.041751,2.600408e-04,1.999771e+00,388,1,0,1,1,0
011_banana,s0_gate_070_011_banana_t7,complete_epi,869,0.797772,0.031373,1.978369e-05,1.026389e-05,2804,0.020915,2.060657e-05,0.041831,1.708071e-05,9.437621e-01,878,1,0,1,1,1
011_banana,s0_gate_070_011_banana_t8,complete_epi,1798,0.377389,0.031365,1.652212e-05,7.719610e-05,1984,0.020910,1.180570e-05,0.041820,2.297001e-05,1.610680e-01,258,1,0,1,1,0
011_banana,s0_gate_070_011_banana_t9,complete_epi,1804,0.274852,0.031380,5.842923e-05,2.841171e-04,3703,0.020920,2.725705e-05,0.041840,9.854271e-05,5.618953e-01,674,1,0,1,1,1
011_banana,s0_gate_070_011_banana_t10,complete_epi,1737,0.329028,0.030637,4.390869e-05,3.314891e-04,1716,0.020425,4.906794e-05,0.040849,6.242345e-05,3.265092e-01,163,1,0,1,1,0
011_banana,s0_gate_070_011_banana_t11,complete_epi,1626,0.501657,0.030684,1.011836e-04,6.357074e-04,2054,0.020456,2.856503e-04,0.040912,7.111230e-05,1.144394e+00,466,1,0,1,1,0
011_banana,s0_gate_070_011_banana_t12,complete_epi,0,0.979786,0.031037,6.601266e-05,4.062848e-04,2644,0.020692,3.864137e-05,0.041383,9.370550e-05,8.255860e-01,671,0,0,1,1,
011_banana,s0_gate_070_011_banana_t13,complete_epi,1376,0.677078,0.032390,1.389936e-04,4.128571e-04,1723,0.021593,2.154211e-04,0.043186,1.268796e-04,2.118456e+00,495,1,0,1,1,0
011_banana,s0_gate_070_011_banana_t14,complete_epi,1743,0.373857,0.032087,1.080583e-04,7.737443e-04,2126,0.021392,3.967578e-04,0.042783,8.800598e-05,1.275830e+00,764,1,0,1,1,1
011_banana,s0_gate_070_011_banana_t15,complete_epi,1222,0.647465,0.032871,2.075893e-05,3.377416e-05,2241,0.021914,1.390329e-05,0.043829,3.556522e-05,1.160309e-01,217,1,0,1,1,0
011_banana,s0_gate_070_011_banana_t16,complete_epi,1828,0.251324,0.031357,2.496579e-04,1.541742e-03,2996,0.020904,1.896557e-04,0.041809,2.495252e-04,6.266075e-01,706,1,0,1,1,1
011_banana,s0_gate_070_011_banana_t17,complete_epi,1565,0.571608,0.031959,2.766509e-05,5.571760e-05,1728,0.021306,5.457588e-05,0.042613,2.738170e-05,5.179465e-01,477,1,0,1,1,0
011_banana,s0_gate_070_011_banana_t18,complete_epi,1669,0.490534,0.031385,5.385294e-05,2.277700e-04,1809,0.020924,1.386829e-04,0.041847,3.712263e-05,9.535976e-01,619,1,0,1,1,0
011_banana,s0_gate_070_011_banana_t19,complete_epi,1382,0.634857,0.031925,9.127858e-05,1.154374e-04,2227,0.021283,1.165822e-04,0.042566,1.433832e-04,6.204322e-01,559,1,0,1,1,0
025_mug,s1_gate_off_025_mug_t0,complete_only,9,0.924747,0.019955,2.643144e-06,6.114109e-06,608,0.013303,2.595289e-06,0.026607,2.723797e-06,2.286861e-01,190,1,0,1,1,1
025_mug,s1_gate_off_025_mug_t1,complete_only,4,0.945581,0.020422,3.351656e-06,8.630314e-06,798,0.013614,3.242351e-06,0.027229,3.538253e-06,2.239427e-01,151,1,0,1,1,1
025_mug,s1_gate_off_025_mug_t2,complete_only,17,0.939029,0.020089,2.439561e-05,1.074975e-04,497,0.013393,3.617499e-05,0.026786,2.536559e-05,3.817653e-01,135,1,0,1,1,1
025_mug,s1_gate_off_025_mug_t3,complete_only,36,0.928546,0.020707,4.680844e-05,3.793057e-04,442,0.013805,3.394878e-05,0.027609,2.528290e-05,5.933840e-01,234,1,0,1,1,0
025_mug,s1_gate_off_025_mug_t4,complete_only,6,0.957471,0.022422,6.722920e-06,2.193006e-05,622,0.014948,7.887944e-06,0.029896,1.124603e-05,3.011509e-01,160,1,0,1,1,1
025_mug,s1_gate_off_025_mug_t5,complete_only,168,0.745502,0.020063,2.607996e-06,9.364115e-06,528,0.013375,2.682279e-06,0.026750,2.426934e-06,3.299544e-01,281,1,0,1,1,0
025_mug,s1_gate_off_025_mug_t6,complete_only,159,0.915037,0.020175,4.220318e-06,1.363784e-05,501,0.013450,4.655270e-06,0.026899,1.366836e-05,5.152336e-01,329,1,0,1,1,1
025_mug,s1_gate_off_025_mug_t8,complete_only,112,0.929655,0.024696,2.025739e-05,9.309157e-05,640,0.016464,1.445998e-05,0.032929,2.358781e-05,4.003720e-01,140,1,0,1,1,1
025_mug,s1_gate_off_025_mug_t9,complete_only,46,0.932080,0.020831,5.410798e-06,1.725827e-05,678,0.013887,6.131313e-06,0.027774,4.733321e-06,3.157816e-01,223,1,0,1,1,1
025_mug,s1_gate_off_025_mug_t11,complete_only,11,0.936289,0.021089,3.448021e-06,1.014301e-05,464,0.014059,3.094702e-06,0.028118,3.853909e-06,1.583213e-01,98,1,0,1,1,1
025_mug,s1_gate_off_025_mug_t12,complete_only,64,0.939885,0.021588,6.796253e-06,1.624707e-05,464,0.014392,6.966277e-06,0.028785,7.970049e-06,2.730753e-01,153,1,0,1,1,1
025_mug,s1_gate_off_025_mug_t13,complete_only,0,0.846422,0.008705,1.848409e-07,5.308449e-07,577,0.005804,1.256908e-07,0.011607,2.589617e-07,3.844653e+00,5643,0,0,1,1,
025_mug,s1_gate_off_025_mug_t14,complete_only,21,0.925436,0.019889,3.020747e-06,1.449845e-05,922,0.013259,2.424246e-06,0.026519,3.356032e-06,3.856045e-01,292,1,0,1,1,1
025_mug,s1_gate_off_025_mug_t16,complete_only,153,0.720478,0.020040,1.679969e-06,6.317324e-06,417,0.013360,1.893368e-06,0.026720,1.840131e-06,2.316361e-01,238,1,0,1,1,1
025_mug,s1_gate_off_025_mug_t17,complete_only,61,0.925950,0.019740,1.801857e-06,3.384544e-06,928,0.013160,1.498466e-06,0.026320,1.894804e-06,3.777361e-01,348,1,0,1,1,1
025_mug,s1_gate_off_025_mug_t18,complete_only,146,0.926107,0.024237,1.460389e-06,2.647775e-06,921,0.016158,1.412238e-06,0.032316,1.420384e-06,2.577582e-01,261,1,0,1,1,1
025_mug,s1_gate_off_025_mug_t19,complete_only,43,0.924978,0.022841,1.186834e-06,2.743994e-06,710,0.015227,1.253034e-06,0.030454,1.224760e-06,3.467511e-02,119,1,0,1,1,0
051_large_clamp,s1_gate_off_051_large_clamp_t0,complete_only,0,0.961648,0.029898,9.723605e-07,4.144634e-06,1001,0.019932,1.440447e-07,0.039864,1.134042e-06,0.000000e+00,160,1,0,1,1,1
051_large_clamp,s1_gate_off_051_large_clamp_t1,complete_only,22,0.957861,0.032510,9.600627e-06,6.920017e-05,2865,0.021673,2.240530e-05,0.043346,7.417508e-06,1.471348e+00,1121,1,0,1,1,1
051_large_clamp,s1_gate_off_051_large_clamp_t2,complete_only,3,0.966730,0.029802,0.000000e+00,0.000000e+00,866,0.019868,0.000000e+00,0.039737,0.000000e+00,0.000000e+00,203,1,0,1,1,0
051_large_clamp,s1_gate_off_051_large_clamp_t3,complete_only,27,0.912433,0.043990,1.773995e-04,6.892699e-04,2991,0.029327,3.177922e-04,0.058653,7.341247e-05,1.598810e+00,549,1,0,1,1,0
051_large_clamp,s1_gate_off_051_large_clamp_t4,complete_only,16,0.952459,0.032069,2.290887e-06,8.979194e-06,1148,0.021379,1.560042e-07,0.042758,2.340728e-06,3.970260e-03,169,1,0,1,1,0
051_large_clamp,s1_gate_off_051_large_clamp_t5,complete_only,0,0.967256,0.032584,2.763683e-06,1.573804e-05,1614,0.021723,2.476049e-06,0.043445,6.317161e-06,2.222380e-01,276,1,0,1,1,0
051_large_clamp,s1_gate_off_051_large_clamp_t6,complete_only,11,0.962113,0.029987,0.000000e+00,0.000000e+00,546,0.019991,0.000000e+00,0.039982,5.180117e-07,0.000000e+00,136,1,0,1,1,0
051_large_clamp,s1_gate_off_051_large_clamp_t7,complete_only,1,0.970159,0.032413,3.343196e-04,1.416725e-03,656,0.021609,8.129431e-04,0.043217,6.971209e-05,4.040466e-01,253,1,0,1,1,0
051_large_clamp,s1_gate_off_051_large_clamp_t8,complete_only,2,0.954557,0.031674,1.798014e-07,1.812739e-06,1296,0.021116,3.705173e-07,0.042232,5.434193e-07,0.000000e+00,230,1,0,1,1,0
051_large_clamp,s1_gate_off_051_large_clamp_t9,complete_only,8,0.950633,0.031988,0.000000e+00,0.000000e+00,780,0.021326,0.000000e+00,0.042651,0.000000e+00,0.000000e+00,163,1,0,1,1,0
051_large_clamp,s1_gate_off_051_large_clamp_t10,complete_only,133,0.951501,0.030374,1.957338e-05,1.204996e-04,1816,0.020249,1.496951e-05,0.040498,2.006833e-05,6.948365e-01,422,1,0,1,1,1
051_large_clamp,s1_gate_off_051_large_clamp_t11,complete_only,23,0.942728,0.031992,2.104145e-04,8.291740e-04,1288,0.021328,3.012296e-04,0.042657,1.250296e-04,2.154194e+00,698,1,0,1,1,1
051_large_clamp,s1_gate_off_051_large_clamp_t12,complete_only,20,0.949277,0.030160,2.538176e-07,1.417027e-06,1334,0.020107,0.000000e+00,0.040213,3.616381e-07,0.000000e+00,219,1,0,1,1,1
051_large_clamp,s1_gate_off_051_large_clamp_t13,complete_only,1,0.961486,0.032138,3.557035e-06,8.919071e-06,991,0.021426,5.866343e-07,0.042851,6.715801e-06,0.000000e+00,156,1,0,1,1,1
051_large_clamp,s1_gate_off_051_large_clamp_t14,complete_only,2,0.948335,0.025876,1.246188e-06,9.155932e-06,872,0.017251,3.120602e-07,0.034502,4.611590e-06,0.000000e+00,169,1,0,1,1,0
051_large_clamp,s1_gate_off_051_large_clamp_t15,complete_only,17,0.962240,0.030146,2.962989e-06,1.069679e-05,1274,0.020098,2.711910e-06,0.040195,6.658891e-06,1.205899e-01,191,1,0,1,1,1
051_large_clamp,s1_gate_off_051_large_clamp_t16,complete_only,9,0.964128,0.033314,1.856346e-05,4.963211e-05,1680,0.022209,3.168925e-05,0.044419,3.084197e-05,2.035473e-01,240,1,0,1,1,0
051_large_clamp,s1_gate_off_051_large_clamp_t17,complete_only,66,0.932032,0.031836,0.000000e+00,0.000000e+00,618,0.021224,0.000000e+00,0.042448,4.414795e-07,0.000000e+00,152,1,0,1,1,0
051_large_clamp,s1_gate_off_051_large_clamp_t18,complete_only,2,0.960107,0.031963,1.287456e-04,7.599472e-04,1354,0.021309,9.386796e-05,0.042618,1.892560e-04,1.880649e+00,417,1,0,1,1,0
051_large_clamp,s1_gate_off_051_large_clamp_t19,complete_only,65,0.959475,0.030498,1.881146e-06,5.616290e-06,2410,0.020332,2.129181e-06,0.040664,2.524751e-06,6.039695e-01,582,1,0,1,1,1
022_windex_bottle,s1_gate_010_022_windex_bottle_t0,complete_epi,2,0.940949,0.044633,4.343423e-06,1.463156e-05,1447,0.029755,2.504012e-06,0.059510,4.376369e-05,1.435504e-01,162,1,0,1,1,0
022_windex_bottle,s1_gate_010_022_windex_bottle_t1,complete_epi,1,0.943160,0.039441,6.504790e-05,4.210344e-04,2493,0.026294,1.136757e-04,0.052588,5.133641e-05,1.205251e+00,636,1,0,1,1,1
022_windex_bottle,s1_gate_010_022_windex_bottle_t3,complete_epi,0,0.956872,0.042335,1.106573e-05,1.989578e-05,1387,0.028223,7.865983e-06,0.056446,4.882272e-05,3.161773e-01,293,1,0,1,1,0
022_windex_bottle,s1_gate_010_022_windex_bottle_t4,complete_epi,0,0.937708,0.042776,1.373539e-04,8.014851e-04,1598,0.028517,1.517909e-04,0.057035,7.960583e-05,2.967459e-01,43,1,0,1,1,0
022_windex_bottle,s1_gate_010_022_windex_bottle_t5,complete_epi,5,0.938299,0.040930,1.323895e-05,6.706460e-05,936,0.027287,7.334923e-06,0.054574,4.254683e-05,0.000000e+00,111,1,0,1,1,0
022_windex_bottle,s1_gate_010_022_windex_bottle_t6,complete_epi,0,0.955301,0.045217,2.405083e-05,3.173243e-05,1958,0.030145,8.877938e-06,0.060289,7.945145e-05,1.057182e+00,629,1,0,1,1,0
022_windex_bottle,s1_gate_010_022_windex_bottle_t7,complete_epi,0,0.924037,0.038694,2.239923e-05,8.784114e-05,3236,0.025796,4.913753e-05,0.051592,3.434165e-05,1.889248e+00,1028,1,0,1,1,1
022_windex_bottle,s1_gate_010_022_windex_bottle_t8,complete_epi,77,0.926368,0.044787,4.851644e-06,9.664704e-06,1018,0.029858,3.358980e-06,0.059716,3.886766e-05,2.567371e-01,200,1,0,1,1,0
022_windex_bottle,s1_gate_010_022_windex_bottle_t9,complete_epi,6,0.916854,0.044399,4.094154e-05,2.152576e-04,939,0.029599,1.452271e-05,0.059199,8.224016e-05,3.747187e-02,98,1,0,1,1,0
022_windex_bottle,s1_gate_010_022_windex_bottle_t10,complete_epi,0,0.929089,0.045280,7.754491e-05,4.804606e-04,2174,0.030187,6.707698e-05,0.060374,2.078322e-04,1.133890e+00,588,1,0,1,1,0
022_windex_bottle,s1_gate_010_022_windex_bottle_t11,complete_epi,27,0.915920,0.029257,3.200014e-06,4.915944e-06,1355,0.019505,1.837241e-06,0.039009,8.367139e-06,1.714137e-01,253,1,0,1,1,0
022_windex_bottle,s1_gate_010_022_windex_bottle_t12,complete_epi,992,0.618514,0.038269,1.622625e-04,1.104423e-03,1741,0.025512,2.537911e-04,0.051025,9.175443e-05,8.720268e-01,341,1,0,1,1,0
022_windex_bottle,s1_gate_010_022_windex_bottle_t13,complete_epi,210,0.901290,0.044213,8.198621e-06,1.418329e-05,6785,0.029475,4.739804e-06,0.058951,1.764292e-05,2.307971e+00,1406,1,0,1,1,0
022_windex_bottle,s1_gate_010_022_windex_bottle_t14,complete_epi,13,0.942909,0.044677,2.190714e-05,5.949281e-05,1090,0.029785,2.458521e-06,0.059570,7.283974e-05,0.000000e+00,97,1,0,1,1,0
022_windex_bottle,s1_gate_010_022_windex_bottle_t15,complete_epi,3,0.956117,0.041727,2.401832e-05,1.172809e-04,1015,0.027818,2.219769e-05,0.055636,5.758036e-05,0.000000e+00,155,1,0,1,1,0
022_windex_bottle,s1_gate_010_022_windex_bottle_t16,complete_epi,359,0.792983,0.040459,4.513786e-04,2.592686e-03,2677,0.026972,6.457332e-04,0.053945,4.394735e-04,2.068128e+00,747,1,0,1,1,0
022_windex_bottle,s1_gate_010_022_windex_bottle_t17,complete_epi,0,0.951346,0.042198,2.636771e-05,9.704764e-05,1082,0.028132,2.027870e-05,0.056264,5.176944e-05,0.000000e+00,123,1,0,1,1,0
022_windex_bottle,s1_gate_010_022_windex_bottle_t18,complete_epi,585,0.813782,0.040223,7.281853e-05,3.584362e-04,2954,0.026815,7.860040e-05,0.053630,5.237920e-05,1.704058e+00,522,1,0,1,1,0
022_windex_bottle,s1_gate_010_022_windex_bottle_t19,complete_epi,0,0.958545,0.042229,1.088416e-05,6.313783e-05,1752,0.028153,7.842103e-06,0.056305,2.250005e-05,6.898985e-01,402,1,0,1,1,0
006_mustard_bottle,s1_gate_020_006_mustard_bottle_t0,complete_epi,0,0.880305,0.031806,8.391756e-06,2.225363e-05,1786,0.021204,6.709083e-06,0.042408,9.995012e-06,1.595435e-01,225,1,0,1,1,1
006_mustard_bottle,s1_gate_020_006_mustard_bottle_t1,complete_epi,14,0.831809,0.031717,5.889892e-06,1.460217e-05,1492,0.021145,5.632504e-06,0.042290,7.040081e-06,2.083096e-01,277,1,0,1,1,1
006_mustard_bottle,s1_gate_020_006_mustard_bottle_t2,complete_epi,12,0.912785,0.030385,9.084185e-06,2.467718e-05,1488,0.020256,8.408475e-06,0.040513,9.527038e-06,5.419593e-01,277,1,0,1,1,1
006_mustard_bottle,s1_gate_020_006_mustard_bottle_t3,complete_epi,54,0.938344,0.032483,8.705565e-06,2.303245e-05,1740,0.021656,8.183184e-06,0.043311,8.724078e-06,7.710299e-01,515,1,0,1,1,0
006_mustard_bottle,s1_gate_020_006_mustard_bottle_t4,complete_epi,0,0.871852,0.032112,5.899907e-06,1.324451e-05,1501,0.021408,5.756589e-06,0.042816,5.622206e-06,3.163105e-01,290,1,0,1,1,1
006_mustard_bottle,s1_gate_020_006_mustard_bottle_t5,complete_epi,10,0.823516,0.032469,6.682887e-06,1.966829e-05,2068,0.021646,4.971657e-06,0.043292,1.192247e-05,3.156255e-01,440,1,0,1,1,1
006_mustard_bottle,s1_gate_020_006_mustard_bottle_t7,complete_epi,0,0.866397,0.032480,5.951215e-06,1.513109e-05,1451,0.021653,7.986700e-06,0.043307,5.195180e-06,1.358097e-01,227,1,0,1,1,1
006_mustard_bottle,s1_gate_020_006_mustard_bottle_t8,complete_epi,9,0.940457,0.029639,2.321402e-06,6.113881e-06,1624,0.019759,1.926278e-06,0.039518,2.478489e-06,1.986090e-01,578,1,0,1,1,1
006_mustard_bottle,s1_gate_020_006_mustard_bottle_t9,complete_epi,489,0.709538,0.032695,2.127788e-05,7.910982e-05,2012,0.021797,1.426427e-05,0.043593,2.827781e-05,1.023892e+00,687,1,0,1,1,1
006_mustard_bottle,s1_gate_020_006_mustard_bottle_t10,complete_epi,74,0.867220,0.031942,5.832116e-06,1.414856e-05,1712,0.021295,7.053949e-06,0.042589,4.949738e-06,6.243176e-01,432,1,0,1,1,1
006_mustard_bottle,s1_gate_020_006_mustard_bottle_t11,complete_epi,0,0.947376,0.019141,2.845433e-06,5.079288e-06,1617,0.012760,2.711690e-06,0.025521,2.778063e-06,3.803101e-01,703,1,0,1,1,1
006_mustard_bottle,s1_gate_020_006_mustard_bottle_t12,complete_epi,0,0.931027,0.031015,3.959031e-06,1.205294e-05,2027,0.020677,2.569174e-06,0.041354,4.882613e-06,4.913649e-01,771,1,0,1,1,1
006_mustard_bottle,s1_gate_020_006_mustard_bottle_t13,complete_epi,17,0.944748,0.020406,2.671750e-04,1.100256e-03,1644,0.013604,2.229876e-04,0.027208,2.069121e-04,2.215594e+00,849,1,0,1,1,0
006_mustard_bottle,s1_gate_020_006_mustard_bottle_t14,complete_epi,0,0.860163,0.031608,7.728167e-06,1.649395e-05,1490,0.021072,7.246097e-06,0.042144,8.041935e-06,1.986804e-01,253,1,0,1,1,1
006_mustard_bottle,s1_gate_020_006_mustard_bottle_t15,complete_epi,400,0.765569,0.032289,1.704781e-05,6.533550e-05,1967,0.021526,1.654982e-05,0.043052,1.895467e-05,9.830733e-01,646,1,0,1,1,1
006_mustard_bottle,s1_gate_020_006_mustard_bottle_t16,complete_epi,450,0.742627,0.052042,6.958685e-04,2.611306e-03,1380,0.034695,9.119370e-04,0.069390,6.781995e-04,1.678848e+00,52,1,0,1,1,0
006_mustard_bottle,s1_gate_020_006_mustard_bottle_t17,complete_epi,1,0.873753,0.033223,8.285574e-06,1.774590e-05,1999,0.022149,8.895526e-06,0.044298,7.494062e-06,6.060699e-01,403,1,0,1,1,1
006_mustard_bottle,s1_gate_020_006_mustard_bottle_t18,complete_epi,1,0.954578,0.029885,2.645851e-06,1.823254e-05,1960,0.019924,1.895818e-06,0.039847,3.268812e-06,4.351236e-02,516,1,0,1,1,1
006_mustard_bottle,s1_gate_020_006_mustard_bottle_t19,complete_epi,1272,0.413071,0.049566,2.231028e-05,1.918042e-05,2508,0.033044,1.483298e-05,0.066087,2.715205e-05,3.235822e-01,164,1,0,1,1,0
011_banana,s1_gate_020_011_banana_t0,complete_epi,1565,0.567710,0.032232,6.313151e-05,3.940207e-04,2370,0.021488,2.237286e-04,0.042976,5.887127e-05,1.162587e+00,521,1,0,1,1,0
011_banana,s1_gate_020_011_banana_t1,complete_epi,753,0.862656,0.031572,4.635230e-05,8.978280e-05,2828,0.021048,2.921500e-05,0.042096,6.338776e-05,1.224036e+00,849,1,0,1,1,1
011_banana,s1_gate_020_011_banana_t2,complete_epi,1261,0.742769,0.031908,1.263673e-05,3.694589e-05,1726,0.021272,1.868334e-05,0.042544,1.330992e-05,2.951243e-01,337,1,0,1,1,0
011_banana,s1_gate_020_011_banana_t3,complete_epi,1804,0.380504,0.031641,6.742210e-05,3.366042e-04,1511,0.021094,1.063640e-04,0.042188,6.183415e-05,5.805357e-01,453,1,0,1,1,0
011_banana,s1_gate_020_011_banana_t4,complete_epi,786,0.856202,0.032571,5.089249e-05,7.144021e-05,3128,0.021714,3.797040e-05,0.043428,8.178336e-05,7.698546e-01,645,1,0,1,1,0
011_banana,s1_gate_020_011_banana_t5,complete_epi,1949,0.043779,0.031734,6.136474e-04,2.382121e-03,2004,0.021156,7.036933e-04,0.042312,4.419213e-04,1.238707e+00,447,1,0,1,1,1
011_banana,s1_gate_020_011_banana_t6,complete_epi,0,0.981150,0.032876,1.729119e-05,9.322314e-05,3747,0.021917,8.815998e-06,0.043835,2.676939e-05,8.092045e-01,728,0,0,1,1,
011_banana,s1_gate_020_011_banana_t7,complete_epi,1005,0.815625,0.031245,1.195343e-04,3.948574e-04,1840,0.020830,6.906646e-04,0.041660,9.537501e-05,9.211781e-01,788,1,0,1,1,1
011_banana,s1_gate_020_011_banana_t8,complete_epi,462,0.885844,0.032366,2.733788e-05,1.427937e-04,3194,0.021577,1.527025e-05,0.043155,3.726671e-05,9.425450e-01,726,1,0,1,1,0
011_banana,s1_gate_020_011_banana_t9,complete_epi,1573,0.520841,0.032290,1.290976e-04,5.550427e-04,3786,0.021527,1.278718e-04,0.043054,1.609629e-04,8.988527e-01,638,1,0,1,1,1
011_banana,s1_gate_020_011_banana_t10,complete_epi,1749,0.272227,0.032991,3.740212e-05,1.388113e-04,1808,0.021994,5.678838e-05,0.043988,2.699841e-05,1.005289e+00,381,1,0,1,1,0
011_banana,s1_gate_020_011_banana_t11,complete_epi,766,0.832068,0.032505,3.692989e-05,1.865323e-04,1317,0.021670,3.337543e-05,0.043340,2.884067e-05,1.652945e-01,247,1,0,1,1,1
011_banana,s1_gate_020_011_banana_t12,complete_epi,1123,0.772257,0.031859,6.179660e-04,4.192654e-03,1405,0.021239,3.025020e-03,0.042479,2.621579e-04,1.160312e+00,499,1,0,1,1,1
011_banana,s1_gate_020_011_banana_t13,complete_epi,464,0.877416,0.031565,3.100949e-05,3.891632e-05,3671,0.021043,1.299679e-05,0.042086,6.287862e-05,3.927276e-01,473,1,0,1,1,1
011_banana,s1_gate_020_011_banana_t14,complete_epi,1525,0.588475,0.032980,1.471555e-04,1.007081e-03,1905,0.021986,8.202395e-04,0.043973,1.105689e-04,1.426545e+00,608,1,0,1,1,0
011_banana,s1_gate_020_011_banana_t15,complete_epi,1947,0.044670,0.030522,3.406738e-04,1.541096e-03,2014,0.020348,6.805074e-04,0.040696,2.228509e-04,3.186543e+00,1032,1,0,1,1,1
011_banana,s1_gate_020_011_banana_t16,complete_epi,1046,0.761980,0.032636,2.895350e-04,1.432759e-03,2057,0.021757,5.665756e-04,0.043515,1.501180e-04,2.091730e+00,421,1,0,1,1,0
011_banana,s1_gate_020_011_banana_t17,complete_epi,1884,0.142209,0.031999,2.881177e-04,1.451311e-03,1001,0.021332,3.765218e-04,0.042665,1.668496e-04,1.709794e-01,168,1,0,1,1,0
011_banana,s1_gate_020_011_banana_t18,complete_epi,535,0.900734,0.031076,9.787569e-05,1.963828e-04,2380,0.020717,1.700498e-04,0.041434,5.780893e-05,1.792125e+00,1303,1,0,1,1,1
011_banana,s1_gate_020_011_banana_t19,complete_epi,1553,0.573371,0.032101,4.949573e-06,2.039930e-05,2317,0.021401,3.773134e-06,0.042802,6.064505e-06,3.575513e-01,416,1,0,1,1,0
025_mug,s1_gate_030_025_mug_t0,complete_epi,186,0.864288,0.019955,2.580194e-06,5.325098e-06,482,0.013303,2.670704e-06,0.026607,2.415483e-06,2.485005e-01,188,1,0,1,1,1
025_mug,s1_gate_030_025_mug_t1,complete_epi,16,0.893188,0.028077,3.127291e-06,6.984150e-06,1092,0.018718,3.742202e-06,0.037437,2.722736e-06,9.980036e-02,80,1,0,1,1,1
025_mug,s1_gate_030_025_mug_t2,complete_epi,7,0.949320,0.019852,1.395068e-06,2.513953e-06,923,0.013235,1.073894e-06,0.026469,1.463528e-06,2.789365e-01,287,1,0,1,1,0
025_mug,s1_gate_030_025_mug_t3,complete_epi,25,0.932202,0.020293,1.825513e-06,4.488001e-06,211,0.013529,2.143258e-06,0.027058,1.685049e-06,1.377484e-02,49,1,0,1,1,1
025_mug,s1_gate_030_025_mug_t4,complete_epi,2,0.955258,0.021925,1.128265e-05,5.822975e-05,363,0.014617,5.588285e-05,0.029234,1.315867e-05,2.200388e-01,122,1,0,1,1,0
025_mug,s1_gate_030_025_mug_t5,complete_epi,57,0.850748,0.020445,2.430544e-06,1.017828e-05,340,0.013630,2.950694e-06,0.027260,3.328323e-06,2.085638e-01,198,1,0,1,1,0
025_mug,s1_gate_030_025_mug_t6,complete_epi,83,0.926945,0.020194,2.035662e-06,3.101029e-06,442,0.013463,2.151285e-06,0.026925,1.908056e-06,1.670945e-01,152,1,0,1,1,1
025_mug,s1_gate_030_025_mug_t7,complete_epi,16,0.929593,0.020147,2.309860e-06,4.253316e-06,996,0.013431,2.097697e-06,0.026863,2.479737e-06,3.337491e-01,274,1,0,1,1,1
025_mug,s1_gate_030_025_mug_t8,complete_epi,142,0.909525,0.024539,1.695426e-05,7.581356e-05,644,0.016359,1.345843e-05,0.032718,1.912118e-05,2.578614e-01,117,1,0,1,1,1
025_mug,s1_gate_030_025_mug_t9,complete_epi,72,0.929407,0.020779,1.361294e-06,2.918468e-06,731,0.013853,1.432141e-06,0.027706,1.549395e-06,3.315413e-01,340,1,0,1,1,1
025_mug,s1_gate_030_025_mug_t10,complete_epi,22,0.913579,0.014418,1.962066e-05,9.320249e-05,424,0.009612,4.992561e-05,0.019223,4.523406e-06,1.976151e+00,2593,1,0,1,1,0
025_mug,s1_gate_030_025_mug_t11,complete_epi,64,0.904400,0.021214,3.332954e-06,1.009036e-05,514,0.014143,3.143909e-06,0.028286,4.010479e-06,1.538057e-01,105,1,0,1,1,1
025_mug,s1_gate_030_025_mug_t12,complete_epi,38,0.943293,0.021718,1.416281e-05,4.035867e-05,503,0.014479,1.432370e-05,0.028958,1.487173e-05,3.131003e-01,146,1,0,1,1,1
025_mug,s1_gate_030_025_mug_t13,complete_epi,115,0.895738,0.020797,1.078794e-05,4.721418e-05,717,0.013865,2.362948e-05,0.027729,8.446174e-06,2.980173e-01,133,1,0,1,1,1
025_mug,s1_gate_030_025_mug_t14,complete_epi,77,0.836110,0.042225,1.166432e-03,4.749802e-03,881,0.028150,1.991820e-03,0.056300,9.015394e-04,2.798931e+00,112,1,0,1,1,0
025_mug,s1_gate_030_025_mug_t15,complete_epi,131,0.887792,0.019641,1.982095e-06,7.174606e-06,556,0.013094,1.293191e-06,0.026188,2.142363e-06,1.968607e-01,222,1,0,1,1,1
025_mug,s1_gate_030_025_mug_t16,complete_epi,289,0.745569,0.020156,2.839787e-06,5.268087e-06,594,0.013438,3.042459e-06,0.026875,2.695299e-06,2.689204e-01,222,1,0,1,1,1
025_mug,s1_gate_030_025_mug_t17,complete_epi,77,0.917830,0.019767,1.354152e-06,3.083591e-06,619,0.013178,1.091742e-06,0.026356,1.519381e-06,4.177760e-01,381,1,0,1,1,1
025_mug,s1_gate_030_025_mug_t18,complete_epi,369,0.893210,0.035067,1.038293e-04,5.180387e-04,2161,0.023378,3.040025e-04,0.046756,1.366976e-04,2.339474e+00,298,1,0,1,1,0
025_mug,s1_gate_030_025_mug_t19,complete_epi,172,0.906241,0.020608,6.184361e-07,2.092483e-06,168,0.013739,6.220537e-08,0.027477,8.704058e-07,0.000000e+00,39,1,0,1,1,0
051_large_clamp,s1_gate_030_051_large_clamp_t0,complete_epi,0,0.964591,0.029898,6.651683e-07,4.115701e-06,566,0.019932,0.000000e+00,0.039864,8.804454e-07,0.000000e+00,151,1,0,1,1,0
051_large_clamp,s1_gate_030_051_large_clamp_t1,complete_epi,1,0.971421,0.032471,1.189917e-05,3.725335e-05,1260,0.021647,1.001158e-05,0.043294,1.434149e-05,1.398495e-01,233,1,0,1,1,1
051_large_clamp,s1_gate_030_051_large_clamp_t2,complete_epi,2,0.978528,0.014445,7.790469e-05,3.309624e-04,1537,0.009630,1.173629e-04,0.019260,4.827988e-05,3.423359e+00,2411,1,0,1,1,0
051_large_clamp,s1_gate_030_051_large_clamp_t3,complete_epi,148,0.925571,0.031473,5.160203e-05,2.491001e-04,2333,0.020982,1.910379e-05,0.041963,4.822322e-05,8.140692e-01,417,1,0,1,1,1
051_large_clamp,s1_gate_030_051_large_clamp_t4,complete_epi,0,0.966059,0.032720,7.739531e-06,3.197215e-05,936,0.021813,6.542988e-06,0.043626,5.943354e-06,7.934059e-02,173,1,0,1,1,1
051_large_clamp,s1_gate_030_051_large_clamp_t5,complete_epi,9,0.953980,0.032535,1.661970e-05,7.761646e-05,1183,0.021690,2.868218e-05,0.043380,2.046211e-05,3.170586e-01,219,1,0,1,1,0
051_large_clamp,s1_gate_030_051_large_clamp_t6,complete_epi,1,0.966576,0.030040,0.000000e+00,0.000000e+00,546,0.020027,0.000000e+00,0.040053,4.577168e-07,0.000000e+00,142,1,0,1,1,0
051_large_clamp,s1_gate_030_051_large_clamp_t7,complete_epi,6,0.964645,0.032413,1.281716e-04,8.118739e-04,1303,0.021609,4.478049e-04,0.043217,4.042452e-05,4.784556e-01,261,1,0,1,1,1
051_large_clamp,s1_gate_030_051_large_clamp_t9,complete_epi,8,0.958189,0.031902,0.000000e+00,0.000000e+00,650,0.021268,0.000000e+00,0.042535,0.000000e+00,0.000000e+00,158,1,0,1,1,0
051_large_clamp,s1_gate_030_051_large_clamp_t10,complete_epi,130,0.943437,0.030382,2.021874e-05,1.221280e-04,1721,0.020254,1.618043e-05,0.040509,2.055755e-05,7.117047e-01,410,1,0,1,1,1
051_large_clamp,s1_gate_030_051_large_clamp_t11,complete_epi,109,0.934762,0.032120,7.207175e-05,2.540582e-04,789,0.021413,1.638628e-04,0.042826,4.387127e-05,1.717217e-01,149,1,0,1,1,1
051_large_clamp,s1_gate_030_051_large_clamp_t12,complete_epi,10,0.959701,0.030819,1.798697e-07,1.663817e-06,1250,0.020546,0.000000e+00,0.041092,4.651420e-07,0.000000e+00,225,1,0,1,1,1
051_large_clamp,s1_gate_030_051_large_clamp_t13,complete_epi,1,0.960753,0.024286,1.510772e-04,5.022418e-04,3677,0.016191,3.891416e-04,0.032382,7.655604e-05,1.509860e+00,751,1,0,1,1,1
051_large_clamp,s1_gate_030_051_large_clamp_t14,complete_epi,11,0.955707,0.029706,5.932626e-07,3.677970e-06,679,0.019804,0.000000e+00,0.039608,8.616238e-07,0.000000e+00,159,1,0,1,1,0
051_large_clamp,s1_gate_030_051_large_clamp_t15,complete_epi,36,0.958635,0.030138,6.102549e-06,1.323747e-05,1702,0.020092,5.669018e-06,0.040184,7.043192e-06,2.207564e-01,251,1,0,1,1,0
051_large_clamp,s1_gate_030_051_large_clamp_t16,complete_epi,0,0.969558,0.032935,8.029590e-06,3.427476e-05,1360,0.021957,1.874389e-05,0.043913,5.802819e-06,2.388293e-01,226,1,0,1,1,1
051_large_clamp,s1_gate_030_051_large_clamp_t17,complete_epi,92,0.927549,0.031695,0.000000e+00,0.000000e+00,640,0.021130,0.000000e+00,0.042260,7.548812e-08,0.000000e+00,143,1,0,1,1,1
051_large_clamp,s1_gate_030_051_large_clamp_t18,complete_epi,119,0.934009,0.026391,4.254177e-05,1.962047e-04,3377,0.017594,2.348354e-04,0.035188,1.791462e-05,1.302059e+00,949,1,0,1,1,0
051_large_clamp,s1_gate_030_051_large_clamp_t19,complete_epi,43,0.961259,0.030498,1.978041e-06,5.624328e-06,2476,0.020332,2.130203e-06,0.040664,2.609055e-06,3.926631e-01,396,1,0,1,1,0
022_windex_bottle,s1_gate_050_022_windex_bottle_t0,complete_epi,11,0.933630,0.044633,8.883324e-06,1.972736e-05,1501,0.029755,2.644090e-06,0.059510,3.328972e-05,2.859739e-01,242,1,0,1,1,0
022_windex_bottle,s1_gate_050_022_windex_bottle_t1,complete_epi,1,0.938455,0.039442,2.661941e-05,1.394434e-04,3123,0.026295,4.057930e-05,0.052590,4.048243e-05,8.808961e-01,468,1,0,1,1,1
022_windex_bottle,s1_gate_050_022_windex_bottle_t2,complete_epi,38,0.943641,0.044979,7.714759e-06,2.350563e-05,2916,0.029986,4.966144e-06,0.059972,1.653612e-05,5.691963e-01,314,1,0,1,1,0
022_windex_bottle,s1_gate_050_022_windex_bottle_t3,complete_epi,1,0.950502,0.042348,1.105070e-05,1.991312e-05,1372,0.028232,7.885402e-06,0.056463,4.784796e-05,1.997103e-01,230,1,0,1,1,0
022_windex_bottle,s1_gate_050_022_windex_bottle_t4,complete_epi,28,0.919550,0.042788,2.666387e-05,9.921881e-05,2876,0.028525,2.389124e-05,0.057050,4.673163e-05,2.588103e-01,73,1,0,1,1,0
022_windex_bottle,s1_gate_050_022_windex_bottle_t5,complete_epi,9,0.931143,0.040957,9.164220e-06,3.129557e-05,822,0.027305,1.385244e-06,0.054610,4.072161e-05,2.418262e-02,124,1,0,1,1,0
022_windex_bottle,s1_gate_050_022_windex_bottle_t6,complete_epi,0,0.960650,0.045106,3.474247e-05,2.729090e-05,1880,0.030070,1.786898e-05,0.060141,9.744224e-05,7.774623e-01,533,1,0,1,1,0
022_windex_bottle,s1_gate_050_022_windex_bottle_t7,complete_epi,0,0.924221,0.038694,1.637603e-05,5.025194e-05,2955,0.025796,2.043279e-05,0.051592,2.418751e-05,1.429113e-01,86,1,0,1,1,0
022_windex_bottle,s1_gate_050_022_windex_bottle_t8,complete_epi,629,0.737029,0.041249,6.114179e-06,1.272746e-05,4505,0.027499,2.546706e-06,0.054999,8.463765e-06,7.770478e-01,620,1,0,1,1,0
022_windex_bottle,s1_gate_050_022_windex_bottle_t9,complete_epi,294,0.843262,0.044371,7.277875e-06,2.301106e-05,4260,0.029580,4.085799e-06,0.059161,1.542479e-05,7.019200e-01,399,1,0,1,1,0
022_windex_bottle,s1_gate_050_022_windex_bottle_t10,complete_epi,0,0.923571,0.045040,8.462139e-05,4.389729e-04,2457,0.030027,5.130244e-05,0.060054,1.811329e-04,1.105238e+00,380,1,0,1,1,0
022_windex_bottle,s1_gate_050_022_windex_bottle_t11,complete_epi,23,0.921390,0.029267,3.266452e-06,5.060127e-06,1407,0.019511,2.146049e-06,0.039022,8.144560e-06,3.242142e-01,358,1,0,1,1,1
022_windex_bottle,s1_gate_050_022_windex_bottle_t12,complete_epi,1288,0.452673,0.038269,4.467105e-05,1.945785e-04,2265,0.025512,4.237642e-05,0.051025,4.196226e-05,1.385486e+00,451,1,0,1,1,0
022_windex_bottle,s1_gate_050_022_windex_bottle_t13,complete_epi,348,0.880775,0.044214,1.173898e-05,2.977740e-05,6310,0.029476,6.709602e-06,0.058952,2.380043e-05,7.892721e-01,427,1,0,1,1,1
022_windex_bottle,s1_gate_050_022_windex_bottle_t14,complete_epi,91,0.922904,0.044824,9.997968e-06,7.060636e-06,1198,0.029882,2.429272e-06,0.059765,5.358468e-05,0.000000e+00,95,1,0,1,1,0
022_windex_bottle,s1_gate_050_022_windex_bottle_t15,complete_epi,2,0.957230,0.041718,1.841922e-05,1.157109e-04,892,0.027812,1.156769e-05,0.055624,4.151276e-05,0.000000e+00,147,1,0,1,1,0
022_windex_bottle,s1_gate_050_022_windex_bottle_t16,complete_epi,81,0.847952,0.040427,2.911783e-04,1.949059e-03,2456,0.026952,4.370340e-04,0.053903,2.636299e-04,2.373224e+00,998,1,0,1,1,0
022_windex_bottle,s1_gate_050_022_windex_bottle_t17,complete_epi,6,0.940359,0.042198,1.805655e-05,9.670520e-05,1049,0.028132,1.665994e-05,0.056264,4.641989e-05,1.409996e-01,182,1,0,1,1,0
022_windex_bottle,s1_gate_050_022_windex_bottle_t18,complete_epi,752,0.762464,0.040223,1.898802e-05,1.078532e-04,4907,0.026815,8.848645e-06,0.053630,2.019521e-05,6.972005e-01,572,1,0,1,1,0
022_windex_bottle,s1_gate_050_022_windex_bottle_t19,complete_epi,0,0.959940,0.042212,1.201029e-05,6.329754e-05,1707,0.028141,1.102365e-05,0.056282,2.784241e-05,1.312516e-01,202,1,0,1,1,0
006_mustard_bottle,s1_gate_070_006_mustard_bottle_t0,complete_epi,0,0.869712,0.031806,7.280877e-06,1.934789e-05,1480,0.021204,7.320662e-06,0.042408,7.996575e-06,1.124309e-01,253,1,0,1,1,1
006_mustard_bottle,s1_gate_070_006_mustard_bottle_t1,complete_epi,3,0.836152,0.032385,5.845569e-06,1.506989e-05,1421,0.021590,5.193666e-06,0.043180,7.123063e-06,1.650073e-01,220,1,0,1,1,1
006_mustard_bottle,s1_gate_070_006_mustard_bottle_t3,complete_epi,5,0.824967,0.031715,6.108839e-06,1.358348e-05,1883,0.021143,6.093604e-06,0.042287,6.063880e-06,7.957398e-01,515,1,0,1,1,1
006_mustard_bottle,s1_gate_070_006_mustard_bottle_t4,complete_epi,0,0.905382,0.032342,6.620399e-06,1.359411e-05,1841,0.021561,6.842209e-06,0.043122,6.109991e-06,4.930587e-01,399,1,0,1,1,1
006_mustard_bottle,s1_gate_070_006_mustard_bottle_t5,complete_epi,18,0.832919,0.032453,8.509994e-06,1.966126e-05,1922,0.021635,6.601729e-06,0.043270,1.520287e-05,5.727691e-01,634,1,0,1,1,1
006_mustard_bottle,s1_gate_070_006_mustard_bottle_t7,complete_epi,0,0.854868,0.032440,6.590902e-06,1.665842e-05,1761,0.021626,6.976498e-06,0.043253,6.938196e-06,2.302023e-01,278,1,0,1,1,0
006_mustard_bottle,s1_gate_070_006_mustard_bottle_t8,complete_epi,28,0.931655,0.029699,1.902445e-06,5.877318e-06,1753,0.019800,1.607729e-06,0.039599,2.200064e-06,7.224626e-02,414,1,0,1,1,1
006_mustard_bottle,s1_gate_070_006_mustard_bottle_t9,complete_epi,43,0.924761,0.020369,8.120287e-07,5.393809e-06,1049,0.013579,3.665628e-07,0.027159,1.029548e-06,0.000000e+00,290,1,0,1,1,0
006_mustard_bottle,s1_gate_070_006_mustard_bottle_t10,complete_epi,288,0.842727,0.031938,5.941275e-06,1.737631e-05,1718,0.021292,6.536055e-06,0.042584,5.309231e-06,6.895915e-01,439,1,0,1,1,1
006_mustard_bottle,s1_gate_070_006_mustard_bottle_t11,complete_epi,69,0.937731,0.018945,3.957242e-05,1.537214e-04,1176,0.012630,5.667466e-05,0.025260,2.060187e-05,2.003892e+00,574,1,0,1,1,0
006_mustard_bottle,s1_gate_070_006_mustard_bottle_t12,complete_epi,0,0.916714,0.030773,5.178004e-06,2.521335e-05,1803,0.020515,4.055458e-06,0.041031,6.338968e-06,7.428819e-01,811,1,0,1,1,1
006_mustard_bottle,s1_gate_070_006_mustard_bottle_t13,complete_epi,332,0.772414,0.032279,1.600456e-05,6.603206e-05,2017,0.021520,1.224605e-05,0.043039,2.028609e-05,9.313800e-01,682,1,0,1,1,1
006_mustard_bottle,s1_gate_070_006_mustard_bottle_t14,complete_epi,0,0.867355,0.032734,9.570329e-06,2.452559e-05,1705,0.021823,8.783603e-06,0.043645,1.059340e-05,5.115318e-01,311,1,0,1,1,1
006_mustard_bottle,s1_gate_070_006_mustard_bottle_t15,complete_epi,36,0.950709,0.019328,1.586584e-05,4.211701e-05,2166,0.012885,1.848904e-05,0.025770,1.518796e-05,1.655728e+00,1411,1,0,1,1,0
006_mustard_bottle,s1_gate_070_006_mustard_bottle_t16,complete_epi,23,0.835257,0.031431,8.292725e-06,2.076924e-05,1686,0.020954,7.450743e-06,0.041909,1.029277e-05,5.862072e-01,288,1,0,1,1,1
006_mustard_bottle,s1_gate_070_006_mustard_bottle_t17,complete_epi,1,0.881284,0.033253,1.049043e-05,2.801031e-05,1976,0.022169,1.080835e-05,0.044337,9.621560e-06,3.439854e-01,296,1,0,1,1,1
006_mustard_bottle,s1_gate_070_006_mustard_bottle_t18,complete_epi,352,0.790445,0.047057,9.845099e-06,3.238809e-05,8306,0.031372,9.841873e-06,0.062743,1.333561e-05,6.664549e-01,639,1,0,1,1,1
006_mustard_bottle,s1_gate_070_006_mustard_bottle_t19,complete_epi,361,0.847436,0.031256,3.968452e-06,7.376519e-06,1628,0.020837,4.117138e-06,0.041674,3.563562e-06,6.595377e-01,470,1,0,1,1,1
011_banana,s1_gate_070_011_banana_t0,complete_epi,1683,0.452231,0.032232,4.451127e-05,2.970477e-04,1938,0.021488,8.124545e-05,0.042976,4.878462e-05,1.064938e+00,491,1,0,1,1,0
011_banana,s1_gate_070_011_banana_t1,complete_epi,1428,0.597659,0.031774,8.944944e-05,4.272585e-04,3370,0.021183,8.556797e-05,0.042366,1.024874e-04,7.737422e-01,567,1,0,1,1,1
011_banana,s1_gate_070_011_banana_t2,complete_epi,1479,0.651111,0.031900,1.176654e-05,3.401370e-05,2025,0.021267,1.834563e-05,0.042534,1.278809e-05,4.798479e-01,539,1,0,1,1,1
011_banana,s1_gate_070_011_banana_t3,complete_epi,1791,0.391539,0.031598,6.432592e-05,3.484598e-04,1468,0.021065,1.384018e-04,0.042131,6.481287e-05,7.189167e-01,537,1,0,1,1,1
011_banana,s1_gate_070_011_banana_t4,complete_epi,916,0.835120,0.033096,5.669926e-05,9.409134e-05,3020,0.022064,3.960149e-05,0.044128,8.521459e-05,7.490784e-01,558,1,0,1,1,0
011_banana,s1_gate_070_011_banana_t5,complete_epi,1976,0.034265,0.031778,4.787903e-04,2.007412e-03,1835,0.021185,6.086872e-04,0.042371,3.570233e-04,3.565576e+00,1011,1,0,1,1,1
011_banana,s1_gate_070_011_banana_t6,complete_epi,1922,0.069542,0.032867,5.807993e-05,2.862819e-04,2267,0.021911,6.642569e-05,0.043823,4.928642e-05,1.324382e+00,621,1,0,1,1,1
011_banana,s1_gate_070_011_banana_t7,complete_epi,644,0.894603,0.031674,4.579906e-05,4.307703e-05,2700,0.021116,2.409259e-05,0.042232,5.901730e-05,6.028320e-01,533,1,0,1,1,1
011_banana,s1_gate_070_011_banana_t8,complete_epi,640,0.865373,0.031595,1.230823e-05,3.369002e-05,2034,0.021063,4.015394e-05,0.042126,1.053252e-05,4.808540e-01,475,1,0,1,1,1
011_banana,s1_gate_070_011_banana_t9,complete_epi,1352,0.688014,0.032227,1.322193e-04,1.616991e-04,3881,0.021485,9.869139e-05,0.042970,1.593920e-04,8.348997e-01,757,1,0,1,1,1
011_banana,s1_gate_070_011_banana_t10,complete_epi,1793,0.249875,0.032932,2.629708e-05,1.619254e-04,1590,0.021954,2.996736e-05,0.043909,2.360583e-05,1.413000e-02,81,1,0,1,1,0
011_banana,s1_gate_070_011_banana_t11,complete_epi,1255,0.704672,0.032599,1.662712e-05,3.394326e-05,1619,0.021733,1.330307e-05,0.043465,2.232840e-05,1.500397e-02,212,1,0,1,1,0
011_banana,s1_gate_070_011_banana_t12,complete_epi,1382,0.688376,0.031806,8.428783e-05,6.604575e-05,2689,0.021204,1.094203e-04,0.042409,7.857807e-05,9.278402e-01,736,1,0,1,1,1
011_banana,s1_gate_070_011_banana_t13,complete_epi,1714,0.372596,0.031229,2.625234e-04,1.354949e-03,2483,0.020819,3.635777e-04,0.041639,2.368840e-04,7.035990e-01,509,1,0,1,1,0
011_banana,s1_gate_070_011_banana_t14,complete_epi,1718,0.392615,0.032164,1.001002e-04,6.280057e-04,2711,0.021443,1.925948e-04,0.042886,9.919165e-05,1.459208e+00,720,1,0,1,1,0
011_banana,s1_gate_070_011_banana_t15,complete_epi,0,0.984039,0.030508,1.490372e-05,7.563446e-05,2854,0.020339,6.384611e-06,0.040677,2.852951e-05,3.891253e-01,310,0,0,1,1,
011_banana,s1_gate_070_011_banana_t16,complete_epi,1278,0.684082,0.032635,4.650816e-05,1.706206e-04,2232,0.021757,5.214932e-05,0.043513,5.383604e-05,1.269090e+00,754,1,0,1,1,1
011_banana,s1_gate_070_011_banana_t17,complete_epi,1944,0.045045,0.031994,2.814694e-05,2.041946e-04,4324,0.021329,1.035553e-05,0.042659,5.436952e-05,4.948132e-01,510,1,0,1,1,0
011_banana,s1_gate_070_011_banana_t18,complete_epi,609,0.871014,0.031037,1.277248e-05,1.783658e-05,3198,0.020691,1.245782e-05,0.041383,1.220987e-05,3.150078e-01,368,1,0,1,1,1
011_banana,s1_gate_070_011_banana_t19,complete_epi,1657,0.476179,0.032089,4.844900e-06,2.031507e-05,2271,0.021393,3.689568e-06,0.042785,6.034287e-06,9.772521e-02,241,1,0,1,1,0
025_mug,s2_gate_off_025_mug_t0,complete_only,60,0.925674,0.020731,5.543388e-06,2.063842e-05,458,0.013821,7.657847e-06,0.027641,5.805428e-06,1.535239e-01,105,1,0,1,1,1
025_mug,s2_gate_off_025_mug_t1,complete_only,56,0.928212,0.020520,1.855241e-05,6.740134e-05,365,0.013680,1.171837e-05,0.027360,2.160426e-05,4.370575e-01,148,1,0,1,1,1
025_mug,s2_gate_off_025_mug_t2,complete_only,288,0.828271,0.020257,1.570046e-05,6.128545e-05,803,0.013505,3.804677e-05,0.027009,1.168087e-05,2.723756e-01,234,1,0,1,1,1
025_mug,s2_gate_off_025_mug_t3,complete_only,363,0.860815,0.022138,8.411571e-04,2.566317e-03,153,0.014758,2.190800e-03,0.029517,3.313487e-04,9.064561e-01,292,1,0,1,1,0
025_mug,s2_gate_off_025_mug_t4,complete_only,44,0.938453,0.020697,1.054956e-05,6.006991e-05,486,0.013798,6.477149e-06,0.027596,1.359347e-05,2.204352e-01,121,1,0,1,1,1
025_mug,s2_gate_off_025_mug_t5,complete_only,40,0.940023,0.020874,9.672906e-07,1.814678e-06,631,0.013916,1.128284e-06,0.027831,1.108349e-06,1.435666e-01,193,1,0,1,1,1
025_mug,s2_gate_off_025_mug_t6,complete_only,100,0.911550,0.024683,4.325853e-06,2.022550e-05,601,0.016456,3.427330e-06,0.032911,4.859911e-06,2.992053e-01,161,1,0,1,1,0
025_mug,s2_gate_off_025_mug_t7,complete_only,58,0.918627,0.021214,1.801331e-05,8.515374e-05,710,0.014143,1.230874e-05,0.028285,1.798370e-05,5.638398e-01,249,1,0,1,1,1
025_mug,s2_gate_off_025_mug_t8,complete_only,23,0.939541,0.020543,4.348669e-05,2.331038e-04,380,0.013695,2.063445e-04,0.027391,3.552233e-05,6.212932e-01,181,1,0,1,1,1
025_mug,s2_gate_off_025_mug_t9,complete_only,88,0.934742,0.021146,1.001256e-05,2.248960e-05,495,0.014098,9.960442e-06,0.028195,9.883313e-06,2.867398e-01,153,1,0,1,1,1
025_mug,s2_gate_off_025_mug_t10,complete_only,9,0.919718,0.027198,2.278132e-06,4.305987e-06,749,0.018132,2.243609e-06,0.036264,2.333889e-06,2.248387e-01,170,1,0,1,1,1
025_mug,s2_gate_off_025_mug_t11,complete_only,117,0.910122,0.019841,2.804108e-06,4.839873e-06,428,0.013228,5.160255e-06,0.026455,2.559264e-06,1.670782e-01,129,1,0,1,1,1
025_mug,s2_gate_off_025_mug_t12,complete_only,91,0.928960,0.024274,9.542905e-06,3.040667e-05,839,0.016183,5.972535e-06,0.032365,1.241054e-05,3.471389e-01,201,1,0,1,1,1
025_mug,s2_gate_off_025_mug_t13,complete_only,3,0.957126,0.022010,6.448294e-06,1.837981e-05,547,0.014674,8.572316e-06,0.029347,6.422274e-06,1.739988e-01,117,1,0,1,1,0
025_mug,s2_gate_off_025_mug_t14,complete_only,43,0.935707,0.020056,5.781531e-05,2.158436e-04,430,0.013371,7.371829e-05,0.026742,3.130512e-05,8.606352e-01,162,1,0,1,1,1
025_mug,s2_gate_off_025_mug_t15,complete_only,119,0.848163,0.020458,1.478834e-06,2.732054e-06,953,0.013639,1.038071e-06,0.027278,2.787425e-06,0.000000e+00,106,1,0,1,1,1
025_mug,s2_gate_off_025_mug_t17,complete_only,93,0.908168,0.019566,6.241324e-06,2.500023e-05,369,0.013044,2.512675e-05,0.026088,3.632952e-06,2.115225e-01,133,1,0,1,1,1
025_mug,s2_gate_off_025_mug_t18,complete_only,30,0.892234,0.020113,2.840006e-06,6.060488e-06,495,0.013409,3.627108e-06,0.026818,2.683733e-06,2.778633e-01,195,1,0,1,1,1
025_mug,s2_gate_off_025_mug_t19,complete_only,73,0.921620,0.021227,3.433221e-06,7.993350e-06,617,0.014151,3.553511e-06,0.028303,3.339316e-06,3.617353e-01,249,1,0,1,1,0
051_large_clamp,s2_gate_off_051_large_clamp_t0,complete_only,2,0.952644,0.030638,0.000000e+00,0.000000e+00,883,0.020425,0.000000e+00,0.040851,1.218330e-07,0.000000e+00,206,1,0,1,1,0
051_large_clamp,s2_gate_off_051_large_clamp_t1,complete_only,0,0.967197,0.029115,0.000000e+00,0.000000e+00,594,0.019410,0.000000e+00,0.038820,0.000000e+00,0.000000e+00,165,1,0,1,1,0
051_large_clamp,s2_gate_off_051_large_clamp_t2,complete_only,3,0.972238,0.033752,7.860377e-06,1.491068e-05,3092,0.022502,8.828994e-06,0.045003,1.731654e-05,1.151814e-01,265,1,0,1,1,1
051_large_clamp,s2_gate_off_051_large_clamp_t3,complete_only,6,0.949145,0.031799,3.990187e-06,8.796557e-06,1249,0.021199,3.404912e-06,0.042398,1.032004e-05,0.000000e+00,152,1,0,1,1,1
051_large_clamp,s2_gate_off_051_large_clamp_t4,complete_only,9,0.947839,0.040344,1.054068e-06,7.388879e-06,1272,0.026896,1.496097e-06,0.053793,2.436172e-06,1.410172e-01,229,1,0,1,1,0
051_large_clamp,s2_gate_off_051_large_clamp_t5,complete_only,11,0.955463,0.031827,0.000000e+00,0.000000e+00,730,0.021218,0.000000e+00,0.042436,1.616711e-06,0.000000e+00,172,1,0,1,1,0
051_large_clamp,s2_gate_off_051_large_clamp_t6,complete_only,6,0.969133,0.030886,6.625726e-06,6.507731e-06,1061,0.020591,3.766047e-06,0.041182,7.317699e-06,0.000000e+00,155,1,0,1,1,0
051_large_clamp,s2_gate_off_051_large_clamp_t7,complete_only,34,0.954392,0.030755,2.458313e-06,1.012352e-05,2571,0.020503,2.750474e-06,0.041007,2.813189e-06,5.390351e-01,530,1,0,1,1,1
051_large_clamp,s2_gate_off_051_large_clamp_t8,complete_only,0,0.967213,0.029256,0.000000e+00,0.000000e+00,677,0.019504,0.000000e+00,0.039008,0.000000e+00,0.000000e+00,171,1,0,1,1,0
051_large_clamp,s2_gate_off_051_large_clamp_t9,complete_only,2,0.941935,0.030810,0.000000e+00,0.000000e+00,1063,0.020540,0.000000e+00,0.041080,1.147567e-07,0.000000e+00,239,1,0,1,1,1
051_large_clamp,s2_gate_off_051_large_clamp_t10,complete_only,296,0.892377,0.040683,9.326137e-04,5.602870e-03,6502,0.027122,3.149641e-03,0.054245,2.177752e-04,7.739780e+00,2525,1,0,1,1,0
051_large_clamp,s2_gate_off_051_large_clamp_t11,complete_only,53,0.929084,0.031507,0.000000e+00,0.000000e+00,672,0.021005,0.000000e+00,0.042010,1.269673e-06,0.000000e+00,140,1,0,1,1,0
051_large_clamp,s2_gate_off_051_large_clamp_t12,complete_only,2,0.962533,0.031168,0.000000e+00,0.000000e+00,1201,0.020779,0.000000e+00,0.041558,2.368598e-07,0.000000e+00,239,1,0,1,1,1
051_large_clamp,s2_gate_off_051_large_clamp_t13,complete_only,4,0.957991,0.032170,5.523525e-04,2.691334e-03,1319,0.021447,1.044590e-03,0.042894,1.118882e-04,1.797868e+00,857,1,0,1,1,1
051_large_clamp,s2_gate_off_051_large_clamp_t15,complete_only,0,0.971478,0.033314,4.844575e-06,1.774984e-05,2336,0.022209,2.938089e-06,0.044418,9.788204e-06,3.504741e-01,371,1,0,1,1,0
051_large_clamp,s2_gate_off_051_large_clamp_t16,complete_only,0,0.970945,0.031854,3.571686e-06,1.445918e-05,2713,0.021236,1.185476e-06,0.042471,8.067492e-06,4.532657e-01,526,1,0,1,1,1
051_large_clamp,s2_gate_off_051_large_clamp_t17,complete_only,136,0.934634,0.030379,0.000000e+00,0.000000e+00,651,0.020253,0.000000e+00,0.040505,0.000000e+00,0.000000e+00,169,1,0,1,1,0
051_large_clamp,s2_gate_off_051_large_clamp_t18,complete_only,2,0.965899,0.032406,2.934345e-04,2.015591e-03,1303,0.021604,2.060503e-03,0.043208,3.107770e-05,4.021318e-01,273,1,0,1,1,0
051_large_clamp,s2_gate_off_051_large_clamp_t19,complete_only,96,0.946281,0.030329,5.023778e-06,9.710353e-06,2003,0.020219,6.566871e-06,0.040438,5.860110e-06,3.074242e-01,259,1,0,1,1,0
022_windex_bottle,s2_gate_010_022_windex_bottle_t0,complete_epi,435,0.824316,0.038365,1.461128e-03,4.472981e-03,1019,0.025577,1.502387e-03,0.051154,6.669932e-04,3.403842e-01,18,1,0,1,1,0
022_windex_bottle,s2_gate_010_022_windex_bottle_t1,complete_epi,32,0.933171,0.045672,1.233654e-05,3.145134e-05,5215,0.030448,6.806702e-06,0.060897,1.768370e-05,5.555272e-01,307,1,0,1,1,0
022_windex_bottle,s2_gate_010_022_windex_bottle_t2,complete_epi,5,0.930244,0.032176,5.553440e-05,2.644088e-04,982,0.021451,6.078942e-05,0.042901,7.589520e-05,1.469700e-01,244,1,0,1,1,0
022_windex_bottle,s2_gate_010_022_windex_bottle_t3,complete_epi,0,0.959783,0.040599,1.861930e-05,1.476138e-04,2234,0.027066,2.193511e-05,0.054132,3.776504e-05,3.567902e-01,313,1,0,1,1,0
022_windex_bottle,s2_gate_010_022_windex_bottle_t4,complete_epi,61,0.918193,0.041769,4.376353e-06,8.774716e-06,4413,0.027846,3.675821e-06,0.055693,9.047539e-06,8.834838e-01,640,1,0,1,1,0
022_windex_bottle,s2_gate_010_022_windex_bottle_t5,complete_epi,533,0.798206,0.039743,6.461297e-04,2.645500e-03,378,0.026495,1.103960e-04,0.052991,3.983520e-04,1.342077e-01,25,1,0,1,1,0
022_windex_bottle,s2_gate_010_022_windex_bottle_t6,complete_epi,49,0.929399,0.029330,2.625811e-05,3.495296e-05,1519,0.019553,4.423187e-05,0.039107,3.516856e-05,3.299051e-01,363,1,0,1,1,0
022_windex_bottle,s2_gate_010_022_windex_bottle_t7,complete_epi,0,0.951473,0.041998,2.395548e-05,1.152744e-04,1450,0.027999,1.741972e-05,0.055998,4.724273e-05,6.876550e-03,84,1,0,1,1,0
022_windex_bottle,s2_gate_010_022_windex_bottle_t8,complete_epi,40,0.944823,0.045697,1.021332e-05,2.853759e-05,5164,0.030465,4.726598e-06,0.060930,1.659941e-05,9.961507e-01,686,1,0,1,1,0
022_windex_bottle,s2_gate_010_022_windex_bottle_t9,complete_epi,1292,0.483006,0.038605,3.796177e-05,1.571551e-04,3259,0.025736,4.751924e-05,0.051473,4.088420e-05,1.794260e+00,783,1,0,1,1,0
022_windex_bottle,s2_gate_010_022_windex_bottle_t10,complete_epi,1,0.936010,0.045077,2.740454e-05,1.704610e-04,936,0.030051,7.405166e-06,0.060103,8.067469e-05,6.953157e-02,169,1,0,1,1,0
022_windex_bottle,s2_gate_010_022_windex_bottle_t11,complete_epi,7,0.938865,0.042348,1.430777e-05,1.283342e-04,965,0.028232,9.027989e-06,0.056463,5.561099e-05,1.509354e-01,223,1,0,1,1,0
022_windex_bottle,s2_gate_010_022_windex_bottle_t12,complete_epi,158,0.864972,0.040899,1.044175e-05,2.953196e-05,4853,0.027266,7.746040e-06,0.054532,1.575649e-05,2.425399e-01,209,1,0,1,1,0
022_windex_bottle,s2_gate_010_022_windex_bottle_t13,complete_epi,0,0.940733,0.040940,2.970932e-05,9.676902e-05,2174,0.027293,3.055612e-05,0.054586,4.630575e-05,2.889339e-01,67,1,0,1,1,0
022_windex_bottle,s2_gate_010_022_windex_bottle_t14,complete_epi,187,0.872314,0.041959,4.220772e-06,1.159297e-05,5483,0.027973,2.884358e-06,0.055946,8.224574e-06,1.536798e+00,1039,1,0,1,1,0
022_windex_bottle,s2_gate_010_022_windex_bottle_t15,complete_epi,4,0.915408,0.032184,1.411411e-04,5.390267e-04,1049,0.021456,9.126970e-05,0.042912,1.649723e-04,9.304953e-01,463,1,0,1,1,0
022_windex_bottle,s2_gate_010_022_windex_bottle_t16,complete_epi,4,0.945010,0.039748,1.772374e-04,9.802321e-04,1052,0.026499,1.057903e-04,0.052998,2.306782e-04,1.022306e+00,291,1,0,1,1,0
022_windex_bottle,s2_gate_010_022_windex_bottle_t17,complete_epi,4,0.946477,0.043752,1.483045e-05,6.884861e-05,1039,0.029168,1.861289e-07,0.058336,3.555929e-05,0.000000e+00,144,1,0,1,1,0
022_windex_bottle,s2_gate_010_022_windex_bottle_t18,complete_epi,0,0.927221,0.039318,8.286744e-05,5.524188e-04,2207,0.026212,1.339353e-04,0.052424,5.494416e-05,1.866418e+00,1092,1,0,1,1,1
022_windex_bottle,s2_gate_010_022_windex_bottle_t19,complete_epi,0,0.964675,0.043261,3.232324e-05,1.571741e-04,1678,0.028841,1.073639e-05,0.057681,7.992902e-05,4.177014e-01,301,1,0,1,1,0
006_mustard_bottle,s2_gate_020_006_mustard_bottle_t0,complete_epi,0,0.920706,0.032013,1.538349e-05,2.466174e-05,2108,0.021342,3.545535e-06,0.042684,2.026823e-05,5.844441e-01,751,1,0,1,1,1
006_mustard_bottle,s2_gate_020_006_mustard_bottle_t1,complete_epi,143,0.839113,0.031276,1.234988e-05,2.743539e-05,1485,0.020851,1.009920e-05,0.041702,1.399864e-05,6.639162e-01,276,1,0,1,1,1
006_mustard_bottle,s2_gate_020_006_mustard_bottle_t2,complete_epi,1,0.917024,0.029893,9.392132e-06,4.103914e-05,1354,0.019928,8.078815e-06,0.039857,9.417769e-06,7.403332e-01,283,1,0,1,1,1
006_mustard_bottle,s2_gate_020_006_mustard_bottle_t3,complete_epi,0,0.928530,0.032132,5.833496e-06,1.132364e-05,1549,0.021421,5.997580e-06,0.042842,5.543780e-06,4.758081e-01,393,1,0,1,1,1
006_mustard_bottle,s2_gate_020_006_mustard_bottle_t4,complete_epi,12,0.894449,0.030816,1.540845e-05,4.205219e-05,1681,0.020544,1.337429e-05,0.041088,1.663393e-05,8.959132e-01,356,1,0,1,1,1
006_mustard_bottle,s2_gate_020_006_mustard_bottle_t5,complete_epi,83,0.804299,0.031938,1.932520e-05,6.317607e-05,1981,0.021292,1.046565e-05,0.042584,2.489521e-05,1.191634e+00,911,1,0,1,1,1
006_mustard_bottle,s2_gate_020_006_mustard_bottle_t6,complete_epi,25,0.906417,0.031763,3.449705e-06,6.272161e-06,1908,0.021175,3.468557e-06,0.042351,3.131451e-06,9.385919e-01,665,1,0,1,1,1
006_mustard_bottle,s2_gate_020_006_mustard_bottle_t7,complete_epi,0,0.893598,0.031078,6.390426e-06,1.574681e-05,1485,0.020719,7.038489e-06,0.041438,5.484069e-06,5.427059e-01,371,1,0,1,1,1
006_mustard_bottle,s2_gate_020_006_mustard_bottle_t8,complete_epi,24,0.858428,0.031682,9.952992e-06,3.010820e-05,1573,0.021122,8.542876e-06,0.042243,1.144308e-05,6.304741e-01,277,1,0,1,1,1
006_mustard_bottle,s2_gate_020_006_mustard_bottle_t9,complete_epi,0,0.931726,0.031111,7.175013e-06,2.788444e-05,1945,0.020741,5.804975e-06,0.041481,1.013156e-05,6.598419e-01,768,1,0,1,1,1
006_mustard_bottle,s2_gate_020_006_mustard_bottle_t10,complete_epi,35,0.895545,0.033375,1.080638e-05,3.040468e-05,2078,0.022250,8.687740e-06,0.044500,1.303244e-05,4.180119e-01,287,1,0,1,1,1
006_mustard_bottle,s2_gate_020_006_mustard_bottle_t11,complete_epi,0,0.921066,0.032435,1.126691e-05,2.968566e-05,1971,0.021623,1.277293e-05,0.043246,1.098024e-05,5.961206e-01,371,1,0,1,1,1
006_mustard_bottle,s2_gate_020_006_mustard_bottle_t12,complete_epi,55,0.858221,0.045214,2.088867e-05,1.204355e-04,5472,0.030143,1.573879e-05,0.060286,2.830333e-05,1.098112e+00,626,1,0,1,1,1
006_mustard_bottle,s2_gate_020_006_mustard_bottle_t13,complete_epi,0,0.883526,0.032758,5.620184e-06,1.218939e-05,1896,0.021839,5.143889e-06,0.043678,5.681275e-06,6.293705e-01,460,1,0,1,1,1
006_mustard_bottle,s2_gate_020_006_mustard_bottle_t14,complete_epi,29,0.885631,0.031637,8.862767e-06,2.435539e-05,2064,0.021092,7.305926e-06,0.042183,1.007791e-05,7.483158e-01,352,1,0,1,1,1
006_mustard_bottle,s2_gate_020_006_mustard_bottle_t15,complete_epi,49,0.830269,0.057720,1.491918e-04,7.010686e-04,8746,0.038480,8.421306e-05,0.076960,2.334954e-04,4.787833e-01,113,1,0,1,1,0
006_mustard_bottle,s2_gate_020_006_mustard_bottle_t16,complete_epi,8,0.904007,0.029973,3.288503e-06,1.590544e-05,1702,0.019982,2.890562e-06,0.039963,3.934679e-06,1.748764e-01,426,1,0,1,1,1
006_mustard_bottle,s2_gate_020_006_mustard_bottle_t17,complete_epi,298,0.927216,0.026803,9.473117e-04,2.423495e-03,1101,0.017869,8.144181e-04,0.035738,1.068017e-03,4.172228e+00,234,1,0,1,1,0
006_mustard_bottle,s2_gate_020_006_mustard_bottle_t18,complete_epi,40,0.817079,0.032296,7.887759e-06,1.775974e-05,1815,0.021530,7.020362e-06,0.043061,8.879037e-06,3.899010e-01,332,1,0,1,1,1
006_mustard_bottle,s2_gate_020_006_mustard_bottle_t19,complete_epi,168,0.881838,0.030892,4.133628e-06,8.015741e-06,1653,0.020595,4.346994e-06,0.041189,3.688260e-06,2.743936e-01,243,1,0,1,1,1
011_banana,s2_gate_020_011_banana_t0,complete_epi,1583,0.574464,0.032968,2.238859e-04,1.597145e-03,2009,0.021979,6.452785e-04,0.043957,1.732586e-04,8.330958e-01,518,1,0,1,1,0
011_banana,s2_gate_020_011_banana_t1,complete_epi,1454,0.648236,0.032063,1.405890e-05,3.815621e-05,1726,0.021375,3.090614e-05,0.042750,1.497452e-05,2.196798e-01,247,1,0,1,1,0
011_banana,s2_gate_020_011_banana_t2,complete_epi,1097,0.744707,0.032205,3.913887e-05,1.727245e-04,3423,0.021470,4.375133e-05,0.042939,3.954407e-05,1.207667e+00,704,1,0,1,1,0
011_banana,s2_gate_020_011_banana_t3,complete_epi,738,0.866200,0.033014,5.771129e-05,3.121461e-04,2242,0.022010,2.771810e-04,0.044019,5.531038e-05,1.393462e+00,810,1,0,1,1,0
011_banana,s2_gate_020_011_banana_t4,complete_epi,1314,0.680577,0.030632,3.920671e-05,1.799101e-04,1712,0.020421,3.790471e-05,0.040842,4.661355e-05,6.817379e-01,444,1,0,1,1,1
011_banana,s2_gate_020_011_banana_t5,complete_epi,1800,0.311029,0.031654,3.732187e-04,2.454715e-03,1611,0.021102,2.399190e-03,0.042205,3.053150e-04,5.622822e-01,227,1,0,1,1,0
011_banana,s2_gate_020_011_banana_t6,complete_epi,63,0.929442,0.032363,1.652867e-05,6.732639e-05,4549,0.021575,2.058033e-05,0.043150,1.177419e-05,1.688821e+00,1301,1,0,1,1,1
011_banana,s2_gate_020_011_banana_t7,complete_epi,1436,0.523875,0.033502,6.164389e-06,1.246267e-05,2486,0.022335,6.799974e-06,0.044670,6.068832e-06,9.250738e-01,810,1,0,1,1,1
011_banana,s2_gate_020_011_banana_t8,complete_epi,1593,0.558426,0.031533,9.081375e-05,4.283666e-04,1260,0.021022,2.810777e-04,0.042044,5.238861e-05,5.302355e-01,375,1,0,1,1,0
011_banana,s2_gate_020_011_banana_t9,complete_epi,1020,0.805801,0.031879,8.067823e-05,1.506167e-04,2192,0.021253,8.396132e-05,0.042506,5.657539e-05,8.415852e-01,581,1,0,1,1,1
011_banana,s2_gate_020_011_banana_t10,complete_epi,1820,0.270878,0.030911,2.331376e-04,9.343413e-04,1572,0.020607,3.387907e-04,0.041215,1.402582e-04,7.800208e-01,245,1,0,1,1,0
011_banana,s2_gate_020_011_banana_t11,complete_epi,1906,0.119550,0.031383,4.783645e-04,1.937415e-03,1768,0.020922,7.693606e-04,0.041844,3.171887e-04,1.372458e+00,877,1,0,1,1,1
011_banana,s2_gate_020_011_banana_t12,complete_epi,667,0.869321,0.031301,2.804263e-05,1.638447e-04,1668,0.020867,8.462405e-05,0.041734,1.623586e-05,7.913839e-01,636,1,0,1,1,0
011_banana,s2_gate_020_011_banana_t13,complete_epi,957,0.829762,0.032319,3.659166e-05,1.542604e-04,2968,0.021546,2.072238e-05,0.043092,5.526652e-05,6.630114e-01,603,1,0,1,1,0
011_banana,s2_gate_020_011_banana_t14,complete_epi,1367,0.726622,0.031683,3.726922e-05,1.602976e-04,1451,0.021122,8.352895e-05,0.042244,2.588914e-05,4.028915e-01,344,1,0,1,1,0
011_banana,s2_gate_020_011_banana_t15,complete_epi,1257,0.730268,0.032577,2.075281e-05,4.862324e-05,2929,0.021718,1.638591e-05,0.043436,2.590779e-05,3.223860e-01,408,1,0,1,1,1
011_banana,s2_gate_020_011_banana_t16,complete_epi,1704,0.389601,0.033603,1.110359e-04,5.869686e-04,2088,0.022402,1.768600e-04,0.044804,6.042132e-05,1.465602e+00,928,1,0,1,1,0
011_banana,s2_gate_020_011_banana_t17,complete_epi,1882,0.211296,0.030476,2.115351e-04,1.050787e-03,1692,0.020317,1.819462e-04,0.040635,1.621816e-04,6.357591e-01,648,1,0,1,1,1
011_banana,s2_gate_020_011_banana_t18,complete_epi,732,0.847895,0.031428,1.688533e-05,4.344894e-05,2633,0.020952,1.311383e-05,0.041904,3.665031e-05,5.135958e-01,401,1,0,1,1,0
011_banana,s2_gate_020_011_banana_t19,complete_epi,1596,0.456681,0.032501,4.567251e-05,1.289330e-04,1978,0.021667,5.904904e-05,0.043335,3.140718e-05,9.473932e-01,509,1,0,1,1,0
025_mug,s2_gate_030_025_mug_t0,complete_epi,103,0.914384,0.020731,1.246140e-05,2.448250e-05,434,0.013821,1.754734e-05,0.027641,1.057583e-05,1.844401e-01,105,1,0,1,1,1
025_mug,s2_gate_030_025_mug_t1,complete_epi,48,0.933930,0.020170,2.417624e-05,1.284658e-04,483,0.013447,2.237327e-05,0.026894,2.905428e-05,4.640926e-01,177,1,0,1,1,1
025_mug,s2_gate_030_025_mug_t3,complete_epi,6,0.953180,0.022035,2.008007e-05,4.728943e-05,399,0.014690,3.111310e-05,0.029380,1.357435e-05,2.319815e-01,119,1,0,1,1,1
025_mug,s2_gate_030_025_mug_t4,complete_epi,31,0.933585,0.020201,3.715057e-05,1.466061e-04,357,0.013468,3.350248e-05,0.026935,4.023146e-05,7.013069e-01,172,1,0,1,1,1
025_mug,s2_gate_030_025_mug_t5,complete_epi,4,0.925095,0.018542,1.207891e-06,2.280132e-06,540,0.012361,1.156192e-06,0.024722,1.325189e-06,1.730718e-01,210,1,0,1,1,1
025_mug,s2_gate_030_025_mug_t6,complete_epi,3,0.949591,0.024264,6.151307e-06,2.350013e-05,578,0.016176,9.363186e-06,0.032352,5.956272e-06,2.364773e-01,127,1,0,1,1,1
025_mug,s2_gate_030_025_mug_t7,complete_epi,27,0.944344,0.021182,1.349021e-06,2.007414e-06,1174,0.014121,1.499829e-06,0.028243,1.341471e-06,2.039814e-01,233,1,0,1,1,1
025_mug,s2_gate_030_025_mug_t8,complete_epi,38,0.926720,0.020636,1.911538e-05,4.777102e-05,386,0.013757,2.294067e-05,0.027514,2.009251e-05,3.283681e-01,110,1,0,1,1,1
025_mug,s2_gate_030_025_mug_t9,complete_epi,82,0.939007,0.021998,1.575832e-05,3.377681e-05,527,0.014665,2.075096e-05,0.029330,1.318669e-05,3.511742e-01,141,1,0,1,1,0
025_mug,s2_gate_030_025_mug_t10,complete_epi,179,0.846941,0.019648,1.564709e-06,2.940159e-06,636,0.013099,1.579242e-06,0.026197,1.427989e-06,2.658044e-01,293,1,0,1,1,1
025_mug,s2_gate_030_025_mug_t11,complete_epi,37,0.929772,0.019813,3.053509e-06,6.481012e-06,884,0.013209,2.859983e-06,0.026418,3.339018e-06,3.284037e-01,214,1,0,1,1,1
025_mug,s2_gate_030_025_mug_t12,complete_epi,104,0.930134,0.023666,1.226218e-05,4.241468e-05,898,0.015777,3.727717e-05,0.031555,1.327413e-05,2.533084e-01,147,1,0,1,1,1
025_mug,s2_gate_030_025_mug_t13,complete_epi,5,0.942573,0.021195,7.346783e-06,3.092731e-05,409,0.014130,1.239608e-05,0.028260,5.881630e-06,1.757795e-01,104,1,0,1,1,1
025_mug,s2_gate_030_025_mug_t14,complete_epi,52,0.930054,0.020582,1.980037e-05,9.932994e-05,399,0.013721,2.326185e-05,0.027442,1.588572e-05,3.122232e-01,124,1,0,1,1,1
025_mug,s2_gate_030_025_mug_t15,complete_epi,40,0.900393,0.020390,1.710597e-05,6.163714e-05,647,0.013593,3.183689e-05,0.027186,1.095241e-05,4.794326e-01,366,1,0,1,1,1
025_mug,s2_gate_030_025_mug_t16,complete_epi,160,0.787381,0.020382,2.750063e-06,8.177786e-06,184,0.013588,3.875325e-06,0.027177,3.047645e-06,1.412808e-02,36,1,0,1,1,1
025_mug,s2_gate_030_025_mug_t17,complete_epi,116,0.897067,0.019571,1.220592e-06,1.982564e-06,440,0.013047,1.143275e-06,0.026095,1.127449e-06,2.423566e-01,297,1,0,1,1,1
025_mug,s2_gate_030_025_mug_t19,complete_epi,137,0.907640,0.020425,1.538233e-06,4.108871e-06,505,0.013616,1.298141e-06,0.027233,1.487095e-06,6.137258e-02,123,1,0,1,1,0
051_large_clamp,s2_gate_030_051_large_clamp_t0,complete_epi,3,0.956892,0.030638,0.000000e+00,0.000000e+00,859,0.020425,0.000000e+00,0.040851,1.178221e-07,0.000000e+00,217,1,0,1,1,0
051_large_clamp,s2_gate_030_051_large_clamp_t1,complete_epi,0,0.965127,0.029098,0.000000e+00,0.000000e+00,702,0.019398,0.000000e+00,0.038797,9.788205e-07,0.000000e+00,159,1,0,1,1,1
051_large_clamp,s2_gate_030_051_large_clamp_t2,complete_epi,1,0.968035,0.033708,2.005099e-06,1.354557e-05,1468,0.022472,5.524137e-06,0.044944,2.820195e-06,2.016681e-01,239,1,0,1,1,0
051_large_clamp,s2_gate_030_051_large_clamp_t3,complete_epi,9,0.946811,0.031873,2.454601e-05,7.035374e-05,2169,0.021249,2.669336e-05,0.042497,2.276214e-05,1.013674e+00,695,1,0,1,1,1
051_large_clamp,s2_gate_030_051_large_clamp_t5,complete_epi,5,0.959324,0.031820,1.858828e-06,0.000000e+00,793,0.021213,0.000000e+00,0.042426,5.057462e-06,0.000000e+00,160,1,0,1,1,1
051_large_clamp,s2_gate_030_051_large_clamp_t6,complete_epi,2,0.961589,0.030850,6.944202e-06,2.082091e-05,2892,0.020567,9.698103e-06,0.041133,1.129831e-05,6.333073e-01,469,1,0,1,1,1
051_large_clamp,s2_gate_030_051_large_clamp_t7,complete_epi,88,0.906643,0.046604,6.914381e-05,6.986522e-05,2718,0.031070,2.199651e-05,0.062139,1.157114e-04,0.000000e+00,333,1,0,1,1,1
051_large_clamp,s2_gate_030_051_large_clamp_t8,complete_epi,0,0.961049,0.029285,0.000000e+00,0.000000e+00,662,0.019523,0.000000e+00,0.039047,0.000000e+00,0.000000e+00,162,1,0,1,1,0
051_large_clamp,s2_gate_030_051_large_clamp_t9,complete_epi,1,0.958926,0.038421,2.904040e-07,2.527210e-06,1207,0.025614,1.911087e-07,0.051228,8.025818e-07,0.000000e+00,209,1,0,1,1,0
051_large_clamp,s2_gate_030_051_large_clamp_t10,complete_epi,57,0.944347,0.031008,0.000000e+00,0.000000e+00,604,0.020672,0.000000e+00,0.041344,0.000000e+00,0.000000e+00,151,1,0,1,1,0
051_large_clamp,s2_gate_030_051_large_clamp_t11,complete_epi,103,0.922270,0.031496,0.000000e+00,0.000000e+00,620,0.020998,0.000000e+00,0.041995,0.000000e+00,0.000000e+00,140,1,0,1,1,0
051_large_clamp,s2_gate_030_051_large_clamp_t12,complete_epi,6,0.966330,0.033469,1.155984e-06,3.030325e-06,2949,0.022313,7.272005e-07,0.044625,1.944001e-06,0.000000e+00,360,1,0,1,1,1
051_large_clamp,s2_gate_030_051_large_clamp_t13,complete_epi,17,0.955318,0.032324,2.442080e-05,1.009422e-04,2704,0.021550,1.655102e-05,0.043099,3.627771e-05,2.512463e+00,1263,1,0,1,1,1
051_large_clamp,s2_gate_030_051_large_clamp_t14,complete_epi,959,0.727369,0.012370,2.041289e-05,1.294524e-04,1022,0.008247,8.154263e-05,0.016493,9.203646e-06,4.690460e+00,4734,1,0,1,1,0
051_large_clamp,s2_gate_030_051_large_clamp_t15,complete_epi,6,0.967504,0.033329,5.648335e-07,5.036175e-06,1063,0.022219,6.610607e-07,0.044438,8.851399e-07,2.350610e-03,200,1,0,1,1,1
051_large_clamp,s2_gate_030_051_large_clamp_t16,complete_epi,2,0.970348,0.031862,1.576958e-06,3.174676e-06,2791,0.021242,1.168093e-06,0.042483,4.601381e-06,3.944790e-01,478,1,0,1,1,0
051_large_clamp,s2_gate_030_051_large_clamp_t17,complete_epi,191,0.922891,0.030366,1.085014e-04,7.294270e-04,1040,0.020244,2.828915e-04,0.040488,7.330688e-05,1.455120e-01,169,1,0,1,1,0
051_large_clamp,s2_gate_030_051_large_clamp_t18,complete_epi,0,0.976292,0.032465,8.920739e-05,5.892994e-04,1040,0.021643,7.865880e-05,0.043286,5.990356e-05,3.112042e-01,226,1,0,1,1,0
051_large_clamp,s2_gate_030_051_large_clamp_t19,complete_epi,50,0.961869,0.030604,3.312515e-06,6.992423e-06,2411,0.020403,3.769842e-06,0.040806,4.270229e-06,7.780747e-01,622,1,0,1,1,0
022_windex_bottle,s2_gate_050_022_windex_bottle_t0,complete_epi,1535,0.346507,0.038365,6.392830e-05,3.338260e-04,3020,0.025577,1.192565e-04,0.051154,6.276582e-05,2.360071e+00,1231,1,0,1,1,0
022_windex_bottle,s2_gate_050_022_windex_bottle_t1,complete_epi,27,0.947074,0.045656,1.041524e-05,3.944159e-05,5090,0.030437,3.802513e-06,0.060874,1.575050e-05,1.617941e-01,124,1,0,1,1,0
022_windex_bottle,s2_gate_050_022_windex_bottle_t2,complete_epi,12,0.922201,0.032166,3.637148e-05,2.474546e-04,1311,0.021444,1.949146e-05,0.042888,7.543261e-05,5.394482e-01,445,1,0,1,1,0
022_windex_bottle,s2_gate_050_022_windex_bottle_t3,complete_epi,0,0.952953,0.040602,1.644255e-05,4.438617e-05,2343,0.027068,9.463956e-06,0.054136,3.203510e-05,2.155425e-01,161,1,0,1,1,0
022_windex_bottle,s2_gate_050_022_windex_bottle_t4,complete_epi,195,0.882479,0.041767,4.424741e-06,9.565712e-06,5170,0.027845,3.507846e-06,0.055690,8.621276e-06,7.261352e-01,577,1,0,1,1,0
022_windex_bottle,s2_gate_050_022_windex_bottle_t5,complete_epi,633,0.756901,0.039748,5.395370e-05,2.944647e-04,1445,0.026499,3.619203e-05,0.052997,1.151994e-04,2.203467e-01,33,1,0,1,1,0
022_windex_bottle,s2_gate_050_022_windex_bottle_t6,complete_epi,86,0.913245,0.029295,2.067474e-05,3.388252e-05,2003,0.019530,4.619848e-05,0.039060,3.848302e-05,4.541456e-01,422,1,0,1,1,0
022_windex_bottle,s2_gate_050_022_windex_bottle_t7,complete_epi,0,0.956838,0.041998,2.354274e-05,8.815420e-05,1469,0.027999,1.258022e-05,0.055998,4.182536e-05,3.431972e-01,283,1,0,1,1,0
022_windex_bottle,s2_gate_050_022_windex_bottle_t8,complete_epi,39,0.947194,0.045685,1.230069e-05,4.710954e-05,5681,0.030457,9.945195e-06,0.060914,2.031652e-05,2.716810e-01,90,1,0,1,1,0
022_windex_bottle,s2_gate_050_022_windex_bottle_t9,complete_epi,1467,0.373388,0.038619,3.619215e-05,1.531575e-04,3563,0.025746,4.939018e-05,0.051492,3.865370e-05,2.122334e+00,1061,1,0,1,1,0
022_windex_bottle,s2_gate_050_022_windex_bottle_t10,complete_epi,12,0.929996,0.045077,2.468059e-05,1.674175e-04,920,0.030051,7.405166e-06,0.060103,7.268124e-05,0.000000e+00,52,1,0,1,1,0
022_windex_bottle,s2_gate_050_022_windex_bottle_t11,complete_epi,3,0.946587,0.042315,1.460604e-05,1.239103e-04,969,0.028210,9.608922e-06,0.056420,5.498857e-05,1.513058e-01,213,1,0,1,1,0
022_windex_bottle,s2_gate_050_022_windex_bottle_t12,complete_epi,209,0.853467,0.040902,7.366364e-06,1.903125e-05,5036,0.027268,3.512317e-06,0.054536,1.030210e-05,1.010417e+00,732,1,0,1,1,0
022_windex_bottle,s2_gate_050_022_windex_bottle_t13,complete_epi,2,0.921739,0.040840,1.653050e-05,5.704530e-06,2550,0.027227,6.005687e-06,0.054453,2.989563e-05,6.553719e-01,410,1,0,1,1,0
022_windex_bottle,s2_gate_050_022_windex_bottle_t14,complete_epi,179,0.876029,0.041959,4.089354e-06,9.987768e-06,5509,0.027973,2.964019e-06,0.055946,9.411610e-06,9.917176e-01,724,1,0,1,1,0
022_windex_bottle,s2_gate_050_022_windex_bottle_t15,complete_epi,3,0.912291,0.032184,1.212629e-04,4.062350e-04,1034,0.021456,3.820534e-05,0.042912,1.353352e-04,9.187824e-01,456,1,0,1,1,1
022_windex_bottle,s2_gate_050_022_windex_bottle_t16,complete_epi,69,0.925699,0.039756,1.454569e-04,8.806093e-04,1381,0.026504,3.805987e-04,0.053008,1.824153e-04,6.114966e-01,178,1,0,1,1,0
022_windex_bottle,s2_gate_050_022_windex_bottle_t17,complete_epi,0,0.941635,0.043759,1.966480e-05,1.300611e-04,1125,0.029173,1.001126e-05,0.058345,5.160215e-05,2.101996e-02,156,1,0,1,1,0
022_windex_bottle,s2_gate_050_022_windex_bottle_t18,complete_epi,13,0.898760,0.039322,2.712035e-05,9.642111e-05,3266,0.026215,3.871233e-05,0.052429,4.126599e-05,1.710595e+00,1053,1,0,1,1,0
022_windex_bottle,s2_gate_050_022_windex_bottle_t19,complete_epi,1,0.945775,0.042901,2.211964e-05,1.399555e-04,1762,0.028601,1.020068e-05,0.057202,5.020839e-05,4.200399e-01,326,1,0,1,1,0
006_mustard_bottle,s2_gate_070_006_mustard_bottle_t0,complete_epi,0,0.920114,0.032013,1.003856e-05,2.488616e-05,2102,0.021342,4.545270e-06,0.042684,2.088145e-05,6.292388e-01,805,1,0,1,1,1
006_mustard_bottle,s2_gate_070_006_mustard_bottle_t1,complete_epi,149,0.881544,0.030319,1.065544e-05,4.174705e-05,1841,0.020213,9.535774e-06,0.040425,1.163756e-05,2.243779e-01,349,1,0,1,1,1
006_mustard_bottle,s2_gate_070_006_mustard_bottle_t2,complete_epi,0,0.947127,0.014647,3.836901e-07,8.496966e-07,1828,0.009765,3.710125e-07,0.019530,3.935027e-07,8.199087e-01,1735,1,0,1,1,1
006_mustard_bottle,s2_gate_070_006_mustard_bottle_t3,complete_epi,4,0.906483,0.032248,5.771055e-06,1.132490e-05,1749,0.021499,7.061124e-06,0.042998,4.784249e-06,2.136956e-01,235,1,0,1,1,1
006_mustard_bottle,s2_gate_070_006_mustard_bottle_t4,complete_epi,140,0.675070,0.031697,3.224007e-06,1.435891e-05,1346,0.021131,4.027817e-06,0.042263,2.768309e-06,1.762953e-01,308,1,0,1,1,1
006_mustard_bottle,s2_gate_070_006_mustard_bottle_t5,complete_epi,109,0.788488,0.031971,1.747532e-05,4.189115e-05,2285,0.021314,1.070482e-05,0.042628,3.337168e-05,1.128914e+00,849,1,0,1,1,1
006_mustard_bottle,s2_gate_070_006_mustard_bottle_t6,complete_epi,232,0.846772,0.031785,3.294495e-06,5.374364e-06,1999,0.021190,3.327790e-06,0.042380,3.117970e-06,9.217317e-01,689,1,0,1,1,1
006_mustard_bottle,s2_gate_070_006_mustard_bottle_t7,complete_epi,75,0.925204,0.018128,1.219214e-06,3.221147e-06,1705,0.012086,2.390143e-06,0.024171,2.357634e-06,1.921835e+00,2495,1,0,1,1,1
006_mustard_bottle,s2_gate_070_006_mustard_bottle_t8,complete_epi,855,0.674913,0.005632,1.839790e-06,7.429853e-06,727,0.003755,1.416777e-06,0.007509,1.997855e-06,4.405594e+00,8085,1,0,1,1,0
006_mustard_bottle,s2_gate_070_006_mustard_bottle_t9,complete_epi,4,0.909968,0.031128,6.140689e-06,2.453376e-05,1914,0.020752,4.867145e-06,0.041503,1.057592e-05,5.908658e-01,769,1,0,1,1,0
006_mustard_bottle,s2_gate_070_006_mustard_bottle_t10,complete_epi,19,0.896198,0.033064,1.310301e-05,4.036223e-05,2271,0.022043,1.436814e-05,0.044085,1.203881e-05,6.039743e-01,353,1,0,1,1,1
006_mustard_bottle,s2_gate_070_006_mustard_bottle_t11,complete_epi,22,0.897056,0.032321,1.185331e-05,3.487991e-05,1847,0.021548,1.154612e-05,0.043095,1.549577e-05,5.171735e-01,349,1,0,1,1,1
006_mustard_bottle,s2_gate_070_006_mustard_bottle_t12,complete_epi,152,0.940632,0.029872,3.362250e-06,1.061546e-05,2141,0.019915,3.046436e-06,0.039829,3.428231e-06,7.675220e-01,695,1,0,1,1,0
006_mustard_bottle,s2_gate_070_006_mustard_bottle_t13,complete_epi,22,0.851039,0.032817,5.489159e-06,1.457570e-05,1857,0.021878,5.875732e-06,0.043755,4.960928e-06,4.462944e-01,368,1,0,1,1,1
006_mustard_bottle,s2_gate_070_006_mustard_bottle_t14,complete_epi,8,0.879965,0.031445,5.908244e-06,2.220332e-05,1573,0.020964,1.043536e-05,0.041927,6.794695e-06,4.492950e-01,275,1,0,1,1,1
006_mustard_bottle,s2_gate_070_006_mustard_bottle_t15,complete_epi,1,0.907293,0.030239,5.504603e-06,2.025181e-05,1575,0.020159,5.036287e-06,0.040319,6.310249e-06,2.319946e-01,398,1,0,1,1,1
006_mustard_bottle,s2_gate_070_006_mustard_bottle_t16,complete_epi,54,0.888603,0.029889,1.344271e-06,5.022929e-06,1303,0.019926,6.823346e-07,0.039852,1.924895e-06,3.149675e-03,242,1,0,1,1,1
006_mustard_bottle,s2_gate_070_006_mustard_bottle_t18,complete_epi,1,0.843484,0.032280,6.796993e-06,1.524198e-05,1693,0.021520,7.785306e-06,0.043040,6.295982e-06,3.248737e-01,212,1,0,1,1,1
011_banana,s2_gate_070_011_banana_t0,complete_epi,1423,0.682966,0.032968,3.551069e-05,2.552938e-05,3043,0.021979,1.583340e-05,0.043957,4.969279e-05,3.558927e-01,433,1,0,1,1,0
011_banana,s2_gate_070_011_banana_t1,complete_epi,1701,0.481647,0.031990,2.267815e-05,1.213495e-04,1972,0.021327,5.249080e-05,0.042653,2.415899e-05,3.907640e-01,367,1,0,1,1,0
011_banana,s2_gate_070_011_banana_t2,complete_epi,1014,0.802026,0.032199,7.486137e-05,3.411550e-04,2090,0.021466,1.547509e-04,0.042932,5.182743e-05,1.657647e+00,850,1,0,1,1,1
011_banana,s2_gate_070_011_banana_t3,complete_epi,1278,0.700739,0.032459,7.514886e-05,4.095153e-04,2882,0.021640,6.991449e-05,0.043279,8.408384e-05,7.265127e-01,626,1,0,1,1,0
011_banana,s2_gate_070_011_banana_t4,complete_epi,1615,0.548629,0.031690,3.187254e-05,8.051542e-05,1331,0.021127,5.067836e-05,0.042254,2.598987e-05,5.198267e-01,345,1,0,1,1,0
011_banana,s2_gate_070_011_banana_t5,complete_epi,1430,0.613188,0.031650,2.203800e-05,3.238911e-05,3194,0.021100,1.113290e-05,0.042200,5.381823e-05,3.410145e-01,351,1,0,1,1,1
011_banana,s2_gate_070_011_banana_t6,complete_epi,876,0.771988,0.032358,3.928390e-06,1.120376e-05,2880,0.021572,2.070645e-06,0.043144,5.300912e-06,0.000000e+00,154,1,0,1,1,0
011_banana,s2_gate_070_011_banana_t7,complete_epi,1797,0.227266,0.034667,2.315162e-05,4.721969e-05,2808,0.023111,1.560565e-05,0.046223,2.772994e-05,1.500713e+00,1163,1,0,1,1,1
011_banana,s2_gate_070_011_banana_t8,complete_epi,1540,0.602279,0.031544,1.472262e-05,5.605998e-05,1159,0.021029,1.790028e-05,0.042059,1.585035e-05,1.565352e-01,189,1,0,1,1,1
011_banana,s2_gate_070_011_banana_t9,complete_epi,1324,0.710648,0.031877,7.990608e-05,1.439745e-04,2471,0.021251,8.436847e-05,0.042502,5.679268e-05,8.353579e-01,825,1,0,1,1,0
011_banana,s2_gate_070_011_banana_t10,complete_epi,1905,0.166142,0.030928,2.129940e-04,9.539297e-04,677,0.020619,3.008626e-04,0.041237,1.381987e-04,5.551267e-01,184,1,0,1,1,0
011_banana,s2_gate_070_011_banana_t11,complete_epi,1897,0.141797,0.031377,2.618466e-05,6.309514e-05,3072,0.020918,1.493952e-05,0.041836,4.584228e-05,4.144620e-01,529,1,0,1,1,0
011_banana,s2_gate_070_011_banana_t12,complete_epi,830,0.830890,0.031300,1.080670e-05,4.802242e-05,2231,0.020866,2.699437e-05,0.041733,1.106023e-05,5.102103e-01,478,1,0,1,1,0
011_banana,s2_gate_070_011_banana_t13,complete_epi,1182,0.757938,0.032248,3.883355e-05,1.615851e-04,2864,0.021499,2.984714e-05,0.042997,6.046505e-05,7.229470e-01,621,1,0,1,1,0
011_banana,s2_gate_070_011_banana_t14,complete_epi,1276,0.768121,0.031927,1.715687e-05,6.847486e-05,1557,0.021285,1.881543e-05,0.042570,1.880611e-05,2.122298e-01,236,1,0,1,1,0
011_banana,s2_gate_070_011_banana_t15,complete_epi,975,0.801281,0.032577,2.077539e-05,4.816285e-05,2714,0.021718,1.760397e-05,0.043436,2.486305e-05,6.931506e-01,565,1,0,1,1,0
011_banana,s2_gate_070_011_banana_t16,complete_epi,1820,0.305338,0.033724,3.389481e-05,1.532019e-04,3443,0.022483,3.407376e-05,0.044966,3.253029e-05,8.398665e-01,728,1,0,1,1,1
011_banana,s2_gate_070_011_banana_t17,complete_epi,0,0.980937,0.030269,8.663411e-06,1.007041e-05,2973,0.020179,2.126139e-06,0.040359,1.995759e-05,5.865802e-01,670,0,0,1,1,
011_banana,s2_gate_070_011_banana_t18,complete_epi,504,0.897990,0.031481,4.814939e-05,8.312045e-05,2477,0.020987,3.033042e-05,0.041974,5.923106e-05,8.909503e-01,607,1,0,1,1,1
011_banana,s2_gate_070_011_banana_t19,complete_epi,1685,0.366655,0.032488,6.080831e-06,1.865594e-05,2571,0.021659,6.105321e-06,0.043318,6.612229e-06,6.074082e-01,534,1,0,1,1,0
010_potted_meat_can,s0_gate_off_010_potted_meat_can_t0,complete_only,9,0.873223,0.021554,4.777740e-06,5.316914e-06,695,0.014369,1.821800e-06,0.028739,5.720449e-06,3.243033e-01,538,1,0,1,1,1
010_potted_meat_can,s0_gate_off_010_potted_meat_can_t1,complete_only,167,0.886420,0.020708,5.090718e-06,2.364125e-06,824,0.013805,2.257870e-06,0.027611,7.309571e-06,7.215650e-01,717,1,0,1,1,1
010_potted_meat_can,s0_gate_off_010_potted_meat_can_t2,complete_only,47,0.879066,0.048015,2.153533e-06,6.046692e-06,2992,0.032010,2.528315e-06,0.064020,2.699084e-06,3.197546e-01,343,1,0,1,1,0
010_potted_meat_can,s0_gate_off_010_potted_meat_can_t3,complete_only,44,0.834445,0.020491,7.023719e-06,4.358586e-05,732,0.013661,2.797267e-06,0.027321,6.689188e-06,6.638873e-01,769,1,0,1,1,0
010_potted_meat_can,s0_gate_off_010_potted_meat_can_t4,complete_only,53,0.787454,0.021121,2.046348e-06,6.706054e-06,592,0.014081,1.811770e-06,0.028162,2.183302e-06,2.517998e-01,252,1,0,1,1,0
010_potted_meat_can,s0_gate_off_010_potted_meat_can_t5,complete_only,16,0.785319,0.021060,8.722352e-06,6.848603e-05,600,0.014040,1.691914e-05,0.028081,6.734343e-06,5.276421e-01,640,1,0,1,1,1
010_potted_meat_can,s0_gate_off_010_potted_meat_can_t6,complete_only,0,0.928132,0.020801,1.022711e-06,3.330565e-06,517,0.013868,1.066949e-06,0.027735,9.209739e-07,3.024298e-01,500,1,0,1,1,1
010_potted_meat_can,s0_gate_off_010_potted_meat_can_t7,complete_only,209,0.883317,0.019863,7.859484e-07,2.129508e-06,634,0.013242,9.916407e-07,0.026484,6.788542e-07,3.303806e-01,637,1,0,1,1,1
010_potted_meat_can,s0_gate_off_010_potted_meat_can_t8,complete_only,35,0.895718,0.020579,2.538347e-06,1.071557e-05,845,0.013719,2.163929e-06,0.027439,2.975906e-06,6.260118e-01,761,1,0,1,1,0
010_potted_meat_can,s0_gate_off_010_potted_meat_can_t9,complete_only,1,0.847737,0.021147,4.323578e-06,1.769710e-05,439,0.014098,5.807490e-06,0.028196,3.057235e-06,3.064477e-01,411,1,0,1,1,1
010_potted_meat_can,s0_gate_off_010_potted_meat_can_t10,complete_only,73,0.836584,0.021218,6.882954e-06,8.824858e-06,736,0.014145,5.961063e-06,0.028291,8.500680e-06,5.050461e-01,725,1,0,1,1,1
010_potted_meat_can,s0_gate_off_010_potted_meat_can_t11,complete_only,13,0.824486,0.021171,8.677741e-06,9.504239e-06,567,0.014114,1.195403e-05,0.028227,8.784376e-06,4.722857e-01,668,1,0,1,1,1
010_potted_meat_can,s0_gate_off_010_potted_meat_can_t12,complete_only,42,0.802514,0.020736,1.419887e-06,3.791236e-06,463,0.013824,1.778525e-06,0.027648,7.558867e-06,3.188998e-01,431,1,0,1,1,1
010_potted_meat_can,s0_gate_off_010_potted_meat_can_t13,complete_only,90,0.849159,0.020863,9.837881e-07,3.579180e-06,655,0.013909,9.985437e-07,0.027817,9.297224e-06,2.077226e-01,444,1,0,1,1,1
010_potted_meat_can,s0_gate_off_010_potted_meat_can_t14,complete_only,1168,0.728216,0.009836,8.345749e-07,3.804070e-06,2361,0.006557,2.165852e-06,0.013115,1.189039e-06,2.206493e+00,6714,1,0,1,1,0
010_potted_meat_can,s0_gate_off_010_potted_meat_can_t15,complete_only,163,0.814442,0.020925,3.229329e-06,1.256971e-05,810,0.013950,3.083916e-06,0.027901,3.527498e-06,7.680588e-01,779,1,0,1,1,1
010_potted_meat_can,s0_gate_off_010_potted_meat_can_t16,complete_only,0,0.857026,0.021125,1.875787e-06,7.269293e-06,476,0.014083,1.153302e-06,0.028167,3.488218e-06,1.081222e-01,236,1,0,1,1,1
010_potted_meat_can,s0_gate_off_010_potted_meat_can_t17,complete_only,7,0.875440,0.020194,1.583209e-06,7.641140e-06,778,0.013462,1.736571e-06,0.026925,1.357768e-06,3.900088e-01,657,1,0,1,1,1
010_potted_meat_can,s0_gate_off_010_potted_meat_can_t18,complete_only,30,0.888945,0.020130,1.643849e-06,5.020632e-06,599,0.013420,1.557409e-06,0.026840,1.864626e-06,6.764810e-01,708,1,0,1,1,0
010_potted_meat_can,s0_gate_off_010_potted_meat_can_t19,complete_only,194,0.855011,0.020775,7.421382e-07,1.697937e-06,606,0.013850,7.439405e-07,0.027700,9.994304e-06,4.010184e-01,650,1,0,1,1,1
005_tomato_soup_can,s0_gate_010_005_tomato_soup_can_t0,complete_epi,15,0.868809,0.019010,7.853368e-07,1.544075e-06,769,0.012673,7.687560e-07,0.025346,7.979002e-07,5.782264e-01,1003,1,0,1,1,1
005_tomato_soup_can,s0_gate_010_005_tomato_soup_can_t1,complete_epi,61,0.859674,0.019041,7.662468e-07,1.452544e-06,611,0.012694,7.278460e-07,0.025388,7.951627e-07,3.310845e-01,760,1,0,1,1,1
005_tomato_soup_can,s0_gate_010_005_tomato_soup_can_t2,complete_epi,44,0.870390,0.019100,9.165848e-07,1.501799e-06,598,0.012733,8.689925e-07,0.025467,7.672745e-07,3.822166e-01,797,1,0,1,1,1
005_tomato_soup_can,s0_gate_010_005_tomato_soup_can_t3,complete_epi,29,0.881993,0.018980,8.453712e-07,1.746694e-06,516,0.012654,6.568373e-07,0.025307,8.208157e-07,3.645681e-01,784,1,0,1,1,1
005_tomato_soup_can,s0_gate_010_005_tomato_soup_can_t4,complete_epi,26,0.889783,0.018832,7.532580e-07,1.587055e-06,716,0.012554,7.222691e-07,0.025109,7.730335e-07,4.321745e-01,883,1,0,1,1,1
005_tomato_soup_can,s0_gate_010_005_tomato_soup_can_t5,complete_epi,30,0.813330,0.021927,1.351283e-06,4.232408e-06,1073,0.014618,1.336189e-06,0.029235,1.438256e-06,6.098583e-01,1054,1,0,1,1,1
005_tomato_soup_can,s0_gate_010_005_tomato_soup_can_t6,complete_epi,11,0.891657,0.019131,8.041151e-07,1.632547e-06,746,0.012754,7.992839e-07,0.025507,8.418479e-07,5.376331e-01,951,1,0,1,1,1
005_tomato_soup_can,s0_gate_010_005_tomato_soup_can_t7,complete_epi,32,0.880398,0.018825,8.052405e-07,1.463299e-06,728,0.012550,7.669906e-07,0.025100,8.069434e-07,5.259524e-01,906,1,0,1,1,1
005_tomato_soup_can,s0_gate_010_005_tomato_soup_can_t8,complete_epi,11,0.883700,0.018748,7.728766e-07,1.606038e-06,672,0.012499,7.473658e-07,0.024997,8.005841e-07,4.612063e-01,896,1,0,1,1,1
005_tomato_soup_can,s0_gate_010_005_tomato_soup_can_t9,complete_epi,44,0.866226,0.019204,7.761583e-07,1.413063e-06,666,0.012803,7.257855e-07,0.025605,7.773880e-07,3.640412e-01,775,1,0,1,1,0
005_tomato_soup_can,s0_gate_010_005_tomato_soup_can_t10,complete_epi,30,0.882360,0.019016,8.145304e-07,1.459913e-06,684,0.012677,8.106560e-07,0.025355,8.076565e-07,4.489606e-01,836,1,0,1,1,1
005_tomato_soup_can,s0_gate_010_005_tomato_soup_can_t11,complete_epi,62,0.872814,0.019036,9.019288e-07,1.822388e-06,508,0.012691,7.442785e-07,0.025381,7.784182e-07,3.895430e-01,798,1,0,1,1,1
005_tomato_soup_can,s0_gate_010_005_tomato_soup_can_t12,complete_epi,39,0.879737,0.018950,7.921930e-07,1.448062e-06,678,0.012634,7.450766e-07,0.025267,8.120776e-07,4.783121e-01,909,1,0,1,1,0
005_tomato_soup_can,s0_gate_010_005_tomato_soup_can_t13,complete_epi,70,0.869255,0.019095,6.785559e-07,1.342446e-06,621,0.012730,6.431336e-07,0.025461,7.184916e-07,3.588456e-01,797,1,0,1,1,1
005_tomato_soup_can,s0_gate_010_005_tomato_soup_can_t14,complete_epi,90,0.870459,0.019044,6.141669e-07,1.771445e-06,556,0.012696,6.035362e-07,0.025392,6.247094e-07,2.663242e-01,689,1,0,1,1,1
005_tomato_soup_can,s0_gate_010_005_tomato_soup_can_t15,complete_epi,867,0.690406,0.028283,1.056258e-04,5.503288e-04,1412,0.018856,2.469787e-04,0.037711,1.179374e-04,2.015436e+00,92,1,0,1,1,0
005_tomato_soup_can,s0_gate_010_005_tomato_soup_can_t16,complete_epi,71,0.863482,0.018771,6.960309e-07,1.469396e-06,597,0.012514,6.369437e-07,0.025028,6.706489e-07,3.496068e-01,780,1,0,1,1,1
005_tomato_soup_can,s0_gate_010_005_tomato_soup_can_t17,complete_epi,717,0.662889,0.025920,1.016890e-05,8.685079e-05,717,0.017280,1.169718e-04,0.034560,7.184390e-06,7.450764e-01,673,1,0,1,1,1
005_tomato_soup_can,s0_gate_010_005_tomato_soup_can_t18,complete_epi,15,0.897860,0.018661,5.138447e-07,2.257489e-06,420,0.012441,3.511543e-07,0.024882,6.574552e-07,2.289137e-01,642,1,0,1,1,1
005_tomato_soup_can,s0_gate_010_005_tomato_soup_can_t19,complete_epi,29,0.874396,0.019018,1.134363e-06,1.542007e-06,626,0.012679,1.368392e-06,0.025357,1.005091e-06,3.800331e-01,789,1,0,1,1,1
021_bleach_cleanser,s0_gate_020_021_bleach_cleanser_t0,complete_epi,280,0.869743,0.039125,2.019826e-04,7.022229e-04,447,0.026083,1.723323e-04,0.052167,1.662022e-04,4.020181e-02,63,1,0,1,1,0
021_bleach_cleanser,s0_gate_020_021_bleach_cleanser_t1,complete_epi,32,0.933756,0.040046,6.879518e-05,3.366330e-04,1277,0.026697,5.451139e-05,0.053394,4.396786e-05,3.959731e-02,127,1,0,1,1,1
021_bleach_cleanser,s0_gate_020_021_bleach_cleanser_t2,complete_epi,150,0.905789,0.039847,2.891287e-05,1.202263e-04,1014,0.026565,4.162228e-05,0.053130,2.380343e-05,1.067466e-01,81,1,0,1,1,0
021_bleach_cleanser,s0_gate_020_021_bleach_cleanser_t3,complete_epi,12,0.937954,0.039543,9.289267e-05,5.468576e-04,976,0.026362,4.707421e-05,0.052724,8.517795e-05,2.476390e-02,71,1,0,1,1,1
021_bleach_cleanser,s0_gate_020_021_bleach_cleanser_t4,complete_epi,35,0.964767,0.031791,8.619301e-06,8.278676e-05,958,0.021194,0.000000e+00,0.042388,7.446383e-06,0.000000e+00,233,1,0,1,1,1
021_bleach_cleanser,s0_gate_020_021_bleach_cleanser_t6,complete_epi,33,0.939719,0.039109,8.228370e-06,6.239275e-06,922,0.026073,2.118826e-06,0.052146,2.038381e-05,0.000000e+00,69,1,0,1,1,1
021_bleach_cleanser,s0_gate_020_021_bleach_cleanser_t7,complete_epi,24,0.915332,0.019081,4.748862e-06,1.210313e-05,738,0.012720,5.110624e-06,0.025441,4.219392e-06,3.135367e-01,302,1,0,1,1,0
021_bleach_cleanser,s0_gate_020_021_bleach_cleanser_t8,complete_epi,493,0.834394,0.038857,4.549921e-05,1.973755e-04,1209,0.025905,6.761591e-05,0.051809,3.929163e-05,7.803415e-02,132,1,0,1,1,1
021_bleach_cleanser,s0_gate_020_021_bleach_cleanser_t9,complete_epi,201,0.911723,0.039262,3.394698e-05,2.735071e-04,988,0.026175,1.539862e-05,0.052349,3.837849e-05,0.000000e+00,106,1,0,1,1,1
021_bleach_cleanser,s0_gate_020_021_bleach_cleanser_t10,complete_epi,39,0.928676,0.045957,1.462126e-05,4.822046e-05,1765,0.030638,1.823719e-05,0.061276,1.181855e-05,2.219490e-01,178,1,0,1,1,0
021_bleach_cleanser,s0_gate_020_021_bleach_cleanser_t11,complete_epi,13,0.934499,0.039528,1.196686e-04,5.354024e-04,939,0.026352,9.308518e-05,0.052704,8.141241e-05,1.194841e-01,139,1,0,1,1,1
021_bleach_cleanser,s0_gate_020_021_bleach_cleanser_t12,complete_epi,542,0.873491,0.040160,7.124059e-05,2.855384e-04,1220,0.026773,8.700554e-05,0.053546,3.179650e-05,2.020311e-01,162,1,0,1,1,1
021_bleach_cleanser,s0_gate_020_021_bleach_cleanser_t14,complete_epi,24,0.918483,0.039597,1.813424e-05,1.052203e-04,1051,0.026398,2.802046e-06,0.052795,2.816182e-05,0.000000e+00,111,1,0,1,1,1
021_bleach_cleanser,s0_gate_020_021_bleach_cleanser_t15,complete_epi,0,0.955257,0.020257,5.187586e-05,1.008945e-04,863,0.013505,4.812122e-05,0.027010,5.278062e-05,1.083456e+00,360,1,0,1,1,0
021_bleach_cleanser,s0_gate_020_021_bleach_cleanser_t16,complete_epi,74,0.932601,0.039471,2.684221e-05,2.351805e-04,574,0.026314,1.643897e-05,0.052628,3.012943e-05,0.000000e+00,73,1,0,1,1,0
021_bleach_cleanser,s0_gate_020_021_bleach_cleanser_t17,complete_epi,42,0.906567,0.039936,1.848900e-05,1.804328e-04,1129,0.026624,1.612633e-05,0.053248,1.810601e-05,0.000000e+00,164,1,0,1,1,1
021_bleach_cleanser,s0_gate_020_021_bleach_cleanser_t18,complete_epi,40,0.914669,0.038672,4.110794e-05,2.784819e-04,979,0.025781,5.356768e-05,0.051563,2.538794e-05,1.903935e-01,154,1,0,1,1,1
021_bleach_cleanser,s0_gate_020_021_bleach_cleanser_t19,complete_epi,177,0.920456,0.039490,7.350034e-05,3.483172e-04,1050,0.026327,9.099201e-05,0.052654,4.338509e-05,1.962609e-02,173,1,0,1,1,1
061_foam_brick,s0_gate_020_061_foam_brick_t0,complete_epi,599,0.894081,0.016189,3.993816e-05,3.138585e-04,874,0.010793,4.047437e-05,0.021586,3.502972e-05,1.760729e+00,1170,1,0,1,1,1
061_foam_brick,s0_gate_020_061_foam_brick_t1,complete_epi,25,0.963421,0.016542,1.674289e-06,3.955726e-06,598,0.011028,7.424670e-06,0.022056,3.008249e-06,1.114537e+00,1296,1,0,1,1,0
061_foam_brick,s0_gate_020_061_foam_brick_t2,complete_epi,1118,0.785438,0.016741,1.489505e-04,5.117981e-04,282,0.011161,2.123380e-04,0.022322,9.480494e-05,1.788671e+00,951,1,0,1,1,1
061_foam_brick,s0_gate_020_061_foam_brick_t3,complete_epi,1108,0.752173,0.016976,6.037861e-06,3.248866e-05,1058,0.011317,4.035590e-06,0.022635,9.387870e-06,1.507783e+00,1356,1,0,1,1,1
061_foam_brick,s0_gate_020_061_foam_brick_t4,complete_epi,141,0.963735,0.016998,4.466938e-04,2.211491e-03,589,0.011332,6.673411e-04,0.022664,1.445386e-04,9.888392e-01,818,1,0,1,1,1
061_foam_brick,s0_gate_020_061_foam_brick_t5,complete_epi,1011,0.824397,0.016747,3.282495e-04,1.416070e-03,361,0.011165,3.723797e-04,0.022329,2.710743e-04,1.321529e+00,970,1,0,1,1,1
061_foam_brick,s0_gate_020_061_foam_brick_t6,complete_epi,0,0.962449,0.016898,1.527208e-05,4.949135e-05,851,0.011265,1.148829e-05,0.022530,3.924826e-05,1.376427e+00,821,1,0,1,1,1
061_foam_brick,s0_gate_020_061_foam_brick_t7,complete_epi,460,0.917718,0.017220,5.115149e-07,1.130899e-06,1226,0.011480,4.169205e-07,0.022959,1.348168e-06,1.321223e+00,1799,1,0,1,1,1
061_foam_brick,s0_gate_020_061_foam_brick_t8,complete_epi,489,0.904361,0.016990,8.539511e-07,2.299342e-06,1490,0.011326,6.503775e-07,0.022653,1.658159e-06,1.351979e+00,2040,1,0,1,1,0
061_foam_brick,s0_gate_020_061_foam_brick_t9,complete_epi,7,0.967942,0.016690,8.077519e-06,2.835942e-06,481,0.011127,1.214235e-06,0.022254,1.950049e-05,1.486693e+00,1098,1,0,1,1,1
061_foam_brick,s0_gate_020_061_foam_brick_t10,complete_epi,1105,0.815474,0.016575,1.803340e-04,1.036754e-03,558,0.011050,2.145824e-04,0.022101,9.008098e-05,1.215852e+00,1190,1,0,1,1,1
061_foam_brick,s0_gate_020_061_foam_brick_t11,complete_epi,1149,0.795538,0.015957,4.910199e-05,2.433847e-04,288,0.010638,5.410761e-05,0.021276,3.371873e-05,1.034987e+00,990,1,0,1,1,1
061_foam_brick,s0_gate_020_061_foam_brick_t12,complete_epi,0,0.973175,0.016382,3.291166e-05,2.491713e-04,987,0.010922,1.259217e-05,0.021843,3.901650e-05,1.653324e+00,1134,1,0,1,1,1
061_foam_brick,s0_gate_020_061_foam_brick_t13,complete_epi,101,0.927085,0.015838,7.155795e-06,2.743058e-05,652,0.010558,7.885415e-06,0.021117,8.046136e-06,1.443906e+00,1113,1,0,1,1,1
061_foam_brick,s0_gate_020_061_foam_brick_t14,complete_epi,826,0.872128,0.016164,5.868887e-05,3.287838e-04,277,0.010776,6.007557e-05,0.021552,2.393386e-05,1.130816e+00,1154,1,0,1,1,1
061_foam_brick,s0_gate_020_061_foam_brick_t15,complete_epi,821,0.887495,0.017170,2.786526e-06,1.059379e-05,1099,0.011447,5.226037e-06,0.022894,9.892045e-06,1.844751e+00,1848,1,0,1,1,1
061_foam_brick,s0_gate_020_061_foam_brick_t16,complete_epi,5,0.970359,0.016559,8.966110e-07,2.567166e-06,463,0.011039,1.003408e-06,0.022079,8.676926e-06,7.692158e-01,814,1,0,1,1,1
061_foam_brick,s0_gate_020_061_foam_brick_t17,complete_epi,793,0.850648,0.017906,5.621884e-07,1.128525e-06,1109,0.011937,5.431592e-07,0.023874,6.172382e-07,1.244054e+00,1932,1,0,1,1,1
061_foam_brick,s0_gate_020_061_foam_brick_t18,complete_epi,328,0.957007,0.017162,2.234595e-06,6.645521e-06,796,0.011441,1.765808e-06,0.022882,2.340135e-06,9.604279e-01,1019,1,0,1,1,1
061_foam_brick,s0_gate_020_061_foam_brick_t19,complete_epi,60,0.958843,0.016373,5.749672e-06,1.731988e-05,386,0.010915,2.652819e-06,0.021830,1.486930e-05,1.375117e+00,872,1,0,1,1,1
010_potted_meat_can,s0_gate_030_010_potted_meat_can_t0,complete_epi,7,0.884374,0.021554,1.406342e-06,4.324614e-06,574,0.014369,1.490959e-06,0.028739,4.128139e-06,2.571030e-01,477,1,0,1,1,1
010_potted_meat_can,s0_gate_030_010_potted_meat_can_t1,complete_epi,249,0.827150,0.020686,8.032718e-07,1.718893e-06,718,0.013790,6.953687e-07,0.027581,7.189202e-07,3.382321e-01,679,1,0,1,1,1
010_potted_meat_can,s0_gate_030_010_potted_meat_can_t2,complete_epi,136,0.839575,0.021010,2.718748e-06,5.122823e-06,734,0.014007,2.120002e-06,0.028013,3.141651e-06,4.828049e-01,667,1,0,1,1,1
010_potted_meat_can,s0_gate_030_010_potted_meat_can_t3,complete_epi,28,0.865362,0.020507,4.236932e-06,6.914395e-06,764,0.013671,2.591681e-06,0.027343,4.639420e-06,5.433975e-01,626,1,0,1,1,1
010_potted_meat_can,s0_gate_030_010_potted_meat_can_t4,complete_epi,38,0.785033,0.021059,2.190773e-06,9.257195e-06,696,0.014039,1.966450e-06,0.028079,2.479038e-06,3.227755e-01,478,1,0,1,1,1
010_potted_meat_can,s0_gate_030_010_potted_meat_can_t5,complete_epi,52,0.698419,0.021647,3.929304e-06,1.016943e-05,635,0.014431,3.642216e-06,0.028862,4.525903e-06,3.356202e-01,395,1,0,1,1,0
010_potted_meat_can,s0_gate_030_010_potted_meat_can_t6,complete_epi,0,0.922072,0.020833,4.488918e-06,3.496750e-06,510,0.013889,1.145648e-06,0.027777,1.562100e-05,3.081442e-01,527,1,0,1,1,1
010_potted_meat_can,s0_gate_030_010_potted_meat_can_t7,complete_epi,201,0.909611,0.019542,9.609953e-07,2.460337e-06,650,0.013028,1.079062e-06,0.026056,9.433464e-07,3.725607e-01,657,1,0,1,1,1
010_potted_meat_can,s0_gate_030_010_potted_meat_can_t8,complete_epi,4,0.885506,0.020668,1.536096e-06,4.990155e-06,884,0.013779,1.263043e-06,0.027558,1.798400e-06,5.974973e-01,730,1,0,1,1,0
010_potted_meat_can,s0_gate_030_010_potted_meat_can_t9,complete_epi,0,0.865044,0.021134,2.934807e-06,1.404190e-05,370,0.014089,4.572626e-06,0.028178,2.923541e-06,1.820348e-01,303,1,0,1,1,1
010_potted_meat_can,s0_gate_030_010_potted_meat_can_t10,complete_epi,218,0.757690,0.021196,3.960049e-06,2.063244e-05,867,0.014131,3.940302e-06,0.028262,4.232103e-06,6.732588e-01,722,1,0,1,1,0
010_potted_meat_can,s0_gate_030_010_potted_meat_can_t11,complete_epi,78,0.816906,0.021372,3.883189e-06,1.804973e-05,989,0.014248,4.174504e-06,0.028496,4.606202e-06,6.813909e-01,720,1,0,1,1,1
010_potted_meat_can,s0_gate_030_010_potted_meat_can_t12,complete_epi,1,0.823913,0.020770,1.442703e-06,4.031578e-06,504,0.013847,1.505569e-06,0.027694,8.201859e-06,1.675175e-01,240,1,0,1,1,1
010_potted_meat_can,s0_gate_030_010_potted_meat_can_t14,complete_epi,53,0.838372,0.021114,3.063995e-06,3.163362e-06,566,0.014076,1.672390e-06,0.028151,4.323144e-06,5.499396e-01,717,1,0,1,1,1
010_potted_meat_can,s0_gate_030_010_potted_meat_can_t15,complete_epi,42,0.847871,0.020715,2.334903e-06,7.350958e-06,689,0.013810,2.180083e-06,0.027620,2.407689e-06,6.902843e-01,746,1,0,1,1,0
010_potted_meat_can,s0_gate_030_010_potted_meat_can_t16,complete_epi,5,0.809965,0.021128,1.900327e-06,7.305880e-06,385,0.014085,1.443027e-06,0.028171,3.739236e-06,1.011984e-01,208,1,0,1,1,1
010_potted_meat_can,s0_gate_030_010_potted_meat_can_t17,complete_epi,0,0.931735,0.020358,2.668836e-06,9.258555e-06,693,0.013572,2.546556e-06,0.027144,2.775514e-06,4.835027e-01,689,1,0,1,1,1
010_potted_meat_can,s0_gate_030_010_potted_meat_can_t18,complete_epi,30,0.883559,0.021271,1.679576e-05,3.364097e-06,715,0.014181,1.347227e-05,0.028361,1.784131e-05,5.241513e-01,715,1,0,1,1,1
010_potted_meat_can,s0_gate_030_010_potted_meat_can_t19,complete_epi,0,0.913284,0.020835,6.465883e-07,1.669269e-06,543,0.013890,4.545814e-07,0.027780,1.664314e-05,2.931075e-01,569,1,0,1,1,1
005_tomato_soup_can,s0_gate_050_005_tomato_soup_can_t0,complete_epi,48,0.859769,0.019010,6.240509e-07,1.653458e-06,468,0.012673,4.585681e-07,0.025346,7.013153e-07,2.190120e-01,639,1,0,1,1,1
005_tomato_soup_can,s0_gate_050_005_tomato_soup_can_t1,complete_epi,112,0.841949,0.019001,7.847585e-07,1.461417e-06,611,0.012667,7.400983e-07,0.025334,8.035852e-07,3.057239e-01,743,1,0,1,1,1
005_tomato_soup_can,s0_gate_050_005_tomato_soup_can_t2,complete_epi,58,0.867866,0.019133,7.390226e-07,1.358807e-06,626,0.012755,6.947838e-07,0.025511,7.564108e-07,3.268144e-01,771,1,0,1,1,1
005_tomato_soup_can,s0_gate_050_005_tomato_soup_can_t3,complete_epi,56,0.874325,0.018993,6.257834e-07,1.425387e-06,506,0.012662,6.232834e-07,0.025324,6.101379e-07,2.813348e-01,691,1,0,1,1,0
005_tomato_soup_can,s0_gate_050_005_tomato_soup_can_t4,complete_epi,46,0.876350,0.018782,5.652966e-07,1.694823e-06,490,0.012521,6.673747e-07,0.025043,5.491129e-07,3.288872e-01,751,1,0,1,1,1
005_tomato_soup_can,s0_gate_050_005_tomato_soup_can_t5,complete_epi,32,0.865427,0.018980,6.723569e-07,1.450939e-06,555,0.012654,6.334050e-07,0.025307,6.870991e-07,2.804229e-01,713,1,0,1,1,1
005_tomato_soup_can,s0_gate_050_005_tomato_soup_can_t6,complete_epi,137,0.859255,0.019130,7.765557e-07,1.754353e-06,596,0.012753,8.430893e-07,0.025507,7.364683e-07,3.377694e-01,749,1,0,1,1,1
005_tomato_soup_can,s0_gate_050_005_tomato_soup_can_t8,complete_epi,28,0.876490,0.018804,7.526603e-07,1.561932e-06,621,0.012536,6.850160e-07,0.025072,7.858093e-07,4.402775e-01,822,1,0,1,1,0
005_tomato_soup_can,s0_gate_050_005_tomato_soup_can_t9,complete_epi,40,0.866822,0.018792,7.075371e-07,1.353646e-06,700,0.012528,6.470688e-07,0.025056,7.227952e-07,3.087574e-01,769,1,0,1,1,1
005_tomato_soup_can,s0_gate_050_005_tomato_soup_can_t10,complete_epi,57,0.875199,0.018991,5.787055e-07,1.886374e-06,491,0.012661,6.971616e-07,0.025322,5.987961e-07,3.729602e-01,757,1,0,1,1,1
005_tomato_soup_can,s0_gate_050_005_tomato_soup_can_t11,complete_epi,123,0.857186,0.019031,5.643671e-07,1.759753e-06,514,0.012688,6.128962e-07,0.025375,5.875786e-07,3.491274e-01,750,1,0,1,1,1
005_tomato_soup_can,s0_gate_050_005_tomato_soup_can_t12,complete_epi,42,0.871749,0.018965,7.182280e-07,2.223476e-06,536,0.012644,7.356825e-07,0.025287,6.857081e-07,4.259393e-01,805,1,0,1,1,1
005_tomato_soup_can,s0_gate_050_005_tomato_soup_can_t14,complete_epi,31,0.888053,0.019045,6.312722e-07,1.755073e-06,507,0.012696,6.652134e-07,0.025393,6.054828e-07,2.680086e-01,681,1,0,1,1,1
005_tomato_soup_can,s0_gate_050_005_tomato_soup_can_t15,complete_epi,15,0.886020,0.018886,6.394178e-07,2.530710e-06,423,0.012590,5.443077e-07,0.025181,7.148558e-07,2.577787e-01,663,1,0,1,1,1
005_tomato_soup_can,s0_gate_050_005_tomato_soup_can_t16,complete_epi,97,0.861208,0.018813,6.676405e-07,1.354550e-06,596,0.012542,5.789030e-07,0.025084,6.872750e-07,3.355975e-01,795,1,0,1,1,1
005_tomato_soup_can,s0_gate_050_005_tomato_soup_can_t17,complete_epi,98,0.860175,0.018915,6.204036e-07,1.737251e-06,594,0.012610,6.402011e-07,0.025220,6.317375e-07,3.620994e-01,796,1,0,1,1,1
005_tomato_soup_can,s0_gate_050_005_tomato_soup_can_t18,complete_epi,9,0.897065,0.018666,7.034577e-07,1.827201e-06,557,0.012444,6.462992e-07,0.024889,7.063107e-07,3.583990e-01,786,1,0,1,1,1
005_tomato_soup_can,s0_gate_050_005_tomato_soup_can_t19,complete_epi,122,0.851545,0.018985,7.529844e-07,1.722702e-06,577,0.012657,1.034769e-06,0.025313,7.341414e-07,3.147972e-01,727,1,0,1,1,1
035_power_drill,s0_gate_050_035_power_drill_t0,complete_epi,338,0.871693,0.041577,8.779122e-07,0.000000e+00,527,0.027718,0.000000e+00,0.055436,8.792739e-06,0.000000e+00,140,1,0,1,1,1
035_power_drill,s0_gate_050_035_power_drill_t2,complete_epi,264,0.869057,0.043449,5.635453e-05,8.447391e-05,1045,0.028966,5.105260e-05,0.057932,1.007540e-04,0.000000e+00,130,1,0,1,1,1
035_power_drill,s0_gate_050_035_power_drill_t4,complete_epi,107,0.885595,0.035160,3.143675e-05,1.347017e-05,1375,0.023440,2.265490e-05,0.046880,6.674962e-05,0.000000e+00,85,1,0,1,1,0
035_power_drill,s0_gate_050_035_power_drill_t5,complete_epi,3,0.907425,0.038956,3.493195e-04,1.934545e-03,867,0.025971,5.464481e-04,0.051941,3.070024e-04,2.128049e+00,153,1,0,1,1,0
035_power_drill,s0_gate_050_035_power_drill_t6,complete_epi,239,0.865845,0.039420,5.368614e-06,7.338619e-06,1163,0.026280,2.650601e-06,0.052560,6.629798e-06,0.000000e+00,154,1,0,1,1,1
035_power_drill,s0_gate_050_035_power_drill_t8,complete_epi,191,0.861060,0.049870,3.390679e-04,2.593327e-03,1234,0.033247,2.998377e-04,0.066493,3.918813e-04,2.337382e-01,138,1,0,1,1,0
035_power_drill,s0_gate_050_035_power_drill_t9,complete_epi,54,0.878585,0.039304,2.274272e-05,5.214176e-05,1125,0.026203,1.524488e-05,0.052405,2.329272e-05,4.750768e-01,321,1,0,1,1,1
035_power_drill,s0_gate_050_035_power_drill_t10,complete_epi,846,0.742038,0.042982,2.557489e-07,0.000000e+00,635,0.028655,0.000000e+00,0.057309,7.117004e-06,0.000000e+00,157,1,0,1,1,0
035_power_drill,s0_gate_050_035_power_drill_t11,complete_epi,174,0.906461,0.029600,1.091937e-05,1.750654e-05,3909,0.019733,2.057075e-06,0.039466,3.178453e-05,3.909338e-01,661,1,0,1,1,0
035_power_drill,s0_gate_050_035_power_drill_t12,complete_epi,0,0.801818,0.004323,3.676494e-06,1.097484e-05,653,0.002882,5.164050e-06,0.005764,2.133602e-06,5.164168e+00,8139,0,0,1,1,
035_power_drill,s0_gate_050_035_power_drill_t13,complete_epi,5,0.973191,0.019228,4.387353e-04,1.283353e-03,948,0.012819,7.526726e-04,0.025637,2.542968e-04,2.194242e+00,732,1,0,1,1,0
035_power_drill,s0_gate_050_035_power_drill_t14,complete_epi,101,0.927017,0.025496,4.796220e-06,3.446943e-05,2023,0.016998,3.291541e-06,0.033995,7.734062e-06,5.353246e-01,695,1,0,1,1,0
035_power_drill,s0_gate_050_035_power_drill_t16,complete_epi,8,0.910810,0.038838,1.647310e-05,6.303589e-06,1142,0.025892,7.103801e-06,0.051783,2.615413e-05,2.190975e-01,277,1,0,1,1,1
035_power_drill,s0_gate_050_035_power_drill_t17,complete_epi,10,0.978408,0.024739,8.690518e-06,2.372953e-05,5790,0.016492,9.161532e-05,0.032985,9.861957e-06,1.067722e+00,742,1,0,1,1,0
035_power_drill,s0_gate_050_035_power_drill_t18,complete_epi,263,0.869784,0.041025,1.385816e-06,6.089054e-06,884,0.027350,0.000000e+00,0.054700,7.406091e-06,0.000000e+00,60,1,0,1,1,0
021_bleach_cleanser,s0_gate_070_021_bleach_cleanser_t0,complete_epi,200,0.888888,0.039125,2.260997e-05,2.181960e-04,901,0.026083,0.000000e+00,0.052167,2.792385e-05,0.000000e+00,60,1,0,1,1,0
021_bleach_cleanser,s0_gate_070_021_bleach_cleanser_t1,complete_epi,110,0.912605,0.040042,1.274348e-05,4.469835e-05,1094,0.026694,6.645308e-06,0.053389,1.880916e-05,0.000000e+00,110,1,0,1,1,1
021_bleach_cleanser,s0_gate_070_021_bleach_cleanser_t2,complete_epi,59,0.934413,0.024136,3.783798e-06,1.321532e-05,1444,0.016091,4.025148e-06,0.032182,3.081823e-06,3.296949e-03,374,1,0,1,1,0
021_bleach_cleanser,s0_gate_070_021_bleach_cleanser_t3,complete_epi,125,0.915424,0.039571,1.650538e-05,4.528202e-05,1115,0.026381,1.569085e-05,0.052761,2.419613e-05,0.000000e+00,107,1,0,1,1,1
021_bleach_cleanser,s0_gate_070_021_bleach_cleanser_t4,complete_epi,603,0.774933,0.052540,3.814063e-05,1.870326e-04,3021,0.035027,4.488400e-05,0.070054,4.786712e-05,5.395962e-01,261,1,0,1,1,1
021_bleach_cleanser,s0_gate_070_021_bleach_cleanser_t5,complete_epi,429,0.910150,0.031826,0.000000e+00,0.000000e+00,917,0.021217,0.000000e+00,0.042434,4.688187e-07,0.000000e+00,218,1,0,1,1,0
021_bleach_cleanser,s0_gate_070_021_bleach_cleanser_t6,complete_epi,62,0.934790,0.039137,9.312133e-06,5.051475e-06,958,0.026092,2.226086e-06,0.052183,2.153039e-05,0.000000e+00,65,1,0,1,1,1
021_bleach_cleanser,s0_gate_070_021_bleach_cleanser_t7,complete_epi,202,0.905008,0.039323,1.373302e-06,3.906871e-06,1320,0.026215,1.521116e-06,0.052430,1.402183e-06,1.401455e-02,263,1,0,1,1,1
021_bleach_cleanser,s0_gate_070_021_bleach_cleanser_t8,complete_epi,230,0.893970,0.039114,6.323803e-05,1.938434e-04,1316,0.026076,9.273554e-05,0.052152,4.759550e-05,1.419673e-01,145,1,0,1,1,0
021_bleach_cleanser,s0_gate_070_021_bleach_cleanser_t9,complete_epi,124,0.935209,0.039086,1.128041e-05,2.166885e-05,876,0.026057,2.459353e-06,0.052114,2.618878e-05,0.000000e+00,84,1,0,1,1,0
021_bleach_cleanser,s0_gate_070_021_bleach_cleanser_t10,complete_epi,131,0.878746,0.039375,1.897453e-05,1.111778e-04,1100,0.026250,4.963807e-06,0.052500,2.604436e-05,0.000000e+00,97,1,0,1,1,1
021_bleach_cleanser,s0_gate_070_021_bleach_cleanser_t11,complete_epi,19,0.954548,0.019747,1.154378e-04,2.499589e-04,2098,0.013164,1.259988e-04,0.026329,7.923230e-05,8.061703e+00,2064,1,0,1,1,0
021_bleach_cleanser,s0_gate_070_021_bleach_cleanser_t12,complete_epi,156,0.912184,0.040845,5.890018e-05,2.028875e-04,1308,0.027230,8.582150e-05,0.054460,2.979695e-05,1.273246e-01,201,1,0,1,1,1
021_bleach_cleanser,s0_gate_070_021_bleach_cleanser_t13,complete_epi,131,0.920622,0.039703,2.729970e-05,7.866352e-05,1078,0.026469,8.641379e-06,0.052938,3.308995e-05,0.000000e+00,71,1,0,1,1,0
021_bleach_cleanser,s0_gate_070_021_bleach_cleanser_t14,complete_epi,5,0.943886,0.027685,7.107428e-06,1.965535e-05,1676,0.018457,9.058901e-06,0.036913,7.896056e-06,5.420786e-01,269,1,0,1,1,0
021_bleach_cleanser,s0_gate_070_021_bleach_cleanser_t15,complete_epi,526,0.873123,0.039558,7.470831e-06,6.988550e-05,842,0.026372,1.058844e-06,0.052744,1.523941e-05,0.000000e+00,138,1,0,1,1,1
021_bleach_cleanser,s0_gate_070_021_bleach_cleanser_t16,complete_epi,95,0.933540,0.039598,1.681588e-06,1.323389e-05,623,0.026399,0.000000e+00,0.052797,7.118646e-06,0.000000e+00,68,1,0,1,1,0
021_bleach_cleanser,s0_gate_070_021_bleach_cleanser_t17,complete_epi,32,0.909482,0.039895,2.131395e-05,1.742064e-04,1070,0.026597,3.108508e-05,0.053193,1.962886e-05,0.000000e+00,163,1,0,1,1,1
021_bleach_cleanser,s0_gate_070_021_bleach_cleanser_t18,complete_epi,80,0.904391,0.038638,1.915927e-05,1.723313e-05,485,0.025758,0.000000e+00,0.051517,3.447986e-05,0.000000e+00,52,1,0,1,1,0
021_bleach_cleanser,s0_gate_070_021_bleach_cleanser_t19,complete_epi,45,0.917060,0.039739,1.077555e-05,5.160310e-05,934,0.026493,3.940328e-06,0.052986,2.243549e-05,0.000000e+00,61,1,0,1,1,1
061_foam_brick,s0_gate_070_061_foam_brick_t0,complete_epi,659,0.877199,0.016189,2.755939e-05,1.707955e-05,613,0.010793,1.540263e-05,0.021586,2.441501e-05,7.428523e-01,951,1,0,1,1,1
061_foam_brick,s0_gate_070_061_foam_brick_t1,complete_epi,65,0.960536,0.016530,1.235502e-06,1.034478e-06,764,0.011020,2.028190e-06,0.022041,1.857456e-06,9.297434e-01,1328,1,0,1,1,1
061_foam_brick,s0_gate_070_061_foam_brick_t2,complete_epi,1150,0.780649,0.016737,8.800265e-06,5.038855e-05,542,0.011158,3.830336e-06,0.022316,1.409102e-05,2.083528e+00,955,1,0,1,1,1
061_foam_brick,s0_gate_070_061_foam_brick_t3,complete_epi,1289,0.589558,0.016999,9.417420e-07,5.268259e-06,760,0.011333,5.602389e-07,0.022665,2.872946e-06,1.092378e+00,1318,1,0,1,1,0
061_foam_brick,s0_gate_070_061_foam_brick_t4,complete_epi,609,0.932524,0.017031,3.910111e-06,1.074776e-05,1178,0.011354,2.178175e-06,0.022708,1.091405e-05,1.267841e+00,1116,1,0,1,1,1
061_foam_brick,s0_gate_070_061_foam_brick_t5,complete_epi,1173,0.763729,0.016743,4.149480e-06,1.451599e-05,684,0.011162,7.769249e-06,0.022324,6.483255e-06,8.987815e-01,1013,1,0,1,1,1
061_foam_brick,s0_gate_070_061_foam_brick_t6,complete_epi,21,0.948464,0.016796,1.043458e-06,2.904385e-06,867,0.011198,1.445488e-06,0.022395,2.469961e-06,8.015302e-01,926,1,0,1,1,1
061_foam_brick,s0_gate_070_061_foam_brick_t7,complete_epi,680,0.892577,0.017518,5.148027e-07,7.453894e-07,1452,0.011679,5.304786e-07,0.023358,5.814544e-07,1.125299e+00,1867,1,0,1,1,1
061_foam_brick,s0_gate_070_061_foam_brick_t8,complete_epi,520,0.893096,0.016852,8.230164e-07,3.468176e-06,1430,0.011235,8.112523e-07,0.022469,2.654509e-06,1.447745e+00,1947,1,0,1,1,1
061_foam_brick,s0_gate_070_061_foam_brick_t9,complete_epi,334,0.925853,0.016690,3.916998e-06,2.145872e-06,846,0.011127,1.036446e-06,0.022254,1.434585e-05,6.673057e-01,1107,1,0,1,1,1
061_foam_brick,s0_gate_070_061_foam_brick_t10,complete_epi,1051,0.808701,0.016578,2.620767e-06,1.206626e-05,962,0.011052,1.899137e-06,0.022104,2.990133e-06,1.138501e+00,1211,1,0,1,1,1
061_foam_brick,s0_gate_070_061_foam_brick_t11,complete_epi,1282,0.763221,0.015990,2.946072e-06,1.082060e-05,689,0.010660,3.600731e-06,0.021319,3.151237e-06,8.781769e-01,1277,1,0,1,1,1
061_foam_brick,s0_gate_070_061_foam_brick_t12,complete_epi,10,0.964232,0.016520,2.287993e-06,2.032408e-06,739,0.011013,1.443961e-06,0.022027,1.099946e-05,7.913292e-01,923,1,0,1,1,1
061_foam_brick,s0_gate_070_061_foam_brick_t13,complete_epi,356,0.893232,0.015833,6.655524e-06,2.481065e-05,464,0.010555,6.918134e-06,0.021110,7.494853e-06,1.805009e+00,1710,1,0,1,1,1
061_foam_brick,s0_gate_070_061_foam_brick_t14,complete_epi,895,0.860229,0.016162,2.503563e-06,4.639185e-06,726,0.010774,2.769749e-06,0.021549,5.568068e-06,1.104225e+00,923,1,0,1,1,1
061_foam_brick,s0_gate_070_061_foam_brick_t15,complete_epi,769,0.889065,0.017170,2.325748e-06,1.094493e-05,1264,0.011447,3.542902e-06,0.022894,1.063288e-05,3.041275e+00,1798,1,0,1,1,0
061_foam_brick,s0_gate_070_061_foam_brick_t16,complete_epi,3,0.976424,0.016574,2.103494e-06,2.621248e-06,473,0.011050,1.034008e-06,0.022099,1.191815e-05,1.055470e+00,917,1,0,1,1,1
061_foam_brick,s0_gate_070_061_foam_brick_t17,complete_epi,641,0.894428,0.017909,5.866145e-07,1.014031e-06,1268,0.011940,5.936011e-07,0.023879,5.562463e-07,1.099895e+00,1685,1,0,1,1,0
061_foam_brick,s0_gate_070_061_foam_brick_t18,complete_epi,758,0.921780,0.017294,1.759431e-06,7.222657e-06,809,0.011529,1.766576e-06,0.023058,1.988516e-06,1.477234e+00,1940,1,0,1,1,0
061_foam_brick,s0_gate_070_061_foam_brick_t19,complete_epi,52,0.961373,0.016318,5.388962e-07,3.919561e-06,253,0.010879,6.132811e-07,0.021757,1.349308e-05,1.671855e+00,1127,1,0,1,1,1
010_potted_meat_can,s1_gate_off_010_potted_meat_can_t0,complete_only,143,0.790290,0.021428,8.901632e-06,4.813834e-05,709,0.014286,1.043842e-05,0.028571,9.523310e-06,5.501132e-01,619,1,0,1,1,1
010_potted_meat_can,s1_gate_off_010_potted_meat_can_t1,complete_only,3,0.843718,0.021060,4.417679e-06,6.271926e-06,561,0.014040,2.203307e-06,0.028080,4.260398e-06,3.715284e-01,573,1,0,1,1,1
010_potted_meat_can,s1_gate_off_010_potted_meat_can_t2,complete_only,2,0.844238,0.020754,1.814543e-06,5.959263e-06,794,0.013836,2.072665e-06,0.027672,1.498865e-06,5.288965e-01,722,1,0,1,1,1
010_potted_meat_can,s1_gate_off_010_potted_meat_can_t3,complete_only,1,0.890450,0.020793,1.837064e-06,7.852732e-06,834,0.013862,1.473469e-06,0.027724,1.976876e-06,5.601306e-01,657,1,0,1,1,0
010_potted_meat_can,s1_gate_off_010_potted_meat_can_t4,complete_only,115,0.818881,0.020518,4.399563e-06,8.410162e-06,690,0.013678,3.576668e-06,0.027357,5.956612e-06,7.257423e-01,682,1,0,1,1,1
010_potted_meat_can,s1_gate_off_010_potted_meat_can_t5,complete_only,59,0.848169,0.021244,9.617242e-07,2.773796e-06,755,0.014163,1.040579e-06,0.028325,9.259753e-07,4.136423e-01,654,1,0,1,1,1
010_potted_meat_can,s1_gate_off_010_potted_meat_can_t6,complete_only,20,0.841435,0.026267,7.731519e-06,7.757426e-05,1845,0.017511,8.111980e-06,0.035023,9.140364e-06,6.841098e-01,748,1,0,1,1,1
010_potted_meat_can,s1_gate_off_010_potted_meat_can_t7,complete_only,299,0.776183,0.020919,3.665301e-06,2.400737e-06,503,0.013946,1.927520e-06,0.027892,5.180655e-06,5.001174e-01,667,1,0,1,1,1
010_potted_meat_can,s1_gate_off_010_potted_meat_can_t8,complete_only,13,0.915138,0.019862,5.277959e-06,4.378077e-05,652,0.013242,6.597629e-06,0.026483,4.996880e-06,4.079091e-01,621,1,0,1,1,1
010_potted_meat_can,s1_gate_off_010_potted_meat_can_t9,complete_only,2,0.920997,0.020980,3.280534e-07,1.579565e-06,431,0.013987,1.504060e-07,0.027973,4.992767e-06,5.098079e-01,719,1,0,1,1,1
010_potted_meat_can,s1_gate_off_010_potted_meat_can_t10,complete_only,21,0.837323,0.020946,1.446502e-06,3.909625e-06,864,0.013964,1.587230e-06,0.027928,1.420215e-06,6.431063e-01,816,1,0,1,1,1
010_potted_meat_can,s1_gate_off_010_potted_meat_can_t11,complete_only,100,0.874267,0.020547,1.780242e-06,6.196736e-06,698,0.013698,1.609727e-06,0.027397,1.896243e-06,4.222375e-01,604,1,0,1,1,0
010_potted_meat_can,s1_gate_off_010_potted_meat_can_t12,complete_only,3,0.915711,0.019934,8.610257e-07,2.394683e-06,700,0.013290,9.662617e-07,0.026579,7.694028e-07,3.684657e-01,702,1,0,1,1,1
010_potted_meat_can,s1_gate_off_010_potted_meat_can_t13,complete_only,0,0.735914,0.003225,1.439529e-06,5.373385e-06,3119,0.002150,2.943189e-06,0.004299,3.003806e-07,1.830355e+00,8159,0,0,1,1,
010_potted_meat_can,s1_gate_off_010_potted_meat_can_t14,complete_only,9,0.881484,0.021230,5.005179e-06,1.423522e-05,529,0.014153,3.332477e-06,0.028306,5.676215e-06,3.756115e-01,553,1,0,1,1,1
010_potted_meat_can,s1_gate_off_010_potted_meat_can_t15,complete_only,0,0.934677,0.021051,5.632717e-06,2.598309e-06,647,0.014034,1.007201e-06,0.028067,1.299131e-05,2.890387e-01,546,1,0,1,1,1
010_potted_meat_can,s1_gate_off_010_potted_meat_can_t16,complete_only,112,0.799803,0.021011,4.737404e-06,3.404424e-05,797,0.014008,5.653724e-06,0.028015,4.365578e-06,3.922842e-01,609,1,0,1,1,1
010_potted_meat_can,s1_gate_off_010_potted_meat_can_t17,complete_only,36,0.881548,0.020664,1.156400e-05,7.119363e-05,738,0.013776,7.719037e-06,0.027552,1.409257e-05,5.872493e-01,628,1,0,1,1,1
010_potted_meat_can,s1_gate_off_010_potted_meat_can_t18,complete_only,440,0.882254,0.030846,1.079916e-05,4.911987e-05,4395,0.020564,4.657644e-06,0.041127,1.910495e-05,1.532263e+00,1663,1,0,1,1,0
010_potted_meat_can,s1_gate_off_010_potted_meat_can_t19,complete_only,81,0.937064,0.020613,8.932365e-07,2.522787e-06,676,0.013742,8.429534e-07,0.027485,9.563079e-07,3.843543e-01,641,1,0,1,1,0
005_tomato_soup_can,s1_gate_010_005_tomato_soup_can_t0,complete_epi,37,0.880673,0.019058,5.627295e-07,1.665855e-06,546,0.012706,6.383678e-07,0.025411,5.502291e-07,3.332502e-01,756,1,0,1,1,1
005_tomato_soup_can,s1_gate_010_005_tomato_soup_can_t1,complete_epi,22,0.887270,0.019077,8.179260e-07,1.644308e-06,704,0.012718,8.278825e-07,0.025436,8.136041e-07,4.965915e-01,906,1,0,1,1,1
005_tomato_soup_can,s1_gate_010_005_tomato_soup_can_t3,complete_epi,4,0.884243,0.018835,6.681936e-07,1.846384e-06,502,0.012557,4.217639e-07,0.025113,7.383746e-07,2.983590e-01,712,1,0,1,1,1
005_tomato_soup_can,s1_gate_010_005_tomato_soup_can_t4,complete_epi,6,0.889026,0.019142,8.479938e-07,1.676035e-06,601,0.012761,8.402098e-07,0.025522,6.966524e-07,3.789315e-01,781,1,0,1,1,1
005_tomato_soup_can,s1_gate_010_005_tomato_soup_can_t5,complete_epi,39,0.885793,0.019137,5.847892e-07,1.668366e-06,494,0.012758,6.308378e-07,0.025515,5.904433e-07,2.567050e-01,658,1,0,1,1,1
005_tomato_soup_can,s1_gate_010_005_tomato_soup_can_t6,complete_epi,9,0.885654,0.018993,6.487780e-07,1.692846e-06,541,0.012662,5.471002e-07,0.025325,6.549569e-07,3.331617e-01,716,1,0,1,1,1
005_tomato_soup_can,s1_gate_010_005_tomato_soup_can_t7,complete_epi,41,0.860570,0.018914,7.315943e-07,1.350984e-06,642,0.012609,7.425017e-07,0.025219,7.614162e-07,4.278485e-01,818,1,0,1,1,0
005_tomato_soup_can,s1_gate_010_005_tomato_soup_can_t8,complete_epi,10,0.891186,0.018775,9.862537e-07,2.371971e-06,515,0.012517,1.146095e-06,0.025033,8.060217e-07,2.771887e-01,659,1,0,1,1,1
005_tomato_soup_can,s1_gate_010_005_tomato_soup_can_t9,complete_epi,43,0.870743,0.018803,7.739167e-07,1.557633e-06,659,0.012535,7.642860e-07,0.025071,7.923816e-07,4.604482e-01,860,1,0,1,1,0
005_tomato_soup_can,s1_gate_010_005_tomato_soup_can_t10,complete_epi,6,0.906036,0.019267,8.781395e-07,1.552810e-06,761,0.012845,8.882653e-07,0.025689,8.746778e-07,5.130628e-01,881,1,0,1,1,1
005_tomato_soup_can,s1_gate_010_005_tomato_soup_can_t11,complete_epi,52,0.877109,0.019104,7.795541e-07,1.458628e-06,680,0.012736,7.580333e-07,0.025472,7.944901e-07,5.009221e-01,913,1,0,1,1,1
005_tomato_soup_can,s1_gate_010_005_tomato_soup_can_t12,complete_epi,79,0.860765,0.019118,7.912816e-07,1.534092e-06,826,0.012745,7.317155e-07,0.025490,7.764817e-07,4.529790e-01,884,1,0,1,1,1
005_tomato_soup_can,s1_gate_010_005_tomato_soup_can_t13,complete_epi,23,0.870606,0.018983,6.526532e-07,1.365020e-06,603,0.012655,6.141661e-07,0.025310,6.578925e-07,3.095591e-01,780,1,0,1,1,1
005_tomato_soup_can,s1_gate_010_005_tomato_soup_can_t14,complete_epi,47,0.870659,0.019114,4.879346e-07,1.558709e-06,508,0.012743,4.648016e-07,0.025485,5.423017e-07,3.332371e-01,749,1,0,1,1,1
005_tomato_soup_can,s1_gate_010_005_tomato_soup_can_t15,complete_epi,53,0.882703,0.019257,7.368979e-07,1.622155e-06,587,0.012838,6.770086e-07,0.025675,7.576346e-07,3.258077e-01,753,1,0,1,1,1
005_tomato_soup_can,s1_gate_010_005_tomato_soup_can_t16,complete_epi,18,0.883978,0.019048,7.996311e-07,1.470545e-06,650,0.012699,8.189587e-07,0.025398,7.927501e-07,4.929350e-01,927,1,0,1,1,1
005_tomato_soup_can,s1_gate_010_005_tomato_soup_can_t17,complete_epi,17,0.871708,0.019107,1.112939e-06,1.908635e-06,728,0.012738,1.553351e-06,0.025476,1.052081e-06,5.352907e-01,973,1,0,1,1,0
005_tomato_soup_can,s1_gate_010_005_tomato_soup_can_t18,complete_epi,17,0.883841,0.018888,8.391513e-07,1.660897e-06,729,0.012592,8.418469e-07,0.025183,8.542803e-07,4.938582e-01,903,1,0,1,1,1
005_tomato_soup_can,s1_gate_010_005_tomato_soup_can_t19,complete_epi,61,0.862851,0.018809,8.001604e-07,1.508864e-06,692,0.012540,7.995345e-07,0.025079,8.111492e-07,3.930109e-01,784,1,0,1,1,1
035_power_drill,s1_gate_010_035_power_drill_t0,complete_epi,741,0.771861,0.041747,9.345039e-07,4.734386e-06,809,0.027831,2.719001e-08,0.055663,8.700646e-07,0.000000e+00,153,1,0,1,1,1
035_power_drill,s1_gate_010_035_power_drill_t1,complete_epi,0,0.944400,0.022024,7.820995e-06,2.248522e-05,2704,0.014682,4.764997e-06,0.029365,1.987748e-05,2.251531e+00,1351,1,0,1,1,0
035_power_drill,s1_gate_010_035_power_drill_t3,complete_epi,103,0.895180,0.046607,5.424833e-04,2.356888e-03,838,0.031072,8.582498e-04,0.062143,4.239568e-04,1.839959e-01,132,1,0,1,1,1
035_power_drill,s1_gate_010_035_power_drill_t4,complete_epi,159,0.905910,0.063040,1.600537e-04,6.683273e-04,10046,0.042027,5.015464e-04,0.084053,1.803845e-04,2.549945e+00,87,1,0,1,1,0
035_power_drill,s1_gate_010_035_power_drill_t5,complete_epi,21,0.958766,0.015372,2.785915e-05,1.398393e-04,597,0.010248,1.699615e-05,0.020497,2.797695e-05,1.559181e+00,2118,1,0,1,1,0
035_power_drill,s1_gate_010_035_power_drill_t6,complete_epi,125,0.923996,0.041944,2.663639e-06,8.555677e-06,800,0.027963,1.081634e-06,0.055926,9.417752e-06,0.000000e+00,149,1,0,1,1,1
035_power_drill,s1_gate_010_035_power_drill_t7,complete_epi,771,0.752076,0.042714,8.548121e-05,4.417812e-04,976,0.028476,1.956988e-04,0.056952,4.837571e-05,1.971209e-01,149,1,0,1,1,0
035_power_drill,s1_gate_010_035_power_drill_t9,complete_epi,1244,0.672022,0.046805,4.045727e-06,9.275044e-06,3881,0.031203,1.038359e-06,0.062406,8.890561e-06,0.000000e+00,206,1,0,1,1,0
035_power_drill,s1_gate_010_035_power_drill_t10,complete_epi,7,0.950311,0.035588,3.277208e-04,1.110639e-03,1170,0.023725,3.089904e-04,0.047450,2.867608e-04,1.382399e+00,382,1,0,1,1,0
035_power_drill,s1_gate_010_035_power_drill_t11,complete_epi,0,0.950097,0.018366,1.607333e-04,3.966207e-04,924,0.012244,1.656889e-04,0.024488,1.518049e-04,3.979485e+00,682,1,0,1,1,0
035_power_drill,s1_gate_010_035_power_drill_t12,complete_epi,597,0.824147,0.055586,5.403387e-06,7.400498e-06,4609,0.037057,2.392717e-06,0.074114,2.608984e-05,6.645087e-01,493,1,0,1,1,0
035_power_drill,s1_gate_010_035_power_drill_t13,complete_epi,157,0.885619,0.039270,2.088404e-06,8.067240e-06,1031,0.026180,2.242548e-06,0.052359,6.929902e-06,1.824672e-01,219,1,0,1,1,1
035_power_drill,s1_gate_010_035_power_drill_t14,complete_epi,1271,0.722714,0.038859,1.680414e-04,8.828754e-04,738,0.025906,3.636038e-04,0.051812,1.191662e-04,2.575655e-02,198,1,0,1,1,1
035_power_drill,s1_gate_010_035_power_drill_t16,complete_epi,271,0.940697,0.034127,2.048506e-04,1.029096e-03,2965,0.022752,1.596347e-04,0.045503,1.441199e-04,7.845846e+00,1407,1,0,1,1,0
035_power_drill,s1_gate_010_035_power_drill_t17,complete_epi,107,0.869823,0.023540,2.293933e-05,8.438855e-05,1830,0.015693,2.414646e-05,0.031387,2.146514e-05,1.628929e+00,1247,1,0,1,1,1
035_power_drill,s1_gate_010_035_power_drill_t18,complete_epi,19,0.920114,0.045115,2.742028e-05,7.460132e-06,5091,0.030077,3.895383e-06,0.060153,3.220254e-05,1.945811e+00,1214,1,0,1,1,0
035_power_drill,s1_gate_010_035_power_drill_t19,complete_epi,29,0.910503,0.046698,1.484148e-04,7.946423e-04,937,0.031132,1.261970e-04,0.062264,1.647182e-04,5.338406e-01,147,1,0,1,1,1
021_bleach_cleanser,s1_gate_020_021_bleach_cleanser_t0,complete_epi,3,0.940369,0.038889,1.202483e-04,6.637616e-04,554,0.025926,1.095112e-04,0.051852,8.983653e-05,2.141619e-01,124,1,0,1,1,1
021_bleach_cleanser,s1_gate_020_021_bleach_cleanser_t1,complete_epi,267,0.883493,0.040668,1.669989e-05,6.645292e-05,1107,0.027112,2.035720e-05,0.054224,1.550113e-05,6.852336e-02,80,1,0,1,1,0
021_bleach_cleanser,s1_gate_020_021_bleach_cleanser_t2,complete_epi,31,0.937670,0.039132,4.597492e-05,4.014952e-04,926,0.026088,8.121193e-05,0.052176,2.648525e-05,1.242655e-01,160,1,0,1,1,1
021_bleach_cleanser,s1_gate_020_021_bleach_cleanser_t3,complete_epi,527,0.860785,0.039620,5.425690e-05,2.391743e-04,797,0.026413,1.163063e-04,0.052826,5.040753e-05,1.106567e-01,124,1,0,1,1,1
021_bleach_cleanser,s1_gate_020_021_bleach_cleanser_t4,complete_epi,931,0.759647,0.039814,5.836611e-05,2.640927e-04,970,0.026543,1.109865e-04,0.053085,4.026383e-05,1.348336e-01,124,1,0,1,1,1
021_bleach_cleanser,s1_gate_020_021_bleach_cleanser_t5,complete_epi,427,0.878935,0.028515,1.859770e-05,7.267506e-05,1678,0.019010,1.807018e-05,0.038020,1.702602e-05,1.302202e-01,523,1,0,1,1,1
021_bleach_cleanser,s1_gate_020_021_bleach_cleanser_t6,complete_epi,451,0.825609,0.039683,7.080226e-05,3.517907e-04,799,0.026455,6.897625e-05,0.052910,6.574867e-05,0.000000e+00,41,1,0,1,1,0
021_bleach_cleanser,s1_gate_020_021_bleach_cleanser_t7,complete_epi,0,0.952521,0.015672,3.512823e-06,1.126477e-05,1647,0.010448,3.083356e-06,0.020896,6.263425e-06,2.763391e-01,754,1,0,1,1,0
021_bleach_cleanser,s1_gate_020_021_bleach_cleanser_t8,complete_epi,55,0.910189,0.040423,1.269257e-05,1.073553e-04,1145,0.026949,1.352893e-05,0.053897,1.161874e-05,0.000000e+00,167,1,0,1,1,1
021_bleach_cleanser,s1_gate_020_021_bleach_cleanser_t9,complete_epi,145,0.913177,0.039553,1.106489e-05,7.505959e-05,1076,0.026369,2.635723e-06,0.052738,2.432033e-05,0.000000e+00,58,1,0,1,1,1
021_bleach_cleanser,s1_gate_020_021_bleach_cleanser_t11,complete_epi,2,0.937249,0.019986,7.294536e-05,1.941419e-04,1032,0.013324,7.524381e-05,0.026649,6.457782e-05,1.648300e+00,520,1,0,1,1,0
021_bleach_cleanser,s1_gate_020_021_bleach_cleanser_t12,complete_epi,37,0.892703,0.038958,3.361969e-05,3.372501e-04,819,0.025972,4.444994e-05,0.051943,2.885753e-05,0.000000e+00,125,1,0,1,1,1
021_bleach_cleanser,s1_gate_020_021_bleach_cleanser_t13,complete_epi,140,0.917957,0.039507,4.323403e-05,2.549755e-04,1123,0.026338,7.331734e-05,0.052675,3.424244e-05,0.000000e+00,101,1,0,1,1,1
021_bleach_cleanser,s1_gate_020_021_bleach_cleanser_t14,complete_epi,3,0.936188,0.038994,9.025722e-05,5.150181e-04,988,0.025996,6.556968e-05,0.051992,7.471613e-05,1.173822e-01,130,1,0,1,1,1
021_bleach_cleanser,s1_gate_020_021_bleach_cleanser_t15,complete_epi,422,0.894765,0.039602,8.085995e-05,3.697520e-04,1364,0.026401,1.155052e-04,0.052802,5.692556e-05,2.314169e-01,151,1,0,1,1,1
021_bleach_cleanser,s1_gate_020_021_bleach_cleanser_t16,complete_epi,40,0.944943,0.039417,1.045355e-05,2.754071e-05,1323,0.026278,1.104667e-05,0.052556,9.157933e-06,2.279594e-01,131,1,0,1,1,0
021_bleach_cleanser,s1_gate_020_021_bleach_cleanser_t17,complete_epi,3,0.949098,0.033916,1.335276e-05,6.430121e-05,4660,0.022611,8.378529e-06,0.045222,2.077157e-05,1.010609e+00,615,1,0,1,1,0
021_bleach_cleanser,s1_gate_020_021_bleach_cleanser_t18,complete_epi,222,0.884082,0.040137,1.154954e-05,8.953688e-05,994,0.026758,9.771129e-06,0.053516,9.670403e-06,0.000000e+00,202,1,0,1,1,1
021_bleach_cleanser,s1_gate_020_021_bleach_cleanser_t19,complete_epi,39,0.897020,0.038599,4.420840e-05,1.531593e-04,950,0.025733,5.323232e-05,0.051466,3.090386e-05,9.592327e-02,106,1,0,1,1,1
061_foam_brick,s1_gate_020_061_foam_brick_t0,complete_epi,1032,0.845514,0.016198,3.861010e-05,1.476578e-04,473,0.010799,6.404455e-05,0.021597,2.722250e-05,7.202046e-01,1002,1,0,1,1,1
061_foam_brick,s1_gate_020_061_foam_brick_t1,complete_epi,1106,0.764146,0.017023,3.517128e-06,1.522716e-05,673,0.011348,3.003612e-06,0.022697,4.135307e-06,1.396937e+00,1483,1,0,1,1,1
061_foam_brick,s1_gate_020_061_foam_brick_t2,complete_epi,828,0.868761,0.017427,6.138872e-07,1.491556e-06,938,0.011618,9.523551e-07,0.023236,5.794840e-07,1.230593e+00,1844,1,0,1,1,0
061_foam_brick,s1_gate_020_061_foam_brick_t3,complete_epi,319,0.924292,0.017403,4.430138e-06,8.892075e-06,1557,0.011602,4.938050e-06,0.023204,7.713668e-06,1.951700e+00,1773,1,0,1,1,1
061_foam_brick,s1_gate_020_061_foam_brick_t4,complete_epi,1187,0.697801,0.016615,3.738846e-06,1.483560e-05,830,0.011076,3.915713e-06,0.022153,5.822963e-06,1.013687e+00,1075,1,0,1,1,1
061_foam_brick,s1_gate_020_061_foam_brick_t5,complete_epi,0,0.978227,0.016362,7.886467e-07,1.559761e-06,839,0.010908,8.798164e-07,0.021816,1.228359e-05,1.657788e+00,1030,1,0,1,1,1
061_foam_brick,s1_gate_020_061_foam_brick_t6,complete_epi,1054,0.708722,0.017323,1.102863e-06,4.923525e-06,971,0.011548,6.113112e-07,0.023097,2.069954e-06,1.024587e+00,1119,1,0,1,1,0
061_foam_brick,s1_gate_020_061_foam_brick_t7,complete_epi,1092,0.780816,0.017390,4.794091e-06,1.754381e-05,504,0.011593,4.760509e-06,0.023187,8.162423e-06,1.476194e+00,895,1,0,1,1,1
061_foam_brick,s1_gate_020_061_foam_brick_t8,complete_epi,260,0.929321,0.016907,3.664674e-07,6.804236e-07,887,0.011271,3.342602e-07,0.022542,4.339641e-07,1.046120e+00,1739,1,0,1,1,0
061_foam_brick,s1_gate_020_061_foam_brick_t9,complete_epi,350,0.913849,0.016213,5.321395e-06,2.095058e-06,1008,0.010809,8.883483e-07,0.021618,2.001662e-05,9.529560e-01,858,1,0,1,1,1
061_foam_brick,s1_gate_020_061_foam_brick_t10,complete_epi,29,0.950593,0.017328,2.515940e-06,7.211068e-06,1392,0.011552,2.791558e-06,0.023104,4.395848e-06,1.825556e+00,2351,1,0,1,1,1
061_foam_brick,s1_gate_020_061_foam_brick_t11,complete_epi,259,0.931992,0.016582,6.236119e-06,4.840952e-05,1172,0.011055,1.636488e-06,0.022109,7.097110e-06,1.825729e+00,2084,1,0,1,1,0
061_foam_brick,s1_gate_020_061_foam_brick_t12,complete_epi,618,0.904361,0.016943,6.035251e-07,1.009130e-06,1103,0.011295,6.390427e-07,0.022591,7.879730e-07,5.983004e-01,1126,1,0,1,1,0
061_foam_brick,s1_gate_020_061_foam_brick_t13,complete_epi,2,0.951826,0.015802,2.460682e-06,9.725161e-06,715,0.010535,3.183057e-06,0.021070,5.279670e-06,8.018449e-01,873,1,0,1,1,1
061_foam_brick,s1_gate_020_061_foam_brick_t14,complete_epi,869,0.856505,0.016188,2.852003e-06,8.813662e-06,605,0.010792,1.654768e-06,0.021583,2.974887e-06,7.948661e-01,1003,1,0,1,1,1
061_foam_brick,s1_gate_020_061_foam_brick_t15,complete_epi,7,0.934355,0.016112,8.207505e-06,4.845000e-06,949,0.010741,1.115464e-06,0.021483,4.364291e-05,2.134871e+00,1094,1,0,1,1,1
061_foam_brick,s1_gate_020_061_foam_brick_t16,complete_epi,359,0.951340,0.017249,4.215519e-05,1.144030e-04,855,0.011499,1.506526e-05,0.022999,3.858539e-05,2.007555e+00,1062,1,0,1,1,1
061_foam_brick,s1_gate_020_061_foam_brick_t17,complete_epi,1360,0.556308,0.015814,7.573364e-06,4.757570e-05,765,0.010542,8.214532e-06,0.021085,8.899120e-06,1.121294e+00,1081,1,0,1,1,1
061_foam_brick,s1_gate_020_061_foam_brick_t18,complete_epi,213,0.926462,0.016846,5.014018e-07,6.979062e-07,1183,0.011231,4.901351e-07,0.022462,8.148908e-07,1.207360e+00,1782,1,0,1,1,1
061_foam_brick,s1_gate_020_061_foam_brick_t19,complete_epi,7,0.957664,0.017195,8.160988e-07,2.014655e-06,948,0.011463,7.381181e-07,0.022926,9.664972e-07,1.472200e+00,1910,1,0,1,1,1
010_potted_meat_can,s1_gate_030_010_potted_meat_can_t0,complete_epi,154,0.787858,0.021428,2.925983e-06,2.572299e-06,675,0.014286,1.215016e-06,0.028571,4.442599e-06,7.513078e-01,903,1,0,1,1,1
010_potted_meat_can,s1_gate_030_010_potted_meat_can_t2,complete_epi,2,0.892032,0.020748,9.033257e-06,5.254676e-06,681,0.013832,5.386487e-06,0.027665,9.583731e-06,5.004355e-01,691,1,0,1,1,1
010_potted_meat_can,s1_gate_030_010_potted_meat_can_t3,complete_epi,892,0.926355,0.016966,9.918999e-07,3.493325e-06,3905,0.011310,1.048725e-06,0.022621,8.869123e-07,1.679369e+00,3541,1,0,1,1,0
010_potted_meat_can,s1_gate_030_010_potted_meat_can_t4,complete_epi,188,0.817708,0.020510,2.769414e-06,5.828209e-06,589,0.013673,2.553693e-06,0.027346,3.908909e-06,7.445599e-01,716,1,0,1,1,1
010_potted_meat_can,s1_gate_030_010_potted_meat_can_t5,complete_epi,119,0.858586,0.020999,1.047352e-06,3.132933e-06,680,0.013999,1.051762e-06,0.027998,2.144783e-06,3.806902e-01,621,1,0,1,1,1
010_potted_meat_can,s1_gate_030_010_potted_meat_can_t6,complete_epi,330,0.759337,0.020987,1.734687e-06,6.757776e-06,547,0.013991,1.177787e-06,0.027982,2.441320e-06,1.043735e-01,365,1,0,1,1,0
010_potted_meat_can,s1_gate_030_010_potted_meat_can_t7,complete_epi,8,0.829183,0.021105,2.340693e-06,2.148533e-06,518,0.014070,1.386543e-06,0.028140,3.581463e-06,4.346094e-01,658,1,0,1,1,1
010_potted_meat_can,s1_gate_030_010_potted_meat_can_t8,complete_epi,237,0.918542,0.014110,1.385597e-05,4.876150e-05,1196,0.009406,1.554174e-05,0.018813,1.296671e-05,1.160918e+00,979,1,0,1,1,0
010_potted_meat_can,s1_gate_030_010_potted_meat_can_t9,complete_epi,0,0.913119,0.021274,7.644913e-06,3.919370e-06,601,0.014183,1.040695e-06,0.028365,7.816534e-06,3.850194e-01,634,1,0,1,1,1
010_potted_meat_can,s1_gate_030_010_potted_meat_can_t10,complete_epi,39,0.889911,0.020887,1.543204e-06,5.146073e-06,857,0.013925,1.515184e-06,0.027849,1.660356e-06,6.593038e-01,784,1,0,1,1,1
010_potted_meat_can,s1_gate_030_010_potted_meat_can_t11,complete_epi,64,0.846250,0.020661,2.423764e-06,7.252089e-06,677,0.013774,2.159780e-06,0.027548,2.696959e-06,7.060969e-01,777,1,0,1,1,1
010_potted_meat_can,s1_gate_030_010_potted_meat_can_t12,complete_epi,2,0.887020,0.019887,8.187792e-07,1.705725e-06,692,0.013258,9.404525e-07,0.026516,7.579788e-07,5.764175e-02,245,1,0,1,1,1
010_potted_meat_can,s1_gate_030_010_potted_meat_can_t13,complete_epi,0,0.926776,0.020851,6.784479e-06,2.169731e-06,664,0.013901,8.477281e-07,0.027802,9.808676e-06,3.431671e-01,630,1,0,1,1,1
010_potted_meat_can,s1_gate_030_010_potted_meat_can_t14,complete_epi,34,0.802253,0.020970,4.010809e-06,3.804887e-06,949,0.013980,3.134117e-06,0.027960,4.026254e-06,7.673007e-01,831,1,0,1,1,0
010_potted_meat_can,s1_gate_030_010_potted_meat_can_t15,complete_epi,0,0.928269,0.021054,6.149568e-07,2.093981e-06,457,0.014036,5.028589e-07,0.028072,8.111873e-06,3.197014e-01,587,1,0,1,1,1
010_potted_meat_can,s1_gate_030_010_potted_meat_can_t16,complete_epi,9,0.864514,0.021500,1.555269e-06,2.825374e-06,641,0.014333,1.712460e-06,0.028666,3.727187e-06,5.068818e-01,717,1,0,1,1,1
010_potted_meat_can,s1_gate_030_010_potted_meat_can_t17,complete_epi,2,0.841164,0.020663,7.144356e-06,2.624816e-05,718,0.013775,5.408087e-06,0.027551,8.653227e-06,6.163761e-01,639,1,0,1,1,0
010_potted_meat_can,s1_gate_030_010_potted_meat_can_t18,complete_epi,279,0.872923,0.019803,8.897509e-07,3.017873e-06,576,0.013202,9.870309e-07,0.026404,8.085025e-07,1.857823e-01,526,1,0,1,1,1
010_potted_meat_can,s1_gate_030_010_potted_meat_can_t19,complete_epi,1,0.928767,0.020780,8.668645e-07,2.339105e-06,668,0.013853,8.945746e-07,0.027706,9.276238e-07,3.904774e-01,634,1,0,1,1,1
005_tomato_soup_can,s1_gate_050_005_tomato_soup_can_t0,complete_epi,55,0.871729,0.019058,7.760231e-07,1.580307e-06,568,0.012706,7.018832e-07,0.025411,8.222847e-07,3.117022e-01,718,1,0,1,1,1
005_tomato_soup_can,s1_gate_050_005_tomato_soup_can_t1,complete_epi,25,0.876351,0.019116,7.223824e-07,1.587989e-06,528,0.012744,6.821394e-07,0.025488,7.420605e-07,3.034119e-01,735,1,0,1,1,1
005_tomato_soup_can,s1_gate_050_005_tomato_soup_can_t2,complete_epi,25,0.881377,0.018688,5.885261e-07,1.973153e-06,443,0.012459,4.371409e-07,0.024917,6.712545e-07,2.659260e-01,692,1,0,1,1,1
005_tomato_soup_can,s1_gate_050_005_tomato_soup_can_t3,complete_epi,55,0.871962,0.018837,5.392858e-07,1.816799e-06,447,0.012558,2.697008e-07,0.025116,6.763343e-07,2.713306e-01,696,1,0,1,1,1
005_tomato_soup_can,s1_gate_050_005_tomato_soup_can_t4,complete_epi,27,0.879656,0.019012,7.227681e-07,1.501895e-06,603,0.012675,6.740187e-07,0.025350,7.318296e-07,3.444660e-01,776,1,0,1,1,0
005_tomato_soup_can,s1_gate_050_005_tomato_soup_can_t5,complete_epi,16,0.886004,0.019145,7.119888e-07,1.943888e-06,493,0.012764,7.828304e-07,0.025527,6.418091e-07,2.989359e-01,689,1,0,1,1,1
005_tomato_soup_can,s1_gate_050_005_tomato_soup_can_t6,complete_epi,34,0.870089,0.019046,5.690136e-07,1.581996e-06,535,0.012697,5.370906e-07,0.025395,6.088011e-07,3.584714e-01,742,1,0,1,1,1
005_tomato_soup_can,s1_gate_050_005_tomato_soup_can_t7,complete_epi,56,0.865655,0.019026,7.357967e-07,1.519832e-06,635,0.012684,7.003847e-07,0.025369,7.558813e-07,3.638123e-01,823,1,0,1,1,1
005_tomato_soup_can,s1_gate_050_005_tomato_soup_can_t8,complete_epi,65,0.863466,0.019407,6.384756e-07,1.194362e-06,592,0.012938,5.921749e-07,0.025876,6.730024e-07,2.630259e-01,630,1,0,1,1,0
005_tomato_soup_can,s1_gate_050_005_tomato_soup_can_t9,complete_epi,30,0.879415,0.018801,6.135559e-07,1.251371e-06,573,0.012534,5.624489e-07,0.025069,6.487901e-07,3.124109e-01,766,1,0,1,1,1
005_tomato_soup_can,s1_gate_050_005_tomato_soup_can_t10,complete_epi,101,0.863939,0.018813,7.485355e-07,1.884313e-06,629,0.012542,6.572913e-07,0.025084,7.877963e-07,4.030730e-01,893,1,0,1,1,1
005_tomato_soup_can,s1_gate_050_005_tomato_soup_can_t11,complete_epi,50,0.874049,0.018953,6.091052e-07,1.701000e-06,492,0.012636,5.851966e-07,0.025271,6.189497e-07,3.007597e-01,706,1,0,1,1,1
005_tomato_soup_can,s1_gate_050_005_tomato_soup_can_t12,complete_epi,28,0.875878,0.019120,7.126111e-07,1.499624e-06,633,0.012746,6.649377e-07,0.025493,7.465512e-07,3.002414e-01,749,1,0,1,1,1
005_tomato_soup_can,s1_gate_050_005_tomato_soup_can_t13,complete_epi,88,0.861599,0.019070,6.159875e-07,1.661790e-06,478,0.012713,6.154947e-07,0.025426,6.281476e-07,2.652898e-01,672,1,0,1,1,1
005_tomato_soup_can,s1_gate_050_005_tomato_soup_can_t14,complete_epi,15,0.894538,0.019105,4.848042e-07,1.554414e-06,510,0.012737,4.529834e-07,0.025474,5.386471e-07,3.063136e-01,738,1,0,1,1,1
005_tomato_soup_can,s1_gate_050_005_tomato_soup_can_t15,complete_epi,25,0.895243,0.019231,7.855808e-07,1.592721e-06,592,0.012821,7.554785e-07,0.025642,7.919711e-07,2.970362e-01,705,1,0,1,1,1
005_tomato_soup_can,s1_gate_050_005_tomato_soup_can_t16,complete_epi,111,0.850374,0.019051,6.792392e-07,1.375492e-06,592,0.012701,6.124157e-07,0.025401,7.192328e-07,3.503667e-01,794,1,0,1,1,1
005_tomato_soup_can,s1_gate_050_005_tomato_soup_can_t17,complete_epi,9,0.896514,0.019088,6.875606e-07,1.735034e-06,558,0.012725,6.255220e-07,0.025451,7.072964e-07,2.991576e-01,733,1,0,1,1,1
005_tomato_soup_can,s1_gate_050_005_tomato_soup_can_t19,complete_epi,137,0.842207,0.018828,7.466958e-07,1.845863e-06,522,0.012552,7.269472e-07,0.025104,7.212174e-07,3.387819e-01,723,1,0,1,1,1
035_power_drill,s1_gate_050_035_power_drill_t0,complete_epi,838,0.732648,0.041747,4.773051e-07,3.251287e-06,698,0.027831,0.000000e+00,0.055663,8.735014e-07,0.000000e+00,164,1,0,1,1,1
035_power_drill,s1_gate_050_035_power_drill_t2,complete_epi,3,0.970952,0.020774,3.059833e-05,1.582755e-04,1747,0.013849,8.472803e-05,0.027698,2.848764e-05,2.459871e+00,1269,1,0,1,1,0
035_power_drill,s1_gate_050_035_power_drill_t3,complete_epi,58,0.898605,0.046248,1.861033e-04,1.551074e-03,1005,0.030832,1.250368e-04,0.061664,2.047266e-04,8.863247e-02,145,1,0,1,1,1
035_power_drill,s1_gate_050_035_power_drill_t4,complete_epi,6,0.900267,0.043317,0.000000e+00,0.000000e+00,477,0.028878,0.000000e+00,0.057756,3.834122e-05,0.000000e+00,68,1,0,1,1,0
035_power_drill,s1_gate_050_035_power_drill_t5,complete_epi,710,0.755051,0.041871,5.393350e-05,5.480143e-04,1113,0.027914,4.428879e-05,0.055829,7.583467e-05,2.222375e-01,184,1,0,1,1,0
035_power_drill,s1_gate_050_035_power_drill_t6,complete_epi,192,0.911178,0.042012,5.329979e-07,3.789756e-06,735,0.028008,0.000000e+00,0.056016,2.452303e-06,0.000000e+00,135,1,0,1,1,1
035_power_drill,s1_gate_050_035_power_drill_t7,complete_epi,325,0.930386,0.015231,4.782943e-05,2.074196e-04,1303,0.010154,4.756980e-05,0.020308,5.372079e-05,2.738348e+00,1921,1,0,1,1,0
035_power_drill,s1_gate_050_035_power_drill_t9,complete_epi,9,0.936930,0.061123,2.308028e-04,9.274507e-04,11835,0.040749,6.461297e-04,0.081498,3.494351e-04,3.023598e+00,828,1,0,1,1,0
035_power_drill,s1_gate_050_035_power_drill_t10,complete_epi,238,0.854639,0.048319,4.903532e-06,3.186752e-05,657,0.032213,6.532302e-07,0.064426,8.571596e-06,0.000000e+00,96,1,0,1,1,0
035_power_drill,s1_gate_050_035_power_drill_t11,complete_epi,45,0.912103,0.040869,0.000000e+00,0.000000e+00,480,0.027246,0.000000e+00,0.054493,0.000000e+00,0.000000e+00,111,1,0,1,1,1
035_power_drill,s1_gate_050_035_power_drill_t12,complete_epi,940,0.720095,0.045154,1.802893e-05,1.745305e-05,2827,0.030103,8.474065e-06,0.060206,2.127404e-05,3.141472e-01,369,1,0,1,1,0
035_power_drill,s1_gate_050_035_power_drill_t13,complete_epi,0,0.965938,0.019265,1.570264e-05,8.795736e-05,1806,0.012843,1.630090e-05,0.025686,1.919732e-05,2.249223e+00,1473,1,0,1,1,0
035_power_drill,s1_gate_050_035_power_drill_t14,complete_epi,29,0.917929,0.026314,1.132768e-06,2.547333e-06,1720,0.017542,8.982817e-07,0.035085,1.295879e-06,4.202743e-01,566,1,0,1,1,0
035_power_drill,s1_gate_050_035_power_drill_t15,complete_epi,602,0.777839,0.042589,6.898066e-05,3.539767e-04,748,0.028393,3.861953e-05,0.056786,1.457442e-04,6.938166e-02,130,1,0,1,1,0
035_power_drill,s1_gate_050_035_power_drill_t16,complete_epi,560,0.849276,0.060676,4.142391e-05,6.921950e-05,9589,0.040451,2.039986e-05,0.080902,6.857630e-05,0.000000e+00,510,1,0,1,1,1
035_power_drill,s1_gate_050_035_power_drill_t18,complete_epi,107,0.958616,0.018605,1.096181e-05,4.783569e-05,1120,0.012403,1.451183e-05,0.024806,8.247911e-06,1.634917e+00,1691,1,0,1,1,1
035_power_drill,s1_gate_050_035_power_drill_t19,complete_epi,283,0.856441,0.047833,1.728803e-05,2.413006e-05,878,0.031888,0.000000e+00,0.063777,2.914590e-05,0.000000e+00,126,1,0,1,1,0
021_bleach_cleanser,s1_gate_070_021_bleach_cleanser_t0,complete_epi,61,0.916303,0.038889,1.849062e-05,1.530271e-04,970,0.025926,1.371537e-05,0.051852,2.948307e-05,0.000000e+00,115,1,0,1,1,1
021_bleach_cleanser,s1_gate_070_021_bleach_cleanser_t1,complete_epi,228,0.889223,0.039391,4.424990e-06,2.553876e-05,618,0.026261,0.000000e+00,0.052521,8.721658e-06,0.000000e+00,97,1,0,1,1,1
021_bleach_cleanser,s1_gate_070_021_bleach_cleanser_t2,complete_epi,35,0.940071,0.039219,2.567888e-05,1.140966e-04,879,0.026146,2.971047e-05,0.052291,2.121809e-05,0.000000e+00,125,1,0,1,1,1
021_bleach_cleanser,s1_gate_070_021_bleach_cleanser_t3,complete_epi,413,0.861185,0.039317,6.236393e-05,2.434475e-04,1393,0.026211,1.231483e-04,0.052422,6.358693e-05,1.159411e-01,99,1,0,1,1,1
021_bleach_cleanser,s1_gate_070_021_bleach_cleanser_t5,complete_epi,364,0.907595,0.040577,1.236079e-04,6.409287e-04,1400,0.027051,1.406371e-04,0.054102,6.882038e-05,4.078871e-01,244,1,0,1,1,1
021_bleach_cleanser,s1_gate_070_021_bleach_cleanser_t6,complete_epi,393,0.836998,0.038982,1.946559e-05,1.076092e-04,664,0.025988,0.000000e+00,0.051976,2.759571e-05,0.000000e+00,68,1,0,1,1,0
021_bleach_cleanser,s1_gate_070_021_bleach_cleanser_t7,complete_epi,441,0.877316,0.011633,3.270376e-08,0.000000e+00,283,0.007755,0.000000e+00,0.015511,1.649503e-07,2.608469e-01,618,1,0,1,1,0
021_bleach_cleanser,s1_gate_070_021_bleach_cleanser_t8,complete_epi,220,0.870942,0.040408,8.883956e-06,8.686857e-05,965,0.026939,4.322167e-06,0.053877,9.916480e-06,0.000000e+00,145,1,0,1,1,1
021_bleach_cleanser,s1_gate_070_021_bleach_cleanser_t9,complete_epi,100,0.925586,0.039758,1.392540e-05,7.403090e-05,1116,0.026505,4.945836e-06,0.053011,2.605541e-05,9.389156e-03,57,1,0,1,1,0
021_bleach_cleanser,s1_gate_070_021_bleach_cleanser_t10,complete_epi,2,0.861959,0.021833,3.509767e-06,7.149086e-06,1437,0.014555,3.664356e-06,0.029111,3.237724e-06,7.142862e-01,606,1,0,1,1,0
021_bleach_cleanser,s1_gate_070_021_bleach_cleanser_t11,complete_epi,55,0.959185,0.042931,9.510835e-05,4.571803e-04,7868,0.028621,5.182209e-05,0.057241,1.522619e-04,3.239374e+00,1059,1,0,1,1,0
021_bleach_cleanser,s1_gate_070_021_bleach_cleanser_t12,complete_epi,30,0.890562,0.038997,1.831353e-06,0.000000e+00,568,0.025998,0.000000e+00,0.051996,1.676376e-05,0.000000e+00,114,1,0,1,1,1
021_bleach_cleanser,s1_gate_070_021_bleach_cleanser_t13,complete_epi,21,0.950754,0.030898,0.000000e+00,0.000000e+00,805,0.020599,0.000000e+00,0.041198,2.555109e-06,0.000000e+00,120,1,0,1,1,0
021_bleach_cleanser,s1_gate_070_021_bleach_cleanser_t14,complete_epi,39,0.925392,0.039108,2.708141e-05,2.086546e-04,936,0.026072,2.086763e-05,0.052144,3.768688e-05,2.046544e-02,55,1,0,1,1,1
021_bleach_cleanser,s1_gate_070_021_bleach_cleanser_t15,complete_epi,583,0.859408,0.039004,8.083024e-05,4.445079e-04,1208,0.026002,1.177726e-04,0.052005,5.621033e-05,2.266983e-01,159,1,0,1,1,1
021_bleach_cleanser,s1_gate_070_021_bleach_cleanser_t16,complete_epi,0,0.920214,0.008512,1.037985e-04,2.558234e-04,1437,0.005674,1.338198e-04,0.011349,7.331642e-05,5.896276e+00,5648,0,0,1,1,
021_bleach_cleanser,s1_gate_070_021_bleach_cleanser_t17,complete_epi,0,0.929412,0.024050,2.683603e-05,1.270293e-04,3200,0.016033,1.036563e-04,0.032066,2.374746e-05,2.554641e+00,681,1,0,1,1,0
021_bleach_cleanser,s1_gate_070_021_bleach_cleanser_t18,complete_epi,155,0.888518,0.040114,7.448141e-06,4.430875e-05,970,0.026743,3.441784e-06,0.053486,7.438445e-06,0.000000e+00,138,1,0,1,1,1
021_bleach_cleanser,s1_gate_070_021_bleach_cleanser_t19,complete_epi,311,0.835569,0.038911,1.273211e-05,8.335497e-05,1110,0.025941,5.184766e-06,0.051882,1.782972e-05,5.085184e-02,112,1,0,1,1,1
061_foam_brick,s1_gate_070_061_foam_brick_t0,complete_epi,1097,0.826618,0.016198,2.177426e-06,8.443120e-06,767,0.010799,1.943598e-06,0.021597,3.088456e-06,5.998277e-01,938,1,0,1,1,1
061_foam_brick,s1_gate_070_061_foam_brick_t1,complete_epi,1260,0.716736,0.016797,3.697712e-06,1.046942e-05,696,0.011198,2.947744e-06,0.022396,5.090942e-06,1.348431e+00,1188,1,0,1,1,1
061_foam_brick,s1_gate_070_061_foam_brick_t2,complete_epi,590,0.903899,0.017174,5.915826e-07,1.486470e-06,1072,0.011449,7.656737e-07,0.022899,7.023336e-07,1.266204e+00,1864,1,0,1,1,0
061_foam_brick,s1_gate_070_061_foam_brick_t3,complete_epi,395,0.915963,0.017396,6.974004e-07,1.212933e-06,1592,0.011597,5.925832e-07,0.023194,2.108259e-06,1.590402e+00,2061,1,0,1,1,1
061_foam_brick,s1_gate_070_061_foam_brick_t4,complete_epi,1209,0.694203,0.016404,5.193201e-06,1.843979e-05,767,0.010936,5.420392e-06,0.021872,6.835660e-06,1.008561e+00,1110,1,0,1,1,0
061_foam_brick,s1_gate_070_061_foam_brick_t5,complete_epi,6,0.971062,0.016489,8.049551e-07,2.034925e-06,992,0.010993,8.773230e-07,0.021985,1.501529e-05,1.344573e+00,966,1,0,1,1,1
061_foam_brick,s1_gate_070_061_foam_brick_t6,complete_epi,1157,0.635735,0.017322,1.353721e-06,7.431646e-06,560,0.011548,6.944303e-07,0.023096,3.734239e-06,2.391655e-01,298,1,0,1,1,0
061_foam_brick,s1_gate_070_061_foam_brick_t7,complete_epi,1084,0.775742,0.017390,4.180681e-06,1.913346e-05,645,0.011593,4.745034e-06,0.023186,6.047514e-06,1.603757e+00,939,1,0,1,1,1
061_foam_brick,s1_gate_070_061_foam_brick_t8,complete_epi,754,0.871369,0.017022,4.465478e-07,7.357190e-07,1298,0.011348,4.574151e-07,0.022696,4.257364e-07,1.054956e+00,1783,1,0,1,1,1
061_foam_brick,s1_gate_070_061_foam_brick_t9,complete_epi,449,0.901914,0.016802,8.612408e-07,2.237212e-06,369,0.011201,4.791909e-07,0.022402,1.112337e-06,9.909413e-01,1165,1,0,1,1,1
061_foam_brick,s1_gate_070_061_foam_brick_t10,complete_epi,110,0.937248,0.017338,2.119049e-06,6.653898e-06,1257,0.011559,9.114383e-07,0.023117,3.609079e-06,1.088153e+00,1778,1,0,1,1,1
061_foam_brick,s1_gate_070_061_foam_brick_t11,complete_epi,703,0.822725,0.016760,1.915477e-06,1.656975e-05,838,0.011173,2.171925e-07,0.022347,3.108922e-06,1.801435e+00,2173,1,0,1,1,0
061_foam_brick,s1_gate_070_061_foam_brick_t12,complete_epi,656,0.893689,0.016940,6.043799e-07,1.071945e-06,974,0.011293,6.359513e-07,0.022586,9.037134e-07,7.549835e-01,1299,1,0,1,1,0
061_foam_brick,s1_gate_070_061_foam_brick_t13,complete_epi,2,0.961865,0.016180,1.846475e-06,9.864674e-06,416,0.010787,2.059414e-06,0.021574,5.127683e-06,6.510658e-01,866,1,0,1,1,1
061_foam_brick,s1_gate_070_061_foam_brick_t14,complete_epi,1048,0.831060,0.016171,2.970081e-06,1.275317e-05,562,0.010781,2.336528e-06,0.021562,3.220080e-06,1.248537e+00,1389,1,0,1,1,1
061_foam_brick,s1_gate_070_061_foam_brick_t15,complete_epi,18,0.933168,0.016172,9.240925e-07,3.943349e-06,866,0.010781,9.489372e-07,0.021563,1.735513e-05,1.048002e+00,920,1,0,1,1,1
061_foam_brick,s1_gate_070_061_foam_brick_t16,complete_epi,262,0.953977,0.017343,3.561657e-05,1.505978e-05,796,0.011562,3.911855e-06,0.023123,3.201979e-05,1.082358e+00,1004,1,0,1,1,1
061_foam_brick,s1_gate_070_061_foam_brick_t17,complete_epi,1409,0.469709,0.015812,1.904670e-06,8.490760e-06,574,0.010542,1.574750e-06,0.021083,5.443593e-06,1.142228e+00,927,1,0,1,1,1
061_foam_brick,s1_gate_070_061_foam_brick_t18,complete_epi,294,0.916651,0.016850,4.304451e-07,6.559790e-07,1191,0.011233,4.373584e-07,0.022466,5.015355e-07,9.871333e-01,1794,1,0,1,1,1
061_foam_brick,s1_gate_070_061_foam_brick_t19,complete_epi,30,0.949343,0.017196,8.159032e-07,2.010387e-06,670,0.011464,7.374342e-07,0.022928,9.656828e-07,1.654724e+00,1966,1,0,1,1,1
010_potted_meat_can,s2_gate_off_010_potted_meat_can_t0,complete_only,0,0.925036,0.020054,9.002392e-07,2.066475e-06,639,0.013369,1.010668e-06,0.026738,8.977595e-07,2.433218e-01,574,1,0,1,1,1
010_potted_meat_can,s2_gate_off_010_potted_meat_can_t1,complete_only,574,0.942656,0.013974,1.627397e-06,3.126755e-07,1587,0.009316,2.039030e-07,0.018632,3.142141e-06,1.554314e+00,3119,1,0,1,1,0
010_potted_meat_can,s2_gate_off_010_potted_meat_can_t2,complete_only,0,0.878626,0.020389,5.758842e-06,7.168498e-06,704,0.013592,6.833023e-06,0.027185,5.696801e-06,5.796664e-01,736,1,0,1,1,1
010_potted_meat_can,s2_gate_off_010_potted_meat_can_t3,complete_only,119,0.781476,0.020956,4.602103e-06,1.674963e-05,892,0.013971,3.768038e-06,0.027942,5.740226e-06,4.635180e-01,475,1,0,1,1,0
010_potted_meat_can,s2_gate_off_010_potted_meat_can_t4,complete_only,0,0.915685,0.020538,2.059047e-06,2.997348e-06,759,0.013692,1.998515e-06,0.027384,2.046174e-06,5.267240e-01,739,1,0,1,1,1
010_potted_meat_can,s2_gate_off_010_potted_meat_can_t5,complete_only,33,0.909718,0.020984,6.922235e-07,2.416207e-06,541,0.013989,7.126055e-07,0.027978,7.908455e-07,3.281442e-01,546,1,0,1,1,1
010_potted_meat_can,s2_gate_off_010_potted_meat_can_t7,complete_only,6,0.926021,0.020754,9.674091e-07,2.203424e-06,752,0.013836,9.658636e-07,0.027672,1.025278e-06,4.551997e-01,722,1,0,1,1,0
010_potted_meat_can,s2_gate_off_010_potted_meat_can_t8,complete_only,96,0.811302,0.021781,1.418287e-06,4.007119e-06,780,0.014521,1.731417e-06,0.029042,3.554815e-06,3.524602e-01,552,1,0,1,1,1
010_potted_meat_can,s2_gate_off_010_potted_meat_can_t9,complete_only,14,0.913724,0.020161,8.729090e-07,1.904910e-06,689,0.013440,9.542958e-07,0.026881,8.059457e-07,3.416826e-01,665,1,0,1,1,1
010_potted_meat_can,s2_gate_off_010_potted_meat_can_t10,complete_only,1231,0.893646,0.015254,4.938143e-06,1.980052e-05,1925,0.010170,7.435671e-06,0.020339,3.653217e-06,2.079597e+00,3096,1,0,1,1,0
010_potted_meat_can,s2_gate_off_010_potted_meat_can_t11,complete_only,121,0.805909,0.020808,5.118094e-05,3.769600e-04,433,0.013872,2.488119e-04,0.027744,7.119770e-05,3.555078e-01,502,1,0,1,1,1
010_potted_meat_can,s2_gate_off_010_potted_meat_can_t12,complete_only,38,0.904247,0.019862,5.153142e-06,4.293660e-05,727,0.013241,6.934780e-06,0.026483,4.205970e-06,4.382635e-01,673,1,0,1,1,1
010_potted_meat_can,s2_gate_off_010_potted_meat_can_t13,complete_only,0,0.864884,0.026862,6.895030e-06,9.621288e-06,1478,0.017908,5.503894e-06,0.035816,8.095773e-06,5.246288e-01,588,1,0,1,1,0
010_potted_meat_can,s2_gate_off_010_potted_meat_can_t14,complete_only,40,0.834805,0.020786,2.288606e-06,4.165802e-06,650,0.013857,2.180892e-06,0.027715,4.366092e-06,4.336680e-01,648,1,0,1,1,1
010_potted_meat_can,s2_gate_off_010_potted_meat_can_t15,complete_only,4,0.907195,0.020442,3.856077e-06,2.183286e-05,759,0.013628,5.796931e-06,0.027256,3.566470e-06,5.023013e-01,647,1,0,1,1,0
010_potted_meat_can,s2_gate_off_010_potted_meat_can_t16,complete_only,0,0.906033,0.019572,7.467109e-07,1.934127e-06,694,0.013048,7.962115e-07,0.026096,7.320806e-07,2.493557e-01,553,1,0,1,1,0
010_potted_meat_can,s2_gate_off_010_potted_meat_can_t17,complete_only,3,0.917389,0.021110,1.325910e-05,6.173073e-06,775,0.014074,1.562999e-05,0.028147,1.590866e-05,4.372097e-01,586,1,0,1,1,1
010_potted_meat_can,s2_gate_off_010_potted_meat_can_t18,complete_only,5,0.858993,0.020941,6.068370e-06,3.168585e-06,616,0.013961,7.492422e-06,0.027921,5.509567e-06,6.391332e-01,795,1,0,1,1,1
010_potted_meat_can,s2_gate_off_010_potted_meat_can_t19,complete_only,0,0.935596,0.020784,9.268162e-07,2.312343e-06,803,0.013856,9.060546e-07,0.027712,9.661997e-07,4.519288e-01,709,1,0,1,1,1
005_tomato_soup_can,s2_gate_010_005_tomato_soup_can_t0,complete_epi,125,0.858789,0.018947,7.790850e-07,1.406283e-06,717,0.012632,7.212979e-07,0.025263,7.792947e-07,4.769525e-01,909,1,0,1,1,1
005_tomato_soup_can,s2_gate_010_005_tomato_soup_can_t1,complete_epi,16,0.892811,0.018639,1.057470e-06,2.086380e-06,497,0.012426,9.910801e-07,0.024852,8.409324e-07,3.543321e-01,770,1,0,1,1,1
005_tomato_soup_can,s2_gate_010_005_tomato_soup_can_t2,complete_epi,39,0.867734,0.019154,8.149950e-07,1.510716e-06,654,0.012770,8.397167e-07,0.025539,8.134956e-07,3.958157e-01,834,1,0,1,1,1
005_tomato_soup_can,s2_gate_010_005_tomato_soup_can_t3,complete_epi,70,0.866669,0.019142,6.582874e-07,1.436420e-06,576,0.012762,8.717434e-07,0.025523,6.489313e-07,2.847715e-01,707,1,0,1,1,1
005_tomato_soup_can,s2_gate_010_005_tomato_soup_can_t4,complete_epi,9,0.889590,0.018684,1.051659e-06,1.869823e-06,465,0.012456,9.964486e-07,0.024912,9.184627e-07,3.331253e-01,717,1,0,1,1,1
005_tomato_soup_can,s2_gate_010_005_tomato_soup_can_t5,complete_epi,54,0.866961,0.019031,8.364935e-07,1.750682e-06,738,0.012687,7.643859e-07,0.025375,8.420251e-07,4.768604e-01,858,1,0,1,1,0
005_tomato_soup_can,s2_gate_010_005_tomato_soup_can_t6,complete_epi,24,0.895594,0.018915,6.180755e-07,1.622154e-06,492,0.012610,5.870180e-07,0.025220,6.467271e-07,2.905718e-01,703,1,0,1,1,1
005_tomato_soup_can,s2_gate_010_005_tomato_soup_can_t7,complete_epi,21,0.880835,0.018679,8.087034e-07,1.687417e-06,689,0.012453,7.204891e-07,0.024905,8.171912e-07,4.459373e-01,878,1,0,1,1,1
005_tomato_soup_can,s2_gate_010_005_tomato_soup_can_t8,complete_epi,17,0.889338,0.018574,9.458203e-07,2.426853e-06,557,0.012383,1.042734e-06,0.024766,7.818935e-07,3.257682e-01,747,1,0,1,1,1
005_tomato_soup_can,s2_gate_010_005_tomato_soup_can_t9,complete_epi,112,0.850471,0.018895,7.075061e-07,1.570191e-06,603,0.012597,6.635444e-07,0.025194,7.435310e-07,3.326167e-01,754,1,0,1,1,1
005_tomato_soup_can,s2_gate_010_005_tomato_soup_can_t11,complete_epi,48,0.862610,0.019039,7.316626e-07,1.493951e-06,626,0.012693,7.189343e-07,0.025386,7.385691e-07,3.285621e-01,760,1,0,1,1,1
005_tomato_soup_can,s2_gate_010_005_tomato_soup_can_t12,complete_epi,0,0.907518,0.026384,1.379194e-05,8.447534e-06,948,0.017590,7.805402e-06,0.035179,1.519160e-05,2.194915e-01,540,1,0,1,1,1
005_tomato_soup_can,s2_gate_010_005_tomato_soup_can_t13,complete_epi,68,0.867608,0.019044,7.187076e-07,1.542181e-06,606,0.012696,6.673505e-07,0.025393,7.215535e-07,3.898094e-01,859,1,0,1,1,1
005_tomato_soup_can,s2_gate_010_005_tomato_soup_can_t14,complete_epi,26,0.884070,0.018675,9.485283e-07,2.171281e-06,493,0.012450,7.450560e-07,0.024900,8.201199e-07,3.851405e-01,801,1,0,1,1,1
005_tomato_soup_can,s2_gate_010_005_tomato_soup_can_t15,complete_epi,68,0.870247,0.019063,7.072556e-07,1.296366e-06,596,0.012709,6.593727e-07,0.025418,7.300638e-07,2.899788e-01,729,1,0,1,1,1
005_tomato_soup_can,s2_gate_010_005_tomato_soup_can_t17,complete_epi,22,0.883334,0.019157,7.472898e-07,1.472308e-06,579,0.012772,7.584602e-07,0.025543,7.647296e-07,3.132677e-01,722,1,0,1,1,1
005_tomato_soup_can,s2_gate_010_005_tomato_soup_can_t18,complete_epi,25,0.880353,0.019027,8.133188e-07,1.478138e-06,666,0.012685,8.178136e-07,0.025370,8.101271e-07,5.313624e-01,949,1,0,1,1,1
005_tomato_soup_can,s2_gate_010_005_tomato_soup_can_t19,complete_epi,30,0.879772,0.019038,5.416480e-07,1.566329e-06,457,0.012692,4.329408e-07,0.025384,6.226637e-07,2.473809e-01,684,1,0,1,1,1
035_power_drill,s2_gate_010_035_power_drill_t0,complete_epi,239,0.874963,0.039149,4.943191e-06,2.773454e-05,1414,0.026099,4.125695e-06,0.052199,9.800124e-06,1.425174e-01,274,1,0,1,1,0
035_power_drill,s2_gate_010_035_power_drill_t1,complete_epi,0,0.978217,0.022414,1.785229e-04,8.329606e-04,1610,0.014942,2.362943e-04,0.029885,8.965235e-05,3.438057e+00,926,1,0,1,1,0
035_power_drill,s2_gate_010_035_power_drill_t2,complete_epi,52,0.905857,0.041719,1.433118e-05,3.593445e-05,1403,0.027813,1.023922e-05,0.055625,2.210389e-05,0.000000e+00,195,1,0,1,1,0
035_power_drill,s2_gate_010_035_power_drill_t3,complete_epi,1016,0.613776,0.062609,1.742113e-04,6.766803e-04,3470,0.041739,9.319001e-05,0.083478,2.457187e-04,7.710952e-01,274,1,0,1,1,1
035_power_drill,s2_gate_010_035_power_drill_t4,complete_epi,143,0.873725,0.041467,3.781269e-05,1.236691e-04,1735,0.027645,1.508976e-05,0.055290,5.497080e-05,3.523409e-01,333,1,0,1,1,1
035_power_drill,s2_gate_010_035_power_drill_t5,complete_epi,26,0.937736,0.012059,2.861729e-07,6.662978e-07,2822,0.008039,2.634388e-07,0.016079,3.080294e-07,1.450792e+00,3125,1,0,1,1,0
035_power_drill,s2_gate_010_035_power_drill_t6,complete_epi,61,0.920150,0.041725,3.159106e-05,1.228187e-04,1402,0.027817,2.008875e-05,0.055633,3.426429e-05,9.079059e-01,412,1,0,1,1,1
035_power_drill,s2_gate_010_035_power_drill_t7,complete_epi,47,0.917695,0.048187,2.618242e-04,1.781775e-03,931,0.032125,2.461105e-04,0.064250,2.968853e-04,8.317451e-01,158,1,0,1,1,1
035_power_drill,s2_gate_010_035_power_drill_t8,complete_epi,276,0.858573,0.040844,2.887319e-06,1.221785e-05,996,0.027229,4.490115e-06,0.054459,3.899709e-06,0.000000e+00,175,1,0,1,1,1
035_power_drill,s2_gate_010_035_power_drill_t10,complete_epi,327,0.859216,0.042657,2.539006e-04,1.153895e-03,582,0.028438,1.637930e-04,0.056876,2.016368e-04,1.138999e-01,123,1,0,1,1,1
035_power_drill,s2_gate_010_035_power_drill_t11,complete_epi,546,0.747985,0.045658,4.394769e-04,3.847059e-03,1156,0.030439,3.698752e-04,0.060877,3.078845e-04,2.022319e-02,80,1,0,1,1,0
035_power_drill,s2_gate_010_035_power_drill_t12,complete_epi,86,0.965085,0.028843,3.029246e-05,8.956362e-05,2249,0.019228,1.419616e-05,0.038457,2.582381e-05,1.441417e+00,1038,1,0,1,1,0
035_power_drill,s2_gate_010_035_power_drill_t13,complete_epi,49,0.885628,0.043269,2.583899e-05,5.696225e-06,718,0.028846,4.903822e-06,0.057693,1.203062e-04,0.000000e+00,142,1,0,1,1,1
035_power_drill,s2_gate_010_035_power_drill_t14,complete_epi,612,0.792863,0.040529,2.008959e-05,1.251787e-04,1767,0.027019,1.660764e-05,0.054039,3.930870e-05,4.159910e-01,317,1,0,1,1,1
035_power_drill,s2_gate_010_035_power_drill_t15,complete_epi,305,0.846242,0.037902,2.160034e-04,3.555066e-04,1217,0.025268,5.685963e-04,0.050536,2.609914e-04,5.374151e-01,394,1,0,1,1,0
035_power_drill,s2_gate_010_035_power_drill_t17,complete_epi,414,0.820337,0.042581,2.679046e-06,0.000000e+00,504,0.028387,0.000000e+00,0.056774,2.288862e-05,0.000000e+00,86,1,0,1,1,0
035_power_drill,s2_gate_010_035_power_drill_t18,complete_epi,2,0.933760,0.033991,7.396143e-04,1.975040e-03,1202,0.022661,1.075360e-03,0.045321,5.866625e-04,9.980118e-01,67,1,0,1,1,0
035_power_drill,s2_gate_010_035_power_drill_t19,complete_epi,12,0.942530,0.035062,8.683238e-05,2.860567e-04,1733,0.023375,1.561049e-04,0.046749,1.307315e-05,2.867526e-01,287,1,0,1,1,0
021_bleach_cleanser,s2_gate_020_021_bleach_cleanser_t0,complete_epi,9,0.922081,0.039332,4.727805e-05,2.819218e-04,1166,0.026221,4.998334e-05,0.052442,2.688429e-05,0.000000e+00,145,1,0,1,1,1
021_bleach_cleanser,s2_gate_020_021_bleach_cleanser_t1,complete_epi,33,0.926645,0.039119,4.503215e-05,2.751673e-04,1041,0.026079,6.666129e-05,0.052158,2.778049e-05,1.147791e-02,121,1,0,1,1,1
021_bleach_cleanser,s2_gate_020_021_bleach_cleanser_t2,complete_epi,21,0.874950,0.039083,4.012060e-06,1.022223e-05,1432,0.026055,4.152488e-06,0.052110,3.789829e-06,1.384069e-01,228,1,0,1,1,1
021_bleach_cleanser,s2_gate_020_021_bleach_cleanser_t3,complete_epi,733,0.829624,0.039263,4.517189e-05,2.002911e-04,1102,0.026176,6.746316e-05,0.052351,3.513107e-05,1.343241e-01,130,1,0,1,1,1
021_bleach_cleanser,s2_gate_020_021_bleach_cleanser_t4,complete_epi,45,0.931102,0.040013,1.148769e-05,2.936133e-05,721,0.026675,1.231475e-05,0.053351,1.416349e-05,0.000000e+00,139,1,0,1,1,1
021_bleach_cleanser,s2_gate_020_021_bleach_cleanser_t5,complete_epi,139,0.925149,0.039837,4.958897e-05,3.097572e-04,931,0.026558,3.395869e-05,0.053117,4.054387e-05,0.000000e+00,95,1,0,1,1,0
021_bleach_cleanser,s2_gate_020_021_bleach_cleanser_t6,complete_epi,4,0.916798,0.038948,2.290360e-05,5.913838e-05,1097,0.025966,2.172425e-05,0.051931,1.377343e-05,8.944194e-02,161,1,0,1,1,1
021_bleach_cleanser,s2_gate_020_021_bleach_cleanser_t7,complete_epi,0,0.964918,0.021804,2.355211e-06,3.649307e-06,801,0.014536,2.647587e-06,0.029072,2.017162e-06,2.120124e-02,271,1,0,1,1,0
021_bleach_cleanser,s2_gate_020_021_bleach_cleanser_t8,complete_epi,21,0.941912,0.038772,7.686150e-05,4.198134e-04,510,0.025848,6.881564e-05,0.051696,4.970514e-05,1.170520e-01,128,1,0,1,1,1
021_bleach_cleanser,s2_gate_020_021_bleach_cleanser_t9,complete_epi,13,0.961970,0.022990,2.740858e-06,9.598928e-06,894,0.015327,2.270036e-06,0.030653,2.979729e-06,6.296236e-03,540,1,0,1,1,1
021_bleach_cleanser,s2_gate_020_021_bleach_cleanser_t10,complete_epi,398,0.893431,0.039588,1.330886e-04,6.439700e-04,1102,0.026392,1.877071e-04,0.052785,5.026471e-05,2.561571e-01,141,1,0,1,1,1
021_bleach_cleanser,s2_gate_020_021_bleach_cleanser_t11,complete_epi,496,0.886052,0.040259,1.679763e-04,9.695859e-04,1287,0.026839,2.005858e-04,0.053679,7.159577e-05,2.950480e-01,118,1,0,1,1,1
021_bleach_cleanser,s2_gate_020_021_bleach_cleanser_t12,complete_epi,14,0.957778,0.029541,4.956032e-06,3.124064e-05,862,0.019694,6.824143e-06,0.039387,3.180053e-06,2.103003e-02,394,1,0,1,1,1
021_bleach_cleanser,s2_gate_020_021_bleach_cleanser_t13,complete_epi,877,0.807396,0.039466,3.433131e-05,1.763225e-04,932,0.026311,4.489647e-05,0.052621,2.514764e-05,6.497511e-02,111,1,0,1,1,1
021_bleach_cleanser,s2_gate_020_021_bleach_cleanser_t14,complete_epi,64,0.918093,0.039052,2.345909e-05,1.439902e-04,1036,0.026035,3.295108e-05,0.052069,1.650607e-05,8.290769e-02,152,1,0,1,1,1
021_bleach_cleanser,s2_gate_020_021_bleach_cleanser_t15,complete_epi,214,0.802201,0.038588,5.121248e-06,1.337174e-05,1261,0.025725,5.669718e-06,0.051450,4.057351e-06,1.269564e-01,234,1,0,1,1,1
021_bleach_cleanser,s2_gate_020_021_bleach_cleanser_t17,complete_epi,465,0.887757,0.039235,7.023045e-05,4.113332e-04,1423,0.026157,1.530080e-04,0.052314,8.060817e-05,9.435634e-02,84,1,0,1,1,1
021_bleach_cleanser,s2_gate_020_021_bleach_cleanser_t18,complete_epi,35,0.948835,0.041699,2.663751e-05,1.169874e-04,1469,0.027799,4.106657e-05,0.055598,2.117302e-05,1.591587e-01,78,1,0,1,1,0
021_bleach_cleanser,s2_gate_020_021_bleach_cleanser_t19,complete_epi,2,0.863260,0.022483,3.518090e-05,1.397453e-04,1092,0.014988,3.022762e-05,0.029977,3.258276e-05,8.359290e-01,319,1,0,1,1,0
061_foam_brick,s2_gate_020_061_foam_brick_t0,complete_epi,350,0.932970,0.017153,8.733065e-06,9.009365e-07,688,0.011435,2.725766e-05,0.022871,8.662340e-06,1.283046e+00,1476,1,0,1,1,0
061_foam_brick,s2_gate_020_061_foam_brick_t1,complete_epi,117,0.970545,0.016699,6.087950e-06,2.904909e-05,536,0.011133,9.309732e-06,0.022265,1.262782e-05,1.238871e+00,933,1,0,1,1,1
061_foam_brick,s2_gate_020_061_foam_brick_t2,complete_epi,546,0.925404,0.018022,4.300077e-06,7.949889e-06,711,0.012015,2.139535e-06,0.024030,1.519453e-05,1.232813e+00,1269,1,0,1,1,1
061_foam_brick,s2_gate_020_061_foam_brick_t3,complete_epi,1384,0.524984,0.016475,8.243414e-06,4.143911e-05,859,0.010983,9.757024e-06,0.021966,9.222271e-06,1.526932e+00,1526,1,0,1,1,1
061_foam_brick,s2_gate_020_061_foam_brick_t4,complete_epi,415,0.948912,0.016465,2.466469e-06,2.839329e-06,1029,0.010977,1.483482e-06,0.021953,4.797660e-06,1.039349e+00,1184,1,0,1,1,1
061_foam_brick,s2_gate_020_061_foam_brick_t5,complete_epi,0,0.976123,0.016296,1.135909e-06,4.077488e-06,342,0.010864,2.030269e-06,0.021728,8.579245e-06,1.418366e+00,1044,1,0,1,1,1
061_foam_brick,s2_gate_020_061_foam_brick_t6,complete_epi,20,0.962952,0.017129,1.154288e-06,2.483835e-06,1224,0.011419,9.549511e-07,0.022838,1.633495e-06,1.919359e+00,2254,1,0,1,1,0
061_foam_brick,s2_gate_020_061_foam_brick_t7,complete_epi,30,0.948679,0.016992,8.155692e-07,1.411185e-06,1501,0.011328,6.663700e-07,0.022657,2.997883e-06,1.996015e+00,2163,1,0,1,1,1
061_foam_brick,s2_gate_020_061_foam_brick_t8,complete_epi,129,0.968437,0.016427,2.014671e-04,7.896500e-04,452,0.010951,7.446065e-04,0.021903,6.204321e-05,1.170079e+00,815,1,0,1,1,1
061_foam_brick,s2_gate_020_061_foam_brick_t9,complete_epi,773,0.866763,0.016806,8.751648e-07,8.793581e-07,838,0.011204,6.637231e-07,0.022408,1.242755e-06,8.561382e-01,1380,1,0,1,1,0
061_foam_brick,s2_gate_020_061_foam_brick_t10,complete_epi,915,0.794710,0.016071,1.867315e-05,1.180279e-04,644,0.010714,4.991758e-05,0.021427,1.991595e-05,8.663799e-01,916,1,0,1,1,1
061_foam_brick,s2_gate_020_061_foam_brick_t11,complete_epi,998,0.824978,0.015856,1.770919e-05,1.105078e-04,415,0.010571,8.756843e-05,0.021142,1.270143e-05,6.809211e-01,1024,1,0,1,1,1
061_foam_brick,s2_gate_020_061_foam_brick_t12,complete_epi,400,0.915783,0.016838,4.200284e-07,8.292170e-07,1098,0.011225,4.666921e-07,0.022451,3.992037e-07,1.051032e+00,1962,1,0,1,1,1
061_foam_brick,s2_gate_020_061_foam_brick_t13,complete_epi,1205,0.673295,0.016460,7.578114e-06,2.983532e-05,798,0.010973,8.411835e-06,0.021947,1.025658e-05,1.166841e+00,1283,1,0,1,1,1
061_foam_brick,s2_gate_020_061_foam_brick_t14,complete_epi,81,0.973002,0.017209,2.893897e-06,2.278991e-06,743,0.011473,3.964955e-06,0.022945,1.063348e-05,1.062040e+00,1281,1,0,1,1,1
061_foam_brick,s2_gate_020_061_foam_brick_t15,complete_epi,812,0.865533,0.017088,2.927515e-06,5.766728e-06,1189,0.011392,2.290354e-06,0.022784,4.309355e-06,1.307046e+00,1996,1,0,1,1,1
061_foam_brick,s2_gate_020_061_foam_brick_t16,complete_epi,712,0.909627,0.017863,5.533035e-07,1.182649e-06,1411,0.011909,5.827425e-07,0.023817,5.515363e-07,9.296771e-01,1500,1,0,1,1,1
061_foam_brick,s2_gate_020_061_foam_brick_t17,complete_epi,537,0.873046,0.016450,1.239338e-05,4.106976e-05,687,0.010966,1.493645e-05,0.021933,1.409383e-05,1.959665e+00,1208,1,0,1,1,1
061_foam_brick,s2_gate_020_061_foam_brick_t18,complete_epi,1094,0.791690,0.016804,2.870464e-04,1.258700e-03,306,0.011203,2.917173e-04,0.022406,1.120904e-04,1.044718e+00,915,1,0,1,1,1
061_foam_brick,s2_gate_020_061_foam_brick_t19,complete_epi,7,0.943625,0.017606,1.270399e-06,4.065119e-06,1300,0.011737,1.456408e-06,0.023475,1.366493e-06,1.548773e+00,1931,1,0,1,1,1
010_potted_meat_can,s2_gate_030_010_potted_meat_can_t0,complete_epi,0,0.936756,0.020054,1.149379e-06,3.993460e-06,640,0.013369,1.157183e-06,0.026738,1.048649e-06,3.953687e-01,693,1,0,1,1,1
010_potted_meat_can,s2_gate_030_010_potted_meat_can_t1,complete_epi,27,0.880185,0.021489,1.269463e-06,3.056909e-06,683,0.014326,1.605783e-06,0.028652,9.069834e-06,4.750606e-01,689,1,0,1,1,1
010_potted_meat_can,s2_gate_030_010_potted_meat_can_t2,complete_epi,1,0.879926,0.020346,1.976995e-06,5.438046e-06,712,0.013564,2.037260e-06,0.027128,2.499273e-06,5.837608e-01,736,1,0,1,1,1
010_potted_meat_can,s2_gate_030_010_potted_meat_can_t3,complete_epi,239,0.790143,0.020781,5.088693e-06,2.730439e-05,694,0.013854,4.043651e-06,0.027709,5.847718e-06,2.596292e-01,388,1,0,1,1,0
010_potted_meat_can,s2_gate_030_010_potted_meat_can_t4,complete_epi,0,0.928563,0.020491,3.920667e-06,2.357321e-05,632,0.013661,6.090149e-06,0.027321,7.299788e-06,5.351617e-01,704,1,0,1,1,1
010_potted_meat_can,s2_gate_030_010_potted_meat_can_t5,complete_epi,75,0.872266,0.021021,6.503082e-07,1.718874e-06,512,0.014014,6.300973e-07,0.028029,7.299003e-07,2.408733e-01,474,1,0,1,1,1
010_potted_meat_can,s2_gate_030_010_potted_meat_can_t6,complete_epi,0,0.912816,0.022052,1.148842e-06,3.826808e-06,997,0.014702,1.057558e-06,0.029403,1.268774e-06,5.020664e-01,723,1,0,1,1,0
010_potted_meat_can,s2_gate_030_010_potted_meat_can_t7,complete_epi,10,0.918187,0.020703,9.685350e-07,2.257034e-06,740,0.013802,9.514637e-07,0.027604,1.023176e-06,4.265044e-01,686,1,0,1,1,1
010_potted_meat_can,s2_gate_030_010_potted_meat_can_t8,complete_epi,121,0.795647,0.022039,9.495355e-07,2.177737e-06,638,0.014693,1.046617e-06,0.029385,2.039258e-06,1.337012e-01,413,1,0,1,1,1
010_potted_meat_can,s2_gate_030_010_potted_meat_can_t9,complete_epi,83,0.909804,0.020219,8.376546e-07,1.868342e-06,690,0.013479,9.391141e-07,0.026958,7.843322e-07,3.374879e-01,667,1,0,1,1,1
010_potted_meat_can,s2_gate_030_010_potted_meat_can_t10,complete_epi,1,0.883188,0.020814,1.092983e-06,3.155022e-06,633,0.013876,1.065148e-06,0.027751,1.025220e-06,2.531234e-01,475,1,0,1,1,1
010_potted_meat_can,s2_gate_030_010_potted_meat_can_t11,complete_epi,39,0.765696,0.020775,1.543055e-05,8.656400e-05,746,0.013850,8.911396e-06,0.027700,2.069306e-05,5.684096e-01,569,1,0,1,1,1
010_potted_meat_can,s2_gate_030_010_potted_meat_can_t12,complete_epi,9,0.896461,0.019842,1.106990e-06,1.994398e-06,644,0.013228,1.135763e-06,0.026456,1.022609e-06,3.509785e-01,656,1,0,1,1,1
010_potted_meat_can,s2_gate_030_010_potted_meat_can_t13,complete_epi,122,0.818701,0.021015,2.625518e-06,3.943142e-06,732,0.014010,2.238164e-06,0.028021,3.921393e-06,6.792036e-01,648,1,0,1,1,1
010_potted_meat_can,s2_gate_030_010_potted_meat_can_t14,complete_epi,33,0.833542,0.020716,3.118536e-06,6.541519e-06,747,0.013810,1.953885e-06,0.027621,4.927177e-06,5.210876e-01,708,1,0,1,1,1
010_potted_meat_can,s2_gate_030_010_potted_meat_can_t15,complete_epi,0,0.920531,0.020384,1.328193e-06,7.100025e-06,661,0.013589,1.194988e-06,0.027179,1.374982e-06,4.253075e-01,660,1,0,1,1,1
010_potted_meat_can,s2_gate_030_010_potted_meat_can_t17,complete_epi,1,0.904535,0.021110,6.669000e-06,5.075488e-06,521,0.014074,1.519104e-06,0.028147,1.286102e-05,3.356125e-01,569,1,0,1,1,1
010_potted_meat_can,s2_gate_030_010_potted_meat_can_t18,complete_epi,765,0.772080,0.032542,2.143904e-06,6.828752e-06,2008,0.021694,1.946553e-06,0.043389,2.990415e-06,9.432487e-01,868,1,0,1,1,1
010_potted_meat_can,s2_gate_030_010_potted_meat_can_t19,complete_epi,6,0.940340,0.020571,8.928528e-07,2.157864e-06,657,0.013714,8.412721e-07,0.027428,9.645425e-07,3.365903e-01,620,1,0,1,1,0
005_tomato_soup_can,s2_gate_050_005_tomato_soup_can_t0,complete_epi,175,0.842457,0.018947,6.949907e-07,1.514534e-06,601,0.012632,6.624145e-07,0.025263,6.819332e-07,3.098449e-01,750,1,0,1,1,1
005_tomato_soup_can,s2_gate_050_005_tomato_soup_can_t1,complete_epi,134,0.891565,0.019344,6.543415e-07,1.505802e-06,563,0.012896,5.774565e-07,0.025791,7.020431e-07,4.605084e-01,830,1,0,1,1,1
005_tomato_soup_can,s2_gate_050_005_tomato_soup_can_t2,complete_epi,78,0.864139,0.019147,7.556182e-07,1.390960e-06,587,0.012765,7.018081e-07,0.025529,7.448880e-07,3.932075e-01,807,1,0,1,1,1
005_tomato_soup_can,s2_gate_050_005_tomato_soup_can_t3,complete_epi,116,0.866194,0.019139,6.264518e-07,1.436959e-06,603,0.012759,6.249498e-07,0.025519,6.076425e-07,3.355701e-01,763,1,0,1,1,1
005_tomato_soup_can,s2_gate_050_005_tomato_soup_can_t4,complete_epi,27,0.875290,0.018662,5.505360e-07,1.762615e-06,428,0.012441,2.727040e-07,0.024883,6.493000e-07,2.625497e-01,681,1,0,1,1,1
005_tomato_soup_can,s2_gate_050_005_tomato_soup_can_t5,complete_epi,113,0.862839,0.019016,6.768519e-07,1.348708e-06,672,0.012677,6.468674e-07,0.025355,7.150648e-07,4.308978e-01,868,1,0,1,1,1
005_tomato_soup_can,s2_gate_050_005_tomato_soup_can_t6,complete_epi,86,0.873789,0.018967,7.182902e-07,1.488442e-06,590,0.012645,6.919392e-07,0.025290,7.235887e-07,3.623272e-01,801,1,0,1,1,1
005_tomato_soup_can,s2_gate_050_005_tomato_soup_can_t7,complete_epi,70,0.857106,0.018874,7.289126e-07,1.443473e-06,563,0.012583,6.472768e-07,0.025166,7.882276e-07,3.840288e-01,788,1,0,1,1,1
005_tomato_soup_can,s2_gate_050_005_tomato_soup_can_t9,complete_epi,20,0.882569,0.019018,7.550996e-07,1.448068e-06,652,0.012678,7.327098e-07,0.025357,8.044704e-07,4.254831e-01,835,1,0,1,1,1
005_tomato_soup_can,s2_gate_050_005_tomato_soup_can_t10,complete_epi,10,0.900987,0.028431,2.239812e-06,1.009100e-05,1936,0.018954,1.798520e-06,0.037908,2.424928e-06,1.275318e-01,268,1,0,1,1,0
005_tomato_soup_can,s2_gate_050_005_tomato_soup_can_t11,complete_epi,22,0.877068,0.019041,7.275681e-07,1.492581e-06,616,0.012694,7.184980e-07,0.025389,7.325710e-07,3.365537e-01,774,1,0,1,1,1
005_tomato_soup_can,s2_gate_050_005_tomato_soup_can_t12,complete_epi,15,0.884596,0.018619,7.317313e-07,1.428516e-06,677,0.012413,7.152869e-07,0.024825,7.668106e-07,4.026952e-01,855,1,0,1,1,1
005_tomato_soup_can,s2_gate_050_005_tomato_soup_can_t14,complete_epi,58,0.869418,0.018684,6.550562e-07,2.020825e-06,482,0.012456,6.299567e-07,0.024912,6.271736e-07,2.882144e-01,695,1,0,1,1,1
005_tomato_soup_can,s2_gate_050_005_tomato_soup_can_t15,complete_epi,73,0.863812,0.019079,6.423648e-07,1.476984e-06,619,0.012720,6.002300e-07,0.025439,6.287242e-07,3.744158e-01,795,1,0,1,1,0
005_tomato_soup_can,s2_gate_050_005_tomato_soup_can_t16,complete_epi,41,0.883369,0.018983,5.119996e-07,1.497635e-06,421,0.012656,3.551325e-07,0.025311,6.161132e-07,2.443266e-01,657,1,0,1,1,1
005_tomato_soup_can,s2_gate_050_005_tomato_soup_can_t17,complete_epi,125,0.861321,0.019166,7.005067e-07,1.470859e-06,782,0.012778,6.937080e-07,0.025555,7.257823e-07,3.423534e-01,780,1,0,1,1,1
005_tomato_soup_can,s2_gate_050_005_tomato_soup_can_t18,complete_epi,14,0.885775,0.019063,7.612136e-07,1.628041e-06,581,0.012709,6.599525e-07,0.025417,6.842024e-07,3.912059e-01,807,1,0,1,1,1
035_power_drill,s2_gate_050_035_power_drill_t0,complete_epi,340,0.850695,0.039149,9.946237e-06,2.773454e-05,1339,0.026099,4.125695e-06,0.052199,1.718376e-05,3.364281e-01,359,1,0,1,1,1
035_power_drill,s2_gate_050_035_power_drill_t1,complete_epi,1131,0.749461,0.019914,1.232341e-04,4.181171e-04,1098,0.013276,1.751906e-04,0.026552,9.895879e-05,3.211365e+00,1362,1,0,1,1,0
035_power_drill,s2_gate_050_035_power_drill_t2,complete_epi,0,0.972053,0.037239,3.571095e-05,2.867182e-04,2336,0.024826,6.254404e-05,0.049653,5.396080e-05,7.534049e-01,133,1,0,1,1,0
035_power_drill,s2_gate_050_035_power_drill_t3,complete_epi,586,0.804962,0.034001,5.272306e-06,3.467118e-05,816,0.022667,5.045319e-06,0.045335,6.038024e-06,0.000000e+00,238,1,0,1,1,0
035_power_drill,s2_gate_050_035_power_drill_t4,complete_epi,799,0.747876,0.040141,5.275242e-06,1.444245e-05,1328,0.026760,3.718879e-06,0.053521,1.898327e-05,1.063780e-01,259,1,0,1,1,1
035_power_drill,s2_gate_050_035_power_drill_t6,complete_epi,91,0.907318,0.041683,0.000000e+00,0.000000e+00,439,0.027789,0.000000e+00,0.055577,6.926466e-06,0.000000e+00,91,1,0,1,1,0
035_power_drill,s2_gate_050_035_power_drill_t7,complete_epi,389,0.787822,0.047033,3.525626e-06,2.831991e-05,822,0.031355,2.964679e-07,0.062710,1.250809e-05,0.000000e+00,121,1,0,1,1,0
035_power_drill,s2_gate_050_035_power_drill_t8,complete_epi,792,0.743966,0.040761,1.224858e-06,4.950603e-06,806,0.027174,0.000000e+00,0.054347,1.539668e-06,0.000000e+00,109,1,0,1,1,0
035_power_drill,s2_gate_050_035_power_drill_t9,complete_epi,651,0.785018,0.040753,1.560619e-05,6.260872e-05,2154,0.027169,1.130394e-05,0.054337,2.389926e-05,3.401323e-01,320,1,0,1,1,0
035_power_drill,s2_gate_050_035_power_drill_t11,complete_epi,129,0.853521,0.045366,1.109216e-04,6.395431e-04,905,0.030244,7.251558e-05,0.060487,1.403450e-04,4.388969e-01,177,1,0,1,1,1
035_power_drill,s2_gate_050_035_power_drill_t12,complete_epi,171,0.900614,0.031153,5.766618e-06,1.405573e-05,910,0.020769,3.856365e-06,0.041537,7.167338e-06,7.531979e-03,139,1,0,1,1,0
035_power_drill,s2_gate_050_035_power_drill_t13,complete_epi,254,0.864453,0.042909,1.788054e-05,8.749322e-06,704,0.028606,1.691911e-06,0.057212,9.625162e-05,0.000000e+00,129,1,0,1,1,1
035_power_drill,s2_gate_050_035_power_drill_t14,complete_epi,801,0.727666,0.040591,8.242665e-06,8.511667e-05,1088,0.027060,6.346105e-06,0.054121,8.783678e-06,0.000000e+00,158,1,0,1,1,0
035_power_drill,s2_gate_050_035_power_drill_t15,complete_epi,544,0.814389,0.048076,6.304027e-06,2.167352e-05,2335,0.032050,7.665437e-06,0.064101,1.212775e-05,1.325142e-01,256,1,0,1,1,1
035_power_drill,s2_gate_050_035_power_drill_t17,complete_epi,657,0.733981,0.042506,1.624823e-05,0.000000e+00,530,0.028337,0.000000e+00,0.056674,4.973678e-05,0.000000e+00,99,1,0,1,1,0
035_power_drill,s2_gate_050_035_power_drill_t18,complete_epi,43,0.915736,0.034454,6.973091e-04,2.165424e-03,991,0.022970,5.059562e-04,0.045939,5.626883e-04,1.460040e+00,141,1,0,1,1,0
035_power_drill,s2_gate_050_035_power_drill_t19,complete_epi,16,0.950147,0.033674,1.080203e-05,5.270470e-05,1398,0.022449,7.622250e-06,0.044898,1.453746e-05,3.960340e-01,311,1,0,1,1,0
021_bleach_cleanser,s2_gate_070_021_bleach_cleanser_t0,complete_epi,18,0.920045,0.039332,4.349928e-06,0.000000e+00,573,0.026221,0.000000e+00,0.052442,1.600093e-05,0.000000e+00,63,1,0,1,1,0
021_bleach_cleanser,s2_gate_070_021_bleach_cleanser_t1,complete_epi,137,0.886846,0.039162,2.519528e-05,1.816902e-04,828,0.026108,7.935883e-06,0.052216,2.819283e-05,0.000000e+00,77,1,0,1,1,1
021_bleach_cleanser,s2_gate_070_021_bleach_cleanser_t2,complete_epi,30,0.827249,0.039697,4.673540e-06,1.267777e-05,1471,0.026464,4.998676e-06,0.052929,4.156754e-06,8.250977e-02,246,1,0,1,1,0
021_bleach_cleanser,s2_gate_070_021_bleach_cleanser_t3,complete_epi,1047,0.731029,0.039499,1.079982e-05,8.286040e-05,810,0.026332,0.000000e+00,0.052665,2.200205e-05,0.000000e+00,69,1,0,1,1,0
021_bleach_cleanser,s2_gate_070_021_bleach_cleanser_t4,complete_epi,15,0.937993,0.038841,6.671687e-05,7.228628e-04,1174,0.025894,8.810116e-05,0.051789,6.127274e-05,2.695369e-01,153,1,0,1,1,1
021_bleach_cleanser,s2_gate_070_021_bleach_cleanser_t5,complete_epi,43,0.938476,0.040011,1.327495e-05,5.234667e-05,881,0.026674,8.920458e-06,0.053349,2.910325e-05,0.000000e+00,66,1,0,1,1,0
021_bleach_cleanser,s2_gate_070_021_bleach_cleanser_t6,complete_epi,96,0.881202,0.038930,4.033527e-06,2.022066e-05,1089,0.025953,1.596442e-06,0.051906,5.916392e-06,1.370915e-02,147,1,0,1,1,1
021_bleach_cleanser,s2_gate_070_021_bleach_cleanser_t7,complete_epi,174,0.896214,0.023112,7.375836e-07,1.359990e-06,1285,0.015408,7.138049e-07,0.030815,7.413012e-07,2.409227e-01,596,1,0,1,1,1
021_bleach_cleanser,s2_gate_070_021_bleach_cleanser_t8,complete_epi,165,0.897289,0.038788,2.465885e-05,2.494890e-04,772,0.025859,1.394978e-05,0.051718,2.528820e-05,0.000000e+00,70,1,0,1,1,0
021_bleach_cleanser,s2_gate_070_021_bleach_cleanser_t9,complete_epi,107,0.861584,0.038747,4.585201e-05,3.896391e-04,1192,0.025831,6.810499e-05,0.051662,4.134942e-05,0.000000e+00,170,1,0,1,1,1
021_bleach_cleanser,s2_gate_070_021_bleach_cleanser_t10,complete_epi,482,0.856008,0.039998,5.075183e-05,2.893544e-04,1128,0.026665,7.929309e-05,0.053331,3.254428e-05,9.795201e-02,159,1,0,1,1,1
021_bleach_cleanser,s2_gate_070_021_bleach_cleanser_t12,complete_epi,280,0.849993,0.040474,7.013359e-06,0.000000e+00,677,0.026983,0.000000e+00,0.053966,1.444289e-05,0.000000e+00,112,1,0,1,1,1
021_bleach_cleanser,s2_gate_070_021_bleach_cleanser_t13,complete_epi,1027,0.762273,0.039306,5.167014e-06,6.272334e-05,613,0.026204,0.000000e+00,0.052408,1.502161e-05,0.000000e+00,102,1,0,1,1,1
021_bleach_cleanser,s2_gate_070_021_bleach_cleanser_t14,complete_epi,90,0.909137,0.038740,2.912492e-05,3.245594e-04,699,0.025827,2.457344e-05,0.051654,2.705900e-05,0.000000e+00,78,1,0,1,1,0
021_bleach_cleanser,s2_gate_070_021_bleach_cleanser_t15,complete_epi,48,0.843778,0.020723,2.392470e-05,4.454968e-05,839,0.013815,2.447902e-05,0.027631,2.256499e-05,1.054633e+00,490,1,0,1,1,0
021_bleach_cleanser,s2_gate_070_021_bleach_cleanser_t16,complete_epi,416,0.750387,0.040386,3.904379e-06,1.740330e-05,1878,0.026924,3.706355e-06,0.053849,4.077292e-06,2.805916e-01,334,1,0,1,1,1
021_bleach_cleanser,s2_gate_070_021_bleach_cleanser_t18,complete_epi,529,0.852280,0.039726,4.222067e-06,2.646821e-05,839,0.026484,5.885527e-07,0.052968,9.031780e-06,1.026610e-02,121,1,0,1,1,1
021_bleach_cleanser,s2_gate_070_021_bleach_cleanser_t19,complete_epi,4,0.919829,0.019973,4.867123e-06,1.122163e-05,1349,0.013315,4.617567e-06,0.026630,4.747003e-06,9.872706e-01,837,1,0,1,1,0
061_foam_brick,s2_gate_070_061_foam_brick_t0,complete_epi,425,0.925811,0.017153,1.340290e-06,1.369114e-06,886,0.011435,4.010719e-07,0.022871,3.582240e-06,9.622784e-01,1258,1,0,1,1,0
061_foam_brick,s2_gate_070_061_foam_brick_t1,complete_epi,457,0.948538,0.016699,2.115414e-06,1.457827e-05,982,0.011133,5.752261e-06,0.022266,1.824092e-06,1.079216e+00,1581,1,0,1,1,1
061_foam_brick,s2_gate_070_061_foam_brick_t2,complete_epi,173,0.962111,0.018038,2.281340e-06,1.616855e-05,1142,0.012025,5.129314e-06,0.024051,5.215775e-06,1.277307e+00,1775,1,0,1,1,1
061_foam_brick,s2_gate_070_061_foam_brick_t3,complete_epi,1403,0.444009,0.016487,7.218059e-06,3.366398e-05,989,0.010991,5.506963e-06,0.021982,9.197440e-06,2.091125e+00,1436,1,0,1,1,1
061_foam_brick,s2_gate_070_061_foam_brick_t4,complete_epi,659,0.912260,0.016373,9.158102e-07,9.635172e-07,904,0.010915,5.834976e-07,0.021831,9.870465e-07,1.109806e+00,1658,1,0,1,1,1
061_foam_brick,s2_gate_070_061_foam_brick_t5,complete_epi,16,0.967706,0.016274,1.066881e-06,3.029328e-06,670,0.010850,1.572511e-06,0.021699,1.704912e-05,7.170230e-01,905,1,0,1,1,1
061_foam_brick,s2_gate_070_061_foam_brick_t6,complete_epi,18,0.957397,0.017203,1.170958e-06,2.616455e-06,1313,0.011469,1.041023e-06,0.022937,1.300774e-06,1.706625e+00,2205,1,0,1,1,0
061_foam_brick,s2_gate_070_061_foam_brick_t7,complete_epi,255,0.926095,0.017003,7.928958e-07,1.419232e-06,1323,0.011336,7.505878e-07,0.022671,9.231919e-06,1.498908e+00,1640,1,0,1,1,0
061_foam_brick,s2_gate_070_061_foam_brick_t8,complete_epi,746,0.924779,0.016619,8.574386e-07,3.971861e-06,1040,0.011079,6.253962e-07,0.022159,4.365304e-06,9.778067e-01,1352,1,0,1,1,1
061_foam_brick,s2_gate_070_061_foam_brick_t9,complete_epi,806,0.885156,0.016806,8.812981e-07,8.941662e-07,843,0.011204,6.655398e-07,0.022408,1.249165e-06,9.376840e-01,1470,1,0,1,1,0
061_foam_brick,s2_gate_070_061_foam_brick_t10,complete_epi,1228,0.743189,0.016082,1.770442e-05,7.517195e-05,868,0.010722,2.225936e-05,0.021443,2.012083e-05,1.507625e+00,1269,1,0,1,1,1
061_foam_brick,s2_gate_070_061_foam_brick_t11,complete_epi,1427,0.614531,0.015856,5.645852e-06,3.011894e-05,811,0.010571,5.709928e-06,0.021142,7.390864e-06,1.089648e+00,1112,1,0,1,1,1
061_foam_brick,s2_gate_070_061_foam_brick_t12,complete_epi,637,0.886879,0.016955,3.947704e-07,6.456729e-07,1185,0.011303,4.025661e-07,0.022607,4.236329e-07,7.405617e-01,1322,1,0,1,1,1
061_foam_brick,s2_gate_070_061_foam_brick_t13,complete_epi,1239,0.644238,0.016462,5.445180e-06,2.635124e-05,657,0.010974,6.150997e-06,0.021949,5.078628e-06,1.104617e+00,1277,1,0,1,1,1
061_foam_brick,s2_gate_070_061_foam_brick_t14,complete_epi,165,0.966032,0.017210,2.741521e-06,1.659528e-06,748,0.011474,3.765706e-06,0.022947,9.973930e-06,1.317675e+00,1616,1,0,1,1,1
061_foam_brick,s2_gate_070_061_foam_brick_t15,complete_epi,843,0.866412,0.017098,1.266090e-06,5.098734e-06,1067,0.011399,1.923228e-06,0.022797,1.292553e-06,9.327539e-01,1446,1,0,1,1,1
061_foam_brick,s2_gate_070_061_foam_brick_t16,complete_epi,746,0.900524,0.017818,5.304235e-07,8.108039e-07,1371,0.011879,5.529712e-07,0.023758,2.530697e-06,8.642344e-01,1418,1,0,1,1,1
061_foam_brick,s2_gate_070_061_foam_brick_t17,complete_epi,421,0.895114,0.016479,2.155537e-06,1.103946e-05,793,0.010986,2.145430e-06,0.021972,1.211837e-05,9.429129e-01,857,1,0,1,1,1
061_foam_brick,s2_gate_070_061_foam_brick_t18,complete_epi,1161,0.767437,0.016742,5.261675e-06,2.058758e-05,524,0.011161,4.311668e-06,0.022323,7.792330e-06,1.467777e+00,1124,1,0,1,1,1
061_foam_brick,s2_gate_070_061_foam_brick_t19,complete_epi,39,0.930184,0.017599,1.268308e-06,4.136518e-06,1422,0.011733,1.464973e-06,0.023466,2.149587e-06,1.748496e+00,2100,1,0,1,1,0
022_windex_bottle,s0_gate_off_022_windex_bottle_t0,complete_only,160,0.895291,0.037098,6.062429e-04,4.471800e-03,2305,0.024732,1.120539e-03,0.049463,3.981067e-05,1.450662e+00,1045,1,0,1,1,0
022_windex_bottle,s0_gate_off_022_windex_bottle_t1,complete_only,37,0.833362,0.039289,6.799942e-05,1.181173e-04,2264,0.026192,1.825797e-04,0.052385,8.353069e-05,9.545088e-01,220,1,0,1,1,0
022_windex_bottle,s0_gate_off_022_windex_bottle_t2,complete_only,0,0.951018,0.038746,8.360995e-05,4.969322e-04,2195,0.025830,1.220661e-04,0.051661,5.305606e-05,8.568627e-01,378,1,0,1,1,0
022_windex_bottle,s0_gate_off_022_windex_bottle_t3,complete_only,34,0.941241,0.028537,2.275983e-06,7.042192e-06,1227,0.019025,1.901492e-06,0.038049,3.148544e-06,6.293680e-01,554,1,0,1,1,0
022_windex_bottle,s0_gate_off_022_windex_bottle_t4,complete_only,3,0.933780,0.045315,1.270818e-05,4.266101e-05,1255,0.030210,5.341226e-06,0.060420,3.037568e-05,0.000000e+00,46,1,0,1,1,0
022_windex_bottle,s0_gate_off_022_windex_bottle_t5,complete_only,369,0.854891,0.039753,7.166799e-05,5.713055e-04,2809,0.026502,2.399486e-04,0.053004,9.191753e-05,1.241403e+00,692,1,0,1,1,0
022_windex_bottle,s0_gate_off_022_windex_bottle_t6,complete_only,184,0.848397,0.043363,4.596628e-06,7.221542e-06,7619,0.028908,2.523458e-06,0.057817,1.006591e-05,2.742650e+00,1824,1,0,1,1,1
022_windex_bottle,s0_gate_off_022_windex_bottle_t7,complete_only,171,0.847069,0.038563,2.717428e-04,8.706012e-04,1436,0.025709,2.706675e-04,0.051417,3.258440e-04,1.761338e+00,443,1,0,1,1,0
022_windex_bottle,s0_gate_off_022_windex_bottle_t8,complete_only,0,0.962500,0.042237,4.010241e-05,2.167034e-04,1728,0.028158,4.492415e-05,0.056317,9.656385e-05,3.246744e-01,192,1,0,1,1,0
022_windex_bottle,s0_gate_off_022_windex_bottle_t9,complete_only,181,0.868505,0.040791,3.548070e-05,1.114660e-04,2704,0.027194,1.627342e-04,0.054388,2.336944e-05,5.380165e-01,275,1,0,1,1,1
022_windex_bottle,s0_gate_off_022_windex_bottle_t10,complete_only,4,0.941775,0.044681,9.664792e-06,2.224554e-05,1423,0.029787,1.991589e-06,0.059575,5.443719e-05,2.243386e-03,132,1,0,1,1,0
022_windex_bottle,s0_gate_off_022_windex_bottle_t11,complete_only,0,0.944462,0.044366,3.749928e-06,6.230333e-06,1042,0.029577,2.462895e-06,0.059154,3.035991e-05,0.000000e+00,102,1,0,1,1,0
022_windex_bottle,s0_gate_off_022_windex_bottle_t12,complete_only,8,0.955387,0.041271,1.169855e-05,3.612963e-05,941,0.027514,1.094927e-05,0.055028,2.748100e-05,2.218208e-02,145,1,0,1,1,0
022_windex_bottle,s0_gate_off_022_windex_bottle_t13,complete_only,119,0.897394,0.037085,3.583237e-05,1.547764e-04,1455,0.024723,3.533700e-05,0.049447,3.974175e-05,2.197809e-01,29,1,0,1,1,0
022_windex_bottle,s0_gate_off_022_windex_bottle_t14,complete_only,5,0.945831,0.044538,1.153528e-05,4.977277e-05,875,0.029692,4.512030e-06,0.059384,5.125173e-05,0.000000e+00,113,1,0,1,1,0
022_windex_bottle,s0_gate_off_022_windex_bottle_t15,complete_only,2,0.879023,0.036437,1.716385e-04,1.060926e-03,1105,0.024291,5.933379e-05,0.048582,1.687388e-04,3.373747e-01,267,1,0,1,1,1
022_windex_bottle,s0_gate_off_022_windex_bottle_t17,complete_only,0,0.920767,0.039907,3.234670e-06,6.957101e-06,4836,0.026605,1.830315e-06,0.053209,5.312696e-06,6.431389e-01,512,1,0,1,1,0
022_windex_bottle,s0_gate_off_022_windex_bottle_t18,complete_only,31,0.930403,0.042544,6.553517e-06,2.408402e-05,5292,0.028363,2.968263e-06,0.056725,1.175110e-05,7.473778e-01,578,1,0,1,1,0
022_windex_bottle,s0_gate_off_022_windex_bottle_t19,complete_only,417,0.789029,0.039317,2.392285e-03,7.648103e-03,242,0.026211,2.775903e-03,0.052422,1.139773e-03,6.792802e-02,5,1,0,1,1,0
006_mustard_bottle,s0_gate_010_006_mustard_bottle_t0,complete_epi,205,0.799323,0.032858,1.674021e-05,3.783036e-05,2027,0.021906,1.407300e-05,0.043811,2.088660e-05,9.546353e-01,566,1,0,1,1,1
006_mustard_bottle,s0_gate_010_006_mustard_bottle_t1,complete_epi,0,0.943421,0.014208,4.018125e-07,6.635474e-07,1628,0.009472,3.557168e-07,0.018944,5.693596e-07,7.980302e-01,1618,1,0,1,1,1
006_mustard_bottle,s0_gate_010_006_mustard_bottle_t2,complete_epi,149,0.888538,0.053979,3.322496e-03,9.332619e-03,1068,0.035986,3.648783e-03,0.071972,3.018979e-03,4.132817e+00,74,1,0,1,1,0
006_mustard_bottle,s0_gate_010_006_mustard_bottle_t3,complete_epi,10,0.816163,0.032508,5.922716e-06,1.448275e-05,2093,0.021672,5.857491e-06,0.043344,6.477495e-06,6.577228e-01,485,1,0,1,1,1
006_mustard_bottle,s0_gate_010_006_mustard_bottle_t4,complete_epi,26,0.827613,0.031942,9.432964e-06,2.312928e-05,1454,0.021295,9.385289e-06,0.042590,9.231399e-06,4.501823e-01,181,1,0,1,1,1
006_mustard_bottle,s0_gate_010_006_mustard_bottle_t5,complete_epi,1174,0.335661,0.041406,2.191168e-05,5.425718e-05,1901,0.027604,1.501816e-05,0.055208,2.429507e-05,1.178334e+00,537,1,0,1,1,0
006_mustard_bottle,s0_gate_010_006_mustard_bottle_t6,complete_epi,200,0.805355,0.032720,1.545261e-05,2.906111e-05,2069,0.021813,7.177227e-06,0.043627,2.061083e-05,7.726281e-01,603,1,0,1,1,1
006_mustard_bottle,s0_gate_010_006_mustard_bottle_t8,complete_epi,22,0.855066,0.031914,5.336601e-06,9.946887e-06,1915,0.021276,6.196148e-06,0.042552,4.624017e-06,7.589058e-01,495,1,0,1,1,1
006_mustard_bottle,s0_gate_010_006_mustard_bottle_t9,complete_epi,241,0.789371,0.031808,1.721049e-05,6.770160e-05,1878,0.021205,1.283276e-05,0.042411,2.299011e-05,1.196443e+00,870,1,0,1,1,1
006_mustard_bottle,s0_gate_010_006_mustard_bottle_t10,complete_epi,53,0.942686,0.019214,1.657123e-04,4.341369e-04,1517,0.012809,1.636710e-04,0.025618,1.366103e-04,1.245194e+00,1035,1,0,1,1,1
006_mustard_bottle,s0_gate_010_006_mustard_bottle_t11,complete_epi,0,0.876692,0.031634,1.144466e-05,2.305192e-05,1352,0.021089,1.111460e-05,0.042178,1.071444e-05,5.299809e-01,285,1,0,1,1,0
006_mustard_bottle,s0_gate_010_006_mustard_bottle_t12,complete_epi,427,0.798397,0.032408,2.422086e-05,8.188835e-05,1794,0.021605,1.426109e-05,0.043211,3.548880e-05,8.894364e-01,627,1,0,1,1,1
006_mustard_bottle,s0_gate_010_006_mustard_bottle_t13,complete_epi,255,0.793808,0.033038,1.101321e-05,3.210999e-05,2019,0.022026,9.496957e-06,0.044051,1.433079e-05,4.532302e-01,430,1,0,1,1,1
006_mustard_bottle,s0_gate_010_006_mustard_bottle_t14,complete_epi,0,0.856157,0.032349,1.061654e-05,2.346848e-05,1472,0.021566,9.666705e-06,0.043132,1.062495e-05,5.461206e-01,283,1,0,1,1,1
006_mustard_bottle,s0_gate_010_006_mustard_bottle_t15,complete_epi,3,0.902708,0.031773,5.172411e-06,9.324943e-06,1894,0.021182,5.856438e-06,0.042364,4.523809e-06,6.271641e-01,450,1,0,1,1,0
006_mustard_bottle,s0_gate_010_006_mustard_bottle_t16,complete_epi,380,0.766469,0.032010,2.043045e-05,6.157624e-05,2029,0.021340,1.316053e-05,0.042681,2.576868e-05,1.135563e+00,803,1,0,1,1,1
006_mustard_bottle,s0_gate_010_006_mustard_bottle_t17,complete_epi,1,0.937626,0.030167,4.987302e-06,1.675228e-05,1572,0.020112,3.716845e-06,0.040223,5.768037e-06,2.124942e-01,485,1,0,1,1,1
006_mustard_bottle,s0_gate_010_006_mustard_bottle_t18,complete_epi,8,0.858021,0.031437,8.642176e-06,2.567206e-05,1908,0.020958,5.851370e-06,0.041917,9.342009e-06,6.199995e-01,582,1,0,1,1,1
006_mustard_bottle,s0_gate_010_006_mustard_bottle_t19,complete_epi,44,0.829258,0.031922,1.971203e-05,5.261136e-05,1961,0.021281,1.084240e-05,0.042562,3.010666e-05,1.257331e+00,954,1,0,1,1,1
011_banana,s0_gate_010_011_banana_t0,complete_epi,1084,0.828375,0.032608,3.756990e-04,1.831020e-03,1655,0.021739,1.080841e-03,0.043477,2.751323e-04,2.898679e+00,699,1,0,1,1,0
011_banana,s0_gate_010_011_banana_t1,complete_epi,1752,0.391093,0.031859,9.066790e-05,4.527501e-05,1748,0.021239,1.608402e-04,0.042478,1.228987e-04,1.234690e+00,537,1,0,1,1,0
011_banana,s0_gate_010_011_banana_t2,complete_epi,875,0.832650,0.031551,2.254683e-05,2.258087e-05,3104,0.021034,6.626904e-06,0.042068,4.400266e-05,3.572029e-01,304,1,0,1,1,0
011_banana,s0_gate_010_011_banana_t3,complete_epi,1478,0.684522,0.032922,9.864289e-05,3.180603e-04,1504,0.021948,2.035683e-04,0.043896,1.384276e-04,5.449941e-01,412,1,0,1,1,1
011_banana,s0_gate_010_011_banana_t4,complete_epi,1414,0.618535,0.030674,1.260341e-04,7.601616e-04,1205,0.020449,7.320246e-04,0.040899,9.306528e-05,3.262240e-01,252,1,0,1,1,0
011_banana,s0_gate_010_011_banana_t5,complete_epi,789,0.843555,0.032089,3.733002e-05,1.129454e-04,2844,0.021393,2.667241e-05,0.042785,4.770656e-05,8.177111e-01,670,1,0,1,1,1
011_banana,s0_gate_010_011_banana_t6,complete_epi,1351,0.681147,0.031549,1.565580e-04,4.405894e-04,3241,0.021032,1.549282e-04,0.042065,2.082057e-04,9.308825e-01,728,1,0,1,1,1
011_banana,s0_gate_010_011_banana_t7,complete_epi,121,0.948314,0.012304,2.412891e-04,7.166996e-04,358,0.008202,3.905291e-04,0.016405,8.618111e-05,2.170113e+00,3295,1,0,1,1,0
011_banana,s0_gate_010_011_banana_t8,complete_epi,1741,0.431437,0.031470,3.093999e-05,1.227719e-04,2411,0.020980,2.920974e-05,0.041960,3.143933e-05,5.696125e-01,475,1,0,1,1,1
011_banana,s0_gate_010_011_banana_t9,complete_epi,1571,0.500594,0.032818,1.434262e-04,8.624144e-04,2861,0.021878,1.308427e-04,0.043757,1.722159e-04,3.363672e-01,428,1,0,1,1,1
011_banana,s0_gate_010_011_banana_t10,complete_epi,1572,0.524858,0.030646,5.346063e-05,3.635887e-04,2000,0.020430,6.222220e-05,0.040861,6.339714e-05,9.244909e-01,328,1,0,1,1,0
011_banana,s0_gate_010_011_banana_t11,complete_epi,1632,0.489726,0.030675,1.376593e-04,8.927495e-04,1519,0.020450,7.522205e-04,0.040900,1.099818e-04,1.022387e+00,410,1,0,1,1,0
011_banana,s0_gate_010_011_banana_t12,complete_epi,1965,0.046086,0.031029,4.683077e-04,2.717155e-03,3020,0.020686,7.461219e-04,0.041372,3.282185e-04,1.757001e+00,811,1,0,1,1,1
011_banana,s0_gate_010_011_banana_t13,complete_epi,962,0.832648,0.032394,1.142379e-04,3.963907e-04,2641,0.021596,2.309529e-04,0.043193,1.402868e-04,1.119090e+00,676,1,0,1,1,1
011_banana,s0_gate_010_011_banana_t14,complete_epi,1761,0.340420,0.032087,1.498957e-04,8.931136e-04,1387,0.021392,2.353165e-04,0.042783,7.611209e-05,2.179020e-01,198,1,0,1,1,0
011_banana,s0_gate_010_011_banana_t15,complete_epi,209,0.901866,0.032916,1.050374e-05,1.998841e-05,2724,0.021944,1.952360e-06,0.043888,2.080940e-05,1.035543e-01,241,1,0,1,1,0
011_banana,s0_gate_010_011_banana_t16,complete_epi,1747,0.350433,0.031170,8.107598e-05,3.851174e-04,3666,0.020780,4.900299e-05,0.041559,1.376450e-04,8.288676e-01,839,1,0,1,1,1
011_banana,s0_gate_010_011_banana_t17,complete_epi,1454,0.669999,0.031977,3.374128e-05,8.470678e-05,1937,0.021318,6.575050e-05,0.042636,2.768642e-05,3.281262e-01,349,1,0,1,1,0
011_banana,s0_gate_010_011_banana_t18,complete_epi,1286,0.754632,0.031366,6.932257e-05,3.302994e-04,1120,0.020910,1.989157e-04,0.041821,4.194717e-05,3.144300e-01,317,1,0,1,1,0
011_banana,s0_gate_010_011_banana_t19,complete_epi,1614,0.468131,0.031925,1.088265e-04,3.202144e-04,3332,0.021283,8.883107e-05,0.042566,1.308149e-04,7.329013e-01,649,1,0,1,1,0
025_mug,s0_gate_020_025_mug_t0,complete_epi,24,0.939509,0.020684,7.428078e-06,3.791030e-05,606,0.013789,1.308369e-05,0.027579,6.570350e-06,2.579536e-01,185,1,0,1,1,1
025_mug,s0_gate_020_025_mug_t1,complete_epi,118,0.926027,0.021136,2.220568e-05,6.712418e-05,512,0.014091,2.991442e-05,0.028182,2.094824e-05,4.370524e-01,165,1,0,1,1,1
025_mug,s0_gate_020_025_mug_t2,complete_epi,55,0.921015,0.020194,1.190646e-06,2.564251e-06,612,0.013463,9.296665e-07,0.026926,1.428660e-06,7.159239e-02,145,1,0,1,1,1
025_mug,s0_gate_020_025_mug_t3,complete_epi,13,0.916311,0.020958,2.399689e-05,1.082721e-04,405,0.013972,1.431127e-05,0.027944,3.810316e-05,2.254052e-01,144,1,0,1,1,1
025_mug,s0_gate_020_025_mug_t4,complete_epi,60,0.937100,0.026836,9.384103e-06,3.391673e-05,710,0.017891,8.922235e-06,0.035782,9.142696e-06,3.045679e-01,142,1,0,1,1,1
025_mug,s0_gate_020_025_mug_t5,complete_epi,528,0.564875,0.026680,0.000000e+00,0.000000e+00,187,0.017787,0.000000e+00,0.035573,2.882781e-05,0.000000e+00,40,1,0,1,1,1
025_mug,s0_gate_020_025_mug_t7,complete_epi,19,0.840407,0.020514,3.890091e-05,1.078731e-04,105,0.013676,4.172084e-05,0.027351,2.139100e-05,1.717592e-01,56,1,0,1,1,1
025_mug,s0_gate_020_025_mug_t9,complete_epi,147,0.904579,0.020656,8.647685e-06,3.796018e-05,536,0.013771,1.041502e-05,0.027541,8.830793e-06,4.741973e-01,217,1,0,1,1,1
025_mug,s0_gate_020_025_mug_t10,complete_epi,4,0.941858,0.019807,3.496482e-06,1.042491e-05,562,0.013205,4.660838e-06,0.026410,2.687321e-06,9.497140e-02,63,1,0,1,1,1
025_mug,s0_gate_020_025_mug_t11,complete_epi,19,0.932240,0.019866,2.541770e-06,7.199389e-06,481,0.013244,3.646514e-06,0.026488,2.378515e-06,4.861057e-02,57,1,0,1,1,1
025_mug,s0_gate_020_025_mug_t13,complete_epi,5,0.939155,0.020826,2.706483e-06,5.641197e-06,406,0.013884,2.510756e-06,0.027768,2.810906e-06,3.969838e-01,296,1,0,1,1,0
025_mug,s0_gate_020_025_mug_t14,complete_epi,23,0.946658,0.019803,4.033442e-06,8.370719e-06,857,0.013202,2.508141e-06,0.026405,5.821812e-06,3.119679e-01,252,1,0,1,1,1
025_mug,s0_gate_020_025_mug_t15,complete_epi,173,0.893024,0.023788,1.932092e-06,2.815699e-06,858,0.015859,1.783926e-06,0.031717,1.957893e-06,2.683875e-01,213,1,0,1,1,1
025_mug,s0_gate_020_025_mug_t16,complete_epi,4,0.927309,0.013976,7.626674e-06,1.929115e-05,1245,0.009317,1.359301e-05,0.018635,4.454219e-06,3.147254e+00,2811,1,0,1,1,1
025_mug,s0_gate_020_025_mug_t17,complete_epi,55,0.935156,0.021543,2.227758e-05,6.922022e-05,522,0.014362,2.280063e-05,0.028724,1.873776e-05,4.111800e-01,162,1,0,1,1,1
025_mug,s0_gate_020_025_mug_t18,complete_epi,27,0.938039,0.020139,1.926214e-05,6.887157e-05,558,0.013426,1.839446e-05,0.026852,2.505496e-05,4.205806e-01,147,1,0,1,1,1
025_mug,s0_gate_020_025_mug_t19,complete_epi,123,0.916456,0.020292,1.961661e-05,8.916476e-05,556,0.013528,3.143541e-05,0.027056,1.943015e-05,7.413702e-01,274,1,0,1,1,1
051_large_clamp,s0_gate_020_051_large_clamp_t0,complete_epi,21,0.943686,0.031974,1.395102e-05,0.000000e+00,742,0.021316,1.305447e-05,0.042632,1.934338e-05,0.000000e+00,139,1,0,1,1,0
051_large_clamp,s0_gate_020_051_large_clamp_t1,complete_epi,8,0.946649,0.030873,6.430233e-07,2.336674e-06,1016,0.020582,0.000000e+00,0.041164,9.057340e-07,0.000000e+00,179,1,0,1,1,0
051_large_clamp,s0_gate_020_051_large_clamp_t2,complete_epi,28,0.972445,0.032675,1.365353e-05,2.707146e-05,1293,0.021784,7.899667e-06,0.043567,2.465929e-05,8.388828e-02,196,1,0,1,1,1
051_large_clamp,s0_gate_020_051_large_clamp_t4,complete_epi,0,0.965385,0.030162,8.532874e-07,4.392584e-06,808,0.020108,5.886365e-07,0.040216,7.217925e-07,0.000000e+00,156,1,0,1,1,1
051_large_clamp,s0_gate_020_051_large_clamp_t5,complete_epi,6,0.951863,0.046613,3.420534e-06,8.655689e-06,3967,0.031075,2.629964e-06,0.062150,7.308565e-06,1.672142e-01,232,1,0,1,1,0
051_large_clamp,s0_gate_020_051_large_clamp_t6,complete_epi,38,0.945605,0.032281,1.107240e-06,0.000000e+00,747,0.021521,0.000000e+00,0.043041,7.528609e-06,0.000000e+00,186,1,0,1,1,1
051_large_clamp,s0_gate_020_051_large_clamp_t7,complete_epi,0,0.970287,0.026117,4.742893e-06,6.477720e-06,2523,0.017411,3.280412e-06,0.034822,5.923012e-06,5.742458e-01,725,1,0,1,1,1
051_large_clamp,s0_gate_020_051_large_clamp_t8,complete_epi,87,0.930503,0.031375,2.966359e-06,1.093781e-05,1080,0.020917,1.863809e-06,0.041833,5.541324e-06,0.000000e+00,145,1,0,1,1,1
051_large_clamp,s0_gate_020_051_large_clamp_t9,complete_epi,3,0.964957,0.031951,7.578771e-06,2.462574e-05,765,0.021300,3.891213e-06,0.042601,9.956553e-06,0.000000e+00,148,1,0,1,1,1
051_large_clamp,s0_gate_020_051_large_clamp_t10,complete_epi,0,0.967948,0.030069,1.365310e-06,3.473039e-06,1226,0.020046,1.853620e-06,0.040093,1.199865e-06,0.000000e+00,154,1,0,1,1,1
051_large_clamp,s0_gate_020_051_large_clamp_t11,complete_epi,0,0.957002,0.040993,3.545759e-06,7.889543e-06,2676,0.027329,2.315764e-06,0.054658,4.910856e-06,6.201959e-01,446,1,0,1,1,0
051_large_clamp,s0_gate_020_051_large_clamp_t12,complete_epi,1,0.960820,0.031476,3.700655e-05,1.534701e-04,1470,0.020984,6.337592e-05,0.041968,2.566275e-05,2.451047e-01,244,1,0,1,1,1
051_large_clamp,s0_gate_020_051_large_clamp_t13,complete_epi,3,0.959257,0.030613,1.422798e-05,3.897412e-06,794,0.020408,5.334320e-06,0.040817,2.388261e-05,0.000000e+00,162,1,0,1,1,0
051_large_clamp,s0_gate_020_051_large_clamp_t14,complete_epi,0,0.966988,0.029441,1.278689e-06,4.645965e-06,915,0.019627,1.354220e-06,0.039255,1.295595e-06,0.000000e+00,155,1,0,1,1,0
051_large_clamp,s0_gate_020_051_large_clamp_t15,complete_epi,9,0.957498,0.031207,5.109562e-06,2.647437e-05,1110,0.020805,9.299365e-06,0.041609,9.519182e-06,5.576205e-02,159,1,0,1,1,1
051_large_clamp,s0_gate_020_051_large_clamp_t16,complete_epi,390,0.897862,0.018437,5.776736e-05,1.763584e-04,3493,0.012291,8.047856e-05,0.024582,2.232583e-05,4.100883e+00,940,1,0,1,1,0
051_large_clamp,s0_gate_020_051_large_clamp_t17,complete_epi,0,0.972636,0.030560,2.275656e-05,7.119663e-05,1488,0.020373,6.923451e-06,0.040746,3.241090e-05,2.060617e-01,236,1,0,1,1,1
051_large_clamp,s0_gate_020_051_large_clamp_t18,complete_epi,0,0.970579,0.040194,6.819907e-05,2.115031e-04,3514,0.026796,2.099986e-04,0.053592,6.012938e-05,2.101823e+00,809,1,0,1,1,1
051_large_clamp,s0_gate_020_051_large_clamp_t19,complete_epi,11,0.954976,0.031505,1.061084e-07,0.000000e+00,770,0.021003,0.000000e+00,0.042007,1.233669e-06,0.000000e+00,164,1,0,1,1,1
022_windex_bottle,s0_gate_030_022_windex_bottle_t0,complete_epi,253,0.871549,0.037098,3.943951e-06,4.420928e-06,4405,0.024732,2.619076e-06,0.049463,6.394611e-06,1.695363e+00,1238,1,0,1,1,1
022_windex_bottle,s0_gate_030_022_windex_bottle_t1,complete_epi,145,0.793861,0.039285,6.883348e-05,1.449948e-04,3334,0.026190,1.838625e-04,0.052381,7.577768e-05,1.535859e+00,686,1,0,1,1,0
022_windex_bottle,s0_gate_030_022_windex_bottle_t2,complete_epi,0,0.932013,0.038742,2.080143e-05,7.733691e-05,3001,0.025828,2.390828e-05,0.051656,3.096781e-05,7.725408e-01,392,1,0,1,1,0
022_windex_bottle,s0_gate_030_022_windex_bottle_t3,complete_epi,38,0.934718,0.028545,1.991068e-06,6.659925e-06,1351,0.019030,3.375854e-06,0.038060,3.715122e-06,7.630007e-01,705,1,0,1,1,1
022_windex_bottle,s0_gate_030_022_windex_bottle_t4,complete_epi,74,0.907203,0.044630,7.445125e-06,5.537184e-05,896,0.029753,1.525251e-06,0.059506,3.492416e-05,0.000000e+00,84,1,0,1,1,0
022_windex_bottle,s0_gate_030_022_windex_bottle_t5,complete_epi,463,0.841932,0.039760,2.880486e-05,6.411497e-05,3465,0.026507,4.524719e-05,0.053014,5.675543e-05,1.676218e+00,969,1,0,1,1,0
022_windex_bottle,s0_gate_030_022_windex_bottle_t6,complete_epi,266,0.869641,0.043355,3.888250e-06,6.817516e-06,7634,0.028903,2.513067e-06,0.057807,8.385290e-06,3.048031e+00,1943,1,0,1,1,0
022_windex_bottle,s0_gate_030_022_windex_bottle_t7,complete_epi,482,0.766924,0.038433,8.835528e-05,4.232924e-04,2723,0.025622,6.615610e-05,0.051244,1.222719e-04,5.818488e-01,392,1,0,1,1,0
022_windex_bottle,s0_gate_030_022_windex_bottle_t8,complete_epi,0,0.958117,0.043665,1.912436e-04,1.129425e-03,1735,0.029110,2.615516e-04,0.058220,3.048554e-04,1.154247e+00,442,1,0,1,1,0
022_windex_bottle,s0_gate_030_022_windex_bottle_t9,complete_epi,209,0.846647,0.040770,1.105254e-05,2.138633e-05,3914,0.027180,1.879552e-05,0.054360,1.251079e-05,5.049745e-01,272,1,0,1,1,0
022_windex_bottle,s0_gate_030_022_windex_bottle_t10,complete_epi,0,0.947640,0.044592,4.779071e-06,7.260064e-06,1081,0.029728,2.974259e-06,0.059456,6.826105e-05,0.000000e+00,90,1,0,1,1,0
022_windex_bottle,s0_gate_030_022_windex_bottle_t11,complete_epi,0,0.953279,0.044359,3.772923e-06,6.436908e-06,1073,0.029573,2.586023e-06,0.059145,3.090597e-05,1.616754e-01,194,1,0,1,1,0
022_windex_bottle,s0_gate_030_022_windex_bottle_t12,complete_epi,18,0.950855,0.041270,1.220814e-05,4.171408e-05,885,0.027514,8.245822e-06,0.055027,3.030830e-05,2.213747e-02,135,1,0,1,1,0
022_windex_bottle,s0_gate_030_022_windex_bottle_t13,complete_epi,216,0.877186,0.037085,1.271550e-05,4.664037e-05,2159,0.024723,3.019204e-05,0.049447,1.555458e-05,2.445322e-01,34,1,0,1,1,0
022_windex_bottle,s0_gate_030_022_windex_bottle_t14,complete_epi,4,0.945640,0.044538,1.153528e-05,4.977277e-05,865,0.029692,4.217126e-06,0.059384,5.125173e-05,0.000000e+00,112,1,0,1,1,0
022_windex_bottle,s0_gate_030_022_windex_bottle_t15,complete_epi,56,0.920456,0.030262,7.741432e-05,3.334815e-04,726,0.020174,5.127041e-05,0.040349,7.954776e-05,0.000000e+00,171,1,0,1,1,0
022_windex_bottle,s0_gate_030_022_windex_bottle_t16,complete_epi,160,0.912507,0.040785,5.332706e-06,1.781937e-05,5372,0.027190,3.476013e-06,0.054379,8.660030e-06,1.008025e+00,618,1,0,1,1,0
022_windex_bottle,s0_gate_030_022_windex_bottle_t17,complete_epi,8,0.894877,0.039930,3.246228e-06,6.949437e-06,4854,0.026620,1.945877e-06,0.053240,5.344496e-06,1.374523e-01,199,1,0,1,1,1
022_windex_bottle,s0_gate_030_022_windex_bottle_t18,complete_epi,9,0.941362,0.042718,6.477334e-06,1.858923e-05,4959,0.028479,3.916322e-06,0.056957,1.403218e-05,9.929481e-01,588,1,0,1,1,0
022_windex_bottle,s0_gate_030_022_windex_bottle_t19,complete_epi,618,0.746746,0.039317,1.669030e-04,6.704929e-04,2423,0.026211,2.591363e-04,0.052422,1.492039e-04,4.462918e-01,195,1,0,1,1,0
006_mustard_bottle,s0_gate_050_006_mustard_bottle_t0,complete_epi,157,0.815975,0.032858,1.153634e-05,3.037858e-05,1935,0.021906,1.291138e-05,0.043811,1.423853e-05,7.578357e-01,479,1,0,1,1,1
006_mustard_bottle,s0_gate_050_006_mustard_bottle_t1,complete_epi,131,0.864711,0.030866,8.460983e-06,2.918227e-05,1977,0.020578,7.827320e-06,0.041155,1.013597e-05,4.362394e-01,406,1,0,1,1,1
006_mustard_bottle,s0_gate_050_006_mustard_bottle_t2,complete_epi,0,0.862076,0.031796,4.874228e-06,9.699918e-06,1586,0.021197,5.346132e-06,0.042395,4.400933e-06,2.183544e-01,230,1,0,1,1,1
006_mustard_bottle,s0_gate_050_006_mustard_bottle_t3,complete_epi,118,0.834095,0.032880,6.838785e-06,1.736670e-05,2147,0.021920,6.404946e-06,0.043839,8.297851e-06,7.344854e-01,505,1,0,1,1,1
006_mustard_bottle,s0_gate_050_006_mustard_bottle_t4,complete_epi,32,0.829099,0.031941,8.780462e-06,2.334685e-05,1597,0.021294,9.707121e-06,0.042588,8.407974e-06,2.388999e-01,304,1,0,1,1,1
006_mustard_bottle,s0_gate_050_006_mustard_bottle_t6,complete_epi,275,0.803716,0.032699,1.223592e-05,2.216838e-05,2203,0.021799,5.988741e-06,0.043598,1.633450e-05,6.428039e-01,552,1,0,1,1,1
006_mustard_bottle,s0_gate_050_006_mustard_bottle_t7,complete_epi,618,0.848432,0.021521,1.956255e-05,8.481999e-05,1104,0.014347,2.052663e-05,0.028694,1.685314e-05,1.226862e+00,336,1,0,1,1,0
006_mustard_bottle,s0_gate_050_006_mustard_bottle_t8,complete_epi,42,0.836637,0.031908,5.021394e-06,1.011099e-05,2088,0.021272,4.631931e-06,0.042544,5.219824e-06,1.234829e+00,808,1,0,1,1,1
006_mustard_bottle,s0_gate_050_006_mustard_bottle_t9,complete_epi,79,0.974166,0.014174,2.539952e-04,1.428147e-03,1105,0.009450,2.494445e-04,0.018899,2.260087e-04,7.380978e+00,1642,1,0,1,1,0
006_mustard_bottle,s0_gate_050_006_mustard_bottle_t10,complete_epi,0,0.871076,0.032629,1.082283e-05,2.431370e-05,1479,0.021753,1.081677e-05,0.043506,1.074489e-05,5.788932e-01,430,1,0,1,1,1
006_mustard_bottle,s0_gate_050_006_mustard_bottle_t11,complete_epi,50,0.815620,0.031858,7.880518e-06,2.552540e-05,1658,0.021239,6.413996e-06,0.042477,9.827669e-06,3.336489e-01,347,1,0,1,1,1
006_mustard_bottle,s0_gate_050_006_mustard_bottle_t12,complete_epi,173,0.826276,0.032668,1.643232e-05,5.292891e-05,2049,0.021779,1.197380e-05,0.043557,2.056823e-05,9.352831e-01,704,1,0,1,1,1
006_mustard_bottle,s0_gate_050_006_mustard_bottle_t13,complete_epi,472,0.730967,0.033124,1.687844e-05,4.247347e-05,2194,0.022083,8.210759e-06,0.044165,2.291043e-05,6.341285e-01,494,1,0,1,1,1
006_mustard_bottle,s0_gate_050_006_mustard_bottle_t14,complete_epi,37,0.820857,0.032230,9.892449e-06,2.359430e-05,1561,0.021486,1.032226e-05,0.042973,9.783368e-06,2.293478e-01,281,1,0,1,1,1
006_mustard_bottle,s0_gate_050_006_mustard_bottle_t15,complete_epi,1,0.868255,0.031893,5.526680e-06,1.051049e-05,1538,0.021262,6.126125e-06,0.042524,4.859385e-06,6.808777e-01,443,1,0,1,1,1
006_mustard_bottle,s0_gate_050_006_mustard_bottle_t16,complete_epi,446,0.774752,0.032558,1.860603e-05,6.494558e-05,1968,0.021705,1.046817e-05,0.043411,2.518899e-05,9.881417e-01,755,1,0,1,1,1
006_mustard_bottle,s0_gate_050_006_mustard_bottle_t17,complete_epi,14,0.910307,0.029903,3.187745e-06,1.144338e-05,1645,0.019935,2.109682e-06,0.039870,3.901562e-06,2.507730e-01,475,1,0,1,1,1
006_mustard_bottle,s0_gate_050_006_mustard_bottle_t18,complete_epi,404,0.820657,0.035899,1.593147e-05,5.249977e-05,2262,0.023933,1.280401e-05,0.047865,1.585911e-05,3.848650e-01,438,1,0,1,1,1
006_mustard_bottle,s0_gate_050_006_mustard_bottle_t19,complete_epi,19,0.841639,0.031835,2.404786e-05,6.028049e-05,1923,0.021223,1.286768e-05,0.042446,3.681550e-05,1.267375e+00,922,1,0,1,1,1
011_banana,s0_gate_050_011_banana_t0,complete_epi,1697,0.446105,0.032608,1.441139e-04,8.895456e-04,1238,0.021739,2.802970e-04,0.043477,1.314568e-04,2.901758e-01,245,1,0,1,1,0
011_banana,s0_gate_050_011_banana_t1,complete_epi,1818,0.267896,0.031833,7.258100e-05,2.049207e-04,2983,0.021222,7.469381e-05,0.042444,1.025049e-04,9.492447e-01,721,1,0,1,1,1
011_banana,s0_gate_050_011_banana_t2,complete_epi,1117,0.740100,0.030667,3.275813e-05,5.741997e-05,3117,0.020445,2.013744e-05,0.040889,4.755264e-05,6.648949e-01,632,1,0,1,1,1
011_banana,s0_gate_050_011_banana_t3,complete_epi,1640,0.563853,0.032960,7.335252e-05,3.437810e-04,1725,0.021974,2.368314e-04,0.043947,6.547231e-05,7.439474e-01,322,1,0,1,1,0
011_banana,s0_gate_050_011_banana_t4,complete_epi,1610,0.508077,0.030844,8.738139e-05,5.921901e-04,1563,0.020562,2.496408e-04,0.041125,6.317991e-05,4.580971e-01,366,1,0,1,1,0
011_banana,s0_gate_050_011_banana_t5,complete_epi,888,0.812843,0.032095,4.176835e-05,2.105672e-04,1672,0.021396,8.868680e-05,0.042793,4.684092e-05,9.569460e-01,702,1,0,1,1,1
011_banana,s0_gate_050_011_banana_t6,complete_epi,1760,0.326693,0.031852,2.587452e-04,1.269169e-03,2649,0.021235,4.236205e-04,0.042470,2.385292e-04,1.076782e+00,787,1,0,1,1,1
011_banana,s0_gate_050_011_banana_t7,complete_epi,630,0.898616,0.024747,5.970949e-06,2.927698e-05,3039,0.016498,6.025055e-06,0.032996,7.536200e-06,8.398065e-01,893,1,0,1,1,1
011_banana,s0_gate_050_011_banana_t8,complete_epi,1815,0.376433,0.031452,2.473390e-05,9.171291e-05,1650,0.020968,1.868098e-05,0.041936,2.781124e-05,6.090522e-01,497,1,0,1,1,1
011_banana,s0_gate_050_011_banana_t9,complete_epi,1496,0.577921,0.032114,6.090428e-05,2.126239e-04,3212,0.021410,1.714833e-05,0.042819,9.429524e-05,4.827514e-01,378,1,0,1,1,0
011_banana,s0_gate_050_011_banana_t10,complete_epi,1670,0.419713,0.030665,1.066455e-04,5.826705e-04,1726,0.020444,3.689100e-04,0.040887,1.151184e-04,1.288125e+00,534,1,0,1,1,0
011_banana,s0_gate_050_011_banana_t11,complete_epi,1668,0.460083,0.030659,5.398406e-05,3.057422e-04,2254,0.020440,5.918117e-05,0.040879,4.889375e-05,9.992818e-01,427,1,0,1,1,0
011_banana,s0_gate_050_011_banana_t12,complete_epi,1972,0.032174,0.031054,4.512776e-05,2.197392e-04,2796,0.020703,1.702329e-05,0.041406,7.605986e-05,2.124361e-01,214,1,0,1,1,0
011_banana,s0_gate_050_011_banana_t13,complete_epi,1360,0.681485,0.032373,1.394341e-04,4.849688e-04,1533,0.021582,2.591747e-04,0.043164,1.396390e-04,1.190878e+00,301,1,0,1,1,0
011_banana,s0_gate_050_011_banana_t14,complete_epi,1640,0.513711,0.031988,1.135420e-04,7.583683e-04,1618,0.021326,3.997179e-04,0.042651,9.603540e-05,5.265268e-01,311,1,0,1,1,0
011_banana,s0_gate_050_011_banana_t15,complete_epi,506,0.861679,0.032946,1.448577e-05,4.238163e-05,2763,0.021964,8.903453e-06,0.043928,2.396383e-05,1.396131e-01,277,1,0,1,1,0
011_banana,s0_gate_050_011_banana_t16,complete_epi,1838,0.250571,0.031140,1.823919e-04,1.116055e-03,3255,0.020760,1.300049e-04,0.041521,2.190240e-04,3.321188e-01,426,1,0,1,1,1
011_banana,s0_gate_050_011_banana_t17,complete_epi,1596,0.521755,0.031934,5.811745e-05,2.234519e-04,1925,0.021289,1.560043e-04,0.042579,3.524341e-05,1.141026e+00,749,1,0,1,1,0
011_banana,s0_gate_050_011_banana_t18,complete_epi,1650,0.532696,0.031383,3.145029e-05,1.310827e-04,1624,0.020922,4.771942e-05,0.041844,2.492322e-05,4.834956e-01,505,1,0,1,1,0
011_banana,s0_gate_050_011_banana_t19,complete_epi,1612,0.472238,0.031965,2.316019e-04,1.484143e-03,2037,0.021310,1.892295e-03,0.042620,2.294059e-04,1.562921e+00,716,1,0,1,1,0
025_mug,s0_gate_070_025_mug_t0,complete_epi,11,0.947847,0.020684,2.807744e-06,7.813258e-06,826,0.013789,2.249614e-06,0.027579,3.510599e-06,2.247203e-01,204,1,0,1,1,1
025_mug,s0_gate_070_025_mug_t1,complete_epi,190,0.912117,0.021129,1.580259e-06,3.167705e-06,1046,0.014086,1.686297e-06,0.028172,1.539290e-06,3.521392e-01,336,1,0,1,1,1
025_mug,s0_gate_070_025_mug_t2,complete_epi,44,0.935823,0.020275,1.137138e-06,3.246495e-06,505,0.013517,1.126122e-06,0.027034,1.171731e-06,8.050471e-02,151,1,0,1,1,1
025_mug,s0_gate_070_025_mug_t3,complete_epi,30,0.895048,0.021182,6.351892e-06,2.661603e-05,426,0.014121,7.883819e-06,0.028243,7.731538e-06,8.334176e-02,85,1,0,1,1,1
025_mug,s0_gate_070_025_mug_t4,complete_epi,101,0.920291,0.020062,1.725218e-06,3.989100e-06,841,0.013375,1.993284e-06,0.026750,1.640657e-06,3.298928e-01,352,1,0,1,1,1
025_mug,s0_gate_070_025_mug_t5,complete_epi,232,0.843793,0.020585,1.605777e-06,3.849064e-06,334,0.013724,1.508079e-06,0.027447,1.746756e-06,2.446938e-01,229,1,0,1,1,1
025_mug,s0_gate_070_025_mug_t6,complete_epi,37,0.927879,0.020800,1.198162e-06,1.896397e-06,671,0.013867,1.205796e-06,0.027733,1.214967e-06,2.216305e-01,241,1,0,1,1,0
025_mug,s0_gate_070_025_mug_t7,complete_epi,100,0.837805,0.020506,1.690871e-06,3.979441e-06,1005,0.013670,1.701900e-06,0.027341,1.848549e-06,2.909247e-01,277,1,0,1,1,1
025_mug,s0_gate_070_025_mug_t8,complete_epi,67,0.904781,0.020420,2.129060e-07,2.048394e-06,243,0.013614,0.000000e+00,0.027227,3.481291e-07,0.000000e+00,81,1,0,1,1,1
025_mug,s0_gate_070_025_mug_t9,complete_epi,89,0.915281,0.020677,1.343758e-06,2.280842e-06,813,0.013785,1.307308e-06,0.027569,1.350869e-06,2.010603e-01,223,1,0,1,1,0
025_mug,s0_gate_070_025_mug_t10,complete_epi,7,0.939349,0.019755,1.256404e-06,3.207984e-06,633,0.013170,1.215426e-06,0.026340,1.646404e-06,1.393994e-01,178,1,0,1,1,1
025_mug,s0_gate_070_025_mug_t11,complete_epi,33,0.915221,0.019830,1.951192e-06,3.442354e-06,856,0.013220,1.866174e-06,0.026440,2.029954e-06,3.655475e-01,309,1,0,1,1,1
025_mug,s0_gate_070_025_mug_t12,complete_epi,341,0.746909,0.020353,1.384457e-06,3.135348e-06,421,0.013568,1.364788e-06,0.027137,1.675590e-06,1.549952e-01,189,1,0,1,1,1
025_mug,s0_gate_070_025_mug_t13,complete_epi,121,0.911610,0.020281,1.321803e-06,2.449329e-06,696,0.013520,1.168428e-06,0.027041,1.297014e-06,1.278101e-01,182,1,0,1,1,1
025_mug,s0_gate_070_025_mug_t14,complete_epi,88,0.913184,0.019918,1.239773e-06,2.849459e-06,487,0.013279,1.241951e-06,0.026557,1.287463e-06,3.980094e-02,94,1,0,1,1,1
025_mug,s0_gate_070_025_mug_t15,complete_epi,14,0.944034,0.023252,1.593166e-06,3.143077e-06,1285,0.015502,1.388024e-06,0.031003,1.519285e-06,3.955971e-01,403,1,0,1,1,1
025_mug,s0_gate_070_025_mug_t16,complete_epi,14,0.939681,0.021284,1.122455e-06,2.022125e-06,693,0.014189,1.173757e-06,0.028379,1.230241e-06,1.686253e-01,202,1,0,1,1,1
025_mug,s0_gate_070_025_mug_t17,complete_epi,106,0.931936,0.023127,1.196096e-06,2.469508e-06,882,0.015418,1.205339e-06,0.030836,1.229973e-06,1.576790e-01,191,1,0,1,1,0
025_mug,s0_gate_070_025_mug_t18,complete_epi,194,0.917568,0.021189,1.077295e-06,2.443596e-06,696,0.014126,1.143325e-06,0.028253,1.300371e-06,2.150029e-01,261,1,0,1,1,1
025_mug,s0_gate_070_025_mug_t19,complete_epi,202,0.898830,0.020311,1.579605e-06,2.601895e-06,903,0.013541,1.639762e-06,0.027082,1.563000e-06,3.534074e-01,344,1,0,1,1,1
051_large_clamp,s0_gate_070_051_large_clamp_t0,complete_epi,27,0.943215,0.031974,2.908312e-05,1.850946e-04,741,0.021316,3.387832e-05,0.042632,2.324401e-05,2.045492e-02,136,1,0,1,1,1
051_large_clamp,s0_gate_070_051_large_clamp_t2,complete_epi,165,0.955275,0.032682,2.089077e-06,5.993173e-06,957,0.021788,3.167601e-06,0.043576,3.002470e-06,4.646742e-02,175,1,0,1,1,1
051_large_clamp,s0_gate_070_051_large_clamp_t3,complete_epi,0,0.949323,0.031872,4.451952e-07,0.000000e+00,698,0.021248,0.000000e+00,0.042496,3.354377e-06,0.000000e+00,129,1,0,1,1,1
051_large_clamp,s0_gate_070_051_large_clamp_t4,complete_epi,0,0.961860,0.030003,1.104976e-06,5.663432e-06,843,0.020002,1.962416e-06,0.040004,1.193243e-06,0.000000e+00,150,1,0,1,1,1
051_large_clamp,s0_gate_070_051_large_clamp_t5,complete_epi,0,0.941703,0.046663,4.536605e-06,5.975698e-06,4957,0.031108,2.088168e-06,0.062217,1.503750e-05,2.412306e-01,310,1,0,1,1,0
051_large_clamp,s0_gate_070_051_large_clamp_t6,complete_epi,6,0.959696,0.032529,4.494197e-07,0.000000e+00,758,0.021686,0.000000e+00,0.043373,1.347351e-06,0.000000e+00,174,1,0,1,1,0
051_large_clamp,s0_gate_070_051_large_clamp_t7,complete_epi,23,0.950149,0.026168,1.156813e-06,1.985242e-06,1500,0.017445,2.642290e-07,0.034890,2.681252e-06,7.919645e-02,318,1,0,1,1,0
051_large_clamp,s0_gate_070_051_large_clamp_t8,complete_epi,190,0.916111,0.031337,1.451950e-06,9.470542e-06,853,0.020891,6.187597e-07,0.041783,2.987897e-06,0.000000e+00,143,1,0,1,1,1
051_large_clamp,s0_gate_070_051_large_clamp_t9,complete_epi,614,0.801021,0.016294,2.550850e-05,9.096040e-05,1332,0.010863,3.176051e-05,0.021726,1.990704e-05,3.812391e-01,846,1,0,1,1,0
051_large_clamp,s0_gate_070_051_large_clamp_t10,complete_epi,0,0.973649,0.030166,7.373168e-07,3.158852e-06,818,0.020111,0.000000e+00,0.040222,1.020490e-06,0.000000e+00,150,1,0,1,1,0
051_large_clamp,s0_gate_070_051_large_clamp_t11,complete_epi,6,0.957441,0.029700,1.364334e-06,4.522612e-06,1279,0.019800,1.938191e-06,0.039601,1.269772e-06,0.000000e+00,155,1,0,1,1,1
051_large_clamp,s0_gate_070_051_large_clamp_t12,complete_epi,36,0.941620,0.031439,9.308076e-09,0.000000e+00,877,0.020959,0.000000e+00,0.041919,7.830013e-07,0.000000e+00,181,1,0,1,1,1
051_large_clamp,s0_gate_070_051_large_clamp_t13,complete_epi,66,0.953303,0.032082,4.725891e-05,2.682411e-04,508,0.021388,2.143782e-04,0.042776,2.890494e-05,1.680354e-02,154,1,0,1,1,1
051_large_clamp,s0_gate_070_051_large_clamp_t14,complete_epi,0,0.970671,0.030312,1.696342e-06,5.353096e-06,787,0.020208,0.000000e+00,0.040416,1.998934e-06,0.000000e+00,107,1,0,1,1,0
051_large_clamp,s0_gate_070_051_large_clamp_t15,complete_epi,9,0.955365,0.031226,5.741485e-06,2.798489e-05,1221,0.020817,9.785047e-06,0.041635,1.237183e-05,6.191487e-02,168,1,0,1,1,1
051_large_clamp,s0_gate_070_051_large_clamp_t17,complete_epi,88,0.955568,0.030560,4.062843e-07,1.855998e-06,1227,0.020373,4.742864e-07,0.040746,6.369391e-07,0.000000e+00,230,1,0,1,1,1
051_large_clamp,s0_gate_070_051_large_clamp_t18,complete_epi,0,0.966485,0.029332,4.397308e-07,3.084054e-06,812,0.019555,0.000000e+00,0.039109,3.753596e-07,0.000000e+00,174,1,0,1,1,1
051_large_clamp,s0_gate_070_051_large_clamp_t19,complete_epi,25,0.945208,0.031894,2.241070e-06,1.052845e-05,921,0.021263,2.112812e-06,0.042526,2.500437e-06,0.000000e+00,168,1,0,1,1,1
022_windex_bottle,s1_gate_off_022_windex_bottle_t0,complete_only,7,0.940022,0.044633,5.589000e-06,1.351058e-05,1406,0.029755,2.538453e-06,0.059510,3.112486e-05,2.881268e-01,254,1,0,1,1,0
022_windex_bottle,s1_gate_off_022_windex_bottle_t1,complete_only,0,0.944587,0.039441,3.045734e-04,1.253770e-03,2031,0.026294,4.479920e-04,0.052588,1.045928e-04,9.714327e-01,459,1,0,1,1,0
022_windex_bottle,s1_gate_off_022_windex_bottle_t2,complete_only,75,0.906681,0.040876,2.852545e-06,7.063194e-06,4708,0.027251,2.216739e-06,0.054502,4.661262e-06,7.175098e-01,514,1,0,1,1,0
022_windex_bottle,s1_gate_off_022_windex_bottle_t3,complete_only,0,0.953681,0.042333,1.143247e-05,2.032848e-05,1386,0.028222,8.161996e-06,0.056445,5.036164e-05,2.911641e-01,275,1,0,1,1,0
022_windex_bottle,s1_gate_off_022_windex_bottle_t4,complete_only,1,0.941606,0.042776,1.373539e-04,8.014851e-04,609,0.028517,1.517909e-04,0.057035,1.356623e-04,1.314158e-01,123,1,0,1,1,0
022_windex_bottle,s1_gate_off_022_windex_bottle_t5,complete_only,9,0.936800,0.040953,2.614040e-05,1.204096e-04,1230,0.027302,9.982156e-06,0.054605,6.447969e-05,1.116120e-01,131,1,0,1,1,0
022_windex_bottle,s1_gate_off_022_windex_bottle_t6,complete_only,0,0.959049,0.045217,4.019333e-05,3.415483e-05,1997,0.030144,1.649676e-05,0.060289,1.142449e-04,1.096365e+00,639,1,0,1,1,0
022_windex_bottle,s1_gate_off_022_windex_bottle_t7,complete_only,0,0.920959,0.038693,3.259889e-05,1.526489e-04,2787,0.025795,8.191783e-05,0.051591,3.534556e-05,7.270025e-01,364,1,0,1,1,0
022_windex_bottle,s1_gate_off_022_windex_bottle_t8,complete_only,56,0.869051,0.041225,4.988339e-04,1.574719e-03,1149,0.027483,5.128017e-04,0.054966,4.944531e-04,1.482786e+00,65,1,0,1,1,0
022_windex_bottle,s1_gate_off_022_windex_bottle_t9,complete_only,83,0.898799,0.044393,5.168960e-05,2.497507e-04,842,0.029595,1.009003e-05,0.059190,9.238442e-05,9.301068e-02,134,1,0,1,1,0
022_windex_bottle,s1_gate_off_022_windex_bottle_t10,complete_only,0,0.929710,0.045352,2.369991e-05,1.062463e-04,1887,0.030235,1.240150e-05,0.060469,8.030691e-05,6.002053e-01,378,1,0,1,1,0
022_windex_bottle,s1_gate_off_022_windex_bottle_t11,complete_only,2,0.918241,0.029248,2.834471e-06,5.080060e-06,1422,0.019499,2.222590e-06,0.038997,7.274454e-06,3.506832e-01,389,1,0,1,1,0
022_windex_bottle,s1_gate_off_022_windex_bottle_t12,complete_only,122,0.867544,0.038269,1.439537e-03,3.486882e-03,357,0.025512,2.081835e-03,0.051025,1.536568e-03,4.875026e-01,19,1,0,1,1,1
022_windex_bottle,s1_gate_off_022_windex_bottle_t13,complete_only,166,0.910917,0.054442,4.907291e-06,1.412285e-05,1095,0.036295,4.580760e-06,0.072590,8.319047e-06,2.550364e-01,199,1,0,1,1,0
022_windex_bottle,s1_gate_off_022_windex_bottle_t14,complete_only,6,0.947093,0.044633,2.463723e-05,6.028954e-05,1093,0.029755,2.434344e-06,0.059511,6.883390e-05,0.000000e+00,90,1,0,1,1,0
022_windex_bottle,s1_gate_off_022_windex_bottle_t15,complete_only,0,0.956688,0.041693,1.918511e-05,1.185668e-04,917,0.027796,1.190434e-05,0.055591,4.694889e-05,1.142184e-02,158,1,0,1,1,0
022_windex_bottle,s1_gate_off_022_windex_bottle_t16,complete_only,58,0.850426,0.040427,3.721055e-04,2.496460e-03,1865,0.026952,3.901578e-04,0.053903,2.935505e-04,2.614644e+00,918,1,0,1,1,0
022_windex_bottle,s1_gate_off_022_windex_bottle_t17,complete_only,2,0.949729,0.042198,2.636771e-05,9.704764e-05,1069,0.028132,2.027870e-05,0.056264,5.176944e-05,3.615335e-01,228,1,0,1,1,0
022_windex_bottle,s1_gate_off_022_windex_bottle_t18,complete_only,277,0.889293,0.040218,1.038980e-03,2.280310e-03,1117,0.026812,1.313834e-03,0.053624,6.667779e-04,1.323582e+00,49,1,0,1,1,0
022_windex_bottle,s1_gate_off_022_windex_bottle_t19,complete_only,0,0.961337,0.043327,1.376821e-05,7.407144e-05,1607,0.028884,1.304155e-05,0.057769,3.537039e-05,7.406705e-01,385,1,0,1,1,0
006_mustard_bottle,s1_gate_010_006_mustard_bottle_t0,complete_epi,0,0.872709,0.031806,8.613703e-06,2.098725e-05,1360,0.021204,9.355661e-06,0.042408,7.836675e-06,1.838192e-01,207,1,0,1,1,1
006_mustard_bottle,s1_gate_010_006_mustard_bottle_t1,complete_epi,1,0.955827,0.030213,6.850505e-06,2.125404e-05,1784,0.020142,5.521708e-06,0.040284,9.438940e-06,6.356573e-01,583,1,0,1,1,1
006_mustard_bottle,s1_gate_010_006_mustard_bottle_t2,complete_epi,566,0.845262,0.048556,5.104471e-04,2.937931e-03,1190,0.032371,9.135102e-04,0.064741,5.048286e-04,1.464534e+00,52,1,0,1,1,0
006_mustard_bottle,s1_gate_010_006_mustard_bottle_t3,complete_epi,0,0.854964,0.031753,6.226901e-06,1.201741e-05,1775,0.021169,7.744939e-06,0.042338,5.364412e-06,5.562668e-01,401,1,0,1,1,1
006_mustard_bottle,s1_gate_010_006_mustard_bottle_t4,complete_epi,0,0.879492,0.032466,7.410363e-06,1.406376e-05,1890,0.021644,7.871825e-06,0.043289,7.107383e-06,3.644468e-01,275,1,0,1,1,1
006_mustard_bottle,s1_gate_010_006_mustard_bottle_t5,complete_epi,96,0.776594,0.032309,5.893092e-06,1.665468e-05,2164,0.021540,4.546247e-06,0.043079,1.337827e-05,3.711154e-01,482,1,0,1,1,1
006_mustard_bottle,s1_gate_010_006_mustard_bottle_t6,complete_epi,0,0.928842,0.031984,1.316313e-05,2.285851e-05,1531,0.021323,1.397964e-05,0.042645,1.156683e-05,6.366191e-01,404,1,0,1,1,1
006_mustard_bottle,s1_gate_010_006_mustard_bottle_t7,complete_epi,0,0.884186,0.032426,6.141533e-06,1.603304e-05,1424,0.021618,8.333943e-06,0.043235,5.292948e-06,1.208405e-01,219,1,0,1,1,1
006_mustard_bottle,s1_gate_010_006_mustard_bottle_t8,complete_epi,29,0.974604,0.027129,1.583677e-05,6.561977e-05,1784,0.018086,1.044572e-05,0.036172,1.644341e-05,6.886621e-01,597,1,0,1,1,0
006_mustard_bottle,s1_gate_010_006_mustard_bottle_t9,complete_epi,232,0.810107,0.032445,1.920364e-05,5.216353e-05,1999,0.021630,1.103388e-05,0.043259,2.630856e-05,7.079167e-01,547,1,0,1,1,1
006_mustard_bottle,s1_gate_010_006_mustard_bottle_t10,complete_epi,0,0.904758,0.032035,4.353196e-06,1.162148e-05,1683,0.021357,5.097719e-06,0.042714,3.754384e-06,5.216058e-01,395,1,0,1,1,1
006_mustard_bottle,s1_gate_010_006_mustard_bottle_t11,complete_epi,0,0.965520,0.017349,2.365656e-06,8.342070e-06,2374,0.011566,2.077672e-06,0.023131,2.222757e-06,1.293726e+00,2025,1,0,1,1,1
006_mustard_bottle,s1_gate_010_006_mustard_bottle_t12,complete_epi,1,0.920158,0.030894,4.328716e-06,1.694896e-05,1907,0.020596,3.066078e-06,0.041191,5.691632e-06,7.772296e-01,861,1,0,1,1,1
006_mustard_bottle,s1_gate_010_006_mustard_bottle_t13,complete_epi,511,0.776232,0.032503,2.208239e-05,7.321160e-05,2052,0.021669,1.332407e-05,0.043338,2.833311e-05,1.112248e+00,790,1,0,1,1,1
006_mustard_bottle,s1_gate_010_006_mustard_bottle_t14,complete_epi,0,0.896437,0.031679,1.002076e-05,2.255285e-05,1495,0.021119,9.387617e-06,0.042239,9.715362e-06,2.059076e-01,273,1,0,1,1,1
006_mustard_bottle,s1_gate_010_006_mustard_bottle_t16,complete_epi,37,0.826836,0.031427,8.289720e-06,2.144593e-05,1590,0.020952,7.445274e-06,0.041903,1.030935e-05,5.289686e-01,272,1,0,1,1,1
006_mustard_bottle,s1_gate_010_006_mustard_bottle_t17,complete_epi,64,0.965549,0.013837,2.128847e-06,7.725908e-06,2414,0.009225,1.445764e-06,0.018450,3.166886e-06,1.167966e+00,2334,1,0,1,1,0
006_mustard_bottle,s1_gate_010_006_mustard_bottle_t18,complete_epi,7,0.961876,0.029381,1.863955e-06,6.887320e-06,1780,0.019588,1.691267e-06,0.039175,2.144149e-06,1.467345e-01,460,1,0,1,1,1
006_mustard_bottle,s1_gate_010_006_mustard_bottle_t19,complete_epi,9,0.895297,0.031732,4.278451e-06,9.104118e-06,1747,0.021155,4.565669e-06,0.042309,3.853979e-06,1.051259e+00,734,1,0,1,1,1
011_banana,s1_gate_010_011_banana_t0,complete_epi,1490,0.600013,0.032232,4.451127e-05,2.970477e-04,1938,0.021488,8.124545e-05,0.042976,4.878462e-05,1.002710e+00,446,1,0,1,1,0
011_banana,s1_gate_010_011_banana_t1,complete_epi,746,0.855400,0.031768,1.366374e-04,4.910380e-04,1898,0.021178,6.432893e-04,0.042357,1.177764e-04,1.167592e+00,738,1,0,1,1,1
011_banana,s1_gate_010_011_banana_t2,complete_epi,1568,0.577774,0.031807,9.055541e-05,3.770355e-04,1726,0.021205,1.723529e-04,0.042410,3.461852e-05,8.380245e-01,527,1,0,1,1,1
011_banana,s1_gate_010_011_banana_t3,complete_epi,1845,0.282697,0.031632,1.358343e-04,4.645863e-04,1092,0.021088,2.859130e-04,0.042176,9.647012e-05,6.095241e-01,456,1,0,1,1,1
011_banana,s1_gate_010_011_banana_t4,complete_epi,980,0.825430,0.032801,5.284292e-05,8.332361e-05,3354,0.021868,2.275715e-05,0.043735,7.689799e-05,6.935178e-01,555,1,0,1,1,0
011_banana,s1_gate_010_011_banana_t5,complete_epi,1940,0.046271,0.031626,1.958260e-04,1.045396e-03,2205,0.021084,2.399752e-04,0.042168,1.298962e-04,1.485759e+00,863,1,0,1,1,1
011_banana,s1_gate_010_011_banana_t6,complete_epi,1927,0.057106,0.032898,6.961329e-05,2.873647e-04,2051,0.021932,8.657552e-05,0.043864,5.698610e-05,1.230925e+00,605,1,0,1,1,0
011_banana,s1_gate_010_011_banana_t7,complete_epi,1081,0.795240,0.031317,1.311362e-04,4.152354e-04,2000,0.020878,3.484174e-04,0.041756,9.819990e-05,6.667558e-01,455,1,0,1,1,0
011_banana,s1_gate_010_011_banana_t8,complete_epi,782,0.853808,0.031632,4.555197e-05,1.703591e-04,2132,0.021088,1.471264e-04,0.042175,2.399664e-05,8.591377e-01,368,1,0,1,1,0
011_banana,s1_gate_010_011_banana_t9,complete_epi,673,0.866816,0.031842,3.104712e-04,1.846879e-03,1938,0.021228,4.763281e-04,0.042456,2.246227e-04,2.522662e+00,836,1,0,1,1,1
011_banana,s1_gate_010_011_banana_t10,complete_epi,1803,0.235984,0.032994,2.286795e-05,1.398647e-04,2032,0.021996,2.581969e-05,0.043991,1.926921e-05,1.162700e-01,185,1,0,1,1,0
011_banana,s1_gate_010_011_banana_t11,complete_epi,720,0.850877,0.032561,7.459297e-05,2.978092e-04,3092,0.021707,2.764584e-04,0.043415,4.019874e-05,3.309178e+00,1433,1,0,1,1,1
011_banana,s1_gate_010_011_banana_t12,complete_epi,1050,0.804778,0.031911,1.397476e-04,1.839237e-04,1852,0.021274,2.248831e-04,0.042548,9.359753e-05,9.081551e-01,599,1,0,1,1,0
011_banana,s1_gate_010_011_banana_t13,complete_epi,1636,0.486691,0.031106,6.275629e-04,3.369446e-03,1271,0.020737,1.638039e-03,0.041475,4.632217e-04,2.992771e+00,551,1,0,1,1,0
011_banana,s1_gate_010_011_banana_t14,complete_epi,1552,0.573571,0.032093,1.563587e-04,1.045377e-03,2201,0.021395,4.861284e-04,0.042791,1.172296e-04,1.339623e+00,525,1,0,1,1,1
011_banana,s1_gate_010_011_banana_t15,complete_epi,1900,0.139239,0.030521,2.716929e-04,1.059697e-03,1357,0.020347,3.507409e-04,0.040694,2.242936e-04,1.574418e+00,338,1,0,1,1,0
011_banana,s1_gate_010_011_banana_t16,complete_epi,1186,0.725963,0.032662,4.266256e-05,1.439193e-04,2226,0.021774,4.508145e-05,0.043549,5.113733e-05,1.378966e+00,771,1,0,1,1,1
011_banana,s1_gate_010_011_banana_t17,complete_epi,1864,0.213415,0.031995,8.851735e-05,3.919104e-04,1985,0.021330,1.810097e-04,0.042660,9.811310e-05,4.540097e-01,334,1,0,1,1,1
011_banana,s1_gate_010_011_banana_t18,complete_epi,496,0.906018,0.030921,2.822680e-05,7.683046e-05,2312,0.020614,6.756729e-05,0.041228,1.828340e-05,1.224134e+00,1024,1,0,1,1,1
011_banana,s1_gate_010_011_banana_t19,complete_epi,1647,0.514142,0.032130,8.672180e-05,4.509358e-04,1244,0.021420,1.608454e-04,0.042840,5.398257e-05,4.109206e-01,194,1,0,1,1,0
025_mug,s1_gate_020_025_mug_t0,complete_epi,42,0.909213,0.019955,2.538016e-06,6.114109e-06,646,0.013303,2.705485e-06,0.026607,2.605468e-06,2.719313e-01,221,1,0,1,1,1
025_mug,s1_gate_020_025_mug_t1,complete_epi,31,0.931198,0.020134,1.941692e-06,3.055227e-06,941,0.013423,2.077380e-06,0.026846,1.911064e-06,2.084591e-01,179,1,0,1,1,1
025_mug,s1_gate_020_025_mug_t2,complete_epi,90,0.930433,0.020925,1.570780e-05,5.368573e-05,449,0.013950,1.649201e-05,0.027899,1.651496e-05,3.649114e-01,129,1,0,1,1,1
025_mug,s1_gate_020_025_mug_t3,complete_epi,52,0.925042,0.020396,1.811587e-05,8.653377e-05,753,0.013597,6.533009e-05,0.027194,1.195304e-05,3.964511e-01,248,1,0,1,1,1
025_mug,s1_gate_020_025_mug_t4,complete_epi,56,0.949238,0.023013,2.437117e-06,5.612753e-06,1030,0.015342,2.148256e-06,0.030684,2.915176e-06,3.871718e-01,272,1,0,1,1,1
025_mug,s1_gate_020_025_mug_t5,complete_epi,254,0.846090,0.026589,1.660444e-06,3.679577e-06,1194,0.017726,1.811159e-06,0.035452,1.618767e-06,4.594729e-01,381,1,0,1,1,1
025_mug,s1_gate_020_025_mug_t6,complete_epi,77,0.924364,0.020614,8.759649e-06,3.988130e-05,972,0.013742,8.787006e-06,0.027485,8.779767e-06,1.779188e-01,213,1,0,1,1,1
025_mug,s1_gate_020_025_mug_t8,complete_epi,99,0.932744,0.024690,1.150525e-06,2.290132e-06,865,0.016460,1.039746e-06,0.032920,1.296289e-06,1.946063e-01,247,1,0,1,1,1
025_mug,s1_gate_020_025_mug_t9,complete_epi,137,0.921361,0.020798,2.937289e-06,5.043613e-06,741,0.013865,2.912184e-06,0.027730,3.009960e-06,2.713240e-01,168,1,0,1,1,1
025_mug,s1_gate_020_025_mug_t10,complete_epi,124,0.917335,0.020504,2.614896e-06,6.103269e-06,538,0.013669,2.527582e-06,0.027338,2.885122e-06,3.276615e-01,248,1,0,1,1,1
025_mug,s1_gate_020_025_mug_t11,complete_epi,84,0.912097,0.023977,3.997553e-06,1.600341e-05,590,0.015984,4.113589e-06,0.031969,6.276791e-06,1.678867e-01,121,1,0,1,1,1
025_mug,s1_gate_020_025_mug_t12,complete_epi,77,0.931724,0.021637,9.017737e-06,2.542949e-05,544,0.014424,1.027128e-05,0.028849,1.041773e-05,3.124256e-01,132,1,0,1,1,1
025_mug,s1_gate_020_025_mug_t13,complete_epi,102,0.902199,0.020785,1.166665e-06,2.171451e-06,781,0.013857,1.184182e-06,0.027713,1.204888e-06,2.392945e-01,271,1,0,1,1,1
025_mug,s1_gate_020_025_mug_t14,complete_epi,55,0.926034,0.019919,2.849007e-06,6.324513e-06,717,0.013279,2.811569e-06,0.026559,2.828530e-06,2.737554e-01,229,1,0,1,1,1
025_mug,s1_gate_020_025_mug_t16,complete_epi,5,0.862045,0.020046,1.643836e-06,3.724881e-06,396,0.013364,1.669602e-06,0.026728,2.636423e-06,1.191546e-01,123,1,0,1,1,1
025_mug,s1_gate_020_025_mug_t17,complete_epi,86,0.908820,0.019810,2.280945e-06,3.857447e-06,790,0.013207,2.179164e-06,0.026414,2.436535e-06,2.248119e-01,164,1,0,1,1,1
025_mug,s1_gate_020_025_mug_t18,complete_epi,76,0.939520,0.022370,1.440432e-06,2.823920e-06,1042,0.014913,1.361433e-06,0.029827,1.464960e-06,2.619876e-01,266,1,0,1,1,1
025_mug,s1_gate_020_025_mug_t19,complete_epi,42,0.924957,0.021865,1.188663e-06,1.780580e-06,948,0.014577,8.603411e-07,0.029153,1.147154e-06,9.265585e-03,103,1,0,1,1,1
051_large_clamp,s1_gate_020_051_large_clamp_t0,complete_epi,3,0.959952,0.029898,8.677084e-07,4.118309e-06,803,0.019932,9.811658e-07,0.039864,1.116918e-06,0.000000e+00,156,1,0,1,1,0
051_large_clamp,s1_gate_020_051_large_clamp_t1,complete_epi,4,0.969765,0.032394,7.693481e-05,4.582877e-04,933,0.021596,2.615554e-04,0.043193,4.291608e-05,3.527507e-01,280,1,0,1,1,1
051_large_clamp,s1_gate_020_051_large_clamp_t2,complete_epi,8,0.955746,0.028780,0.000000e+00,0.000000e+00,724,0.019187,0.000000e+00,0.038373,1.384784e-07,0.000000e+00,207,1,0,1,1,0
051_large_clamp,s1_gate_020_051_large_clamp_t3,complete_epi,62,0.938562,0.031461,7.744026e-07,3.600958e-06,707,0.020974,0.000000e+00,0.041948,5.200878e-06,0.000000e+00,134,1,0,1,1,1
051_large_clamp,s1_gate_020_051_large_clamp_t4,complete_epi,189,0.892924,0.056670,3.006503e-04,4.109702e-04,5177,0.037780,4.755875e-04,0.075560,3.285279e-04,1.431957e+00,427,1,0,1,1,1
051_large_clamp,s1_gate_020_051_large_clamp_t5,complete_epi,20,0.957346,0.032479,4.679650e-06,1.952786e-05,2280,0.021652,3.187334e-06,0.043305,9.057019e-06,6.561734e-01,517,1,0,1,1,1
051_large_clamp,s1_gate_020_051_large_clamp_t6,complete_epi,3,0.964712,0.029878,0.000000e+00,0.000000e+00,557,0.019919,0.000000e+00,0.039838,4.793141e-07,0.000000e+00,141,1,0,1,1,0
051_large_clamp,s1_gate_020_051_large_clamp_t7,complete_epi,1,0.967512,0.032432,3.982342e-04,1.567921e-03,758,0.021621,8.244357e-04,0.043242,6.460502e-05,4.383259e-01,272,1,0,1,1,0
051_large_clamp,s1_gate_020_051_large_clamp_t9,complete_epi,1,0.958939,0.031949,6.677313e-07,0.000000e+00,833,0.021300,0.000000e+00,0.042599,2.048476e-06,0.000000e+00,162,1,0,1,1,1
051_large_clamp,s1_gate_020_051_large_clamp_t11,complete_epi,19,0.947094,0.032165,7.417440e-05,2.222992e-04,470,0.021444,1.513420e-04,0.042887,4.151187e-05,5.293188e-02,141,1,0,1,1,1
051_large_clamp,s1_gate_020_051_large_clamp_t12,complete_epi,16,0.960221,0.030802,1.687138e-07,1.527750e-06,1229,0.020535,0.000000e+00,0.041070,5.037771e-07,4.968176e-03,207,1,0,1,1,1
051_large_clamp,s1_gate_020_051_large_clamp_t13,complete_epi,3,0.952987,0.032061,4.589009e-06,1.387228e-05,1063,0.021374,5.631242e-06,0.042748,7.780579e-06,0.000000e+00,158,1,0,1,1,1
051_large_clamp,s1_gate_020_051_large_clamp_t14,complete_epi,0,0.964949,0.029600,1.388446e-06,5.270234e-06,1072,0.019734,1.731012e-06,0.039467,1.358267e-06,0.000000e+00,156,1,0,1,1,0
051_large_clamp,s1_gate_020_051_large_clamp_t15,complete_epi,69,0.958401,0.030131,3.122918e-05,4.608035e-05,988,0.020087,2.723341e-04,0.040174,1.887528e-05,1.951878e-01,241,1,0,1,1,1
051_large_clamp,s1_gate_020_051_large_clamp_t16,complete_epi,1,0.966503,0.033296,3.205599e-06,1.160140e-05,2344,0.022197,2.713842e-06,0.044394,6.615190e-06,1.138352e-01,221,1,0,1,1,0
051_large_clamp,s1_gate_020_051_large_clamp_t17,complete_epi,91,0.928661,0.031842,0.000000e+00,0.000000e+00,653,0.021228,0.000000e+00,0.042457,3.897283e-07,0.000000e+00,141,1,0,1,1,1
051_large_clamp,s1_gate_020_051_large_clamp_t18,complete_epi,46,0.969217,0.013408,3.420510e-05,1.953012e-04,576,0.008939,3.349492e-05,0.017877,3.046021e-05,1.608193e+00,1759,1,0,1,1,0
051_large_clamp,s1_gate_020_051_large_clamp_t19,complete_epi,54,0.959247,0.030504,1.909597e-06,5.793351e-06,2413,0.020336,2.165663e-06,0.040672,2.582854e-06,4.733554e-01,465,1,0,1,1,1
022_windex_bottle,s1_gate_030_022_windex_bottle_t0,complete_epi,4,0.936617,0.044633,3.539618e-06,1.160038e-05,1390,0.029755,2.556710e-06,0.059510,3.112486e-05,0.000000e+00,90,1,0,1,1,0
022_windex_bottle,s1_gate_030_022_windex_bottle_t1,complete_epi,4,0.941351,0.039441,6.504790e-05,4.210344e-04,2643,0.026294,1.136757e-04,0.052588,5.133641e-05,1.381313e+00,769,1,0,1,1,1
022_windex_bottle,s1_gate_030_022_windex_bottle_t2,complete_epi,430,0.837866,0.046932,2.611214e-04,1.316321e-03,2300,0.031288,3.908165e-04,0.062576,2.590293e-04,3.099308e+00,776,1,0,1,1,0
022_windex_bottle,s1_gate_030_022_windex_bottle_t3,complete_epi,2,0.953100,0.042355,1.133291e-05,2.038021e-05,1390,0.028237,8.175447e-06,0.056473,4.932232e-05,4.565001e-01,328,1,0,1,1,0
022_windex_bottle,s1_gate_030_022_windex_bottle_t4,complete_epi,9,0.939262,0.042778,1.262466e-04,7.737590e-04,658,0.028519,1.168964e-04,0.057038,1.097148e-04,1.852662e-01,51,1,0,1,1,0
022_windex_bottle,s1_gate_030_022_windex_bottle_t5,complete_epi,36,0.924633,0.041257,3.686287e-05,1.685202e-04,1289,0.027505,2.169426e-05,0.055010,6.973162e-05,6.294321e-01,279,1,0,1,1,0
022_windex_bottle,s1_gate_030_022_windex_bottle_t6,complete_epi,0,0.961328,0.045143,2.974023e-05,2.562218e-05,1886,0.030095,9.739778e-06,0.060190,8.950088e-05,1.025393e+00,634,1,0,1,1,0
022_windex_bottle,s1_gate_030_022_windex_bottle_t7,complete_epi,0,0.923419,0.038693,3.259889e-05,1.526489e-04,2829,0.025795,8.191783e-05,0.051591,3.534556e-05,1.410804e+00,744,1,0,1,1,1
022_windex_bottle,s1_gate_030_022_windex_bottle_t9,complete_epi,181,0.874018,0.044406,7.650412e-06,2.194701e-05,4351,0.029604,4.484055e-06,0.059208,1.380673e-05,9.249281e-01,529,1,0,1,1,0
022_windex_bottle,s1_gate_030_022_windex_bottle_t10,complete_epi,0,0.904343,0.045292,8.003486e-05,4.393023e-04,2346,0.030195,6.077183e-05,0.060390,2.094564e-04,9.258490e-01,404,1,0,1,1,0
022_windex_bottle,s1_gate_030_022_windex_bottle_t11,complete_epi,11,0.925738,0.029257,3.497843e-06,5.092708e-06,1404,0.019505,2.005260e-06,0.039009,8.573904e-06,2.412555e-01,306,1,0,1,1,0
022_windex_bottle,s1_gate_030_022_windex_bottle_t12,complete_epi,1102,0.539642,0.038268,3.787419e-05,1.753339e-04,2639,0.025512,3.807256e-05,0.051025,4.089724e-05,9.170175e-01,334,1,0,1,1,0
022_windex_bottle,s1_gate_030_022_windex_bottle_t13,complete_epi,521,0.836749,0.044214,6.230706e-06,1.150042e-05,6860,0.029476,2.876281e-06,0.058952,1.095212e-05,1.287027e+00,908,1,0,1,1,1
022_windex_bottle,s1_gate_030_022_windex_bottle_t14,complete_epi,27,0.941848,0.044721,4.723612e-05,1.794626e-04,1438,0.029814,4.424748e-05,0.059629,1.018517e-04,0.000000e+00,80,1,0,1,1,0
022_windex_bottle,s1_gate_030_022_windex_bottle_t15,complete_epi,0,0.955781,0.041694,2.815162e-05,1.386981e-04,926,0.027796,2.532471e-05,0.055592,7.256352e-05,2.364261e-02,164,1,0,1,1,0
022_windex_bottle,s1_gate_030_022_windex_bottle_t16,complete_epi,299,0.803905,0.040447,3.354850e-04,2.214431e-03,2204,0.026964,4.797362e-04,0.053929,3.108422e-04,2.277779e+00,750,1,0,1,1,0
022_windex_bottle,s1_gate_030_022_windex_bottle_t17,complete_epi,0,0.954900,0.042192,2.662890e-05,9.802455e-05,1123,0.028128,2.053397e-05,0.056256,5.229354e-05,7.946485e-02,149,1,0,1,1,0
022_windex_bottle,s1_gate_030_022_windex_bottle_t18,complete_epi,700,0.770278,0.040223,3.421714e-05,2.059489e-04,4197,0.026815,3.209988e-05,0.053630,2.626404e-05,6.034832e-01,366,1,0,1,1,0
022_windex_bottle,s1_gate_030_022_windex_bottle_t19,complete_epi,0,0.949314,0.042224,1.753626e-05,8.517780e-05,1931,0.028149,1.024909e-05,0.056299,5.676749e-05,8.662610e-01,455,1,0,1,1,0
006_mustard_bottle,s1_gate_050_006_mustard_bottle_t0,complete_epi,1,0.859562,0.031806,8.563497e-06,2.106258e-05,1484,0.021204,8.542887e-06,0.042408,8.668815e-06,2.401567e-01,332,1,0,1,1,0
006_mustard_bottle,s1_gate_050_006_mustard_bottle_t1,complete_epi,2,0.845494,0.031673,6.757647e-06,1.818839e-05,1203,0.021115,9.460966e-06,0.042231,5.802201e-06,2.042389e-01,196,1,0,1,1,1
006_mustard_bottle,s1_gate_050_006_mustard_bottle_t2,complete_epi,1,0.873096,0.030492,6.809423e-06,2.207321e-05,1587,0.020328,6.466633e-06,0.040656,6.681267e-06,5.944768e-01,279,1,0,1,1,1
006_mustard_bottle,s1_gate_050_006_mustard_bottle_t3,complete_epi,145,0.775795,0.032450,7.284701e-06,1.473799e-05,1815,0.021633,8.698469e-06,0.043266,6.357133e-06,9.481195e-01,552,1,0,1,1,1
006_mustard_bottle,s1_gate_050_006_mustard_bottle_t4,complete_epi,0,0.887994,0.032432,7.336508e-06,1.669005e-05,1783,0.021622,1.028999e-05,0.043243,6.216272e-06,3.155532e-01,250,1,0,1,1,1
006_mustard_bottle,s1_gate_050_006_mustard_bottle_t5,complete_epi,53,0.811409,0.032295,1.926863e-05,3.184732e-05,2003,0.021530,9.996619e-06,0.043060,2.448624e-05,9.318550e-01,739,1,0,1,1,0
006_mustard_bottle,s1_gate_050_006_mustard_bottle_t6,complete_epi,0,0.891568,0.032315,8.920859e-06,1.603554e-05,1661,0.021543,1.064673e-05,0.043086,7.736972e-06,5.259725e-01,337,1,0,1,1,1
006_mustard_bottle,s1_gate_050_006_mustard_bottle_t7,complete_epi,0,0.897958,0.032397,5.477097e-06,1.536972e-05,1359,0.021598,5.981581e-06,0.043196,5.169685e-06,7.866263e-02,213,1,0,1,1,1
006_mustard_bottle,s1_gate_050_006_mustard_bottle_t8,complete_epi,0,0.926063,0.029647,1.995909e-06,3.355229e-06,1276,0.019765,1.953947e-06,0.039530,1.986449e-06,4.347955e-01,356,1,0,1,1,0
006_mustard_bottle,s1_gate_050_006_mustard_bottle_t9,complete_epi,405,0.754059,0.032422,2.269246e-05,6.597347e-05,1921,0.021614,1.535969e-05,0.043229,2.926862e-05,7.953227e-01,589,1,0,1,1,1
006_mustard_bottle,s1_gate_050_006_mustard_bottle_t10,complete_epi,1386,0.250086,0.041308,5.183592e-06,1.666998e-05,2498,0.027539,4.793458e-06,0.055077,7.933337e-06,5.021506e-01,432,1,0,1,1,0
006_mustard_bottle,s1_gate_050_006_mustard_bottle_t11,complete_epi,123,0.857523,0.031600,4.861624e-06,1.002319e-05,1867,0.021066,4.821083e-06,0.042133,4.799030e-06,7.812598e-01,537,1,0,1,1,1
006_mustard_bottle,s1_gate_050_006_mustard_bottle_t12,complete_epi,2,0.932573,0.030447,5.060208e-06,2.489371e-05,1846,0.020298,3.613901e-06,0.040596,6.122596e-06,8.314176e-01,860,1,0,1,1,1
006_mustard_bottle,s1_gate_050_006_mustard_bottle_t13,complete_epi,23,0.953559,0.020372,1.250219e-04,2.909609e-04,1367,0.013582,1.609326e-04,0.027163,7.190912e-05,1.539412e+00,592,1,0,1,1,0
006_mustard_bottle,s1_gate_050_006_mustard_bottle_t14,complete_epi,0,0.867531,0.031633,7.153018e-06,1.570679e-05,1536,0.021088,6.624831e-06,0.042177,7.573981e-06,1.329720e-01,249,1,0,1,1,0
006_mustard_bottle,s1_gate_050_006_mustard_bottle_t15,complete_epi,228,0.826975,0.032850,1.443402e-05,4.988977e-05,2079,0.021900,1.047237e-05,0.043800,2.316383e-05,4.581612e-01,382,1,0,1,1,1
006_mustard_bottle,s1_gate_050_006_mustard_bottle_t16,complete_epi,1213,0.264138,0.050095,2.304138e-04,7.404242e-04,1445,0.033397,1.889029e-04,0.066794,2.301202e-04,2.312610e+00,219,1,0,1,1,0
006_mustard_bottle,s1_gate_050_006_mustard_bottle_t17,complete_epi,0,0.895652,0.033325,8.289050e-06,2.167810e-05,2309,0.022216,9.483560e-06,0.044433,7.556431e-06,5.855811e-01,408,1,0,1,1,1
006_mustard_bottle,s1_gate_050_006_mustard_bottle_t18,complete_epi,6,0.958342,0.018176,1.687292e-06,1.105717e-05,1731,0.012118,1.530844e-06,0.024235,7.095898e-06,1.539678e-01,700,1,0,1,1,1
006_mustard_bottle,s1_gate_050_006_mustard_bottle_t19,complete_epi,238,0.825265,0.031774,4.574732e-06,9.790037e-06,1704,0.021182,4.829288e-06,0.042365,4.038934e-06,8.506310e-01,547,1,0,1,1,1
011_banana,s1_gate_050_011_banana_t0,complete_epi,1418,0.646724,0.032232,4.322134e-05,2.968694e-04,2295,0.021488,7.348285e-05,0.042976,3.944424e-05,8.052438e-01,502,1,0,1,1,0
011_banana,s1_gate_050_011_banana_t1,complete_epi,735,0.856119,0.031774,8.263202e-05,2.240423e-04,2428,0.021183,6.969416e-05,0.042366,8.014483e-05,9.812571e-01,664,1,0,1,1,1
011_banana,s1_gate_050_011_banana_t2,complete_epi,1801,0.196918,0.034220,8.700188e-05,5.086502e-04,2365,0.022813,1.982520e-04,0.045626,6.212783e-05,6.885966e-01,630,1,0,1,1,1
011_banana,s1_gate_050_011_banana_t3,complete_epi,1892,0.189413,0.031615,2.967083e-04,1.559779e-03,2156,0.021077,5.822429e-04,0.042154,2.561256e-04,1.718354e+00,441,1,0,1,1,0
011_banana,s1_gate_050_011_banana_t4,complete_epi,1442,0.651420,0.030869,3.502558e-05,1.123535e-04,3042,0.020579,2.707572e-05,0.041158,5.174788e-05,1.278135e+00,969,1,0,1,1,0
011_banana,s1_gate_050_011_banana_t5,complete_epi,1914,0.081050,0.031442,1.659198e-04,9.338629e-04,2211,0.020961,1.939031e-04,0.041923,1.221207e-04,9.993878e-01,786,1,0,1,1,1
011_banana,s1_gate_050_011_banana_t6,complete_epi,1931,0.054946,0.032904,1.269402e-04,4.293804e-04,2351,0.021936,1.274734e-04,0.043872,1.094898e-04,3.224187e+00,995,1,0,1,1,0
011_banana,s1_gate_050_011_banana_t7,complete_epi,72,0.938238,0.032393,7.801705e-06,3.667891e-05,1920,0.021595,1.233672e-06,0.043190,1.843279e-05,9.461164e-02,195,1,0,1,1,0
011_banana,s1_gate_050_011_banana_t8,complete_epi,924,0.829754,0.031466,2.544534e-05,1.121884e-04,1881,0.020977,5.525942e-05,0.041955,1.318885e-05,1.508535e+00,1188,1,0,1,1,1
011_banana,s1_gate_050_011_banana_t9,complete_epi,1142,0.728195,0.032169,3.856669e-05,4.794820e-05,4160,0.021446,1.605841e-05,0.042892,7.012037e-05,3.735261e-01,509,1,0,1,1,1
011_banana,s1_gate_050_011_banana_t10,complete_epi,1831,0.214892,0.032991,2.260433e-05,2.567660e-04,1308,0.021994,1.661900e-05,0.043988,2.251349e-05,6.239152e-02,197,1,0,1,1,0
011_banana,s1_gate_050_011_banana_t11,complete_epi,1204,0.713878,0.032562,3.991114e-05,1.717870e-04,3273,0.021708,8.314466e-05,0.043416,3.085309e-05,9.815335e-01,754,1,0,1,1,0
011_banana,s1_gate_050_011_banana_t12,complete_epi,1164,0.787427,0.031808,1.976527e-04,6.362728e-04,1871,0.021206,1.223047e-03,0.042411,1.637683e-04,1.026285e+00,769,1,0,1,1,0
011_banana,s1_gate_050_011_banana_t13,complete_epi,1407,0.609271,0.031572,5.513540e-05,2.287344e-05,2898,0.021048,3.729362e-05,0.042096,9.600303e-05,3.484845e-01,285,1,0,1,1,0
011_banana,s1_gate_050_011_banana_t14,complete_epi,1495,0.593805,0.032752,9.274128e-05,6.145755e-04,1714,0.021835,2.952259e-04,0.043670,7.729261e-05,1.001150e+00,427,1,0,1,1,1
011_banana,s1_gate_050_011_banana_t15,complete_epi,1936,0.083636,0.030501,6.599312e-05,3.496064e-04,1883,0.020334,7.002768e-05,0.040667,8.485260e-05,6.203813e-01,298,1,0,1,1,0
011_banana,s1_gate_050_011_banana_t16,complete_epi,1226,0.663299,0.032649,4.761697e-05,2.090771e-04,2391,0.021766,5.270547e-05,0.043533,5.768922e-05,1.309316e+00,696,1,0,1,1,0
011_banana,s1_gate_050_011_banana_t17,complete_epi,1906,0.165772,0.031996,9.897523e-05,4.315631e-04,1545,0.021330,2.116118e-04,0.042661,1.078049e-04,4.771527e-01,306,1,0,1,1,0
011_banana,s1_gate_050_011_banana_t18,complete_epi,862,0.842930,0.030989,2.251042e-05,4.742065e-05,2527,0.020659,4.972888e-05,0.041319,1.663678e-05,7.061649e-01,620,1,0,1,1,1
011_banana,s1_gate_050_011_banana_t19,complete_epi,1372,0.655875,0.032165,3.266825e-05,1.534441e-04,2864,0.021443,2.018316e-05,0.042886,5.864728e-05,1.460366e+00,749,1,0,1,1,0
025_mug,s1_gate_070_025_mug_t0,complete_epi,160,0.856494,0.019955,1.762657e-06,4.455676e-06,522,0.013303,1.607877e-06,0.026607,1.669296e-06,1.732897e-01,204,1,0,1,1,1
025_mug,s1_gate_070_025_mug_t2,complete_epi,245,0.885000,0.022329,1.584367e-06,2.205668e-06,950,0.014886,1.588825e-06,0.029772,1.535510e-06,1.736361e-01,201,1,0,1,1,1
025_mug,s1_gate_070_025_mug_t3,complete_epi,173,0.881806,0.020467,1.527467e-07,1.729559e-06,230,0.013645,0.000000e+00,0.027290,4.676872e-07,0.000000e+00,89,1,0,1,1,0
025_mug,s1_gate_070_025_mug_t4,complete_epi,16,0.942726,0.022199,2.259061e-06,4.464408e-06,829,0.014800,2.195331e-06,0.029599,2.611669e-06,2.337977e-01,171,1,0,1,1,1
025_mug,s1_gate_070_025_mug_t5,complete_epi,32,0.848977,0.020467,2.401023e-06,9.319398e-06,535,0.013645,2.398161e-06,0.027289,3.008701e-06,1.258925e-01,156,1,0,1,1,1
025_mug,s1_gate_070_025_mug_t6,complete_epi,161,0.907264,0.020532,2.051278e-06,2.958031e-06,1013,0.013688,2.168201e-06,0.027375,1.980203e-06,3.203935e-01,273,1,0,1,1,1
025_mug,s1_gate_070_025_mug_t7,complete_epi,202,0.855952,0.029957,2.184472e-06,7.268325e-06,916,0.019971,1.891454e-06,0.039943,4.891772e-06,1.083525e-01,149,1,0,1,1,1
025_mug,s1_gate_070_025_mug_t8,complete_epi,176,0.910065,0.024631,1.416993e-06,2.498304e-06,1053,0.016421,1.455324e-06,0.032842,1.429934e-06,3.622747e-01,355,1,0,1,1,1
025_mug,s1_gate_070_025_mug_t9,complete_epi,200,0.887908,0.020774,1.194732e-06,2.005308e-06,748,0.013850,1.168391e-06,0.027699,1.196986e-06,1.381032e-01,173,1,0,1,1,1
025_mug,s1_gate_070_025_mug_t10,complete_epi,77,0.929438,0.020664,1.197701e-06,1.821556e-06,511,0.013776,9.107386e-07,0.027552,1.492015e-06,0.000000e+00,102,1,0,1,1,0
025_mug,s1_gate_070_025_mug_t11,complete_epi,37,0.905018,0.020777,1.372922e-06,2.156710e-06,897,0.013851,1.410810e-06,0.027702,1.294648e-06,3.649975e-01,353,1,0,1,1,1
025_mug,s1_gate_070_025_mug_t12,complete_epi,54,0.943752,0.023097,5.770139e-06,1.971339e-05,748,0.015398,5.241039e-06,0.030796,5.872929e-06,2.469900e-01,169,1,0,1,1,1
025_mug,s1_gate_070_025_mug_t13,complete_epi,196,0.885377,0.020889,1.147815e-06,2.061779e-06,879,0.013926,1.142660e-06,0.027852,1.226835e-06,4.900632e-01,503,1,0,1,1,1
025_mug,s1_gate_070_025_mug_t14,complete_epi,308,0.819550,0.019891,1.322560e-06,2.637215e-06,507,0.013261,1.321660e-06,0.026522,1.288742e-06,8.143354e-02,121,1,0,1,1,1
025_mug,s1_gate_070_025_mug_t15,complete_epi,111,0.900377,0.019527,1.199336e-06,2.005053e-06,994,0.013018,1.257697e-06,0.026036,1.215504e-06,3.740601e-01,426,1,0,1,1,1
025_mug,s1_gate_070_025_mug_t16,complete_epi,109,0.844082,0.020393,2.097470e-06,5.095155e-06,1147,0.013595,2.419336e-06,0.027191,2.675867e-06,3.689465e-02,119,1,0,1,1,1
025_mug,s1_gate_070_025_mug_t17,complete_epi,178,0.890914,0.019776,1.396791e-06,3.493595e-06,1037,0.013184,1.240391e-06,0.026367,1.368404e-06,3.440760e-01,373,1,0,1,1,1
025_mug,s1_gate_070_025_mug_t18,complete_epi,190,0.918958,0.023730,1.293518e-06,2.747790e-06,807,0.015820,1.357857e-06,0.031640,1.305611e-06,1.260354e-01,142,1,0,1,1,1
025_mug,s1_gate_070_025_mug_t19,complete_epi,118,0.903455,0.020552,1.112440e-06,1.620178e-06,654,0.013702,8.196306e-07,0.027403,1.145576e-06,7.556009e-02,142,1,0,1,1,1
051_large_clamp,s1_gate_070_051_large_clamp_t0,complete_epi,0,0.964394,0.029898,9.723605e-07,4.148342e-06,988,0.019932,1.440447e-07,0.039864,1.134042e-06,0.000000e+00,158,1,0,1,1,0
051_large_clamp,s1_gate_070_051_large_clamp_t1,complete_epi,31,0.963278,0.032661,3.865038e-06,1.500927e-05,1251,0.021774,3.028320e-06,0.043547,1.207222e-05,2.439063e-01,279,1,0,1,1,1
051_large_clamp,s1_gate_070_051_large_clamp_t2,complete_epi,0,0.963138,0.030038,0.000000e+00,0.000000e+00,875,0.020025,0.000000e+00,0.040051,3.459770e-07,0.000000e+00,211,1,0,1,1,0
051_large_clamp,s1_gate_070_051_large_clamp_t3,complete_epi,101,0.930128,0.031472,1.233884e-08,0.000000e+00,672,0.020981,0.000000e+00,0.041962,1.070843e-06,0.000000e+00,137,1,0,1,1,1
051_large_clamp,s1_gate_070_051_large_clamp_t4,complete_epi,114,0.923340,0.032470,2.445423e-06,5.123089e-06,3196,0.021647,3.238242e-06,0.043293,2.527348e-06,1.098463e+00,893,1,0,1,1,1
051_large_clamp,s1_gate_070_051_large_clamp_t5,complete_epi,223,0.921616,0.032601,1.241304e-07,1.101904e-06,1010,0.021734,0.000000e+00,0.043467,6.933534e-07,0.000000e+00,198,1,0,1,1,0
051_large_clamp,s1_gate_070_051_large_clamp_t6,complete_epi,0,0.964926,0.029973,5.487452e-07,1.254973e-06,834,0.019982,0.000000e+00,0.039965,5.713129e-07,0.000000e+00,136,1,0,1,1,1
051_large_clamp,s1_gate_070_051_large_clamp_t7,complete_epi,4,0.972847,0.032395,1.902085e-06,5.552085e-06,1349,0.021597,1.659083e-06,0.043194,3.607880e-06,3.130981e-02,205,1,0,1,1,1
051_large_clamp,s1_gate_070_051_large_clamp_t9,complete_epi,0,0.963419,0.032008,1.524472e-07,0.000000e+00,820,0.021338,0.000000e+00,0.042677,1.285557e-06,0.000000e+00,160,1,0,1,1,1
051_large_clamp,s1_gate_070_051_large_clamp_t10,complete_epi,25,0.965590,0.026994,2.925926e-05,1.324522e-04,2636,0.017996,7.488810e-05,0.035992,2.959879e-05,2.620248e+00,1360,1,0,1,1,0
051_large_clamp,s1_gate_070_051_large_clamp_t11,complete_epi,55,0.944015,0.032051,2.468779e-06,0.000000e+00,720,0.021368,0.000000e+00,0.042735,5.609731e-06,0.000000e+00,137,1,0,1,1,1
051_large_clamp,s1_gate_070_051_large_clamp_t12,complete_epi,37,0.953193,0.030795,1.661463e-07,1.542358e-06,1150,0.020530,3.539615e-07,0.041059,3.659498e-07,0.000000e+00,236,1,0,1,1,1
051_large_clamp,s1_gate_070_051_large_clamp_t14,complete_epi,0,0.961711,0.029748,8.615152e-07,4.227502e-06,838,0.019832,0.000000e+00,0.039665,9.968445e-07,0.000000e+00,164,1,0,1,1,1
051_large_clamp,s1_gate_070_051_large_clamp_t15,complete_epi,241,0.937630,0.030085,1.626576e-07,1.172432e-06,867,0.020056,0.000000e+00,0.040113,6.720553e-07,0.000000e+00,179,1,0,1,1,1
051_large_clamp,s1_gate_070_051_large_clamp_t16,complete_epi,38,0.957814,0.032781,1.963758e-06,1.126587e-05,2001,0.021854,1.524394e-06,0.043708,5.246076e-06,9.260846e-02,234,1,0,1,1,1
051_large_clamp,s1_gate_070_051_large_clamp_t17,complete_epi,57,0.936843,0.031905,0.000000e+00,0.000000e+00,649,0.021270,0.000000e+00,0.042541,1.247734e-06,0.000000e+00,161,1,0,1,1,1
051_large_clamp,s1_gate_070_051_large_clamp_t18,complete_epi,62,0.971281,0.018729,1.754217e-06,4.395880e-06,3363,0.012486,1.039458e-06,0.024972,3.562967e-06,9.439006e-01,1590,1,0,1,1,0
051_large_clamp,s1_gate_070_051_large_clamp_t19,complete_epi,128,0.943002,0.030518,6.310719e-07,4.370550e-06,676,0.020345,5.186655e-08,0.040691,1.281351e-06,0.000000e+00,155,1,0,1,1,0
022_windex_bottle,s2_gate_off_022_windex_bottle_t0,complete_only,86,0.897534,0.038365,2.390815e-03,5.557847e-03,322,0.025577,3.460029e-03,0.051154,2.262240e-03,1.146632e+00,33,1,0,1,1,0
022_windex_bottle,s2_gate_off_022_windex_bottle_t1,complete_only,34,0.943196,0.045796,1.331583e-05,4.938399e-05,6082,0.030531,1.388851e-05,0.061062,2.483969e-05,5.516231e-01,154,1,0,1,1,0
022_windex_bottle,s2_gate_off_022_windex_bottle_t2,complete_only,3,0.925320,0.032175,3.699667e-05,2.528329e-04,1149,0.021450,1.932293e-05,0.042901,7.589193e-05,5.748865e-01,480,1,0,1,1,0
022_windex_bottle,s2_gate_off_022_windex_bottle_t3,complete_only,0,0.950117,0.040602,1.098330e-05,2.158809e-05,2841,0.027068,7.769784e-06,0.054136,2.587414e-05,4.667605e-01,425,1,0,1,1,0
022_windex_bottle,s2_gate_off_022_windex_bottle_t4,complete_only,106,0.913500,0.041769,4.622793e-06,9.296277e-06,4951,0.027846,3.224233e-06,0.055692,9.114232e-06,7.253347e-01,562,1,0,1,1,0
022_windex_bottle,s2_gate_off_022_windex_bottle_t5,complete_only,271,0.886415,0.039724,9.419272e-04,3.723226e-03,368,0.026483,1.153926e-03,0.052965,1.128115e-03,5.280246e-01,27,1,0,1,1,0
022_windex_bottle,s2_gate_off_022_windex_bottle_t6,complete_only,247,0.898645,0.028982,4.622554e-05,2.653333e-04,570,0.019321,3.421068e-05,0.038643,3.374765e-05,1.938132e-01,235,1,0,1,1,0
022_windex_bottle,s2_gate_off_022_windex_bottle_t7,complete_only,0,0.960541,0.042066,3.410372e-05,1.248302e-04,1712,0.028044,2.436665e-05,0.056088,6.269511e-05,4.459304e-01,320,1,0,1,1,0
022_windex_bottle,s2_gate_off_022_windex_bottle_t8,complete_only,19,0.953153,0.045711,1.097877e-05,3.369033e-05,5168,0.030474,6.168935e-06,0.060948,1.647448e-05,4.828767e-01,285,1,0,1,1,0
022_windex_bottle,s2_gate_off_022_windex_bottle_t9,complete_only,528,0.728696,0.038596,3.185490e-03,5.797903e-03,335,0.025731,3.387927e-03,0.051461,2.352100e-03,8.197575e-01,20,1,0,1,1,0
022_windex_bottle,s2_gate_off_022_windex_bottle_t10,complete_only,0,0.943123,0.044531,6.461681e-05,2.957315e-04,1317,0.029687,2.453792e-05,0.059375,1.396519e-04,4.864687e-01,251,1,0,1,1,0
022_windex_bottle,s2_gate_off_022_windex_bottle_t11,complete_only,18,0.933064,0.042215,1.047217e-05,3.184963e-05,1054,0.028143,2.092653e-06,0.056287,3.742162e-05,1.549506e-01,194,1,0,1,1,0
022_windex_bottle,s2_gate_off_022_windex_bottle_t12,complete_only,217,0.862797,0.040902,8.522836e-06,2.133602e-05,5027,0.027268,4.897158e-06,0.054536,1.208792e-05,5.868316e-01,509,1,0,1,1,0
022_windex_bottle,s2_gate_off_022_windex_bottle_t13,complete_only,0,0.939437,0.040866,2.440273e-05,7.915010e-05,2328,0.027244,2.359989e-05,0.054488,4.360685e-05,2.841667e-01,96,1,0,1,1,0
022_windex_bottle,s2_gate_off_022_windex_bottle_t14,complete_only,174,0.873215,0.041959,4.089354e-06,9.987768e-06,5509,0.027973,2.964019e-06,0.055946,9.411610e-06,1.052419e+00,769,1,0,1,1,0
022_windex_bottle,s2_gate_off_022_windex_bottle_t15,complete_only,3,0.913395,0.032184,1.212629e-04,4.062350e-04,1159,0.021456,2.733738e-05,0.042912,1.353352e-04,9.642771e-01,460,1,0,1,1,0
022_windex_bottle,s2_gate_off_022_windex_bottle_t16,complete_only,4,0.948091,0.039750,2.208801e-04,1.367224e-03,1335,0.026500,2.145965e-04,0.053001,2.724059e-04,1.303209e+00,304,1,0,1,1,0
022_windex_bottle,s2_gate_off_022_windex_bottle_t17,complete_only,0,0.953227,0.042024,1.953800e-05,1.074013e-04,1042,0.028016,1.282531e-05,0.056032,5.810236e-05,0.000000e+00,159,1,0,1,1,0
022_windex_bottle,s2_gate_off_022_windex_bottle_t18,complete_only,0,0.930910,0.039326,6.266773e-05,3.910545e-04,2403,0.026217,4.448247e-05,0.052435,4.543312e-05,1.792090e+00,1052,1,0,1,1,1
022_windex_bottle,s2_gate_off_022_windex_bottle_t19,complete_only,0,0.952169,0.043020,1.270022e-05,5.895327e-05,1758,0.028680,5.978392e-06,0.057360,2.813687e-05,8.890582e-02,166,1,0,1,1,0
006_mustard_bottle,s2_gate_010_006_mustard_bottle_t0,complete_epi,0,0.913832,0.032013,5.845544e-06,2.511528e-05,2242,0.021342,5.315888e-06,0.042684,1.745833e-05,3.760476e-01,534,1,0,1,1,0
006_mustard_bottle,s2_gate_010_006_mustard_bottle_t1,complete_epi,4,0.883615,0.031226,9.439154e-06,2.785872e-05,1592,0.020817,8.404668e-06,0.041634,1.114246e-05,6.554292e-01,282,1,0,1,1,1
006_mustard_bottle,s2_gate_010_006_mustard_bottle_t2,complete_epi,1,0.912022,0.029943,8.675214e-06,2.942357e-05,1443,0.019962,6.883844e-06,0.039924,9.474394e-06,7.199115e-01,323,1,0,1,1,1
006_mustard_bottle,s2_gate_010_006_mustard_bottle_t3,complete_epi,0,0.905263,0.032205,5.741098e-06,1.037152e-05,1621,0.021470,5.857822e-06,0.042940,5.483588e-06,5.360711e-01,458,1,0,1,1,1
006_mustard_bottle,s2_gate_010_006_mustard_bottle_t4,complete_epi,10,0.895146,0.031214,1.095231e-05,2.977765e-05,1687,0.020810,9.438141e-06,0.041619,1.280139e-05,6.558337e-01,309,1,0,1,1,1
006_mustard_bottle,s2_gate_010_006_mustard_bottle_t5,complete_epi,106,0.798680,0.032011,3.074253e-05,1.267068e-04,1862,0.021341,1.791605e-05,0.042681,3.812905e-05,1.404812e+00,986,1,0,1,1,1
006_mustard_bottle,s2_gate_010_006_mustard_bottle_t6,complete_epi,39,0.890809,0.031747,3.413895e-06,6.372544e-06,1863,0.021165,3.454500e-06,0.042330,3.050471e-06,4.636347e-01,397,1,0,1,1,1
006_mustard_bottle,s2_gate_010_006_mustard_bottle_t7,complete_epi,191,0.835028,0.032385,5.194390e-06,1.078631e-05,1553,0.021590,6.340419e-06,0.043180,4.005703e-06,4.930017e-01,441,1,0,1,1,1
006_mustard_bottle,s2_gate_010_006_mustard_bottle_t8,complete_epi,1,0.877957,0.032800,9.423621e-06,2.781211e-05,1944,0.021867,7.998756e-06,0.043733,9.432847e-06,1.815626e-01,342,1,0,1,1,0
006_mustard_bottle,s2_gate_010_006_mustard_bottle_t9,complete_epi,0,0.919423,0.031127,6.175296e-06,2.452396e-05,1902,0.020751,4.811780e-06,0.041503,1.078537e-05,5.409144e-01,778,1,0,1,1,1
006_mustard_bottle,s2_gate_010_006_mustard_bottle_t10,complete_epi,84,0.865856,0.032784,2.135772e-05,8.856539e-05,1829,0.021856,1.726364e-05,0.043712,2.901114e-05,7.615603e-01,470,1,0,1,1,1
006_mustard_bottle,s2_gate_010_006_mustard_bottle_t11,complete_epi,0,0.900197,0.033427,1.028114e-05,2.835231e-05,2105,0.022284,1.089487e-05,0.044569,1.055180e-05,7.384831e-01,427,1,0,1,1,0
006_mustard_bottle,s2_gate_010_006_mustard_bottle_t12,complete_epi,4,0.940334,0.029824,2.063761e-06,7.249415e-06,1794,0.019883,1.739012e-06,0.039766,2.354130e-06,9.528727e-02,408,1,0,1,1,1
006_mustard_bottle,s2_gate_010_006_mustard_bottle_t13,complete_epi,0,0.929480,0.032371,6.681888e-06,1.293644e-05,1637,0.021581,7.087869e-06,0.043161,6.265428e-06,7.051215e-01,475,1,0,1,1,1
006_mustard_bottle,s2_gate_010_006_mustard_bottle_t14,complete_epi,88,0.845263,0.031616,1.079544e-05,2.760573e-05,1880,0.021077,9.201472e-06,0.042154,1.221976e-05,5.934919e-01,273,1,0,1,1,1
006_mustard_bottle,s2_gate_010_006_mustard_bottle_t15,complete_epi,0,0.954187,0.029777,6.505022e-06,2.363924e-05,1836,0.019851,5.151748e-06,0.039703,7.909206e-06,1.117879e-01,356,1,0,1,1,1
006_mustard_bottle,s2_gate_010_006_mustard_bottle_t16,complete_epi,2,0.925985,0.029986,2.358054e-06,7.139720e-06,1884,0.019991,1.600395e-06,0.039982,2.747348e-06,7.482585e-02,326,1,0,1,1,1
006_mustard_bottle,s2_gate_010_006_mustard_bottle_t17,complete_epi,46,0.850905,0.033230,1.236970e-05,3.955250e-05,2173,0.022153,1.180720e-05,0.044307,1.304317e-05,4.280148e-01,288,1,0,1,1,1
006_mustard_bottle,s2_gate_010_006_mustard_bottle_t18,complete_epi,0,0.856238,0.032063,4.483652e-06,1.088769e-05,1336,0.021375,5.913290e-06,0.042750,4.499549e-06,1.020625e-01,217,1,0,1,1,1
006_mustard_bottle,s2_gate_010_006_mustard_bottle_t19,complete_epi,1327,0.176989,0.040390,1.127518e-05,4.511514e-05,2532,0.026927,1.519578e-05,0.053854,7.338459e-06,2.305586e-01,207,1,0,1,1,1
011_banana,s2_gate_010_011_banana_t0,complete_epi,1565,0.587083,0.032968,1.912541e-04,1.268762e-03,1823,0.021979,2.275686e-03,0.043957,1.639208e-04,6.374724e-01,264,1,0,1,1,0
011_banana,s2_gate_010_011_banana_t1,complete_epi,1574,0.614698,0.032016,5.466119e-05,2.111847e-04,1340,0.021344,1.085145e-04,0.042688,2.483812e-05,2.081632e-01,224,1,0,1,1,0
011_banana,s2_gate_010_011_banana_t2,complete_epi,1052,0.768982,0.032199,4.087678e-05,1.951884e-04,3226,0.021466,4.939905e-05,0.042931,3.971392e-05,1.593016e+00,873,1,0,1,1,1
011_banana,s2_gate_010_011_banana_t3,complete_epi,1389,0.652345,0.032856,8.284062e-05,4.794838e-04,3909,0.021904,6.844986e-05,0.043809,1.067469e-04,6.226530e-01,599,1,0,1,1,0
011_banana,s2_gate_010_011_banana_t4,complete_epi,1689,0.460183,0.031801,1.740521e-04,6.588536e-04,1734,0.021201,3.505040e-04,0.042401,5.430134e-05,1.105660e+00,600,1,0,1,1,1
011_banana,s2_gate_010_011_banana_t5,complete_epi,1798,0.296551,0.031654,2.826153e-04,2.056145e-03,1687,0.021102,2.858757e-04,0.042205,2.175133e-04,1.412018e+00,575,1,0,1,1,1
011_banana,s2_gate_010_011_banana_t6,complete_epi,512,0.866135,0.032397,1.533311e-05,6.161944e-05,4661,0.021598,3.110009e-05,0.043196,1.083416e-05,1.277399e+00,1059,1,0,1,1,1
011_banana,s2_gate_010_011_banana_t7,complete_epi,1656,0.504038,0.031645,6.689997e-06,2.353300e-05,2201,0.021097,6.749628e-06,0.042193,7.558060e-06,2.445160e-01,335,1,0,1,1,1
011_banana,s2_gate_010_011_banana_t8,complete_epi,1408,0.692475,0.031586,8.799481e-05,4.149912e-04,1238,0.021057,2.575092e-04,0.042115,5.000790e-05,4.747294e-01,363,1,0,1,1,0
011_banana,s2_gate_010_011_banana_t9,complete_epi,1144,0.772529,0.031879,6.923514e-05,1.171034e-04,2244,0.021253,6.600200e-05,0.042506,5.252307e-05,9.161546e-01,657,1,0,1,1,0
011_banana,s2_gate_010_011_banana_t10,complete_epi,1912,0.135197,0.030930,3.405789e-04,1.556598e-03,1668,0.020620,3.323724e-04,0.041240,2.815847e-04,1.062825e+00,655,1,0,1,1,1
011_banana,s2_gate_010_011_banana_t11,complete_epi,1882,0.145733,0.031362,4.495091e-04,1.338934e-03,1149,0.020908,5.416828e-04,0.041817,2.412316e-04,9.948459e-01,456,1,0,1,1,0
011_banana,s2_gate_010_011_banana_t12,complete_epi,1357,0.710518,0.032517,8.273984e-06,2.856634e-05,3170,0.021678,9.856070e-06,0.043356,1.251895e-05,6.988528e-01,675,1,0,1,1,0
011_banana,s2_gate_010_011_banana_t13,complete_epi,958,0.832714,0.032252,6.167400e-05,3.361671e-04,2886,0.021501,6.103921e-05,0.043002,7.890486e-05,1.037118e+00,809,1,0,1,1,1
011_banana,s2_gate_010_011_banana_t14,complete_epi,1409,0.700417,0.031721,9.657344e-05,4.516299e-04,1336,0.021147,2.163457e-04,0.042295,4.360547e-05,8.310465e-01,503,1,0,1,1,0
011_banana,s2_gate_010_011_banana_t15,complete_epi,937,0.813301,0.032571,2.923130e-05,1.276877e-04,2211,0.021714,3.513621e-05,0.043427,2.883903e-05,5.529755e-01,489,1,0,1,1,1
011_banana,s2_gate_010_011_banana_t16,complete_epi,1783,0.312804,0.033744,1.367666e-04,7.514957e-04,2081,0.022496,2.197506e-04,0.044992,5.998060e-05,1.568010e+00,1091,1,0,1,1,0
011_banana,s2_gate_010_011_banana_t17,complete_epi,1922,0.152643,0.030475,1.980226e-04,8.735965e-04,1113,0.020317,3.011707e-04,0.040633,1.558380e-04,9.444688e-01,306,1,0,1,1,0
011_banana,s2_gate_010_011_banana_t18,complete_epi,511,0.907362,0.031434,1.385473e-04,4.800746e-04,2124,0.020956,2.172357e-04,0.041912,1.103250e-04,1.137412e+00,738,1,0,1,1,1
011_banana,s2_gate_010_011_banana_t19,complete_epi,1637,0.474272,0.032508,3.061629e-05,1.149854e-04,1471,0.021672,4.908051e-05,0.043344,2.341624e-05,3.448110e-01,223,1,0,1,1,0
025_mug,s2_gate_020_025_mug_t0,complete_epi,22,0.937308,0.020731,1.070098e-05,2.800582e-05,481,0.013821,1.358366e-05,0.027641,1.059368e-05,3.171637e-01,185,1,0,1,1,1
025_mug,s2_gate_020_025_mug_t1,complete_epi,36,0.934478,0.020114,2.323268e-05,6.173921e-05,497,0.013409,4.338260e-05,0.026818,1.991714e-05,4.454517e-01,131,1,0,1,1,0
025_mug,s2_gate_020_025_mug_t2,complete_epi,181,0.783053,0.023422,2.717446e-06,1.247101e-05,331,0.015615,2.035171e-06,0.031230,2.518966e-06,0.000000e+00,75,1,0,1,1,1
025_mug,s2_gate_020_025_mug_t3,complete_epi,27,0.905144,0.021275,1.200474e-04,3.841598e-04,334,0.014183,3.046278e-04,0.028366,6.151335e-05,3.086713e-01,128,1,0,1,1,1
025_mug,s2_gate_020_025_mug_t4,complete_epi,50,0.920469,0.021023,1.496296e-05,3.602642e-05,457,0.014015,1.334093e-05,0.028030,1.741306e-05,4.988794e-01,146,1,0,1,1,1
025_mug,s2_gate_020_025_mug_t5,complete_epi,69,0.923811,0.020350,1.264689e-05,5.243102e-05,374,0.013567,9.045604e-06,0.027133,1.186637e-05,1.456298e-01,106,1,0,1,1,1
025_mug,s2_gate_020_025_mug_t6,complete_epi,114,0.913990,0.024750,3.964500e-06,1.602271e-05,539,0.016500,3.365034e-06,0.033000,4.782766e-06,1.938736e-01,119,1,0,1,1,1
025_mug,s2_gate_020_025_mug_t8,complete_epi,31,0.936994,0.020794,2.295171e-05,5.568101e-05,483,0.013862,3.218043e-05,0.027725,2.209844e-05,6.574526e-01,153,1,0,1,1,1
025_mug,s2_gate_020_025_mug_t9,complete_epi,98,0.930198,0.021099,9.113200e-06,2.127060e-05,417,0.014066,8.087548e-06,0.028132,8.372851e-06,3.063096e-01,162,1,0,1,1,1
025_mug,s2_gate_020_025_mug_t10,complete_epi,35,0.905820,0.019667,1.311723e-06,2.671263e-06,1210,0.013111,1.367502e-06,0.026222,1.243762e-06,2.596392e-01,310,1,0,1,1,1
025_mug,s2_gate_020_025_mug_t11,complete_epi,13,0.946391,0.019660,1.762692e-06,4.403593e-06,711,0.013107,2.023781e-06,0.026214,1.644754e-06,9.770338e-02,94,1,0,1,1,1
025_mug,s2_gate_020_025_mug_t12,complete_epi,137,0.927712,0.024219,2.466860e-05,1.322747e-04,625,0.016146,2.203339e-05,0.032292,2.388918e-05,2.592870e-01,123,1,0,1,1,1
025_mug,s2_gate_020_025_mug_t13,complete_epi,50,0.933755,0.022045,4.503229e-06,1.270521e-05,390,0.014696,4.212666e-06,0.029393,4.557339e-06,1.445787e-01,103,1,0,1,1,1
025_mug,s2_gate_020_025_mug_t15,complete_epi,29,0.861283,0.020279,4.585135e-06,1.285402e-05,648,0.013520,5.217334e-06,0.027039,4.601579e-06,2.071708e-01,163,1,0,1,1,1
025_mug,s2_gate_020_025_mug_t16,complete_epi,1241,0.458451,0.020317,9.600290e-06,1.231218e-04,268,0.013544,1.210306e-06,0.027089,2.504551e-05,2.406477e-02,77,1,0,1,1,1
025_mug,s2_gate_020_025_mug_t17,complete_epi,182,0.895420,0.019524,1.330633e-06,2.270736e-06,635,0.013016,1.396618e-06,0.026032,1.282191e-06,2.204672e-01,250,1,0,1,1,1
025_mug,s2_gate_020_025_mug_t18,complete_epi,5,0.943870,0.020108,2.702855e-06,5.870904e-06,919,0.013406,2.465584e-06,0.026811,2.999688e-06,3.650369e-01,285,1,0,1,1,1
025_mug,s2_gate_020_025_mug_t19,complete_epi,36,0.912187,0.021980,9.774149e-06,4.227033e-05,1184,0.014653,1.250063e-05,0.029307,7.332052e-06,6.295191e-01,319,1,0,1,1,1
051_large_clamp,s2_gate_020_051_large_clamp_t0,complete_epi,3,0.956434,0.030638,1.429785e-07,1.282293e-06,930,0.020425,0.000000e+00,0.040851,1.103856e-07,0.000000e+00,215,1,0,1,1,0
051_large_clamp,s2_gate_020_051_large_clamp_t1,complete_epi,0,0.965946,0.029098,0.000000e+00,0.000000e+00,712,0.019398,0.000000e+00,0.038797,0.000000e+00,0.000000e+00,165,1,0,1,1,1
051_large_clamp,s2_gate_020_051_large_clamp_t2,complete_epi,0,0.971023,0.033764,3.583213e-06,1.381145e-05,3507,0.022510,2.804864e-06,0.045019,6.225059e-06,1.220373e-01,270,1,0,1,1,1
051_large_clamp,s2_gate_020_051_large_clamp_t3,complete_epi,8,0.948466,0.031892,3.626857e-05,1.664860e-04,2269,0.021261,1.800587e-05,0.042523,3.030085e-05,1.209578e+00,704,1,0,1,1,1
051_large_clamp,s2_gate_020_051_large_clamp_t5,complete_epi,5,0.960023,0.031830,0.000000e+00,0.000000e+00,730,0.021220,0.000000e+00,0.042440,1.724418e-06,0.000000e+00,172,1,0,1,1,0
051_large_clamp,s2_gate_020_051_large_clamp_t6,complete_epi,1,0.969478,0.030893,9.573266e-06,1.426597e-05,2329,0.020595,8.871086e-06,0.041190,1.060181e-05,3.104834e-01,293,1,0,1,1,1
051_large_clamp,s2_gate_020_051_large_clamp_t7,complete_epi,760,0.762922,0.042490,1.801778e-05,4.571537e-05,2687,0.028327,1.867317e-05,0.056654,1.765269e-05,1.192439e+00,611,1,0,1,1,0
051_large_clamp,s2_gate_020_051_large_clamp_t8,complete_epi,0,0.962172,0.029467,0.000000e+00,0.000000e+00,695,0.019645,0.000000e+00,0.039289,0.000000e+00,0.000000e+00,181,1,0,1,1,0
051_large_clamp,s2_gate_020_051_large_clamp_t9,complete_epi,114,0.934976,0.027923,8.004154e-05,2.031725e-04,528,0.018615,1.698416e-04,0.037230,2.334985e-05,3.484647e-01,106,1,0,1,1,0
051_large_clamp,s2_gate_020_051_large_clamp_t10,complete_epi,102,0.936128,0.031023,0.000000e+00,0.000000e+00,604,0.020682,0.000000e+00,0.041364,0.000000e+00,0.000000e+00,141,1,0,1,1,0
051_large_clamp,s2_gate_020_051_large_clamp_t11,complete_epi,86,0.926152,0.031496,0.000000e+00,0.000000e+00,608,0.020998,0.000000e+00,0.041995,1.139775e-08,0.000000e+00,145,1,0,1,1,0
051_large_clamp,s2_gate_020_051_large_clamp_t12,complete_epi,4,0.952768,0.031009,0.000000e+00,0.000000e+00,1172,0.020672,0.000000e+00,0.041345,2.810952e-07,0.000000e+00,256,1,0,1,1,0
051_large_clamp,s2_gate_020_051_large_clamp_t13,complete_epi,14,0.949673,0.032370,1.657532e-05,7.547687e-05,2606,0.021580,1.131030e-05,0.043160,2.553335e-05,1.874760e+00,1076,1,0,1,1,1
051_large_clamp,s2_gate_020_051_large_clamp_t14,complete_epi,2,0.947019,0.036021,6.680369e-07,2.157577e-06,1443,0.024014,0.000000e+00,0.048028,1.874025e-06,0.000000e+00,214,1,0,1,1,1
051_large_clamp,s2_gate_020_051_large_clamp_t15,complete_epi,15,0.969346,0.033519,2.551530e-06,9.038961e-06,2332,0.022346,1.566092e-06,0.044691,5.313220e-06,1.806071e-01,330,1,0,1,1,0
051_large_clamp,s2_gate_020_051_large_clamp_t16,complete_epi,0,0.974673,0.031123,4.169296e-06,1.592835e-05,2122,0.020748,9.968243e-07,0.041497,1.123906e-05,3.041287e-01,425,1,0,1,1,0
051_large_clamp,s2_gate_020_051_large_clamp_t17,complete_epi,116,0.934416,0.030382,6.899916e-07,1.231969e-06,1385,0.020255,0.000000e+00,0.040509,9.846896e-07,0.000000e+00,156,1,0,1,1,0
051_large_clamp,s2_gate_020_051_large_clamp_t18,complete_epi,18,0.970209,0.032142,9.568843e-05,6.322794e-04,930,0.021428,4.325616e-04,0.042856,2.206921e-05,3.397873e-01,231,1,0,1,1,1
051_large_clamp,s2_gate_020_051_large_clamp_t19,complete_epi,26,0.966696,0.030229,2.828242e-06,7.721706e-06,1825,0.020153,3.638544e-06,0.040306,3.038715e-06,4.861778e-01,408,1,0,1,1,1
022_windex_bottle,s2_gate_030_022_windex_bottle_t0,complete_epi,1389,0.368863,0.038365,5.869151e-05,2.097116e-04,2968,0.025577,1.051730e-04,0.051154,5.630453e-05,1.900015e+00,973,1,0,1,1,0
022_windex_bottle,s2_gate_030_022_windex_bottle_t1,complete_epi,38,0.937803,0.045901,7.077197e-06,7.603191e-06,5889,0.030600,3.512549e-06,0.061201,1.360178e-05,1.463158e+00,881,1,0,1,1,0
022_windex_bottle,s2_gate_030_022_windex_bottle_t2,complete_epi,3,0.924703,0.032160,3.726306e-05,2.534385e-04,1175,0.021440,1.953715e-05,0.042880,7.685664e-05,1.009329e-01,188,1,0,1,1,0
022_windex_bottle,s2_gate_030_022_windex_bottle_t3,complete_epi,2,0.952267,0.040599,1.861930e-05,1.476138e-04,2059,0.027066,2.193511e-05,0.054132,3.776504e-05,2.774236e-01,128,1,0,1,1,0
022_windex_bottle,s2_gate_030_022_windex_bottle_t4,complete_epi,123,0.897074,0.041767,3.863813e-06,8.778318e-06,4433,0.027845,2.931545e-06,0.055690,6.893876e-06,8.165244e-01,608,1,0,1,1,0
022_windex_bottle,s2_gate_030_022_windex_bottle_t5,complete_epi,577,0.789015,0.039739,5.552392e-05,2.979006e-04,1623,0.026493,4.015980e-05,0.052985,1.222996e-04,2.046457e-01,43,1,0,1,1,0
022_windex_bottle,s2_gate_030_022_windex_bottle_t6,complete_epi,59,0.923381,0.029307,2.733453e-05,4.381536e-05,1353,0.019538,5.082664e-05,0.039077,3.562649e-05,3.005653e-01,337,1,0,1,1,0
022_windex_bottle,s2_gate_030_022_windex_bottle_t7,complete_epi,0,0.958264,0.042067,2.501831e-05,1.244281e-04,1493,0.028044,1.877277e-05,0.056089,5.045751e-05,6.653266e-03,76,1,0,1,1,0
022_windex_bottle,s2_gate_030_022_windex_bottle_t8,complete_epi,10,0.956143,0.045713,1.318913e-05,5.645350e-05,5776,0.030476,1.055366e-05,0.060951,2.359774e-05,5.814140e-01,192,1,0,1,1,0
022_windex_bottle,s2_gate_030_022_windex_bottle_t9,complete_epi,1382,0.410183,0.038619,4.000940e-05,1.424861e-04,2036,0.025746,5.206083e-05,0.051492,5.200487e-05,1.473813e+00,649,1,0,1,1,0
022_windex_bottle,s2_gate_030_022_windex_bottle_t10,complete_epi,1,0.939601,0.045077,4.597008e-05,2.359074e-04,1048,0.030051,2.320978e-05,0.060103,1.092663e-04,1.899886e-01,190,1,0,1,1,0
022_windex_bottle,s2_gate_030_022_windex_bottle_t11,complete_epi,4,0.946085,0.042215,1.374140e-05,1.247655e-04,1010,0.028143,8.674154e-06,0.056287,5.178756e-05,1.508973e-01,204,1,0,1,1,0
022_windex_bottle,s2_gate_030_022_windex_bottle_t12,complete_epi,125,0.889196,0.040905,8.239385e-06,2.027932e-05,5001,0.027270,4.068482e-06,0.054541,1.186801e-05,4.619177e-01,405,1,0,1,1,0
022_windex_bottle,s2_gate_030_022_windex_bottle_t13,complete_epi,0,0.942657,0.040939,2.301796e-05,7.577527e-05,2392,0.027292,2.197516e-05,0.054585,3.863713e-05,2.841732e-01,41,1,0,1,1,0
022_windex_bottle,s2_gate_030_022_windex_bottle_t14,complete_epi,196,0.880033,0.041935,4.836538e-06,1.263962e-05,4309,0.027957,3.271192e-06,0.055914,5.443110e-06,4.876187e-01,318,1,0,1,1,0
022_windex_bottle,s2_gate_030_022_windex_bottle_t15,complete_epi,3,0.921770,0.032187,1.452868e-04,5.722272e-04,933,0.021458,9.446304e-05,0.042916,1.769464e-04,1.270585e+00,477,1,0,1,1,0
022_windex_bottle,s2_gate_030_022_windex_bottle_t16,complete_epi,15,0.935697,0.039756,1.757019e-04,9.690025e-04,1054,0.026504,9.729413e-05,0.053009,2.309305e-04,1.146749e+00,303,1,0,1,1,0
022_windex_bottle,s2_gate_030_022_windex_bottle_t17,complete_epi,0,0.954236,0.042004,1.377136e-05,2.728363e-05,909,0.028002,0.000000e+00,0.056005,3.612697e-05,0.000000e+00,152,1,0,1,1,0
022_windex_bottle,s2_gate_030_022_windex_bottle_t18,complete_epi,1,0.925130,0.039318,6.360413e-05,4.039147e-04,2428,0.026212,4.551622e-05,0.052424,4.596069e-05,1.511437e+00,944,1,0,1,1,1
022_windex_bottle,s2_gate_030_022_windex_bottle_t19,complete_epi,2,0.945992,0.043666,1.219534e-05,8.231312e-05,1590,0.029110,6.653180e-06,0.058221,3.134615e-05,4.186157e-01,299,1,0,1,1,0
006_mustard_bottle,s2_gate_050_006_mustard_bottle_t0,complete_epi,0,0.916936,0.032013,5.845544e-06,2.511528e-05,2170,0.021342,5.315888e-06,0.042684,1.745833e-05,6.262830e-01,703,1,0,1,1,1
006_mustard_bottle,s2_gate_050_006_mustard_bottle_t1,complete_epi,19,0.860234,0.031490,8.942342e-06,2.634654e-05,1619,0.020993,7.683214e-06,0.041987,1.043056e-05,6.240060e-01,294,1,0,1,1,1
006_mustard_bottle,s2_gate_050_006_mustard_bottle_t2,complete_epi,131,0.890394,0.029648,2.342581e-06,1.242158e-05,2962,0.019765,3.655783e-06,0.039531,3.600603e-06,2.322532e-02,316,1,0,1,1,1
006_mustard_bottle,s2_gate_050_006_mustard_bottle_t3,complete_epi,3,0.887746,0.032319,9.939771e-06,1.863975e-05,1743,0.021546,1.083228e-05,0.043092,9.178694e-06,7.013382e-01,472,1,0,1,1,1
006_mustard_bottle,s2_gate_050_006_mustard_bottle_t4,complete_epi,9,0.878250,0.031262,6.986764e-06,2.816500e-05,1371,0.020841,7.856431e-06,0.041683,8.282664e-06,3.849917e-01,256,1,0,1,1,1
006_mustard_bottle,s2_gate_050_006_mustard_bottle_t5,complete_epi,135,0.921738,0.019672,2.710440e-04,6.484810e-04,1031,0.013115,3.129872e-04,0.026229,2.305963e-04,1.418255e+00,572,1,0,1,1,0
006_mustard_bottle,s2_gate_050_006_mustard_bottle_t6,complete_epi,20,0.860313,0.031978,3.826286e-06,6.567333e-06,1828,0.021319,3.865364e-06,0.042637,3.473875e-06,7.996896e-01,576,1,0,1,1,0
006_mustard_bottle,s2_gate_050_006_mustard_bottle_t7,complete_epi,1188,0.289568,0.042371,1.820748e-05,2.666256e-05,3285,0.028247,1.050560e-05,0.056495,2.027522e-05,4.896800e-01,337,1,0,1,1,1
006_mustard_bottle,s2_gate_050_006_mustard_bottle_t8,complete_epi,125,0.859684,0.032347,7.762641e-06,2.917294e-05,1990,0.021565,6.261386e-06,0.043129,7.976148e-06,1.444115e-01,234,1,0,1,1,1
006_mustard_bottle,s2_gate_050_006_mustard_bottle_t9,complete_epi,0,0.920466,0.030975,6.510004e-06,2.755233e-05,1888,0.020650,5.213335e-06,0.041300,1.170911e-05,7.012333e-01,805,1,0,1,1,1
006_mustard_bottle,s2_gate_050_006_mustard_bottle_t10,complete_epi,10,0.974128,0.016659,3.825291e-04,8.194268e-04,1106,0.011106,3.553052e-04,0.022212,3.618422e-04,4.231367e+00,739,1,0,1,1,0
006_mustard_bottle,s2_gate_050_006_mustard_bottle_t11,complete_epi,0,0.899022,0.032947,1.068077e-05,2.822255e-05,2074,0.021965,1.208732e-05,0.043929,1.038107e-05,7.041097e-01,500,1,0,1,1,1
006_mustard_bottle,s2_gate_050_006_mustard_bottle_t13,complete_epi,4,0.877185,0.032824,5.858422e-06,1.431525e-05,1832,0.021883,5.644621e-06,0.043766,5.596506e-06,6.122750e-01,456,1,0,1,1,1
006_mustard_bottle,s2_gate_050_006_mustard_bottle_t14,complete_epi,4,0.891937,0.031552,8.120670e-06,2.168105e-05,1956,0.021035,7.357211e-06,0.042069,8.988365e-06,6.651323e-01,316,1,0,1,1,1
006_mustard_bottle,s2_gate_050_006_mustard_bottle_t15,complete_epi,14,0.901228,0.030554,5.705572e-06,2.199843e-05,1413,0.020369,7.556770e-06,0.040739,5.141745e-06,1.322796e-01,384,1,0,1,1,1
006_mustard_bottle,s2_gate_050_006_mustard_bottle_t16,complete_epi,59,0.888370,0.029998,4.236018e-06,1.758453e-05,1792,0.019999,3.089828e-06,0.039997,5.297238e-06,3.145035e-01,414,1,0,1,1,1
006_mustard_bottle,s2_gate_050_006_mustard_bottle_t18,complete_epi,67,0.797055,0.032271,7.911764e-06,1.710136e-05,1734,0.021514,8.238822e-06,0.043027,7.730026e-06,5.281468e-01,350,1,0,1,1,1
006_mustard_bottle,s2_gate_050_006_mustard_bottle_t19,complete_epi,157,0.884099,0.030944,4.197031e-06,8.316468e-06,1670,0.020629,4.267207e-06,0.041258,3.902671e-06,5.734561e-01,409,1,0,1,1,1
011_banana,s2_gate_050_011_banana_t0,complete_epi,1600,0.570286,0.032968,2.238859e-04,1.597145e-03,2035,0.021979,6.452785e-04,0.043957,1.732586e-04,8.246572e-01,519,1,0,1,1,1
011_banana,s2_gate_050_011_banana_t1,complete_epi,1533,0.608115,0.032005,2.329003e-05,1.170400e-04,2124,0.021336,5.676345e-05,0.042673,2.248798e-05,5.189156e-01,593,1,0,1,1,1
011_banana,s2_gate_050_011_banana_t2,complete_epi,988,0.788952,0.032203,4.258223e-05,2.036615e-04,3270,0.021469,5.199329e-05,0.042937,4.032024e-05,1.310424e+00,727,1,0,1,1,1
011_banana,s2_gate_050_011_banana_t3,complete_epi,1194,0.753441,0.032842,4.869232e-05,4.631065e-05,2674,0.021895,4.599523e-05,0.043790,6.617483e-05,3.521149e-01,302,1,0,1,1,0
011_banana,s2_gate_050_011_banana_t4,complete_epi,1463,0.653937,0.031611,2.085977e-05,5.742183e-05,1832,0.021074,4.330573e-05,0.042149,1.838322e-05,2.643309e-01,286,1,0,1,1,0
011_banana,s2_gate_050_011_banana_t5,complete_epi,1820,0.272258,0.031652,2.662510e-04,2.073146e-03,1388,0.021101,2.306572e-03,0.042202,2.321708e-04,4.691701e-01,135,1,0,1,1,0
011_banana,s2_gate_050_011_banana_t6,complete_epi,697,0.834216,0.032351,6.315260e-06,2.647698e-05,4322,0.021567,4.329584e-06,0.043134,8.025993e-06,4.312583e-01,582,1,0,1,1,1
011_banana,s2_gate_050_011_banana_t7,complete_epi,1668,0.503142,0.032054,9.195807e-06,4.513168e-05,2480,0.021369,8.047350e-06,0.042739,1.192448e-05,4.296431e-01,414,1,0,1,1,1
011_banana,s2_gate_050_011_banana_t8,complete_epi,1771,0.276699,0.034017,1.124099e-05,3.320933e-05,1735,0.022678,8.236077e-06,0.045356,1.328688e-05,1.478979e-01,130,1,0,1,1,0
011_banana,s2_gate_050_011_banana_t9,complete_epi,997,0.828184,0.031879,1.072641e-04,4.172170e-04,2225,0.021253,2.385052e-04,0.042506,6.862878e-05,1.451148e+00,1028,1,0,1,1,1
011_banana,s2_gate_050_011_banana_t10,complete_epi,0,0.982567,0.030928,9.229496e-06,1.831262e-05,2834,0.020619,1.735242e-06,0.041237,2.375300e-05,3.303261e-01,459,0,0,1,1,
011_banana,s2_gate_050_011_banana_t11,complete_epi,1831,0.232845,0.031369,1.147262e-04,8.864055e-04,2325,0.020912,2.949045e-04,0.041825,1.111187e-04,1.254821e+00,738,1,0,1,1,0
011_banana,s2_gate_050_011_banana_t12,complete_epi,651,0.872831,0.031789,1.273183e-05,3.538500e-05,2722,0.021193,3.636238e-05,0.042385,9.487617e-06,5.564117e-01,567,1,0,1,1,0
011_banana,s2_gate_050_011_banana_t13,complete_epi,944,0.841158,0.032325,6.176172e-05,3.363854e-04,2895,0.021550,6.076528e-05,0.043099,7.889654e-05,9.943629e-01,813,1,0,1,1,0
011_banana,s2_gate_050_011_banana_t14,complete_epi,1245,0.780037,0.031833,2.447718e-05,1.194163e-04,2077,0.021222,4.453569e-05,0.042444,2.211945e-05,7.750632e-01,629,1,0,1,1,0
011_banana,s2_gate_050_011_banana_t15,complete_epi,927,0.829626,0.032572,2.835701e-05,1.048702e-04,2201,0.021715,3.416057e-05,0.043430,2.834006e-05,4.635373e-01,468,1,0,1,1,1
011_banana,s2_gate_050_011_banana_t16,complete_epi,1781,0.335326,0.033708,3.244506e-05,1.497504e-04,3541,0.022472,3.753762e-05,0.044944,3.381670e-05,8.570614e-01,736,1,0,1,1,1
011_banana,s2_gate_050_011_banana_t17,complete_epi,1848,0.198107,0.030284,2.037285e-04,1.029568e-03,1604,0.020190,3.228514e-04,0.040379,1.399645e-04,1.881583e+00,622,1,0,1,1,1
011_banana,s2_gate_050_011_banana_t18,complete_epi,527,0.895100,0.031483,4.777003e-05,8.084482e-05,2463,0.020989,2.893387e-05,0.041978,5.878634e-05,8.385313e-01,664,1,0,1,1,1
011_banana,s2_gate_050_011_banana_t19,complete_epi,1625,0.459928,0.032501,2.436433e-05,1.088085e-04,2397,0.021667,2.817228e-05,0.043335,2.060277e-05,3.633950e-01,380,1,0,1,1,1
025_mug,s2_gate_070_025_mug_t0,complete_epi,35,0.930878,0.020731,1.079510e-06,1.915022e-06,669,0.013821,1.038226e-06,0.027641,1.105500e-06,1.629875e-01,197,1,0,1,1,1
025_mug,s2_gate_070_025_mug_t1,complete_epi,58,0.927270,0.019824,1.469984e-06,2.301026e-06,957,0.013216,1.398631e-06,0.026431,1.440952e-06,5.051403e-01,490,1,0,1,1,1
025_mug,s2_gate_070_025_mug_t3,complete_epi,0,0.960058,0.022068,3.242272e-06,8.944483e-06,966,0.014712,2.814221e-06,0.029424,5.288227e-06,2.597166e-01,162,1,0,1,1,1
025_mug,s2_gate_070_025_mug_t4,complete_epi,156,0.904747,0.020280,1.215356e-06,2.376455e-06,700,0.013520,9.804315e-07,0.027040,1.185533e-06,8.429377e-02,169,1,0,1,1,1
025_mug,s2_gate_070_025_mug_t5,complete_epi,96,0.927094,0.020333,1.017736e-06,1.782436e-06,607,0.013556,1.118731e-06,0.027111,1.171947e-06,1.972597e-01,241,1,0,1,1,1
025_mug,s2_gate_070_025_mug_t6,complete_epi,131,0.908256,0.023773,1.274561e-06,2.226901e-06,1544,0.015848,1.339149e-06,0.031697,1.310121e-06,2.175389e-01,262,1,0,1,1,1
025_mug,s2_gate_070_025_mug_t7,complete_epi,85,0.923960,0.020632,1.103386e-07,1.574509e-06,274,0.013754,0.000000e+00,0.027509,2.855728e-07,0.000000e+00,78,1,0,1,1,1
025_mug,s2_gate_070_025_mug_t8,complete_epi,21,0.937073,0.020413,1.304085e-06,2.121157e-06,999,0.013609,1.400295e-06,0.027217,1.325711e-06,2.007825e-01,243,1,0,1,1,1
025_mug,s2_gate_070_025_mug_t10,complete_epi,180,0.895593,0.019538,1.378740e-06,2.439496e-06,1323,0.013025,1.391795e-06,0.026050,1.326462e-06,1.637577e-01,221,1,0,1,1,1
025_mug,s2_gate_070_025_mug_t11,complete_epi,22,0.944383,0.019621,1.460826e-06,3.443655e-06,716,0.013081,1.320867e-06,0.026161,1.413380e-06,1.903441e-03,58,1,0,1,1,0
025_mug,s2_gate_070_025_mug_t12,complete_epi,187,0.904791,0.024079,1.206188e-05,3.967296e-05,764,0.016053,6.599997e-06,0.032106,1.372558e-05,3.762550e-01,204,1,0,1,1,1
025_mug,s2_gate_070_025_mug_t13,complete_epi,3,0.955802,0.022281,8.822156e-06,5.902319e-05,491,0.014854,1.257697e-05,0.029708,7.426290e-06,2.419901e-01,131,1,0,1,1,0
025_mug,s2_gate_070_025_mug_t14,complete_epi,33,0.935144,0.019727,8.144396e-06,2.447195e-05,525,0.013151,7.520049e-06,0.026302,1.014072e-05,4.119557e-01,178,1,0,1,1,1
025_mug,s2_gate_070_025_mug_t16,complete_epi,973,0.453272,0.020760,5.783552e-06,2.820334e-05,584,0.013840,8.309323e-06,0.027680,4.966621e-06,9.773102e-02,74,1,0,1,1,0
025_mug,s2_gate_070_025_mug_t17,complete_epi,167,0.886857,0.019552,1.121273e-06,2.012040e-06,449,0.013035,1.134122e-06,0.026069,1.145527e-06,2.357857e-01,272,1,0,1,1,1
025_mug,s2_gate_070_025_mug_t18,complete_epi,192,0.833986,0.020057,1.027439e-06,1.949867e-06,359,0.013372,9.813572e-07,0.026743,1.048290e-06,1.764494e-01,230,1,0,1,1,1
025_mug,s2_gate_070_025_mug_t19,complete_epi,105,0.908852,0.021935,1.513877e-07,1.628037e-06,299,0.014623,0.000000e+00,0.029247,7.207310e-07,0.000000e+00,84,1,0,1,1,0
051_large_clamp,s2_gate_070_051_large_clamp_t0,complete_epi,2,0.956174,0.030638,1.465905e-07,1.283101e-06,1018,0.020425,0.000000e+00,0.040851,1.035734e-07,0.000000e+00,210,1,0,1,1,1
051_large_clamp,s2_gate_070_051_large_clamp_t1,complete_epi,0,0.970630,0.029077,0.000000e+00,0.000000e+00,656,0.019385,0.000000e+00,0.038770,1.712512e-07,0.000000e+00,163,1,0,1,1,1
051_large_clamp,s2_gate_070_051_large_clamp_t2,complete_epi,5,0.968029,0.033758,1.550935e-06,9.889991e-06,1001,0.022506,3.453208e-06,0.045011,2.015393e-06,4.999857e-02,209,1,0,1,1,1
051_large_clamp,s2_gate_070_051_large_clamp_t3,complete_epi,27,0.944555,0.031889,6.033542e-06,1.729379e-05,1206,0.021260,3.369375e-06,0.042519,1.135451e-05,0.000000e+00,148,1,0,1,1,1
051_large_clamp,s2_gate_070_051_large_clamp_t4,complete_epi,1,0.958393,0.029350,6.306740e-07,4.016327e-06,917,0.019567,0.000000e+00,0.039133,6.447346e-07,0.000000e+00,176,1,0,1,1,1
051_large_clamp,s2_gate_070_051_large_clamp_t5,complete_epi,354,0.894774,0.022613,5.006136e-05,3.222741e-04,9041,0.015076,4.448248e-05,0.030151,4.944988e-05,7.544397e+00,4602,1,0,1,1,0
051_large_clamp,s2_gate_070_051_large_clamp_t6,complete_epi,45,0.951283,0.030886,4.544141e-06,1.217209e-05,2474,0.020591,7.095393e-06,0.041182,5.900536e-06,7.894680e-01,632,1,0,1,1,1
051_large_clamp,s2_gate_070_051_large_clamp_t7,complete_epi,973,0.671841,0.043009,1.309537e-05,5.033490e-05,3540,0.028673,7.539042e-06,0.057345,1.882265e-05,1.484484e+00,711,1,0,1,1,0
051_large_clamp,s2_gate_070_051_large_clamp_t8,complete_epi,0,0.963640,0.029365,0.000000e+00,0.000000e+00,690,0.019576,0.000000e+00,0.039153,2.157872e-07,0.000000e+00,176,1,0,1,1,1
051_large_clamp,s2_gate_070_051_large_clamp_t9,complete_epi,1,0.954583,0.030286,1.740820e-07,1.170033e-06,1110,0.020191,0.000000e+00,0.040382,3.146526e-07,0.000000e+00,232,1,0,1,1,0
051_large_clamp,s2_gate_070_051_large_clamp_t10,complete_epi,216,0.914855,0.031272,0.000000e+00,0.000000e+00,625,0.020848,0.000000e+00,0.041696,5.868049e-07,0.000000e+00,177,1,0,1,1,0
051_large_clamp,s2_gate_070_051_large_clamp_t11,complete_epi,42,0.930670,0.031542,0.000000e+00,0.000000e+00,595,0.021028,0.000000e+00,0.042056,8.684781e-08,0.000000e+00,147,1,0,1,1,1
051_large_clamp,s2_gate_070_051_large_clamp_t12,complete_epi,93,0.955148,0.033497,9.671400e-07,2.007634e-06,3098,0.022331,6.166856e-07,0.044662,1.416763e-06,0.000000e+00,385,1,0,1,1,1
051_large_clamp,s2_gate_070_051_large_clamp_t13,complete_epi,29,0.948147,0.032356,8.186876e-06,2.542192e-05,1374,0.021570,4.023751e-06,0.043141,9.759081e-06,0.000000e+00,147,1,0,1,1,1
051_large_clamp,s2_gate_070_051_large_clamp_t14,complete_epi,0,0.965187,0.029126,3.860511e-07,2.746635e-06,860,0.019417,0.000000e+00,0.038834,5.024732e-07,0.000000e+00,186,1,0,1,1,0
051_large_clamp,s2_gate_070_051_large_clamp_t15,complete_epi,47,0.961680,0.033244,5.092387e-07,4.520979e-06,1097,0.022163,8.732661e-07,0.044325,8.894859e-07,0.000000e+00,213,1,0,1,1,1
051_large_clamp,s2_gate_070_051_large_clamp_t16,complete_epi,45,0.950281,0.031109,5.411998e-07,1.635024e-06,1475,0.020739,7.315578e-09,0.041478,6.918870e-07,0.000000e+00,227,1,0,1,1,1
051_large_clamp,s2_gate_070_051_large_clamp_t17,complete_epi,150,0.929472,0.030620,0.000000e+00,0.000000e+00,726,0.020413,0.000000e+00,0.040827,6.119060e-07,0.000000e+00,159,1,0,1,1,1
051_large_clamp,s2_gate_070_051_large_clamp_t18,complete_epi,117,0.950226,0.032310,7.066939e-06,5.564951e-05,1268,0.021540,5.857112e-06,0.043079,6.951515e-06,1.013691e-01,203,1,0,1,1,1
051_large_clamp,s2_gate_070_051_large_clamp_t19,complete_epi,105,0.954037,0.030099,2.874329e-06,9.857629e-06,1997,0.020066,3.096953e-06,0.040132,3.467110e-06,6.024354e-01,496,1,0,1,1,1
